V	1	2025-08-05	2026-09-21
E	1	Canada	Canadá	VE	NA	5	2	44.35	-78.75	-5
E	2	Abu Ail Is	Isla Abu Ail	A1	AF	21	39	12.8	45	3		1991-03-30
E	3	Afghanistan	Afganistán	YA	AS	21	40	34.7	65.8	4
E	4	Agalega & St Brandon Islands	Islas Agalega y San Brandón	3B7	AF	39	53	-10.45	56.67	4	1968-01-01
E	5	Aland Islands	Islas Åland	OH0	EU	15	18	60.13	20.37	1
E	6	Alaska	Alaska	KL7	NA	1	1	61.4	-148.87	-10
E	7	Albania	Albania	ZA	EU	15	28	41	20	1
E	8	Aldabra	Aldabra	VQ9/A	AF	39	53	-8.22	48.2	3		1976-06-28
E	9	American Samoa	Samoa Americana	KH8	OC	32	62	-14.32	-170.78	-11
E	10	Amsterdam & St Paul Islands	Islas Ámsterdam y San Pablo	FT5Z	AF	39	68	-37.85	77.53	5	1949-12-29
E	11	Andaman & Nicobar Islands	Islas Andamán y Nicobar	VU4	AS	26	49	12.37	92.78	6
E	12	Anguilla	Anguila	VP2E	NA	8	11	18.23	-63	-4
E	13	Antarctica	Antártida	CE9	AN	13	67	-90	0	0
E	14	Armenia	Armenia	EK	AS	21	29	40.4	44.9	3
E	15	Asiatic Russia	Rusia asiática	UA0	AS	17	20	55.88	84.08	6
E	16	New Zealand Subantarctic Islands	Islas Subantárticas de Nueva Zelanda	ZL9	OC	32	60	-51.62	167.62	11	1984-01-01
E	17	Aves Island	Isla de Aves	YV0	NA	8	11	15.67	-63.6	-4
E	18	Azerbaijan	Azerbaiyán	4J	AS	21	29	40.45	47.37	3
E	19	Bajo Nuevo	Bajo Nuevo	HK0	NA	8	11	15.88	-78.63	-5		1981-09-15
E	20	Baker Howland Islands	Islas Baker y Howland	KH1	OC	31	61	0	-176	-12
E	21	Balearic Islands	Islas Baleares	EA6	EU	14	37	39.6	2.95	0
E	22	Palau	Palaos	T8	OC	27	64	7.45	134.53	9	1996-01-01
E	23	Blenheim Reef	Arrecife Blenheim	1B	AF	39	41	-7	72	5	1967-05-04	1975-06-30
E	24	Bouvet Island	Isla Bouvet	3Y/B	AF	38	67	-54.42	3.38	0
E	25	British North Borneo	Borneo Septentrional Británico	ZC5	OC	28	54	5.8	118.1	8		1963-09-15
E	26	British Somaliland	Somalilandia Británica	VQ6	AF	37	48	2.1	45.4	3		1960-06-30
E	27	Belarus	Bielorrusia	EU	EU	16	29	54	28	2
E	28	Canal Zone	Zona del Canal	KZ5	NA	7	11	9	-79.5	-5		1979-09-30
E	29	Canary Islands	Islas Canarias	EA8	AF	33	36	28.32	-15.85	-1
E	30	Celebe & Molucca Islands	Islas Célebes y Molucas	PK6	OC	28	54	-3	120	8		1963-04-30
E	31	Central Kiribati	Kiribati Central	T31	OC	31	62	-2.83	-171.72	-11	1979-10-01
E	32	Ceuta & Melilla	Ceuta y Melilla	EA9	AF	33	37	35.9	-5.27	0
E	33	Chagos Islands	Islas Chagos	VQ9	AF	39	41	-7.32	72.42	5	1977-01-01
E	34	Chatham Island	Isla Chatham	ZL7	OC	32	60	-43.85	-176.48	-12	1984-01-01
E	35	Christmas Island	Isla Christmas	VK9X	OC	29	54	-10.48	105.63	7
E	36	Clipperton Island	Isla Clipperton	FO/C	NA	7	10	10.28	-109.22	-7
E	37	Cocos Island	Isla del Coco	TI9	NA	7	11	5.52	-87.05	-6
E	38	Cocos (Keeling) Island	Islas Cocos (Keeling)	VK9C	OC	29	54	-12.15	96.82	6
E	39	Comoro Islands	Islas Comores	FH8	AF	39	53	-11.8	43.7	3		1975-07-05
E	40	Crete	Creta	SV9	EU	20	28	35.23	24.78	2	1979-02-04
E	41	Crozet Island	Islas Crozet	FT5/W	AF	39	68	-46.42	51.75	3
E	42	Damao, Diu	Damão y Diu	CR8/D	AS	22	41	20.71	70.98	5
E	43	Desecheo Island	Isla Desecheo	KP5	NA	8	11	18.08	-67.88	-5	1979-03-01
E	44	Desroches	Desroches	VQ9/D	AF	39	53	-5.67	53.65	4		1976-06-28
E	45	Dodecanese	Dodecaneso	SV5	EU	20	28	36.17	27.93	2	1978-07-13
E	46	East Malaysia	Malasia Oriental	9M6	OC	28	54	2.68	113.32	8	1963-09-16
E	47	Easter Island	Isla de Pascua	CE0Y	SA	12	63	-27.1	-109.37	-7
E	48	Eastern Kiribati	Kiribati Oriental	T32	OC	31	61	1.8	-157.35	-10	1947-01-01
E	49	Equatorial Guinea	Guinea Ecuatorial	3C	AF	36	47	1.7	10.33	1
E	50	Mexico	México	XE	NA	6	10	21.32	-100.23	-7
E	51	Eritrea	Eritrea	E3	AF	37	48	15	39	3
E	52	Estonia	Estonia	ES	EU	15	29	59	25	2
E	53	Ethiopia	Etiopía	ET	AF	37	48	9	39	3
E	54	European Russia	Rusia europea	UA	EU	16	19	53.65	41.37	3
E	55	Farquhar	Farquhar	VQ9/F	AF	39	53	-10.17	51.17	3		1976-06-28
E	56	Fernando De Noronha	Fernando de Noronha	PY0F	SA	11	13	-3.85	-32.43	-2
E	57	French Equatorial Africa	África Ecuatorial Francesa	FQ8	AF	36	47	12.1	15	1		1960-08-16
E	58	French Indo-China	Indochina Francesa	FI8	AS	26	49	11.7	104.8	7		1950-12-20
E	59	French West Africa	África Occidental Francesa	FF	AF	35	46	6.5	2.6	0		1960-08-06
E	60	Bahamas	Bahamas	C6A	NA	8	11	24.25	-76	-5
E	61	Franz Josef Land	Tierra de Francisco José	R1F	EU	40	75	80.68	49.92	3
E	62	Barbados	Barbados	8P	NA	8	11	13.18	-59.53	-4
E	63	French Guiana	Guayana Francesa	FY	SA	9	12	4	-53	-4
E	64	Bermuda	Bermudas	VP9	NA	5	11	32.32	-64.73	-4
E	65	British Virgin Islands	Islas Vírgenes Británicas	VP2V	NA	8	11	18.33	-64.75	-4
E	66	Belize	Belice	V3	NA	7	11	16.97	-88.67	-6
E	67	French India	India Francesa	FN8	AS	22	41	16.45	82.16	5		1954-10-31
E	68	Kuwait/Saudi Arabia Neut. Zone	Zona Neutral Kuwait-Arabia Saudí	8Z5	AS	21	39	29	47.4	3		1969-12-14
E	69	Cayman Islands	Islas Caimán	ZF	NA	8	11	19.32	-81.22	-5	1966-01-01
E	70	Cuba	Cuba	CO	NA	8	11	21.5	-80	-5
E	71	Galapagos Islands	Islas Galápagos	HC8	SA	10	12	-0.78	-91.03	-6
E	72	Dominican Republic	República Dominicana	HI	NA	8	11	19.13	-70.68	-5
E	74	El Salvador	El Salvador	YS	NA	7	11	14	-89	-6
E	75	Georgia	Georgia	4L	AS	21	29	42	45	3
E	76	Guatemala	Guatemala	TG	NA	7	11	15.5	-90.3	-6
E	77	Grenada	Granada	J3	NA	8	11	12.13	-61.68	-4
E	78	Haiti	Haití	HH	NA	8	11	19.02	-72.18	-5
E	79	Guadeloupe	Guadalupe	FG	NA	8	11	16.13	-61.67	-4
E	80	Honduras	Honduras	HR	NA	7	11	15	-87	-6
E	81	Germany	Alemania (anterior)	DL/D	EU	14	28	51	10	1		1973-09-16
E	82	Jamaica	Jamaica	6Y	NA	8	11	18.2	-77.47	-5	1963-04-01
E	84	Martinique	Martinica	FM	NA	8	11	14.7	-61.03	-4
E	85	Bonaire, Curacao (Neth Antilles)	Bonaire y Curazao (Antillas Neerlandesas)	PJ2/D	SA	8	11	12.1	-69	-5		2010-10-10
E	86	Nicaragua	Nicaragua	YN	NA	7	11	12.88	-85.05	-6
E	88	Panama	Panamá	HP	NA	7	11	9	-80	-5
E	89	Turks & Caicos Islands	Islas Turcas y Caicos	VP5	NA	8	11	21.77	-71.75	-5
E	90	Trinidad & Tobago	Trinidad y Tobago	9Y	SA	9	11	10.38	-61.28	-4
E	91	Aruba	Aruba	P4	SA	9	11	12.53	-69.98	-5	1986-01-01
E	93	Geyser Reef	Arrecife Geyser	1G	AF	39	53	-12.24	46.25	3	1967-05-04	1978-02-28
E	94	Antigua & Barbuda	Antigua y Barbuda	V2	NA	8	11	17.07	-61.8	-4
E	95	Dominica	Dominica	J7	NA	8	11	15.43	-61.35	-4
E	96	Montserrat	Montserrat	VP2M	NA	8	11	16.75	-62.18	-4
E	97	Saint Lucia	Santa Lucía	J6	NA	8	11	13.87	-61	-4
E	98	Saint Vincent	San Vicente	J8	NA	8	11	13.23	-61.2	-4
E	99	Glorioso Island	Isla Gloriosa	FT/G	AF	39	53	-11.55	47.28	3
E	100	Argentina	Argentina	LU	SA	13	14	-32.5	-62.13	-4
E	101	Goa	Goa	CR8/G	AS	22	41	15.31	73.56	5		1961-12-31
E	102	Gold Coast Togoland	Costa de Oro y Togoland	ZD4	AF	35	46	5.5	-0.2	0		1957-03-05
E	103	Guam	Guam	KH2	OC	27	64	13.37	144.7	10
E	104	Bolivia	Bolivia	CP	SA	10	12	-17	-65	-4
E	105	Guantanamo Bay	Bahía de Guantánamo	KG4	NA	8	11	20	-75	-5
E	106	Guernsey	Guernsey	GU	EU	14	27	49.45	-2.58	0	1977-01-01
E	107	Guinea	Guinea	3XA	AF	35	46	11	-10.68	-1	1958-10-02
E	108	Brazil	Brasil	PY	SA	11	12	-10	-53	-4
E	109	Guinea-Bissau	Guinea-Bisáu	J5	AF	35	46	12.02	-14.8	-1
E	110	Hawaii	Hawái	KH6	OC	31	61	21.12	-157.48	-10
E	111	Heard Island	Isla Heard	VK0H	AF	39	68	-53.08	73.5	5
E	112	Chile	Chile	CE	SA	12	14	-30	-71	-5
E	113	Ifni	Ifni	EA9/I	AF	33	37	35.6	-3	0	1958-01-12	1969-05-13
E	114	Isle Of Man	Isla de Man	GD	EU	14	27	54.2	-4.53	0	1947-04-01
E	115	Italian Somali	Somalia Italiana	I5	AF	38	47	2.1	45.4	3	1947-03-01	1960-06-30
E	116	Colombia	Colombia	HK	SA	9	12	5	-74	-5
E	117	Itu Hq	Sede de la UIT	4U1ITU	EU	14	28	46.17	6.05	0	1962-06-01
E	118	Jan Mayen	Jan Mayen	JX	EU	40	18	71.05	-8.28	-1
E	119	Java	Java	PK1	OC	28	54	-6.2	106.8	7		1963-04-30
E	120	Ecuador	Ecuador	HC	SA	10	12	-1.4	-78.4	-5
E	122	Jersey	Jersey	GJ	EU	14	27	49.22	-2.18	0	1946-01-01
E	123	Johnston Island	Isla Johnston	KH3	OC	31	61	16.72	-169.53	-11
E	124	Juan De Nova, Europa	Juan de Nova y Europa	FT/J	AF	39	53	-17.05	42.72	3
E	125	Juan Fernandez Islands	Islas Juan Fernández	CE0Z	SA	12	14	-33.6	-78.85	-5
E	126	Kaliningrad	Kaliningrado	UA2	EU	15	29	54.72	20.52	1
E	127	Kamaran Islands	Islas Kamarán	VS9K	AS	21	39	15.21	41.4	3		1982-03-10
E	128	Karelo-Finn Rep	República Carelo-Finesa	UN1	EU	15	18	62.5	35	2		1960-06-30
E	129	Guyana	Guyana	8R	SA	9	12	6.02	-59.45	-4
E	130	Kazakhstan	Kazajistán	UN	AS	17	29	48.17	65.18	4
E	131	Kerguelen Island	Islas Kerguelen	FT5/X	AF	39	68	-49	69.27	5
E	132	Paraguay	Paraguay	ZP	SA	11	14	-25.27	-57.67	-4
E	133	Kermadec Island	Islas Kermadec	ZL8	OC	32	60	-29.25	-177.92	-12	1984-01-01
E	134	Kingman Reef	Arrecife Kingman	KH5K	OC	31	61	6.4	-162.4	-11	1978-03-24	2016-03-28
E	135	Kyrgyzstan	Kirguistán	EX	AS	17	30	41.7	74.13	5
E	136	Peru	Perú	OA	SA	10	12	-10	-76	-5
E	137	Republic Of Korea	República de Corea	HL	AS	25	44	36.23	127.9	9
E	138	Kure Island	Isla Kure	KH7K	OC	31	61	29	-178	-12
E	139	Kuria Muria Island	Islas Kuria Muria	VS9H	AS	21	39	17.5	56	4		1967-11-29
E	140	Suriname	Surinam	PZ	SA	9	12	4	-56	-4
E	141	Falkland Islands	Islas Malvinas	VP8	SA	13	16	-51.63	-58.72	-4
E	142	Lakshadweep Islands	Islas Lakshadweep	VU7	AS	22	41	11.23	72.78	5	1971-04-10
E	143	Laos	Laos	XW	AS	26	49	18.2	104.55	7
E	144	Uruguay	Uruguay	CX	SA	13	14	-33	-56	-4
E	145	Latvia	Letonia	YL	EU	15	29	57.03	24.65	2
E	146	Lithuania	Lituania	LY	EU	15	29	55.45	23.63	2
E	147	Lord Howe Island	Isla Lord Howe	VK9L	OC	30	60	-31.55	159.08	11	1975-09-16
E	148	Venezuela	Venezuela	YV	SA	9	12	8	-66	-4
E	149	Azores	Azores	CU	EU	14	36	38.7	-27.23	-2
E	150	Australia	Australia	VK	OC	30	55	-23.7	132.33	9
E	151	Malyj Vysotskij Island	Isla Malyj Vysotskij	R1M	EU	16	29	60.4	28.4	2	1988-01-01	2012-02-16
E	152	Macao	Macao	XX9	AS	24	44	22.1	113.5	8
E	153	Macquarie Island	Isla Macquarie	VK0M	OC	30	60	-54.6	158.88	11
E	154	Yemen Arab Republic	República Árabe de Yemen	4W	AS	21	39	12.8	45	3		1990-05-21
E	155	Malaya	Malaya	VS2	AS	28	54	1.3	103.8	7		1963-09-15
E	157	Nauru	Nauru	C21	OC	31	65	-0.52	166.92	11	1969-04-01
E	158	Vanuatu	Vanuatu	YJ	OC	32	56	-17.67	168.38	11
E	159	Maldives	Maldivas	8Q	AF	22	41	4.15	73.45	5
E	160	Tonga	Tonga	A3	OC	32	62	-21.22	-175.13	-12
E	161	Malpelo Island	Isla Malpelo	HK0/M	SA	7	12	3.98	-81.58	-5
E	162	New Caledonia	Nueva Caledonia	FK	OC	32	56	-21.5	165.5	11
E	163	Papua New Guinea	Papúa Nueva Guinea	P2	OC	28	51	-9.5	147.12	10	1975-09-16
E	164	Manchuria	Manchuria	C9	AS	24	33	41.8	123.45	8		1963-09-15
E	165	Mauritius Island	Isla Mauricio	3B8	AF	39	53	-20.35	57.5	4
E	166	Mariana Islands	Islas Marianas	KH0	OC	27	64	15.18	145.72	10
E	167	Market Reef	Arrecife Market	OJ0	EU	15	18	60	19	1
E	168	Marshall Islands	Islas Marshall	V7	OC	31	65	9.08	167.33	11	1946-01-01
E	169	Mayotte	Mayotte	FH	AF	39	53	-12.88	45.15	3	1975-07-06
E	170	New Zealand	Nueva Zelanda	ZL	OC	32	60	-39.03	174.47	12
E	171	Mellish Reef	Arrecife Mellish	VK9M	OC	30	56	-17.4	155.85	10
E	172	Pitcairn Island	Isla Pitcairn	VP6	OC	32	63	-25.07	-130.1	-9
E	173	Micronesia	Micronesia	V6	OC	27	65	6.88	158.2	11	1948-01-01
E	174	Midway Island	Isla Midway	KH4	OC	31	61	28.2	-177.37	-12
E	175	French Polynesia	Polinesia Francesa	FO	OC	32	63	-17.65	-149.4	-10
E	176	Fiji Islands	Islas Fiyi	3D2	OC	32	56	-17.78	177.92	12
E	177	Minami Torishima	Minami Torishima	JD/M	OC	27	90	24.28	153.97	10
E	178	Minerva Reef	Arrecife Minerva	1M	OC	32	62	-21.1	-175.2	-12		1972-07-15
E	179	Moldova	Moldavia	ER	EU	16	29	47	29	2
E	180	Mount Athos	Monte Athos	SV/A	EU	20	28	40	24	2
E	181	Mozambique	Mozambique	C9	AF	37	53	-18.25	35	2
E	182	Navassa Island	Isla Navassa	KP1	NA	8	11	18.4	-75	-5	1978-03-24
E	183	Netherlands Borneo	Borneo Neerlandés	PK5	OC	28	54	-1.27	116.8	8		1963-04-30
E	184	Netherlands New Guinea	Nueva Guinea Neerlandesa	JZ0	OC	28	51	-9.4	147.1	10	1947-08-01	1963-04-30
E	185	Solomon Islands	Islas Salomón	H4	OC	28	51	-9	160	11
E	186	Newfoundland Labrador	Terranova y Labrador	VO	NA	5	9	47.34	-52.41	-3		1949-03-31
E	187	Niger	Níger	5U	AF	35	46	17.63	9.43	1	1960-08-03
E	188	Niue	Niue	E6	OC	32	62	-19.03	-169.85	-11
E	189	Norfolk Island	Isla Norfolk	VK9N	OC	32	60	-29.03	167.93	11	1975-09-16
E	190	Samoa	Samoa	5W	OC	32	62	-13.93	-171.7	-11
E	191	North Cook Islands	Islas Cook del Norte	E5/N	OC	32	62	-10.02	-161.08	-11
E	192	Ogasawara	Ogasawara	JD/O	AS	27	45	27.05	142.2	9
E	193	Okinawa	Okinawa	KR6	AS	25	45	28	129	9		1972-05-14
E	194	Okino Tori-Shima	Okino Tori-Shima	7J1	AS	27	45	20.25	136.05	9	1976-05-30	1980-11-30
E	195	Annobon	Annobón	3C0	AF	36	52	-1.43	5.62	0	1968-10-11
E	196	Palestine (Deleted)	Palestina (suprimida)	ZC6	AS	20	39	31.4	35.1	2		1968-06-30
E	197	Palmyra & Jarvis Islands	Islas Palmyra y Jarvis	KH5	OC	31	61	5.87	-162.07	-11
E	198	Papua Terr	Territorio de Papúa	VK9/P	OC	28	51	-9.4	147.1	10		1975-09-15
E	199	Peter 1 Island	Isla Pedro I	3Y/P	AN	12	72	-68.77	-90.58	-6
E	200	Portuguese Timor	Timor Portugués	CR8/T	OC	28	54	-8.6	125.5	8		1976-09-14
E	201	Prince Edward & Marion Islands	Islas Príncipe Eduardo y Marión	ZS8	AF	38	57	-46.88	37.72	3
E	202	Puerto Rico	Puerto Rico	KP4	NA	8	11	18.18	-66.55	-4
E	203	Andorra	Andorra	C31	EU	14	27	42.58	1.62	0
E	204	Revillagigedo	Revillagigedo	XF4	NA	6	10	18.77	-110.97	-7
E	205	Ascension Island	Isla Ascensión	ZD8	AF	36	66	-7.93	-14.37	-1
E	206	Austria	Austria	OE	EU	15	28	48.2	16.3	1
E	207	Rodriguez Island	Isla Rodrigues	3B9	AF	39	53	-19.7	63.42	4	1968-03-11
E	208	Ruanda-Urundi	Ruanda-Urundi	9U	AF	36	52	-2	30.1	2	1960-07-01	1962-06-30
E	209	Belgium	Bélgica	ON	EU	14	27	50.7	4.85	0
E	210	Saar	Sarre	9S4	EU	14	28	49.2	7	0	1947-11-08	1957-03-31
E	211	Sable Island	Isla Sable	CY0	NA	5	9	43.93	-59.9	-4	1984-01-01
E	212	Bulgaria	Bulgaria	LZ	EU	20	28	42.83	25.08	2
E	213	Saint Martin	San Martín (Francia)	FS	NA	8	11	18.08	-63.03	-4	1955-07-01
E	214	Corsica	Córcega	TK	EU	15	28	42	9	1
E	215	Cyprus	Chipre	5B	AS	20	39	35	33	2
E	216	San Andres Island	Isla de San Andrés	HK0S	NA	7	11	12.55	-81.72	-5
E	217	San Felix Islands	Islas San Félix	CE0X	SA	12	14	-26.28	-80.07	-5
E	218	Czechoslovakia	Checoslovaquia	OK/D	EU	15	28	50.1	15.5	1		1992-12-31
E	219	Sao Tome & Principe	Santo Tomé y Príncipe	S9	AF	36	47	0.22	6.57	0
E	220	Sarawak	Sarawak	VS4	OC	28	54	5.8	118.1	8		1963-09-15
E	221	Denmark	Dinamarca	OZ	EU	14	18	56	10	1
E	222	Faroe Islands	Islas Feroe	OY	EU	14	18	62.07	-6.93	0
E	223	England	Inglaterra	G	EU	14	27	52.77	-1.47	0	1946-01-01
E	224	Finland	Finlandia	OH	EU	15	18	61.38	24.82	2
E	225	Sardinia	Cerdeña	IS0	EU	15	28	40.15	9.27	1
E	226	Saudi Arabia/Iraq Neut Zone	Zona Neutral Arabia Saudí-Irak	8Z4	AS	21	39	30	43.5	3		1981-12-25
E	227	France	Francia	F	EU	14	27	46	2	0
E	228	Serrana Bank & Roncador Cay	Banco Serrana e Isla Roncador	HK0/S	NA	8	11	14.2	-80.15	-5	1976-01-01	1976-12-31
E	229	German Democratic Republic	República Democrática Alemana	DM	EU	14	28	51	10	1	1973-09-17	1990-10-02
E	230	Federal Republic Of Germany	Alemania	DL	EU	14	28	51	10	1
E	231	Sikkim	Sikkim	AC3	AS	22	41	27.2	88.39	6		1975-04-30
E	232	Somalia	Somalia	T5	AF	37	48	2.03	45.35	3
E	233	Gibraltar	Gibraltar	ZB2	EU	14	37	36.15	-5.37	0
E	234	South Cook Islands	Islas Cook del Sur	E5/S	OC	32	62	-21.9	-157.93	-11
E	235	South Georgia Island	Isla San Pedro	VP0G	SA	13	73	-54.48	-37.08	-2
E	236	Greece	Grecia	SV	EU	20	28	39.78	21.78	1
E	237	Greenland	Groenlandia	OX	NA	40	5	74	-42.78	-3
E	238	South Orkney Islands	Islas Orcadas del Sur	VP8O	SA	13	73	-60.6	-45.55	-3
E	239	Hungary	Hungría	HA	EU	15	28	47.12	19.28	1
E	240	South Sandwich Islands	Islas Sandwich del Sur	VP0S	SA	13	73	-58.43	-26.33	-2
E	241	South Shetland Islands	Islas Shetland del Sur	VP8H	SA	13	73	-62.08	-58.67	-4
E	242	Iceland	Islandia	TF	EU	40	17	64.8	-18.73	-1
E	243	People's Dem Rep Of Yemen	República Democrática Popular de Yemen	VS9A	AS	21	39	12.8	45	3		1990-05-21
E	244	Southern Sudan	Sudán del Sur (anterior)	ST0/D	AF	34	48	7	32.5	2	1972-05-07	1994-12-31
E	245	Ireland	Irlanda	EI	EU	14	27	53.13	-8.02	-1
E	246	Sov Military Order Of Malta	Soberana Orden Militar de Malta	1A0	EU	15	28	41.9	12.43	1
E	247	Spratly Islands	Islas Spratly	1S	OC	26	50	9.88	114.23	8
E	248	Italy	Italia	I	EU	15	28	42.82	12.58	1
E	249	Saint Kitts & Nevis	San Cristóbal y Nieves	V4	NA	8	11	17.37	-62.78	-4	1958-06-01
E	250	Saint Helena	Santa Elena	ZD7	AF	36	66	-15.97	-5.72	0
E	251	Liechtenstein	Liechtenstein	HB0	EU	14	28	47.13	9.57	1
E	252	Saint Paul Island	Isla Saint Paul	CY9	NA	5	9	47	-60	-4
E	253	Saint Peter And Paul Rocks	Peñascos de San Pedro y San Pablo	PY0S	SA	11	13	0	-29	-2	1966-01-01
E	254	Luxembourg	Luxemburgo	LX	EU	14	27	50	6	0
E	255	Sint Maarten, Saba, St Eustatius	San Martín, Saba y San Eustaquio	PJ7/D	NA	8	11	17.7	-63.2	-4		2010-10-10
E	256	Madeira Islands	Islas Madeira	CT3	AF	33	36	32.75	-16.95	-1
E	257	Malta	Malta	9H	EU	15	28	35.88	14.42	1
E	258	Sumatra	Sumatra	PK4	OC	28	54	-1	100.21	7		1963-04-30
E	259	Svalbard	Svalbard	JW	EU	40	18	78	16	1	1966-07-01
E	260	Monaco	Mónaco	3A	EU	14	27	43.73	7.4	0
E	261	Swan Island	Isla del Cisne	KS4	NA	7	11	7.25	-83.56	-6	1946-07-01	1972-08-31
E	262	Tajikistan	Tayikistán	EY	AS	17	30	38.82	71.22	5
E	263	Netherlands	Países Bajos	PA	EU	14	27	52.28	5.47	0
E	264	Tangier	Tánger	CN2	AF	33	37	35.7	-5.8	0		1960-06-30
E	265	Northern Ireland	Irlanda del Norte	GI	EU	14	27	54.73	-6.68	0	1946-01-01
E	266	Norway	Noruega	LA	EU	14	18	61	9	1
E	267	Terr New Guinea	Territorio de Nueva Guinea	VK9/T	OC	28	51	-5	145	10		1975-09-15
E	268	Tibet	Tíbet	AC4	AS	23	41	29.41	91.1	6		1974-05-30
E	269	Poland	Polonia	SP	EU	15	28	52.28	18.67	1
E	270	Tokelau Islands	Islas Tokelau	ZK3	OC	31	62	-9.4	-171.2	-11
E	271	Trieste	Trieste	I1	EU	15	28	45.39	13.47	1		1957-03-31
E	272	Portugal	Portugal	CT	EU	14	37	39.5	-8	-1
E	273	Trindade & Martim Vaz Islands	Islas Trindade y Martín Vaz	PY0T	SA	11	15	-20.5	-29.32	-2
E	274	Tristan Da Cunha & Gough Islands	Tristán de Acuña y Gough	ZD9	AF	38	66	-37.13	-12.3	-1
E	275	Romania	Rumanía	YO	EU	20	28	45.78	24.7	2
E	276	Tromelin Island	Isla Tromelin	FT/T	AF	39	53	-15.88	54.5	4
E	277	Saint Pierre & Miquelon	San Pedro y Miquelón	FP	NA	5	9	46.77	-56.2	-4
E	278	San Marino	San Marino	T7	EU	15	28	43.95	12.45	1
E	279	Scotland	Escocia	GM	EU	14	27	56.82	-4.18	0	1946-01-01
E	280	Turkmenistan	Turkmenistán	EZ	AS	17	30	38	58	4
E	281	Spain	España	EA	EU	14	37	40.32	-3.43	0
E	282	Tuvalu	Tuvalu	T2	OC	31	65	-8.5	179.2	12
E	283	Uk Bases On Cyprus	Bases británicas en Chipre	ZC4	AS	20	39	35.32	33.57	2	1964-09-17
E	284	Sweden	Suecia	SM	EU	14	18	58.9	15.33	1
E	285	Us Virgin Islands	Islas Vírgenes de EE.UU.	KP2	NA	8	11	17.73	-64.8	-4
E	286	Uganda	Uganda	5X	AF	37	48	1.92	32.6	2
E	287	Switzerland	Suiza	HB	EU	14	28	46.87	8.12	1
E	288	Ukraine	Ucrania	UR	EU	16	29	50	30	2
E	289	United Nations Hq	Sede de la ONU	4U1UN	NA	5	8	40.75	-73.97	-5	1978-02-04
E	291	United States Of America	Estados Unidos de América	K	NA	5	6	37.6	-91.87	-6
E	292	Uzbekistan	Uzbekistán	UJ	AS	17	30	41.4	63.97	4
E	293	Viet Nam	Vietnam	3W	AS	26	49	15.8	107.9	7	1988-10-22
E	294	Wales	Gales	GW	EU	14	27	52.28	-3.73	0	1946-01-01
E	295	Vatican City	Ciudad del Vaticano	HV	EU	15	28	41.9	12.47	1
E	296	Serbia	Serbia	YT	EU	15	28	44	21	1
E	297	Wake Island	Isla Wake	KH9	OC	31	65	19.28	166.63	11
E	298	Wallis & Futuna Islands	Islas Wallis y Futuna	FW	OC	32	62	-13.3	-176.2	-12
E	299	West Malaysia	Malasia Occidental	9M2	AS	28	54	3.95	102.23	7	1963-09-16
E	301	Western Kiribati	Kiribati Occidental	T30	OC	31	65	1.42	173	12
E	302	Western Sahara	Sáhara Occidental	S0	AF	33	37	24.82	-13.85	-1	1987-10-18
E	303	Willis Island	Isla Willis	VK9W	OC	30	60	-16.22	150.02	10
E	304	Bahrain	Baréin	A9	AS	21	39	26.03	50.53	3
E	305	Bangladesh	Bangladés	S2	AS	22	41	24.12	89.65	6	1971-03-26
E	306	Bhutan	Bután	A5	AS	22	41	27.4	90.18	6
E	307	Zanzibar	Zanzíbar	VQ1	AF	37	53	-6.1	39.12	3		1974-05-31
E	308	Costa Rica	Costa Rica	TI	NA	7	11	10	-84	-6
E	309	Myanmar	Myanmar	XZ	AS	26	49	20	96.37	6
E	312	Cambodia	Camboya	XU	AS	26	49	12.93	105.13	7	1950-01-01
E	315	Sri Lanka	Sri Lanka	4S	AS	22	41	7.6	80.7	5
E	318	China	China	BY	AS	24	33	36	102	7
E	321	Hong Kong	Hong Kong	VR	AS	24	44	22.28	114.18	8
E	324	India	India	VU	AS	22	41	22.5	77.58	5
E	327	Indonesia	Indonesia	YB	OC	28	51	-7.3	109.88	7
E	330	Iran	Irán	EP	AS	21	40	32	53	4
E	333	Iraq	Irak	YI	AS	21	39	33.92	42.78	3
E	336	Israel	Israel	4X	AS	20	39	31.32	34.82	2	1948-05-15
E	339	Japan	Japón	JA	AS	25	45	36.4	138.38	9
E	342	Jordan	Jordania	JY	AS	20	39	31.18	36.42	2
E	344	Dprk (North Korea)	Corea del Norte	P5	AS	25	44	39.78	126.3	8	1978-01-01
E	345	Brunei	Brunéi	V8	OC	28	54	4.5	114.6	8
E	348	Kuwait	Kuwait	9K	AS	21	39	29.38	47.38	3
E	354	Lebanon	Líbano	OD	AS	20	39	33.83	35.83	2
E	363	Mongolia	Mongolia	JT	AS	23	32	46.77	102.17	7
E	369	Nepal	Nepal	9N	AS	22	42	27.7	85.33	6
E	370	Oman	Omán	A4	AS	21	39	23.6	58.55	4
E	372	Pakistan	Pakistán	AP	AS	21	41	30	70	5	1947-08-14
E	375	Philippines	Filipinas	DU	OC	27	50	13	122	8
E	376	Qatar	Catar	A7	AS	21	39	25.25	51.13	3
E	378	Saudi Arabia	Arabia Saudí	HZ	AS	21	39	24.2	43.83	3
E	379	Seychelles Islands	Islas Seychelles	S7	AF	39	53	-4.67	55.47	4
E	381	Singapore	Singapur	9V	AS	28	54	1.37	103.78	7
E	382	Djibouti	Yibuti	J2	AF	37	48	11.75	42.35	3
E	384	Syria	Siria	YK	AS	20	39	35.38	38.2	3
E	386	Taiwan	Taiwán	BU	AS	24	44	23.72	120.88	8
E	387	Thailand	Tailandia	HS	AS	26	49	12.6	99.7	7
E	390	Turkey	Turquía	TA	AS	20	39	39.18	35.65	2
E	391	United Arab Emirates	Emiratos Árabes Unidos	A6	AS	21	39	24	54	4	1958-01-01
E	400	Algeria	Argelia	7X	AF	33	37	28	2	0
E	401	Angola	Angola	D2	AF	36	52	-12.5	18.5	1
E	402	Botswana	Botsuana	A2	AF	38	57	-22	24	2
E	404	Burundi	Burundi	9U	AF	36	52	-3.17	29.78	2	1962-07-01
E	406	Cameroon	Camerún	TJ	AF	36	47	5.38	11.87	1
E	408	Central African Republic	República Centroafricana	TL	AF	36	47	6.75	20.33	1	1960-08-13
E	409	Cape Verde	Cabo Verde	D4	AF	35	46	16	-24	-2
E	410	Chad	Chad	TT	AF	36	47	15.8	18.17	1	1960-08-11
E	411	Comoros	Comoras	D6	AF	39	53	-11.63	43.3	3	1975-07-01
E	412	Republic Of The Congo	República del Congo	TN	AF	36	52	-1.02	15.37	1	1960-08-15
E	414	Dem. Rep. Of The Congo	República Democrática del Congo	9Q	AF	36	52	-3.12	23.03	2
E	416	Benin	Benín	TY	AF	35	46	9.87	2.25	0	1960-08-01
E	420	Gabon	Gabón	TR	AF	36	52	-0.37	11.73	1	1960-08-17
E	422	The Gambia	Gambia	C5	AF	35	46	13.4	-16.38	-1
E	424	Ghana	Ghana	9G	AF	35	46	7.7	-1.57	0	1957-03-05
E	428	Cote D'ivoire	Costa de Marfil	TU	AF	35	46	7.58	-5.8	0	1960-08-07
E	430	Kenya	Kenia	5Z	AF	37	48	0.32	38.15	3
E	432	Lesotho	Lesoto	7P	AF	38	57	-29.22	27.88	2
E	434	Liberia	Liberia	EL	AF	35	46	6.5	-9.5	-1
E	436	Libya	Libia	5A	AF	34	38	27.2	16.6	1
E	438	Madagascar	Madagascar	5R	AF	39	53	-19	46.58	3
E	440	Malawi	Malaui	7Q	AF	37	53	-14	34	2
E	442	Mali	Malí	TZ	AF	35	46	18	-2.58	0	1960-06-20
E	444	Mauritania	Mauritania	5T	AF	35	46	20.6	-10.5	-1	1960-06-20
E	446	Morocco	Marruecos	CN	AF	33	37	32	-5	0
E	450	Nigeria	Nigeria	5N	AF	35	46	9.87	7.55	1
E	452	Zimbabwe	Zimbabue	Z2	AF	38	53	-18	31	2
E	453	Reunion Island	Isla Reunión	FR	AF	39	53	-21.12	55.48	4
E	454	Rwanda	Ruanda	9X	AF	36	52	-1.75	29.82	2	1962-06-30
E	456	Senegal	Senegal	6W	AF	35	46	15.2	-14.63	-1	1960-06-20
E	458	Sierra Leone	Sierra Leona	9L	AF	35	46	8.5	-13.25	-1
E	460	Rotuma	Rotuma	3D2/R	OC	32	56	-12.48	177.08	12
E	462	Republic Of South Africa	República de Sudáfrica	ZS	AF	38	57	-29.07	22.63	2
E	464	Namibia	Namibia	V5	AF	38	57	-22	17	1
E	466	Sudan	Sudán	ST	AF	34	48	14.47	28.62	2
E	468	Kingdom Of Eswatini	Reino de Esuatini	3DA	AF	38	57	-26.65	31.48	2
E	470	Tanzania	Tanzania	5H	AF	37	53	-5.75	33.92	2
E	474	Tunisia	Túnez	3V	AF	33	37	35.4	9.32	1
E	478	Egypt	Egipto	SU	AF	34	38	26.28	28.6	2
E	480	Burkina Faso	Burkina Faso	XT	AF	35	46	12	-2	0	1960-08-05
E	482	Zambia	Zambia	9J	AF	36	53	-14.22	26.73	2
E	483	Togo	Togo	5V7	AF	35	46	8.4	1.28	0
E	488	Walvis Bay	Bahía de Walvis	ZS9	AF	38	57	-22.6	14.31	1	1977-09-01	1994-02-28
E	489	Conway Reef	Arrecife Conway	3D2/C	OC	32	56	-22	175	12
E	490	Banaba Island	Isla Banaba	T33	OC	31	65	-0.88	169.53	11	1979-10-01
E	492	Yemen	Yemen	7O	AS	21	39	15.65	48.12	3	1990-05-22
E	493	Penguin Islands	Islas Pingüino	ZS0	AF	38	57	-26.61	-15.32	-1	1977-09-01	1994-02-28
E	497	Croatia	Croacia	9A	EU	15	28	45.18	15.3	1	1991-06-26
E	499	Slovenia	Eslovenia	S5	EU	15	28	46	14	1
E	501	Bosnia-Herzegovina	Bosnia-Herzegovina	E7	EU	15	28	44.32	17.57	1
E	502	North Macedonia	Macedonia del Norte	Z3	EU	15	28	41.6	21.65	1
E	503	Czech Republic	República Checa	OK	EU	15	28	50	16	1	1993-01-01
E	504	Slovak Republic	República Eslovaca	OM	EU	15	28	49	20	1	1993-01-01
E	505	Pratas Island	Isla Pratas	BV9P	AS	24	44	20.7	116.7	8	1994-01-01
E	506	Scarborough Reef	Arrecife Scarborough	BS7H	AS	27	50	15.08	117.72	8	1995-01-01
E	507	Temotu Province	Provincia de Temotu	H40	OC	32	51	-10.72	165.8	11
E	508	Austral Islands	Islas Australes	FO/A	OC	32	63	-23.37	-149.48	-10
E	509	Marquesas Islands	Islas Marquesas	FO/M	OC	31	63	-8.92	-140.07	-9
E	510	Palestine	Palestina	E4	AS	20	39	31.28	34.27	2	1999-02-01
E	511	Timor-Leste	Timor Oriental	4W	OC	28	54	-8.8	126.05	8	2000-03-01
E	512	Chesterfield Islands	Islas Chesterfield	FK/C	OC	30	56	-19.87	158.32	11
E	513	Ducie Island	Isla Ducie	VP6/D	OC	32	63	-24.7	-124.8	-8	2001-11-16
E	514	Montenegro	Montenegro	4O	EU	15	28	42.5	19.28	1	2006-06-28
E	515	Swains Island	Isla Swains	KH8/S	OC	32	62	-11.05	-171.25	-11
E	516	Saint Barthelemy	San Bartolomé	FJ	NA	8	11	17.9	-62.83	-4	2007-12-14
E	517	Curacao	Curazao	PJ2	SA	8	11	12.17	-69	-5	2010-10-10
E	518	Sint Maarten	San Martín (Países Bajos)	PJ7	NA	8	11	18.07	-63.07	-4	2010-10-10
E	519	Saba & St Eustatius	Saba y San Eustaquio	PJ5	NA	8	11	17.57	-63.1	-4	2010-10-10
E	520	Bonaire	Bonaire	PJ4	SA	9	11	12.2	-68.25	-5	2010-10-10
E	521	Republic Of South Sudan	República de Sudán del Sur	Z8	AF	34	48	4.85	31.6	2	2011-07-14
E	522	Republic Of Kosovo	República de Kosovo	Z6	EU	15	28	42.67	21.17	1	2018-01-21
X	2M0BDR	279				60.5	-1.5
X	2M0BDT	279				60.5	-1.5
X	2M0CPN	279				60.5	-1.5
X	2M0GFC	279				60.5	-1.5
X	2M0SEG	279				60.5	-1.5
X	2M0SPX	279				60.5	-1.5
X	2M0ZET	279				60.5	-1.5
X	3D2CCC	489
X	3D2RI	460
X	3Y/LB5SH	24
X	3Y0X	199			SA
X	4U0IARU	206
X	4U0ITU	117
X	4U0R	206
X	4U1A	206
X	4U1ITU	117
X	4U1UN	289
X	4U1VIC	206
X	4U1WB	291		8		39.95	-76.85
X	4U1WRC	117
X	4U2U	206
X	4UNR	206
X	4Y1A	206
X	8J1RL	13	39		SA	-69	39.58
X	9M26MQ	46				2.8	113.88
X	9M26MS	46				5.25	117
X	9M4CHQ	46				2.8	113.88
X	9M4CKR	46
X	9M4GKS	46				2.8	113.88
X	9M4LHD	46
X	AA0BY	291	3			45.85	-119.28
X	AA0IZ	291	3			45.32	-122.97
X	AA0O	291		8		27.73	-82.67
X	AA0Y	291	3			31.67	-110.33
X	AA1JM	291	4	8		43.42	-86.37
X	AA2F	291	4	8		43.1	-89.5
X	AA2HJ	291	3			37.13	-121.65
X	AA2IL	291	3			33.03	-116.85
X	AA2MA	291	4	8		34.75	-86.67
X	AA3C	291	4	7		33.02	-96.62
X	AA4CS	291	4	8		35.2	-88.2
X	AA4DD	291	4	8		36.57	-82.18
X	AA4HV	291	4	8		35.17	-89.78
X	AA4N	291	4	8		35.53	-84.18
X	AA4NU	291	4	8		35.85	-86.48
X	AA4PA	291	4	8		35.25	-88.42
X	AA4Q	291	3			33.6	-111.88
X	AA4RY	291	4	8		35.2	-88.2
X	AA4S	291	4	8		38.28	-84.68
X	AA4TO	291	4	7		33.15	-97.07
X	AA4WF	291	4	8		37.1	-84.55
X	AA4WW	291	4	8		37.48	-83.28
X	AA4WX	291	4	8		35.68	-84.08
X	AA4XA	291	4	8		34.27	-86.2
X	AA5JF	291		8		33.47	-82.02
X	AA5NT	291		8		27.9	-82.28
X	AA5TA	291	4	8		40.15	-82.88
X	AA5TL	291	3			44.02	-121.3
X	AA6DY	291	4	8		42.17	-87.87
X	AA6KJ	291	4	7		36.12	-91.12
X	AA6X	291	4	7		37.17	-93.32
X	AA7G	291	4	7		41.17	-96.22
X	AA7JV	291		8		25.78	-80.15
X	AA8R	291		8		27	-82.02
X	AA9HQ	291		8		33.83	-78.67
X	AA9JY	291	4	7		39.7	-91.38
X	AA9ZI	291		8		32.55	-83.6
X	AB0ZO	291	4	8		44.18	-88.48
X	AB1HZ	291	4	8		40.38	-86.9
X	AB1MM	291	4	7		32.88	-96.7
X	AB1U	291	3			38.4	-120.65
X	AB3AH	291	4	8		41.05	-83.65
X	AB3DC	291	4	8		42.42	-83.5
X	AB4B	291	4	8		34.85	-87.32
X	AB4BA	291	4	7		39.63	-104.78
X	AB4EJ	291	4	8		33.4	-87.57
X	AB4GG	291	4	8		35.17	-85.1
X	AB4IQ	291	4	8		37.07	-88.67
X	AB4LD	291	4	8		34.33	-86.48
X	AB4WL	291	4	8		33.6	-86.83
X	AB4WV	291	4	8		30.7	-87.88
X	AB5ZA	291	4			46	-112.6
X	AB6GS	291	4	7		44.73	-104.62
X	AB8RL	291		8		38.43	-82
X	AB8YZ	291	4	7		32.83	-96.68
X	AB9BH	291	3			47.75	-122.3
X	AC0WL	291	4	8		37.38	-89.65
X	AC2K	291	3			47.83	-122.2
X	AC4CA	291	4	7		30.28	-98.88
X	AC4G	291	4	8		35.05	-86.65
X	AC4HI	291	4	8		38.35	-86
X	AC4NK	291	4	8		35.93	-88.77
X	AC4YD	291	4	8		37.98	-84.18
X	AC5XK	291		8		41.78	-69.98
X	AC6NN	291		8		38.85	-77.32
X	AC6NT	291	4	8		35.93	-86.88
X	AC6ZM	291	4	8		35.73	-84.35
X	AC7AF	291	4	7		41.6	-109.23
X	AC7GG	291		8		34.93	-81.97
X	AC7P	291	4	7		29.75	-98.2
X	AC8Y	291		8		38.7	-77.55
X	AC9DX	291	4	7		44.93	-91.4
X	AD1C	291	4	7		39.97	-104.9
X	AD4DQ	291	4	8		37.87	-86
X	AD4EB	291	4	8		35.82	-86.88
X	AD4GG	291	4	8		35.08	-89.8
X	AD4OS	291	4	7		42.1	-91.28
X	AD4TA	291	4	8		37.8	-84.87
X	AD7CL	291	4	7		39.73	-105.18
X	AD7JL	291		8		33.95	-84.07
X	AD7KI	291	4	7		44.3	-105.5
X	AD8J	291		8		35.63	-82.57
X	AD8P	291	3			47.62	-122.2
X	AD9BT	291	4	7		29.58	-98.4
X	AE0SR	291		8		27.87	-82.52
X	AE2NY	291	4	8		42.9	-88.02
X	AE2V	291	4	8		35.8	-83.88
X	AE2W	291	4	8		35.05	-89.68
X	AE4ED	291	4	8		34.8	-86.97
X	AE4GS	291	4	8		35.2	-84.85
X	AE4GW	291	4	8		35.78	-84.22
X	AE4JL	291	3			44.65	-123.13
X	AE4JM	291	4	8		34.55	-86
X	AE4M	291	4	8		34.75	-86.67
X	AE4O	291	3			33.4	-111.72
X	AE5MI	291	4	8		30.47	-89.08
X	AE5X	291		8		28.93	-81.98
X	AE7AP	291	4			46.62	-112.02
X	AE7EB	291		8		28.33	-82.25
X	AE8EM	291		8		28.47	-82.6
X	AE8J	291		8		34.92	-81.02
X	AF4AI	291	4	8		36.37	-89.3
X	AF4JF	291	4	7		38.78	-90.62
X	AF4LL	291	4	8		37.3	-83.18
X	AF4T	291	4	8		36.33	-82.33
X	AF5J	291	3			45.45	-122.87
X	AF5T	291	3			33.12	-117.18
X	AF6T	291	4	7		30.65	-95.58
X	AF9W	291	3			32.47	-110.9
X	AG1RL	291	3			38.65	-120.97
X	AG1T	291	3			41.75	-111.82
X	AG2T	291	4	7		44.95	-93.43
X	AG2TH	291	3			33.82	-111.92
X	AG3V	291	4	7		42.03	-93.6
X	AG4DG	291	4	8		44.55	-88.1
X	AG4V	291	4	8		35.1	-89.95
X	AG4W	291	4	8		34.78	-86.55
X	AG7O	291	4	7		39.65	-104.78
X	AG7XY	110
X	AG8GT	291		8		36.48	-76.12
X	AG9G	291	4	7		45.7	-90.4
X	AH0U	291	3			38	-121.92
X	AH2O	291		8		40.82	-73.5
X	AH2S	291	3			40.52	-112.03
X	AH2U	166
X	AH6EZ	291	3			48.05	-122.7
X	AH6EZ/9	291	4	8		41.55	-87.97
X	AH6FF	291	4	8		35.52	-86.17
X	AH6FX	291		8		38.7	-77.55
X	AH6JS	291	3			43.82	-111.78
X	AH6LE	291	3			45.23	-122.8
X	AH6SU	291	4	7		31.85	-96.3
X	AH7T	291	3			34.25	-118.58
X	AI1K	291	3			34.78	-112.47
X	AI4DB	291	4	8		35.68	-88.83
X	AI4IC	291	4	8		36.02	-84.27
X	AI5FK	291	4	8		33.27	-86.9
X	AI5HG	291	4	8		34.95	-89.85
X	AI5SM	291	4	8		42.25	-85.53
X	AI5ZK	291	3			34.05	-118.25
X	AI6O	291	4	7		39.03	-94.22
X	AI7FF	291	4	7		45.67	-108.77
X	AI8F	291		8		34.82	-85.5
X	AI8O	291		8		35.82	-80.27
X	AI9K	291	4	7		38.43	-90.2
X	AI9P	291		8		39.7	-74.27
X	AJ0EF	291		8		42.82	-78.8
X	AJ1F	291	4	8		32.48	-85.12
X	AJ4A	291	4	8		37.75	-84.3
X	AJ4F	291	4	7		29.52	-95.03
X	AJ6T	291	4	8		36.58	-87.42
X	AJ6TE	291		8		39	-77.3
X	AJ7G	291		8		35.73	-81.22
X	AK2B	291	3			38.03	-121.3
X	AK4I	291	4	8		35.2	-85.5
X	AK4QR	291	4	8		34.83	-86.88
X	AK4R	291	4	8		35.22	-87.03
X	AK4Z	291	4	8		35.88	-84.17
X	AK5CT	291	4	8		34.38	-88.67
X	AK6VK	6
X	AK9B	291	4	7		31.67	-106.13
X	AK9D	291	3			46.38	-124.05
X	AK9TX	291		8		28.75	-81.22
X	AL1VE	291	3			47.75	-122.63
X	AL3X	291		8		38.43	-76.73
X	AL4U	291		8		35.28	-79.43
X	AL5M	291	4	7		29.97	-98.22
X	AL5P	291	4	7		32.75	-97.95
X	AL7BA	291	4	8		40.03	-84.2
X	AL7BA/8	291	4	8		41.35	-83.23
X	AL7BX	291	3			37.68	-113.07
X	AL7CR	291	3			42.18	-123.02
X	AL7R	291	3			32.65	-114.4
X	AL7RF	291	3			39.38	-119.68
X	AL7RT	291	4			48.2	-114.3
X	AL7T	291	4	7		45.97	-95.32
X	AO90A	281
X	BS7H	506
X	C7A	206
X	CE6RFP	112		16		-39.75	-73.25
X	DP0GVN	13	38		SA	-70.67	-8.27
X	DP1POL	13	38		SA	-70.67	-8.27
X	E51PT	191				-10.4	-161
X	E51WL	191		63		-9	-157.97
X	EA1RCI/P	281				42.57	-6.17
X	EA1URL/CVL	281				42.57	-6.17
X	EA2EZ/P	281				42.57	-6.17
X	EA3HJO/6	21
X	EA5CC/P	281				38.87	-0.97
X	EA5IKT/P	281				38.87	-0.97
X	EA5IYX/P	21
X	EA6SA/7	281				37.25	-4.68
X	EA6XQ/P	281				40.18	-3.93
X	EA8RM/P	29				28.15	-15.42
X	EA9ADD	281				40.18	-3.93
X	EA9HU	281				37.25	-4.68
X	EC5AHA/P	281				38.87	-0.97
X	EG90GL	281				42.57	-6.17
X	FO5QS	509
X	G0HCQ	279
X	G0JCE	279
X	G0X	294
X	G1R	279
X	G1T	279
X	G4WZG	279
X	G4X	279
X	G5DXR	294
X	G5MUT	294
X	G5RDX	279
X	G5RRR	279
X	G6ICR	114
X	G8ERJ	291		8		33.12	-82.2
X	GB0CSL	279
X	GB0NHL	279
X	GB0TNL	279
X	GB0WLH	294
X	GB1BPL	294
X	GB1DAA	279
X	GB1OL	279
X	GB1RP	265
X	GB1TMH	279
X	GB2CCN	279
X	GB2CCS	279
X	GB2CG	279
X	GB2EL	265
X	GB2ELH	279
X	GB2IMD	294
X	GB2JCM	279
X	GB2KLI	279
X	GB2LG	279
X	GB2MOP	294
X	GB2MUC	279
X	GB2SLH	279
X	GB2TAY	279
X	GB2TD	294
X	GB2THL	279
X	GB2TNL	279
X	GB2TPL	279
X	GB2VK	294
X	GB2WL	265
X	GB3ANG	279
X	GB3LER	279
X	GB3LER/B	279
X	GB4LER	279
X	GB4SDD	294
X	GB4SPD	265
X	GB5BL	265
X	GB5NCL	265
X	GB64MOD	294
X	GB8VJ	279
X	GM0AVR	279				60.5	-1.5
X	GM0EKM	279				60.5	-1.5
X	GM0GFL	279				60.5	-1.5
X	GM0ILB	279				60.5	-1.5
X	GM0JDB	279				60.5	-1.5
X	GM1FGN	279				60.5	-1.5
X	GM1KKI	279				60.5	-1.5
X	GM1ZNR	279				60.5	-1.5
X	GM3WHT	279				60.5	-1.5
X	GM3ZET	279				60.5	-1.5
X	GM4IPK	279				60.5	-1.5
X	GM4JPI	279				60.5	-1.5
X	GM4LBE	279				60.5	-1.5
X	GM4LER	279				60.5	-1.5
X	GM4PXG	279				60.5	-1.5
X	GM4SLV	279				60.5	-1.5
X	GM4WXQ	279				60.5	-1.5
X	GM4ZHL	279				60.5	-1.5
X	GM6RQW	279				60.5	-1.5
X	GM6YQA	279				60.5	-1.5
X	GM7AFE	279				60.5	-1.5
X	GM7GWW	279				60.5	-1.5
X	GM8LNH	279				60.5	-1.5
X	GM8MMA	279				60.5	-1.5
X	GM8YEC	279				60.5	-1.5
X	GS3ZET	279				60.5	-1.5
X	HC8M/5	120				-2.9	-78.65
X	HD5MW/8	71
X	HF0PAS	241
X	HK0TU	161	9
X	I2DMK/RM	248				45.47	9.2
X	IA5KRO/4	248				44.65	10.92
X	II0D	225
X	II0ICH	225
X	II0ICV	225
X	II0IDP	225
X	II0M	225
X	IP0A	225
X	IP0Y	225
X	IQ0AAI	225
X	IQ0AG	225
X	IQ0AH	225
X	IQ0AI	225
X	IQ0AK	225
X	IQ0AK/P	225
X	IQ0AL	225
X	IQ0AM	225
X	IQ0EH	225
X	IQ0HO	225
X	IQ0ID	225
X	IQ0NU	225
X	IQ0OG	225
X	IQ0PM	225
X	IQ0QP	225
X	IQ0SS	225
X	IR0A	225
X	IR0IADU	225
X	IR0IDP	225
X	IT9CLY/4	248				44.65	10.92
X	IT9ELM/0	248				41.88	12.53
X	IW0HBY/9	248				37.5	14
X	IY0GA	225
X	JD1BPS/1	339				35.68	139.68
X	JD1YBJ	177
X	JG8NQJ/JD1	177
X	JW/LB2PG	259				74.43	19.08
X	K0ACP	291	4	8		43.72	-84.4
X	K0AL	291		8		27.15	-82.47
X	K0AU	291	3			37.45	-122.15
X	K0BAK	291		8		40.18	-75.43
X	K0CIE	291		8		26.93	-82.23
X	K0CLI	291		8		38.38	-77.53
X	K0DQ	291		8		38.93	-77.17
X	K0DTJ	291	3			37.48	-122.45
X	K0EJ	291	4	8		35.17	-85.22
X	K0EMT	291	4	8		39.2	-85.93
X	K0HNL	291		8		42.48	-71.45
X	K0HT	291		8		34.48	-85.33
X	K0IO	291	3			40.78	-111.87
X	K0IP	291	3			42.88	-112.43
X	K0JJ	291	3			45.77	-122.9
X	K0KXF	291	4	8		35.62	-87.03
X	K0LB	291		8		38.65	-77.35
X	K0LUZ	291		8		28.72	-81.35
X	K0MP	291	3			43.47	-111.97
X	K0NG	291	4	8		36.4	-82.45
X	K0NW	291	3			33.88	-117.9
X	K0PG	291	4	8		41.88	-88.32
X	K0PJ	291	4	8		43.32	-87.95
X	K0PLC	291	4	8		38.95	-89.85
X	K0RGI	291	4	8		35.73	-84.35
X	K0RJW	291	4	8		43.3	-86.28
X	K0RU	291	3			33.75	-117.12
X	K0SM	291		8		42.82	-77.67
X	K0SN	291	4			46.85	-114.03
X	K0STP	291		8		38.18	-78.18
X	K0TEA	291	4	8		42.88	-85.53
X	K0TO	291	3			43.47	-112.02
X	K0TQ	291	4	8		39	-85.63
X	K0TZ	291	3			34.47	-117.2
X	K0VSH	291	4	8		44.55	-88.1
X	K0XP	291	3			34.15	-116.07
X	K0XV	291	4	8		35.93	-84.15
X	K0ZR	291		8		39.15	-77.73
X	K1AUS	291	4	7		45.78	-108.57
X	K1BJC	291	4	7		45.55	-93.28
X	K1BV	291	4	8		37.55	-82.22
X	K1CCN	291	4	8		39.87	-83.93
X	K1CPT	291	4	7		42.03	-96.1
X	K1DW	291	4	7		32.97	-96.37
X	K1EAR	291	4	7		44.12	-103.07
X	K1GI	291	3			37.35	-121.88
X	K1GJQ	291	3			33.38	-112.03
X	K1GU	291	4	8		35.75	-84.1
X	K1IEB	291	4	7		29.88	-97.93
X	K1JD	291	4	7		35.53	-105.93
X	K1JH	291	3			37.35	-122.08
X	K1JHS	291	4	7		32	-90.37
X	K1KD	291	4	7		44.1	-92.4
X	K1LH	6
X	K1LT	291	4	8		39.8	-82.72
X	K1MWH	291	4	8		36.58	-87.42
X	K1MZ	291	3			43.6	-116.53
X	K1NQ	291	3			41.5	-112.02
X	K1PT	202
X	K1SP	291	4	7		32.48	-97
X	K1UM	291	4	8		42.57	-84.83
X	K1USA	291	4	7		37.7	-92.28
X	K1VX	291	4	8		35.68	-84.08
X	K1WTF	291	4	7		39.92	-105.08
X	K1XT	291	4	7		38.58	-90.35
X	K2AK	291	3			31.53	-110.27
X	K2BA	291	4	7		35.48	-97.17
X	K2BKD	291	4	7		44.98	-93.28
X	K2BY	291	4	7		40.78	-96.65
X	K2CUB	291	4	8		41.93	-85
X	K2DP	291	4	7		38.67	-90.37
X	K2DRH	291	4	7		41.77	-90.2
X	K2DSW	291	4	7		41.32	-93.58
X	K2GMY	291	3			38.07	-122.17
X	K2GT	110
X	K2HT	291	4	7		39.08	-91.57
X	K2IDA	202
X	K2KAR	291	4	8		40.03	-83.13
X	K2KMC	291	4	8		41.08	-80.58
X	K2KR	291	4	7		40.42	-104.75
X	K2ORC	291	4	7		39.6	-104.73
X	K2PM	291	4	8		45.92	-86.88
X	K2PO	291	3			45.5	-122.73
X	K2RD	291	3			39.42	-119.77
X	K2RP	291	3			33.05	-117.27
X	K2SHN	291	4	7		35.3	-93.73
X	K2SS	291	3			32.3	-110.83
X	K2UR	291	4	8		38.43	-86.18
X	K2VV	291	4	7		38.95	-90.92
X	K2YAZ	291	4	8		44.87	-85.98
X	K3EST	291	3			38.55	-121.73
X	K3FBR	291	4	7		36.15	-95.95
X	K3FR	291	4	8		36.32	-82.38
X	K3GP	291	4	8		40.92	-81.12
X	K3GX	291	3			37.55	-122.33
X	K3IE	291	4	8		35.93	-86.88
X	K3ILC	291	4	7		38.9	-104.7
X	K3JWI	291	4	8		34.83	-86.75
X	K3KEK	291	4	7		30.5	-97.68
X	K3KO	291	4	8		42.02	-87.85
X	K3NA	291	4	7		40.05	-105.22
X	K3NQ	291	3			37.57	-122.37
X	K3NT	291	4	7		33.05	-96.73
X	K3PA	291	4	7		39.1	-95.1
X	K3TD	291	4	7		30.72	-97.75
X	K3USC	291	4	8		41.45	-81.85
X	K3WYC	291	3			33.65	-112.17
X	K3XC	291	3			47.85	-122.1
X	K3YP	291	4	8		41.73	-80.75
X	K4A	202
X	K4AB	291	4	8		34.95	-86.6
X	K4AFE	291	4	8		35.65	-88.4
X	K4AKK	291	4	8		33.75	-85.82
X	K4AL	291	4	8		36.1	-86.15
X	K4AMC	291	4	8		36.27	-86.7
X	K4BFT	291	4	8		34.73	-86.58
X	K4BP	291	4	8		35.37	-84.7
X	K4BTR	291	4	8		37.08	-88.72
X	K4BWP	291	4	8		37.05	-86.2
X	K4BX	291	4	8		35.72	-86.9
X	K4CNY	291	4	8		34.83	-86.75
X	K4CVD	291	4	8		36.58	-87.42
X	K4CWW	291	4	8		33.22	-87.57
X	K4CX	291	4	8		35.92	-86.77
X	K4DG	291	4	7		30.03	-99.13
X	K4DR	291	4	8		36.55	-82.57
X	K4DXV	291	4	8		35.83	-84.02
X	K4DZR	291	4	8		36.3	-86.62
X	K4EES	291	4	8		30.28	-87.58
X	K4EQ	291	4	7		38.58	-90.53
X	K4FR	291	4	8		37.97	-84.47
X	K4FTY	291	4	8		34.67	-86.57
X	K4FWO	291	4	8		36.93	-88.62
X	K4GIG	291	4	8		34.73	-86.52
X	K4HAL	291	4	8		34.15	-86.15
X	K4HWS	291	4	8		35.25	-88.42
X	K4IDT	291	4	8		37.75	-87.08
X	K4IE	291	4	8		38	-84.53
X	K4IQJ	291	4	8		32.55	-85.47
X	K4ISV	291	4	8		37.47	-86.32
X	K4IU	291	4	7		44	-92.48
X	K4JWO	285
X	K4KO	291	4	8		36.12	-86.27
X	K4KSV	291	4	8		33.42	-86.78
X	K4KYN	291	4	8		35.88	-84.17
X	K4LEN	291	4	8		35.25	-87.35
X	K4LQ	291	3			43.98	-124.1
X	K4MCK	291	4	8		35.95	-84.02
X	K4MGE	291	4	8		36.05	-85.02
X	K4MQM	291	4	8		30.5	-87.88
X	K4NAX	291	4	8		39.97	-86.08
X	K4NO	291	4	8		34.78	-86.55
X	K4OBC	291	4	8		36.3	-82.48
X	K4OCE	291	4	7		29.73	-98.67
X	K4PG	291	4	8		33.73	-86.77
X	K4PKM	291	4	8		38.67	-84.97
X	K4PP	291	4	8		34.75	-86.67
X	K4RO	291	4	8		36.12	-87.03
X	K4SPO	291	4	8		38.1	-84.5
X	K4SX	291	4	7		38.82	-91.03
X	K4SYD	291	4	8		34.78	-86.55
X	K4TCG	291	4	8		36	-86.78
X	K4TD	291	4	8		34.83	-86.75
X	K4TEC	291	4	8		36.93	-84.1
X	K4TG	291	4	8		38.02	-84.93
X	K4TNX	291	4	8		43.18	-89.22
X	K4TO	291	4	8		37.98	-84.18
X	K4TXJ	291	4	8		38.15	-85.87
X	K4TXL	291	4	8		36.25	-82.82
X	K4TZ	291	4	8		36.93	-86.45
X	K4UU	291	4	8		36.92	-86.6
X	K4UY	291	4	8		34.72	-86.75
X	K4VBM	291	4	7		36.1	-97.07
X	K4VIC	202
X	K4VIG	291	4	8		35.13	-85.28
X	K4VOZ	291	4	8		35.23	-89.85
X	K4WG	291	4	8		33.38	-86.7
X	K4WI	291	4	8		32.45	-87.5
X	K4WW	291	4	8		38.08	-85.65
X	K4XU	291	3			44.02	-121.3
X	K4XV	110
X	K4YJ	291	4	8		38.9	-83
X	K4YR	291	3			37.35	-122.03
X	K4YUC	291	4	8		30.27	-87.77
X	K4ZGB	291	4	8		33.38	-86.7
X	K5AGC	291	3			41.78	-111.8
X	K5AUP	291		8		28.72	-81.52
X	K5CAO	291	3			37.28	-121.83
X	K5EEE	291		8		28.07	-80.68
X	K5EK	291		8		36.17	-79.98
X	K5EM	291	3			47.68	-122.3
X	K5FP	291	4	8		36.15	-86.78
X	K5FZ	291	4	8		33.57	-89.07
X	K5GM	291	4	8		36.02	-84.27
X	K5HDU	291	3			40.5	-111.4
X	K5HIP	291		8		42.2	-73.37
X	K5JR	291		8		34.12	-84.3
X	K5JSG	291		8		43.3	-77.93
X	K5KG	291		8		27.25	-82.53
X	K5KMB	291	3			33.72	-116.22
X	K5LAD	291	4	8		39.78	-86.12
X	K5MA	291		8		41.6	-70.57
X	K5MDX	291	4	8		30.37	-89.17
X	K5MH	291	4			46.77	-114.12
X	K5ML	291	3			33.55	-111.95
X	K5MO	291		8		35.63	-78.45
X	K5OA	291	3			33.23	-117.3
X	K5OF	291		8		34.78	-76.5
X	K5OLV	291	4	8		34.95	-89.85
X	K5PS	291		8		42.93	-71.52
X	K5RQ	291		8		27.18	-82.48
X	K5RR	291	3			39.28	-123.22
X	K5SEU	291		8		35.47	-80.87
X	K5TF	291		8		33.87	-84.33
X	K5TT	291	3			33.4	-111.72
X	K5UA	291		8		36.37	-80.72
X	K5VG	291	3			45.33	-122.57
X	K5VIP	291		8		36.65	-76.25
X	K5WBM	291	4	8		30.62	-89.58
X	K5WI	291	3			48.32	-122.63
X	K5WK	291	4	8		31.32	-89.3
X	K5WP	291	4	8		31.22	-85.48
X	K5YVY	291	4	8		34.48	-89
X	K5ZD	291	4	8		40.03	-81
X	K6ACV	291	4	7		37.1	-93.8
X	K6AFW	291	4	7		45.33	-93.23
X	K6BFL	291	4	7		39.8	-105.08
X	K6DJ	291	4	7		40.23	-105.32
X	K6ENF	291	4	8		35.45	-84.6
X	K6ES	291		8		34.38	-77.67
X	K6FX	291	4	7		29.97	-98.9
X	K6HLC	291		8		38.77	-77.08
X	K6JDC	291		8		38.18	-78.18
X	K6KO	110
X	K6LPO	291	4	7		30.37	-95.68
X	K6ND	291		8		40.52	-77.43
X	K6NHL	291	4	7		32.97	-96.37
X	K6PGH	291		8		40.7	-75.28
X	K6PJ	291	4			45.67	-111.05
X	K6RM	291		8		34.03	-78.17
X	K6TAA	291	4	7		35.23	-106.62
X	K6ZB	291	4	7		30.72	-97.75
X	K6ZED	291	4	8		38.4	-85.4
X	K6ZZ	291	4	8		38.4	-85.4
X	K7ABV	291	4			47.5	-111.25
X	K7BG	291	4	7		44.37	-100.32
X	K7BV	291		8		34.98	-78.22
X	K7CS	291	4	8		42.03	-87.73
X	K7DR	291	4	8		39.83	-85.27
X	K7DWI	291	4	7		32.42	-97.77
X	K7EAR	291	3	7		32.82	-109.63
X	K7FB	291	4	7		34.65	-92.98
X	K7GM	291		8		35.58	-77.4
X	K7HFU	6
X	K7IA	291	4	7		32.8	-107.95
X	K7IOL	291	4	7		33	-96.8
X	K7JN	291		8		41	-80.33
X	K7KAR	291	4	7		46.42	-108.55
X	K7KR	291	4			46.53	-114.05
X	K7KU	291	4	7		40.1	-105.17
X	K7LU	291		8		39	-77.3
X	K7MOA	291	4	7		30.03	-99.13
X	K7MOE	291	4	7		34.65	-92.98
X	K7MS	291	4			46.95	-112.67
X	K7MSO	291	4			46.9	-114
X	K7MTD	291	4			46.85	-114.17
X	K7NCK	291	4	7		44.3	-105.5
X	K7OM	291		8		32.93	-80.1
X	K7QA	291	4			46.82	-114.03
X	K7RB	291	4	7		32.68	-96.92
X	K7RE	291	4	7		35.25	-106.68
X	K7SCX	291	4	7		39.38	-104.6
X	K7SHR	291	4	7		44.78	-106.97
X	K7SV	291		8		38.17	-77.68
X	K7SWS	291	4			46.23	-114.17
X	K7TAR	291	4	8		40.1	-83.15
X	K7TD	291	4	7		38.78	-104.82
X	K7TRF	291	4	7		43.45	-110.73
X	K7TRT	291	4	7		45.78	-108.57
X	K7UWR	291		8		32.1	-81.17
X	K7VF	291	4	7		32.5	-95.4
X	K7VIC	291	4			48.35	-114.18
X	K7WAX	291	4	7		34.65	-92.98
X	K7WWR	291		8		26.88	-82.27
X	K7ZAP	6
X	K7ZKM	291	4	7		45.83	-109.97
X	K7ZVZ	6
X	K7ZYV	291	4	8		30.52	-88.97
X	K7ZZ	291	4	7		35.87	-106.27
X	K8AAT	291		8		38.62	-81.77
X	K8AC	291		8		36.38	-81.48
X	K8ARY	291		8		34.87	-82.32
X	K8ATG	291		8		38.93	-81.98
X	K8BN	291	3			33.35	-112.17
X	K8CN	291		8		43.12	-70.92
X	K8DF	291		8		39.27	-80.3
X	K8DLZ	291	4	7		39.03	-96.83
X	K8EX	291		8		40.45	-79.9
X	K8FB	291	3			34.6	-112.43
X	K8FC	291		8		27.78	-80.48
X	K8GP	291		8		38.68	-78.02
X	K8IA	291	3			33.4	-111.65
X	K8JQ	291		8		38.33	-81.67
X	K8LBQ	291		8		32.52	-84.98
X	K8LF	291		8		37.32	-76.77
X	K8LT	291		8		42.82	-71.85
X	K8MCN	291	4	7		38.93	-90.78
X	K8MV	291		8		26.6	-81.67
X	K8NS	291		8		29.13	-82.02
X	K8NYG	291		8		38.37	-81.75
X	K8OM	291	4	7		42.03	-91.6
X	K8OS	291	4	7		45.07	-93.33
X	K8OZ	291	4	7		35.15	-106.57
X	K8RAR	291		8		27.97	-80.65
X	K8RRT	291		8		38.42	-82.07
X	K8SYH	291		8		37.9	-78.33
X	K8TE	291	4	7		35.25	-106.68
X	K8TR	291	3			38.77	-121.33
X	K8YC	291		8		35.58	-80.82
X	K8YFM	291		8		37.67	-77.53
X	K8YYY	291		8		39.38	-80.28
X	K8ZAS	291	4	7		43.03	-108.2
X	K9AIH	291	4	7		44.57	-91.38
X	K9AJC	291	4	7		39.7	-91.38
X	K9AXT	291		8		35.73	-78.77
X	K9CHP	291		8		42.97	-76.23
X	K9CS/KH8S	515
X	K9DN	291		8		35.92	-78.92
X	K9DR	291	4	7		42.85	-106.32
X	K9DU	291	4	7		44.93	-92.77
X	K9DXM	291		8		27.5	-82.42
X	K9EN	291		8		38.72	-77.1
X	K9ES	291		8		28.07	-80.68
X	K9EZ	291		8		33.92	-78.13
X	K9FY	291	4	7		44.93	-91.4
X	K9GS	291		8		26.92	-82.05
X	K9GWH	291		8		30.15	-81.63
X	K9GWS	291		8		34.75	-82.05
X	K9HXO	291		8		27.55	-82.4
X	K9IA	291		8		28.93	-81.97
X	K9ILS	291	4	7		40.57	-90.02
X	K9IVN	291	4	7		38.73	-90.12
X	K9JF	291	3			47.67	-117.15
X	K9JM	291	3			39.12	-121.1
X	K9JY	291		8		44.97	-72.9
X	K9KK	291	4	7		35.23	-97.28
X	K9MK	291	4	7		32.27	-97.18
X	K9MU	291	4	7		44.8	-91.43
X	K9MWM	291	4	7		39.53	-107.33
X	K9NS	291	4	7		38.6	-108
X	K9OQ	291		8		34.23	-84.15
X	K9OR	291	4	7		40.18	-105.1
X	K9OZ	291	4	7		34.78	-92.37
X	K9PY	291	3			44.02	-121.3
X	K9QC	291	4	7		44.93	-91.4
X	K9RS	291		8		39.73	-75.67
X	K9RZ	291	3			33.68	-112.37
X	K9SAT	291	3			32.1	-110.73
X	K9SF	291	4	7		29.92	-98.38
X	K9TAD	291	3			34.05	-118.53
X	K9TWW	291	4	7		45.47	-93.23
X	K9VD	291	4	7		39.12	-90.33
X	K9VIT	291	3			37.08	-113.55
X	K9VV	285
X	K9WA	291	4	7		41.48	-90.32
X	K9WFX	291	4	7		30.18	-96.4
X	K9WKJ	291	4	7		44.93	-91.4
X	K9WZB	291	3			34.48	-114.35
X	K9XV	291		8		26.92	-82.05
X	K9YC	291	3			37.03	-122.12
X	K9ZU	291		8		39.32	-77.62
X	KA0AZS	291	4	8		39.7	-84.22
X	KA0KVW	291		8		29.1	-82.33
X	KA0RGT	110
X	KA0WAS	291	4	8		41.57	-87.18
X	KA0WWT	291	3			36.82	-114.07
X	KA0ZPP	291	4	8		35.8	-83.88
X	KA1LDD	291	4	8		41.35	-83.12
X	KA1NCN	6
X	KA1RUE	291	4	8		41.38	-81.3
X	KA2MLH	291	4	8		42.27	-88.32
X	KA2ZSD	6
X	KA3DRR	291	3			35.63	-120.7
X	KA3MTT	291	4	8		39.02	-84.77
X	KA3NAM	291	4	7		42.73	-97.53
X	KA4BVG	291	4	8		36	-86.78
X	KA4J	291	4	8		35.17	-84.87
X	KA4OTB	291	4	7		34.85	-92.4
X	KA4R	291	4	8		36.55	-82.57
X	KA5USN	291		8		30.52	-84.27
X	KA5WMF	291	4	8		35.93	-86.68
X	KA5WSS	291	3			38.28	-122.47
X	KA6U	291		8		27.7	-82.43
X	KA6Y	291		8		36.12	-80.08
X	KA7PNH	291	4	7		42.78	-105.87
X	KA8HDE	291	4	7		45.23	-93.27
X	KA8MMI	291	4	7		38.87	-94.78
X	KA8P	291		8		32.8	-79.77
X	KA8Q	291		8		38.33	-77.43
X	KA9A	291	3			35.38	-120.85
X	KA9DNO	291	4	7		32.15	-99.18
X	KA9FCB	291	4	7		41.17	-90.05
X	KA9FOX	291	4	7		43.8	-91.22
X	KA9MDP	291	3			38.42	-120.8
X	KA9OZP	291	4	7		42.78	-95.63
X	KA9VVQ	291	4	7		44.67	-90.18
X	KB0VKF	110
X	KB1OHI	6
X	KB2FSK	291	4	7		41.4	-92.92
X	KB2S	291	3			47.67	-122.12
X	KB2UQS	291	4	8		40.88	-85.5
X	KB2YLE	202
X	KB3HF	291	4	7		38.78	-90.62
X	KB4EKK	291	4	7		30.12	-95.27
X	KB4IRR	291	4	7		39.8	-93.55
X	KB4LA	291	4	8		34.32	-86.2
X	KB4QZH	291	4	8		38.93	-84.4
X	KB4TLH	291	4	8		39.68	-84.17
X	KB5ZYC	291	3			34.6	-118.23
X	KB6B	291	4	7		39.52	-104.72
X	KB6EGA	110
X	KB6KSD	6
X	KB6OJE	291	4	7		32.63	-96.92
X	KB6QPI	291		8		27.9	-82.72
X	KB7MLK	291	4	7		33.1	-96.88
X	KB7PF	291	4	8		37.07	-88.67
X	KB7Q	291	4			45.67	-111.23
X	KB8DX	291		8		39.65	-79.95
X	KB8FLI	291	4	7		36.1	-94.17
X	KB8KMH	291		8		38.42	-82.45
X	KB8PKC	291		8		37.38	-81.12
X	KB8UFP	291		8		26.13	-80.12
X	KB8V	291		8		33.95	-83.28
X	KB9DFE	291	4	7		45.95	-91.85
X	KB9LEB	291		8		29.02	-80.97
X	KB9RUG	291	4	7		39.73	-90.23
X	KB9S	291	4	7		44.78	-91.48
X	KB9TBB	291	4	7		45.07	-92.75
X	KB9TVR	291	4	7		39.48	-90.35
X	KB9TYC	291	4	7		45.4	-91.73
X	KC0IYT	291		8		42.42	-71.12
X	KC0VKN	291	4	8		42.63	-85.02
X	KC0WEA	291	4			48.85	-115
X	KC1BB	291	3			32.95	-112.05
X	KC1DWP	291	4	8		36	-86.78
X	KC1EGP	110
X	KC1EGQ	110
X	KC1EO	291	3			41.08	-112.05
X	KC1RFK	291	4	8		35.65	-86.2
X	KC2DWG	291	4	8		41.7	-89.35
X	KC2LM	291	4	7		35.15	-106.7
X	KC2LMZ	285
X	KC3JPP	291	4	8		36.02	-84.27
X	KC3MAL	291	4	7		41.63	-93.72
X	KC3QND	291	4	8		41.4	-82
X	KC3SJ	291	4	8		37.75	-84.3
X	KC3WNX	291	4	8		38	-85.68
X	KC4AAA	13	39	74	SA	-89.98	139.27
X	KC4AAC	13		73	SA	-64.77	-64.05
X	KC4BB	291	4	8		34.93	-86.97
X	KC4CR	291	3			44.07	-123.08
X	KC4HAR	291	4	8		38.78	-89.78
X	KC4HW	291	4	8		31.1	-85.58
X	KC4KS	291	4	8		36.4	-86.17
X	KC4LE	291	4	8		33.35	-86.83
X	KC4NX	291	4	8		35.68	-84.08
X	KC4OBX	291	4	8		36.93	-84.1
X	KC4RNF	291	4	8		33.93	-87.8
X	KC4TNQ	291	4	8		36.15	-86.87
X	KC4USB	13	12	74	SA	-80.02	-119.53
X	KC4USV	13	30	71	SA	-77.83	166.67
X	KC4WQ	291	4	8		38	-85.68
X	KC4YDJ	291	4	8		39.72	-86.27
X	KC4ZMB	291	4	8		33.53	-85.93
X	KC5ATJ	291	4	8		34.82	-88.2
X	KC5CMX	291		8		29.05	-82.03
X	KC5FTM	6
X	KC5RFU	291		8		30.45	-86.63
X	KC5SGK	6
X	KC5ZAP	291		8		42.27	-72.67
X	KC6CJY	291	4	8		42.93	-85.55
X	KC6R	291	4	7		38.88	-104.82
X	KC6T	291		8		39	-77.3
X	KC7JCV	291	4	7		29.55	-95.73
X	KC7QY	291	4	7		34.05	-106.88
X	KC7TY	291	4	7		42.92	-108.58
X	KC8DIO	6
X	KC8FDU	291	4	7		38.57	-90.25
X	KC8GCR	291		8		35.18	-81.45
X	KC8GZK	291		8		36.75	-76.83
X	KC8J	291	3			32.82	-117.1
X	KC8NFN	291	4	7		48.23	-101.3
X	KC8OPV	291		8		37.4	-77.57
X	KC8YEK	291	3			37.95	-122.07
X	KC8YRK	291		8		34.45	-84.15
X	KC9C	291	3			45.6	-122.32
X	KC9DGP	291	4	7		43.9	-91.23
X	KC9EI	291	3			43.62	-116.4
X	KC9GMO	6
X	KC9K	291	4	7		40.3	-90.07
X	KC9UHI	291	3			32.13	-110.95
X	KD0BTO	291	3			37.4	-122.08
X	KD0EE	291	4	8		37.97	-87.4
X	KD1RX	291	3			45.53	-122.97
X	KD2BK	202
X	KD2FSH	291	3			33.62	-112.45
X	KD2GBT	6
X	KD2GQL	202
X	KD2KW	291	4	7		33.18	-96.95
X	KD2RPX	291	4	7		37.47	-108.47
X	KD4ADC	291	4	8		34.43	-85.72
X	KD4BWM	291	4	8		31.33	-85.85
X	KD4CDL	285
X	KD4EE	291	4	8		39.08	-84.45
X	KD4LT	291	4	8		36.05	-85.02
X	KD4SN	291	4	8		38	-84.53
X	KD4ULD	291	4	8		38.08	-85.65
X	KD4ULW	291	4	8		38.32	-85.82
X	KD4Y	291	4	8		35.95	-83.2
X	KD4YHE	291	4	8		37.2	-87.18
X	KD5AJC	291	3			32	-110.7
X	KD5DD	291	4	8		34.18	-88.78
X	KD5M	291		8		30.77	-86.6
X	KD5PCK	291	4	8		30.32	-89.93
X	KD5USA	291	4	8		33.93	-87.8
X	KD5UVV	291	4	8		30.55	-89.68
X	KD6AF	291	4	7		30.72	-97.75
X	KD6HWF	291	4	8		42.55	-83.48
X	KD6MCX	291		8		31.85	-81.6
X	KD7ACB	291		8		26.7	-81.92
X	KD7MT	291	4	7		45.78	-108.65
X	KD7RF	6
X	KD8HE	291		8		37.8	-81.2
X	KD8TF	291		8		28.8	-81.88
X	KD9ERP	291	4	7		38.88	-104.82
X	KD9LTN	291	4	7		41.43	-90.47
X	KD9QS	291		8		39.22	-76.88
X	KD9RBY	291	4	7		45.55	-90.12
X	KD9ZUN	291	4	7		38.43	-90.2
X	KE0G	291		8		34.13	-81.33
X	KE0GHY	291	4			48.4	-114.35
X	KE0GUV	6
X	KE0HMK	6
X	KE0JTC	110
X	KE0L	291	4	8		35.2	-84.85
X	KE0YI	291	4	8		38.53	-89.95
X	KE1B	291	3			37.15	-121.98
X	KE2BBI	110
X	KE2EYU	103
X	KE2VB	291	3			32.42	-110.95
X	KE3K	291	4	8		42.02	-86.52
X	KE4GOI	291	4	8		34.72	-86.75
X	KE4KMG	291	4	8		35.23	-86.07
X	KE4KY	291	4	8		38.17	-85.43
X	KE4VAM	291	4	8		38.52	-82.72
X	KE4WKH	291	4	8		30.4	-87.47
X	KE4WVK	291	4	8		31.13	-85.92
X	KE4XT	291	4	7		33.23	-97.12
X	KE5MIS	291	4	8		33.92	-89.68
X	KE5NJ	291		8		39.48	-75.68
X	KE6FQC	291	4	7		39	-90.97
X	KE6FZD	110
X	KE7IIJ	6
X	KE7LBB	291	4	7		42.77	-105.38
X	KE8AE	291		8		39.32	-79.58
X	KE8FT	291	3			38.55	-121.73
X	KE8KMX	291		8		39.6	-79.92
X	KE8NN	291	3			32.92	-117.13
X	KE8QZC	291		8		38.43	-82.38
X	KE8UN	291		8		39.18	-81.38
X	KE8WEQ	6
X	KE8WIC	291		8		39.28	-80.35
X	KE8YIK	291		8		39.3	-78.6
X	KE8ZZH	291		8		39.27	-80.13
X	KF0CT	291	4	8		42.95	-88
X	KF0FMQ	110
X	KF0IWN	291	4	8		41.82	-86.23
X	KF4AV	291	4	8		39.08	-84.45
X	KF4FMQ	291	4	8		37.65	-84.77
X	KF4TY	291	4	8		36.5	-84.53
X	KF5BA	291	4	8		30.37	-89.17
X	KF5MU	291	4	8		36.87	-87.48
X	KF6AST	110
X	KF6HDJ	291		8		30.48	-87.32
X	KF6HI	291	4	8		41.47	-87.08
X	KF7CG	291	4	8		36.57	-86.5
X	KF7EB	291	4	7		44.58	-106.9
X	KF7MD	291	4	7		39.52	-105.32
X	KF7MMO	6
X	KF7RO	291		8		34.75	-82.05
X	KF7ROC	6
X	KF7Z	291	4	7		42.65	-110.12
X	KF7ZLU	291	4			46.4	-114.17
X	KF8ENL	6
X	KF8EXX	291		8		38.87	-81.82
X	KF8N	291		8		37.35	-77.33
X	KF9LI	291	4	7		33.42	-94.18
X	KF9MT	291	4	7		42.02	-91.67
X	KG1D	291	4	7		29.17	-98.47
X	KG2E	291	4	8		36.97	-86.4
X	KG2MD	291	4	8		34.72	-86.4
X	KG4BIG	291	4	8		38.22	-84.55
X	KG4HZF	6
X	KG4NE	105
X	KG4STL	291	4	8		35.83	-84.02
X	KG4V	291	4	8		35.63	-85.2
X	KG5EG	291	4	8		38.77	-89.68
X	KG5GCC	291	4	8		30.3	-89.47
X	KG5MAF	103
X	KG5NSU	285
X	KG5OA	291		8		28.07	-80.62
X	KG5TA	291		8		39.75	-76.82
X	KG5XR	291		8		38.27	-77.65
X	KG6CIH	291		8		42.87	-71.52
X	KG6DX	103
X	KG6EMQ	6
X	KG6JDX	103
X	KG7TLW	6
X	KG7VQ	291	4			46.38	-112.75
X	KG7WCF	110
X	KG8ZY	291		8		39.2	-76.83
X	KG9V	291		8		35	-80.95
X	KH0WJ	110
X	KH2AR	291	4	8		35.15	-89.97
X	KH2BR	291	3			33.75	-117.47
X	KH2GM	291	4	8		34.83	-86.88
X	KH2PM	291		8		35.63	-78.85
X	KH2SR	291	3			37.75	-121.13
X	KH2TJ	291	3			39.82	-120.47
X	KH3AE	110
X	KH6CT	291		8		29.68	-82.37
X	KH6EE/7	291	3			41.3	-116.6
X	KH6GK	291	3			33.1	-117.3
X	KH6HU	291	3			33.33	-112
X	KH6M	291		8		26.33	-81.58
X	KH6ND	291	3			41.3	-116.6
X	KH6VM	291	3			47.95	-122.22
X	KH7DA/4	291		8		33.12	-82.2
X	KH7T	291	3			34.83	-111.75
X	KH7X	291	3			41.3	-116.6
X	KH7XS/4	291		8		33.12	-82.2
X	KI0E	291	3			43.55	-116.57
X	KI0EB	291	4	8		38.52	-83.87
X	KI4EZC	291	4	8		35.13	-85.28
X	KI4JFX	291	4	7		41.15	-95.92
X	KI4KWR	291	4	8		34.73	-86.52
X	KI4NG	291	4	8		36.5	-84.53
X	KI4PHE	291	4	8		34.78	-86.62
X	KI5HVD	291	4	8		30.4	-89.28
X	KI5LTT	6
X	KI5UXN	291	4	8		32.07	-88.68
X	KI5VNB	291	4	8		39.53	-84.08
X	KI5ZQZ	291	4	8		34.27	-88.38
X	KI6AMI	110
X	KI6AMJ	110
X	KI6DY	291	4	8		41.25	-81.43
X	KI6HQT	291	4	7		30.25	-97.77
X	KI6KGC	291	4	7		36.38	-105.25
X	KI6QDH	291	4	7		41.18	-104.8
X	KI6T	291		8		40.1	-75.37
X	KI7ID	291	4	7		33.18	-97.13
X	KI7LPT	291	4			46.77	-113.7
X	KI7MJU	291	4	7		37.15	-94.47
X	KI7WX	291		8		40.53	-75.13
X	KI8I	291		8		38.38	-81.83
X	KJ4AOM	291	4	8		37.75	-84.3
X	KJ4BIX	291	4	8		35.28	-89.4
X	KJ4JPV	291	4	8		36.28	-83.03
X	KJ4KVC	291	4	8		35.85	-87.32
X	KJ4LTA	291	4	8		31.35	-85.33
X	KJ4M	291	4	8		33.38	-86.7
X	KJ4MES	291	4	8		43.42	-84.77
X	KJ4ND	291	4	8		37.52	-84.68
X	KJ4OOR	291	4	8		36.25	-82.18
X	KJ4QIS	291	4	7		36.32	-94.15
X	KJ4UGO	291	4	8		34.6	-87.08
X	KJ4YLR	291	4	8		37.75	-84.3
X	KJ6DQ	291	4	7		29.48	-98.35
X	KJ6GHN	291		8		41.07	-74.8
X	KJ6SVE	291	4	8		38.02	-84.93
X	KJ6XC	291	4	8		39.63	-84.08
X	KJ6YXI	291	4	8		36.3	-82.48
X	KJ7IEZ	6
X	KJ9C	291	4			45.28	-111.37
X	KJ9D	291		8		35.38	-79.2
X	KK0L	291	4	8		40.12	-82.92
X	KK0NIG	291	3			39.72	-121.82
X	KK2A	291	4	8		35.73	-84.35
X	KK4ADQ	291	3			43.48	-116.38
X	KK4JW	291	4	8		37.68	-83.98
X	KK4NAW	291	4	7		42.93	-111.02
X	KK4OMJ	291	4	8		38.02	-84.48
X	KK4OVW	291	4	8		36.47	-86.67
X	KK4XA	291	4	8		35.8	-83.88
X	KK5OQ	291	4	8		31	-89.45
X	KK6MC	291	4	7		35.13	-106.37
X	KK6OKU	291	4	8		35.53	-84.18
X	KK6PSW	110
X	KK6WJY	6
X	KK7BWQ	291		8		36.1	-79.27
X	KK7CJV	291	4			45.67	-111.23
X	KK7FAU	103
X	KK7FVU	6
X	KK7JVV	6
X	KK7LRD	291	4	7		42.83	-106.28
X	KK7RSM	9
X	KK7TZP	291	4	7		41.15	-104.8
X	KK7VXK	291	4	7		48.58	-109.22
X	KK8C	291	4	7		38.88	-94.82
X	KK9A	291		8		35.35	-80.2
X	KK9MHZ	291	3			37.25	-121.95
X	KK9O	291		8		26.93	-80.12
X	KL0D	291		8		43.13	-72.33
X	KL0S	291		8		37.27	-76.73
X	KL0SS	291		8		37.27	-76.73
X	KL1A	291	4	7		29.98	-95.58
X	KL2A/7	291	3			41.3	-116.6
X	KL2YE	291	4	8		46.8	-88.63
X	KL3KZ	291	4	7		47.82	-92.28
X	KL4QZ	291	4	7		34	-98.4
X	KL5MM	291		8		39.78	-75.03
X	KL5NL	291	4	7		41.32	-93.58
X	KL7AF	291	4	8		34.75	-86.67
X	KL7DJ	291	3			40.63	-122.35
X	KL7FDQ	291	3			47.7	-117.43
X	KL7HQR	291	3			38.72	-121.37
X	KL7IKV	291	3			47.37	-122.6
X	KL7NL	291		8		35.03	-79.57
X	KL7NL/4	291		8		33.12	-82.2
X	KL7NW	291	4	7		41.12	-95.93
X	KL7OF	291	3			47.9	-117.75
X	KL7OF/7	291	3			41.3	-116.6
X	KL7QW	291	4	7		38.07	-92.47
X	KL7SK	291	3			47.02	-122.88
X	KL7YK	291	4	7		31.03	-97.68
X	KM1Z	291	4	8		35.62	-87.03
X	KM4CH	291	4	8		38.02	-84.93
X	KM4CVQ	6
X	KM4DR	291	4	7		30.03	-99.13
X	KM4FO	291	4	8		37.4	-87.57
X	KM4FOC	291	4	8		33.77	-87.18
X	KM4HQE	291	4	8		36.22	-86.3
X	KM4IYW	291	4	8		36.08	-87.4
X	KM4JAD	291	4	8		36.52	-87.28
X	KM4RO	291	4	8		36.85	-86.88
X	KM4RT	291	4	8		35.57	-89.65
X	KM4ZBQ	6
X	KM5AT	291		8		30.83	-86.68
X	KM5E	291		8		34.92	-81.02
X	KM6EJL	6
X	KM6UH	291		8		41.88	-73.7
X	KM7AFF	291		8		35.9	-81.22
X	KM7AXV	291	4	7		45.95	-108.35
X	KM7BNX	110
X	KM7CT	291		8		29.48	-81.2
X	KM7FTJ	110
X	KM7SAD	291		8		41.8	-79.68
X	KM7W	291	4			45.67	-111.23
X	KM8L	291		8		39.5	-80.22
X	KM9R	291	3			39.52	-119.9
X	KN0A	291		8		28.88	-81.3
X	KN0BLE	291		8		28.67	-81.42
X	KN0W	291	3			48.07	-122.15
X	KN1MT	291	4	8		36.08	-84.18
X	KN4ABF	291	4	7		39.58	-104.9
X	KN4AL	291	4	8		42.63	-83.47
X	KN4CG	291	4	8		36.88	-88.35
X	KN4CNU	291	4	8		35.17	-85.22
X	KN4DUA	291	4	8		35.73	-84.35
X	KN4ICW	6
X	KN4IWO	291	4	8		35.97	-85.05
X	KN4IXT	291	4	8		35.87	-83.48
X	KN4JGH	291	4	8		35.72	-86.9
X	KN4LIU	291	4	8		35.2	-85.5
X	KN4OK	291	4	8		34.32	-86.2
X	KN4RD	291	4	7		40.13	-104.95
X	KN4Y	291	4	8		37.98	-84.18
X	KN4YAQ	291	4	8		35.33	-87.3
X	KN6BU	291		8		38.68	-77.32
X	KN6DV	291		8		40.52	-77.43
X	KN6KCA	110
X	KN6PHX	6
X	KN8U	291		8		35.47	-79.17
X	KN9K	291	3			34.7	-112.27
X	KO1H	291	3			38.77	-121.28
X	KO1Z	291	4	7		44.77	-93.28
X	KO2Y	291	4	7		32.97	-96.98
X	KO4AWC	291	4	8		34.93	-86.97
X	KO4BJA	6
X	KO4CAA	291	4	7		31.8	-105.97
X	KO4DCD	291	4	8		36.55	-82.57
X	KO4DWB	291	4	8		36.88	-86.72
X	KO4EVC	291	4	8		36.4	-82.45
X	KO4FSZ	291	4	8		41.6	-81.47
X	KO4FX	291	4	8		35.87	-86.42
X	KO4IDC	291	4	8		37.83	-87.57
X	KO4LFZ	291	4	8		36.57	-89.2
X	KO4MAO	291	4	8		36.35	-88.85
X	KO4OL	291	4	8		37.75	-84.3
X	KO4PZX	291	4	8		35.85	-86.48
X	KO4TFE	291	4	8		37.87	-84.67
X	KO4TUP	291	4	8		38.05	-85.57
X	KO4UFD	291	4	8		34.32	-86.2
X	KO4UOJ	291	4	8		35.85	-85.13
X	KO4VJN	291	4	8		36.3	-88.32
X	KO4WFR	291	4	8		38.02	-84.93
X	KO4XJ	291	4	8		37.03	-88.6
X	KO4YIN	291	4	7		39.05	-94.4
X	KO4Z	291	4	8		35.48	-89.73
X	KO6BEN	291		8		35.98	-78.85
X	KO6JPQ	166
X	KO8SCA	291		8		42.93	-76.4
X	KO8V	291		8		38.1	-78.42
X	KO9V	291	4	7		40.65	-105.05
X	KP2BH	291		8		28.12	-81.62
X	KP2BH/4	291		8		33.12	-82.2
X	KP2X	291	4	7		37.83	-94.35
X	KP2XX	291	4	7		45.2	-92.55
X	KP2Z	202
X	KP3J	291		8		37.27	-76.73
X	KP3U	291		8		34.92	-82.13
X	KP4EOP	291	4	7		38.43	-90.38
X	KP4MD	291	3			38.7	-121.28
X	KP4PW	291		8		25.73	-80.32
X	KP4WW	291		8		26.53	-80.12
X	KQ0J	291		8		27.72	-82.35
X	KQ4AHO	291	4	8		34.27	-86.2
X	KQ4DUX	291	4	8		31.3	-86.48
X	KQ4ETC	291	4	8		33.93	-86.47
X	KQ4EWC	6
X	KQ4FIP	291	4	8		35.98	-86.92
X	KQ4HNN	291	4	8		37.72	-86.93
X	KQ4JEQ	291	4	8		38.28	-84.68
X	KQ4MYC	291	4	8		35.82	-86.88
X	KQ4NOM	291	4	8		39.8	-84.02
X	KQ4PLS	291	4	8		30.62	-87.88
X	KQ4RLN	291	4	8		34.32	-86.2
X	KQ4SMI	291	4	8		35.08	-85.07
X	KQ4TPD	291	4	8		30.87	-87.77
X	KQ4TTY	291	4	8		33.55	-86.88
X	KQ4UJG	291	4	8		36.2	-83.28
X	KQ4VPZ	291	4	8		33.18	-87.48
X	KQ4VT	291	4	8		34.78	-86.55
X	KQ4VVQ	291	4	8		30.63	-88.17
X	KQ4YGJ	291	4	8		35.93	-86.88
X	KQ9J	291	4	7		45.93	-90.42
X	KR2E	291	3			33.7	-111.88
X	KR3PS	291	4	8		34.05	-86.78
X	KR4ABR	291	4	8		38.3	-83.67
X	KR4AUX	291	4	8		36.1	-83.95
X	KR4BEL	291	4	8		37.67	-84.6
X	KR4CNM	6
X	KR4DDW	291	4	8		36.38	-85.32
X	KR4F	291	4	8		34.73	-86.57
X	KR4FQG	291	4	8		34.18	-86.32
X	KR4HIE	291	4	8		31.37	-85.93
X	KR4HPQ	291	4	8		36.97	-86.4
X	KR4IDJ	291	4	8		36.18	-86.5
X	KR4KCP	291	4	8		38.18	-85.52
X	KR5X	291		8		43.07	-71.7
X	KR7C	291	4	7		40.02	-105.28
X	KR8KEN	6
X	KS0T	291	3			45.52	-122.63
X	KS3CKC	291	4	7		39.1	-94.58
X	KS4L	291	4	8		34.67	-86.57
X	KS4NL	291	4	8		37.58	-84.27
X	KS4VIN	6
X	KS4VOL	291	4	8		35.93	-84.52
X	KS4X	291	4	8		35.15	-85.33
X	KS5A	291	3			33.38	-111.87
X	KS7T	291	4			45.9	-112.63
X	KS9A	291	4	7		40.57	-90.02
X	KT0P	291	4			48.23	-114.25
X	KT0V	291	4	8		45.02	-88.37
X	KT1I	291	3			34.07	-118.43
X	KT3M	291	4	7		39.63	-104.97
X	KT3R	291	4	7		42.8	-96.93
X	KT3X	291	4	7		30.07	-95.62
X	KT4O	291	4	8		36.57	-82.18
X	KT4RH	291	4	8		36.3	-88.7
X	KT4XA	291	4	8		34.47	-87.65
X	KT6D	291		8		35.87	-82.72
X	KT9T	291	4	7		44.88	-93.48
X	KT9X	291	3			34.53	-112.25
X	KU0D	291	4	8		46	-86.25
X	KU1CW	291	3			45.68	-122.58
X	KU4A	291	4	8		38.07	-84.45
X	KU4UK	291	4	8		33.32	-86.97
X	KU8E	291		8		32.63	-84.78
X	KU8V	291		8		38.82	-77.07
X	KV0K	291		8		26.13	-81.8
X	KV1E	291	4	7		41.43	-91.05
X	KV1I	291	4	7		32.72	-94.97
X	KV2M	291	4	7		33.2	-96.62
X	KV3T	291	4	8		42.03	-87.73
X	KV4T	291	4	8		33.18	-87.38
X	KV6O	291	4	7		38.85	-104.9
X	KV8S	291	4	7		31.92	-92.63
X	KW0A	291		8		42.2	-71.43
X	KW4J	291	4	8		33.4	-86.83
X	KW4LU	291	4	8		36.35	-82.2
X	KW4OV	291	4	8		30.57	-87.9
X	KW4SW	291	4	8		34.27	-86.03
X	KW4YA	291	4	8		38.02	-84.43
X	KW7D	291	4	7		32.23	-107.75
X	KW7EET	291	4	7		45.95	-108.6
X	KW7Q	291	4	7		40.53	-105.05
X	KW9A	291	4	7		40.55	-90.67
X	KX2P	291	4	7		39.72	-104.93
X	KX3H	291	4	8		43.02	-88.27
X	KX4AV	291	4	8		38.63	-83.1
X	KX4BI	291	4	8		34.9	-87.5
X	KX4FR	291	4	8		35.15	-85.33
X	KX4X	291	4	8		33.7	-87.62
X	KY0Q	291	4	8		42.05	-88.1
X	KY0W	291	3			37.15	-121.97
X	KY4DMD	291	4	8		37.75	-84.3
X	KY4G	291	4	8		34.75	-86.67
X	KY4HV	291	4	8		34.18	-86.83
X	KY4KD	291	4	8		37.65	-84.77
X	KY4KY	291	4	8		38	-85.68
X	KY4NA	291	4	8		38.17	-85.43
X	KY4XX	291	4	8		38.33	-85.47
X	KY6AA	291	4	8		42.03	-87.73
X	KZ1W	291	3			47.65	-122.03
X	KZ2T	291	4	7		35.42	-97.65
X	KZ2V	291	3			37.38	-122.13
X	KZ4BE	291	4	8		33.3	-87.58
X	KZ4KG	291	4	8		34.62	-86.55
X	KZ4ML	291	4	8		38.47	-82.65
X	KZ4WJ	291	4	8		41.98	-87.67
X	KZ5DX	291	4	8		32.65	-89.12
X	KZ5ED	291		8		36.03	-82.17
X	KZ7A	291	4	7		44.78	-106.97
X	KZ7Y	291		8		25.77	-80.2
X	KZ9O	291	4	7		44.8	-91.43
X	KZ9V	291	4	7		44.83	-91.52
X	LO7E/D	100				-33.7	-61
X	LU1AM/D	100				-33.7	-61
X	LU1ANG/D	100				-33.7	-61
X	LU1ANG/S	100				-29.43	-66.85
X	LU1APS/H	100				-31.42	-64.18
X	LU1DHL/D	100				-33.7	-61
X	LU1DLF/D	100				-33.7	-61
X	LU1DMZ/Z	238
X	LU1DNQ/D	100				-33.7	-61
X	LU1DUA/D	100				-33.7	-61
X	LU1EAF/D	100				-33.7	-61
X	LU1EAF/F	100				-33.72	-62.23
X	LU1EAF/O	100				-24.78	-65.42
X	LU1EVW/D	100				-33.7	-61
X	LU1HIP/H	100				-31.42	-64.18
X	LU1HIP/Y	100		16		-38.95	-68.07
X	LU1JCE/O	100				-24.78	-65.42
X	LU1MAW/D	100				-33.7	-61
X	LU1UG/U	100				-36.62	-64.28
X	LU1VNH/V	100		16		-40.8	-63
X	LU1VOF/V	100		16		-40.8	-63
X	LU1VZ/V	100		16		-40.8	-63
X	LU1WF/W	100		16		-43.3	-65.1
X	LU1XAV/XA	100		16		-50.43	-69.25
X	LU1ZA	238
X	LU2DGI/D	100				-33.7	-61
X	LU2DT/D	100				-33.7	-61
X	LU2EUX/D	100				-33.7	-61
X	LU2FEL/F	100				-33.72	-62.23
X	LU2HDM/H	100				-31.42	-64.18
X	LU2HDT/H	100				-31.42	-64.18
X	LU2WA/W	100		16		-43.3	-65.1
X	LU3DAR/D	100				-33.7	-61
X	LU3DVN/X	100		16		-50.43	-69.25
X	LU3DXG/D	100				-33.7	-61
X	LU3EMN/W	100		16		-43.3	-65.1
X	LU3EMN/XA	100		16		-50.43	-69.25
X	LU3EU/E	100				-33.7	-61
X	LU3HBC/U	100				-36.62	-64.28
X	LU3HGB/H	100				-31.42	-64.18
X	LU3HGB/V	100		16		-40.8	-63
X	LU4ARU/D	100				-33.7	-61
X	LU4DPL/H	100				-31.42	-64.18
X	LU4DQ/D	100				-33.7	-61
X	LU4FRN/V	100		16		-40.8	-63
X	LU4HDE/H	100				-31.42	-64.18
X	LU4HK/H	100				-31.42	-64.18
X	LU4SCM/S	100				-29.43	-66.85
X	LU5OIJ/O	100				-24.78	-65.42
X	LU5SDL/S	100				-29.43	-66.85
X	LU5UMB/U	100				-36.62	-64.28
X	LU5VGP/V	100		16		-40.8	-63
X	LU5VNL/V	100		16		-40.8	-63
X	LU5YS/V	100		16		-40.8	-63
X	LU6HL/H	100				-31.42	-64.18
X	LU6HPA/H	100				-31.42	-64.18
X	LU6UVI/D	100				-33.7	-61
X	LU7CC/E	100				-33.7	-61
X	LU7DZV/D	100				-33.7	-61
X	LU7EYX/D	100				-33.7	-61
X	LU7VRC/V	100		16		-40.8	-63
X	LU7YG/Y	100		16		-38.95	-68.07
X	LU8DAL/D	100				-33.7	-61
X	LU8DZE/D	100				-33.7	-61
X	LU8EMD/D	100				-33.7	-61
X	LU8JNS/H	100				-31.42	-64.18
X	LU8SAM/S	100				-29.43	-66.85
X	LU9CNS/D	100				-33.7	-61
X	LU9CNS/S	100				-29.43	-66.85
X	LU9IMM/L	100				-28.67	-57.63
X	LU9WT/W	100		16		-43.3	-65.1
X	LW2DMD/D	100				-33.7	-61
X	LW3DMV/D	100				-33.7	-61
X	LW4DAF/D	100				-33.7	-61
X	LW4EIN/D	100				-33.7	-61
X	LW5ECI/D	100				-33.7	-61
X	LW6DGA/D	100				-33.7	-61
X	LW6DGI/D	100				-33.7	-61
X	LW6DNF/D	100				-33.7	-61
X	LW8HBE/H	100				-31.42	-64.18
X	M0KWG	294
X	M3I	279
X	M7HPC	279
X	M8CYE	294
X	M8DOI	279
X	M8ENA	294
X	M8FBB	294
X	M8HZR	279
X	M8IYV	279
X	M8LAO	279
X	M8NEG	279
X	M8PVZ	294
X	M8RBW	294
X	M8SNT	279
X	M8TSH	265
X	M8UAT	279
X	M8XZA	279
X	M9LPZ	294
X	M9MMB	294
X	M9MWZ	294
X	M9SAE	294
X	M9SMC	265
X	M9SNW	279
X	M9SRU	279
X	M9STM	279
X	M9TGX	294
X	M9WGP	265
X	MM0LSM	279				60.5	-1.5
X	MM0NQY	279				60.5	-1.5
X	MM0VIK	279				60.5	-1.5
X	MM0XAU	279				60.5	-1.5
X	MM0ZAL	279				60.5	-1.5
X	MM0ZCG	279				60.5	-1.5
X	MM0ZRC	279				60.5	-1.5
X	MM1FEO	279				60.5	-1.5
X	MM1FJM	279				60.5	-1.5
X	MM3VQO	279				60.5	-1.5
X	MM5PSL	279				60.5	-1.5
X	MM5YLO	279				60.5	-1.5
X	MM6BDU	279				60.5	-1.5
X	MM6BZQ	279				60.5	-1.5
X	MM6IKB	279				60.5	-1.5
X	MM6IMB	279				60.5	-1.5
X	MM6MFA	279				60.5	-1.5
X	MM6PTE	279				60.5	-1.5
X	MM6SJK	279				60.5	-1.5
X	MM6YLO	279				60.5	-1.5
X	MM6ZBG	279				60.5	-1.5
X	MM6ZDW	279				60.5	-1.5
X	MM7CGR	279				60.5	-1.5
X	MM7HBQ	279				60.5	-1.5
X	MM8A	279				60.5	-1.5
X	MS0ZCG	279				60.5	-1.5
X	MS0ZET	279				60.5	-1.5
X	MS5B	279				60.5	-1.5
X	N0CVP	291	3			31.9	-110.22
X	N0DIM	291		8		34.95	-82.22
X	N0DQD	291		8		32.33	-80.85
X	N0FUC	291	4	8		41.47	-83.28
X	N0FW	291	4	8		39.43	-84.62
X	N0GAF	291	4	8		42.77	-89.28
X	N0HF	291		8		41.52	-72
X	N0KKJ	291	4	8		33.55	-88.48
X	N0KRE	291	3			33.62	-111.95
X	N0KWA	291	4	8		30.53	-89.88
X	N0MH	291	4	8		38.02	-84.48
X	N0MNY	291		8		39.17	-76.58
X	N0OEP	291		8		37.27	-76.73
X	N0OJ	291		8		28.28	-80.65
X	N0QQ	291		8		41.17	-80.45
X	N0SMX	291		8		28.93	-81.97
X	N0VD	291	3			33.85	-112.62
X	N0VRS	291	4	8		41.23	-83.65
X	N0WOP	291	4	8		42.48	-87.83
X	N0XMD	291	4	8		40.1	-83.15
X	N0YFI	291		8		40.47	-79.95
X	N0YO	291		8		38.55	-81.12
X	N0YY	291		8		36.75	-80.72
X	N1AL	291	3			37.13	-113.5
X	N1AV	291	3			33.18	-111.53
X	N1CC	291	3			37.05	-112.53
X	N1CCC	291	4	7		38.97	-94.6
X	N1CFO	291	4	7		40.42	-104.75
X	N1CLC	291	3			32.97	-117.12
X	N1DVM	291	4	7		32.97	-96.88
X	N1EU	291	3			38.07	-122.53
X	N1JM	291	3			33.43	-112.28
X	N1KW	291	4	8		41.6	-87.97
X	N1NYT	291	4			46.6	-111.9
X	N1OKL	291	4	8		34.83	-87.65
X	N1RIP	291	4	8		38.22	-85.22
X	N1RU	291	4	8		41.05	-85.25
X	N1SLO	291	3			45.2	-123.08
X	N1TX	6
X	N1WQ	291	4	7		44.92	-93.48
X	N1XK	291	4	7		42.05	-93.7
X	N1XS	291	4	7		33	-96.8
X	N2BJ	291	4	8		41.5	-87.97
X	N2CJN	291	3			37.27	-122.02
X	N2HC	291	3			36.83	-121.35
X	N2HNQ	110
X	N2HTE	291	4	8		39.27	-84.42
X	N2IC	291	4	7		32.8	-107.95
X	N2JF	291	4	8		35.73	-84.35
X	N2JNR	291	3			36.13	-115.28
X	N2NS	291	3			40.5	-111.88
X	N2SRK	291	4	7		39.6	-104.73
X	N2UN	291	3			45.52	-122.63
X	N2UR	291	4	7		33.12	-96.68
X	N2VW	291	4	7		29.8	-95.57
X	N2WN	291	4	8		36.15	-83.68
X	N3AIU	291	3			35.23	-111.57
X	N3AWS	291	4	8		30.55	-88.5
X	N3BB	291	4	7		30.22	-97.95
X	N3BBQ	291	4	7		33.35	-96.57
X	N3BEN	291	3			38.78	-121.23
X	N3BUO	291	4	7		32.58	-97.13
X	N3CI	291	4	7		35.47	-97.27
X	N3CMI	291	4	7		44.4	-104.38
X	N3CO	291	4	8		42.8	-85.72
X	N3DEB	291	3			36.92	-121.75
X	N3EG	291	3			46.15	-122.97
X	N3EU	291	4	8		41.95	-87.75
X	N3FAA	291	3			34.75	-118.37
X	N3HE	291	4	8		39.17	-84.45
X	N3KA	291	3			37.38	-122.02
X	N3KCJ	291	4	8		36.03	-88.25
X	N3OSI	291	3			38.98	-119.17
X	N3QQ	291	3			47.22	-123.1
X	N3QW	291	4	7		41.3	-96.1
X	N3RA	291	4	8		40.9	-80.87
X	N3RC	291	3			38.4	-122.85
X	N3UUS	291	4	8		42.47	-83.37
X	N3ZZ	291	4	7		40.6	-105.05
X	N4AB	291	4	8		35.87	-83.48
X	N4ARO	291	4	8		36.33	-82.33
X	N4ART	291	4	8		37.97	-84.47
X	N4AU	291	4	8		32.6	-86.22
X	N4BCD	291	4	8		35.2	-86.42
X	N4CC	291	3			43.63	-116.3
X	N4CIO	291	4	8		33.3	-86.65
X	N4DBR	291	4	8		43.63	-84.2
X	N4DD	291	4	8		36.52	-82.52
X	N4DLA	291	3			37.88	-122.17
X	N4DTF	291	4	8		35.08	-89.77
X	N4DW	291	4	8		36.52	-82.52
X	N4DXN	291	4	8		35.78	-87.48
X	N4EL	291	4	8		39.95	-84.17
X	N4ETH	291	3			37.77	-122.43
X	N4FUR	291	4	7		34.6	-93.15
X	N4FZ	291	4	8		37.07	-88.67
X	N4GK	291	4	8		34.87	-86.58
X	N4GN	202
X	N4GO	291	4	8		37.75	-84.3
X	N4HAI	291	4	8		40.03	-83.13
X	N4HID	291	4	8		36.93	-86.45
X	N4IDH	291	4	8		31.22	-85.48
X	N4IJB	6
X	N4IN	291	4	8		37.8	-85.47
X	N4JDB	291	4	8		34.5	-87.22
X	N4JEH	291	3			45.38	-122.22
X	N4JF	291	4	8		33.42	-86.78
X	N4JKO	291	4	8		37.87	-86
X	N4JN	291	4	8		34.62	-86.55
X	N4JQQ	291	4	8		35.12	-89.9
X	N4JR	291	4	8		34.73	-85.95
X	N4JRG	291	4	8		37.2	-86.68
X	N4KC	291	4	8		33.3	-86.77
X	N4KGL	291	4	8		31.27	-85.4
X	N4KH	291	4	8		34.62	-86.55
X	N4KZ	291	4	8		38.23	-84.87
X	N4KZS	291	4	8		36.45	-82.33
X	N4LJT	291	4	8		43.08	-82.48
X	N4LR	291	4	8		30.87	-88.65
X	N4LS	291	4	8		32.87	-85.22
X	N4LSJ	291	4	8		39.22	-84.4
X	N4MCC	291	4	8		35.93	-86.88
X	N4MIK	291	4	8		36	-84.12
X	N4MRM	291	4	8		38.15	-85.87
X	N4MTE	291	4	8		35.87	-86.42
X	N4NA	291	4	8		35.97	-86.5
X	N4NM	291	4	8		34.73	-86.57
X	N4NP	291	4	8		37.62	-84.43
X	N4NT	291	4	8		36.57	-82.18
X	N4NVG	291	4	7		30.22	-97.95
X	N4OGW	291	4	8		33.45	-88.82
X	N4OPI	291	4	8		35.92	-86.77
X	N4PX	291	4	8		35.2	-88.2
X	N4QS	291	4	8		37.07	-88.67
X	N4QWZ	291	4	8		36.42	-86.78
X	N4ROA	291	4	8		39	-84.65
X	N4RRR	291	4	8		35.2	-88.2
X	N4SCP	291	4	8		34.62	-86.55
X	N4SS	291	4	8		37.58	-84.27
X	N4SV	291	4	8		41.6	-86.7
X	N4TGD	291	4	8		34.83	-86.75
X	N4TY	291	4	8		38.22	-84.55
X	N4TZ	291	4	8		40.05	-85.53
X	N4UC	291	4	8		34.67	-86.57
X	N4UL	291	4	8		38.23	-85.72
X	N4UW	291	4	8		36.52	-82.52
X	N4VI	291	4	7		40.02	-105.28
X	N4VN	291	4	8		34.9	-86.45
X	N4VV	291	3			33.83	-118.35
X	N4WE	291	4	8		34.55	-87
X	N4XR	291	4	7		36.03	-95.93
X	N4XTT	291	4	8		36.52	-82.52
X	N4YHC	291	4	8		38.95	-84.73
X	N4ZSU	110
X	N4ZZ	291	4	8		36.17	-86.67
X	N5BF	291	3			34.22	-118.2
X	N5BLM	291	4	8		30.37	-88.55
X	N5BLY	291	4	8		30.4	-89.28
X	N5BNO	291		8		43.22	-78.48
X	N5BO	291		8		30.45	-86.63
X	N5CBP	291		8		30.1	-82.68
X	N5CQ	291		8		34.9	-82.4
X	N5CR	291	3			48.1	-122.58
X	N5CW	291	4	8		31.35	-89.22
X	N5DX	291		8		41.15	-74.53
X	N5EP	291	4	8		41.77	-88.13
X	N5FTY	291	4	8		30.48	-89.42
X	N5GF	291		8		28.4	-81.37
X	N5GI	291		8		28.75	-81.92
X	N5GNA	291		8		33.97	-84.43
X	N5HC	291		8		36.78	-78.78
X	N5IE	291	4	8		42.53	-87.88
X	N5JED	291	4	8		41.25	-81.83
X	N5JEY	291		8		33.4	-84.47
X	N5KO	291	3			36.98	-121.88
X	N5LZ	291	3			41.72	-111.98
X	N5PA	291	4	8		31.58	-89.22
X	N5PO	291	3	7		31.88	-109.62
X	N5PU	291	4	8		30.55	-88.5
X	N5PYY	291		8		40.27	-76.8
X	N5RP	291	4	8		37.77	-89.33
X	N5SA	291	4	8		31.67	-89.55
X	N5SMQ	291		8		38.37	-78.73
X	N5TB	291		8		38.27	-76.5
X	N5TF	291	4	8		30.52	-88.97
X	N5TOO	291		8		33.4	-84.65
X	N5UC	6
X	N5UE	291	4	8		31.32	-89.38
X	N5VGK	291	4	8		34.25	-88.72
X	N5VJX	291	4	8		30.55	-88.18
X	N5VX	291		8		34.73	-77.47
X	N5WCS	291	4	8		42.77	-83.03
X	N5YJZ	291	3			37.23	-121.98
X	N5YT	291	4	8		31.15	-89.47
X	N5ZO	291	3			33.13	-117.05
X	N6AQ	291	4	8		34.55	-88.22
X	N6AR	291		8		28.55	-81.58
X	N6AZU	110
X	N6BM	291		8		29	-82.18
X	N6DW	291		8		37.18	-79.65
X	N6EE	291		8		40.95	-74.15
X	N6ENO	291		8		41.85	-71.47
X	N6FS	291	4	8		42.28	-83.78
X	N6GQ	291	4	7		32.88	-97.22
X	N6HEW	291	4	7		35.13	-106.52
X	N6IGV	291	4	7		33.42	-94.18
X	N6JRL	291	4	8		41.17	-80.58
X	N6JS	291		8		35.32	-78.62
X	N6KB	110
X	N6MA	291	4	8		35.3	-86.65
X	N6NT	291		8		35.67	-81.9
X	N6QEK	6
X	N6QLS	291	4	7		33.12	-96.68
X	N6RH	291	4	7		31.72	-94.62
X	N6RSH	291	4	7		41.82	-103.67
X	N6TW	291		8		42.45	-71.22
X	N6US	291	4	7		32.23	-107.75
X	N6WHV	291	4	7		39.8	-105.1
X	N6YMM	291		8		34.75	-82.25
X	N6ZFO	291		8		37.55	-77.92
X	N7AGP	291	4			47.35	-111.6
X	N7BD	291	4	7		36.58	-93.13
X	N7BPT	202
X	N7DR	291	4	7		40.13	-104.95
X	N7ECV	291	4	8		43	-89.73
X	N7EMG	291	4	7		39.6	-105.13
X	N7EO	291	4	7		30.07	-95.82
X	N7FF	291	4	7		34.65	-92.98
X	N7FUL	291	4	7		29.35	-98.12
X	N7GVV	291	4	8		41.22	-85.83
X	N7IV	291	4	7		48.33	-101.32
X	N7IX	291	4	7		42.05	-104.97
X	N7KA	291	4	7		35.23	-106.62
X	N7KDT	291	4	8		34.62	-86.55
X	N7MQ	291	4	7		44.75	-108.78
X	N7MZW	291	4	7		41.15	-104.8
X	N7NG	291	4	7		45.83	-109.97
X	N7PMS	291	4			48.35	-114.18
X	N7PVW	291	4	8		37.62	-87.07
X	N7QAX	291	4	7		44.28	-105.5
X	N7QJP	291	4	7		47.57	-94.8
X	N7QS	291	4			47.5	-111.25
X	N7SE	291	4	7		38.47	-107.88
X	N7US	291	4	8		42.32	-88.45
X	N7VR	291	4	7		45.77	-108.5
X	N7WFK	291	4	7		35.5	-97.73
X	N7WY	291	4	7		41.18	-104.8
X	N7XG	291	4	7		34.95	-92.03
X	N7YA	291		8		44.43	-69.02
X	N7YDH	291	4	7		42.77	-104.47
X	N7ZG	291		8		28.55	-81.18
X	N7ZZ	291	4	8		44.48	-87.93
X	N8AAY	291		8		39.58	-77.13
X	N8AID	291		8		37.33	-79.28
X	N8BM	291	4	7		26.22	-98.33
X	N8CL	291		8		28.93	-81.98
X	N8ELA	291	3			31.95	-111
X	N8GB	291		8		38.05	-81.8
X	N8GU	291		8		26.52	-81.7
X	N8HM	291		8		38.85	-77.07
X	N8II	291		8		39.43	-77.82
X	N8IK	291		8		38.82	-77.12
X	N8IVN	291		8		39.23	-77.15
X	N8JAA	291		8		39.55	-78.18
X	N8JAX	291		8		28.3	-82.63
X	N8JOE	291	3			33.2	-117.28
X	N8KH	291		8		28.07	-80.62
X	N8MD	291	4	7		44.03	-91.7
X	N8MXL	291	4	7		39.53	-105.02
X	N8NA	291		8		39.8	-75.53
X	N8NN	291		8		29.02	-82.03
X	N8OO	291	4	7		31.22	-92.32
X	N8OZY	291		8		39.6	-79.92
X	N8PR	291		8		26.02	-80.15
X	N8QOT	291		8		35.88	-78.63
X	N8RA	291		8		41.47	-72.4
X	N8RF	291		8		38.95	-77.02
X	N8RR	291		8		38.37	-81.7
X	N8SEW	291	4	7		37.35	-108.58
X	N8SLT	291		8		39.38	-80.37
X	N8UM	291	3			33.17	-117.1
X	N8UOA	291		8		39.2	-81.65
X	N8URE	291		8		39.25	-76.8
X	N8USA	110
X	N8VCL	291	4	7		41	-95.92
X	N8VU	291		8		33.98	-84.15
X	N8WRL	291		8		35.1	-81.22
X	N8WXQ	291		8		42.08	-80.07
X	N8XX	291		8		40.65	-74.65
X	N8ZR	291		8		39.55	-78.18
X	N9ADG	291	3			47.68	-122.22
X	N9ARX	291	4	7		41.33	-96
X	N9ATF	291	4	7		40.5	-90.18
X	N9BD	291	3			39.37	-121.23
X	N9BSO	291	4	7		38.58	-90.27
X	N9CD	291	4	7		43.83	-91.33
X	N9CIQ	291	4	7		44.8	-91.43
X	N9CNF	291	4	7		45.47	-90.98
X	N9DK	291	3			37.38	-122.08
X	N9EA	291	4	7		41.5	-90.42
X	N9EAT	291	4	7		41.85	-90.15
X	N9FDE	291	4	7		43.9	-91.23
X	N9FZ	291		8		32.47	-83.73
X	N9GB	291	4	7		38.78	-94.67
X	N9HDE	291	4	7		42.52	-90.73
X	N9ISN	291	4	7		45	-91.73
X	N9JF	291	4	7		39.88	-91.08
X	N9JYJ	291	4	7		36.7	-97.08
X	N9KIY	291		8		34.28	-81.62
X	N9MM	291	4	7		30.4	-95.2
X	N9MS	291		8		35.3	-78.03
X	N9MTG	291		8		32.6	-83.63
X	N9NA	291	3			33.68	-112.37
X	N9NB	291		8		37.03	-80.43
X	N9NC	291		8		43.12	-71
X	N9NFT	291		8		28.15	-82.03
X	N9NM	291	4	7		30.28	-98.88
X	N9OF	291	4	7		30.28	-98.88
X	N9OU	291		8		27.07	-82.35
X	N9PGG	291		8		35.55	-78.67
X	N9PQJ	291		8		34.92	-81.02
X	N9RV	291	4			46.87	-113.87
X	N9SB	291	4	7		40.95	-90.37
X	N9TTX	291	4	7		44.83	-91.52
X	N9TX	291	4	7		30.28	-98.88
X	N9UY	291		8		30.48	-87.18
X	N9VPV	291	4	7		40.95	-90.37
X	N9ZW	291	4	7		30.45	-95.45
X	NA1KW	291	4	7		39.7	-91.38
X	NA1LZ	291	4	8		42.03	-87.73
X	NA2CC	291	3			38.27	-122.03
X	NA2U	291	3			33.63	-112.05
X	NA4A	291	4	8		34.35	-86.92
X	NA4C	291	4	8		36.08	-87.4
X	NA4DX	291	4	7		38.8	-90.85
X	NA4M	291	4	7		30.63	-97.75
X	NA4MM	291	4	8		32.42	-86.28
X	NA4W	291	4	8		32.45	-87.5
X	NA5NN	291	4	8		31	-89.45
X	NA7L	291		8		40.65	-75.22
X	NA9J	291		8		26.92	-82.05
X	NA9RB	291	4	7		40.57	-90.02
X	NB0O	291	3			38.75	-121.18
X	NB1T	291	4	7		39.35	-94.93
X	NB3C	291	4	7		32.58	-97.13
X	NB4M	291	4	8		35.7	-86.08
X	NB5E	291		8		34	-84.02
X	NB9G	166
X	NC0O	291	3			32.97	-117.03
X	NC6K	291	4	7		40.48	-104.9
X	NC8N	291		8		33.57	-81.82
X	ND0L	291	4	8		44.27	-88.43
X	ND1A	110
X	ND2T	291	3			37.45	-122.15
X	ND3N	291	4	8		39.53	-83.45
X	ND4U	291	4	8		35.97	-86.5
X	ND4X	291	4	8		37.02	-88.38
X	ND4Y	291	4	8		36.77	-83.35
X	ND7J	291		8		35.4	-82.33
X	ND8L	291		8		28.93	-81.98
X	ND8N	291	3			32.4	-111.07
X	ND9M	291		8		30.8	-85.23
X	NE1LA	291	3			36.68	-121.62
X	NE2I	291	4	7		30.82	-94.87
X	NE4AA	291	4	8		35.23	-89.85
X	NE4M	291	4	8		34.62	-86.55
X	NE4TN	291	4	8		36.57	-82.65
X	NE5BO	291	4	8		35.28	-89.73
X	NE5W	291	4	8		33.12	-88.17
X	NE7DX	291	3	7		34.25	-109.7
X	NE8P	291		8		29.13	-81
X	NE9U	291	4	7		44.87	-91.93
X	NF1R	291	3			34.43	-119.73
X	NF4J	291	4	8		30.55	-88.18
X	NF5KF	291		8		26.15	-80.32
X	NF6P	291		8		28.08	-81.73
X	NF7D	291	4	8		33.2	-86.8
X	NG2G	291	3			48.7	-122.42
X	NG2S	291	4	8		36.52	-86.32
X	NG3Q	291	4	8		41.47	-81.85
X	NG4V	291	4	8		36.3	-87.68
X	NG6X	291	4			46.03	-114.2
X	NG7A	291	4	7		42.02	-91.67
X	NG7IL	291	4	7		45.63	-109.25
X	NG9B	291	4	7		42.98	-90.65
X	NG9T	291		8		35.38	-76.93
X	NH2B	166
X	NH6L	291	4	7		30.15	-95.2
X	NH6PK	291	4	7		31.85	-96.3
X	NH6T	291	4	8		33.72	-86.82
X	NH6Z	291	3			44.53	-122.88
X	NH7C	291		8		39.08	-77.17
X	NH7CY	291	4	7		44.9	-93.1
X	NH7TV	291		8		40.47	-79.92
X	NH8S	291	4	8		41.55	-87.97
X	NI0C	291	3			34.4	-118.55
X	NI2M	291	4	7		32.85	-97.08
X	NI5L	291	3	7		32.85	-109.75
X	NI7R	291		8		32.78	-80.22
X	NJ0U	291	4	8		41.05	-85.3
X	NJ4P	291	4	8		35.2	-88.2
X	NJ8G	291	3			33.6	-112.17
X	NJ8J	291		8		33.9	-84.6
X	NJ8M	291	4	7		39.05	-95.72
X	NK3L	291	3			37.68	-121.77
X	NK4I	291	4	8		35.83	-84.02
X	NK4P	291	4	8		38.22	-85.62
X	NK7U	291		8		28.93	-81.98
X	NK9I	291	3			33.72	-112.43
X	NL7CO	291	4	7		34.62	-98.45
X	NL7CQ	291	4	7		42.8	-100.62
X	NL7D	291	3			32.25	-110.92
X	NL7WA	291		8		28.52	-82.3
X	NL7XM	291		8		40.68	-75.22
X	NL7XM/B	291		8		39.95	-76.85
X	NL7XT	291	4	8		38.65	-86.45
X	NM4M	291	4	7		33.1	-96.65
X	NM7W	291	4	7		44.75	-108.78
X	NN3U	291	3			45.52	-122.68
X	NN4DX	291	4	8		34.75	-86.15
X	NN4MM	291	4	8		32.55	-85.47
X	NN4NT	291	4	8		34.72	-86.75
X	NN4SA	291	4	8		34.73	-86.52
X	NN5O	291	4	8		34.25	-88.72
X	NN5SS	291	4	8		35.2	-88.2
X	NN6TT	291	4	8		42.6	-87.83
X	NN7A	291	4	7		38.85	-107.97
X	NN7CW	291		8		28.92	-81.52
X	NN7V	291	4	7		45.5	-109
X	NN9DD	291		8		33.57	-84.22
X	NO2D	291	4	7		39.52	-104.72
X	NO2R	291	4	8		41.32	-81.75
X	NO3OO	291	4	7		29.98	-90.15
X	NO9E	291		8		33.93	-83.35
X	NP2GG	291		8		41.85	-73.02
X	NP2R/4	202
X	NP3FB	291	4	8		34.78	-86.75
X	NP3K	291		8		30.15	-81.57
X	NP3LY	291		8		28.27	-81.47
X	NP3XP	291	4	7		38.8	-104.73
X	NP4IW	291	3			37.88	-122.07
X	NP4Z/2	291		8		41.15	-74.53
X	NQ4U	291	4	8		35.72	-88.78
X	NQ4Y	291	4	8		35.82	-84.27
X	NQ8C	291		8		39.18	-78.52
X	NR4L	291	4	8		35.2	-88.2
X	NR5NN	291	3			38.07	-122.17
X	NR5W	291	3			47.53	-122.35
X	NR7DX	291	4			47.5	-111.25
X	NR7E	291	4			44.67	-111.1
X	NR8Z	291		8		39.03	-78.28
X	NR9Q	291	4	7		40.08	-91.28
X	NS0I	291		8		26.25	-81.77
X	NS2X	291	4	8		36.22	-85.55
X	NS3Q	291	3			36.12	-115.08
X	NS4X	291	4	8		35.15	-89.37
X	NT0K	291		8		35.48	-82.52
X	NT3S	291	3			44.83	-122.85
X	NT4H	291	3			47.15	-122.17
X	NT4J	291	4	8		36.1	-87.12
X	NT4TN	291	4	7		44.12	-103.07
X	NT4W	291	4	8		37.75	-82.7
X	NU0L	291	3			33.4	-111.92
X	NU4B	291	4	8		35.98	-83.97
X	NU4N	291	4	8		37.07	-88.67
X	NV4B	291	4	8		34.47	-87.65
X	NV4G	291	4	8		35.87	-83.75
X	NV9L	291		8		29.28	-82.5
X	NW8U	291		8		39.33	-80.03
X	NX1P	291	3			42.05	-124.28
X	NX7W	291	4			45.67	-111.05
X	NX9T	291		8		36.02	-78.47
X	NY1V	291	4	8		39.77	-86.4
X	NY4JB	291	4	8		36.07	-86.67
X	NY5E	291		8		29.27	-82.22
X	NY6DX	291		8		40.78	-73.53
X	NY9H	291		8		40.02	-80.27
X	NZ2S	291	3			47.83	-117.38
X	NZ6T	291		8		37.35	-79.9
X	NZ7Q	291	4	7		35.18	-106.67
X	NZ9Y	291	4	7		44.73	-93.3
X	PI80LDN/L	263
X	R0IAH/6	54		29
X	R1530IG	54		29		56.08	40.62
X	R1641AZ	54		29		47.87	41.18
X	R1943OD	54		29		48	37.83
X	R1996A	15		30		57.83	69
X	R1AT	54				59.95	30.3
X	R1CAA	54				60.05	31.75
X	R2ET/9	15	18	31		55.45	79.55
X	R2MWO	126
X	R35ARDF	54		29		56.08	40.62
X	R3HW/P	54		29		53.92	37.58
X	R440L	15		30		57.83	69
X	R4HAT	54		29		53.45	50.45
X	R4HC	54		29		53.45	50.45
X	R4HCE	54		29		53.45	50.45
X	R4HCZ	54		29		53.45	50.45
X	R4HD	54		29		53.45	50.45
X	R4HDC	54		29		53.45	50.45
X	R4HDR	54		29		53.45	50.45
X	R4HL	54		29		53.45	50.45
X	R4HMS/0	15	19	23		66.4	129.17
X	R4HMS/9	15	18	32		57.37	106
X	R4HNX/8	15				65.3	74.03
X	R4IC	54		29		53.45	50.45
X	R4ID	54		29		53.45	50.45
X	R4II	54		29		53.45	50.45
X	R4IK	54		29		53.45	50.45
X	R4IM	54		29		53.45	50.45
X	R4IN	54		29		53.45	50.45
X	R4IO	54		29		53.45	50.45
X	R4IT	54		29		53.45	50.45
X	R4PH	54		30		55.55	50.93
X	R4RB	54		30		55.55	50.93
X	R4RM	54		30		55.55	50.93
X	R4WAN/P	15	16	30		54.47	56.27
X	R50RKZ	54		29		51.05	40.15
X	R70OBN	54		29		54.43	35.43
X	R7CA/8	15				65.3	74.03
X	R8AIM/0	15	19	24		62.9	153.7
X	R8FF/6	54		29		44.65	40
X	R8JG/4	15	16	30		54.47	56.27
X	R8JG/P	15	16	30		54.47	56.27
X	R8LBI/3	54		29
X	R8MB/1	54	17	20		64.28	54.47
X	R90PNR	54		29		60.08	40.45
X	R9CS/P	15	16	30		54.47	56.27
X	R9GM/6	54		29		45.37	39.43
X	R9JAW/6	54		29
X	R9JQ/6	54		29		45.37	39.43
X	R9LAR/3	54		29		52.7	39.15
X	R9MA	15		31		56.22	73.27
X	RA2FA/0	15	19	34		50.55	142.6
X	RA3X/1	54	17	20		64.28	54.47
X	RA4HL	54		29		53.45	50.45
X	RA4NCC	54		30		58.77	49.83
X	RA9J	15		21		62.25	70.17
X	RA9JM	15		21		62.25	70.17
X	RC4HT	54		29		53.45	50.45
X	RC4I	54		29		53.45	50.45
X	RG0C/P	15	19	23		66.4	129.17
X	RI0SP	54	40	29
X	RI1ANC	13	29	70	SA	-78.47	106.8
X	RI1ANI	13	39	69	SA	-69.37	76.38
X	RI1ANY	13	38		SA	-70.77	11.85
X	RJ4I	54		29		53.45	50.45
X	RK4HM	54		29		53.45	50.45
X	RK4PA/9	15				62.25	70.17
X	RL1I/P	54	17	20		64.28	54.47
X	RL9L/3	54		29		55.75	37.62
X	RM0F	15	19	34		50.55	142.6
X	RM4I	54		29		53.45	50.45
X	RM8C/P	15	16	30		52.13	55.6
X	RN0F	15	19	34		50.55	142.6
X	RN4HFJ	54		29		53.45	50.45
X	RN4HIF	54		29		53.45	50.45
X	RO9O	15	18	31		55.45	79.55
X	RR9O	15	18	31		55.45	79.55
X	RT25HA	15	18	31		53.5	90
X	RT25HK	15	19	34		54.8	136.83
X	RT25KS	54		29		58.55	43.68
X	RT25PK	15	19	34		45.33	134.67
X	RT4Q	54		30		55.55	50.93
X	RT9J	15		21		62.25	70.17
X	RU1AC	54				59.95	30.3
X	RU4HD	54		29		53.45	50.45
X	RU4HP	54		29		53.45	50.45
X	RU4I	54		29		53.45	50.45
X	RU5D/0	15	19	24		62.9	153.7
X	RU9MV/0	15	19	25		66.67	171
X	RV3DSA/0	15	19	34		45.33	134.67
X	RV7B/9	15				65.3	74.03
X	RV9CX/0	15	19	24		62.9	153.7
X	RW0LD/P	15	19	34		45.33	134.67
X	RW3RN/0	15	19	34		50.55	142.6
X	RW4HM	54		29		53.45	50.45
X	RW4HTK	54		29		53.45	50.45
X	RW4HW	54		29		53.45	50.45
X	RW4HZ	54		29		53.45	50.45
X	RW8T/1	54		29		59.95	30.3
X	RW9AV	15		21		54.75	60.7
X	RW9C	15				58.7	61.33
X	RX9CC	15				58.7	61.33
X	RZ4PXP	54		30		55.55	50.93
X	SV0XAZ	40
X	SV2RSG/A	180
X	TA3AC/1	390			EU	41.02	28.97
X	TA6CQ/1	390			EU	41.02	28.97
X	TA7H/1	390			EU	41.02	28.97
X	TC30AUG	390			EU	41.02	28.97
X	TO1A	63
X	TO4A	84
X	TO5A	84
X	TO5M	213
X	TO5T	213
X	TO7A	84
X	TO7K	453
X	TX3X	512
X	TX5EU	508
X	TX5S	36
X	UA0KBG	15	19	26		66.67	171
X	UA1A	54				59.95	30.3
X	UA1F	54				59.95	30.3
X	UA4H	54		29		53.45	50.45
X	UA4HAZ/P	15	16	30		52.13	55.6
X	UA4HBM	54		29		53.45	50.45
X	UA4HGL	54		29		53.45	50.45
X	UA4HIP	54		29		53.45	50.45
X	UA4HRZ	54		29		53.45	50.45
X	UA4HY	54		29		53.45	50.45
X	UA4NF	54		30		58.77	49.83
X	UA4PN	54		30		55.55	50.93
X	UA4PRU	54		30		55.55	50.93
X	UA4Q	54		30		55.55	50.93
X	UA4RX/1	54				63.5	43
X	UA8J	15		21		62.25	70.17
X	UA9CSA/7	54		29		45.05	43.27
X	UA9JKB/6	54		29
X	UA9JNT	15		21		62.25	70.17
X	UA9MW	15		31		56.22	73.27
X	UB4CLH/0	15	19	34		54.8	136.83
X	UC4I	54		29		53.45	50.45
X	UD6AOP/0	15	19	35		56	159
X	UG4I	54		29		53.45	50.45
X	UG4I/P	15	16	30		52.13	55.6
X	UG4P	54		30		55.55	50.93
X	UI4I	54		29		53.45	50.45
X	VA2VVV	1	2	4		52.73	-70.18
X	VA2WMA	1	2	4		52.73	-70.18
X	VE2CSI	1	2	4		52.73	-70.18
X	VE2EKA	1	2	4		52.73	-70.18
X	VE2FK	1		9		45.78	-73.27
X	VE2IDX	1	2	4		52.73	-70.18
X	VE2IM	1	2	4		52.73	-70.18
X	VE2PID/3	1	4	4		43.8	-79.25
X	VE2TKH	1	2	4		52.73	-70.18
X	VER20260826	1		9
X	VERSION	35
X	VI9POL	150		59		-34.9	138.6
X	VK0EK	111
X	VK0MQ	153
X	VK0TBC	13	29	70	SA	-66.28	110.52
X	VK6NX/3	150		59		-38	145
X	VK6TX	150				-27.5	153
X	VK70VHF	150	29	58		-32	115.9
X	VK7PAK/4	150				-27.5	153
X	VK9AFP	35
X	VK9BSA	38
X	VK9DEE	38
X	VK9FISH	38
X	VP6A	513
X	VY0ERC	1	2	75		65.25	-83.6
X	VY0PW	1	4	3		51.33	-105.7
X	W0AG	291	4	8		36	-84.87
X	W0AH	291	4	8		43.22	-88.12
X	W0AO	291	3			47.42	-120.27
X	W0BF	291	3			33.23	-111.77
X	W0CGC	291	4	8		35.85	-84.5
X	W0FLZ	291	3			48.2	-122.38
X	W0GG	291	3			42.33	-122.83
X	W0GUY	291	4	8		38.02	-84.93
X	W0JAY	291		8		41.38	-73.08
X	W0JX	291	4	8		41.32	-82.62
X	W0LL	291		8		27.78	-80.48
X	W0LV	291	3			36.17	-116
X	W0M	166
X	W0MHK	291		8		39.57	-75.17
X	W0NF	291	3			43.47	-111.97
X	W0ODS	291	4	8		41.6	-88.2
X	W0OIT	291	3			39.63	-119.7
X	W0PV	291		8		27.48	-82.58
X	W0RHX	291	4	8		37.72	-89.87
X	W0RIC	291	3			33.68	-112.37
X	W0RSJ	291		8		40.75	-75.22
X	W0RSR	291	3			33.72	-112.23
X	W0SK	291	4	8		35.2	-89.97
X	W0YK	291	3			37.15	-121.97
X	W0ZP	291	4	8		41.67	-86.32
X	W1BBT	291	4	7		29.9	-98.68
X	W1CHL	291	4	8		40.18	-82.98
X	W1CR	291	4	7		26.13	-97.65
X	W1DGL	291	3			34.5	-112.38
X	W1EG	291	4	8		35.73	-84.35
X	W1ESE	291	3			33.68	-112.37
X	W1GKT	291	4	8		34.62	-86.05
X	W1HRB	291	4	8		42.55	-83.22
X	W1IG	291	4	8		38.55	-89.87
X	W1JCW	291	4	7		30.67	-96.48
X	W1LTC	291	4	8		35.87	-83.75
X	W1MJC	291	4	8		42.7	-84.3
X	W1NA	291	4	7		33.12	-96.68
X	W1NN	291	4	8		41.13	-81.87
X	W1NV	291	4	7		39.55	-104.97
X	W1PD	291	4	8		41.5	-82.02
X	W1PR	291	3			34.45	-119.8
X	W1QC	291	4	8		44.02	-88.55
X	W1RH	291	3			38.72	-120.8
X	W1SAV	291	3			34.07	-118.15
X	W1SRD	291	3			38.65	-120.97
X	W1TJW	6
X	W1TM	291	4	7		37.7	-97.37
X	W1WSF	291	4	8		35.05	-86.65
X	W1YY	291	3			47.82	-122.53
X	W1ZD	291	3			33.68	-112.1
X	W2AA	291	3			35.98	-115.12
X	W2ACY	291	4	7		30.03	-99.13
X	W2AX	291	4	7		30.1	-95.5
X	W2BJN	291	4	8		30.5	-87.88
X	W2CO	291	4	7		40.13	-104.95
X	W2DB	291	4	7		32.58	-97.37
X	W2DON	291	3			37.68	-121.77
X	W2GS	291	4	7		32.32	-90.25
X	W2HZ	291	3			32.42	-110.98
X	W2IY	291	4	7		35.53	-105.93
X	W2KGO	291	4	7		42.03	-96.1
X	W2NQ	291	3			45.12	-123.17
X	W2OO	291	3			37.42	-122.3
X	W2SA	291	4	7		39.75	-105
X	W2STE	291	4	7		38.65	-90.45
X	W2UP	291	4	7		39.72	-105.1
X	W2VJN	291	3			34.43	-119.73
X	W2XX	291	3			35.98	-115.12
X	W3ACO	291	4	7		41.65	-91.57
X	W3ACR	291	4	8		42.1	-87.75
X	W3ALF	6
X	W3CB	291	4	8		43.18	-85.25
X	W3CRZ	291	4	8		40.12	-82.92
X	W3DEV	291	4	8		35.25	-85.17
X	W3DQN	291	4	7		30.1	-94.73
X	W3FF	291	3			40.55	-122.33
X	W3HDH	291	4	8		40.1	-88.43
X	W3HKK	291	4	8		40.15	-82.7
X	W3IQ	291	4	8		40.92	-81.02
X	W3LCP	291	4	8		35.22	-87.03
X	W3PWF	291	4	7		33.02	-96.62
X	W3RZ	291	4	7		29.68	-95.12
X	W3TB	291	4	8		35.92	-86.77
X	W3TZ	291	4	7		35.45	-94.33
X	W3USA	291	4	8		41.13	-81.87
X	W3WRC	291	3			38.65	-120.97
X	W3XO	291	4	7		30.03	-99.13
X	W4AUB	291	4	8		33.57	-85.38
X	W4BQK	291	4	8		36.32	-82.38
X	W4BQN	291	4	8		42.93	-89.22
X	W4CDA	291	4	8		37.65	-84.77
X	W4CRV	291	4	8		35.1	-85.58
X	W4CV	291	4	8		35.97	-85.05
X	W4DAN	291	4	8		35.13	-84.88
X	W4DTB	291	3			47.63	-122.35
X	W4EEH	291	4	8		35.13	-84.85
X	W4EF	291	3			34.25	-118.28
X	W4ER	291	4	8		30.67	-88.17
X	W4ETA	291	4	8		35.37	-84.7
X	W4FCL	291	4	8		38.27	-85.48
X	W4FT	291	4	8		37.33	-87.5
X	W4GB	291	4	8		35.13	-87.32
X	W4GHD	291	4	8		36.07	-86.77
X	W4GKM	291	4	8		35.97	-85.05
X	W4GV	291	4	8		36.62	-88.3
X	W4GZX	291	4	8		35.17	-84.87
X	W4HRC	291	4	8		35.45	-84.6
X	W4HVH	291	4	7		30.15	-92.02
X	W4IDX	291	3			34.42	-114.13
X	W4IFI	291	4	7		37.17	-108.12
X	W4IL	291	4	8		35.15	-85.33
X	W4IOD	291	4	8		38.28	-84.68
X	W4IOJ	291	4	8		36.35	-82.2
X	W4IX	291	3			33.5	-111.92
X	W4JNB	291	4	8		34.75	-87.67
X	W4JUU	291	4	8		35.13	-84.85
X	W4KW	291	4	8		36.42	-86.78
X	W4LC	291	4	8		39	-84.65
X	W4LIS	285
X	W4LOO	291	3			40.7	-111.55
X	W4ML	291	3			37.72	-122.17
X	W4MTM	291	4	8		32.42	-86.28
X	W4NBS	291	4	8		34.6	-87.08
X	W4NEU	291	4	8		35.83	-88.9
X	W4NI	291	4	8		36.22	-86.73
X	W4NNF	291	4	8		30.67	-88.17
X	W4NZ	291	4	8		35.03	-85.15
X	W4ORS	291	4	8		34.92	-86.7
X	W4PA	291	4	8		36	-83.92
X	W4PF	291	4	8		38.22	-85.73
X	W4PGM	291	4	8		35.88	-84.17
X	W4PHS	291	4	8		36	-86.78
X	W4PV	291	4	8		35.75	-84.1
X	W4RK	291	4	7		38.58	-92.25
X	W4RLB	291	4	8		38.33	-85.47
X	W4RXR	291	4	8		35.22	-87.03
X	W4RYW	291	4	8		32.55	-85.47
X	W4SDX	291	4	8		35.2	-88.2
X	W4SIG	291	3			37.18	-113.02
X	W4SK	291	4	8		36.18	-86.5
X	W4SSF	291	4	8		35.65	-84
X	W4TLK	291	4	8		35.52	-86.17
X	W4UAL	291	4	8		33.22	-87.57
X	W4UAT	291	3			37.75	-121.77
X	W4UT	291	4	8		35.63	-85.2
X	W4UWC	291	4	8		37.88	-84.57
X	W4WKU	291	4	8		37.72	-86.93
X	W4WTS	291	4	8		35.17	-85.1
X	W4XK	291	4	8		35.17	-85.22
X	W4XTT	291	4	8		34.9	-86.45
X	W4YA	291	4	8		33.18	-87.38
X	W4YEM	291	4	8		35.2	-84.85
X	W4YPW	291	4	8		39.83	-84.42
X	W4YTO	291	4	8		34.45	-86.92
X	W4ZIP	291	4	8		41.03	-80.67
X	W5ACQ	291	4	8		36.02	-84.27
X	W5BMO	291	3			45.25	-122.68
X	W5C/D	291	4	7		31.85	-96.3
X	W5C/H	291	4	7		31.85	-96.3
X	W5DT	291	4	8		42.5	-83.2
X	W5DX	291		8		41.98	-72.65
X	W5EK	291		8		29.75	-81.87
X	W5FB	291		8		36.88	-76.15
X	W5GAI	291	4	8		30.62	-89.58
X	W5JR	291		8		35.02	-80.93
X	W5KBW	291	4	8		39.9	-83.45
X	W5LE	291	3			35.48	-119.35
X	W5LNX	291	4	8		33.27	-87.58
X	W5MFH	6
X	W5MMW	291	4	8		35.13	-85.28
X	W5MPB	291		8		38.92	-76.78
X	W5MX	291	4	8		37.58	-84.27
X	W5NZ	291	4	8		32.37	-86.18
X	W5OM	291	3			40.95	-123.63
X	W5ORC	291	4	8		33.83	-88.53
X	W5PET	291	4	8		38.28	-85.6
X	W5RCG	291	4	8		32.68	-86.23
X	W5SGL	291	4	8		30.4	-89.03
X	W5THT	291	4	8		30.37	-89.17
X	W5UE	291	4	8		31	-89.45
X	W5UHQ	291	4	8		40.07	-82.4
X	W5VE	291		8		34.12	-85.33
X	W5VS	291		8		38.68	-77.83
X	W5WGF	291	4	8		34.08	-88.6
X	W5WTX	291	4	8		43.05	-89.08
X	W5XB	291		8		34.08	-83.78
X	W5YD	291	4	8		33.42	-88.75
X	W6ADE	291	4	7		30.53	-95.45
X	W6AQ	291	4	7		36.75	-96
X	W6BIV	291	4	7		30.03	-99.13
X	W6BSD	291	4	7		29.8	-95.57
X	W6CAS/R7	291	3			41.3	-116.6
X	W6DVS	291		8		35	-76.82
X	W6EHY	291	4	7		35.1	-91.9
X	W6EMM	291	4	8		36.52	-87.35
X	W6FB	291	4	7		30.23	-93.18
X	W6GX	291	4	7		40.38	-105.08
X	W6HDG	291		8		26.28	-80.12
X	W6HGF	291		8		38.83	-77.28
X	W6IZT	291		8		34.87	-84.22
X	W6JSL	291	4	8		32.57	-86.1
X	W6JTB	291		8		42.23	-79.5
X	W6KGP	291	4	7		43.5	-110.87
X	W6KW	291		8		34.45	-84.15
X	W6LFB	291	4	7		33.23	-97.12
X	W6NJB	291	4	7		36.07	-91.65
X	W6NWS	291		8		35.77	-78.72
X	W6NY	291		8		42.25	-71.98
X	W6QUV	291	4	7		39.62	-105.08
X	W6RIF	291		8		36.73	-76.03
X	W6SAI	291	4	8		33.27	-87.53
X	W6SFG	291		8		37.38	-79.22
X	W6SID	291		8		35.4	-80.87
X	W6SJ	291		8		39.05	-77.38
X	W6UB	291	4	8		35.75	-84.1
X	W6WU	291		8		39.57	-76.98
X	W6XR	291		8		42.43	-76.5
X	W6ZD	291		8		26.73	-80.28
X	W7APZ	291	4	7		42.92	-108.58
X	W7BAZ	291	4	8		43	-84.37
X	W7CB	6
X	W7CSA	291		8		35.25	-81.13
X	W7DGR	291	4	7		42.92	-108.58
X	W7DXX	291	4	7		32.32	-106.8
X	W7ED	291	4			45.67	-111.05
X	W7EE	291	4			48.07	-114.07
X	W7EY	291	4			45.67	-111.23
X	W7FW	291	4	8		41.93	-88.42
X	W7GKF	291		8		26.32	-80.28
X	W7HJ	291		8		36.73	-76.6
X	W7HU	291		8		25.57	-80.35
X	W7II	291	4	7		42.2	-91.48
X	W7IJ	291	3	7		34.45	-109.67
X	W7IMP	291		8		29.22	-81.43
X	W7IV	291		8		43.67	-72.03
X	W7IY	291		8		38.47	-77.43
X	W7JW	291	4	8		42.37	-83.48
X	W7KAM	291	4	7		38.73	-90.62
X	W7KF	291	4			48.4	-114.35
X	W7KK	291	4			45.67	-111.23
X	W7LG	291		8		40.6	-77.58
X	W7NX	291	4	7		30.82	-96.3
X	W7PX	291	4			46.9	-114
X	W7QC	291		8		35.98	-78.53
X	W7RF	291	4	7		40.55	-105.1
X	W7RIP	291	4			45.67	-111.23
X	W7RY	291	4	7		37.02	-93.2
X	W7UT	291	4	7		44.37	-98.22
X	W7WXR	291	4	7		46.85	-96.82
X	W7WZ	291		8		35.02	-80.93
X	W7XT	291	4			46.82	-114.03
X	W8AKS	291		8		37.8	-81.2
X	W8AT	291		8		39.3	-80.25
X	W8BFX	291	3			48.5	-122.63
X	W8BLA	291		8		34.35	-83.88
X	W8BRY	291		8		39.08	-78.18
X	W8CS	291		8		35.15	-82.22
X	W8CUL	291		8		39.65	-79.97
X	W8DDS	291		8		38.85	-77.47
X	W8DOF	291		8		39.45	-80.28
X	W8FJ	291		8		40.1	-75.28
X	W8FN	291		8		35.25	-82.2
X	W8GJK	291	3			35.32	-120.83
X	W8HAP	291		8		44.55	-68.42
X	W8HC	291		8		38.38	-81.83
X	W8HMK	291		8		41.87	-71.38
X	W8HY	291		8		37.75	-81.07
X	W8IX	291		8		26.73	-81.85
X	W8JA	291		8		38.38	-81.83
X	W8JMV	291		8		39.05	-81.4
X	W8KA	291	3			34.78	-112.47
X	W8KR	291	4	7		44.9	-93.37
X	W8KRZ	291		8		38.63	-77.63
X	W8KX	291	3			31.9	-110.22
X	W8LYJ	291	4	7		40.43	-105.08
X	W8NOR	291	3			32.33	-111.18
X	W8OP	291		8		39.5	-80.22
X	W8OV	291	4	7		33.03	-96.78
X	W8QZA	291	3			32.82	-117.2
X	W8RA	291	4	7		33.25	-96.88
X	W8RJL	291	3			37.25	-121.95
X	W8RKW	291		8		39.32	-81.38
X	W8SGK	291	3			37.13	-121.65
X	W8SP	291		8		39.33	-80.03
X	W8TJM	291	3			47.65	-117.08
X	W8TK	291	3			32.22	-110.93
X	W8TN	291		8		38.43	-82
X	W8UL	291	4	7		29.75	-98.2
X	W8WEJ	291		8		39.33	-81.53
X	W8WVA	291		8		38.43	-82
X	W8WZ	291	4	7		29.95	-90.08
X	W8XAL	291	4	7		40.38	-104.68
X	W8XC	291		8		33.45	-84.15
X	W8ZA	291		8		39.32	-77.77
X	W8ZN	291		8		39.15	-78.27
X	W8ZR	291	4	7		35.53	-105.93
X	W9ARO	291		8		30.4	-84.33
X	W9AVM	291	4	7		44.83	-91.52
X	W9AWE	291	4	7		39.93	-91.42
X	W9BM	291	4	7		30.63	-97.75
X	W9BS	291		8		26.55	-81.9
X	W9CF	291	3			33.37	-111.93
X	W9CPD	291	3			42.85	-112.45
X	W9CTY	291	3			34.08	-118.38
X	W9DKB	291	4	7		45.13	-92.68
X	W9DX	291	4	7		41.43	-90.72
X	W9EAU	291	4	7		44.78	-91.48
X	W9ERE	291	4	7		39.6	-104.73
X	W9ET	291	4	7		43.57	-90.13
X	W9FF	291	4	7		40.23	-90.35
X	W9FI	291	3			32.27	-110.77
X	W9FZ	291	4	7		44.67	-90.18
X	W9GE	291		8		38.78	-76.08
X	W9GNW	291		8		38.27	-77.55
X	W9GOL	291		8		27.28	-80.3
X	W9GYK	291		8		28.75	-82.52
X	W9IL	291		8		26.3	-80.23
X	W9IU	291		8		28.18	-82.42
X	W9JA	291	4	7		43.9	-91.23
X	W9JJ	291		8		41.68	-72.73
X	W9KB	291		8		26.15	-81.75
X	W9KXI	291		8		42.18	-76.83
X	W9LCQ	291	4	7		29.65	-95.8
X	W9LG	291	4	7		40.75	-96.65
X	W9LWO	291	4	7		39.7	-90.27
X	W9MAF	291	4	7		36.67	-93.25
X	W9MAK	291	3			37.43	-122.18
X	W9MEG	291	4	7		39.3	-90.42
X	W9MIC	291		8		28.38	-80.73
X	W9NWY	291		8		26.92	-82.05
X	W9PL	291	3			47.77	-122.13
X	W9RM	291	4	7		38.6	-108
X	W9RNY	291	4	7		39.73	-90.23
X	W9TCV	291		8		30.67	-81.47
X	W9TTT	291	4	7		41.72	-93.63
X	W9TVX	291	3			44.08	-121.4
X	W9TW	291	4	7		41.55	-90.5
X	W9WE	291	4	7		39.93	-91.38
X	W9XG	291	4	7		41.43	-90.57
X	W9YZR	291	4	7		44.63	-90.02
X	WA0CIE	291		8		38.55	-75.12
X	WA0KDS	291	3			33.62	-112
X	WA0PFC	291	3			40.78	-111.87
X	WA0RMW	291	3			33.03	-116.85
X	WA0WWW	291	3			47.73	-117.07
X	WA0YPC	291		8		29.13	-82.3
X	WA1EXZ	6
X	WA1FCN	291	4	8		33.77	-87.18
X	WA1FMM	291	4	7		39.63	-104.78
X	WA1NHZ	291	3			32.33	-110.98
X	WA1X	291	4	8		41.13	-81.87
X	WA2DHG	291	4	8		41.6	-83.63
X	WA2DLN	291	4	8		35.18	-86.12
X	WA2EDJ	291	3			33.32	-112.07
X	WA2JQZ	291	4	7		38.92	-104.77
X	WA2PCN	291	4	7		39.05	-104.82
X	WA2USA	291	4	8		37.97	-87.4
X	WA2VAM	291	4	8		36	-86.78
X	WA2VJL	291	4	7		26.13	-97.65
X	WA2VOI	291	4	7		45.02	-93.23
X	WA2VYA	291	4	7		30.1	-97.5
X	WA3C	291	4	8		40.22	-80.88
X	WA3JAT	291	4	8		41.15	-81.52
X	WA4CAX	291	4	8		34.67	-86.57
X	WA4CB	291	4	8		34.88	-89.68
X	WA4CQG	291	4	8		32.6	-85.52
X	WA4ELK	291	3			47.22	-123.1
X	WA4GGK	291	4	8		33.32	-86.97
X	WA4GNL	291	4	8		30.83	-88.1
X	WA4HEI	291	4	8		46	-86.25
X	WA4III	291	4	8		34.85	-87.32
X	WA4JA	291	4	8		35.62	-87.03
X	WA4JQS	291	4	8		37.07	-84.6
X	WA4MIT	291	4	8		33.4	-87.57
X	WA4TTK	291	4	8		36.07	-86.72
X	WA4TTP	291	4	8		36.13	-82.87
X	WA4USA	291	4	8		30.57	-87.63
X	WA4VEK	291	4	8		32.82	-85.17
X	WA4VGZ	291	4	8		36.17	-86.67
X	WA4WZR	291	4	8		36.22	-85.55
X	WA5POK	291	4	8		36.02	-84.27
X	WA5VGI	291	3			35.48	-120.67
X	WA6MM	291	4	7		39.6	-105.13
X	WA6TUX	6
X	WA6VZN	291		8		39.08	-76.55
X	WA7AFV	291	4	7		45.3	-93.8
X	WA7NPX	291	4	7		30.73	-98.05
X	WA8AHZ	291		8		38.82	-77.3
X	WA8KAN	291		8		39.28	-81.5
X	WA8NLX	291		8		32.33	-80.85
X	WA8OJR	291		8		34.98	-81.83
X	WA8YVF	291		8		34.32	-77.92
X	WA8ZBT	291	4	7		32.97	-96.6
X	WA8ZID	291	3			33.62	-112.45
X	WA9AFM	291	4	7		35.47	-97.35
X	WA9JBR	291	4	7		30.38	-91.17
X	WA9KIA	291	4	7		39.12	-90.12
X	WA9LT	291	4	7		41.47	-90.17
X	WA9TTC	291		8		37.48	-77.58
X	WA9Z	291	4	7		40.63	-92.83
X	WB0CJB	291	4	8		35.62	-87.03
X	WB0KWJ	291	4	8		41.88	-83.68
X	WB0NDY	291		8		40	-76.6
X	WB1BWQ	291	4	7		31.42	-100.48
X	WB2GDD	291	4	7		43.95	-90.82
X	WB2JEP	291	3			33.62	-112.45
X	WB2MFU	291	4	7		32.95	-97.15
X	WB3JFS	291	3			36.03	-115.15
X	WB3JKQ	291	4	8		35.75	-84.1
X	WB4CS	291	4	8		34.78	-86.55
X	WB4E	291	4	8		35.8	-83.88
X	WB4GHZ	291	4	8		35.17	-85.22
X	WB4IT	291	4	8		33.2	-86.8
X	WB4JTT	110
X	WB4KDI	291	4	8		33.38	-86.7
X	WB4VAM	291	3			31.67	-110.33
X	WB4WXE	291	4	8		34.57	-85.63
X	WB4YDL	291	4	8		36.43	-89.07
X	WB4YDY	291	4	8		35.93	-86.68
X	WB4ZBI	291	4	8		35.03	-85.15
X	WB4ZUT	291	4	8		38.1	-87.53
X	WB5NHL	291		8		33.5	-81.7
X	WB5SKM	291	4	8		33.35	-89.2
X	WB5WAH	291	4	8		39.53	-84.3
X	WB5WAJ	291	4	8		35.93	-86.88
X	WB6RAB	291		8		27.78	-80.48
X	WB6UIA	291	4	7		41.42	-105.48
X	WB7BNE	291	4	7		42.05	-91.73
X	WB7BWZ	291	4	7		45.77	-108.5
X	WB7GR	291	4	7		41.15	-104.8
X	WB7N	110
X	WB7PMP	291		8		35.73	-80.72
X	WB7RAV	291		8		39.45	-76.42
X	WB7S	291	4	7		41.15	-104.8
X	WB7UOF	291	3	7		32.37	-109.87
X	WB8BPU	291		8		39.35	-77.38
X	WB8CQV	291		8		38.37	-81.7
X	WB8EJN	291	4	7		38.78	-90.62
X	WB8EKG	291		8		39.37	-78.02
X	WB8FVB	291	4	7		28.87	-95.92
X	WB8IMY	291		8		41.47	-72.82
X	WB8LYJ	291		8		33.62	-84.07
X	WB8QZM	291	4	7		33.05	-96.73
X	WB8YQJ	291	3			33.17	-117.3
X	WB8YYY	291		8		35.68	-78.6
X	WB9EWM	291	4	7		39.93	-91.38
X	WB9G	291		8		43.98	-75.6
X	WB9LUR	291		8		29.92	-82.68
X	WB9RRU	291		8		41.68	-72.73
X	WB9YLZ	291	4	7		44.77	-93.28
X	WB9Z	291		8		29.28	-82.5
X	WC0W	291		8		30.08	-81.55
X	WC4D	291	4	8		37.97	-84.47
X	WC7S	291	4	7		41.18	-104.8
X	WC8L	291	4	7		29.42	-98.68
X	WC9B	291		8		36.78	-76.08
X	WC9D	291		8		38.3	-77.48
X	WD0ETG	291		8		37.97	-79.87
X	WD0FYV	291		8		37.05	-76.35
X	WD4CFN	291	4	8		36.12	-86.87
X	WD4IXD	291	4	7		38.97	-105.88
X	WD4KTF	291	4	8		38.1	-84.5
X	WD4MRI	291	4	8		33.18	-86.62
X	WD4OHD	291	4	8		35.17	-85.22
X	WD4PTJ	291	4	8		35.97	-88.95
X	WD4XA	291	4	8		33.73	-86.65
X	WD5CCA	291	4	8		31.83	-89.4
X	WD5FCA	291	4	8		33.4	-86.83
X	WD6BNY	291	4	8		42.88	-88.47
X	WD8DSV	291		8		28.8	-81.73
X	WD8RYV	291		8		40.12	-75.15
X	WD9GMK	291		8		33.97	-78.03
X	WD9IGL	291	4	7		43.8	-90.07
X	WE2DX	291	4	8		45.3	-83.5
X	WE4BY	291	3			33.47	-117.63
X	WE4DX	291	3			47.17	-122.58
X	WE6EZ	291	4	7		30	-97.83
X	WE8R	291		8		29.78	-81.47
X	WE8RV	291	3			33.43	-111.72
X	WE8USN	291		8		37.15	-76.55
X	WE9N	291	4	7		32.87	-97.25
X	WF1A	291	3			37.9	-122.27
X	WF3H	291	4	7		29.7	-98.48
X	WF3T	291	4	8		37.07	-88.67
X	WF4U	291	3			41.97	-111.88
X	WF5K	291	4	8		30.43	-89.88
X	WF7I	291		8		37.78	-79.45
X	WF7T	291	4	8		36.18	-86.73
X	WF8D	291		8		26.55	-81.9
X	WF8E	291		8		33.77	-84.3
X	WF9A	291		8		33.82	-84.28
X	WG4M	291	4	7		40.6	-105.05
X	WG8Y	291		8		35.62	-80.4
X	WH0AI	291	4	7		44.4	-91.45
X	WH2T	291	3			45.58	-122.73
X	WH2X	291	3			38.25	-122.13
X	WH6A	291		8		29.13	-81
X	WH6AQ	291		8		33.12	-82.2
X	WH6FAM	291		8		39.08	-76.55
X	WH6LE	291		8		34.93	-80.73
X	WH6VL	291	4	7		30.3	-95.85
X	WH7R	291	4	7		33.08	-97.7
X	WI4T	291	4	7		37.52	-94.33
X	WJ8L	291		8		39.35	-80.32
X	WJ9B	291	3			43.72	-116.62
X	WL7E	291	3			38.77	-121.33
X	WL7OU	291	4	7		29.43	-97.17
X	WM0G	291		8		42.72	-71.48
X	WM4Q	291	4	8		35.95	-87.3
X	WM5DX	291	4	8		30.47	-89.08
X	WM9X	291	3			41.08	-112.05
X	WN2E	291	4	8		30.43	-88.78
X	WN4AAA	291	3			45.22	-123.2
X	WN4AT	291	4	8		33.45	-86.5
X	WN7S	291		8		38.85	-77.47
X	WN7Y	291	4	7		45.78	-108.57
X	WN8KXY	291		8		40.42	-80.57
X	WN8R	291		8		33.82	-84.23
X	WO1S	291	3			33.9	-112.87
X	WO3X	291	4	8		41.15	-81.52
X	WO7U	291	4	7		39.05	-94.4
X	WP3ME	291		8		33.12	-82.2
X	WP4NIB	291		8		28.07	-81.82
X	WP4OUE	291		8		26.57	-81.6
X	WQ0RVO	291		8		28.92	-81.52
X	WQ3U	291	3			45.55	-122.83
X	WQ5L	291	4	8		30.47	-89.08
X	WQ5O	291	4	8		43.45	-88.2
X	WQ9T	291	4	7		40.92	-90.65
X	WR3O	291	4	8		36.12	-87.03
X	WR4F	291	4	8		37.88	-84.57
X	WR4T	291	4	8		39.07	-84.38
X	WR5J	291	3			47.55	-122.37
X	WR7AY	291	4	7		44.3	-105.5
X	WR8AA	291		8		41.7	-70.23
X	WS0I	291		8		29.02	-82.03
X	WS5H	291	4	8		35.23	-86.07
X	WS6K	291	4	8		39.17	-84.23
X	WS6X	291		8		38.6	-78.78
X	WS7X	291		8		29.27	-82.22
X	WS9M	291		8		42.33	-78
X	WT1L	291	3			33.62	-112.45
X	WT2P	291	4	8		41.77	-88.32
X	WT4DX	291	4	7		30.22	-95.53
X	WT4R	291	4	8		35.87	-83.48
X	WT5A	291	4	8		33.35	-89.05
X	WT5L	291		8		28.12	-80.58
X	WT5R	291		8		35.98	-78.85
X	WT7TT	291	4	7		39.37	-104.85
X	WT8P	291	3			47.57	-122
X	WT8V	291		8		38.45	-81.48
X	WT9Q	291	4	7		43.9	-91.23
X	WU0B	291		8		34.07	-81.03
X	WU5E	291		8		32.3	-84.77
X	WU6W	291		8		28.2	-80.68
X	WU8T	291	3			45.78	-122.53
X	WU9B	291	3			33.72	-111.68
X	WV0T	291	3			46.38	-124.05
X	WV1K	291	4	7		38.95	-104.77
X	WV4E	291	4	8		34.83	-87.65
X	WV4P	291	4	8		35.2	-88.2
X	WV5JW	291	4	8		30.4	-88.63
X	WV6K	110
X	WV7MS	291		8		39.38	-80.28
X	WV8TG	291		8		40.78	-80.07
X	WW0WWW	291		8		34.93	-80.73
X	WW3K	291	4	7		32.63	-97.08
X	WW4DD	291	4	8		35.13	-84.85
X	WW4R	291	4	8		36.17	-86.67
X	WW5M	291	4	8		35.47	-89.82
X	WW5X	291	4	8		33.47	-86.8
X	WW6W	291	4	7		46.8	-102.75
X	WW8RR	291		8		34.05	-84.03
X	WW8RT	291		8		38.42	-82.15
X	WW8USA	291		8		41.98	-72.57
X	WX4HP	291	4	8		34.33	-86.48
X	WX4ICE	6
X	WX4W	291	4	8		38.33	-85.47
X	WX4WKY	291	4	8		36.88	-88.35
X	WX5S	291	3			37.28	-121.95
X	WX7AA	291	4	8		42.02	-87.87
X	WX7B	291	4	7		40.42	-104.75
X	WX7MB	291		8		34.78	-82.3
X	WX7P	291		8		35.9	-75.67
X	WX7T	291		8		41.67	-72.87
X	WX7V	291	4	7		32.83	-96.78
X	WX8C	291		8		40.88	-74.48
X	WY4Y	291	4	8		35.72	-88.78
X	WY5I	291		8		27.27	-80.38
X	WY6K	291	4	7		32.63	-96.92
X	WY7AA	291	4	7		41.05	-105.15
X	WY7DT	291	4	7		44.4	-104.38
X	WY7FD	291	4	7		44.4	-104.38
X	WY7I	291	4	8		35.85	-86.38
X	WY7KY	291	4	7		41.18	-104.8
X	WY7M	291	4	7		44.02	-107.95
X	WZ4F	291	4	8		34.95	-86.6
X	WZ7I	291		8		40.43	-75.1
X	WZ8T	291	3			45.72	-122.68
X	XQ6CF	112		16		-39.75	-73.25
X	XQ6OA	112		16		-39.75	-73.25
X	ZS1BAK/L	462				-33.92	18.52
P	1A	246
P	2A	279
P	2D	114
P	2E	223
P	2I	265
P	2J	122
P	2M	279
P	2U	106
P	2W	294
P	3A	260
P	3B6	4				-10.42	56.58
P	3B7	4				-16.58	59.62
P	3B8	165
P	3B9	207
P	3C	49
P	3C0	195
P	3D2	176
P	3DA	468
P	3E	88
P	3E1	88				8.98	-79.52
P	3E2	88				9.3	-78.35
P	3E3	88				8.43	-82.43
P	3E4	88				8.83	-81.5
P	3E5	88				7.67	-80.5
P	3E6	88				8.1	-80.97
P	3E7	88				8.4	-77.92
P	3E8	88				8.33	-79.12
P	3E9	88				7.93	-80.42
P	3F	88
P	3F1	88				8.98	-79.52
P	3F2	88				9.3	-78.35
P	3F3	88				8.43	-82.43
P	3F4	88				8.83	-81.5
P	3F5	88				7.67	-80.5
P	3F6	88				8.1	-80.97
P	3F7	88				8.4	-77.92
P	3F8	88				8.33	-79.12
P	3F9	88				7.93	-80.42
P	3G	112
P	3G0	47
P	3G0X	217
P	3G0Z	125
P	3G1	112				-23.65	-70.4
P	3G2	112				-33.08	-71.53
P	3G3	112				-35.5	-70.67
P	3G4	112				-33.62	-70.75
P	3G5	112				-36.62	-72.17
P	3G6	112				-39.75	-73.25
P	3G7	112		16		-40.58	-73.23
P	3G8	112		16		-53.17	-70.93
P	3H	318		44
P	3H0A	318	23	42		43.75	87.75
P	3H0B	318	23	42		43.75	87.75
P	3H0C	318	23	42		43.75	87.75
P	3H0D	318	23	42		43.75	87.75
P	3H0E	318	23	42		43.75	87.75
P	3H0F	318	23	42		43.75	87.75
P	3H0G	318	23	42		29.42	90.97
P	3H0H	318	23	42		29.42	90.97
P	3H0I	318	23	42		29.42	90.97
P	3H0J	318	23	42		29.42	90.97
P	3H0K	318	23	42		29.42	90.97
P	3H0L	318	23	42		29.42	90.97
P	3H1	318		44		39.93	116.4
P	3H2A	318				45.8	126.67
P	3H2B	318				45.8	126.67
P	3H2C	318				45.8	126.67
P	3H2D	318				45.8	126.67
P	3H2E	318				45.8	126.67
P	3H2F	318				45.8	126.67
P	3H2G	318				45.8	126.67
P	3H2H	318				45.8	126.67
P	3H2I	318				43.95	125.28
P	3H2J	318				43.95	125.28
P	3H2K	318				43.95	125.28
P	3H2L	318				43.95	125.28
P	3H2M	318				43.95	125.28
P	3H2N	318				43.95	125.28
P	3H2O	318				43.95	125.28
P	3H2P	318				43.95	125.28
P	3H2Q	318		44		41.8	123.45
P	3H2R	318		44		41.8	123.45
P	3H2S	318		44		41.8	123.45
P	3H2T	318		44		41.8	123.45
P	3H2U	318		44		41.8	123.45
P	3H2V	318		44		41.8	123.45
P	3H2W	318		44		41.8	123.45
P	3H2X	318		44		41.8	123.45
P	3H3A	318		44		39.13	117.17
P	3H3B	318		44		39.13	117.17
P	3H3C	318		44		39.13	117.17
P	3H3D	318		44		39.13	117.17
P	3H3E	318		44		39.13	117.17
P	3H3F	318		44		39.13	117.17
P	3H3G	318	23			40.87	111.67
P	3H3H	318	23			40.87	111.67
P	3H3I	318	23			40.87	111.67
P	3H3J	318	23			40.87	111.67
P	3H3K	318	23			40.87	111.67
P	3H3L	318	23			40.87	111.67
P	3H3M	318		44		38.03	114.47
P	3H3N	318		44		38.03	114.47
P	3H3O	318		44		38.03	114.47
P	3H3P	318		44		38.03	114.47
P	3H3Q	318		44		38.03	114.47
P	3H3R	318		44		38.03	114.47
P	3H3S	318		44		37.87	112.55
P	3H3T	318		44		37.87	112.55
P	3H3U	318		44		37.87	112.55
P	3H3V	318		44		37.87	112.55
P	3H3W	318		44		37.87	112.55
P	3H3X	318		44		37.87	112.55
P	3H4A	318		44		31.25	121.43
P	3H4B	318		44		31.25	121.43
P	3H4C	318		44		31.25	121.43
P	3H4D	318		44		31.25	121.43
P	3H4E	318		44		31.25	121.43
P	3H4F	318		44		31.25	121.43
P	3H4G	318		44		31.25	121.43
P	3H4H	318		44		31.25	121.43
P	3H4I	318		44		36.63	117.02
P	3H4J	318		44		36.63	117.02
P	3H4K	318		44		36.63	117.02
P	3H4L	318		44		36.63	117.02
P	3H4M	318		44		36.63	117.02
P	3H4N	318		44		36.63	117.02
P	3H4O	318		44		36.63	117.02
P	3H4P	318		44		36.63	117.02
P	3H4Q	318		44		32.03	118.78
P	3H4R	318		44		32.03	118.78
P	3H4S	318		44		32.03	118.78
P	3H4T	318		44		32.03	118.78
P	3H4U	318		44		32.03	118.78
P	3H4V	318		44		32.03	118.78
P	3H4W	318		44		32.03	118.78
P	3H4X	318		44		32.03	118.78
P	3H5A	318		44		30.3	120.18
P	3H5B	318		44		30.3	120.18
P	3H5C	318		44		30.3	120.18
P	3H5D	318		44		30.3	120.18
P	3H5E	318		44		30.3	120.18
P	3H5F	318		44		30.3	120.18
P	3H5G	318		44		30.3	120.18
P	3H5H	318		44		30.3	120.18
P	3H5I	318		44		30.72	106.03
P	3H5J	318		44		30.72	106.03
P	3H5K	318		44		30.72	106.03
P	3H5L	318		44		30.72	106.03
P	3H5M	318		44		30.72	106.03
P	3H5N	318		44		30.72	106.03
P	3H5O	318		44		30.72	106.03
P	3H5P	318		44		30.72	106.03
P	3H5Q	318		44		26.08	119.27
P	3H5R	318		44		26.08	119.27
P	3H5S	318		44		26.08	119.27
P	3H5T	318		44		26.08	119.27
P	3H5U	318		44		26.08	119.27
P	3H5V	318		44		26.08	119.27
P	3H5W	318		44		26.08	119.27
P	3H5X	318		44		26.08	119.27
P	3H6A	318		44		31.87	117.3
P	3H6B	318		44		31.87	117.3
P	3H6C	318		44		31.87	117.3
P	3H6D	318		44		31.87	117.3
P	3H6E	318		44		31.87	117.3
P	3H6F	318		44		31.87	117.3
P	3H6G	318		44		31.87	117.3
P	3H6H	318		44		31.87	117.3
P	3H6I	318		44		34.75	113.57
P	3H6J	318		44		34.75	113.57
P	3H6K	318		44		34.75	113.57
P	3H6L	318		44		34.75	113.57
P	3H6M	318		44		34.75	113.57
P	3H6N	318		44		34.75	113.57
P	3H6O	318		44		34.75	113.57
P	3H6P	318		44		34.75	113.57
P	3H6Q	318		43		30.52	114.3
P	3H6R	318		43		30.52	114.3
P	3H6S	318		43		30.52	114.3
P	3H6T	318		43		30.52	114.3
P	3H6U	318		43		30.52	114.3
P	3H6V	318		43		30.52	114.3
P	3H6W	318		43		30.52	114.3
P	3H6X	318		43		30.52	114.3
P	3H7A	318		43		28.2	113
P	3H7B	318		43		28.2	113
P	3H7C	318		43		28.2	113
P	3H7D	318		43		28.2	113
P	3H7E	318		43		28.2	113
P	3H7F	318		43		28.2	113
P	3H7G	318		43		28.2	113
P	3H7H	318		43		28.2	113
P	3H7I	318		44		23.08	113.17
P	3H7J	318		44		23.08	113.17
P	3H7K	318		44		23.08	113.17
P	3H7L	318		44		23.08	113.17
P	3H7M	318		44		23.08	113.17
P	3H7N	318		44		23.08	113.17
P	3H7O	318		44		23.08	113.17
P	3H7P	318		44		23.08	113.17
P	3H7Q	318		43		22.8	108.33
P	3H7R	318		43		22.8	108.33
P	3H7S	318		43		22.8	108.33
P	3H7T	318		43		22.8	108.33
P	3H7U	318		43		22.8	108.33
P	3H7V	318		43		22.8	108.33
P	3H7W	318		43		22.8	108.33
P	3H7X	318		43		22.8	108.33
P	3H7Y	318		44		20.02	110.27
P	3H8A	318		43		30.63	104.03
P	3H8B	318		43		30.63	104.03
P	3H8C	318		43		30.63	104.03
P	3H8D	318		43		30.63	104.03
P	3H8E	318		43		30.63	104.03
P	3H8F	318		43		30.63	104.03
P	3H8G	318		43		29.58	106.42
P	3H8H	318		43		29.58	106.42
P	3H8I	318		43		29.58	106.42
P	3H8J	318		43		29.58	106.42
P	3H8K	318		43		29.58	106.42
P	3H8L	318		43		29.58	106.42
P	3H8M	318		43		26.53	106.67
P	3H8N	318		43		26.53	106.67
P	3H8O	318		43		26.53	106.67
P	3H8P	318		43		26.53	106.67
P	3H8Q	318		43		26.53	106.67
P	3H8R	318		43		26.53	106.67
P	3H8S	318		43		25.02	102.68
P	3H8T	318		43		25.02	102.68
P	3H8U	318		43		25.02	102.68
P	3H8V	318		43		25.02	102.68
P	3H8W	318		43		25.02	102.68
P	3H8X	318		43		25.02	102.68
P	3H9A	318		43		34.25	109
P	3H9B	318		43		34.25	109
P	3H9C	318		43		34.25	109
P	3H9D	318		43		34.25	109
P	3H9E	318		43		34.25	109
P	3H9F	318		43		34.25	109
P	3H9G	318	23	43		36.02	103.87
P	3H9H	318	23	43		36.02	103.87
P	3H9I	318	23	43		36.02	103.87
P	3H9J	318	23	43		36.02	103.87
P	3H9K	318	23	43		36.02	103.87
P	3H9L	318	23	43		36.02	103.87
P	3H9M	318	23	43		38.5	106.25
P	3H9N	318	23	43		38.5	106.25
P	3H9O	318	23	43		38.5	106.25
P	3H9P	318	23	43		38.5	106.25
P	3H9Q	318	23	43		38.5	106.25
P	3H9R	318	23	43		38.5	106.25
P	3H9S	318	23	42		36.57	101.67
P	3H9T	318	23	42		36.57	101.67
P	3H9U	318	23	42		36.57	101.67
P	3H9V	318	23	42		36.57	101.67
P	3H9W	318	23	42		36.57	101.67
P	3H9X	318	23	42		36.57	101.67
P	3I	318		44
P	3I0A	318	23	42		43.75	87.75
P	3I0B	318	23	42		43.75	87.75
P	3I0C	318	23	42		43.75	87.75
P	3I0D	318	23	42		43.75	87.75
P	3I0E	318	23	42		43.75	87.75
P	3I0F	318	23	42		43.75	87.75
P	3I0G	318	23	42		29.42	90.97
P	3I0H	318	23	42		29.42	90.97
P	3I0I	318	23	42		29.42	90.97
P	3I0J	318	23	42		29.42	90.97
P	3I0K	318	23	42		29.42	90.97
P	3I0L	318	23	42		29.42	90.97
P	3I1	318		44		39.93	116.4
P	3I2A	318				45.8	126.67
P	3I2B	318				45.8	126.67
P	3I2C	318				45.8	126.67
P	3I2D	318				45.8	126.67
P	3I2E	318				45.8	126.67
P	3I2F	318				45.8	126.67
P	3I2G	318				45.8	126.67
P	3I2H	318				45.8	126.67
P	3I2I	318				43.95	125.28
P	3I2J	318				43.95	125.28
P	3I2K	318				43.95	125.28
P	3I2L	318				43.95	125.28
P	3I2M	318				43.95	125.28
P	3I2N	318				43.95	125.28
P	3I2O	318				43.95	125.28
P	3I2P	318				43.95	125.28
P	3I2Q	318		44		41.8	123.45
P	3I2R	318		44		41.8	123.45
P	3I2S	318		44		41.8	123.45
P	3I2T	318		44		41.8	123.45
P	3I2U	318		44		41.8	123.45
P	3I2V	318		44		41.8	123.45
P	3I2W	318		44		41.8	123.45
P	3I2X	318		44		41.8	123.45
P	3I3A	318		44		39.13	117.17
P	3I3B	318		44		39.13	117.17
P	3I3C	318		44		39.13	117.17
P	3I3D	318		44		39.13	117.17
P	3I3E	318		44		39.13	117.17
P	3I3F	318		44		39.13	117.17
P	3I3G	318	23			40.87	111.67
P	3I3H	318	23			40.87	111.67
P	3I3I	318	23			40.87	111.67
P	3I3J	318	23			40.87	111.67
P	3I3K	318	23			40.87	111.67
P	3I3L	318	23			40.87	111.67
P	3I3M	318		44		38.03	114.47
P	3I3N	318		44		38.03	114.47
P	3I3O	318		44		38.03	114.47
P	3I3P	318		44		38.03	114.47
P	3I3Q	318		44		38.03	114.47
P	3I3R	318		44		38.03	114.47
P	3I3S	318		44		37.87	112.55
P	3I3T	318		44		37.87	112.55
P	3I3U	318		44		37.87	112.55
P	3I3V	318		44		37.87	112.55
P	3I3W	318		44		37.87	112.55
P	3I3X	318		44		37.87	112.55
P	3I4A	318		44		31.25	121.43
P	3I4B	318		44		31.25	121.43
P	3I4C	318		44		31.25	121.43
P	3I4D	318		44		31.25	121.43
P	3I4E	318		44		31.25	121.43
P	3I4F	318		44		31.25	121.43
P	3I4G	318		44		31.25	121.43
P	3I4H	318		44		31.25	121.43
P	3I4I	318		44		36.63	117.02
P	3I4J	318		44		36.63	117.02
P	3I4K	318		44		36.63	117.02
P	3I4L	318		44		36.63	117.02
P	3I4M	318		44		36.63	117.02
P	3I4N	318		44		36.63	117.02
P	3I4O	318		44		36.63	117.02
P	3I4P	318		44		36.63	117.02
P	3I4Q	318		44		32.03	118.78
P	3I4R	318		44		32.03	118.78
P	3I4S	318		44		32.03	118.78
P	3I4T	318		44		32.03	118.78
P	3I4U	318		44		32.03	118.78
P	3I4V	318		44		32.03	118.78
P	3I4W	318		44		32.03	118.78
P	3I4X	318		44		32.03	118.78
P	3I5A	318		44		30.3	120.18
P	3I5B	318		44		30.3	120.18
P	3I5C	318		44		30.3	120.18
P	3I5D	318		44		30.3	120.18
P	3I5E	318		44		30.3	120.18
P	3I5F	318		44		30.3	120.18
P	3I5G	318		44		30.3	120.18
P	3I5H	318		44		30.3	120.18
P	3I5I	318		44		30.72	106.03
P	3I5J	318		44		30.72	106.03
P	3I5K	318		44		30.72	106.03
P	3I5L	318		44		30.72	106.03
P	3I5M	318		44		30.72	106.03
P	3I5N	318		44		30.72	106.03
P	3I5O	318		44		30.72	106.03
P	3I5P	318		44		30.72	106.03
P	3I5Q	318		44		26.08	119.27
P	3I5R	318		44		26.08	119.27
P	3I5S	318		44		26.08	119.27
P	3I5T	318		44		26.08	119.27
P	3I5U	318		44		26.08	119.27
P	3I5V	318		44		26.08	119.27
P	3I5W	318		44		26.08	119.27
P	3I5X	318		44		26.08	119.27
P	3I6A	318		44		31.87	117.3
P	3I6B	318		44		31.87	117.3
P	3I6C	318		44		31.87	117.3
P	3I6D	318		44		31.87	117.3
P	3I6E	318		44		31.87	117.3
P	3I6F	318		44		31.87	117.3
P	3I6G	318		44		31.87	117.3
P	3I6H	318		44		31.87	117.3
P	3I6I	318		44		34.75	113.57
P	3I6J	318		44		34.75	113.57
P	3I6K	318		44		34.75	113.57
P	3I6L	318		44		34.75	113.57
P	3I6M	318		44		34.75	113.57
P	3I6N	318		44		34.75	113.57
P	3I6O	318		44		34.75	113.57
P	3I6P	318		44		34.75	113.57
P	3I6Q	318		43		30.52	114.3
P	3I6R	318		43		30.52	114.3
P	3I6S	318		43		30.52	114.3
P	3I6T	318		43		30.52	114.3
P	3I6U	318		43		30.52	114.3
P	3I6V	318		43		30.52	114.3
P	3I6W	318		43		30.52	114.3
P	3I6X	318		43		30.52	114.3
P	3I7A	318		43		28.2	113
P	3I7B	318		43		28.2	113
P	3I7C	318		43		28.2	113
P	3I7D	318		43		28.2	113
P	3I7E	318		43		28.2	113
P	3I7F	318		43		28.2	113
P	3I7G	318		43		28.2	113
P	3I7H	318		43		28.2	113
P	3I7I	318		44		23.08	113.17
P	3I7J	318		44		23.08	113.17
P	3I7K	318		44		23.08	113.17
P	3I7L	318		44		23.08	113.17
P	3I7M	318		44		23.08	113.17
P	3I7N	318		44		23.08	113.17
P	3I7O	318		44		23.08	113.17
P	3I7P	318		44		23.08	113.17
P	3I7Q	318		43		22.8	108.33
P	3I7R	318		43		22.8	108.33
P	3I7S	318		43		22.8	108.33
P	3I7T	318		43		22.8	108.33
P	3I7U	318		43		22.8	108.33
P	3I7V	318		43		22.8	108.33
P	3I7W	318		43		22.8	108.33
P	3I7X	318		43		22.8	108.33
P	3I7Y	318		44		20.02	110.27
P	3I8A	318		43		30.63	104.03
P	3I8B	318		43		30.63	104.03
P	3I8C	318		43		30.63	104.03
P	3I8D	318		43		30.63	104.03
P	3I8E	318		43		30.63	104.03
P	3I8F	318		43		30.63	104.03
P	3I8G	318		43		29.58	106.42
P	3I8H	318		43		29.58	106.42
P	3I8I	318		43		29.58	106.42
P	3I8J	318		43		29.58	106.42
P	3I8K	318		43		29.58	106.42
P	3I8L	318		43		29.58	106.42
P	3I8M	318		43		26.53	106.67
P	3I8N	318		43		26.53	106.67
P	3I8O	318		43		26.53	106.67
P	3I8P	318		43		26.53	106.67
P	3I8Q	318		43		26.53	106.67
P	3I8R	318		43		26.53	106.67
P	3I8S	318		43		25.02	102.68
P	3I8T	318		43		25.02	102.68
P	3I8U	318		43		25.02	102.68
P	3I8V	318		43		25.02	102.68
P	3I8W	318		43		25.02	102.68
P	3I8X	318		43		25.02	102.68
P	3I9A	318		43		34.25	109
P	3I9B	318		43		34.25	109
P	3I9C	318		43		34.25	109
P	3I9D	318		43		34.25	109
P	3I9E	318		43		34.25	109
P	3I9F	318		43		34.25	109
P	3I9G	318	23	43		36.02	103.87
P	3I9H	318	23	43		36.02	103.87
P	3I9I	318	23	43		36.02	103.87
P	3I9J	318	23	43		36.02	103.87
P	3I9K	318	23	43		36.02	103.87
P	3I9L	318	23	43		36.02	103.87
P	3I9M	318	23	43		38.5	106.25
P	3I9N	318	23	43		38.5	106.25
P	3I9O	318	23	43		38.5	106.25
P	3I9P	318	23	43		38.5	106.25
P	3I9Q	318	23	43		38.5	106.25
P	3I9R	318	23	43		38.5	106.25
P	3I9S	318	23	42		36.57	101.67
P	3I9T	318	23	42		36.57	101.67
P	3I9U	318	23	42		36.57	101.67
P	3I9V	318	23	42		36.57	101.67
P	3I9W	318	23	42		36.57	101.67
P	3I9X	318	23	42		36.57	101.67
P	3J	318		44
P	3J0A	318	23	42		43.75	87.75
P	3J0B	318	23	42		43.75	87.75
P	3J0C	318	23	42		43.75	87.75
P	3J0D	318	23	42		43.75	87.75
P	3J0E	318	23	42		43.75	87.75
P	3J0F	318	23	42		43.75	87.75
P	3J0G	318	23	42		29.42	90.97
P	3J0H	318	23	42		29.42	90.97
P	3J0I	318	23	42		29.42	90.97
P	3J0J	318	23	42		29.42	90.97
P	3J0K	318	23	42		29.42	90.97
P	3J0L	318	23	42		29.42	90.97
P	3J1	318		44		39.93	116.4
P	3J2A	318				45.8	126.67
P	3J2B	318				45.8	126.67
P	3J2C	318				45.8	126.67
P	3J2D	318				45.8	126.67
P	3J2E	318				45.8	126.67
P	3J2F	318				45.8	126.67
P	3J2G	318				45.8	126.67
P	3J2H	318				45.8	126.67
P	3J2I	318				43.95	125.28
P	3J2J	318				43.95	125.28
P	3J2K	318				43.95	125.28
P	3J2L	318				43.95	125.28
P	3J2M	318				43.95	125.28
P	3J2N	318				43.95	125.28
P	3J2O	318				43.95	125.28
P	3J2P	318				43.95	125.28
P	3J2Q	318		44		41.8	123.45
P	3J2R	318		44		41.8	123.45
P	3J2S	318		44		41.8	123.45
P	3J2T	318		44		41.8	123.45
P	3J2U	318		44		41.8	123.45
P	3J2V	318		44		41.8	123.45
P	3J2W	318		44		41.8	123.45
P	3J2X	318		44		41.8	123.45
P	3J3A	318		44		39.13	117.17
P	3J3B	318		44		39.13	117.17
P	3J3C	318		44		39.13	117.17
P	3J3D	318		44		39.13	117.17
P	3J3E	318		44		39.13	117.17
P	3J3F	318		44		39.13	117.17
P	3J3G	318	23			40.87	111.67
P	3J3H	318	23			40.87	111.67
P	3J3I	318	23			40.87	111.67
P	3J3J	318	23			40.87	111.67
P	3J3K	318	23			40.87	111.67
P	3J3L	318	23			40.87	111.67
P	3J3M	318		44		38.03	114.47
P	3J3N	318		44		38.03	114.47
P	3J3O	318		44		38.03	114.47
P	3J3P	318		44		38.03	114.47
P	3J3Q	318		44		38.03	114.47
P	3J3R	318		44		38.03	114.47
P	3J3S	318		44		37.87	112.55
P	3J3T	318		44		37.87	112.55
P	3J3U	318		44		37.87	112.55
P	3J3V	318		44		37.87	112.55
P	3J3W	318		44		37.87	112.55
P	3J3X	318		44		37.87	112.55
P	3J4A	318		44		31.25	121.43
P	3J4B	318		44		31.25	121.43
P	3J4C	318		44		31.25	121.43
P	3J4D	318		44		31.25	121.43
P	3J4E	318		44		31.25	121.43
P	3J4F	318		44		31.25	121.43
P	3J4G	318		44		31.25	121.43
P	3J4H	318		44		31.25	121.43
P	3J4I	318		44		36.63	117.02
P	3J4J	318		44		36.63	117.02
P	3J4K	318		44		36.63	117.02
P	3J4L	318		44		36.63	117.02
P	3J4M	318		44		36.63	117.02
P	3J4N	318		44		36.63	117.02
P	3J4O	318		44		36.63	117.02
P	3J4P	318		44		36.63	117.02
P	3J4Q	318		44		32.03	118.78
P	3J4R	318		44		32.03	118.78
P	3J4S	318		44		32.03	118.78
P	3J4T	318		44		32.03	118.78
P	3J4U	318		44		32.03	118.78
P	3J4V	318		44		32.03	118.78
P	3J4W	318		44		32.03	118.78
P	3J4X	318		44		32.03	118.78
P	3J5A	318		44		30.3	120.18
P	3J5B	318		44		30.3	120.18
P	3J5C	318		44		30.3	120.18
P	3J5D	318		44		30.3	120.18
P	3J5E	318		44		30.3	120.18
P	3J5F	318		44		30.3	120.18
P	3J5G	318		44		30.3	120.18
P	3J5H	318		44		30.3	120.18
P	3J5I	318		44		30.72	106.03
P	3J5J	318		44		30.72	106.03
P	3J5K	318		44		30.72	106.03
P	3J5L	318		44		30.72	106.03
P	3J5M	318		44		30.72	106.03
P	3J5N	318		44		30.72	106.03
P	3J5O	318		44		30.72	106.03
P	3J5P	318		44		30.72	106.03
P	3J5Q	318		44		26.08	119.27
P	3J5R	318		44		26.08	119.27
P	3J5S	318		44		26.08	119.27
P	3J5T	318		44		26.08	119.27
P	3J5U	318		44		26.08	119.27
P	3J5V	318		44		26.08	119.27
P	3J5W	318		44		26.08	119.27
P	3J5X	318		44		26.08	119.27
P	3J6A	318		44		31.87	117.3
P	3J6B	318		44		31.87	117.3
P	3J6C	318		44		31.87	117.3
P	3J6D	318		44		31.87	117.3
P	3J6E	318		44		31.87	117.3
P	3J6F	318		44		31.87	117.3
P	3J6G	318		44		31.87	117.3
P	3J6H	318		44		31.87	117.3
P	3J6I	318		44		34.75	113.57
P	3J6J	318		44		34.75	113.57
P	3J6K	318		44		34.75	113.57
P	3J6L	318		44		34.75	113.57
P	3J6M	318		44		34.75	113.57
P	3J6N	318		44		34.75	113.57
P	3J6O	318		44		34.75	113.57
P	3J6P	318		44		34.75	113.57
P	3J6Q	318		43		30.52	114.3
P	3J6R	318		43		30.52	114.3
P	3J6S	318		43		30.52	114.3
P	3J6T	318		43		30.52	114.3
P	3J6U	318		43		30.52	114.3
P	3J6V	318		43		30.52	114.3
P	3J6W	318		43		30.52	114.3
P	3J6X	318		43		30.52	114.3
P	3J7A	318		43		28.2	113
P	3J7B	318		43		28.2	113
P	3J7C	318		43		28.2	113
P	3J7D	318		43		28.2	113
P	3J7E	318		43		28.2	113
P	3J7F	318		43		28.2	113
P	3J7G	318		43		28.2	113
P	3J7H	318		43		28.2	113
P	3J7I	318		44		23.08	113.17
P	3J7J	318		44		23.08	113.17
P	3J7K	318		44		23.08	113.17
P	3J7L	318		44		23.08	113.17
P	3J7M	318		44		23.08	113.17
P	3J7N	318		44		23.08	113.17
P	3J7O	318		44		23.08	113.17
P	3J7P	318		44		23.08	113.17
P	3J7Q	318		43		22.8	108.33
P	3J7R	318		43		22.8	108.33
P	3J7S	318		43		22.8	108.33
P	3J7T	318		43		22.8	108.33
P	3J7U	318		43		22.8	108.33
P	3J7V	318		43		22.8	108.33
P	3J7W	318		43		22.8	108.33
P	3J7X	318		43		22.8	108.33
P	3J7Y	318		44		20.02	110.27
P	3J8A	318		43		30.63	104.03
P	3J8B	318		43		30.63	104.03
P	3J8C	318		43		30.63	104.03
P	3J8D	318		43		30.63	104.03
P	3J8E	318		43		30.63	104.03
P	3J8F	318		43		30.63	104.03
P	3J8G	318		43		29.58	106.42
P	3J8H	318		43		29.58	106.42
P	3J8I	318		43		29.58	106.42
P	3J8J	318		43		29.58	106.42
P	3J8K	318		43		29.58	106.42
P	3J8L	318		43		29.58	106.42
P	3J8M	318		43		26.53	106.67
P	3J8N	318		43		26.53	106.67
P	3J8O	318		43		26.53	106.67
P	3J8P	318		43		26.53	106.67
P	3J8Q	318		43		26.53	106.67
P	3J8R	318		43		26.53	106.67
P	3J8S	318		43		25.02	102.68
P	3J8T	318		43		25.02	102.68
P	3J8U	318		43		25.02	102.68
P	3J8V	318		43		25.02	102.68
P	3J8W	318		43		25.02	102.68
P	3J8X	318		43		25.02	102.68
P	3J9A	318		43		34.25	109
P	3J9B	318		43		34.25	109
P	3J9C	318		43		34.25	109
P	3J9D	318		43		34.25	109
P	3J9E	318		43		34.25	109
P	3J9F	318		43		34.25	109
P	3J9G	318	23	43		36.02	103.87
P	3J9H	318	23	43		36.02	103.87
P	3J9I	318	23	43		36.02	103.87
P	3J9J	318	23	43		36.02	103.87
P	3J9K	318	23	43		36.02	103.87
P	3J9L	318	23	43		36.02	103.87
P	3J9M	318	23	43		38.5	106.25
P	3J9N	318	23	43		38.5	106.25
P	3J9O	318	23	43		38.5	106.25
P	3J9P	318	23	43		38.5	106.25
P	3J9Q	318	23	43		38.5	106.25
P	3J9R	318	23	43		38.5	106.25
P	3J9S	318	23	42		36.57	101.67
P	3J9T	318	23	42		36.57	101.67
P	3J9U	318	23	42		36.57	101.67
P	3J9V	318	23	42		36.57	101.67
P	3J9W	318	23	42		36.57	101.67
P	3J9X	318	23	42		36.57	101.67
P	3K	318		44
P	3K0A	318	23	42		43.75	87.75
P	3K0B	318	23	42		43.75	87.75
P	3K0C	318	23	42		43.75	87.75
P	3K0D	318	23	42		43.75	87.75
P	3K0E	318	23	42		43.75	87.75
P	3K0F	318	23	42		43.75	87.75
P	3K0G	318	23	42		29.42	90.97
P	3K0H	318	23	42		29.42	90.97
P	3K0I	318	23	42		29.42	90.97
P	3K0J	318	23	42		29.42	90.97
P	3K0K	318	23	42		29.42	90.97
P	3K0L	318	23	42		29.42	90.97
P	3K1	318		44		39.93	116.4
P	3K2A	318				45.8	126.67
P	3K2B	318				45.8	126.67
P	3K2C	318				45.8	126.67
P	3K2D	318				45.8	126.67
P	3K2E	318				45.8	126.67
P	3K2F	318				45.8	126.67
P	3K2G	318				45.8	126.67
P	3K2H	318				45.8	126.67
P	3K2I	318				43.95	125.28
P	3K2J	318				43.95	125.28
P	3K2K	318				43.95	125.28
P	3K2L	318				43.95	125.28
P	3K2M	318				43.95	125.28
P	3K2N	318				43.95	125.28
P	3K2O	318				43.95	125.28
P	3K2P	318				43.95	125.28
P	3K2Q	318		44		41.8	123.45
P	3K2R	318		44		41.8	123.45
P	3K2S	318		44		41.8	123.45
P	3K2T	318		44		41.8	123.45
P	3K2U	318		44		41.8	123.45
P	3K2V	318		44		41.8	123.45
P	3K2W	318		44		41.8	123.45
P	3K2X	318		44		41.8	123.45
P	3K3A	318		44		39.13	117.17
P	3K3B	318		44		39.13	117.17
P	3K3C	318		44		39.13	117.17
P	3K3D	318		44		39.13	117.17
P	3K3E	318		44		39.13	117.17
P	3K3F	318		44		39.13	117.17
P	3K3G	318	23			40.87	111.67
P	3K3H	318	23			40.87	111.67
P	3K3I	318	23			40.87	111.67
P	3K3J	318	23			40.87	111.67
P	3K3K	318	23			40.87	111.67
P	3K3L	318	23			40.87	111.67
P	3K3M	318		44		38.03	114.47
P	3K3N	318		44		38.03	114.47
P	3K3O	318		44		38.03	114.47
P	3K3P	318		44		38.03	114.47
P	3K3Q	318		44		38.03	114.47
P	3K3R	318		44		38.03	114.47
P	3K3S	318		44		37.87	112.55
P	3K3T	318		44		37.87	112.55
P	3K3U	318		44		37.87	112.55
P	3K3V	318		44		37.87	112.55
P	3K3W	318		44		37.87	112.55
P	3K3X	318		44		37.87	112.55
P	3K4A	318		44		31.25	121.43
P	3K4B	318		44		31.25	121.43
P	3K4C	318		44		31.25	121.43
P	3K4D	318		44		31.25	121.43
P	3K4E	318		44		31.25	121.43
P	3K4F	318		44		31.25	121.43
P	3K4G	318		44		31.25	121.43
P	3K4H	318		44		31.25	121.43
P	3K4I	318		44		36.63	117.02
P	3K4J	318		44		36.63	117.02
P	3K4K	318		44		36.63	117.02
P	3K4L	318		44		36.63	117.02
P	3K4M	318		44		36.63	117.02
P	3K4N	318		44		36.63	117.02
P	3K4O	318		44		36.63	117.02
P	3K4P	318		44		36.63	117.02
P	3K4Q	318		44		32.03	118.78
P	3K4R	318		44		32.03	118.78
P	3K4S	318		44		32.03	118.78
P	3K4T	318		44		32.03	118.78
P	3K4U	318		44		32.03	118.78
P	3K4V	318		44		32.03	118.78
P	3K4W	318		44		32.03	118.78
P	3K4X	318		44		32.03	118.78
P	3K5A	318		44		30.3	120.18
P	3K5B	318		44		30.3	120.18
P	3K5C	318		44		30.3	120.18
P	3K5D	318		44		30.3	120.18
P	3K5E	318		44		30.3	120.18
P	3K5F	318		44		30.3	120.18
P	3K5G	318		44		30.3	120.18
P	3K5H	318		44		30.3	120.18
P	3K5I	318		44		30.72	106.03
P	3K5J	318		44		30.72	106.03
P	3K5K	318		44		30.72	106.03
P	3K5L	318		44		30.72	106.03
P	3K5M	318		44		30.72	106.03
P	3K5N	318		44		30.72	106.03
P	3K5O	318		44		30.72	106.03
P	3K5P	318		44		30.72	106.03
P	3K5Q	318		44		26.08	119.27
P	3K5R	318		44		26.08	119.27
P	3K5S	318		44		26.08	119.27
P	3K5T	318		44		26.08	119.27
P	3K5U	318		44		26.08	119.27
P	3K5V	318		44		26.08	119.27
P	3K5W	318		44		26.08	119.27
P	3K5X	318		44		26.08	119.27
P	3K6A	318		44		31.87	117.3
P	3K6B	318		44		31.87	117.3
P	3K6C	318		44		31.87	117.3
P	3K6D	318		44		31.87	117.3
P	3K6E	318		44		31.87	117.3
P	3K6F	318		44		31.87	117.3
P	3K6G	318		44		31.87	117.3
P	3K6H	318		44		31.87	117.3
P	3K6I	318		44		34.75	113.57
P	3K6J	318		44		34.75	113.57
P	3K6K	318		44		34.75	113.57
P	3K6L	318		44		34.75	113.57
P	3K6M	318		44		34.75	113.57
P	3K6N	318		44		34.75	113.57
P	3K6O	318		44		34.75	113.57
P	3K6P	318		44		34.75	113.57
P	3K6Q	318		43		30.52	114.3
P	3K6R	318		43		30.52	114.3
P	3K6S	318		43		30.52	114.3
P	3K6T	318		43		30.52	114.3
P	3K6U	318		43		30.52	114.3
P	3K6V	318		43		30.52	114.3
P	3K6W	318		43		30.52	114.3
P	3K6X	318		43		30.52	114.3
P	3K7A	318		43		28.2	113
P	3K7B	318		43		28.2	113
P	3K7C	318		43		28.2	113
P	3K7D	318		43		28.2	113
P	3K7E	318		43		28.2	113
P	3K7F	318		43		28.2	113
P	3K7G	318		43		28.2	113
P	3K7H	318		43		28.2	113
P	3K7I	318		44		23.08	113.17
P	3K7J	318		44		23.08	113.17
P	3K7K	318		44		23.08	113.17
P	3K7L	318		44		23.08	113.17
P	3K7M	318		44		23.08	113.17
P	3K7N	318		44		23.08	113.17
P	3K7O	318		44		23.08	113.17
P	3K7P	318		44		23.08	113.17
P	3K7Q	318		43		22.8	108.33
P	3K7R	318		43		22.8	108.33
P	3K7S	318		43		22.8	108.33
P	3K7T	318		43		22.8	108.33
P	3K7U	318		43		22.8	108.33
P	3K7V	318		43		22.8	108.33
P	3K7W	318		43		22.8	108.33
P	3K7X	318		43		22.8	108.33
P	3K7Y	318		44		20.02	110.27
P	3K8A	318		43		30.63	104.03
P	3K8B	318		43		30.63	104.03
P	3K8C	318		43		30.63	104.03
P	3K8D	318		43		30.63	104.03
P	3K8E	318		43		30.63	104.03
P	3K8F	318		43		30.63	104.03
P	3K8G	318		43		29.58	106.42
P	3K8H	318		43		29.58	106.42
P	3K8I	318		43		29.58	106.42
P	3K8J	318		43		29.58	106.42
P	3K8K	318		43		29.58	106.42
P	3K8L	318		43		29.58	106.42
P	3K8M	318		43		26.53	106.67
P	3K8N	318		43		26.53	106.67
P	3K8O	318		43		26.53	106.67
P	3K8P	318		43		26.53	106.67
P	3K8Q	318		43		26.53	106.67
P	3K8R	318		43		26.53	106.67
P	3K8S	318		43		25.02	102.68
P	3K8T	318		43		25.02	102.68
P	3K8U	318		43		25.02	102.68
P	3K8V	318		43		25.02	102.68
P	3K8W	318		43		25.02	102.68
P	3K8X	318		43		25.02	102.68
P	3K9A	318		43		34.25	109
P	3K9B	318		43		34.25	109
P	3K9C	318		43		34.25	109
P	3K9D	318		43		34.25	109
P	3K9E	318		43		34.25	109
P	3K9F	318		43		34.25	109
P	3K9G	318	23	43		36.02	103.87
P	3K9H	318	23	43		36.02	103.87
P	3K9I	318	23	43		36.02	103.87
P	3K9J	318	23	43		36.02	103.87
P	3K9K	318	23	43		36.02	103.87
P	3K9L	318	23	43		36.02	103.87
P	3K9M	318	23	43		38.5	106.25
P	3K9N	318	23	43		38.5	106.25
P	3K9O	318	23	43		38.5	106.25
P	3K9P	318	23	43		38.5	106.25
P	3K9Q	318	23	43		38.5	106.25
P	3K9R	318	23	43		38.5	106.25
P	3K9S	318	23	42		36.57	101.67
P	3K9T	318	23	42		36.57	101.67
P	3K9U	318	23	42		36.57	101.67
P	3K9V	318	23	42		36.57	101.67
P	3K9W	318	23	42		36.57	101.67
P	3K9X	318	23	42		36.57	101.67
P	3L	318		44
P	3L0A	318	23	42		43.75	87.75
P	3L0B	318	23	42		43.75	87.75
P	3L0C	318	23	42		43.75	87.75
P	3L0D	318	23	42		43.75	87.75
P	3L0E	318	23	42		43.75	87.75
P	3L0F	318	23	42		43.75	87.75
P	3L0G	318	23	42		29.42	90.97
P	3L0H	318	23	42		29.42	90.97
P	3L0I	318	23	42		29.42	90.97
P	3L0J	318	23	42		29.42	90.97
P	3L0K	318	23	42		29.42	90.97
P	3L0L	318	23	42		29.42	90.97
P	3L1	318		44		39.93	116.4
P	3L2A	318				45.8	126.67
P	3L2B	318				45.8	126.67
P	3L2C	318				45.8	126.67
P	3L2D	318				45.8	126.67
P	3L2E	318				45.8	126.67
P	3L2F	318				45.8	126.67
P	3L2G	318				45.8	126.67
P	3L2H	318				45.8	126.67
P	3L2I	318				43.95	125.28
P	3L2J	318				43.95	125.28
P	3L2K	318				43.95	125.28
P	3L2L	318				43.95	125.28
P	3L2M	318				43.95	125.28
P	3L2N	318				43.95	125.28
P	3L2O	318				43.95	125.28
P	3L2P	318				43.95	125.28
P	3L2Q	318		44		41.8	123.45
P	3L2R	318		44		41.8	123.45
P	3L2S	318		44		41.8	123.45
P	3L2T	318		44		41.8	123.45
P	3L2U	318		44		41.8	123.45
P	3L2V	318		44		41.8	123.45
P	3L2W	318		44		41.8	123.45
P	3L2X	318		44		41.8	123.45
P	3L3A	318		44		39.13	117.17
P	3L3B	318		44		39.13	117.17
P	3L3C	318		44		39.13	117.17
P	3L3D	318		44		39.13	117.17
P	3L3E	318		44		39.13	117.17
P	3L3F	318		44		39.13	117.17
P	3L3G	318	23			40.87	111.67
P	3L3H	318	23			40.87	111.67
P	3L3I	318	23			40.87	111.67
P	3L3J	318	23			40.87	111.67
P	3L3K	318	23			40.87	111.67
P	3L3L	318	23			40.87	111.67
P	3L3M	318		44		38.03	114.47
P	3L3N	318		44		38.03	114.47
P	3L3O	318		44		38.03	114.47
P	3L3P	318		44		38.03	114.47
P	3L3Q	318		44		38.03	114.47
P	3L3R	318		44		38.03	114.47
P	3L3S	318		44		37.87	112.55
P	3L3T	318		44		37.87	112.55
P	3L3U	318		44		37.87	112.55
P	3L3V	318		44		37.87	112.55
P	3L3W	318		44		37.87	112.55
P	3L3X	318		44		37.87	112.55
P	3L4A	318		44		31.25	121.43
P	3L4B	318		44		31.25	121.43
P	3L4C	318		44		31.25	121.43
P	3L4D	318		44		31.25	121.43
P	3L4E	318		44		31.25	121.43
P	3L4F	318		44		31.25	121.43
P	3L4G	318		44		31.25	121.43
P	3L4H	318		44		31.25	121.43
P	3L4I	318		44		36.63	117.02
P	3L4J	318		44		36.63	117.02
P	3L4K	318		44		36.63	117.02
P	3L4L	318		44		36.63	117.02
P	3L4M	318		44		36.63	117.02
P	3L4N	318		44		36.63	117.02
P	3L4O	318		44		36.63	117.02
P	3L4P	318		44		36.63	117.02
P	3L4Q	318		44		32.03	118.78
P	3L4R	318		44		32.03	118.78
P	3L4S	318		44		32.03	118.78
P	3L4T	318		44		32.03	118.78
P	3L4U	318		44		32.03	118.78
P	3L4V	318		44		32.03	118.78
P	3L4W	318		44		32.03	118.78
P	3L4X	318		44		32.03	118.78
P	3L5A	318		44		30.3	120.18
P	3L5B	318		44		30.3	120.18
P	3L5C	318		44		30.3	120.18
P	3L5D	318		44		30.3	120.18
P	3L5E	318		44		30.3	120.18
P	3L5F	318		44		30.3	120.18
P	3L5G	318		44		30.3	120.18
P	3L5H	318		44		30.3	120.18
P	3L5I	318		44		30.72	106.03
P	3L5J	318		44		30.72	106.03
P	3L5K	318		44		30.72	106.03
P	3L5L	318		44		30.72	106.03
P	3L5M	318		44		30.72	106.03
P	3L5N	318		44		30.72	106.03
P	3L5O	318		44		30.72	106.03
P	3L5P	318		44		30.72	106.03
P	3L5Q	318		44		26.08	119.27
P	3L5R	318		44		26.08	119.27
P	3L5S	318		44		26.08	119.27
P	3L5T	318		44		26.08	119.27
P	3L5U	318		44		26.08	119.27
P	3L5V	318		44		26.08	119.27
P	3L5W	318		44		26.08	119.27
P	3L5X	318		44		26.08	119.27
P	3L6A	318		44		31.87	117.3
P	3L6B	318		44		31.87	117.3
P	3L6C	318		44		31.87	117.3
P	3L6D	318		44		31.87	117.3
P	3L6E	318		44		31.87	117.3
P	3L6F	318		44		31.87	117.3
P	3L6G	318		44		31.87	117.3
P	3L6H	318		44		31.87	117.3
P	3L6I	318		44		34.75	113.57
P	3L6J	318		44		34.75	113.57
P	3L6K	318		44		34.75	113.57
P	3L6L	318		44		34.75	113.57
P	3L6M	318		44		34.75	113.57
P	3L6N	318		44		34.75	113.57
P	3L6O	318		44		34.75	113.57
P	3L6P	318		44		34.75	113.57
P	3L6Q	318		43		30.52	114.3
P	3L6R	318		43		30.52	114.3
P	3L6S	318		43		30.52	114.3
P	3L6T	318		43		30.52	114.3
P	3L6U	318		43		30.52	114.3
P	3L6V	318		43		30.52	114.3
P	3L6W	318		43		30.52	114.3
P	3L6X	318		43		30.52	114.3
P	3L7A	318		43		28.2	113
P	3L7B	318		43		28.2	113
P	3L7C	318		43		28.2	113
P	3L7D	318		43		28.2	113
P	3L7E	318		43		28.2	113
P	3L7F	318		43		28.2	113
P	3L7G	318		43		28.2	113
P	3L7H	318		43		28.2	113
P	3L7I	318		44		23.08	113.17
P	3L7J	318		44		23.08	113.17
P	3L7K	318		44		23.08	113.17
P	3L7L	318		44		23.08	113.17
P	3L7M	318		44		23.08	113.17
P	3L7N	318		44		23.08	113.17
P	3L7O	318		44		23.08	113.17
P	3L7P	318		44		23.08	113.17
P	3L7Q	318		43		22.8	108.33
P	3L7R	318		43		22.8	108.33
P	3L7S	318		43		22.8	108.33
P	3L7T	318		43		22.8	108.33
P	3L7U	318		43		22.8	108.33
P	3L7V	318		43		22.8	108.33
P	3L7W	318		43		22.8	108.33
P	3L7X	318		43		22.8	108.33
P	3L7Y	318		44		20.02	110.27
P	3L8A	318		43		30.63	104.03
P	3L8B	318		43		30.63	104.03
P	3L8C	318		43		30.63	104.03
P	3L8D	318		43		30.63	104.03
P	3L8E	318		43		30.63	104.03
P	3L8F	318		43		30.63	104.03
P	3L8G	318		43		29.58	106.42
P	3L8H	318		43		29.58	106.42
P	3L8I	318		43		29.58	106.42
P	3L8J	318		43		29.58	106.42
P	3L8K	318		43		29.58	106.42
P	3L8L	318		43		29.58	106.42
P	3L8M	318		43		26.53	106.67
P	3L8N	318		43		26.53	106.67
P	3L8O	318		43		26.53	106.67
P	3L8P	318		43		26.53	106.67
P	3L8Q	318		43		26.53	106.67
P	3L8R	318		43		26.53	106.67
P	3L8S	318		43		25.02	102.68
P	3L8T	318		43		25.02	102.68
P	3L8U	318		43		25.02	102.68
P	3L8V	318		43		25.02	102.68
P	3L8W	318		43		25.02	102.68
P	3L8X	318		43		25.02	102.68
P	3L9A	318		43		34.25	109
P	3L9B	318		43		34.25	109
P	3L9C	318		43		34.25	109
P	3L9D	318		43		34.25	109
P	3L9E	318		43		34.25	109
P	3L9F	318		43		34.25	109
P	3L9G	318	23	43		36.02	103.87
P	3L9H	318	23	43		36.02	103.87
P	3L9I	318	23	43		36.02	103.87
P	3L9J	318	23	43		36.02	103.87
P	3L9K	318	23	43		36.02	103.87
P	3L9L	318	23	43		36.02	103.87
P	3L9M	318	23	43		38.5	106.25
P	3L9N	318	23	43		38.5	106.25
P	3L9O	318	23	43		38.5	106.25
P	3L9P	318	23	43		38.5	106.25
P	3L9Q	318	23	43		38.5	106.25
P	3L9R	318	23	43		38.5	106.25
P	3L9S	318	23	42		36.57	101.67
P	3L9T	318	23	42		36.57	101.67
P	3L9U	318	23	42		36.57	101.67
P	3L9V	318	23	42		36.57	101.67
P	3L9W	318	23	42		36.57	101.67
P	3L9X	318	23	42		36.57	101.67
P	3M	318		44
P	3M0A	318	23	42		43.75	87.75
P	3M0B	318	23	42		43.75	87.75
P	3M0C	318	23	42		43.75	87.75
P	3M0D	318	23	42		43.75	87.75
P	3M0E	318	23	42		43.75	87.75
P	3M0F	318	23	42		43.75	87.75
P	3M0G	318	23	42		29.42	90.97
P	3M0H	318	23	42		29.42	90.97
P	3M0I	318	23	42		29.42	90.97
P	3M0J	318	23	42		29.42	90.97
P	3M0K	318	23	42		29.42	90.97
P	3M0L	318	23	42		29.42	90.97
P	3M1	318		44		39.93	116.4
P	3M2A	318				45.8	126.67
P	3M2B	318				45.8	126.67
P	3M2C	318				45.8	126.67
P	3M2D	318				45.8	126.67
P	3M2E	318				45.8	126.67
P	3M2F	318				45.8	126.67
P	3M2G	318				45.8	126.67
P	3M2H	318				45.8	126.67
P	3M2I	318				43.95	125.28
P	3M2J	318				43.95	125.28
P	3M2K	318				43.95	125.28
P	3M2L	318				43.95	125.28
P	3M2M	318				43.95	125.28
P	3M2N	318				43.95	125.28
P	3M2O	318				43.95	125.28
P	3M2P	318				43.95	125.28
P	3M2Q	318		44		41.8	123.45
P	3M2R	318		44		41.8	123.45
P	3M2S	318		44		41.8	123.45
P	3M2T	318		44		41.8	123.45
P	3M2U	318		44		41.8	123.45
P	3M2V	318		44		41.8	123.45
P	3M2W	318		44		41.8	123.45
P	3M2X	318		44		41.8	123.45
P	3M3A	318		44		39.13	117.17
P	3M3B	318		44		39.13	117.17
P	3M3C	318		44		39.13	117.17
P	3M3D	318		44		39.13	117.17
P	3M3E	318		44		39.13	117.17
P	3M3F	318		44		39.13	117.17
P	3M3G	318	23			40.87	111.67
P	3M3H	318	23			40.87	111.67
P	3M3I	318	23			40.87	111.67
P	3M3J	318	23			40.87	111.67
P	3M3K	318	23			40.87	111.67
P	3M3L	318	23			40.87	111.67
P	3M3M	318		44		38.03	114.47
P	3M3N	318		44		38.03	114.47
P	3M3O	318		44		38.03	114.47
P	3M3P	318		44		38.03	114.47
P	3M3Q	318		44		38.03	114.47
P	3M3R	318		44		38.03	114.47
P	3M3S	318		44		37.87	112.55
P	3M3T	318		44		37.87	112.55
P	3M3U	318		44		37.87	112.55
P	3M3V	318		44		37.87	112.55
P	3M3W	318		44		37.87	112.55
P	3M3X	318		44		37.87	112.55
P	3M4A	318		44		31.25	121.43
P	3M4B	318		44		31.25	121.43
P	3M4C	318		44		31.25	121.43
P	3M4D	318		44		31.25	121.43
P	3M4E	318		44		31.25	121.43
P	3M4F	318		44		31.25	121.43
P	3M4G	318		44		31.25	121.43
P	3M4H	318		44		31.25	121.43
P	3M4I	318		44		36.63	117.02
P	3M4J	318		44		36.63	117.02
P	3M4K	318		44		36.63	117.02
P	3M4L	318		44		36.63	117.02
P	3M4M	318		44		36.63	117.02
P	3M4N	318		44		36.63	117.02
P	3M4O	318		44		36.63	117.02
P	3M4P	318		44		36.63	117.02
P	3M4Q	318		44		32.03	118.78
P	3M4R	318		44		32.03	118.78
P	3M4S	318		44		32.03	118.78
P	3M4T	318		44		32.03	118.78
P	3M4U	318		44		32.03	118.78
P	3M4V	318		44		32.03	118.78
P	3M4W	318		44		32.03	118.78
P	3M4X	318		44		32.03	118.78
P	3M5A	318		44		30.3	120.18
P	3M5B	318		44		30.3	120.18
P	3M5C	318		44		30.3	120.18
P	3M5D	318		44		30.3	120.18
P	3M5E	318		44		30.3	120.18
P	3M5F	318		44		30.3	120.18
P	3M5G	318		44		30.3	120.18
P	3M5H	318		44		30.3	120.18
P	3M5I	318		44		30.72	106.03
P	3M5J	318		44		30.72	106.03
P	3M5K	318		44		30.72	106.03
P	3M5L	318		44		30.72	106.03
P	3M5M	318		44		30.72	106.03
P	3M5N	318		44		30.72	106.03
P	3M5O	318		44		30.72	106.03
P	3M5P	318		44		30.72	106.03
P	3M5Q	318		44		26.08	119.27
P	3M5R	318		44		26.08	119.27
P	3M5S	318		44		26.08	119.27
P	3M5T	318		44		26.08	119.27
P	3M5U	318		44		26.08	119.27
P	3M5V	318		44		26.08	119.27
P	3M5W	318		44		26.08	119.27
P	3M5X	318		44		26.08	119.27
P	3M6A	318		44		31.87	117.3
P	3M6B	318		44		31.87	117.3
P	3M6C	318		44		31.87	117.3
P	3M6D	318		44		31.87	117.3
P	3M6E	318		44		31.87	117.3
P	3M6F	318		44		31.87	117.3
P	3M6G	318		44		31.87	117.3
P	3M6H	318		44		31.87	117.3
P	3M6I	318		44		34.75	113.57
P	3M6J	318		44		34.75	113.57
P	3M6K	318		44		34.75	113.57
P	3M6L	318		44		34.75	113.57
P	3M6M	318		44		34.75	113.57
P	3M6N	318		44		34.75	113.57
P	3M6O	318		44		34.75	113.57
P	3M6P	318		44		34.75	113.57
P	3M6Q	318		43		30.52	114.3
P	3M6R	318		43		30.52	114.3
P	3M6S	318		43		30.52	114.3
P	3M6T	318		43		30.52	114.3
P	3M6U	318		43		30.52	114.3
P	3M6V	318		43		30.52	114.3
P	3M6W	318		43		30.52	114.3
P	3M6X	318		43		30.52	114.3
P	3M7A	318		43		28.2	113
P	3M7B	318		43		28.2	113
P	3M7C	318		43		28.2	113
P	3M7D	318		43		28.2	113
P	3M7E	318		43		28.2	113
P	3M7F	318		43		28.2	113
P	3M7G	318		43		28.2	113
P	3M7H	318		43		28.2	113
P	3M7I	318		44		23.08	113.17
P	3M7J	318		44		23.08	113.17
P	3M7K	318		44		23.08	113.17
P	3M7L	318		44		23.08	113.17
P	3M7M	318		44		23.08	113.17
P	3M7N	318		44		23.08	113.17
P	3M7O	318		44		23.08	113.17
P	3M7P	318		44		23.08	113.17
P	3M7Q	318		43		22.8	108.33
P	3M7R	318		43		22.8	108.33
P	3M7S	318		43		22.8	108.33
P	3M7T	318		43		22.8	108.33
P	3M7U	318		43		22.8	108.33
P	3M7V	318		43		22.8	108.33
P	3M7W	318		43		22.8	108.33
P	3M7X	318		43		22.8	108.33
P	3M7Y	318		44		20.02	110.27
P	3M8A	318		43		30.63	104.03
P	3M8B	318		43		30.63	104.03
P	3M8C	318		43		30.63	104.03
P	3M8D	318		43		30.63	104.03
P	3M8E	318		43		30.63	104.03
P	3M8F	318		43		30.63	104.03
P	3M8G	318		43		29.58	106.42
P	3M8H	318		43		29.58	106.42
P	3M8I	318		43		29.58	106.42
P	3M8J	318		43		29.58	106.42
P	3M8K	318		43		29.58	106.42
P	3M8L	318		43		29.58	106.42
P	3M8M	318		43		26.53	106.67
P	3M8N	318		43		26.53	106.67
P	3M8O	318		43		26.53	106.67
P	3M8P	318		43		26.53	106.67
P	3M8Q	318		43		26.53	106.67
P	3M8R	318		43		26.53	106.67
P	3M8S	318		43		25.02	102.68
P	3M8T	318		43		25.02	102.68
P	3M8U	318		43		25.02	102.68
P	3M8V	318		43		25.02	102.68
P	3M8W	318		43		25.02	102.68
P	3M8X	318		43		25.02	102.68
P	3M9A	318		43		34.25	109
P	3M9B	318		43		34.25	109
P	3M9C	318		43		34.25	109
P	3M9D	318		43		34.25	109
P	3M9E	318		43		34.25	109
P	3M9F	318		43		34.25	109
P	3M9G	318	23	43		36.02	103.87
P	3M9H	318	23	43		36.02	103.87
P	3M9I	318	23	43		36.02	103.87
P	3M9J	318	23	43		36.02	103.87
P	3M9K	318	23	43		36.02	103.87
P	3M9L	318	23	43		36.02	103.87
P	3M9M	318	23	43		38.5	106.25
P	3M9N	318	23	43		38.5	106.25
P	3M9O	318	23	43		38.5	106.25
P	3M9P	318	23	43		38.5	106.25
P	3M9Q	318	23	43		38.5	106.25
P	3M9R	318	23	43		38.5	106.25
P	3M9S	318	23	42		36.57	101.67
P	3M9T	318	23	42		36.57	101.67
P	3M9U	318	23	42		36.57	101.67
P	3M9V	318	23	42		36.57	101.67
P	3M9W	318	23	42		36.57	101.67
P	3M9X	318	23	42		36.57	101.67
P	3N	318		44
P	3N0A	318	23	42		43.75	87.75
P	3N0B	318	23	42		43.75	87.75
P	3N0C	318	23	42		43.75	87.75
P	3N0D	318	23	42		43.75	87.75
P	3N0E	318	23	42		43.75	87.75
P	3N0F	318	23	42		43.75	87.75
P	3N0G	318	23	42		29.42	90.97
P	3N0H	318	23	42		29.42	90.97
P	3N0I	318	23	42		29.42	90.97
P	3N0J	318	23	42		29.42	90.97
P	3N0K	318	23	42		29.42	90.97
P	3N0L	318	23	42		29.42	90.97
P	3N1	318		44		39.93	116.4
P	3N2A	318				45.8	126.67
P	3N2B	318				45.8	126.67
P	3N2C	318				45.8	126.67
P	3N2D	318				45.8	126.67
P	3N2E	318				45.8	126.67
P	3N2F	318				45.8	126.67
P	3N2G	318				45.8	126.67
P	3N2H	318				45.8	126.67
P	3N2I	318				43.95	125.28
P	3N2J	318				43.95	125.28
P	3N2K	318				43.95	125.28
P	3N2L	318				43.95	125.28
P	3N2M	318				43.95	125.28
P	3N2N	318				43.95	125.28
P	3N2O	318				43.95	125.28
P	3N2P	318				43.95	125.28
P	3N2Q	318		44		41.8	123.45
P	3N2R	318		44		41.8	123.45
P	3N2S	318		44		41.8	123.45
P	3N2T	318		44		41.8	123.45
P	3N2U	318		44		41.8	123.45
P	3N2V	318		44		41.8	123.45
P	3N2W	318		44		41.8	123.45
P	3N2X	318		44		41.8	123.45
P	3N3A	318		44		39.13	117.17
P	3N3B	318		44		39.13	117.17
P	3N3C	318		44		39.13	117.17
P	3N3D	318		44		39.13	117.17
P	3N3E	318		44		39.13	117.17
P	3N3F	318		44		39.13	117.17
P	3N3G	318	23			40.87	111.67
P	3N3H	318	23			40.87	111.67
P	3N3I	318	23			40.87	111.67
P	3N3J	318	23			40.87	111.67
P	3N3K	318	23			40.87	111.67
P	3N3L	318	23			40.87	111.67
P	3N3M	318		44		38.03	114.47
P	3N3N	318		44		38.03	114.47
P	3N3O	318		44		38.03	114.47
P	3N3P	318		44		38.03	114.47
P	3N3Q	318		44		38.03	114.47
P	3N3R	318		44		38.03	114.47
P	3N3S	318		44		37.87	112.55
P	3N3T	318		44		37.87	112.55
P	3N3U	318		44		37.87	112.55
P	3N3V	318		44		37.87	112.55
P	3N3W	318		44		37.87	112.55
P	3N3X	318		44		37.87	112.55
P	3N4A	318		44		31.25	121.43
P	3N4B	318		44		31.25	121.43
P	3N4C	318		44		31.25	121.43
P	3N4D	318		44		31.25	121.43
P	3N4E	318		44		31.25	121.43
P	3N4F	318		44		31.25	121.43
P	3N4G	318		44		31.25	121.43
P	3N4H	318		44		31.25	121.43
P	3N4I	318		44		36.63	117.02
P	3N4J	318		44		36.63	117.02
P	3N4K	318		44		36.63	117.02
P	3N4L	318		44		36.63	117.02
P	3N4M	318		44		36.63	117.02
P	3N4N	318		44		36.63	117.02
P	3N4O	318		44		36.63	117.02
P	3N4P	318		44		36.63	117.02
P	3N4Q	318		44		32.03	118.78
P	3N4R	318		44		32.03	118.78
P	3N4S	318		44		32.03	118.78
P	3N4T	318		44		32.03	118.78
P	3N4U	318		44		32.03	118.78
P	3N4V	318		44		32.03	118.78
P	3N4W	318		44		32.03	118.78
P	3N4X	318		44		32.03	118.78
P	3N5A	318		44		30.3	120.18
P	3N5B	318		44		30.3	120.18
P	3N5C	318		44		30.3	120.18
P	3N5D	318		44		30.3	120.18
P	3N5E	318		44		30.3	120.18
P	3N5F	318		44		30.3	120.18
P	3N5G	318		44		30.3	120.18
P	3N5H	318		44		30.3	120.18
P	3N5I	318		44		30.72	106.03
P	3N5J	318		44		30.72	106.03
P	3N5K	318		44		30.72	106.03
P	3N5L	318		44		30.72	106.03
P	3N5M	318		44		30.72	106.03
P	3N5N	318		44		30.72	106.03
P	3N5O	318		44		30.72	106.03
P	3N5P	318		44		30.72	106.03
P	3N5Q	318		44		26.08	119.27
P	3N5R	318		44		26.08	119.27
P	3N5S	318		44		26.08	119.27
P	3N5T	318		44		26.08	119.27
P	3N5U	318		44		26.08	119.27
P	3N5V	318		44		26.08	119.27
P	3N5W	318		44		26.08	119.27
P	3N5X	318		44		26.08	119.27
P	3N6A	318		44		31.87	117.3
P	3N6B	318		44		31.87	117.3
P	3N6C	318		44		31.87	117.3
P	3N6D	318		44		31.87	117.3
P	3N6E	318		44		31.87	117.3
P	3N6F	318		44		31.87	117.3
P	3N6G	318		44		31.87	117.3
P	3N6H	318		44		31.87	117.3
P	3N6I	318		44		34.75	113.57
P	3N6J	318		44		34.75	113.57
P	3N6K	318		44		34.75	113.57
P	3N6L	318		44		34.75	113.57
P	3N6M	318		44		34.75	113.57
P	3N6N	318		44		34.75	113.57
P	3N6O	318		44		34.75	113.57
P	3N6P	318		44		34.75	113.57
P	3N6Q	318		43		30.52	114.3
P	3N6R	318		43		30.52	114.3
P	3N6S	318		43		30.52	114.3
P	3N6T	318		43		30.52	114.3
P	3N6U	318		43		30.52	114.3
P	3N6V	318		43		30.52	114.3
P	3N6W	318		43		30.52	114.3
P	3N6X	318		43		30.52	114.3
P	3N7A	318		43		28.2	113
P	3N7B	318		43		28.2	113
P	3N7C	318		43		28.2	113
P	3N7D	318		43		28.2	113
P	3N7E	318		43		28.2	113
P	3N7F	318		43		28.2	113
P	3N7G	318		43		28.2	113
P	3N7H	318		43		28.2	113
P	3N7I	318		44		23.08	113.17
P	3N7J	318		44		23.08	113.17
P	3N7K	318		44		23.08	113.17
P	3N7L	318		44		23.08	113.17
P	3N7M	318		44		23.08	113.17
P	3N7N	318		44		23.08	113.17
P	3N7O	318		44		23.08	113.17
P	3N7P	318		44		23.08	113.17
P	3N7Q	318		43		22.8	108.33
P	3N7R	318		43		22.8	108.33
P	3N7S	318		43		22.8	108.33
P	3N7T	318		43		22.8	108.33
P	3N7U	318		43		22.8	108.33
P	3N7V	318		43		22.8	108.33
P	3N7W	318		43		22.8	108.33
P	3N7X	318		43		22.8	108.33
P	3N7Y	318		44		20.02	110.27
P	3N8A	318		43		30.63	104.03
P	3N8B	318		43		30.63	104.03
P	3N8C	318		43		30.63	104.03
P	3N8D	318		43		30.63	104.03
P	3N8E	318		43		30.63	104.03
P	3N8F	318		43		30.63	104.03
P	3N8G	318		43		29.58	106.42
P	3N8H	318		43		29.58	106.42
P	3N8I	318		43		29.58	106.42
P	3N8J	318		43		29.58	106.42
P	3N8K	318		43		29.58	106.42
P	3N8L	318		43		29.58	106.42
P	3N8M	318		43		26.53	106.67
P	3N8N	318		43		26.53	106.67
P	3N8O	318		43		26.53	106.67
P	3N8P	318		43		26.53	106.67
P	3N8Q	318		43		26.53	106.67
P	3N8R	318		43		26.53	106.67
P	3N8S	318		43		25.02	102.68
P	3N8T	318		43		25.02	102.68
P	3N8U	318		43		25.02	102.68
P	3N8V	318		43		25.02	102.68
P	3N8W	318		43		25.02	102.68
P	3N8X	318		43		25.02	102.68
P	3N9A	318		43		34.25	109
P	3N9B	318		43		34.25	109
P	3N9C	318		43		34.25	109
P	3N9D	318		43		34.25	109
P	3N9E	318		43		34.25	109
P	3N9F	318		43		34.25	109
P	3N9G	318	23	43		36.02	103.87
P	3N9H	318	23	43		36.02	103.87
P	3N9I	318	23	43		36.02	103.87
P	3N9J	318	23	43		36.02	103.87
P	3N9K	318	23	43		36.02	103.87
P	3N9L	318	23	43		36.02	103.87
P	3N9M	318	23	43		38.5	106.25
P	3N9N	318	23	43		38.5	106.25
P	3N9O	318	23	43		38.5	106.25
P	3N9P	318	23	43		38.5	106.25
P	3N9Q	318	23	43		38.5	106.25
P	3N9R	318	23	43		38.5	106.25
P	3N9S	318	23	42		36.57	101.67
P	3N9T	318	23	42		36.57	101.67
P	3N9U	318	23	42		36.57	101.67
P	3N9V	318	23	42		36.57	101.67
P	3N9W	318	23	42		36.57	101.67
P	3N9X	318	23	42		36.57	101.67
P	3O	318		44
P	3O0A	318	23	42		43.75	87.75
P	3O0B	318	23	42		43.75	87.75
P	3O0C	318	23	42		43.75	87.75
P	3O0D	318	23	42		43.75	87.75
P	3O0E	318	23	42		43.75	87.75
P	3O0F	318	23	42		43.75	87.75
P	3O0G	318	23	42		29.42	90.97
P	3O0H	318	23	42		29.42	90.97
P	3O0I	318	23	42		29.42	90.97
P	3O0J	318	23	42		29.42	90.97
P	3O0K	318	23	42		29.42	90.97
P	3O0L	318	23	42		29.42	90.97
P	3O1	318		44		39.93	116.4
P	3O2A	318				45.8	126.67
P	3O2B	318				45.8	126.67
P	3O2C	318				45.8	126.67
P	3O2D	318				45.8	126.67
P	3O2E	318				45.8	126.67
P	3O2F	318				45.8	126.67
P	3O2G	318				45.8	126.67
P	3O2H	318				45.8	126.67
P	3O2I	318				43.95	125.28
P	3O2J	318				43.95	125.28
P	3O2K	318				43.95	125.28
P	3O2L	318				43.95	125.28
P	3O2M	318				43.95	125.28
P	3O2N	318				43.95	125.28
P	3O2O	318				43.95	125.28
P	3O2P	318				43.95	125.28
P	3O2Q	318		44		41.8	123.45
P	3O2R	318		44		41.8	123.45
P	3O2S	318		44		41.8	123.45
P	3O2T	318		44		41.8	123.45
P	3O2U	318		44		41.8	123.45
P	3O2V	318		44		41.8	123.45
P	3O2W	318		44		41.8	123.45
P	3O2X	318		44		41.8	123.45
P	3O3A	318		44		39.13	117.17
P	3O3B	318		44		39.13	117.17
P	3O3C	318		44		39.13	117.17
P	3O3D	318		44		39.13	117.17
P	3O3E	318		44		39.13	117.17
P	3O3F	318		44		39.13	117.17
P	3O3G	318	23			40.87	111.67
P	3O3H	318	23			40.87	111.67
P	3O3I	318	23			40.87	111.67
P	3O3J	318	23			40.87	111.67
P	3O3K	318	23			40.87	111.67
P	3O3L	318	23			40.87	111.67
P	3O3M	318		44		38.03	114.47
P	3O3N	318		44		38.03	114.47
P	3O3O	318		44		38.03	114.47
P	3O3P	318		44		38.03	114.47
P	3O3Q	318		44		38.03	114.47
P	3O3R	318		44		38.03	114.47
P	3O3S	318		44		37.87	112.55
P	3O3T	318		44		37.87	112.55
P	3O3U	318		44		37.87	112.55
P	3O3V	318		44		37.87	112.55
P	3O3W	318		44		37.87	112.55
P	3O3X	318		44		37.87	112.55
P	3O4A	318		44		31.25	121.43
P	3O4B	318		44		31.25	121.43
P	3O4C	318		44		31.25	121.43
P	3O4D	318		44		31.25	121.43
P	3O4E	318		44		31.25	121.43
P	3O4F	318		44		31.25	121.43
P	3O4G	318		44		31.25	121.43
P	3O4H	318		44		31.25	121.43
P	3O4I	318		44		36.63	117.02
P	3O4J	318		44		36.63	117.02
P	3O4K	318		44		36.63	117.02
P	3O4L	318		44		36.63	117.02
P	3O4M	318		44		36.63	117.02
P	3O4N	318		44		36.63	117.02
P	3O4O	318		44		36.63	117.02
P	3O4P	318		44		36.63	117.02
P	3O4Q	318		44		32.03	118.78
P	3O4R	318		44		32.03	118.78
P	3O4S	318		44		32.03	118.78
P	3O4T	318		44		32.03	118.78
P	3O4U	318		44		32.03	118.78
P	3O4V	318		44		32.03	118.78
P	3O4W	318		44		32.03	118.78
P	3O4X	318		44		32.03	118.78
P	3O5A	318		44		30.3	120.18
P	3O5B	318		44		30.3	120.18
P	3O5C	318		44		30.3	120.18
P	3O5D	318		44		30.3	120.18
P	3O5E	318		44		30.3	120.18
P	3O5F	318		44		30.3	120.18
P	3O5G	318		44		30.3	120.18
P	3O5H	318		44		30.3	120.18
P	3O5I	318		44		30.72	106.03
P	3O5J	318		44		30.72	106.03
P	3O5K	318		44		30.72	106.03
P	3O5L	318		44		30.72	106.03
P	3O5M	318		44		30.72	106.03
P	3O5N	318		44		30.72	106.03
P	3O5O	318		44		30.72	106.03
P	3O5P	318		44		30.72	106.03
P	3O5Q	318		44		26.08	119.27
P	3O5R	318		44		26.08	119.27
P	3O5S	318		44		26.08	119.27
P	3O5T	318		44		26.08	119.27
P	3O5U	318		44		26.08	119.27
P	3O5V	318		44		26.08	119.27
P	3O5W	318		44		26.08	119.27
P	3O5X	318		44		26.08	119.27
P	3O6A	318		44		31.87	117.3
P	3O6B	318		44		31.87	117.3
P	3O6C	318		44		31.87	117.3
P	3O6D	318		44		31.87	117.3
P	3O6E	318		44		31.87	117.3
P	3O6F	318		44		31.87	117.3
P	3O6G	318		44		31.87	117.3
P	3O6H	318		44		31.87	117.3
P	3O6I	318		44		34.75	113.57
P	3O6J	318		44		34.75	113.57
P	3O6K	318		44		34.75	113.57
P	3O6L	318		44		34.75	113.57
P	3O6M	318		44		34.75	113.57
P	3O6N	318		44		34.75	113.57
P	3O6O	318		44		34.75	113.57
P	3O6P	318		44		34.75	113.57
P	3O6Q	318		43		30.52	114.3
P	3O6R	318		43		30.52	114.3
P	3O6S	318		43		30.52	114.3
P	3O6T	318		43		30.52	114.3
P	3O6U	318		43		30.52	114.3
P	3O6V	318		43		30.52	114.3
P	3O6W	318		43		30.52	114.3
P	3O6X	318		43		30.52	114.3
P	3O7A	318		43		28.2	113
P	3O7B	318		43		28.2	113
P	3O7C	318		43		28.2	113
P	3O7D	318		43		28.2	113
P	3O7E	318		43		28.2	113
P	3O7F	318		43		28.2	113
P	3O7G	318		43		28.2	113
P	3O7H	318		43		28.2	113
P	3O7I	318		44		23.08	113.17
P	3O7J	318		44		23.08	113.17
P	3O7K	318		44		23.08	113.17
P	3O7L	318		44		23.08	113.17
P	3O7M	318		44		23.08	113.17
P	3O7N	318		44		23.08	113.17
P	3O7O	318		44		23.08	113.17
P	3O7P	318		44		23.08	113.17
P	3O7Q	318		43		22.8	108.33
P	3O7R	318		43		22.8	108.33
P	3O7S	318		43		22.8	108.33
P	3O7T	318		43		22.8	108.33
P	3O7U	318		43		22.8	108.33
P	3O7V	318		43		22.8	108.33
P	3O7W	318		43		22.8	108.33
P	3O7X	318		43		22.8	108.33
P	3O7Y	318		44		20.02	110.27
P	3O8A	318		43		30.63	104.03
P	3O8B	318		43		30.63	104.03
P	3O8C	318		43		30.63	104.03
P	3O8D	318		43		30.63	104.03
P	3O8E	318		43		30.63	104.03
P	3O8F	318		43		30.63	104.03
P	3O8G	318		43		29.58	106.42
P	3O8H	318		43		29.58	106.42
P	3O8I	318		43		29.58	106.42
P	3O8J	318		43		29.58	106.42
P	3O8K	318		43		29.58	106.42
P	3O8L	318		43		29.58	106.42
P	3O8M	318		43		26.53	106.67
P	3O8N	318		43		26.53	106.67
P	3O8O	318		43		26.53	106.67
P	3O8P	318		43		26.53	106.67
P	3O8Q	318		43		26.53	106.67
P	3O8R	318		43		26.53	106.67
P	3O8S	318		43		25.02	102.68
P	3O8T	318		43		25.02	102.68
P	3O8U	318		43		25.02	102.68
P	3O8V	318		43		25.02	102.68
P	3O8W	318		43		25.02	102.68
P	3O8X	318		43		25.02	102.68
P	3O9A	318		43		34.25	109
P	3O9B	318		43		34.25	109
P	3O9C	318		43		34.25	109
P	3O9D	318		43		34.25	109
P	3O9E	318		43		34.25	109
P	3O9F	318		43		34.25	109
P	3O9G	318	23	43		36.02	103.87
P	3O9H	318	23	43		36.02	103.87
P	3O9I	318	23	43		36.02	103.87
P	3O9J	318	23	43		36.02	103.87
P	3O9K	318	23	43		36.02	103.87
P	3O9L	318	23	43		36.02	103.87
P	3O9M	318	23	43		38.5	106.25
P	3O9N	318	23	43		38.5	106.25
P	3O9O	318	23	43		38.5	106.25
P	3O9P	318	23	43		38.5	106.25
P	3O9Q	318	23	43		38.5	106.25
P	3O9R	318	23	43		38.5	106.25
P	3O9S	318	23	42		36.57	101.67
P	3O9T	318	23	42		36.57	101.67
P	3O9U	318	23	42		36.57	101.67
P	3O9V	318	23	42		36.57	101.67
P	3O9W	318	23	42		36.57	101.67
P	3O9X	318	23	42		36.57	101.67
P	3P	318		44
P	3P0A	318	23	42		43.75	87.75
P	3P0B	318	23	42		43.75	87.75
P	3P0C	318	23	42		43.75	87.75
P	3P0D	318	23	42		43.75	87.75
P	3P0E	318	23	42		43.75	87.75
P	3P0F	318	23	42		43.75	87.75
P	3P0G	318	23	42		29.42	90.97
P	3P0H	318	23	42		29.42	90.97
P	3P0I	318	23	42		29.42	90.97
P	3P0J	318	23	42		29.42	90.97
P	3P0K	318	23	42		29.42	90.97
P	3P0L	318	23	42		29.42	90.97
P	3P1	318		44		39.93	116.4
P	3P2A	318				45.8	126.67
P	3P2B	318				45.8	126.67
P	3P2C	318				45.8	126.67
P	3P2D	318				45.8	126.67
P	3P2E	318				45.8	126.67
P	3P2F	318				45.8	126.67
P	3P2G	318				45.8	126.67
P	3P2H	318				45.8	126.67
P	3P2I	318				43.95	125.28
P	3P2J	318				43.95	125.28
P	3P2K	318				43.95	125.28
P	3P2L	318				43.95	125.28
P	3P2M	318				43.95	125.28
P	3P2N	318				43.95	125.28
P	3P2O	318				43.95	125.28
P	3P2P	318				43.95	125.28
P	3P2Q	318		44		41.8	123.45
P	3P2R	318		44		41.8	123.45
P	3P2S	318		44		41.8	123.45
P	3P2T	318		44		41.8	123.45
P	3P2U	318		44		41.8	123.45
P	3P2V	318		44		41.8	123.45
P	3P2W	318		44		41.8	123.45
P	3P2X	318		44		41.8	123.45
P	3P3A	318		44		39.13	117.17
P	3P3B	318		44		39.13	117.17
P	3P3C	318		44		39.13	117.17
P	3P3D	318		44		39.13	117.17
P	3P3E	318		44		39.13	117.17
P	3P3F	318		44		39.13	117.17
P	3P3G	318	23			40.87	111.67
P	3P3H	318	23			40.87	111.67
P	3P3I	318	23			40.87	111.67
P	3P3J	318	23			40.87	111.67
P	3P3K	318	23			40.87	111.67
P	3P3L	318	23			40.87	111.67
P	3P3M	318		44		38.03	114.47
P	3P3N	318		44		38.03	114.47
P	3P3O	318		44		38.03	114.47
P	3P3P	318		44		38.03	114.47
P	3P3Q	318		44		38.03	114.47
P	3P3R	318		44		38.03	114.47
P	3P3S	318		44		37.87	112.55
P	3P3T	318		44		37.87	112.55
P	3P3U	318		44		37.87	112.55
P	3P3V	318		44		37.87	112.55
P	3P3W	318		44		37.87	112.55
P	3P3X	318		44		37.87	112.55
P	3P4A	318		44		31.25	121.43
P	3P4B	318		44		31.25	121.43
P	3P4C	318		44		31.25	121.43
P	3P4D	318		44		31.25	121.43
P	3P4E	318		44		31.25	121.43
P	3P4F	318		44		31.25	121.43
P	3P4G	318		44		31.25	121.43
P	3P4H	318		44		31.25	121.43
P	3P4I	318		44		36.63	117.02
P	3P4J	318		44		36.63	117.02
P	3P4K	318		44		36.63	117.02
P	3P4L	318		44		36.63	117.02
P	3P4M	318		44		36.63	117.02
P	3P4N	318		44		36.63	117.02
P	3P4O	318		44		36.63	117.02
P	3P4P	318		44		36.63	117.02
P	3P4Q	318		44		32.03	118.78
P	3P4R	318		44		32.03	118.78
P	3P4S	318		44		32.03	118.78
P	3P4T	318		44		32.03	118.78
P	3P4U	318		44		32.03	118.78
P	3P4V	318		44		32.03	118.78
P	3P4W	318		44		32.03	118.78
P	3P4X	318		44		32.03	118.78
P	3P5A	318		44		30.3	120.18
P	3P5B	318		44		30.3	120.18
P	3P5C	318		44		30.3	120.18
P	3P5D	318		44		30.3	120.18
P	3P5E	318		44		30.3	120.18
P	3P5F	318		44		30.3	120.18
P	3P5G	318		44		30.3	120.18
P	3P5H	318		44		30.3	120.18
P	3P5I	318		44		30.72	106.03
P	3P5J	318		44		30.72	106.03
P	3P5K	318		44		30.72	106.03
P	3P5L	318		44		30.72	106.03
P	3P5M	318		44		30.72	106.03
P	3P5N	318		44		30.72	106.03
P	3P5O	318		44		30.72	106.03
P	3P5P	318		44		30.72	106.03
P	3P5Q	318		44		26.08	119.27
P	3P5R	318		44		26.08	119.27
P	3P5S	318		44		26.08	119.27
P	3P5T	318		44		26.08	119.27
P	3P5U	318		44		26.08	119.27
P	3P5V	318		44		26.08	119.27
P	3P5W	318		44		26.08	119.27
P	3P5X	318		44		26.08	119.27
P	3P6A	318		44		31.87	117.3
P	3P6B	318		44		31.87	117.3
P	3P6C	318		44		31.87	117.3
P	3P6D	318		44		31.87	117.3
P	3P6E	318		44		31.87	117.3
P	3P6F	318		44		31.87	117.3
P	3P6G	318		44		31.87	117.3
P	3P6H	318		44		31.87	117.3
P	3P6I	318		44		34.75	113.57
P	3P6J	318		44		34.75	113.57
P	3P6K	318		44		34.75	113.57
P	3P6L	318		44		34.75	113.57
P	3P6M	318		44		34.75	113.57
P	3P6N	318		44		34.75	113.57
P	3P6O	318		44		34.75	113.57
P	3P6P	318		44		34.75	113.57
P	3P6Q	318		43		30.52	114.3
P	3P6R	318		43		30.52	114.3
P	3P6S	318		43		30.52	114.3
P	3P6T	318		43		30.52	114.3
P	3P6U	318		43		30.52	114.3
P	3P6V	318		43		30.52	114.3
P	3P6W	318		43		30.52	114.3
P	3P6X	318		43		30.52	114.3
P	3P7A	318		43		28.2	113
P	3P7B	318		43		28.2	113
P	3P7C	318		43		28.2	113
P	3P7D	318		43		28.2	113
P	3P7E	318		43		28.2	113
P	3P7F	318		43		28.2	113
P	3P7G	318		43		28.2	113
P	3P7H	318		43		28.2	113
P	3P7I	318		44		23.08	113.17
P	3P7J	318		44		23.08	113.17
P	3P7K	318		44		23.08	113.17
P	3P7L	318		44		23.08	113.17
P	3P7M	318		44		23.08	113.17
P	3P7N	318		44		23.08	113.17
P	3P7O	318		44		23.08	113.17
P	3P7P	318		44		23.08	113.17
P	3P7Q	318		43		22.8	108.33
P	3P7R	318		43		22.8	108.33
P	3P7S	318		43		22.8	108.33
P	3P7T	318		43		22.8	108.33
P	3P7U	318		43		22.8	108.33
P	3P7V	318		43		22.8	108.33
P	3P7W	318		43		22.8	108.33
P	3P7X	318		43		22.8	108.33
P	3P7Y	318		44		20.02	110.27
P	3P8A	318		43		30.63	104.03
P	3P8B	318		43		30.63	104.03
P	3P8C	318		43		30.63	104.03
P	3P8D	318		43		30.63	104.03
P	3P8E	318		43		30.63	104.03
P	3P8F	318		43		30.63	104.03
P	3P8G	318		43		29.58	106.42
P	3P8H	318		43		29.58	106.42
P	3P8I	318		43		29.58	106.42
P	3P8J	318		43		29.58	106.42
P	3P8K	318		43		29.58	106.42
P	3P8L	318		43		29.58	106.42
P	3P8M	318		43		26.53	106.67
P	3P8N	318		43		26.53	106.67
P	3P8O	318		43		26.53	106.67
P	3P8P	318		43		26.53	106.67
P	3P8Q	318		43		26.53	106.67
P	3P8R	318		43		26.53	106.67
P	3P8S	318		43		25.02	102.68
P	3P8T	318		43		25.02	102.68
P	3P8U	318		43		25.02	102.68
P	3P8V	318		43		25.02	102.68
P	3P8W	318		43		25.02	102.68
P	3P8X	318		43		25.02	102.68
P	3P9A	318		43		34.25	109
P	3P9B	318		43		34.25	109
P	3P9C	318		43		34.25	109
P	3P9D	318		43		34.25	109
P	3P9E	318		43		34.25	109
P	3P9F	318		43		34.25	109
P	3P9G	318	23	43		36.02	103.87
P	3P9H	318	23	43		36.02	103.87
P	3P9I	318	23	43		36.02	103.87
P	3P9J	318	23	43		36.02	103.87
P	3P9K	318	23	43		36.02	103.87
P	3P9L	318	23	43		36.02	103.87
P	3P9M	318	23	43		38.5	106.25
P	3P9N	318	23	43		38.5	106.25
P	3P9O	318	23	43		38.5	106.25
P	3P9P	318	23	43		38.5	106.25
P	3P9Q	318	23	43		38.5	106.25
P	3P9R	318	23	43		38.5	106.25
P	3P9S	318	23	42		36.57	101.67
P	3P9T	318	23	42		36.57	101.67
P	3P9U	318	23	42		36.57	101.67
P	3P9V	318	23	42		36.57	101.67
P	3P9W	318	23	42		36.57	101.67
P	3P9X	318	23	42		36.57	101.67
P	3Q	318		44
P	3Q0A	318	23	42		43.75	87.75
P	3Q0B	318	23	42		43.75	87.75
P	3Q0C	318	23	42		43.75	87.75
P	3Q0D	318	23	42		43.75	87.75
P	3Q0E	318	23	42		43.75	87.75
P	3Q0F	318	23	42		43.75	87.75
P	3Q0G	318	23	42		29.42	90.97
P	3Q0H	318	23	42		29.42	90.97
P	3Q0I	318	23	42		29.42	90.97
P	3Q0J	318	23	42		29.42	90.97
P	3Q0K	318	23	42		29.42	90.97
P	3Q0L	318	23	42		29.42	90.97
P	3Q1	318		44		39.93	116.4
P	3Q2A	318				45.8	126.67
P	3Q2B	318				45.8	126.67
P	3Q2C	318				45.8	126.67
P	3Q2D	318				45.8	126.67
P	3Q2E	318				45.8	126.67
P	3Q2F	318				45.8	126.67
P	3Q2G	318				45.8	126.67
P	3Q2H	318				45.8	126.67
P	3Q2I	318				43.95	125.28
P	3Q2J	318				43.95	125.28
P	3Q2K	318				43.95	125.28
P	3Q2L	318				43.95	125.28
P	3Q2M	318				43.95	125.28
P	3Q2N	318				43.95	125.28
P	3Q2O	318				43.95	125.28
P	3Q2P	318				43.95	125.28
P	3Q2Q	318		44		41.8	123.45
P	3Q2R	318		44		41.8	123.45
P	3Q2S	318		44		41.8	123.45
P	3Q2T	318		44		41.8	123.45
P	3Q2U	318		44		41.8	123.45
P	3Q2V	318		44		41.8	123.45
P	3Q2W	318		44		41.8	123.45
P	3Q2X	318		44		41.8	123.45
P	3Q3A	318		44		39.13	117.17
P	3Q3B	318		44		39.13	117.17
P	3Q3C	318		44		39.13	117.17
P	3Q3D	318		44		39.13	117.17
P	3Q3E	318		44		39.13	117.17
P	3Q3F	318		44		39.13	117.17
P	3Q3G	318	23			40.87	111.67
P	3Q3H	318	23			40.87	111.67
P	3Q3I	318	23			40.87	111.67
P	3Q3J	318	23			40.87	111.67
P	3Q3K	318	23			40.87	111.67
P	3Q3L	318	23			40.87	111.67
P	3Q3M	318		44		38.03	114.47
P	3Q3N	318		44		38.03	114.47
P	3Q3O	318		44		38.03	114.47
P	3Q3P	318		44		38.03	114.47
P	3Q3Q	318		44		38.03	114.47
P	3Q3R	318		44		38.03	114.47
P	3Q3S	318		44		37.87	112.55
P	3Q3T	318		44		37.87	112.55
P	3Q3U	318		44		37.87	112.55
P	3Q3V	318		44		37.87	112.55
P	3Q3W	318		44		37.87	112.55
P	3Q3X	318		44		37.87	112.55
P	3Q4A	318		44		31.25	121.43
P	3Q4B	318		44		31.25	121.43
P	3Q4C	318		44		31.25	121.43
P	3Q4D	318		44		31.25	121.43
P	3Q4E	318		44		31.25	121.43
P	3Q4F	318		44		31.25	121.43
P	3Q4G	318		44		31.25	121.43
P	3Q4H	318		44		31.25	121.43
P	3Q4I	318		44		36.63	117.02
P	3Q4J	318		44		36.63	117.02
P	3Q4K	318		44		36.63	117.02
P	3Q4L	318		44		36.63	117.02
P	3Q4M	318		44		36.63	117.02
P	3Q4N	318		44		36.63	117.02
P	3Q4O	318		44		36.63	117.02
P	3Q4P	318		44		36.63	117.02
P	3Q4Q	318		44		32.03	118.78
P	3Q4R	318		44		32.03	118.78
P	3Q4S	318		44		32.03	118.78
P	3Q4T	318		44		32.03	118.78
P	3Q4U	318		44		32.03	118.78
P	3Q4V	318		44		32.03	118.78
P	3Q4W	318		44		32.03	118.78
P	3Q4X	318		44		32.03	118.78
P	3Q5A	318		44		30.3	120.18
P	3Q5B	318		44		30.3	120.18
P	3Q5C	318		44		30.3	120.18
P	3Q5D	318		44		30.3	120.18
P	3Q5E	318		44		30.3	120.18
P	3Q5F	318		44		30.3	120.18
P	3Q5G	318		44		30.3	120.18
P	3Q5H	318		44		30.3	120.18
P	3Q5I	318		44		30.72	106.03
P	3Q5J	318		44		30.72	106.03
P	3Q5K	318		44		30.72	106.03
P	3Q5L	318		44		30.72	106.03
P	3Q5M	318		44		30.72	106.03
P	3Q5N	318		44		30.72	106.03
P	3Q5O	318		44		30.72	106.03
P	3Q5P	318		44		30.72	106.03
P	3Q5Q	318		44		26.08	119.27
P	3Q5R	318		44		26.08	119.27
P	3Q5S	318		44		26.08	119.27
P	3Q5T	318		44		26.08	119.27
P	3Q5U	318		44		26.08	119.27
P	3Q5V	318		44		26.08	119.27
P	3Q5W	318		44		26.08	119.27
P	3Q5X	318		44		26.08	119.27
P	3Q6A	318		44		31.87	117.3
P	3Q6B	318		44		31.87	117.3
P	3Q6C	318		44		31.87	117.3
P	3Q6D	318		44		31.87	117.3
P	3Q6E	318		44		31.87	117.3
P	3Q6F	318		44		31.87	117.3
P	3Q6G	318		44		31.87	117.3
P	3Q6H	318		44		31.87	117.3
P	3Q6I	318		44		34.75	113.57
P	3Q6J	318		44		34.75	113.57
P	3Q6K	318		44		34.75	113.57
P	3Q6L	318		44		34.75	113.57
P	3Q6M	318		44		34.75	113.57
P	3Q6N	318		44		34.75	113.57
P	3Q6O	318		44		34.75	113.57
P	3Q6P	318		44		34.75	113.57
P	3Q6Q	318		43		30.52	114.3
P	3Q6R	318		43		30.52	114.3
P	3Q6S	318		43		30.52	114.3
P	3Q6T	318		43		30.52	114.3
P	3Q6U	318		43		30.52	114.3
P	3Q6V	318		43		30.52	114.3
P	3Q6W	318		43		30.52	114.3
P	3Q6X	318		43		30.52	114.3
P	3Q7A	318		43		28.2	113
P	3Q7B	318		43		28.2	113
P	3Q7C	318		43		28.2	113
P	3Q7D	318		43		28.2	113
P	3Q7E	318		43		28.2	113
P	3Q7F	318		43		28.2	113
P	3Q7G	318		43		28.2	113
P	3Q7H	318		43		28.2	113
P	3Q7I	318		44		23.08	113.17
P	3Q7J	318		44		23.08	113.17
P	3Q7K	318		44		23.08	113.17
P	3Q7L	318		44		23.08	113.17
P	3Q7M	318		44		23.08	113.17
P	3Q7N	318		44		23.08	113.17
P	3Q7O	318		44		23.08	113.17
P	3Q7P	318		44		23.08	113.17
P	3Q7Q	318		43		22.8	108.33
P	3Q7R	318		43		22.8	108.33
P	3Q7S	318		43		22.8	108.33
P	3Q7T	318		43		22.8	108.33
P	3Q7U	318		43		22.8	108.33
P	3Q7V	318		43		22.8	108.33
P	3Q7W	318		43		22.8	108.33
P	3Q7X	318		43		22.8	108.33
P	3Q7Y	318		44		20.02	110.27
P	3Q8A	318		43		30.63	104.03
P	3Q8B	318		43		30.63	104.03
P	3Q8C	318		43		30.63	104.03
P	3Q8D	318		43		30.63	104.03
P	3Q8E	318		43		30.63	104.03
P	3Q8F	318		43		30.63	104.03
P	3Q8G	318		43		29.58	106.42
P	3Q8H	318		43		29.58	106.42
P	3Q8I	318		43		29.58	106.42
P	3Q8J	318		43		29.58	106.42
P	3Q8K	318		43		29.58	106.42
P	3Q8L	318		43		29.58	106.42
P	3Q8M	318		43		26.53	106.67
P	3Q8N	318		43		26.53	106.67
P	3Q8O	318		43		26.53	106.67
P	3Q8P	318		43		26.53	106.67
P	3Q8Q	318		43		26.53	106.67
P	3Q8R	318		43		26.53	106.67
P	3Q8S	318		43		25.02	102.68
P	3Q8T	318		43		25.02	102.68
P	3Q8U	318		43		25.02	102.68
P	3Q8V	318		43		25.02	102.68
P	3Q8W	318		43		25.02	102.68
P	3Q8X	318		43		25.02	102.68
P	3Q9A	318		43		34.25	109
P	3Q9B	318		43		34.25	109
P	3Q9C	318		43		34.25	109
P	3Q9D	318		43		34.25	109
P	3Q9E	318		43		34.25	109
P	3Q9F	318		43		34.25	109
P	3Q9G	318	23	43		36.02	103.87
P	3Q9H	318	23	43		36.02	103.87
P	3Q9I	318	23	43		36.02	103.87
P	3Q9J	318	23	43		36.02	103.87
P	3Q9K	318	23	43		36.02	103.87
P	3Q9L	318	23	43		36.02	103.87
P	3Q9M	318	23	43		38.5	106.25
P	3Q9N	318	23	43		38.5	106.25
P	3Q9O	318	23	43		38.5	106.25
P	3Q9P	318	23	43		38.5	106.25
P	3Q9Q	318	23	43		38.5	106.25
P	3Q9R	318	23	43		38.5	106.25
P	3Q9S	318	23	42		36.57	101.67
P	3Q9T	318	23	42		36.57	101.67
P	3Q9U	318	23	42		36.57	101.67
P	3Q9V	318	23	42		36.57	101.67
P	3Q9W	318	23	42		36.57	101.67
P	3Q9X	318	23	42		36.57	101.67
P	3R	318		44
P	3R0A	318	23	42		43.75	87.75
P	3R0B	318	23	42		43.75	87.75
P	3R0C	318	23	42		43.75	87.75
P	3R0D	318	23	42		43.75	87.75
P	3R0E	318	23	42		43.75	87.75
P	3R0F	318	23	42		43.75	87.75
P	3R0G	318	23	42		29.42	90.97
P	3R0H	318	23	42		29.42	90.97
P	3R0I	318	23	42		29.42	90.97
P	3R0J	318	23	42		29.42	90.97
P	3R0K	318	23	42		29.42	90.97
P	3R0L	318	23	42		29.42	90.97
P	3R1	318		44		39.93	116.4
P	3R2A	318				45.8	126.67
P	3R2B	318				45.8	126.67
P	3R2C	318				45.8	126.67
P	3R2D	318				45.8	126.67
P	3R2E	318				45.8	126.67
P	3R2F	318				45.8	126.67
P	3R2G	318				45.8	126.67
P	3R2H	318				45.8	126.67
P	3R2I	318				43.95	125.28
P	3R2J	318				43.95	125.28
P	3R2K	318				43.95	125.28
P	3R2L	318				43.95	125.28
P	3R2M	318				43.95	125.28
P	3R2N	318				43.95	125.28
P	3R2O	318				43.95	125.28
P	3R2P	318				43.95	125.28
P	3R2Q	318		44		41.8	123.45
P	3R2R	318		44		41.8	123.45
P	3R2S	318		44		41.8	123.45
P	3R2T	318		44		41.8	123.45
P	3R2U	318		44		41.8	123.45
P	3R2V	318		44		41.8	123.45
P	3R2W	318		44		41.8	123.45
P	3R2X	318		44		41.8	123.45
P	3R3A	318		44		39.13	117.17
P	3R3B	318		44		39.13	117.17
P	3R3C	318		44		39.13	117.17
P	3R3D	318		44		39.13	117.17
P	3R3E	318		44		39.13	117.17
P	3R3F	318		44		39.13	117.17
P	3R3G	318	23			40.87	111.67
P	3R3H	318	23			40.87	111.67
P	3R3I	318	23			40.87	111.67
P	3R3J	318	23			40.87	111.67
P	3R3K	318	23			40.87	111.67
P	3R3L	318	23			40.87	111.67
P	3R3M	318		44		38.03	114.47
P	3R3N	318		44		38.03	114.47
P	3R3O	318		44		38.03	114.47
P	3R3P	318		44		38.03	114.47
P	3R3Q	318		44		38.03	114.47
P	3R3R	318		44		38.03	114.47
P	3R3S	318		44		37.87	112.55
P	3R3T	318		44		37.87	112.55
P	3R3U	318		44		37.87	112.55
P	3R3V	318		44		37.87	112.55
P	3R3W	318		44		37.87	112.55
P	3R3X	318		44		37.87	112.55
P	3R4A	318		44		31.25	121.43
P	3R4B	318		44		31.25	121.43
P	3R4C	318		44		31.25	121.43
P	3R4D	318		44		31.25	121.43
P	3R4E	318		44		31.25	121.43
P	3R4F	318		44		31.25	121.43
P	3R4G	318		44		31.25	121.43
P	3R4H	318		44		31.25	121.43
P	3R4I	318		44		36.63	117.02
P	3R4J	318		44		36.63	117.02
P	3R4K	318		44		36.63	117.02
P	3R4L	318		44		36.63	117.02
P	3R4M	318		44		36.63	117.02
P	3R4N	318		44		36.63	117.02
P	3R4O	318		44		36.63	117.02
P	3R4P	318		44		36.63	117.02
P	3R4Q	318		44		32.03	118.78
P	3R4R	318		44		32.03	118.78
P	3R4S	318		44		32.03	118.78
P	3R4T	318		44		32.03	118.78
P	3R4U	318		44		32.03	118.78
P	3R4V	318		44		32.03	118.78
P	3R4W	318		44		32.03	118.78
P	3R4X	318		44		32.03	118.78
P	3R5A	318		44		30.3	120.18
P	3R5B	318		44		30.3	120.18
P	3R5C	318		44		30.3	120.18
P	3R5D	318		44		30.3	120.18
P	3R5E	318		44		30.3	120.18
P	3R5F	318		44		30.3	120.18
P	3R5G	318		44		30.3	120.18
P	3R5H	318		44		30.3	120.18
P	3R5I	318		44		30.72	106.03
P	3R5J	318		44		30.72	106.03
P	3R5K	318		44		30.72	106.03
P	3R5L	318		44		30.72	106.03
P	3R5M	318		44		30.72	106.03
P	3R5N	318		44		30.72	106.03
P	3R5O	318		44		30.72	106.03
P	3R5P	318		44		30.72	106.03
P	3R5Q	318		44		26.08	119.27
P	3R5R	318		44		26.08	119.27
P	3R5S	318		44		26.08	119.27
P	3R5T	318		44		26.08	119.27
P	3R5U	318		44		26.08	119.27
P	3R5V	318		44		26.08	119.27
P	3R5W	318		44		26.08	119.27
P	3R5X	318		44		26.08	119.27
P	3R6A	318		44		31.87	117.3
P	3R6B	318		44		31.87	117.3
P	3R6C	318		44		31.87	117.3
P	3R6D	318		44		31.87	117.3
P	3R6E	318		44		31.87	117.3
P	3R6F	318		44		31.87	117.3
P	3R6G	318		44		31.87	117.3
P	3R6H	318		44		31.87	117.3
P	3R6I	318		44		34.75	113.57
P	3R6J	318		44		34.75	113.57
P	3R6K	318		44		34.75	113.57
P	3R6L	318		44		34.75	113.57
P	3R6M	318		44		34.75	113.57
P	3R6N	318		44		34.75	113.57
P	3R6O	318		44		34.75	113.57
P	3R6P	318		44		34.75	113.57
P	3R6Q	318		43		30.52	114.3
P	3R6R	318		43		30.52	114.3
P	3R6S	318		43		30.52	114.3
P	3R6T	318		43		30.52	114.3
P	3R6U	318		43		30.52	114.3
P	3R6V	318		43		30.52	114.3
P	3R6W	318		43		30.52	114.3
P	3R6X	318		43		30.52	114.3
P	3R7A	318		43		28.2	113
P	3R7B	318		43		28.2	113
P	3R7C	318		43		28.2	113
P	3R7D	318		43		28.2	113
P	3R7E	318		43		28.2	113
P	3R7F	318		43		28.2	113
P	3R7G	318		43		28.2	113
P	3R7H	318		43		28.2	113
P	3R7I	318		44		23.08	113.17
P	3R7J	318		44		23.08	113.17
P	3R7K	318		44		23.08	113.17
P	3R7L	318		44		23.08	113.17
P	3R7M	318		44		23.08	113.17
P	3R7N	318		44		23.08	113.17
P	3R7O	318		44		23.08	113.17
P	3R7P	318		44		23.08	113.17
P	3R7Q	318		43		22.8	108.33
P	3R7R	318		43		22.8	108.33
P	3R7S	318		43		22.8	108.33
P	3R7T	318		43		22.8	108.33
P	3R7U	318		43		22.8	108.33
P	3R7V	318		43		22.8	108.33
P	3R7W	318		43		22.8	108.33
P	3R7X	318		43		22.8	108.33
P	3R7Y	318		44		20.02	110.27
P	3R8A	318		43		30.63	104.03
P	3R8B	318		43		30.63	104.03
P	3R8C	318		43		30.63	104.03
P	3R8D	318		43		30.63	104.03
P	3R8E	318		43		30.63	104.03
P	3R8F	318		43		30.63	104.03
P	3R8G	318		43		29.58	106.42
P	3R8H	318		43		29.58	106.42
P	3R8I	318		43		29.58	106.42
P	3R8J	318		43		29.58	106.42
P	3R8K	318		43		29.58	106.42
P	3R8L	318		43		29.58	106.42
P	3R8M	318		43		26.53	106.67
P	3R8N	318		43		26.53	106.67
P	3R8O	318		43		26.53	106.67
P	3R8P	318		43		26.53	106.67
P	3R8Q	318		43		26.53	106.67
P	3R8R	318		43		26.53	106.67
P	3R8S	318		43		25.02	102.68
P	3R8T	318		43		25.02	102.68
P	3R8U	318		43		25.02	102.68
P	3R8V	318		43		25.02	102.68
P	3R8W	318		43		25.02	102.68
P	3R8X	318		43		25.02	102.68
P	3R9A	318		43		34.25	109
P	3R9B	318		43		34.25	109
P	3R9C	318		43		34.25	109
P	3R9D	318		43		34.25	109
P	3R9E	318		43		34.25	109
P	3R9F	318		43		34.25	109
P	3R9G	318	23	43		36.02	103.87
P	3R9H	318	23	43		36.02	103.87
P	3R9I	318	23	43		36.02	103.87
P	3R9J	318	23	43		36.02	103.87
P	3R9K	318	23	43		36.02	103.87
P	3R9L	318	23	43		36.02	103.87
P	3R9M	318	23	43		38.5	106.25
P	3R9N	318	23	43		38.5	106.25
P	3R9O	318	23	43		38.5	106.25
P	3R9P	318	23	43		38.5	106.25
P	3R9Q	318	23	43		38.5	106.25
P	3R9R	318	23	43		38.5	106.25
P	3R9S	318	23	42		36.57	101.67
P	3R9T	318	23	42		36.57	101.67
P	3R9U	318	23	42		36.57	101.67
P	3R9V	318	23	42		36.57	101.67
P	3R9W	318	23	42		36.57	101.67
P	3R9X	318	23	42		36.57	101.67
P	3S	318		44
P	3S0A	318	23	42		43.75	87.75
P	3S0B	318	23	42		43.75	87.75
P	3S0C	318	23	42		43.75	87.75
P	3S0D	318	23	42		43.75	87.75
P	3S0E	318	23	42		43.75	87.75
P	3S0F	318	23	42		43.75	87.75
P	3S0G	318	23	42		29.42	90.97
P	3S0H	318	23	42		29.42	90.97
P	3S0I	318	23	42		29.42	90.97
P	3S0J	318	23	42		29.42	90.97
P	3S0K	318	23	42		29.42	90.97
P	3S0L	318	23	42		29.42	90.97
P	3S1	318		44		39.93	116.4
P	3S2A	318				45.8	126.67
P	3S2B	318				45.8	126.67
P	3S2C	318				45.8	126.67
P	3S2D	318				45.8	126.67
P	3S2E	318				45.8	126.67
P	3S2F	318				45.8	126.67
P	3S2G	318				45.8	126.67
P	3S2H	318				45.8	126.67
P	3S2I	318				43.95	125.28
P	3S2J	318				43.95	125.28
P	3S2K	318				43.95	125.28
P	3S2L	318				43.95	125.28
P	3S2M	318				43.95	125.28
P	3S2N	318				43.95	125.28
P	3S2O	318				43.95	125.28
P	3S2P	318				43.95	125.28
P	3S2Q	318		44		41.8	123.45
P	3S2R	318		44		41.8	123.45
P	3S2S	318		44		41.8	123.45
P	3S2T	318		44		41.8	123.45
P	3S2U	318		44		41.8	123.45
P	3S2V	318		44		41.8	123.45
P	3S2W	318		44		41.8	123.45
P	3S2X	318		44		41.8	123.45
P	3S3A	318		44		39.13	117.17
P	3S3B	318		44		39.13	117.17
P	3S3C	318		44		39.13	117.17
P	3S3D	318		44		39.13	117.17
P	3S3E	318		44		39.13	117.17
P	3S3F	318		44		39.13	117.17
P	3S3G	318	23			40.87	111.67
P	3S3H	318	23			40.87	111.67
P	3S3I	318	23			40.87	111.67
P	3S3J	318	23			40.87	111.67
P	3S3K	318	23			40.87	111.67
P	3S3L	318	23			40.87	111.67
P	3S3M	318		44		38.03	114.47
P	3S3N	318		44		38.03	114.47
P	3S3O	318		44		38.03	114.47
P	3S3P	318		44		38.03	114.47
P	3S3Q	318		44		38.03	114.47
P	3S3R	318		44		38.03	114.47
P	3S3S	318		44		37.87	112.55
P	3S3T	318		44		37.87	112.55
P	3S3U	318		44		37.87	112.55
P	3S3V	318		44		37.87	112.55
P	3S3W	318		44		37.87	112.55
P	3S3X	318		44		37.87	112.55
P	3S4A	318		44		31.25	121.43
P	3S4B	318		44		31.25	121.43
P	3S4C	318		44		31.25	121.43
P	3S4D	318		44		31.25	121.43
P	3S4E	318		44		31.25	121.43
P	3S4F	318		44		31.25	121.43
P	3S4G	318		44		31.25	121.43
P	3S4H	318		44		31.25	121.43
P	3S4I	318		44		36.63	117.02
P	3S4J	318		44		36.63	117.02
P	3S4K	318		44		36.63	117.02
P	3S4L	318		44		36.63	117.02
P	3S4M	318		44		36.63	117.02
P	3S4N	318		44		36.63	117.02
P	3S4O	318		44		36.63	117.02
P	3S4P	318		44		36.63	117.02
P	3S4Q	318		44		32.03	118.78
P	3S4R	318		44		32.03	118.78
P	3S4S	318		44		32.03	118.78
P	3S4T	318		44		32.03	118.78
P	3S4U	318		44		32.03	118.78
P	3S4V	318		44		32.03	118.78
P	3S4W	318		44		32.03	118.78
P	3S4X	318		44		32.03	118.78
P	3S5A	318		44		30.3	120.18
P	3S5B	318		44		30.3	120.18
P	3S5C	318		44		30.3	120.18
P	3S5D	318		44		30.3	120.18
P	3S5E	318		44		30.3	120.18
P	3S5F	318		44		30.3	120.18
P	3S5G	318		44		30.3	120.18
P	3S5H	318		44		30.3	120.18
P	3S5I	318		44		30.72	106.03
P	3S5J	318		44		30.72	106.03
P	3S5K	318		44		30.72	106.03
P	3S5L	318		44		30.72	106.03
P	3S5M	318		44		30.72	106.03
P	3S5N	318		44		30.72	106.03
P	3S5O	318		44		30.72	106.03
P	3S5P	318		44		30.72	106.03
P	3S5Q	318		44		26.08	119.27
P	3S5R	318		44		26.08	119.27
P	3S5S	318		44		26.08	119.27
P	3S5T	318		44		26.08	119.27
P	3S5U	318		44		26.08	119.27
P	3S5V	318		44		26.08	119.27
P	3S5W	318		44		26.08	119.27
P	3S5X	318		44		26.08	119.27
P	3S6A	318		44		31.87	117.3
P	3S6B	318		44		31.87	117.3
P	3S6C	318		44		31.87	117.3
P	3S6D	318		44		31.87	117.3
P	3S6E	318		44		31.87	117.3
P	3S6F	318		44		31.87	117.3
P	3S6G	318		44		31.87	117.3
P	3S6H	318		44		31.87	117.3
P	3S6I	318		44		34.75	113.57
P	3S6J	318		44		34.75	113.57
P	3S6K	318		44		34.75	113.57
P	3S6L	318		44		34.75	113.57
P	3S6M	318		44		34.75	113.57
P	3S6N	318		44		34.75	113.57
P	3S6O	318		44		34.75	113.57
P	3S6P	318		44		34.75	113.57
P	3S6Q	318		43		30.52	114.3
P	3S6R	318		43		30.52	114.3
P	3S6S	318		43		30.52	114.3
P	3S6T	318		43		30.52	114.3
P	3S6U	318		43		30.52	114.3
P	3S6V	318		43		30.52	114.3
P	3S6W	318		43		30.52	114.3
P	3S6X	318		43		30.52	114.3
P	3S7A	318		43		28.2	113
P	3S7B	318		43		28.2	113
P	3S7C	318		43		28.2	113
P	3S7D	318		43		28.2	113
P	3S7E	318		43		28.2	113
P	3S7F	318		43		28.2	113
P	3S7G	318		43		28.2	113
P	3S7H	318		43		28.2	113
P	3S7I	318		44		23.08	113.17
P	3S7J	318		44		23.08	113.17
P	3S7K	318		44		23.08	113.17
P	3S7L	318		44		23.08	113.17
P	3S7M	318		44		23.08	113.17
P	3S7N	318		44		23.08	113.17
P	3S7O	318		44		23.08	113.17
P	3S7P	318		44		23.08	113.17
P	3S7Q	318		43		22.8	108.33
P	3S7R	318		43		22.8	108.33
P	3S7S	318		43		22.8	108.33
P	3S7T	318		43		22.8	108.33
P	3S7U	318		43		22.8	108.33
P	3S7V	318		43		22.8	108.33
P	3S7W	318		43		22.8	108.33
P	3S7X	318		43		22.8	108.33
P	3S7Y	318		44		20.02	110.27
P	3S8A	318		43		30.63	104.03
P	3S8B	318		43		30.63	104.03
P	3S8C	318		43		30.63	104.03
P	3S8D	318		43		30.63	104.03
P	3S8E	318		43		30.63	104.03
P	3S8F	318		43		30.63	104.03
P	3S8G	318		43		29.58	106.42
P	3S8H	318		43		29.58	106.42
P	3S8I	318		43		29.58	106.42
P	3S8J	318		43		29.58	106.42
P	3S8K	318		43		29.58	106.42
P	3S8L	318		43		29.58	106.42
P	3S8M	318		43		26.53	106.67
P	3S8N	318		43		26.53	106.67
P	3S8O	318		43		26.53	106.67
P	3S8P	318		43		26.53	106.67
P	3S8Q	318		43		26.53	106.67
P	3S8R	318		43		26.53	106.67
P	3S8S	318		43		25.02	102.68
P	3S8T	318		43		25.02	102.68
P	3S8U	318		43		25.02	102.68
P	3S8V	318		43		25.02	102.68
P	3S8W	318		43		25.02	102.68
P	3S8X	318		43		25.02	102.68
P	3S9A	318		43		34.25	109
P	3S9B	318		43		34.25	109
P	3S9C	318		43		34.25	109
P	3S9D	318		43		34.25	109
P	3S9E	318		43		34.25	109
P	3S9F	318		43		34.25	109
P	3S9G	318	23	43		36.02	103.87
P	3S9H	318	23	43		36.02	103.87
P	3S9I	318	23	43		36.02	103.87
P	3S9J	318	23	43		36.02	103.87
P	3S9K	318	23	43		36.02	103.87
P	3S9L	318	23	43		36.02	103.87
P	3S9M	318	23	43		38.5	106.25
P	3S9N	318	23	43		38.5	106.25
P	3S9O	318	23	43		38.5	106.25
P	3S9P	318	23	43		38.5	106.25
P	3S9Q	318	23	43		38.5	106.25
P	3S9R	318	23	43		38.5	106.25
P	3S9S	318	23	42		36.57	101.67
P	3S9T	318	23	42		36.57	101.67
P	3S9U	318	23	42		36.57	101.67
P	3S9V	318	23	42		36.57	101.67
P	3S9W	318	23	42		36.57	101.67
P	3S9X	318	23	42		36.57	101.67
P	3T	318		44
P	3T0A	318	23	42		43.75	87.75
P	3T0B	318	23	42		43.75	87.75
P	3T0C	318	23	42		43.75	87.75
P	3T0D	318	23	42		43.75	87.75
P	3T0E	318	23	42		43.75	87.75
P	3T0F	318	23	42		43.75	87.75
P	3T0G	318	23	42		29.42	90.97
P	3T0H	318	23	42		29.42	90.97
P	3T0I	318	23	42		29.42	90.97
P	3T0J	318	23	42		29.42	90.97
P	3T0K	318	23	42		29.42	90.97
P	3T0L	318	23	42		29.42	90.97
P	3T1	318		44		39.93	116.4
P	3T2A	318				45.8	126.67
P	3T2B	318				45.8	126.67
P	3T2C	318				45.8	126.67
P	3T2D	318				45.8	126.67
P	3T2E	318				45.8	126.67
P	3T2F	318				45.8	126.67
P	3T2G	318				45.8	126.67
P	3T2H	318				45.8	126.67
P	3T2I	318				43.95	125.28
P	3T2J	318				43.95	125.28
P	3T2K	318				43.95	125.28
P	3T2L	318				43.95	125.28
P	3T2M	318				43.95	125.28
P	3T2N	318				43.95	125.28
P	3T2O	318				43.95	125.28
P	3T2P	318				43.95	125.28
P	3T2Q	318		44		41.8	123.45
P	3T2R	318		44		41.8	123.45
P	3T2S	318		44		41.8	123.45
P	3T2T	318		44		41.8	123.45
P	3T2U	318		44		41.8	123.45
P	3T2V	318		44		41.8	123.45
P	3T2W	318		44		41.8	123.45
P	3T2X	318		44		41.8	123.45
P	3T3A	318		44		39.13	117.17
P	3T3B	318		44		39.13	117.17
P	3T3C	318		44		39.13	117.17
P	3T3D	318		44		39.13	117.17
P	3T3E	318		44		39.13	117.17
P	3T3F	318		44		39.13	117.17
P	3T3G	318	23			40.87	111.67
P	3T3H	318	23			40.87	111.67
P	3T3I	318	23			40.87	111.67
P	3T3J	318	23			40.87	111.67
P	3T3K	318	23			40.87	111.67
P	3T3L	318	23			40.87	111.67
P	3T3M	318		44		38.03	114.47
P	3T3N	318		44		38.03	114.47
P	3T3O	318		44		38.03	114.47
P	3T3P	318		44		38.03	114.47
P	3T3Q	318		44		38.03	114.47
P	3T3R	318		44		38.03	114.47
P	3T3S	318		44		37.87	112.55
P	3T3T	318		44		37.87	112.55
P	3T3U	318		44		37.87	112.55
P	3T3V	318		44		37.87	112.55
P	3T3W	318		44		37.87	112.55
P	3T3X	318		44		37.87	112.55
P	3T4A	318		44		31.25	121.43
P	3T4B	318		44		31.25	121.43
P	3T4C	318		44		31.25	121.43
P	3T4D	318		44		31.25	121.43
P	3T4E	318		44		31.25	121.43
P	3T4F	318		44		31.25	121.43
P	3T4G	318		44		31.25	121.43
P	3T4H	318		44		31.25	121.43
P	3T4I	318		44		36.63	117.02
P	3T4J	318		44		36.63	117.02
P	3T4K	318		44		36.63	117.02
P	3T4L	318		44		36.63	117.02
P	3T4M	318		44		36.63	117.02
P	3T4N	318		44		36.63	117.02
P	3T4O	318		44		36.63	117.02
P	3T4P	318		44		36.63	117.02
P	3T4Q	318		44		32.03	118.78
P	3T4R	318		44		32.03	118.78
P	3T4S	318		44		32.03	118.78
P	3T4T	318		44		32.03	118.78
P	3T4U	318		44		32.03	118.78
P	3T4V	318		44		32.03	118.78
P	3T4W	318		44		32.03	118.78
P	3T4X	318		44		32.03	118.78
P	3T5A	318		44		30.3	120.18
P	3T5B	318		44		30.3	120.18
P	3T5C	318		44		30.3	120.18
P	3T5D	318		44		30.3	120.18
P	3T5E	318		44		30.3	120.18
P	3T5F	318		44		30.3	120.18
P	3T5G	318		44		30.3	120.18
P	3T5H	318		44		30.3	120.18
P	3T5I	318		44		30.72	106.03
P	3T5J	318		44		30.72	106.03
P	3T5K	318		44		30.72	106.03
P	3T5L	318		44		30.72	106.03
P	3T5M	318		44		30.72	106.03
P	3T5N	318		44		30.72	106.03
P	3T5O	318		44		30.72	106.03
P	3T5P	318		44		30.72	106.03
P	3T5Q	318		44		26.08	119.27
P	3T5R	318		44		26.08	119.27
P	3T5S	318		44		26.08	119.27
P	3T5T	318		44		26.08	119.27
P	3T5U	318		44		26.08	119.27
P	3T5V	318		44		26.08	119.27
P	3T5W	318		44		26.08	119.27
P	3T5X	318		44		26.08	119.27
P	3T6A	318		44		31.87	117.3
P	3T6B	318		44		31.87	117.3
P	3T6C	318		44		31.87	117.3
P	3T6D	318		44		31.87	117.3
P	3T6E	318		44		31.87	117.3
P	3T6F	318		44		31.87	117.3
P	3T6G	318		44		31.87	117.3
P	3T6H	318		44		31.87	117.3
P	3T6I	318		44		34.75	113.57
P	3T6J	318		44		34.75	113.57
P	3T6K	318		44		34.75	113.57
P	3T6L	318		44		34.75	113.57
P	3T6M	318		44		34.75	113.57
P	3T6N	318		44		34.75	113.57
P	3T6O	318		44		34.75	113.57
P	3T6P	318		44		34.75	113.57
P	3T6Q	318		43		30.52	114.3
P	3T6R	318		43		30.52	114.3
P	3T6S	318		43		30.52	114.3
P	3T6T	318		43		30.52	114.3
P	3T6U	318		43		30.52	114.3
P	3T6V	318		43		30.52	114.3
P	3T6W	318		43		30.52	114.3
P	3T6X	318		43		30.52	114.3
P	3T7A	318		43		28.2	113
P	3T7B	318		43		28.2	113
P	3T7C	318		43		28.2	113
P	3T7D	318		43		28.2	113
P	3T7E	318		43		28.2	113
P	3T7F	318		43		28.2	113
P	3T7G	318		43		28.2	113
P	3T7H	318		43		28.2	113
P	3T7I	318		44		23.08	113.17
P	3T7J	318		44		23.08	113.17
P	3T7K	318		44		23.08	113.17
P	3T7L	318		44		23.08	113.17
P	3T7M	318		44		23.08	113.17
P	3T7N	318		44		23.08	113.17
P	3T7O	318		44		23.08	113.17
P	3T7P	318		44		23.08	113.17
P	3T7Q	318		43		22.8	108.33
P	3T7R	318		43		22.8	108.33
P	3T7S	318		43		22.8	108.33
P	3T7T	318		43		22.8	108.33
P	3T7U	318		43		22.8	108.33
P	3T7V	318		43		22.8	108.33
P	3T7W	318		43		22.8	108.33
P	3T7X	318		43		22.8	108.33
P	3T7Y	318		44		20.02	110.27
P	3T8A	318		43		30.63	104.03
P	3T8B	318		43		30.63	104.03
P	3T8C	318		43		30.63	104.03
P	3T8D	318		43		30.63	104.03
P	3T8E	318		43		30.63	104.03
P	3T8F	318		43		30.63	104.03
P	3T8G	318		43		29.58	106.42
P	3T8H	318		43		29.58	106.42
P	3T8I	318		43		29.58	106.42
P	3T8J	318		43		29.58	106.42
P	3T8K	318		43		29.58	106.42
P	3T8L	318		43		29.58	106.42
P	3T8M	318		43		26.53	106.67
P	3T8N	318		43		26.53	106.67
P	3T8O	318		43		26.53	106.67
P	3T8P	318		43		26.53	106.67
P	3T8Q	318		43		26.53	106.67
P	3T8R	318		43		26.53	106.67
P	3T8S	318		43		25.02	102.68
P	3T8T	318		43		25.02	102.68
P	3T8U	318		43		25.02	102.68
P	3T8V	318		43		25.02	102.68
P	3T8W	318		43		25.02	102.68
P	3T8X	318		43		25.02	102.68
P	3T9A	318		43		34.25	109
P	3T9B	318		43		34.25	109
P	3T9C	318		43		34.25	109
P	3T9D	318		43		34.25	109
P	3T9E	318		43		34.25	109
P	3T9F	318		43		34.25	109
P	3T9G	318	23	43		36.02	103.87
P	3T9H	318	23	43		36.02	103.87
P	3T9I	318	23	43		36.02	103.87
P	3T9J	318	23	43		36.02	103.87
P	3T9K	318	23	43		36.02	103.87
P	3T9L	318	23	43		36.02	103.87
P	3T9M	318	23	43		38.5	106.25
P	3T9N	318	23	43		38.5	106.25
P	3T9O	318	23	43		38.5	106.25
P	3T9P	318	23	43		38.5	106.25
P	3T9Q	318	23	43		38.5	106.25
P	3T9R	318	23	43		38.5	106.25
P	3T9S	318	23	42		36.57	101.67
P	3T9T	318	23	42		36.57	101.67
P	3T9U	318	23	42		36.57	101.67
P	3T9V	318	23	42		36.57	101.67
P	3T9W	318	23	42		36.57	101.67
P	3T9X	318	23	42		36.57	101.67
P	3U	318		44
P	3U0A	318	23	42		43.75	87.75
P	3U0B	318	23	42		43.75	87.75
P	3U0C	318	23	42		43.75	87.75
P	3U0D	318	23	42		43.75	87.75
P	3U0E	318	23	42		43.75	87.75
P	3U0F	318	23	42		43.75	87.75
P	3U0G	318	23	42		29.42	90.97
P	3U0H	318	23	42		29.42	90.97
P	3U0I	318	23	42		29.42	90.97
P	3U0J	318	23	42		29.42	90.97
P	3U0K	318	23	42		29.42	90.97
P	3U0L	318	23	42		29.42	90.97
P	3U1	318		44		39.93	116.4
P	3U2A	318				45.8	126.67
P	3U2B	318				45.8	126.67
P	3U2C	318				45.8	126.67
P	3U2D	318				45.8	126.67
P	3U2E	318				45.8	126.67
P	3U2F	318				45.8	126.67
P	3U2G	318				45.8	126.67
P	3U2H	318				45.8	126.67
P	3U2I	318				43.95	125.28
P	3U2J	318				43.95	125.28
P	3U2K	318				43.95	125.28
P	3U2L	318				43.95	125.28
P	3U2M	318				43.95	125.28
P	3U2N	318				43.95	125.28
P	3U2O	318				43.95	125.28
P	3U2P	318				43.95	125.28
P	3U2Q	318		44		41.8	123.45
P	3U2R	318		44		41.8	123.45
P	3U2S	318		44		41.8	123.45
P	3U2T	318		44		41.8	123.45
P	3U2U	318		44		41.8	123.45
P	3U2V	318		44		41.8	123.45
P	3U2W	318		44		41.8	123.45
P	3U2X	318		44		41.8	123.45
P	3U3A	318		44		39.13	117.17
P	3U3B	318		44		39.13	117.17
P	3U3C	318		44		39.13	117.17
P	3U3D	318		44		39.13	117.17
P	3U3E	318		44		39.13	117.17
P	3U3F	318		44		39.13	117.17
P	3U3G	318	23			40.87	111.67
P	3U3H	318	23			40.87	111.67
P	3U3I	318	23			40.87	111.67
P	3U3J	318	23			40.87	111.67
P	3U3K	318	23			40.87	111.67
P	3U3L	318	23			40.87	111.67
P	3U3M	318		44		38.03	114.47
P	3U3N	318		44		38.03	114.47
P	3U3O	318		44		38.03	114.47
P	3U3P	318		44		38.03	114.47
P	3U3Q	318		44		38.03	114.47
P	3U3R	318		44		38.03	114.47
P	3U3S	318		44		37.87	112.55
P	3U3T	318		44		37.87	112.55
P	3U3U	318		44		37.87	112.55
P	3U3V	318		44		37.87	112.55
P	3U3W	318		44		37.87	112.55
P	3U3X	318		44		37.87	112.55
P	3U4A	318		44		31.25	121.43
P	3U4B	318		44		31.25	121.43
P	3U4C	318		44		31.25	121.43
P	3U4D	318		44		31.25	121.43
P	3U4E	318		44		31.25	121.43
P	3U4F	318		44		31.25	121.43
P	3U4G	318		44		31.25	121.43
P	3U4H	318		44		31.25	121.43
P	3U4I	318		44		36.63	117.02
P	3U4J	318		44		36.63	117.02
P	3U4K	318		44		36.63	117.02
P	3U4L	318		44		36.63	117.02
P	3U4M	318		44		36.63	117.02
P	3U4N	318		44		36.63	117.02
P	3U4O	318		44		36.63	117.02
P	3U4P	318		44		36.63	117.02
P	3U4Q	318		44		32.03	118.78
P	3U4R	318		44		32.03	118.78
P	3U4S	318		44		32.03	118.78
P	3U4T	318		44		32.03	118.78
P	3U4U	318		44		32.03	118.78
P	3U4V	318		44		32.03	118.78
P	3U4W	318		44		32.03	118.78
P	3U4X	318		44		32.03	118.78
P	3U5A	318		44		30.3	120.18
P	3U5B	318		44		30.3	120.18
P	3U5C	318		44		30.3	120.18
P	3U5D	318		44		30.3	120.18
P	3U5E	318		44		30.3	120.18
P	3U5F	318		44		30.3	120.18
P	3U5G	318		44		30.3	120.18
P	3U5H	318		44		30.3	120.18
P	3U5I	318		44		30.72	106.03
P	3U5J	318		44		30.72	106.03
P	3U5K	318		44		30.72	106.03
P	3U5L	318		44		30.72	106.03
P	3U5M	318		44		30.72	106.03
P	3U5N	318		44		30.72	106.03
P	3U5O	318		44		30.72	106.03
P	3U5P	318		44		30.72	106.03
P	3U5Q	318		44		26.08	119.27
P	3U5R	318		44		26.08	119.27
P	3U5S	318		44		26.08	119.27
P	3U5T	318		44		26.08	119.27
P	3U5U	318		44		26.08	119.27
P	3U5V	318		44		26.08	119.27
P	3U5W	318		44		26.08	119.27
P	3U5X	318		44		26.08	119.27
P	3U6A	318		44		31.87	117.3
P	3U6B	318		44		31.87	117.3
P	3U6C	318		44		31.87	117.3
P	3U6D	318		44		31.87	117.3
P	3U6E	318		44		31.87	117.3
P	3U6F	318		44		31.87	117.3
P	3U6G	318		44		31.87	117.3
P	3U6H	318		44		31.87	117.3
P	3U6I	318		44		34.75	113.57
P	3U6J	318		44		34.75	113.57
P	3U6K	318		44		34.75	113.57
P	3U6L	318		44		34.75	113.57
P	3U6M	318		44		34.75	113.57
P	3U6N	318		44		34.75	113.57
P	3U6O	318		44		34.75	113.57
P	3U6P	318		44		34.75	113.57
P	3U6Q	318		43		30.52	114.3
P	3U6R	318		43		30.52	114.3
P	3U6S	318		43		30.52	114.3
P	3U6T	318		43		30.52	114.3
P	3U6U	318		43		30.52	114.3
P	3U6V	318		43		30.52	114.3
P	3U6W	318		43		30.52	114.3
P	3U6X	318		43		30.52	114.3
P	3U7A	318		43		28.2	113
P	3U7B	318		43		28.2	113
P	3U7C	318		43		28.2	113
P	3U7D	318		43		28.2	113
P	3U7E	318		43		28.2	113
P	3U7F	318		43		28.2	113
P	3U7G	318		43		28.2	113
P	3U7H	318		43		28.2	113
P	3U7I	318		44		23.08	113.17
P	3U7J	318		44		23.08	113.17
P	3U7K	318		44		23.08	113.17
P	3U7L	318		44		23.08	113.17
P	3U7M	318		44		23.08	113.17
P	3U7N	318		44		23.08	113.17
P	3U7O	318		44		23.08	113.17
P	3U7P	318		44		23.08	113.17
P	3U7Q	318		43		22.8	108.33
P	3U7R	318		43		22.8	108.33
P	3U7S	318		43		22.8	108.33
P	3U7T	318		43		22.8	108.33
P	3U7U	318		43		22.8	108.33
P	3U7V	318		43		22.8	108.33
P	3U7W	318		43		22.8	108.33
P	3U7X	318		43		22.8	108.33
P	3U7Y	318		44		20.02	110.27
P	3U8A	318		43		30.63	104.03
P	3U8B	318		43		30.63	104.03
P	3U8C	318		43		30.63	104.03
P	3U8D	318		43		30.63	104.03
P	3U8E	318		43		30.63	104.03
P	3U8F	318		43		30.63	104.03
P	3U8G	318		43		29.58	106.42
P	3U8H	318		43		29.58	106.42
P	3U8I	318		43		29.58	106.42
P	3U8J	318		43		29.58	106.42
P	3U8K	318		43		29.58	106.42
P	3U8L	318		43		29.58	106.42
P	3U8M	318		43		26.53	106.67
P	3U8N	318		43		26.53	106.67
P	3U8O	318		43		26.53	106.67
P	3U8P	318		43		26.53	106.67
P	3U8Q	318		43		26.53	106.67
P	3U8R	318		43		26.53	106.67
P	3U8S	318		43		25.02	102.68
P	3U8T	318		43		25.02	102.68
P	3U8U	318		43		25.02	102.68
P	3U8V	318		43		25.02	102.68
P	3U8W	318		43		25.02	102.68
P	3U8X	318		43		25.02	102.68
P	3U9A	318		43		34.25	109
P	3U9B	318		43		34.25	109
P	3U9C	318		43		34.25	109
P	3U9D	318		43		34.25	109
P	3U9E	318		43		34.25	109
P	3U9F	318		43		34.25	109
P	3U9G	318	23	43		36.02	103.87
P	3U9H	318	23	43		36.02	103.87
P	3U9I	318	23	43		36.02	103.87
P	3U9J	318	23	43		36.02	103.87
P	3U9K	318	23	43		36.02	103.87
P	3U9L	318	23	43		36.02	103.87
P	3U9M	318	23	43		38.5	106.25
P	3U9N	318	23	43		38.5	106.25
P	3U9O	318	23	43		38.5	106.25
P	3U9P	318	23	43		38.5	106.25
P	3U9Q	318	23	43		38.5	106.25
P	3U9R	318	23	43		38.5	106.25
P	3U9S	318	23	42		36.57	101.67
P	3U9T	318	23	42		36.57	101.67
P	3U9U	318	23	42		36.57	101.67
P	3U9V	318	23	42		36.57	101.67
P	3U9W	318	23	42		36.57	101.67
P	3U9X	318	23	42		36.57	101.67
P	3V	474
P	3W	293
P	3X	107
P	3Y	13		73	SA	-77.5	-34.2
P	3Z	269
P	3Z1	269				53.42	14.53
P	3Z2	269				54.45	17.33
P	3Z3	269				53	15.9
P	3Z4	269				54.17	19.42
P	3Z5	269				52.27	21.03
P	3Z6	269				51.08	17
P	3Z7	269				53.28	15.92
P	3Z8	269				50.07	22
P	3Z9	269				50.25	18.98
P	4A	50
P	4A1	50				19.8	-99.67
P	4A2	50				26.62	-105.08
P	4A3	50				17.9	-94.15
P	4A4	204
P	4B	50
P	4B1	50				19.8	-99.67
P	4B2	50				26.62	-105.08
P	4B3	50				17.9	-94.15
P	4B4	204
P	4C	50
P	4C1	50				19.8	-99.67
P	4C2	50				26.62	-105.08
P	4C3	50				17.9	-94.15
P	4C4	204
P	4D	375
P	4D1	375				14.58	121
P	4D2	375				16.42	120.57
P	4D3	375				15.47	120.57
P	4D4	375				13.6	123.2
P	4D5	375				11.28	125.02
P	4D6	375				10.75	122.97
P	4D7	375				10.32	123.9
P	4D8	375				6.92	122.07
P	4D9	375				7.1	125.62
P	4E	375
P	4E1	375				14.58	121
P	4E2	375				16.42	120.57
P	4E3	375				15.47	120.57
P	4E4	375				13.6	123.2
P	4E5	375				11.28	125.02
P	4E6	375				10.75	122.97
P	4E7	375				10.32	123.9
P	4E8	375				6.92	122.07
P	4E9	375				7.1	125.62
P	4F	375
P	4F1	375				14.58	121
P	4F2	375				16.42	120.57
P	4F3	375				15.47	120.57
P	4F4	375				13.6	123.2
P	4F5	375				11.28	125.02
P	4F6	375				10.75	122.97
P	4F7	375				10.32	123.9
P	4F8	375				6.92	122.07
P	4F9	375				7.1	125.62
P	4G	375
P	4G1	375				14.58	121
P	4G2	375				16.42	120.57
P	4G3	375				15.47	120.57
P	4G4	375				13.6	123.2
P	4G5	375				11.28	125.02
P	4G6	375				10.75	122.97
P	4G7	375				10.32	123.9
P	4G8	375				6.92	122.07
P	4G9	375				7.1	125.62
P	4H	375
P	4H1	375				14.58	121
P	4H2	375				16.42	120.57
P	4H3	375				15.47	120.57
P	4H4	375				13.6	123.2
P	4H5	375				11.28	125.02
P	4H6	375				10.75	122.97
P	4H7	375				10.32	123.9
P	4H8	375				6.92	122.07
P	4H9	375				7.1	125.62
P	4I	375
P	4I1	375				14.58	121
P	4I2	375				16.42	120.57
P	4I3	375				15.47	120.57
P	4I4	375				13.6	123.2
P	4I5	375				11.28	125.02
P	4I6	375				10.75	122.97
P	4I7	375				10.32	123.9
P	4I8	375				6.92	122.07
P	4I9	375				7.1	125.62
P	4J	18
P	4K	18
P	4L	75
P	4M	148
P	4M0	17
P	4M1	148				8.5	-70.55
P	4M2	148				8.5	-70.75
P	4M3	148				9.5	-69.75
P	4M4	148				10.22	-67.97
P	4M5	148				10.53	-66.92
P	4M6	148				8.1	-63.6
P	4M7	148				10.67	-63.22
P	4M8	148				8.37	-62.62
P	4M9	148				7.9	-67.47
P	4O	514
P	4P	315
P	4Q	315
P	4R	315
P	4S	315
P	4T	136
P	4U	248
P	4V	78
P	4W	511
P	4X	336
P	4Z	336
P	5A	436
P	5B	215
P	5C	446
P	5D	446
P	5E	446
P	5F	446
P	5G	446
P	5H	470
P	5H1	470				-6.13	39.32
P	5I	470
P	5I1	470				-6.13	39.32
P	5J	116
P	5J0	216
P	5J1	116				10.4	-75.5
P	5J2	116				10.52	-73.27
P	5J3	116				4.7	-74.13
P	5J4	116				6.25	-75.6
P	5J5	116				3.9	-77.02
P	5J6	116				4.77	-75.77
P	5J7	116				7.12	-73.17
P	5J8	116				1.2	-77.27
P	5J9	116				7.07	-73.1
P	5K	116
P	5K0	216
P	5K1	116				10.4	-75.5
P	5K2	116				10.52	-73.27
P	5K3	116				4.7	-74.13
P	5K4	116				6.25	-75.6
P	5K5	116				3.9	-77.02
P	5K6	116				4.77	-75.77
P	5K7	116				7.12	-73.17
P	5K8	116				1.2	-77.27
P	5K9	116				7.07	-73.1
P	5L	434
P	5M	434
P	5N	450
P	5O	450
P	5P	221
P	5Q	221
P	5R	438
P	5S	438
P	5T	444
P	5U	187
P	5V	483
P	5W	190
P	5X	286
P	5Y	430
P	5Z	430
P	6A	478
P	6B	478
P	6C	384
P	6D	50
P	6D1	50				19.8	-99.67
P	6D2	50				26.62	-105.08
P	6D3	50				17.9	-94.15
P	6D4	204
P	6E	50
P	6E1	50				19.8	-99.67
P	6E2	50				26.62	-105.08
P	6E3	50				17.9	-94.15
P	6E4	204
P	6F	50
P	6F4	204
P	6G	50
P	6G1	50				19.8	-99.67
P	6G2	50				26.62	-105.08
P	6G3	50				17.9	-94.15
P	6G4	204
P	6H	50
P	6H1	50				19.8	-99.67
P	6H2	50				26.62	-105.08
P	6H3	50				17.9	-94.15
P	6H4	204
P	6I	50
P	6I1	50				19.8	-99.67
P	6I2	50				26.62	-105.08
P	6I3	50				17.9	-94.15
P	6I4	204
P	6J	50
P	6J1	50				19.8	-99.67
P	6J2	50				26.62	-105.08
P	6J3	50				17.9	-94.15
P	6J4	204
P	6K	137
P	6L	137
P	6M	137
P	6N	137
P	6O	232
P	6P	372
P	6Q	372
P	6R	372
P	6S	372
P	6T	466
P	6U	466
P	6V	456
P	6V0	456				13.08	-14.82
P	6V1	456				14.75	-17.33
P	6V2	456				12.78	-16.22
P	6V3	456				14.75	-16.25
P	6V4	456				16.22	-14.8
P	6V5	456				13.3	-12.82
P	6V6	456				14.15	-14.5
P	6V7	456				14.77	-16.9
P	6V8	456				15.27	-15.52
P	6V9	456				14.37	-16.13
P	6W	456
P	6W0	456				13.08	-14.82
P	6W1	456				14.75	-17.33
P	6W2	456				12.78	-16.22
P	6W3	456				14.75	-16.25
P	6W4	456				16.22	-14.8
P	6W5	456				13.3	-12.82
P	6W6	456				14.15	-14.5
P	6W7	456				14.77	-16.9
P	6W8	456				15.27	-15.52
P	6W9	456				14.37	-16.13
P	6X	438
P	6Y	82
P	6Z	434
P	7A	327		54
P	7A0	327		54		-6.2	106.8
P	7A1	327		54		-6.77	107.57
P	7A2	327		54		-7.32	110.17
P	7A3	327		54		-7.97	112.02
P	7A4	327		54		-3.07	103.5
P	7A5	327		54		0.75	101.75
P	7A6	327		54		2.97	99.77
P	7A7	327		54		-2.2	113.75
P	7A8	327		54		0.55	123.08
P	7A9	327				-2.52	140.78
P	7B	327		54
P	7B0	327		54		-6.2	106.8
P	7B1	327		54		-6.77	107.57
P	7B2	327		54		-7.32	110.17
P	7B3	327		54		-7.97	112.02
P	7B4	327		54		-3.07	103.5
P	7B5	327		54		0.75	101.75
P	7B6	327		54		2.97	99.77
P	7B7	327		54		-2.2	113.75
P	7B8	327		54		0.55	123.08
P	7B9	327				-2.52	140.78
P	7C	327		54
P	7C0	327		54		-6.2	106.8
P	7C1	327		54		-6.77	107.57
P	7C2	327		54		-7.32	110.17
P	7C3	327		54		-7.97	112.02
P	7C4	327		54		-3.07	103.5
P	7C5	327		54		0.75	101.75
P	7C6	327		54		2.97	99.77
P	7C7	327		54		-2.2	113.75
P	7C8	327		54		0.55	123.08
P	7C9	327				-2.52	140.78
P	7D	327		54
P	7D0	327		54		-6.2	106.8
P	7D1	327		54		-6.77	107.57
P	7D2	327		54		-7.32	110.17
P	7D3	327		54		-7.97	112.02
P	7D4	327		54		-3.07	103.5
P	7D5	327		54		0.75	101.75
P	7D6	327		54		2.97	99.77
P	7D7	327		54		-2.2	113.75
P	7D8	327		54		0.55	123.08
P	7D9	327				-2.52	140.78
P	7E	327		54
P	7E0	327		54		-6.2	106.8
P	7E1	327		54		-6.77	107.57
P	7E2	327		54		-7.32	110.17
P	7E3	327		54		-7.97	112.02
P	7E4	327		54		-3.07	103.5
P	7E5	327		54		0.75	101.75
P	7E6	327		54		2.97	99.77
P	7E7	327		54		-2.2	113.75
P	7E8	327		54		0.55	123.08
P	7E9	327				-2.52	140.78
P	7F	327		54
P	7F0	327		54		-6.2	106.8
P	7F1	327		54		-6.77	107.57
P	7F2	327		54		-7.32	110.17
P	7F3	327		54		-7.97	112.02
P	7F4	327		54		-3.07	103.5
P	7F5	327		54		0.75	101.75
P	7F6	327		54		2.97	99.77
P	7F7	327		54		-2.2	113.75
P	7F8	327		54		0.55	123.08
P	7F9	327				-2.52	140.78
P	7G	327		54
P	7G0	327		54		-6.2	106.8
P	7G1	327		54		-6.77	107.57
P	7G2	327		54		-7.32	110.17
P	7G3	327		54		-7.97	112.02
P	7G4	327		54		-3.07	103.5
P	7G5	327		54		0.75	101.75
P	7G6	327		54		2.97	99.77
P	7G7	327		54		-2.2	113.75
P	7G8	327		54		0.55	123.08
P	7G9	327				-2.52	140.78
P	7H	327		54
P	7H0	327		54		-6.2	106.8
P	7H1	327		54		-6.77	107.57
P	7H2	327		54		-7.32	110.17
P	7H3	327		54		-7.97	112.02
P	7H4	327		54		-3.07	103.5
P	7H5	327		54		0.75	101.75
P	7H6	327		54		2.97	99.77
P	7H7	327		54		-2.2	113.75
P	7H8	327		54		0.55	123.08
P	7H9	327				-2.52	140.78
P	7I	327		54
P	7I0	327		54		-6.2	106.8
P	7I1	327		54		-6.77	107.57
P	7I2	327		54		-7.32	110.17
P	7I3	327		54		-7.97	112.02
P	7I4	327		54		-3.07	103.5
P	7I5	327		54		0.75	101.75
P	7I6	327		54		2.97	99.77
P	7I7	327		54		-2.2	113.75
P	7I8	327		54		0.55	123.08
P	7I9	327				-2.52	140.78
P	7J	339
P	7K	339
P	7K1	339				35.68	139.68
P	7K2	339				35.68	139.68
P	7K3	339				35.68	139.68
P	7K4	339				35.68	139.68
P	7L	339
P	7L1	339				35.68	139.68
P	7L2	339				35.68	139.68
P	7L3	339				35.68	139.68
P	7L4	339				35.68	139.68
P	7M	339
P	7M1	339				35.68	139.68
P	7M2	339				35.68	139.68
P	7M3	339				35.68	139.68
P	7M4	339				35.68	139.68
P	7N	339
P	7N1	339				35.68	139.68
P	7N2	339				35.68	139.68
P	7N3	339				35.68	139.68
P	7N4	339				35.68	139.68
P	7O	492
P	7P	432
P	7Q	440
P	7R	400
P	7S	284
P	7S0	284				59.33	18.17
P	7S1	284				57.5	18.52
P	7S2	284				65.68	18.4
P	7S3	284				62	16.28
P	7S4	284				59.78	14.72
P	7S5	284				59.15	16.47
P	7S6	284				57.97	11.9
P	7S7	284				56.43	14
P	7T	400
P	7U	400
P	7V	400
P	7W	400
P	7X	400
P	7Y	400
P	7Z	378
P	8A	327		54
P	8A0	327		54		-6.2	106.8
P	8A1	327		54		-6.77	107.57
P	8A2	327		54		-7.32	110.17
P	8A3	327		54		-7.97	112.02
P	8A4	327		54		-3.07	103.5
P	8A5	327		54		0.75	101.75
P	8A6	327		54		2.97	99.77
P	8A7	327		54		-2.2	113.75
P	8A8	327		54		0.55	123.08
P	8A9	327				-2.52	140.78
P	8B	327		54
P	8B0	327		54		-6.2	106.8
P	8B1	327		54		-6.77	107.57
P	8B2	327		54		-7.32	110.17
P	8B3	327		54		-7.97	112.02
P	8B4	327		54		-3.07	103.5
P	8B5	327		54		0.75	101.75
P	8B6	327		54		2.97	99.77
P	8B7	327		54		-2.2	113.75
P	8B8	327		54		0.55	123.08
P	8B9	327				-2.52	140.78
P	8C	327		54
P	8C0	327		54		-6.2	106.8
P	8C1	327		54		-6.77	107.57
P	8C2	327		54		-7.32	110.17
P	8C3	327		54		-7.97	112.02
P	8C4	327		54		-3.07	103.5
P	8C5	327		54		0.75	101.75
P	8C6	327		54		2.97	99.77
P	8C7	327		54		-2.2	113.75
P	8C8	327		54		0.55	123.08
P	8C9	327				-2.52	140.78
P	8D	327		54
P	8D0	327		54		-6.2	106.8
P	8D1	327		54		-6.77	107.57
P	8D2	327		54		-7.32	110.17
P	8D3	327		54		-7.97	112.02
P	8D4	327		54		-3.07	103.5
P	8D5	327		54		0.75	101.75
P	8D6	327		54		2.97	99.77
P	8D7	327		54		-2.2	113.75
P	8D8	327		54		0.55	123.08
P	8D9	327				-2.52	140.78
P	8E	327		54
P	8E0	327		54		-6.2	106.8
P	8E1	327		54		-6.77	107.57
P	8E2	327		54		-7.32	110.17
P	8E3	327		54		-7.97	112.02
P	8E4	327		54		-3.07	103.5
P	8E5	327		54		0.75	101.75
P	8E6	327		54		2.97	99.77
P	8E7	327		54		-2.2	113.75
P	8E8	327		54		0.55	123.08
P	8E9	327				-2.52	140.78
P	8F	327		54
P	8F0	327		54		-6.2	106.8
P	8F1	327		54		-6.77	107.57
P	8F2	327		54		-7.32	110.17
P	8F3	327		54		-7.97	112.02
P	8F4	327		54		-3.07	103.5
P	8F5	327		54		0.75	101.75
P	8F6	327		54		2.97	99.77
P	8F7	327		54		-2.2	113.75
P	8F8	327		54		0.55	123.08
P	8F9	327				-2.52	140.78
P	8G	327		54
P	8G0	327		54		-6.2	106.8
P	8G1	327		54		-6.77	107.57
P	8G2	327		54		-7.32	110.17
P	8G3	327		54		-7.97	112.02
P	8G4	327		54		-3.07	103.5
P	8G5	327		54		0.75	101.75
P	8G6	327		54		2.97	99.77
P	8G7	327		54		-2.2	113.75
P	8G8	327		54		0.55	123.08
P	8G9	327				-2.52	140.78
P	8H	327		54
P	8H0	327		54		-6.2	106.8
P	8H1	327		54		-6.77	107.57
P	8H2	327		54		-7.32	110.17
P	8H3	327		54		-7.97	112.02
P	8H4	327		54		-3.07	103.5
P	8H5	327		54		0.75	101.75
P	8H6	327		54		2.97	99.77
P	8H7	327		54		-2.2	113.75
P	8H8	327		54		0.55	123.08
P	8H9	327				-2.52	140.78
P	8I	327		54
P	8I0	327		54		-6.2	106.8
P	8I1	327		54		-6.77	107.57
P	8I2	327		54		-7.32	110.17
P	8I3	327		54		-7.97	112.02
P	8I4	327		54		-3.07	103.5
P	8I5	327		54		0.75	101.75
P	8I6	327		54		2.97	99.77
P	8I7	327		54		-2.2	113.75
P	8I8	327		54		0.55	123.08
P	8I9	327				-2.52	140.78
P	8J	339
P	8J0	339				36.65	138.18
P	8J1	339				35.68	139.68
P	8J2	339				35.18	136.9
P	8J3	339				35.02	135.77
P	8J4	339				33.57	133.53
P	8J5	339				33.57	133.53
P	8J6	339				33.58	130.53
P	8J7	339				40.82	140.73
P	8J8	339				41.77	140.73
P	8J9	339				36.07	136.22
P	8K	339
P	8L	339
P	8M	339
P	8N	339
P	8N0	339				36.65	138.18
P	8N1	339				35.68	139.68
P	8N2	339				35.18	136.9
P	8N3	339				35.02	135.77
P	8N4	339				33.57	133.53
P	8N5	339				33.57	133.53
P	8N6	339				33.58	130.53
P	8N7	339				40.82	140.73
P	8N8	339				41.77	140.73
P	8N9	339				36.07	136.22
P	8O	402
P	8P	62
P	8Q	159			AS
P	8R	129
P	8S	284
P	8S0	284				59.33	18.17
P	8S1	284				57.5	18.52
P	8S2	284				65.68	18.4
P	8S3	284				62	16.28
P	8S4	284				59.78	14.72
P	8S5	284				59.15	16.47
P	8S6	284				57.97	11.9
P	8S7	284				56.43	14
P	8T	324
P	8U	324
P	8V	324
P	8W	324
P	8X	324
P	8Y	324
P	8Z	378
P	9A	497
P	9B	330
P	9C	330
P	9D	330
P	9E	53
P	9F	53
P	9G	424
P	9H	257
P	9I	482
P	9J	482
P	9K	348
P	9L	458
P	9M	299
P	9M0	247			AS
P	9M6	46				5.25	117
P	9M8	46				2.8	113.88
P	9N	369
P	9O	414
P	9O1	414				-4.33	15.25
P	9O2	414				-5.82	13.05
P	9O3	414				-5.02	18.57
P	9O4	414				0.05	18.47
P	9O5	414				0.05	25.22
P	9O6	414				-2.5	28.82
P	9O7	414				-10.97	26.77
P	9O8	414				-6.17	23.65
P	9O9	414				-8.87	22.42
P	9P	414
P	9P1	414				-4.33	15.25
P	9P2	414				-5.82	13.05
P	9P3	414				-5.02	18.57
P	9P4	414				0.05	18.47
P	9P5	414				0.05	25.22
P	9P6	414				-2.5	28.82
P	9P7	414				-10.97	26.77
P	9P8	414				-6.17	23.65
P	9P9	414				-8.87	22.42
P	9Q	414
P	9Q1	414				-4.33	15.25
P	9Q2	414				-5.82	13.05
P	9Q3	414				-5.02	18.57
P	9Q4	414				0.05	18.47
P	9Q5	414				0.05	25.22
P	9Q6	414				-2.5	28.82
P	9Q7	414				-10.97	26.77
P	9Q8	414				-6.17	23.65
P	9Q9	414				-8.87	22.42
P	9R	414
P	9R1	414				-4.33	15.25
P	9R2	414				-5.82	13.05
P	9R3	414				-5.02	18.57
P	9R4	414				0.05	18.47
P	9R5	414				0.05	25.22
P	9R6	414				-2.5	28.82
P	9R7	414				-10.97	26.77
P	9R8	414				-6.17	23.65
P	9R9	414				-8.87	22.42
P	9S	414
P	9S1	414				-4.33	15.25
P	9S2	414				-5.82	13.05
P	9S3	414				-5.02	18.57
P	9S4	414				0.05	18.47
P	9S5	414				0.05	25.22
P	9S6	414				-2.5	28.82
P	9S7	414				-10.97	26.77
P	9S8	414				-6.17	23.65
P	9S9	414				-8.87	22.42
P	9T	414
P	9T1	414				-4.33	15.25
P	9T2	414				-5.82	13.05
P	9T3	414				-5.02	18.57
P	9T4	414				0.05	18.47
P	9T5	414				0.05	25.22
P	9T6	414				-2.5	28.82
P	9T7	414				-10.97	26.77
P	9T8	414				-6.17	23.65
P	9T9	414				-8.87	22.42
P	9U	404
P	9V	381
P	9W	299
P	9W6	46				5.25	117
P	9W8	46				2.8	113.88
P	9X	454
P	9Y	90
P	9Z	90
P	A2	402
P	A3	160
P	A4	370
P	A5	306
P	A6	391
P	A7	376
P	A8	434
P	A9	304
P	AA	291		8
P	AA0	291	4	7		41.12	-96.57
P	AA1	291		8		42.38	-71.65
P	AA2	291		8		41.15	-74.53
P	AA3	291		8		39.95	-76.85
P	AA4	291		8		33.12	-82.2
P	AA5	291	4	7		31.85	-96.3
P	AA6	291	3			35.48	-119.35
P	AA7	291	3			41.3	-116.6
P	AA8	291	4	8		41.35	-83.23
P	AA9	291	4	8		41.55	-87.97
P	AB	291		8
P	AB0	291	4	7		41.12	-96.57
P	AB1	291		8		42.38	-71.65
P	AB2	291		8		41.15	-74.53
P	AB3	291		8		39.95	-76.85
P	AB4	291		8		33.12	-82.2
P	AB5	291	4	7		31.85	-96.3
P	AB6	291	3			35.48	-119.35
P	AB7	291	3			41.3	-116.6
P	AB8	291	4	8		41.35	-83.23
P	AB9	291	4	8		41.55	-87.97
P	AC	291		8
P	AC0	291	4	7		41.12	-96.57
P	AC1	291		8		42.38	-71.65
P	AC2	291		8		41.15	-74.53
P	AC3	291		8		39.95	-76.85
P	AC4	291		8		33.12	-82.2
P	AC5	291	4	7		31.85	-96.3
P	AC6	291	3			35.48	-119.35
P	AC7	291	3			41.3	-116.6
P	AC8	291	4	8		41.35	-83.23
P	AC9	291	4	8		41.55	-87.97
P	AD	291		8
P	AD0	291	4	7		41.12	-96.57
P	AD1	291		8		42.38	-71.65
P	AD2	291		8		41.15	-74.53
P	AD3	291		8		39.95	-76.85
P	AD4	291		8		33.12	-82.2
P	AD5	291	4	7		31.85	-96.3
P	AD6	291	3			35.48	-119.35
P	AD7	291	3			41.3	-116.6
P	AD8	291	4	8		41.35	-83.23
P	AD9	291	4	8		41.55	-87.97
P	AE	291		8
P	AE0	291	4	7		41.12	-96.57
P	AE1	291		8		42.38	-71.65
P	AE2	291		8		41.15	-74.53
P	AE3	291		8		39.95	-76.85
P	AE4	291		8		33.12	-82.2
P	AE5	291	4	7		31.85	-96.3
P	AE6	291	3			35.48	-119.35
P	AE7	291	3			41.3	-116.6
P	AE8	291	4	8		41.35	-83.23
P	AE9	291	4	8		41.55	-87.97
P	AF	291		8
P	AF0	291	4	7		41.12	-96.57
P	AF1	291		8		42.38	-71.65
P	AF2	291		8		41.15	-74.53
P	AF3	291		8		39.95	-76.85
P	AF4	291		8		33.12	-82.2
P	AF5	291	4	7		31.85	-96.3
P	AF6	291	3			35.48	-119.35
P	AF7	291	3			41.3	-116.6
P	AF8	291	4	8		41.35	-83.23
P	AF9	291	4	8		41.55	-87.97
P	AG	291		8
P	AG0	291	4	7		41.12	-96.57
P	AG1	291		8		42.38	-71.65
P	AG2	291		8		41.15	-74.53
P	AG3	291		8		39.95	-76.85
P	AG4	291		8		33.12	-82.2
P	AG5	291	4	7		31.85	-96.3
P	AG6	291	3			35.48	-119.35
P	AG7	291	3			41.3	-116.6
P	AG8	291	4	8		41.35	-83.23
P	AG9	291	4	8		41.55	-87.97
P	AH0	166
P	AH1	20
P	AH2	103
P	AH3	123
P	AH4	174
P	AH5	197
P	AH6	110
P	AH7	110
P	AH7K	138
P	AH8	9
P	AH9	297
P	AI	291		8
P	AI0	291	4	7		41.12	-96.57
P	AI1	291		8		42.38	-71.65
P	AI2	291		8		41.15	-74.53
P	AI3	291		8		39.95	-76.85
P	AI4	291		8		33.12	-82.2
P	AI5	291	4	7		31.85	-96.3
P	AI6	291	3			35.48	-119.35
P	AI7	291	3			41.3	-116.6
P	AI8	291	4	8		41.35	-83.23
P	AI9	291	4	8		41.55	-87.97
P	AJ	291		8
P	AJ0	291	4	7		41.12	-96.57
P	AJ1	291		8		42.38	-71.65
P	AJ2	291		8		41.15	-74.53
P	AJ3	291		8		39.95	-76.85
P	AJ4	291		8		33.12	-82.2
P	AJ5	291	4	7		31.85	-96.3
P	AJ6	291	3			35.48	-119.35
P	AJ7	291	3			41.3	-116.6
P	AJ8	291	4	8		41.35	-83.23
P	AJ9	291	4	8		41.55	-87.97
P	AK	291		8
P	AK0	291	4	7		41.12	-96.57
P	AK1	291		8		42.38	-71.65
P	AK2	291		8		41.15	-74.53
P	AK3	291		8		39.95	-76.85
P	AK4	291		8		33.12	-82.2
P	AK5	291	4	7		31.85	-96.3
P	AK6	291	3			35.48	-119.35
P	AK7	291	3			41.3	-116.6
P	AK8	291	4	8		41.35	-83.23
P	AK9	291	4	8		41.55	-87.97
P	AL	6
P	AM	281
P	AM1	281				42.57	-6.17
P	AM2	281				42.6	-1.93
P	AM3	281				41.68	1.9
P	AM4	281				40.18	-3.93
P	AM5	281				38.87	-0.97
P	AM6	21
P	AM7	281				37.25	-4.68
P	AM8	29
P	AM9	32
P	AN	281
P	AN1	281				42.57	-6.17
P	AN2	281				42.6	-1.93
P	AN3	281				41.68	1.9
P	AN4	281				40.18	-3.93
P	AN5	281				38.87	-0.97
P	AN6	21
P	AN7	281				37.25	-4.68
P	AN8	29
P	AN9	32
P	AO	281
P	AO1	281				42.57	-6.17
P	AO2	281				42.6	-1.93
P	AO3	281				41.68	1.9
P	AO4	281				40.18	-3.93
P	AO5	281				38.87	-0.97
P	AO6	21
P	AO7	281				37.25	-4.68
P	AO8	29
P	AO9	32
P	AP	372
P	AQ	372
P	AR	372
P	AS	372
P	AT	324
P	AU	324
P	AV	324
P	AW	324
P	AX	150		59
P	AX0	13	39	69	SA	-67.6	62.87
P	AX1	150		59		-35.5	149
P	AX2	150		59		-34	151
P	AX3	150		59		-38	145
P	AX4	150				-27.5	153
P	AX5	150		59		-34.9	138.6
P	AX6	150	29	58		-32	115.9
P	AX7	150		59		-42.9	147.3
P	AX8	150	29			-12.5	130.9
P	AX9	189
P	AX9C	38
P	AX9M	171
P	AX9W	303		55
P	AX9X	35
P	AX9Y	38
P	AX9Z	303		55
P	AY	100
P	AY0A	100				-34.6	-58.38
P	AY0B	100				-34.6	-58.38
P	AY0C	100				-34.6	-58.38
P	AY0D	100				-33.7	-61
P	AY0E	100				-33.7	-61
P	AY0F	100				-33.72	-62.23
P	AY0G	100				-26.95	-58.72
P	AY0H	100				-31.42	-64.18
P	AY0I	100				-26.92	-54.52
P	AY0J	100				-32.05	-60.28
P	AY0K	100				-26.93	-65.33
P	AY0L	100				-28.67	-57.63
P	AY0M	100				-32.88	-68.85
P	AY0N	100				-27.78	-64.27
P	AY0O	100				-24.78	-65.42
P	AY0P	100				-30.87	-68.98
P	AY0Q	100				-33.3	-66.35
P	AY0R	100				-28.43	-65.78
P	AY0S	100				-29.43	-66.85
P	AY0T	100				-23.75	-65.5
P	AY0U	100				-36.62	-64.28
P	AY0V	100		16		-40.8	-63
P	AY0W	100		16		-43.3	-65.1
P	AY0X	100		16		-50.43	-69.25
P	AY0Y	100		16		-38.95	-68.07
P	AY1A	100				-34.6	-58.38
P	AY1B	100				-34.6	-58.38
P	AY1C	100				-34.6	-58.38
P	AY1D	100				-33.7	-61
P	AY1E	100				-33.7	-61
P	AY1F	100				-33.72	-62.23
P	AY1G	100				-26.95	-58.72
P	AY1H	100				-31.42	-64.18
P	AY1I	100				-26.92	-54.52
P	AY1J	100				-32.05	-60.28
P	AY1K	100				-26.93	-65.33
P	AY1L	100				-28.67	-57.63
P	AY1M	100				-32.88	-68.85
P	AY1N	100				-27.78	-64.27
P	AY1O	100				-24.78	-65.42
P	AY1P	100				-30.87	-68.98
P	AY1Q	100				-33.3	-66.35
P	AY1R	100				-28.43	-65.78
P	AY1S	100				-29.43	-66.85
P	AY1T	100				-23.75	-65.5
P	AY1U	100				-36.62	-64.28
P	AY1V	100		16		-40.8	-63
P	AY1W	100		16		-43.3	-65.1
P	AY1X	100		16		-50.43	-69.25
P	AY1Y	100		16		-38.95	-68.07
P	AY1Z	13		73	SA	-64.97	-60.07
P	AY2A	100				-34.6	-58.38
P	AY2B	100				-34.6	-58.38
P	AY2C	100				-34.6	-58.38
P	AY2D	100				-33.7	-61
P	AY2E	100				-33.7	-61
P	AY2F	100				-33.72	-62.23
P	AY2G	100				-26.95	-58.72
P	AY2H	100				-31.42	-64.18
P	AY2I	100				-26.92	-54.52
P	AY2J	100				-32.05	-60.28
P	AY2K	100				-26.93	-65.33
P	AY2L	100				-28.67	-57.63
P	AY2M	100				-32.88	-68.85
P	AY2N	100				-27.78	-64.27
P	AY2O	100				-24.78	-65.42
P	AY2P	100				-30.87	-68.98
P	AY2Q	100				-33.3	-66.35
P	AY2R	100				-28.43	-65.78
P	AY2S	100				-29.43	-66.85
P	AY2T	100				-23.75	-65.5
P	AY2U	100				-36.62	-64.28
P	AY2V	100		16		-40.8	-63
P	AY2W	100		16		-43.3	-65.1
P	AY2X	100		16		-50.43	-69.25
P	AY2Y	100		16		-38.95	-68.07
P	AY2Z	13		73	SA	-64.97	-60.07
P	AY3A	100				-34.6	-58.38
P	AY3B	100				-34.6	-58.38
P	AY3C	100				-34.6	-58.38
P	AY3D	100				-33.7	-61
P	AY3E	100				-33.7	-61
P	AY3F	100				-33.72	-62.23
P	AY3G	100				-26.95	-58.72
P	AY3H	100				-31.42	-64.18
P	AY3I	100				-26.92	-54.52
P	AY3J	100				-32.05	-60.28
P	AY3K	100				-26.93	-65.33
P	AY3L	100				-28.67	-57.63
P	AY3M	100				-32.88	-68.85
P	AY3N	100				-27.78	-64.27
P	AY3O	100				-24.78	-65.42
P	AY3P	100				-30.87	-68.98
P	AY3Q	100				-33.3	-66.35
P	AY3R	100				-28.43	-65.78
P	AY3S	100				-29.43	-66.85
P	AY3T	100				-23.75	-65.5
P	AY3U	100				-36.62	-64.28
P	AY3V	100		16		-40.8	-63
P	AY3W	100		16		-43.3	-65.1
P	AY3X	100		16		-50.43	-69.25
P	AY3Y	100		16		-38.95	-68.07
P	AY3Z	13		73	SA	-64.97	-60.07
P	AY4A	100				-34.6	-58.38
P	AY4B	100				-34.6	-58.38
P	AY4C	100				-34.6	-58.38
P	AY4D	100				-33.7	-61
P	AY4E	100				-33.7	-61
P	AY4F	100				-33.72	-62.23
P	AY4G	100				-26.95	-58.72
P	AY4H	100				-31.42	-64.18
P	AY4I	100				-26.92	-54.52
P	AY4J	100				-32.05	-60.28
P	AY4K	100				-26.93	-65.33
P	AY4L	100				-28.67	-57.63
P	AY4M	100				-32.88	-68.85
P	AY4N	100				-27.78	-64.27
P	AY4O	100				-24.78	-65.42
P	AY4P	100				-30.87	-68.98
P	AY4Q	100				-33.3	-66.35
P	AY4R	100				-28.43	-65.78
P	AY4S	100				-29.43	-66.85
P	AY4T	100				-23.75	-65.5
P	AY4U	100				-36.62	-64.28
P	AY4V	100		16		-40.8	-63
P	AY4W	100		16		-43.3	-65.1
P	AY4X	100		16		-50.43	-69.25
P	AY4Y	100		16		-38.95	-68.07
P	AY4Z	13		73	SA	-64.97	-60.07
P	AY5A	100				-34.6	-58.38
P	AY5B	100				-34.6	-58.38
P	AY5C	100				-34.6	-58.38
P	AY5D	100				-33.7	-61
P	AY5E	100				-33.7	-61
P	AY5F	100				-33.72	-62.23
P	AY5G	100				-26.95	-58.72
P	AY5H	100				-31.42	-64.18
P	AY5I	100				-26.92	-54.52
P	AY5J	100				-32.05	-60.28
P	AY5K	100				-26.93	-65.33
P	AY5L	100				-28.67	-57.63
P	AY5M	100				-32.88	-68.85
P	AY5N	100				-27.78	-64.27
P	AY5O	100				-24.78	-65.42
P	AY5P	100				-30.87	-68.98
P	AY5Q	100				-33.3	-66.35
P	AY5R	100				-28.43	-65.78
P	AY5S	100				-29.43	-66.85
P	AY5T	100				-23.75	-65.5
P	AY5U	100				-36.62	-64.28
P	AY5V	100		16		-40.8	-63
P	AY5W	100		16		-43.3	-65.1
P	AY5X	100		16		-50.43	-69.25
P	AY5Y	100		16		-38.95	-68.07
P	AY5Z	13		73	SA	-64.97	-60.07
P	AY6A	100				-34.6	-58.38
P	AY6B	100				-34.6	-58.38
P	AY6C	100				-34.6	-58.38
P	AY6D	100				-33.7	-61
P	AY6E	100				-33.7	-61
P	AY6F	100				-33.72	-62.23
P	AY6G	100				-26.95	-58.72
P	AY6H	100				-31.42	-64.18
P	AY6I	100				-26.92	-54.52
P	AY6J	100				-32.05	-60.28
P	AY6K	100				-26.93	-65.33
P	AY6L	100				-28.67	-57.63
P	AY6M	100				-32.88	-68.85
P	AY6N	100				-27.78	-64.27
P	AY6O	100				-24.78	-65.42
P	AY6P	100				-30.87	-68.98
P	AY6Q	100				-33.3	-66.35
P	AY6R	100				-28.43	-65.78
P	AY6S	100				-29.43	-66.85
P	AY6T	100				-23.75	-65.5
P	AY6U	100				-36.62	-64.28
P	AY6V	100		16		-40.8	-63
P	AY6W	100		16		-43.3	-65.1
P	AY6X	100		16		-50.43	-69.25
P	AY6Y	100		16		-38.95	-68.07
P	AY6Z	13		73	SA	-64.97	-60.07
P	AY7A	100				-34.6	-58.38
P	AY7B	100				-34.6	-58.38
P	AY7C	100				-34.6	-58.38
P	AY7D	100				-33.7	-61
P	AY7E	100				-33.7	-61
P	AY7F	100				-33.72	-62.23
P	AY7G	100				-26.95	-58.72
P	AY7H	100				-31.42	-64.18
P	AY7I	100				-26.92	-54.52
P	AY7J	100				-32.05	-60.28
P	AY7K	100				-26.93	-65.33
P	AY7L	100				-28.67	-57.63
P	AY7M	100				-32.88	-68.85
P	AY7N	100				-27.78	-64.27
P	AY7O	100				-24.78	-65.42
P	AY7P	100				-30.87	-68.98
P	AY7Q	100				-33.3	-66.35
P	AY7R	100				-28.43	-65.78
P	AY7S	100				-29.43	-66.85
P	AY7T	100				-23.75	-65.5
P	AY7U	100				-36.62	-64.28
P	AY7V	100		16		-40.8	-63
P	AY7W	100		16		-43.3	-65.1
P	AY7X	100		16		-50.43	-69.25
P	AY7Y	100		16		-38.95	-68.07
P	AY7Z	13		73	SA	-64.97	-60.07
P	AY8A	100				-34.6	-58.38
P	AY8B	100				-34.6	-58.38
P	AY8C	100				-34.6	-58.38
P	AY8D	100				-33.7	-61
P	AY8E	100				-33.7	-61
P	AY8F	100				-33.72	-62.23
P	AY8G	100				-26.95	-58.72
P	AY8H	100				-31.42	-64.18
P	AY8I	100				-26.92	-54.52
P	AY8J	100				-32.05	-60.28
P	AY8K	100				-26.93	-65.33
P	AY8L	100				-28.67	-57.63
P	AY8M	100				-32.88	-68.85
P	AY8N	100				-27.78	-64.27
P	AY8O	100				-24.78	-65.42
P	AY8P	100				-30.87	-68.98
P	AY8Q	100				-33.3	-66.35
P	AY8R	100				-28.43	-65.78
P	AY8S	100				-29.43	-66.85
P	AY8T	100				-23.75	-65.5
P	AY8U	100				-36.62	-64.28
P	AY8V	100		16		-40.8	-63
P	AY8W	100		16		-43.3	-65.1
P	AY8X	100		16		-50.43	-69.25
P	AY8Y	100		16		-38.95	-68.07
P	AY8Z	13		73	SA	-64.97	-60.07
P	AY9A	100				-34.6	-58.38
P	AY9B	100				-34.6	-58.38
P	AY9C	100				-34.6	-58.38
P	AY9D	100				-33.7	-61
P	AY9E	100				-33.7	-61
P	AY9F	100				-33.72	-62.23
P	AY9G	100				-26.95	-58.72
P	AY9H	100				-31.42	-64.18
P	AY9I	100				-26.92	-54.52
P	AY9J	100				-32.05	-60.28
P	AY9K	100				-26.93	-65.33
P	AY9L	100				-28.67	-57.63
P	AY9M	100				-32.88	-68.85
P	AY9N	100				-27.78	-64.27
P	AY9O	100				-24.78	-65.42
P	AY9P	100				-30.87	-68.98
P	AY9Q	100				-33.3	-66.35
P	AY9R	100				-28.43	-65.78
P	AY9S	100				-29.43	-66.85
P	AY9T	100				-23.75	-65.5
P	AY9U	100				-36.62	-64.28
P	AY9V	100		16		-40.8	-63
P	AY9W	100		16		-43.3	-65.1
P	AY9X	100		16		-50.43	-69.25
P	AY9Y	100		16		-38.95	-68.07
P	AY9Z	13		73	SA	-64.97	-60.07
P	AZ	100
P	AZ0A	100				-34.6	-58.38
P	AZ0B	100				-34.6	-58.38
P	AZ0C	100				-34.6	-58.38
P	AZ0D	100				-33.7	-61
P	AZ0E	100				-33.7	-61
P	AZ0F	100				-33.72	-62.23
P	AZ0G	100				-26.95	-58.72
P	AZ0H	100				-31.42	-64.18
P	AZ0I	100				-26.92	-54.52
P	AZ0J	100				-32.05	-60.28
P	AZ0K	100				-26.93	-65.33
P	AZ0L	100				-28.67	-57.63
P	AZ0M	100				-32.88	-68.85
P	AZ0N	100				-27.78	-64.27
P	AZ0O	100				-24.78	-65.42
P	AZ0P	100				-30.87	-68.98
P	AZ0Q	100				-33.3	-66.35
P	AZ0R	100				-28.43	-65.78
P	AZ0S	100				-29.43	-66.85
P	AZ0T	100				-23.75	-65.5
P	AZ0U	100				-36.62	-64.28
P	AZ0V	100		16		-40.8	-63
P	AZ0W	100		16		-43.3	-65.1
P	AZ0X	100		16		-50.43	-69.25
P	AZ0Y	100		16		-38.95	-68.07
P	AZ1A	100				-34.6	-58.38
P	AZ1B	100				-34.6	-58.38
P	AZ1C	100				-34.6	-58.38
P	AZ1D	100				-33.7	-61
P	AZ1E	100				-33.7	-61
P	AZ1F	100				-33.72	-62.23
P	AZ1G	100				-26.95	-58.72
P	AZ1H	100				-31.42	-64.18
P	AZ1I	100				-26.92	-54.52
P	AZ1J	100				-32.05	-60.28
P	AZ1K	100				-26.93	-65.33
P	AZ1L	100				-28.67	-57.63
P	AZ1M	100				-32.88	-68.85
P	AZ1N	100				-27.78	-64.27
P	AZ1O	100				-24.78	-65.42
P	AZ1P	100				-30.87	-68.98
P	AZ1Q	100				-33.3	-66.35
P	AZ1R	100				-28.43	-65.78
P	AZ1S	100				-29.43	-66.85
P	AZ1T	100				-23.75	-65.5
P	AZ1U	100				-36.62	-64.28
P	AZ1V	100		16		-40.8	-63
P	AZ1W	100		16		-43.3	-65.1
P	AZ1X	100		16		-50.43	-69.25
P	AZ1Y	100		16		-38.95	-68.07
P	AZ2A	100				-34.6	-58.38
P	AZ2B	100				-34.6	-58.38
P	AZ2C	100				-34.6	-58.38
P	AZ2D	100				-33.7	-61
P	AZ2E	100				-33.7	-61
P	AZ2F	100				-33.72	-62.23
P	AZ2G	100				-26.95	-58.72
P	AZ2H	100				-31.42	-64.18
P	AZ2I	100				-26.92	-54.52
P	AZ2J	100				-32.05	-60.28
P	AZ2K	100				-26.93	-65.33
P	AZ2L	100				-28.67	-57.63
P	AZ2M	100				-32.88	-68.85
P	AZ2N	100				-27.78	-64.27
P	AZ2O	100				-24.78	-65.42
P	AZ2P	100				-30.87	-68.98
P	AZ2Q	100				-33.3	-66.35
P	AZ2R	100				-28.43	-65.78
P	AZ2S	100				-29.43	-66.85
P	AZ2T	100				-23.75	-65.5
P	AZ2U	100				-36.62	-64.28
P	AZ2V	100		16		-40.8	-63
P	AZ2W	100		16		-43.3	-65.1
P	AZ2X	100		16		-50.43	-69.25
P	AZ2Y	100		16		-38.95	-68.07
P	AZ3A	100				-34.6	-58.38
P	AZ3B	100				-34.6	-58.38
P	AZ3C	100				-34.6	-58.38
P	AZ3D	100				-33.7	-61
P	AZ3E	100				-33.7	-61
P	AZ3F	100				-33.72	-62.23
P	AZ3G	100				-26.95	-58.72
P	AZ3H	100				-31.42	-64.18
P	AZ3I	100				-26.92	-54.52
P	AZ3J	100				-32.05	-60.28
P	AZ3K	100				-26.93	-65.33
P	AZ3L	100				-28.67	-57.63
P	AZ3M	100				-32.88	-68.85
P	AZ3N	100				-27.78	-64.27
P	AZ3O	100				-24.78	-65.42
P	AZ3P	100				-30.87	-68.98
P	AZ3Q	100				-33.3	-66.35
P	AZ3R	100				-28.43	-65.78
P	AZ3S	100				-29.43	-66.85
P	AZ3T	100				-23.75	-65.5
P	AZ3U	100				-36.62	-64.28
P	AZ3V	100		16		-40.8	-63
P	AZ3W	100		16		-43.3	-65.1
P	AZ3X	100		16		-50.43	-69.25
P	AZ3Y	100		16		-38.95	-68.07
P	AZ4A	100				-34.6	-58.38
P	AZ4B	100				-34.6	-58.38
P	AZ4C	100				-34.6	-58.38
P	AZ4D	100				-33.7	-61
P	AZ4E	100				-33.7	-61
P	AZ4F	100				-33.72	-62.23
P	AZ4G	100				-26.95	-58.72
P	AZ4H	100				-31.42	-64.18
P	AZ4I	100				-26.92	-54.52
P	AZ4J	100				-32.05	-60.28
P	AZ4K	100				-26.93	-65.33
P	AZ4L	100				-28.67	-57.63
P	AZ4M	100				-32.88	-68.85
P	AZ4N	100				-27.78	-64.27
P	AZ4O	100				-24.78	-65.42
P	AZ4P	100				-30.87	-68.98
P	AZ4Q	100				-33.3	-66.35
P	AZ4R	100				-28.43	-65.78
P	AZ4S	100				-29.43	-66.85
P	AZ4T	100				-23.75	-65.5
P	AZ4U	100				-36.62	-64.28
P	AZ4V	100		16		-40.8	-63
P	AZ4W	100		16		-43.3	-65.1
P	AZ4X	100		16		-50.43	-69.25
P	AZ4Y	100		16		-38.95	-68.07
P	AZ5A	100				-34.6	-58.38
P	AZ5B	100				-34.6	-58.38
P	AZ5C	100				-34.6	-58.38
P	AZ5D	100				-33.7	-61
P	AZ5E	100				-33.7	-61
P	AZ5F	100				-33.72	-62.23
P	AZ5G	100				-26.95	-58.72
P	AZ5H	100				-31.42	-64.18
P	AZ5I	100				-26.92	-54.52
P	AZ5J	100				-32.05	-60.28
P	AZ5K	100				-26.93	-65.33
P	AZ5L	100				-28.67	-57.63
P	AZ5M	100				-32.88	-68.85
P	AZ5N	100				-27.78	-64.27
P	AZ5O	100				-24.78	-65.42
P	AZ5P	100				-30.87	-68.98
P	AZ5Q	100				-33.3	-66.35
P	AZ5R	100				-28.43	-65.78
P	AZ5S	100				-29.43	-66.85
P	AZ5T	100				-23.75	-65.5
P	AZ5U	100				-36.62	-64.28
P	AZ5V	100		16		-40.8	-63
P	AZ5W	100		16		-43.3	-65.1
P	AZ5X	100		16		-50.43	-69.25
P	AZ5Y	100		16		-38.95	-68.07
P	AZ6A	100				-34.6	-58.38
P	AZ6B	100				-34.6	-58.38
P	AZ6C	100				-34.6	-58.38
P	AZ6D	100				-33.7	-61
P	AZ6E	100				-33.7	-61
P	AZ6F	100				-33.72	-62.23
P	AZ6G	100				-26.95	-58.72
P	AZ6H	100				-31.42	-64.18
P	AZ6I	100				-26.92	-54.52
P	AZ6J	100				-32.05	-60.28
P	AZ6K	100				-26.93	-65.33
P	AZ6L	100				-28.67	-57.63
P	AZ6M	100				-32.88	-68.85
P	AZ6N	100				-27.78	-64.27
P	AZ6O	100				-24.78	-65.42
P	AZ6P	100				-30.87	-68.98
P	AZ6Q	100				-33.3	-66.35
P	AZ6R	100				-28.43	-65.78
P	AZ6S	100				-29.43	-66.85
P	AZ6T	100				-23.75	-65.5
P	AZ6U	100				-36.62	-64.28
P	AZ6V	100		16		-40.8	-63
P	AZ6W	100		16		-43.3	-65.1
P	AZ6X	100		16		-50.43	-69.25
P	AZ6Y	100		16		-38.95	-68.07
P	AZ7A	100				-34.6	-58.38
P	AZ7B	100				-34.6	-58.38
P	AZ7C	100				-34.6	-58.38
P	AZ7D	100				-33.7	-61
P	AZ7E	100				-33.7	-61
P	AZ7F	100				-33.72	-62.23
P	AZ7G	100				-26.95	-58.72
P	AZ7H	100				-31.42	-64.18
P	AZ7I	100				-26.92	-54.52
P	AZ7J	100				-32.05	-60.28
P	AZ7K	100				-26.93	-65.33
P	AZ7L	100				-28.67	-57.63
P	AZ7M	100				-32.88	-68.85
P	AZ7N	100				-27.78	-64.27
P	AZ7O	100				-24.78	-65.42
P	AZ7P	100				-30.87	-68.98
P	AZ7Q	100				-33.3	-66.35
P	AZ7R	100				-28.43	-65.78
P	AZ7S	100				-29.43	-66.85
P	AZ7T	100				-23.75	-65.5
P	AZ7U	100				-36.62	-64.28
P	AZ7V	100		16		-40.8	-63
P	AZ7W	100		16		-43.3	-65.1
P	AZ7X	100		16		-50.43	-69.25
P	AZ7Y	100		16		-38.95	-68.07
P	AZ8A	100				-34.6	-58.38
P	AZ8B	100				-34.6	-58.38
P	AZ8C	100				-34.6	-58.38
P	AZ8D	100				-33.7	-61
P	AZ8E	100				-33.7	-61
P	AZ8F	100				-33.72	-62.23
P	AZ8G	100				-26.95	-58.72
P	AZ8H	100				-31.42	-64.18
P	AZ8I	100				-26.92	-54.52
P	AZ8J	100				-32.05	-60.28
P	AZ8K	100				-26.93	-65.33
P	AZ8L	100				-28.67	-57.63
P	AZ8M	100				-32.88	-68.85
P	AZ8N	100				-27.78	-64.27
P	AZ8O	100				-24.78	-65.42
P	AZ8P	100				-30.87	-68.98
P	AZ8Q	100				-33.3	-66.35
P	AZ8R	100				-28.43	-65.78
P	AZ8S	100				-29.43	-66.85
P	AZ8T	100				-23.75	-65.5
P	AZ8U	100				-36.62	-64.28
P	AZ8V	100		16		-40.8	-63
P	AZ8W	100		16		-43.3	-65.1
P	AZ8X	100		16		-50.43	-69.25
P	AZ8Y	100		16		-38.95	-68.07
P	AZ9A	100				-34.6	-58.38
P	AZ9B	100				-34.6	-58.38
P	AZ9C	100				-34.6	-58.38
P	AZ9D	100				-33.7	-61
P	AZ9E	100				-33.7	-61
P	AZ9F	100				-33.72	-62.23
P	AZ9G	100				-26.95	-58.72
P	AZ9H	100				-31.42	-64.18
P	AZ9I	100				-26.92	-54.52
P	AZ9J	100				-32.05	-60.28
P	AZ9K	100				-26.93	-65.33
P	AZ9L	100				-28.67	-57.63
P	AZ9M	100				-32.88	-68.85
P	AZ9N	100				-27.78	-64.27
P	AZ9O	100				-24.78	-65.42
P	AZ9P	100				-30.87	-68.98
P	AZ9Q	100				-33.3	-66.35
P	AZ9R	100				-28.43	-65.78
P	AZ9S	100				-29.43	-66.85
P	AZ9T	100				-23.75	-65.5
P	AZ9U	100				-36.62	-64.28
P	AZ9V	100		16		-40.8	-63
P	AZ9W	100		16		-43.3	-65.1
P	AZ9X	100		16		-50.43	-69.25
P	AZ9Y	100		16		-38.95	-68.07
P	B0A	318	23	42		43.75	87.75
P	B0B	318	23	42		43.75	87.75
P	B0C	318	23	42		43.75	87.75
P	B0D	318	23	42		43.75	87.75
P	B0E	318	23	42		43.75	87.75
P	B0F	318	23	42		43.75	87.75
P	B0G	318	23	42		29.42	90.97
P	B0H	318	23	42		29.42	90.97
P	B0I	318	23	42		29.42	90.97
P	B0J	318	23	42		29.42	90.97
P	B0K	318	23	42		29.42	90.97
P	B0L	318	23	42		29.42	90.97
P	B1	318		44		39.93	116.4
P	B2A	318				45.8	126.67
P	B2B	318				45.8	126.67
P	B2C	318				45.8	126.67
P	B2D	318				45.8	126.67
P	B2E	318				45.8	126.67
P	B2F	318				45.8	126.67
P	B2G	318				45.8	126.67
P	B2H	318				45.8	126.67
P	B2I	318				43.95	125.28
P	B2J	318				43.95	125.28
P	B2K	318				43.95	125.28
P	B2L	318				43.95	125.28
P	B2M	318				43.95	125.28
P	B2N	318				43.95	125.28
P	B2O	318				43.95	125.28
P	B2P	318				43.95	125.28
P	B2Q	318		44		41.8	123.45
P	B2R	318		44		41.8	123.45
P	B2S	318		44		41.8	123.45
P	B2T	318		44		41.8	123.45
P	B2U	318		44		41.8	123.45
P	B2V	318		44		41.8	123.45
P	B2W	318		44		41.8	123.45
P	B2X	318		44		41.8	123.45
P	B3A	318		44		39.13	117.17
P	B3B	318		44		39.13	117.17
P	B3C	318		44		39.13	117.17
P	B3D	318		44		39.13	117.17
P	B3E	318		44		39.13	117.17
P	B3F	318		44		39.13	117.17
P	B3G	318	23			40.87	111.67
P	B3H	318	23			40.87	111.67
P	B3I	318	23			40.87	111.67
P	B3J	318	23			40.87	111.67
P	B3K	318	23			40.87	111.67
P	B3L	318	23			40.87	111.67
P	B3M	318		44		38.03	114.47
P	B3N	318		44		38.03	114.47
P	B3O	318		44		38.03	114.47
P	B3P	318		44		38.03	114.47
P	B3Q	318		44		38.03	114.47
P	B3R	318		44		38.03	114.47
P	B3S	318		44		37.87	112.55
P	B3T	318		44		37.87	112.55
P	B3U	318		44		37.87	112.55
P	B3V	318		44		37.87	112.55
P	B3W	318		44		37.87	112.55
P	B3X	318		44		37.87	112.55
P	B4A	318		44		31.25	121.43
P	B4B	318		44		31.25	121.43
P	B4C	318		44		31.25	121.43
P	B4D	318		44		31.25	121.43
P	B4E	318		44		31.25	121.43
P	B4F	318		44		31.25	121.43
P	B4G	318		44		31.25	121.43
P	B4H	318		44		31.25	121.43
P	B4I	318		44		36.63	117.02
P	B4J	318		44		36.63	117.02
P	B4K	318		44		36.63	117.02
P	B4L	318		44		36.63	117.02
P	B4M	318		44		36.63	117.02
P	B4N	318		44		36.63	117.02
P	B4O	318		44		36.63	117.02
P	B4P	318		44		36.63	117.02
P	B4Q	318		44		32.03	118.78
P	B4R	318		44		32.03	118.78
P	B4S	318		44		32.03	118.78
P	B4T	318		44		32.03	118.78
P	B4U	318		44		32.03	118.78
P	B4V	318		44		32.03	118.78
P	B4W	318		44		32.03	118.78
P	B4X	318		44		32.03	118.78
P	B5A	318		44		30.3	120.18
P	B5B	318		44		30.3	120.18
P	B5C	318		44		30.3	120.18
P	B5D	318		44		30.3	120.18
P	B5E	318		44		30.3	120.18
P	B5F	318		44		30.3	120.18
P	B5G	318		44		30.3	120.18
P	B5H	318		44		30.3	120.18
P	B5I	318		44		30.72	106.03
P	B5J	318		44		30.72	106.03
P	B5K	318		44		30.72	106.03
P	B5L	318		44		30.72	106.03
P	B5M	318		44		30.72	106.03
P	B5N	318		44		30.72	106.03
P	B5O	318		44		30.72	106.03
P	B5P	318		44		30.72	106.03
P	B5Q	318		44		26.08	119.27
P	B5R	318		44		26.08	119.27
P	B5S	318		44		26.08	119.27
P	B5T	318		44		26.08	119.27
P	B5U	318		44		26.08	119.27
P	B5V	318		44		26.08	119.27
P	B5W	318		44		26.08	119.27
P	B5X	318		44		26.08	119.27
P	B6A	318		44		31.87	117.3
P	B6B	318		44		31.87	117.3
P	B6C	318		44		31.87	117.3
P	B6D	318		44		31.87	117.3
P	B6E	318		44		31.87	117.3
P	B6F	318		44		31.87	117.3
P	B6G	318		44		31.87	117.3
P	B6H	318		44		31.87	117.3
P	B6I	318		44		34.75	113.57
P	B6J	318		44		34.75	113.57
P	B6K	318		44		34.75	113.57
P	B6L	318		44		34.75	113.57
P	B6M	318		44		34.75	113.57
P	B6N	318		44		34.75	113.57
P	B6O	318		44		34.75	113.57
P	B6P	318		44		34.75	113.57
P	B6Q	318		43		30.52	114.3
P	B6R	318		43		30.52	114.3
P	B6S	318		43		30.52	114.3
P	B6T	318		43		30.52	114.3
P	B6U	318		43		30.52	114.3
P	B6V	318		43		30.52	114.3
P	B6W	318		43		30.52	114.3
P	B6X	318		43		30.52	114.3
P	B7A	318		43		28.2	113
P	B7B	318		43		28.2	113
P	B7C	318		43		28.2	113
P	B7D	318		43		28.2	113
P	B7E	318		43		28.2	113
P	B7F	318		43		28.2	113
P	B7G	318		43		28.2	113
P	B7H	318		43		28.2	113
P	B7I	318		44		23.08	113.17
P	B7J	318		44		23.08	113.17
P	B7K	318		44		23.08	113.17
P	B7L	318		44		23.08	113.17
P	B7M	318		44		23.08	113.17
P	B7N	318		44		23.08	113.17
P	B7O	318		44		23.08	113.17
P	B7P	318		44		23.08	113.17
P	B7Q	318		43		22.8	108.33
P	B7R	318		43		22.8	108.33
P	B7S	318		43		22.8	108.33
P	B7T	318		43		22.8	108.33
P	B7U	318		43		22.8	108.33
P	B7V	318		43		22.8	108.33
P	B7W	318		43		22.8	108.33
P	B7X	318		43		22.8	108.33
P	B7Y	318		44		20.02	110.27
P	B8A	318		43		30.63	104.03
P	B8B	318		43		30.63	104.03
P	B8C	318		43		30.63	104.03
P	B8D	318		43		30.63	104.03
P	B8E	318		43		30.63	104.03
P	B8F	318		43		30.63	104.03
P	B8G	318		43		29.58	106.42
P	B8H	318		43		29.58	106.42
P	B8I	318		43		29.58	106.42
P	B8J	318		43		29.58	106.42
P	B8K	318		43		29.58	106.42
P	B8L	318		43		29.58	106.42
P	B8M	318		43		26.53	106.67
P	B8N	318		43		26.53	106.67
P	B8O	318		43		26.53	106.67
P	B8P	318		43		26.53	106.67
P	B8Q	318		43		26.53	106.67
P	B8R	318		43		26.53	106.67
P	B8S	318		43		25.02	102.68
P	B8T	318		43		25.02	102.68
P	B8U	318		43		25.02	102.68
P	B8V	318		43		25.02	102.68
P	B8W	318		43		25.02	102.68
P	B8X	318		43		25.02	102.68
P	B9A	318		43		34.25	109
P	B9B	318		43		34.25	109
P	B9C	318		43		34.25	109
P	B9D	318		43		34.25	109
P	B9E	318		43		34.25	109
P	B9F	318		43		34.25	109
P	B9G	318	23	43		36.02	103.87
P	B9H	318	23	43		36.02	103.87
P	B9I	318	23	43		36.02	103.87
P	B9J	318	23	43		36.02	103.87
P	B9K	318	23	43		36.02	103.87
P	B9L	318	23	43		36.02	103.87
P	B9M	318	23	43		38.5	106.25
P	B9N	318	23	43		38.5	106.25
P	B9O	318	23	43		38.5	106.25
P	B9P	318	23	43		38.5	106.25
P	B9Q	318	23	43		38.5	106.25
P	B9R	318	23	43		38.5	106.25
P	B9S	318	23	42		36.57	101.67
P	B9T	318	23	42		36.57	101.67
P	B9U	318	23	42		36.57	101.67
P	B9V	318	23	42		36.57	101.67
P	B9W	318	23	42		36.57	101.67
P	B9X	318	23	42		36.57	101.67
P	BA	318		44
P	BA0A	318	23	42		43.75	87.75
P	BA0B	318	23	42		43.75	87.75
P	BA0C	318	23	42		43.75	87.75
P	BA0D	318	23	42		43.75	87.75
P	BA0E	318	23	42		43.75	87.75
P	BA0F	318	23	42		43.75	87.75
P	BA0G	318	23	42		29.42	90.97
P	BA0H	318	23	42		29.42	90.97
P	BA0I	318	23	42		29.42	90.97
P	BA0J	318	23	42		29.42	90.97
P	BA0K	318	23	42		29.42	90.97
P	BA0L	318	23	42		29.42	90.97
P	BA1	318		44		39.93	116.4
P	BA2A	318				45.8	126.67
P	BA2B	318				45.8	126.67
P	BA2C	318				45.8	126.67
P	BA2D	318				45.8	126.67
P	BA2E	318				45.8	126.67
P	BA2F	318				45.8	126.67
P	BA2G	318				45.8	126.67
P	BA2H	318				45.8	126.67
P	BA2I	318				43.95	125.28
P	BA2J	318				43.95	125.28
P	BA2K	318				43.95	125.28
P	BA2L	318				43.95	125.28
P	BA2M	318				43.95	125.28
P	BA2N	318				43.95	125.28
P	BA2O	318				43.95	125.28
P	BA2P	318				43.95	125.28
P	BA2Q	318		44		41.8	123.45
P	BA2R	318		44		41.8	123.45
P	BA2S	318		44		41.8	123.45
P	BA2T	318		44		41.8	123.45
P	BA2U	318		44		41.8	123.45
P	BA2V	318		44		41.8	123.45
P	BA2W	318		44		41.8	123.45
P	BA2X	318		44		41.8	123.45
P	BA3A	318		44		39.13	117.17
P	BA3B	318		44		39.13	117.17
P	BA3C	318		44		39.13	117.17
P	BA3D	318		44		39.13	117.17
P	BA3E	318		44		39.13	117.17
P	BA3F	318		44		39.13	117.17
P	BA3G	318	23			40.87	111.67
P	BA3H	318	23			40.87	111.67
P	BA3I	318	23			40.87	111.67
P	BA3J	318	23			40.87	111.67
P	BA3K	318	23			40.87	111.67
P	BA3L	318	23			40.87	111.67
P	BA3M	318		44		38.03	114.47
P	BA3N	318		44		38.03	114.47
P	BA3O	318		44		38.03	114.47
P	BA3P	318		44		38.03	114.47
P	BA3Q	318		44		38.03	114.47
P	BA3R	318		44		38.03	114.47
P	BA3S	318		44		37.87	112.55
P	BA3T	318		44		37.87	112.55
P	BA3U	318		44		37.87	112.55
P	BA3V	318		44		37.87	112.55
P	BA3W	318		44		37.87	112.55
P	BA3X	318		44		37.87	112.55
P	BA4A	318		44		31.25	121.43
P	BA4B	318		44		31.25	121.43
P	BA4C	318		44		31.25	121.43
P	BA4D	318		44		31.25	121.43
P	BA4E	318		44		31.25	121.43
P	BA4F	318		44		31.25	121.43
P	BA4G	318		44		31.25	121.43
P	BA4H	318		44		31.25	121.43
P	BA4I	318		44		36.63	117.02
P	BA4J	318		44		36.63	117.02
P	BA4K	318		44		36.63	117.02
P	BA4L	318		44		36.63	117.02
P	BA4M	318		44		36.63	117.02
P	BA4N	318		44		36.63	117.02
P	BA4O	318		44		36.63	117.02
P	BA4P	318		44		36.63	117.02
P	BA4Q	318		44		32.03	118.78
P	BA4R	318		44		32.03	118.78
P	BA4S	318		44		32.03	118.78
P	BA4T	318		44		32.03	118.78
P	BA4U	318		44		32.03	118.78
P	BA4V	318		44		32.03	118.78
P	BA4W	318		44		32.03	118.78
P	BA4X	318		44		32.03	118.78
P	BA5A	318		44		30.3	120.18
P	BA5B	318		44		30.3	120.18
P	BA5C	318		44		30.3	120.18
P	BA5D	318		44		30.3	120.18
P	BA5E	318		44		30.3	120.18
P	BA5F	318		44		30.3	120.18
P	BA5G	318		44		30.3	120.18
P	BA5H	318		44		30.3	120.18
P	BA5I	318		44		30.72	106.03
P	BA5J	318		44		30.72	106.03
P	BA5K	318		44		30.72	106.03
P	BA5L	318		44		30.72	106.03
P	BA5M	318		44		30.72	106.03
P	BA5N	318		44		30.72	106.03
P	BA5O	318		44		30.72	106.03
P	BA5P	318		44		30.72	106.03
P	BA5Q	318		44		26.08	119.27
P	BA5R	318		44		26.08	119.27
P	BA5S	318		44		26.08	119.27
P	BA5T	318		44		26.08	119.27
P	BA5U	318		44		26.08	119.27
P	BA5V	318		44		26.08	119.27
P	BA5W	318		44		26.08	119.27
P	BA5X	318		44		26.08	119.27
P	BA6A	318		44		31.87	117.3
P	BA6B	318		44		31.87	117.3
P	BA6C	318		44		31.87	117.3
P	BA6D	318		44		31.87	117.3
P	BA6E	318		44		31.87	117.3
P	BA6F	318		44		31.87	117.3
P	BA6G	318		44		31.87	117.3
P	BA6H	318		44		31.87	117.3
P	BA6I	318		44		34.75	113.57
P	BA6J	318		44		34.75	113.57
P	BA6K	318		44		34.75	113.57
P	BA6L	318		44		34.75	113.57
P	BA6M	318		44		34.75	113.57
P	BA6N	318		44		34.75	113.57
P	BA6O	318		44		34.75	113.57
P	BA6P	318		44		34.75	113.57
P	BA6Q	318		43		30.52	114.3
P	BA6R	318		43		30.52	114.3
P	BA6S	318		43		30.52	114.3
P	BA6T	318		43		30.52	114.3
P	BA6U	318		43		30.52	114.3
P	BA6V	318		43		30.52	114.3
P	BA6W	318		43		30.52	114.3
P	BA6X	318		43		30.52	114.3
P	BA7A	318		43		28.2	113
P	BA7B	318		43		28.2	113
P	BA7C	318		43		28.2	113
P	BA7D	318		43		28.2	113
P	BA7E	318		43		28.2	113
P	BA7F	318		43		28.2	113
P	BA7G	318		43		28.2	113
P	BA7H	318		43		28.2	113
P	BA7I	318		44		23.08	113.17
P	BA7J	318		44		23.08	113.17
P	BA7K	318		44		23.08	113.17
P	BA7L	318		44		23.08	113.17
P	BA7M	318		44		23.08	113.17
P	BA7N	318		44		23.08	113.17
P	BA7O	318		44		23.08	113.17
P	BA7P	318		44		23.08	113.17
P	BA7Q	318		43		22.8	108.33
P	BA7R	318		43		22.8	108.33
P	BA7S	318		43		22.8	108.33
P	BA7T	318		43		22.8	108.33
P	BA7U	318		43		22.8	108.33
P	BA7V	318		43		22.8	108.33
P	BA7W	318		43		22.8	108.33
P	BA7X	318		43		22.8	108.33
P	BA7Y	318		44		20.02	110.27
P	BA8A	318		43		30.63	104.03
P	BA8B	318		43		30.63	104.03
P	BA8C	318		43		30.63	104.03
P	BA8D	318		43		30.63	104.03
P	BA8E	318		43		30.63	104.03
P	BA8F	318		43		30.63	104.03
P	BA8G	318		43		29.58	106.42
P	BA8H	318		43		29.58	106.42
P	BA8I	318		43		29.58	106.42
P	BA8J	318		43		29.58	106.42
P	BA8K	318		43		29.58	106.42
P	BA8L	318		43		29.58	106.42
P	BA8M	318		43		26.53	106.67
P	BA8N	318		43		26.53	106.67
P	BA8O	318		43		26.53	106.67
P	BA8P	318		43		26.53	106.67
P	BA8Q	318		43		26.53	106.67
P	BA8R	318		43		26.53	106.67
P	BA8S	318		43		25.02	102.68
P	BA8T	318		43		25.02	102.68
P	BA8U	318		43		25.02	102.68
P	BA8V	318		43		25.02	102.68
P	BA8W	318		43		25.02	102.68
P	BA8X	318		43		25.02	102.68
P	BA9A	318		43		34.25	109
P	BA9B	318		43		34.25	109
P	BA9C	318		43		34.25	109
P	BA9D	318		43		34.25	109
P	BA9E	318		43		34.25	109
P	BA9F	318		43		34.25	109
P	BA9G	318	23	43		36.02	103.87
P	BA9H	318	23	43		36.02	103.87
P	BA9I	318	23	43		36.02	103.87
P	BA9J	318	23	43		36.02	103.87
P	BA9K	318	23	43		36.02	103.87
P	BA9L	318	23	43		36.02	103.87
P	BA9M	318	23	43		38.5	106.25
P	BA9N	318	23	43		38.5	106.25
P	BA9O	318	23	43		38.5	106.25
P	BA9P	318	23	43		38.5	106.25
P	BA9Q	318	23	43		38.5	106.25
P	BA9R	318	23	43		38.5	106.25
P	BA9S	318	23	42		36.57	101.67
P	BA9T	318	23	42		36.57	101.67
P	BA9U	318	23	42		36.57	101.67
P	BA9V	318	23	42		36.57	101.67
P	BA9W	318	23	42		36.57	101.67
P	BA9X	318	23	42		36.57	101.67
P	BD	318		44
P	BD0A	318	23	42		43.75	87.75
P	BD0B	318	23	42		43.75	87.75
P	BD0C	318	23	42		43.75	87.75
P	BD0D	318	23	42		43.75	87.75
P	BD0E	318	23	42		43.75	87.75
P	BD0F	318	23	42		43.75	87.75
P	BD0G	318	23	42		29.42	90.97
P	BD0H	318	23	42		29.42	90.97
P	BD0I	318	23	42		29.42	90.97
P	BD0J	318	23	42		29.42	90.97
P	BD0K	318	23	42		29.42	90.97
P	BD0L	318	23	42		29.42	90.97
P	BD1	318		44		39.93	116.4
P	BD2A	318				45.8	126.67
P	BD2B	318				45.8	126.67
P	BD2C	318				45.8	126.67
P	BD2D	318				45.8	126.67
P	BD2E	318				45.8	126.67
P	BD2F	318				45.8	126.67
P	BD2G	318				45.8	126.67
P	BD2H	318				45.8	126.67
P	BD2I	318				43.95	125.28
P	BD2J	318				43.95	125.28
P	BD2K	318				43.95	125.28
P	BD2L	318				43.95	125.28
P	BD2M	318				43.95	125.28
P	BD2N	318				43.95	125.28
P	BD2O	318				43.95	125.28
P	BD2P	318				43.95	125.28
P	BD2Q	318		44		41.8	123.45
P	BD2R	318		44		41.8	123.45
P	BD2S	318		44		41.8	123.45
P	BD2T	318		44		41.8	123.45
P	BD2U	318		44		41.8	123.45
P	BD2V	318		44		41.8	123.45
P	BD2W	318		44		41.8	123.45
P	BD2X	318		44		41.8	123.45
P	BD3A	318		44		39.13	117.17
P	BD3B	318		44		39.13	117.17
P	BD3C	318		44		39.13	117.17
P	BD3D	318		44		39.13	117.17
P	BD3E	318		44		39.13	117.17
P	BD3F	318		44		39.13	117.17
P	BD3G	318	23			40.87	111.67
P	BD3H	318	23			40.87	111.67
P	BD3I	318	23			40.87	111.67
P	BD3J	318	23			40.87	111.67
P	BD3K	318	23			40.87	111.67
P	BD3L	318	23			40.87	111.67
P	BD3M	318		44		38.03	114.47
P	BD3N	318		44		38.03	114.47
P	BD3O	318		44		38.03	114.47
P	BD3P	318		44		38.03	114.47
P	BD3Q	318		44		38.03	114.47
P	BD3R	318		44		38.03	114.47
P	BD3S	318		44		37.87	112.55
P	BD3T	318		44		37.87	112.55
P	BD3U	318		44		37.87	112.55
P	BD3V	318		44		37.87	112.55
P	BD3W	318		44		37.87	112.55
P	BD3X	318		44		37.87	112.55
P	BD4A	318		44		31.25	121.43
P	BD4B	318		44		31.25	121.43
P	BD4C	318		44		31.25	121.43
P	BD4D	318		44		31.25	121.43
P	BD4E	318		44		31.25	121.43
P	BD4F	318		44		31.25	121.43
P	BD4G	318		44		31.25	121.43
P	BD4H	318		44		31.25	121.43
P	BD4I	318		44		36.63	117.02
P	BD4J	318		44		36.63	117.02
P	BD4K	318		44		36.63	117.02
P	BD4L	318		44		36.63	117.02
P	BD4M	318		44		36.63	117.02
P	BD4N	318		44		36.63	117.02
P	BD4O	318		44		36.63	117.02
P	BD4P	318		44		36.63	117.02
P	BD4Q	318		44		32.03	118.78
P	BD4R	318		44		32.03	118.78
P	BD4S	318		44		32.03	118.78
P	BD4T	318		44		32.03	118.78
P	BD4U	318		44		32.03	118.78
P	BD4V	318		44		32.03	118.78
P	BD4W	318		44		32.03	118.78
P	BD4X	318		44		32.03	118.78
P	BD5A	318		44		30.3	120.18
P	BD5B	318		44		30.3	120.18
P	BD5C	318		44		30.3	120.18
P	BD5D	318		44		30.3	120.18
P	BD5E	318		44		30.3	120.18
P	BD5F	318		44		30.3	120.18
P	BD5G	318		44		30.3	120.18
P	BD5H	318		44		30.3	120.18
P	BD5I	318		44		30.72	106.03
P	BD5J	318		44		30.72	106.03
P	BD5K	318		44		30.72	106.03
P	BD5L	318		44		30.72	106.03
P	BD5M	318		44		30.72	106.03
P	BD5N	318		44		30.72	106.03
P	BD5O	318		44		30.72	106.03
P	BD5P	318		44		30.72	106.03
P	BD5Q	318		44		26.08	119.27
P	BD5R	318		44		26.08	119.27
P	BD5S	318		44		26.08	119.27
P	BD5T	318		44		26.08	119.27
P	BD5U	318		44		26.08	119.27
P	BD5V	318		44		26.08	119.27
P	BD5W	318		44		26.08	119.27
P	BD5X	318		44		26.08	119.27
P	BD6A	318		44		31.87	117.3
P	BD6B	318		44		31.87	117.3
P	BD6C	318		44		31.87	117.3
P	BD6D	318		44		31.87	117.3
P	BD6E	318		44		31.87	117.3
P	BD6F	318		44		31.87	117.3
P	BD6G	318		44		31.87	117.3
P	BD6H	318		44		31.87	117.3
P	BD6I	318		44		34.75	113.57
P	BD6J	318		44		34.75	113.57
P	BD6K	318		44		34.75	113.57
P	BD6L	318		44		34.75	113.57
P	BD6M	318		44		34.75	113.57
P	BD6N	318		44		34.75	113.57
P	BD6O	318		44		34.75	113.57
P	BD6P	318		44		34.75	113.57
P	BD6Q	318		43		30.52	114.3
P	BD6R	318		43		30.52	114.3
P	BD6S	318		43		30.52	114.3
P	BD6T	318		43		30.52	114.3
P	BD6U	318		43		30.52	114.3
P	BD6V	318		43		30.52	114.3
P	BD6W	318		43		30.52	114.3
P	BD6X	318		43		30.52	114.3
P	BD7A	318		43		28.2	113
P	BD7B	318		43		28.2	113
P	BD7C	318		43		28.2	113
P	BD7D	318		43		28.2	113
P	BD7E	318		43		28.2	113
P	BD7F	318		43		28.2	113
P	BD7G	318		43		28.2	113
P	BD7H	318		43		28.2	113
P	BD7I	318		44		23.08	113.17
P	BD7J	318		44		23.08	113.17
P	BD7K	318		44		23.08	113.17
P	BD7L	318		44		23.08	113.17
P	BD7M	318		44		23.08	113.17
P	BD7N	318		44		23.08	113.17
P	BD7O	318		44		23.08	113.17
P	BD7P	318		44		23.08	113.17
P	BD7Q	318		43		22.8	108.33
P	BD7R	318		43		22.8	108.33
P	BD7S	318		43		22.8	108.33
P	BD7T	318		43		22.8	108.33
P	BD7U	318		43		22.8	108.33
P	BD7V	318		43		22.8	108.33
P	BD7W	318		43		22.8	108.33
P	BD7X	318		43		22.8	108.33
P	BD7Y	318		44		20.02	110.27
P	BD8A	318		43		30.63	104.03
P	BD8B	318		43		30.63	104.03
P	BD8C	318		43		30.63	104.03
P	BD8D	318		43		30.63	104.03
P	BD8E	318		43		30.63	104.03
P	BD8F	318		43		30.63	104.03
P	BD8G	318		43		29.58	106.42
P	BD8H	318		43		29.58	106.42
P	BD8I	318		43		29.58	106.42
P	BD8J	318		43		29.58	106.42
P	BD8K	318		43		29.58	106.42
P	BD8L	318		43		29.58	106.42
P	BD8M	318		43		26.53	106.67
P	BD8N	318		43		26.53	106.67
P	BD8O	318		43		26.53	106.67
P	BD8P	318		43		26.53	106.67
P	BD8Q	318		43		26.53	106.67
P	BD8R	318		43		26.53	106.67
P	BD8S	318		43		25.02	102.68
P	BD8T	318		43		25.02	102.68
P	BD8U	318		43		25.02	102.68
P	BD8V	318		43		25.02	102.68
P	BD8W	318		43		25.02	102.68
P	BD8X	318		43		25.02	102.68
P	BD9A	318		43		34.25	109
P	BD9B	318		43		34.25	109
P	BD9C	318		43		34.25	109
P	BD9D	318		43		34.25	109
P	BD9E	318		43		34.25	109
P	BD9F	318		43		34.25	109
P	BD9G	318	23	43		36.02	103.87
P	BD9H	318	23	43		36.02	103.87
P	BD9I	318	23	43		36.02	103.87
P	BD9J	318	23	43		36.02	103.87
P	BD9K	318	23	43		36.02	103.87
P	BD9L	318	23	43		36.02	103.87
P	BD9M	318	23	43		38.5	106.25
P	BD9N	318	23	43		38.5	106.25
P	BD9O	318	23	43		38.5	106.25
P	BD9P	318	23	43		38.5	106.25
P	BD9Q	318	23	43		38.5	106.25
P	BD9R	318	23	43		38.5	106.25
P	BD9S	318	23	42		36.57	101.67
P	BD9T	318	23	42		36.57	101.67
P	BD9U	318	23	42		36.57	101.67
P	BD9V	318	23	42		36.57	101.67
P	BD9W	318	23	42		36.57	101.67
P	BD9X	318	23	42		36.57	101.67
P	BG	318		44
P	BG0A	318	23	42		43.75	87.75
P	BG0B	318	23	42		43.75	87.75
P	BG0C	318	23	42		43.75	87.75
P	BG0D	318	23	42		43.75	87.75
P	BG0E	318	23	42		43.75	87.75
P	BG0F	318	23	42		43.75	87.75
P	BG0G	318	23	42		29.42	90.97
P	BG0H	318	23	42		29.42	90.97
P	BG0I	318	23	42		29.42	90.97
P	BG0J	318	23	42		29.42	90.97
P	BG0K	318	23	42		29.42	90.97
P	BG0L	318	23	42		29.42	90.97
P	BG1	318		44		39.93	116.4
P	BG2A	318				45.8	126.67
P	BG2B	318				45.8	126.67
P	BG2C	318				45.8	126.67
P	BG2D	318				45.8	126.67
P	BG2E	318				45.8	126.67
P	BG2F	318				45.8	126.67
P	BG2G	318				45.8	126.67
P	BG2H	318				45.8	126.67
P	BG2I	318				43.95	125.28
P	BG2J	318				43.95	125.28
P	BG2K	318				43.95	125.28
P	BG2L	318				43.95	125.28
P	BG2M	318				43.95	125.28
P	BG2N	318				43.95	125.28
P	BG2O	318				43.95	125.28
P	BG2P	318				43.95	125.28
P	BG2Q	318		44		41.8	123.45
P	BG2R	318		44		41.8	123.45
P	BG2S	318		44		41.8	123.45
P	BG2T	318		44		41.8	123.45
P	BG2U	318		44		41.8	123.45
P	BG2V	318		44		41.8	123.45
P	BG2W	318		44		41.8	123.45
P	BG2X	318		44		41.8	123.45
P	BG3A	318		44		39.13	117.17
P	BG3B	318		44		39.13	117.17
P	BG3C	318		44		39.13	117.17
P	BG3D	318		44		39.13	117.17
P	BG3E	318		44		39.13	117.17
P	BG3F	318		44		39.13	117.17
P	BG3G	318	23			40.87	111.67
P	BG3H	318	23			40.87	111.67
P	BG3I	318	23			40.87	111.67
P	BG3J	318	23			40.87	111.67
P	BG3K	318	23			40.87	111.67
P	BG3L	318	23			40.87	111.67
P	BG3M	318		44		38.03	114.47
P	BG3N	318		44		38.03	114.47
P	BG3O	318		44		38.03	114.47
P	BG3P	318		44		38.03	114.47
P	BG3Q	318		44		38.03	114.47
P	BG3R	318		44		38.03	114.47
P	BG3S	318		44		37.87	112.55
P	BG3T	318		44		37.87	112.55
P	BG3U	318		44		37.87	112.55
P	BG3V	318		44		37.87	112.55
P	BG3W	318		44		37.87	112.55
P	BG3X	318		44		37.87	112.55
P	BG4A	318		44		31.25	121.43
P	BG4B	318		44		31.25	121.43
P	BG4C	318		44		31.25	121.43
P	BG4D	318		44		31.25	121.43
P	BG4E	318		44		31.25	121.43
P	BG4F	318		44		31.25	121.43
P	BG4G	318		44		31.25	121.43
P	BG4H	318		44		31.25	121.43
P	BG4I	318		44		36.63	117.02
P	BG4J	318		44		36.63	117.02
P	BG4K	318		44		36.63	117.02
P	BG4L	318		44		36.63	117.02
P	BG4M	318		44		36.63	117.02
P	BG4N	318		44		36.63	117.02
P	BG4O	318		44		36.63	117.02
P	BG4P	318		44		36.63	117.02
P	BG4Q	318		44		32.03	118.78
P	BG4R	318		44		32.03	118.78
P	BG4S	318		44		32.03	118.78
P	BG4T	318		44		32.03	118.78
P	BG4U	318		44		32.03	118.78
P	BG4V	318		44		32.03	118.78
P	BG4W	318		44		32.03	118.78
P	BG4X	318		44		32.03	118.78
P	BG5A	318		44		30.3	120.18
P	BG5B	318		44		30.3	120.18
P	BG5C	318		44		30.3	120.18
P	BG5D	318		44		30.3	120.18
P	BG5E	318		44		30.3	120.18
P	BG5F	318		44		30.3	120.18
P	BG5G	318		44		30.3	120.18
P	BG5H	318		44		30.3	120.18
P	BG5I	318		44		30.72	106.03
P	BG5J	318		44		30.72	106.03
P	BG5K	318		44		30.72	106.03
P	BG5L	318		44		30.72	106.03
P	BG5M	318		44		30.72	106.03
P	BG5N	318		44		30.72	106.03
P	BG5O	318		44		30.72	106.03
P	BG5P	318		44		30.72	106.03
P	BG5Q	318		44		26.08	119.27
P	BG5R	318		44		26.08	119.27
P	BG5S	318		44		26.08	119.27
P	BG5T	318		44		26.08	119.27
P	BG5U	318		44		26.08	119.27
P	BG5V	318		44		26.08	119.27
P	BG5W	318		44		26.08	119.27
P	BG5X	318		44		26.08	119.27
P	BG6A	318		44		31.87	117.3
P	BG6B	318		44		31.87	117.3
P	BG6C	318		44		31.87	117.3
P	BG6D	318		44		31.87	117.3
P	BG6E	318		44		31.87	117.3
P	BG6F	318		44		31.87	117.3
P	BG6G	318		44		31.87	117.3
P	BG6H	318		44		31.87	117.3
P	BG6I	318		44		34.75	113.57
P	BG6J	318		44		34.75	113.57
P	BG6K	318		44		34.75	113.57
P	BG6L	318		44		34.75	113.57
P	BG6M	318		44		34.75	113.57
P	BG6N	318		44		34.75	113.57
P	BG6O	318		44		34.75	113.57
P	BG6P	318		44		34.75	113.57
P	BG6Q	318		43		30.52	114.3
P	BG6R	318		43		30.52	114.3
P	BG6S	318		43		30.52	114.3
P	BG6T	318		43		30.52	114.3
P	BG6U	318		43		30.52	114.3
P	BG6V	318		43		30.52	114.3
P	BG6W	318		43		30.52	114.3
P	BG6X	318		43		30.52	114.3
P	BG7A	318		43		28.2	113
P	BG7B	318		43		28.2	113
P	BG7C	318		43		28.2	113
P	BG7D	318		43		28.2	113
P	BG7E	318		43		28.2	113
P	BG7F	318		43		28.2	113
P	BG7G	318		43		28.2	113
P	BG7H	318		43		28.2	113
P	BG7I	318		44		23.08	113.17
P	BG7J	318		44		23.08	113.17
P	BG7K	318		44		23.08	113.17
P	BG7L	318		44		23.08	113.17
P	BG7M	318		44		23.08	113.17
P	BG7N	318		44		23.08	113.17
P	BG7O	318		44		23.08	113.17
P	BG7P	318		44		23.08	113.17
P	BG7Q	318		43		22.8	108.33
P	BG7R	318		43		22.8	108.33
P	BG7S	318		43		22.8	108.33
P	BG7T	318		43		22.8	108.33
P	BG7U	318		43		22.8	108.33
P	BG7V	318		43		22.8	108.33
P	BG7W	318		43		22.8	108.33
P	BG7X	318		43		22.8	108.33
P	BG7Y	318		44		20.02	110.27
P	BG8A	318		43		30.63	104.03
P	BG8B	318		43		30.63	104.03
P	BG8C	318		43		30.63	104.03
P	BG8D	318		43		30.63	104.03
P	BG8E	318		43		30.63	104.03
P	BG8F	318		43		30.63	104.03
P	BG8G	318		43		29.58	106.42
P	BG8H	318		43		29.58	106.42
P	BG8I	318		43		29.58	106.42
P	BG8J	318		43		29.58	106.42
P	BG8K	318		43		29.58	106.42
P	BG8L	318		43		29.58	106.42
P	BG8M	318		43		26.53	106.67
P	BG8N	318		43		26.53	106.67
P	BG8O	318		43		26.53	106.67
P	BG8P	318		43		26.53	106.67
P	BG8Q	318		43		26.53	106.67
P	BG8R	318		43		26.53	106.67
P	BG8S	318		43		25.02	102.68
P	BG8T	318		43		25.02	102.68
P	BG8U	318		43		25.02	102.68
P	BG8V	318		43		25.02	102.68
P	BG8W	318		43		25.02	102.68
P	BG8X	318		43		25.02	102.68
P	BG9A	318		43		34.25	109
P	BG9B	318		43		34.25	109
P	BG9C	318		43		34.25	109
P	BG9D	318		43		34.25	109
P	BG9E	318		43		34.25	109
P	BG9F	318		43		34.25	109
P	BG9G	318	23	43		36.02	103.87
P	BG9H	318	23	43		36.02	103.87
P	BG9I	318	23	43		36.02	103.87
P	BG9J	318	23	43		36.02	103.87
P	BG9K	318	23	43		36.02	103.87
P	BG9L	318	23	43		36.02	103.87
P	BG9M	318	23	43		38.5	106.25
P	BG9N	318	23	43		38.5	106.25
P	BG9O	318	23	43		38.5	106.25
P	BG9P	318	23	43		38.5	106.25
P	BG9Q	318	23	43		38.5	106.25
P	BG9R	318	23	43		38.5	106.25
P	BG9S	318	23	42		36.57	101.67
P	BG9T	318	23	42		36.57	101.67
P	BG9U	318	23	42		36.57	101.67
P	BG9V	318	23	42		36.57	101.67
P	BG9W	318	23	42		36.57	101.67
P	BG9X	318	23	42		36.57	101.67
P	BH	318		44
P	BH0A	318	23	42		43.75	87.75
P	BH0B	318	23	42		43.75	87.75
P	BH0C	318	23	42		43.75	87.75
P	BH0D	318	23	42		43.75	87.75
P	BH0E	318	23	42		43.75	87.75
P	BH0F	318	23	42		43.75	87.75
P	BH0G	318	23	42		29.42	90.97
P	BH0H	318	23	42		29.42	90.97
P	BH0I	318	23	42		29.42	90.97
P	BH0J	318	23	42		29.42	90.97
P	BH0K	318	23	42		29.42	90.97
P	BH0L	318	23	42		29.42	90.97
P	BH1	318		44		39.93	116.4
P	BH2A	318				45.8	126.67
P	BH2B	318				45.8	126.67
P	BH2C	318				45.8	126.67
P	BH2D	318				45.8	126.67
P	BH2E	318				45.8	126.67
P	BH2F	318				45.8	126.67
P	BH2G	318				45.8	126.67
P	BH2H	318				45.8	126.67
P	BH2I	318				43.95	125.28
P	BH2J	318				43.95	125.28
P	BH2K	318				43.95	125.28
P	BH2L	318				43.95	125.28
P	BH2M	318				43.95	125.28
P	BH2N	318				43.95	125.28
P	BH2O	318				43.95	125.28
P	BH2P	318				43.95	125.28
P	BH2Q	318		44		41.8	123.45
P	BH2R	318		44		41.8	123.45
P	BH2S	318		44		41.8	123.45
P	BH2T	318		44		41.8	123.45
P	BH2U	318		44		41.8	123.45
P	BH2V	318		44		41.8	123.45
P	BH2W	318		44		41.8	123.45
P	BH2X	318		44		41.8	123.45
P	BH3A	318		44		39.13	117.17
P	BH3B	318		44		39.13	117.17
P	BH3C	318		44		39.13	117.17
P	BH3D	318		44		39.13	117.17
P	BH3E	318		44		39.13	117.17
P	BH3F	318		44		39.13	117.17
P	BH3G	318	23			40.87	111.67
P	BH3H	318	23			40.87	111.67
P	BH3I	318	23			40.87	111.67
P	BH3J	318	23			40.87	111.67
P	BH3K	318	23			40.87	111.67
P	BH3L	318	23			40.87	111.67
P	BH3M	318		44		38.03	114.47
P	BH3N	318		44		38.03	114.47
P	BH3O	318		44		38.03	114.47
P	BH3P	318		44		38.03	114.47
P	BH3Q	318		44		38.03	114.47
P	BH3R	318		44		38.03	114.47
P	BH3S	318		44		37.87	112.55
P	BH3T	318		44		37.87	112.55
P	BH3U	318		44		37.87	112.55
P	BH3V	318		44		37.87	112.55
P	BH3W	318		44		37.87	112.55
P	BH3X	318		44		37.87	112.55
P	BH4A	318		44		31.25	121.43
P	BH4B	318		44		31.25	121.43
P	BH4C	318		44		31.25	121.43
P	BH4D	318		44		31.25	121.43
P	BH4E	318		44		31.25	121.43
P	BH4F	318		44		31.25	121.43
P	BH4G	318		44		31.25	121.43
P	BH4H	318		44		31.25	121.43
P	BH4I	318		44		36.63	117.02
P	BH4J	318		44		36.63	117.02
P	BH4K	318		44		36.63	117.02
P	BH4L	318		44		36.63	117.02
P	BH4M	318		44		36.63	117.02
P	BH4N	318		44		36.63	117.02
P	BH4O	318		44		36.63	117.02
P	BH4P	318		44		36.63	117.02
P	BH4Q	318		44		32.03	118.78
P	BH4R	318		44		32.03	118.78
P	BH4S	318		44		32.03	118.78
P	BH4T	318		44		32.03	118.78
P	BH4U	318		44		32.03	118.78
P	BH4V	318		44		32.03	118.78
P	BH4W	318		44		32.03	118.78
P	BH4X	318		44		32.03	118.78
P	BH5A	318		44		30.3	120.18
P	BH5B	318		44		30.3	120.18
P	BH5C	318		44		30.3	120.18
P	BH5D	318		44		30.3	120.18
P	BH5E	318		44		30.3	120.18
P	BH5F	318		44		30.3	120.18
P	BH5G	318		44		30.3	120.18
P	BH5H	318		44		30.3	120.18
P	BH5I	318		44		30.72	106.03
P	BH5J	318		44		30.72	106.03
P	BH5K	318		44		30.72	106.03
P	BH5L	318		44		30.72	106.03
P	BH5M	318		44		30.72	106.03
P	BH5N	318		44		30.72	106.03
P	BH5O	318		44		30.72	106.03
P	BH5P	318		44		30.72	106.03
P	BH5Q	318		44		26.08	119.27
P	BH5R	318		44		26.08	119.27
P	BH5S	318		44		26.08	119.27
P	BH5T	318		44		26.08	119.27
P	BH5U	318		44		26.08	119.27
P	BH5V	318		44		26.08	119.27
P	BH5W	318		44		26.08	119.27
P	BH5X	318		44		26.08	119.27
P	BH6A	318		44		31.87	117.3
P	BH6B	318		44		31.87	117.3
P	BH6C	318		44		31.87	117.3
P	BH6D	318		44		31.87	117.3
P	BH6E	318		44		31.87	117.3
P	BH6F	318		44		31.87	117.3
P	BH6G	318		44		31.87	117.3
P	BH6H	318		44		31.87	117.3
P	BH6I	318		44		34.75	113.57
P	BH6J	318		44		34.75	113.57
P	BH6K	318		44		34.75	113.57
P	BH6L	318		44		34.75	113.57
P	BH6M	318		44		34.75	113.57
P	BH6N	318		44		34.75	113.57
P	BH6O	318		44		34.75	113.57
P	BH6P	318		44		34.75	113.57
P	BH6Q	318		43		30.52	114.3
P	BH6R	318		43		30.52	114.3
P	BH6S	318		43		30.52	114.3
P	BH6T	318		43		30.52	114.3
P	BH6U	318		43		30.52	114.3
P	BH6V	318		43		30.52	114.3
P	BH6W	318		43		30.52	114.3
P	BH6X	318		43		30.52	114.3
P	BH7A	318		43		28.2	113
P	BH7B	318		43		28.2	113
P	BH7C	318		43		28.2	113
P	BH7D	318		43		28.2	113
P	BH7E	318		43		28.2	113
P	BH7F	318		43		28.2	113
P	BH7G	318		43		28.2	113
P	BH7H	318		43		28.2	113
P	BH7I	318		44		23.08	113.17
P	BH7J	318		44		23.08	113.17
P	BH7K	318		44		23.08	113.17
P	BH7L	318		44		23.08	113.17
P	BH7M	318		44		23.08	113.17
P	BH7N	318		44		23.08	113.17
P	BH7O	318		44		23.08	113.17
P	BH7P	318		44		23.08	113.17
P	BH7Q	318		43		22.8	108.33
P	BH7R	318		43		22.8	108.33
P	BH7S	318		43		22.8	108.33
P	BH7T	318		43		22.8	108.33
P	BH7U	318		43		22.8	108.33
P	BH7V	318		43		22.8	108.33
P	BH7W	318		43		22.8	108.33
P	BH7X	318		43		22.8	108.33
P	BH7Y	318		44		20.02	110.27
P	BH8A	318		43		30.63	104.03
P	BH8B	318		43		30.63	104.03
P	BH8C	318		43		30.63	104.03
P	BH8D	318		43		30.63	104.03
P	BH8E	318		43		30.63	104.03
P	BH8F	318		43		30.63	104.03
P	BH8G	318		43		29.58	106.42
P	BH8H	318		43		29.58	106.42
P	BH8I	318		43		29.58	106.42
P	BH8J	318		43		29.58	106.42
P	BH8K	318		43		29.58	106.42
P	BH8L	318		43		29.58	106.42
P	BH8M	318		43		26.53	106.67
P	BH8N	318		43		26.53	106.67
P	BH8O	318		43		26.53	106.67
P	BH8P	318		43		26.53	106.67
P	BH8Q	318		43		26.53	106.67
P	BH8R	318		43		26.53	106.67
P	BH8S	318		43		25.02	102.68
P	BH8T	318		43		25.02	102.68
P	BH8U	318		43		25.02	102.68
P	BH8V	318		43		25.02	102.68
P	BH8W	318		43		25.02	102.68
P	BH8X	318		43		25.02	102.68
P	BH9A	318		43		34.25	109
P	BH9B	318		43		34.25	109
P	BH9C	318		43		34.25	109
P	BH9D	318		43		34.25	109
P	BH9E	318		43		34.25	109
P	BH9F	318		43		34.25	109
P	BH9G	318	23	43		36.02	103.87
P	BH9H	318	23	43		36.02	103.87
P	BH9I	318	23	43		36.02	103.87
P	BH9J	318	23	43		36.02	103.87
P	BH9K	318	23	43		36.02	103.87
P	BH9L	318	23	43		36.02	103.87
P	BH9M	318	23	43		38.5	106.25
P	BH9N	318	23	43		38.5	106.25
P	BH9O	318	23	43		38.5	106.25
P	BH9P	318	23	43		38.5	106.25
P	BH9Q	318	23	43		38.5	106.25
P	BH9R	318	23	43		38.5	106.25
P	BH9S	318	23	42		36.57	101.67
P	BH9T	318	23	42		36.57	101.67
P	BH9U	318	23	42		36.57	101.67
P	BH9V	318	23	42		36.57	101.67
P	BH9W	318	23	42		36.57	101.67
P	BH9X	318	23	42		36.57	101.67
P	BI	318		44
P	BI0A	318	23	42		43.75	87.75
P	BI0B	318	23	42		43.75	87.75
P	BI0C	318	23	42		43.75	87.75
P	BI0D	318	23	42		43.75	87.75
P	BI0E	318	23	42		43.75	87.75
P	BI0F	318	23	42		43.75	87.75
P	BI0G	318	23	42		29.42	90.97
P	BI0H	318	23	42		29.42	90.97
P	BI0I	318	23	42		29.42	90.97
P	BI0J	318	23	42		29.42	90.97
P	BI0K	318	23	42		29.42	90.97
P	BI0L	318	23	42		29.42	90.97
P	BI1	318		44		39.93	116.4
P	BI2A	318				45.8	126.67
P	BI2B	318				45.8	126.67
P	BI2C	318				45.8	126.67
P	BI2D	318				45.8	126.67
P	BI2E	318				45.8	126.67
P	BI2F	318				45.8	126.67
P	BI2G	318				45.8	126.67
P	BI2H	318				45.8	126.67
P	BI2I	318				43.95	125.28
P	BI2J	318				43.95	125.28
P	BI2K	318				43.95	125.28
P	BI2L	318				43.95	125.28
P	BI2M	318				43.95	125.28
P	BI2N	318				43.95	125.28
P	BI2O	318				43.95	125.28
P	BI2P	318				43.95	125.28
P	BI2Q	318		44		41.8	123.45
P	BI2R	318		44		41.8	123.45
P	BI2S	318		44		41.8	123.45
P	BI2T	318		44		41.8	123.45
P	BI2U	318		44		41.8	123.45
P	BI2V	318		44		41.8	123.45
P	BI2W	318		44		41.8	123.45
P	BI2X	318		44		41.8	123.45
P	BI3A	318		44		39.13	117.17
P	BI3B	318		44		39.13	117.17
P	BI3C	318		44		39.13	117.17
P	BI3D	318		44		39.13	117.17
P	BI3E	318		44		39.13	117.17
P	BI3F	318		44		39.13	117.17
P	BI3G	318	23			40.87	111.67
P	BI3H	318	23			40.87	111.67
P	BI3I	318	23			40.87	111.67
P	BI3J	318	23			40.87	111.67
P	BI3K	318	23			40.87	111.67
P	BI3L	318	23			40.87	111.67
P	BI3M	318		44		38.03	114.47
P	BI3N	318		44		38.03	114.47
P	BI3O	318		44		38.03	114.47
P	BI3P	318		44		38.03	114.47
P	BI3Q	318		44		38.03	114.47
P	BI3R	318		44		38.03	114.47
P	BI3S	318		44		37.87	112.55
P	BI3T	318		44		37.87	112.55
P	BI3U	318		44		37.87	112.55
P	BI3V	318		44		37.87	112.55
P	BI3W	318		44		37.87	112.55
P	BI3X	318		44		37.87	112.55
P	BI4A	318		44		31.25	121.43
P	BI4B	318		44		31.25	121.43
P	BI4C	318		44		31.25	121.43
P	BI4D	318		44		31.25	121.43
P	BI4E	318		44		31.25	121.43
P	BI4F	318		44		31.25	121.43
P	BI4G	318		44		31.25	121.43
P	BI4H	318		44		31.25	121.43
P	BI4I	318		44		36.63	117.02
P	BI4J	318		44		36.63	117.02
P	BI4K	318		44		36.63	117.02
P	BI4L	318		44		36.63	117.02
P	BI4M	318		44		36.63	117.02
P	BI4N	318		44		36.63	117.02
P	BI4O	318		44		36.63	117.02
P	BI4P	318		44		36.63	117.02
P	BI4Q	318		44		32.03	118.78
P	BI4R	318		44		32.03	118.78
P	BI4S	318		44		32.03	118.78
P	BI4T	318		44		32.03	118.78
P	BI4U	318		44		32.03	118.78
P	BI4V	318		44		32.03	118.78
P	BI4W	318		44		32.03	118.78
P	BI4X	318		44		32.03	118.78
P	BI5A	318		44		30.3	120.18
P	BI5B	318		44		30.3	120.18
P	BI5C	318		44		30.3	120.18
P	BI5D	318		44		30.3	120.18
P	BI5E	318		44		30.3	120.18
P	BI5F	318		44		30.3	120.18
P	BI5G	318		44		30.3	120.18
P	BI5H	318		44		30.3	120.18
P	BI5I	318		44		30.72	106.03
P	BI5J	318		44		30.72	106.03
P	BI5K	318		44		30.72	106.03
P	BI5L	318		44		30.72	106.03
P	BI5M	318		44		30.72	106.03
P	BI5N	318		44		30.72	106.03
P	BI5O	318		44		30.72	106.03
P	BI5P	318		44		30.72	106.03
P	BI5Q	318		44		26.08	119.27
P	BI5R	318		44		26.08	119.27
P	BI5S	318		44		26.08	119.27
P	BI5T	318		44		26.08	119.27
P	BI5U	318		44		26.08	119.27
P	BI5V	318		44		26.08	119.27
P	BI5W	318		44		26.08	119.27
P	BI5X	318		44		26.08	119.27
P	BI6A	318		44		31.87	117.3
P	BI6B	318		44		31.87	117.3
P	BI6C	318		44		31.87	117.3
P	BI6D	318		44		31.87	117.3
P	BI6E	318		44		31.87	117.3
P	BI6F	318		44		31.87	117.3
P	BI6G	318		44		31.87	117.3
P	BI6H	318		44		31.87	117.3
P	BI6I	318		44		34.75	113.57
P	BI6J	318		44		34.75	113.57
P	BI6K	318		44		34.75	113.57
P	BI6L	318		44		34.75	113.57
P	BI6M	318		44		34.75	113.57
P	BI6N	318		44		34.75	113.57
P	BI6O	318		44		34.75	113.57
P	BI6P	318		44		34.75	113.57
P	BI6Q	318		43		30.52	114.3
P	BI6R	318		43		30.52	114.3
P	BI6S	318		43		30.52	114.3
P	BI6T	318		43		30.52	114.3
P	BI6U	318		43		30.52	114.3
P	BI6V	318		43		30.52	114.3
P	BI6W	318		43		30.52	114.3
P	BI6X	318		43		30.52	114.3
P	BI7A	318		43		28.2	113
P	BI7B	318		43		28.2	113
P	BI7C	318		43		28.2	113
P	BI7D	318		43		28.2	113
P	BI7E	318		43		28.2	113
P	BI7F	318		43		28.2	113
P	BI7G	318		43		28.2	113
P	BI7H	318		43		28.2	113
P	BI7I	318		44		23.08	113.17
P	BI7J	318		44		23.08	113.17
P	BI7K	318		44		23.08	113.17
P	BI7L	318		44		23.08	113.17
P	BI7M	318		44		23.08	113.17
P	BI7N	318		44		23.08	113.17
P	BI7O	318		44		23.08	113.17
P	BI7P	318		44		23.08	113.17
P	BI7Q	318		43		22.8	108.33
P	BI7R	318		43		22.8	108.33
P	BI7S	318		43		22.8	108.33
P	BI7T	318		43		22.8	108.33
P	BI7U	318		43		22.8	108.33
P	BI7V	318		43		22.8	108.33
P	BI7W	318		43		22.8	108.33
P	BI7X	318		43		22.8	108.33
P	BI7Y	318		44		20.02	110.27
P	BI8A	318		43		30.63	104.03
P	BI8B	318		43		30.63	104.03
P	BI8C	318		43		30.63	104.03
P	BI8D	318		43		30.63	104.03
P	BI8E	318		43		30.63	104.03
P	BI8F	318		43		30.63	104.03
P	BI8G	318		43		29.58	106.42
P	BI8H	318		43		29.58	106.42
P	BI8I	318		43		29.58	106.42
P	BI8J	318		43		29.58	106.42
P	BI8K	318		43		29.58	106.42
P	BI8L	318		43		29.58	106.42
P	BI8M	318		43		26.53	106.67
P	BI8N	318		43		26.53	106.67
P	BI8O	318		43		26.53	106.67
P	BI8P	318		43		26.53	106.67
P	BI8Q	318		43		26.53	106.67
P	BI8R	318		43		26.53	106.67
P	BI8S	318		43		25.02	102.68
P	BI8T	318		43		25.02	102.68
P	BI8U	318		43		25.02	102.68
P	BI8V	318		43		25.02	102.68
P	BI8W	318		43		25.02	102.68
P	BI8X	318		43		25.02	102.68
P	BI9A	318		43		34.25	109
P	BI9B	318		43		34.25	109
P	BI9C	318		43		34.25	109
P	BI9D	318		43		34.25	109
P	BI9E	318		43		34.25	109
P	BI9F	318		43		34.25	109
P	BI9G	318	23	43		36.02	103.87
P	BI9H	318	23	43		36.02	103.87
P	BI9I	318	23	43		36.02	103.87
P	BI9J	318	23	43		36.02	103.87
P	BI9K	318	23	43		36.02	103.87
P	BI9L	318	23	43		36.02	103.87
P	BI9M	318	23	43		38.5	106.25
P	BI9N	318	23	43		38.5	106.25
P	BI9O	318	23	43		38.5	106.25
P	BI9P	318	23	43		38.5	106.25
P	BI9Q	318	23	43		38.5	106.25
P	BI9R	318	23	43		38.5	106.25
P	BI9S	318	23	42		36.57	101.67
P	BI9T	318	23	42		36.57	101.67
P	BI9U	318	23	42		36.57	101.67
P	BI9V	318	23	42		36.57	101.67
P	BI9W	318	23	42		36.57	101.67
P	BI9X	318	23	42		36.57	101.67
P	BJ	318		44
P	BJ0A	318	23	42		43.75	87.75
P	BJ0B	318	23	42		43.75	87.75
P	BJ0C	318	23	42		43.75	87.75
P	BJ0D	318	23	42		43.75	87.75
P	BJ0E	318	23	42		43.75	87.75
P	BJ0F	318	23	42		43.75	87.75
P	BJ0G	318	23	42		29.42	90.97
P	BJ0H	318	23	42		29.42	90.97
P	BJ0I	318	23	42		29.42	90.97
P	BJ0J	318	23	42		29.42	90.97
P	BJ0K	318	23	42		29.42	90.97
P	BJ0L	318	23	42		29.42	90.97
P	BJ1	318		44		39.93	116.4
P	BJ2A	318				45.8	126.67
P	BJ2B	318				45.8	126.67
P	BJ2C	318				45.8	126.67
P	BJ2D	318				45.8	126.67
P	BJ2E	318				45.8	126.67
P	BJ2F	318				45.8	126.67
P	BJ2G	318				45.8	126.67
P	BJ2H	318				45.8	126.67
P	BJ2I	318				43.95	125.28
P	BJ2J	318				43.95	125.28
P	BJ2K	318				43.95	125.28
P	BJ2L	318				43.95	125.28
P	BJ2M	318				43.95	125.28
P	BJ2N	318				43.95	125.28
P	BJ2O	318				43.95	125.28
P	BJ2P	318				43.95	125.28
P	BJ2Q	318		44		41.8	123.45
P	BJ2R	318		44		41.8	123.45
P	BJ2S	318		44		41.8	123.45
P	BJ2T	318		44		41.8	123.45
P	BJ2U	318		44		41.8	123.45
P	BJ2V	318		44		41.8	123.45
P	BJ2W	318		44		41.8	123.45
P	BJ2X	318		44		41.8	123.45
P	BJ3A	318		44		39.13	117.17
P	BJ3B	318		44		39.13	117.17
P	BJ3C	318		44		39.13	117.17
P	BJ3D	318		44		39.13	117.17
P	BJ3E	318		44		39.13	117.17
P	BJ3F	318		44		39.13	117.17
P	BJ3G	318	23			40.87	111.67
P	BJ3H	318	23			40.87	111.67
P	BJ3I	318	23			40.87	111.67
P	BJ3J	318	23			40.87	111.67
P	BJ3K	318	23			40.87	111.67
P	BJ3L	318	23			40.87	111.67
P	BJ3M	318		44		38.03	114.47
P	BJ3N	318		44		38.03	114.47
P	BJ3O	318		44		38.03	114.47
P	BJ3P	318		44		38.03	114.47
P	BJ3Q	318		44		38.03	114.47
P	BJ3R	318		44		38.03	114.47
P	BJ3S	318		44		37.87	112.55
P	BJ3T	318		44		37.87	112.55
P	BJ3U	318		44		37.87	112.55
P	BJ3V	318		44		37.87	112.55
P	BJ3W	318		44		37.87	112.55
P	BJ3X	318		44		37.87	112.55
P	BJ4A	318		44		31.25	121.43
P	BJ4B	318		44		31.25	121.43
P	BJ4C	318		44		31.25	121.43
P	BJ4D	318		44		31.25	121.43
P	BJ4E	318		44		31.25	121.43
P	BJ4F	318		44		31.25	121.43
P	BJ4G	318		44		31.25	121.43
P	BJ4H	318		44		31.25	121.43
P	BJ4I	318		44		36.63	117.02
P	BJ4J	318		44		36.63	117.02
P	BJ4K	318		44		36.63	117.02
P	BJ4L	318		44		36.63	117.02
P	BJ4M	318		44		36.63	117.02
P	BJ4N	318		44		36.63	117.02
P	BJ4O	318		44		36.63	117.02
P	BJ4P	318		44		36.63	117.02
P	BJ4Q	318		44		32.03	118.78
P	BJ4R	318		44		32.03	118.78
P	BJ4S	318		44		32.03	118.78
P	BJ4T	318		44		32.03	118.78
P	BJ4U	318		44		32.03	118.78
P	BJ4V	318		44		32.03	118.78
P	BJ4W	318		44		32.03	118.78
P	BJ4X	318		44		32.03	118.78
P	BJ5A	318		44		30.3	120.18
P	BJ5B	318		44		30.3	120.18
P	BJ5C	318		44		30.3	120.18
P	BJ5D	318		44		30.3	120.18
P	BJ5E	318		44		30.3	120.18
P	BJ5F	318		44		30.3	120.18
P	BJ5G	318		44		30.3	120.18
P	BJ5H	318		44		30.3	120.18
P	BJ5I	318		44		30.72	106.03
P	BJ5J	318		44		30.72	106.03
P	BJ5K	318		44		30.72	106.03
P	BJ5L	318		44		30.72	106.03
P	BJ5M	318		44		30.72	106.03
P	BJ5N	318		44		30.72	106.03
P	BJ5O	318		44		30.72	106.03
P	BJ5P	318		44		30.72	106.03
P	BJ5Q	318		44		26.08	119.27
P	BJ5R	318		44		26.08	119.27
P	BJ5S	318		44		26.08	119.27
P	BJ5T	318		44		26.08	119.27
P	BJ5U	318		44		26.08	119.27
P	BJ5V	318		44		26.08	119.27
P	BJ5W	318		44		26.08	119.27
P	BJ5X	318		44		26.08	119.27
P	BJ6A	318		44		31.87	117.3
P	BJ6B	318		44		31.87	117.3
P	BJ6C	318		44		31.87	117.3
P	BJ6D	318		44		31.87	117.3
P	BJ6E	318		44		31.87	117.3
P	BJ6F	318		44		31.87	117.3
P	BJ6G	318		44		31.87	117.3
P	BJ6H	318		44		31.87	117.3
P	BJ6I	318		44		34.75	113.57
P	BJ6J	318		44		34.75	113.57
P	BJ6K	318		44		34.75	113.57
P	BJ6L	318		44		34.75	113.57
P	BJ6M	318		44		34.75	113.57
P	BJ6N	318		44		34.75	113.57
P	BJ6O	318		44		34.75	113.57
P	BJ6P	318		44		34.75	113.57
P	BJ6Q	318		43		30.52	114.3
P	BJ6R	318		43		30.52	114.3
P	BJ6S	318		43		30.52	114.3
P	BJ6T	318		43		30.52	114.3
P	BJ6U	318		43		30.52	114.3
P	BJ6V	318		43		30.52	114.3
P	BJ6W	318		43		30.52	114.3
P	BJ6X	318		43		30.52	114.3
P	BJ7A	318		43		28.2	113
P	BJ7B	318		43		28.2	113
P	BJ7C	318		43		28.2	113
P	BJ7D	318		43		28.2	113
P	BJ7E	318		43		28.2	113
P	BJ7F	318		43		28.2	113
P	BJ7G	318		43		28.2	113
P	BJ7H	318		43		28.2	113
P	BJ7I	318		44		23.08	113.17
P	BJ7J	318		44		23.08	113.17
P	BJ7K	318		44		23.08	113.17
P	BJ7L	318		44		23.08	113.17
P	BJ7M	318		44		23.08	113.17
P	BJ7N	318		44		23.08	113.17
P	BJ7O	318		44		23.08	113.17
P	BJ7P	318		44		23.08	113.17
P	BJ7Q	318		43		22.8	108.33
P	BJ7R	318		43		22.8	108.33
P	BJ7S	318		43		22.8	108.33
P	BJ7T	318		43		22.8	108.33
P	BJ7U	318		43		22.8	108.33
P	BJ7V	318		43		22.8	108.33
P	BJ7W	318		43		22.8	108.33
P	BJ7X	318		43		22.8	108.33
P	BJ7Y	318		44		20.02	110.27
P	BJ8A	318		43		30.63	104.03
P	BJ8B	318		43		30.63	104.03
P	BJ8C	318		43		30.63	104.03
P	BJ8D	318		43		30.63	104.03
P	BJ8E	318		43		30.63	104.03
P	BJ8F	318		43		30.63	104.03
P	BJ8G	318		43		29.58	106.42
P	BJ8H	318		43		29.58	106.42
P	BJ8I	318		43		29.58	106.42
P	BJ8J	318		43		29.58	106.42
P	BJ8K	318		43		29.58	106.42
P	BJ8L	318		43		29.58	106.42
P	BJ8M	318		43		26.53	106.67
P	BJ8N	318		43		26.53	106.67
P	BJ8O	318		43		26.53	106.67
P	BJ8P	318		43		26.53	106.67
P	BJ8Q	318		43		26.53	106.67
P	BJ8R	318		43		26.53	106.67
P	BJ8S	318		43		25.02	102.68
P	BJ8T	318		43		25.02	102.68
P	BJ8U	318		43		25.02	102.68
P	BJ8V	318		43		25.02	102.68
P	BJ8W	318		43		25.02	102.68
P	BJ8X	318		43		25.02	102.68
P	BJ9A	318		43		34.25	109
P	BJ9B	318		43		34.25	109
P	BJ9C	318		43		34.25	109
P	BJ9D	318		43		34.25	109
P	BJ9E	318		43		34.25	109
P	BJ9F	318		43		34.25	109
P	BJ9G	318	23	43		36.02	103.87
P	BJ9H	318	23	43		36.02	103.87
P	BJ9I	318	23	43		36.02	103.87
P	BJ9J	318	23	43		36.02	103.87
P	BJ9K	318	23	43		36.02	103.87
P	BJ9L	318	23	43		36.02	103.87
P	BJ9M	318	23	43		38.5	106.25
P	BJ9N	318	23	43		38.5	106.25
P	BJ9O	318	23	43		38.5	106.25
P	BJ9P	318	23	43		38.5	106.25
P	BJ9Q	318	23	43		38.5	106.25
P	BJ9R	318	23	43		38.5	106.25
P	BJ9S	318	23	42		36.57	101.67
P	BJ9T	318	23	42		36.57	101.67
P	BJ9U	318	23	42		36.57	101.67
P	BJ9V	318	23	42		36.57	101.67
P	BJ9W	318	23	42		36.57	101.67
P	BJ9X	318	23	42		36.57	101.67
P	BL	318		44
P	BL0A	318	23	42		43.75	87.75
P	BL0B	318	23	42		43.75	87.75
P	BL0C	318	23	42		43.75	87.75
P	BL0D	318	23	42		43.75	87.75
P	BL0E	318	23	42		43.75	87.75
P	BL0F	318	23	42		43.75	87.75
P	BL0G	318	23	42		29.42	90.97
P	BL0H	318	23	42		29.42	90.97
P	BL0I	318	23	42		29.42	90.97
P	BL0J	318	23	42		29.42	90.97
P	BL0K	318	23	42		29.42	90.97
P	BL0L	318	23	42		29.42	90.97
P	BL1	318		44		39.93	116.4
P	BL2A	318				45.8	126.67
P	BL2B	318				45.8	126.67
P	BL2C	318				45.8	126.67
P	BL2D	318				45.8	126.67
P	BL2E	318				45.8	126.67
P	BL2F	318				45.8	126.67
P	BL2G	318				45.8	126.67
P	BL2H	318				45.8	126.67
P	BL2I	318				43.95	125.28
P	BL2J	318				43.95	125.28
P	BL2K	318				43.95	125.28
P	BL2L	318				43.95	125.28
P	BL2M	318				43.95	125.28
P	BL2N	318				43.95	125.28
P	BL2O	318				43.95	125.28
P	BL2P	318				43.95	125.28
P	BL2Q	318		44		41.8	123.45
P	BL2R	318		44		41.8	123.45
P	BL2S	318		44		41.8	123.45
P	BL2T	318		44		41.8	123.45
P	BL2U	318		44		41.8	123.45
P	BL2V	318		44		41.8	123.45
P	BL2W	318		44		41.8	123.45
P	BL2X	318		44		41.8	123.45
P	BL3A	318		44		39.13	117.17
P	BL3B	318		44		39.13	117.17
P	BL3C	318		44		39.13	117.17
P	BL3D	318		44		39.13	117.17
P	BL3E	318		44		39.13	117.17
P	BL3F	318		44		39.13	117.17
P	BL3G	318	23			40.87	111.67
P	BL3H	318	23			40.87	111.67
P	BL3I	318	23			40.87	111.67
P	BL3J	318	23			40.87	111.67
P	BL3K	318	23			40.87	111.67
P	BL3L	318	23			40.87	111.67
P	BL3M	318		44		38.03	114.47
P	BL3N	318		44		38.03	114.47
P	BL3O	318		44		38.03	114.47
P	BL3P	318		44		38.03	114.47
P	BL3Q	318		44		38.03	114.47
P	BL3R	318		44		38.03	114.47
P	BL3S	318		44		37.87	112.55
P	BL3T	318		44		37.87	112.55
P	BL3U	318		44		37.87	112.55
P	BL3V	318		44		37.87	112.55
P	BL3W	318		44		37.87	112.55
P	BL3X	318		44		37.87	112.55
P	BL4A	318		44		31.25	121.43
P	BL4B	318		44		31.25	121.43
P	BL4C	318		44		31.25	121.43
P	BL4D	318		44		31.25	121.43
P	BL4E	318		44		31.25	121.43
P	BL4F	318		44		31.25	121.43
P	BL4G	318		44		31.25	121.43
P	BL4H	318		44		31.25	121.43
P	BL4I	318		44		36.63	117.02
P	BL4J	318		44		36.63	117.02
P	BL4K	318		44		36.63	117.02
P	BL4L	318		44		36.63	117.02
P	BL4M	318		44		36.63	117.02
P	BL4N	318		44		36.63	117.02
P	BL4O	318		44		36.63	117.02
P	BL4P	318		44		36.63	117.02
P	BL4Q	318		44		32.03	118.78
P	BL4R	318		44		32.03	118.78
P	BL4S	318		44		32.03	118.78
P	BL4T	318		44		32.03	118.78
P	BL4U	318		44		32.03	118.78
P	BL4V	318		44		32.03	118.78
P	BL4W	318		44		32.03	118.78
P	BL4X	318		44		32.03	118.78
P	BL5A	318		44		30.3	120.18
P	BL5B	318		44		30.3	120.18
P	BL5C	318		44		30.3	120.18
P	BL5D	318		44		30.3	120.18
P	BL5E	318		44		30.3	120.18
P	BL5F	318		44		30.3	120.18
P	BL5G	318		44		30.3	120.18
P	BL5H	318		44		30.3	120.18
P	BL5I	318		44		30.72	106.03
P	BL5J	318		44		30.72	106.03
P	BL5K	318		44		30.72	106.03
P	BL5L	318		44		30.72	106.03
P	BL5M	318		44		30.72	106.03
P	BL5N	318		44		30.72	106.03
P	BL5O	318		44		30.72	106.03
P	BL5P	318		44		30.72	106.03
P	BL5Q	318		44		26.08	119.27
P	BL5R	318		44		26.08	119.27
P	BL5S	318		44		26.08	119.27
P	BL5T	318		44		26.08	119.27
P	BL5U	318		44		26.08	119.27
P	BL5V	318		44		26.08	119.27
P	BL5W	318		44		26.08	119.27
P	BL5X	318		44		26.08	119.27
P	BL6A	318		44		31.87	117.3
P	BL6B	318		44		31.87	117.3
P	BL6C	318		44		31.87	117.3
P	BL6D	318		44		31.87	117.3
P	BL6E	318		44		31.87	117.3
P	BL6F	318		44		31.87	117.3
P	BL6G	318		44		31.87	117.3
P	BL6H	318		44		31.87	117.3
P	BL6I	318		44		34.75	113.57
P	BL6J	318		44		34.75	113.57
P	BL6K	318		44		34.75	113.57
P	BL6L	318		44		34.75	113.57
P	BL6M	318		44		34.75	113.57
P	BL6N	318		44		34.75	113.57
P	BL6O	318		44		34.75	113.57
P	BL6P	318		44		34.75	113.57
P	BL6Q	318		43		30.52	114.3
P	BL6R	318		43		30.52	114.3
P	BL6S	318		43		30.52	114.3
P	BL6T	318		43		30.52	114.3
P	BL6U	318		43		30.52	114.3
P	BL6V	318		43		30.52	114.3
P	BL6W	318		43		30.52	114.3
P	BL6X	318		43		30.52	114.3
P	BL7A	318		43		28.2	113
P	BL7B	318		43		28.2	113
P	BL7C	318		43		28.2	113
P	BL7D	318		43		28.2	113
P	BL7E	318		43		28.2	113
P	BL7F	318		43		28.2	113
P	BL7G	318		43		28.2	113
P	BL7H	318		43		28.2	113
P	BL7I	318		44		23.08	113.17
P	BL7J	318		44		23.08	113.17
P	BL7K	318		44		23.08	113.17
P	BL7L	318		44		23.08	113.17
P	BL7M	318		44		23.08	113.17
P	BL7N	318		44		23.08	113.17
P	BL7O	318		44		23.08	113.17
P	BL7P	318		44		23.08	113.17
P	BL7Q	318		43		22.8	108.33
P	BL7R	318		43		22.8	108.33
P	BL7S	318		43		22.8	108.33
P	BL7T	318		43		22.8	108.33
P	BL7U	318		43		22.8	108.33
P	BL7V	318		43		22.8	108.33
P	BL7W	318		43		22.8	108.33
P	BL7X	318		43		22.8	108.33
P	BL7Y	318		44		20.02	110.27
P	BL8A	318		43		30.63	104.03
P	BL8B	318		43		30.63	104.03
P	BL8C	318		43		30.63	104.03
P	BL8D	318		43		30.63	104.03
P	BL8E	318		43		30.63	104.03
P	BL8F	318		43		30.63	104.03
P	BL8G	318		43		29.58	106.42
P	BL8H	318		43		29.58	106.42
P	BL8I	318		43		29.58	106.42
P	BL8J	318		43		29.58	106.42
P	BL8K	318		43		29.58	106.42
P	BL8L	318		43		29.58	106.42
P	BL8M	318		43		26.53	106.67
P	BL8N	318		43		26.53	106.67
P	BL8O	318		43		26.53	106.67
P	BL8P	318		43		26.53	106.67
P	BL8Q	318		43		26.53	106.67
P	BL8R	318		43		26.53	106.67
P	BL8S	318		43		25.02	102.68
P	BL8T	318		43		25.02	102.68
P	BL8U	318		43		25.02	102.68
P	BL8V	318		43		25.02	102.68
P	BL8W	318		43		25.02	102.68
P	BL8X	318		43		25.02	102.68
P	BL9A	318		43		34.25	109
P	BL9B	318		43		34.25	109
P	BL9C	318		43		34.25	109
P	BL9D	318		43		34.25	109
P	BL9E	318		43		34.25	109
P	BL9F	318		43		34.25	109
P	BL9G	318	23	43		36.02	103.87
P	BL9H	318	23	43		36.02	103.87
P	BL9I	318	23	43		36.02	103.87
P	BL9J	318	23	43		36.02	103.87
P	BL9K	318	23	43		36.02	103.87
P	BL9L	318	23	43		36.02	103.87
P	BL9M	318	23	43		38.5	106.25
P	BL9N	318	23	43		38.5	106.25
P	BL9O	318	23	43		38.5	106.25
P	BL9P	318	23	43		38.5	106.25
P	BL9Q	318	23	43		38.5	106.25
P	BL9R	318	23	43		38.5	106.25
P	BL9S	318	23	42		36.57	101.67
P	BL9T	318	23	42		36.57	101.67
P	BL9U	318	23	42		36.57	101.67
P	BL9V	318	23	42		36.57	101.67
P	BL9W	318	23	42		36.57	101.67
P	BL9X	318	23	42		36.57	101.67
P	BM	386
P	BM9A	386				23.08	119.58
P	BM9G	386				22.67	121.48
P	BM9L	386				22.33	120.37
P	BM9O	386				22.05	121.53
P	BM9P	505
P	BM9S	247			AS
P	BM9W	386				25.62	122.07
P	BN	386
P	BN9A	386				23.08	119.58
P	BN9G	386				22.67	121.48
P	BN9L	386				22.33	120.37
P	BN9O	386				22.05	121.53
P	BN9P	505
P	BN9S	247			AS
P	BN9W	386				25.62	122.07
P	BO	386
P	BO9A	386				23.08	119.58
P	BO9G	386				22.67	121.48
P	BO9L	386				22.33	120.37
P	BO9O	386				22.05	121.53
P	BO9P	505
P	BO9S	247			AS
P	BO9W	386				25.62	122.07
P	BP	386
P	BP9A	386				23.08	119.58
P	BP9G	386				22.67	121.48
P	BP9L	386				22.33	120.37
P	BP9O	386				22.05	121.53
P	BP9P	505
P	BP9S	247			AS
P	BP9W	386				25.62	122.07
P	BQ	386
P	BQ9A	386				23.08	119.58
P	BQ9G	386				22.67	121.48
P	BQ9L	386				22.33	120.37
P	BQ9O	386				22.05	121.53
P	BQ9P	505
P	BQ9S	247			AS
P	BQ9W	386				25.62	122.07
P	BT	318		44
P	BT0A	318	23	42		43.75	87.75
P	BT0B	318	23	42		43.75	87.75
P	BT0C	318	23	42		43.75	87.75
P	BT0D	318	23	42		43.75	87.75
P	BT0E	318	23	42		43.75	87.75
P	BT0F	318	23	42		43.75	87.75
P	BT0G	318	23	42		29.42	90.97
P	BT0H	318	23	42		29.42	90.97
P	BT0I	318	23	42		29.42	90.97
P	BT0J	318	23	42		29.42	90.97
P	BT0K	318	23	42		29.42	90.97
P	BT0L	318	23	42		29.42	90.97
P	BT1	318		44		39.93	116.4
P	BT2A	318				45.8	126.67
P	BT2B	318				45.8	126.67
P	BT2C	318				45.8	126.67
P	BT2D	318				45.8	126.67
P	BT2E	318				45.8	126.67
P	BT2F	318				45.8	126.67
P	BT2G	318				45.8	126.67
P	BT2H	318				45.8	126.67
P	BT2I	318				43.95	125.28
P	BT2J	318				43.95	125.28
P	BT2K	318				43.95	125.28
P	BT2L	318				43.95	125.28
P	BT2M	318				43.95	125.28
P	BT2N	318				43.95	125.28
P	BT2O	318				43.95	125.28
P	BT2P	318				43.95	125.28
P	BT2Q	318		44		41.8	123.45
P	BT2R	318		44		41.8	123.45
P	BT2S	318		44		41.8	123.45
P	BT2T	318		44		41.8	123.45
P	BT2U	318		44		41.8	123.45
P	BT2V	318		44		41.8	123.45
P	BT2W	318		44		41.8	123.45
P	BT2X	318		44		41.8	123.45
P	BT3A	318		44		39.13	117.17
P	BT3B	318		44		39.13	117.17
P	BT3C	318		44		39.13	117.17
P	BT3D	318		44		39.13	117.17
P	BT3E	318		44		39.13	117.17
P	BT3F	318		44		39.13	117.17
P	BT3G	318	23			40.87	111.67
P	BT3H	318	23			40.87	111.67
P	BT3I	318	23			40.87	111.67
P	BT3J	318	23			40.87	111.67
P	BT3K	318	23			40.87	111.67
P	BT3L	318	23			40.87	111.67
P	BT3M	318		44		38.03	114.47
P	BT3N	318		44		38.03	114.47
P	BT3O	318		44		38.03	114.47
P	BT3P	318		44		38.03	114.47
P	BT3Q	318		44		38.03	114.47
P	BT3R	318		44		38.03	114.47
P	BT3S	318		44		37.87	112.55
P	BT3T	318		44		37.87	112.55
P	BT3U	318		44		37.87	112.55
P	BT3V	318		44		37.87	112.55
P	BT3W	318		44		37.87	112.55
P	BT3X	318		44		37.87	112.55
P	BT4A	318		44		31.25	121.43
P	BT4B	318		44		31.25	121.43
P	BT4C	318		44		31.25	121.43
P	BT4D	318		44		31.25	121.43
P	BT4E	318		44		31.25	121.43
P	BT4F	318		44		31.25	121.43
P	BT4G	318		44		31.25	121.43
P	BT4H	318		44		31.25	121.43
P	BT4I	318		44		36.63	117.02
P	BT4J	318		44		36.63	117.02
P	BT4K	318		44		36.63	117.02
P	BT4L	318		44		36.63	117.02
P	BT4M	318		44		36.63	117.02
P	BT4N	318		44		36.63	117.02
P	BT4O	318		44		36.63	117.02
P	BT4P	318		44		36.63	117.02
P	BT4Q	318		44		32.03	118.78
P	BT4R	318		44		32.03	118.78
P	BT4S	318		44		32.03	118.78
P	BT4T	318		44		32.03	118.78
P	BT4U	318		44		32.03	118.78
P	BT4V	318		44		32.03	118.78
P	BT4W	318		44		32.03	118.78
P	BT4X	318		44		32.03	118.78
P	BT5A	318		44		30.3	120.18
P	BT5B	318		44		30.3	120.18
P	BT5C	318		44		30.3	120.18
P	BT5D	318		44		30.3	120.18
P	BT5E	318		44		30.3	120.18
P	BT5F	318		44		30.3	120.18
P	BT5G	318		44		30.3	120.18
P	BT5H	318		44		30.3	120.18
P	BT5I	318		44		30.72	106.03
P	BT5J	318		44		30.72	106.03
P	BT5K	318		44		30.72	106.03
P	BT5L	318		44		30.72	106.03
P	BT5M	318		44		30.72	106.03
P	BT5N	318		44		30.72	106.03
P	BT5O	318		44		30.72	106.03
P	BT5P	318		44		30.72	106.03
P	BT5Q	318		44		26.08	119.27
P	BT5R	318		44		26.08	119.27
P	BT5S	318		44		26.08	119.27
P	BT5T	318		44		26.08	119.27
P	BT5U	318		44		26.08	119.27
P	BT5V	318		44		26.08	119.27
P	BT5W	318		44		26.08	119.27
P	BT5X	318		44		26.08	119.27
P	BT6A	318		44		31.87	117.3
P	BT6B	318		44		31.87	117.3
P	BT6C	318		44		31.87	117.3
P	BT6D	318		44		31.87	117.3
P	BT6E	318		44		31.87	117.3
P	BT6F	318		44		31.87	117.3
P	BT6G	318		44		31.87	117.3
P	BT6H	318		44		31.87	117.3
P	BT6I	318		44		34.75	113.57
P	BT6J	318		44		34.75	113.57
P	BT6K	318		44		34.75	113.57
P	BT6L	318		44		34.75	113.57
P	BT6M	318		44		34.75	113.57
P	BT6N	318		44		34.75	113.57
P	BT6O	318		44		34.75	113.57
P	BT6P	318		44		34.75	113.57
P	BT6Q	318		43		30.52	114.3
P	BT6R	318		43		30.52	114.3
P	BT6S	318		43		30.52	114.3
P	BT6T	318		43		30.52	114.3
P	BT6U	318		43		30.52	114.3
P	BT6V	318		43		30.52	114.3
P	BT6W	318		43		30.52	114.3
P	BT6X	318		43		30.52	114.3
P	BT7A	318		43		28.2	113
P	BT7B	318		43		28.2	113
P	BT7C	318		43		28.2	113
P	BT7D	318		43		28.2	113
P	BT7E	318		43		28.2	113
P	BT7F	318		43		28.2	113
P	BT7G	318		43		28.2	113
P	BT7H	318		43		28.2	113
P	BT7I	318		44		23.08	113.17
P	BT7J	318		44		23.08	113.17
P	BT7K	318		44		23.08	113.17
P	BT7L	318		44		23.08	113.17
P	BT7M	318		44		23.08	113.17
P	BT7N	318		44		23.08	113.17
P	BT7O	318		44		23.08	113.17
P	BT7P	318		44		23.08	113.17
P	BT7Q	318		43		22.8	108.33
P	BT7R	318		43		22.8	108.33
P	BT7S	318		43		22.8	108.33
P	BT7T	318		43		22.8	108.33
P	BT7U	318		43		22.8	108.33
P	BT7V	318		43		22.8	108.33
P	BT7W	318		43		22.8	108.33
P	BT7X	318		43		22.8	108.33
P	BT7Y	318		44		20.02	110.27
P	BT8A	318		43		30.63	104.03
P	BT8B	318		43		30.63	104.03
P	BT8C	318		43		30.63	104.03
P	BT8D	318		43		30.63	104.03
P	BT8E	318		43		30.63	104.03
P	BT8F	318		43		30.63	104.03
P	BT8G	318		43		29.58	106.42
P	BT8H	318		43		29.58	106.42
P	BT8I	318		43		29.58	106.42
P	BT8J	318		43		29.58	106.42
P	BT8K	318		43		29.58	106.42
P	BT8L	318		43		29.58	106.42
P	BT8M	318		43		26.53	106.67
P	BT8N	318		43		26.53	106.67
P	BT8O	318		43		26.53	106.67
P	BT8P	318		43		26.53	106.67
P	BT8Q	318		43		26.53	106.67
P	BT8R	318		43		26.53	106.67
P	BT8S	318		43		25.02	102.68
P	BT8T	318		43		25.02	102.68
P	BT8U	318		43		25.02	102.68
P	BT8V	318		43		25.02	102.68
P	BT8W	318		43		25.02	102.68
P	BT8X	318		43		25.02	102.68
P	BT9A	318		43		34.25	109
P	BT9B	318		43		34.25	109
P	BT9C	318		43		34.25	109
P	BT9D	318		43		34.25	109
P	BT9E	318		43		34.25	109
P	BT9F	318		43		34.25	109
P	BT9G	318	23	43		36.02	103.87
P	BT9H	318	23	43		36.02	103.87
P	BT9I	318	23	43		36.02	103.87
P	BT9J	318	23	43		36.02	103.87
P	BT9K	318	23	43		36.02	103.87
P	BT9L	318	23	43		36.02	103.87
P	BT9M	318	23	43		38.5	106.25
P	BT9N	318	23	43		38.5	106.25
P	BT9O	318	23	43		38.5	106.25
P	BT9P	318	23	43		38.5	106.25
P	BT9Q	318	23	43		38.5	106.25
P	BT9R	318	23	43		38.5	106.25
P	BT9S	318	23	42		36.57	101.67
P	BT9T	318	23	42		36.57	101.67
P	BT9U	318	23	42		36.57	101.67
P	BT9V	318	23	42		36.57	101.67
P	BT9W	318	23	42		36.57	101.67
P	BT9X	318	23	42		36.57	101.67
P	BU	386
P	BU9A	386				23.08	119.58
P	BU9G	386				22.67	121.48
P	BU9L	386				22.33	120.37
P	BU9O	386				22.05	121.53
P	BU9P	505
P	BU9S	247			AS
P	BU9W	386				25.62	122.07
P	BV	386
P	BV9A	386				23.08	119.58
P	BV9G	386				22.67	121.48
P	BV9L	386				22.33	120.37
P	BV9O	386				22.05	121.53
P	BV9P	505
P	BV9S	247			AS
P	BV9W	386				25.62	122.07
P	BW	386
P	BW9A	386				23.08	119.58
P	BW9G	386				22.67	121.48
P	BW9L	386				22.33	120.37
P	BW9O	386				22.05	121.53
P	BW9P	505
P	BW9S	247			AS
P	BW9W	386				25.62	122.07
P	BX	386
P	BX9A	386				23.08	119.58
P	BX9G	386				22.67	121.48
P	BX9L	386				22.33	120.37
P	BX9O	386				22.05	121.53
P	BX9P	505
P	BX9S	247			AS
P	BX9W	386				25.62	122.07
P	BY	318		44
P	BY0A	318	23	42		43.75	87.75
P	BY0B	318	23	42		43.75	87.75
P	BY0C	318	23	42		43.75	87.75
P	BY0D	318	23	42		43.75	87.75
P	BY0E	318	23	42		43.75	87.75
P	BY0F	318	23	42		43.75	87.75
P	BY0G	318	23	42		29.42	90.97
P	BY0H	318	23	42		29.42	90.97
P	BY0I	318	23	42		29.42	90.97
P	BY0J	318	23	42		29.42	90.97
P	BY0K	318	23	42		29.42	90.97
P	BY0L	318	23	42		29.42	90.97
P	BY1	318		44		39.93	116.4
P	BY2A	318				45.8	126.67
P	BY2B	318				45.8	126.67
P	BY2C	318				45.8	126.67
P	BY2D	318				45.8	126.67
P	BY2E	318				45.8	126.67
P	BY2F	318				45.8	126.67
P	BY2G	318				45.8	126.67
P	BY2H	318				45.8	126.67
P	BY2I	318				43.95	125.28
P	BY2J	318				43.95	125.28
P	BY2K	318				43.95	125.28
P	BY2L	318				43.95	125.28
P	BY2M	318				43.95	125.28
P	BY2N	318				43.95	125.28
P	BY2O	318				43.95	125.28
P	BY2P	318				43.95	125.28
P	BY2Q	318		44		41.8	123.45
P	BY2R	318		44		41.8	123.45
P	BY2S	318		44		41.8	123.45
P	BY2T	318		44		41.8	123.45
P	BY2U	318		44		41.8	123.45
P	BY2V	318		44		41.8	123.45
P	BY2W	318		44		41.8	123.45
P	BY2X	318		44		41.8	123.45
P	BY3A	318		44		39.13	117.17
P	BY3B	318		44		39.13	117.17
P	BY3C	318		44		39.13	117.17
P	BY3D	318		44		39.13	117.17
P	BY3E	318		44		39.13	117.17
P	BY3F	318		44		39.13	117.17
P	BY3G	318	23			40.87	111.67
P	BY3H	318	23			40.87	111.67
P	BY3I	318	23			40.87	111.67
P	BY3J	318	23			40.87	111.67
P	BY3K	318	23			40.87	111.67
P	BY3L	318	23			40.87	111.67
P	BY3M	318		44		38.03	114.47
P	BY3N	318		44		38.03	114.47
P	BY3O	318		44		38.03	114.47
P	BY3P	318		44		38.03	114.47
P	BY3Q	318		44		38.03	114.47
P	BY3R	318		44		38.03	114.47
P	BY3S	318		44		37.87	112.55
P	BY3T	318		44		37.87	112.55
P	BY3U	318		44		37.87	112.55
P	BY3V	318		44		37.87	112.55
P	BY3W	318		44		37.87	112.55
P	BY3X	318		44		37.87	112.55
P	BY4A	318		44		31.25	121.43
P	BY4B	318		44		31.25	121.43
P	BY4C	318		44		31.25	121.43
P	BY4D	318		44		31.25	121.43
P	BY4E	318		44		31.25	121.43
P	BY4F	318		44		31.25	121.43
P	BY4G	318		44		31.25	121.43
P	BY4H	318		44		31.25	121.43
P	BY4I	318		44		36.63	117.02
P	BY4J	318		44		36.63	117.02
P	BY4K	318		44		36.63	117.02
P	BY4L	318		44		36.63	117.02
P	BY4M	318		44		36.63	117.02
P	BY4N	318		44		36.63	117.02
P	BY4O	318		44		36.63	117.02
P	BY4P	318		44		36.63	117.02
P	BY4Q	318		44		32.03	118.78
P	BY4R	318		44		32.03	118.78
P	BY4S	318		44		32.03	118.78
P	BY4T	318		44		32.03	118.78
P	BY4U	318		44		32.03	118.78
P	BY4V	318		44		32.03	118.78
P	BY4W	318		44		32.03	118.78
P	BY4X	318		44		32.03	118.78
P	BY5A	318		44		30.3	120.18
P	BY5B	318		44		30.3	120.18
P	BY5C	318		44		30.3	120.18
P	BY5D	318		44		30.3	120.18
P	BY5E	318		44		30.3	120.18
P	BY5F	318		44		30.3	120.18
P	BY5G	318		44		30.3	120.18
P	BY5H	318		44		30.3	120.18
P	BY5I	318		44		30.72	106.03
P	BY5J	318		44		30.72	106.03
P	BY5K	318		44		30.72	106.03
P	BY5L	318		44		30.72	106.03
P	BY5M	318		44		30.72	106.03
P	BY5N	318		44		30.72	106.03
P	BY5O	318		44		30.72	106.03
P	BY5P	318		44		30.72	106.03
P	BY5Q	318		44		26.08	119.27
P	BY5R	318		44		26.08	119.27
P	BY5S	318		44		26.08	119.27
P	BY5T	318		44		26.08	119.27
P	BY5U	318		44		26.08	119.27
P	BY5V	318		44		26.08	119.27
P	BY5W	318		44		26.08	119.27
P	BY5X	318		44		26.08	119.27
P	BY6A	318		44		31.87	117.3
P	BY6B	318		44		31.87	117.3
P	BY6C	318		44		31.87	117.3
P	BY6D	318		44		31.87	117.3
P	BY6E	318		44		31.87	117.3
P	BY6F	318		44		31.87	117.3
P	BY6G	318		44		31.87	117.3
P	BY6H	318		44		31.87	117.3
P	BY6I	318		44		34.75	113.57
P	BY6J	318		44		34.75	113.57
P	BY6K	318		44		34.75	113.57
P	BY6L	318		44		34.75	113.57
P	BY6M	318		44		34.75	113.57
P	BY6N	318		44		34.75	113.57
P	BY6O	318		44		34.75	113.57
P	BY6P	318		44		34.75	113.57
P	BY6Q	318		43		30.52	114.3
P	BY6R	318		43		30.52	114.3
P	BY6S	318		43		30.52	114.3
P	BY6T	318		43		30.52	114.3
P	BY6U	318		43		30.52	114.3
P	BY6V	318		43		30.52	114.3
P	BY6W	318		43		30.52	114.3
P	BY6X	318		43		30.52	114.3
P	BY7A	318		43		28.2	113
P	BY7B	318		43		28.2	113
P	BY7C	318		43		28.2	113
P	BY7D	318		43		28.2	113
P	BY7E	318		43		28.2	113
P	BY7F	318		43		28.2	113
P	BY7G	318		43		28.2	113
P	BY7H	318		43		28.2	113
P	BY7I	318		44		23.08	113.17
P	BY7J	318		44		23.08	113.17
P	BY7K	318		44		23.08	113.17
P	BY7L	318		44		23.08	113.17
P	BY7M	318		44		23.08	113.17
P	BY7N	318		44		23.08	113.17
P	BY7O	318		44		23.08	113.17
P	BY7P	318		44		23.08	113.17
P	BY7Q	318		43		22.8	108.33
P	BY7R	318		43		22.8	108.33
P	BY7S	318		43		22.8	108.33
P	BY7T	318		43		22.8	108.33
P	BY7U	318		43		22.8	108.33
P	BY7V	318		43		22.8	108.33
P	BY7W	318		43		22.8	108.33
P	BY7X	318		43		22.8	108.33
P	BY7Y	318		44		20.02	110.27
P	BY8A	318		43		30.63	104.03
P	BY8B	318		43		30.63	104.03
P	BY8C	318		43		30.63	104.03
P	BY8D	318		43		30.63	104.03
P	BY8E	318		43		30.63	104.03
P	BY8F	318		43		30.63	104.03
P	BY8G	318		43		29.58	106.42
P	BY8H	318		43		29.58	106.42
P	BY8I	318		43		29.58	106.42
P	BY8J	318		43		29.58	106.42
P	BY8K	318		43		29.58	106.42
P	BY8L	318		43		29.58	106.42
P	BY8M	318		43		26.53	106.67
P	BY8N	318		43		26.53	106.67
P	BY8O	318		43		26.53	106.67
P	BY8P	318		43		26.53	106.67
P	BY8Q	318		43		26.53	106.67
P	BY8R	318		43		26.53	106.67
P	BY8S	318		43		25.02	102.68
P	BY8T	318		43		25.02	102.68
P	BY8U	318		43		25.02	102.68
P	BY8V	318		43		25.02	102.68
P	BY8W	318		43		25.02	102.68
P	BY8X	318		43		25.02	102.68
P	BY9A	318		43		34.25	109
P	BY9B	318		43		34.25	109
P	BY9C	318		43		34.25	109
P	BY9D	318		43		34.25	109
P	BY9E	318		43		34.25	109
P	BY9F	318		43		34.25	109
P	BY9G	318	23	43		36.02	103.87
P	BY9H	318	23	43		36.02	103.87
P	BY9I	318	23	43		36.02	103.87
P	BY9J	318	23	43		36.02	103.87
P	BY9K	318	23	43		36.02	103.87
P	BY9L	318	23	43		36.02	103.87
P	BY9M	318	23	43		38.5	106.25
P	BY9N	318	23	43		38.5	106.25
P	BY9O	318	23	43		38.5	106.25
P	BY9P	318	23	43		38.5	106.25
P	BY9Q	318	23	43		38.5	106.25
P	BY9R	318	23	43		38.5	106.25
P	BY9S	318	23	42		36.57	101.67
P	BY9T	318	23	42		36.57	101.67
P	BY9U	318	23	42		36.57	101.67
P	BY9V	318	23	42		36.57	101.67
P	BY9W	318	23	42		36.57	101.67
P	BY9X	318	23	42		36.57	101.67
P	BZ	318		44
P	BZ0A	318	23	42		43.75	87.75
P	BZ0B	318	23	42		43.75	87.75
P	BZ0C	318	23	42		43.75	87.75
P	BZ0D	318	23	42		43.75	87.75
P	BZ0E	318	23	42		43.75	87.75
P	BZ0F	318	23	42		43.75	87.75
P	BZ0G	318	23	42		29.42	90.97
P	BZ0H	318	23	42		29.42	90.97
P	BZ0I	318	23	42		29.42	90.97
P	BZ0J	318	23	42		29.42	90.97
P	BZ0K	318	23	42		29.42	90.97
P	BZ0L	318	23	42		29.42	90.97
P	BZ1	318		44		39.93	116.4
P	BZ2A	318				45.8	126.67
P	BZ2B	318				45.8	126.67
P	BZ2C	318				45.8	126.67
P	BZ2D	318				45.8	126.67
P	BZ2E	318				45.8	126.67
P	BZ2F	318				45.8	126.67
P	BZ2G	318				45.8	126.67
P	BZ2H	318				45.8	126.67
P	BZ2I	318				43.95	125.28
P	BZ2J	318				43.95	125.28
P	BZ2K	318				43.95	125.28
P	BZ2L	318				43.95	125.28
P	BZ2M	318				43.95	125.28
P	BZ2N	318				43.95	125.28
P	BZ2O	318				43.95	125.28
P	BZ2P	318				43.95	125.28
P	BZ2Q	318		44		41.8	123.45
P	BZ2R	318		44		41.8	123.45
P	BZ2S	318		44		41.8	123.45
P	BZ2T	318		44		41.8	123.45
P	BZ2U	318		44		41.8	123.45
P	BZ2V	318		44		41.8	123.45
P	BZ2W	318		44		41.8	123.45
P	BZ2X	318		44		41.8	123.45
P	BZ3A	318		44		39.13	117.17
P	BZ3B	318		44		39.13	117.17
P	BZ3C	318		44		39.13	117.17
P	BZ3D	318		44		39.13	117.17
P	BZ3E	318		44		39.13	117.17
P	BZ3F	318		44		39.13	117.17
P	BZ3G	318	23			40.87	111.67
P	BZ3H	318	23			40.87	111.67
P	BZ3I	318	23			40.87	111.67
P	BZ3J	318	23			40.87	111.67
P	BZ3K	318	23			40.87	111.67
P	BZ3L	318	23			40.87	111.67
P	BZ3M	318		44		38.03	114.47
P	BZ3N	318		44		38.03	114.47
P	BZ3O	318		44		38.03	114.47
P	BZ3P	318		44		38.03	114.47
P	BZ3Q	318		44		38.03	114.47
P	BZ3R	318		44		38.03	114.47
P	BZ3S	318		44		37.87	112.55
P	BZ3T	318		44		37.87	112.55
P	BZ3U	318		44		37.87	112.55
P	BZ3V	318		44		37.87	112.55
P	BZ3W	318		44		37.87	112.55
P	BZ3X	318		44		37.87	112.55
P	BZ4A	318		44		31.25	121.43
P	BZ4B	318		44		31.25	121.43
P	BZ4C	318		44		31.25	121.43
P	BZ4D	318		44		31.25	121.43
P	BZ4E	318		44		31.25	121.43
P	BZ4F	318		44		31.25	121.43
P	BZ4G	318		44		31.25	121.43
P	BZ4H	318		44		31.25	121.43
P	BZ4I	318		44		36.63	117.02
P	BZ4J	318		44		36.63	117.02
P	BZ4K	318		44		36.63	117.02
P	BZ4L	318		44		36.63	117.02
P	BZ4M	318		44		36.63	117.02
P	BZ4N	318		44		36.63	117.02
P	BZ4O	318		44		36.63	117.02
P	BZ4P	318		44		36.63	117.02
P	BZ4Q	318		44		32.03	118.78
P	BZ4R	318		44		32.03	118.78
P	BZ4S	318		44		32.03	118.78
P	BZ4T	318		44		32.03	118.78
P	BZ4U	318		44		32.03	118.78
P	BZ4V	318		44		32.03	118.78
P	BZ4W	318		44		32.03	118.78
P	BZ4X	318		44		32.03	118.78
P	BZ5A	318		44		30.3	120.18
P	BZ5B	318		44		30.3	120.18
P	BZ5C	318		44		30.3	120.18
P	BZ5D	318		44		30.3	120.18
P	BZ5E	318		44		30.3	120.18
P	BZ5F	318		44		30.3	120.18
P	BZ5G	318		44		30.3	120.18
P	BZ5H	318		44		30.3	120.18
P	BZ5I	318		44		30.72	106.03
P	BZ5J	318		44		30.72	106.03
P	BZ5K	318		44		30.72	106.03
P	BZ5L	318		44		30.72	106.03
P	BZ5M	318		44		30.72	106.03
P	BZ5N	318		44		30.72	106.03
P	BZ5O	318		44		30.72	106.03
P	BZ5P	318		44		30.72	106.03
P	BZ5Q	318		44		26.08	119.27
P	BZ5R	318		44		26.08	119.27
P	BZ5S	318		44		26.08	119.27
P	BZ5T	318		44		26.08	119.27
P	BZ5U	318		44		26.08	119.27
P	BZ5V	318		44		26.08	119.27
P	BZ5W	318		44		26.08	119.27
P	BZ5X	318		44		26.08	119.27
P	BZ6A	318		44		31.87	117.3
P	BZ6B	318		44		31.87	117.3
P	BZ6C	318		44		31.87	117.3
P	BZ6D	318		44		31.87	117.3
P	BZ6E	318		44		31.87	117.3
P	BZ6F	318		44		31.87	117.3
P	BZ6G	318		44		31.87	117.3
P	BZ6H	318		44		31.87	117.3
P	BZ6I	318		44		34.75	113.57
P	BZ6J	318		44		34.75	113.57
P	BZ6K	318		44		34.75	113.57
P	BZ6L	318		44		34.75	113.57
P	BZ6M	318		44		34.75	113.57
P	BZ6N	318		44		34.75	113.57
P	BZ6O	318		44		34.75	113.57
P	BZ6P	318		44		34.75	113.57
P	BZ6Q	318		43		30.52	114.3
P	BZ6R	318		43		30.52	114.3
P	BZ6S	318		43		30.52	114.3
P	BZ6T	318		43		30.52	114.3
P	BZ6U	318		43		30.52	114.3
P	BZ6V	318		43		30.52	114.3
P	BZ6W	318		43		30.52	114.3
P	BZ6X	318		43		30.52	114.3
P	BZ7A	318		43		28.2	113
P	BZ7B	318		43		28.2	113
P	BZ7C	318		43		28.2	113
P	BZ7D	318		43		28.2	113
P	BZ7E	318		43		28.2	113
P	BZ7F	318		43		28.2	113
P	BZ7G	318		43		28.2	113
P	BZ7H	318		43		28.2	113
P	BZ7I	318		44		23.08	113.17
P	BZ7J	318		44		23.08	113.17
P	BZ7K	318		44		23.08	113.17
P	BZ7L	318		44		23.08	113.17
P	BZ7M	318		44		23.08	113.17
P	BZ7N	318		44		23.08	113.17
P	BZ7O	318		44		23.08	113.17
P	BZ7P	318		44		23.08	113.17
P	BZ7Q	318		43		22.8	108.33
P	BZ7R	318		43		22.8	108.33
P	BZ7S	318		43		22.8	108.33
P	BZ7T	318		43		22.8	108.33
P	BZ7U	318		43		22.8	108.33
P	BZ7V	318		43		22.8	108.33
P	BZ7W	318		43		22.8	108.33
P	BZ7X	318		43		22.8	108.33
P	BZ7Y	318		44		20.02	110.27
P	BZ8A	318		43		30.63	104.03
P	BZ8B	318		43		30.63	104.03
P	BZ8C	318		43		30.63	104.03
P	BZ8D	318		43		30.63	104.03
P	BZ8E	318		43		30.63	104.03
P	BZ8F	318		43		30.63	104.03
P	BZ8G	318		43		29.58	106.42
P	BZ8H	318		43		29.58	106.42
P	BZ8I	318		43		29.58	106.42
P	BZ8J	318		43		29.58	106.42
P	BZ8K	318		43		29.58	106.42
P	BZ8L	318		43		29.58	106.42
P	BZ8M	318		43		26.53	106.67
P	BZ8N	318		43		26.53	106.67
P	BZ8O	318		43		26.53	106.67
P	BZ8P	318		43		26.53	106.67
P	BZ8Q	318		43		26.53	106.67
P	BZ8R	318		43		26.53	106.67
P	BZ8S	318		43		25.02	102.68
P	BZ8T	318		43		25.02	102.68
P	BZ8U	318		43		25.02	102.68
P	BZ8V	318		43		25.02	102.68
P	BZ8W	318		43		25.02	102.68
P	BZ8X	318		43		25.02	102.68
P	BZ9A	318		43		34.25	109
P	BZ9B	318		43		34.25	109
P	BZ9C	318		43		34.25	109
P	BZ9D	318		43		34.25	109
P	BZ9E	318		43		34.25	109
P	BZ9F	318		43		34.25	109
P	BZ9G	318	23	43		36.02	103.87
P	BZ9H	318	23	43		36.02	103.87
P	BZ9I	318	23	43		36.02	103.87
P	BZ9J	318	23	43		36.02	103.87
P	BZ9K	318	23	43		36.02	103.87
P	BZ9L	318	23	43		36.02	103.87
P	BZ9M	318	23	43		38.5	106.25
P	BZ9N	318	23	43		38.5	106.25
P	BZ9O	318	23	43		38.5	106.25
P	BZ9P	318	23	43		38.5	106.25
P	BZ9Q	318	23	43		38.5	106.25
P	BZ9R	318	23	43		38.5	106.25
P	BZ9S	318	23	42		36.57	101.67
P	BZ9T	318	23	42		36.57	101.67
P	BZ9U	318	23	42		36.57	101.67
P	BZ9V	318	23	42		36.57	101.67
P	BZ9W	318	23	42		36.57	101.67
P	BZ9X	318	23	42		36.57	101.67
P	C2	157
P	C3	203
P	C4	215
P	C5	422
P	C6	60
P	C8	181
P	C9	181
P	CA	112
P	CA0	47
P	CA0X	217
P	CA0Z	125
P	CA1	112				-23.65	-70.4
P	CA2	112				-33.08	-71.53
P	CA3	112				-35.5	-70.67
P	CA4	112				-33.62	-70.75
P	CA5	112				-36.62	-72.17
P	CA6	112				-39.75	-73.25
P	CA7	112		16		-40.58	-73.23
P	CA8	112		16		-53.17	-70.93
P	CB	112
P	CB0	47
P	CB0X	217
P	CB0Z	125
P	CB1	112				-23.65	-70.4
P	CB2	112				-33.08	-71.53
P	CB3	112				-35.5	-70.67
P	CB4	112				-33.62	-70.75
P	CB5	112				-36.62	-72.17
P	CB6	112				-39.75	-73.25
P	CB7	112		16		-40.58	-73.23
P	CB8	112		16		-53.17	-70.93
P	CC	112
P	CC0	47
P	CC0X	217
P	CC0Z	125
P	CC1	112				-23.65	-70.4
P	CC2	112				-33.08	-71.53
P	CC3	112				-35.5	-70.67
P	CC4	112				-33.62	-70.75
P	CC5	112				-36.62	-72.17
P	CC6	112				-39.75	-73.25
P	CC7	112		16		-40.58	-73.23
P	CC8	112		16		-53.17	-70.93
P	CD	112
P	CD0	47
P	CD0X	217
P	CD0Z	125
P	CD1	112				-23.65	-70.4
P	CD2	112				-33.08	-71.53
P	CD3	112				-35.5	-70.67
P	CD4	112				-33.62	-70.75
P	CD5	112				-36.62	-72.17
P	CD6	112				-39.75	-73.25
P	CD7	112		16		-40.58	-73.23
P	CD8	112		16		-53.17	-70.93
P	CE	112
P	CE0	47
P	CE0I	125
P	CE0X	217
P	CE0Z	125
P	CE1	112				-23.65	-70.4
P	CE2	112				-33.08	-71.53
P	CE3	112				-35.5	-70.67
P	CE4	112				-33.62	-70.75
P	CE5	112				-36.62	-72.17
P	CE6	112				-39.75	-73.25
P	CE7	112		16		-40.58	-73.23
P	CE8	112		16		-53.17	-70.93
P	CE9	241
P	CF	1		9
P	CF1	1		9		45.13	-62.48
P	CF2	1		4		45.78	-73.27
P	CF3	1	4	4		43.8	-79.25
P	CF4	1	4	3		49.88	-97.13
P	CF5	1	4	3		51.33	-105.7
P	CF6	1	4			52.12	-113.83
P	CF7	1	3			49.53	-122.67
P	CF8	1	1	3		62.45	-114.4
P	CF9	1		9		45.75	-65.8
P	CG	1		9
P	CG1	1		9		45.13	-62.48
P	CG2	1		4		45.78	-73.27
P	CG3	1	4	4		43.8	-79.25
P	CG4	1	4	3		49.88	-97.13
P	CG5	1	4	3		51.33	-105.7
P	CG6	1	4			52.12	-113.83
P	CG7	1	3			49.53	-122.67
P	CG8	1	1	3		62.45	-114.4
P	CG9	1		9		45.75	-65.8
P	CH1	1		9		48.48	-55.47
P	CH2	1	2	9		53.93	-61.07
P	CI0	1	2	4		65.25	-83.6
P	CI1	1	1			60.72	-135.05
P	CI2	1		9		46.37	-63.43
P	CJ	1		9
P	CJ1	1		9		45.13	-62.48
P	CJ2	1		4		45.78	-73.27
P	CJ3	1	4	4		43.8	-79.25
P	CJ4	1	4	3		49.88	-97.13
P	CJ5	1	4	3		51.33	-105.7
P	CJ6	1	4			52.12	-113.83
P	CJ7	1	3			49.53	-122.67
P	CJ8	1	1	3		62.45	-114.4
P	CJ9	1		9		45.75	-65.8
P	CK	1		9
P	CK1	1		9		45.13	-62.48
P	CK2	1		4		45.78	-73.27
P	CK3	1	4	4		43.8	-79.25
P	CK4	1	4	3		49.88	-97.13
P	CK5	1	4	3		51.33	-105.7
P	CK6	1	4			52.12	-113.83
P	CK7	1	3			49.53	-122.67
P	CK8	1	1	3		62.45	-114.4
P	CK9	1		9		45.75	-65.8
P	CL	70
P	CL1	70				22.42	-83.67
P	CL2	70				23.13	-82.38
P	CL3	70				22.82	-82.35
P	CL4	70				21.75	-82.85
P	CL5	70				23.05	-81.58
P	CL6	70				22.4	-79.95
P	CL7	70				22.62	-78.33
P	CL8	70				20.48	-76.18
P	CM	70
P	CM1	70				22.42	-83.67
P	CM2	70				23.13	-82.38
P	CM3	70				22.82	-82.35
P	CM4	70				21.75	-82.85
P	CM5	70				23.05	-81.58
P	CM6	70				22.4	-79.95
P	CM7	70				22.62	-78.33
P	CM8	70				20.48	-76.18
P	CN	446
P	CO	70
P	CO1	70				22.42	-83.67
P	CO2	70				23.13	-82.38
P	CO3	70				22.82	-82.35
P	CO4	70				21.75	-82.85
P	CO5	70				23.05	-81.58
P	CO6	70				22.4	-79.95
P	CO7	70				22.62	-78.33
P	CO8	70				20.48	-76.18
P	CP	104
P	CP1	104				-16.5	-68.15
P	CP2	104		14		-19	-65.5
P	CP3	104		14		-17.98	-67.13
P	CP4	104		14		-19.57	-65.75
P	CP5	104		14		-17.43	-66.17
P	CP6	104		14		-17.75	-63.23
P	CP7	104		14		-21.6	-64.78
P	CP8	104				-15.8	-67.2
P	CP9	104				-11.78	-67.9
P	CQ	272
P	CQ1	149
P	CQ2	256
P	CQ3	256
P	CQ8	149
P	CQ9	256
P	CR	272
P	CR1	149
P	CR2	149
P	CR3	256
P	CR8	149
P	CR9	256
P	CS	272
P	CS3	256
P	CS4	149
P	CS8	149
P	CS9	256
P	CT	272
P	CT3	256
P	CT8	149
P	CT9	256
P	CU	149
P	CU1	149				36.95	-25.15
P	CU2	149				37.78	-25.5
P	CU3	149				38.7	-27.2
P	CU4	149				39.05	-28.02
P	CU5	149				38.65	-28.08
P	CU6	149				38.47	-28.87
P	CU7	149				38.57	-28.72
P	CU8	149				39.45	-31.13
P	CU9	149				39.67	-31.12
P	CV	144
P	CV0A	144				-34.88	-56.17
P	CV0D	144				-34.6	-55.88
P	CV0E	144				-34.35	-56.73
P	CV0F	144				-34.2	-57.7
P	CV0G	144				-33.52	-57.75
P	CV0H	144				-32.78	-57.45
P	CV0I	144				-32.07	-57.33
P	CV0J	144				-31.32	-57.03
P	CV0K	144				-30.62	-56.95
P	CV0L	144				-33.78	-55.83
P	CV0M	144				-33.53	-56.88
P	CV0N	144				-33.05	-56.03
P	CV0O	144				-32.12	-55.75
P	CV0P	144				-31.48	-55.25
P	CV0R	144				-34.65	-54.88
P	CV0S	144				-33.93	-54.97
P	CV0T	144				-34	-53.98
P	CV0U	144				-33.07	-54.23
P	CV0V	144				-32.45	-54.33
P	CV1A	144				-34.88	-56.17
P	CV1D	144				-34.6	-55.88
P	CV1E	144				-34.35	-56.73
P	CV1F	144				-34.2	-57.7
P	CV1G	144				-33.52	-57.75
P	CV1H	144				-32.78	-57.45
P	CV1I	144				-32.07	-57.33
P	CV1J	144				-31.32	-57.03
P	CV1K	144				-30.62	-56.95
P	CV1L	144				-33.78	-55.83
P	CV1M	144				-33.53	-56.88
P	CV1N	144				-33.05	-56.03
P	CV1O	144				-32.12	-55.75
P	CV1P	144				-31.48	-55.25
P	CV1R	144				-34.65	-54.88
P	CV1S	144				-33.93	-54.97
P	CV1T	144				-34	-53.98
P	CV1U	144				-33.07	-54.23
P	CV1V	144				-32.45	-54.33
P	CV2A	144				-34.88	-56.17
P	CV2D	144				-34.6	-55.88
P	CV2E	144				-34.35	-56.73
P	CV2F	144				-34.2	-57.7
P	CV2G	144				-33.52	-57.75
P	CV2H	144				-32.78	-57.45
P	CV2I	144				-32.07	-57.33
P	CV2J	144				-31.32	-57.03
P	CV2K	144				-30.62	-56.95
P	CV2L	144				-33.78	-55.83
P	CV2M	144				-33.53	-56.88
P	CV2N	144				-33.05	-56.03
P	CV2O	144				-32.12	-55.75
P	CV2P	144				-31.48	-55.25
P	CV2R	144				-34.65	-54.88
P	CV2S	144				-33.93	-54.97
P	CV2T	144				-34	-53.98
P	CV2U	144				-33.07	-54.23
P	CV2V	144				-32.45	-54.33
P	CV3A	144				-34.88	-56.17
P	CV3D	144				-34.6	-55.88
P	CV3E	144				-34.35	-56.73
P	CV3F	144				-34.2	-57.7
P	CV3G	144				-33.52	-57.75
P	CV3H	144				-32.78	-57.45
P	CV3I	144				-32.07	-57.33
P	CV3J	144				-31.32	-57.03
P	CV3K	144				-30.62	-56.95
P	CV3L	144				-33.78	-55.83
P	CV3M	144				-33.53	-56.88
P	CV3N	144				-33.05	-56.03
P	CV3O	144				-32.12	-55.75
P	CV3P	144				-31.48	-55.25
P	CV3R	144				-34.65	-54.88
P	CV3S	144				-33.93	-54.97
P	CV3T	144				-34	-53.98
P	CV3U	144				-33.07	-54.23
P	CV3V	144				-32.45	-54.33
P	CV4A	144				-34.88	-56.17
P	CV4D	144				-34.6	-55.88
P	CV4E	144				-34.35	-56.73
P	CV4F	144				-34.2	-57.7
P	CV4G	144				-33.52	-57.75
P	CV4H	144				-32.78	-57.45
P	CV4I	144				-32.07	-57.33
P	CV4J	144				-31.32	-57.03
P	CV4K	144				-30.62	-56.95
P	CV4L	144				-33.78	-55.83
P	CV4M	144				-33.53	-56.88
P	CV4N	144				-33.05	-56.03
P	CV4O	144				-32.12	-55.75
P	CV4P	144				-31.48	-55.25
P	CV4R	144				-34.65	-54.88
P	CV4S	144				-33.93	-54.97
P	CV4T	144				-34	-53.98
P	CV4U	144				-33.07	-54.23
P	CV4V	144				-32.45	-54.33
P	CV5A	144				-34.88	-56.17
P	CV5D	144				-34.6	-55.88
P	CV5E	144				-34.35	-56.73
P	CV5F	144				-34.2	-57.7
P	CV5G	144				-33.52	-57.75
P	CV5H	144				-32.78	-57.45
P	CV5I	144				-32.07	-57.33
P	CV5J	144				-31.32	-57.03
P	CV5K	144				-30.62	-56.95
P	CV5L	144				-33.78	-55.83
P	CV5M	144				-33.53	-56.88
P	CV5N	144				-33.05	-56.03
P	CV5O	144				-32.12	-55.75
P	CV5P	144				-31.48	-55.25
P	CV5R	144				-34.65	-54.88
P	CV5S	144				-33.93	-54.97
P	CV5T	144				-34	-53.98
P	CV5U	144				-33.07	-54.23
P	CV5V	144				-32.45	-54.33
P	CV6A	144				-34.88	-56.17
P	CV6D	144				-34.6	-55.88
P	CV6E	144				-34.35	-56.73
P	CV6F	144				-34.2	-57.7
P	CV6G	144				-33.52	-57.75
P	CV6H	144				-32.78	-57.45
P	CV6I	144				-32.07	-57.33
P	CV6J	144				-31.32	-57.03
P	CV6K	144				-30.62	-56.95
P	CV6L	144				-33.78	-55.83
P	CV6M	144				-33.53	-56.88
P	CV6N	144				-33.05	-56.03
P	CV6O	144				-32.12	-55.75
P	CV6P	144				-31.48	-55.25
P	CV6R	144				-34.65	-54.88
P	CV6S	144				-33.93	-54.97
P	CV6T	144				-34	-53.98
P	CV6U	144				-33.07	-54.23
P	CV6V	144				-32.45	-54.33
P	CV7A	144				-34.88	-56.17
P	CV7D	144				-34.6	-55.88
P	CV7E	144				-34.35	-56.73
P	CV7F	144				-34.2	-57.7
P	CV7G	144				-33.52	-57.75
P	CV7H	144				-32.78	-57.45
P	CV7I	144				-32.07	-57.33
P	CV7J	144				-31.32	-57.03
P	CV7K	144				-30.62	-56.95
P	CV7L	144				-33.78	-55.83
P	CV7M	144				-33.53	-56.88
P	CV7N	144				-33.05	-56.03
P	CV7O	144				-32.12	-55.75
P	CV7P	144				-31.48	-55.25
P	CV7R	144				-34.65	-54.88
P	CV7S	144				-33.93	-54.97
P	CV7T	144				-34	-53.98
P	CV7U	144				-33.07	-54.23
P	CV7V	144				-32.45	-54.33
P	CV8A	144				-34.88	-56.17
P	CV8D	144				-34.6	-55.88
P	CV8E	144				-34.35	-56.73
P	CV8F	144				-34.2	-57.7
P	CV8G	144				-33.52	-57.75
P	CV8H	144				-32.78	-57.45
P	CV8I	144				-32.07	-57.33
P	CV8J	144				-31.32	-57.03
P	CV8K	144				-30.62	-56.95
P	CV8L	144				-33.78	-55.83
P	CV8M	144				-33.53	-56.88
P	CV8N	144				-33.05	-56.03
P	CV8O	144				-32.12	-55.75
P	CV8P	144				-31.48	-55.25
P	CV8R	144				-34.65	-54.88
P	CV8S	144				-33.93	-54.97
P	CV8T	144				-34	-53.98
P	CV8U	144				-33.07	-54.23
P	CV8V	144				-32.45	-54.33
P	CV9A	144				-34.88	-56.17
P	CV9D	144				-34.6	-55.88
P	CV9E	144				-34.35	-56.73
P	CV9F	144				-34.2	-57.7
P	CV9G	144				-33.52	-57.75
P	CV9H	144				-32.78	-57.45
P	CV9I	144				-32.07	-57.33
P	CV9J	144				-31.32	-57.03
P	CV9K	144				-30.62	-56.95
P	CV9L	144				-33.78	-55.83
P	CV9M	144				-33.53	-56.88
P	CV9N	144				-33.05	-56.03
P	CV9O	144				-32.12	-55.75
P	CV9P	144				-31.48	-55.25
P	CV9R	144				-34.65	-54.88
P	CV9S	144				-33.93	-54.97
P	CV9T	144				-34	-53.98
P	CV9U	144				-33.07	-54.23
P	CV9V	144				-32.45	-54.33
P	CW	144
P	CW0A	144				-34.88	-56.17
P	CW0D	144				-34.6	-55.88
P	CW0E	144				-34.35	-56.73
P	CW0F	144				-34.2	-57.7
P	CW0G	144				-33.52	-57.75
P	CW0H	144				-32.78	-57.45
P	CW0I	144				-32.07	-57.33
P	CW0J	144				-31.32	-57.03
P	CW0K	144				-30.62	-56.95
P	CW0L	144				-33.78	-55.83
P	CW0M	144				-33.53	-56.88
P	CW0N	144				-33.05	-56.03
P	CW0O	144				-32.12	-55.75
P	CW0P	144				-31.48	-55.25
P	CW0R	144				-34.65	-54.88
P	CW0S	144				-33.93	-54.97
P	CW0T	144				-34	-53.98
P	CW0U	144				-33.07	-54.23
P	CW0V	144				-32.45	-54.33
P	CW1A	144				-34.88	-56.17
P	CW1D	144				-34.6	-55.88
P	CW1E	144				-34.35	-56.73
P	CW1F	144				-34.2	-57.7
P	CW1G	144				-33.52	-57.75
P	CW1H	144				-32.78	-57.45
P	CW1I	144				-32.07	-57.33
P	CW1J	144				-31.32	-57.03
P	CW1K	144				-30.62	-56.95
P	CW1L	144				-33.78	-55.83
P	CW1M	144				-33.53	-56.88
P	CW1N	144				-33.05	-56.03
P	CW1O	144				-32.12	-55.75
P	CW1P	144				-31.48	-55.25
P	CW1R	144				-34.65	-54.88
P	CW1S	144				-33.93	-54.97
P	CW1T	144				-34	-53.98
P	CW1U	144				-33.07	-54.23
P	CW1V	144				-32.45	-54.33
P	CW2A	144				-34.88	-56.17
P	CW2D	144				-34.6	-55.88
P	CW2E	144				-34.35	-56.73
P	CW2F	144				-34.2	-57.7
P	CW2G	144				-33.52	-57.75
P	CW2H	144				-32.78	-57.45
P	CW2I	144				-32.07	-57.33
P	CW2J	144				-31.32	-57.03
P	CW2K	144				-30.62	-56.95
P	CW2L	144				-33.78	-55.83
P	CW2M	144				-33.53	-56.88
P	CW2N	144				-33.05	-56.03
P	CW2O	144				-32.12	-55.75
P	CW2P	144				-31.48	-55.25
P	CW2R	144				-34.65	-54.88
P	CW2S	144				-33.93	-54.97
P	CW2T	144				-34	-53.98
P	CW2U	144				-33.07	-54.23
P	CW2V	144				-32.45	-54.33
P	CW3A	144				-34.88	-56.17
P	CW3D	144				-34.6	-55.88
P	CW3E	144				-34.35	-56.73
P	CW3F	144				-34.2	-57.7
P	CW3G	144				-33.52	-57.75
P	CW3H	144				-32.78	-57.45
P	CW3I	144				-32.07	-57.33
P	CW3J	144				-31.32	-57.03
P	CW3K	144				-30.62	-56.95
P	CW3L	144				-33.78	-55.83
P	CW3M	144				-33.53	-56.88
P	CW3N	144				-33.05	-56.03
P	CW3O	144				-32.12	-55.75
P	CW3P	144				-31.48	-55.25
P	CW3R	144				-34.65	-54.88
P	CW3S	144				-33.93	-54.97
P	CW3T	144				-34	-53.98
P	CW3U	144				-33.07	-54.23
P	CW3V	144				-32.45	-54.33
P	CW4A	144				-34.88	-56.17
P	CW4D	144				-34.6	-55.88
P	CW4E	144				-34.35	-56.73
P	CW4F	144				-34.2	-57.7
P	CW4G	144				-33.52	-57.75
P	CW4H	144				-32.78	-57.45
P	CW4I	144				-32.07	-57.33
P	CW4J	144				-31.32	-57.03
P	CW4K	144				-30.62	-56.95
P	CW4L	144				-33.78	-55.83
P	CW4M	144				-33.53	-56.88
P	CW4N	144				-33.05	-56.03
P	CW4O	144				-32.12	-55.75
P	CW4P	144				-31.48	-55.25
P	CW4R	144				-34.65	-54.88
P	CW4S	144				-33.93	-54.97
P	CW4T	144				-34	-53.98
P	CW4U	144				-33.07	-54.23
P	CW4V	144				-32.45	-54.33
P	CW5A	144				-34.88	-56.17
P	CW5D	144				-34.6	-55.88
P	CW5E	144				-34.35	-56.73
P	CW5F	144				-34.2	-57.7
P	CW5G	144				-33.52	-57.75
P	CW5H	144				-32.78	-57.45
P	CW5I	144				-32.07	-57.33
P	CW5J	144				-31.32	-57.03
P	CW5K	144				-30.62	-56.95
P	CW5L	144				-33.78	-55.83
P	CW5M	144				-33.53	-56.88
P	CW5N	144				-33.05	-56.03
P	CW5O	144				-32.12	-55.75
P	CW5P	144				-31.48	-55.25
P	CW5R	144				-34.65	-54.88
P	CW5S	144				-33.93	-54.97
P	CW5T	144				-34	-53.98
P	CW5U	144				-33.07	-54.23
P	CW5V	144				-32.45	-54.33
P	CW6A	144				-34.88	-56.17
P	CW6D	144				-34.6	-55.88
P	CW6E	144				-34.35	-56.73
P	CW6F	144				-34.2	-57.7
P	CW6G	144				-33.52	-57.75
P	CW6H	144				-32.78	-57.45
P	CW6I	144				-32.07	-57.33
P	CW6J	144				-31.32	-57.03
P	CW6K	144				-30.62	-56.95
P	CW6L	144				-33.78	-55.83
P	CW6M	144				-33.53	-56.88
P	CW6N	144				-33.05	-56.03
P	CW6O	144				-32.12	-55.75
P	CW6P	144				-31.48	-55.25
P	CW6R	144				-34.65	-54.88
P	CW6S	144				-33.93	-54.97
P	CW6T	144				-34	-53.98
P	CW6U	144				-33.07	-54.23
P	CW6V	144				-32.45	-54.33
P	CW7A	144				-34.88	-56.17
P	CW7D	144				-34.6	-55.88
P	CW7E	144				-34.35	-56.73
P	CW7F	144				-34.2	-57.7
P	CW7G	144				-33.52	-57.75
P	CW7H	144				-32.78	-57.45
P	CW7I	144				-32.07	-57.33
P	CW7J	144				-31.32	-57.03
P	CW7K	144				-30.62	-56.95
P	CW7L	144				-33.78	-55.83
P	CW7M	144				-33.53	-56.88
P	CW7N	144				-33.05	-56.03
P	CW7O	144				-32.12	-55.75
P	CW7P	144				-31.48	-55.25
P	CW7R	144				-34.65	-54.88
P	CW7S	144				-33.93	-54.97
P	CW7T	144				-34	-53.98
P	CW7U	144				-33.07	-54.23
P	CW7V	144				-32.45	-54.33
P	CW8A	144				-34.88	-56.17
P	CW8D	144				-34.6	-55.88
P	CW8E	144				-34.35	-56.73
P	CW8F	144				-34.2	-57.7
P	CW8G	144				-33.52	-57.75
P	CW8H	144				-32.78	-57.45
P	CW8I	144				-32.07	-57.33
P	CW8J	144				-31.32	-57.03
P	CW8K	144				-30.62	-56.95
P	CW8L	144				-33.78	-55.83
P	CW8M	144				-33.53	-56.88
P	CW8N	144				-33.05	-56.03
P	CW8O	144				-32.12	-55.75
P	CW8P	144				-31.48	-55.25
P	CW8R	144				-34.65	-54.88
P	CW8S	144				-33.93	-54.97
P	CW8T	144				-34	-53.98
P	CW8U	144				-33.07	-54.23
P	CW8V	144				-32.45	-54.33
P	CW9A	144				-34.88	-56.17
P	CW9D	144				-34.6	-55.88
P	CW9E	144				-34.35	-56.73
P	CW9F	144				-34.2	-57.7
P	CW9G	144				-33.52	-57.75
P	CW9H	144				-32.78	-57.45
P	CW9I	144				-32.07	-57.33
P	CW9J	144				-31.32	-57.03
P	CW9K	144				-30.62	-56.95
P	CW9L	144				-33.78	-55.83
P	CW9M	144				-33.53	-56.88
P	CW9N	144				-33.05	-56.03
P	CW9O	144				-32.12	-55.75
P	CW9P	144				-31.48	-55.25
P	CW9R	144				-34.65	-54.88
P	CW9S	144				-33.93	-54.97
P	CW9T	144				-34	-53.98
P	CW9U	144				-33.07	-54.23
P	CW9V	144				-32.45	-54.33
P	CX	144
P	CX0A	144				-34.88	-56.17
P	CX0D	144				-34.6	-55.88
P	CX0E	144				-34.35	-56.73
P	CX0F	144				-34.2	-57.7
P	CX0G	144				-33.52	-57.75
P	CX0H	144				-32.78	-57.45
P	CX0I	144				-32.07	-57.33
P	CX0J	144				-31.32	-57.03
P	CX0K	144				-30.62	-56.95
P	CX0L	144				-33.78	-55.83
P	CX0M	144				-33.53	-56.88
P	CX0N	144				-33.05	-56.03
P	CX0O	144				-32.12	-55.75
P	CX0P	144				-31.48	-55.25
P	CX0R	144				-34.65	-54.88
P	CX0S	144				-33.93	-54.97
P	CX0T	144				-34	-53.98
P	CX0U	144				-33.07	-54.23
P	CX0V	144				-32.45	-54.33
P	CX1A	144				-34.88	-56.17
P	CX1D	144				-34.6	-55.88
P	CX1E	144				-34.35	-56.73
P	CX1F	144				-34.2	-57.7
P	CX1G	144				-33.52	-57.75
P	CX1H	144				-32.78	-57.45
P	CX1I	144				-32.07	-57.33
P	CX1J	144				-31.32	-57.03
P	CX1K	144				-30.62	-56.95
P	CX1L	144				-33.78	-55.83
P	CX1M	144				-33.53	-56.88
P	CX1N	144				-33.05	-56.03
P	CX1O	144				-32.12	-55.75
P	CX1P	144				-31.48	-55.25
P	CX1R	144				-34.65	-54.88
P	CX1S	144				-33.93	-54.97
P	CX1T	144				-34	-53.98
P	CX1U	144				-33.07	-54.23
P	CX1V	144				-32.45	-54.33
P	CX2A	144				-34.88	-56.17
P	CX2D	144				-34.6	-55.88
P	CX2E	144				-34.35	-56.73
P	CX2F	144				-34.2	-57.7
P	CX2G	144				-33.52	-57.75
P	CX2H	144				-32.78	-57.45
P	CX2I	144				-32.07	-57.33
P	CX2J	144				-31.32	-57.03
P	CX2K	144				-30.62	-56.95
P	CX2L	144				-33.78	-55.83
P	CX2M	144				-33.53	-56.88
P	CX2N	144				-33.05	-56.03
P	CX2O	144				-32.12	-55.75
P	CX2P	144				-31.48	-55.25
P	CX2R	144				-34.65	-54.88
P	CX2S	144				-33.93	-54.97
P	CX2T	144				-34	-53.98
P	CX2U	144				-33.07	-54.23
P	CX2V	144				-32.45	-54.33
P	CX3A	144				-34.88	-56.17
P	CX3D	144				-34.6	-55.88
P	CX3E	144				-34.35	-56.73
P	CX3F	144				-34.2	-57.7
P	CX3G	144				-33.52	-57.75
P	CX3H	144				-32.78	-57.45
P	CX3I	144				-32.07	-57.33
P	CX3J	144				-31.32	-57.03
P	CX3K	144				-30.62	-56.95
P	CX3L	144				-33.78	-55.83
P	CX3M	144				-33.53	-56.88
P	CX3N	144				-33.05	-56.03
P	CX3O	144				-32.12	-55.75
P	CX3P	144				-31.48	-55.25
P	CX3R	144				-34.65	-54.88
P	CX3S	144				-33.93	-54.97
P	CX3T	144				-34	-53.98
P	CX3U	144				-33.07	-54.23
P	CX3V	144				-32.45	-54.33
P	CX4A	144				-34.88	-56.17
P	CX4D	144				-34.6	-55.88
P	CX4E	144				-34.35	-56.73
P	CX4F	144				-34.2	-57.7
P	CX4G	144				-33.52	-57.75
P	CX4H	144				-32.78	-57.45
P	CX4I	144				-32.07	-57.33
P	CX4J	144				-31.32	-57.03
P	CX4K	144				-30.62	-56.95
P	CX4L	144				-33.78	-55.83
P	CX4M	144				-33.53	-56.88
P	CX4N	144				-33.05	-56.03
P	CX4O	144				-32.12	-55.75
P	CX4P	144				-31.48	-55.25
P	CX4R	144				-34.65	-54.88
P	CX4S	144				-33.93	-54.97
P	CX4T	144				-34	-53.98
P	CX4U	144				-33.07	-54.23
P	CX4V	144				-32.45	-54.33
P	CX5A	144				-34.88	-56.17
P	CX5D	144				-34.6	-55.88
P	CX5E	144				-34.35	-56.73
P	CX5F	144				-34.2	-57.7
P	CX5G	144				-33.52	-57.75
P	CX5H	144				-32.78	-57.45
P	CX5I	144				-32.07	-57.33
P	CX5J	144				-31.32	-57.03
P	CX5K	144				-30.62	-56.95
P	CX5L	144				-33.78	-55.83
P	CX5M	144				-33.53	-56.88
P	CX5N	144				-33.05	-56.03
P	CX5O	144				-32.12	-55.75
P	CX5P	144				-31.48	-55.25
P	CX5R	144				-34.65	-54.88
P	CX5S	144				-33.93	-54.97
P	CX5T	144				-34	-53.98
P	CX5U	144				-33.07	-54.23
P	CX5V	144				-32.45	-54.33
P	CX6A	144				-34.88	-56.17
P	CX6D	144				-34.6	-55.88
P	CX6E	144				-34.35	-56.73
P	CX6F	144				-34.2	-57.7
P	CX6G	144				-33.52	-57.75
P	CX6H	144				-32.78	-57.45
P	CX6I	144				-32.07	-57.33
P	CX6J	144				-31.32	-57.03
P	CX6K	144				-30.62	-56.95
P	CX6L	144				-33.78	-55.83
P	CX6M	144				-33.53	-56.88
P	CX6N	144				-33.05	-56.03
P	CX6O	144				-32.12	-55.75
P	CX6P	144				-31.48	-55.25
P	CX6R	144				-34.65	-54.88
P	CX6S	144				-33.93	-54.97
P	CX6T	144				-34	-53.98
P	CX6U	144				-33.07	-54.23
P	CX6V	144				-32.45	-54.33
P	CX7A	144				-34.88	-56.17
P	CX7D	144				-34.6	-55.88
P	CX7E	144				-34.35	-56.73
P	CX7F	144				-34.2	-57.7
P	CX7G	144				-33.52	-57.75
P	CX7H	144				-32.78	-57.45
P	CX7I	144				-32.07	-57.33
P	CX7J	144				-31.32	-57.03
P	CX7K	144				-30.62	-56.95
P	CX7L	144				-33.78	-55.83
P	CX7M	144				-33.53	-56.88
P	CX7N	144				-33.05	-56.03
P	CX7O	144				-32.12	-55.75
P	CX7P	144				-31.48	-55.25
P	CX7R	144				-34.65	-54.88
P	CX7S	144				-33.93	-54.97
P	CX7T	144				-34	-53.98
P	CX7U	144				-33.07	-54.23
P	CX7V	144				-32.45	-54.33
P	CX8A	144				-34.88	-56.17
P	CX8D	144				-34.6	-55.88
P	CX8E	144				-34.35	-56.73
P	CX8F	144				-34.2	-57.7
P	CX8G	144				-33.52	-57.75
P	CX8H	144				-32.78	-57.45
P	CX8I	144				-32.07	-57.33
P	CX8J	144				-31.32	-57.03
P	CX8K	144				-30.62	-56.95
P	CX8L	144				-33.78	-55.83
P	CX8M	144				-33.53	-56.88
P	CX8N	144				-33.05	-56.03
P	CX8O	144				-32.12	-55.75
P	CX8P	144				-31.48	-55.25
P	CX8R	144				-34.65	-54.88
P	CX8S	144				-33.93	-54.97
P	CX8T	144				-34	-53.98
P	CX8U	144				-33.07	-54.23
P	CX8V	144				-32.45	-54.33
P	CX9A	144				-34.88	-56.17
P	CX9D	144				-34.6	-55.88
P	CX9E	144				-34.35	-56.73
P	CX9F	144				-34.2	-57.7
P	CX9G	144				-33.52	-57.75
P	CX9H	144				-32.78	-57.45
P	CX9I	144				-32.07	-57.33
P	CX9J	144				-31.32	-57.03
P	CX9K	144				-30.62	-56.95
P	CX9L	144				-33.78	-55.83
P	CX9M	144				-33.53	-56.88
P	CX9N	144				-33.05	-56.03
P	CX9O	144				-32.12	-55.75
P	CX9P	144				-31.48	-55.25
P	CX9R	144				-34.65	-54.88
P	CX9S	144				-33.93	-54.97
P	CX9T	144				-34	-53.98
P	CX9U	144				-33.07	-54.23
P	CX9V	144				-32.45	-54.33
P	CY0	211
P	CY1	1		9		48.48	-55.47
P	CY2	1	2	9		53.93	-61.07
P	CY9	252
P	CZ0	1	2	4		65.25	-83.6
P	CZ1	1	1			60.72	-135.05
P	CZ2	1		9		46.37	-63.43
P	D2	401
P	D3	401
P	D4	409
P	D5	434
P	D6	411
P	D7	137
P	D8	137
P	D9	137
P	DA	230
P	DB	230
P	DC	230
P	DD	230
P	DE	230
P	DF	230
P	DG	230
P	DH	230
P	DI	230
P	DJ	230
P	DK	230
P	DL	230
P	DM	230
P	DN	230
P	DO	230
P	DP	230
P	DQ	230
P	DR	230
P	DS	137
P	DT	137
P	DU	375
P	DU1	375				14.58	121
P	DU2	375				16.42	120.57
P	DU3	375				15.47	120.57
P	DU4	375				13.6	123.2
P	DU5	375				11.28	125.02
P	DU6	375				10.75	122.97
P	DU7	375				10.32	123.9
P	DU8	375				6.92	122.07
P	DU9	375				7.1	125.62
P	DV	375
P	DV1	375				14.58	121
P	DV2	375				16.42	120.57
P	DV3	375				15.47	120.57
P	DV4	375				13.6	123.2
P	DV5	375				11.28	125.02
P	DV6	375				10.75	122.97
P	DV7	375				10.32	123.9
P	DV8	375				6.92	122.07
P	DV9	375				7.1	125.62
P	DW	375
P	DW1	375				14.58	121
P	DW2	375				16.42	120.57
P	DW3	375				15.47	120.57
P	DW4	375				13.6	123.2
P	DW5	375				11.28	125.02
P	DW6	375				10.75	122.97
P	DW7	375				10.32	123.9
P	DW8	375				6.92	122.07
P	DW9	375				7.1	125.62
P	DX	375
P	DX1	375				14.58	121
P	DX2	375				16.42	120.57
P	DX3	375				15.47	120.57
P	DX4	375				13.6	123.2
P	DX5	375				11.28	125.02
P	DX6	375				10.75	122.97
P	DX7	375				10.32	123.9
P	DX8	375				6.92	122.07
P	DX9	375				7.1	125.62
P	DY	375
P	DY1	375				14.58	121
P	DY2	375				16.42	120.57
P	DY3	375				15.47	120.57
P	DY4	375				13.6	123.2
P	DY5	375				11.28	125.02
P	DY6	375				10.75	122.97
P	DY7	375				10.32	123.9
P	DY8	375				6.92	122.07
P	DY9	375				7.1	125.62
P	DZ	375
P	DZ1	375				14.58	121
P	DZ2	375				16.42	120.57
P	DZ3	375				15.47	120.57
P	DZ4	375				13.6	123.2
P	DZ5	375				11.28	125.02
P	DZ6	375				10.75	122.97
P	DZ7	375				10.32	123.9
P	DZ8	375				6.92	122.07
P	DZ9	375				7.1	125.62
P	E2	387
P	E21	387				13.7	100.5
P	E22	387				13.4	101.7
P	E23	387				15.25	104.82
P	E24	387				16.42	102.82
P	E25	387				18.8	98.97
P	E26	387				15.7	100.07
P	E27	387				7.2	100.55
P	E28	387				8.4	99.97
P	E29	387				6.52	101.27
P	E3	51
P	E4	510
P	E5	234		63
P	E6	188
P	E7	501
P	EA	281
P	EA1	281				42.57	-6.17
P	EA2	281				42.6	-1.93
P	EA3	281				41.68	1.9
P	EA4	281				40.18	-3.93
P	EA5	281				38.87	-0.97
P	EA6	21
P	EA7	281				37.25	-4.68
P	EA8	29
P	EA9	32
P	EB	281
P	EB1	281				42.57	-6.17
P	EB2	281				42.6	-1.93
P	EB3	281				41.68	1.9
P	EB4	281				40.18	-3.93
P	EB5	281				38.87	-0.97
P	EB6	21
P	EB7	281				37.25	-4.68
P	EB8	29
P	EB9	32
P	EC	281
P	EC1	281				42.57	-6.17
P	EC2	281				42.6	-1.93
P	EC3	281				41.68	1.9
P	EC4	281				40.18	-3.93
P	EC5	281				38.87	-0.97
P	EC6	21
P	EC7	281				37.25	-4.68
P	EC8	29
P	EC9	32
P	ED	281
P	ED1	281				42.57	-6.17
P	ED2	281				42.6	-1.93
P	ED3	281				41.68	1.9
P	ED4	281				40.18	-3.93
P	ED5	281				38.87	-0.97
P	ED6	21
P	ED7	281				37.25	-4.68
P	ED8	29
P	ED9	32
P	EE	281
P	EE1	281				42.57	-6.17
P	EE2	281				42.6	-1.93
P	EE3	281				41.68	1.9
P	EE4	281				40.18	-3.93
P	EE5	281				38.87	-0.97
P	EE6	21
P	EE7	281				37.25	-4.68
P	EE8	29
P	EE9	32
P	EF	281
P	EF1	281				42.57	-6.17
P	EF2	281				42.6	-1.93
P	EF3	281				41.68	1.9
P	EF4	281				40.18	-3.93
P	EF5	281				38.87	-0.97
P	EF6	21
P	EF7	281				37.25	-4.68
P	EF8	29
P	EF9	32
P	EG	281
P	EG1	281				42.57	-6.17
P	EG2	281				42.6	-1.93
P	EG3	281				41.68	1.9
P	EG4	281				40.18	-3.93
P	EG5	281				38.87	-0.97
P	EG6	21
P	EG7	281				37.25	-4.68
P	EG8	29
P	EG9	32
P	EH	281
P	EH1	281				42.57	-6.17
P	EH2	281				42.6	-1.93
P	EH3	281				41.68	1.9
P	EH4	281				40.18	-3.93
P	EH5	281				38.87	-0.97
P	EH6	21
P	EH7	281				37.25	-4.68
P	EH8	29
P	EH9	32
P	EI	245
P	EJ	245
P	EK	14
P	EL	434
P	EM	288
P	EM0A	288				51.42	33.55
P	EM0B	288				49.58	25.65
P	EM0C	288				49.45	32.07
P	EM0D	288				47.83	35.17
P	EM0E	288				48.48	35
P	EM0F	288				46.5	30.75
P	EM0G	288				46.65	32.63
P	EM0H	288				49.58	34.58
P	EM0I	288				48	37.83
P	EM0K	288				50.65	26.17
P	EM0L	288				50.37	36.25
P	EM0M	288				48.58	39.33
P	EM0N	288				49.18	28.5
P	EM0P	288				50.65	24.15
P	EM0Q	288				47.83	35.17
P	EM0R	288				51.5	31.3
P	EM0S	288				48.67	26.6
P	EM0T	288				49.42	26.98
P	EM0U	288				50.42	30.5
P	EM0V	288				48.52	32.25
P	EM0W	288				49.83	24
P	EM0X	288				50.3	28.67
P	EM0Y	288				48.32	25.87
P	EM0Z	288				46.95	32
P	EM1A	288				51.42	33.55
P	EM1B	288				49.58	25.65
P	EM1C	288				49.45	32.07
P	EM1D	288				47.83	35.17
P	EM1E	288				48.48	35
P	EM1F	288				46.5	30.75
P	EM1G	288				46.65	32.63
P	EM1H	288				49.58	34.58
P	EM1I	288				48	37.83
P	EM1K	288				50.65	26.17
P	EM1L	288				50.37	36.25
P	EM1M	288				48.58	39.33
P	EM1N	288				49.18	28.5
P	EM1P	288				50.65	24.15
P	EM1Q	288				47.83	35.17
P	EM1R	288				51.5	31.3
P	EM1S	288				48.67	26.6
P	EM1T	288				49.42	26.98
P	EM1U	288				50.42	30.5
P	EM1V	288				48.52	32.25
P	EM1W	288				49.83	24
P	EM1X	288				50.3	28.67
P	EM1Y	288				48.32	25.87
P	EM1Z	288				46.95	32
P	EM2A	288				51.42	33.55
P	EM2B	288				49.58	25.65
P	EM2C	288				49.45	32.07
P	EM2D	288				47.83	35.17
P	EM2E	288				48.48	35
P	EM2F	288				46.5	30.75
P	EM2G	288				46.65	32.63
P	EM2H	288				49.58	34.58
P	EM2I	288				48	37.83
P	EM2K	288				50.65	26.17
P	EM2L	288				50.37	36.25
P	EM2M	288				48.58	39.33
P	EM2N	288				49.18	28.5
P	EM2P	288				50.65	24.15
P	EM2Q	288				47.83	35.17
P	EM2R	288				51.5	31.3
P	EM2S	288				48.67	26.6
P	EM2T	288				49.42	26.98
P	EM2U	288				50.42	30.5
P	EM2V	288				48.52	32.25
P	EM2W	288				49.83	24
P	EM2X	288				50.3	28.67
P	EM2Y	288				48.32	25.87
P	EM2Z	288				46.95	32
P	EM3A	288				51.42	33.55
P	EM3B	288				49.58	25.65
P	EM3C	288				49.45	32.07
P	EM3D	288				47.83	35.17
P	EM3E	288				48.48	35
P	EM3F	288				46.5	30.75
P	EM3G	288				46.65	32.63
P	EM3H	288				49.58	34.58
P	EM3I	288				48	37.83
P	EM3K	288				50.65	26.17
P	EM3L	288				50.37	36.25
P	EM3M	288				48.58	39.33
P	EM3N	288				49.18	28.5
P	EM3P	288				50.65	24.15
P	EM3Q	288				47.83	35.17
P	EM3R	288				51.5	31.3
P	EM3S	288				48.67	26.6
P	EM3T	288				49.42	26.98
P	EM3U	288				50.42	30.5
P	EM3V	288				48.52	32.25
P	EM3W	288				49.83	24
P	EM3X	288				50.3	28.67
P	EM3Y	288				48.32	25.87
P	EM3Z	288				46.95	32
P	EM4A	288				51.42	33.55
P	EM4B	288				49.58	25.65
P	EM4C	288				49.45	32.07
P	EM4D	288				47.83	35.17
P	EM4E	288				48.48	35
P	EM4F	288				46.5	30.75
P	EM4G	288				46.65	32.63
P	EM4H	288				49.58	34.58
P	EM4I	288				48	37.83
P	EM4K	288				50.65	26.17
P	EM4L	288				50.37	36.25
P	EM4M	288				48.58	39.33
P	EM4N	288				49.18	28.5
P	EM4P	288				50.65	24.15
P	EM4Q	288				47.83	35.17
P	EM4R	288				51.5	31.3
P	EM4S	288				48.67	26.6
P	EM4T	288				49.42	26.98
P	EM4U	288				50.42	30.5
P	EM4V	288				48.52	32.25
P	EM4W	288				49.83	24
P	EM4X	288				50.3	28.67
P	EM4Y	288				48.32	25.87
P	EM4Z	288				46.95	32
P	EM5A	288				51.42	33.55
P	EM5B	288				49.58	25.65
P	EM5C	288				49.45	32.07
P	EM5D	288				47.83	35.17
P	EM5E	288				48.48	35
P	EM5F	288				46.5	30.75
P	EM5G	288				46.65	32.63
P	EM5H	288				49.58	34.58
P	EM5I	288				48	37.83
P	EM5K	288				50.65	26.17
P	EM5L	288				50.37	36.25
P	EM5M	288				48.58	39.33
P	EM5N	288				49.18	28.5
P	EM5P	288				50.65	24.15
P	EM5Q	288				47.83	35.17
P	EM5R	288				51.5	31.3
P	EM5S	288				48.67	26.6
P	EM5T	288				49.42	26.98
P	EM5U	288				50.42	30.5
P	EM5V	288				48.52	32.25
P	EM5W	288				49.83	24
P	EM5X	288				50.3	28.67
P	EM5Y	288				48.32	25.87
P	EM5Z	288				46.95	32
P	EM6A	288				51.42	33.55
P	EM6B	288				49.58	25.65
P	EM6C	288				49.45	32.07
P	EM6D	288				47.83	35.17
P	EM6E	288				48.48	35
P	EM6F	288				46.5	30.75
P	EM6G	288				46.65	32.63
P	EM6H	288				49.58	34.58
P	EM6I	288				48	37.83
P	EM6K	288				50.65	26.17
P	EM6L	288				50.37	36.25
P	EM6M	288				48.58	39.33
P	EM6N	288				49.18	28.5
P	EM6P	288				50.65	24.15
P	EM6Q	288				47.83	35.17
P	EM6R	288				51.5	31.3
P	EM6S	288				48.67	26.6
P	EM6T	288				49.42	26.98
P	EM6U	288				50.42	30.5
P	EM6V	288				48.52	32.25
P	EM6W	288				49.83	24
P	EM6X	288				50.3	28.67
P	EM6Y	288				48.32	25.87
P	EM6Z	288				46.95	32
P	EM7A	288				51.42	33.55
P	EM7B	288				49.58	25.65
P	EM7C	288				49.45	32.07
P	EM7D	288				47.83	35.17
P	EM7E	288				48.48	35
P	EM7F	288				46.5	30.75
P	EM7G	288				46.65	32.63
P	EM7H	288				49.58	34.58
P	EM7I	288				48	37.83
P	EM7K	288				50.65	26.17
P	EM7L	288				50.37	36.25
P	EM7M	288				48.58	39.33
P	EM7N	288				49.18	28.5
P	EM7P	288				50.65	24.15
P	EM7Q	288				47.83	35.17
P	EM7R	288				51.5	31.3
P	EM7S	288				48.67	26.6
P	EM7T	288				49.42	26.98
P	EM7U	288				50.42	30.5
P	EM7V	288				48.52	32.25
P	EM7W	288				49.83	24
P	EM7X	288				50.3	28.67
P	EM7Y	288				48.32	25.87
P	EM7Z	288				46.95	32
P	EM8A	288				51.42	33.55
P	EM8B	288				49.58	25.65
P	EM8C	288				49.45	32.07
P	EM8D	288				47.83	35.17
P	EM8E	288				48.48	35
P	EM8F	288				46.5	30.75
P	EM8G	288				46.65	32.63
P	EM8H	288				49.58	34.58
P	EM8I	288				48	37.83
P	EM8K	288				50.65	26.17
P	EM8L	288				50.37	36.25
P	EM8M	288				48.58	39.33
P	EM8N	288				49.18	28.5
P	EM8P	288				50.65	24.15
P	EM8Q	288				47.83	35.17
P	EM8R	288				51.5	31.3
P	EM8S	288				48.67	26.6
P	EM8T	288				49.42	26.98
P	EM8U	288				50.42	30.5
P	EM8V	288				48.52	32.25
P	EM8W	288				49.83	24
P	EM8X	288				50.3	28.67
P	EM8Y	288				48.32	25.87
P	EM8Z	288				46.95	32
P	EM9A	288				51.42	33.55
P	EM9B	288				49.58	25.65
P	EM9C	288				49.45	32.07
P	EM9D	288				47.83	35.17
P	EM9E	288				48.48	35
P	EM9F	288				46.5	30.75
P	EM9G	288				46.65	32.63
P	EM9H	288				49.58	34.58
P	EM9I	288				48	37.83
P	EM9K	288				50.65	26.17
P	EM9L	288				50.37	36.25
P	EM9M	288				48.58	39.33
P	EM9N	288				49.18	28.5
P	EM9P	288				50.65	24.15
P	EM9Q	288				47.83	35.17
P	EM9R	288				51.5	31.3
P	EM9S	288				48.67	26.6
P	EM9T	288				49.42	26.98
P	EM9U	288				50.42	30.5
P	EM9V	288				48.52	32.25
P	EM9W	288				49.83	24
P	EM9X	288				50.3	28.67
P	EM9Y	288				48.32	25.87
P	EM9Z	288				46.95	32
P	EN	288
P	EN0A	288				51.42	33.55
P	EN0B	288				49.58	25.65
P	EN0C	288				49.45	32.07
P	EN0D	288				47.83	35.17
P	EN0E	288				48.48	35
P	EN0F	288				46.5	30.75
P	EN0G	288				46.65	32.63
P	EN0H	288				49.58	34.58
P	EN0I	288				48	37.83
P	EN0K	288				50.65	26.17
P	EN0L	288				50.37	36.25
P	EN0M	288				48.58	39.33
P	EN0N	288				49.18	28.5
P	EN0P	288				50.65	24.15
P	EN0Q	288				47.83	35.17
P	EN0R	288				51.5	31.3
P	EN0S	288				48.67	26.6
P	EN0T	288				49.42	26.98
P	EN0U	288				50.42	30.5
P	EN0V	288				48.52	32.25
P	EN0W	288				49.83	24
P	EN0X	288				50.3	28.67
P	EN0Y	288				48.32	25.87
P	EN0Z	288				46.95	32
P	EN1A	288				51.42	33.55
P	EN1B	288				49.58	25.65
P	EN1C	288				49.45	32.07
P	EN1D	288				47.83	35.17
P	EN1E	288				48.48	35
P	EN1F	288				46.5	30.75
P	EN1G	288				46.65	32.63
P	EN1H	288				49.58	34.58
P	EN1I	288				48	37.83
P	EN1K	288				50.65	26.17
P	EN1L	288				50.37	36.25
P	EN1M	288				48.58	39.33
P	EN1N	288				49.18	28.5
P	EN1P	288				50.65	24.15
P	EN1Q	288				47.83	35.17
P	EN1R	288				51.5	31.3
P	EN1S	288				48.67	26.6
P	EN1T	288				49.42	26.98
P	EN1U	288				50.42	30.5
P	EN1V	288				48.52	32.25
P	EN1W	288				49.83	24
P	EN1X	288				50.3	28.67
P	EN1Y	288				48.32	25.87
P	EN1Z	288				46.95	32
P	EN2A	288				51.42	33.55
P	EN2B	288				49.58	25.65
P	EN2C	288				49.45	32.07
P	EN2D	288				47.83	35.17
P	EN2E	288				48.48	35
P	EN2F	288				46.5	30.75
P	EN2G	288				46.65	32.63
P	EN2H	288				49.58	34.58
P	EN2I	288				48	37.83
P	EN2K	288				50.65	26.17
P	EN2L	288				50.37	36.25
P	EN2M	288				48.58	39.33
P	EN2N	288				49.18	28.5
P	EN2P	288				50.65	24.15
P	EN2Q	288				47.83	35.17
P	EN2R	288				51.5	31.3
P	EN2S	288				48.67	26.6
P	EN2T	288				49.42	26.98
P	EN2U	288				50.42	30.5
P	EN2V	288				48.52	32.25
P	EN2W	288				49.83	24
P	EN2X	288				50.3	28.67
P	EN2Y	288				48.32	25.87
P	EN2Z	288				46.95	32
P	EN3A	288				51.42	33.55
P	EN3B	288				49.58	25.65
P	EN3C	288				49.45	32.07
P	EN3D	288				47.83	35.17
P	EN3E	288				48.48	35
P	EN3F	288				46.5	30.75
P	EN3G	288				46.65	32.63
P	EN3H	288				49.58	34.58
P	EN3I	288				48	37.83
P	EN3K	288				50.65	26.17
P	EN3L	288				50.37	36.25
P	EN3M	288				48.58	39.33
P	EN3N	288				49.18	28.5
P	EN3P	288				50.65	24.15
P	EN3Q	288				47.83	35.17
P	EN3R	288				51.5	31.3
P	EN3S	288				48.67	26.6
P	EN3T	288				49.42	26.98
P	EN3U	288				50.42	30.5
P	EN3V	288				48.52	32.25
P	EN3W	288				49.83	24
P	EN3X	288				50.3	28.67
P	EN3Y	288				48.32	25.87
P	EN3Z	288				46.95	32
P	EN4A	288				51.42	33.55
P	EN4B	288				49.58	25.65
P	EN4C	288				49.45	32.07
P	EN4D	288				47.83	35.17
P	EN4E	288				48.48	35
P	EN4F	288				46.5	30.75
P	EN4G	288				46.65	32.63
P	EN4H	288				49.58	34.58
P	EN4I	288				48	37.83
P	EN4K	288				50.65	26.17
P	EN4L	288				50.37	36.25
P	EN4M	288				48.58	39.33
P	EN4N	288				49.18	28.5
P	EN4P	288				50.65	24.15
P	EN4Q	288				47.83	35.17
P	EN4R	288				51.5	31.3
P	EN4S	288				48.67	26.6
P	EN4T	288				49.42	26.98
P	EN4U	288				50.42	30.5
P	EN4V	288				48.52	32.25
P	EN4W	288				49.83	24
P	EN4X	288				50.3	28.67
P	EN4Y	288				48.32	25.87
P	EN4Z	288				46.95	32
P	EN5A	288				51.42	33.55
P	EN5B	288				49.58	25.65
P	EN5C	288				49.45	32.07
P	EN5D	288				47.83	35.17
P	EN5E	288				48.48	35
P	EN5F	288				46.5	30.75
P	EN5G	288				46.65	32.63
P	EN5H	288				49.58	34.58
P	EN5I	288				48	37.83
P	EN5K	288				50.65	26.17
P	EN5L	288				50.37	36.25
P	EN5M	288				48.58	39.33
P	EN5N	288				49.18	28.5
P	EN5P	288				50.65	24.15
P	EN5Q	288				47.83	35.17
P	EN5R	288				51.5	31.3
P	EN5S	288				48.67	26.6
P	EN5T	288				49.42	26.98
P	EN5U	288				50.42	30.5
P	EN5V	288				48.52	32.25
P	EN5W	288				49.83	24
P	EN5X	288				50.3	28.67
P	EN5Y	288				48.32	25.87
P	EN5Z	288				46.95	32
P	EN6A	288				51.42	33.55
P	EN6B	288				49.58	25.65
P	EN6C	288				49.45	32.07
P	EN6D	288				47.83	35.17
P	EN6E	288				48.48	35
P	EN6F	288				46.5	30.75
P	EN6G	288				46.65	32.63
P	EN6H	288				49.58	34.58
P	EN6I	288				48	37.83
P	EN6K	288				50.65	26.17
P	EN6L	288				50.37	36.25
P	EN6M	288				48.58	39.33
P	EN6N	288				49.18	28.5
P	EN6P	288				50.65	24.15
P	EN6Q	288				47.83	35.17
P	EN6R	288				51.5	31.3
P	EN6S	288				48.67	26.6
P	EN6T	288				49.42	26.98
P	EN6U	288				50.42	30.5
P	EN6V	288				48.52	32.25
P	EN6W	288				49.83	24
P	EN6X	288				50.3	28.67
P	EN6Y	288				48.32	25.87
P	EN6Z	288				46.95	32
P	EN7A	288				51.42	33.55
P	EN7B	288				49.58	25.65
P	EN7C	288				49.45	32.07
P	EN7D	288				47.83	35.17
P	EN7E	288				48.48	35
P	EN7F	288				46.5	30.75
P	EN7G	288				46.65	32.63
P	EN7H	288				49.58	34.58
P	EN7I	288				48	37.83
P	EN7K	288				50.65	26.17
P	EN7L	288				50.37	36.25
P	EN7M	288				48.58	39.33
P	EN7N	288				49.18	28.5
P	EN7P	288				50.65	24.15
P	EN7Q	288				47.83	35.17
P	EN7R	288				51.5	31.3
P	EN7S	288				48.67	26.6
P	EN7T	288				49.42	26.98
P	EN7U	288				50.42	30.5
P	EN7V	288				48.52	32.25
P	EN7W	288				49.83	24
P	EN7X	288				50.3	28.67
P	EN7Y	288				48.32	25.87
P	EN7Z	288				46.95	32
P	EN8A	288				51.42	33.55
P	EN8B	288				49.58	25.65
P	EN8C	288				49.45	32.07
P	EN8D	288				47.83	35.17
P	EN8E	288				48.48	35
P	EN8F	288				46.5	30.75
P	EN8G	288				46.65	32.63
P	EN8H	288				49.58	34.58
P	EN8I	288				48	37.83
P	EN8K	288				50.65	26.17
P	EN8L	288				50.37	36.25
P	EN8M	288				48.58	39.33
P	EN8N	288				49.18	28.5
P	EN8P	288				50.65	24.15
P	EN8Q	288				47.83	35.17
P	EN8R	288				51.5	31.3
P	EN8S	288				48.67	26.6
P	EN8T	288				49.42	26.98
P	EN8U	288				50.42	30.5
P	EN8V	288				48.52	32.25
P	EN8W	288				49.83	24
P	EN8X	288				50.3	28.67
P	EN8Y	288				48.32	25.87
P	EN8Z	288				46.95	32
P	EN9A	288				51.42	33.55
P	EN9B	288				49.58	25.65
P	EN9C	288				49.45	32.07
P	EN9D	288				47.83	35.17
P	EN9E	288				48.48	35
P	EN9F	288				46.5	30.75
P	EN9G	288				46.65	32.63
P	EN9H	288				49.58	34.58
P	EN9I	288				48	37.83
P	EN9K	288				50.65	26.17
P	EN9L	288				50.37	36.25
P	EN9M	288				48.58	39.33
P	EN9N	288				49.18	28.5
P	EN9P	288				50.65	24.15
P	EN9Q	288				47.83	35.17
P	EN9R	288				51.5	31.3
P	EN9S	288				48.67	26.6
P	EN9T	288				49.42	26.98
P	EN9U	288				50.42	30.5
P	EN9V	288				48.52	32.25
P	EN9W	288				49.83	24
P	EN9X	288				50.3	28.67
P	EN9Y	288				48.32	25.87
P	EN9Z	288				46.95	32
P	EO	288
P	EO0A	288				51.42	33.55
P	EO0B	288				49.58	25.65
P	EO0C	288				49.45	32.07
P	EO0D	288				47.83	35.17
P	EO0E	288				48.48	35
P	EO0F	288				46.5	30.75
P	EO0G	288				46.65	32.63
P	EO0H	288				49.58	34.58
P	EO0I	288				48	37.83
P	EO0K	288				50.65	26.17
P	EO0L	288				50.37	36.25
P	EO0M	288				48.58	39.33
P	EO0N	288				49.18	28.5
P	EO0P	288				50.65	24.15
P	EO0Q	288				47.83	35.17
P	EO0R	288				51.5	31.3
P	EO0S	288				48.67	26.6
P	EO0T	288				49.42	26.98
P	EO0U	288				50.42	30.5
P	EO0V	288				48.52	32.25
P	EO0W	288				49.83	24
P	EO0X	288				50.3	28.67
P	EO0Y	288				48.32	25.87
P	EO0Z	288				46.95	32
P	EO1A	288				51.42	33.55
P	EO1B	288				49.58	25.65
P	EO1C	288				49.45	32.07
P	EO1D	288				47.83	35.17
P	EO1E	288				48.48	35
P	EO1F	288				46.5	30.75
P	EO1G	288				46.65	32.63
P	EO1H	288				49.58	34.58
P	EO1I	288				48	37.83
P	EO1K	288				50.65	26.17
P	EO1L	288				50.37	36.25
P	EO1M	288				48.58	39.33
P	EO1N	288				49.18	28.5
P	EO1P	288				50.65	24.15
P	EO1Q	288				47.83	35.17
P	EO1R	288				51.5	31.3
P	EO1S	288				48.67	26.6
P	EO1T	288				49.42	26.98
P	EO1U	288				50.42	30.5
P	EO1V	288				48.52	32.25
P	EO1W	288				49.83	24
P	EO1X	288				50.3	28.67
P	EO1Y	288				48.32	25.87
P	EO1Z	288				46.95	32
P	EO2A	288				51.42	33.55
P	EO2B	288				49.58	25.65
P	EO2C	288				49.45	32.07
P	EO2D	288				47.83	35.17
P	EO2E	288				48.48	35
P	EO2F	288				46.5	30.75
P	EO2G	288				46.65	32.63
P	EO2H	288				49.58	34.58
P	EO2I	288				48	37.83
P	EO2K	288				50.65	26.17
P	EO2L	288				50.37	36.25
P	EO2M	288				48.58	39.33
P	EO2N	288				49.18	28.5
P	EO2P	288				50.65	24.15
P	EO2Q	288				47.83	35.17
P	EO2R	288				51.5	31.3
P	EO2S	288				48.67	26.6
P	EO2T	288				49.42	26.98
P	EO2U	288				50.42	30.5
P	EO2V	288				48.52	32.25
P	EO2W	288				49.83	24
P	EO2X	288				50.3	28.67
P	EO2Y	288				48.32	25.87
P	EO2Z	288				46.95	32
P	EO3A	288				51.42	33.55
P	EO3B	288				49.58	25.65
P	EO3C	288				49.45	32.07
P	EO3D	288				47.83	35.17
P	EO3E	288				48.48	35
P	EO3F	288				46.5	30.75
P	EO3G	288				46.65	32.63
P	EO3H	288				49.58	34.58
P	EO3I	288				48	37.83
P	EO3K	288				50.65	26.17
P	EO3L	288				50.37	36.25
P	EO3M	288				48.58	39.33
P	EO3N	288				49.18	28.5
P	EO3P	288				50.65	24.15
P	EO3Q	288				47.83	35.17
P	EO3R	288				51.5	31.3
P	EO3S	288				48.67	26.6
P	EO3T	288				49.42	26.98
P	EO3U	288				50.42	30.5
P	EO3V	288				48.52	32.25
P	EO3W	288				49.83	24
P	EO3X	288				50.3	28.67
P	EO3Y	288				48.32	25.87
P	EO3Z	288				46.95	32
P	EO4A	288				51.42	33.55
P	EO4B	288				49.58	25.65
P	EO4C	288				49.45	32.07
P	EO4D	288				47.83	35.17
P	EO4E	288				48.48	35
P	EO4F	288				46.5	30.75
P	EO4G	288				46.65	32.63
P	EO4H	288				49.58	34.58
P	EO4I	288				48	37.83
P	EO4K	288				50.65	26.17
P	EO4L	288				50.37	36.25
P	EO4M	288				48.58	39.33
P	EO4N	288				49.18	28.5
P	EO4P	288				50.65	24.15
P	EO4Q	288				47.83	35.17
P	EO4R	288				51.5	31.3
P	EO4S	288				48.67	26.6
P	EO4T	288				49.42	26.98
P	EO4U	288				50.42	30.5
P	EO4V	288				48.52	32.25
P	EO4W	288				49.83	24
P	EO4X	288				50.3	28.67
P	EO4Y	288				48.32	25.87
P	EO4Z	288				46.95	32
P	EO5A	288				51.42	33.55
P	EO5B	288				49.58	25.65
P	EO5C	288				49.45	32.07
P	EO5D	288				47.83	35.17
P	EO5E	288				48.48	35
P	EO5F	288				46.5	30.75
P	EO5G	288				46.65	32.63
P	EO5H	288				49.58	34.58
P	EO5I	288				48	37.83
P	EO5K	288				50.65	26.17
P	EO5L	288				50.37	36.25
P	EO5M	288				48.58	39.33
P	EO5N	288				49.18	28.5
P	EO5P	288				50.65	24.15
P	EO5Q	288				47.83	35.17
P	EO5R	288				51.5	31.3
P	EO5S	288				48.67	26.6
P	EO5T	288				49.42	26.98
P	EO5U	288				50.42	30.5
P	EO5V	288				48.52	32.25
P	EO5W	288				49.83	24
P	EO5X	288				50.3	28.67
P	EO5Y	288				48.32	25.87
P	EO5Z	288				46.95	32
P	EO6A	288				51.42	33.55
P	EO6B	288				49.58	25.65
P	EO6C	288				49.45	32.07
P	EO6D	288				47.83	35.17
P	EO6E	288				48.48	35
P	EO6F	288				46.5	30.75
P	EO6G	288				46.65	32.63
P	EO6H	288				49.58	34.58
P	EO6I	288				48	37.83
P	EO6K	288				50.65	26.17
P	EO6L	288				50.37	36.25
P	EO6M	288				48.58	39.33
P	EO6N	288				49.18	28.5
P	EO6P	288				50.65	24.15
P	EO6Q	288				47.83	35.17
P	EO6R	288				51.5	31.3
P	EO6S	288				48.67	26.6
P	EO6T	288				49.42	26.98
P	EO6U	288				50.42	30.5
P	EO6V	288				48.52	32.25
P	EO6W	288				49.83	24
P	EO6X	288				50.3	28.67
P	EO6Y	288				48.32	25.87
P	EO6Z	288				46.95	32
P	EO7A	288				51.42	33.55
P	EO7B	288				49.58	25.65
P	EO7C	288				49.45	32.07
P	EO7D	288				47.83	35.17
P	EO7E	288				48.48	35
P	EO7F	288				46.5	30.75
P	EO7G	288				46.65	32.63
P	EO7H	288				49.58	34.58
P	EO7I	288				48	37.83
P	EO7K	288				50.65	26.17
P	EO7L	288				50.37	36.25
P	EO7M	288				48.58	39.33
P	EO7N	288				49.18	28.5
P	EO7P	288				50.65	24.15
P	EO7Q	288				47.83	35.17
P	EO7R	288				51.5	31.3
P	EO7S	288				48.67	26.6
P	EO7T	288				49.42	26.98
P	EO7U	288				50.42	30.5
P	EO7V	288				48.52	32.25
P	EO7W	288				49.83	24
P	EO7X	288				50.3	28.67
P	EO7Y	288				48.32	25.87
P	EO7Z	288				46.95	32
P	EO8A	288				51.42	33.55
P	EO8B	288				49.58	25.65
P	EO8C	288				49.45	32.07
P	EO8D	288				47.83	35.17
P	EO8E	288				48.48	35
P	EO8F	288				46.5	30.75
P	EO8G	288				46.65	32.63
P	EO8H	288				49.58	34.58
P	EO8I	288				48	37.83
P	EO8K	288				50.65	26.17
P	EO8L	288				50.37	36.25
P	EO8M	288				48.58	39.33
P	EO8N	288				49.18	28.5
P	EO8P	288				50.65	24.15
P	EO8Q	288				47.83	35.17
P	EO8R	288				51.5	31.3
P	EO8S	288				48.67	26.6
P	EO8T	288				49.42	26.98
P	EO8U	288				50.42	30.5
P	EO8V	288				48.52	32.25
P	EO8W	288				49.83	24
P	EO8X	288				50.3	28.67
P	EO8Y	288				48.32	25.87
P	EO8Z	288				46.95	32
P	EO9A	288				51.42	33.55
P	EO9B	288				49.58	25.65
P	EO9C	288				49.45	32.07
P	EO9D	288				47.83	35.17
P	EO9E	288				48.48	35
P	EO9F	288				46.5	30.75
P	EO9G	288				46.65	32.63
P	EO9H	288				49.58	34.58
P	EO9I	288				48	37.83
P	EO9K	288				50.65	26.17
P	EO9L	288				50.37	36.25
P	EO9M	288				48.58	39.33
P	EO9N	288				49.18	28.5
P	EO9P	288				50.65	24.15
P	EO9Q	288				47.83	35.17
P	EO9R	288				51.5	31.3
P	EO9S	288				48.67	26.6
P	EO9T	288				49.42	26.98
P	EO9U	288				50.42	30.5
P	EO9V	288				48.52	32.25
P	EO9W	288				49.83	24
P	EO9X	288				50.3	28.67
P	EO9Y	288				48.32	25.87
P	EO9Z	288				46.95	32
P	EP	330
P	EQ	330
P	ER	179
P	ES	52
P	ES0	52				58.62	22.6
P	ES1	52				59.43	24.73
P	ES2	52				59.43	24.73
P	ES3	52				58.93	24.62
P	ES4	52				59.35	26.88
P	ES5	52				58.55	26.55
P	ES6	52				57.88	26.68
P	ES7	52				58.37	25.6
P	ES8	52				58.38	24.5
P	ET	53
P	EU	27
P	EU1	27				53.9	27.57
P	EU2	27				53.9	27.57
P	EU3	27				52.13	23.67
P	EU4	27				53.13	28.67
P	EU6	27				55.17	30.23
P	EU7	27				53.9	30.33
P	EU8	27				52.42	31
P	EV	27
P	EV1	27				53.9	27.57
P	EV2	27				53.9	27.57
P	EV3	27				52.13	23.67
P	EV4	27				53.13	28.67
P	EV6	27				55.17	30.23
P	EV7	27				53.9	30.33
P	EV8	27				52.42	31
P	EW	27
P	EW1	27				53.9	27.57
P	EW2	27				53.9	27.57
P	EW3	27				52.13	23.67
P	EW4	27				53.13	28.67
P	EW6	27				55.17	30.23
P	EW7	27				53.9	30.33
P	EW8	27				52.42	31
P	EX	135
P	EX0M	135				42.87	74.62
P	EX0N	135				40.53	72.8
P	EX0P	135		31		41.43	76
P	EX0Q	135		31		42.48	78.4
P	EX0T	135				42.52	72.23
P	EX0V	135				40.93	73
P	EX2M	135				42.87	74.62
P	EX2N	135				40.53	72.8
P	EX2P	135		31		41.43	76
P	EX2Q	135		31		42.48	78.4
P	EX2T	135				42.52	72.23
P	EX2V	135				40.93	73
P	EX6M	135				42.87	74.62
P	EX6N	135				40.53	72.8
P	EX6P	135		31		41.43	76
P	EX6Q	135		31		42.48	78.4
P	EX6T	135				42.52	72.23
P	EX6V	135				40.93	73
P	EX7M	135				42.87	74.62
P	EX7N	135				40.53	72.8
P	EX7P	135		31		41.43	76
P	EX7Q	135		31		42.48	78.4
P	EX7T	135				42.52	72.23
P	EX7V	135				40.93	73
P	EX8M	135				42.87	74.62
P	EX8N	135				40.53	72.8
P	EX8P	135		31		41.43	76
P	EX8Q	135		31		42.48	78.4
P	EX8T	135				42.52	72.23
P	EX8V	135				40.93	73
P	EY	262
P	EZ	280
P	EZ3	280				38.5	59
P	EZ4	280				40	55
P	EZ5	280				37	62
P	EZ6	280				41	58.5
P	EZ7	280				39	63
P	EZ8	280				37.93	58.37
P	F	227
P	FG	79
P	FH	169
P	FJ	516
P	FK	162
P	FM	84
P	FO	175
P	FP	277
P	FR	453
P	FS	213
P	FT0E	124				-22.37	40.35
P	FT0G	99
P	FT0J	124
P	FT0T	276
P	FT0W	41
P	FT0X	131
P	FT0Y	13	30	70	SA	-66.65	140
P	FT0Z	10
P	FT1E	124				-22.37	40.35
P	FT1G	99
P	FT1J	124
P	FT1T	276
P	FT1Y	13	30	70	SA	-66.65	140
P	FT1Z	10
P	FT2E	124				-22.37	40.35
P	FT2G	99
P	FT2J	124
P	FT2T	276
P	FT2X	131
P	FT2Y	13	30	70	SA	-66.65	140
P	FT2Z	10
P	FT3E	124				-22.37	40.35
P	FT3G	99
P	FT3J	124
P	FT3T	276
P	FT3Y	13	30	70	SA	-66.65	140
P	FT3Z	10
P	FT4E	124				-22.37	40.35
P	FT4G	99
P	FT4J	124
P	FT4T	276
P	FT4W	41
P	FT4X	131
P	FT4Y	13	30	70	SA	-66.65	140
P	FT4Z	10
P	FT5G	99
P	FT5T	276
P	FT5W	41
P	FT5X	131
P	FT5Y	13	30	70	SA	-66.65	140
P	FT5Z	10
P	FT6E	124				-22.37	40.35
P	FT6G	99
P	FT6J	124
P	FT6T	276
P	FT6Y	13	30	70	SA	-66.65	140
P	FT6Z	10
P	FT7E	124				-22.37	40.35
P	FT7G	99
P	FT7J	124
P	FT7T	276
P	FT7Y	13	30	70	SA	-66.65	140
P	FT7Z	10
P	FT8E	124				-22.37	40.35
P	FT8G	99
P	FT8J	124
P	FT8T	276
P	FT8W	41
P	FT8X	131
P	FT8Y	13	30	70	SA	-66.65	140
P	FT8Z	10
P	FT9E	124				-22.37	40.35
P	FT9G	99
P	FT9J	124
P	FT9T	276
P	FW	298
P	FY	63
P	G	223
P	GC	294
P	GD	114
P	GH	122
P	GI	265
P	GJ	122
P	GM	279
P	GN	265
P	GP	106
P	GS	279
P	GT	114
P	GU	106
P	GW	294
P	H2	215
P	H3	88
P	H31	88				8.98	-79.52
P	H32	88				9.3	-78.35
P	H33	88				8.43	-82.43
P	H34	88				8.83	-81.5
P	H35	88				7.67	-80.5
P	H36	88				8.1	-80.97
P	H37	88				8.4	-77.92
P	H38	88				8.33	-79.12
P	H39	88				7.93	-80.42
P	H4	185
P	H40	507
P	H5	462
P	H6	86
P	H7	86
P	H8	88
P	H81	88				8.98	-79.52
P	H82	88				9.3	-78.35
P	H83	88				8.43	-82.43
P	H84	88				8.83	-81.5
P	H85	88				7.67	-80.5
P	H86	88				8.1	-80.97
P	H87	88				8.4	-77.92
P	H88	88				8.33	-79.12
P	H89	88				7.93	-80.42
P	H9	88
P	H91	88				8.98	-79.52
P	H92	88				9.3	-78.35
P	H93	88				8.43	-82.43
P	H94	88				8.83	-81.5
P	H95	88				7.67	-80.5
P	H96	88				8.1	-80.97
P	H97	88				8.4	-77.92
P	H98	88				8.33	-79.12
P	H99	88				7.93	-80.42
P	HA	239
P	HA0	239				47.85	21.53
P	HA1	239				47.7	17.63
P	HA2	239				47.1	17.9
P	HA3	239				46.08	18.22
P	HA4	239				48.1	21.32
P	HA5	239				47.5	19.08
P	HA6	239				47.6	20.28
P	HA7	239				47.5	19.08
P	HA8	239				46.25	20.15
P	HA9	239				48.1	20.78
P	HB	287
P	HB0	251
P	HC	120
P	HC1	120				-0.02	-78.5
P	HC2	120				-2.22	-79.92
P	HC3	120				-3.32	-79.95
P	HC4	120				-0.97	-73
P	HC5	120				-2.9	-78.65
P	HC6	120				-1.3	-78.65
P	HC7	120				-1.12	-77
P	HC8	71
P	HD	120
P	HD1	120				-0.02	-78.5
P	HD2	120				-2.22	-79.92
P	HD3	120				-3.32	-79.95
P	HD4	120				-0.97	-73
P	HD5	120				-2.9	-78.65
P	HD6	120				-1.3	-78.65
P	HD7	120				-1.12	-77
P	HD8	71
P	HE	287
P	HE0	251
P	HF	269
P	HF1	269				53.42	14.53
P	HF2	269				54.45	17.33
P	HF3	269				53	15.9
P	HF4	269				54.17	19.42
P	HF5	269				52.27	21.03
P	HF6	269				51.08	17
P	HF7	269				53.28	15.92
P	HF8	269				50.07	22
P	HF9	269				50.25	18.98
P	HG	239
P	HG0	239				47.85	21.53
P	HG1	239				47.7	17.63
P	HG2	239				47.1	17.9
P	HG3	239				46.08	18.22
P	HG4	239				48.1	21.32
P	HG5	239				47.5	19.08
P	HG6	239				47.6	20.28
P	HG7	239				47.5	19.08
P	HG8	239				46.25	20.15
P	HG9	239				48.1	20.78
P	HH	78
P	HI	72
P	HI1	72				17.58	-71.52
P	HI2	72				18.25	-68.85
P	HJ	116
P	HJ0	216
P	HJ0M	161	9
P	HJ1	116				10.4	-75.5
P	HJ2	116				10.52	-73.27
P	HJ3	116				4.7	-74.13
P	HJ4	116				6.25	-75.6
P	HJ5	116				3.9	-77.02
P	HJ6	116				4.77	-75.77
P	HJ7	116				7.12	-73.17
P	HJ8	116				1.2	-77.27
P	HJ9	116				7.07	-73.1
P	HK	116
P	HK0	216
P	HK0M	161	9
P	HK1	116				10.4	-75.5
P	HK2	116				10.52	-73.27
P	HK3	116				4.7	-74.13
P	HK4	116				6.25	-75.6
P	HK5	116				3.9	-77.02
P	HK6	116				4.77	-75.77
P	HK7	116				7.12	-73.17
P	HK8	116				1.2	-77.27
P	HK9	116				7.07	-73.1
P	HL	137
P	HN	333
P	HO	88
P	HO1	88				8.98	-79.52
P	HO2	88				9.3	-78.35
P	HO3	88				8.43	-82.43
P	HO4	88				8.83	-81.5
P	HO5	88				7.67	-80.5
P	HO6	88				8.1	-80.97
P	HO7	88				8.4	-77.92
P	HO8	88				8.33	-79.12
P	HO9	88				7.93	-80.42
P	HP	88
P	HP1	88				8.98	-79.52
P	HP2	88				9.3	-78.35
P	HP3	88				8.43	-82.43
P	HP4	88				8.83	-81.5
P	HP5	88				7.67	-80.5
P	HP6	88				8.1	-80.97
P	HP7	88				8.4	-77.92
P	HP8	88				8.33	-79.12
P	HP9	88				7.93	-80.42
P	HQ	80
P	HQ6	80				16.38	-86.4
P	HQ9	80				16.47	-86.68
P	HR	80
P	HR6	80				16.38	-86.4
P	HR9	80				16.47	-86.68
P	HS	387
P	HS1	387				13.7	100.5
P	HS2	387				13.4	101.7
P	HS3	387				15.25	104.82
P	HS4	387				16.42	102.82
P	HS5	387				18.8	98.97
P	HS6	387				15.7	100.07
P	HS7	387				7.2	100.55
P	HS8	387				8.4	99.97
P	HS9	387				6.52	101.27
P	HT	86
P	HU	74
P	HV	295
P	HW	227
P	HX	227
P	HY	227
P	HZ	378
P	I	248
P	I0	248				41.88	12.53
P	I1	248				45.07	7.67
P	I2	248				45.47	9.2
P	I3	248				45.48	12.33
P	I4	248				44.65	10.92
P	I5	248				43.78	11.25
P	I6	248				43.58	13.48
P	I7	248				41.12	16.87
P	I8	248				40.83	14.5
P	IA1	248				44.08	8.77
P	IA2	248				45.95	8.63
P	IA5	248				43.12	10.6
P	IB0	248				41.57	12.6
P	IB9	248				37.5	14
P	IC8	248				40.6	14.7
P	ID7	248				40.55	17.4
P	ID8	248				39.13	16.42
P	ID9	248				37.5	14
P	IE9	248				37.5	14
P	IF9	248				37.5	14
P	IG9	248	33	37	AF	35.67	12.67
P	IH9	248	33	37	AF	35.67	12.67
P	II0	248				41.88	12.53
P	II1	248				45.07	7.67
P	II2	248				45.47	9.2
P	II3	248				45.48	12.33
P	II4	248				44.65	10.92
P	II5	248				43.78	11.25
P	II6	248				43.58	13.48
P	II7	248				41.12	16.87
P	II8	248				40.83	14.5
P	II9	248				37.5	14
P	IJ7	248				40.4	17.32
P	IJ9	248				37.5	14
P	IK0	248				41.88	12.53
P	IK1	248				45.07	7.67
P	IK2	248				45.47	9.2
P	IK3	248				45.48	12.33
P	IK4	248				44.65	10.92
P	IK5	248				43.78	11.25
P	IK6	248				43.58	13.48
P	IK7	248				41.12	16.87
P	IK8	248				40.83	14.5
P	IL7	248				41.8	15.67
P	IM0	225
P	IN3	248				46.5	11.37
P	IO0	248				41.88	12.53
P	IO1	248				45.07	7.67
P	IO2	248				45.47	9.2
P	IO3	248				45.48	12.33
P	IO4	248				44.65	10.92
P	IO5	248				43.78	11.25
P	IO6	248				43.58	13.48
P	IO7	248				41.12	16.87
P	IO8	248				40.83	14.5
P	IO9	248				37.5	14
P	IP9	248				37.5	14
P	IQ0	248				41.88	12.53
P	IQ1	248				45.07	7.67
P	IQ2	248				45.47	9.2
P	IQ3	248				45.48	12.33
P	IQ4	248				44.65	10.92
P	IQ5	248				43.78	11.25
P	IQ6	248				43.58	13.48
P	IQ7	248				41.12	16.87
P	IQ8	248				40.83	14.5
P	IQ9	248				37.5	14
P	IR0	248				41.88	12.53
P	IR1	248				45.07	7.67
P	IR2	248				45.47	9.2
P	IR3	248				45.48	12.33
P	IR4	248				44.65	10.92
P	IR5	248				43.78	11.25
P	IR6	248				43.58	13.48
P	IR7	248				41.12	16.87
P	IR8	248				40.83	14.5
P	IR9	248				37.5	14
P	IS0	225
P	IT9	248				37.5	14
P	IU0	248				41.88	12.53
P	IU1	248				45.07	7.67
P	IU2	248				45.47	9.2
P	IU3	248				45.48	12.33
P	IU4	248				44.65	10.92
P	IU5	248				43.78	11.25
P	IU6	248				43.58	13.48
P	IU7	248				41.12	16.87
P	IU8	248				40.83	14.5
P	IU9	248				37.5	14
P	IV3	248				46.07	13.23
P	IW0	248				41.88	12.53
P	IW0U	225
P	IW0V	225
P	IW0W	225
P	IW0X	225
P	IW0Y	225
P	IW0Z	225
P	IW1	248				45.07	7.67
P	IW2	248				45.47	9.2
P	IW3	248				45.48	12.33
P	IW4	248				44.65	10.92
P	IW5	248				43.78	11.25
P	IW6	248				43.58	13.48
P	IW7	248				41.12	16.87
P	IW8	248				40.83	14.5
P	IW9	248				37.5	14
P	IX1	248				45.73	7.33
P	IY9	248				37.5	14
P	IZ0	248				41.88	12.53
P	IZ1	248				45.07	7.67
P	IZ2	248				45.47	9.2
P	IZ3	248				45.48	12.33
P	IZ4	248				44.65	10.92
P	IZ5	248				43.78	11.25
P	IZ6	248				43.58	13.48
P	IZ7	248				41.12	16.87
P	IZ8	248				40.83	14.5
P	J2	382
P	J3	77
P	J4	236
P	J41	236				37.97	23.72
P	J42	236				40.8	22.5
P	J43	236				37.23	21.8
P	J44	236				39.63	22.42
P	J45	45
P	J46	236				39.2	20.5
P	J47	236				41	25
P	J48	236
P	J49	40
P	J5	109
P	J6	97
P	J7	95
P	J8	98
P	JA	339
P	JA0	339				36.65	138.18
P	JA1	339				35.68	139.68
P	JA2	339				35.18	136.9
P	JA3	339				35.02	135.77
P	JA4	339				33.57	133.53
P	JA5	339				33.57	133.53
P	JA6	339				33.58	130.53
P	JA7	339				40.82	140.73
P	JA8	339				41.77	140.73
P	JA9	339				36.07	136.22
P	JD1	192
P	JE	339
P	JE0	339				36.65	138.18
P	JE1	339				35.68	139.68
P	JE2	339				35.18	136.9
P	JE3	339				35.02	135.77
P	JE4	339				33.57	133.53
P	JE5	339				33.57	133.53
P	JE6	339				33.58	130.53
P	JE7	339				40.82	140.73
P	JE8	339				41.77	140.73
P	JE9	339				36.07	136.22
P	JF	339
P	JF0	339				36.65	138.18
P	JF1	339				35.68	139.68
P	JF2	339				35.18	136.9
P	JF3	339				35.02	135.77
P	JF4	339				33.57	133.53
P	JF5	339				33.57	133.53
P	JF6	339				33.58	130.53
P	JF7	339				40.82	140.73
P	JF8	339				41.77	140.73
P	JF9	339				36.07	136.22
P	JG	339
P	JG0	339				36.65	138.18
P	JG1	339				35.68	139.68
P	JG2	339				35.18	136.9
P	JG3	339				35.02	135.77
P	JG4	339				33.57	133.53
P	JG5	339				33.57	133.53
P	JG6	339				33.58	130.53
P	JG7	339				40.82	140.73
P	JG8	339				41.77	140.73
P	JG9	339				36.07	136.22
P	JH	339
P	JH0	339				36.65	138.18
P	JH1	339				35.68	139.68
P	JH2	339				35.18	136.9
P	JH3	339				35.02	135.77
P	JH4	339				33.57	133.53
P	JH5	339				33.57	133.53
P	JH6	339				33.58	130.53
P	JH7	339				40.82	140.73
P	JH8	339				41.77	140.73
P	JH9	339				36.07	136.22
P	JI	339
P	JI0	339				36.65	138.18
P	JI1	339				35.68	139.68
P	JI2	339				35.18	136.9
P	JI3	339				35.02	135.77
P	JI4	339				33.57	133.53
P	JI5	339				33.57	133.53
P	JI6	339				33.58	130.53
P	JI7	339				40.82	140.73
P	JI8	339				41.77	140.73
P	JI9	339				36.07	136.22
P	JJ	339
P	JJ0	339				36.65	138.18
P	JJ1	339				35.68	139.68
P	JJ2	339				35.18	136.9
P	JJ3	339				35.02	135.77
P	JJ4	339				33.57	133.53
P	JJ5	339				33.57	133.53
P	JJ6	339				33.58	130.53
P	JJ7	339				40.82	140.73
P	JJ8	339				41.77	140.73
P	JJ9	339				36.07	136.22
P	JK	339
P	JK0	339				36.65	138.18
P	JK1	339				35.68	139.68
P	JK2	339				35.18	136.9
P	JK3	339				35.02	135.77
P	JK4	339				33.57	133.53
P	JK5	339				33.57	133.53
P	JK6	339				33.58	130.53
P	JK7	339				40.82	140.73
P	JK8	339				41.77	140.73
P	JK9	339				36.07	136.22
P	JL	339
P	JL0	339				36.65	138.18
P	JL1	339				35.68	139.68
P	JL2	339				35.18	136.9
P	JL3	339				35.02	135.77
P	JL4	339				33.57	133.53
P	JL5	339				33.57	133.53
P	JL6	339				33.58	130.53
P	JL7	339				40.82	140.73
P	JL8	339				41.77	140.73
P	JL9	339				36.07	136.22
P	JM	339
P	JM0	339				36.65	138.18
P	JM1	339				35.68	139.68
P	JM2	339				35.18	136.9
P	JM3	339				35.02	135.77
P	JM4	339				33.57	133.53
P	JM5	339				33.57	133.53
P	JM6	339				33.58	130.53
P	JM7	339				40.82	140.73
P	JM8	339				41.77	140.73
P	JM9	339				36.07	136.22
P	JN	339
P	JN0	339				36.65	138.18
P	JN1	339				35.68	139.68
P	JN2	339				35.18	136.9
P	JN3	339				35.02	135.77
P	JN4	339				33.57	133.53
P	JN5	339				33.57	133.53
P	JN6	339				33.58	130.53
P	JN7	339				40.82	140.73
P	JN8	339				41.77	140.73
P	JN9	339				36.07	136.22
P	JO	339
P	JO0	339				36.65	138.18
P	JO1	339				35.68	139.68
P	JO2	339				35.18	136.9
P	JO3	339				35.02	135.77
P	JO4	339				33.57	133.53
P	JO5	339				33.57	133.53
P	JO6	339				33.58	130.53
P	JO7	339				40.82	140.73
P	JO8	339				41.77	140.73
P	JO9	339				36.07	136.22
P	JP	339
P	JP0	339				36.65	138.18
P	JP1	339				35.68	139.68
P	JP2	339				35.18	136.9
P	JP3	339				35.02	135.77
P	JP4	339				33.57	133.53
P	JP5	339				33.57	133.53
P	JP6	339				33.58	130.53
P	JP7	339				40.82	140.73
P	JP8	339				41.77	140.73
P	JP9	339				36.07	136.22
P	JQ	339
P	JQ0	339				36.65	138.18
P	JQ1	339				35.68	139.68
P	JQ2	339				35.18	136.9
P	JQ3	339				35.02	135.77
P	JQ4	339				33.57	133.53
P	JQ5	339				33.57	133.53
P	JQ6	339				33.58	130.53
P	JQ7	339				40.82	140.73
P	JQ8	339				41.77	140.73
P	JQ9	339				36.07	136.22
P	JR	339
P	JR0	339				36.65	138.18
P	JR1	339				35.68	139.68
P	JR2	339				35.18	136.9
P	JR3	339				35.02	135.77
P	JR4	339				33.57	133.53
P	JR5	339				33.57	133.53
P	JR6	339				33.58	130.53
P	JR6R	339				26.22	127.68
P	JR6S	339				26.22	127.68
P	JR6T	339				26.22	127.68
P	JR6U	339				26.22	127.68
P	JR6V	339				26.22	127.68
P	JR6W	339				26.22	127.68
P	JR6X	339				26.22	127.68
P	JR6Y	339				26.22	127.68
P	JR6Z	339				26.22	127.68
P	JR7	339				40.82	140.73
P	JR8	339				41.77	140.73
P	JR9	339				36.07	136.22
P	JS	339
P	JS0	339				36.65	138.18
P	JS1	339				35.68	139.68
P	JS2	339				35.18	136.9
P	JS3	339				35.02	135.77
P	JS4	339				33.57	133.53
P	JS5	339				33.57	133.53
P	JS6	339				26.22	127.68
P	JS7	339				40.82	140.73
P	JS8	339				41.77	140.73
P	JS9	339				36.07	136.22
P	JT	363
P	JT1	363				47.92	106.92
P	JT2	363		33		48.08	114.53
P	JT3	363		33		43.57	104.42
P	JT4	363				47	92.75
P	JT5	363				49.5	106.25
P	JT7	363				49.63	100.15
P	JT8	363				45.5	95.5
P	JU	363
P	JU1	363				47.92	106.92
P	JU2	363		33		48.08	114.53
P	JU3	363		33		43.57	104.42
P	JU4	363				47	92.75
P	JU5	363				49.5	106.25
P	JU7	363				49.63	100.15
P	JU8	363				45.5	95.5
P	JV	363
P	JV1	363				47.92	106.92
P	JV2	363		33		48.08	114.53
P	JV3	363		33		43.57	104.42
P	JV4	363				47	92.75
P	JV5	363				49.5	106.25
P	JV7	363				49.63	100.15
P	JV8	363				45.5	95.5
P	JW	259
P	JX	118
P	JY	342
P	K	291		8
P	K0	291	4	7		41.12	-96.57
P	K1	291		8		42.38	-71.65
P	K2	291		8		41.15	-74.53
P	K3	291		8		39.95	-76.85
P	K4	291		8		33.12	-82.2
P	K5	291	4	7		31.85	-96.3
P	K6	291	3			35.48	-119.35
P	K7	291	3			41.3	-116.6
P	K8	291	4	8		41.35	-83.23
P	K9	291	4	8		41.55	-87.97
P	KA0	291	4	7		41.12	-96.57
P	KA1	291		8		42.38	-71.65
P	KA2	291		8		41.15	-74.53
P	KA3	291		8		39.95	-76.85
P	KA4	291		8		33.12	-82.2
P	KA5	291	4	7		31.85	-96.3
P	KA6	291	3			35.48	-119.35
P	KA7	291	3			41.3	-116.6
P	KA8	291	4	8		41.35	-83.23
P	KA9	291	4	8		41.55	-87.97
P	KB0	291	4	7		41.12	-96.57
P	KB1	291		8		42.38	-71.65
P	KB2	291		8		41.15	-74.53
P	KB3	291		8		39.95	-76.85
P	KB4	291		8		33.12	-82.2
P	KB5	291	4	7		31.85	-96.3
P	KB6	291	3			35.48	-119.35
P	KB7	291	3			41.3	-116.6
P	KB8	291	4	8		41.35	-83.23
P	KB9	291	4	8		41.55	-87.97
P	KC0	291	4	7		41.12	-96.57
P	KC1	291		8		42.38	-71.65
P	KC2	291		8		41.15	-74.53
P	KC3	291		8		39.95	-76.85
P	KC4	291		8		33.12	-82.2
P	KC5	291	4	7		31.85	-96.3
P	KC6	291	3			35.48	-119.35
P	KC7	291	3			41.3	-116.6
P	KC8	291	4	8		41.35	-83.23
P	KC9	291	4	8		41.55	-87.97
P	KD0	291	4	7		41.12	-96.57
P	KD1	291		8		42.38	-71.65
P	KD2	291		8		41.15	-74.53
P	KD3	291		8		39.95	-76.85
P	KD4	291		8		33.12	-82.2
P	KD5	291	4	7		31.85	-96.3
P	KD6	291	3			35.48	-119.35
P	KD7	291	3			41.3	-116.6
P	KD8	291	4	8		41.35	-83.23
P	KD9	291	4	8		41.55	-87.97
P	KE0	291	4	7		41.12	-96.57
P	KE1	291		8		42.38	-71.65
P	KE2	291		8		41.15	-74.53
P	KE3	291		8		39.95	-76.85
P	KE4	291		8		33.12	-82.2
P	KE5	291	4	7		31.85	-96.3
P	KE6	291	3			35.48	-119.35
P	KE7	291	3			41.3	-116.6
P	KE8	291	4	8		41.35	-83.23
P	KE9	291	4	8		41.55	-87.97
P	KF0	291	4	7		41.12	-96.57
P	KF1	291		8		42.38	-71.65
P	KF2	291		8		41.15	-74.53
P	KF3	291		8		39.95	-76.85
P	KF4	291		8		33.12	-82.2
P	KF5	291	4	7		31.85	-96.3
P	KF6	291	3			35.48	-119.35
P	KF7	291	3			41.3	-116.6
P	KF8	291	4	8		41.35	-83.23
P	KF9	291	4	8		41.55	-87.97
P	KG0	291	4	7		41.12	-96.57
P	KG1	291		8		42.38	-71.65
P	KG2	291		8		41.15	-74.53
P	KG3	291		8		39.95	-76.85
P	KG4	291		8		33.12	-82.2
P	KG5	291	4	7		31.85	-96.3
P	KG6	291	3			35.48	-119.35
P	KG7	291	3			41.3	-116.6
P	KG8	291	4	8		41.35	-83.23
P	KG9	291	4	8		41.55	-87.97
P	KH0	166
P	KH1	20
P	KH2	103
P	KH3	123
P	KH4	174
P	KH5	197
P	KH6	110
P	KH7	110
P	KH7K	138
P	KH8	9
P	KH9	297
P	KI0	291	4	7		41.12	-96.57
P	KI1	291		8		42.38	-71.65
P	KI2	291		8		41.15	-74.53
P	KI3	291		8		39.95	-76.85
P	KI4	291		8		33.12	-82.2
P	KI5	291	4	7		31.85	-96.3
P	KI6	291	3			35.48	-119.35
P	KI7	291	3			41.3	-116.6
P	KI8	291	4	8		41.35	-83.23
P	KI9	291	4	8		41.55	-87.97
P	KJ0	291	4	7		41.12	-96.57
P	KJ1	291		8		42.38	-71.65
P	KJ2	291		8		41.15	-74.53
P	KJ3	291		8		39.95	-76.85
P	KJ4	291		8		33.12	-82.2
P	KJ5	291	4	7		31.85	-96.3
P	KJ6	291	3			35.48	-119.35
P	KJ7	291	3			41.3	-116.6
P	KJ8	291	4	8		41.35	-83.23
P	KJ9	291	4	8		41.55	-87.97
P	KK0	291	4	7		41.12	-96.57
P	KK1	291		8		42.38	-71.65
P	KK2	291		8		41.15	-74.53
P	KK3	291		8		39.95	-76.85
P	KK4	291		8		33.12	-82.2
P	KK5	291	4	7		31.85	-96.3
P	KK6	291	3			35.48	-119.35
P	KK7	291	3			41.3	-116.6
P	KK8	291	4	8		41.35	-83.23
P	KK9	291	4	8		41.55	-87.97
P	KL	6
P	KL9K	137
P	KM0	291	4	7		41.12	-96.57
P	KM1	291		8		42.38	-71.65
P	KM2	291		8		41.15	-74.53
P	KM3	291		8		39.95	-76.85
P	KM4	291		8		33.12	-82.2
P	KM5	291	4	7		31.85	-96.3
P	KM6	291	3			35.48	-119.35
P	KM7	291	3			41.3	-116.6
P	KM8	291	4	8		41.35	-83.23
P	KM9	291	4	8		41.55	-87.97
P	KN0	291	4	7		41.12	-96.57
P	KN1	291		8		42.38	-71.65
P	KN2	291		8		41.15	-74.53
P	KN3	291		8		39.95	-76.85
P	KN4	291		8		33.12	-82.2
P	KN5	291	4	7		31.85	-96.3
P	KN6	291	3			35.48	-119.35
P	KN7	291	3			41.3	-116.6
P	KN8	291	4	8		41.35	-83.23
P	KN9	291	4	8		41.55	-87.97
P	KO0	291	4	7		41.12	-96.57
P	KO1	291		8		42.38	-71.65
P	KO2	291		8		41.15	-74.53
P	KO3	291		8		39.95	-76.85
P	KO4	291		8		33.12	-82.2
P	KO5	291	4	7		31.85	-96.3
P	KO6	291	3			35.48	-119.35
P	KO7	291	3			41.3	-116.6
P	KO8	291	4	8		41.35	-83.23
P	KO9	291	4	8		41.55	-87.97
P	KP1	182
P	KP2	285
P	KP3	202
P	KP4	202
P	KP5	43
P	KQ0	291	4	7		41.12	-96.57
P	KQ1	291		8		42.38	-71.65
P	KQ2	291		8		41.15	-74.53
P	KQ3	291		8		39.95	-76.85
P	KQ4	291		8		33.12	-82.2
P	KQ5	291	4	7		31.85	-96.3
P	KQ6	291	3			35.48	-119.35
P	KQ7	291	3			41.3	-116.6
P	KQ8	291	4	8		41.35	-83.23
P	KQ9	291	4	8		41.55	-87.97
P	KR0	291	4	7		41.12	-96.57
P	KR1	291		8		42.38	-71.65
P	KR2	291		8		41.15	-74.53
P	KR3	291		8		39.95	-76.85
P	KR4	291		8		33.12	-82.2
P	KR5	291	4	7		31.85	-96.3
P	KR6	291	3			35.48	-119.35
P	KR7	291	3			41.3	-116.6
P	KR8	291	4	8		41.35	-83.23
P	KR9	291	4	8		41.55	-87.97
P	KS0	291	4	7		41.12	-96.57
P	KS1	291		8		42.38	-71.65
P	KS2	291		8		41.15	-74.53
P	KS3	291		8		39.95	-76.85
P	KS4	291		8		33.12	-82.2
P	KS5	291	4	7		31.85	-96.3
P	KS6	291	3			35.48	-119.35
P	KS7	291	3			41.3	-116.6
P	KS8	291	4	8		41.35	-83.23
P	KS9	291	4	8		41.55	-87.97
P	KT0	291	4	7		41.12	-96.57
P	KT1	291		8		42.38	-71.65
P	KT2	291		8		41.15	-74.53
P	KT3	291		8		39.95	-76.85
P	KT4	291		8		33.12	-82.2
P	KT5	291	4	7		31.85	-96.3
P	KT6	291	3			35.48	-119.35
P	KT7	291	3			41.3	-116.6
P	KT8	291	4	8		41.35	-83.23
P	KT9	291	4	8		41.55	-87.97
P	KU0	291	4	7		41.12	-96.57
P	KU1	291		8		42.38	-71.65
P	KU2	291		8		41.15	-74.53
P	KU3	291		8		39.95	-76.85
P	KU4	291		8		33.12	-82.2
P	KU5	291	4	7		31.85	-96.3
P	KU6	291	3			35.48	-119.35
P	KU7	291	3			41.3	-116.6
P	KU8	291	4	8		41.35	-83.23
P	KU9	291	4	8		41.55	-87.97
P	KV0	291	4	7		41.12	-96.57
P	KV1	291		8		42.38	-71.65
P	KV2	291		8		41.15	-74.53
P	KV3	291		8		39.95	-76.85
P	KV4	291		8		33.12	-82.2
P	KV5	291	4	7		31.85	-96.3
P	KV6	291	3			35.48	-119.35
P	KV7	291	3			41.3	-116.6
P	KV8	291	4	8		41.35	-83.23
P	KV9	291	4	8		41.55	-87.97
P	KW0	291	4	7		41.12	-96.57
P	KW1	291		8		42.38	-71.65
P	KW2	291		8		41.15	-74.53
P	KW3	291		8		39.95	-76.85
P	KW4	291		8		33.12	-82.2
P	KW5	291	4	7		31.85	-96.3
P	KW6	291	3			35.48	-119.35
P	KW7	291	3			41.3	-116.6
P	KW8	291	4	8		41.35	-83.23
P	KW9	291	4	8		41.55	-87.97
P	KX0	291	4	7		41.12	-96.57
P	KX1	291		8		42.38	-71.65
P	KX2	291		8		41.15	-74.53
P	KX3	291		8		39.95	-76.85
P	KX4	291		8		33.12	-82.2
P	KX5	291	4	7		31.85	-96.3
P	KX6	291	3			35.48	-119.35
P	KX7	291	3			41.3	-116.6
P	KX8	291	4	8		41.35	-83.23
P	KX9	291	4	8		41.55	-87.97
P	KY0	291	4	7		41.12	-96.57
P	KY1	291		8		42.38	-71.65
P	KY2	291		8		41.15	-74.53
P	KY3	291		8		39.95	-76.85
P	KY4	291		8		33.12	-82.2
P	KY5	291	4	7		31.85	-96.3
P	KY6	291	3			35.48	-119.35
P	KY7	291	3			41.3	-116.6
P	KY8	291	4	8		41.35	-83.23
P	KY9	291	4	8		41.55	-87.97
P	KZ0	291	4	7		41.12	-96.57
P	KZ1	291		8		42.38	-71.65
P	KZ2	291		8		41.15	-74.53
P	KZ3	291		8		39.95	-76.85
P	KZ4	291		8		33.12	-82.2
P	KZ5	291	4	7		31.85	-96.3
P	KZ6	291	3			35.48	-119.35
P	KZ7	291	3			41.3	-116.6
P	KZ8	291	4	8		41.35	-83.23
P	KZ9	291	4	8		41.55	-87.97
P	L1	100
P	L2	100
P	L20A	100				-34.6	-58.38
P	L20B	100				-34.6	-58.38
P	L20C	100				-34.6	-58.38
P	L20D	100				-33.7	-61
P	L20E	100				-33.7	-61
P	L20F	100				-33.72	-62.23
P	L20G	100				-26.95	-58.72
P	L20H	100				-31.42	-64.18
P	L20I	100				-26.92	-54.52
P	L20J	100				-32.05	-60.28
P	L20K	100				-26.93	-65.33
P	L20L	100				-28.67	-57.63
P	L20M	100				-32.88	-68.85
P	L20N	100				-27.78	-64.27
P	L20O	100				-24.78	-65.42
P	L20P	100				-30.87	-68.98
P	L20Q	100				-33.3	-66.35
P	L20R	100				-28.43	-65.78
P	L20S	100				-29.43	-66.85
P	L20T	100				-23.75	-65.5
P	L20U	100				-36.62	-64.28
P	L20V	100		16		-40.8	-63
P	L20W	100		16		-43.3	-65.1
P	L20X	100		16		-50.43	-69.25
P	L20Y	100		16		-38.95	-68.07
P	L21A	100				-34.6	-58.38
P	L21B	100				-34.6	-58.38
P	L21C	100				-34.6	-58.38
P	L21D	100				-33.7	-61
P	L21E	100				-33.7	-61
P	L21F	100				-33.72	-62.23
P	L21G	100				-26.95	-58.72
P	L21H	100				-31.42	-64.18
P	L21I	100				-26.92	-54.52
P	L21J	100				-32.05	-60.28
P	L21K	100				-26.93	-65.33
P	L21L	100				-28.67	-57.63
P	L21M	100				-32.88	-68.85
P	L21N	100				-27.78	-64.27
P	L21O	100				-24.78	-65.42
P	L21P	100				-30.87	-68.98
P	L21Q	100				-33.3	-66.35
P	L21R	100				-28.43	-65.78
P	L21S	100				-29.43	-66.85
P	L21T	100				-23.75	-65.5
P	L21U	100				-36.62	-64.28
P	L21V	100		16		-40.8	-63
P	L21W	100		16		-43.3	-65.1
P	L21X	100		16		-50.43	-69.25
P	L21Y	100		16		-38.95	-68.07
P	L22A	100				-34.6	-58.38
P	L22B	100				-34.6	-58.38
P	L22C	100				-34.6	-58.38
P	L22D	100				-33.7	-61
P	L22E	100				-33.7	-61
P	L22F	100				-33.72	-62.23
P	L22G	100				-26.95	-58.72
P	L22H	100				-31.42	-64.18
P	L22I	100				-26.92	-54.52
P	L22J	100				-32.05	-60.28
P	L22K	100				-26.93	-65.33
P	L22L	100				-28.67	-57.63
P	L22M	100				-32.88	-68.85
P	L22N	100				-27.78	-64.27
P	L22O	100				-24.78	-65.42
P	L22P	100				-30.87	-68.98
P	L22Q	100				-33.3	-66.35
P	L22R	100				-28.43	-65.78
P	L22S	100				-29.43	-66.85
P	L22T	100				-23.75	-65.5
P	L22U	100				-36.62	-64.28
P	L22V	100		16		-40.8	-63
P	L22W	100		16		-43.3	-65.1
P	L22X	100		16		-50.43	-69.25
P	L22Y	100		16		-38.95	-68.07
P	L23A	100				-34.6	-58.38
P	L23B	100				-34.6	-58.38
P	L23C	100				-34.6	-58.38
P	L23D	100				-33.7	-61
P	L23E	100				-33.7	-61
P	L23F	100				-33.72	-62.23
P	L23G	100				-26.95	-58.72
P	L23H	100				-31.42	-64.18
P	L23I	100				-26.92	-54.52
P	L23J	100				-32.05	-60.28
P	L23K	100				-26.93	-65.33
P	L23L	100				-28.67	-57.63
P	L23M	100				-32.88	-68.85
P	L23N	100				-27.78	-64.27
P	L23O	100				-24.78	-65.42
P	L23P	100				-30.87	-68.98
P	L23Q	100				-33.3	-66.35
P	L23R	100				-28.43	-65.78
P	L23S	100				-29.43	-66.85
P	L23T	100				-23.75	-65.5
P	L23U	100				-36.62	-64.28
P	L23V	100		16		-40.8	-63
P	L23W	100		16		-43.3	-65.1
P	L23X	100		16		-50.43	-69.25
P	L23Y	100		16		-38.95	-68.07
P	L24A	100				-34.6	-58.38
P	L24B	100				-34.6	-58.38
P	L24C	100				-34.6	-58.38
P	L24D	100				-33.7	-61
P	L24E	100				-33.7	-61
P	L24F	100				-33.72	-62.23
P	L24G	100				-26.95	-58.72
P	L24H	100				-31.42	-64.18
P	L24I	100				-26.92	-54.52
P	L24J	100				-32.05	-60.28
P	L24K	100				-26.93	-65.33
P	L24L	100				-28.67	-57.63
P	L24M	100				-32.88	-68.85
P	L24N	100				-27.78	-64.27
P	L24O	100				-24.78	-65.42
P	L24P	100				-30.87	-68.98
P	L24Q	100				-33.3	-66.35
P	L24R	100				-28.43	-65.78
P	L24S	100				-29.43	-66.85
P	L24T	100				-23.75	-65.5
P	L24U	100				-36.62	-64.28
P	L24V	100		16		-40.8	-63
P	L24W	100		16		-43.3	-65.1
P	L24X	100		16		-50.43	-69.25
P	L24Y	100		16		-38.95	-68.07
P	L25A	100				-34.6	-58.38
P	L25B	100				-34.6	-58.38
P	L25C	100				-34.6	-58.38
P	L25D	100				-33.7	-61
P	L25E	100				-33.7	-61
P	L25F	100				-33.72	-62.23
P	L25G	100				-26.95	-58.72
P	L25H	100				-31.42	-64.18
P	L25I	100				-26.92	-54.52
P	L25J	100				-32.05	-60.28
P	L25K	100				-26.93	-65.33
P	L25L	100				-28.67	-57.63
P	L25M	100				-32.88	-68.85
P	L25N	100				-27.78	-64.27
P	L25O	100				-24.78	-65.42
P	L25P	100				-30.87	-68.98
P	L25Q	100				-33.3	-66.35
P	L25R	100				-28.43	-65.78
P	L25S	100				-29.43	-66.85
P	L25T	100				-23.75	-65.5
P	L25U	100				-36.62	-64.28
P	L25V	100		16		-40.8	-63
P	L25W	100		16		-43.3	-65.1
P	L25X	100		16		-50.43	-69.25
P	L25Y	100		16		-38.95	-68.07
P	L26A	100				-34.6	-58.38
P	L26B	100				-34.6	-58.38
P	L26C	100				-34.6	-58.38
P	L26D	100				-33.7	-61
P	L26E	100				-33.7	-61
P	L26F	100				-33.72	-62.23
P	L26G	100				-26.95	-58.72
P	L26H	100				-31.42	-64.18
P	L26I	100				-26.92	-54.52
P	L26J	100				-32.05	-60.28
P	L26K	100				-26.93	-65.33
P	L26L	100				-28.67	-57.63
P	L26M	100				-32.88	-68.85
P	L26N	100				-27.78	-64.27
P	L26O	100				-24.78	-65.42
P	L26P	100				-30.87	-68.98
P	L26Q	100				-33.3	-66.35
P	L26R	100				-28.43	-65.78
P	L26S	100				-29.43	-66.85
P	L26T	100				-23.75	-65.5
P	L26U	100				-36.62	-64.28
P	L26V	100		16		-40.8	-63
P	L26W	100		16		-43.3	-65.1
P	L26X	100		16		-50.43	-69.25
P	L26Y	100		16		-38.95	-68.07
P	L27A	100				-34.6	-58.38
P	L27B	100				-34.6	-58.38
P	L27C	100				-34.6	-58.38
P	L27D	100				-33.7	-61
P	L27E	100				-33.7	-61
P	L27F	100				-33.72	-62.23
P	L27G	100				-26.95	-58.72
P	L27H	100				-31.42	-64.18
P	L27I	100				-26.92	-54.52
P	L27J	100				-32.05	-60.28
P	L27K	100				-26.93	-65.33
P	L27L	100				-28.67	-57.63
P	L27M	100				-32.88	-68.85
P	L27N	100				-27.78	-64.27
P	L27O	100				-24.78	-65.42
P	L27P	100				-30.87	-68.98
P	L27Q	100				-33.3	-66.35
P	L27R	100				-28.43	-65.78
P	L27S	100				-29.43	-66.85
P	L27T	100				-23.75	-65.5
P	L27U	100				-36.62	-64.28
P	L27V	100		16		-40.8	-63
P	L27W	100		16		-43.3	-65.1
P	L27X	100		16		-50.43	-69.25
P	L27Y	100		16		-38.95	-68.07
P	L28A	100				-34.6	-58.38
P	L28B	100				-34.6	-58.38
P	L28C	100				-34.6	-58.38
P	L28D	100				-33.7	-61
P	L28E	100				-33.7	-61
P	L28F	100				-33.72	-62.23
P	L28G	100				-26.95	-58.72
P	L28H	100				-31.42	-64.18
P	L28I	100				-26.92	-54.52
P	L28J	100				-32.05	-60.28
P	L28K	100				-26.93	-65.33
P	L28L	100				-28.67	-57.63
P	L28M	100				-32.88	-68.85
P	L28N	100				-27.78	-64.27
P	L28O	100				-24.78	-65.42
P	L28P	100				-30.87	-68.98
P	L28Q	100				-33.3	-66.35
P	L28R	100				-28.43	-65.78
P	L28S	100				-29.43	-66.85
P	L28T	100				-23.75	-65.5
P	L28U	100				-36.62	-64.28
P	L28V	100		16		-40.8	-63
P	L28W	100		16		-43.3	-65.1
P	L28X	100		16		-50.43	-69.25
P	L28Y	100		16		-38.95	-68.07
P	L29A	100				-34.6	-58.38
P	L29B	100				-34.6	-58.38
P	L29C	100				-34.6	-58.38
P	L29D	100				-33.7	-61
P	L29E	100				-33.7	-61
P	L29F	100				-33.72	-62.23
P	L29G	100				-26.95	-58.72
P	L29H	100				-31.42	-64.18
P	L29I	100				-26.92	-54.52
P	L29J	100				-32.05	-60.28
P	L29K	100				-26.93	-65.33
P	L29L	100				-28.67	-57.63
P	L29M	100				-32.88	-68.85
P	L29N	100				-27.78	-64.27
P	L29O	100				-24.78	-65.42
P	L29P	100				-30.87	-68.98
P	L29Q	100				-33.3	-66.35
P	L29R	100				-28.43	-65.78
P	L29S	100				-29.43	-66.85
P	L29T	100				-23.75	-65.5
P	L29U	100				-36.62	-64.28
P	L29V	100		16		-40.8	-63
P	L29W	100		16		-43.3	-65.1
P	L29X	100		16		-50.43	-69.25
P	L29Y	100		16		-38.95	-68.07
P	L3	100
P	L30A	100				-34.6	-58.38
P	L30B	100				-34.6	-58.38
P	L30C	100				-34.6	-58.38
P	L30D	100				-33.7	-61
P	L30E	100				-33.7	-61
P	L30F	100				-33.72	-62.23
P	L30G	100				-26.95	-58.72
P	L30H	100				-31.42	-64.18
P	L30I	100				-26.92	-54.52
P	L30J	100				-32.05	-60.28
P	L30K	100				-26.93	-65.33
P	L30L	100				-28.67	-57.63
P	L30M	100				-32.88	-68.85
P	L30N	100				-27.78	-64.27
P	L30O	100				-24.78	-65.42
P	L30P	100				-30.87	-68.98
P	L30Q	100				-33.3	-66.35
P	L30R	100				-28.43	-65.78
P	L30S	100				-29.43	-66.85
P	L30T	100				-23.75	-65.5
P	L30U	100				-36.62	-64.28
P	L30V	100		16		-40.8	-63
P	L30W	100		16		-43.3	-65.1
P	L30X	100		16		-50.43	-69.25
P	L30Y	100		16		-38.95	-68.07
P	L31A	100				-34.6	-58.38
P	L31B	100				-34.6	-58.38
P	L31C	100				-34.6	-58.38
P	L31D	100				-33.7	-61
P	L31E	100				-33.7	-61
P	L31F	100				-33.72	-62.23
P	L31G	100				-26.95	-58.72
P	L31H	100				-31.42	-64.18
P	L31I	100				-26.92	-54.52
P	L31J	100				-32.05	-60.28
P	L31K	100				-26.93	-65.33
P	L31L	100				-28.67	-57.63
P	L31M	100				-32.88	-68.85
P	L31N	100				-27.78	-64.27
P	L31O	100				-24.78	-65.42
P	L31P	100				-30.87	-68.98
P	L31Q	100				-33.3	-66.35
P	L31R	100				-28.43	-65.78
P	L31S	100				-29.43	-66.85
P	L31T	100				-23.75	-65.5
P	L31U	100				-36.62	-64.28
P	L31V	100		16		-40.8	-63
P	L31W	100		16		-43.3	-65.1
P	L31X	100		16		-50.43	-69.25
P	L31Y	100		16		-38.95	-68.07
P	L32A	100				-34.6	-58.38
P	L32B	100				-34.6	-58.38
P	L32C	100				-34.6	-58.38
P	L32D	100				-33.7	-61
P	L32E	100				-33.7	-61
P	L32F	100				-33.72	-62.23
P	L32G	100				-26.95	-58.72
P	L32H	100				-31.42	-64.18
P	L32I	100				-26.92	-54.52
P	L32J	100				-32.05	-60.28
P	L32K	100				-26.93	-65.33
P	L32L	100				-28.67	-57.63
P	L32M	100				-32.88	-68.85
P	L32N	100				-27.78	-64.27
P	L32O	100				-24.78	-65.42
P	L32P	100				-30.87	-68.98
P	L32Q	100				-33.3	-66.35
P	L32R	100				-28.43	-65.78
P	L32S	100				-29.43	-66.85
P	L32T	100				-23.75	-65.5
P	L32U	100				-36.62	-64.28
P	L32V	100		16		-40.8	-63
P	L32W	100		16		-43.3	-65.1
P	L32X	100		16		-50.43	-69.25
P	L32Y	100		16		-38.95	-68.07
P	L33A	100				-34.6	-58.38
P	L33B	100				-34.6	-58.38
P	L33C	100				-34.6	-58.38
P	L33D	100				-33.7	-61
P	L33E	100				-33.7	-61
P	L33F	100				-33.72	-62.23
P	L33G	100				-26.95	-58.72
P	L33H	100				-31.42	-64.18
P	L33I	100				-26.92	-54.52
P	L33J	100				-32.05	-60.28
P	L33K	100				-26.93	-65.33
P	L33L	100				-28.67	-57.63
P	L33M	100				-32.88	-68.85
P	L33N	100				-27.78	-64.27
P	L33O	100				-24.78	-65.42
P	L33P	100				-30.87	-68.98
P	L33Q	100				-33.3	-66.35
P	L33R	100				-28.43	-65.78
P	L33S	100				-29.43	-66.85
P	L33T	100				-23.75	-65.5
P	L33U	100				-36.62	-64.28
P	L33V	100		16		-40.8	-63
P	L33W	100		16		-43.3	-65.1
P	L33X	100		16		-50.43	-69.25
P	L33Y	100		16		-38.95	-68.07
P	L34A	100				-34.6	-58.38
P	L34B	100				-34.6	-58.38
P	L34C	100				-34.6	-58.38
P	L34D	100				-33.7	-61
P	L34E	100				-33.7	-61
P	L34F	100				-33.72	-62.23
P	L34G	100				-26.95	-58.72
P	L34H	100				-31.42	-64.18
P	L34I	100				-26.92	-54.52
P	L34J	100				-32.05	-60.28
P	L34K	100				-26.93	-65.33
P	L34L	100				-28.67	-57.63
P	L34M	100				-32.88	-68.85
P	L34N	100				-27.78	-64.27
P	L34O	100				-24.78	-65.42
P	L34P	100				-30.87	-68.98
P	L34Q	100				-33.3	-66.35
P	L34R	100				-28.43	-65.78
P	L34S	100				-29.43	-66.85
P	L34T	100				-23.75	-65.5
P	L34U	100				-36.62	-64.28
P	L34V	100		16		-40.8	-63
P	L34W	100		16		-43.3	-65.1
P	L34X	100		16		-50.43	-69.25
P	L34Y	100		16		-38.95	-68.07
P	L35A	100				-34.6	-58.38
P	L35B	100				-34.6	-58.38
P	L35C	100				-34.6	-58.38
P	L35D	100				-33.7	-61
P	L35E	100				-33.7	-61
P	L35F	100				-33.72	-62.23
P	L35G	100				-26.95	-58.72
P	L35H	100				-31.42	-64.18
P	L35I	100				-26.92	-54.52
P	L35J	100				-32.05	-60.28
P	L35K	100				-26.93	-65.33
P	L35L	100				-28.67	-57.63
P	L35M	100				-32.88	-68.85
P	L35N	100				-27.78	-64.27
P	L35O	100				-24.78	-65.42
P	L35P	100				-30.87	-68.98
P	L35Q	100				-33.3	-66.35
P	L35R	100				-28.43	-65.78
P	L35S	100				-29.43	-66.85
P	L35T	100				-23.75	-65.5
P	L35U	100				-36.62	-64.28
P	L35V	100		16		-40.8	-63
P	L35W	100		16		-43.3	-65.1
P	L35X	100		16		-50.43	-69.25
P	L35Y	100		16		-38.95	-68.07
P	L36A	100				-34.6	-58.38
P	L36B	100				-34.6	-58.38
P	L36C	100				-34.6	-58.38
P	L36D	100				-33.7	-61
P	L36E	100				-33.7	-61
P	L36F	100				-33.72	-62.23
P	L36G	100				-26.95	-58.72
P	L36H	100				-31.42	-64.18
P	L36I	100				-26.92	-54.52
P	L36J	100				-32.05	-60.28
P	L36K	100				-26.93	-65.33
P	L36L	100				-28.67	-57.63
P	L36M	100				-32.88	-68.85
P	L36N	100				-27.78	-64.27
P	L36O	100				-24.78	-65.42
P	L36P	100				-30.87	-68.98
P	L36Q	100				-33.3	-66.35
P	L36R	100				-28.43	-65.78
P	L36S	100				-29.43	-66.85
P	L36T	100				-23.75	-65.5
P	L36U	100				-36.62	-64.28
P	L36V	100		16		-40.8	-63
P	L36W	100		16		-43.3	-65.1
P	L36X	100		16		-50.43	-69.25
P	L36Y	100		16		-38.95	-68.07
P	L37A	100				-34.6	-58.38
P	L37B	100				-34.6	-58.38
P	L37C	100				-34.6	-58.38
P	L37D	100				-33.7	-61
P	L37E	100				-33.7	-61
P	L37F	100				-33.72	-62.23
P	L37G	100				-26.95	-58.72
P	L37H	100				-31.42	-64.18
P	L37I	100				-26.92	-54.52
P	L37J	100				-32.05	-60.28
P	L37K	100				-26.93	-65.33
P	L37L	100				-28.67	-57.63
P	L37M	100				-32.88	-68.85
P	L37N	100				-27.78	-64.27
P	L37O	100				-24.78	-65.42
P	L37P	100				-30.87	-68.98
P	L37Q	100				-33.3	-66.35
P	L37R	100				-28.43	-65.78
P	L37S	100				-29.43	-66.85
P	L37T	100				-23.75	-65.5
P	L37U	100				-36.62	-64.28
P	L37V	100		16		-40.8	-63
P	L37W	100		16		-43.3	-65.1
P	L37X	100		16		-50.43	-69.25
P	L37Y	100		16		-38.95	-68.07
P	L38A	100				-34.6	-58.38
P	L38B	100				-34.6	-58.38
P	L38C	100				-34.6	-58.38
P	L38D	100				-33.7	-61
P	L38E	100				-33.7	-61
P	L38F	100				-33.72	-62.23
P	L38G	100				-26.95	-58.72
P	L38H	100				-31.42	-64.18
P	L38I	100				-26.92	-54.52
P	L38J	100				-32.05	-60.28
P	L38K	100				-26.93	-65.33
P	L38L	100				-28.67	-57.63
P	L38M	100				-32.88	-68.85
P	L38N	100				-27.78	-64.27
P	L38O	100				-24.78	-65.42
P	L38P	100				-30.87	-68.98
P	L38Q	100				-33.3	-66.35
P	L38R	100				-28.43	-65.78
P	L38S	100				-29.43	-66.85
P	L38T	100				-23.75	-65.5
P	L38U	100				-36.62	-64.28
P	L38V	100		16		-40.8	-63
P	L38W	100		16		-43.3	-65.1
P	L38X	100		16		-50.43	-69.25
P	L38Y	100		16		-38.95	-68.07
P	L39A	100				-34.6	-58.38
P	L39B	100				-34.6	-58.38
P	L39C	100				-34.6	-58.38
P	L39D	100				-33.7	-61
P	L39E	100				-33.7	-61
P	L39F	100				-33.72	-62.23
P	L39G	100				-26.95	-58.72
P	L39H	100				-31.42	-64.18
P	L39I	100				-26.92	-54.52
P	L39J	100				-32.05	-60.28
P	L39K	100				-26.93	-65.33
P	L39L	100				-28.67	-57.63
P	L39M	100				-32.88	-68.85
P	L39N	100				-27.78	-64.27
P	L39O	100				-24.78	-65.42
P	L39P	100				-30.87	-68.98
P	L39Q	100				-33.3	-66.35
P	L39R	100				-28.43	-65.78
P	L39S	100				-29.43	-66.85
P	L39T	100				-23.75	-65.5
P	L39U	100				-36.62	-64.28
P	L39V	100		16		-40.8	-63
P	L39W	100		16		-43.3	-65.1
P	L39X	100		16		-50.43	-69.25
P	L39Y	100		16		-38.95	-68.07
P	L4	100
P	L40A	100				-34.6	-58.38
P	L40B	100				-34.6	-58.38
P	L40C	100				-34.6	-58.38
P	L40D	100				-33.7	-61
P	L40E	100				-33.7	-61
P	L40F	100				-33.72	-62.23
P	L40G	100				-26.95	-58.72
P	L40H	100				-31.42	-64.18
P	L40I	100				-26.92	-54.52
P	L40J	100				-32.05	-60.28
P	L40K	100				-26.93	-65.33
P	L40L	100				-28.67	-57.63
P	L40M	100				-32.88	-68.85
P	L40N	100				-27.78	-64.27
P	L40O	100				-24.78	-65.42
P	L40P	100				-30.87	-68.98
P	L40Q	100				-33.3	-66.35
P	L40R	100				-28.43	-65.78
P	L40S	100				-29.43	-66.85
P	L40T	100				-23.75	-65.5
P	L40U	100				-36.62	-64.28
P	L40V	100		16		-40.8	-63
P	L40W	100		16		-43.3	-65.1
P	L40X	100		16		-50.43	-69.25
P	L40Y	100		16		-38.95	-68.07
P	L41A	100				-34.6	-58.38
P	L41B	100				-34.6	-58.38
P	L41C	100				-34.6	-58.38
P	L41D	100				-33.7	-61
P	L41E	100				-33.7	-61
P	L41F	100				-33.72	-62.23
P	L41G	100				-26.95	-58.72
P	L41H	100				-31.42	-64.18
P	L41I	100				-26.92	-54.52
P	L41J	100				-32.05	-60.28
P	L41K	100				-26.93	-65.33
P	L41L	100				-28.67	-57.63
P	L41M	100				-32.88	-68.85
P	L41N	100				-27.78	-64.27
P	L41O	100				-24.78	-65.42
P	L41P	100				-30.87	-68.98
P	L41Q	100				-33.3	-66.35
P	L41R	100				-28.43	-65.78
P	L41S	100				-29.43	-66.85
P	L41T	100				-23.75	-65.5
P	L41U	100				-36.62	-64.28
P	L41V	100		16		-40.8	-63
P	L41W	100		16		-43.3	-65.1
P	L41X	100		16		-50.43	-69.25
P	L41Y	100		16		-38.95	-68.07
P	L42A	100				-34.6	-58.38
P	L42B	100				-34.6	-58.38
P	L42C	100				-34.6	-58.38
P	L42D	100				-33.7	-61
P	L42E	100				-33.7	-61
P	L42F	100				-33.72	-62.23
P	L42G	100				-26.95	-58.72
P	L42H	100				-31.42	-64.18
P	L42I	100				-26.92	-54.52
P	L42J	100				-32.05	-60.28
P	L42K	100				-26.93	-65.33
P	L42L	100				-28.67	-57.63
P	L42M	100				-32.88	-68.85
P	L42N	100				-27.78	-64.27
P	L42O	100				-24.78	-65.42
P	L42P	100				-30.87	-68.98
P	L42Q	100				-33.3	-66.35
P	L42R	100				-28.43	-65.78
P	L42S	100				-29.43	-66.85
P	L42T	100				-23.75	-65.5
P	L42U	100				-36.62	-64.28
P	L42V	100		16		-40.8	-63
P	L42W	100		16		-43.3	-65.1
P	L42X	100		16		-50.43	-69.25
P	L42Y	100		16		-38.95	-68.07
P	L43A	100				-34.6	-58.38
P	L43B	100				-34.6	-58.38
P	L43C	100				-34.6	-58.38
P	L43D	100				-33.7	-61
P	L43E	100				-33.7	-61
P	L43F	100				-33.72	-62.23
P	L43G	100				-26.95	-58.72
P	L43H	100				-31.42	-64.18
P	L43I	100				-26.92	-54.52
P	L43J	100				-32.05	-60.28
P	L43K	100				-26.93	-65.33
P	L43L	100				-28.67	-57.63
P	L43M	100				-32.88	-68.85
P	L43N	100				-27.78	-64.27
P	L43O	100				-24.78	-65.42
P	L43P	100				-30.87	-68.98
P	L43Q	100				-33.3	-66.35
P	L43R	100				-28.43	-65.78
P	L43S	100				-29.43	-66.85
P	L43T	100				-23.75	-65.5
P	L43U	100				-36.62	-64.28
P	L43V	100		16		-40.8	-63
P	L43W	100		16		-43.3	-65.1
P	L43X	100		16		-50.43	-69.25
P	L43Y	100		16		-38.95	-68.07
P	L44A	100				-34.6	-58.38
P	L44B	100				-34.6	-58.38
P	L44C	100				-34.6	-58.38
P	L44D	100				-33.7	-61
P	L44E	100				-33.7	-61
P	L44F	100				-33.72	-62.23
P	L44G	100				-26.95	-58.72
P	L44H	100				-31.42	-64.18
P	L44I	100				-26.92	-54.52
P	L44J	100				-32.05	-60.28
P	L44K	100				-26.93	-65.33
P	L44L	100				-28.67	-57.63
P	L44M	100				-32.88	-68.85
P	L44N	100				-27.78	-64.27
P	L44O	100				-24.78	-65.42
P	L44P	100				-30.87	-68.98
P	L44Q	100				-33.3	-66.35
P	L44R	100				-28.43	-65.78
P	L44S	100				-29.43	-66.85
P	L44T	100				-23.75	-65.5
P	L44U	100				-36.62	-64.28
P	L44V	100		16		-40.8	-63
P	L44W	100		16		-43.3	-65.1
P	L44X	100		16		-50.43	-69.25
P	L44Y	100		16		-38.95	-68.07
P	L45A	100				-34.6	-58.38
P	L45B	100				-34.6	-58.38
P	L45C	100				-34.6	-58.38
P	L45D	100				-33.7	-61
P	L45E	100				-33.7	-61
P	L45F	100				-33.72	-62.23
P	L45G	100				-26.95	-58.72
P	L45H	100				-31.42	-64.18
P	L45I	100				-26.92	-54.52
P	L45J	100				-32.05	-60.28
P	L45K	100				-26.93	-65.33
P	L45L	100				-28.67	-57.63
P	L45M	100				-32.88	-68.85
P	L45N	100				-27.78	-64.27
P	L45O	100				-24.78	-65.42
P	L45P	100				-30.87	-68.98
P	L45Q	100				-33.3	-66.35
P	L45R	100				-28.43	-65.78
P	L45S	100				-29.43	-66.85
P	L45T	100				-23.75	-65.5
P	L45U	100				-36.62	-64.28
P	L45V	100		16		-40.8	-63
P	L45W	100		16		-43.3	-65.1
P	L45X	100		16		-50.43	-69.25
P	L45Y	100		16		-38.95	-68.07
P	L46A	100				-34.6	-58.38
P	L46B	100				-34.6	-58.38
P	L46C	100				-34.6	-58.38
P	L46D	100				-33.7	-61
P	L46E	100				-33.7	-61
P	L46F	100				-33.72	-62.23
P	L46G	100				-26.95	-58.72
P	L46H	100				-31.42	-64.18
P	L46I	100				-26.92	-54.52
P	L46J	100				-32.05	-60.28
P	L46K	100				-26.93	-65.33
P	L46L	100				-28.67	-57.63
P	L46M	100				-32.88	-68.85
P	L46N	100				-27.78	-64.27
P	L46O	100				-24.78	-65.42
P	L46P	100				-30.87	-68.98
P	L46Q	100				-33.3	-66.35
P	L46R	100				-28.43	-65.78
P	L46S	100				-29.43	-66.85
P	L46T	100				-23.75	-65.5
P	L46U	100				-36.62	-64.28
P	L46V	100		16		-40.8	-63
P	L46W	100		16		-43.3	-65.1
P	L46X	100		16		-50.43	-69.25
P	L46Y	100		16		-38.95	-68.07
P	L47A	100				-34.6	-58.38
P	L47B	100				-34.6	-58.38
P	L47C	100				-34.6	-58.38
P	L47D	100				-33.7	-61
P	L47E	100				-33.7	-61
P	L47F	100				-33.72	-62.23
P	L47G	100				-26.95	-58.72
P	L47H	100				-31.42	-64.18
P	L47I	100				-26.92	-54.52
P	L47J	100				-32.05	-60.28
P	L47K	100				-26.93	-65.33
P	L47L	100				-28.67	-57.63
P	L47M	100				-32.88	-68.85
P	L47N	100				-27.78	-64.27
P	L47O	100				-24.78	-65.42
P	L47P	100				-30.87	-68.98
P	L47Q	100				-33.3	-66.35
P	L47R	100				-28.43	-65.78
P	L47S	100				-29.43	-66.85
P	L47T	100				-23.75	-65.5
P	L47U	100				-36.62	-64.28
P	L47V	100		16		-40.8	-63
P	L47W	100		16		-43.3	-65.1
P	L47X	100		16		-50.43	-69.25
P	L47Y	100		16		-38.95	-68.07
P	L48A	100				-34.6	-58.38
P	L48B	100				-34.6	-58.38
P	L48C	100				-34.6	-58.38
P	L48D	100				-33.7	-61
P	L48E	100				-33.7	-61
P	L48F	100				-33.72	-62.23
P	L48G	100				-26.95	-58.72
P	L48H	100				-31.42	-64.18
P	L48I	100				-26.92	-54.52
P	L48J	100				-32.05	-60.28
P	L48K	100				-26.93	-65.33
P	L48L	100				-28.67	-57.63
P	L48M	100				-32.88	-68.85
P	L48N	100				-27.78	-64.27
P	L48O	100				-24.78	-65.42
P	L48P	100				-30.87	-68.98
P	L48Q	100				-33.3	-66.35
P	L48R	100				-28.43	-65.78
P	L48S	100				-29.43	-66.85
P	L48T	100				-23.75	-65.5
P	L48U	100				-36.62	-64.28
P	L48V	100		16		-40.8	-63
P	L48W	100		16		-43.3	-65.1
P	L48X	100		16		-50.43	-69.25
P	L48Y	100		16		-38.95	-68.07
P	L49A	100				-34.6	-58.38
P	L49B	100				-34.6	-58.38
P	L49C	100				-34.6	-58.38
P	L49D	100				-33.7	-61
P	L49E	100				-33.7	-61
P	L49F	100				-33.72	-62.23
P	L49G	100				-26.95	-58.72
P	L49H	100				-31.42	-64.18
P	L49I	100				-26.92	-54.52
P	L49J	100				-32.05	-60.28
P	L49K	100				-26.93	-65.33
P	L49L	100				-28.67	-57.63
P	L49M	100				-32.88	-68.85
P	L49N	100				-27.78	-64.27
P	L49O	100				-24.78	-65.42
P	L49P	100				-30.87	-68.98
P	L49Q	100				-33.3	-66.35
P	L49R	100				-28.43	-65.78
P	L49S	100				-29.43	-66.85
P	L49T	100				-23.75	-65.5
P	L49U	100				-36.62	-64.28
P	L49V	100		16		-40.8	-63
P	L49W	100		16		-43.3	-65.1
P	L49X	100		16		-50.43	-69.25
P	L49Y	100		16		-38.95	-68.07
P	L5	100
P	L50A	100				-34.6	-58.38
P	L50B	100				-34.6	-58.38
P	L50C	100				-34.6	-58.38
P	L50D	100				-33.7	-61
P	L50E	100				-33.7	-61
P	L50F	100				-33.72	-62.23
P	L50G	100				-26.95	-58.72
P	L50H	100				-31.42	-64.18
P	L50I	100				-26.92	-54.52
P	L50J	100				-32.05	-60.28
P	L50K	100				-26.93	-65.33
P	L50L	100				-28.67	-57.63
P	L50M	100				-32.88	-68.85
P	L50N	100				-27.78	-64.27
P	L50O	100				-24.78	-65.42
P	L50P	100				-30.87	-68.98
P	L50Q	100				-33.3	-66.35
P	L50R	100				-28.43	-65.78
P	L50S	100				-29.43	-66.85
P	L50T	100				-23.75	-65.5
P	L50U	100				-36.62	-64.28
P	L50V	100		16		-40.8	-63
P	L50W	100		16		-43.3	-65.1
P	L50X	100		16		-50.43	-69.25
P	L50Y	100		16		-38.95	-68.07
P	L51A	100				-34.6	-58.38
P	L51B	100				-34.6	-58.38
P	L51C	100				-34.6	-58.38
P	L51D	100				-33.7	-61
P	L51E	100				-33.7	-61
P	L51F	100				-33.72	-62.23
P	L51G	100				-26.95	-58.72
P	L51H	100				-31.42	-64.18
P	L51I	100				-26.92	-54.52
P	L51J	100				-32.05	-60.28
P	L51K	100				-26.93	-65.33
P	L51L	100				-28.67	-57.63
P	L51M	100				-32.88	-68.85
P	L51N	100				-27.78	-64.27
P	L51O	100				-24.78	-65.42
P	L51P	100				-30.87	-68.98
P	L51Q	100				-33.3	-66.35
P	L51R	100				-28.43	-65.78
P	L51S	100				-29.43	-66.85
P	L51T	100				-23.75	-65.5
P	L51U	100				-36.62	-64.28
P	L51V	100		16		-40.8	-63
P	L51W	100		16		-43.3	-65.1
P	L51X	100		16		-50.43	-69.25
P	L51Y	100		16		-38.95	-68.07
P	L52A	100				-34.6	-58.38
P	L52B	100				-34.6	-58.38
P	L52C	100				-34.6	-58.38
P	L52D	100				-33.7	-61
P	L52E	100				-33.7	-61
P	L52F	100				-33.72	-62.23
P	L52G	100				-26.95	-58.72
P	L52H	100				-31.42	-64.18
P	L52I	100				-26.92	-54.52
P	L52J	100				-32.05	-60.28
P	L52K	100				-26.93	-65.33
P	L52L	100				-28.67	-57.63
P	L52M	100				-32.88	-68.85
P	L52N	100				-27.78	-64.27
P	L52O	100				-24.78	-65.42
P	L52P	100				-30.87	-68.98
P	L52Q	100				-33.3	-66.35
P	L52R	100				-28.43	-65.78
P	L52S	100				-29.43	-66.85
P	L52T	100				-23.75	-65.5
P	L52U	100				-36.62	-64.28
P	L52V	100		16		-40.8	-63
P	L52W	100		16		-43.3	-65.1
P	L52X	100		16		-50.43	-69.25
P	L52Y	100		16		-38.95	-68.07
P	L53A	100				-34.6	-58.38
P	L53B	100				-34.6	-58.38
P	L53C	100				-34.6	-58.38
P	L53D	100				-33.7	-61
P	L53E	100				-33.7	-61
P	L53F	100				-33.72	-62.23
P	L53G	100				-26.95	-58.72
P	L53H	100				-31.42	-64.18
P	L53I	100				-26.92	-54.52
P	L53J	100				-32.05	-60.28
P	L53K	100				-26.93	-65.33
P	L53L	100				-28.67	-57.63
P	L53M	100				-32.88	-68.85
P	L53N	100				-27.78	-64.27
P	L53O	100				-24.78	-65.42
P	L53P	100				-30.87	-68.98
P	L53Q	100				-33.3	-66.35
P	L53R	100				-28.43	-65.78
P	L53S	100				-29.43	-66.85
P	L53T	100				-23.75	-65.5
P	L53U	100				-36.62	-64.28
P	L53V	100		16		-40.8	-63
P	L53W	100		16		-43.3	-65.1
P	L53X	100		16		-50.43	-69.25
P	L53Y	100		16		-38.95	-68.07
P	L54A	100				-34.6	-58.38
P	L54B	100				-34.6	-58.38
P	L54C	100				-34.6	-58.38
P	L54D	100				-33.7	-61
P	L54E	100				-33.7	-61
P	L54F	100				-33.72	-62.23
P	L54G	100				-26.95	-58.72
P	L54H	100				-31.42	-64.18
P	L54I	100				-26.92	-54.52
P	L54J	100				-32.05	-60.28
P	L54K	100				-26.93	-65.33
P	L54L	100				-28.67	-57.63
P	L54M	100				-32.88	-68.85
P	L54N	100				-27.78	-64.27
P	L54O	100				-24.78	-65.42
P	L54P	100				-30.87	-68.98
P	L54Q	100				-33.3	-66.35
P	L54R	100				-28.43	-65.78
P	L54S	100				-29.43	-66.85
P	L54T	100				-23.75	-65.5
P	L54U	100				-36.62	-64.28
P	L54V	100		16		-40.8	-63
P	L54W	100		16		-43.3	-65.1
P	L54X	100		16		-50.43	-69.25
P	L54Y	100		16		-38.95	-68.07
P	L55A	100				-34.6	-58.38
P	L55B	100				-34.6	-58.38
P	L55C	100				-34.6	-58.38
P	L55D	100				-33.7	-61
P	L55E	100				-33.7	-61
P	L55F	100				-33.72	-62.23
P	L55G	100				-26.95	-58.72
P	L55H	100				-31.42	-64.18
P	L55I	100				-26.92	-54.52
P	L55J	100				-32.05	-60.28
P	L55K	100				-26.93	-65.33
P	L55L	100				-28.67	-57.63
P	L55M	100				-32.88	-68.85
P	L55N	100				-27.78	-64.27
P	L55O	100				-24.78	-65.42
P	L55P	100				-30.87	-68.98
P	L55Q	100				-33.3	-66.35
P	L55R	100				-28.43	-65.78
P	L55S	100				-29.43	-66.85
P	L55T	100				-23.75	-65.5
P	L55U	100				-36.62	-64.28
P	L55V	100		16		-40.8	-63
P	L55W	100		16		-43.3	-65.1
P	L55X	100		16		-50.43	-69.25
P	L55Y	100		16		-38.95	-68.07
P	L56A	100				-34.6	-58.38
P	L56B	100				-34.6	-58.38
P	L56C	100				-34.6	-58.38
P	L56D	100				-33.7	-61
P	L56E	100				-33.7	-61
P	L56F	100				-33.72	-62.23
P	L56G	100				-26.95	-58.72
P	L56H	100				-31.42	-64.18
P	L56I	100				-26.92	-54.52
P	L56J	100				-32.05	-60.28
P	L56K	100				-26.93	-65.33
P	L56L	100				-28.67	-57.63
P	L56M	100				-32.88	-68.85
P	L56N	100				-27.78	-64.27
P	L56O	100				-24.78	-65.42
P	L56P	100				-30.87	-68.98
P	L56Q	100				-33.3	-66.35
P	L56R	100				-28.43	-65.78
P	L56S	100				-29.43	-66.85
P	L56T	100				-23.75	-65.5
P	L56U	100				-36.62	-64.28
P	L56V	100		16		-40.8	-63
P	L56W	100		16		-43.3	-65.1
P	L56X	100		16		-50.43	-69.25
P	L56Y	100		16		-38.95	-68.07
P	L57A	100				-34.6	-58.38
P	L57B	100				-34.6	-58.38
P	L57C	100				-34.6	-58.38
P	L57D	100				-33.7	-61
P	L57E	100				-33.7	-61
P	L57F	100				-33.72	-62.23
P	L57G	100				-26.95	-58.72
P	L57H	100				-31.42	-64.18
P	L57I	100				-26.92	-54.52
P	L57J	100				-32.05	-60.28
P	L57K	100				-26.93	-65.33
P	L57L	100				-28.67	-57.63
P	L57M	100				-32.88	-68.85
P	L57N	100				-27.78	-64.27
P	L57O	100				-24.78	-65.42
P	L57P	100				-30.87	-68.98
P	L57Q	100				-33.3	-66.35
P	L57R	100				-28.43	-65.78
P	L57S	100				-29.43	-66.85
P	L57T	100				-23.75	-65.5
P	L57U	100				-36.62	-64.28
P	L57V	100		16		-40.8	-63
P	L57W	100		16		-43.3	-65.1
P	L57X	100		16		-50.43	-69.25
P	L57Y	100		16		-38.95	-68.07
P	L58A	100				-34.6	-58.38
P	L58B	100				-34.6	-58.38
P	L58C	100				-34.6	-58.38
P	L58D	100				-33.7	-61
P	L58E	100				-33.7	-61
P	L58F	100				-33.72	-62.23
P	L58G	100				-26.95	-58.72
P	L58H	100				-31.42	-64.18
P	L58I	100				-26.92	-54.52
P	L58J	100				-32.05	-60.28
P	L58K	100				-26.93	-65.33
P	L58L	100				-28.67	-57.63
P	L58M	100				-32.88	-68.85
P	L58N	100				-27.78	-64.27
P	L58O	100				-24.78	-65.42
P	L58P	100				-30.87	-68.98
P	L58Q	100				-33.3	-66.35
P	L58R	100				-28.43	-65.78
P	L58S	100				-29.43	-66.85
P	L58T	100				-23.75	-65.5
P	L58U	100				-36.62	-64.28
P	L58V	100		16		-40.8	-63
P	L58W	100		16		-43.3	-65.1
P	L58X	100		16		-50.43	-69.25
P	L58Y	100		16		-38.95	-68.07
P	L59A	100				-34.6	-58.38
P	L59B	100				-34.6	-58.38
P	L59C	100				-34.6	-58.38
P	L59D	100				-33.7	-61
P	L59E	100				-33.7	-61
P	L59F	100				-33.72	-62.23
P	L59G	100				-26.95	-58.72
P	L59H	100				-31.42	-64.18
P	L59I	100				-26.92	-54.52
P	L59J	100				-32.05	-60.28
P	L59K	100				-26.93	-65.33
P	L59L	100				-28.67	-57.63
P	L59M	100				-32.88	-68.85
P	L59N	100				-27.78	-64.27
P	L59O	100				-24.78	-65.42
P	L59P	100				-30.87	-68.98
P	L59Q	100				-33.3	-66.35
P	L59R	100				-28.43	-65.78
P	L59S	100				-29.43	-66.85
P	L59T	100				-23.75	-65.5
P	L59U	100				-36.62	-64.28
P	L59V	100		16		-40.8	-63
P	L59W	100		16		-43.3	-65.1
P	L59X	100		16		-50.43	-69.25
P	L59Y	100		16		-38.95	-68.07
P	L6	100
P	L60A	100				-34.6	-58.38
P	L60B	100				-34.6	-58.38
P	L60C	100				-34.6	-58.38
P	L60D	100				-33.7	-61
P	L60E	100				-33.7	-61
P	L60F	100				-33.72	-62.23
P	L60G	100				-26.95	-58.72
P	L60H	100				-31.42	-64.18
P	L60I	100				-26.92	-54.52
P	L60J	100				-32.05	-60.28
P	L60K	100				-26.93	-65.33
P	L60L	100				-28.67	-57.63
P	L60M	100				-32.88	-68.85
P	L60N	100				-27.78	-64.27
P	L60O	100				-24.78	-65.42
P	L60P	100				-30.87	-68.98
P	L60Q	100				-33.3	-66.35
P	L60R	100				-28.43	-65.78
P	L60S	100				-29.43	-66.85
P	L60T	100				-23.75	-65.5
P	L60U	100				-36.62	-64.28
P	L60V	100		16		-40.8	-63
P	L60W	100		16		-43.3	-65.1
P	L60X	100		16		-50.43	-69.25
P	L60Y	100		16		-38.95	-68.07
P	L61A	100				-34.6	-58.38
P	L61B	100				-34.6	-58.38
P	L61C	100				-34.6	-58.38
P	L61D	100				-33.7	-61
P	L61E	100				-33.7	-61
P	L61F	100				-33.72	-62.23
P	L61G	100				-26.95	-58.72
P	L61H	100				-31.42	-64.18
P	L61I	100				-26.92	-54.52
P	L61J	100				-32.05	-60.28
P	L61K	100				-26.93	-65.33
P	L61L	100				-28.67	-57.63
P	L61M	100				-32.88	-68.85
P	L61N	100				-27.78	-64.27
P	L61O	100				-24.78	-65.42
P	L61P	100				-30.87	-68.98
P	L61Q	100				-33.3	-66.35
P	L61R	100				-28.43	-65.78
P	L61S	100				-29.43	-66.85
P	L61T	100				-23.75	-65.5
P	L61U	100				-36.62	-64.28
P	L61V	100		16		-40.8	-63
P	L61W	100		16		-43.3	-65.1
P	L61X	100		16		-50.43	-69.25
P	L61Y	100		16		-38.95	-68.07
P	L62A	100				-34.6	-58.38
P	L62B	100				-34.6	-58.38
P	L62C	100				-34.6	-58.38
P	L62D	100				-33.7	-61
P	L62E	100				-33.7	-61
P	L62F	100				-33.72	-62.23
P	L62G	100				-26.95	-58.72
P	L62H	100				-31.42	-64.18
P	L62I	100				-26.92	-54.52
P	L62J	100				-32.05	-60.28
P	L62K	100				-26.93	-65.33
P	L62L	100				-28.67	-57.63
P	L62M	100				-32.88	-68.85
P	L62N	100				-27.78	-64.27
P	L62O	100				-24.78	-65.42
P	L62P	100				-30.87	-68.98
P	L62Q	100				-33.3	-66.35
P	L62R	100				-28.43	-65.78
P	L62S	100				-29.43	-66.85
P	L62T	100				-23.75	-65.5
P	L62U	100				-36.62	-64.28
P	L62V	100		16		-40.8	-63
P	L62W	100		16		-43.3	-65.1
P	L62X	100		16		-50.43	-69.25
P	L62Y	100		16		-38.95	-68.07
P	L63A	100				-34.6	-58.38
P	L63B	100				-34.6	-58.38
P	L63C	100				-34.6	-58.38
P	L63D	100				-33.7	-61
P	L63E	100				-33.7	-61
P	L63F	100				-33.72	-62.23
P	L63G	100				-26.95	-58.72
P	L63H	100				-31.42	-64.18
P	L63I	100				-26.92	-54.52
P	L63J	100				-32.05	-60.28
P	L63K	100				-26.93	-65.33
P	L63L	100				-28.67	-57.63
P	L63M	100				-32.88	-68.85
P	L63N	100				-27.78	-64.27
P	L63O	100				-24.78	-65.42
P	L63P	100				-30.87	-68.98
P	L63Q	100				-33.3	-66.35
P	L63R	100				-28.43	-65.78
P	L63S	100				-29.43	-66.85
P	L63T	100				-23.75	-65.5
P	L63U	100				-36.62	-64.28
P	L63V	100		16		-40.8	-63
P	L63W	100		16		-43.3	-65.1
P	L63X	100		16		-50.43	-69.25
P	L63Y	100		16		-38.95	-68.07
P	L64A	100				-34.6	-58.38
P	L64B	100				-34.6	-58.38
P	L64C	100				-34.6	-58.38
P	L64D	100				-33.7	-61
P	L64E	100				-33.7	-61
P	L64F	100				-33.72	-62.23
P	L64G	100				-26.95	-58.72
P	L64H	100				-31.42	-64.18
P	L64I	100				-26.92	-54.52
P	L64J	100				-32.05	-60.28
P	L64K	100				-26.93	-65.33
P	L64L	100				-28.67	-57.63
P	L64M	100				-32.88	-68.85
P	L64N	100				-27.78	-64.27
P	L64O	100				-24.78	-65.42
P	L64P	100				-30.87	-68.98
P	L64Q	100				-33.3	-66.35
P	L64R	100				-28.43	-65.78
P	L64S	100				-29.43	-66.85
P	L64T	100				-23.75	-65.5
P	L64U	100				-36.62	-64.28
P	L64V	100		16		-40.8	-63
P	L64W	100		16		-43.3	-65.1
P	L64X	100		16		-50.43	-69.25
P	L64Y	100		16		-38.95	-68.07
P	L65A	100				-34.6	-58.38
P	L65B	100				-34.6	-58.38
P	L65C	100				-34.6	-58.38
P	L65D	100				-33.7	-61
P	L65E	100				-33.7	-61
P	L65F	100				-33.72	-62.23
P	L65G	100				-26.95	-58.72
P	L65H	100				-31.42	-64.18
P	L65I	100				-26.92	-54.52
P	L65J	100				-32.05	-60.28
P	L65K	100				-26.93	-65.33
P	L65L	100				-28.67	-57.63
P	L65M	100				-32.88	-68.85
P	L65N	100				-27.78	-64.27
P	L65O	100				-24.78	-65.42
P	L65P	100				-30.87	-68.98
P	L65Q	100				-33.3	-66.35
P	L65R	100				-28.43	-65.78
P	L65S	100				-29.43	-66.85
P	L65T	100				-23.75	-65.5
P	L65U	100				-36.62	-64.28
P	L65V	100		16		-40.8	-63
P	L65W	100		16		-43.3	-65.1
P	L65X	100		16		-50.43	-69.25
P	L65Y	100		16		-38.95	-68.07
P	L66A	100				-34.6	-58.38
P	L66B	100				-34.6	-58.38
P	L66C	100				-34.6	-58.38
P	L66D	100				-33.7	-61
P	L66E	100				-33.7	-61
P	L66F	100				-33.72	-62.23
P	L66G	100				-26.95	-58.72
P	L66H	100				-31.42	-64.18
P	L66I	100				-26.92	-54.52
P	L66J	100				-32.05	-60.28
P	L66K	100				-26.93	-65.33
P	L66L	100				-28.67	-57.63
P	L66M	100				-32.88	-68.85
P	L66N	100				-27.78	-64.27
P	L66O	100				-24.78	-65.42
P	L66P	100				-30.87	-68.98
P	L66Q	100				-33.3	-66.35
P	L66R	100				-28.43	-65.78
P	L66S	100				-29.43	-66.85
P	L66T	100				-23.75	-65.5
P	L66U	100				-36.62	-64.28
P	L66V	100		16		-40.8	-63
P	L66W	100		16		-43.3	-65.1
P	L66X	100		16		-50.43	-69.25
P	L66Y	100		16		-38.95	-68.07
P	L67A	100				-34.6	-58.38
P	L67B	100				-34.6	-58.38
P	L67C	100				-34.6	-58.38
P	L67D	100				-33.7	-61
P	L67E	100				-33.7	-61
P	L67F	100				-33.72	-62.23
P	L67G	100				-26.95	-58.72
P	L67H	100				-31.42	-64.18
P	L67I	100				-26.92	-54.52
P	L67J	100				-32.05	-60.28
P	L67K	100				-26.93	-65.33
P	L67L	100				-28.67	-57.63
P	L67M	100				-32.88	-68.85
P	L67N	100				-27.78	-64.27
P	L67O	100				-24.78	-65.42
P	L67P	100				-30.87	-68.98
P	L67Q	100				-33.3	-66.35
P	L67R	100				-28.43	-65.78
P	L67S	100				-29.43	-66.85
P	L67T	100				-23.75	-65.5
P	L67U	100				-36.62	-64.28
P	L67V	100		16		-40.8	-63
P	L67W	100		16		-43.3	-65.1
P	L67X	100		16		-50.43	-69.25
P	L67Y	100		16		-38.95	-68.07
P	L68A	100				-34.6	-58.38
P	L68B	100				-34.6	-58.38
P	L68C	100				-34.6	-58.38
P	L68D	100				-33.7	-61
P	L68E	100				-33.7	-61
P	L68F	100				-33.72	-62.23
P	L68G	100				-26.95	-58.72
P	L68H	100				-31.42	-64.18
P	L68I	100				-26.92	-54.52
P	L68J	100				-32.05	-60.28
P	L68K	100				-26.93	-65.33
P	L68L	100				-28.67	-57.63
P	L68M	100				-32.88	-68.85
P	L68N	100				-27.78	-64.27
P	L68O	100				-24.78	-65.42
P	L68P	100				-30.87	-68.98
P	L68Q	100				-33.3	-66.35
P	L68R	100				-28.43	-65.78
P	L68S	100				-29.43	-66.85
P	L68T	100				-23.75	-65.5
P	L68U	100				-36.62	-64.28
P	L68V	100		16		-40.8	-63
P	L68W	100		16		-43.3	-65.1
P	L68X	100		16		-50.43	-69.25
P	L68Y	100		16		-38.95	-68.07
P	L69A	100				-34.6	-58.38
P	L69B	100				-34.6	-58.38
P	L69C	100				-34.6	-58.38
P	L69D	100				-33.7	-61
P	L69E	100				-33.7	-61
P	L69F	100				-33.72	-62.23
P	L69G	100				-26.95	-58.72
P	L69H	100				-31.42	-64.18
P	L69I	100				-26.92	-54.52
P	L69J	100				-32.05	-60.28
P	L69K	100				-26.93	-65.33
P	L69L	100				-28.67	-57.63
P	L69M	100				-32.88	-68.85
P	L69N	100				-27.78	-64.27
P	L69O	100				-24.78	-65.42
P	L69P	100				-30.87	-68.98
P	L69Q	100				-33.3	-66.35
P	L69R	100				-28.43	-65.78
P	L69S	100				-29.43	-66.85
P	L69T	100				-23.75	-65.5
P	L69U	100				-36.62	-64.28
P	L69V	100		16		-40.8	-63
P	L69W	100		16		-43.3	-65.1
P	L69X	100		16		-50.43	-69.25
P	L69Y	100		16		-38.95	-68.07
P	L7	100
P	L70A	100				-34.6	-58.38
P	L70B	100				-34.6	-58.38
P	L70C	100				-34.6	-58.38
P	L70D	100				-33.7	-61
P	L70E	100				-33.7	-61
P	L70F	100				-33.72	-62.23
P	L70G	100				-26.95	-58.72
P	L70H	100				-31.42	-64.18
P	L70I	100				-26.92	-54.52
P	L70J	100				-32.05	-60.28
P	L70K	100				-26.93	-65.33
P	L70L	100				-28.67	-57.63
P	L70M	100				-32.88	-68.85
P	L70N	100				-27.78	-64.27
P	L70O	100				-24.78	-65.42
P	L70P	100				-30.87	-68.98
P	L70Q	100				-33.3	-66.35
P	L70R	100				-28.43	-65.78
P	L70S	100				-29.43	-66.85
P	L70T	100				-23.75	-65.5
P	L70U	100				-36.62	-64.28
P	L70V	100		16		-40.8	-63
P	L70W	100		16		-43.3	-65.1
P	L70X	100		16		-50.43	-69.25
P	L70Y	100		16		-38.95	-68.07
P	L71A	100				-34.6	-58.38
P	L71B	100				-34.6	-58.38
P	L71C	100				-34.6	-58.38
P	L71D	100				-33.7	-61
P	L71E	100				-33.7	-61
P	L71F	100				-33.72	-62.23
P	L71G	100				-26.95	-58.72
P	L71H	100				-31.42	-64.18
P	L71I	100				-26.92	-54.52
P	L71J	100				-32.05	-60.28
P	L71K	100				-26.93	-65.33
P	L71L	100				-28.67	-57.63
P	L71M	100				-32.88	-68.85
P	L71N	100				-27.78	-64.27
P	L71O	100				-24.78	-65.42
P	L71P	100				-30.87	-68.98
P	L71Q	100				-33.3	-66.35
P	L71R	100				-28.43	-65.78
P	L71S	100				-29.43	-66.85
P	L71T	100				-23.75	-65.5
P	L71U	100				-36.62	-64.28
P	L71V	100		16		-40.8	-63
P	L71W	100		16		-43.3	-65.1
P	L71X	100		16		-50.43	-69.25
P	L71Y	100		16		-38.95	-68.07
P	L72A	100				-34.6	-58.38
P	L72B	100				-34.6	-58.38
P	L72C	100				-34.6	-58.38
P	L72D	100				-33.7	-61
P	L72E	100				-33.7	-61
P	L72F	100				-33.72	-62.23
P	L72G	100				-26.95	-58.72
P	L72H	100				-31.42	-64.18
P	L72I	100				-26.92	-54.52
P	L72J	100				-32.05	-60.28
P	L72K	100				-26.93	-65.33
P	L72L	100				-28.67	-57.63
P	L72M	100				-32.88	-68.85
P	L72N	100				-27.78	-64.27
P	L72O	100				-24.78	-65.42
P	L72P	100				-30.87	-68.98
P	L72Q	100				-33.3	-66.35
P	L72R	100				-28.43	-65.78
P	L72S	100				-29.43	-66.85
P	L72T	100				-23.75	-65.5
P	L72U	100				-36.62	-64.28
P	L72V	100		16		-40.8	-63
P	L72W	100		16		-43.3	-65.1
P	L72X	100		16		-50.43	-69.25
P	L72Y	100		16		-38.95	-68.07
P	L73A	100				-34.6	-58.38
P	L73B	100				-34.6	-58.38
P	L73C	100				-34.6	-58.38
P	L73D	100				-33.7	-61
P	L73E	100				-33.7	-61
P	L73F	100				-33.72	-62.23
P	L73G	100				-26.95	-58.72
P	L73H	100				-31.42	-64.18
P	L73I	100				-26.92	-54.52
P	L73J	100				-32.05	-60.28
P	L73K	100				-26.93	-65.33
P	L73L	100				-28.67	-57.63
P	L73M	100				-32.88	-68.85
P	L73N	100				-27.78	-64.27
P	L73O	100				-24.78	-65.42
P	L73P	100				-30.87	-68.98
P	L73Q	100				-33.3	-66.35
P	L73R	100				-28.43	-65.78
P	L73S	100				-29.43	-66.85
P	L73T	100				-23.75	-65.5
P	L73U	100				-36.62	-64.28
P	L73V	100		16		-40.8	-63
P	L73W	100		16		-43.3	-65.1
P	L73X	100		16		-50.43	-69.25
P	L73Y	100		16		-38.95	-68.07
P	L74A	100				-34.6	-58.38
P	L74B	100				-34.6	-58.38
P	L74C	100				-34.6	-58.38
P	L74D	100				-33.7	-61
P	L74E	100				-33.7	-61
P	L74F	100				-33.72	-62.23
P	L74G	100				-26.95	-58.72
P	L74H	100				-31.42	-64.18
P	L74I	100				-26.92	-54.52
P	L74J	100				-32.05	-60.28
P	L74K	100				-26.93	-65.33
P	L74L	100				-28.67	-57.63
P	L74M	100				-32.88	-68.85
P	L74N	100				-27.78	-64.27
P	L74O	100				-24.78	-65.42
P	L74P	100				-30.87	-68.98
P	L74Q	100				-33.3	-66.35
P	L74R	100				-28.43	-65.78
P	L74S	100				-29.43	-66.85
P	L74T	100				-23.75	-65.5
P	L74U	100				-36.62	-64.28
P	L74V	100		16		-40.8	-63
P	L74W	100		16		-43.3	-65.1
P	L74X	100		16		-50.43	-69.25
P	L74Y	100		16		-38.95	-68.07
P	L75A	100				-34.6	-58.38
P	L75B	100				-34.6	-58.38
P	L75C	100				-34.6	-58.38
P	L75D	100				-33.7	-61
P	L75E	100				-33.7	-61
P	L75F	100				-33.72	-62.23
P	L75G	100				-26.95	-58.72
P	L75H	100				-31.42	-64.18
P	L75I	100				-26.92	-54.52
P	L75J	100				-32.05	-60.28
P	L75K	100				-26.93	-65.33
P	L75L	100				-28.67	-57.63
P	L75M	100				-32.88	-68.85
P	L75N	100				-27.78	-64.27
P	L75O	100				-24.78	-65.42
P	L75P	100				-30.87	-68.98
P	L75Q	100				-33.3	-66.35
P	L75R	100				-28.43	-65.78
P	L75S	100				-29.43	-66.85
P	L75T	100				-23.75	-65.5
P	L75U	100				-36.62	-64.28
P	L75V	100		16		-40.8	-63
P	L75W	100		16		-43.3	-65.1
P	L75X	100		16		-50.43	-69.25
P	L75Y	100		16		-38.95	-68.07
P	L76A	100				-34.6	-58.38
P	L76B	100				-34.6	-58.38
P	L76C	100				-34.6	-58.38
P	L76D	100				-33.7	-61
P	L76E	100				-33.7	-61
P	L76F	100				-33.72	-62.23
P	L76G	100				-26.95	-58.72
P	L76H	100				-31.42	-64.18
P	L76I	100				-26.92	-54.52
P	L76J	100				-32.05	-60.28
P	L76K	100				-26.93	-65.33
P	L76L	100				-28.67	-57.63
P	L76M	100				-32.88	-68.85
P	L76N	100				-27.78	-64.27
P	L76O	100				-24.78	-65.42
P	L76P	100				-30.87	-68.98
P	L76Q	100				-33.3	-66.35
P	L76R	100				-28.43	-65.78
P	L76S	100				-29.43	-66.85
P	L76T	100				-23.75	-65.5
P	L76U	100				-36.62	-64.28
P	L76V	100		16		-40.8	-63
P	L76W	100		16		-43.3	-65.1
P	L76X	100		16		-50.43	-69.25
P	L76Y	100		16		-38.95	-68.07
P	L77A	100				-34.6	-58.38
P	L77B	100				-34.6	-58.38
P	L77C	100				-34.6	-58.38
P	L77D	100				-33.7	-61
P	L77E	100				-33.7	-61
P	L77F	100				-33.72	-62.23
P	L77G	100				-26.95	-58.72
P	L77H	100				-31.42	-64.18
P	L77I	100				-26.92	-54.52
P	L77J	100				-32.05	-60.28
P	L77K	100				-26.93	-65.33
P	L77L	100				-28.67	-57.63
P	L77M	100				-32.88	-68.85
P	L77N	100				-27.78	-64.27
P	L77O	100				-24.78	-65.42
P	L77P	100				-30.87	-68.98
P	L77Q	100				-33.3	-66.35
P	L77R	100				-28.43	-65.78
P	L77S	100				-29.43	-66.85
P	L77T	100				-23.75	-65.5
P	L77U	100				-36.62	-64.28
P	L77V	100		16		-40.8	-63
P	L77W	100		16		-43.3	-65.1
P	L77X	100		16		-50.43	-69.25
P	L77Y	100		16		-38.95	-68.07
P	L78A	100				-34.6	-58.38
P	L78B	100				-34.6	-58.38
P	L78C	100				-34.6	-58.38
P	L78D	100				-33.7	-61
P	L78E	100				-33.7	-61
P	L78F	100				-33.72	-62.23
P	L78G	100				-26.95	-58.72
P	L78H	100				-31.42	-64.18
P	L78I	100				-26.92	-54.52
P	L78J	100				-32.05	-60.28
P	L78K	100				-26.93	-65.33
P	L78L	100				-28.67	-57.63
P	L78M	100				-32.88	-68.85
P	L78N	100				-27.78	-64.27
P	L78O	100				-24.78	-65.42
P	L78P	100				-30.87	-68.98
P	L78Q	100				-33.3	-66.35
P	L78R	100				-28.43	-65.78
P	L78S	100				-29.43	-66.85
P	L78T	100				-23.75	-65.5
P	L78U	100				-36.62	-64.28
P	L78V	100		16		-40.8	-63
P	L78W	100		16		-43.3	-65.1
P	L78X	100		16		-50.43	-69.25
P	L78Y	100		16		-38.95	-68.07
P	L79A	100				-34.6	-58.38
P	L79B	100				-34.6	-58.38
P	L79C	100				-34.6	-58.38
P	L79D	100				-33.7	-61
P	L79E	100				-33.7	-61
P	L79F	100				-33.72	-62.23
P	L79G	100				-26.95	-58.72
P	L79H	100				-31.42	-64.18
P	L79I	100				-26.92	-54.52
P	L79J	100				-32.05	-60.28
P	L79K	100				-26.93	-65.33
P	L79L	100				-28.67	-57.63
P	L79M	100				-32.88	-68.85
P	L79N	100				-27.78	-64.27
P	L79O	100				-24.78	-65.42
P	L79P	100				-30.87	-68.98
P	L79Q	100				-33.3	-66.35
P	L79R	100				-28.43	-65.78
P	L79S	100				-29.43	-66.85
P	L79T	100				-23.75	-65.5
P	L79U	100				-36.62	-64.28
P	L79V	100		16		-40.8	-63
P	L79W	100		16		-43.3	-65.1
P	L79X	100		16		-50.43	-69.25
P	L79Y	100		16		-38.95	-68.07
P	L8	100
P	L80A	100				-34.6	-58.38
P	L80B	100				-34.6	-58.38
P	L80C	100				-34.6	-58.38
P	L80D	100				-33.7	-61
P	L80E	100				-33.7	-61
P	L80F	100				-33.72	-62.23
P	L80G	100				-26.95	-58.72
P	L80H	100				-31.42	-64.18
P	L80I	100				-26.92	-54.52
P	L80J	100				-32.05	-60.28
P	L80K	100				-26.93	-65.33
P	L80L	100				-28.67	-57.63
P	L80M	100				-32.88	-68.85
P	L80N	100				-27.78	-64.27
P	L80O	100				-24.78	-65.42
P	L80P	100				-30.87	-68.98
P	L80Q	100				-33.3	-66.35
P	L80R	100				-28.43	-65.78
P	L80S	100				-29.43	-66.85
P	L80T	100				-23.75	-65.5
P	L80U	100				-36.62	-64.28
P	L80V	100		16		-40.8	-63
P	L80W	100		16		-43.3	-65.1
P	L80X	100		16		-50.43	-69.25
P	L80Y	100		16		-38.95	-68.07
P	L81A	100				-34.6	-58.38
P	L81B	100				-34.6	-58.38
P	L81C	100				-34.6	-58.38
P	L81D	100				-33.7	-61
P	L81E	100				-33.7	-61
P	L81F	100				-33.72	-62.23
P	L81G	100				-26.95	-58.72
P	L81H	100				-31.42	-64.18
P	L81I	100				-26.92	-54.52
P	L81J	100				-32.05	-60.28
P	L81K	100				-26.93	-65.33
P	L81L	100				-28.67	-57.63
P	L81M	100				-32.88	-68.85
P	L81N	100				-27.78	-64.27
P	L81O	100				-24.78	-65.42
P	L81P	100				-30.87	-68.98
P	L81Q	100				-33.3	-66.35
P	L81R	100				-28.43	-65.78
P	L81S	100				-29.43	-66.85
P	L81T	100				-23.75	-65.5
P	L81U	100				-36.62	-64.28
P	L81V	100		16		-40.8	-63
P	L81W	100		16		-43.3	-65.1
P	L81X	100		16		-50.43	-69.25
P	L81Y	100		16		-38.95	-68.07
P	L82A	100				-34.6	-58.38
P	L82B	100				-34.6	-58.38
P	L82C	100				-34.6	-58.38
P	L82D	100				-33.7	-61
P	L82E	100				-33.7	-61
P	L82F	100				-33.72	-62.23
P	L82G	100				-26.95	-58.72
P	L82H	100				-31.42	-64.18
P	L82I	100				-26.92	-54.52
P	L82J	100				-32.05	-60.28
P	L82K	100				-26.93	-65.33
P	L82L	100				-28.67	-57.63
P	L82M	100				-32.88	-68.85
P	L82N	100				-27.78	-64.27
P	L82O	100				-24.78	-65.42
P	L82P	100				-30.87	-68.98
P	L82Q	100				-33.3	-66.35
P	L82R	100				-28.43	-65.78
P	L82S	100				-29.43	-66.85
P	L82T	100				-23.75	-65.5
P	L82U	100				-36.62	-64.28
P	L82V	100		16		-40.8	-63
P	L82W	100		16		-43.3	-65.1
P	L82X	100		16		-50.43	-69.25
P	L82Y	100		16		-38.95	-68.07
P	L83A	100				-34.6	-58.38
P	L83B	100				-34.6	-58.38
P	L83C	100				-34.6	-58.38
P	L83D	100				-33.7	-61
P	L83E	100				-33.7	-61
P	L83F	100				-33.72	-62.23
P	L83G	100				-26.95	-58.72
P	L83H	100				-31.42	-64.18
P	L83I	100				-26.92	-54.52
P	L83J	100				-32.05	-60.28
P	L83K	100				-26.93	-65.33
P	L83L	100				-28.67	-57.63
P	L83M	100				-32.88	-68.85
P	L83N	100				-27.78	-64.27
P	L83O	100				-24.78	-65.42
P	L83P	100				-30.87	-68.98
P	L83Q	100				-33.3	-66.35
P	L83R	100				-28.43	-65.78
P	L83S	100				-29.43	-66.85
P	L83T	100				-23.75	-65.5
P	L83U	100				-36.62	-64.28
P	L83V	100		16		-40.8	-63
P	L83W	100		16		-43.3	-65.1
P	L83X	100		16		-50.43	-69.25
P	L83Y	100		16		-38.95	-68.07
P	L84A	100				-34.6	-58.38
P	L84B	100				-34.6	-58.38
P	L84C	100				-34.6	-58.38
P	L84D	100				-33.7	-61
P	L84E	100				-33.7	-61
P	L84F	100				-33.72	-62.23
P	L84G	100				-26.95	-58.72
P	L84H	100				-31.42	-64.18
P	L84I	100				-26.92	-54.52
P	L84J	100				-32.05	-60.28
P	L84K	100				-26.93	-65.33
P	L84L	100				-28.67	-57.63
P	L84M	100				-32.88	-68.85
P	L84N	100				-27.78	-64.27
P	L84O	100				-24.78	-65.42
P	L84P	100				-30.87	-68.98
P	L84Q	100				-33.3	-66.35
P	L84R	100				-28.43	-65.78
P	L84S	100				-29.43	-66.85
P	L84T	100				-23.75	-65.5
P	L84U	100				-36.62	-64.28
P	L84V	100		16		-40.8	-63
P	L84W	100		16		-43.3	-65.1
P	L84X	100		16		-50.43	-69.25
P	L84Y	100		16		-38.95	-68.07
P	L85A	100				-34.6	-58.38
P	L85B	100				-34.6	-58.38
P	L85C	100				-34.6	-58.38
P	L85D	100				-33.7	-61
P	L85E	100				-33.7	-61
P	L85F	100				-33.72	-62.23
P	L85G	100				-26.95	-58.72
P	L85H	100				-31.42	-64.18
P	L85I	100				-26.92	-54.52
P	L85J	100				-32.05	-60.28
P	L85K	100				-26.93	-65.33
P	L85L	100				-28.67	-57.63
P	L85M	100				-32.88	-68.85
P	L85N	100				-27.78	-64.27
P	L85O	100				-24.78	-65.42
P	L85P	100				-30.87	-68.98
P	L85Q	100				-33.3	-66.35
P	L85R	100				-28.43	-65.78
P	L85S	100				-29.43	-66.85
P	L85T	100				-23.75	-65.5
P	L85U	100				-36.62	-64.28
P	L85V	100		16		-40.8	-63
P	L85W	100		16		-43.3	-65.1
P	L85X	100		16		-50.43	-69.25
P	L85Y	100		16		-38.95	-68.07
P	L86A	100				-34.6	-58.38
P	L86B	100				-34.6	-58.38
P	L86C	100				-34.6	-58.38
P	L86D	100				-33.7	-61
P	L86E	100				-33.7	-61
P	L86F	100				-33.72	-62.23
P	L86G	100				-26.95	-58.72
P	L86H	100				-31.42	-64.18
P	L86I	100				-26.92	-54.52
P	L86J	100				-32.05	-60.28
P	L86K	100				-26.93	-65.33
P	L86L	100				-28.67	-57.63
P	L86M	100				-32.88	-68.85
P	L86N	100				-27.78	-64.27
P	L86O	100				-24.78	-65.42
P	L86P	100				-30.87	-68.98
P	L86Q	100				-33.3	-66.35
P	L86R	100				-28.43	-65.78
P	L86S	100				-29.43	-66.85
P	L86T	100				-23.75	-65.5
P	L86U	100				-36.62	-64.28
P	L86V	100		16		-40.8	-63
P	L86W	100		16		-43.3	-65.1
P	L86X	100		16		-50.43	-69.25
P	L86Y	100		16		-38.95	-68.07
P	L87A	100				-34.6	-58.38
P	L87B	100				-34.6	-58.38
P	L87C	100				-34.6	-58.38
P	L87D	100				-33.7	-61
P	L87E	100				-33.7	-61
P	L87F	100				-33.72	-62.23
P	L87G	100				-26.95	-58.72
P	L87H	100				-31.42	-64.18
P	L87I	100				-26.92	-54.52
P	L87J	100				-32.05	-60.28
P	L87K	100				-26.93	-65.33
P	L87L	100				-28.67	-57.63
P	L87M	100				-32.88	-68.85
P	L87N	100				-27.78	-64.27
P	L87O	100				-24.78	-65.42
P	L87P	100				-30.87	-68.98
P	L87Q	100				-33.3	-66.35
P	L87R	100				-28.43	-65.78
P	L87S	100				-29.43	-66.85
P	L87T	100				-23.75	-65.5
P	L87U	100				-36.62	-64.28
P	L87V	100		16		-40.8	-63
P	L87W	100		16		-43.3	-65.1
P	L87X	100		16		-50.43	-69.25
P	L87Y	100		16		-38.95	-68.07
P	L88A	100				-34.6	-58.38
P	L88B	100				-34.6	-58.38
P	L88C	100				-34.6	-58.38
P	L88D	100				-33.7	-61
P	L88E	100				-33.7	-61
P	L88F	100				-33.72	-62.23
P	L88G	100				-26.95	-58.72
P	L88H	100				-31.42	-64.18
P	L88I	100				-26.92	-54.52
P	L88J	100				-32.05	-60.28
P	L88K	100				-26.93	-65.33
P	L88L	100				-28.67	-57.63
P	L88M	100				-32.88	-68.85
P	L88N	100				-27.78	-64.27
P	L88O	100				-24.78	-65.42
P	L88P	100				-30.87	-68.98
P	L88Q	100				-33.3	-66.35
P	L88R	100				-28.43	-65.78
P	L88S	100				-29.43	-66.85
P	L88T	100				-23.75	-65.5
P	L88U	100				-36.62	-64.28
P	L88V	100		16		-40.8	-63
P	L88W	100		16		-43.3	-65.1
P	L88X	100		16		-50.43	-69.25
P	L88Y	100		16		-38.95	-68.07
P	L89A	100				-34.6	-58.38
P	L89B	100				-34.6	-58.38
P	L89C	100				-34.6	-58.38
P	L89D	100				-33.7	-61
P	L89E	100				-33.7	-61
P	L89F	100				-33.72	-62.23
P	L89G	100				-26.95	-58.72
P	L89H	100				-31.42	-64.18
P	L89I	100				-26.92	-54.52
P	L89J	100				-32.05	-60.28
P	L89K	100				-26.93	-65.33
P	L89L	100				-28.67	-57.63
P	L89M	100				-32.88	-68.85
P	L89N	100				-27.78	-64.27
P	L89O	100				-24.78	-65.42
P	L89P	100				-30.87	-68.98
P	L89Q	100				-33.3	-66.35
P	L89R	100				-28.43	-65.78
P	L89S	100				-29.43	-66.85
P	L89T	100				-23.75	-65.5
P	L89U	100				-36.62	-64.28
P	L89V	100		16		-40.8	-63
P	L89W	100		16		-43.3	-65.1
P	L89X	100		16		-50.43	-69.25
P	L89Y	100		16		-38.95	-68.07
P	L9	100
P	L90A	100				-34.6	-58.38
P	L90B	100				-34.6	-58.38
P	L90C	100				-34.6	-58.38
P	L90D	100				-33.7	-61
P	L90E	100				-33.7	-61
P	L90F	100				-33.72	-62.23
P	L90G	100				-26.95	-58.72
P	L90H	100				-31.42	-64.18
P	L90I	100				-26.92	-54.52
P	L90J	100				-32.05	-60.28
P	L90K	100				-26.93	-65.33
P	L90L	100				-28.67	-57.63
P	L90M	100				-32.88	-68.85
P	L90N	100				-27.78	-64.27
P	L90O	100				-24.78	-65.42
P	L90P	100				-30.87	-68.98
P	L90Q	100				-33.3	-66.35
P	L90R	100				-28.43	-65.78
P	L90S	100				-29.43	-66.85
P	L90T	100				-23.75	-65.5
P	L90U	100				-36.62	-64.28
P	L90V	100		16		-40.8	-63
P	L90W	100		16		-43.3	-65.1
P	L90X	100		16		-50.43	-69.25
P	L90Y	100		16		-38.95	-68.07
P	L91A	100				-34.6	-58.38
P	L91B	100				-34.6	-58.38
P	L91C	100				-34.6	-58.38
P	L91D	100				-33.7	-61
P	L91E	100				-33.7	-61
P	L91F	100				-33.72	-62.23
P	L91G	100				-26.95	-58.72
P	L91H	100				-31.42	-64.18
P	L91I	100				-26.92	-54.52
P	L91J	100				-32.05	-60.28
P	L91K	100				-26.93	-65.33
P	L91L	100				-28.67	-57.63
P	L91M	100				-32.88	-68.85
P	L91N	100				-27.78	-64.27
P	L91O	100				-24.78	-65.42
P	L91P	100				-30.87	-68.98
P	L91Q	100				-33.3	-66.35
P	L91R	100				-28.43	-65.78
P	L91S	100				-29.43	-66.85
P	L91T	100				-23.75	-65.5
P	L91U	100				-36.62	-64.28
P	L91V	100		16		-40.8	-63
P	L91W	100		16		-43.3	-65.1
P	L91X	100		16		-50.43	-69.25
P	L91Y	100		16		-38.95	-68.07
P	L92A	100				-34.6	-58.38
P	L92B	100				-34.6	-58.38
P	L92C	100				-34.6	-58.38
P	L92D	100				-33.7	-61
P	L92E	100				-33.7	-61
P	L92F	100				-33.72	-62.23
P	L92G	100				-26.95	-58.72
P	L92H	100				-31.42	-64.18
P	L92I	100				-26.92	-54.52
P	L92J	100				-32.05	-60.28
P	L92K	100				-26.93	-65.33
P	L92L	100				-28.67	-57.63
P	L92M	100				-32.88	-68.85
P	L92N	100				-27.78	-64.27
P	L92O	100				-24.78	-65.42
P	L92P	100				-30.87	-68.98
P	L92Q	100				-33.3	-66.35
P	L92R	100				-28.43	-65.78
P	L92S	100				-29.43	-66.85
P	L92T	100				-23.75	-65.5
P	L92U	100				-36.62	-64.28
P	L92V	100		16		-40.8	-63
P	L92W	100		16		-43.3	-65.1
P	L92X	100		16		-50.43	-69.25
P	L92Y	100		16		-38.95	-68.07
P	L93A	100				-34.6	-58.38
P	L93B	100				-34.6	-58.38
P	L93C	100				-34.6	-58.38
P	L93D	100				-33.7	-61
P	L93E	100				-33.7	-61
P	L93F	100				-33.72	-62.23
P	L93G	100				-26.95	-58.72
P	L93H	100				-31.42	-64.18
P	L93I	100				-26.92	-54.52
P	L93J	100				-32.05	-60.28
P	L93K	100				-26.93	-65.33
P	L93L	100				-28.67	-57.63
P	L93M	100				-32.88	-68.85
P	L93N	100				-27.78	-64.27
P	L93O	100				-24.78	-65.42
P	L93P	100				-30.87	-68.98
P	L93Q	100				-33.3	-66.35
P	L93R	100				-28.43	-65.78
P	L93S	100				-29.43	-66.85
P	L93T	100				-23.75	-65.5
P	L93U	100				-36.62	-64.28
P	L93V	100		16		-40.8	-63
P	L93W	100		16		-43.3	-65.1
P	L93X	100		16		-50.43	-69.25
P	L93Y	100		16		-38.95	-68.07
P	L94A	100				-34.6	-58.38
P	L94B	100				-34.6	-58.38
P	L94C	100				-34.6	-58.38
P	L94D	100				-33.7	-61
P	L94E	100				-33.7	-61
P	L94F	100				-33.72	-62.23
P	L94G	100				-26.95	-58.72
P	L94H	100				-31.42	-64.18
P	L94I	100				-26.92	-54.52
P	L94J	100				-32.05	-60.28
P	L94K	100				-26.93	-65.33
P	L94L	100				-28.67	-57.63
P	L94M	100				-32.88	-68.85
P	L94N	100				-27.78	-64.27
P	L94O	100				-24.78	-65.42
P	L94P	100				-30.87	-68.98
P	L94Q	100				-33.3	-66.35
P	L94R	100				-28.43	-65.78
P	L94S	100				-29.43	-66.85
P	L94T	100				-23.75	-65.5
P	L94U	100				-36.62	-64.28
P	L94V	100		16		-40.8	-63
P	L94W	100		16		-43.3	-65.1
P	L94X	100		16		-50.43	-69.25
P	L94Y	100		16		-38.95	-68.07
P	L95A	100				-34.6	-58.38
P	L95B	100				-34.6	-58.38
P	L95C	100				-34.6	-58.38
P	L95D	100				-33.7	-61
P	L95E	100				-33.7	-61
P	L95F	100				-33.72	-62.23
P	L95G	100				-26.95	-58.72
P	L95H	100				-31.42	-64.18
P	L95I	100				-26.92	-54.52
P	L95J	100				-32.05	-60.28
P	L95K	100				-26.93	-65.33
P	L95L	100				-28.67	-57.63
P	L95M	100				-32.88	-68.85
P	L95N	100				-27.78	-64.27
P	L95O	100				-24.78	-65.42
P	L95P	100				-30.87	-68.98
P	L95Q	100				-33.3	-66.35
P	L95R	100				-28.43	-65.78
P	L95S	100				-29.43	-66.85
P	L95T	100				-23.75	-65.5
P	L95U	100				-36.62	-64.28
P	L95V	100		16		-40.8	-63
P	L95W	100		16		-43.3	-65.1
P	L95X	100		16		-50.43	-69.25
P	L95Y	100		16		-38.95	-68.07
P	L96A	100				-34.6	-58.38
P	L96B	100				-34.6	-58.38
P	L96C	100				-34.6	-58.38
P	L96D	100				-33.7	-61
P	L96E	100				-33.7	-61
P	L96F	100				-33.72	-62.23
P	L96G	100				-26.95	-58.72
P	L96H	100				-31.42	-64.18
P	L96I	100				-26.92	-54.52
P	L96J	100				-32.05	-60.28
P	L96K	100				-26.93	-65.33
P	L96L	100				-28.67	-57.63
P	L96M	100				-32.88	-68.85
P	L96N	100				-27.78	-64.27
P	L96O	100				-24.78	-65.42
P	L96P	100				-30.87	-68.98
P	L96Q	100				-33.3	-66.35
P	L96R	100				-28.43	-65.78
P	L96S	100				-29.43	-66.85
P	L96T	100				-23.75	-65.5
P	L96U	100				-36.62	-64.28
P	L96V	100		16		-40.8	-63
P	L96W	100		16		-43.3	-65.1
P	L96X	100		16		-50.43	-69.25
P	L96Y	100		16		-38.95	-68.07
P	L97A	100				-34.6	-58.38
P	L97B	100				-34.6	-58.38
P	L97C	100				-34.6	-58.38
P	L97D	100				-33.7	-61
P	L97E	100				-33.7	-61
P	L97F	100				-33.72	-62.23
P	L97G	100				-26.95	-58.72
P	L97H	100				-31.42	-64.18
P	L97I	100				-26.92	-54.52
P	L97J	100				-32.05	-60.28
P	L97K	100				-26.93	-65.33
P	L97L	100				-28.67	-57.63
P	L97M	100				-32.88	-68.85
P	L97N	100				-27.78	-64.27
P	L97O	100				-24.78	-65.42
P	L97P	100				-30.87	-68.98
P	L97Q	100				-33.3	-66.35
P	L97R	100				-28.43	-65.78
P	L97S	100				-29.43	-66.85
P	L97T	100				-23.75	-65.5
P	L97U	100				-36.62	-64.28
P	L97V	100		16		-40.8	-63
P	L97W	100		16		-43.3	-65.1
P	L97X	100		16		-50.43	-69.25
P	L97Y	100		16		-38.95	-68.07
P	L98A	100				-34.6	-58.38
P	L98B	100				-34.6	-58.38
P	L98C	100				-34.6	-58.38
P	L98D	100				-33.7	-61
P	L98E	100				-33.7	-61
P	L98F	100				-33.72	-62.23
P	L98G	100				-26.95	-58.72
P	L98H	100				-31.42	-64.18
P	L98I	100				-26.92	-54.52
P	L98J	100				-32.05	-60.28
P	L98K	100				-26.93	-65.33
P	L98L	100				-28.67	-57.63
P	L98M	100				-32.88	-68.85
P	L98N	100				-27.78	-64.27
P	L98O	100				-24.78	-65.42
P	L98P	100				-30.87	-68.98
P	L98Q	100				-33.3	-66.35
P	L98R	100				-28.43	-65.78
P	L98S	100				-29.43	-66.85
P	L98T	100				-23.75	-65.5
P	L98U	100				-36.62	-64.28
P	L98V	100		16		-40.8	-63
P	L98W	100		16		-43.3	-65.1
P	L98X	100		16		-50.43	-69.25
P	L98Y	100		16		-38.95	-68.07
P	L99A	100				-34.6	-58.38
P	L99B	100				-34.6	-58.38
P	L99C	100				-34.6	-58.38
P	L99D	100				-33.7	-61
P	L99E	100				-33.7	-61
P	L99F	100				-33.72	-62.23
P	L99G	100				-26.95	-58.72
P	L99H	100				-31.42	-64.18
P	L99I	100				-26.92	-54.52
P	L99J	100				-32.05	-60.28
P	L99K	100				-26.93	-65.33
P	L99L	100				-28.67	-57.63
P	L99M	100				-32.88	-68.85
P	L99N	100				-27.78	-64.27
P	L99O	100				-24.78	-65.42
P	L99P	100				-30.87	-68.98
P	L99Q	100				-33.3	-66.35
P	L99R	100				-28.43	-65.78
P	L99S	100				-29.43	-66.85
P	L99T	100				-23.75	-65.5
P	L99U	100				-36.62	-64.28
P	L99V	100		16		-40.8	-63
P	L99W	100		16		-43.3	-65.1
P	L99X	100		16		-50.43	-69.25
P	L99Y	100		16		-38.95	-68.07
P	LA	266
P	LB	266
P	LC	266
P	LD	266
P	LE	266
P	LF	266
P	LG	266
P	LH	266
P	LI	266
P	LJ	266
P	LK	266
P	LL	266
P	LM	266
P	LN	266
P	LO	100
P	LO0A	100				-34.6	-58.38
P	LO0B	100				-34.6	-58.38
P	LO0C	100				-34.6	-58.38
P	LO0D	100				-33.7	-61
P	LO0E	100				-33.7	-61
P	LO0F	100				-33.72	-62.23
P	LO0G	100				-26.95	-58.72
P	LO0H	100				-31.42	-64.18
P	LO0I	100				-26.92	-54.52
P	LO0J	100				-32.05	-60.28
P	LO0K	100				-26.93	-65.33
P	LO0L	100				-28.67	-57.63
P	LO0M	100				-32.88	-68.85
P	LO0N	100				-27.78	-64.27
P	LO0O	100				-24.78	-65.42
P	LO0P	100				-30.87	-68.98
P	LO0Q	100				-33.3	-66.35
P	LO0R	100				-28.43	-65.78
P	LO0S	100				-29.43	-66.85
P	LO0T	100				-23.75	-65.5
P	LO0U	100				-36.62	-64.28
P	LO0V	100		16		-40.8	-63
P	LO0W	100		16		-43.3	-65.1
P	LO0X	100		16		-50.43	-69.25
P	LO0Y	100		16		-38.95	-68.07
P	LO1A	100				-34.6	-58.38
P	LO1B	100				-34.6	-58.38
P	LO1C	100				-34.6	-58.38
P	LO1D	100				-33.7	-61
P	LO1E	100				-33.7	-61
P	LO1F	100				-33.72	-62.23
P	LO1G	100				-26.95	-58.72
P	LO1H	100				-31.42	-64.18
P	LO1I	100				-26.92	-54.52
P	LO1J	100				-32.05	-60.28
P	LO1K	100				-26.93	-65.33
P	LO1L	100				-28.67	-57.63
P	LO1M	100				-32.88	-68.85
P	LO1N	100				-27.78	-64.27
P	LO1O	100				-24.78	-65.42
P	LO1P	100				-30.87	-68.98
P	LO1Q	100				-33.3	-66.35
P	LO1R	100				-28.43	-65.78
P	LO1S	100				-29.43	-66.85
P	LO1T	100				-23.75	-65.5
P	LO1U	100				-36.62	-64.28
P	LO1V	100		16		-40.8	-63
P	LO1W	100		16		-43.3	-65.1
P	LO1X	100		16		-50.43	-69.25
P	LO1Y	100		16		-38.95	-68.07
P	LO2A	100				-34.6	-58.38
P	LO2B	100				-34.6	-58.38
P	LO2C	100				-34.6	-58.38
P	LO2D	100				-33.7	-61
P	LO2E	100				-33.7	-61
P	LO2F	100				-33.72	-62.23
P	LO2G	100				-26.95	-58.72
P	LO2H	100				-31.42	-64.18
P	LO2I	100				-26.92	-54.52
P	LO2J	100				-32.05	-60.28
P	LO2K	100				-26.93	-65.33
P	LO2L	100				-28.67	-57.63
P	LO2M	100				-32.88	-68.85
P	LO2N	100				-27.78	-64.27
P	LO2O	100				-24.78	-65.42
P	LO2P	100				-30.87	-68.98
P	LO2Q	100				-33.3	-66.35
P	LO2R	100				-28.43	-65.78
P	LO2S	100				-29.43	-66.85
P	LO2T	100				-23.75	-65.5
P	LO2U	100				-36.62	-64.28
P	LO2V	100		16		-40.8	-63
P	LO2W	100		16		-43.3	-65.1
P	LO2X	100		16		-50.43	-69.25
P	LO2Y	100		16		-38.95	-68.07
P	LO3A	100				-34.6	-58.38
P	LO3B	100				-34.6	-58.38
P	LO3C	100				-34.6	-58.38
P	LO3D	100				-33.7	-61
P	LO3E	100				-33.7	-61
P	LO3F	100				-33.72	-62.23
P	LO3G	100				-26.95	-58.72
P	LO3H	100				-31.42	-64.18
P	LO3I	100				-26.92	-54.52
P	LO3J	100				-32.05	-60.28
P	LO3K	100				-26.93	-65.33
P	LO3L	100				-28.67	-57.63
P	LO3M	100				-32.88	-68.85
P	LO3N	100				-27.78	-64.27
P	LO3O	100				-24.78	-65.42
P	LO3P	100				-30.87	-68.98
P	LO3Q	100				-33.3	-66.35
P	LO3R	100				-28.43	-65.78
P	LO3S	100				-29.43	-66.85
P	LO3T	100				-23.75	-65.5
P	LO3U	100				-36.62	-64.28
P	LO3V	100		16		-40.8	-63
P	LO3W	100		16		-43.3	-65.1
P	LO3X	100		16		-50.43	-69.25
P	LO3Y	100		16		-38.95	-68.07
P	LO4A	100				-34.6	-58.38
P	LO4B	100				-34.6	-58.38
P	LO4C	100				-34.6	-58.38
P	LO4D	100				-33.7	-61
P	LO4E	100				-33.7	-61
P	LO4F	100				-33.72	-62.23
P	LO4G	100				-26.95	-58.72
P	LO4H	100				-31.42	-64.18
P	LO4I	100				-26.92	-54.52
P	LO4J	100				-32.05	-60.28
P	LO4K	100				-26.93	-65.33
P	LO4L	100				-28.67	-57.63
P	LO4M	100				-32.88	-68.85
P	LO4N	100				-27.78	-64.27
P	LO4O	100				-24.78	-65.42
P	LO4P	100				-30.87	-68.98
P	LO4Q	100				-33.3	-66.35
P	LO4R	100				-28.43	-65.78
P	LO4S	100				-29.43	-66.85
P	LO4T	100				-23.75	-65.5
P	LO4U	100				-36.62	-64.28
P	LO4V	100		16		-40.8	-63
P	LO4W	100		16		-43.3	-65.1
P	LO4X	100		16		-50.43	-69.25
P	LO4Y	100		16		-38.95	-68.07
P	LO5A	100				-34.6	-58.38
P	LO5B	100				-34.6	-58.38
P	LO5C	100				-34.6	-58.38
P	LO5D	100				-33.7	-61
P	LO5E	100				-33.7	-61
P	LO5F	100				-33.72	-62.23
P	LO5G	100				-26.95	-58.72
P	LO5H	100				-31.42	-64.18
P	LO5I	100				-26.92	-54.52
P	LO5J	100				-32.05	-60.28
P	LO5K	100				-26.93	-65.33
P	LO5L	100				-28.67	-57.63
P	LO5M	100				-32.88	-68.85
P	LO5N	100				-27.78	-64.27
P	LO5O	100				-24.78	-65.42
P	LO5P	100				-30.87	-68.98
P	LO5Q	100				-33.3	-66.35
P	LO5R	100				-28.43	-65.78
P	LO5S	100				-29.43	-66.85
P	LO5T	100				-23.75	-65.5
P	LO5U	100				-36.62	-64.28
P	LO5V	100		16		-40.8	-63
P	LO5W	100		16		-43.3	-65.1
P	LO5X	100		16		-50.43	-69.25
P	LO5Y	100		16		-38.95	-68.07
P	LO6A	100				-34.6	-58.38
P	LO6B	100				-34.6	-58.38
P	LO6C	100				-34.6	-58.38
P	LO6D	100				-33.7	-61
P	LO6E	100				-33.7	-61
P	LO6F	100				-33.72	-62.23
P	LO6G	100				-26.95	-58.72
P	LO6H	100				-31.42	-64.18
P	LO6I	100				-26.92	-54.52
P	LO6J	100				-32.05	-60.28
P	LO6K	100				-26.93	-65.33
P	LO6L	100				-28.67	-57.63
P	LO6M	100				-32.88	-68.85
P	LO6N	100				-27.78	-64.27
P	LO6O	100				-24.78	-65.42
P	LO6P	100				-30.87	-68.98
P	LO6Q	100				-33.3	-66.35
P	LO6R	100				-28.43	-65.78
P	LO6S	100				-29.43	-66.85
P	LO6T	100				-23.75	-65.5
P	LO6U	100				-36.62	-64.28
P	LO6V	100		16		-40.8	-63
P	LO6W	100		16		-43.3	-65.1
P	LO6X	100		16		-50.43	-69.25
P	LO6Y	100		16		-38.95	-68.07
P	LO7A	100				-34.6	-58.38
P	LO7B	100				-34.6	-58.38
P	LO7C	100				-34.6	-58.38
P	LO7D	100				-33.7	-61
P	LO7E	100				-33.7	-61
P	LO7F	100				-33.72	-62.23
P	LO7G	100				-26.95	-58.72
P	LO7H	100				-31.42	-64.18
P	LO7I	100				-26.92	-54.52
P	LO7J	100				-32.05	-60.28
P	LO7K	100				-26.93	-65.33
P	LO7L	100				-28.67	-57.63
P	LO7M	100				-32.88	-68.85
P	LO7N	100				-27.78	-64.27
P	LO7O	100				-24.78	-65.42
P	LO7P	100				-30.87	-68.98
P	LO7Q	100				-33.3	-66.35
P	LO7R	100				-28.43	-65.78
P	LO7S	100				-29.43	-66.85
P	LO7T	100				-23.75	-65.5
P	LO7U	100				-36.62	-64.28
P	LO7V	100		16		-40.8	-63
P	LO7W	100		16		-43.3	-65.1
P	LO7X	100		16		-50.43	-69.25
P	LO7Y	100		16		-38.95	-68.07
P	LO8A	100				-34.6	-58.38
P	LO8B	100				-34.6	-58.38
P	LO8C	100				-34.6	-58.38
P	LO8D	100				-33.7	-61
P	LO8E	100				-33.7	-61
P	LO8F	100				-33.72	-62.23
P	LO8G	100				-26.95	-58.72
P	LO8H	100				-31.42	-64.18
P	LO8I	100				-26.92	-54.52
P	LO8J	100				-32.05	-60.28
P	LO8K	100				-26.93	-65.33
P	LO8L	100				-28.67	-57.63
P	LO8M	100				-32.88	-68.85
P	LO8N	100				-27.78	-64.27
P	LO8O	100				-24.78	-65.42
P	LO8P	100				-30.87	-68.98
P	LO8Q	100				-33.3	-66.35
P	LO8R	100				-28.43	-65.78
P	LO8S	100				-29.43	-66.85
P	LO8T	100				-23.75	-65.5
P	LO8U	100				-36.62	-64.28
P	LO8V	100		16		-40.8	-63
P	LO8W	100		16		-43.3	-65.1
P	LO8X	100		16		-50.43	-69.25
P	LO8Y	100		16		-38.95	-68.07
P	LO9A	100				-34.6	-58.38
P	LO9B	100				-34.6	-58.38
P	LO9C	100				-34.6	-58.38
P	LO9D	100				-33.7	-61
P	LO9E	100				-33.7	-61
P	LO9F	100				-33.72	-62.23
P	LO9G	100				-26.95	-58.72
P	LO9H	100				-31.42	-64.18
P	LO9I	100				-26.92	-54.52
P	LO9J	100				-32.05	-60.28
P	LO9K	100				-26.93	-65.33
P	LO9L	100				-28.67	-57.63
P	LO9M	100				-32.88	-68.85
P	LO9N	100				-27.78	-64.27
P	LO9O	100				-24.78	-65.42
P	LO9P	100				-30.87	-68.98
P	LO9Q	100				-33.3	-66.35
P	LO9R	100				-28.43	-65.78
P	LO9S	100				-29.43	-66.85
P	LO9T	100				-23.75	-65.5
P	LO9U	100				-36.62	-64.28
P	LO9V	100		16		-40.8	-63
P	LO9W	100		16		-43.3	-65.1
P	LO9X	100		16		-50.43	-69.25
P	LO9Y	100		16		-38.95	-68.07
P	LP	100
P	LP0A	100				-34.6	-58.38
P	LP0B	100				-34.6	-58.38
P	LP0C	100				-34.6	-58.38
P	LP0D	100				-33.7	-61
P	LP0E	100				-33.7	-61
P	LP0F	100				-33.72	-62.23
P	LP0G	100				-26.95	-58.72
P	LP0H	100				-31.42	-64.18
P	LP0I	100				-26.92	-54.52
P	LP0J	100				-32.05	-60.28
P	LP0K	100				-26.93	-65.33
P	LP0L	100				-28.67	-57.63
P	LP0M	100				-32.88	-68.85
P	LP0N	100				-27.78	-64.27
P	LP0O	100				-24.78	-65.42
P	LP0P	100				-30.87	-68.98
P	LP0Q	100				-33.3	-66.35
P	LP0R	100				-28.43	-65.78
P	LP0S	100				-29.43	-66.85
P	LP0T	100				-23.75	-65.5
P	LP0U	100				-36.62	-64.28
P	LP0V	100		16		-40.8	-63
P	LP0W	100		16		-43.3	-65.1
P	LP0X	100		16		-50.43	-69.25
P	LP0Y	100		16		-38.95	-68.07
P	LP1A	100				-34.6	-58.38
P	LP1B	100				-34.6	-58.38
P	LP1C	100				-34.6	-58.38
P	LP1D	100				-33.7	-61
P	LP1E	100				-33.7	-61
P	LP1F	100				-33.72	-62.23
P	LP1G	100				-26.95	-58.72
P	LP1H	100				-31.42	-64.18
P	LP1I	100				-26.92	-54.52
P	LP1J	100				-32.05	-60.28
P	LP1K	100				-26.93	-65.33
P	LP1L	100				-28.67	-57.63
P	LP1M	100				-32.88	-68.85
P	LP1N	100				-27.78	-64.27
P	LP1O	100				-24.78	-65.42
P	LP1P	100				-30.87	-68.98
P	LP1Q	100				-33.3	-66.35
P	LP1R	100				-28.43	-65.78
P	LP1S	100				-29.43	-66.85
P	LP1T	100				-23.75	-65.5
P	LP1U	100				-36.62	-64.28
P	LP1V	100		16		-40.8	-63
P	LP1W	100		16		-43.3	-65.1
P	LP1X	100		16		-50.43	-69.25
P	LP1Y	100		16		-38.95	-68.07
P	LP2A	100				-34.6	-58.38
P	LP2B	100				-34.6	-58.38
P	LP2C	100				-34.6	-58.38
P	LP2D	100				-33.7	-61
P	LP2E	100				-33.7	-61
P	LP2F	100				-33.72	-62.23
P	LP2G	100				-26.95	-58.72
P	LP2H	100				-31.42	-64.18
P	LP2I	100				-26.92	-54.52
P	LP2J	100				-32.05	-60.28
P	LP2K	100				-26.93	-65.33
P	LP2L	100				-28.67	-57.63
P	LP2M	100				-32.88	-68.85
P	LP2N	100				-27.78	-64.27
P	LP2O	100				-24.78	-65.42
P	LP2P	100				-30.87	-68.98
P	LP2Q	100				-33.3	-66.35
P	LP2R	100				-28.43	-65.78
P	LP2S	100				-29.43	-66.85
P	LP2T	100				-23.75	-65.5
P	LP2U	100				-36.62	-64.28
P	LP2V	100		16		-40.8	-63
P	LP2W	100		16		-43.3	-65.1
P	LP2X	100		16		-50.43	-69.25
P	LP2Y	100		16		-38.95	-68.07
P	LP3A	100				-34.6	-58.38
P	LP3B	100				-34.6	-58.38
P	LP3C	100				-34.6	-58.38
P	LP3D	100				-33.7	-61
P	LP3E	100				-33.7	-61
P	LP3F	100				-33.72	-62.23
P	LP3G	100				-26.95	-58.72
P	LP3H	100				-31.42	-64.18
P	LP3I	100				-26.92	-54.52
P	LP3J	100				-32.05	-60.28
P	LP3K	100				-26.93	-65.33
P	LP3L	100				-28.67	-57.63
P	LP3M	100				-32.88	-68.85
P	LP3N	100				-27.78	-64.27
P	LP3O	100				-24.78	-65.42
P	LP3P	100				-30.87	-68.98
P	LP3Q	100				-33.3	-66.35
P	LP3R	100				-28.43	-65.78
P	LP3S	100				-29.43	-66.85
P	LP3T	100				-23.75	-65.5
P	LP3U	100				-36.62	-64.28
P	LP3V	100		16		-40.8	-63
P	LP3W	100		16		-43.3	-65.1
P	LP3X	100		16		-50.43	-69.25
P	LP3Y	100		16		-38.95	-68.07
P	LP4A	100				-34.6	-58.38
P	LP4B	100				-34.6	-58.38
P	LP4C	100				-34.6	-58.38
P	LP4D	100				-33.7	-61
P	LP4E	100				-33.7	-61
P	LP4F	100				-33.72	-62.23
P	LP4G	100				-26.95	-58.72
P	LP4H	100				-31.42	-64.18
P	LP4I	100				-26.92	-54.52
P	LP4J	100				-32.05	-60.28
P	LP4K	100				-26.93	-65.33
P	LP4L	100				-28.67	-57.63
P	LP4M	100				-32.88	-68.85
P	LP4N	100				-27.78	-64.27
P	LP4O	100				-24.78	-65.42
P	LP4P	100				-30.87	-68.98
P	LP4Q	100				-33.3	-66.35
P	LP4R	100				-28.43	-65.78
P	LP4S	100				-29.43	-66.85
P	LP4T	100				-23.75	-65.5
P	LP4U	100				-36.62	-64.28
P	LP4V	100		16		-40.8	-63
P	LP4W	100		16		-43.3	-65.1
P	LP4X	100		16		-50.43	-69.25
P	LP4Y	100		16		-38.95	-68.07
P	LP5A	100				-34.6	-58.38
P	LP5B	100				-34.6	-58.38
P	LP5C	100				-34.6	-58.38
P	LP5D	100				-33.7	-61
P	LP5E	100				-33.7	-61
P	LP5F	100				-33.72	-62.23
P	LP5G	100				-26.95	-58.72
P	LP5H	100				-31.42	-64.18
P	LP5I	100				-26.92	-54.52
P	LP5J	100				-32.05	-60.28
P	LP5K	100				-26.93	-65.33
P	LP5L	100				-28.67	-57.63
P	LP5M	100				-32.88	-68.85
P	LP5N	100				-27.78	-64.27
P	LP5O	100				-24.78	-65.42
P	LP5P	100				-30.87	-68.98
P	LP5Q	100				-33.3	-66.35
P	LP5R	100				-28.43	-65.78
P	LP5S	100				-29.43	-66.85
P	LP5T	100				-23.75	-65.5
P	LP5U	100				-36.62	-64.28
P	LP5V	100		16		-40.8	-63
P	LP5W	100		16		-43.3	-65.1
P	LP5X	100		16		-50.43	-69.25
P	LP5Y	100		16		-38.95	-68.07
P	LP6A	100				-34.6	-58.38
P	LP6B	100				-34.6	-58.38
P	LP6C	100				-34.6	-58.38
P	LP6D	100				-33.7	-61
P	LP6E	100				-33.7	-61
P	LP6F	100				-33.72	-62.23
P	LP6G	100				-26.95	-58.72
P	LP6H	100				-31.42	-64.18
P	LP6I	100				-26.92	-54.52
P	LP6J	100				-32.05	-60.28
P	LP6K	100				-26.93	-65.33
P	LP6L	100				-28.67	-57.63
P	LP6M	100				-32.88	-68.85
P	LP6N	100				-27.78	-64.27
P	LP6O	100				-24.78	-65.42
P	LP6P	100				-30.87	-68.98
P	LP6Q	100				-33.3	-66.35
P	LP6R	100				-28.43	-65.78
P	LP6S	100				-29.43	-66.85
P	LP6T	100				-23.75	-65.5
P	LP6U	100				-36.62	-64.28
P	LP6V	100		16		-40.8	-63
P	LP6W	100		16		-43.3	-65.1
P	LP6X	100		16		-50.43	-69.25
P	LP6Y	100		16		-38.95	-68.07
P	LP7A	100				-34.6	-58.38
P	LP7B	100				-34.6	-58.38
P	LP7C	100				-34.6	-58.38
P	LP7D	100				-33.7	-61
P	LP7E	100				-33.7	-61
P	LP7F	100				-33.72	-62.23
P	LP7G	100				-26.95	-58.72
P	LP7H	100				-31.42	-64.18
P	LP7I	100				-26.92	-54.52
P	LP7J	100				-32.05	-60.28
P	LP7K	100				-26.93	-65.33
P	LP7L	100				-28.67	-57.63
P	LP7M	100				-32.88	-68.85
P	LP7N	100				-27.78	-64.27
P	LP7O	100				-24.78	-65.42
P	LP7P	100				-30.87	-68.98
P	LP7Q	100				-33.3	-66.35
P	LP7R	100				-28.43	-65.78
P	LP7S	100				-29.43	-66.85
P	LP7T	100				-23.75	-65.5
P	LP7U	100				-36.62	-64.28
P	LP7V	100		16		-40.8	-63
P	LP7W	100		16		-43.3	-65.1
P	LP7X	100		16		-50.43	-69.25
P	LP7Y	100		16		-38.95	-68.07
P	LP8A	100				-34.6	-58.38
P	LP8B	100				-34.6	-58.38
P	LP8C	100				-34.6	-58.38
P	LP8D	100				-33.7	-61
P	LP8E	100				-33.7	-61
P	LP8F	100				-33.72	-62.23
P	LP8G	100				-26.95	-58.72
P	LP8H	100				-31.42	-64.18
P	LP8I	100				-26.92	-54.52
P	LP8J	100				-32.05	-60.28
P	LP8K	100				-26.93	-65.33
P	LP8L	100				-28.67	-57.63
P	LP8M	100				-32.88	-68.85
P	LP8N	100				-27.78	-64.27
P	LP8O	100				-24.78	-65.42
P	LP8P	100				-30.87	-68.98
P	LP8Q	100				-33.3	-66.35
P	LP8R	100				-28.43	-65.78
P	LP8S	100				-29.43	-66.85
P	LP8T	100				-23.75	-65.5
P	LP8U	100				-36.62	-64.28
P	LP8V	100		16		-40.8	-63
P	LP8W	100		16		-43.3	-65.1
P	LP8X	100		16		-50.43	-69.25
P	LP8Y	100		16		-38.95	-68.07
P	LP9A	100				-34.6	-58.38
P	LP9B	100				-34.6	-58.38
P	LP9C	100				-34.6	-58.38
P	LP9D	100				-33.7	-61
P	LP9E	100				-33.7	-61
P	LP9F	100				-33.72	-62.23
P	LP9G	100				-26.95	-58.72
P	LP9H	100				-31.42	-64.18
P	LP9I	100				-26.92	-54.52
P	LP9J	100				-32.05	-60.28
P	LP9K	100				-26.93	-65.33
P	LP9L	100				-28.67	-57.63
P	LP9M	100				-32.88	-68.85
P	LP9N	100				-27.78	-64.27
P	LP9O	100				-24.78	-65.42
P	LP9P	100				-30.87	-68.98
P	LP9Q	100				-33.3	-66.35
P	LP9R	100				-28.43	-65.78
P	LP9S	100				-29.43	-66.85
P	LP9T	100				-23.75	-65.5
P	LP9U	100				-36.62	-64.28
P	LP9V	100		16		-40.8	-63
P	LP9W	100		16		-43.3	-65.1
P	LP9X	100		16		-50.43	-69.25
P	LP9Y	100		16		-38.95	-68.07
P	LQ	100
P	LQ0A	100				-34.6	-58.38
P	LQ0B	100				-34.6	-58.38
P	LQ0C	100				-34.6	-58.38
P	LQ0D	100				-33.7	-61
P	LQ0E	100				-33.7	-61
P	LQ0F	100				-33.72	-62.23
P	LQ0G	100				-26.95	-58.72
P	LQ0H	100				-31.42	-64.18
P	LQ0I	100				-26.92	-54.52
P	LQ0J	100				-32.05	-60.28
P	LQ0K	100				-26.93	-65.33
P	LQ0L	100				-28.67	-57.63
P	LQ0M	100				-32.88	-68.85
P	LQ0N	100				-27.78	-64.27
P	LQ0O	100				-24.78	-65.42
P	LQ0P	100				-30.87	-68.98
P	LQ0Q	100				-33.3	-66.35
P	LQ0R	100				-28.43	-65.78
P	LQ0S	100				-29.43	-66.85
P	LQ0T	100				-23.75	-65.5
P	LQ0U	100				-36.62	-64.28
P	LQ0V	100		16		-40.8	-63
P	LQ0W	100		16		-43.3	-65.1
P	LQ0X	100		16		-50.43	-69.25
P	LQ0Y	100		16		-38.95	-68.07
P	LQ1A	100				-34.6	-58.38
P	LQ1B	100				-34.6	-58.38
P	LQ1C	100				-34.6	-58.38
P	LQ1D	100				-33.7	-61
P	LQ1E	100				-33.7	-61
P	LQ1F	100				-33.72	-62.23
P	LQ1G	100				-26.95	-58.72
P	LQ1H	100				-31.42	-64.18
P	LQ1I	100				-26.92	-54.52
P	LQ1J	100				-32.05	-60.28
P	LQ1K	100				-26.93	-65.33
P	LQ1L	100				-28.67	-57.63
P	LQ1M	100				-32.88	-68.85
P	LQ1N	100				-27.78	-64.27
P	LQ1O	100				-24.78	-65.42
P	LQ1P	100				-30.87	-68.98
P	LQ1Q	100				-33.3	-66.35
P	LQ1R	100				-28.43	-65.78
P	LQ1S	100				-29.43	-66.85
P	LQ1T	100				-23.75	-65.5
P	LQ1U	100				-36.62	-64.28
P	LQ1V	100		16		-40.8	-63
P	LQ1W	100		16		-43.3	-65.1
P	LQ1X	100		16		-50.43	-69.25
P	LQ1Y	100		16		-38.95	-68.07
P	LQ2A	100				-34.6	-58.38
P	LQ2B	100				-34.6	-58.38
P	LQ2C	100				-34.6	-58.38
P	LQ2D	100				-33.7	-61
P	LQ2E	100				-33.7	-61
P	LQ2F	100				-33.72	-62.23
P	LQ2G	100				-26.95	-58.72
P	LQ2H	100				-31.42	-64.18
P	LQ2I	100				-26.92	-54.52
P	LQ2J	100				-32.05	-60.28
P	LQ2K	100				-26.93	-65.33
P	LQ2L	100				-28.67	-57.63
P	LQ2M	100				-32.88	-68.85
P	LQ2N	100				-27.78	-64.27
P	LQ2O	100				-24.78	-65.42
P	LQ2P	100				-30.87	-68.98
P	LQ2Q	100				-33.3	-66.35
P	LQ2R	100				-28.43	-65.78
P	LQ2S	100				-29.43	-66.85
P	LQ2T	100				-23.75	-65.5
P	LQ2U	100				-36.62	-64.28
P	LQ2V	100		16		-40.8	-63
P	LQ2W	100		16		-43.3	-65.1
P	LQ2X	100		16		-50.43	-69.25
P	LQ2Y	100		16		-38.95	-68.07
P	LQ3A	100				-34.6	-58.38
P	LQ3B	100				-34.6	-58.38
P	LQ3C	100				-34.6	-58.38
P	LQ3D	100				-33.7	-61
P	LQ3E	100				-33.7	-61
P	LQ3F	100				-33.72	-62.23
P	LQ3G	100				-26.95	-58.72
P	LQ3H	100				-31.42	-64.18
P	LQ3I	100				-26.92	-54.52
P	LQ3J	100				-32.05	-60.28
P	LQ3K	100				-26.93	-65.33
P	LQ3L	100				-28.67	-57.63
P	LQ3M	100				-32.88	-68.85
P	LQ3N	100				-27.78	-64.27
P	LQ3O	100				-24.78	-65.42
P	LQ3P	100				-30.87	-68.98
P	LQ3Q	100				-33.3	-66.35
P	LQ3R	100				-28.43	-65.78
P	LQ3S	100				-29.43	-66.85
P	LQ3T	100				-23.75	-65.5
P	LQ3U	100				-36.62	-64.28
P	LQ3V	100		16		-40.8	-63
P	LQ3W	100		16		-43.3	-65.1
P	LQ3X	100		16		-50.43	-69.25
P	LQ3Y	100		16		-38.95	-68.07
P	LQ4A	100				-34.6	-58.38
P	LQ4B	100				-34.6	-58.38
P	LQ4C	100				-34.6	-58.38
P	LQ4D	100				-33.7	-61
P	LQ4E	100				-33.7	-61
P	LQ4F	100				-33.72	-62.23
P	LQ4G	100				-26.95	-58.72
P	LQ4H	100				-31.42	-64.18
P	LQ4I	100				-26.92	-54.52
P	LQ4J	100				-32.05	-60.28
P	LQ4K	100				-26.93	-65.33
P	LQ4L	100				-28.67	-57.63
P	LQ4M	100				-32.88	-68.85
P	LQ4N	100				-27.78	-64.27
P	LQ4O	100				-24.78	-65.42
P	LQ4P	100				-30.87	-68.98
P	LQ4Q	100				-33.3	-66.35
P	LQ4R	100				-28.43	-65.78
P	LQ4S	100				-29.43	-66.85
P	LQ4T	100				-23.75	-65.5
P	LQ4U	100				-36.62	-64.28
P	LQ4V	100		16		-40.8	-63
P	LQ4W	100		16		-43.3	-65.1
P	LQ4X	100		16		-50.43	-69.25
P	LQ4Y	100		16		-38.95	-68.07
P	LQ5A	100				-34.6	-58.38
P	LQ5B	100				-34.6	-58.38
P	LQ5C	100				-34.6	-58.38
P	LQ5D	100				-33.7	-61
P	LQ5E	100				-33.7	-61
P	LQ5F	100				-33.72	-62.23
P	LQ5G	100				-26.95	-58.72
P	LQ5H	100				-31.42	-64.18
P	LQ5I	100				-26.92	-54.52
P	LQ5J	100				-32.05	-60.28
P	LQ5K	100				-26.93	-65.33
P	LQ5L	100				-28.67	-57.63
P	LQ5M	100				-32.88	-68.85
P	LQ5N	100				-27.78	-64.27
P	LQ5O	100				-24.78	-65.42
P	LQ5P	100				-30.87	-68.98
P	LQ5Q	100				-33.3	-66.35
P	LQ5R	100				-28.43	-65.78
P	LQ5S	100				-29.43	-66.85
P	LQ5T	100				-23.75	-65.5
P	LQ5U	100				-36.62	-64.28
P	LQ5V	100		16		-40.8	-63
P	LQ5W	100		16		-43.3	-65.1
P	LQ5X	100		16		-50.43	-69.25
P	LQ5Y	100		16		-38.95	-68.07
P	LQ6A	100				-34.6	-58.38
P	LQ6B	100				-34.6	-58.38
P	LQ6C	100				-34.6	-58.38
P	LQ6D	100				-33.7	-61
P	LQ6E	100				-33.7	-61
P	LQ6F	100				-33.72	-62.23
P	LQ6G	100				-26.95	-58.72
P	LQ6H	100				-31.42	-64.18
P	LQ6I	100				-26.92	-54.52
P	LQ6J	100				-32.05	-60.28
P	LQ6K	100				-26.93	-65.33
P	LQ6L	100				-28.67	-57.63
P	LQ6M	100				-32.88	-68.85
P	LQ6N	100				-27.78	-64.27
P	LQ6O	100				-24.78	-65.42
P	LQ6P	100				-30.87	-68.98
P	LQ6Q	100				-33.3	-66.35
P	LQ6R	100				-28.43	-65.78
P	LQ6S	100				-29.43	-66.85
P	LQ6T	100				-23.75	-65.5
P	LQ6U	100				-36.62	-64.28
P	LQ6V	100		16		-40.8	-63
P	LQ6W	100		16		-43.3	-65.1
P	LQ6X	100		16		-50.43	-69.25
P	LQ6Y	100		16		-38.95	-68.07
P	LQ7A	100				-34.6	-58.38
P	LQ7B	100				-34.6	-58.38
P	LQ7C	100				-34.6	-58.38
P	LQ7D	100				-33.7	-61
P	LQ7E	100				-33.7	-61
P	LQ7F	100				-33.72	-62.23
P	LQ7G	100				-26.95	-58.72
P	LQ7H	100				-31.42	-64.18
P	LQ7I	100				-26.92	-54.52
P	LQ7J	100				-32.05	-60.28
P	LQ7K	100				-26.93	-65.33
P	LQ7L	100				-28.67	-57.63
P	LQ7M	100				-32.88	-68.85
P	LQ7N	100				-27.78	-64.27
P	LQ7O	100				-24.78	-65.42
P	LQ7P	100				-30.87	-68.98
P	LQ7Q	100				-33.3	-66.35
P	LQ7R	100				-28.43	-65.78
P	LQ7S	100				-29.43	-66.85
P	LQ7T	100				-23.75	-65.5
P	LQ7U	100				-36.62	-64.28
P	LQ7V	100		16		-40.8	-63
P	LQ7W	100		16		-43.3	-65.1
P	LQ7X	100		16		-50.43	-69.25
P	LQ7Y	100		16		-38.95	-68.07
P	LQ8A	100				-34.6	-58.38
P	LQ8B	100				-34.6	-58.38
P	LQ8C	100				-34.6	-58.38
P	LQ8D	100				-33.7	-61
P	LQ8E	100				-33.7	-61
P	LQ8F	100				-33.72	-62.23
P	LQ8G	100				-26.95	-58.72
P	LQ8H	100				-31.42	-64.18
P	LQ8I	100				-26.92	-54.52
P	LQ8J	100				-32.05	-60.28
P	LQ8K	100				-26.93	-65.33
P	LQ8L	100				-28.67	-57.63
P	LQ8M	100				-32.88	-68.85
P	LQ8N	100				-27.78	-64.27
P	LQ8O	100				-24.78	-65.42
P	LQ8P	100				-30.87	-68.98
P	LQ8Q	100				-33.3	-66.35
P	LQ8R	100				-28.43	-65.78
P	LQ8S	100				-29.43	-66.85
P	LQ8T	100				-23.75	-65.5
P	LQ8U	100				-36.62	-64.28
P	LQ8V	100		16		-40.8	-63
P	LQ8W	100		16		-43.3	-65.1
P	LQ8X	100		16		-50.43	-69.25
P	LQ8Y	100		16		-38.95	-68.07
P	LQ9A	100				-34.6	-58.38
P	LQ9B	100				-34.6	-58.38
P	LQ9C	100				-34.6	-58.38
P	LQ9D	100				-33.7	-61
P	LQ9E	100				-33.7	-61
P	LQ9F	100				-33.72	-62.23
P	LQ9G	100				-26.95	-58.72
P	LQ9H	100				-31.42	-64.18
P	LQ9I	100				-26.92	-54.52
P	LQ9J	100				-32.05	-60.28
P	LQ9K	100				-26.93	-65.33
P	LQ9L	100				-28.67	-57.63
P	LQ9M	100				-32.88	-68.85
P	LQ9N	100				-27.78	-64.27
P	LQ9O	100				-24.78	-65.42
P	LQ9P	100				-30.87	-68.98
P	LQ9Q	100				-33.3	-66.35
P	LQ9R	100				-28.43	-65.78
P	LQ9S	100				-29.43	-66.85
P	LQ9T	100				-23.75	-65.5
P	LQ9U	100				-36.62	-64.28
P	LQ9V	100		16		-40.8	-63
P	LQ9W	100		16		-43.3	-65.1
P	LQ9X	100		16		-50.43	-69.25
P	LQ9Y	100		16		-38.95	-68.07
P	LR	100
P	LR0A	100				-34.6	-58.38
P	LR0B	100				-34.6	-58.38
P	LR0C	100				-34.6	-58.38
P	LR0D	100				-33.7	-61
P	LR0E	100				-33.7	-61
P	LR0F	100				-33.72	-62.23
P	LR0G	100				-26.95	-58.72
P	LR0H	100				-31.42	-64.18
P	LR0I	100				-26.92	-54.52
P	LR0J	100				-32.05	-60.28
P	LR0K	100				-26.93	-65.33
P	LR0L	100				-28.67	-57.63
P	LR0M	100				-32.88	-68.85
P	LR0N	100				-27.78	-64.27
P	LR0O	100				-24.78	-65.42
P	LR0P	100				-30.87	-68.98
P	LR0Q	100				-33.3	-66.35
P	LR0R	100				-28.43	-65.78
P	LR0S	100				-29.43	-66.85
P	LR0T	100				-23.75	-65.5
P	LR0U	100				-36.62	-64.28
P	LR0V	100		16		-40.8	-63
P	LR0W	100		16		-43.3	-65.1
P	LR0X	100		16		-50.43	-69.25
P	LR0Y	100		16		-38.95	-68.07
P	LR1A	100				-34.6	-58.38
P	LR1B	100				-34.6	-58.38
P	LR1C	100				-34.6	-58.38
P	LR1D	100				-33.7	-61
P	LR1E	100				-33.7	-61
P	LR1F	100				-33.72	-62.23
P	LR1G	100				-26.95	-58.72
P	LR1H	100				-31.42	-64.18
P	LR1I	100				-26.92	-54.52
P	LR1J	100				-32.05	-60.28
P	LR1K	100				-26.93	-65.33
P	LR1L	100				-28.67	-57.63
P	LR1M	100				-32.88	-68.85
P	LR1N	100				-27.78	-64.27
P	LR1O	100				-24.78	-65.42
P	LR1P	100				-30.87	-68.98
P	LR1Q	100				-33.3	-66.35
P	LR1R	100				-28.43	-65.78
P	LR1S	100				-29.43	-66.85
P	LR1T	100				-23.75	-65.5
P	LR1U	100				-36.62	-64.28
P	LR1V	100		16		-40.8	-63
P	LR1W	100		16		-43.3	-65.1
P	LR1X	100		16		-50.43	-69.25
P	LR1Y	100		16		-38.95	-68.07
P	LR2A	100				-34.6	-58.38
P	LR2B	100				-34.6	-58.38
P	LR2C	100				-34.6	-58.38
P	LR2D	100				-33.7	-61
P	LR2E	100				-33.7	-61
P	LR2F	100				-33.72	-62.23
P	LR2G	100				-26.95	-58.72
P	LR2H	100				-31.42	-64.18
P	LR2I	100				-26.92	-54.52
P	LR2J	100				-32.05	-60.28
P	LR2K	100				-26.93	-65.33
P	LR2L	100				-28.67	-57.63
P	LR2M	100				-32.88	-68.85
P	LR2N	100				-27.78	-64.27
P	LR2O	100				-24.78	-65.42
P	LR2P	100				-30.87	-68.98
P	LR2Q	100				-33.3	-66.35
P	LR2R	100				-28.43	-65.78
P	LR2S	100				-29.43	-66.85
P	LR2T	100				-23.75	-65.5
P	LR2U	100				-36.62	-64.28
P	LR2V	100		16		-40.8	-63
P	LR2W	100		16		-43.3	-65.1
P	LR2X	100		16		-50.43	-69.25
P	LR2Y	100		16		-38.95	-68.07
P	LR3A	100				-34.6	-58.38
P	LR3B	100				-34.6	-58.38
P	LR3C	100				-34.6	-58.38
P	LR3D	100				-33.7	-61
P	LR3E	100				-33.7	-61
P	LR3F	100				-33.72	-62.23
P	LR3G	100				-26.95	-58.72
P	LR3H	100				-31.42	-64.18
P	LR3I	100				-26.92	-54.52
P	LR3J	100				-32.05	-60.28
P	LR3K	100				-26.93	-65.33
P	LR3L	100				-28.67	-57.63
P	LR3M	100				-32.88	-68.85
P	LR3N	100				-27.78	-64.27
P	LR3O	100				-24.78	-65.42
P	LR3P	100				-30.87	-68.98
P	LR3Q	100				-33.3	-66.35
P	LR3R	100				-28.43	-65.78
P	LR3S	100				-29.43	-66.85
P	LR3T	100				-23.75	-65.5
P	LR3U	100				-36.62	-64.28
P	LR3V	100		16		-40.8	-63
P	LR3W	100		16		-43.3	-65.1
P	LR3X	100		16		-50.43	-69.25
P	LR3Y	100		16		-38.95	-68.07
P	LR4A	100				-34.6	-58.38
P	LR4B	100				-34.6	-58.38
P	LR4C	100				-34.6	-58.38
P	LR4D	100				-33.7	-61
P	LR4E	100				-33.7	-61
P	LR4F	100				-33.72	-62.23
P	LR4G	100				-26.95	-58.72
P	LR4H	100				-31.42	-64.18
P	LR4I	100				-26.92	-54.52
P	LR4J	100				-32.05	-60.28
P	LR4K	100				-26.93	-65.33
P	LR4L	100				-28.67	-57.63
P	LR4M	100				-32.88	-68.85
P	LR4N	100				-27.78	-64.27
P	LR4O	100				-24.78	-65.42
P	LR4P	100				-30.87	-68.98
P	LR4Q	100				-33.3	-66.35
P	LR4R	100				-28.43	-65.78
P	LR4S	100				-29.43	-66.85
P	LR4T	100				-23.75	-65.5
P	LR4U	100				-36.62	-64.28
P	LR4V	100		16		-40.8	-63
P	LR4W	100		16		-43.3	-65.1
P	LR4X	100		16		-50.43	-69.25
P	LR4Y	100		16		-38.95	-68.07
P	LR5A	100				-34.6	-58.38
P	LR5B	100				-34.6	-58.38
P	LR5C	100				-34.6	-58.38
P	LR5D	100				-33.7	-61
P	LR5E	100				-33.7	-61
P	LR5F	100				-33.72	-62.23
P	LR5G	100				-26.95	-58.72
P	LR5H	100				-31.42	-64.18
P	LR5I	100				-26.92	-54.52
P	LR5J	100				-32.05	-60.28
P	LR5K	100				-26.93	-65.33
P	LR5L	100				-28.67	-57.63
P	LR5M	100				-32.88	-68.85
P	LR5N	100				-27.78	-64.27
P	LR5O	100				-24.78	-65.42
P	LR5P	100				-30.87	-68.98
P	LR5Q	100				-33.3	-66.35
P	LR5R	100				-28.43	-65.78
P	LR5S	100				-29.43	-66.85
P	LR5T	100				-23.75	-65.5
P	LR5U	100				-36.62	-64.28
P	LR5V	100		16		-40.8	-63
P	LR5W	100		16		-43.3	-65.1
P	LR5X	100		16		-50.43	-69.25
P	LR5Y	100		16		-38.95	-68.07
P	LR6A	100				-34.6	-58.38
P	LR6B	100				-34.6	-58.38
P	LR6C	100				-34.6	-58.38
P	LR6D	100				-33.7	-61
P	LR6E	100				-33.7	-61
P	LR6F	100				-33.72	-62.23
P	LR6G	100				-26.95	-58.72
P	LR6H	100				-31.42	-64.18
P	LR6I	100				-26.92	-54.52
P	LR6J	100				-32.05	-60.28
P	LR6K	100				-26.93	-65.33
P	LR6L	100				-28.67	-57.63
P	LR6M	100				-32.88	-68.85
P	LR6N	100				-27.78	-64.27
P	LR6O	100				-24.78	-65.42
P	LR6P	100				-30.87	-68.98
P	LR6Q	100				-33.3	-66.35
P	LR6R	100				-28.43	-65.78
P	LR6S	100				-29.43	-66.85
P	LR6T	100				-23.75	-65.5
P	LR6U	100				-36.62	-64.28
P	LR6V	100		16		-40.8	-63
P	LR6W	100		16		-43.3	-65.1
P	LR6X	100		16		-50.43	-69.25
P	LR6Y	100		16		-38.95	-68.07
P	LR7A	100				-34.6	-58.38
P	LR7B	100				-34.6	-58.38
P	LR7C	100				-34.6	-58.38
P	LR7D	100				-33.7	-61
P	LR7E	100				-33.7	-61
P	LR7F	100				-33.72	-62.23
P	LR7G	100				-26.95	-58.72
P	LR7H	100				-31.42	-64.18
P	LR7I	100				-26.92	-54.52
P	LR7J	100				-32.05	-60.28
P	LR7K	100				-26.93	-65.33
P	LR7L	100				-28.67	-57.63
P	LR7M	100				-32.88	-68.85
P	LR7N	100				-27.78	-64.27
P	LR7O	100				-24.78	-65.42
P	LR7P	100				-30.87	-68.98
P	LR7Q	100				-33.3	-66.35
P	LR7R	100				-28.43	-65.78
P	LR7S	100				-29.43	-66.85
P	LR7T	100				-23.75	-65.5
P	LR7U	100				-36.62	-64.28
P	LR7V	100		16		-40.8	-63
P	LR7W	100		16		-43.3	-65.1
P	LR7X	100		16		-50.43	-69.25
P	LR7Y	100		16		-38.95	-68.07
P	LR8A	100				-34.6	-58.38
P	LR8B	100				-34.6	-58.38
P	LR8C	100				-34.6	-58.38
P	LR8D	100				-33.7	-61
P	LR8E	100				-33.7	-61
P	LR8F	100				-33.72	-62.23
P	LR8G	100				-26.95	-58.72
P	LR8H	100				-31.42	-64.18
P	LR8I	100				-26.92	-54.52
P	LR8J	100				-32.05	-60.28
P	LR8K	100				-26.93	-65.33
P	LR8L	100				-28.67	-57.63
P	LR8M	100				-32.88	-68.85
P	LR8N	100				-27.78	-64.27
P	LR8O	100				-24.78	-65.42
P	LR8P	100				-30.87	-68.98
P	LR8Q	100				-33.3	-66.35
P	LR8R	100				-28.43	-65.78
P	LR8S	100				-29.43	-66.85
P	LR8T	100				-23.75	-65.5
P	LR8U	100				-36.62	-64.28
P	LR8V	100		16		-40.8	-63
P	LR8W	100		16		-43.3	-65.1
P	LR8X	100		16		-50.43	-69.25
P	LR8Y	100		16		-38.95	-68.07
P	LR9A	100				-34.6	-58.38
P	LR9B	100				-34.6	-58.38
P	LR9C	100				-34.6	-58.38
P	LR9D	100				-33.7	-61
P	LR9E	100				-33.7	-61
P	LR9F	100				-33.72	-62.23
P	LR9G	100				-26.95	-58.72
P	LR9H	100				-31.42	-64.18
P	LR9I	100				-26.92	-54.52
P	LR9J	100				-32.05	-60.28
P	LR9K	100				-26.93	-65.33
P	LR9L	100				-28.67	-57.63
P	LR9M	100				-32.88	-68.85
P	LR9N	100				-27.78	-64.27
P	LR9O	100				-24.78	-65.42
P	LR9P	100				-30.87	-68.98
P	LR9Q	100				-33.3	-66.35
P	LR9R	100				-28.43	-65.78
P	LR9S	100				-29.43	-66.85
P	LR9T	100				-23.75	-65.5
P	LR9U	100				-36.62	-64.28
P	LR9V	100		16		-40.8	-63
P	LR9W	100		16		-43.3	-65.1
P	LR9X	100		16		-50.43	-69.25
P	LR9Y	100		16		-38.95	-68.07
P	LS	100
P	LS0A	100				-34.6	-58.38
P	LS0B	100				-34.6	-58.38
P	LS0C	100				-34.6	-58.38
P	LS0D	100				-33.7	-61
P	LS0E	100				-33.7	-61
P	LS0F	100				-33.72	-62.23
P	LS0G	100				-26.95	-58.72
P	LS0H	100				-31.42	-64.18
P	LS0I	100				-26.92	-54.52
P	LS0J	100				-32.05	-60.28
P	LS0K	100				-26.93	-65.33
P	LS0L	100				-28.67	-57.63
P	LS0M	100				-32.88	-68.85
P	LS0N	100				-27.78	-64.27
P	LS0O	100				-24.78	-65.42
P	LS0P	100				-30.87	-68.98
P	LS0Q	100				-33.3	-66.35
P	LS0R	100				-28.43	-65.78
P	LS0S	100				-29.43	-66.85
P	LS0T	100				-23.75	-65.5
P	LS0U	100				-36.62	-64.28
P	LS0V	100		16		-40.8	-63
P	LS0W	100		16		-43.3	-65.1
P	LS0X	100		16		-50.43	-69.25
P	LS0Y	100		16		-38.95	-68.07
P	LS1A	100				-34.6	-58.38
P	LS1B	100				-34.6	-58.38
P	LS1C	100				-34.6	-58.38
P	LS1D	100				-33.7	-61
P	LS1E	100				-33.7	-61
P	LS1F	100				-33.72	-62.23
P	LS1G	100				-26.95	-58.72
P	LS1H	100				-31.42	-64.18
P	LS1I	100				-26.92	-54.52
P	LS1J	100				-32.05	-60.28
P	LS1K	100				-26.93	-65.33
P	LS1L	100				-28.67	-57.63
P	LS1M	100				-32.88	-68.85
P	LS1N	100				-27.78	-64.27
P	LS1O	100				-24.78	-65.42
P	LS1P	100				-30.87	-68.98
P	LS1Q	100				-33.3	-66.35
P	LS1R	100				-28.43	-65.78
P	LS1S	100				-29.43	-66.85
P	LS1T	100				-23.75	-65.5
P	LS1U	100				-36.62	-64.28
P	LS1V	100		16		-40.8	-63
P	LS1W	100		16		-43.3	-65.1
P	LS1X	100		16		-50.43	-69.25
P	LS1Y	100		16		-38.95	-68.07
P	LS2A	100				-34.6	-58.38
P	LS2B	100				-34.6	-58.38
P	LS2C	100				-34.6	-58.38
P	LS2D	100				-33.7	-61
P	LS2E	100				-33.7	-61
P	LS2F	100				-33.72	-62.23
P	LS2G	100				-26.95	-58.72
P	LS2H	100				-31.42	-64.18
P	LS2I	100				-26.92	-54.52
P	LS2J	100				-32.05	-60.28
P	LS2K	100				-26.93	-65.33
P	LS2L	100				-28.67	-57.63
P	LS2M	100				-32.88	-68.85
P	LS2N	100				-27.78	-64.27
P	LS2O	100				-24.78	-65.42
P	LS2P	100				-30.87	-68.98
P	LS2Q	100				-33.3	-66.35
P	LS2R	100				-28.43	-65.78
P	LS2S	100				-29.43	-66.85
P	LS2T	100				-23.75	-65.5
P	LS2U	100				-36.62	-64.28
P	LS2V	100		16		-40.8	-63
P	LS2W	100		16		-43.3	-65.1
P	LS2X	100		16		-50.43	-69.25
P	LS2Y	100		16		-38.95	-68.07
P	LS3A	100				-34.6	-58.38
P	LS3B	100				-34.6	-58.38
P	LS3C	100				-34.6	-58.38
P	LS3D	100				-33.7	-61
P	LS3E	100				-33.7	-61
P	LS3F	100				-33.72	-62.23
P	LS3G	100				-26.95	-58.72
P	LS3H	100				-31.42	-64.18
P	LS3I	100				-26.92	-54.52
P	LS3J	100				-32.05	-60.28
P	LS3K	100				-26.93	-65.33
P	LS3L	100				-28.67	-57.63
P	LS3M	100				-32.88	-68.85
P	LS3N	100				-27.78	-64.27
P	LS3O	100				-24.78	-65.42
P	LS3P	100				-30.87	-68.98
P	LS3Q	100				-33.3	-66.35
P	LS3R	100				-28.43	-65.78
P	LS3S	100				-29.43	-66.85
P	LS3T	100				-23.75	-65.5
P	LS3U	100				-36.62	-64.28
P	LS3V	100		16		-40.8	-63
P	LS3W	100		16		-43.3	-65.1
P	LS3X	100		16		-50.43	-69.25
P	LS3Y	100		16		-38.95	-68.07
P	LS4A	100				-34.6	-58.38
P	LS4B	100				-34.6	-58.38
P	LS4C	100				-34.6	-58.38
P	LS4D	100				-33.7	-61
P	LS4E	100				-33.7	-61
P	LS4F	100				-33.72	-62.23
P	LS4G	100				-26.95	-58.72
P	LS4H	100				-31.42	-64.18
P	LS4I	100				-26.92	-54.52
P	LS4J	100				-32.05	-60.28
P	LS4K	100				-26.93	-65.33
P	LS4L	100				-28.67	-57.63
P	LS4M	100				-32.88	-68.85
P	LS4N	100				-27.78	-64.27
P	LS4O	100				-24.78	-65.42
P	LS4P	100				-30.87	-68.98
P	LS4Q	100				-33.3	-66.35
P	LS4R	100				-28.43	-65.78
P	LS4S	100				-29.43	-66.85
P	LS4T	100				-23.75	-65.5
P	LS4U	100				-36.62	-64.28
P	LS4V	100		16		-40.8	-63
P	LS4W	100		16		-43.3	-65.1
P	LS4X	100		16		-50.43	-69.25
P	LS4Y	100		16		-38.95	-68.07
P	LS5A	100				-34.6	-58.38
P	LS5B	100				-34.6	-58.38
P	LS5C	100				-34.6	-58.38
P	LS5D	100				-33.7	-61
P	LS5E	100				-33.7	-61
P	LS5F	100				-33.72	-62.23
P	LS5G	100				-26.95	-58.72
P	LS5H	100				-31.42	-64.18
P	LS5I	100				-26.92	-54.52
P	LS5J	100				-32.05	-60.28
P	LS5K	100				-26.93	-65.33
P	LS5L	100				-28.67	-57.63
P	LS5M	100				-32.88	-68.85
P	LS5N	100				-27.78	-64.27
P	LS5O	100				-24.78	-65.42
P	LS5P	100				-30.87	-68.98
P	LS5Q	100				-33.3	-66.35
P	LS5R	100				-28.43	-65.78
P	LS5S	100				-29.43	-66.85
P	LS5T	100				-23.75	-65.5
P	LS5U	100				-36.62	-64.28
P	LS5V	100		16		-40.8	-63
P	LS5W	100		16		-43.3	-65.1
P	LS5X	100		16		-50.43	-69.25
P	LS5Y	100		16		-38.95	-68.07
P	LS6A	100				-34.6	-58.38
P	LS6B	100				-34.6	-58.38
P	LS6C	100				-34.6	-58.38
P	LS6D	100				-33.7	-61
P	LS6E	100				-33.7	-61
P	LS6F	100				-33.72	-62.23
P	LS6G	100				-26.95	-58.72
P	LS6H	100				-31.42	-64.18
P	LS6I	100				-26.92	-54.52
P	LS6J	100				-32.05	-60.28
P	LS6K	100				-26.93	-65.33
P	LS6L	100				-28.67	-57.63
P	LS6M	100				-32.88	-68.85
P	LS6N	100				-27.78	-64.27
P	LS6O	100				-24.78	-65.42
P	LS6P	100				-30.87	-68.98
P	LS6Q	100				-33.3	-66.35
P	LS6R	100				-28.43	-65.78
P	LS6S	100				-29.43	-66.85
P	LS6T	100				-23.75	-65.5
P	LS6U	100				-36.62	-64.28
P	LS6V	100		16		-40.8	-63
P	LS6W	100		16		-43.3	-65.1
P	LS6X	100		16		-50.43	-69.25
P	LS6Y	100		16		-38.95	-68.07
P	LS7A	100				-34.6	-58.38
P	LS7B	100				-34.6	-58.38
P	LS7C	100				-34.6	-58.38
P	LS7D	100				-33.7	-61
P	LS7E	100				-33.7	-61
P	LS7F	100				-33.72	-62.23
P	LS7G	100				-26.95	-58.72
P	LS7H	100				-31.42	-64.18
P	LS7I	100				-26.92	-54.52
P	LS7J	100				-32.05	-60.28
P	LS7K	100				-26.93	-65.33
P	LS7L	100				-28.67	-57.63
P	LS7M	100				-32.88	-68.85
P	LS7N	100				-27.78	-64.27
P	LS7O	100				-24.78	-65.42
P	LS7P	100				-30.87	-68.98
P	LS7Q	100				-33.3	-66.35
P	LS7R	100				-28.43	-65.78
P	LS7S	100				-29.43	-66.85
P	LS7T	100				-23.75	-65.5
P	LS7U	100				-36.62	-64.28
P	LS7V	100		16		-40.8	-63
P	LS7W	100		16		-43.3	-65.1
P	LS7X	100		16		-50.43	-69.25
P	LS7Y	100		16		-38.95	-68.07
P	LS8A	100				-34.6	-58.38
P	LS8B	100				-34.6	-58.38
P	LS8C	100				-34.6	-58.38
P	LS8D	100				-33.7	-61
P	LS8E	100				-33.7	-61
P	LS8F	100				-33.72	-62.23
P	LS8G	100				-26.95	-58.72
P	LS8H	100				-31.42	-64.18
P	LS8I	100				-26.92	-54.52
P	LS8J	100				-32.05	-60.28
P	LS8K	100				-26.93	-65.33
P	LS8L	100				-28.67	-57.63
P	LS8M	100				-32.88	-68.85
P	LS8N	100				-27.78	-64.27
P	LS8O	100				-24.78	-65.42
P	LS8P	100				-30.87	-68.98
P	LS8Q	100				-33.3	-66.35
P	LS8R	100				-28.43	-65.78
P	LS8S	100				-29.43	-66.85
P	LS8T	100				-23.75	-65.5
P	LS8U	100				-36.62	-64.28
P	LS8V	100		16		-40.8	-63
P	LS8W	100		16		-43.3	-65.1
P	LS8X	100		16		-50.43	-69.25
P	LS8Y	100		16		-38.95	-68.07
P	LS9A	100				-34.6	-58.38
P	LS9B	100				-34.6	-58.38
P	LS9C	100				-34.6	-58.38
P	LS9D	100				-33.7	-61
P	LS9E	100				-33.7	-61
P	LS9F	100				-33.72	-62.23
P	LS9G	100				-26.95	-58.72
P	LS9H	100				-31.42	-64.18
P	LS9I	100				-26.92	-54.52
P	LS9J	100				-32.05	-60.28
P	LS9K	100				-26.93	-65.33
P	LS9L	100				-28.67	-57.63
P	LS9M	100				-32.88	-68.85
P	LS9N	100				-27.78	-64.27
P	LS9O	100				-24.78	-65.42
P	LS9P	100				-30.87	-68.98
P	LS9Q	100				-33.3	-66.35
P	LS9R	100				-28.43	-65.78
P	LS9S	100				-29.43	-66.85
P	LS9T	100				-23.75	-65.5
P	LS9U	100				-36.62	-64.28
P	LS9V	100		16		-40.8	-63
P	LS9W	100		16		-43.3	-65.1
P	LS9X	100		16		-50.43	-69.25
P	LS9Y	100		16		-38.95	-68.07
P	LT	100
P	LT0A	100				-34.6	-58.38
P	LT0B	100				-34.6	-58.38
P	LT0C	100				-34.6	-58.38
P	LT0D	100				-33.7	-61
P	LT0E	100				-33.7	-61
P	LT0F	100				-33.72	-62.23
P	LT0G	100				-26.95	-58.72
P	LT0H	100				-31.42	-64.18
P	LT0I	100				-26.92	-54.52
P	LT0J	100				-32.05	-60.28
P	LT0K	100				-26.93	-65.33
P	LT0L	100				-28.67	-57.63
P	LT0M	100				-32.88	-68.85
P	LT0N	100				-27.78	-64.27
P	LT0O	100				-24.78	-65.42
P	LT0P	100				-30.87	-68.98
P	LT0Q	100				-33.3	-66.35
P	LT0R	100				-28.43	-65.78
P	LT0S	100				-29.43	-66.85
P	LT0T	100				-23.75	-65.5
P	LT0U	100				-36.62	-64.28
P	LT0V	100		16		-40.8	-63
P	LT0W	100		16		-43.3	-65.1
P	LT0X	100		16		-50.43	-69.25
P	LT0Y	100		16		-38.95	-68.07
P	LT1A	100				-34.6	-58.38
P	LT1B	100				-34.6	-58.38
P	LT1C	100				-34.6	-58.38
P	LT1D	100				-33.7	-61
P	LT1E	100				-33.7	-61
P	LT1F	100				-33.72	-62.23
P	LT1G	100				-26.95	-58.72
P	LT1H	100				-31.42	-64.18
P	LT1I	100				-26.92	-54.52
P	LT1J	100				-32.05	-60.28
P	LT1K	100				-26.93	-65.33
P	LT1L	100				-28.67	-57.63
P	LT1M	100				-32.88	-68.85
P	LT1N	100				-27.78	-64.27
P	LT1O	100				-24.78	-65.42
P	LT1P	100				-30.87	-68.98
P	LT1Q	100				-33.3	-66.35
P	LT1R	100				-28.43	-65.78
P	LT1S	100				-29.43	-66.85
P	LT1T	100				-23.75	-65.5
P	LT1U	100				-36.62	-64.28
P	LT1V	100		16		-40.8	-63
P	LT1W	100		16		-43.3	-65.1
P	LT1X	100		16		-50.43	-69.25
P	LT1Y	100		16		-38.95	-68.07
P	LT2A	100				-34.6	-58.38
P	LT2B	100				-34.6	-58.38
P	LT2C	100				-34.6	-58.38
P	LT2D	100				-33.7	-61
P	LT2E	100				-33.7	-61
P	LT2F	100				-33.72	-62.23
P	LT2G	100				-26.95	-58.72
P	LT2H	100				-31.42	-64.18
P	LT2I	100				-26.92	-54.52
P	LT2J	100				-32.05	-60.28
P	LT2K	100				-26.93	-65.33
P	LT2L	100				-28.67	-57.63
P	LT2M	100				-32.88	-68.85
P	LT2N	100				-27.78	-64.27
P	LT2O	100				-24.78	-65.42
P	LT2P	100				-30.87	-68.98
P	LT2Q	100				-33.3	-66.35
P	LT2R	100				-28.43	-65.78
P	LT2S	100				-29.43	-66.85
P	LT2T	100				-23.75	-65.5
P	LT2U	100				-36.62	-64.28
P	LT2V	100		16		-40.8	-63
P	LT2W	100		16		-43.3	-65.1
P	LT2X	100		16		-50.43	-69.25
P	LT2Y	100		16		-38.95	-68.07
P	LT3A	100				-34.6	-58.38
P	LT3B	100				-34.6	-58.38
P	LT3C	100				-34.6	-58.38
P	LT3D	100				-33.7	-61
P	LT3E	100				-33.7	-61
P	LT3F	100				-33.72	-62.23
P	LT3G	100				-26.95	-58.72
P	LT3H	100				-31.42	-64.18
P	LT3I	100				-26.92	-54.52
P	LT3J	100				-32.05	-60.28
P	LT3K	100				-26.93	-65.33
P	LT3L	100				-28.67	-57.63
P	LT3M	100				-32.88	-68.85
P	LT3N	100				-27.78	-64.27
P	LT3O	100				-24.78	-65.42
P	LT3P	100				-30.87	-68.98
P	LT3Q	100				-33.3	-66.35
P	LT3R	100				-28.43	-65.78
P	LT3S	100				-29.43	-66.85
P	LT3T	100				-23.75	-65.5
P	LT3U	100				-36.62	-64.28
P	LT3V	100		16		-40.8	-63
P	LT3W	100		16		-43.3	-65.1
P	LT3X	100		16		-50.43	-69.25
P	LT3Y	100		16		-38.95	-68.07
P	LT4A	100				-34.6	-58.38
P	LT4B	100				-34.6	-58.38
P	LT4C	100				-34.6	-58.38
P	LT4D	100				-33.7	-61
P	LT4E	100				-33.7	-61
P	LT4F	100				-33.72	-62.23
P	LT4G	100				-26.95	-58.72
P	LT4H	100				-31.42	-64.18
P	LT4I	100				-26.92	-54.52
P	LT4J	100				-32.05	-60.28
P	LT4K	100				-26.93	-65.33
P	LT4L	100				-28.67	-57.63
P	LT4M	100				-32.88	-68.85
P	LT4N	100				-27.78	-64.27
P	LT4O	100				-24.78	-65.42
P	LT4P	100				-30.87	-68.98
P	LT4Q	100				-33.3	-66.35
P	LT4R	100				-28.43	-65.78
P	LT4S	100				-29.43	-66.85
P	LT4T	100				-23.75	-65.5
P	LT4U	100				-36.62	-64.28
P	LT4V	100		16		-40.8	-63
P	LT4W	100		16		-43.3	-65.1
P	LT4X	100		16		-50.43	-69.25
P	LT4Y	100		16		-38.95	-68.07
P	LT5A	100				-34.6	-58.38
P	LT5B	100				-34.6	-58.38
P	LT5C	100				-34.6	-58.38
P	LT5D	100				-33.7	-61
P	LT5E	100				-33.7	-61
P	LT5F	100				-33.72	-62.23
P	LT5G	100				-26.95	-58.72
P	LT5H	100				-31.42	-64.18
P	LT5I	100				-26.92	-54.52
P	LT5J	100				-32.05	-60.28
P	LT5K	100				-26.93	-65.33
P	LT5L	100				-28.67	-57.63
P	LT5M	100				-32.88	-68.85
P	LT5N	100				-27.78	-64.27
P	LT5O	100				-24.78	-65.42
P	LT5P	100				-30.87	-68.98
P	LT5Q	100				-33.3	-66.35
P	LT5R	100				-28.43	-65.78
P	LT5S	100				-29.43	-66.85
P	LT5T	100				-23.75	-65.5
P	LT5U	100				-36.62	-64.28
P	LT5V	100		16		-40.8	-63
P	LT5W	100		16		-43.3	-65.1
P	LT5X	100		16		-50.43	-69.25
P	LT5Y	100		16		-38.95	-68.07
P	LT6A	100				-34.6	-58.38
P	LT6B	100				-34.6	-58.38
P	LT6C	100				-34.6	-58.38
P	LT6D	100				-33.7	-61
P	LT6E	100				-33.7	-61
P	LT6F	100				-33.72	-62.23
P	LT6G	100				-26.95	-58.72
P	LT6H	100				-31.42	-64.18
P	LT6I	100				-26.92	-54.52
P	LT6J	100				-32.05	-60.28
P	LT6K	100				-26.93	-65.33
P	LT6L	100				-28.67	-57.63
P	LT6M	100				-32.88	-68.85
P	LT6N	100				-27.78	-64.27
P	LT6O	100				-24.78	-65.42
P	LT6P	100				-30.87	-68.98
P	LT6Q	100				-33.3	-66.35
P	LT6R	100				-28.43	-65.78
P	LT6S	100				-29.43	-66.85
P	LT6T	100				-23.75	-65.5
P	LT6U	100				-36.62	-64.28
P	LT6V	100		16		-40.8	-63
P	LT6W	100		16		-43.3	-65.1
P	LT6X	100		16		-50.43	-69.25
P	LT6Y	100		16		-38.95	-68.07
P	LT7A	100				-34.6	-58.38
P	LT7B	100				-34.6	-58.38
P	LT7C	100				-34.6	-58.38
P	LT7D	100				-33.7	-61
P	LT7E	100				-33.7	-61
P	LT7F	100				-33.72	-62.23
P	LT7G	100				-26.95	-58.72
P	LT7H	100				-31.42	-64.18
P	LT7I	100				-26.92	-54.52
P	LT7J	100				-32.05	-60.28
P	LT7K	100				-26.93	-65.33
P	LT7L	100				-28.67	-57.63
P	LT7M	100				-32.88	-68.85
P	LT7N	100				-27.78	-64.27
P	LT7O	100				-24.78	-65.42
P	LT7P	100				-30.87	-68.98
P	LT7Q	100				-33.3	-66.35
P	LT7R	100				-28.43	-65.78
P	LT7S	100				-29.43	-66.85
P	LT7T	100				-23.75	-65.5
P	LT7U	100				-36.62	-64.28
P	LT7V	100		16		-40.8	-63
P	LT7W	100		16		-43.3	-65.1
P	LT7X	100		16		-50.43	-69.25
P	LT7Y	100		16		-38.95	-68.07
P	LT8A	100				-34.6	-58.38
P	LT8B	100				-34.6	-58.38
P	LT8C	100				-34.6	-58.38
P	LT8D	100				-33.7	-61
P	LT8E	100				-33.7	-61
P	LT8F	100				-33.72	-62.23
P	LT8G	100				-26.95	-58.72
P	LT8H	100				-31.42	-64.18
P	LT8I	100				-26.92	-54.52
P	LT8J	100				-32.05	-60.28
P	LT8K	100				-26.93	-65.33
P	LT8L	100				-28.67	-57.63
P	LT8M	100				-32.88	-68.85
P	LT8N	100				-27.78	-64.27
P	LT8O	100				-24.78	-65.42
P	LT8P	100				-30.87	-68.98
P	LT8Q	100				-33.3	-66.35
P	LT8R	100				-28.43	-65.78
P	LT8S	100				-29.43	-66.85
P	LT8T	100				-23.75	-65.5
P	LT8U	100				-36.62	-64.28
P	LT8V	100		16		-40.8	-63
P	LT8W	100		16		-43.3	-65.1
P	LT8X	100		16		-50.43	-69.25
P	LT8Y	100		16		-38.95	-68.07
P	LT9A	100				-34.6	-58.38
P	LT9B	100				-34.6	-58.38
P	LT9C	100				-34.6	-58.38
P	LT9D	100				-33.7	-61
P	LT9E	100				-33.7	-61
P	LT9F	100				-33.72	-62.23
P	LT9G	100				-26.95	-58.72
P	LT9H	100				-31.42	-64.18
P	LT9I	100				-26.92	-54.52
P	LT9J	100				-32.05	-60.28
P	LT9K	100				-26.93	-65.33
P	LT9L	100				-28.67	-57.63
P	LT9M	100				-32.88	-68.85
P	LT9N	100				-27.78	-64.27
P	LT9O	100				-24.78	-65.42
P	LT9P	100				-30.87	-68.98
P	LT9Q	100				-33.3	-66.35
P	LT9R	100				-28.43	-65.78
P	LT9S	100				-29.43	-66.85
P	LT9T	100				-23.75	-65.5
P	LT9U	100				-36.62	-64.28
P	LT9V	100		16		-40.8	-63
P	LT9W	100		16		-43.3	-65.1
P	LT9X	100		16		-50.43	-69.25
P	LT9Y	100		16		-38.95	-68.07
P	LU	100
P	LU0A	100				-34.6	-58.38
P	LU0B	100				-34.6	-58.38
P	LU0C	100				-34.6	-58.38
P	LU0D	100				-33.7	-61
P	LU0E	100				-33.7	-61
P	LU0F	100				-33.72	-62.23
P	LU0G	100				-26.95	-58.72
P	LU0H	100				-31.42	-64.18
P	LU0I	100				-26.92	-54.52
P	LU0J	100				-32.05	-60.28
P	LU0K	100				-26.93	-65.33
P	LU0L	100				-28.67	-57.63
P	LU0M	100				-32.88	-68.85
P	LU0N	100				-27.78	-64.27
P	LU0O	100				-24.78	-65.42
P	LU0P	100				-30.87	-68.98
P	LU0Q	100				-33.3	-66.35
P	LU0R	100				-28.43	-65.78
P	LU0S	100				-29.43	-66.85
P	LU0T	100				-23.75	-65.5
P	LU0U	100				-36.62	-64.28
P	LU0V	100		16		-40.8	-63
P	LU0W	100		16		-43.3	-65.1
P	LU0X	100		16		-50.43	-69.25
P	LU0Y	100		16		-38.95	-68.07
P	LU1A	100				-34.6	-58.38
P	LU1B	100				-34.6	-58.38
P	LU1C	100				-34.6	-58.38
P	LU1D	100				-33.7	-61
P	LU1E	100				-33.7	-61
P	LU1F	100				-33.72	-62.23
P	LU1G	100				-26.95	-58.72
P	LU1H	100				-31.42	-64.18
P	LU1I	100				-26.92	-54.52
P	LU1J	100				-32.05	-60.28
P	LU1K	100				-26.93	-65.33
P	LU1L	100				-28.67	-57.63
P	LU1M	100				-32.88	-68.85
P	LU1N	100				-27.78	-64.27
P	LU1O	100				-24.78	-65.42
P	LU1P	100				-30.87	-68.98
P	LU1Q	100				-33.3	-66.35
P	LU1R	100				-28.43	-65.78
P	LU1S	100				-29.43	-66.85
P	LU1T	100				-23.75	-65.5
P	LU1U	100				-36.62	-64.28
P	LU1V	100		16		-40.8	-63
P	LU1W	100		16		-43.3	-65.1
P	LU1X	100		16		-50.43	-69.25
P	LU1Y	100		16		-38.95	-68.07
P	LU1Z	13		73	SA	-64.97	-60.07
P	LU2A	100				-34.6	-58.38
P	LU2B	100				-34.6	-58.38
P	LU2C	100				-34.6	-58.38
P	LU2D	100				-33.7	-61
P	LU2E	100				-33.7	-61
P	LU2F	100				-33.72	-62.23
P	LU2G	100				-26.95	-58.72
P	LU2H	100				-31.42	-64.18
P	LU2I	100				-26.92	-54.52
P	LU2J	100				-32.05	-60.28
P	LU2K	100				-26.93	-65.33
P	LU2L	100				-28.67	-57.63
P	LU2M	100				-32.88	-68.85
P	LU2N	100				-27.78	-64.27
P	LU2O	100				-24.78	-65.42
P	LU2P	100				-30.87	-68.98
P	LU2Q	100				-33.3	-66.35
P	LU2R	100				-28.43	-65.78
P	LU2S	100				-29.43	-66.85
P	LU2T	100				-23.75	-65.5
P	LU2U	100				-36.62	-64.28
P	LU2V	100		16		-40.8	-63
P	LU2W	100		16		-43.3	-65.1
P	LU2X	100		16		-50.43	-69.25
P	LU2Y	100		16		-38.95	-68.07
P	LU2Z	13		73	SA	-64.97	-60.07
P	LU3A	100				-34.6	-58.38
P	LU3B	100				-34.6	-58.38
P	LU3C	100				-34.6	-58.38
P	LU3D	100				-33.7	-61
P	LU3E	100				-33.7	-61
P	LU3F	100				-33.72	-62.23
P	LU3G	100				-26.95	-58.72
P	LU3H	100				-31.42	-64.18
P	LU3I	100				-26.92	-54.52
P	LU3J	100				-32.05	-60.28
P	LU3K	100				-26.93	-65.33
P	LU3L	100				-28.67	-57.63
P	LU3M	100				-32.88	-68.85
P	LU3N	100				-27.78	-64.27
P	LU3O	100				-24.78	-65.42
P	LU3P	100				-30.87	-68.98
P	LU3Q	100				-33.3	-66.35
P	LU3R	100				-28.43	-65.78
P	LU3S	100				-29.43	-66.85
P	LU3T	100				-23.75	-65.5
P	LU3U	100				-36.62	-64.28
P	LU3V	100		16		-40.8	-63
P	LU3W	100		16		-43.3	-65.1
P	LU3X	100		16		-50.43	-69.25
P	LU3Y	100		16		-38.95	-68.07
P	LU3Z	13		73	SA	-64.97	-60.07
P	LU4A	100				-34.6	-58.38
P	LU4B	100				-34.6	-58.38
P	LU4C	100				-34.6	-58.38
P	LU4D	100				-33.7	-61
P	LU4E	100				-33.7	-61
P	LU4F	100				-33.72	-62.23
P	LU4G	100				-26.95	-58.72
P	LU4H	100				-31.42	-64.18
P	LU4I	100				-26.92	-54.52
P	LU4J	100				-32.05	-60.28
P	LU4K	100				-26.93	-65.33
P	LU4L	100				-28.67	-57.63
P	LU4M	100				-32.88	-68.85
P	LU4N	100				-27.78	-64.27
P	LU4O	100				-24.78	-65.42
P	LU4P	100				-30.87	-68.98
P	LU4Q	100				-33.3	-66.35
P	LU4R	100				-28.43	-65.78
P	LU4S	100				-29.43	-66.85
P	LU4T	100				-23.75	-65.5
P	LU4U	100				-36.62	-64.28
P	LU4V	100		16		-40.8	-63
P	LU4W	100		16		-43.3	-65.1
P	LU4X	100		16		-50.43	-69.25
P	LU4Y	100		16		-38.95	-68.07
P	LU4Z	13		73	SA	-64.97	-60.07
P	LU5A	100				-34.6	-58.38
P	LU5B	100				-34.6	-58.38
P	LU5C	100				-34.6	-58.38
P	LU5D	100				-33.7	-61
P	LU5E	100				-33.7	-61
P	LU5F	100				-33.72	-62.23
P	LU5G	100				-26.95	-58.72
P	LU5H	100				-31.42	-64.18
P	LU5I	100				-26.92	-54.52
P	LU5J	100				-32.05	-60.28
P	LU5K	100				-26.93	-65.33
P	LU5L	100				-28.67	-57.63
P	LU5M	100				-32.88	-68.85
P	LU5N	100				-27.78	-64.27
P	LU5O	100				-24.78	-65.42
P	LU5P	100				-30.87	-68.98
P	LU5Q	100				-33.3	-66.35
P	LU5R	100				-28.43	-65.78
P	LU5S	100				-29.43	-66.85
P	LU5T	100				-23.75	-65.5
P	LU5U	100				-36.62	-64.28
P	LU5V	100		16		-40.8	-63
P	LU5W	100		16		-43.3	-65.1
P	LU5X	100		16		-50.43	-69.25
P	LU5Y	100		16		-38.95	-68.07
P	LU5Z	13		73	SA	-64.97	-60.07
P	LU6A	100				-34.6	-58.38
P	LU6B	100				-34.6	-58.38
P	LU6C	100				-34.6	-58.38
P	LU6D	100				-33.7	-61
P	LU6E	100				-33.7	-61
P	LU6F	100				-33.72	-62.23
P	LU6G	100				-26.95	-58.72
P	LU6H	100				-31.42	-64.18
P	LU6I	100				-26.92	-54.52
P	LU6J	100				-32.05	-60.28
P	LU6K	100				-26.93	-65.33
P	LU6L	100				-28.67	-57.63
P	LU6M	100				-32.88	-68.85
P	LU6N	100				-27.78	-64.27
P	LU6O	100				-24.78	-65.42
P	LU6P	100				-30.87	-68.98
P	LU6Q	100				-33.3	-66.35
P	LU6R	100				-28.43	-65.78
P	LU6S	100				-29.43	-66.85
P	LU6T	100				-23.75	-65.5
P	LU6U	100				-36.62	-64.28
P	LU6V	100		16		-40.8	-63
P	LU6W	100		16		-43.3	-65.1
P	LU6X	100		16		-50.43	-69.25
P	LU6Y	100		16		-38.95	-68.07
P	LU6Z	13		73	SA	-64.97	-60.07
P	LU7A	100				-34.6	-58.38
P	LU7B	100				-34.6	-58.38
P	LU7C	100				-34.6	-58.38
P	LU7D	100				-33.7	-61
P	LU7E	100				-33.7	-61
P	LU7F	100				-33.72	-62.23
P	LU7G	100				-26.95	-58.72
P	LU7H	100				-31.42	-64.18
P	LU7I	100				-26.92	-54.52
P	LU7J	100				-32.05	-60.28
P	LU7K	100				-26.93	-65.33
P	LU7L	100				-28.67	-57.63
P	LU7M	100				-32.88	-68.85
P	LU7N	100				-27.78	-64.27
P	LU7O	100				-24.78	-65.42
P	LU7P	100				-30.87	-68.98
P	LU7Q	100				-33.3	-66.35
P	LU7R	100				-28.43	-65.78
P	LU7S	100				-29.43	-66.85
P	LU7T	100				-23.75	-65.5
P	LU7U	100				-36.62	-64.28
P	LU7V	100		16		-40.8	-63
P	LU7W	100		16		-43.3	-65.1
P	LU7X	100		16		-50.43	-69.25
P	LU7Y	100		16		-38.95	-68.07
P	LU7Z	13		73	SA	-64.97	-60.07
P	LU8A	100				-34.6	-58.38
P	LU8B	100				-34.6	-58.38
P	LU8C	100				-34.6	-58.38
P	LU8D	100				-33.7	-61
P	LU8E	100				-33.7	-61
P	LU8F	100				-33.72	-62.23
P	LU8G	100				-26.95	-58.72
P	LU8H	100				-31.42	-64.18
P	LU8I	100				-26.92	-54.52
P	LU8J	100				-32.05	-60.28
P	LU8K	100				-26.93	-65.33
P	LU8L	100				-28.67	-57.63
P	LU8M	100				-32.88	-68.85
P	LU8N	100				-27.78	-64.27
P	LU8O	100				-24.78	-65.42
P	LU8P	100				-30.87	-68.98
P	LU8Q	100				-33.3	-66.35
P	LU8R	100				-28.43	-65.78
P	LU8S	100				-29.43	-66.85
P	LU8T	100				-23.75	-65.5
P	LU8U	100				-36.62	-64.28
P	LU8V	100		16		-40.8	-63
P	LU8W	100		16		-43.3	-65.1
P	LU8X	100		16		-50.43	-69.25
P	LU8Y	100		16		-38.95	-68.07
P	LU8Z	13		73	SA	-64.97	-60.07
P	LU9A	100				-34.6	-58.38
P	LU9B	100				-34.6	-58.38
P	LU9C	100				-34.6	-58.38
P	LU9D	100				-33.7	-61
P	LU9E	100				-33.7	-61
P	LU9F	100				-33.72	-62.23
P	LU9G	100				-26.95	-58.72
P	LU9H	100				-31.42	-64.18
P	LU9I	100				-26.92	-54.52
P	LU9J	100				-32.05	-60.28
P	LU9K	100				-26.93	-65.33
P	LU9L	100				-28.67	-57.63
P	LU9M	100				-32.88	-68.85
P	LU9N	100				-27.78	-64.27
P	LU9O	100				-24.78	-65.42
P	LU9P	100				-30.87	-68.98
P	LU9Q	100				-33.3	-66.35
P	LU9R	100				-28.43	-65.78
P	LU9S	100				-29.43	-66.85
P	LU9T	100				-23.75	-65.5
P	LU9U	100				-36.62	-64.28
P	LU9V	100		16		-40.8	-63
P	LU9W	100		16		-43.3	-65.1
P	LU9X	100		16		-50.43	-69.25
P	LU9Y	100		16		-38.95	-68.07
P	LU9Z	13		73	SA	-64.97	-60.07
P	LV	100
P	LV0A	100				-34.6	-58.38
P	LV0B	100				-34.6	-58.38
P	LV0C	100				-34.6	-58.38
P	LV0D	100				-33.7	-61
P	LV0E	100				-33.7	-61
P	LV0F	100				-33.72	-62.23
P	LV0G	100				-26.95	-58.72
P	LV0H	100				-31.42	-64.18
P	LV0I	100				-26.92	-54.52
P	LV0J	100				-32.05	-60.28
P	LV0K	100				-26.93	-65.33
P	LV0L	100				-28.67	-57.63
P	LV0M	100				-32.88	-68.85
P	LV0N	100				-27.78	-64.27
P	LV0O	100				-24.78	-65.42
P	LV0P	100				-30.87	-68.98
P	LV0Q	100				-33.3	-66.35
P	LV0R	100				-28.43	-65.78
P	LV0S	100				-29.43	-66.85
P	LV0T	100				-23.75	-65.5
P	LV0U	100				-36.62	-64.28
P	LV0V	100		16		-40.8	-63
P	LV0W	100		16		-43.3	-65.1
P	LV0X	100		16		-50.43	-69.25
P	LV0Y	100		16		-38.95	-68.07
P	LV1A	100				-34.6	-58.38
P	LV1B	100				-34.6	-58.38
P	LV1C	100				-34.6	-58.38
P	LV1D	100				-33.7	-61
P	LV1E	100				-33.7	-61
P	LV1F	100				-33.72	-62.23
P	LV1G	100				-26.95	-58.72
P	LV1H	100				-31.42	-64.18
P	LV1I	100				-26.92	-54.52
P	LV1J	100				-32.05	-60.28
P	LV1K	100				-26.93	-65.33
P	LV1L	100				-28.67	-57.63
P	LV1M	100				-32.88	-68.85
P	LV1N	100				-27.78	-64.27
P	LV1O	100				-24.78	-65.42
P	LV1P	100				-30.87	-68.98
P	LV1Q	100				-33.3	-66.35
P	LV1R	100				-28.43	-65.78
P	LV1S	100				-29.43	-66.85
P	LV1T	100				-23.75	-65.5
P	LV1U	100				-36.62	-64.28
P	LV1V	100		16		-40.8	-63
P	LV1W	100		16		-43.3	-65.1
P	LV1X	100		16		-50.43	-69.25
P	LV1Y	100		16		-38.95	-68.07
P	LV2A	100				-34.6	-58.38
P	LV2B	100				-34.6	-58.38
P	LV2C	100				-34.6	-58.38
P	LV2D	100				-33.7	-61
P	LV2E	100				-33.7	-61
P	LV2F	100				-33.72	-62.23
P	LV2G	100				-26.95	-58.72
P	LV2H	100				-31.42	-64.18
P	LV2I	100				-26.92	-54.52
P	LV2J	100				-32.05	-60.28
P	LV2K	100				-26.93	-65.33
P	LV2L	100				-28.67	-57.63
P	LV2M	100				-32.88	-68.85
P	LV2N	100				-27.78	-64.27
P	LV2O	100				-24.78	-65.42
P	LV2P	100				-30.87	-68.98
P	LV2Q	100				-33.3	-66.35
P	LV2R	100				-28.43	-65.78
P	LV2S	100				-29.43	-66.85
P	LV2T	100				-23.75	-65.5
P	LV2U	100				-36.62	-64.28
P	LV2V	100		16		-40.8	-63
P	LV2W	100		16		-43.3	-65.1
P	LV2X	100		16		-50.43	-69.25
P	LV2Y	100		16		-38.95	-68.07
P	LV3A	100				-34.6	-58.38
P	LV3B	100				-34.6	-58.38
P	LV3C	100				-34.6	-58.38
P	LV3D	100				-33.7	-61
P	LV3E	100				-33.7	-61
P	LV3F	100				-33.72	-62.23
P	LV3G	100				-26.95	-58.72
P	LV3H	100				-31.42	-64.18
P	LV3I	100				-26.92	-54.52
P	LV3J	100				-32.05	-60.28
P	LV3K	100				-26.93	-65.33
P	LV3L	100				-28.67	-57.63
P	LV3M	100				-32.88	-68.85
P	LV3N	100				-27.78	-64.27
P	LV3O	100				-24.78	-65.42
P	LV3P	100				-30.87	-68.98
P	LV3Q	100				-33.3	-66.35
P	LV3R	100				-28.43	-65.78
P	LV3S	100				-29.43	-66.85
P	LV3T	100				-23.75	-65.5
P	LV3U	100				-36.62	-64.28
P	LV3V	100		16		-40.8	-63
P	LV3W	100		16		-43.3	-65.1
P	LV3X	100		16		-50.43	-69.25
P	LV3Y	100		16		-38.95	-68.07
P	LV4A	100				-34.6	-58.38
P	LV4B	100				-34.6	-58.38
P	LV4C	100				-34.6	-58.38
P	LV4D	100				-33.7	-61
P	LV4E	100				-33.7	-61
P	LV4F	100				-33.72	-62.23
P	LV4G	100				-26.95	-58.72
P	LV4H	100				-31.42	-64.18
P	LV4I	100				-26.92	-54.52
P	LV4J	100				-32.05	-60.28
P	LV4K	100				-26.93	-65.33
P	LV4L	100				-28.67	-57.63
P	LV4M	100				-32.88	-68.85
P	LV4N	100				-27.78	-64.27
P	LV4O	100				-24.78	-65.42
P	LV4P	100				-30.87	-68.98
P	LV4Q	100				-33.3	-66.35
P	LV4R	100				-28.43	-65.78
P	LV4S	100				-29.43	-66.85
P	LV4T	100				-23.75	-65.5
P	LV4U	100				-36.62	-64.28
P	LV4V	100		16		-40.8	-63
P	LV4W	100		16		-43.3	-65.1
P	LV4X	100		16		-50.43	-69.25
P	LV4Y	100		16		-38.95	-68.07
P	LV5A	100				-34.6	-58.38
P	LV5B	100				-34.6	-58.38
P	LV5C	100				-34.6	-58.38
P	LV5D	100				-33.7	-61
P	LV5E	100				-33.7	-61
P	LV5F	100				-33.72	-62.23
P	LV5G	100				-26.95	-58.72
P	LV5H	100				-31.42	-64.18
P	LV5I	100				-26.92	-54.52
P	LV5J	100				-32.05	-60.28
P	LV5K	100				-26.93	-65.33
P	LV5L	100				-28.67	-57.63
P	LV5M	100				-32.88	-68.85
P	LV5N	100				-27.78	-64.27
P	LV5O	100				-24.78	-65.42
P	LV5P	100				-30.87	-68.98
P	LV5Q	100				-33.3	-66.35
P	LV5R	100				-28.43	-65.78
P	LV5S	100				-29.43	-66.85
P	LV5T	100				-23.75	-65.5
P	LV5U	100				-36.62	-64.28
P	LV5V	100		16		-40.8	-63
P	LV5W	100		16		-43.3	-65.1
P	LV5X	100		16		-50.43	-69.25
P	LV5Y	100		16		-38.95	-68.07
P	LV6A	100				-34.6	-58.38
P	LV6B	100				-34.6	-58.38
P	LV6C	100				-34.6	-58.38
P	LV6D	100				-33.7	-61
P	LV6E	100				-33.7	-61
P	LV6F	100				-33.72	-62.23
P	LV6G	100				-26.95	-58.72
P	LV6H	100				-31.42	-64.18
P	LV6I	100				-26.92	-54.52
P	LV6J	100				-32.05	-60.28
P	LV6K	100				-26.93	-65.33
P	LV6L	100				-28.67	-57.63
P	LV6M	100				-32.88	-68.85
P	LV6N	100				-27.78	-64.27
P	LV6O	100				-24.78	-65.42
P	LV6P	100				-30.87	-68.98
P	LV6Q	100				-33.3	-66.35
P	LV6R	100				-28.43	-65.78
P	LV6S	100				-29.43	-66.85
P	LV6T	100				-23.75	-65.5
P	LV6U	100				-36.62	-64.28
P	LV6V	100		16		-40.8	-63
P	LV6W	100		16		-43.3	-65.1
P	LV6X	100		16		-50.43	-69.25
P	LV6Y	100		16		-38.95	-68.07
P	LV7A	100				-34.6	-58.38
P	LV7B	100				-34.6	-58.38
P	LV7C	100				-34.6	-58.38
P	LV7D	100				-33.7	-61
P	LV7E	100				-33.7	-61
P	LV7F	100				-33.72	-62.23
P	LV7G	100				-26.95	-58.72
P	LV7H	100				-31.42	-64.18
P	LV7I	100				-26.92	-54.52
P	LV7J	100				-32.05	-60.28
P	LV7K	100				-26.93	-65.33
P	LV7L	100				-28.67	-57.63
P	LV7M	100				-32.88	-68.85
P	LV7N	100				-27.78	-64.27
P	LV7O	100				-24.78	-65.42
P	LV7P	100				-30.87	-68.98
P	LV7Q	100				-33.3	-66.35
P	LV7R	100				-28.43	-65.78
P	LV7S	100				-29.43	-66.85
P	LV7T	100				-23.75	-65.5
P	LV7U	100				-36.62	-64.28
P	LV7V	100		16		-40.8	-63
P	LV7W	100		16		-43.3	-65.1
P	LV7X	100		16		-50.43	-69.25
P	LV7Y	100		16		-38.95	-68.07
P	LV8A	100				-34.6	-58.38
P	LV8B	100				-34.6	-58.38
P	LV8C	100				-34.6	-58.38
P	LV8D	100				-33.7	-61
P	LV8E	100				-33.7	-61
P	LV8F	100				-33.72	-62.23
P	LV8G	100				-26.95	-58.72
P	LV8H	100				-31.42	-64.18
P	LV8I	100				-26.92	-54.52
P	LV8J	100				-32.05	-60.28
P	LV8K	100				-26.93	-65.33
P	LV8L	100				-28.67	-57.63
P	LV8M	100				-32.88	-68.85
P	LV8N	100				-27.78	-64.27
P	LV8O	100				-24.78	-65.42
P	LV8P	100				-30.87	-68.98
P	LV8Q	100				-33.3	-66.35
P	LV8R	100				-28.43	-65.78
P	LV8S	100				-29.43	-66.85
P	LV8T	100				-23.75	-65.5
P	LV8U	100				-36.62	-64.28
P	LV8V	100		16		-40.8	-63
P	LV8W	100		16		-43.3	-65.1
P	LV8X	100		16		-50.43	-69.25
P	LV8Y	100		16		-38.95	-68.07
P	LV9A	100				-34.6	-58.38
P	LV9B	100				-34.6	-58.38
P	LV9C	100				-34.6	-58.38
P	LV9D	100				-33.7	-61
P	LV9E	100				-33.7	-61
P	LV9F	100				-33.72	-62.23
P	LV9G	100				-26.95	-58.72
P	LV9H	100				-31.42	-64.18
P	LV9I	100				-26.92	-54.52
P	LV9J	100				-32.05	-60.28
P	LV9K	100				-26.93	-65.33
P	LV9L	100				-28.67	-57.63
P	LV9M	100				-32.88	-68.85
P	LV9N	100				-27.78	-64.27
P	LV9O	100				-24.78	-65.42
P	LV9P	100				-30.87	-68.98
P	LV9Q	100				-33.3	-66.35
P	LV9R	100				-28.43	-65.78
P	LV9S	100				-29.43	-66.85
P	LV9T	100				-23.75	-65.5
P	LV9U	100				-36.62	-64.28
P	LV9V	100		16		-40.8	-63
P	LV9W	100		16		-43.3	-65.1
P	LV9X	100		16		-50.43	-69.25
P	LV9Y	100		16		-38.95	-68.07
P	LW	100
P	LW0A	100				-34.6	-58.38
P	LW0B	100				-34.6	-58.38
P	LW0C	100				-34.6	-58.38
P	LW0D	100				-33.7	-61
P	LW0E	100				-33.7	-61
P	LW0F	100				-33.72	-62.23
P	LW0G	100				-26.95	-58.72
P	LW0H	100				-31.42	-64.18
P	LW0I	100				-26.92	-54.52
P	LW0J	100				-32.05	-60.28
P	LW0K	100				-26.93	-65.33
P	LW0L	100				-28.67	-57.63
P	LW0M	100				-32.88	-68.85
P	LW0N	100				-27.78	-64.27
P	LW0O	100				-24.78	-65.42
P	LW0P	100				-30.87	-68.98
P	LW0Q	100				-33.3	-66.35
P	LW0R	100				-28.43	-65.78
P	LW0S	100				-29.43	-66.85
P	LW0T	100				-23.75	-65.5
P	LW0U	100				-36.62	-64.28
P	LW0V	100		16		-40.8	-63
P	LW0W	100		16		-43.3	-65.1
P	LW0X	100		16		-50.43	-69.25
P	LW0Y	100		16		-38.95	-68.07
P	LW1A	100				-34.6	-58.38
P	LW1B	100				-34.6	-58.38
P	LW1C	100				-34.6	-58.38
P	LW1D	100				-33.7	-61
P	LW1E	100				-33.7	-61
P	LW1F	100				-33.72	-62.23
P	LW1G	100				-26.95	-58.72
P	LW1H	100				-31.42	-64.18
P	LW1I	100				-26.92	-54.52
P	LW1J	100				-32.05	-60.28
P	LW1K	100				-26.93	-65.33
P	LW1L	100				-28.67	-57.63
P	LW1M	100				-32.88	-68.85
P	LW1N	100				-27.78	-64.27
P	LW1O	100				-24.78	-65.42
P	LW1P	100				-30.87	-68.98
P	LW1Q	100				-33.3	-66.35
P	LW1R	100				-28.43	-65.78
P	LW1S	100				-29.43	-66.85
P	LW1T	100				-23.75	-65.5
P	LW1U	100				-36.62	-64.28
P	LW1V	100		16		-40.8	-63
P	LW1W	100		16		-43.3	-65.1
P	LW1X	100		16		-50.43	-69.25
P	LW1Y	100		16		-38.95	-68.07
P	LW2A	100				-34.6	-58.38
P	LW2B	100				-34.6	-58.38
P	LW2C	100				-34.6	-58.38
P	LW2D	100				-33.7	-61
P	LW2E	100				-33.7	-61
P	LW2F	100				-33.72	-62.23
P	LW2G	100				-26.95	-58.72
P	LW2H	100				-31.42	-64.18
P	LW2I	100				-26.92	-54.52
P	LW2J	100				-32.05	-60.28
P	LW2K	100				-26.93	-65.33
P	LW2L	100				-28.67	-57.63
P	LW2M	100				-32.88	-68.85
P	LW2N	100				-27.78	-64.27
P	LW2O	100				-24.78	-65.42
P	LW2P	100				-30.87	-68.98
P	LW2Q	100				-33.3	-66.35
P	LW2R	100				-28.43	-65.78
P	LW2S	100				-29.43	-66.85
P	LW2T	100				-23.75	-65.5
P	LW2U	100				-36.62	-64.28
P	LW2V	100		16		-40.8	-63
P	LW2W	100		16		-43.3	-65.1
P	LW2X	100		16		-50.43	-69.25
P	LW2Y	100		16		-38.95	-68.07
P	LW3A	100				-34.6	-58.38
P	LW3B	100				-34.6	-58.38
P	LW3C	100				-34.6	-58.38
P	LW3D	100				-33.7	-61
P	LW3E	100				-33.7	-61
P	LW3F	100				-33.72	-62.23
P	LW3G	100				-26.95	-58.72
P	LW3H	100				-31.42	-64.18
P	LW3I	100				-26.92	-54.52
P	LW3J	100				-32.05	-60.28
P	LW3K	100				-26.93	-65.33
P	LW3L	100				-28.67	-57.63
P	LW3M	100				-32.88	-68.85
P	LW3N	100				-27.78	-64.27
P	LW3O	100				-24.78	-65.42
P	LW3P	100				-30.87	-68.98
P	LW3Q	100				-33.3	-66.35
P	LW3R	100				-28.43	-65.78
P	LW3S	100				-29.43	-66.85
P	LW3T	100				-23.75	-65.5
P	LW3U	100				-36.62	-64.28
P	LW3V	100		16		-40.8	-63
P	LW3W	100		16		-43.3	-65.1
P	LW3X	100		16		-50.43	-69.25
P	LW3Y	100		16		-38.95	-68.07
P	LW4A	100				-34.6	-58.38
P	LW4B	100				-34.6	-58.38
P	LW4C	100				-34.6	-58.38
P	LW4D	100				-33.7	-61
P	LW4E	100				-33.7	-61
P	LW4F	100				-33.72	-62.23
P	LW4G	100				-26.95	-58.72
P	LW4H	100				-31.42	-64.18
P	LW4I	100				-26.92	-54.52
P	LW4J	100				-32.05	-60.28
P	LW4K	100				-26.93	-65.33
P	LW4L	100				-28.67	-57.63
P	LW4M	100				-32.88	-68.85
P	LW4N	100				-27.78	-64.27
P	LW4O	100				-24.78	-65.42
P	LW4P	100				-30.87	-68.98
P	LW4Q	100				-33.3	-66.35
P	LW4R	100				-28.43	-65.78
P	LW4S	100				-29.43	-66.85
P	LW4T	100				-23.75	-65.5
P	LW4U	100				-36.62	-64.28
P	LW4V	100		16		-40.8	-63
P	LW4W	100		16		-43.3	-65.1
P	LW4X	100		16		-50.43	-69.25
P	LW4Y	100		16		-38.95	-68.07
P	LW5A	100				-34.6	-58.38
P	LW5B	100				-34.6	-58.38
P	LW5C	100				-34.6	-58.38
P	LW5D	100				-33.7	-61
P	LW5E	100				-33.7	-61
P	LW5F	100				-33.72	-62.23
P	LW5G	100				-26.95	-58.72
P	LW5H	100				-31.42	-64.18
P	LW5I	100				-26.92	-54.52
P	LW5J	100				-32.05	-60.28
P	LW5K	100				-26.93	-65.33
P	LW5L	100				-28.67	-57.63
P	LW5M	100				-32.88	-68.85
P	LW5N	100				-27.78	-64.27
P	LW5O	100				-24.78	-65.42
P	LW5P	100				-30.87	-68.98
P	LW5Q	100				-33.3	-66.35
P	LW5R	100				-28.43	-65.78
P	LW5S	100				-29.43	-66.85
P	LW5T	100				-23.75	-65.5
P	LW5U	100				-36.62	-64.28
P	LW5V	100		16		-40.8	-63
P	LW5W	100		16		-43.3	-65.1
P	LW5X	100		16		-50.43	-69.25
P	LW5Y	100		16		-38.95	-68.07
P	LW6A	100				-34.6	-58.38
P	LW6B	100				-34.6	-58.38
P	LW6C	100				-34.6	-58.38
P	LW6D	100				-33.7	-61
P	LW6E	100				-33.7	-61
P	LW6F	100				-33.72	-62.23
P	LW6G	100				-26.95	-58.72
P	LW6H	100				-31.42	-64.18
P	LW6I	100				-26.92	-54.52
P	LW6J	100				-32.05	-60.28
P	LW6K	100				-26.93	-65.33
P	LW6L	100				-28.67	-57.63
P	LW6M	100				-32.88	-68.85
P	LW6N	100				-27.78	-64.27
P	LW6O	100				-24.78	-65.42
P	LW6P	100				-30.87	-68.98
P	LW6Q	100				-33.3	-66.35
P	LW6R	100				-28.43	-65.78
P	LW6S	100				-29.43	-66.85
P	LW6T	100				-23.75	-65.5
P	LW6U	100				-36.62	-64.28
P	LW6V	100		16		-40.8	-63
P	LW6W	100		16		-43.3	-65.1
P	LW6X	100		16		-50.43	-69.25
P	LW6Y	100		16		-38.95	-68.07
P	LW7A	100				-34.6	-58.38
P	LW7B	100				-34.6	-58.38
P	LW7C	100				-34.6	-58.38
P	LW7D	100				-33.7	-61
P	LW7E	100				-33.7	-61
P	LW7F	100				-33.72	-62.23
P	LW7G	100				-26.95	-58.72
P	LW7H	100				-31.42	-64.18
P	LW7I	100				-26.92	-54.52
P	LW7J	100				-32.05	-60.28
P	LW7K	100				-26.93	-65.33
P	LW7L	100				-28.67	-57.63
P	LW7M	100				-32.88	-68.85
P	LW7N	100				-27.78	-64.27
P	LW7O	100				-24.78	-65.42
P	LW7P	100				-30.87	-68.98
P	LW7Q	100				-33.3	-66.35
P	LW7R	100				-28.43	-65.78
P	LW7S	100				-29.43	-66.85
P	LW7T	100				-23.75	-65.5
P	LW7U	100				-36.62	-64.28
P	LW7V	100		16		-40.8	-63
P	LW7W	100		16		-43.3	-65.1
P	LW7X	100		16		-50.43	-69.25
P	LW7Y	100		16		-38.95	-68.07
P	LW8A	100				-34.6	-58.38
P	LW8B	100				-34.6	-58.38
P	LW8C	100				-34.6	-58.38
P	LW8D	100				-33.7	-61
P	LW8E	100				-33.7	-61
P	LW8F	100				-33.72	-62.23
P	LW8G	100				-26.95	-58.72
P	LW8H	100				-31.42	-64.18
P	LW8I	100				-26.92	-54.52
P	LW8J	100				-32.05	-60.28
P	LW8K	100				-26.93	-65.33
P	LW8L	100				-28.67	-57.63
P	LW8M	100				-32.88	-68.85
P	LW8N	100				-27.78	-64.27
P	LW8O	100				-24.78	-65.42
P	LW8P	100				-30.87	-68.98
P	LW8Q	100				-33.3	-66.35
P	LW8R	100				-28.43	-65.78
P	LW8S	100				-29.43	-66.85
P	LW8T	100				-23.75	-65.5
P	LW8U	100				-36.62	-64.28
P	LW8V	100		16		-40.8	-63
P	LW8W	100		16		-43.3	-65.1
P	LW8X	100		16		-50.43	-69.25
P	LW8Y	100		16		-38.95	-68.07
P	LW9A	100				-34.6	-58.38
P	LW9B	100				-34.6	-58.38
P	LW9C	100				-34.6	-58.38
P	LW9D	100				-33.7	-61
P	LW9E	100				-33.7	-61
P	LW9F	100				-33.72	-62.23
P	LW9G	100				-26.95	-58.72
P	LW9H	100				-31.42	-64.18
P	LW9I	100				-26.92	-54.52
P	LW9J	100				-32.05	-60.28
P	LW9K	100				-26.93	-65.33
P	LW9L	100				-28.67	-57.63
P	LW9M	100				-32.88	-68.85
P	LW9N	100				-27.78	-64.27
P	LW9O	100				-24.78	-65.42
P	LW9P	100				-30.87	-68.98
P	LW9Q	100				-33.3	-66.35
P	LW9R	100				-28.43	-65.78
P	LW9S	100				-29.43	-66.85
P	LW9T	100				-23.75	-65.5
P	LW9U	100				-36.62	-64.28
P	LW9V	100		16		-40.8	-63
P	LW9W	100		16		-43.3	-65.1
P	LW9X	100		16		-50.43	-69.25
P	LW9Y	100		16		-38.95	-68.07
P	LX	254
P	LY	146
P	LZ	212
P	M	223
P	MA	279
P	MC	294
P	MD	114
P	MH	122
P	MI	265
P	MJ	122
P	MM	279
P	MN	265
P	MP	106
P	MS	279
P	MT	114
P	MU	106
P	MW	294
P	N	291		8
P	N0	291	4	7		41.12	-96.57
P	N1	291		8		42.38	-71.65
P	N2	291		8		41.15	-74.53
P	N3	291		8		39.95	-76.85
P	N4	291		8		33.12	-82.2
P	N5	291	4	7		31.85	-96.3
P	N6	291	3			35.48	-119.35
P	N7	291	3			41.3	-116.6
P	N8	291	4	8		41.35	-83.23
P	N9	291	4	8		41.55	-87.97
P	NA0	291	4	7		41.12	-96.57
P	NA1	291		8		42.38	-71.65
P	NA2	291		8		41.15	-74.53
P	NA3	291		8		39.95	-76.85
P	NA4	291		8		33.12	-82.2
P	NA5	291	4	7		31.85	-96.3
P	NA6	291	3			35.48	-119.35
P	NA7	291	3			41.3	-116.6
P	NA8	291	4	8		41.35	-83.23
P	NA9	291	4	8		41.55	-87.97
P	NB0	291	4	7		41.12	-96.57
P	NB1	291		8		42.38	-71.65
P	NB2	291		8		41.15	-74.53
P	NB3	291		8		39.95	-76.85
P	NB4	291		8		33.12	-82.2
P	NB5	291	4	7		31.85	-96.3
P	NB6	291	3			35.48	-119.35
P	NB7	291	3			41.3	-116.6
P	NB8	291	4	8		41.35	-83.23
P	NB9	291	4	8		41.55	-87.97
P	NC0	291	4	7		41.12	-96.57
P	NC1	291		8		42.38	-71.65
P	NC2	291		8		41.15	-74.53
P	NC3	291		8		39.95	-76.85
P	NC4	291		8		33.12	-82.2
P	NC5	291	4	7		31.85	-96.3
P	NC6	291	3			35.48	-119.35
P	NC7	291	3			41.3	-116.6
P	NC8	291	4	8		41.35	-83.23
P	NC9	291	4	8		41.55	-87.97
P	ND0	291	4	7		41.12	-96.57
P	ND1	291		8		42.38	-71.65
P	ND2	291		8		41.15	-74.53
P	ND3	291		8		39.95	-76.85
P	ND4	291		8		33.12	-82.2
P	ND5	291	4	7		31.85	-96.3
P	ND6	291	3			35.48	-119.35
P	ND7	291	3			41.3	-116.6
P	ND8	291	4	8		41.35	-83.23
P	ND9	291	4	8		41.55	-87.97
P	NE0	291	4	7		41.12	-96.57
P	NE1	291		8		42.38	-71.65
P	NE2	291		8		41.15	-74.53
P	NE3	291		8		39.95	-76.85
P	NE4	291		8		33.12	-82.2
P	NE5	291	4	7		31.85	-96.3
P	NE6	291	3			35.48	-119.35
P	NE7	291	3			41.3	-116.6
P	NE8	291	4	8		41.35	-83.23
P	NE9	291	4	8		41.55	-87.97
P	NF0	291	4	7		41.12	-96.57
P	NF1	291		8		42.38	-71.65
P	NF2	291		8		41.15	-74.53
P	NF3	291		8		39.95	-76.85
P	NF4	291		8		33.12	-82.2
P	NF5	291	4	7		31.85	-96.3
P	NF6	291	3			35.48	-119.35
P	NF7	291	3			41.3	-116.6
P	NF8	291	4	8		41.35	-83.23
P	NF9	291	4	8		41.55	-87.97
P	NG0	291	4	7		41.12	-96.57
P	NG1	291		8		42.38	-71.65
P	NG2	291		8		41.15	-74.53
P	NG3	291		8		39.95	-76.85
P	NG4	291		8		33.12	-82.2
P	NG5	291	4	7		31.85	-96.3
P	NG6	291	3			35.48	-119.35
P	NG7	291	3			41.3	-116.6
P	NG8	291	4	8		41.35	-83.23
P	NG9	291	4	8		41.55	-87.97
P	NH0	166
P	NH1	20
P	NH2	103
P	NH3	123
P	NH4	174
P	NH5	197
P	NH6	110
P	NH7	110
P	NH7K	138
P	NH8	9
P	NH9	297
P	NI0	291	4	7		41.12	-96.57
P	NI1	291		8		42.38	-71.65
P	NI2	291		8		41.15	-74.53
P	NI3	291		8		39.95	-76.85
P	NI4	291		8		33.12	-82.2
P	NI5	291	4	7		31.85	-96.3
P	NI6	291	3			35.48	-119.35
P	NI7	291	3			41.3	-116.6
P	NI8	291	4	8		41.35	-83.23
P	NI9	291	4	8		41.55	-87.97
P	NJ0	291	4	7		41.12	-96.57
P	NJ1	291		8		42.38	-71.65
P	NJ2	291		8		41.15	-74.53
P	NJ3	291		8		39.95	-76.85
P	NJ4	291		8		33.12	-82.2
P	NJ5	291	4	7		31.85	-96.3
P	NJ6	291	3			35.48	-119.35
P	NJ7	291	3			41.3	-116.6
P	NJ8	291	4	8		41.35	-83.23
P	NJ9	291	4	8		41.55	-87.97
P	NK0	291	4	7		41.12	-96.57
P	NK1	291		8		42.38	-71.65
P	NK2	291		8		41.15	-74.53
P	NK3	291		8		39.95	-76.85
P	NK4	291		8		33.12	-82.2
P	NK5	291	4	7		31.85	-96.3
P	NK6	291	3			35.48	-119.35
P	NK7	291	3			41.3	-116.6
P	NK8	291	4	8		41.35	-83.23
P	NK9	291	4	8		41.55	-87.97
P	NL	6
P	NLD	348
P	NM0	291	4	7		41.12	-96.57
P	NM1	291		8		42.38	-71.65
P	NM2	291		8		41.15	-74.53
P	NM3	291		8		39.95	-76.85
P	NM4	291		8		33.12	-82.2
P	NM5	291	4	7		31.85	-96.3
P	NM6	291	3			35.48	-119.35
P	NM7	291	3			41.3	-116.6
P	NM8	291	4	8		41.35	-83.23
P	NM9	291	4	8		41.55	-87.97
P	NN0	291	4	7		41.12	-96.57
P	NN1	291		8		42.38	-71.65
P	NN2	291		8		41.15	-74.53
P	NN3	291		8		39.95	-76.85
P	NN4	291		8		33.12	-82.2
P	NN5	291	4	7		31.85	-96.3
P	NN6	291	3			35.48	-119.35
P	NN7	291	3			41.3	-116.6
P	NN8	291	4	8		41.35	-83.23
P	NN9	291	4	8		41.55	-87.97
P	NO0	291	4	7		41.12	-96.57
P	NO1	291		8		42.38	-71.65
P	NO2	291		8		41.15	-74.53
P	NO3	291		8		39.95	-76.85
P	NO4	291		8		33.12	-82.2
P	NO5	291	4	7		31.85	-96.3
P	NO6	291	3			35.48	-119.35
P	NO7	291	3			41.3	-116.6
P	NO8	291	4	8		41.35	-83.23
P	NO9	291	4	8		41.55	-87.97
P	NP1	182
P	NP2	285
P	NP3	202
P	NP4	202
P	NP5	43
P	NQ0	291	4	7		41.12	-96.57
P	NQ1	291		8		42.38	-71.65
P	NQ2	291		8		41.15	-74.53
P	NQ3	291		8		39.95	-76.85
P	NQ4	291		8		33.12	-82.2
P	NQ5	291	4	7		31.85	-96.3
P	NQ6	291	3			35.48	-119.35
P	NQ7	291	3			41.3	-116.6
P	NQ8	291	4	8		41.35	-83.23
P	NQ9	291	4	8		41.55	-87.97
P	NR0	291	4	7		41.12	-96.57
P	NR1	291		8		42.38	-71.65
P	NR2	291		8		41.15	-74.53
P	NR3	291		8		39.95	-76.85
P	NR4	291		8		33.12	-82.2
P	NR5	291	4	7		31.85	-96.3
P	NR6	291	3			35.48	-119.35
P	NR7	291	3			41.3	-116.6
P	NR8	291	4	8		41.35	-83.23
P	NR9	291	4	8		41.55	-87.97
P	NS0	291	4	7		41.12	-96.57
P	NS1	291		8		42.38	-71.65
P	NS2	291		8		41.15	-74.53
P	NS3	291		8		39.95	-76.85
P	NS4	291		8		33.12	-82.2
P	NS5	291	4	7		31.85	-96.3
P	NS6	291	3			35.48	-119.35
P	NS7	291	3			41.3	-116.6
P	NS8	291	4	8		41.35	-83.23
P	NS9	291	4	8		41.55	-87.97
P	NT0	291	4	7		41.12	-96.57
P	NT1	291		8		42.38	-71.65
P	NT2	291		8		41.15	-74.53
P	NT3	291		8		39.95	-76.85
P	NT4	291		8		33.12	-82.2
P	NT5	291	4	7		31.85	-96.3
P	NT6	291	3			35.48	-119.35
P	NT7	291	3			41.3	-116.6
P	NT8	291	4	8		41.35	-83.23
P	NT9	291	4	8		41.55	-87.97
P	NU0	291	4	7		41.12	-96.57
P	NU1	291		8		42.38	-71.65
P	NU2	291		8		41.15	-74.53
P	NU3	291		8		39.95	-76.85
P	NU4	291		8		33.12	-82.2
P	NU5	291	4	7		31.85	-96.3
P	NU6	291	3			35.48	-119.35
P	NU7	291	3			41.3	-116.6
P	NU8	291	4	8		41.35	-83.23
P	NU9	291	4	8		41.55	-87.97
P	NV0	291	4	7		41.12	-96.57
P	NV1	291		8		42.38	-71.65
P	NV2	291		8		41.15	-74.53
P	NV3	291		8		39.95	-76.85
P	NV4	291		8		33.12	-82.2
P	NV5	291	4	7		31.85	-96.3
P	NV6	291	3			35.48	-119.35
P	NV7	291	3			41.3	-116.6
P	NV8	291	4	8		41.35	-83.23
P	NV9	291	4	8		41.55	-87.97
P	NW0	291	4	7		41.12	-96.57
P	NW1	291		8		42.38	-71.65
P	NW2	291		8		41.15	-74.53
P	NW3	291		8		39.95	-76.85
P	NW4	291		8		33.12	-82.2
P	NW5	291	4	7		31.85	-96.3
P	NW6	291	3			35.48	-119.35
P	NW7	291	3			41.3	-116.6
P	NW8	291	4	8		41.35	-83.23
P	NW9	291	4	8		41.55	-87.97
P	NX0	291	4	7		41.12	-96.57
P	NX1	291		8		42.38	-71.65
P	NX2	291		8		41.15	-74.53
P	NX3	291		8		39.95	-76.85
P	NX4	291		8		33.12	-82.2
P	NX5	291	4	7		31.85	-96.3
P	NX6	291	3			35.48	-119.35
P	NX7	291	3			41.3	-116.6
P	NX8	291	4	8		41.35	-83.23
P	NX9	291	4	8		41.55	-87.97
P	NY0	291	4	7		41.12	-96.57
P	NY1	291		8		42.38	-71.65
P	NY2	291		8		41.15	-74.53
P	NY3	291		8		42.38	-71.65
P	NY4	291		8		33.12	-82.2
P	NY5	291	4	7		31.85	-96.3
P	NY6	291	3			35.48	-119.35
P	NY7	291	3			41.3	-116.6
P	NY8	291	4	8		41.35	-83.23
P	NY9	291	4	8		41.55	-87.97
P	NZ0	291	4	7		41.12	-96.57
P	NZ1	291		8		42.38	-71.65
P	NZ2	291		8		41.15	-74.53
P	NZ3	291		8		39.95	-76.85
P	NZ4	291		8		33.12	-82.2
P	NZ5	291	4	7		31.85	-96.3
P	NZ6	291	3			35.48	-119.35
P	NZ7	291	3			41.3	-116.6
P	NZ8	291	4	8		41.35	-83.23
P	NZ9	291	4	8		41.55	-87.97
P	OA	136
P	OA1	136				-6.52	-79.85
P	OA2	136				-7.15	-78.52
P	OA3	136				-12.07	-75.2
P	OA4	136				-12.1	-77.05
P	OA5	136				-13.17	-74.25
P	OA6	136				-16.42	-71.52
P	OA7	136				-13.52	-71.95
P	OA8	136				-7	-75.5
P	OA9	136				-6.15	-76.5
P	OB	136
P	OB1	136				-6.52	-79.85
P	OB2	136				-7.15	-78.52
P	OB3	136				-12.07	-75.2
P	OB4	136				-12.1	-77.05
P	OB5	136				-13.17	-74.25
P	OB6	136				-16.42	-71.52
P	OB7	136				-13.52	-71.95
P	OB8	136				-7	-75.5
P	OB9	136				-6.15	-76.5
P	OC	136
P	OC1	136				-6.52	-79.85
P	OC2	136				-7.15	-78.52
P	OC3	136				-12.07	-75.2
P	OC4	136				-12.1	-77.05
P	OC5	136				-13.17	-74.25
P	OC6	136				-16.42	-71.52
P	OC7	136				-13.52	-71.95
P	OC8	136				-7	-75.5
P	OC9	136				-6.15	-76.5
P	OD	354
P	OE	206				47.33	13.33
P	OE1	206				48.22	16.37
P	OE2	206				47.77	13.37
P	OE3	206				48.33	15.75
P	OE4	206				47.5	16.42
P	OE5	206				48.15	14.02
P	OE6	206				47.25	15.17
P	OE7	206				47.27	11.4
P	OE8	206				46.77	13.82
P	OE9	206				47.25	9.9
P	OF	224
P	OF0	5
P	OF1	224				60.45	22.25
P	OF2	224				60.23	24.78
P	OF3	224				61.53	23.75
P	OF4	224				62.5	28
P	OF5	224				61	28.2
P	OF6	224				63	22
P	OF7	224				62.8	27.5
P	OF8	224				65.17	25.47
P	OF9	224				66.5	26
P	OG	224
P	OG0	5
P	OG1	224				60.45	22.25
P	OG2	224				60.23	24.78
P	OG3	224				61.53	23.75
P	OG4	224				62.5	28
P	OG5	224				61	28.2
P	OG6	224				63	22
P	OG7	224				62.8	27.5
P	OG8	224				65.17	25.47
P	OG9	224				66.5	26
P	OH	224
P	OH0	5
P	OH1	224				60.45	22.25
P	OH2	224				60.23	24.78
P	OH3	224				61.53	23.75
P	OH4	224				62.5	28
P	OH5	224				61	28.2
P	OH6	224				63	22
P	OH7	224				62.8	27.5
P	OH8	224				65.17	25.47
P	OH9	224				66.5	26
P	OI	224
P	OI0	5
P	OI1	224				60.45	22.25
P	OI2	224				60.23	24.78
P	OI3	224				61.53	23.75
P	OI4	224				62.5	28
P	OI5	224				61	28.2
P	OI6	224				63	22
P	OI7	224				62.8	27.5
P	OI8	224				65.17	25.47
P	OI9	224				66.5	26
P	OJ	224
P	OJ0	167
P	OK	503
P	OL	503
P	OM	504
P	OM0	504				49	21.23
P	OM1	504				48.15	17.12
P	OM2	504				48.38	17.58
P	OM4	504				49.22	18.73
P	OM5	504				48.3	18.08
P	OM6	504				49.22	18.73
P	OM7	504				48.73	19.15
P	OM8	504				48.72	21.87
P	ON	209
P	OO	209
P	OP	209
P	OQ	209
P	OR	209
P	OS	209
P	OT	209
P	OU	221
P	OV	221
P	OW	222
P	OX	237
P	OY	222
P	OZ	221
P	P2	163
P	P3	215
P	P4	91
P	P5	344
P	P6	344
P	P7	344
P	P8	344
P	P9	344
P	PA	263
P	PB	263
P	PC	263
P	PD	263
P	PE	263
P	PF	263
P	PG	263
P	PH	263
P	PI	263
P	PJ0	518
P	PJ2	517	9
P	PJ4	520
P	PJ5	519				17.48	-62.98
P	PJ6	519				17.63	-63.25
P	PJ7	518
P	PJ8	518
P	PK	327		54
P	PL	327		54
P	PM	327		54
P	PN	327		54
P	PO	327		54
P	PP	108		15
P	PP0F	56
P	PP0R	56				-3.87	-33.82
P	PP0S	253
P	PP0T	273
P	PP0ZF	56
P	PP0ZR	56				-3.87	-33.82
P	PP0ZS	253
P	PP0ZT	273
P	PP1	108		15		-20.32	-40.35
P	PP2	108		15		-16.72	-49.3
P	PP3	108		15		-30.05	-51.18
P	PP4	108		15		-18.58	-46.53
P	PP5	108		15		-27.58	-48.52
P	PP6	108		13		-10.08	-37.12
P	PP7	108		13		-9.62	-35.73
P	PP8	108				-3.1	-60
P	PP9	108		13		-15.53	-56.08
P	PQ	108		15
P	PQ0F	56
P	PQ0R	56				-3.87	-33.82
P	PQ0S	253
P	PQ0T	273
P	PQ0ZF	56
P	PQ0ZR	56				-3.87	-33.82
P	PQ0ZS	253
P	PQ0ZT	273
P	PQ1	108		15		-22.88	-43.28
P	PQ2	108		13		-7.2	-48.2
P	PQ3	108		15		-30.05	-51.18
P	PQ4	108		15		-18.58	-46.53
P	PQ5	108		15		-25.42	-49.12
P	PQ6	108		13		-12.97	-38.48
P	PQ7	108		13		-8.07	-34.88
P	PQ8	108		13		-10	-51.17
P	PQ9	108		13		-15.53	-56.08
P	PR	108		15
P	PR0F	56
P	PR0R	56				-3.87	-33.82
P	PR0S	253
P	PR0T	273
P	PR0ZF	56
P	PR0ZR	56				-3.87	-33.82
P	PR0ZS	253
P	PR0ZT	273
P	PR1	108		15		-22.88	-43.28
P	PR2	108		15		-23.55	-46.63
P	PR3	108		15		-30.05	-51.18
P	PR4	108		15		-18.58	-46.53
P	PR5	108		15		-25.42	-49.12
P	PR6	108		13		-12.97	-38.48
P	PR7	108		13		-7.1	-34.88
P	PR8	108		13		-2.65	-44.25
P	PR9	108		13		-15.53	-56.08
P	PS	108		15
P	PS0F	56
P	PS0R	56				-3.87	-33.82
P	PS0S	253
P	PS0T	273
P	PS0ZF	56
P	PS0ZR	56				-3.87	-33.82
P	PS0ZS	253
P	PS0ZT	273
P	PS1	108		15		-22.88	-43.28
P	PS2	108		15		-23.55	-46.63
P	PS3	108		15		-30.05	-51.18
P	PS4	108		15		-18.58	-46.53
P	PS5	108		15		-25.42	-49.12
P	PS6	108		13		-12.97	-38.48
P	PS7	108		13		-5.77	-35.25
P	PS8	108		13		-5.15	-42.77
P	PS9	108		13		-15.53	-56.08
P	PT	108		15
P	PT0F	56
P	PT0R	56				-3.87	-33.82
P	PT0S	253
P	PT0T	273
P	PT0ZF	56
P	PT0ZR	56				-3.87	-33.82
P	PT0ZS	253
P	PT0ZT	273
P	PT1	108		15		-22.88	-43.28
P	PT2	108		13		-15.92	-47.67
P	PT3	108		15		-30.05	-51.18
P	PT4	108		15		-18.58	-46.53
P	PT5	108		15		-25.42	-49.12
P	PT6	108		13		-12.97	-38.48
P	PT7	108		13		-3.75	-38.58
P	PT8	108				-9.98	-67.85
P	PT9	108		15		-20.4	-54.58
P	PU	108		15
P	PU0F	56
P	PU0R	56				-3.87	-33.82
P	PU0S	253
P	PU0T	273
P	PU0ZF	56
P	PU0ZR	56				-3.87	-33.82
P	PU0ZS	253
P	PU0ZT	273
P	PU1	108		15		-22.88	-43.28
P	PU2	108		15		-23.55	-46.63
P	PU3	108		15		-30.05	-51.18
P	PU4	108		15		-18.58	-46.53
P	PU5	108		15		-25.42	-49.12
P	PU6	108		13		-12.97	-38.48
P	PU7	108		13		-8.07	-34.88
P	PU8	108		13		-1.45	-48.48
P	PU9	108		13		-15.53	-56.08
P	PV	108		15
P	PV0F	56
P	PV0R	56				-3.87	-33.82
P	PV0S	253
P	PV0T	273
P	PV0ZF	56
P	PV0ZR	56				-3.87	-33.82
P	PV0ZS	253
P	PV0ZT	273
P	PV1	108		15		-22.88	-43.28
P	PV2	108		15		-23.55	-46.63
P	PV3	108		15		-30.05	-51.18
P	PV4	108		15		-18.58	-46.53
P	PV5	108		15		-25.42	-49.12
P	PV6	108		13		-12.97	-38.48
P	PV7	108		13		-8.07	-34.88
P	PV8	108				2.85	-60.72
P	PV9	108		13		-15.53	-56.08
P	PW	108		15
P	PW0F	56
P	PW0R	56				-3.87	-33.82
P	PW0S	253
P	PW0T	273
P	PW0ZF	56
P	PW0ZR	56				-3.87	-33.82
P	PW0ZS	253
P	PW0ZT	273
P	PW1	108		15		-22.88	-43.28
P	PW2	108		15		-23.55	-46.63
P	PW3	108		15		-30.05	-51.18
P	PW4	108		15		-18.58	-46.53
P	PW5	108		15		-25.42	-49.12
P	PW6	108		13		-12.97	-38.48
P	PW7	108		13		-8.07	-34.88
P	PW8	108				-8.75	-63.9
P	PW9	108		13		-15.53	-56.08
P	PX	108		15
P	PX0F	56
P	PX0R	56				-3.87	-33.82
P	PX0S	253
P	PX0T	273
P	PX0ZF	56
P	PX0ZR	56				-3.87	-33.82
P	PX0ZS	253
P	PX0ZT	273
P	PX1	108		15		-22.88	-43.28
P	PX2	108		15		-23.55	-46.63
P	PX3	108		15		-30.05	-51.18
P	PX4	108		15		-18.58	-46.53
P	PX5	108		15		-25.42	-49.12
P	PX6	108		13		-12.97	-38.48
P	PX7	108		13		-8.07	-34.88
P	PX8	108		13		-1.45	-48.48
P	PX9	108		13		-15.53	-56.08
P	PY	108		15
P	PY0F	56
P	PY0R	56				-3.87	-33.82
P	PY0S	253
P	PY0T	273
P	PY0Z	56
P	PY0ZR	56				-3.87	-33.82
P	PY0ZS	253
P	PY0ZT	273
P	PY1	108		15		-22.88	-43.28
P	PY2	108		15		-23.55	-46.63
P	PY3	108		15		-30.05	-51.18
P	PY4	108		15		-18.58	-46.53
P	PY5	108		15		-25.42	-49.12
P	PY6	108		13		-12.97	-38.48
P	PY7	108		13		-8.07	-34.88
P	PY8	108		13		-1.45	-48.48
P	PY9	108		13		-15.53	-56.08
P	PZ	140
P	PZ1	140				5.8	-55.27
P	PZ2	140				5.77	-56.87
P	PZ3	140				5.77	-56.28
P	PZ4	140				5.78	-55.62
P	PZ6	140				5.43	-55.33
P	PZ7	140				4.77	-55.13
P	PZ8	140				5.87	-54.92
P	PZ9	140				5.77	-54.32
P	R	54		29
P	R0	15	19	33
P	R0A	15	18	32		59.88	91.67
P	R0B	15	18	32		59.88	91.67
P	R0C	15	19	34		54.8	136.83
P	R0D	15	19	33		48.6	132.2
P	R0E	15	19	34		50.55	142.6
P	R0F	15	19	34		50.55	142.6
P	R0G	15	19	33		53.55	127.83
P	R0H	15	18	32		59.88	91.67
P	R0I	15	19	24		62.9	153.7
P	R0J	15	19	33		53.55	127.83
P	R0K	15	19	25		66.67	171
P	R0L	15	19	34		45.33	134.67
P	R0M	15	19	34		45.33	134.67
P	R0N	15	19	34		45.33	134.67
P	R0O	15	18	32		53.8	109.33
P	R0Q	15	19	23		66.4	129.17
P	R0R	15	18	32		57.37	106
P	R0S	15	18	32		57.37	106
P	R0T	15	18	32		57.37	106
P	R0U	15	18	33		54	118
P	R0V	15	18	33		54	118
P	R0W	15	18	31		53.5	90
P	R0X	15	19	35		56	159
P	R0Y	15	23	32		51.78	94.75
P	R0Z	15	19	35		56	159
P	R1A	54		29		59.95	30.3
P	R1B	54		29		59.95	30.3
P	R1C	54		29		60.05	31.75
P	R1D	54		29		60.05	31.75
P	R1F	54		29		59.95	30.3
P	R1H	54		29		46.65	32.63
P	R1I	54	17	20		64.28	54.47
P	R1J	54		29		59.95	30.3
P	R1L	54		29		59.95	30.3
P	R1M	54		29		59.95	30.3
P	R1N	54				63.82	33
P	R1O	54				63.5	43
P	R1P	54		20		68.83	54.83
P	R1Q	54		29		60.08	40.45
P	R1R	54		29		60.08	40.45
P	R1S	54		29		60.08	40.45
P	R1T	54		29		58.43	32.38
P	R1V	54		29		46.65	32.63
P	R1W	54		29		57.32	29.25
P	R1X	54		29		57.32	29.25
P	R1Z	54				68.03	34.57
P	R2A	54		29		55.75	37.62
P	R2B	54		29		55.75	37.62
P	R2C	54		29		55.75	37.62
P	R2D	54		29		55.7	36.97
P	R2E	54		29		52.85	36.43
P	R2F	126
P	R2G	54		29		52.7	39.15
P	R2H	54		29		55.7	36.97
P	R2I	54		29		57.15	34.62
P	R2J	54		29		57.15	34.62
P	R2K	126
P	R2L	54		29		55	33
P	R2M	54		29		57.87	39.2
P	R2N	54		29		58.55	43.68
P	R2O	54		29		51.05	40.15
P	R2P	54		29		53.92	37.58
P	R2Q	54		29		51.05	40.15
P	R2R	54		29		52.72	41.57
P	R2S	54		29		54.4	40.6
P	R2T	54		29		56.48	44.53
P	R2U	54		29		57.02	41.52
P	R2V	54		29		56.08	40.62
P	R2W	54		29		51.75	36.02
P	R2X	54		29		54.43	35.43
P	R2Y	54		29		52.95	33.4
P	R2Z	54		29		50.77	37.45
P	R3A	54		29		55.75	37.62
P	R3B	54		29		55.75	37.62
P	R3C	54		29		55.75	37.62
P	R3D	54		29		55.7	36.97
P	R3E	54		29		52.85	36.43
P	R3F	54		29		55.7	36.97
P	R3G	54		29		52.7	39.15
P	R3H	54		29		55.7	36.97
P	R3I	54		29		57.15	34.62
P	R3J	54		29		57.15	34.62
P	R3K	54		29		51.05	40.15
P	R3L	54		29		55	33
P	R3M	54		29		57.87	39.2
P	R3N	54		29		58.55	43.68
P	R3O	54		29		51.05	40.15
P	R3P	54		29		53.92	37.58
P	R3Q	54		29		51.05	40.15
P	R3R	54		29		52.72	41.57
P	R3S	54		29		54.4	40.6
P	R3T	54		29		56.48	44.53
P	R3U	54		29		57.02	41.52
P	R3V	54		29		56.08	40.62
P	R3W	54		29		51.75	36.02
P	R3X	54		29		54.43	35.43
P	R3Y	54		29		52.95	33.4
P	R3Z	54		29		50.77	37.45
P	R4A	54		29		49.73	44.12
P	R4B	54		29		49.73	44.12
P	R4C	54		29		51.78	46.73
P	R4D	54		29		51.78	46.73
P	R4F	54		29		53.25	44.57
P	R4H	54		30		53.45	50.45
P	R4I	54		30		53.45	50.45
P	R4L	54		29		53.95	47.92
P	R4M	54		29		53.95	47.92
P	R4N	54		29		58.77	49.83
P	R4O	54		29		58.77	49.83
P	R4P	54		29		55.55	50.93
P	R4Q	54		29		55.55	50.93
P	R4R	54		29		55.55	50.93
P	R4S	54		29		56.7	47.87
P	R4T	54		29		56.7	47.87
P	R4U	54		29		54.43	44.45
P	R4W	54		30		57.28	52.75
P	R4Y	54		29		55.55	47.1
P	R4Z	54		29		55.55	47.1
P	R5A	54		29		55.75	37.62
P	R5B	54		29		55.75	37.62
P	R5C	54		29		55.75	37.62
P	R5D	54		29		55.7	36.97
P	R5E	54		29		52.85	36.43
P	R5F	54		29		55.7	36.97
P	R5G	54		29		52.7	39.15
P	R5H	54		29		55.7	36.97
P	R5I	54		29		57.15	34.62
P	R5J	54		29		57.15	34.62
P	R5K	54		29		51.05	40.15
P	R5L	54		29		55	33
P	R5M	54		29		57.87	39.2
P	R5N	54		29		58.55	43.68
P	R5O	54		29		51.05	40.15
P	R5P	54		29		53.92	37.58
P	R5Q	54		29		51.05	40.15
P	R5R	54		29		52.72	41.57
P	R5S	54		29		54.4	40.6
P	R5T	54		29		56.48	44.53
P	R5U	54		29		57.02	41.52
P	R5V	54		29		56.08	40.62
P	R5W	54		29		51.75	36.02
P	R5X	54		29		54.43	35.43
P	R5Y	54		29		52.95	33.4
P	R5Z	54		29		50.77	37.45
P	R6A	54		29		45.37	39.43
P	R6B	54		29		45.37	39.43
P	R6C	54		29		45.37	39.43
P	R6D	54		29		45.37	39.43
P	R6E	54		29		43.92	41.78
P	R6F	54		29		45.05	43.27
P	R6G	54		29		45.05	43.27
P	R6H	54		29		45.05	43.27
P	R6I	54		29		46.57	45.32
P	R6J	54		29		43.18	44.23
P	R6K	54		29		44.93	34.1
P	R6L	54		29		47.87	41.18
P	R6M	54		29		47.87	41.18
P	R6N	54		29		47.87	41.18
P	R6O	54		29		48	37.83
P	R6P	54		29		43.4	45.72
P	R6Q	54		29		43.2	44.97
P	R6R	54		29		50	30
P	R6S	54		29		47.83	35.17
P	R6T	54		29		45.05	43.27
P	R6U	54		29		47.23	47.23
P	R6V	54		29		47.23	47.23
P	R6W	54		29		43.1	46.88
P	R6X	54		29		43.58	43.4
P	R6Y	54		29		44.65	40
P	R6Z	54		29		48.57	39.3
P	R7A	54		29		45.37	39.43
P	R7B	54		29		45.37	39.43
P	R7C	54		29		45.37	39.43
P	R7D	54		29		45.37	39.43
P	R7E	54		29		43.92	41.78
P	R7F	54		29		45.05	43.27
P	R7G	54		29		45.05	43.27
P	R7H	54		29		45.05	43.27
P	R7I	54		29		46.57	45.32
P	R7J	54		29		43.18	44.23
P	R7K	54		29		44.93	34.1
P	R7L	54		29		47.87	41.18
P	R7M	54		29		47.87	41.18
P	R7N	54		29		47.87	41.18
P	R7O	54		29		48	37.83
P	R7P	54		29		43.4	45.72
P	R7Q	54		29		43.2	44.97
P	R7R	54		29		50	30
P	R7S	54		29		47.83	35.17
P	R7T	54		29		45.05	43.27
P	R7U	54		29		47.23	47.23
P	R7V	54		29		47.23	47.23
P	R7W	54		29		43.1	46.88
P	R7X	54		29		43.58	43.4
P	R7Y	54		29		44.65	40
P	R7Z	54		29		48.57	39.3
P	R8	15		30
P	R8A	15		30		54.75	60.7
P	R8B	15		30		54.75	60.7
P	R8C	15		30		58.7	61.33
P	R8D	15		30		58.7	61.33
P	R8E	15		30		58.7	61.33
P	R8F	54	17	30		58	56.32
P	R8G	54	17	30		59.02	54.67
P	R8H	15	18	31		58.75	82.13
P	R8I	15	18	31		58.75	82.13
P	R8J	15				62.25	70.17
P	R8K	15				65.3	74.03
P	R8L	15		30		57.83	69
P	R8M	15		30		56.22	73.27
P	R8N	15		30		56.22	73.27
P	R8O	15	18	31		55.45	79.55
P	R8P	15	18	31		55.45	79.55
P	R8Q	15		30		55.57	64.75
P	R8R	15		30		55.57	64.75
P	R8S	15	16	30		52.13	55.6
P	R8T	15	16	30		52.13	55.6
P	R8U	15	18	31		54.93	87.23
P	R8V	15	18	31		54.93	87.23
P	R8W	15	16	30		54.47	56.27
P	R8X	54	17	20		64.28	54.47
P	R8Y	15	18	31		52.77	82.62
P	R8Z	15	18	31		50.92	86.92
P	R9	15		30
P	R9A	15		30		54.75	60.7
P	R9B	15		30		54.75	60.7
P	R9C	15		30		58.7	61.33
P	R9D	15		30		58.7	61.33
P	R9E	15		30		58.7	61.33
P	R9F	54	17	30		58	56.32
P	R9G	54	17	30		59.02	54.67
P	R9H	15	18	31		58.75	82.13
P	R9I	15	18	31		58.75	82.13
P	R9J	15				62.25	70.17
P	R9K	15				65.3	74.03
P	R9L	15		30		57.83	69
P	R9M	15		30		56.22	73.27
P	R9N	15		30		56.22	73.27
P	R9O	15	18	31		55.45	79.55
P	R9P	15	18	31		55.45	79.55
P	R9Q	15		30		55.57	64.75
P	R9R	15		30		55.57	64.75
P	R9S	15	16	30		52.13	55.6
P	R9T	15	16	30		52.13	55.6
P	R9U	15	18	31		54.93	87.23
P	R9V	15	18	31		54.93	87.23
P	R9W	15	16	30		54.47	56.27
P	R9X	54	17	20		64.28	54.47
P	R9Y	15	18	31		52.77	82.62
P	R9Z	15	18	31		50.92	86.92
P	RA0	15	19	33
P	RA0A	15	18	32		59.88	91.67
P	RA0B	15	18	32		59.88	91.67
P	RA0C	15	19	34		54.8	136.83
P	RA0D	15	19	33		48.6	132.2
P	RA0E	15	19	34		50.55	142.6
P	RA0F	15	19	34		50.55	142.6
P	RA0G	15	19	33		53.55	127.83
P	RA0H	15	18	32		59.88	91.67
P	RA0I	15	19	24		62.9	153.7
P	RA0J	15	19	33		53.55	127.83
P	RA0K	15	19	25		66.67	171
P	RA0L	15	19	34		45.33	134.67
P	RA0M	15	19	34		45.33	134.67
P	RA0N	15	19	34		45.33	134.67
P	RA0O	15	18	32		53.8	109.33
P	RA0Q	15	19	23		66.4	129.17
P	RA0R	15	18	32		57.37	106
P	RA0S	15	18	32		57.37	106
P	RA0T	15	18	32		57.37	106
P	RA0U	15	18	33		54	118
P	RA0V	15	18	33		54	118
P	RA0W	15	18	31		53.5	90
P	RA0X	15	19	35		56	159
P	RA0Y	15	23	32		51.78	94.75
P	RA0Z	15	19	35		56	159
P	RA1A	54		29		59.95	30.3
P	RA1B	54		29		59.95	30.3
P	RA1C	54		29		60.05	31.75
P	RA1D	54		29		60.05	31.75
P	RA1F	54		29		59.95	30.3
P	RA1H	54		29		46.65	32.63
P	RA1I	54	17	20		64.28	54.47
P	RA1J	54		29		59.95	30.3
P	RA1L	54		29		59.95	30.3
P	RA1M	54		29		59.95	30.3
P	RA1N	54				63.82	33
P	RA1O	54				63.5	43
P	RA1P	54		20		68.83	54.83
P	RA1Q	54		29		60.08	40.45
P	RA1R	54		29		60.08	40.45
P	RA1S	54		29		60.08	40.45
P	RA1T	54		29		58.43	32.38
P	RA1V	54		29		46.65	32.63
P	RA1W	54		29		57.32	29.25
P	RA1X	54		29		57.32	29.25
P	RA1Z	54				68.03	34.57
P	RA2	126
P	RA3A	54		29		55.75	37.62
P	RA3B	54		29		55.75	37.62
P	RA3C	54		29		55.75	37.62
P	RA3D	54		29		55.7	36.97
P	RA3E	54		29		52.85	36.43
P	RA3F	54		29		55.7	36.97
P	RA3G	54		29		52.7	39.15
P	RA3H	54		29		55.7	36.97
P	RA3I	54		29		57.15	34.62
P	RA3J	54		29		57.15	34.62
P	RA3K	54		29		51.05	40.15
P	RA3L	54		29		55	33
P	RA3M	54		29		57.87	39.2
P	RA3N	54		29		58.55	43.68
P	RA3O	54		29		51.05	40.15
P	RA3P	54		29		53.92	37.58
P	RA3Q	54		29		51.05	40.15
P	RA3R	54		29		52.72	41.57
P	RA3S	54		29		54.4	40.6
P	RA3T	54		29		56.48	44.53
P	RA3U	54		29		57.02	41.52
P	RA3V	54		29		56.08	40.62
P	RA3W	54		29		51.75	36.02
P	RA3X	54		29		54.43	35.43
P	RA3Y	54		29		52.95	33.4
P	RA3Z	54		29		50.77	37.45
P	RA4A	54		29		49.73	44.12
P	RA4B	54		29		49.73	44.12
P	RA4C	54		29		51.78	46.73
P	RA4D	54		29		51.78	46.73
P	RA4F	54		29		53.25	44.57
P	RA4H	54		30		53.45	50.45
P	RA4I	54		30		53.45	50.45
P	RA4L	54		29		53.95	47.92
P	RA4M	54		29		53.95	47.92
P	RA4N	54		29		58.77	49.83
P	RA4O	54		29		58.77	49.83
P	RA4P	54		29		55.55	50.93
P	RA4Q	54		29		55.55	50.93
P	RA4R	54		29		55.55	50.93
P	RA4S	54		29		56.7	47.87
P	RA4T	54		29		56.7	47.87
P	RA4U	54		29		54.43	44.45
P	RA4W	54		30		57.28	52.75
P	RA4Y	54		29		55.55	47.1
P	RA4Z	54		29		55.55	47.1
P	RA5A	54		29		55.75	37.62
P	RA5B	54		29		55.75	37.62
P	RA5C	54		29		55.75	37.62
P	RA5D	54		29		55.7	36.97
P	RA5E	54		29		52.85	36.43
P	RA5F	54		29		55.7	36.97
P	RA5G	54		29		52.7	39.15
P	RA5H	54		29		55.7	36.97
P	RA5I	54		29		57.15	34.62
P	RA5J	54		29		57.15	34.62
P	RA5K	54		29		51.05	40.15
P	RA5L	54		29		55	33
P	RA5M	54		29		57.87	39.2
P	RA5N	54		29		58.55	43.68
P	RA5O	54		29		51.05	40.15
P	RA5P	54		29		53.92	37.58
P	RA5Q	54		29		51.05	40.15
P	RA5R	54		29		52.72	41.57
P	RA5S	54		29		54.4	40.6
P	RA5T	54		29		56.48	44.53
P	RA5U	54		29		57.02	41.52
P	RA5V	54		29		56.08	40.62
P	RA5W	54		29		51.75	36.02
P	RA5X	54		29		54.43	35.43
P	RA5Y	54		29		52.95	33.4
P	RA5Z	54		29		50.77	37.45
P	RA6A	54		29		45.37	39.43
P	RA6B	54		29		45.37	39.43
P	RA6C	54		29		45.37	39.43
P	RA6D	54		29		45.37	39.43
P	RA6E	54		29		43.92	41.78
P	RA6F	54		29		45.05	43.27
P	RA6G	54		29		45.05	43.27
P	RA6H	54		29		45.05	43.27
P	RA6I	54		29		46.57	45.32
P	RA6J	54		29		43.18	44.23
P	RA6K	54		29		44.93	34.1
P	RA6L	54		29		47.87	41.18
P	RA6M	54		29		47.87	41.18
P	RA6N	54		29		47.87	41.18
P	RA6O	54		29		48	37.83
P	RA6P	54		29		43.4	45.72
P	RA6Q	54		29		43.2	44.97
P	RA6R	54		29		50	30
P	RA6S	54		29		47.83	35.17
P	RA6T	54		29		45.05	43.27
P	RA6U	54		29		47.23	47.23
P	RA6V	54		29		47.23	47.23
P	RA6W	54		29		43.1	46.88
P	RA6X	54		29		43.58	43.4
P	RA6Y	54		29		44.65	40
P	RA6Z	54		29		48.57	39.3
P	RA7A	54		29		45.37	39.43
P	RA7B	54		29		45.37	39.43
P	RA7C	54		29		45.37	39.43
P	RA7D	54		29		45.37	39.43
P	RA7E	54		29		43.92	41.78
P	RA7F	54		29		45.05	43.27
P	RA7G	54		29		45.05	43.27
P	RA7H	54		29		45.05	43.27
P	RA7I	54		29		46.57	45.32
P	RA7J	54		29		43.18	44.23
P	RA7K	54		29		44.93	34.1
P	RA7L	54		29		47.87	41.18
P	RA7M	54		29		47.87	41.18
P	RA7N	54		29		47.87	41.18
P	RA7O	54		29		48	37.83
P	RA7P	54		29		43.4	45.72
P	RA7Q	54		29		43.2	44.97
P	RA7R	54		29		50	30
P	RA7S	54		29		47.83	35.17
P	RA7T	54		29		45.05	43.27
P	RA7U	54		29		47.23	47.23
P	RA7V	54		29		47.23	47.23
P	RA7W	54		29		43.1	46.88
P	RA7X	54		29		43.58	43.4
P	RA7Y	54		29		44.65	40
P	RA7Z	54		29		48.57	39.3
P	RA8	15		30
P	RA8A	15		30		54.75	60.7
P	RA8B	15		30		54.75	60.7
P	RA8C	15		30		58.7	61.33
P	RA8D	15		30		58.7	61.33
P	RA8E	15		30		58.7	61.33
P	RA8F	54	17	30		58	56.32
P	RA8G	54	17	30		59.02	54.67
P	RA8H	15	18	31		58.75	82.13
P	RA8I	15	18	31		58.75	82.13
P	RA8J	15				62.25	70.17
P	RA8K	15				65.3	74.03
P	RA8L	15		30		57.83	69
P	RA8M	15		30		56.22	73.27
P	RA8N	15		30		56.22	73.27
P	RA8O	15	18	31		55.45	79.55
P	RA8P	15	18	31		55.45	79.55
P	RA8Q	15		30		55.57	64.75
P	RA8R	15		30		55.57	64.75
P	RA8S	15	16	30		52.13	55.6
P	RA8T	15	16	30		52.13	55.6
P	RA8U	15	18	31		54.93	87.23
P	RA8V	15	18	31		54.93	87.23
P	RA8W	15	16	30		54.47	56.27
P	RA8X	54	17	20		64.28	54.47
P	RA8Y	15	18	31		52.77	82.62
P	RA8Z	15	18	31		50.92	86.92
P	RA9	15		30
P	RA9A	15		30		54.75	60.7
P	RA9B	15		30		54.75	60.7
P	RA9C	15		30		58.7	61.33
P	RA9D	15		30		58.7	61.33
P	RA9E	15		30		58.7	61.33
P	RA9F	54	17	30		58	56.32
P	RA9G	54	17	30		59.02	54.67
P	RA9H	15	18	31		58.75	82.13
P	RA9I	15	18	31		58.75	82.13
P	RA9J	15				62.25	70.17
P	RA9K	15				65.3	74.03
P	RA9L	15		30		57.83	69
P	RA9M	15		30		56.22	73.27
P	RA9N	15		30		56.22	73.27
P	RA9O	15	18	31		55.45	79.55
P	RA9P	15	18	31		55.45	79.55
P	RA9Q	15		30		55.57	64.75
P	RA9R	15		30		55.57	64.75
P	RA9S	15	16	30		52.13	55.6
P	RA9T	15	16	30		52.13	55.6
P	RA9U	15	18	31		54.93	87.23
P	RA9V	15	18	31		54.93	87.23
P	RA9W	15	16	30		54.47	56.27
P	RA9X	54	17	20		64.28	54.47
P	RA9Y	15	18	31		52.77	82.62
P	RA9Z	15	18	31		50.92	86.92
P	RC0	15	19	33
P	RC0A	15	18	32		59.88	91.67
P	RC0B	15	18	32		59.88	91.67
P	RC0C	15	19	34		54.8	136.83
P	RC0D	15	19	33		48.6	132.2
P	RC0E	15	19	34		50.55	142.6
P	RC0F	15	19	34		50.55	142.6
P	RC0G	15	19	33		53.55	127.83
P	RC0H	15	18	32		59.88	91.67
P	RC0I	15	19	24		62.9	153.7
P	RC0J	15	19	33		53.55	127.83
P	RC0K	15	19	25		66.67	171
P	RC0L	15	19	34		45.33	134.67
P	RC0M	15	19	34		45.33	134.67
P	RC0N	15	19	34		45.33	134.67
P	RC0O	15	18	32		53.8	109.33
P	RC0Q	15	19	23		66.4	129.17
P	RC0R	15	18	32		57.37	106
P	RC0S	15	18	32		57.37	106
P	RC0T	15	18	32		57.37	106
P	RC0U	15	18	33		54	118
P	RC0V	15	18	33		54	118
P	RC0W	15	18	31		53.5	90
P	RC0X	15	19	35		56	159
P	RC0Y	15	23	32		51.78	94.75
P	RC0Z	15	19	35		56	159
P	RC1A	54		29		59.95	30.3
P	RC1B	54		29		59.95	30.3
P	RC1C	54		29		60.05	31.75
P	RC1D	54		29		60.05	31.75
P	RC1F	54		29		59.95	30.3
P	RC1H	54		29		46.65	32.63
P	RC1I	54	17	20		64.28	54.47
P	RC1J	54		29		59.95	30.3
P	RC1L	54		29		59.95	30.3
P	RC1M	54		29		59.95	30.3
P	RC1N	54				63.82	33
P	RC1O	54				63.5	43
P	RC1P	54		20		68.83	54.83
P	RC1Q	54		29		60.08	40.45
P	RC1R	54		29		60.08	40.45
P	RC1S	54		29		60.08	40.45
P	RC1T	54		29		58.43	32.38
P	RC1V	54		29		46.65	32.63
P	RC1W	54		29		57.32	29.25
P	RC1X	54		29		57.32	29.25
P	RC1Z	54				68.03	34.57
P	RC2A	54		29		55.75	37.62
P	RC2B	54		29		55.75	37.62
P	RC2C	54		29		55.75	37.62
P	RC2D	54		29		55.7	36.97
P	RC2E	54		29		52.85	36.43
P	RC2F	126
P	RC2G	54		29		52.7	39.15
P	RC2H	54		29		55.7	36.97
P	RC2I	54		29		57.15	34.62
P	RC2J	54		29		57.15	34.62
P	RC2K	126
P	RC2L	54		29		55	33
P	RC2M	54		29		57.87	39.2
P	RC2N	54		29		58.55	43.68
P	RC2O	54		29		51.05	40.15
P	RC2P	54		29		53.92	37.58
P	RC2Q	54		29		51.05	40.15
P	RC2R	54		29		52.72	41.57
P	RC2S	54		29		54.4	40.6
P	RC2T	54		29		56.48	44.53
P	RC2U	54		29		57.02	41.52
P	RC2V	54		29		56.08	40.62
P	RC2W	54		29		51.75	36.02
P	RC2X	54		29		54.43	35.43
P	RC2Y	54		29		52.95	33.4
P	RC2Z	54		29		50.77	37.45
P	RC3A	54		29		55.75	37.62
P	RC3B	54		29		55.75	37.62
P	RC3C	54		29		55.75	37.62
P	RC3D	54		29		55.7	36.97
P	RC3E	54		29		52.85	36.43
P	RC3F	54		29		55.7	36.97
P	RC3G	54		29		52.7	39.15
P	RC3H	54		29		55.7	36.97
P	RC3I	54		29		57.15	34.62
P	RC3J	54		29		57.15	34.62
P	RC3K	54		29		51.05	40.15
P	RC3L	54		29		55	33
P	RC3M	54		29		57.87	39.2
P	RC3N	54		29		58.55	43.68
P	RC3O	54		29		51.05	40.15
P	RC3P	54		29		53.92	37.58
P	RC3Q	54		29		51.05	40.15
P	RC3R	54		29		52.72	41.57
P	RC3S	54		29		54.4	40.6
P	RC3T	54		29		56.48	44.53
P	RC3U	54		29		57.02	41.52
P	RC3V	54		29		56.08	40.62
P	RC3W	54		29		51.75	36.02
P	RC3X	54		29		54.43	35.43
P	RC3Y	54		29		52.95	33.4
P	RC3Z	54		29		50.77	37.45
P	RC4A	54		29		49.73	44.12
P	RC4B	54		29		49.73	44.12
P	RC4C	54		29		51.78	46.73
P	RC4D	54		29		51.78	46.73
P	RC4F	54		29		53.25	44.57
P	RC4H	54		30		53.45	50.45
P	RC4I	54		30		53.45	50.45
P	RC4L	54		29		53.95	47.92
P	RC4M	54		29		53.95	47.92
P	RC4N	54		29		58.77	49.83
P	RC4O	54		29		58.77	49.83
P	RC4P	54		29		55.55	50.93
P	RC4Q	54		29		55.55	50.93
P	RC4R	54		29		55.55	50.93
P	RC4S	54		29		56.7	47.87
P	RC4T	54		29		56.7	47.87
P	RC4U	54		29		54.43	44.45
P	RC4W	54		30		57.28	52.75
P	RC4Y	54		29		55.55	47.1
P	RC4Z	54		29		55.55	47.1
P	RC5A	54		29		55.75	37.62
P	RC5B	54		29		55.75	37.62
P	RC5C	54		29		55.75	37.62
P	RC5D	54		29		55.7	36.97
P	RC5E	54		29		52.85	36.43
P	RC5F	54		29		55.7	36.97
P	RC5G	54		29		52.7	39.15
P	RC5H	54		29		55.7	36.97
P	RC5I	54		29		57.15	34.62
P	RC5J	54		29		57.15	34.62
P	RC5K	54		29		51.05	40.15
P	RC5L	54		29		55	33
P	RC5M	54		29		57.87	39.2
P	RC5N	54		29		58.55	43.68
P	RC5O	54		29		51.05	40.15
P	RC5P	54		29		53.92	37.58
P	RC5Q	54		29		51.05	40.15
P	RC5R	54		29		52.72	41.57
P	RC5S	54		29		54.4	40.6
P	RC5T	54		29		56.48	44.53
P	RC5U	54		29		57.02	41.52
P	RC5V	54		29		56.08	40.62
P	RC5W	54		29		51.75	36.02
P	RC5X	54		29		54.43	35.43
P	RC5Y	54		29		52.95	33.4
P	RC5Z	54		29		50.77	37.45
P	RC6A	54		29		45.37	39.43
P	RC6B	54		29		45.37	39.43
P	RC6C	54		29		45.37	39.43
P	RC6D	54		29		45.37	39.43
P	RC6E	54		29		43.92	41.78
P	RC6F	54		29		45.05	43.27
P	RC6G	54		29		45.05	43.27
P	RC6H	54		29		45.05	43.27
P	RC6I	54		29		46.57	45.32
P	RC6J	54		29		43.18	44.23
P	RC6K	54		29		44.93	34.1
P	RC6L	54		29		47.87	41.18
P	RC6M	54		29		47.87	41.18
P	RC6N	54		29		47.87	41.18
P	RC6O	54		29		48	37.83
P	RC6P	54		29		43.4	45.72
P	RC6Q	54		29		43.2	44.97
P	RC6R	54		29		50	30
P	RC6S	54		29		47.83	35.17
P	RC6T	54		29		45.05	43.27
P	RC6U	54		29		47.23	47.23
P	RC6V	54		29		47.23	47.23
P	RC6W	54		29		43.1	46.88
P	RC6X	54		29		43.58	43.4
P	RC6Y	54		29		44.65	40
P	RC6Z	54		29		48.57	39.3
P	RC7A	54		29		45.37	39.43
P	RC7B	54		29		45.37	39.43
P	RC7C	54		29		45.37	39.43
P	RC7D	54		29		45.37	39.43
P	RC7E	54		29		43.92	41.78
P	RC7F	54		29		45.05	43.27
P	RC7G	54		29		45.05	43.27
P	RC7H	54		29		45.05	43.27
P	RC7I	54		29		46.57	45.32
P	RC7J	54		29		43.18	44.23
P	RC7K	54		29		44.93	34.1
P	RC7L	54		29		47.87	41.18
P	RC7M	54		29		47.87	41.18
P	RC7N	54		29		47.87	41.18
P	RC7O	54		29		48	37.83
P	RC7P	54		29		43.4	45.72
P	RC7Q	54		29		43.2	44.97
P	RC7R	54		29		50	30
P	RC7S	54		29		47.83	35.17
P	RC7T	54		29		45.05	43.27
P	RC7U	54		29		47.23	47.23
P	RC7V	54		29		47.23	47.23
P	RC7W	54		29		43.1	46.88
P	RC7X	54		29		43.58	43.4
P	RC7Y	54		29		44.65	40
P	RC7Z	54		29		48.57	39.3
P	RC8	15		30
P	RC8A	15		30		54.75	60.7
P	RC8B	15		30		54.75	60.7
P	RC8C	15		30		58.7	61.33
P	RC8D	15		30		58.7	61.33
P	RC8E	15		30		58.7	61.33
P	RC8F	54	17	30		58	56.32
P	RC8G	54	17	30		59.02	54.67
P	RC8H	15	18	31		58.75	82.13
P	RC8I	15	18	31		58.75	82.13
P	RC8J	15				62.25	70.17
P	RC8K	15				65.3	74.03
P	RC8L	15		30		57.83	69
P	RC8M	15		30		56.22	73.27
P	RC8N	15		30		56.22	73.27
P	RC8O	15	18	31		55.45	79.55
P	RC8P	15	18	31		55.45	79.55
P	RC8Q	15		30		55.57	64.75
P	RC8R	15		30		55.57	64.75
P	RC8S	15	16	30		52.13	55.6
P	RC8T	15	16	30		52.13	55.6
P	RC8U	15	18	31		54.93	87.23
P	RC8V	15	18	31		54.93	87.23
P	RC8W	15	16	30		54.47	56.27
P	RC8X	54	17	20		64.28	54.47
P	RC8Y	15	18	31		52.77	82.62
P	RC8Z	15	18	31		50.92	86.92
P	RC9	15		30
P	RC9A	15		30		54.75	60.7
P	RC9B	15		30		54.75	60.7
P	RC9C	15		30		58.7	61.33
P	RC9D	15		30		58.7	61.33
P	RC9E	15		30		58.7	61.33
P	RC9F	54	17	30		58	56.32
P	RC9G	54	17	30		59.02	54.67
P	RC9H	15	18	31		58.75	82.13
P	RC9I	15	18	31		58.75	82.13
P	RC9J	15				62.25	70.17
P	RC9K	15				65.3	74.03
P	RC9L	15		30		57.83	69
P	RC9M	15		30		56.22	73.27
P	RC9N	15		30		56.22	73.27
P	RC9O	15	18	31		55.45	79.55
P	RC9P	15	18	31		55.45	79.55
P	RC9Q	15		30		55.57	64.75
P	RC9R	15		30		55.57	64.75
P	RC9S	15	16	30		52.13	55.6
P	RC9T	15	16	30		52.13	55.6
P	RC9U	15	18	31		54.93	87.23
P	RC9V	15	18	31		54.93	87.23
P	RC9W	15	16	30		54.47	56.27
P	RC9X	54	17	20		64.28	54.47
P	RC9Y	15	18	31		52.77	82.62
P	RC9Z	15	18	31		50.92	86.92
P	RD0	15	19	33
P	RD0A	15	18	32		59.88	91.67
P	RD0B	15	18	32		59.88	91.67
P	RD0C	15	19	34		54.8	136.83
P	RD0D	15	19	33		48.6	132.2
P	RD0E	15	19	34		50.55	142.6
P	RD0F	15	19	34		50.55	142.6
P	RD0G	15	19	33		53.55	127.83
P	RD0H	15	18	32		59.88	91.67
P	RD0I	15	19	24		62.9	153.7
P	RD0J	15	19	33		53.55	127.83
P	RD0K	15	19	25		66.67	171
P	RD0L	15	19	34		45.33	134.67
P	RD0M	15	19	34		45.33	134.67
P	RD0N	15	19	34		45.33	134.67
P	RD0O	15	18	32		53.8	109.33
P	RD0Q	15	19	23		66.4	129.17
P	RD0R	15	18	32		57.37	106
P	RD0S	15	18	32		57.37	106
P	RD0T	15	18	32		57.37	106
P	RD0U	15	18	33		54	118
P	RD0V	15	18	33		54	118
P	RD0W	15	18	31		53.5	90
P	RD0X	15	19	35		56	159
P	RD0Y	15	23	32		51.78	94.75
P	RD0Z	15	19	35		56	159
P	RD1A	54		29		59.95	30.3
P	RD1B	54		29		59.95	30.3
P	RD1C	54		29		60.05	31.75
P	RD1D	54		29		60.05	31.75
P	RD1F	54		29		59.95	30.3
P	RD1H	54		29		46.65	32.63
P	RD1I	54	17	20		64.28	54.47
P	RD1J	54		29		59.95	30.3
P	RD1L	54		29		59.95	30.3
P	RD1M	54		29		59.95	30.3
P	RD1N	54				63.82	33
P	RD1O	54				63.5	43
P	RD1P	54		20		68.83	54.83
P	RD1Q	54		29		60.08	40.45
P	RD1R	54		29		60.08	40.45
P	RD1S	54		29		60.08	40.45
P	RD1T	54		29		58.43	32.38
P	RD1V	54		29		46.65	32.63
P	RD1W	54		29		57.32	29.25
P	RD1X	54		29		57.32	29.25
P	RD1Z	54				68.03	34.57
P	RD2A	54		29		55.75	37.62
P	RD2B	54		29		55.75	37.62
P	RD2C	54		29		55.75	37.62
P	RD2D	54		29		55.7	36.97
P	RD2E	54		29		52.85	36.43
P	RD2F	126
P	RD2G	54		29		52.7	39.15
P	RD2H	54		29		55.7	36.97
P	RD2I	54		29		57.15	34.62
P	RD2J	54		29		57.15	34.62
P	RD2K	126
P	RD2L	54		29		55	33
P	RD2M	54		29		57.87	39.2
P	RD2N	54		29		58.55	43.68
P	RD2O	54		29		51.05	40.15
P	RD2P	54		29		53.92	37.58
P	RD2Q	54		29		51.05	40.15
P	RD2R	54		29		52.72	41.57
P	RD2S	54		29		54.4	40.6
P	RD2T	54		29		56.48	44.53
P	RD2U	54		29		57.02	41.52
P	RD2V	54		29		56.08	40.62
P	RD2W	54		29		51.75	36.02
P	RD2X	54		29		54.43	35.43
P	RD2Y	54		29		52.95	33.4
P	RD2Z	54		29		50.77	37.45
P	RD3A	54		29		55.75	37.62
P	RD3B	54		29		55.75	37.62
P	RD3C	54		29		55.75	37.62
P	RD3D	54		29		55.7	36.97
P	RD3E	54		29		52.85	36.43
P	RD3F	54		29		55.7	36.97
P	RD3G	54		29		52.7	39.15
P	RD3H	54		29		55.7	36.97
P	RD3I	54		29		57.15	34.62
P	RD3J	54		29		57.15	34.62
P	RD3K	54		29		51.05	40.15
P	RD3L	54		29		55	33
P	RD3M	54		29		57.87	39.2
P	RD3N	54		29		58.55	43.68
P	RD3O	54		29		51.05	40.15
P	RD3P	54		29		53.92	37.58
P	RD3Q	54		29		51.05	40.15
P	RD3R	54		29		52.72	41.57
P	RD3S	54		29		54.4	40.6
P	RD3T	54		29		56.48	44.53
P	RD3U	54		29		57.02	41.52
P	RD3V	54		29		56.08	40.62
P	RD3W	54		29		51.75	36.02
P	RD3X	54		29		54.43	35.43
P	RD3Y	54		29		52.95	33.4
P	RD3Z	54		29		50.77	37.45
P	RD4A	54		29		49.73	44.12
P	RD4B	54		29		49.73	44.12
P	RD4C	54		29		51.78	46.73
P	RD4D	54		29		51.78	46.73
P	RD4F	54		29		53.25	44.57
P	RD4H	54		30		53.45	50.45
P	RD4I	54		30		53.45	50.45
P	RD4L	54		29		53.95	47.92
P	RD4M	54		29		53.95	47.92
P	RD4N	54		29		58.77	49.83
P	RD4O	54		29		58.77	49.83
P	RD4P	54		29		55.55	50.93
P	RD4Q	54		29		55.55	50.93
P	RD4R	54		29		55.55	50.93
P	RD4S	54		29		56.7	47.87
P	RD4T	54		29		56.7	47.87
P	RD4U	54		29		54.43	44.45
P	RD4W	54		30		57.28	52.75
P	RD4Y	54		29		55.55	47.1
P	RD4Z	54		29		55.55	47.1
P	RD5A	54		29		55.75	37.62
P	RD5B	54		29		55.75	37.62
P	RD5C	54		29		55.75	37.62
P	RD5D	54		29		55.7	36.97
P	RD5E	54		29		52.85	36.43
P	RD5F	54		29		55.7	36.97
P	RD5G	54		29		52.7	39.15
P	RD5H	54		29		55.7	36.97
P	RD5I	54		29		57.15	34.62
P	RD5J	54		29		57.15	34.62
P	RD5K	54		29		51.05	40.15
P	RD5L	54		29		55	33
P	RD5M	54		29		57.87	39.2
P	RD5N	54		29		58.55	43.68
P	RD5O	54		29		51.05	40.15
P	RD5P	54		29		53.92	37.58
P	RD5Q	54		29		51.05	40.15
P	RD5R	54		29		52.72	41.57
P	RD5S	54		29		54.4	40.6
P	RD5T	54		29		56.48	44.53
P	RD5U	54		29		57.02	41.52
P	RD5V	54		29		56.08	40.62
P	RD5W	54		29		51.75	36.02
P	RD5X	54		29		54.43	35.43
P	RD5Y	54		29		52.95	33.4
P	RD5Z	54		29		50.77	37.45
P	RD6A	54		29		45.37	39.43
P	RD6B	54		29		45.37	39.43
P	RD6C	54		29		45.37	39.43
P	RD6D	54		29		45.37	39.43
P	RD6E	54		29		43.92	41.78
P	RD6F	54		29		45.05	43.27
P	RD6G	54		29		45.05	43.27
P	RD6H	54		29		45.05	43.27
P	RD6I	54		29		46.57	45.32
P	RD6J	54		29		43.18	44.23
P	RD6K	54		29		44.93	34.1
P	RD6L	54		29		47.87	41.18
P	RD6M	54		29		47.87	41.18
P	RD6N	54		29		47.87	41.18
P	RD6O	54		29		48	37.83
P	RD6P	54		29		43.4	45.72
P	RD6Q	54		29		43.2	44.97
P	RD6R	54		29		50	30
P	RD6S	54		29		47.83	35.17
P	RD6T	54		29		45.05	43.27
P	RD6U	54		29		47.23	47.23
P	RD6V	54		29		47.23	47.23
P	RD6W	54		29		43.1	46.88
P	RD6X	54		29		43.58	43.4
P	RD6Y	54		29		44.65	40
P	RD6Z	54		29		48.57	39.3
P	RD7A	54		29		45.37	39.43
P	RD7B	54		29		45.37	39.43
P	RD7C	54		29		45.37	39.43
P	RD7D	54		29		45.37	39.43
P	RD7E	54		29		43.92	41.78
P	RD7F	54		29		45.05	43.27
P	RD7G	54		29		45.05	43.27
P	RD7H	54		29		45.05	43.27
P	RD7I	54		29		46.57	45.32
P	RD7J	54		29		43.18	44.23
P	RD7K	54		29		44.93	34.1
P	RD7L	54		29		47.87	41.18
P	RD7M	54		29		47.87	41.18
P	RD7N	54		29		47.87	41.18
P	RD7O	54		29		48	37.83
P	RD7P	54		29		43.4	45.72
P	RD7Q	54		29		43.2	44.97
P	RD7R	54		29		50	30
P	RD7S	54		29		47.83	35.17
P	RD7T	54		29		45.05	43.27
P	RD7U	54		29		47.23	47.23
P	RD7V	54		29		47.23	47.23
P	RD7W	54		29		43.1	46.88
P	RD7X	54		29		43.58	43.4
P	RD7Y	54		29		44.65	40
P	RD7Z	54		29		48.57	39.3
P	RD8	15		30
P	RD8A	15		30		54.75	60.7
P	RD8B	15		30		54.75	60.7
P	RD8C	15		30		58.7	61.33
P	RD8D	15		30		58.7	61.33
P	RD8E	15		30		58.7	61.33
P	RD8F	54	17	30		58	56.32
P	RD8G	54	17	30		59.02	54.67
P	RD8H	15	18	31		58.75	82.13
P	RD8I	15	18	31		58.75	82.13
P	RD8J	15				62.25	70.17
P	RD8K	15				65.3	74.03
P	RD8L	15		30		57.83	69
P	RD8M	15		30		56.22	73.27
P	RD8N	15		30		56.22	73.27
P	RD8O	15	18	31		55.45	79.55
P	RD8P	15	18	31		55.45	79.55
P	RD8Q	15		30		55.57	64.75
P	RD8R	15		30		55.57	64.75
P	RD8S	15	16	30		52.13	55.6
P	RD8T	15	16	30		52.13	55.6
P	RD8U	15	18	31		54.93	87.23
P	RD8V	15	18	31		54.93	87.23
P	RD8W	15	16	30		54.47	56.27
P	RD8X	54	17	20		64.28	54.47
P	RD8Y	15	18	31		52.77	82.62
P	RD8Z	15	18	31		50.92	86.92
P	RD9	15		30
P	RD9A	15		30		54.75	60.7
P	RD9B	15		30		54.75	60.7
P	RD9C	15		30		58.7	61.33
P	RD9D	15		30		58.7	61.33
P	RD9E	15		30		58.7	61.33
P	RD9F	54	17	30		58	56.32
P	RD9G	54	17	30		59.02	54.67
P	RD9H	15	18	31		58.75	82.13
P	RD9I	15	18	31		58.75	82.13
P	RD9J	15				62.25	70.17
P	RD9K	15				65.3	74.03
P	RD9L	15		30		57.83	69
P	RD9M	15		30		56.22	73.27
P	RD9N	15		30		56.22	73.27
P	RD9O	15	18	31		55.45	79.55
P	RD9P	15	18	31		55.45	79.55
P	RD9Q	15		30		55.57	64.75
P	RD9R	15		30		55.57	64.75
P	RD9S	15	16	30		52.13	55.6
P	RD9T	15	16	30		52.13	55.6
P	RD9U	15	18	31		54.93	87.23
P	RD9V	15	18	31		54.93	87.23
P	RD9W	15	16	30		54.47	56.27
P	RD9X	54	17	20		64.28	54.47
P	RD9Y	15	18	31		52.77	82.62
P	RD9Z	15	18	31		50.92	86.92
P	RE0	15	19	33
P	RE0A	15	18	32		59.88	91.67
P	RE0B	15	18	32		59.88	91.67
P	RE0C	15	19	34		54.8	136.83
P	RE0D	15	19	33		48.6	132.2
P	RE0E	15	19	34		50.55	142.6
P	RE0F	15	19	34		50.55	142.6
P	RE0G	15	19	33		53.55	127.83
P	RE0H	15	18	32		59.88	91.67
P	RE0I	15	19	24		62.9	153.7
P	RE0J	15	19	33		53.55	127.83
P	RE0K	15	19	25		66.67	171
P	RE0L	15	19	34		45.33	134.67
P	RE0M	15	19	34		45.33	134.67
P	RE0N	15	19	34		45.33	134.67
P	RE0O	15	18	32		53.8	109.33
P	RE0Q	15	19	23		66.4	129.17
P	RE0R	15	18	32		57.37	106
P	RE0S	15	18	32		57.37	106
P	RE0T	15	18	32		57.37	106
P	RE0U	15	18	33		54	118
P	RE0V	15	18	33		54	118
P	RE0W	15	18	31		53.5	90
P	RE0X	15	19	35		56	159
P	RE0Y	15	23	32		51.78	94.75
P	RE0Z	15	19	35		56	159
P	RE1A	54		29		59.95	30.3
P	RE1B	54		29		59.95	30.3
P	RE1C	54		29		60.05	31.75
P	RE1D	54		29		60.05	31.75
P	RE1F	54		29		59.95	30.3
P	RE1H	54		29		46.65	32.63
P	RE1I	54	17	20		64.28	54.47
P	RE1J	54		29		59.95	30.3
P	RE1L	54		29		59.95	30.3
P	RE1M	54		29		59.95	30.3
P	RE1N	54				63.82	33
P	RE1O	54				63.5	43
P	RE1P	54		20		68.83	54.83
P	RE1Q	54		29		60.08	40.45
P	RE1R	54		29		60.08	40.45
P	RE1S	54		29		60.08	40.45
P	RE1T	54		29		58.43	32.38
P	RE1V	54		29		46.65	32.63
P	RE1W	54		29		57.32	29.25
P	RE1X	54		29		57.32	29.25
P	RE1Z	54				68.03	34.57
P	RE2A	54		29		55.75	37.62
P	RE2B	54		29		55.75	37.62
P	RE2C	54		29		55.75	37.62
P	RE2D	54		29		55.7	36.97
P	RE2E	54		29		52.85	36.43
P	RE2F	126
P	RE2G	54		29		52.7	39.15
P	RE2H	54		29		55.7	36.97
P	RE2I	54		29		57.15	34.62
P	RE2J	54		29		57.15	34.62
P	RE2K	126
P	RE2L	54		29		55	33
P	RE2M	54		29		57.87	39.2
P	RE2N	54		29		58.55	43.68
P	RE2O	54		29		51.05	40.15
P	RE2P	54		29		53.92	37.58
P	RE2Q	54		29		51.05	40.15
P	RE2R	54		29		52.72	41.57
P	RE2S	54		29		54.4	40.6
P	RE2T	54		29		56.48	44.53
P	RE2U	54		29		57.02	41.52
P	RE2V	54		29		56.08	40.62
P	RE2W	54		29		51.75	36.02
P	RE2X	54		29		54.43	35.43
P	RE2Y	54		29		52.95	33.4
P	RE2Z	54		29		50.77	37.45
P	RE3A	54		29		55.75	37.62
P	RE3B	54		29		55.75	37.62
P	RE3C	54		29		55.75	37.62
P	RE3D	54		29		55.7	36.97
P	RE3E	54		29		52.85	36.43
P	RE3F	54		29		55.7	36.97
P	RE3G	54		29		52.7	39.15
P	RE3H	54		29		55.7	36.97
P	RE3I	54		29		57.15	34.62
P	RE3J	54		29		57.15	34.62
P	RE3K	54		29		51.05	40.15
P	RE3L	54		29		55	33
P	RE3M	54		29		57.87	39.2
P	RE3N	54		29		58.55	43.68
P	RE3O	54		29		51.05	40.15
P	RE3P	54		29		53.92	37.58
P	RE3Q	54		29		51.05	40.15
P	RE3R	54		29		52.72	41.57
P	RE3S	54		29		54.4	40.6
P	RE3T	54		29		56.48	44.53
P	RE3U	54		29		57.02	41.52
P	RE3V	54		29		56.08	40.62
P	RE3W	54		29		51.75	36.02
P	RE3X	54		29		54.43	35.43
P	RE3Y	54		29		52.95	33.4
P	RE3Z	54		29		50.77	37.45
P	RE4A	54		29		49.73	44.12
P	RE4B	54		29		49.73	44.12
P	RE4C	54		29		51.78	46.73
P	RE4D	54		29		51.78	46.73
P	RE4F	54		29		53.25	44.57
P	RE4H	54		30		53.45	50.45
P	RE4I	54		30		53.45	50.45
P	RE4L	54		29		53.95	47.92
P	RE4M	54		29		53.95	47.92
P	RE4N	54		29		58.77	49.83
P	RE4O	54		29		58.77	49.83
P	RE4P	54		29		55.55	50.93
P	RE4Q	54		29		55.55	50.93
P	RE4R	54		29		55.55	50.93
P	RE4S	54		29		56.7	47.87
P	RE4T	54		29		56.7	47.87
P	RE4U	54		29		54.43	44.45
P	RE4W	54		30		57.28	52.75
P	RE4Y	54		29		55.55	47.1
P	RE4Z	54		29		55.55	47.1
P	RE5A	54		29		55.75	37.62
P	RE5B	54		29		55.75	37.62
P	RE5C	54		29		55.75	37.62
P	RE5D	54		29		55.7	36.97
P	RE5E	54		29		52.85	36.43
P	RE5F	54		29		55.7	36.97
P	RE5G	54		29		52.7	39.15
P	RE5H	54		29		55.7	36.97
P	RE5I	54		29		57.15	34.62
P	RE5J	54		29		57.15	34.62
P	RE5K	54		29		51.05	40.15
P	RE5L	54		29		55	33
P	RE5M	54		29		57.87	39.2
P	RE5N	54		29		58.55	43.68
P	RE5O	54		29		51.05	40.15
P	RE5P	54		29		53.92	37.58
P	RE5Q	54		29		51.05	40.15
P	RE5R	54		29		52.72	41.57
P	RE5S	54		29		54.4	40.6
P	RE5T	54		29		56.48	44.53
P	RE5U	54		29		57.02	41.52
P	RE5V	54		29		56.08	40.62
P	RE5W	54		29		51.75	36.02
P	RE5X	54		29		54.43	35.43
P	RE5Y	54		29		52.95	33.4
P	RE5Z	54		29		50.77	37.45
P	RE6A	54		29		45.37	39.43
P	RE6B	54		29		45.37	39.43
P	RE6C	54		29		45.37	39.43
P	RE6D	54		29		45.37	39.43
P	RE6E	54		29		43.92	41.78
P	RE6F	54		29		45.05	43.27
P	RE6G	54		29		45.05	43.27
P	RE6H	54		29		45.05	43.27
P	RE6I	54		29		46.57	45.32
P	RE6J	54		29		43.18	44.23
P	RE6K	54		29		44.93	34.1
P	RE6L	54		29		47.87	41.18
P	RE6M	54		29		47.87	41.18
P	RE6N	54		29		47.87	41.18
P	RE6O	54		29		48	37.83
P	RE6P	54		29		43.4	45.72
P	RE6Q	54		29		43.2	44.97
P	RE6R	54		29		50	30
P	RE6S	54		29		47.83	35.17
P	RE6T	54		29		45.05	43.27
P	RE6U	54		29		47.23	47.23
P	RE6V	54		29		47.23	47.23
P	RE6W	54		29		43.1	46.88
P	RE6X	54		29		43.58	43.4
P	RE6Y	54		29		44.65	40
P	RE6Z	54		29		48.57	39.3
P	RE7A	54		29		45.37	39.43
P	RE7B	54		29		45.37	39.43
P	RE7C	54		29		45.37	39.43
P	RE7D	54		29		45.37	39.43
P	RE7E	54		29		43.92	41.78
P	RE7F	54		29		45.05	43.27
P	RE7G	54		29		45.05	43.27
P	RE7H	54		29		45.05	43.27
P	RE7I	54		29		46.57	45.32
P	RE7J	54		29		43.18	44.23
P	RE7K	54		29		44.93	34.1
P	RE7L	54		29		47.87	41.18
P	RE7M	54		29		47.87	41.18
P	RE7N	54		29		47.87	41.18
P	RE7O	54		29		48	37.83
P	RE7P	54		29		43.4	45.72
P	RE7Q	54		29		43.2	44.97
P	RE7R	54		29		50	30
P	RE7S	54		29		47.83	35.17
P	RE7T	54		29		45.05	43.27
P	RE7U	54		29		47.23	47.23
P	RE7V	54		29		47.23	47.23
P	RE7W	54		29		43.1	46.88
P	RE7X	54		29		43.58	43.4
P	RE7Y	54		29		44.65	40
P	RE7Z	54		29		48.57	39.3
P	RE8	15		30
P	RE8A	15		30		54.75	60.7
P	RE8B	15		30		54.75	60.7
P	RE8C	15		30		58.7	61.33
P	RE8D	15		30		58.7	61.33
P	RE8E	15		30		58.7	61.33
P	RE8F	54	17	30		58	56.32
P	RE8G	54	17	30		59.02	54.67
P	RE8H	15	18	31		58.75	82.13
P	RE8I	15	18	31		58.75	82.13
P	RE8J	15				62.25	70.17
P	RE8K	15				65.3	74.03
P	RE8L	15		30		57.83	69
P	RE8M	15		30		56.22	73.27
P	RE8N	15		30		56.22	73.27
P	RE8O	15	18	31		55.45	79.55
P	RE8P	15	18	31		55.45	79.55
P	RE8Q	15		30		55.57	64.75
P	RE8R	15		30		55.57	64.75
P	RE8S	15	16	30		52.13	55.6
P	RE8T	15	16	30		52.13	55.6
P	RE8U	15	18	31		54.93	87.23
P	RE8V	15	18	31		54.93	87.23
P	RE8W	15	16	30		54.47	56.27
P	RE8X	54	17	20		64.28	54.47
P	RE8Y	15	18	31		52.77	82.62
P	RE8Z	15	18	31		50.92	86.92
P	RE9	15		30
P	RE9A	15		30		54.75	60.7
P	RE9B	15		30		54.75	60.7
P	RE9C	15		30		58.7	61.33
P	RE9D	15		30		58.7	61.33
P	RE9E	15		30		58.7	61.33
P	RE9F	54	17	30		58	56.32
P	RE9G	54	17	30		59.02	54.67
P	RE9H	15	18	31		58.75	82.13
P	RE9I	15	18	31		58.75	82.13
P	RE9J	15				62.25	70.17
P	RE9K	15				65.3	74.03
P	RE9L	15		30		57.83	69
P	RE9M	15		30		56.22	73.27
P	RE9N	15		30		56.22	73.27
P	RE9O	15	18	31		55.45	79.55
P	RE9P	15	18	31		55.45	79.55
P	RE9Q	15		30		55.57	64.75
P	RE9R	15		30		55.57	64.75
P	RE9S	15	16	30		52.13	55.6
P	RE9T	15	16	30		52.13	55.6
P	RE9U	15	18	31		54.93	87.23
P	RE9V	15	18	31		54.93	87.23
P	RE9W	15	16	30		54.47	56.27
P	RE9X	54	17	20		64.28	54.47
P	RE9Y	15	18	31		52.77	82.62
P	RE9Z	15	18	31		50.92	86.92
P	RF0	15	19	33
P	RF0A	15	18	32		59.88	91.67
P	RF0B	15	18	32		59.88	91.67
P	RF0C	15	19	34		54.8	136.83
P	RF0D	15	19	33		48.6	132.2
P	RF0E	15	19	34		50.55	142.6
P	RF0F	15	19	34		50.55	142.6
P	RF0G	15	19	33		53.55	127.83
P	RF0H	15	18	32		59.88	91.67
P	RF0I	15	19	24		62.9	153.7
P	RF0J	15	19	33		53.55	127.83
P	RF0K	15	19	25		66.67	171
P	RF0L	15	19	34		45.33	134.67
P	RF0M	15	19	34		45.33	134.67
P	RF0N	15	19	34		45.33	134.67
P	RF0O	15	18	32		53.8	109.33
P	RF0Q	15	19	23		66.4	129.17
P	RF0R	15	18	32		57.37	106
P	RF0S	15	18	32		57.37	106
P	RF0T	15	18	32		57.37	106
P	RF0U	15	18	33		54	118
P	RF0V	15	18	33		54	118
P	RF0W	15	18	31		53.5	90
P	RF0X	15	19	35		56	159
P	RF0Y	15	23	32		51.78	94.75
P	RF0Z	15	19	35		56	159
P	RF1A	54		29		59.95	30.3
P	RF1B	54		29		59.95	30.3
P	RF1C	54		29		60.05	31.75
P	RF1D	54		29		60.05	31.75
P	RF1F	54		29		59.95	30.3
P	RF1H	54		29		46.65	32.63
P	RF1I	54	17	20		64.28	54.47
P	RF1J	54		29		59.95	30.3
P	RF1L	54		29		59.95	30.3
P	RF1M	54		29		59.95	30.3
P	RF1N	54				63.82	33
P	RF1O	54				63.5	43
P	RF1P	54		20		68.83	54.83
P	RF1Q	54		29		60.08	40.45
P	RF1R	54		29		60.08	40.45
P	RF1S	54		29		60.08	40.45
P	RF1T	54		29		58.43	32.38
P	RF1V	54		29		46.65	32.63
P	RF1W	54		29		57.32	29.25
P	RF1X	54		29		57.32	29.25
P	RF1Z	54				68.03	34.57
P	RF2A	54		29		55.75	37.62
P	RF2B	54		29		55.75	37.62
P	RF2C	54		29		55.75	37.62
P	RF2D	54		29		55.7	36.97
P	RF2E	54		29		52.85	36.43
P	RF2F	126
P	RF2G	54		29		52.7	39.15
P	RF2H	54		29		55.7	36.97
P	RF2I	54		29		57.15	34.62
P	RF2J	54		29		57.15	34.62
P	RF2K	126
P	RF2L	54		29		55	33
P	RF2M	54		29		57.87	39.2
P	RF2N	54		29		58.55	43.68
P	RF2O	54		29		51.05	40.15
P	RF2P	54		29		53.92	37.58
P	RF2Q	54		29		51.05	40.15
P	RF2R	54		29		52.72	41.57
P	RF2S	54		29		54.4	40.6
P	RF2T	54		29		56.48	44.53
P	RF2U	54		29		57.02	41.52
P	RF2V	54		29		56.08	40.62
P	RF2W	54		29		51.75	36.02
P	RF2X	54		29		54.43	35.43
P	RF2Y	54		29		52.95	33.4
P	RF2Z	54		29		50.77	37.45
P	RF3A	54		29		55.75	37.62
P	RF3B	54		29		55.75	37.62
P	RF3C	54		29		55.75	37.62
P	RF3D	54		29		55.7	36.97
P	RF3E	54		29		52.85	36.43
P	RF3F	54		29		55.7	36.97
P	RF3G	54		29		52.7	39.15
P	RF3H	54		29		55.7	36.97
P	RF3I	54		29		57.15	34.62
P	RF3J	54		29		57.15	34.62
P	RF3K	54		29		51.05	40.15
P	RF3L	54		29		55	33
P	RF3M	54		29		57.87	39.2
P	RF3N	54		29		58.55	43.68
P	RF3O	54		29		51.05	40.15
P	RF3P	54		29		53.92	37.58
P	RF3Q	54		29		51.05	40.15
P	RF3R	54		29		52.72	41.57
P	RF3S	54		29		54.4	40.6
P	RF3T	54		29		56.48	44.53
P	RF3U	54		29		57.02	41.52
P	RF3V	54		29		56.08	40.62
P	RF3W	54		29		51.75	36.02
P	RF3X	54		29		54.43	35.43
P	RF3Y	54		29		52.95	33.4
P	RF3Z	54		29		50.77	37.45
P	RF4A	54		29		49.73	44.12
P	RF4B	54		29		49.73	44.12
P	RF4C	54		29		51.78	46.73
P	RF4D	54		29		51.78	46.73
P	RF4F	54		29		53.25	44.57
P	RF4H	54		30		53.45	50.45
P	RF4I	54		30		53.45	50.45
P	RF4L	54		29		53.95	47.92
P	RF4M	54		29		53.95	47.92
P	RF4N	54		29		58.77	49.83
P	RF4O	54		29		58.77	49.83
P	RF4P	54		29		55.55	50.93
P	RF4Q	54		29		55.55	50.93
P	RF4R	54		29		55.55	50.93
P	RF4S	54		29		56.7	47.87
P	RF4T	54		29		56.7	47.87
P	RF4U	54		29		54.43	44.45
P	RF4W	54		30		57.28	52.75
P	RF4Y	54		29		55.55	47.1
P	RF4Z	54		29		55.55	47.1
P	RF5A	54		29		55.75	37.62
P	RF5B	54		29		55.75	37.62
P	RF5C	54		29		55.75	37.62
P	RF5D	54		29		55.7	36.97
P	RF5E	54		29		52.85	36.43
P	RF5F	54		29		55.7	36.97
P	RF5G	54		29		52.7	39.15
P	RF5H	54		29		55.7	36.97
P	RF5I	54		29		57.15	34.62
P	RF5J	54		29		57.15	34.62
P	RF5K	54		29		51.05	40.15
P	RF5L	54		29		55	33
P	RF5M	54		29		57.87	39.2
P	RF5N	54		29		58.55	43.68
P	RF5O	54		29		51.05	40.15
P	RF5P	54		29		53.92	37.58
P	RF5Q	54		29		51.05	40.15
P	RF5R	54		29		52.72	41.57
P	RF5S	54		29		54.4	40.6
P	RF5T	54		29		56.48	44.53
P	RF5U	54		29		57.02	41.52
P	RF5V	54		29		56.08	40.62
P	RF5W	54		29		51.75	36.02
P	RF5X	54		29		54.43	35.43
P	RF5Y	54		29		52.95	33.4
P	RF5Z	54		29		50.77	37.45
P	RF6A	54		29		45.37	39.43
P	RF6B	54		29		45.37	39.43
P	RF6C	54		29		45.37	39.43
P	RF6D	54		29		45.37	39.43
P	RF6E	54		29		43.92	41.78
P	RF6F	54		29		45.05	43.27
P	RF6G	54		29		45.05	43.27
P	RF6H	54		29		45.05	43.27
P	RF6I	54		29		46.57	45.32
P	RF6J	54		29		43.18	44.23
P	RF6K	54		29		44.93	34.1
P	RF6L	54		29		47.87	41.18
P	RF6M	54		29		47.87	41.18
P	RF6N	54		29		47.87	41.18
P	RF6O	54		29		48	37.83
P	RF6P	54		29		43.4	45.72
P	RF6Q	54		29		43.2	44.97
P	RF6R	54		29		50	30
P	RF6S	54		29		47.83	35.17
P	RF6T	54		29		45.05	43.27
P	RF6U	54		29		47.23	47.23
P	RF6V	54		29		47.23	47.23
P	RF6W	54		29		43.1	46.88
P	RF6X	54		29		43.58	43.4
P	RF6Y	54		29		44.65	40
P	RF6Z	54		29		48.57	39.3
P	RF7A	54		29		45.37	39.43
P	RF7B	54		29		45.37	39.43
P	RF7C	54		29		45.37	39.43
P	RF7D	54		29		45.37	39.43
P	RF7E	54		29		43.92	41.78
P	RF7F	54		29		45.05	43.27
P	RF7G	54		29		45.05	43.27
P	RF7H	54		29		45.05	43.27
P	RF7I	54		29		46.57	45.32
P	RF7J	54		29		43.18	44.23
P	RF7K	54		29		44.93	34.1
P	RF7L	54		29		47.87	41.18
P	RF7M	54		29		47.87	41.18
P	RF7N	54		29		47.87	41.18
P	RF7O	54		29		48	37.83
P	RF7P	54		29		43.4	45.72
P	RF7Q	54		29		43.2	44.97
P	RF7R	54		29		50	30
P	RF7S	54		29		47.83	35.17
P	RF7T	54		29		45.05	43.27
P	RF7U	54		29		47.23	47.23
P	RF7V	54		29		47.23	47.23
P	RF7W	54		29		43.1	46.88
P	RF7X	54		29		43.58	43.4
P	RF7Y	54		29		44.65	40
P	RF7Z	54		29		48.57	39.3
P	RF8	15		30
P	RF8A	15		30		54.75	60.7
P	RF8B	15		30		54.75	60.7
P	RF8C	15		30		58.7	61.33
P	RF8D	15		30		58.7	61.33
P	RF8E	15		30		58.7	61.33
P	RF8F	54	17	30		58	56.32
P	RF8G	54	17	30		59.02	54.67
P	RF8H	15	18	31		58.75	82.13
P	RF8I	15	18	31		58.75	82.13
P	RF8J	15				62.25	70.17
P	RF8K	15				65.3	74.03
P	RF8L	15		30		57.83	69
P	RF8M	15		30		56.22	73.27
P	RF8N	15		30		56.22	73.27
P	RF8O	15	18	31		55.45	79.55
P	RF8P	15	18	31		55.45	79.55
P	RF8Q	15		30		55.57	64.75
P	RF8R	15		30		55.57	64.75
P	RF8S	15	16	30		52.13	55.6
P	RF8T	15	16	30		52.13	55.6
P	RF8U	15	18	31		54.93	87.23
P	RF8V	15	18	31		54.93	87.23
P	RF8W	15	16	30		54.47	56.27
P	RF8X	54	17	20		64.28	54.47
P	RF8Y	15	18	31		52.77	82.62
P	RF8Z	15	18	31		50.92	86.92
P	RF9	15		30
P	RF9A	15		30		54.75	60.7
P	RF9B	15		30		54.75	60.7
P	RF9C	15		30		58.7	61.33
P	RF9D	15		30		58.7	61.33
P	RF9E	15		30		58.7	61.33
P	RF9F	54	17	30		58	56.32
P	RF9G	54	17	30		59.02	54.67
P	RF9H	15	18	31		58.75	82.13
P	RF9I	15	18	31		58.75	82.13
P	RF9J	15				62.25	70.17
P	RF9K	15				65.3	74.03
P	RF9L	15		30		57.83	69
P	RF9M	15		30		56.22	73.27
P	RF9N	15		30		56.22	73.27
P	RF9O	15	18	31		55.45	79.55
P	RF9P	15	18	31		55.45	79.55
P	RF9Q	15		30		55.57	64.75
P	RF9R	15		30		55.57	64.75
P	RF9S	15	16	30		52.13	55.6
P	RF9T	15	16	30		52.13	55.6
P	RF9U	15	18	31		54.93	87.23
P	RF9V	15	18	31		54.93	87.23
P	RF9W	15	16	30		54.47	56.27
P	RF9X	54	17	20		64.28	54.47
P	RF9Y	15	18	31		52.77	82.62
P	RF9Z	15	18	31		50.92	86.92
P	RG0	15	19	33
P	RG0A	15	18	32		59.88	91.67
P	RG0B	15	18	32		59.88	91.67
P	RG0C	15	19	34		54.8	136.83
P	RG0D	15	19	33		48.6	132.2
P	RG0E	15	19	34		50.55	142.6
P	RG0F	15	19	34		50.55	142.6
P	RG0G	15	19	33		53.55	127.83
P	RG0H	15	18	32		59.88	91.67
P	RG0I	15	19	24		62.9	153.7
P	RG0J	15	19	33		53.55	127.83
P	RG0K	15	19	25		66.67	171
P	RG0L	15	19	34		45.33	134.67
P	RG0M	15	19	34		45.33	134.67
P	RG0N	15	19	34		45.33	134.67
P	RG0O	15	18	32		53.8	109.33
P	RG0Q	15	19	23		66.4	129.17
P	RG0R	15	18	32		57.37	106
P	RG0S	15	18	32		57.37	106
P	RG0T	15	18	32		57.37	106
P	RG0U	15	18	33		54	118
P	RG0V	15	18	33		54	118
P	RG0W	15	18	31		53.5	90
P	RG0X	15	19	35		56	159
P	RG0Y	15	23	32		51.78	94.75
P	RG0Z	15	19	35		56	159
P	RG1A	54		29		59.95	30.3
P	RG1B	54		29		59.95	30.3
P	RG1C	54		29		60.05	31.75
P	RG1D	54		29		60.05	31.75
P	RG1F	54		29		59.95	30.3
P	RG1H	54		29		46.65	32.63
P	RG1I	54	17	20		64.28	54.47
P	RG1J	54		29		59.95	30.3
P	RG1L	54		29		59.95	30.3
P	RG1M	54		29		59.95	30.3
P	RG1N	54				63.82	33
P	RG1O	54				63.5	43
P	RG1P	54		20		68.83	54.83
P	RG1Q	54		29		60.08	40.45
P	RG1R	54		29		60.08	40.45
P	RG1S	54		29		60.08	40.45
P	RG1T	54		29		58.43	32.38
P	RG1V	54		29		46.65	32.63
P	RG1W	54		29		57.32	29.25
P	RG1X	54		29		57.32	29.25
P	RG1Z	54				68.03	34.57
P	RG2A	54		29		55.75	37.62
P	RG2B	54		29		55.75	37.62
P	RG2C	54		29		55.75	37.62
P	RG2D	54		29		55.7	36.97
P	RG2E	54		29		52.85	36.43
P	RG2F	126
P	RG2G	54		29		52.7	39.15
P	RG2H	54		29		55.7	36.97
P	RG2I	54		29		57.15	34.62
P	RG2J	54		29		57.15	34.62
P	RG2K	126
P	RG2L	54		29		55	33
P	RG2M	54		29		57.87	39.2
P	RG2N	54		29		58.55	43.68
P	RG2O	54		29		51.05	40.15
P	RG2P	54		29		53.92	37.58
P	RG2Q	54		29		51.05	40.15
P	RG2R	54		29		52.72	41.57
P	RG2S	54		29		54.4	40.6
P	RG2T	54		29		56.48	44.53
P	RG2U	54		29		57.02	41.52
P	RG2V	54		29		56.08	40.62
P	RG2W	54		29		51.75	36.02
P	RG2X	54		29		54.43	35.43
P	RG2Y	54		29		52.95	33.4
P	RG2Z	54		29		50.77	37.45
P	RG3A	54		29		55.75	37.62
P	RG3B	54		29		55.75	37.62
P	RG3C	54		29		55.75	37.62
P	RG3D	54		29		55.7	36.97
P	RG3E	54		29		52.85	36.43
P	RG3F	54		29		55.7	36.97
P	RG3G	54		29		52.7	39.15
P	RG3H	54		29		55.7	36.97
P	RG3I	54		29		57.15	34.62
P	RG3J	54		29		57.15	34.62
P	RG3K	54		29		51.05	40.15
P	RG3L	54		29		55	33
P	RG3M	54		29		57.87	39.2
P	RG3N	54		29		58.55	43.68
P	RG3O	54		29		51.05	40.15
P	RG3P	54		29		53.92	37.58
P	RG3Q	54		29		51.05	40.15
P	RG3R	54		29		52.72	41.57
P	RG3S	54		29		54.4	40.6
P	RG3T	54		29		56.48	44.53
P	RG3U	54		29		57.02	41.52
P	RG3V	54		29		56.08	40.62
P	RG3W	54		29		51.75	36.02
P	RG3X	54		29		54.43	35.43
P	RG3Y	54		29		52.95	33.4
P	RG3Z	54		29		50.77	37.45
P	RG4A	54		29		49.73	44.12
P	RG4B	54		29		49.73	44.12
P	RG4C	54		29		51.78	46.73
P	RG4D	54		29		51.78	46.73
P	RG4F	54		29		53.25	44.57
P	RG4H	54		30		53.45	50.45
P	RG4I	54		30		53.45	50.45
P	RG4L	54		29		53.95	47.92
P	RG4M	54		29		53.95	47.92
P	RG4N	54		29		58.77	49.83
P	RG4O	54		29		58.77	49.83
P	RG4P	54		29		55.55	50.93
P	RG4Q	54		29		55.55	50.93
P	RG4R	54		29		55.55	50.93
P	RG4S	54		29		56.7	47.87
P	RG4T	54		29		56.7	47.87
P	RG4U	54		29		54.43	44.45
P	RG4W	54		30		57.28	52.75
P	RG4Y	54		29		55.55	47.1
P	RG4Z	54		29		55.55	47.1
P	RG5A	54		29		55.75	37.62
P	RG5B	54		29		55.75	37.62
P	RG5C	54		29		55.75	37.62
P	RG5D	54		29		55.7	36.97
P	RG5E	54		29		52.85	36.43
P	RG5F	54		29		55.7	36.97
P	RG5G	54		29		52.7	39.15
P	RG5H	54		29		55.7	36.97
P	RG5I	54		29		57.15	34.62
P	RG5J	54		29		57.15	34.62
P	RG5K	54		29		51.05	40.15
P	RG5L	54		29		55	33
P	RG5M	54		29		57.87	39.2
P	RG5N	54		29		58.55	43.68
P	RG5O	54		29		51.05	40.15
P	RG5P	54		29		53.92	37.58
P	RG5Q	54		29		51.05	40.15
P	RG5R	54		29		52.72	41.57
P	RG5S	54		29		54.4	40.6
P	RG5T	54		29		56.48	44.53
P	RG5U	54		29		57.02	41.52
P	RG5V	54		29		56.08	40.62
P	RG5W	54		29		51.75	36.02
P	RG5X	54		29		54.43	35.43
P	RG5Y	54		29		52.95	33.4
P	RG5Z	54		29		50.77	37.45
P	RG6A	54		29		45.37	39.43
P	RG6B	54		29		45.37	39.43
P	RG6C	54		29		45.37	39.43
P	RG6D	54		29		45.37	39.43
P	RG6E	54		29		43.92	41.78
P	RG6F	54		29		45.05	43.27
P	RG6G	54		29		45.05	43.27
P	RG6H	54		29		45.05	43.27
P	RG6I	54		29		46.57	45.32
P	RG6J	54		29		43.18	44.23
P	RG6K	54		29		44.93	34.1
P	RG6L	54		29		47.87	41.18
P	RG6M	54		29		47.87	41.18
P	RG6N	54		29		47.87	41.18
P	RG6O	54		29		48	37.83
P	RG6P	54		29		43.4	45.72
P	RG6Q	54		29		43.2	44.97
P	RG6R	54		29		50	30
P	RG6S	54		29		47.83	35.17
P	RG6T	54		29		45.05	43.27
P	RG6U	54		29		47.23	47.23
P	RG6V	54		29		47.23	47.23
P	RG6W	54		29		43.1	46.88
P	RG6X	54		29		43.58	43.4
P	RG6Y	54		29		44.65	40
P	RG6Z	54		29		48.57	39.3
P	RG7A	54		29		45.37	39.43
P	RG7B	54		29		45.37	39.43
P	RG7C	54		29		45.37	39.43
P	RG7D	54		29		45.37	39.43
P	RG7E	54		29		43.92	41.78
P	RG7F	54		29		45.05	43.27
P	RG7G	54		29		45.05	43.27
P	RG7H	54		29		45.05	43.27
P	RG7I	54		29		46.57	45.32
P	RG7J	54		29		43.18	44.23
P	RG7K	54		29		44.93	34.1
P	RG7L	54		29		47.87	41.18
P	RG7M	54		29		47.87	41.18
P	RG7N	54		29		47.87	41.18
P	RG7O	54		29		48	37.83
P	RG7P	54		29		43.4	45.72
P	RG7Q	54		29		43.2	44.97
P	RG7R	54		29		50	30
P	RG7S	54		29		47.83	35.17
P	RG7T	54		29		45.05	43.27
P	RG7U	54		29		47.23	47.23
P	RG7V	54		29		47.23	47.23
P	RG7W	54		29		43.1	46.88
P	RG7X	54		29		43.58	43.4
P	RG7Y	54		29		44.65	40
P	RG7Z	54		29		48.57	39.3
P	RG8	15		30
P	RG8A	15		30		54.75	60.7
P	RG8B	15		30		54.75	60.7
P	RG8C	15		30		58.7	61.33
P	RG8D	15		30		58.7	61.33
P	RG8E	15		30		58.7	61.33
P	RG8F	54	17	30		58	56.32
P	RG8G	54	17	30		59.02	54.67
P	RG8H	15	18	31		58.75	82.13
P	RG8I	15	18	31		58.75	82.13
P	RG8J	15				62.25	70.17
P	RG8K	15				65.3	74.03
P	RG8L	15		30		57.83	69
P	RG8M	15		30		56.22	73.27
P	RG8N	15		30		56.22	73.27
P	RG8O	15	18	31		55.45	79.55
P	RG8P	15	18	31		55.45	79.55
P	RG8Q	15		30		55.57	64.75
P	RG8R	15		30		55.57	64.75
P	RG8S	15	16	30		52.13	55.6
P	RG8T	15	16	30		52.13	55.6
P	RG8U	15	18	31		54.93	87.23
P	RG8V	15	18	31		54.93	87.23
P	RG8W	15	16	30		54.47	56.27
P	RG8X	54	17	20		64.28	54.47
P	RG8Y	15	18	31		52.77	82.62
P	RG8Z	15	18	31		50.92	86.92
P	RG9	15		30
P	RG9A	15		30		54.75	60.7
P	RG9B	15		30		54.75	60.7
P	RG9C	15		30		58.7	61.33
P	RG9D	15		30		58.7	61.33
P	RG9E	15		30		58.7	61.33
P	RG9F	54	17	30		58	56.32
P	RG9G	54	17	30		59.02	54.67
P	RG9H	15	18	31		58.75	82.13
P	RG9I	15	18	31		58.75	82.13
P	RG9J	15				62.25	70.17
P	RG9K	15				65.3	74.03
P	RG9L	15		30		57.83	69
P	RG9M	15		30		56.22	73.27
P	RG9N	15		30		56.22	73.27
P	RG9O	15	18	31		55.45	79.55
P	RG9P	15	18	31		55.45	79.55
P	RG9Q	15		30		55.57	64.75
P	RG9R	15		30		55.57	64.75
P	RG9S	15	16	30		52.13	55.6
P	RG9T	15	16	30		52.13	55.6
P	RG9U	15	18	31		54.93	87.23
P	RG9V	15	18	31		54.93	87.23
P	RG9W	15	16	30		54.47	56.27
P	RG9X	54	17	20		64.28	54.47
P	RG9Y	15	18	31		52.77	82.62
P	RG9Z	15	18	31		50.92	86.92
P	RI0	15	19	33
P	RI0A	15	18	32		59.88	91.67
P	RI0B	15	18	32		59.88	91.67
P	RI0C	15	19	34		54.8	136.83
P	RI0F	15	19	34		50.55	142.6
P	RI0H	15	18	32		59.88	91.67
P	RI0I	15	19	24		62.9	153.7
P	RI0K	15	19	25		66.67	171
P	RI0L	15	19	34		45.33	134.67
P	RI0Q	15	19	23		66.4	129.17
P	RI0X	15	19	35		56	159
P	RI0Z	15	19	35		56	159
P	RI1AN	13	29	69	SA	-66.55	93
P	RI1F	61
P	RI8	15		30
P	RI8X	54	17	20		64.28	54.47
P	RI9	15		30
P	RI9K	15				65.3	74.03
P	RI9X	54	17	20		64.28	54.47
P	RJ0	15	19	33
P	RJ0A	15	18	32		59.88	91.67
P	RJ0B	15	18	32		59.88	91.67
P	RJ0C	15	19	34		54.8	136.83
P	RJ0D	15	19	33		48.6	132.2
P	RJ0E	15	19	34		50.55	142.6
P	RJ0F	15	19	34		50.55	142.6
P	RJ0G	15	19	33		53.55	127.83
P	RJ0H	15	18	32		59.88	91.67
P	RJ0I	15	19	24		62.9	153.7
P	RJ0J	15	19	33		53.55	127.83
P	RJ0K	15	19	25		66.67	171
P	RJ0L	15	19	34		45.33	134.67
P	RJ0M	15	19	34		45.33	134.67
P	RJ0N	15	19	34		45.33	134.67
P	RJ0O	15	18	32		53.8	109.33
P	RJ0Q	15	19	23		66.4	129.17
P	RJ0R	15	18	32		57.37	106
P	RJ0S	15	18	32		57.37	106
P	RJ0T	15	18	32		57.37	106
P	RJ0U	15	18	33		54	118
P	RJ0V	15	18	33		54	118
P	RJ0W	15	18	31		53.5	90
P	RJ0X	15	19	35		56	159
P	RJ0Y	15	23	32		51.78	94.75
P	RJ0Z	15	19	35		56	159
P	RJ1A	54		29		59.95	30.3
P	RJ1B	54		29		59.95	30.3
P	RJ1C	54		29		60.05	31.75
P	RJ1D	54		29		60.05	31.75
P	RJ1F	54		29		59.95	30.3
P	RJ1H	54		29		46.65	32.63
P	RJ1I	54	17	20		64.28	54.47
P	RJ1J	54		29		59.95	30.3
P	RJ1L	54		29		59.95	30.3
P	RJ1M	54		29		59.95	30.3
P	RJ1N	54				63.82	33
P	RJ1O	54				63.5	43
P	RJ1P	54		20		68.83	54.83
P	RJ1Q	54		29		60.08	40.45
P	RJ1R	54		29		60.08	40.45
P	RJ1S	54		29		60.08	40.45
P	RJ1T	54		29		58.43	32.38
P	RJ1V	54		29		46.65	32.63
P	RJ1W	54		29		57.32	29.25
P	RJ1X	54		29		57.32	29.25
P	RJ1Z	54				68.03	34.57
P	RJ2A	54		29		55.75	37.62
P	RJ2B	54		29		55.75	37.62
P	RJ2C	54		29		55.75	37.62
P	RJ2D	54		29		55.7	36.97
P	RJ2E	54		29		52.85	36.43
P	RJ2F	126
P	RJ2G	54		29		52.7	39.15
P	RJ2H	54		29		55.7	36.97
P	RJ2I	54		29		57.15	34.62
P	RJ2J	54		29		57.15	34.62
P	RJ2K	126
P	RJ2L	54		29		55	33
P	RJ2M	54		29		57.87	39.2
P	RJ2N	54		29		58.55	43.68
P	RJ2O	54		29		51.05	40.15
P	RJ2P	54		29		53.92	37.58
P	RJ2Q	54		29		51.05	40.15
P	RJ2R	54		29		52.72	41.57
P	RJ2S	54		29		54.4	40.6
P	RJ2T	54		29		56.48	44.53
P	RJ2U	54		29		57.02	41.52
P	RJ2V	54		29		56.08	40.62
P	RJ2W	54		29		51.75	36.02
P	RJ2X	54		29		54.43	35.43
P	RJ2Y	54		29		52.95	33.4
P	RJ2Z	54		29		50.77	37.45
P	RJ3A	54		29		55.75	37.62
P	RJ3B	54		29		55.75	37.62
P	RJ3C	54		29		55.75	37.62
P	RJ3D	54		29		55.7	36.97
P	RJ3E	54		29		52.85	36.43
P	RJ3F	54		29		55.7	36.97
P	RJ3G	54		29		52.7	39.15
P	RJ3H	54		29		55.7	36.97
P	RJ3I	54		29		57.15	34.62
P	RJ3J	54		29		57.15	34.62
P	RJ3K	54		29		51.05	40.15
P	RJ3L	54		29		55	33
P	RJ3M	54		29		57.87	39.2
P	RJ3N	54		29		58.55	43.68
P	RJ3O	54		29		51.05	40.15
P	RJ3P	54		29		53.92	37.58
P	RJ3Q	54		29		51.05	40.15
P	RJ3R	54		29		52.72	41.57
P	RJ3S	54		29		54.4	40.6
P	RJ3T	54		29		56.48	44.53
P	RJ3U	54		29		57.02	41.52
P	RJ3V	54		29		56.08	40.62
P	RJ3W	54		29		51.75	36.02
P	RJ3X	54		29		54.43	35.43
P	RJ3Y	54		29		52.95	33.4
P	RJ3Z	54		29		50.77	37.45
P	RJ4A	54		29		49.73	44.12
P	RJ4B	54		29		49.73	44.12
P	RJ4C	54		29		51.78	46.73
P	RJ4D	54		29		51.78	46.73
P	RJ4F	54		29		53.25	44.57
P	RJ4H	54		30		53.45	50.45
P	RJ4I	54		30		53.45	50.45
P	RJ4L	54		29		53.95	47.92
P	RJ4M	54		29		53.95	47.92
P	RJ4N	54		29		58.77	49.83
P	RJ4O	54		29		58.77	49.83
P	RJ4P	54		29		55.55	50.93
P	RJ4Q	54		29		55.55	50.93
P	RJ4R	54		29		55.55	50.93
P	RJ4S	54		29		56.7	47.87
P	RJ4T	54		29		56.7	47.87
P	RJ4U	54		29		54.43	44.45
P	RJ4W	54		30		57.28	52.75
P	RJ4Y	54		29		55.55	47.1
P	RJ4Z	54		29		55.55	47.1
P	RJ5A	54		29		55.75	37.62
P	RJ5B	54		29		55.75	37.62
P	RJ5C	54		29		55.75	37.62
P	RJ5D	54		29		55.7	36.97
P	RJ5E	54		29		52.85	36.43
P	RJ5F	54		29		55.7	36.97
P	RJ5G	54		29		52.7	39.15
P	RJ5H	54		29		55.7	36.97
P	RJ5I	54		29		57.15	34.62
P	RJ5J	54		29		57.15	34.62
P	RJ5K	54		29		51.05	40.15
P	RJ5L	54		29		55	33
P	RJ5M	54		29		57.87	39.2
P	RJ5N	54		29		58.55	43.68
P	RJ5O	54		29		51.05	40.15
P	RJ5P	54		29		53.92	37.58
P	RJ5Q	54		29		51.05	40.15
P	RJ5R	54		29		52.72	41.57
P	RJ5S	54		29		54.4	40.6
P	RJ5T	54		29		56.48	44.53
P	RJ5U	54		29		57.02	41.52
P	RJ5V	54		29		56.08	40.62
P	RJ5W	54		29		51.75	36.02
P	RJ5X	54		29		54.43	35.43
P	RJ5Y	54		29		52.95	33.4
P	RJ5Z	54		29		50.77	37.45
P	RJ6A	54		29		45.37	39.43
P	RJ6B	54		29		45.37	39.43
P	RJ6C	54		29		45.37	39.43
P	RJ6D	54		29		45.37	39.43
P	RJ6E	54		29		43.92	41.78
P	RJ6F	54		29		45.05	43.27
P	RJ6G	54		29		45.05	43.27
P	RJ6H	54		29		45.05	43.27
P	RJ6I	54		29		46.57	45.32
P	RJ6J	54		29		43.18	44.23
P	RJ6K	54		29		44.93	34.1
P	RJ6L	54		29		47.87	41.18
P	RJ6M	54		29		47.87	41.18
P	RJ6N	54		29		47.87	41.18
P	RJ6O	54		29		48	37.83
P	RJ6P	54		29		43.4	45.72
P	RJ6Q	54		29		43.2	44.97
P	RJ6R	54		29		50	30
P	RJ6S	54		29		47.83	35.17
P	RJ6T	54		29		45.05	43.27
P	RJ6U	54		29		47.23	47.23
P	RJ6V	54		29		47.23	47.23
P	RJ6W	54		29		43.1	46.88
P	RJ6X	54		29		43.58	43.4
P	RJ6Y	54		29		44.65	40
P	RJ6Z	54		29		48.57	39.3
P	RJ7A	54		29		45.37	39.43
P	RJ7B	54		29		45.37	39.43
P	RJ7C	54		29		45.37	39.43
P	RJ7D	54		29		45.37	39.43
P	RJ7E	54		29		43.92	41.78
P	RJ7F	54		29		45.05	43.27
P	RJ7G	54		29		45.05	43.27
P	RJ7H	54		29		45.05	43.27
P	RJ7I	54		29		46.57	45.32
P	RJ7J	54		29		43.18	44.23
P	RJ7K	54		29		44.93	34.1
P	RJ7L	54		29		47.87	41.18
P	RJ7M	54		29		47.87	41.18
P	RJ7N	54		29		47.87	41.18
P	RJ7O	54		29		48	37.83
P	RJ7P	54		29		43.4	45.72
P	RJ7Q	54		29		43.2	44.97
P	RJ7R	54		29		50	30
P	RJ7S	54		29		47.83	35.17
P	RJ7T	54		29		45.05	43.27
P	RJ7U	54		29		47.23	47.23
P	RJ7V	54		29		47.23	47.23
P	RJ7W	54		29		43.1	46.88
P	RJ7X	54		29		43.58	43.4
P	RJ7Y	54		29		44.65	40
P	RJ7Z	54		29		48.57	39.3
P	RJ8	15		30
P	RJ8A	15		30		54.75	60.7
P	RJ8B	15		30		54.75	60.7
P	RJ8C	15		30		58.7	61.33
P	RJ8D	15		30		58.7	61.33
P	RJ8E	15		30		58.7	61.33
P	RJ8F	54	17	30		58	56.32
P	RJ8G	54	17	30		59.02	54.67
P	RJ8H	15	18	31		58.75	82.13
P	RJ8I	15	18	31		58.75	82.13
P	RJ8J	15				62.25	70.17
P	RJ8K	15				65.3	74.03
P	RJ8L	15		30		57.83	69
P	RJ8M	15		30		56.22	73.27
P	RJ8N	15		30		56.22	73.27
P	RJ8O	15	18	31		55.45	79.55
P	RJ8P	15	18	31		55.45	79.55
P	RJ8Q	15		30		55.57	64.75
P	RJ8R	15		30		55.57	64.75
P	RJ8S	15	16	30		52.13	55.6
P	RJ8T	15	16	30		52.13	55.6
P	RJ8U	15	18	31		54.93	87.23
P	RJ8V	15	18	31		54.93	87.23
P	RJ8W	15	16	30		54.47	56.27
P	RJ8X	54	17	20		64.28	54.47
P	RJ8Y	15	18	31		52.77	82.62
P	RJ8Z	15	18	31		50.92	86.92
P	RJ9	15		30
P	RJ9A	15		30		54.75	60.7
P	RJ9B	15		30		54.75	60.7
P	RJ9C	15		30		58.7	61.33
P	RJ9D	15		30		58.7	61.33
P	RJ9E	15		30		58.7	61.33
P	RJ9F	54	17	30		58	56.32
P	RJ9G	54	17	30		59.02	54.67
P	RJ9H	15	18	31		58.75	82.13
P	RJ9I	15	18	31		58.75	82.13
P	RJ9J	15				62.25	70.17
P	RJ9K	15				65.3	74.03
P	RJ9L	15		30		57.83	69
P	RJ9M	15		30		56.22	73.27
P	RJ9N	15		30		56.22	73.27
P	RJ9O	15	18	31		55.45	79.55
P	RJ9P	15	18	31		55.45	79.55
P	RJ9Q	15		30		55.57	64.75
P	RJ9R	15		30		55.57	64.75
P	RJ9S	15	16	30		52.13	55.6
P	RJ9T	15	16	30		52.13	55.6
P	RJ9U	15	18	31		54.93	87.23
P	RJ9V	15	18	31		54.93	87.23
P	RJ9W	15	16	30		54.47	56.27
P	RJ9X	54	17	20		64.28	54.47
P	RJ9Y	15	18	31		52.77	82.62
P	RJ9Z	15	18	31		50.92	86.92
P	RK0	15	19	33
P	RK0A	15	18	32		59.88	91.67
P	RK0B	15	18	32		59.88	91.67
P	RK0C	15	19	34		54.8	136.83
P	RK0D	15	19	33		48.6	132.2
P	RK0E	15	19	34		50.55	142.6
P	RK0F	15	19	34		50.55	142.6
P	RK0G	15	19	33		53.55	127.83
P	RK0H	15	18	32		59.88	91.67
P	RK0I	15	19	24		62.9	153.7
P	RK0J	15	19	33		53.55	127.83
P	RK0K	15	19	25		66.67	171
P	RK0L	15	19	34		45.33	134.67
P	RK0M	15	19	34		45.33	134.67
P	RK0N	15	19	34		45.33	134.67
P	RK0O	15	18	32		53.8	109.33
P	RK0Q	15	19	23		66.4	129.17
P	RK0R	15	18	32		57.37	106
P	RK0S	15	18	32		57.37	106
P	RK0T	15	18	32		57.37	106
P	RK0U	15	18	33		54	118
P	RK0V	15	18	33		54	118
P	RK0W	15	18	31		53.5	90
P	RK0X	15	19	35		56	159
P	RK0Y	15	23	32		51.78	94.75
P	RK0Z	15	19	35		56	159
P	RK1A	54		29		59.95	30.3
P	RK1B	54		29		59.95	30.3
P	RK1C	54		29		60.05	31.75
P	RK1D	54		29		60.05	31.75
P	RK1F	54		29		59.95	30.3
P	RK1H	54		29		46.65	32.63
P	RK1I	54	17	20		64.28	54.47
P	RK1J	54		29		59.95	30.3
P	RK1L	54		29		59.95	30.3
P	RK1M	54		29		59.95	30.3
P	RK1N	54				63.82	33
P	RK1O	54				63.5	43
P	RK1P	54		20		68.83	54.83
P	RK1Q	54		29		60.08	40.45
P	RK1R	54		29		60.08	40.45
P	RK1S	54		29		60.08	40.45
P	RK1T	54		29		58.43	32.38
P	RK1V	54		29		46.65	32.63
P	RK1W	54		29		57.32	29.25
P	RK1X	54		29		57.32	29.25
P	RK1Z	54				68.03	34.57
P	RK2A	54		29		55.75	37.62
P	RK2B	54		29		55.75	37.62
P	RK2C	54		29		55.75	37.62
P	RK2D	54		29		55.7	36.97
P	RK2E	54		29		52.85	36.43
P	RK2F	126
P	RK2G	54		29		52.7	39.15
P	RK2H	54		29		55.7	36.97
P	RK2I	54		29		57.15	34.62
P	RK2J	54		29		57.15	34.62
P	RK2K	126
P	RK2L	54		29		55	33
P	RK2M	54		29		57.87	39.2
P	RK2N	54		29		58.55	43.68
P	RK2O	54		29		51.05	40.15
P	RK2P	54		29		53.92	37.58
P	RK2Q	54		29		51.05	40.15
P	RK2R	54		29		52.72	41.57
P	RK2S	54		29		54.4	40.6
P	RK2T	54		29		56.48	44.53
P	RK2U	54		29		57.02	41.52
P	RK2V	54		29		56.08	40.62
P	RK2W	54		29		51.75	36.02
P	RK2X	54		29		54.43	35.43
P	RK2Y	54		29		52.95	33.4
P	RK2Z	54		29		50.77	37.45
P	RK3A	54		29		55.75	37.62
P	RK3B	54		29		55.75	37.62
P	RK3C	54		29		55.75	37.62
P	RK3D	54		29		55.7	36.97
P	RK3E	54		29		52.85	36.43
P	RK3F	54		29		55.7	36.97
P	RK3G	54		29		52.7	39.15
P	RK3H	54		29		55.7	36.97
P	RK3I	54		29		57.15	34.62
P	RK3J	54		29		57.15	34.62
P	RK3K	54		29		51.05	40.15
P	RK3L	54		29		55	33
P	RK3M	54		29		57.87	39.2
P	RK3N	54		29		58.55	43.68
P	RK3O	54		29		51.05	40.15
P	RK3P	54		29		53.92	37.58
P	RK3Q	54		29		51.05	40.15
P	RK3R	54		29		52.72	41.57
P	RK3S	54		29		54.4	40.6
P	RK3T	54		29		56.48	44.53
P	RK3U	54		29		57.02	41.52
P	RK3V	54		29		56.08	40.62
P	RK3W	54		29		51.75	36.02
P	RK3X	54		29		54.43	35.43
P	RK3Y	54		29		52.95	33.4
P	RK3Z	54		29		50.77	37.45
P	RK4A	54		29		49.73	44.12
P	RK4B	54		29		49.73	44.12
P	RK4C	54		29		51.78	46.73
P	RK4D	54		29		51.78	46.73
P	RK4F	54		29		53.25	44.57
P	RK4H	54		30		53.45	50.45
P	RK4I	54		30		53.45	50.45
P	RK4L	54		29		53.95	47.92
P	RK4M	54		29		53.95	47.92
P	RK4N	54		29		58.77	49.83
P	RK4O	54		29		58.77	49.83
P	RK4P	54		29		55.55	50.93
P	RK4Q	54		29		55.55	50.93
P	RK4R	54		29		55.55	50.93
P	RK4S	54		29		56.7	47.87
P	RK4T	54		29		56.7	47.87
P	RK4U	54		29		54.43	44.45
P	RK4W	54		30		57.28	52.75
P	RK4Y	54		29		55.55	47.1
P	RK4Z	54		29		55.55	47.1
P	RK5A	54		29		55.75	37.62
P	RK5B	54		29		55.75	37.62
P	RK5C	54		29		55.75	37.62
P	RK5D	54		29		55.7	36.97
P	RK5E	54		29		52.85	36.43
P	RK5F	54		29		55.7	36.97
P	RK5G	54		29		52.7	39.15
P	RK5H	54		29		55.7	36.97
P	RK5I	54		29		57.15	34.62
P	RK5J	54		29		57.15	34.62
P	RK5K	54		29		51.05	40.15
P	RK5L	54		29		55	33
P	RK5M	54		29		57.87	39.2
P	RK5N	54		29		58.55	43.68
P	RK5O	54		29		51.05	40.15
P	RK5P	54		29		53.92	37.58
P	RK5Q	54		29		51.05	40.15
P	RK5R	54		29		52.72	41.57
P	RK5S	54		29		54.4	40.6
P	RK5T	54		29		56.48	44.53
P	RK5U	54		29		57.02	41.52
P	RK5V	54		29		56.08	40.62
P	RK5W	54		29		51.75	36.02
P	RK5X	54		29		54.43	35.43
P	RK5Y	54		29		52.95	33.4
P	RK5Z	54		29		50.77	37.45
P	RK6A	54		29		45.37	39.43
P	RK6B	54		29		45.37	39.43
P	RK6C	54		29		45.37	39.43
P	RK6D	54		29		45.37	39.43
P	RK6E	54		29		43.92	41.78
P	RK6F	54		29		45.05	43.27
P	RK6G	54		29		45.05	43.27
P	RK6H	54		29		45.05	43.27
P	RK6I	54		29		46.57	45.32
P	RK6J	54		29		43.18	44.23
P	RK6K	54		29		44.93	34.1
P	RK6L	54		29		47.87	41.18
P	RK6M	54		29		47.87	41.18
P	RK6N	54		29		47.87	41.18
P	RK6O	54		29		48	37.83
P	RK6P	54		29		43.4	45.72
P	RK6Q	54		29		43.2	44.97
P	RK6R	54		29		50	30
P	RK6S	54		29		47.83	35.17
P	RK6T	54		29		45.05	43.27
P	RK6U	54		29		47.23	47.23
P	RK6V	54		29		47.23	47.23
P	RK6W	54		29		43.1	46.88
P	RK6X	54		29		43.58	43.4
P	RK6Y	54		29		44.65	40
P	RK6Z	54		29		48.57	39.3
P	RK7A	54		29		45.37	39.43
P	RK7B	54		29		45.37	39.43
P	RK7C	54		29		45.37	39.43
P	RK7D	54		29		45.37	39.43
P	RK7E	54		29		43.92	41.78
P	RK7F	54		29		45.05	43.27
P	RK7G	54		29		45.05	43.27
P	RK7H	54		29		45.05	43.27
P	RK7I	54		29		46.57	45.32
P	RK7J	54		29		43.18	44.23
P	RK7K	54		29		44.93	34.1
P	RK7L	54		29		47.87	41.18
P	RK7M	54		29		47.87	41.18
P	RK7N	54		29		47.87	41.18
P	RK7O	54		29		48	37.83
P	RK7P	54		29		43.4	45.72
P	RK7Q	54		29		43.2	44.97
P	RK7R	54		29		50	30
P	RK7S	54		29		47.83	35.17
P	RK7T	54		29		45.05	43.27
P	RK7U	54		29		47.23	47.23
P	RK7V	54		29		47.23	47.23
P	RK7W	54		29		43.1	46.88
P	RK7X	54		29		43.58	43.4
P	RK7Y	54		29		44.65	40
P	RK7Z	54		29		48.57	39.3
P	RK8	15		30
P	RK8A	15		30		54.75	60.7
P	RK8B	15		30		54.75	60.7
P	RK8C	15		30		58.7	61.33
P	RK8D	15		30		58.7	61.33
P	RK8E	15		30		58.7	61.33
P	RK8F	54	17	30		58	56.32
P	RK8G	54	17	30		59.02	54.67
P	RK8H	15	18	31		58.75	82.13
P	RK8I	15	18	31		58.75	82.13
P	RK8J	15				62.25	70.17
P	RK8K	15				65.3	74.03
P	RK8L	15		30		57.83	69
P	RK8M	15		30		56.22	73.27
P	RK8N	15		30		56.22	73.27
P	RK8O	15	18	31		55.45	79.55
P	RK8P	15	18	31		55.45	79.55
P	RK8Q	15		30		55.57	64.75
P	RK8R	15		30		55.57	64.75
P	RK8S	15	16	30		52.13	55.6
P	RK8T	15	16	30		52.13	55.6
P	RK8U	15	18	31		54.93	87.23
P	RK8V	15	18	31		54.93	87.23
P	RK8W	15	16	30		54.47	56.27
P	RK8X	54	17	20		64.28	54.47
P	RK8Y	15	18	31		52.77	82.62
P	RK8Z	15	18	31		50.92	86.92
P	RK9	15		30
P	RK9A	15		30		54.75	60.7
P	RK9B	15		30		54.75	60.7
P	RK9C	15		30		58.7	61.33
P	RK9D	15		30		58.7	61.33
P	RK9E	15		30		58.7	61.33
P	RK9F	54	17	30		58	56.32
P	RK9G	54	17	30		59.02	54.67
P	RK9H	15	18	31		58.75	82.13
P	RK9I	15	18	31		58.75	82.13
P	RK9J	15				62.25	70.17
P	RK9K	15				65.3	74.03
P	RK9L	15		30		57.83	69
P	RK9M	15		30		56.22	73.27
P	RK9N	15		30		56.22	73.27
P	RK9O	15	18	31		55.45	79.55
P	RK9P	15	18	31		55.45	79.55
P	RK9Q	15		30		55.57	64.75
P	RK9R	15		30		55.57	64.75
P	RK9S	15	16	30		52.13	55.6
P	RK9T	15	16	30		52.13	55.6
P	RK9U	15	18	31		54.93	87.23
P	RK9V	15	18	31		54.93	87.23
P	RK9W	15	16	30		54.47	56.27
P	RK9X	54	17	20		64.28	54.47
P	RK9Y	15	18	31		52.77	82.62
P	RK9Z	15	18	31		50.92	86.92
P	RL0	15	19	33
P	RL0A	15	18	32		59.88	91.67
P	RL0B	15	18	32		59.88	91.67
P	RL0C	15	19	34		54.8	136.83
P	RL0D	15	19	33		48.6	132.2
P	RL0E	15	19	34		50.55	142.6
P	RL0F	15	19	34		50.55	142.6
P	RL0G	15	19	33		53.55	127.83
P	RL0H	15	18	32		59.88	91.67
P	RL0I	15	19	24		62.9	153.7
P	RL0J	15	19	33		53.55	127.83
P	RL0K	15	19	25		66.67	171
P	RL0L	15	19	34		45.33	134.67
P	RL0M	15	19	34		45.33	134.67
P	RL0N	15	19	34		45.33	134.67
P	RL0O	15	18	32		53.8	109.33
P	RL0Q	15	19	23		66.4	129.17
P	RL0R	15	18	32		57.37	106
P	RL0S	15	18	32		57.37	106
P	RL0T	15	18	32		57.37	106
P	RL0U	15	18	33		54	118
P	RL0V	15	18	33		54	118
P	RL0W	15	18	31		53.5	90
P	RL0X	15	19	35		56	159
P	RL0Y	15	23	32		51.78	94.75
P	RL0Z	15	19	35		56	159
P	RL1A	54		29		59.95	30.3
P	RL1B	54		29		59.95	30.3
P	RL1C	54		29		60.05	31.75
P	RL1D	54		29		60.05	31.75
P	RL1F	54		29		59.95	30.3
P	RL1H	54		29		46.65	32.63
P	RL1I	54	17	20		64.28	54.47
P	RL1J	54		29		59.95	30.3
P	RL1L	54		29		59.95	30.3
P	RL1M	54		29		59.95	30.3
P	RL1N	54				63.82	33
P	RL1O	54				63.5	43
P	RL1P	54		20		68.83	54.83
P	RL1Q	54		29		60.08	40.45
P	RL1R	54		29		60.08	40.45
P	RL1S	54		29		60.08	40.45
P	RL1T	54		29		58.43	32.38
P	RL1V	54		29		46.65	32.63
P	RL1W	54		29		57.32	29.25
P	RL1X	54		29		57.32	29.25
P	RL1Z	54				68.03	34.57
P	RL2A	54		29		55.75	37.62
P	RL2B	54		29		55.75	37.62
P	RL2C	54		29		55.75	37.62
P	RL2D	54		29		55.7	36.97
P	RL2E	54		29		52.85	36.43
P	RL2F	126
P	RL2G	54		29		52.7	39.15
P	RL2H	54		29		55.7	36.97
P	RL2I	54		29		57.15	34.62
P	RL2J	54		29		57.15	34.62
P	RL2K	126
P	RL2L	54		29		55	33
P	RL2M	54		29		57.87	39.2
P	RL2N	54		29		58.55	43.68
P	RL2O	54		29		51.05	40.15
P	RL2P	54		29		53.92	37.58
P	RL2Q	54		29		51.05	40.15
P	RL2R	54		29		52.72	41.57
P	RL2S	54		29		54.4	40.6
P	RL2T	54		29		56.48	44.53
P	RL2U	54		29		57.02	41.52
P	RL2V	54		29		56.08	40.62
P	RL2W	54		29		51.75	36.02
P	RL2X	54		29		54.43	35.43
P	RL2Y	54		29		52.95	33.4
P	RL2Z	54		29		50.77	37.45
P	RL3A	54		29		55.75	37.62
P	RL3B	54		29		55.75	37.62
P	RL3C	54		29		55.75	37.62
P	RL3D	54		29		55.7	36.97
P	RL3E	54		29		52.85	36.43
P	RL3F	54		29		55.7	36.97
P	RL3G	54		29		52.7	39.15
P	RL3H	54		29		55.7	36.97
P	RL3I	54		29		57.15	34.62
P	RL3J	54		29		57.15	34.62
P	RL3K	54		29		51.05	40.15
P	RL3L	54		29		55	33
P	RL3M	54		29		57.87	39.2
P	RL3N	54		29		58.55	43.68
P	RL3O	54		29		51.05	40.15
P	RL3P	54		29		53.92	37.58
P	RL3Q	54		29		51.05	40.15
P	RL3R	54		29		52.72	41.57
P	RL3S	54		29		54.4	40.6
P	RL3T	54		29		56.48	44.53
P	RL3U	54		29		57.02	41.52
P	RL3V	54		29		56.08	40.62
P	RL3W	54		29		51.75	36.02
P	RL3X	54		29		54.43	35.43
P	RL3Y	54		29		52.95	33.4
P	RL3Z	54		29		50.77	37.45
P	RL4A	54		29		49.73	44.12
P	RL4B	54		29		49.73	44.12
P	RL4C	54		29		51.78	46.73
P	RL4D	54		29		51.78	46.73
P	RL4F	54		29		53.25	44.57
P	RL4H	54		30		53.45	50.45
P	RL4I	54		30		53.45	50.45
P	RL4L	54		29		53.95	47.92
P	RL4M	54		29		53.95	47.92
P	RL4N	54		29		58.77	49.83
P	RL4O	54		29		58.77	49.83
P	RL4P	54		29		55.55	50.93
P	RL4Q	54		29		55.55	50.93
P	RL4R	54		29		55.55	50.93
P	RL4S	54		29		56.7	47.87
P	RL4T	54		29		56.7	47.87
P	RL4U	54		29		54.43	44.45
P	RL4W	54		30		57.28	52.75
P	RL4Y	54		29		55.55	47.1
P	RL4Z	54		29		55.55	47.1
P	RL5A	54		29		55.75	37.62
P	RL5B	54		29		55.75	37.62
P	RL5C	54		29		55.75	37.62
P	RL5D	54		29		55.7	36.97
P	RL5E	54		29		52.85	36.43
P	RL5F	54		29		55.7	36.97
P	RL5G	54		29		52.7	39.15
P	RL5H	54		29		55.7	36.97
P	RL5I	54		29		57.15	34.62
P	RL5J	54		29		57.15	34.62
P	RL5K	54		29		51.05	40.15
P	RL5L	54		29		55	33
P	RL5M	54		29		57.87	39.2
P	RL5N	54		29		58.55	43.68
P	RL5O	54		29		51.05	40.15
P	RL5P	54		29		53.92	37.58
P	RL5Q	54		29		51.05	40.15
P	RL5R	54		29		52.72	41.57
P	RL5S	54		29		54.4	40.6
P	RL5T	54		29		56.48	44.53
P	RL5U	54		29		57.02	41.52
P	RL5V	54		29		56.08	40.62
P	RL5W	54		29		51.75	36.02
P	RL5X	54		29		54.43	35.43
P	RL5Y	54		29		52.95	33.4
P	RL5Z	54		29		50.77	37.45
P	RL6A	54		29		45.37	39.43
P	RL6B	54		29		45.37	39.43
P	RL6C	54		29		45.37	39.43
P	RL6D	54		29		45.37	39.43
P	RL6E	54		29		43.92	41.78
P	RL6F	54		29		45.05	43.27
P	RL6G	54		29		45.05	43.27
P	RL6H	54		29		45.05	43.27
P	RL6I	54		29		46.57	45.32
P	RL6J	54		29		43.18	44.23
P	RL6K	54		29		44.93	34.1
P	RL6L	54		29		47.87	41.18
P	RL6M	54		29		47.87	41.18
P	RL6N	54		29		47.87	41.18
P	RL6O	54		29		48	37.83
P	RL6P	54		29		43.4	45.72
P	RL6Q	54		29		43.2	44.97
P	RL6R	54		29		50	30
P	RL6S	54		29		47.83	35.17
P	RL6T	54		29		45.05	43.27
P	RL6U	54		29		47.23	47.23
P	RL6V	54		29		47.23	47.23
P	RL6W	54		29		43.1	46.88
P	RL6X	54		29		43.58	43.4
P	RL6Y	54		29		44.65	40
P	RL6Z	54		29		48.57	39.3
P	RL7A	54		29		45.37	39.43
P	RL7B	54		29		45.37	39.43
P	RL7C	54		29		45.37	39.43
P	RL7D	54		29		45.37	39.43
P	RL7E	54		29		43.92	41.78
P	RL7F	54		29		45.05	43.27
P	RL7G	54		29		45.05	43.27
P	RL7H	54		29		45.05	43.27
P	RL7I	54		29		46.57	45.32
P	RL7J	54		29		43.18	44.23
P	RL7K	54		29		44.93	34.1
P	RL7L	54		29		47.87	41.18
P	RL7M	54		29		47.87	41.18
P	RL7N	54		29		47.87	41.18
P	RL7O	54		29		48	37.83
P	RL7P	54		29		43.4	45.72
P	RL7Q	54		29		43.2	44.97
P	RL7R	54		29		50	30
P	RL7S	54		29		47.83	35.17
P	RL7T	54		29		45.05	43.27
P	RL7U	54		29		47.23	47.23
P	RL7V	54		29		47.23	47.23
P	RL7W	54		29		43.1	46.88
P	RL7X	54		29		43.58	43.4
P	RL7Y	54		29		44.65	40
P	RL7Z	54		29		48.57	39.3
P	RL8	15		30
P	RL8A	15		30		54.75	60.7
P	RL8B	15		30		54.75	60.7
P	RL8C	15		30		58.7	61.33
P	RL8D	15		30		58.7	61.33
P	RL8E	15		30		58.7	61.33
P	RL8F	54	17	30		58	56.32
P	RL8G	54	17	30		59.02	54.67
P	RL8H	15	18	31		58.75	82.13
P	RL8I	15	18	31		58.75	82.13
P	RL8J	15				62.25	70.17
P	RL8K	15				65.3	74.03
P	RL8L	15		30		57.83	69
P	RL8M	15		30		56.22	73.27
P	RL8N	15		30		56.22	73.27
P	RL8O	15	18	31		55.45	79.55
P	RL8P	15	18	31		55.45	79.55
P	RL8Q	15		30		55.57	64.75
P	RL8R	15		30		55.57	64.75
P	RL8S	15	16	30		52.13	55.6
P	RL8T	15	16	30		52.13	55.6
P	RL8U	15	18	31		54.93	87.23
P	RL8V	15	18	31		54.93	87.23
P	RL8W	15	16	30		54.47	56.27
P	RL8X	54	17	20		64.28	54.47
P	RL8Y	15	18	31		52.77	82.62
P	RL8Z	15	18	31		50.92	86.92
P	RL9	15		30
P	RL9A	15		30		54.75	60.7
P	RL9B	15		30		54.75	60.7
P	RL9C	15		30		58.7	61.33
P	RL9D	15		30		58.7	61.33
P	RL9E	15		30		58.7	61.33
P	RL9F	54	17	30		58	56.32
P	RL9G	54	17	30		59.02	54.67
P	RL9H	15	18	31		58.75	82.13
P	RL9I	15	18	31		58.75	82.13
P	RL9J	15				62.25	70.17
P	RL9K	15				65.3	74.03
P	RL9L	15		30		57.83	69
P	RL9M	15		30		56.22	73.27
P	RL9N	15		30		56.22	73.27
P	RL9O	15	18	31		55.45	79.55
P	RL9P	15	18	31		55.45	79.55
P	RL9Q	15		30		55.57	64.75
P	RL9R	15		30		55.57	64.75
P	RL9S	15	16	30		52.13	55.6
P	RL9T	15	16	30		52.13	55.6
P	RL9U	15	18	31		54.93	87.23
P	RL9V	15	18	31		54.93	87.23
P	RL9W	15	16	30		54.47	56.27
P	RL9X	54	17	20		64.28	54.47
P	RL9Y	15	18	31		52.77	82.62
P	RL9Z	15	18	31		50.92	86.92
P	RM0	15	19	33
P	RM0A	15	18	32		59.88	91.67
P	RM0B	15	18	32		59.88	91.67
P	RM0C	15	19	34		54.8	136.83
P	RM0D	15	19	33		48.6	132.2
P	RM0E	15	19	34		50.55	142.6
P	RM0F	15	19	34		50.55	142.6
P	RM0G	15	19	33		53.55	127.83
P	RM0H	15	18	32		59.88	91.67
P	RM0I	15	19	24		62.9	153.7
P	RM0J	15	19	33		53.55	127.83
P	RM0K	15	19	25		66.67	171
P	RM0L	15	19	34		45.33	134.67
P	RM0M	15	19	34		45.33	134.67
P	RM0N	15	19	34		45.33	134.67
P	RM0O	15	18	32		53.8	109.33
P	RM0Q	15	19	23		66.4	129.17
P	RM0R	15	18	32		57.37	106
P	RM0S	15	18	32		57.37	106
P	RM0T	15	18	32		57.37	106
P	RM0U	15	18	33		54	118
P	RM0V	15	18	33		54	118
P	RM0W	15	18	31		53.5	90
P	RM0X	15	19	35		56	159
P	RM0Y	15	23	32		51.78	94.75
P	RM0Z	15	19	35		56	159
P	RM1A	54		29		59.95	30.3
P	RM1B	54		29		59.95	30.3
P	RM1C	54		29		60.05	31.75
P	RM1D	54		29		60.05	31.75
P	RM1F	54		29		59.95	30.3
P	RM1H	54		29		46.65	32.63
P	RM1I	54	17	20		64.28	54.47
P	RM1J	54		29		59.95	30.3
P	RM1L	54		29		59.95	30.3
P	RM1M	54		29		59.95	30.3
P	RM1N	54				63.82	33
P	RM1O	54				63.5	43
P	RM1P	54		20		68.83	54.83
P	RM1Q	54		29		60.08	40.45
P	RM1R	54		29		60.08	40.45
P	RM1S	54		29		60.08	40.45
P	RM1T	54		29		58.43	32.38
P	RM1V	54		29		46.65	32.63
P	RM1W	54		29		57.32	29.25
P	RM1X	54		29		57.32	29.25
P	RM1Z	54				68.03	34.57
P	RM2A	54		29		55.75	37.62
P	RM2B	54		29		55.75	37.62
P	RM2C	54		29		55.75	37.62
P	RM2D	54		29		55.7	36.97
P	RM2E	54		29		52.85	36.43
P	RM2F	126
P	RM2G	54		29		52.7	39.15
P	RM2H	54		29		55.7	36.97
P	RM2I	54		29		57.15	34.62
P	RM2J	54		29		57.15	34.62
P	RM2K	126
P	RM2L	54		29		55	33
P	RM2M	54		29		57.87	39.2
P	RM2N	54		29		58.55	43.68
P	RM2O	54		29		51.05	40.15
P	RM2P	54		29		53.92	37.58
P	RM2Q	54		29		51.05	40.15
P	RM2R	54		29		52.72	41.57
P	RM2S	54		29		54.4	40.6
P	RM2T	54		29		56.48	44.53
P	RM2U	54		29		57.02	41.52
P	RM2V	54		29		56.08	40.62
P	RM2W	54		29		51.75	36.02
P	RM2X	54		29		54.43	35.43
P	RM2Y	54		29		52.95	33.4
P	RM2Z	54		29		50.77	37.45
P	RM3A	54		29		55.75	37.62
P	RM3B	54		29		55.75	37.62
P	RM3C	54		29		55.75	37.62
P	RM3D	54		29		55.7	36.97
P	RM3E	54		29		52.85	36.43
P	RM3F	54		29		55.7	36.97
P	RM3G	54		29		52.7	39.15
P	RM3H	54		29		55.7	36.97
P	RM3I	54		29		57.15	34.62
P	RM3J	54		29		57.15	34.62
P	RM3K	54		29		51.05	40.15
P	RM3L	54		29		55	33
P	RM3M	54		29		57.87	39.2
P	RM3N	54		29		58.55	43.68
P	RM3O	54		29		51.05	40.15
P	RM3P	54		29		53.92	37.58
P	RM3Q	54		29		51.05	40.15
P	RM3R	54		29		52.72	41.57
P	RM3S	54		29		54.4	40.6
P	RM3T	54		29		56.48	44.53
P	RM3U	54		29		57.02	41.52
P	RM3V	54		29		56.08	40.62
P	RM3W	54		29		51.75	36.02
P	RM3X	54		29		54.43	35.43
P	RM3Y	54		29		52.95	33.4
P	RM3Z	54		29		50.77	37.45
P	RM4A	54		29		49.73	44.12
P	RM4B	54		29		49.73	44.12
P	RM4C	54		29		51.78	46.73
P	RM4D	54		29		51.78	46.73
P	RM4F	54		29		53.25	44.57
P	RM4H	54		30		53.45	50.45
P	RM4I	54		30		53.45	50.45
P	RM4L	54		29		53.95	47.92
P	RM4M	54		29		53.95	47.92
P	RM4N	54		29		58.77	49.83
P	RM4O	54		29		58.77	49.83
P	RM4P	54		29		55.55	50.93
P	RM4Q	54		29		55.55	50.93
P	RM4R	54		29		55.55	50.93
P	RM4S	54		29		56.7	47.87
P	RM4T	54		29		56.7	47.87
P	RM4U	54		29		54.43	44.45
P	RM4W	54		30		57.28	52.75
P	RM4Y	54		29		55.55	47.1
P	RM4Z	54		29		55.55	47.1
P	RM5A	54		29		55.75	37.62
P	RM5B	54		29		55.75	37.62
P	RM5C	54		29		55.75	37.62
P	RM5D	54		29		55.7	36.97
P	RM5E	54		29		52.85	36.43
P	RM5F	54		29		55.7	36.97
P	RM5G	54		29		52.7	39.15
P	RM5H	54		29		55.7	36.97
P	RM5I	54		29		57.15	34.62
P	RM5J	54		29		57.15	34.62
P	RM5K	54		29		51.05	40.15
P	RM5L	54		29		55	33
P	RM5M	54		29		57.87	39.2
P	RM5N	54		29		58.55	43.68
P	RM5O	54		29		51.05	40.15
P	RM5P	54		29		53.92	37.58
P	RM5Q	54		29		51.05	40.15
P	RM5R	54		29		52.72	41.57
P	RM5S	54		29		54.4	40.6
P	RM5T	54		29		56.48	44.53
P	RM5U	54		29		57.02	41.52
P	RM5V	54		29		56.08	40.62
P	RM5W	54		29		51.75	36.02
P	RM5X	54		29		54.43	35.43
P	RM5Y	54		29		52.95	33.4
P	RM5Z	54		29		50.77	37.45
P	RM6A	54		29		45.37	39.43
P	RM6B	54		29		45.37	39.43
P	RM6C	54		29		45.37	39.43
P	RM6D	54		29		45.37	39.43
P	RM6E	54		29		43.92	41.78
P	RM6F	54		29		45.05	43.27
P	RM6G	54		29		45.05	43.27
P	RM6H	54		29		45.05	43.27
P	RM6I	54		29		46.57	45.32
P	RM6J	54		29		43.18	44.23
P	RM6K	54		29		44.93	34.1
P	RM6L	54		29		47.87	41.18
P	RM6M	54		29		47.87	41.18
P	RM6N	54		29		47.87	41.18
P	RM6O	54		29		48	37.83
P	RM6P	54		29		43.4	45.72
P	RM6Q	54		29		43.2	44.97
P	RM6R	54		29		50	30
P	RM6S	54		29		47.83	35.17
P	RM6T	54		29		45.05	43.27
P	RM6U	54		29		47.23	47.23
P	RM6V	54		29		47.23	47.23
P	RM6W	54		29		43.1	46.88
P	RM6X	54		29		43.58	43.4
P	RM6Y	54		29		44.65	40
P	RM6Z	54		29		48.57	39.3
P	RM7A	54		29		45.37	39.43
P	RM7B	54		29		45.37	39.43
P	RM7C	54		29		45.37	39.43
P	RM7D	54		29		45.37	39.43
P	RM7E	54		29		43.92	41.78
P	RM7F	54		29		45.05	43.27
P	RM7G	54		29		45.05	43.27
P	RM7H	54		29		45.05	43.27
P	RM7I	54		29		46.57	45.32
P	RM7J	54		29		43.18	44.23
P	RM7K	54		29		44.93	34.1
P	RM7L	54		29		47.87	41.18
P	RM7M	54		29		47.87	41.18
P	RM7N	54		29		47.87	41.18
P	RM7O	54		29		48	37.83
P	RM7P	54		29		43.4	45.72
P	RM7Q	54		29		43.2	44.97
P	RM7R	54		29		50	30
P	RM7S	54		29		47.83	35.17
P	RM7T	54		29		45.05	43.27
P	RM7U	54		29		47.23	47.23
P	RM7V	54		29		47.23	47.23
P	RM7W	54		29		43.1	46.88
P	RM7X	54		29		43.58	43.4
P	RM7Y	54		29		44.65	40
P	RM7Z	54		29		48.57	39.3
P	RM8	15		30
P	RM8A	15		30		54.75	60.7
P	RM8B	15		30		54.75	60.7
P	RM8C	15		30		58.7	61.33
P	RM8D	15		30		58.7	61.33
P	RM8E	15		30		58.7	61.33
P	RM8F	54	17	30		58	56.32
P	RM8G	54	17	30		59.02	54.67
P	RM8H	15	18	31		58.75	82.13
P	RM8I	15	18	31		58.75	82.13
P	RM8J	15				62.25	70.17
P	RM8K	15				65.3	74.03
P	RM8L	15		30		57.83	69
P	RM8M	15		30		56.22	73.27
P	RM8N	15		30		56.22	73.27
P	RM8O	15	18	31		55.45	79.55
P	RM8P	15	18	31		55.45	79.55
P	RM8Q	15		30		55.57	64.75
P	RM8R	15		30		55.57	64.75
P	RM8S	15	16	30		52.13	55.6
P	RM8T	15	16	30		52.13	55.6
P	RM8U	15	18	31		54.93	87.23
P	RM8V	15	18	31		54.93	87.23
P	RM8W	15	16	30		54.47	56.27
P	RM8X	54	17	20		64.28	54.47
P	RM8Y	15	18	31		52.77	82.62
P	RM8Z	15	18	31		50.92	86.92
P	RM9	15		30
P	RM9A	15		30		54.75	60.7
P	RM9B	15		30		54.75	60.7
P	RM9C	15		30		58.7	61.33
P	RM9D	15		30		58.7	61.33
P	RM9E	15		30		58.7	61.33
P	RM9F	54	17	30		58	56.32
P	RM9G	54	17	30		59.02	54.67
P	RM9H	15	18	31		58.75	82.13
P	RM9I	15	18	31		58.75	82.13
P	RM9J	15				62.25	70.17
P	RM9K	15				65.3	74.03
P	RM9L	15		30		57.83	69
P	RM9M	15		30		56.22	73.27
P	RM9N	15		30		56.22	73.27
P	RM9O	15	18	31		55.45	79.55
P	RM9P	15	18	31		55.45	79.55
P	RM9Q	15		30		55.57	64.75
P	RM9R	15		30		55.57	64.75
P	RM9S	15	16	30		52.13	55.6
P	RM9T	15	16	30		52.13	55.6
P	RM9U	15	18	31		54.93	87.23
P	RM9V	15	18	31		54.93	87.23
P	RM9W	15	16	30		54.47	56.27
P	RM9X	54	17	20		64.28	54.47
P	RM9Y	15	18	31		52.77	82.62
P	RM9Z	15	18	31		50.92	86.92
P	RN0	15	19	33
P	RN0A	15	18	32		59.88	91.67
P	RN0B	15	18	32		59.88	91.67
P	RN0C	15	19	34		54.8	136.83
P	RN0D	15	19	33		48.6	132.2
P	RN0E	15	19	34		50.55	142.6
P	RN0F	15	19	34		50.55	142.6
P	RN0G	15	19	33		53.55	127.83
P	RN0H	15	18	32		59.88	91.67
P	RN0I	15	19	24		62.9	153.7
P	RN0J	15	19	33		53.55	127.83
P	RN0K	15	19	25		66.67	171
P	RN0L	15	19	34		45.33	134.67
P	RN0M	15	19	34		45.33	134.67
P	RN0N	15	19	34		45.33	134.67
P	RN0O	15	18	32		53.8	109.33
P	RN0Q	15	19	23		66.4	129.17
P	RN0R	15	18	32		57.37	106
P	RN0S	15	18	32		57.37	106
P	RN0T	15	18	32		57.37	106
P	RN0U	15	18	33		54	118
P	RN0V	15	18	33		54	118
P	RN0W	15	18	31		53.5	90
P	RN0X	15	19	35		56	159
P	RN0Y	15	23	32		51.78	94.75
P	RN0Z	15	19	35		56	159
P	RN1A	54		29		59.95	30.3
P	RN1B	54		29		59.95	30.3
P	RN1C	54		29		60.05	31.75
P	RN1D	54		29		60.05	31.75
P	RN1F	54		29		59.95	30.3
P	RN1H	54		29		46.65	32.63
P	RN1I	54	17	20		64.28	54.47
P	RN1J	54		29		59.95	30.3
P	RN1L	54		29		59.95	30.3
P	RN1M	54		29		59.95	30.3
P	RN1N	54				63.82	33
P	RN1O	54				63.5	43
P	RN1P	54		20		68.83	54.83
P	RN1Q	54		29		60.08	40.45
P	RN1R	54		29		60.08	40.45
P	RN1S	54		29		60.08	40.45
P	RN1T	54		29		58.43	32.38
P	RN1V	54		29		46.65	32.63
P	RN1W	54		29		57.32	29.25
P	RN1X	54		29		57.32	29.25
P	RN1Z	54				68.03	34.57
P	RN2A	54		29		55.75	37.62
P	RN2B	54		29		55.75	37.62
P	RN2C	54		29		55.75	37.62
P	RN2D	54		29		55.7	36.97
P	RN2E	54		29		52.85	36.43
P	RN2F	126
P	RN2G	54		29		52.7	39.15
P	RN2H	54		29		55.7	36.97
P	RN2I	54		29		57.15	34.62
P	RN2J	54		29		57.15	34.62
P	RN2K	126
P	RN2L	54		29		55	33
P	RN2M	54		29		57.87	39.2
P	RN2N	54		29		58.55	43.68
P	RN2O	54		29		51.05	40.15
P	RN2P	54		29		53.92	37.58
P	RN2Q	54		29		51.05	40.15
P	RN2R	54		29		52.72	41.57
P	RN2S	54		29		54.4	40.6
P	RN2T	54		29		56.48	44.53
P	RN2U	54		29		57.02	41.52
P	RN2V	54		29		56.08	40.62
P	RN2W	54		29		51.75	36.02
P	RN2X	54		29		54.43	35.43
P	RN2Y	54		29		52.95	33.4
P	RN2Z	54		29		50.77	37.45
P	RN3A	54		29		55.75	37.62
P	RN3B	54		29		55.75	37.62
P	RN3C	54		29		55.75	37.62
P	RN3D	54		29		55.7	36.97
P	RN3E	54		29		52.85	36.43
P	RN3F	54		29		55.7	36.97
P	RN3G	54		29		52.7	39.15
P	RN3H	54		29		55.7	36.97
P	RN3I	54		29		57.15	34.62
P	RN3J	54		29		57.15	34.62
P	RN3K	54		29		51.05	40.15
P	RN3L	54		29		55	33
P	RN3M	54		29		57.87	39.2
P	RN3N	54		29		58.55	43.68
P	RN3O	54		29		51.05	40.15
P	RN3P	54		29		53.92	37.58
P	RN3Q	54		29		51.05	40.15
P	RN3R	54		29		52.72	41.57
P	RN3S	54		29		54.4	40.6
P	RN3T	54		29		56.48	44.53
P	RN3U	54		29		57.02	41.52
P	RN3V	54		29		56.08	40.62
P	RN3W	54		29		51.75	36.02
P	RN3X	54		29		54.43	35.43
P	RN3Y	54		29		52.95	33.4
P	RN3Z	54		29		50.77	37.45
P	RN4A	54		29		49.73	44.12
P	RN4B	54		29		49.73	44.12
P	RN4C	54		29		51.78	46.73
P	RN4D	54		29		51.78	46.73
P	RN4F	54		29		53.25	44.57
P	RN4H	54		30		53.45	50.45
P	RN4I	54		30		53.45	50.45
P	RN4L	54		29		53.95	47.92
P	RN4M	54		29		53.95	47.92
P	RN4N	54		29		58.77	49.83
P	RN4O	54		29		58.77	49.83
P	RN4P	54		29		55.55	50.93
P	RN4Q	54		29		55.55	50.93
P	RN4R	54		29		55.55	50.93
P	RN4S	54		29		56.7	47.87
P	RN4T	54		29		56.7	47.87
P	RN4U	54		29		54.43	44.45
P	RN4W	54		30		57.28	52.75
P	RN4Y	54		29		55.55	47.1
P	RN4Z	54		29		55.55	47.1
P	RN5A	54		29		55.75	37.62
P	RN5B	54		29		55.75	37.62
P	RN5C	54		29		55.75	37.62
P	RN5D	54		29		55.7	36.97
P	RN5E	54		29		52.85	36.43
P	RN5F	54		29		55.7	36.97
P	RN5G	54		29		52.7	39.15
P	RN5H	54		29		55.7	36.97
P	RN5I	54		29		57.15	34.62
P	RN5J	54		29		57.15	34.62
P	RN5K	54		29		51.05	40.15
P	RN5L	54		29		55	33
P	RN5M	54		29		57.87	39.2
P	RN5N	54		29		58.55	43.68
P	RN5O	54		29		51.05	40.15
P	RN5P	54		29		53.92	37.58
P	RN5Q	54		29		51.05	40.15
P	RN5R	54		29		52.72	41.57
P	RN5S	54		29		54.4	40.6
P	RN5T	54		29		56.48	44.53
P	RN5U	54		29		57.02	41.52
P	RN5V	54		29		56.08	40.62
P	RN5W	54		29		51.75	36.02
P	RN5X	54		29		54.43	35.43
P	RN5Y	54		29		52.95	33.4
P	RN5Z	54		29		50.77	37.45
P	RN6A	54		29		45.37	39.43
P	RN6B	54		29		45.37	39.43
P	RN6C	54		29		45.37	39.43
P	RN6D	54		29		45.37	39.43
P	RN6E	54		29		43.92	41.78
P	RN6F	54		29		45.05	43.27
P	RN6G	54		29		45.05	43.27
P	RN6H	54		29		45.05	43.27
P	RN6I	54		29		46.57	45.32
P	RN6J	54		29		43.18	44.23
P	RN6K	54		29		44.93	34.1
P	RN6L	54		29		47.87	41.18
P	RN6M	54		29		47.87	41.18
P	RN6N	54		29		47.87	41.18
P	RN6O	54		29		48	37.83
P	RN6P	54		29		43.4	45.72
P	RN6Q	54		29		43.2	44.97
P	RN6R	54		29		50	30
P	RN6S	54		29		47.83	35.17
P	RN6T	54		29		45.05	43.27
P	RN6U	54		29		47.23	47.23
P	RN6V	54		29		47.23	47.23
P	RN6W	54		29		43.1	46.88
P	RN6X	54		29		43.58	43.4
P	RN6Y	54		29		44.65	40
P	RN6Z	54		29		48.57	39.3
P	RN7A	54		29		45.37	39.43
P	RN7B	54		29		45.37	39.43
P	RN7C	54		29		45.37	39.43
P	RN7D	54		29		45.37	39.43
P	RN7E	54		29		43.92	41.78
P	RN7F	54		29		45.05	43.27
P	RN7G	54		29		45.05	43.27
P	RN7H	54		29		45.05	43.27
P	RN7I	54		29		46.57	45.32
P	RN7J	54		29		43.18	44.23
P	RN7K	54		29		44.93	34.1
P	RN7L	54		29		47.87	41.18
P	RN7M	54		29		47.87	41.18
P	RN7N	54		29		47.87	41.18
P	RN7O	54		29		48	37.83
P	RN7P	54		29		43.4	45.72
P	RN7Q	54		29		43.2	44.97
P	RN7R	54		29		50	30
P	RN7S	54		29		47.83	35.17
P	RN7T	54		29		45.05	43.27
P	RN7U	54		29		47.23	47.23
P	RN7V	54		29		47.23	47.23
P	RN7W	54		29		43.1	46.88
P	RN7X	54		29		43.58	43.4
P	RN7Y	54		29		44.65	40
P	RN7Z	54		29		48.57	39.3
P	RN8	15		30
P	RN8A	15		30		54.75	60.7
P	RN8B	15		30		54.75	60.7
P	RN8C	15		30		58.7	61.33
P	RN8D	15		30		58.7	61.33
P	RN8E	15		30		58.7	61.33
P	RN8F	54	17	30		58	56.32
P	RN8G	54	17	30		59.02	54.67
P	RN8H	15	18	31		58.75	82.13
P	RN8I	15	18	31		58.75	82.13
P	RN8J	15				62.25	70.17
P	RN8K	15				65.3	74.03
P	RN8L	15		30		57.83	69
P	RN8M	15		30		56.22	73.27
P	RN8N	15		30		56.22	73.27
P	RN8O	15	18	31		55.45	79.55
P	RN8P	15	18	31		55.45	79.55
P	RN8Q	15		30		55.57	64.75
P	RN8R	15		30		55.57	64.75
P	RN8S	15	16	30		52.13	55.6
P	RN8T	15	16	30		52.13	55.6
P	RN8U	15	18	31		54.93	87.23
P	RN8V	15	18	31		54.93	87.23
P	RN8W	15	16	30		54.47	56.27
P	RN8X	54	17	20		64.28	54.47
P	RN8Y	15	18	31		52.77	82.62
P	RN8Z	15	18	31		50.92	86.92
P	RN9	15		30
P	RN9A	15		30		54.75	60.7
P	RN9B	15		30		54.75	60.7
P	RN9C	15		30		58.7	61.33
P	RN9D	15		30		58.7	61.33
P	RN9E	15		30		58.7	61.33
P	RN9F	54	17	30		58	56.32
P	RN9G	54	17	30		59.02	54.67
P	RN9H	15	18	31		58.75	82.13
P	RN9I	15	18	31		58.75	82.13
P	RN9J	15				62.25	70.17
P	RN9K	15				65.3	74.03
P	RN9L	15		30		57.83	69
P	RN9M	15		30		56.22	73.27
P	RN9N	15		30		56.22	73.27
P	RN9O	15	18	31		55.45	79.55
P	RN9P	15	18	31		55.45	79.55
P	RN9Q	15		30		55.57	64.75
P	RN9R	15		30		55.57	64.75
P	RN9S	15	16	30		52.13	55.6
P	RN9T	15	16	30		52.13	55.6
P	RN9U	15	18	31		54.93	87.23
P	RN9V	15	18	31		54.93	87.23
P	RN9W	15	16	30		54.47	56.27
P	RN9X	54	17	20		64.28	54.47
P	RN9Y	15	18	31		52.77	82.62
P	RN9Z	15	18	31		50.92	86.92
P	RO0	15	19	33
P	RO0A	15	18	32		59.88	91.67
P	RO0B	15	18	32		59.88	91.67
P	RO0C	15	19	34		54.8	136.83
P	RO0D	15	19	33		48.6	132.2
P	RO0E	15	19	34		50.55	142.6
P	RO0F	15	19	34		50.55	142.6
P	RO0G	15	19	33		53.55	127.83
P	RO0H	15	18	32		59.88	91.67
P	RO0I	15	19	24		62.9	153.7
P	RO0J	15	19	33		53.55	127.83
P	RO0K	15	19	25		66.67	171
P	RO0L	15	19	34		45.33	134.67
P	RO0M	15	19	34		45.33	134.67
P	RO0N	15	19	34		45.33	134.67
P	RO0O	15	18	32		53.8	109.33
P	RO0Q	15	19	23		66.4	129.17
P	RO0R	15	18	32		57.37	106
P	RO0S	15	18	32		57.37	106
P	RO0T	15	18	32		57.37	106
P	RO0U	15	18	33		54	118
P	RO0V	15	18	33		54	118
P	RO0W	15	18	31		53.5	90
P	RO0X	15	19	35		56	159
P	RO0Y	15	23	32		51.78	94.75
P	RO0Z	15	19	35		56	159
P	RO1A	54		29		59.95	30.3
P	RO1B	54		29		59.95	30.3
P	RO1C	54		29		60.05	31.75
P	RO1D	54		29		60.05	31.75
P	RO1F	54		29		59.95	30.3
P	RO1H	54		29		46.65	32.63
P	RO1I	54	17	20		64.28	54.47
P	RO1J	54		29		59.95	30.3
P	RO1L	54		29		59.95	30.3
P	RO1M	54		29		59.95	30.3
P	RO1N	54				63.82	33
P	RO1O	54				63.5	43
P	RO1P	54		20		68.83	54.83
P	RO1Q	54		29		60.08	40.45
P	RO1R	54		29		60.08	40.45
P	RO1S	54		29		60.08	40.45
P	RO1T	54		29		58.43	32.38
P	RO1V	54		29		46.65	32.63
P	RO1W	54		29		57.32	29.25
P	RO1X	54		29		57.32	29.25
P	RO1Z	54				68.03	34.57
P	RO2A	54		29		55.75	37.62
P	RO2B	54		29		55.75	37.62
P	RO2C	54		29		55.75	37.62
P	RO2D	54		29		55.7	36.97
P	RO2E	54		29		52.85	36.43
P	RO2F	126
P	RO2G	54		29		52.7	39.15
P	RO2H	54		29		55.7	36.97
P	RO2I	54		29		57.15	34.62
P	RO2J	54		29		57.15	34.62
P	RO2K	126
P	RO2L	54		29		55	33
P	RO2M	54		29		57.87	39.2
P	RO2N	54		29		58.55	43.68
P	RO2O	54		29		51.05	40.15
P	RO2P	54		29		53.92	37.58
P	RO2Q	54		29		51.05	40.15
P	RO2R	54		29		52.72	41.57
P	RO2S	54		29		54.4	40.6
P	RO2T	54		29		56.48	44.53
P	RO2U	54		29		57.02	41.52
P	RO2V	54		29		56.08	40.62
P	RO2W	54		29		51.75	36.02
P	RO2X	54		29		54.43	35.43
P	RO2Y	54		29		52.95	33.4
P	RO2Z	54		29		50.77	37.45
P	RO3A	54		29		55.75	37.62
P	RO3B	54		29		55.75	37.62
P	RO3C	54		29		55.75	37.62
P	RO3D	54		29		55.7	36.97
P	RO3E	54		29		52.85	36.43
P	RO3F	54		29		55.7	36.97
P	RO3G	54		29		52.7	39.15
P	RO3H	54		29		55.7	36.97
P	RO3I	54		29		57.15	34.62
P	RO3J	54		29		57.15	34.62
P	RO3K	54		29		51.05	40.15
P	RO3L	54		29		55	33
P	RO3M	54		29		57.87	39.2
P	RO3N	54		29		58.55	43.68
P	RO3O	54		29		51.05	40.15
P	RO3P	54		29		53.92	37.58
P	RO3Q	54		29		51.05	40.15
P	RO3R	54		29		52.72	41.57
P	RO3S	54		29		54.4	40.6
P	RO3T	54		29		56.48	44.53
P	RO3U	54		29		57.02	41.52
P	RO3V	54		29		56.08	40.62
P	RO3W	54		29		51.75	36.02
P	RO3X	54		29		54.43	35.43
P	RO3Y	54		29		52.95	33.4
P	RO3Z	54		29		50.77	37.45
P	RO4A	54		29		49.73	44.12
P	RO4B	54		29		49.73	44.12
P	RO4C	54		29		51.78	46.73
P	RO4D	54		29		51.78	46.73
P	RO4F	54		29		53.25	44.57
P	RO4H	54		30		53.45	50.45
P	RO4I	54		30		53.45	50.45
P	RO4L	54		29		53.95	47.92
P	RO4M	54		29		53.95	47.92
P	RO4N	54		29		58.77	49.83
P	RO4O	54		29		58.77	49.83
P	RO4P	54		29		55.55	50.93
P	RO4Q	54		29		55.55	50.93
P	RO4R	54		29		55.55	50.93
P	RO4S	54		29		56.7	47.87
P	RO4T	54		29		56.7	47.87
P	RO4U	54		29		54.43	44.45
P	RO4W	54		30		57.28	52.75
P	RO4Y	54		29		55.55	47.1
P	RO4Z	54		29		55.55	47.1
P	RO5A	54		29		55.75	37.62
P	RO5B	54		29		55.75	37.62
P	RO5C	54		29		55.75	37.62
P	RO5D	54		29		55.7	36.97
P	RO5E	54		29		52.85	36.43
P	RO5F	54		29		55.7	36.97
P	RO5G	54		29		52.7	39.15
P	RO5H	54		29		55.7	36.97
P	RO5I	54		29		57.15	34.62
P	RO5J	54		29		57.15	34.62
P	RO5K	54		29		51.05	40.15
P	RO5L	54		29		55	33
P	RO5M	54		29		57.87	39.2
P	RO5N	54		29		58.55	43.68
P	RO5O	54		29		51.05	40.15
P	RO5P	54		29		53.92	37.58
P	RO5Q	54		29		51.05	40.15
P	RO5R	54		29		52.72	41.57
P	RO5S	54		29		54.4	40.6
P	RO5T	54		29		56.48	44.53
P	RO5U	54		29		57.02	41.52
P	RO5V	54		29		56.08	40.62
P	RO5W	54		29		51.75	36.02
P	RO5X	54		29		54.43	35.43
P	RO5Y	54		29		52.95	33.4
P	RO5Z	54		29		50.77	37.45
P	RO6A	54		29		45.37	39.43
P	RO6B	54		29		45.37	39.43
P	RO6C	54		29		45.37	39.43
P	RO6D	54		29		45.37	39.43
P	RO6E	54		29		43.92	41.78
P	RO6F	54		29		45.05	43.27
P	RO6G	54		29		45.05	43.27
P	RO6H	54		29		45.05	43.27
P	RO6I	54		29		46.57	45.32
P	RO6J	54		29		43.18	44.23
P	RO6K	54		29		44.93	34.1
P	RO6L	54		29		47.87	41.18
P	RO6M	54		29		47.87	41.18
P	RO6N	54		29		47.87	41.18
P	RO6O	54		29		48	37.83
P	RO6P	54		29		43.4	45.72
P	RO6Q	54		29		43.2	44.97
P	RO6R	54		29		50	30
P	RO6S	54		29		47.83	35.17
P	RO6T	54		29		45.05	43.27
P	RO6U	54		29		47.23	47.23
P	RO6V	54		29		47.23	47.23
P	RO6W	54		29		43.1	46.88
P	RO6X	54		29		43.58	43.4
P	RO6Y	54		29		44.65	40
P	RO6Z	54		29		48.57	39.3
P	RO7A	54		29		45.37	39.43
P	RO7B	54		29		45.37	39.43
P	RO7C	54		29		45.37	39.43
P	RO7D	54		29		45.37	39.43
P	RO7E	54		29		43.92	41.78
P	RO7F	54		29		45.05	43.27
P	RO7G	54		29		45.05	43.27
P	RO7H	54		29		45.05	43.27
P	RO7I	54		29		46.57	45.32
P	RO7J	54		29		43.18	44.23
P	RO7K	54		29		44.93	34.1
P	RO7L	54		29		47.87	41.18
P	RO7M	54		29		47.87	41.18
P	RO7N	54		29		47.87	41.18
P	RO7O	54		29		48	37.83
P	RO7P	54		29		43.4	45.72
P	RO7Q	54		29		43.2	44.97
P	RO7R	54		29		50	30
P	RO7S	54		29		47.83	35.17
P	RO7T	54		29		45.05	43.27
P	RO7U	54		29		47.23	47.23
P	RO7V	54		29		47.23	47.23
P	RO7W	54		29		43.1	46.88
P	RO7X	54		29		43.58	43.4
P	RO7Y	54		29		44.65	40
P	RO7Z	54		29		48.57	39.3
P	RO8	15		30
P	RO8A	15		30		54.75	60.7
P	RO8B	15		30		54.75	60.7
P	RO8C	15		30		58.7	61.33
P	RO8D	15		30		58.7	61.33
P	RO8E	15		30		58.7	61.33
P	RO8F	54	17	30		58	56.32
P	RO8G	54	17	30		59.02	54.67
P	RO8H	15	18	31		58.75	82.13
P	RO8I	15	18	31		58.75	82.13
P	RO8J	15				62.25	70.17
P	RO8K	15				65.3	74.03
P	RO8L	15		30		57.83	69
P	RO8M	15		30		56.22	73.27
P	RO8N	15		30		56.22	73.27
P	RO8O	15	18	31		55.45	79.55
P	RO8P	15	18	31		55.45	79.55
P	RO8Q	15		30		55.57	64.75
P	RO8R	15		30		55.57	64.75
P	RO8S	15	16	30		52.13	55.6
P	RO8T	15	16	30		52.13	55.6
P	RO8U	15	18	31		54.93	87.23
P	RO8V	15	18	31		54.93	87.23
P	RO8W	15	16	30		54.47	56.27
P	RO8X	54	17	20		64.28	54.47
P	RO8Y	15	18	31		52.77	82.62
P	RO8Z	15	18	31		50.92	86.92
P	RO9	15		30
P	RO9A	15		30		54.75	60.7
P	RO9B	15		30		54.75	60.7
P	RO9C	15		30		58.7	61.33
P	RO9D	15		30		58.7	61.33
P	RO9E	15		30		58.7	61.33
P	RO9F	54	17	30		58	56.32
P	RO9G	54	17	30		59.02	54.67
P	RO9H	15	18	31		58.75	82.13
P	RO9I	15	18	31		58.75	82.13
P	RO9J	15				62.25	70.17
P	RO9K	15				65.3	74.03
P	RO9L	15		30		57.83	69
P	RO9M	15		30		56.22	73.27
P	RO9N	15		30		56.22	73.27
P	RO9O	15	18	31		55.45	79.55
P	RO9P	15	18	31		55.45	79.55
P	RO9Q	15		30		55.57	64.75
P	RO9R	15		30		55.57	64.75
P	RO9S	15	16	30		52.13	55.6
P	RO9T	15	16	30		52.13	55.6
P	RO9U	15	18	31		54.93	87.23
P	RO9V	15	18	31		54.93	87.23
P	RO9W	15	16	30		54.47	56.27
P	RO9X	54	17	20		64.28	54.47
P	RO9Y	15	18	31		52.77	82.62
P	RO9Z	15	18	31		50.92	86.92
P	RQ0	15	19	33
P	RQ0A	15	18	32		59.88	91.67
P	RQ0B	15	18	32		59.88	91.67
P	RQ0C	15	19	34		54.8	136.83
P	RQ0D	15	19	33		48.6	132.2
P	RQ0E	15	19	34		50.55	142.6
P	RQ0F	15	19	34		50.55	142.6
P	RQ0G	15	19	33		53.55	127.83
P	RQ0H	15	18	32		59.88	91.67
P	RQ0I	15	19	24		62.9	153.7
P	RQ0J	15	19	33		53.55	127.83
P	RQ0K	15	19	25		66.67	171
P	RQ0L	15	19	34		45.33	134.67
P	RQ0M	15	19	34		45.33	134.67
P	RQ0N	15	19	34		45.33	134.67
P	RQ0O	15	18	32		53.8	109.33
P	RQ0Q	15	19	23		66.4	129.17
P	RQ0R	15	18	32		57.37	106
P	RQ0S	15	18	32		57.37	106
P	RQ0T	15	18	32		57.37	106
P	RQ0U	15	18	33		54	118
P	RQ0V	15	18	33		54	118
P	RQ0W	15	18	31		53.5	90
P	RQ0X	15	19	35		56	159
P	RQ0Y	15	23	32		51.78	94.75
P	RQ0Z	15	19	35		56	159
P	RQ1A	54		29		59.95	30.3
P	RQ1B	54		29		59.95	30.3
P	RQ1C	54		29		60.05	31.75
P	RQ1D	54		29		60.05	31.75
P	RQ1F	54		29		59.95	30.3
P	RQ1H	54		29		46.65	32.63
P	RQ1I	54	17	20		64.28	54.47
P	RQ1J	54		29		59.95	30.3
P	RQ1L	54		29		59.95	30.3
P	RQ1M	54		29		59.95	30.3
P	RQ1N	54				63.82	33
P	RQ1O	54				63.5	43
P	RQ1P	54		20		68.83	54.83
P	RQ1Q	54		29		60.08	40.45
P	RQ1R	54		29		60.08	40.45
P	RQ1S	54		29		60.08	40.45
P	RQ1T	54		29		58.43	32.38
P	RQ1V	54		29		46.65	32.63
P	RQ1W	54		29		57.32	29.25
P	RQ1X	54		29		57.32	29.25
P	RQ1Z	54				68.03	34.57
P	RQ2A	54		29		55.75	37.62
P	RQ2B	54		29		55.75	37.62
P	RQ2C	54		29		55.75	37.62
P	RQ2D	54		29		55.7	36.97
P	RQ2E	54		29		52.85	36.43
P	RQ2F	126
P	RQ2G	54		29		52.7	39.15
P	RQ2H	54		29		55.7	36.97
P	RQ2I	54		29		57.15	34.62
P	RQ2J	54		29		57.15	34.62
P	RQ2K	126
P	RQ2L	54		29		55	33
P	RQ2M	54		29		57.87	39.2
P	RQ2N	54		29		58.55	43.68
P	RQ2O	54		29		51.05	40.15
P	RQ2P	54		29		53.92	37.58
P	RQ2Q	54		29		51.05	40.15
P	RQ2R	54		29		52.72	41.57
P	RQ2S	54		29		54.4	40.6
P	RQ2T	54		29		56.48	44.53
P	RQ2U	54		29		57.02	41.52
P	RQ2V	54		29		56.08	40.62
P	RQ2W	54		29		51.75	36.02
P	RQ2X	54		29		54.43	35.43
P	RQ2Y	54		29		52.95	33.4
P	RQ2Z	54		29		50.77	37.45
P	RQ3A	54		29		55.75	37.62
P	RQ3B	54		29		55.75	37.62
P	RQ3C	54		29		55.75	37.62
P	RQ3D	54		29		55.7	36.97
P	RQ3E	54		29		52.85	36.43
P	RQ3F	54		29		55.7	36.97
P	RQ3G	54		29		52.7	39.15
P	RQ3H	54		29		55.7	36.97
P	RQ3I	54		29		57.15	34.62
P	RQ3J	54		29		57.15	34.62
P	RQ3K	54		29		51.05	40.15
P	RQ3L	54		29		55	33
P	RQ3M	54		29		57.87	39.2
P	RQ3N	54		29		58.55	43.68
P	RQ3O	54		29		51.05	40.15
P	RQ3P	54		29		53.92	37.58
P	RQ3Q	54		29		51.05	40.15
P	RQ3R	54		29		52.72	41.57
P	RQ3S	54		29		54.4	40.6
P	RQ3T	54		29		56.48	44.53
P	RQ3U	54		29		57.02	41.52
P	RQ3V	54		29		56.08	40.62
P	RQ3W	54		29		51.75	36.02
P	RQ3X	54		29		54.43	35.43
P	RQ3Y	54		29		52.95	33.4
P	RQ3Z	54		29		50.77	37.45
P	RQ4A	54		29		49.73	44.12
P	RQ4B	54		29		49.73	44.12
P	RQ4C	54		29		51.78	46.73
P	RQ4D	54		29		51.78	46.73
P	RQ4F	54		29		53.25	44.57
P	RQ4H	54		30		53.45	50.45
P	RQ4I	54		30		53.45	50.45
P	RQ4L	54		29		53.95	47.92
P	RQ4M	54		29		53.95	47.92
P	RQ4N	54		29		58.77	49.83
P	RQ4O	54		29		58.77	49.83
P	RQ4P	54		29		55.55	50.93
P	RQ4Q	54		29		55.55	50.93
P	RQ4R	54		29		55.55	50.93
P	RQ4S	54		29		56.7	47.87
P	RQ4T	54		29		56.7	47.87
P	RQ4U	54		29		54.43	44.45
P	RQ4W	54		30		57.28	52.75
P	RQ4Y	54		29		55.55	47.1
P	RQ4Z	54		29		55.55	47.1
P	RQ5A	54		29		55.75	37.62
P	RQ5B	54		29		55.75	37.62
P	RQ5C	54		29		55.75	37.62
P	RQ5D	54		29		55.7	36.97
P	RQ5E	54		29		52.85	36.43
P	RQ5F	54		29		55.7	36.97
P	RQ5G	54		29		52.7	39.15
P	RQ5H	54		29		55.7	36.97
P	RQ5I	54		29		57.15	34.62
P	RQ5J	54		29		57.15	34.62
P	RQ5K	54		29		51.05	40.15
P	RQ5L	54		29		55	33
P	RQ5M	54		29		57.87	39.2
P	RQ5N	54		29		58.55	43.68
P	RQ5O	54		29		51.05	40.15
P	RQ5P	54		29		53.92	37.58
P	RQ5Q	54		29		51.05	40.15
P	RQ5R	54		29		52.72	41.57
P	RQ5S	54		29		54.4	40.6
P	RQ5T	54		29		56.48	44.53
P	RQ5U	54		29		57.02	41.52
P	RQ5V	54		29		56.08	40.62
P	RQ5W	54		29		51.75	36.02
P	RQ5X	54		29		54.43	35.43
P	RQ5Y	54		29		52.95	33.4
P	RQ5Z	54		29		50.77	37.45
P	RQ6A	54		29		45.37	39.43
P	RQ6B	54		29		45.37	39.43
P	RQ6C	54		29		45.37	39.43
P	RQ6D	54		29		45.37	39.43
P	RQ6E	54		29		43.92	41.78
P	RQ6F	54		29		45.05	43.27
P	RQ6G	54		29		45.05	43.27
P	RQ6H	54		29		45.05	43.27
P	RQ6I	54		29		46.57	45.32
P	RQ6J	54		29		43.18	44.23
P	RQ6K	54		29		44.93	34.1
P	RQ6L	54		29		47.87	41.18
P	RQ6M	54		29		47.87	41.18
P	RQ6N	54		29		47.87	41.18
P	RQ6O	54		29		48	37.83
P	RQ6P	54		29		43.4	45.72
P	RQ6Q	54		29		43.2	44.97
P	RQ6R	54		29		50	30
P	RQ6S	54		29		47.83	35.17
P	RQ6T	54		29		45.05	43.27
P	RQ6U	54		29		47.23	47.23
P	RQ6V	54		29		47.23	47.23
P	RQ6W	54		29		43.1	46.88
P	RQ6X	54		29		43.58	43.4
P	RQ6Y	54		29		44.65	40
P	RQ6Z	54		29		48.57	39.3
P	RQ7A	54		29		45.37	39.43
P	RQ7B	54		29		45.37	39.43
P	RQ7C	54		29		45.37	39.43
P	RQ7D	54		29		45.37	39.43
P	RQ7E	54		29		43.92	41.78
P	RQ7F	54		29		45.05	43.27
P	RQ7G	54		29		45.05	43.27
P	RQ7H	54		29		45.05	43.27
P	RQ7I	54		29		46.57	45.32
P	RQ7J	54		29		43.18	44.23
P	RQ7K	54		29		44.93	34.1
P	RQ7L	54		29		47.87	41.18
P	RQ7M	54		29		47.87	41.18
P	RQ7N	54		29		47.87	41.18
P	RQ7O	54		29		48	37.83
P	RQ7P	54		29		43.4	45.72
P	RQ7Q	54		29		43.2	44.97
P	RQ7R	54		29		50	30
P	RQ7S	54		29		47.83	35.17
P	RQ7T	54		29		45.05	43.27
P	RQ7U	54		29		47.23	47.23
P	RQ7V	54		29		47.23	47.23
P	RQ7W	54		29		43.1	46.88
P	RQ7X	54		29		43.58	43.4
P	RQ7Y	54		29		44.65	40
P	RQ7Z	54		29		48.57	39.3
P	RQ8	15		30
P	RQ8A	15		30		54.75	60.7
P	RQ8B	15		30		54.75	60.7
P	RQ8C	15		30		58.7	61.33
P	RQ8D	15		30		58.7	61.33
P	RQ8E	15		30		58.7	61.33
P	RQ8F	54	17	30		58	56.32
P	RQ8G	54	17	30		59.02	54.67
P	RQ8H	15	18	31		58.75	82.13
P	RQ8I	15	18	31		58.75	82.13
P	RQ8J	15				62.25	70.17
P	RQ8K	15				65.3	74.03
P	RQ8L	15		30		57.83	69
P	RQ8M	15		30		56.22	73.27
P	RQ8N	15		30		56.22	73.27
P	RQ8O	15	18	31		55.45	79.55
P	RQ8P	15	18	31		55.45	79.55
P	RQ8Q	15		30		55.57	64.75
P	RQ8R	15		30		55.57	64.75
P	RQ8S	15	16	30		52.13	55.6
P	RQ8T	15	16	30		52.13	55.6
P	RQ8U	15	18	31		54.93	87.23
P	RQ8V	15	18	31		54.93	87.23
P	RQ8W	15	16	30		54.47	56.27
P	RQ8X	54	17	20		64.28	54.47
P	RQ8Y	15	18	31		52.77	82.62
P	RQ8Z	15	18	31		50.92	86.92
P	RQ9	15		30
P	RQ9A	15		30		54.75	60.7
P	RQ9B	15		30		54.75	60.7
P	RQ9C	15		30		58.7	61.33
P	RQ9D	15		30		58.7	61.33
P	RQ9E	15		30		58.7	61.33
P	RQ9F	54	17	30		58	56.32
P	RQ9G	54	17	30		59.02	54.67
P	RQ9H	15	18	31		58.75	82.13
P	RQ9I	15	18	31		58.75	82.13
P	RQ9J	15				62.25	70.17
P	RQ9K	15				65.3	74.03
P	RQ9L	15		30		57.83	69
P	RQ9M	15		30		56.22	73.27
P	RQ9N	15		30		56.22	73.27
P	RQ9O	15	18	31		55.45	79.55
P	RQ9P	15	18	31		55.45	79.55
P	RQ9Q	15		30		55.57	64.75
P	RQ9R	15		30		55.57	64.75
P	RQ9S	15	16	30		52.13	55.6
P	RQ9T	15	16	30		52.13	55.6
P	RQ9U	15	18	31		54.93	87.23
P	RQ9V	15	18	31		54.93	87.23
P	RQ9W	15	16	30		54.47	56.27
P	RQ9X	54	17	20		64.28	54.47
P	RQ9Y	15	18	31		52.77	82.62
P	RQ9Z	15	18	31		50.92	86.92
P	RT0	15	19	33
P	RT0A	15	18	32		59.88	91.67
P	RT0B	15	18	32		59.88	91.67
P	RT0C	15	19	34		54.8	136.83
P	RT0D	15	19	33		48.6	132.2
P	RT0E	15	19	34		50.55	142.6
P	RT0F	15	19	34		50.55	142.6
P	RT0G	15	19	33		53.55	127.83
P	RT0H	15	18	32		59.88	91.67
P	RT0I	15	19	24		62.9	153.7
P	RT0J	15	19	33		53.55	127.83
P	RT0K	15	19	25		66.67	171
P	RT0L	15	19	34		45.33	134.67
P	RT0M	15	19	34		45.33	134.67
P	RT0N	15	19	34		45.33	134.67
P	RT0O	15	18	32		53.8	109.33
P	RT0Q	15	19	23		66.4	129.17
P	RT0R	15	18	32		57.37	106
P	RT0S	15	18	32		57.37	106
P	RT0T	15	18	32		57.37	106
P	RT0U	15	18	33		54	118
P	RT0V	15	18	33		54	118
P	RT0W	15	18	31		53.5	90
P	RT0X	15	19	35		56	159
P	RT0Y	15	23	32		51.78	94.75
P	RT0Z	15	19	35		56	159
P	RT1A	54		29		59.95	30.3
P	RT1B	54		29		59.95	30.3
P	RT1C	54		29		60.05	31.75
P	RT1D	54		29		60.05	31.75
P	RT1F	54		29		59.95	30.3
P	RT1H	54		29		46.65	32.63
P	RT1I	54	17	20		64.28	54.47
P	RT1J	54		29		59.95	30.3
P	RT1L	54		29		59.95	30.3
P	RT1M	54		29		59.95	30.3
P	RT1N	54				63.82	33
P	RT1O	54				63.5	43
P	RT1P	54		20		68.83	54.83
P	RT1Q	54		29		60.08	40.45
P	RT1R	54		29		60.08	40.45
P	RT1S	54		29		60.08	40.45
P	RT1T	54		29		58.43	32.38
P	RT1V	54		29		46.65	32.63
P	RT1W	54		29		57.32	29.25
P	RT1X	54		29		57.32	29.25
P	RT1Z	54				68.03	34.57
P	RT2A	54		29		55.75	37.62
P	RT2B	54		29		55.75	37.62
P	RT2C	54		29		55.75	37.62
P	RT2D	54		29		55.7	36.97
P	RT2E	54		29		52.85	36.43
P	RT2F	126
P	RT2G	54		29		52.7	39.15
P	RT2H	54		29		55.7	36.97
P	RT2I	54		29		57.15	34.62
P	RT2J	54		29		57.15	34.62
P	RT2K	126
P	RT2L	54		29		55	33
P	RT2M	54		29		57.87	39.2
P	RT2N	54		29		58.55	43.68
P	RT2O	54		29		51.05	40.15
P	RT2P	54		29		53.92	37.58
P	RT2Q	54		29		51.05	40.15
P	RT2R	54		29		52.72	41.57
P	RT2S	54		29		54.4	40.6
P	RT2T	54		29		56.48	44.53
P	RT2U	54		29		57.02	41.52
P	RT2V	54		29		56.08	40.62
P	RT2W	54		29		51.75	36.02
P	RT2X	54		29		54.43	35.43
P	RT2Y	54		29		52.95	33.4
P	RT2Z	54		29		50.77	37.45
P	RT3A	54		29		55.75	37.62
P	RT3B	54		29		55.75	37.62
P	RT3C	54		29		55.75	37.62
P	RT3D	54		29		55.7	36.97
P	RT3E	54		29		52.85	36.43
P	RT3F	54		29		55.7	36.97
P	RT3G	54		29		52.7	39.15
P	RT3H	54		29		55.7	36.97
P	RT3I	54		29		57.15	34.62
P	RT3J	54		29		57.15	34.62
P	RT3K	54		29		51.05	40.15
P	RT3L	54		29		55	33
P	RT3M	54		29		57.87	39.2
P	RT3N	54		29		58.55	43.68
P	RT3O	54		29		51.05	40.15
P	RT3P	54		29		53.92	37.58
P	RT3Q	54		29		51.05	40.15
P	RT3R	54		29		52.72	41.57
P	RT3S	54		29		54.4	40.6
P	RT3T	54		29		56.48	44.53
P	RT3U	54		29		57.02	41.52
P	RT3V	54		29		56.08	40.62
P	RT3W	54		29		51.75	36.02
P	RT3X	54		29		54.43	35.43
P	RT3Y	54		29		52.95	33.4
P	RT3Z	54		29		50.77	37.45
P	RT4A	54		29		49.73	44.12
P	RT4B	54		29		49.73	44.12
P	RT4C	54		29		51.78	46.73
P	RT4D	54		29		51.78	46.73
P	RT4F	54		29		53.25	44.57
P	RT4H	54		30		53.45	50.45
P	RT4I	54		30		53.45	50.45
P	RT4L	54		29		53.95	47.92
P	RT4M	54		29		53.95	47.92
P	RT4N	54		29		58.77	49.83
P	RT4O	54		29		58.77	49.83
P	RT4P	54		29		55.55	50.93
P	RT4Q	54		29		55.55	50.93
P	RT4R	54		29		55.55	50.93
P	RT4S	54		29		56.7	47.87
P	RT4T	54		29		56.7	47.87
P	RT4U	54		29		54.43	44.45
P	RT4W	54		30		57.28	52.75
P	RT4Y	54		29		55.55	47.1
P	RT4Z	54		29		55.55	47.1
P	RT5A	54		29		55.75	37.62
P	RT5B	54		29		55.75	37.62
P	RT5C	54		29		55.75	37.62
P	RT5D	54		29		55.7	36.97
P	RT5E	54		29		52.85	36.43
P	RT5F	54		29		55.7	36.97
P	RT5G	54		29		52.7	39.15
P	RT5H	54		29		55.7	36.97
P	RT5I	54		29		57.15	34.62
P	RT5J	54		29		57.15	34.62
P	RT5K	54		29		51.05	40.15
P	RT5L	54		29		55	33
P	RT5M	54		29		57.87	39.2
P	RT5N	54		29		58.55	43.68
P	RT5O	54		29		51.05	40.15
P	RT5P	54		29		53.92	37.58
P	RT5Q	54		29		51.05	40.15
P	RT5R	54		29		52.72	41.57
P	RT5S	54		29		54.4	40.6
P	RT5T	54		29		56.48	44.53
P	RT5U	54		29		57.02	41.52
P	RT5V	54		29		56.08	40.62
P	RT5W	54		29		51.75	36.02
P	RT5X	54		29		54.43	35.43
P	RT5Y	54		29		52.95	33.4
P	RT5Z	54		29		50.77	37.45
P	RT6A	54		29		45.37	39.43
P	RT6B	54		29		45.37	39.43
P	RT6C	54		29		45.37	39.43
P	RT6D	54		29		45.37	39.43
P	RT6E	54		29		43.92	41.78
P	RT6F	54		29		45.05	43.27
P	RT6G	54		29		45.05	43.27
P	RT6H	54		29		45.05	43.27
P	RT6I	54		29		46.57	45.32
P	RT6J	54		29		43.18	44.23
P	RT6K	54		29		44.93	34.1
P	RT6L	54		29		47.87	41.18
P	RT6M	54		29		47.87	41.18
P	RT6N	54		29		47.87	41.18
P	RT6O	54		29		48	37.83
P	RT6P	54		29		43.4	45.72
P	RT6Q	54		29		43.2	44.97
P	RT6R	54		29		50	30
P	RT6S	54		29		47.83	35.17
P	RT6T	54		29		45.05	43.27
P	RT6U	54		29		47.23	47.23
P	RT6V	54		29		47.23	47.23
P	RT6W	54		29		43.1	46.88
P	RT6X	54		29		43.58	43.4
P	RT6Y	54		29		44.65	40
P	RT6Z	54		29		48.57	39.3
P	RT7A	54		29		45.37	39.43
P	RT7B	54		29		45.37	39.43
P	RT7C	54		29		45.37	39.43
P	RT7D	54		29		45.37	39.43
P	RT7E	54		29		43.92	41.78
P	RT7F	54		29		45.05	43.27
P	RT7G	54		29		45.05	43.27
P	RT7H	54		29		45.05	43.27
P	RT7I	54		29		46.57	45.32
P	RT7J	54		29		43.18	44.23
P	RT7K	54		29		44.93	34.1
P	RT7L	54		29		47.87	41.18
P	RT7M	54		29		47.87	41.18
P	RT7N	54		29		47.87	41.18
P	RT7O	54		29		48	37.83
P	RT7P	54		29		43.4	45.72
P	RT7Q	54		29		43.2	44.97
P	RT7R	54		29		50	30
P	RT7S	54		29		47.83	35.17
P	RT7T	54		29		45.05	43.27
P	RT7U	54		29		47.23	47.23
P	RT7V	54		29		47.23	47.23
P	RT7W	54		29		43.1	46.88
P	RT7X	54		29		43.58	43.4
P	RT7Y	54		29		44.65	40
P	RT7Z	54		29		48.57	39.3
P	RT8	15		30
P	RT8A	15		30		54.75	60.7
P	RT8B	15		30		54.75	60.7
P	RT8C	15		30		58.7	61.33
P	RT8D	15		30		58.7	61.33
P	RT8E	15		30		58.7	61.33
P	RT8F	54	17	30		58	56.32
P	RT8G	54	17	30		59.02	54.67
P	RT8H	15	18	31		58.75	82.13
P	RT8I	15	18	31		58.75	82.13
P	RT8J	15				62.25	70.17
P	RT8K	15				65.3	74.03
P	RT8L	15		30		57.83	69
P	RT8M	15		30		56.22	73.27
P	RT8N	15		30		56.22	73.27
P	RT8O	15	18	31		55.45	79.55
P	RT8P	15	18	31		55.45	79.55
P	RT8Q	15		30		55.57	64.75
P	RT8R	15		30		55.57	64.75
P	RT8S	15	16	30		52.13	55.6
P	RT8T	15	16	30		52.13	55.6
P	RT8U	15	18	31		54.93	87.23
P	RT8V	15	18	31		54.93	87.23
P	RT8W	15	16	30		54.47	56.27
P	RT8X	54	17	20		64.28	54.47
P	RT8Y	15	18	31		52.77	82.62
P	RT8Z	15	18	31		50.92	86.92
P	RT9	15		30
P	RT9A	15		30		54.75	60.7
P	RT9B	15		30		54.75	60.7
P	RT9C	15		30		58.7	61.33
P	RT9D	15		30		58.7	61.33
P	RT9E	15		30		58.7	61.33
P	RT9F	54	17	30		58	56.32
P	RT9G	54	17	30		59.02	54.67
P	RT9H	15	18	31		58.75	82.13
P	RT9I	15	18	31		58.75	82.13
P	RT9J	15				62.25	70.17
P	RT9K	15				65.3	74.03
P	RT9L	15		30		57.83	69
P	RT9M	15		30		56.22	73.27
P	RT9N	15		30		56.22	73.27
P	RT9O	15	18	31		55.45	79.55
P	RT9P	15	18	31		55.45	79.55
P	RT9Q	15		30		55.57	64.75
P	RT9R	15		30		55.57	64.75
P	RT9S	15	16	30		52.13	55.6
P	RT9T	15	16	30		52.13	55.6
P	RT9U	15	18	31		54.93	87.23
P	RT9V	15	18	31		54.93	87.23
P	RT9W	15	16	30		54.47	56.27
P	RT9X	54	17	20		64.28	54.47
P	RT9Y	15	18	31		52.77	82.62
P	RT9Z	15	18	31		50.92	86.92
P	RU0	15	19	33
P	RU0A	15	18	32		59.88	91.67
P	RU0B	15	18	32		59.88	91.67
P	RU0C	15	19	34		54.8	136.83
P	RU0D	15	19	33		48.6	132.2
P	RU0E	15	19	34		50.55	142.6
P	RU0F	15	19	34		50.55	142.6
P	RU0G	15	19	33		53.55	127.83
P	RU0H	15	18	32		59.88	91.67
P	RU0I	15	19	24		62.9	153.7
P	RU0J	15	19	33		53.55	127.83
P	RU0K	15	19	25		66.67	171
P	RU0L	15	19	34		45.33	134.67
P	RU0M	15	19	34		45.33	134.67
P	RU0N	15	19	34		45.33	134.67
P	RU0O	15	18	32		53.8	109.33
P	RU0Q	15	19	23		66.4	129.17
P	RU0R	15	18	32		57.37	106
P	RU0S	15	18	32		57.37	106
P	RU0T	15	18	32		57.37	106
P	RU0U	15	18	33		54	118
P	RU0V	15	18	33		54	118
P	RU0W	15	18	31		53.5	90
P	RU0X	15	19	35		56	159
P	RU0Y	15	23	32		51.78	94.75
P	RU0Z	15	19	35		56	159
P	RU1A	54		29		59.95	30.3
P	RU1B	54		29		59.95	30.3
P	RU1C	54		29		60.05	31.75
P	RU1D	54		29		60.05	31.75
P	RU1F	54		29		59.95	30.3
P	RU1H	54		29		46.65	32.63
P	RU1I	54	17	20		64.28	54.47
P	RU1J	54		29		59.95	30.3
P	RU1L	54		29		59.95	30.3
P	RU1M	54		29		59.95	30.3
P	RU1N	54				63.82	33
P	RU1O	54				63.5	43
P	RU1P	54		20		68.83	54.83
P	RU1Q	54		29		60.08	40.45
P	RU1R	54		29		60.08	40.45
P	RU1S	54		29		60.08	40.45
P	RU1T	54		29		58.43	32.38
P	RU1V	54		29		46.65	32.63
P	RU1W	54		29		57.32	29.25
P	RU1X	54		29		57.32	29.25
P	RU1Z	54				68.03	34.57
P	RU2A	54		29		55.75	37.62
P	RU2B	54		29		55.75	37.62
P	RU2C	54		29		55.75	37.62
P	RU2D	54		29		55.7	36.97
P	RU2E	54		29		52.85	36.43
P	RU2F	126
P	RU2G	54		29		52.7	39.15
P	RU2H	54		29		55.7	36.97
P	RU2I	54		29		57.15	34.62
P	RU2J	54		29		57.15	34.62
P	RU2K	126
P	RU2L	54		29		55	33
P	RU2M	54		29		57.87	39.2
P	RU2N	54		29		58.55	43.68
P	RU2O	54		29		51.05	40.15
P	RU2P	54		29		53.92	37.58
P	RU2Q	54		29		51.05	40.15
P	RU2R	54		29		52.72	41.57
P	RU2S	54		29		54.4	40.6
P	RU2T	54		29		56.48	44.53
P	RU2U	54		29		57.02	41.52
P	RU2V	54		29		56.08	40.62
P	RU2W	54		29		51.75	36.02
P	RU2X	54		29		54.43	35.43
P	RU2Y	54		29		52.95	33.4
P	RU2Z	54		29		50.77	37.45
P	RU3A	54		29		55.75	37.62
P	RU3B	54		29		55.75	37.62
P	RU3C	54		29		55.75	37.62
P	RU3D	54		29		55.7	36.97
P	RU3E	54		29		52.85	36.43
P	RU3F	54		29		55.7	36.97
P	RU3G	54		29		52.7	39.15
P	RU3H	54		29		55.7	36.97
P	RU3I	54		29		57.15	34.62
P	RU3J	54		29		57.15	34.62
P	RU3K	54		29		51.05	40.15
P	RU3L	54		29		55	33
P	RU3M	54		29		57.87	39.2
P	RU3N	54		29		58.55	43.68
P	RU3O	54		29		51.05	40.15
P	RU3P	54		29		53.92	37.58
P	RU3Q	54		29		51.05	40.15
P	RU3R	54		29		52.72	41.57
P	RU3S	54		29		54.4	40.6
P	RU3T	54		29		56.48	44.53
P	RU3U	54		29		57.02	41.52
P	RU3V	54		29		56.08	40.62
P	RU3W	54		29		51.75	36.02
P	RU3X	54		29		54.43	35.43
P	RU3Y	54		29		52.95	33.4
P	RU3Z	54		29		50.77	37.45
P	RU4A	54		29		49.73	44.12
P	RU4B	54		29		49.73	44.12
P	RU4C	54		29		51.78	46.73
P	RU4D	54		29		51.78	46.73
P	RU4F	54		29		53.25	44.57
P	RU4H	54		30		53.45	50.45
P	RU4I	54		30		53.45	50.45
P	RU4L	54		29		53.95	47.92
P	RU4M	54		29		53.95	47.92
P	RU4N	54		29		58.77	49.83
P	RU4O	54		29		58.77	49.83
P	RU4P	54		29		55.55	50.93
P	RU4Q	54		29		55.55	50.93
P	RU4R	54		29		55.55	50.93
P	RU4S	54		29		56.7	47.87
P	RU4T	54		29		56.7	47.87
P	RU4U	54		29		54.43	44.45
P	RU4W	54		30		57.28	52.75
P	RU4Y	54		29		55.55	47.1
P	RU4Z	54		29		55.55	47.1
P	RU5A	54		29		55.75	37.62
P	RU5B	54		29		55.75	37.62
P	RU5C	54		29		55.75	37.62
P	RU5D	54		29		55.7	36.97
P	RU5E	54		29		52.85	36.43
P	RU5F	54		29		55.7	36.97
P	RU5G	54		29		52.7	39.15
P	RU5H	54		29		55.7	36.97
P	RU5I	54		29		57.15	34.62
P	RU5J	54		29		57.15	34.62
P	RU5K	54		29		51.05	40.15
P	RU5L	54		29		55	33
P	RU5M	54		29		57.87	39.2
P	RU5N	54		29		58.55	43.68
P	RU5O	54		29		51.05	40.15
P	RU5P	54		29		53.92	37.58
P	RU5Q	54		29		51.05	40.15
P	RU5R	54		29		52.72	41.57
P	RU5S	54		29		54.4	40.6
P	RU5T	54		29		56.48	44.53
P	RU5U	54		29		57.02	41.52
P	RU5V	54		29		56.08	40.62
P	RU5W	54		29		51.75	36.02
P	RU5X	54		29		54.43	35.43
P	RU5Y	54		29		52.95	33.4
P	RU5Z	54		29		50.77	37.45
P	RU6A	54		29		45.37	39.43
P	RU6B	54		29		45.37	39.43
P	RU6C	54		29		45.37	39.43
P	RU6D	54		29		45.37	39.43
P	RU6E	54		29		43.92	41.78
P	RU6F	54		29		45.05	43.27
P	RU6G	54		29		45.05	43.27
P	RU6H	54		29		45.05	43.27
P	RU6I	54		29		46.57	45.32
P	RU6J	54		29		43.18	44.23
P	RU6K	54		29		44.93	34.1
P	RU6L	54		29		47.87	41.18
P	RU6M	54		29		47.87	41.18
P	RU6N	54		29		47.87	41.18
P	RU6O	54		29		48	37.83
P	RU6P	54		29		43.4	45.72
P	RU6Q	54		29		43.2	44.97
P	RU6R	54		29		50	30
P	RU6S	54		29		47.83	35.17
P	RU6T	54		29		45.05	43.27
P	RU6U	54		29		47.23	47.23
P	RU6V	54		29		47.23	47.23
P	RU6W	54		29		43.1	46.88
P	RU6X	54		29		43.58	43.4
P	RU6Y	54		29		44.65	40
P	RU6Z	54		29		48.57	39.3
P	RU7A	54		29		45.37	39.43
P	RU7B	54		29		45.37	39.43
P	RU7C	54		29		45.37	39.43
P	RU7D	54		29		45.37	39.43
P	RU7E	54		29		43.92	41.78
P	RU7F	54		29		45.05	43.27
P	RU7G	54		29		45.05	43.27
P	RU7H	54		29		45.05	43.27
P	RU7I	54		29		46.57	45.32
P	RU7J	54		29		43.18	44.23
P	RU7K	54		29		44.93	34.1
P	RU7L	54		29		47.87	41.18
P	RU7M	54		29		47.87	41.18
P	RU7N	54		29		47.87	41.18
P	RU7O	54		29		48	37.83
P	RU7P	54		29		43.4	45.72
P	RU7Q	54		29		43.2	44.97
P	RU7R	54		29		50	30
P	RU7S	54		29		47.83	35.17
P	RU7T	54		29		45.05	43.27
P	RU7U	54		29		47.23	47.23
P	RU7V	54		29		47.23	47.23
P	RU7W	54		29		43.1	46.88
P	RU7X	54		29		43.58	43.4
P	RU7Y	54		29		44.65	40
P	RU7Z	54		29		48.57	39.3
P	RU8	15		30
P	RU8A	15		30		54.75	60.7
P	RU8B	15		30		54.75	60.7
P	RU8C	15		30		58.7	61.33
P	RU8D	15		30		58.7	61.33
P	RU8E	15		30		58.7	61.33
P	RU8F	54	17	30		58	56.32
P	RU8G	54	17	30		59.02	54.67
P	RU8H	15	18	31		58.75	82.13
P	RU8I	15	18	31		58.75	82.13
P	RU8J	15				62.25	70.17
P	RU8K	15				65.3	74.03
P	RU8L	15		30		57.83	69
P	RU8M	15		30		56.22	73.27
P	RU8N	15		30		56.22	73.27
P	RU8O	15	18	31		55.45	79.55
P	RU8P	15	18	31		55.45	79.55
P	RU8Q	15		30		55.57	64.75
P	RU8R	15		30		55.57	64.75
P	RU8S	15	16	30		52.13	55.6
P	RU8T	15	16	30		52.13	55.6
P	RU8U	15	18	31		54.93	87.23
P	RU8V	15	18	31		54.93	87.23
P	RU8W	15	16	30		54.47	56.27
P	RU8X	54	17	20		64.28	54.47
P	RU8Y	15	18	31		52.77	82.62
P	RU8Z	15	18	31		50.92	86.92
P	RU9	15		30
P	RU9A	15		30		54.75	60.7
P	RU9B	15		30		54.75	60.7
P	RU9C	15		30		58.7	61.33
P	RU9D	15		30		58.7	61.33
P	RU9E	15		30		58.7	61.33
P	RU9F	54	17	30		58	56.32
P	RU9G	54	17	30		59.02	54.67
P	RU9H	15	18	31		58.75	82.13
P	RU9I	15	18	31		58.75	82.13
P	RU9J	15				62.25	70.17
P	RU9K	15				65.3	74.03
P	RU9L	15		30		57.83	69
P	RU9M	15		30		56.22	73.27
P	RU9N	15		30		56.22	73.27
P	RU9O	15	18	31		55.45	79.55
P	RU9P	15	18	31		55.45	79.55
P	RU9Q	15		30		55.57	64.75
P	RU9R	15		30		55.57	64.75
P	RU9S	15	16	30		52.13	55.6
P	RU9T	15	16	30		52.13	55.6
P	RU9U	15	18	31		54.93	87.23
P	RU9V	15	18	31		54.93	87.23
P	RU9W	15	16	30		54.47	56.27
P	RU9X	54	17	20		64.28	54.47
P	RU9Y	15	18	31		52.77	82.62
P	RU9Z	15	18	31		50.92	86.92
P	RV0	15	19	33
P	RV0A	15	18	32		59.88	91.67
P	RV0B	15	18	32		59.88	91.67
P	RV0C	15	19	34		54.8	136.83
P	RV0D	15	19	33		48.6	132.2
P	RV0E	15	19	34		50.55	142.6
P	RV0F	15	19	34		50.55	142.6
P	RV0G	15	19	33		53.55	127.83
P	RV0H	15	18	32		59.88	91.67
P	RV0I	15	19	24		62.9	153.7
P	RV0J	15	19	33		53.55	127.83
P	RV0K	15	19	25		66.67	171
P	RV0L	15	19	34		45.33	134.67
P	RV0M	15	19	34		45.33	134.67
P	RV0N	15	19	34		45.33	134.67
P	RV0O	15	18	32		53.8	109.33
P	RV0Q	15	19	23		66.4	129.17
P	RV0R	15	18	32		57.37	106
P	RV0S	15	18	32		57.37	106
P	RV0T	15	18	32		57.37	106
P	RV0U	15	18	33		54	118
P	RV0V	15	18	33		54	118
P	RV0W	15	18	31		53.5	90
P	RV0X	15	19	35		56	159
P	RV0Y	15	23	32		51.78	94.75
P	RV0Z	15	19	35		56	159
P	RV1A	54		29		59.95	30.3
P	RV1B	54		29		59.95	30.3
P	RV1C	54		29		60.05	31.75
P	RV1D	54		29		60.05	31.75
P	RV1F	54		29		59.95	30.3
P	RV1H	54		29		46.65	32.63
P	RV1I	54	17	20		64.28	54.47
P	RV1J	54		29		59.95	30.3
P	RV1L	54		29		59.95	30.3
P	RV1M	54		29		59.95	30.3
P	RV1N	54				63.82	33
P	RV1O	54				63.5	43
P	RV1P	54		20		68.83	54.83
P	RV1Q	54		29		60.08	40.45
P	RV1R	54		29		60.08	40.45
P	RV1S	54		29		60.08	40.45
P	RV1T	54		29		58.43	32.38
P	RV1V	54		29		46.65	32.63
P	RV1W	54		29		57.32	29.25
P	RV1X	54		29		57.32	29.25
P	RV1Z	54				68.03	34.57
P	RV2A	54		29		55.75	37.62
P	RV2B	54		29		55.75	37.62
P	RV2C	54		29		55.75	37.62
P	RV2D	54		29		55.7	36.97
P	RV2E	54		29		52.85	36.43
P	RV2F	126
P	RV2G	54		29		52.7	39.15
P	RV2H	54		29		55.7	36.97
P	RV2I	54		29		57.15	34.62
P	RV2J	54		29		57.15	34.62
P	RV2K	126
P	RV2L	54		29		55	33
P	RV2M	54		29		57.87	39.2
P	RV2N	54		29		58.55	43.68
P	RV2O	54		29		51.05	40.15
P	RV2P	54		29		53.92	37.58
P	RV2Q	54		29		51.05	40.15
P	RV2R	54		29		52.72	41.57
P	RV2S	54		29		54.4	40.6
P	RV2T	54		29		56.48	44.53
P	RV2U	54		29		57.02	41.52
P	RV2V	54		29		56.08	40.62
P	RV2W	54		29		51.75	36.02
P	RV2X	54		29		54.43	35.43
P	RV2Y	54		29		52.95	33.4
P	RV2Z	54		29		50.77	37.45
P	RV3A	54		29		55.75	37.62
P	RV3B	54		29		55.75	37.62
P	RV3C	54		29		55.75	37.62
P	RV3D	54		29		55.7	36.97
P	RV3E	54		29		52.85	36.43
P	RV3F	54		29		55.7	36.97
P	RV3G	54		29		52.7	39.15
P	RV3H	54		29		55.7	36.97
P	RV3I	54		29		57.15	34.62
P	RV3J	54		29		57.15	34.62
P	RV3K	54		29		51.05	40.15
P	RV3L	54		29		55	33
P	RV3M	54		29		57.87	39.2
P	RV3N	54		29		58.55	43.68
P	RV3O	54		29		51.05	40.15
P	RV3P	54		29		53.92	37.58
P	RV3Q	54		29		51.05	40.15
P	RV3R	54		29		52.72	41.57
P	RV3S	54		29		54.4	40.6
P	RV3T	54		29		56.48	44.53
P	RV3U	54		29		57.02	41.52
P	RV3V	54		29		56.08	40.62
P	RV3W	54		29		51.75	36.02
P	RV3X	54		29		54.43	35.43
P	RV3Y	54		29		52.95	33.4
P	RV3Z	54		29		50.77	37.45
P	RV4A	54		29		49.73	44.12
P	RV4B	54		29		49.73	44.12
P	RV4C	54		29		51.78	46.73
P	RV4D	54		29		51.78	46.73
P	RV4F	54		29		53.25	44.57
P	RV4H	54		30		53.45	50.45
P	RV4I	54		30		53.45	50.45
P	RV4L	54		29		53.95	47.92
P	RV4M	54		29		53.95	47.92
P	RV4N	54		29		58.77	49.83
P	RV4O	54		29		58.77	49.83
P	RV4P	54		29		55.55	50.93
P	RV4Q	54		29		55.55	50.93
P	RV4R	54		29		55.55	50.93
P	RV4S	54		29		56.7	47.87
P	RV4T	54		29		56.7	47.87
P	RV4U	54		29		54.43	44.45
P	RV4W	54		30		57.28	52.75
P	RV4Y	54		29		55.55	47.1
P	RV4Z	54		29		55.55	47.1
P	RV5A	54		29		55.75	37.62
P	RV5B	54		29		55.75	37.62
P	RV5C	54		29		55.75	37.62
P	RV5D	54		29		55.7	36.97
P	RV5E	54		29		52.85	36.43
P	RV5F	54		29		55.7	36.97
P	RV5G	54		29		52.7	39.15
P	RV5H	54		29		55.7	36.97
P	RV5I	54		29		57.15	34.62
P	RV5J	54		29		57.15	34.62
P	RV5K	54		29		51.05	40.15
P	RV5L	54		29		55	33
P	RV5M	54		29		57.87	39.2
P	RV5N	54		29		58.55	43.68
P	RV5O	54		29		51.05	40.15
P	RV5P	54		29		53.92	37.58
P	RV5Q	54		29		51.05	40.15
P	RV5R	54		29		52.72	41.57
P	RV5S	54		29		54.4	40.6
P	RV5T	54		29		56.48	44.53
P	RV5U	54		29		57.02	41.52
P	RV5V	54		29		56.08	40.62
P	RV5W	54		29		51.75	36.02
P	RV5X	54		29		54.43	35.43
P	RV5Y	54		29		52.95	33.4
P	RV5Z	54		29		50.77	37.45
P	RV6A	54		29		45.37	39.43
P	RV6B	54		29		45.37	39.43
P	RV6C	54		29		45.37	39.43
P	RV6D	54		29		45.37	39.43
P	RV6E	54		29		43.92	41.78
P	RV6F	54		29		45.05	43.27
P	RV6G	54		29		45.05	43.27
P	RV6H	54		29		45.05	43.27
P	RV6I	54		29		46.57	45.32
P	RV6J	54		29		43.18	44.23
P	RV6K	54		29		44.93	34.1
P	RV6L	54		29		47.87	41.18
P	RV6M	54		29		47.87	41.18
P	RV6N	54		29		47.87	41.18
P	RV6O	54		29		48	37.83
P	RV6P	54		29		43.4	45.72
P	RV6Q	54		29		43.2	44.97
P	RV6R	54		29		50	30
P	RV6S	54		29		47.83	35.17
P	RV6T	54		29		45.05	43.27
P	RV6U	54		29		47.23	47.23
P	RV6V	54		29		47.23	47.23
P	RV6W	54		29		43.1	46.88
P	RV6X	54		29		43.58	43.4
P	RV6Y	54		29		44.65	40
P	RV6Z	54		29		48.57	39.3
P	RV7A	54		29		45.37	39.43
P	RV7B	54		29		45.37	39.43
P	RV7C	54		29		45.37	39.43
P	RV7D	54		29		45.37	39.43
P	RV7E	54		29		43.92	41.78
P	RV7F	54		29		45.05	43.27
P	RV7G	54		29		45.05	43.27
P	RV7H	54		29		45.05	43.27
P	RV7I	54		29		46.57	45.32
P	RV7J	54		29		43.18	44.23
P	RV7K	54		29		44.93	34.1
P	RV7L	54		29		47.87	41.18
P	RV7M	54		29		47.87	41.18
P	RV7N	54		29		47.87	41.18
P	RV7O	54		29		48	37.83
P	RV7P	54		29		43.4	45.72
P	RV7Q	54		29		43.2	44.97
P	RV7R	54		29		50	30
P	RV7S	54		29		47.83	35.17
P	RV7T	54		29		45.05	43.27
P	RV7U	54		29		47.23	47.23
P	RV7V	54		29		47.23	47.23
P	RV7W	54		29		43.1	46.88
P	RV7X	54		29		43.58	43.4
P	RV7Y	54		29		44.65	40
P	RV7Z	54		29		48.57	39.3
P	RV8	15		30
P	RV8A	15		30		54.75	60.7
P	RV8B	15		30		54.75	60.7
P	RV8C	15		30		58.7	61.33
P	RV8D	15		30		58.7	61.33
P	RV8E	15		30		58.7	61.33
P	RV8F	54	17	30		58	56.32
P	RV8G	54	17	30		59.02	54.67
P	RV8H	15	18	31		58.75	82.13
P	RV8I	15	18	31		58.75	82.13
P	RV8J	15				62.25	70.17
P	RV8K	15				65.3	74.03
P	RV8L	15		30		57.83	69
P	RV8M	15		30		56.22	73.27
P	RV8N	15		30		56.22	73.27
P	RV8O	15	18	31		55.45	79.55
P	RV8P	15	18	31		55.45	79.55
P	RV8Q	15		30		55.57	64.75
P	RV8R	15		30		55.57	64.75
P	RV8S	15	16	30		52.13	55.6
P	RV8T	15	16	30		52.13	55.6
P	RV8U	15	18	31		54.93	87.23
P	RV8V	15	18	31		54.93	87.23
P	RV8W	15	16	30		54.47	56.27
P	RV8X	54	17	20		64.28	54.47
P	RV8Y	15	18	31		52.77	82.62
P	RV8Z	15	18	31		50.92	86.92
P	RV9	15		30
P	RV9A	15		30		54.75	60.7
P	RV9B	15		30		54.75	60.7
P	RV9C	15		30		58.7	61.33
P	RV9D	15		30		58.7	61.33
P	RV9E	15		30		58.7	61.33
P	RV9F	54	17	30		58	56.32
P	RV9G	54	17	30		59.02	54.67
P	RV9H	15	18	31		58.75	82.13
P	RV9I	15	18	31		58.75	82.13
P	RV9J	15				62.25	70.17
P	RV9K	15				65.3	74.03
P	RV9L	15		30		57.83	69
P	RV9M	15		30		56.22	73.27
P	RV9N	15		30		56.22	73.27
P	RV9O	15	18	31		55.45	79.55
P	RV9P	15	18	31		55.45	79.55
P	RV9Q	15		30		55.57	64.75
P	RV9R	15		30		55.57	64.75
P	RV9S	15	16	30		52.13	55.6
P	RV9T	15	16	30		52.13	55.6
P	RV9U	15	18	31		54.93	87.23
P	RV9V	15	18	31		54.93	87.23
P	RV9W	15	16	30		54.47	56.27
P	RV9X	54	17	20		64.28	54.47
P	RV9Y	15	18	31		52.77	82.62
P	RV9Z	15	18	31		50.92	86.92
P	RW0	15	19	33
P	RW0A	15	18	32		59.88	91.67
P	RW0B	15	18	32		59.88	91.67
P	RW0C	15	19	34		54.8	136.83
P	RW0D	15	19	33		48.6	132.2
P	RW0E	15	19	34		50.55	142.6
P	RW0F	15	19	34		50.55	142.6
P	RW0G	15	19	33		53.55	127.83
P	RW0H	15	18	32		59.88	91.67
P	RW0I	15	19	24		62.9	153.7
P	RW0J	15	19	33		53.55	127.83
P	RW0K	15	19	25		66.67	171
P	RW0L	15	19	34		45.33	134.67
P	RW0M	15	19	34		45.33	134.67
P	RW0N	15	19	34		45.33	134.67
P	RW0O	15	18	32		53.8	109.33
P	RW0Q	15	19	23		66.4	129.17
P	RW0R	15	18	32		57.37	106
P	RW0S	15	18	32		57.37	106
P	RW0T	15	18	32		57.37	106
P	RW0U	15	18	33		54	118
P	RW0V	15	18	33		54	118
P	RW0W	15	18	31		53.5	90
P	RW0X	15	19	35		56	159
P	RW0Y	15	23	32		51.78	94.75
P	RW0Z	15	19	35		56	159
P	RW1A	54		29		59.95	30.3
P	RW1B	54		29		59.95	30.3
P	RW1C	54		29		60.05	31.75
P	RW1D	54		29		60.05	31.75
P	RW1F	54		29		59.95	30.3
P	RW1H	54		29		46.65	32.63
P	RW1I	54	17	20		64.28	54.47
P	RW1J	54		29		59.95	30.3
P	RW1L	54		29		59.95	30.3
P	RW1M	54		29		59.95	30.3
P	RW1N	54				63.82	33
P	RW1O	54				63.5	43
P	RW1P	54		20		68.83	54.83
P	RW1Q	54		29		60.08	40.45
P	RW1R	54		29		60.08	40.45
P	RW1S	54		29		60.08	40.45
P	RW1T	54		29		58.43	32.38
P	RW1V	54		29		46.65	32.63
P	RW1W	54		29		57.32	29.25
P	RW1X	54		29		57.32	29.25
P	RW1Z	54				68.03	34.57
P	RW2A	54		29		55.75	37.62
P	RW2B	54		29		55.75	37.62
P	RW2C	54		29		55.75	37.62
P	RW2D	54		29		55.7	36.97
P	RW2E	54		29		52.85	36.43
P	RW2F	126
P	RW2G	54		29		52.7	39.15
P	RW2H	54		29		55.7	36.97
P	RW2I	54		29		57.15	34.62
P	RW2J	54		29		57.15	34.62
P	RW2K	126
P	RW2L	54		29		55	33
P	RW2M	54		29		57.87	39.2
P	RW2N	54		29		58.55	43.68
P	RW2O	54		29		51.05	40.15
P	RW2P	54		29		53.92	37.58
P	RW2Q	54		29		51.05	40.15
P	RW2R	54		29		52.72	41.57
P	RW2S	54		29		54.4	40.6
P	RW2T	54		29		56.48	44.53
P	RW2U	54		29		57.02	41.52
P	RW2V	54		29		56.08	40.62
P	RW2W	54		29		51.75	36.02
P	RW2X	54		29		54.43	35.43
P	RW2Y	54		29		52.95	33.4
P	RW2Z	54		29		50.77	37.45
P	RW3A	54		29		55.75	37.62
P	RW3B	54		29		55.75	37.62
P	RW3C	54		29		55.75	37.62
P	RW3D	54		29		55.7	36.97
P	RW3E	54		29		52.85	36.43
P	RW3F	54		29		55.7	36.97
P	RW3G	54		29		52.7	39.15
P	RW3H	54		29		55.7	36.97
P	RW3I	54		29		57.15	34.62
P	RW3J	54		29		57.15	34.62
P	RW3K	54		29		51.05	40.15
P	RW3L	54		29		55	33
P	RW3M	54		29		57.87	39.2
P	RW3N	54		29		58.55	43.68
P	RW3O	54		29		51.05	40.15
P	RW3P	54		29		53.92	37.58
P	RW3Q	54		29		51.05	40.15
P	RW3R	54		29		52.72	41.57
P	RW3S	54		29		54.4	40.6
P	RW3T	54		29		56.48	44.53
P	RW3U	54		29		57.02	41.52
P	RW3V	54		29		56.08	40.62
P	RW3W	54		29		51.75	36.02
P	RW3X	54		29		54.43	35.43
P	RW3Y	54		29		52.95	33.4
P	RW3Z	54		29		50.77	37.45
P	RW4A	54		29		49.73	44.12
P	RW4B	54		29		49.73	44.12
P	RW4C	54		29		51.78	46.73
P	RW4D	54		29		51.78	46.73
P	RW4F	54		29		53.25	44.57
P	RW4H	54		30		53.45	50.45
P	RW4I	54		30		53.45	50.45
P	RW4L	54		29		53.95	47.92
P	RW4M	54		29		53.95	47.92
P	RW4N	54		29		58.77	49.83
P	RW4O	54		29		58.77	49.83
P	RW4P	54		29		55.55	50.93
P	RW4Q	54		29		55.55	50.93
P	RW4R	54		29		55.55	50.93
P	RW4S	54		29		56.7	47.87
P	RW4T	54		29		56.7	47.87
P	RW4U	54		29		54.43	44.45
P	RW4W	54		30		57.28	52.75
P	RW4Y	54		29		55.55	47.1
P	RW4Z	54		29		55.55	47.1
P	RW5A	54		29		55.75	37.62
P	RW5B	54		29		55.75	37.62
P	RW5C	54		29		55.75	37.62
P	RW5D	54		29		55.7	36.97
P	RW5E	54		29		52.85	36.43
P	RW5F	54		29		55.7	36.97
P	RW5G	54		29		52.7	39.15
P	RW5H	54		29		55.7	36.97
P	RW5I	54		29		57.15	34.62
P	RW5J	54		29		57.15	34.62
P	RW5K	54		29		51.05	40.15
P	RW5L	54		29		55	33
P	RW5M	54		29		57.87	39.2
P	RW5N	54		29		58.55	43.68
P	RW5O	54		29		51.05	40.15
P	RW5P	54		29		53.92	37.58
P	RW5Q	54		29		51.05	40.15
P	RW5R	54		29		52.72	41.57
P	RW5S	54		29		54.4	40.6
P	RW5T	54		29		56.48	44.53
P	RW5U	54		29		57.02	41.52
P	RW5V	54		29		56.08	40.62
P	RW5W	54		29		51.75	36.02
P	RW5X	54		29		54.43	35.43
P	RW5Y	54		29		52.95	33.4
P	RW5Z	54		29		50.77	37.45
P	RW6A	54		29		45.37	39.43
P	RW6B	54		29		45.37	39.43
P	RW6C	54		29		45.37	39.43
P	RW6D	54		29		45.37	39.43
P	RW6E	54		29		43.92	41.78
P	RW6F	54		29		45.05	43.27
P	RW6G	54		29		45.05	43.27
P	RW6H	54		29		45.05	43.27
P	RW6I	54		29		46.57	45.32
P	RW6J	54		29		43.18	44.23
P	RW6K	54		29		44.93	34.1
P	RW6L	54		29		47.87	41.18
P	RW6M	54		29		47.87	41.18
P	RW6N	54		29		47.87	41.18
P	RW6O	54		29		48	37.83
P	RW6P	54		29		43.4	45.72
P	RW6Q	54		29		43.2	44.97
P	RW6R	54		29		50	30
P	RW6S	54		29		47.83	35.17
P	RW6T	54		29		45.05	43.27
P	RW6U	54		29		47.23	47.23
P	RW6V	54		29		47.23	47.23
P	RW6W	54		29		43.1	46.88
P	RW6X	54		29		43.58	43.4
P	RW6Y	54		29		44.65	40
P	RW6Z	54		29		48.57	39.3
P	RW7A	54		29		45.37	39.43
P	RW7B	54		29		45.37	39.43
P	RW7C	54		29		45.37	39.43
P	RW7D	54		29		45.37	39.43
P	RW7E	54		29		43.92	41.78
P	RW7F	54		29		45.05	43.27
P	RW7G	54		29		45.05	43.27
P	RW7H	54		29		45.05	43.27
P	RW7I	54		29		46.57	45.32
P	RW7J	54		29		43.18	44.23
P	RW7K	54		29		44.93	34.1
P	RW7L	54		29		47.87	41.18
P	RW7M	54		29		47.87	41.18
P	RW7N	54		29		47.87	41.18
P	RW7O	54		29		48	37.83
P	RW7P	54		29		43.4	45.72
P	RW7Q	54		29		43.2	44.97
P	RW7R	54		29		50	30
P	RW7S	54		29		47.83	35.17
P	RW7T	54		29		45.05	43.27
P	RW7U	54		29		47.23	47.23
P	RW7V	54		29		47.23	47.23
P	RW7W	54		29		43.1	46.88
P	RW7X	54		29		43.58	43.4
P	RW7Y	54		29		44.65	40
P	RW7Z	54		29		48.57	39.3
P	RW8	15		30
P	RW8A	15		30		54.75	60.7
P	RW8B	15		30		54.75	60.7
P	RW8C	15		30		58.7	61.33
P	RW8D	15		30		58.7	61.33
P	RW8E	15		30		58.7	61.33
P	RW8F	54	17	30		58	56.32
P	RW8G	54	17	30		59.02	54.67
P	RW8H	15	18	31		58.75	82.13
P	RW8I	15	18	31		58.75	82.13
P	RW8J	15				62.25	70.17
P	RW8K	15				65.3	74.03
P	RW8L	15		30		57.83	69
P	RW8M	15		30		56.22	73.27
P	RW8N	15		30		56.22	73.27
P	RW8O	15	18	31		55.45	79.55
P	RW8P	15	18	31		55.45	79.55
P	RW8Q	15		30		55.57	64.75
P	RW8R	15		30		55.57	64.75
P	RW8S	15	16	30		52.13	55.6
P	RW8T	15	16	30		52.13	55.6
P	RW8U	15	18	31		54.93	87.23
P	RW8V	15	18	31		54.93	87.23
P	RW8W	15	16	30		54.47	56.27
P	RW8X	54	17	20		64.28	54.47
P	RW8Y	15	18	31		52.77	82.62
P	RW8Z	15	18	31		50.92	86.92
P	RW9	15		30
P	RW9A	15		30		54.75	60.7
P	RW9B	15		30		54.75	60.7
P	RW9C	15		30		58.7	61.33
P	RW9D	15		30		58.7	61.33
P	RW9E	15		30		58.7	61.33
P	RW9F	54	17	30		58	56.32
P	RW9G	54	17	30		59.02	54.67
P	RW9H	15	18	31		58.75	82.13
P	RW9I	15	18	31		58.75	82.13
P	RW9J	15				62.25	70.17
P	RW9K	15				65.3	74.03
P	RW9L	15		30		57.83	69
P	RW9M	15		30		56.22	73.27
P	RW9N	15		30		56.22	73.27
P	RW9O	15	18	31		55.45	79.55
P	RW9P	15	18	31		55.45	79.55
P	RW9Q	15		30		55.57	64.75
P	RW9R	15		30		55.57	64.75
P	RW9S	15	16	30		52.13	55.6
P	RW9T	15	16	30		52.13	55.6
P	RW9U	15	18	31		54.93	87.23
P	RW9V	15	18	31		54.93	87.23
P	RW9W	15	16	30		54.47	56.27
P	RW9X	54	17	20		64.28	54.47
P	RW9Y	15	18	31		52.77	82.62
P	RW9Z	15	18	31		50.92	86.92
P	RX0	15	19	33
P	RX0A	15	18	32		59.88	91.67
P	RX0B	15	18	32		59.88	91.67
P	RX0C	15	19	34		54.8	136.83
P	RX0D	15	19	33		48.6	132.2
P	RX0E	15	19	34		50.55	142.6
P	RX0F	15	19	34		50.55	142.6
P	RX0G	15	19	33		53.55	127.83
P	RX0H	15	18	32		59.88	91.67
P	RX0I	15	19	24		62.9	153.7
P	RX0J	15	19	33		53.55	127.83
P	RX0K	15	19	25		66.67	171
P	RX0L	15	19	34		45.33	134.67
P	RX0M	15	19	34		45.33	134.67
P	RX0N	15	19	34		45.33	134.67
P	RX0O	15	18	32		53.8	109.33
P	RX0Q	15	19	23		66.4	129.17
P	RX0R	15	18	32		57.37	106
P	RX0S	15	18	32		57.37	106
P	RX0T	15	18	32		57.37	106
P	RX0U	15	18	33		54	118
P	RX0V	15	18	33		54	118
P	RX0W	15	18	31		53.5	90
P	RX0X	15	19	35		56	159
P	RX0Y	15	23	32		51.78	94.75
P	RX0Z	15	19	35		56	159
P	RX1A	54		29		59.95	30.3
P	RX1B	54		29		59.95	30.3
P	RX1C	54		29		60.05	31.75
P	RX1D	54		29		60.05	31.75
P	RX1F	54		29		59.95	30.3
P	RX1H	54		29		46.65	32.63
P	RX1I	54	17	20		64.28	54.47
P	RX1J	54		29		59.95	30.3
P	RX1L	54		29		59.95	30.3
P	RX1M	54		29		59.95	30.3
P	RX1N	54				63.82	33
P	RX1O	54				63.5	43
P	RX1P	54		20		68.83	54.83
P	RX1Q	54		29		60.08	40.45
P	RX1R	54		29		60.08	40.45
P	RX1S	54		29		60.08	40.45
P	RX1T	54		29		58.43	32.38
P	RX1V	54		29		46.65	32.63
P	RX1W	54		29		57.32	29.25
P	RX1X	54		29		57.32	29.25
P	RX1Z	54				68.03	34.57
P	RX2A	54		29		55.75	37.62
P	RX2B	54		29		55.75	37.62
P	RX2C	54		29		55.75	37.62
P	RX2D	54		29		55.7	36.97
P	RX2E	54		29		52.85	36.43
P	RX2F	126
P	RX2G	54		29		52.7	39.15
P	RX2H	54		29		55.7	36.97
P	RX2I	54		29		57.15	34.62
P	RX2J	54		29		57.15	34.62
P	RX2K	126
P	RX2L	54		29		55	33
P	RX2M	54		29		57.87	39.2
P	RX2N	54		29		58.55	43.68
P	RX2O	54		29		51.05	40.15
P	RX2P	54		29		53.92	37.58
P	RX2Q	54		29		51.05	40.15
P	RX2R	54		29		52.72	41.57
P	RX2S	54		29		54.4	40.6
P	RX2T	54		29		56.48	44.53
P	RX2U	54		29		57.02	41.52
P	RX2V	54		29		56.08	40.62
P	RX2W	54		29		51.75	36.02
P	RX2X	54		29		54.43	35.43
P	RX2Y	54		29		52.95	33.4
P	RX2Z	54		29		50.77	37.45
P	RX3A	54		29		55.75	37.62
P	RX3B	54		29		55.75	37.62
P	RX3C	54		29		55.75	37.62
P	RX3D	54		29		55.7	36.97
P	RX3E	54		29		52.85	36.43
P	RX3F	54		29		55.7	36.97
P	RX3G	54		29		52.7	39.15
P	RX3H	54		29		55.7	36.97
P	RX3I	54		29		57.15	34.62
P	RX3J	54		29		57.15	34.62
P	RX3K	54		29		51.05	40.15
P	RX3L	54		29		55	33
P	RX3M	54		29		57.87	39.2
P	RX3N	54		29		58.55	43.68
P	RX3O	54		29		51.05	40.15
P	RX3P	54		29		53.92	37.58
P	RX3Q	54		29		51.05	40.15
P	RX3R	54		29		52.72	41.57
P	RX3S	54		29		54.4	40.6
P	RX3T	54		29		56.48	44.53
P	RX3U	54		29		57.02	41.52
P	RX3V	54		29		56.08	40.62
P	RX3W	54		29		51.75	36.02
P	RX3X	54		29		54.43	35.43
P	RX3Y	54		29		52.95	33.4
P	RX3Z	54		29		50.77	37.45
P	RX4A	54		29		49.73	44.12
P	RX4B	54		29		49.73	44.12
P	RX4C	54		29		51.78	46.73
P	RX4D	54		29		51.78	46.73
P	RX4F	54		29		53.25	44.57
P	RX4H	54		30		53.45	50.45
P	RX4I	54		30		53.45	50.45
P	RX4L	54		29		53.95	47.92
P	RX4M	54		29		53.95	47.92
P	RX4N	54		29		58.77	49.83
P	RX4O	54		29		58.77	49.83
P	RX4P	54		29		55.55	50.93
P	RX4Q	54		29		55.55	50.93
P	RX4R	54		29		55.55	50.93
P	RX4S	54		29		56.7	47.87
P	RX4T	54		29		56.7	47.87
P	RX4U	54		29		54.43	44.45
P	RX4W	54		30		57.28	52.75
P	RX4Y	54		29		55.55	47.1
P	RX4Z	54		29		55.55	47.1
P	RX5A	54		29		55.75	37.62
P	RX5B	54		29		55.75	37.62
P	RX5C	54		29		55.75	37.62
P	RX5D	54		29		55.7	36.97
P	RX5E	54		29		52.85	36.43
P	RX5F	54		29		55.7	36.97
P	RX5G	54		29		52.7	39.15
P	RX5H	54		29		55.7	36.97
P	RX5I	54		29		57.15	34.62
P	RX5J	54		29		57.15	34.62
P	RX5K	54		29		51.05	40.15
P	RX5L	54		29		55	33
P	RX5M	54		29		57.87	39.2
P	RX5N	54		29		58.55	43.68
P	RX5O	54		29		51.05	40.15
P	RX5P	54		29		53.92	37.58
P	RX5Q	54		29		51.05	40.15
P	RX5R	54		29		52.72	41.57
P	RX5S	54		29		54.4	40.6
P	RX5T	54		29		56.48	44.53
P	RX5U	54		29		57.02	41.52
P	RX5V	54		29		56.08	40.62
P	RX5W	54		29		51.75	36.02
P	RX5X	54		29		54.43	35.43
P	RX5Y	54		29		52.95	33.4
P	RX5Z	54		29		50.77	37.45
P	RX6A	54		29		45.37	39.43
P	RX6B	54		29		45.37	39.43
P	RX6C	54		29		45.37	39.43
P	RX6D	54		29		45.37	39.43
P	RX6E	54		29		43.92	41.78
P	RX6F	54		29		45.05	43.27
P	RX6G	54		29		45.05	43.27
P	RX6H	54		29		45.05	43.27
P	RX6I	54		29		46.57	45.32
P	RX6J	54		29		43.18	44.23
P	RX6K	54		29		44.93	34.1
P	RX6L	54		29		47.87	41.18
P	RX6M	54		29		47.87	41.18
P	RX6N	54		29		47.87	41.18
P	RX6O	54		29		48	37.83
P	RX6P	54		29		43.4	45.72
P	RX6Q	54		29		43.2	44.97
P	RX6R	54		29		50	30
P	RX6S	54		29		47.83	35.17
P	RX6T	54		29		45.05	43.27
P	RX6U	54		29		47.23	47.23
P	RX6V	54		29		47.23	47.23
P	RX6W	54		29		43.1	46.88
P	RX6X	54		29		43.58	43.4
P	RX6Y	54		29		44.65	40
P	RX6Z	54		29		48.57	39.3
P	RX7A	54		29		45.37	39.43
P	RX7B	54		29		45.37	39.43
P	RX7C	54		29		45.37	39.43
P	RX7D	54		29		45.37	39.43
P	RX7E	54		29		43.92	41.78
P	RX7F	54		29		45.05	43.27
P	RX7G	54		29		45.05	43.27
P	RX7H	54		29		45.05	43.27
P	RX7I	54		29		46.57	45.32
P	RX7J	54		29		43.18	44.23
P	RX7K	54		29		44.93	34.1
P	RX7L	54		29		47.87	41.18
P	RX7M	54		29		47.87	41.18
P	RX7N	54		29		47.87	41.18
P	RX7O	54		29		48	37.83
P	RX7P	54		29		43.4	45.72
P	RX7Q	54		29		43.2	44.97
P	RX7R	54		29		50	30
P	RX7S	54		29		47.83	35.17
P	RX7T	54		29		45.05	43.27
P	RX7U	54		29		47.23	47.23
P	RX7V	54		29		47.23	47.23
P	RX7W	54		29		43.1	46.88
P	RX7X	54		29		43.58	43.4
P	RX7Y	54		29		44.65	40
P	RX7Z	54		29		48.57	39.3
P	RX8	15		30
P	RX8A	15		30		54.75	60.7
P	RX8B	15		30		54.75	60.7
P	RX8C	15		30		58.7	61.33
P	RX8D	15		30		58.7	61.33
P	RX8E	15		30		58.7	61.33
P	RX8F	54	17	30		58	56.32
P	RX8G	54	17	30		59.02	54.67
P	RX8H	15	18	31		58.75	82.13
P	RX8I	15	18	31		58.75	82.13
P	RX8J	15				62.25	70.17
P	RX8K	15				65.3	74.03
P	RX8L	15		30		57.83	69
P	RX8M	15		30		56.22	73.27
P	RX8N	15		30		56.22	73.27
P	RX8O	15	18	31		55.45	79.55
P	RX8P	15	18	31		55.45	79.55
P	RX8Q	15		30		55.57	64.75
P	RX8R	15		30		55.57	64.75
P	RX8S	15	16	30		52.13	55.6
P	RX8T	15	16	30		52.13	55.6
P	RX8U	15	18	31		54.93	87.23
P	RX8V	15	18	31		54.93	87.23
P	RX8W	15	16	30		54.47	56.27
P	RX8X	54	17	20		64.28	54.47
P	RX8Y	15	18	31		52.77	82.62
P	RX8Z	15	18	31		50.92	86.92
P	RX9	15		30
P	RX9A	15		30		54.75	60.7
P	RX9B	15		30		54.75	60.7
P	RX9C	15		30		58.7	61.33
P	RX9D	15		30		58.7	61.33
P	RX9E	15		30		58.7	61.33
P	RX9F	54	17	30		58	56.32
P	RX9G	54	17	30		59.02	54.67
P	RX9H	15	18	31		58.75	82.13
P	RX9I	15	18	31		58.75	82.13
P	RX9J	15				62.25	70.17
P	RX9K	15				65.3	74.03
P	RX9L	15		30		57.83	69
P	RX9M	15		30		56.22	73.27
P	RX9N	15		30		56.22	73.27
P	RX9O	15	18	31		55.45	79.55
P	RX9P	15	18	31		55.45	79.55
P	RX9Q	15		30		55.57	64.75
P	RX9R	15		30		55.57	64.75
P	RX9S	15	16	30		52.13	55.6
P	RX9T	15	16	30		52.13	55.6
P	RX9U	15	18	31		54.93	87.23
P	RX9V	15	18	31		54.93	87.23
P	RX9W	15	16	30		54.47	56.27
P	RX9X	54	17	20		64.28	54.47
P	RX9Y	15	18	31		52.77	82.62
P	RX9Z	15	18	31		50.92	86.92
P	RY0	15	19	33
P	RY0A	15	18	32		59.88	91.67
P	RY0B	15	18	32		59.88	91.67
P	RY0C	15	19	34		54.8	136.83
P	RY0D	15	19	33		48.6	132.2
P	RY0E	15	19	34		50.55	142.6
P	RY0F	15	19	34		50.55	142.6
P	RY0G	15	19	33		53.55	127.83
P	RY0H	15	18	32		59.88	91.67
P	RY0I	15	19	24		62.9	153.7
P	RY0J	15	19	33		53.55	127.83
P	RY0K	15	19	25		66.67	171
P	RY0L	15	19	34		45.33	134.67
P	RY0M	15	19	34		45.33	134.67
P	RY0N	15	19	34		45.33	134.67
P	RY0O	15	18	32		53.8	109.33
P	RY0Q	15	19	23		66.4	129.17
P	RY0R	15	18	32		57.37	106
P	RY0S	15	18	32		57.37	106
P	RY0T	15	18	32		57.37	106
P	RY0U	15	18	33		54	118
P	RY0V	15	18	33		54	118
P	RY0W	15	18	31		53.5	90
P	RY0X	15	19	35		56	159
P	RY0Y	15	23	32		51.78	94.75
P	RY0Z	15	19	35		56	159
P	RY1A	54		29		59.95	30.3
P	RY1B	54		29		59.95	30.3
P	RY1C	54		29		60.05	31.75
P	RY1D	54		29		60.05	31.75
P	RY1F	54		29		59.95	30.3
P	RY1H	54		29		46.65	32.63
P	RY1I	54	17	20		64.28	54.47
P	RY1J	54		29		59.95	30.3
P	RY1L	54		29		59.95	30.3
P	RY1M	54		29		59.95	30.3
P	RY1N	54				63.82	33
P	RY1O	54				63.5	43
P	RY1P	54		20		68.83	54.83
P	RY1Q	54		29		60.08	40.45
P	RY1R	54		29		60.08	40.45
P	RY1S	54		29		60.08	40.45
P	RY1T	54		29		58.43	32.38
P	RY1V	54		29		46.65	32.63
P	RY1W	54		29		57.32	29.25
P	RY1X	54		29		57.32	29.25
P	RY1Z	54				68.03	34.57
P	RY2A	54		29		55.75	37.62
P	RY2B	54		29		55.75	37.62
P	RY2C	54		29		55.75	37.62
P	RY2D	54		29		55.7	36.97
P	RY2E	54		29		52.85	36.43
P	RY2F	126
P	RY2G	54		29		52.7	39.15
P	RY2H	54		29		55.7	36.97
P	RY2I	54		29		57.15	34.62
P	RY2J	54		29		57.15	34.62
P	RY2K	126
P	RY2L	54		29		55	33
P	RY2M	54		29		57.87	39.2
P	RY2N	54		29		58.55	43.68
P	RY2O	54		29		51.05	40.15
P	RY2P	54		29		53.92	37.58
P	RY2Q	54		29		51.05	40.15
P	RY2R	54		29		52.72	41.57
P	RY2S	54		29		54.4	40.6
P	RY2T	54		29		56.48	44.53
P	RY2U	54		29		57.02	41.52
P	RY2V	54		29		56.08	40.62
P	RY2W	54		29		51.75	36.02
P	RY2X	54		29		54.43	35.43
P	RY2Y	54		29		52.95	33.4
P	RY2Z	54		29		50.77	37.45
P	RY3A	54		29		55.75	37.62
P	RY3B	54		29		55.75	37.62
P	RY3C	54		29		55.75	37.62
P	RY3D	54		29		55.7	36.97
P	RY3E	54		29		52.85	36.43
P	RY3F	54		29		55.7	36.97
P	RY3G	54		29		52.7	39.15
P	RY3H	54		29		55.7	36.97
P	RY3I	54		29		57.15	34.62
P	RY3J	54		29		57.15	34.62
P	RY3K	54		29		51.05	40.15
P	RY3L	54		29		55	33
P	RY3M	54		29		57.87	39.2
P	RY3N	54		29		58.55	43.68
P	RY3O	54		29		51.05	40.15
P	RY3P	54		29		53.92	37.58
P	RY3Q	54		29		51.05	40.15
P	RY3R	54		29		52.72	41.57
P	RY3S	54		29		54.4	40.6
P	RY3T	54		29		56.48	44.53
P	RY3U	54		29		57.02	41.52
P	RY3V	54		29		56.08	40.62
P	RY3W	54		29		51.75	36.02
P	RY3X	54		29		54.43	35.43
P	RY3Y	54		29		52.95	33.4
P	RY3Z	54		29		50.77	37.45
P	RY4A	54		29		49.73	44.12
P	RY4B	54		29		49.73	44.12
P	RY4C	54		29		51.78	46.73
P	RY4D	54		29		51.78	46.73
P	RY4F	54		29		53.25	44.57
P	RY4H	54		30		53.45	50.45
P	RY4I	54		30		53.45	50.45
P	RY4L	54		29		53.95	47.92
P	RY4M	54		29		53.95	47.92
P	RY4N	54		29		58.77	49.83
P	RY4O	54		29		58.77	49.83
P	RY4P	54		29		55.55	50.93
P	RY4Q	54		29		55.55	50.93
P	RY4R	54		29		55.55	50.93
P	RY4S	54		29		56.7	47.87
P	RY4T	54		29		56.7	47.87
P	RY4U	54		29		54.43	44.45
P	RY4W	54		30		57.28	52.75
P	RY4Y	54		29		55.55	47.1
P	RY4Z	54		29		55.55	47.1
P	RY5A	54		29		55.75	37.62
P	RY5B	54		29		55.75	37.62
P	RY5C	54		29		55.75	37.62
P	RY5D	54		29		55.7	36.97
P	RY5E	54		29		52.85	36.43
P	RY5F	54		29		55.7	36.97
P	RY5G	54		29		52.7	39.15
P	RY5H	54		29		55.7	36.97
P	RY5I	54		29		57.15	34.62
P	RY5J	54		29		57.15	34.62
P	RY5K	54		29		51.05	40.15
P	RY5L	54		29		55	33
P	RY5M	54		29		57.87	39.2
P	RY5N	54		29		58.55	43.68
P	RY5O	54		29		51.05	40.15
P	RY5P	54		29		53.92	37.58
P	RY5Q	54		29		51.05	40.15
P	RY5R	54		29		52.72	41.57
P	RY5S	54		29		54.4	40.6
P	RY5T	54		29		56.48	44.53
P	RY5U	54		29		57.02	41.52
P	RY5V	54		29		56.08	40.62
P	RY5W	54		29		51.75	36.02
P	RY5X	54		29		54.43	35.43
P	RY5Y	54		29		52.95	33.4
P	RY5Z	54		29		50.77	37.45
P	RY6A	54		29		45.37	39.43
P	RY6B	54		29		45.37	39.43
P	RY6C	54		29		45.37	39.43
P	RY6D	54		29		45.37	39.43
P	RY6E	54		29		43.92	41.78
P	RY6F	54		29		45.05	43.27
P	RY6G	54		29		45.05	43.27
P	RY6H	54		29		45.05	43.27
P	RY6I	54		29		46.57	45.32
P	RY6J	54		29		43.18	44.23
P	RY6K	54		29		44.93	34.1
P	RY6L	54		29		47.87	41.18
P	RY6M	54		29		47.87	41.18
P	RY6N	54		29		47.87	41.18
P	RY6O	54		29		48	37.83
P	RY6P	54		29		43.4	45.72
P	RY6Q	54		29		43.2	44.97
P	RY6R	54		29		50	30
P	RY6S	54		29		47.83	35.17
P	RY6T	54		29		45.05	43.27
P	RY6U	54		29		47.23	47.23
P	RY6V	54		29		47.23	47.23
P	RY6W	54		29		43.1	46.88
P	RY6X	54		29		43.58	43.4
P	RY6Y	54		29		44.65	40
P	RY6Z	54		29		48.57	39.3
P	RY7A	54		29		45.37	39.43
P	RY7B	54		29		45.37	39.43
P	RY7C	54		29		45.37	39.43
P	RY7D	54		29		45.37	39.43
P	RY7E	54		29		43.92	41.78
P	RY7F	54		29		45.05	43.27
P	RY7G	54		29		45.05	43.27
P	RY7H	54		29		45.05	43.27
P	RY7I	54		29		46.57	45.32
P	RY7J	54		29		43.18	44.23
P	RY7K	54		29		44.93	34.1
P	RY7L	54		29		47.87	41.18
P	RY7M	54		29		47.87	41.18
P	RY7N	54		29		47.87	41.18
P	RY7O	54		29		48	37.83
P	RY7P	54		29		43.4	45.72
P	RY7Q	54		29		43.2	44.97
P	RY7R	54		29		50	30
P	RY7S	54		29		47.83	35.17
P	RY7T	54		29		45.05	43.27
P	RY7U	54		29		47.23	47.23
P	RY7V	54		29		47.23	47.23
P	RY7W	54		29		43.1	46.88
P	RY7X	54		29		43.58	43.4
P	RY7Y	54		29		44.65	40
P	RY7Z	54		29		48.57	39.3
P	RY8	15		30
P	RY8A	15		30		54.75	60.7
P	RY8B	15		30		54.75	60.7
P	RY8C	15		30		58.7	61.33
P	RY8D	15		30		58.7	61.33
P	RY8E	15		30		58.7	61.33
P	RY8F	54	17	30		58	56.32
P	RY8G	54	17	30		59.02	54.67
P	RY8H	15	18	31		58.75	82.13
P	RY8I	15	18	31		58.75	82.13
P	RY8J	15				62.25	70.17
P	RY8K	15				65.3	74.03
P	RY8L	15		30		57.83	69
P	RY8M	15		30		56.22	73.27
P	RY8N	15		30		56.22	73.27
P	RY8O	15	18	31		55.45	79.55
P	RY8P	15	18	31		55.45	79.55
P	RY8Q	15		30		55.57	64.75
P	RY8R	15		30		55.57	64.75
P	RY8S	15	16	30		52.13	55.6
P	RY8T	15	16	30		52.13	55.6
P	RY8U	15	18	31		54.93	87.23
P	RY8V	15	18	31		54.93	87.23
P	RY8W	15	16	30		54.47	56.27
P	RY8X	54	17	20		64.28	54.47
P	RY8Y	15	18	31		52.77	82.62
P	RY8Z	15	18	31		50.92	86.92
P	RY9	15		30
P	RY9A	15		30		54.75	60.7
P	RY9B	15		30		54.75	60.7
P	RY9C	15		30		58.7	61.33
P	RY9D	15		30		58.7	61.33
P	RY9E	15		30		58.7	61.33
P	RY9F	54	17	30		58	56.32
P	RY9G	54	17	30		59.02	54.67
P	RY9H	15	18	31		58.75	82.13
P	RY9I	15	18	31		58.75	82.13
P	RY9J	15				62.25	70.17
P	RY9K	15				65.3	74.03
P	RY9L	15		30		57.83	69
P	RY9M	15		30		56.22	73.27
P	RY9N	15		30		56.22	73.27
P	RY9O	15	18	31		55.45	79.55
P	RY9P	15	18	31		55.45	79.55
P	RY9Q	15		30		55.57	64.75
P	RY9R	15		30		55.57	64.75
P	RY9S	15	16	30		52.13	55.6
P	RY9T	15	16	30		52.13	55.6
P	RY9U	15	18	31		54.93	87.23
P	RY9V	15	18	31		54.93	87.23
P	RY9W	15	16	30		54.47	56.27
P	RY9X	54	17	20		64.28	54.47
P	RY9Y	15	18	31		52.77	82.62
P	RY9Z	15	18	31		50.92	86.92
P	RZ0	15	19	33
P	RZ0A	15	18	32		59.88	91.67
P	RZ0B	15	18	32		59.88	91.67
P	RZ0C	15	19	34		54.8	136.83
P	RZ0D	15	19	33		48.6	132.2
P	RZ0E	15	19	34		50.55	142.6
P	RZ0F	15	19	34		50.55	142.6
P	RZ0G	15	19	33		53.55	127.83
P	RZ0H	15	18	32		59.88	91.67
P	RZ0I	15	19	24		62.9	153.7
P	RZ0J	15	19	33		53.55	127.83
P	RZ0K	15	19	25		66.67	171
P	RZ0L	15	19	34		45.33	134.67
P	RZ0M	15	19	34		45.33	134.67
P	RZ0N	15	19	34		45.33	134.67
P	RZ0O	15	18	32		53.8	109.33
P	RZ0Q	15	19	23		66.4	129.17
P	RZ0R	15	18	32		57.37	106
P	RZ0S	15	18	32		57.37	106
P	RZ0T	15	18	32		57.37	106
P	RZ0U	15	18	33		54	118
P	RZ0V	15	18	33		54	118
P	RZ0W	15	18	31		53.5	90
P	RZ0X	15	19	35		56	159
P	RZ0Y	15	23	32		51.78	94.75
P	RZ0Z	15	19	35		56	159
P	RZ1A	54		29		59.95	30.3
P	RZ1B	54		29		59.95	30.3
P	RZ1C	54		29		60.05	31.75
P	RZ1D	54		29		60.05	31.75
P	RZ1F	54		29		59.95	30.3
P	RZ1H	54		29		46.65	32.63
P	RZ1I	54	17	20		64.28	54.47
P	RZ1J	54		29		59.95	30.3
P	RZ1L	54		29		59.95	30.3
P	RZ1M	54		29		59.95	30.3
P	RZ1N	54				63.82	33
P	RZ1O	54				63.5	43
P	RZ1P	54		20		68.83	54.83
P	RZ1Q	54		29		60.08	40.45
P	RZ1R	54		29		60.08	40.45
P	RZ1S	54		29		60.08	40.45
P	RZ1T	54		29		58.43	32.38
P	RZ1V	54		29		46.65	32.63
P	RZ1W	54		29		57.32	29.25
P	RZ1X	54		29		57.32	29.25
P	RZ1Z	54				68.03	34.57
P	RZ2A	54		29		55.75	37.62
P	RZ2B	54		29		55.75	37.62
P	RZ2C	54		29		55.75	37.62
P	RZ2D	54		29		55.7	36.97
P	RZ2E	54		29		52.85	36.43
P	RZ2F	126
P	RZ2G	54		29		52.7	39.15
P	RZ2H	54		29		55.7	36.97
P	RZ2I	54		29		57.15	34.62
P	RZ2J	54		29		57.15	34.62
P	RZ2K	126
P	RZ2L	54		29		55	33
P	RZ2M	54		29		57.87	39.2
P	RZ2N	54		29		58.55	43.68
P	RZ2O	54		29		51.05	40.15
P	RZ2P	54		29		53.92	37.58
P	RZ2Q	54		29		51.05	40.15
P	RZ2R	54		29		52.72	41.57
P	RZ2S	54		29		54.4	40.6
P	RZ2T	54		29		56.48	44.53
P	RZ2U	54		29		57.02	41.52
P	RZ2V	54		29		56.08	40.62
P	RZ2W	54		29		51.75	36.02
P	RZ2X	54		29		54.43	35.43
P	RZ2Y	54		29		52.95	33.4
P	RZ2Z	54		29		50.77	37.45
P	RZ3A	54		29		55.75	37.62
P	RZ3B	54		29		55.75	37.62
P	RZ3C	54		29		55.75	37.62
P	RZ3D	54		29		55.7	36.97
P	RZ3E	54		29		52.85	36.43
P	RZ3F	54		29		55.7	36.97
P	RZ3G	54		29		52.7	39.15
P	RZ3H	54		29		55.7	36.97
P	RZ3I	54		29		57.15	34.62
P	RZ3J	54		29		57.15	34.62
P	RZ3K	54		29		51.05	40.15
P	RZ3L	54		29		55	33
P	RZ3M	54		29		57.87	39.2
P	RZ3N	54		29		58.55	43.68
P	RZ3O	54		29		51.05	40.15
P	RZ3P	54		29		53.92	37.58
P	RZ3Q	54		29		51.05	40.15
P	RZ3R	54		29		52.72	41.57
P	RZ3S	54		29		54.4	40.6
P	RZ3T	54		29		56.48	44.53
P	RZ3U	54		29		57.02	41.52
P	RZ3V	54		29		56.08	40.62
P	RZ3W	54		29		51.75	36.02
P	RZ3X	54		29		54.43	35.43
P	RZ3Y	54		29		52.95	33.4
P	RZ3Z	54		29		50.77	37.45
P	RZ4A	54		29		49.73	44.12
P	RZ4B	54		29		49.73	44.12
P	RZ4C	54		29		51.78	46.73
P	RZ4D	54		29		51.78	46.73
P	RZ4F	54		29		53.25	44.57
P	RZ4H	54		30		53.45	50.45
P	RZ4I	54		30		53.45	50.45
P	RZ4L	54		29		53.95	47.92
P	RZ4M	54		29		53.95	47.92
P	RZ4N	54		29		58.77	49.83
P	RZ4O	54		29		58.77	49.83
P	RZ4P	54		29		55.55	50.93
P	RZ4Q	54		29		55.55	50.93
P	RZ4R	54		29		55.55	50.93
P	RZ4S	54		29		56.7	47.87
P	RZ4T	54		29		56.7	47.87
P	RZ4U	54		29		54.43	44.45
P	RZ4W	54		30		57.28	52.75
P	RZ4Y	54		29		55.55	47.1
P	RZ4Z	54		29		55.55	47.1
P	RZ5A	54		29		55.75	37.62
P	RZ5B	54		29		55.75	37.62
P	RZ5C	54		29		55.75	37.62
P	RZ5D	54		29		55.7	36.97
P	RZ5E	54		29		52.85	36.43
P	RZ5F	54		29		55.7	36.97
P	RZ5G	54		29		52.7	39.15
P	RZ5H	54		29		55.7	36.97
P	RZ5I	54		29		57.15	34.62
P	RZ5J	54		29		57.15	34.62
P	RZ5K	54		29		51.05	40.15
P	RZ5L	54		29		55	33
P	RZ5M	54		29		57.87	39.2
P	RZ5N	54		29		58.55	43.68
P	RZ5O	54		29		51.05	40.15
P	RZ5P	54		29		53.92	37.58
P	RZ5Q	54		29		51.05	40.15
P	RZ5R	54		29		52.72	41.57
P	RZ5S	54		29		54.4	40.6
P	RZ5T	54		29		56.48	44.53
P	RZ5U	54		29		57.02	41.52
P	RZ5V	54		29		56.08	40.62
P	RZ5W	54		29		51.75	36.02
P	RZ5X	54		29		54.43	35.43
P	RZ5Y	54		29		52.95	33.4
P	RZ5Z	54		29		50.77	37.45
P	RZ6A	54		29		45.37	39.43
P	RZ6B	54		29		45.37	39.43
P	RZ6C	54		29		45.37	39.43
P	RZ6D	54		29		45.37	39.43
P	RZ6E	54		29		43.92	41.78
P	RZ6F	54		29		45.05	43.27
P	RZ6G	54		29		45.05	43.27
P	RZ6H	54		29		45.05	43.27
P	RZ6I	54		29		46.57	45.32
P	RZ6J	54		29		43.18	44.23
P	RZ6K	54		29		44.93	34.1
P	RZ6L	54		29		47.87	41.18
P	RZ6M	54		29		47.87	41.18
P	RZ6N	54		29		47.87	41.18
P	RZ6O	54		29		48	37.83
P	RZ6P	54		29		43.4	45.72
P	RZ6Q	54		29		43.2	44.97
P	RZ6R	54		29		50	30
P	RZ6S	54		29		47.83	35.17
P	RZ6T	54		29		45.05	43.27
P	RZ6U	54		29		47.23	47.23
P	RZ6V	54		29		47.23	47.23
P	RZ6W	54		29		43.1	46.88
P	RZ6X	54		29		43.58	43.4
P	RZ6Y	54		29		44.65	40
P	RZ6Z	54		29		48.57	39.3
P	RZ7A	54		29		45.37	39.43
P	RZ7B	54		29		45.37	39.43
P	RZ7C	54		29		45.37	39.43
P	RZ7D	54		29		45.37	39.43
P	RZ7E	54		29		43.92	41.78
P	RZ7F	54		29		45.05	43.27
P	RZ7G	54		29		45.05	43.27
P	RZ7H	54		29		45.05	43.27
P	RZ7I	54		29		46.57	45.32
P	RZ7J	54		29		43.18	44.23
P	RZ7K	54		29		44.93	34.1
P	RZ7L	54		29		47.87	41.18
P	RZ7M	54		29		47.87	41.18
P	RZ7N	54		29		47.87	41.18
P	RZ7O	54		29		48	37.83
P	RZ7P	54		29		43.4	45.72
P	RZ7Q	54		29		43.2	44.97
P	RZ7R	54		29		50	30
P	RZ7S	54		29		47.83	35.17
P	RZ7T	54		29		45.05	43.27
P	RZ7U	54		29		47.23	47.23
P	RZ7V	54		29		47.23	47.23
P	RZ7W	54		29		43.1	46.88
P	RZ7X	54		29		43.58	43.4
P	RZ7Y	54		29		44.65	40
P	RZ7Z	54		29		48.57	39.3
P	RZ8	15		30
P	RZ8A	15		30		54.75	60.7
P	RZ8B	15		30		54.75	60.7
P	RZ8C	15		30		58.7	61.33
P	RZ8D	15		30		58.7	61.33
P	RZ8E	15		30		58.7	61.33
P	RZ8F	54	17	30		58	56.32
P	RZ8G	54	17	30		59.02	54.67
P	RZ8H	15	18	31		58.75	82.13
P	RZ8I	15	18	31		58.75	82.13
P	RZ8J	15				62.25	70.17
P	RZ8K	15				65.3	74.03
P	RZ8L	15		30		57.83	69
P	RZ8M	15		30		56.22	73.27
P	RZ8N	15		30		56.22	73.27
P	RZ8O	15	18	31		55.45	79.55
P	RZ8P	15	18	31		55.45	79.55
P	RZ8Q	15		30		55.57	64.75
P	RZ8R	15		30		55.57	64.75
P	RZ8S	15	16	30		52.13	55.6
P	RZ8T	15	16	30		52.13	55.6
P	RZ8U	15	18	31		54.93	87.23
P	RZ8V	15	18	31		54.93	87.23
P	RZ8W	15	16	30		54.47	56.27
P	RZ8X	54	17	20		64.28	54.47
P	RZ8Y	15	18	31		52.77	82.62
P	RZ8Z	15	18	31		50.92	86.92
P	RZ9	15		30
P	RZ9A	15		30		54.75	60.7
P	RZ9B	15		30		54.75	60.7
P	RZ9C	15		30		58.7	61.33
P	RZ9D	15		30		58.7	61.33
P	RZ9E	15		30		58.7	61.33
P	RZ9F	54	17	30		58	56.32
P	RZ9G	54	17	30		59.02	54.67
P	RZ9H	15	18	31		58.75	82.13
P	RZ9I	15	18	31		58.75	82.13
P	RZ9J	15				62.25	70.17
P	RZ9K	15				65.3	74.03
P	RZ9L	15		30		57.83	69
P	RZ9M	15		30		56.22	73.27
P	RZ9N	15		30		56.22	73.27
P	RZ9O	15	18	31		55.45	79.55
P	RZ9P	15	18	31		55.45	79.55
P	RZ9Q	15		30		55.57	64.75
P	RZ9R	15		30		55.57	64.75
P	RZ9S	15	16	30		52.13	55.6
P	RZ9T	15	16	30		52.13	55.6
P	RZ9U	15	18	31		54.93	87.23
P	RZ9V	15	18	31		54.93	87.23
P	RZ9W	15	16	30		54.47	56.27
P	RZ9X	54	17	20		64.28	54.47
P	RZ9Y	15	18	31		52.77	82.62
P	RZ9Z	15	18	31		50.92	86.92
P	S0	302		46
P	S2	305
P	S3	305
P	S4	462
P	S5	499
P	S6	381
P	S7	379
P	S8	462
P	S9	219
P	SA	284
P	SA0	284				59.33	18.17
P	SA1	284				57.5	18.52
P	SA2	284				65.68	18.4
P	SA3	284				62	16.28
P	SA4	284				59.78	14.72
P	SA5	284				59.15	16.47
P	SA6	284				57.97	11.9
P	SA7	284				56.43	14
P	SB	284
P	SB0	284				59.33	18.17
P	SB1	284				57.5	18.52
P	SB2	284				65.68	18.4
P	SB3	284				62	16.28
P	SB4	284				59.78	14.72
P	SB5	284				59.15	16.47
P	SB6	284				57.97	11.9
P	SB7	284				56.43	14
P	SC	284
P	SC0	284				59.33	18.17
P	SC1	284				57.5	18.52
P	SC2	284				65.68	18.4
P	SC3	284				62	16.28
P	SC4	284				59.78	14.72
P	SC5	284				59.15	16.47
P	SC6	284				57.97	11.9
P	SC7	284				56.43	14
P	SD	284
P	SD0	284				59.33	18.17
P	SD1	284				57.5	18.52
P	SD2	284				65.68	18.4
P	SD3	284				62	16.28
P	SD4	284				59.78	14.72
P	SD5	284				59.15	16.47
P	SD6	284				57.97	11.9
P	SD7	284				56.43	14
P	SE	284
P	SE0	284				59.33	18.17
P	SE1	284				57.5	18.52
P	SE2	284				65.68	18.4
P	SE3	284				62	16.28
P	SE4	284				59.78	14.72
P	SE5	284				59.15	16.47
P	SE6	284				57.97	11.9
P	SE7	284				56.43	14
P	SF	284
P	SF0	284				59.33	18.17
P	SF1	284				57.5	18.52
P	SF2	284				65.68	18.4
P	SF3	284				62	16.28
P	SF4	284				59.78	14.72
P	SF5	284				59.15	16.47
P	SF6	284				57.97	11.9
P	SF7	284				56.43	14
P	SG	284
P	SG0	284				59.33	18.17
P	SG1	284				57.5	18.52
P	SG2	284				65.68	18.4
P	SG3	284				62	16.28
P	SG4	284				59.78	14.72
P	SG5	284				59.15	16.47
P	SG6	284				57.97	11.9
P	SG7	284				56.43	14
P	SH	284
P	SH0	284				59.33	18.17
P	SH1	284				57.5	18.52
P	SH2	284				65.68	18.4
P	SH3	284				62	16.28
P	SH4	284				59.78	14.72
P	SH5	284				59.15	16.47
P	SH6	284				57.97	11.9
P	SH7	284				56.43	14
P	SI	284
P	SI0	284				59.33	18.17
P	SI1	284				57.5	18.52
P	SI2	284				65.68	18.4
P	SI3	284				62	16.28
P	SI4	284				59.78	14.72
P	SI5	284				59.15	16.47
P	SI6	284				57.97	11.9
P	SI7	284				56.43	14
P	SJ	284
P	SJ0	284				59.33	18.17
P	SJ1	284				57.5	18.52
P	SJ2	284				65.68	18.4
P	SJ3	284				62	16.28
P	SJ4	284				59.78	14.72
P	SJ5	284				59.15	16.47
P	SJ6	284				57.97	11.9
P	SJ7	284				56.43	14
P	SK	284
P	SK0	284				59.33	18.17
P	SK1	284				57.5	18.52
P	SK2	284				65.68	18.4
P	SK3	284				62	16.28
P	SK4	284				59.78	14.72
P	SK5	284				59.15	16.47
P	SK6	284				57.97	11.9
P	SK7	284				56.43	14
P	SL	284
P	SL0	284				59.33	18.17
P	SL1	284				57.5	18.52
P	SL2	284				65.68	18.4
P	SL3	284				62	16.28
P	SL4	284				59.78	14.72
P	SL5	284				59.15	16.47
P	SL6	284				57.97	11.9
P	SL7	284				56.43	14
P	SM	284
P	SM0	284				59.33	18.17
P	SM1	284				57.5	18.52
P	SM2	284				65.68	18.4
P	SM3	284				62	16.28
P	SM4	284				59.78	14.72
P	SM5	284				59.15	16.47
P	SM6	284				57.97	11.9
P	SM7	284				56.43	14
P	SN	269
P	SN1	269				53.42	14.53
P	SN2	269				54.45	17.33
P	SN3	269				53	15.9
P	SN4	269				54.17	19.42
P	SN5	269				52.27	21.03
P	SN6	269				51.08	17
P	SN7	269				53.28	15.92
P	SN8	269				50.07	22
P	SN9	269				50.25	18.98
P	SO	269
P	SO1	269				53.42	14.53
P	SO2	269				54.45	17.33
P	SO3	269				53	15.9
P	SO4	269				54.17	19.42
P	SO5	269				52.27	21.03
P	SO6	269				51.08	17
P	SO7	269				53.28	15.92
P	SO8	269				50.07	22
P	SO9	269				50.25	18.98
P	SP	269
P	SP1	269				53.42	14.53
P	SP2	269				54.45	17.33
P	SP3	269				53	15.9
P	SP4	269				54.17	19.42
P	SP5	269				52.27	21.03
P	SP6	269				51.08	17
P	SP7	269				53.28	15.92
P	SP8	269				50.07	22
P	SP9	269				50.25	18.98
P	SQ	269
P	SQ1	269				53.42	14.53
P	SQ2	269				54.45	17.33
P	SQ3	269				53	15.9
P	SQ4	269				54.17	19.42
P	SQ5	269				52.27	21.03
P	SQ6	269				51.08	17
P	SQ7	269				53.28	15.92
P	SQ8	269				50.07	22
P	SQ9	269				50.25	18.98
P	SR	269
P	SR1	269				53.42	14.53
P	SR2	269				54.45	17.33
P	SR3	269				53	15.9
P	SR4	269				54.17	19.42
P	SR5	269				52.27	21.03
P	SR6	269				51.08	17
P	SR7	269				53.28	15.92
P	SR8	269				50.07	22
P	SR9	269				50.25	18.98
P	SS	478
P	ST	466
P	SU	478
P	SV	236
P	SV1	236				37.97	23.72
P	SV2	236				40.8	22.5
P	SV3	236				37.23	21.8
P	SV4	236				39.63	22.42
P	SV5	45
P	SV6	236				39.2	20.5
P	SV7	236				41	25
P	SV8	236
P	SV9	40
P	SW	236
P	SW1	236				37.97	23.72
P	SW2	236				40.8	22.5
P	SW3	236				37.23	21.8
P	SW4	236				39.63	22.42
P	SW5	45
P	SW6	236				39.2	20.5
P	SW7	236				41	25
P	SW8	236
P	SW9	40
P	SX	236
P	SX1	236				37.97	23.72
P	SX2	236				40.8	22.5
P	SX3	236				37.23	21.8
P	SX4	236				39.63	22.42
P	SX5	45
P	SX6	236				39.2	20.5
P	SX7	236				41	25
P	SX8	236
P	SX9	40
P	SY	236
P	SY1	236				37.97	23.72
P	SY2	236				40.8	22.5
P	SY3	236				37.23	21.8
P	SY4	236				39.63	22.42
P	SY5	45
P	SY6	236				39.2	20.5
P	SY7	236				41	25
P	SY8	236
P	SY9	40
P	SZ	236
P	SZ1	236				37.97	23.72
P	SZ2	236				40.8	22.5
P	SZ3	236				37.23	21.8
P	SZ4	236				39.63	22.42
P	SZ5	45
P	SZ6	236				39.2	20.5
P	SZ7	236				41	25
P	SZ8	236
P	SZ9	40
P	T2	282
P	T30	301
P	T31	31
P	T32	48
P	T33	490
P	T4	70
P	T41	70				22.42	-83.67
P	T42	70				23.13	-82.38
P	T43	70				22.82	-82.35
P	T44	70				21.75	-82.85
P	T45	70				23.05	-81.58
P	T46	70				22.4	-79.95
P	T47	70				22.62	-78.33
P	T48	70				20.48	-76.18
P	T5	232
P	T6	3
P	T7	278
P	T8	22
P	TA	390
P	TA0	390				38.95	26.58
P	TA1	390			EU	41.02	28.97
P	TA2	390				39.92	32.83
P	TA3	390				38.42	27.12
P	TA4	390				36.88	30.7
P	TA5	390				37.85	32.5
P	TA6	390				41.27	36.35
P	TA7	390				40.98	39.72
P	TA8	390				37.77	38.27
P	TA9	390				39.95	41.28
P	TB	390
P	TB0	390				38.95	26.58
P	TB1	390			EU	41.02	28.97
P	TB2	390				39.92	32.83
P	TB3	390				38.42	27.12
P	TB4	390				36.88	30.7
P	TB5	390				37.85	32.5
P	TB6	390				41.27	36.35
P	TB7	390				40.98	39.72
P	TB8	390				37.77	38.27
P	TB9	390				39.95	41.28
P	TC	390
P	TC0	390				38.95	26.58
P	TC1	390			EU	41.02	28.97
P	TC2	390				39.92	32.83
P	TC3	390				38.42	27.12
P	TC4	390				36.88	30.7
P	TC5	390				37.85	32.5
P	TC6	390				41.27	36.35
P	TC7	390				40.98	39.72
P	TC8	390				37.77	38.27
P	TC9	390				39.95	41.28
P	TD	76
P	TE	308
P	TE2	308				9.93	-84.08
P	TE3	308				9.8	-83.65
P	TE4	308				10.42	-84
P	TE5	308				10.57	-84.6
P	TE6	308				9.98	-83.03
P	TE7	308				10.43	-85.4
P	TE8	308				9.97	-84.83
P	TE9	37
P	TF	242
P	TG	76
P	TH	227
P	TI	308
P	TI2	308				9.93	-84.08
P	TI3	308				9.8	-83.65
P	TI4	308				10.42	-84
P	TI5	308				10.57	-84.6
P	TI6	308				9.98	-83.03
P	TI7	308				10.43	-85.4
P	TI8	308				9.97	-84.83
P	TI9	37
P	TJ	406
P	TK	214
P	TL	408
P	TM	227
P	TN	412
P	TO	227
P	TP	227
P	TQ	227
P	TR	420
P	TS	474
P	TT	410
P	TU	428
P	TV	227
P	TW	298
P	TX	227
P	TY	416
P	TZ	442
P	U	54		29
P	U0	15	19	33
P	U0A	15	18	32		59.88	91.67
P	U0B	15	18	32		59.88	91.67
P	U0C	15	19	34		54.8	136.83
P	U0D	15	19	33		48.6	132.2
P	U0E	15	19	34		50.55	142.6
P	U0F	15	19	34		50.55	142.6
P	U0G	15	19	33		53.55	127.83
P	U0H	15	18	32		59.88	91.67
P	U0I	15	19	24		62.9	153.7
P	U0J	15	19	33		53.55	127.83
P	U0K	15	19	25		66.67	171
P	U0L	15	19	34		45.33	134.67
P	U0M	15	19	34		45.33	134.67
P	U0N	15	19	34		45.33	134.67
P	U0O	15	18	32		53.8	109.33
P	U0Q	15	19	23		66.4	129.17
P	U0R	15	18	32		57.37	106
P	U0S	15	18	32		57.37	106
P	U0T	15	18	32		57.37	106
P	U0U	15	18	33		54	118
P	U0V	15	18	33		54	118
P	U0W	15	18	31		53.5	90
P	U0X	15	19	35		56	159
P	U0Y	15	23	32		51.78	94.75
P	U0Z	15	19	35		56	159
P	U1A	54		29		59.95	30.3
P	U1B	54		29		59.95	30.3
P	U1C	54		29		60.05	31.75
P	U1D	54		29		60.05	31.75
P	U1F	54		29		59.95	30.3
P	U1H	54		29		46.65	32.63
P	U1I	54	17	20		64.28	54.47
P	U1J	54		29		59.95	30.3
P	U1L	54		29		59.95	30.3
P	U1M	54		29		59.95	30.3
P	U1N	54				63.82	33
P	U1O	54				63.5	43
P	U1P	54		20		68.83	54.83
P	U1Q	54		29		60.08	40.45
P	U1R	54		29		60.08	40.45
P	U1S	54		29		60.08	40.45
P	U1T	54		29		58.43	32.38
P	U1V	54		29		46.65	32.63
P	U1W	54		29		57.32	29.25
P	U1X	54		29		57.32	29.25
P	U1Z	54				68.03	34.57
P	U2A	54		29		55.75	37.62
P	U2B	54		29		55.75	37.62
P	U2C	54		29		55.75	37.62
P	U2D	54		29		55.7	36.97
P	U2E	54		29		52.85	36.43
P	U2F	126
P	U2G	54		29		52.7	39.15
P	U2H	54		29		55.7	36.97
P	U2I	54		29		57.15	34.62
P	U2J	54		29		57.15	34.62
P	U2K	126
P	U2L	54		29		55	33
P	U2M	54		29		57.87	39.2
P	U2N	54		29		58.55	43.68
P	U2O	54		29		51.05	40.15
P	U2P	54		29		53.92	37.58
P	U2Q	54		29		51.05	40.15
P	U2R	54		29		52.72	41.57
P	U2S	54		29		54.4	40.6
P	U2T	54		29		56.48	44.53
P	U2U	54		29		57.02	41.52
P	U2V	54		29		56.08	40.62
P	U2W	54		29		51.75	36.02
P	U2X	54		29		54.43	35.43
P	U2Y	54		29		52.95	33.4
P	U2Z	54		29		50.77	37.45
P	U3A	54		29		55.75	37.62
P	U3B	54		29		55.75	37.62
P	U3C	54		29		55.75	37.62
P	U3D	54		29		55.7	36.97
P	U3E	54		29		52.85	36.43
P	U3F	54		29		55.7	36.97
P	U3G	54		29		52.7	39.15
P	U3H	54		29		55.7	36.97
P	U3I	54		29		57.15	34.62
P	U3J	54		29		57.15	34.62
P	U3K	54		29		51.05	40.15
P	U3L	54		29		55	33
P	U3M	54		29		57.87	39.2
P	U3N	54		29		58.55	43.68
P	U3O	54		29		51.05	40.15
P	U3P	54		29		53.92	37.58
P	U3Q	54		29		51.05	40.15
P	U3R	54		29		52.72	41.57
P	U3S	54		29		54.4	40.6
P	U3T	54		29		56.48	44.53
P	U3U	54		29		57.02	41.52
P	U3V	54		29		56.08	40.62
P	U3W	54		29		51.75	36.02
P	U3X	54		29		54.43	35.43
P	U3Y	54		29		52.95	33.4
P	U3Z	54		29		50.77	37.45
P	U4A	54		29		49.73	44.12
P	U4B	54		29		49.73	44.12
P	U4C	54		29		51.78	46.73
P	U4D	54		29		51.78	46.73
P	U4F	54		29		53.25	44.57
P	U4H	54		30		53.45	50.45
P	U4I	54		30		53.45	50.45
P	U4L	54		29		53.95	47.92
P	U4M	54		29		53.95	47.92
P	U4N	54		29		58.77	49.83
P	U4O	54		29		58.77	49.83
P	U4P	54		29		55.55	50.93
P	U4Q	54		29		55.55	50.93
P	U4R	54		29		55.55	50.93
P	U4S	54		29		56.7	47.87
P	U4T	54		29		56.7	47.87
P	U4U	54		29		54.43	44.45
P	U4W	54		30		57.28	52.75
P	U4Y	54		29		55.55	47.1
P	U4Z	54		29		55.55	47.1
P	U5	288
P	U5A	288				51.42	33.55
P	U5B	288				49.58	25.65
P	U5C	288				49.45	32.07
P	U5D	288				47.83	35.17
P	U5E	288				48.48	35
P	U5F	288				46.5	30.75
P	U5G	288				46.65	32.63
P	U5H	288				49.58	34.58
P	U5I	288				48	37.83
P	U5K	288				50.65	26.17
P	U5L	288				50.37	36.25
P	U5M	288				48.58	39.33
P	U5N	288				49.18	28.5
P	U5P	288				50.65	24.15
P	U5Q	288				47.83	35.17
P	U5R	288				51.5	31.3
P	U5S	288				48.67	26.6
P	U5T	288				49.42	26.98
P	U5U	288				50.42	30.5
P	U5V	288				48.52	32.25
P	U5W	288				49.83	24
P	U5X	288				50.3	28.67
P	U5Y	288				48.32	25.87
P	U5Z	288				46.95	32
P	U6A	54		29		45.37	39.43
P	U6B	54		29		45.37	39.43
P	U6C	54		29		45.37	39.43
P	U6D	54		29		45.37	39.43
P	U6E	54		29		43.92	41.78
P	U6F	54		29		45.05	43.27
P	U6G	54		29		45.05	43.27
P	U6H	54		29		45.05	43.27
P	U6I	54		29		46.57	45.32
P	U6J	54		29		43.18	44.23
P	U6K	54		29		44.93	34.1
P	U6L	54		29		47.87	41.18
P	U6M	54		29		47.87	41.18
P	U6N	54		29		47.87	41.18
P	U6O	54		29		48	37.83
P	U6P	54		29		43.4	45.72
P	U6Q	54		29		43.2	44.97
P	U6R	54		29		50	30
P	U6S	54		29		47.83	35.17
P	U6T	54		29		45.05	43.27
P	U6U	54		29		47.23	47.23
P	U6V	54		29		47.23	47.23
P	U6W	54		29		43.1	46.88
P	U6X	54		29		43.58	43.4
P	U6Y	54		29		44.65	40
P	U6Z	54		29		48.57	39.3
P	U7A	54		29		45.37	39.43
P	U7B	54		29		45.37	39.43
P	U7C	54		29		45.37	39.43
P	U7D	54		29		45.37	39.43
P	U7E	54		29		43.92	41.78
P	U7F	54		29		45.05	43.27
P	U7G	54		29		45.05	43.27
P	U7H	54		29		45.05	43.27
P	U7I	54		29		46.57	45.32
P	U7J	54		29		43.18	44.23
P	U7K	54		29		44.93	34.1
P	U7L	54		29		47.87	41.18
P	U7M	54		29		47.87	41.18
P	U7N	54		29		47.87	41.18
P	U7O	54		29		48	37.83
P	U7P	54		29		43.4	45.72
P	U7Q	54		29		43.2	44.97
P	U7R	54		29		50	30
P	U7S	54		29		47.83	35.17
P	U7T	54		29		45.05	43.27
P	U7U	54		29		47.23	47.23
P	U7V	54		29		47.23	47.23
P	U7W	54		29		43.1	46.88
P	U7X	54		29		43.58	43.4
P	U7Y	54		29		44.65	40
P	U7Z	54		29		48.57	39.3
P	U8	15		30
P	U8A	15		30		54.75	60.7
P	U8B	15		30		54.75	60.7
P	U8C	15		30		58.7	61.33
P	U8D	15		30		58.7	61.33
P	U8E	15		30		58.7	61.33
P	U8F	54	17	30		58	56.32
P	U8G	54	17	30		59.02	54.67
P	U8H	15	18	31		58.75	82.13
P	U8I	15	18	31		58.75	82.13
P	U8J	15				62.25	70.17
P	U8K	15				65.3	74.03
P	U8L	15		30		57.83	69
P	U8M	15		30		56.22	73.27
P	U8N	15		30		56.22	73.27
P	U8O	15	18	31		55.45	79.55
P	U8P	15	18	31		55.45	79.55
P	U8Q	15		30		55.57	64.75
P	U8R	15		30		55.57	64.75
P	U8S	15	16	30		52.13	55.6
P	U8T	15	16	30		52.13	55.6
P	U8U	15	18	31		54.93	87.23
P	U8V	15	18	31		54.93	87.23
P	U8W	15	16	30		54.47	56.27
P	U8X	54	17	20		64.28	54.47
P	U8Y	15	18	31		52.77	82.62
P	U8Z	15	18	31		50.92	86.92
P	U9	15		30
P	U9A	15		30		54.75	60.7
P	U9B	15		30		54.75	60.7
P	U9C	15		30		58.7	61.33
P	U9D	15		30		58.7	61.33
P	U9E	15		30		58.7	61.33
P	U9F	54	17	30		58	56.32
P	U9G	54	17	30		59.02	54.67
P	U9H	15	18	31		58.75	82.13
P	U9I	15	18	31		58.75	82.13
P	U9J	15				62.25	70.17
P	U9K	15				65.3	74.03
P	U9L	15		30		57.83	69
P	U9M	15		30		56.22	73.27
P	U9N	15		30		56.22	73.27
P	U9O	15	18	31		55.45	79.55
P	U9P	15	18	31		55.45	79.55
P	U9Q	15		30		55.57	64.75
P	U9R	15		30		55.57	64.75
P	U9S	15	16	30		52.13	55.6
P	U9T	15	16	30		52.13	55.6
P	U9U	15	18	31		54.93	87.23
P	U9V	15	18	31		54.93	87.23
P	U9W	15	16	30		54.47	56.27
P	U9X	54	17	20		64.28	54.47
P	U9Y	15	18	31		52.77	82.62
P	U9Z	15	18	31		50.92	86.92
P	UA0	15	19	33
P	UA0A	15	18	32		59.88	91.67
P	UA0B	15	18	32		59.88	91.67
P	UA0C	15	19	34		54.8	136.83
P	UA0D	15	19	33		48.6	132.2
P	UA0E	15	19	34		50.55	142.6
P	UA0F	15	19	34		50.55	142.6
P	UA0G	15	19	33		53.55	127.83
P	UA0H	15	18	32		59.88	91.67
P	UA0I	15	19	24		62.9	153.7
P	UA0J	15	19	33		53.55	127.83
P	UA0K	15	19	25		66.67	171
P	UA0L	15	19	34		45.33	134.67
P	UA0M	15	19	34		45.33	134.67
P	UA0N	15	19	34		45.33	134.67
P	UA0O	15	18	32		53.8	109.33
P	UA0Q	15	19	23		66.4	129.17
P	UA0R	15	18	32		57.37	106
P	UA0S	15	18	32		57.37	106
P	UA0T	15	18	32		57.37	106
P	UA0U	15	18	33		54	118
P	UA0V	15	18	33		54	118
P	UA0W	15	18	31		53.5	90
P	UA0X	15	19	35		56	159
P	UA0Y	15	23	32		51.78	94.75
P	UA0Z	15	19	35		56	159
P	UA1A	54		29		59.95	30.3
P	UA1B	54		29		59.95	30.3
P	UA1C	54		29		60.05	31.75
P	UA1D	54		29		60.05	31.75
P	UA1F	54		29		59.95	30.3
P	UA1H	54		29		46.65	32.63
P	UA1I	54	17	20		64.28	54.47
P	UA1J	54		29		59.95	30.3
P	UA1L	54		29		59.95	30.3
P	UA1M	54		29		59.95	30.3
P	UA1N	54				63.82	33
P	UA1O	54				63.5	43
P	UA1P	54		20		68.83	54.83
P	UA1Q	54		29		60.08	40.45
P	UA1R	54		29		60.08	40.45
P	UA1S	54		29		60.08	40.45
P	UA1T	54		29		58.43	32.38
P	UA1V	54		29		46.65	32.63
P	UA1W	54		29		57.32	29.25
P	UA1X	54		29		57.32	29.25
P	UA1Z	54				68.03	34.57
P	UA2	126
P	UA3A	54		29		55.75	37.62
P	UA3B	54		29		55.75	37.62
P	UA3C	54		29		55.75	37.62
P	UA3D	54		29		55.7	36.97
P	UA3E	54		29		52.85	36.43
P	UA3F	54		29		55.7	36.97
P	UA3G	54		29		52.7	39.15
P	UA3H	54		29		55.7	36.97
P	UA3I	54		29		57.15	34.62
P	UA3J	54		29		57.15	34.62
P	UA3K	54		29		51.05	40.15
P	UA3L	54		29		55	33
P	UA3M	54		29		57.87	39.2
P	UA3N	54		29		58.55	43.68
P	UA3O	54		29		51.05	40.15
P	UA3P	54		29		53.92	37.58
P	UA3Q	54		29		51.05	40.15
P	UA3R	54		29		52.72	41.57
P	UA3S	54		29		54.4	40.6
P	UA3T	54		29		56.48	44.53
P	UA3U	54		29		57.02	41.52
P	UA3V	54		29		56.08	40.62
P	UA3W	54		29		51.75	36.02
P	UA3X	54		29		54.43	35.43
P	UA3Y	54		29		52.95	33.4
P	UA3Z	54		29		50.77	37.45
P	UA4A	54		29		49.73	44.12
P	UA4B	54		29		49.73	44.12
P	UA4C	54		29		51.78	46.73
P	UA4D	54		29		51.78	46.73
P	UA4F	54		29		53.25	44.57
P	UA4H	54		30		53.45	50.45
P	UA4I	54		30		53.45	50.45
P	UA4L	54		29		53.95	47.92
P	UA4M	54		29		53.95	47.92
P	UA4N	54		29		58.77	49.83
P	UA4O	54		29		58.77	49.83
P	UA4P	54		29		55.55	50.93
P	UA4Q	54		29		55.55	50.93
P	UA4R	54		29		55.55	50.93
P	UA4S	54		29		56.7	47.87
P	UA4T	54		29		56.7	47.87
P	UA4U	54		29		54.43	44.45
P	UA4W	54		30		57.28	52.75
P	UA4Y	54		29		55.55	47.1
P	UA4Z	54		29		55.55	47.1
P	UA5A	54		29		55.75	37.62
P	UA5B	54		29		55.75	37.62
P	UA5C	54		29		55.75	37.62
P	UA5D	54		29		55.7	36.97
P	UA5E	54		29		52.85	36.43
P	UA5F	54		29		55.7	36.97
P	UA5G	54		29		52.7	39.15
P	UA5H	54		29		55.7	36.97
P	UA5I	54		29		57.15	34.62
P	UA5J	54		29		57.15	34.62
P	UA5K	54		29		51.05	40.15
P	UA5L	54		29		55	33
P	UA5M	54		29		57.87	39.2
P	UA5N	54		29		58.55	43.68
P	UA5O	54		29		51.05	40.15
P	UA5P	54		29		53.92	37.58
P	UA5Q	54		29		51.05	40.15
P	UA5R	54		29		52.72	41.57
P	UA5S	54		29		54.4	40.6
P	UA5T	54		29		56.48	44.53
P	UA5U	54		29		57.02	41.52
P	UA5V	54		29		56.08	40.62
P	UA5W	54		29		51.75	36.02
P	UA5X	54		29		54.43	35.43
P	UA5Y	54		29		52.95	33.4
P	UA5Z	54		29		50.77	37.45
P	UA6A	54		29		45.37	39.43
P	UA6B	54		29		45.37	39.43
P	UA6C	54		29		45.37	39.43
P	UA6D	54		29		45.37	39.43
P	UA6E	54		29		43.92	41.78
P	UA6F	54		29		45.05	43.27
P	UA6G	54		29		45.05	43.27
P	UA6H	54		29		45.05	43.27
P	UA6I	54		29		46.57	45.32
P	UA6J	54		29		43.18	44.23
P	UA6K	54		29		44.93	34.1
P	UA6L	54		29		47.87	41.18
P	UA6M	54		29		47.87	41.18
P	UA6N	54		29		47.87	41.18
P	UA6O	54		29		48	37.83
P	UA6P	54		29		43.4	45.72
P	UA6Q	54		29		43.2	44.97
P	UA6R	54		29		50	30
P	UA6S	54		29		47.83	35.17
P	UA6T	54		29		45.05	43.27
P	UA6U	54		29		47.23	47.23
P	UA6V	54		29		47.23	47.23
P	UA6W	54		29		43.1	46.88
P	UA6X	54		29		43.58	43.4
P	UA6Y	54		29		44.65	40
P	UA6Z	54		29		48.57	39.3
P	UA7A	54		29		45.37	39.43
P	UA7B	54		29		45.37	39.43
P	UA7C	54		29		45.37	39.43
P	UA7D	54		29		45.37	39.43
P	UA7E	54		29		43.92	41.78
P	UA7F	54		29		45.05	43.27
P	UA7G	54		29		45.05	43.27
P	UA7H	54		29		45.05	43.27
P	UA7I	54		29		46.57	45.32
P	UA7J	54		29		43.18	44.23
P	UA7K	54		29		44.93	34.1
P	UA7L	54		29		47.87	41.18
P	UA7M	54		29		47.87	41.18
P	UA7N	54		29		47.87	41.18
P	UA7O	54		29		48	37.83
P	UA7P	54		29		43.4	45.72
P	UA7Q	54		29		43.2	44.97
P	UA7R	54		29		50	30
P	UA7S	54		29		47.83	35.17
P	UA7T	54		29		45.05	43.27
P	UA7U	54		29		47.23	47.23
P	UA7V	54		29		47.23	47.23
P	UA7W	54		29		43.1	46.88
P	UA7X	54		29		43.58	43.4
P	UA7Y	54		29		44.65	40
P	UA7Z	54		29		48.57	39.3
P	UA8	15		30
P	UA8A	15		30		54.75	60.7
P	UA8B	15		30		54.75	60.7
P	UA8C	15		30		58.7	61.33
P	UA8D	15		30		58.7	61.33
P	UA8E	15		30		58.7	61.33
P	UA8F	54	17	30		58	56.32
P	UA8G	54	17	30		59.02	54.67
P	UA8H	15	18	31		58.75	82.13
P	UA8I	15	18	31		58.75	82.13
P	UA8J	15				62.25	70.17
P	UA8K	15				65.3	74.03
P	UA8L	15		30		57.83	69
P	UA8M	15		30		56.22	73.27
P	UA8N	15		30		56.22	73.27
P	UA8O	15	18	31		55.45	79.55
P	UA8P	15	18	31		55.45	79.55
P	UA8Q	15		30		55.57	64.75
P	UA8R	15		30		55.57	64.75
P	UA8S	15	16	30		52.13	55.6
P	UA8T	15	16	30		52.13	55.6
P	UA8U	15	18	31		54.93	87.23
P	UA8V	15	18	31		54.93	87.23
P	UA8W	15	16	30		54.47	56.27
P	UA8X	54	17	20		64.28	54.47
P	UA8Y	15	18	31		52.77	82.62
P	UA8Z	15	18	31		50.92	86.92
P	UA9	15		30
P	UA9A	15		30		54.75	60.7
P	UA9B	15		30		54.75	60.7
P	UA9C	15		30		58.7	61.33
P	UA9D	15		30		58.7	61.33
P	UA9E	15		30		58.7	61.33
P	UA9F	54	17	30		58	56.32
P	UA9G	54	17	30		59.02	54.67
P	UA9H	15	18	31		58.75	82.13
P	UA9I	15	18	31		58.75	82.13
P	UA9J	15				62.25	70.17
P	UA9K	15				65.3	74.03
P	UA9L	15		30		57.83	69
P	UA9M	15		30		56.22	73.27
P	UA9N	15		30		56.22	73.27
P	UA9O	15	18	31		55.45	79.55
P	UA9P	15	18	31		55.45	79.55
P	UA9Q	15		30		55.57	64.75
P	UA9R	15		30		55.57	64.75
P	UA9S	15	16	30		52.13	55.6
P	UA9T	15	16	30		52.13	55.6
P	UA9U	15	18	31		54.93	87.23
P	UA9V	15	18	31		54.93	87.23
P	UA9W	15	16	30		54.47	56.27
P	UA9X	54	17	20		64.28	54.47
P	UA9Y	15	18	31		52.77	82.62
P	UA9Z	15	18	31		50.92	86.92
P	UB0	15	19	33
P	UB0A	15	18	32		59.88	91.67
P	UB0B	15	18	32		59.88	91.67
P	UB0C	15	19	34		54.8	136.83
P	UB0D	15	19	33		48.6	132.2
P	UB0E	15	19	34		50.55	142.6
P	UB0F	15	19	34		50.55	142.6
P	UB0G	15	19	33		53.55	127.83
P	UB0H	15	18	32		59.88	91.67
P	UB0I	15	19	24		62.9	153.7
P	UB0J	15	19	33		53.55	127.83
P	UB0K	15	19	25		66.67	171
P	UB0L	15	19	34		45.33	134.67
P	UB0M	15	19	34		45.33	134.67
P	UB0N	15	19	34		45.33	134.67
P	UB0O	15	18	32		53.8	109.33
P	UB0Q	15	19	23		66.4	129.17
P	UB0R	15	18	32		57.37	106
P	UB0S	15	18	32		57.37	106
P	UB0T	15	18	32		57.37	106
P	UB0U	15	18	33		54	118
P	UB0V	15	18	33		54	118
P	UB0W	15	18	31		53.5	90
P	UB0X	15	19	35		56	159
P	UB0Y	15	23	32		51.78	94.75
P	UB0Z	15	19	35		56	159
P	UB1A	54		29		59.95	30.3
P	UB1B	54		29		59.95	30.3
P	UB1C	54		29		60.05	31.75
P	UB1D	54		29		60.05	31.75
P	UB1F	54		29		59.95	30.3
P	UB1H	54		29		46.65	32.63
P	UB1I	54	17	20		64.28	54.47
P	UB1J	54		29		59.95	30.3
P	UB1L	54		29		59.95	30.3
P	UB1M	54		29		59.95	30.3
P	UB1N	54				63.82	33
P	UB1O	54				63.5	43
P	UB1P	54		20		68.83	54.83
P	UB1Q	54		29		60.08	40.45
P	UB1R	54		29		60.08	40.45
P	UB1S	54		29		60.08	40.45
P	UB1T	54		29		58.43	32.38
P	UB1V	54		29		46.65	32.63
P	UB1W	54		29		57.32	29.25
P	UB1X	54		29		57.32	29.25
P	UB1Z	54				68.03	34.57
P	UB2	126
P	UB3A	54		29		55.75	37.62
P	UB3B	54		29		55.75	37.62
P	UB3C	54		29		55.75	37.62
P	UB3D	54		29		55.7	36.97
P	UB3E	54		29		52.85	36.43
P	UB3F	54		29		55.7	36.97
P	UB3G	54		29		52.7	39.15
P	UB3H	54		29		55.7	36.97
P	UB3I	54		29		57.15	34.62
P	UB3J	54		29		57.15	34.62
P	UB3K	54		29		51.05	40.15
P	UB3L	54		29		55	33
P	UB3M	54		29		57.87	39.2
P	UB3N	54		29		58.55	43.68
P	UB3O	54		29		51.05	40.15
P	UB3P	54		29		53.92	37.58
P	UB3Q	54		29		51.05	40.15
P	UB3R	54		29		52.72	41.57
P	UB3S	54		29		54.4	40.6
P	UB3T	54		29		56.48	44.53
P	UB3U	54		29		57.02	41.52
P	UB3V	54		29		56.08	40.62
P	UB3W	54		29		51.75	36.02
P	UB3X	54		29		54.43	35.43
P	UB3Y	54		29		52.95	33.4
P	UB3Z	54		29		50.77	37.45
P	UB4A	54		29		49.73	44.12
P	UB4B	54		29		49.73	44.12
P	UB4C	54		29		51.78	46.73
P	UB4D	54		29		51.78	46.73
P	UB4F	54		29		53.25	44.57
P	UB4H	54		30		53.45	50.45
P	UB4I	54		30		53.45	50.45
P	UB4L	54		29		53.95	47.92
P	UB4M	54		29		53.95	47.92
P	UB4N	54		29		58.77	49.83
P	UB4O	54		29		58.77	49.83
P	UB4P	54		29		55.55	50.93
P	UB4Q	54		29		55.55	50.93
P	UB4R	54		29		55.55	50.93
P	UB4S	54		29		56.7	47.87
P	UB4T	54		29		56.7	47.87
P	UB4U	54		29		54.43	44.45
P	UB4W	54		30		57.28	52.75
P	UB4Y	54		29		55.55	47.1
P	UB4Z	54		29		55.55	47.1
P	UB5A	54		29		55.75	37.62
P	UB5B	54		29		55.75	37.62
P	UB5C	54		29		55.75	37.62
P	UB5D	54		29		55.7	36.97
P	UB5E	54		29		52.85	36.43
P	UB5F	54		29		55.7	36.97
P	UB5G	54		29		52.7	39.15
P	UB5H	54		29		55.7	36.97
P	UB5I	54		29		57.15	34.62
P	UB5J	54		29		57.15	34.62
P	UB5K	54		29		51.05	40.15
P	UB5L	54		29		55	33
P	UB5M	54		29		57.87	39.2
P	UB5N	54		29		58.55	43.68
P	UB5O	54		29		51.05	40.15
P	UB5P	54		29		53.92	37.58
P	UB5Q	54		29		51.05	40.15
P	UB5R	54		29		52.72	41.57
P	UB5S	54		29		54.4	40.6
P	UB5T	54		29		56.48	44.53
P	UB5U	54		29		57.02	41.52
P	UB5V	54		29		56.08	40.62
P	UB5W	54		29		51.75	36.02
P	UB5X	54		29		54.43	35.43
P	UB5Y	54		29		52.95	33.4
P	UB5Z	54		29		50.77	37.45
P	UB6A	54		29		45.37	39.43
P	UB6B	54		29		45.37	39.43
P	UB6C	54		29		45.37	39.43
P	UB6D	54		29		45.37	39.43
P	UB6E	54		29		43.92	41.78
P	UB6F	54		29		45.05	43.27
P	UB6G	54		29		45.05	43.27
P	UB6H	54		29		45.05	43.27
P	UB6I	54		29		46.57	45.32
P	UB6J	54		29		43.18	44.23
P	UB6K	54		29		44.93	34.1
P	UB6L	54		29		47.87	41.18
P	UB6M	54		29		47.87	41.18
P	UB6N	54		29		47.87	41.18
P	UB6O	54		29		48	37.83
P	UB6P	54		29		43.4	45.72
P	UB6Q	54		29		43.2	44.97
P	UB6R	54		29		50	30
P	UB6S	54		29		47.83	35.17
P	UB6T	54		29		45.05	43.27
P	UB6U	54		29		47.23	47.23
P	UB6V	54		29		47.23	47.23
P	UB6W	54		29		43.1	46.88
P	UB6X	54		29		43.58	43.4
P	UB6Y	54		29		44.65	40
P	UB6Z	54		29		48.57	39.3
P	UB7A	54		29		45.37	39.43
P	UB7B	54		29		45.37	39.43
P	UB7C	54		29		45.37	39.43
P	UB7D	54		29		45.37	39.43
P	UB7E	54		29		43.92	41.78
P	UB7F	54		29		45.05	43.27
P	UB7G	54		29		45.05	43.27
P	UB7H	54		29		45.05	43.27
P	UB7I	54		29		46.57	45.32
P	UB7J	54		29		43.18	44.23
P	UB7K	54		29		44.93	34.1
P	UB7L	54		29		47.87	41.18
P	UB7M	54		29		47.87	41.18
P	UB7N	54		29		47.87	41.18
P	UB7O	54		29		48	37.83
P	UB7P	54		29		43.4	45.72
P	UB7Q	54		29		43.2	44.97
P	UB7R	54		29		50	30
P	UB7S	54		29		47.83	35.17
P	UB7T	54		29		45.05	43.27
P	UB7U	54		29		47.23	47.23
P	UB7V	54		29		47.23	47.23
P	UB7W	54		29		43.1	46.88
P	UB7X	54		29		43.58	43.4
P	UB7Y	54		29		44.65	40
P	UB7Z	54		29		48.57	39.3
P	UB8	15		30
P	UB8A	15		30		54.75	60.7
P	UB8B	15		30		54.75	60.7
P	UB8C	15		30		58.7	61.33
P	UB8D	15		30		58.7	61.33
P	UB8E	15		30		58.7	61.33
P	UB8F	54	17	30		58	56.32
P	UB8G	54	17	30		59.02	54.67
P	UB8H	15	18	31		58.75	82.13
P	UB8I	15	18	31		58.75	82.13
P	UB8J	15				62.25	70.17
P	UB8K	15				65.3	74.03
P	UB8L	15		30		57.83	69
P	UB8M	15		30		56.22	73.27
P	UB8N	15		30		56.22	73.27
P	UB8O	15	18	31		55.45	79.55
P	UB8P	15	18	31		55.45	79.55
P	UB8Q	15		30		55.57	64.75
P	UB8R	15		30		55.57	64.75
P	UB8S	15	16	30		52.13	55.6
P	UB8T	15	16	30		52.13	55.6
P	UB8U	15	18	31		54.93	87.23
P	UB8V	15	18	31		54.93	87.23
P	UB8W	15	16	30		54.47	56.27
P	UB8X	54	17	20		64.28	54.47
P	UB8Y	15	18	31		52.77	82.62
P	UB8Z	15	18	31		50.92	86.92
P	UB9	15		30
P	UB9A	15		30		54.75	60.7
P	UB9B	15		30		54.75	60.7
P	UB9C	15		30		58.7	61.33
P	UB9D	15		30		58.7	61.33
P	UB9E	15		30		58.7	61.33
P	UB9F	54	17	30		58	56.32
P	UB9G	54	17	30		59.02	54.67
P	UB9H	15	18	31		58.75	82.13
P	UB9I	15	18	31		58.75	82.13
P	UB9J	15				62.25	70.17
P	UB9K	15				65.3	74.03
P	UB9L	15		30		57.83	69
P	UB9M	15		30		56.22	73.27
P	UB9N	15		30		56.22	73.27
P	UB9O	15	18	31		55.45	79.55
P	UB9P	15	18	31		55.45	79.55
P	UB9Q	15		30		55.57	64.75
P	UB9R	15		30		55.57	64.75
P	UB9S	15	16	30		52.13	55.6
P	UB9T	15	16	30		52.13	55.6
P	UB9U	15	18	31		54.93	87.23
P	UB9V	15	18	31		54.93	87.23
P	UB9W	15	16	30		54.47	56.27
P	UB9X	54	17	20		64.28	54.47
P	UB9Y	15	18	31		52.77	82.62
P	UB9Z	15	18	31		50.92	86.92
P	UC0	15	19	33
P	UC0A	15	18	32		59.88	91.67
P	UC0B	15	18	32		59.88	91.67
P	UC0C	15	19	34		54.8	136.83
P	UC0D	15	19	33		48.6	132.2
P	UC0E	15	19	34		50.55	142.6
P	UC0F	15	19	34		50.55	142.6
P	UC0G	15	19	33		53.55	127.83
P	UC0H	15	18	32		59.88	91.67
P	UC0I	15	19	24		62.9	153.7
P	UC0J	15	19	33		53.55	127.83
P	UC0K	15	19	25		66.67	171
P	UC0L	15	19	34		45.33	134.67
P	UC0M	15	19	34		45.33	134.67
P	UC0N	15	19	34		45.33	134.67
P	UC0O	15	18	32		53.8	109.33
P	UC0Q	15	19	23		66.4	129.17
P	UC0R	15	18	32		57.37	106
P	UC0S	15	18	32		57.37	106
P	UC0T	15	18	32		57.37	106
P	UC0U	15	18	33		54	118
P	UC0V	15	18	33		54	118
P	UC0W	15	18	31		53.5	90
P	UC0X	15	19	35		56	159
P	UC0Y	15	23	32		51.78	94.75
P	UC0Z	15	19	35		56	159
P	UC1A	54		29		59.95	30.3
P	UC1B	54		29		59.95	30.3
P	UC1C	54		29		60.05	31.75
P	UC1D	54		29		60.05	31.75
P	UC1F	54		29		59.95	30.3
P	UC1H	54		29		46.65	32.63
P	UC1I	54	17	20		64.28	54.47
P	UC1J	54		29		59.95	30.3
P	UC1L	54		29		59.95	30.3
P	UC1M	54		29		59.95	30.3
P	UC1N	54				63.82	33
P	UC1O	54				63.5	43
P	UC1P	54		20		68.83	54.83
P	UC1Q	54		29		60.08	40.45
P	UC1R	54		29		60.08	40.45
P	UC1S	54		29		60.08	40.45
P	UC1T	54		29		58.43	32.38
P	UC1V	54		29		46.65	32.63
P	UC1W	54		29		57.32	29.25
P	UC1X	54		29		57.32	29.25
P	UC1Z	54				68.03	34.57
P	UC2	126
P	UC3A	54		29		55.75	37.62
P	UC3B	54		29		55.75	37.62
P	UC3C	54		29		55.75	37.62
P	UC3D	54		29		55.7	36.97
P	UC3E	54		29		52.85	36.43
P	UC3F	54		29		55.7	36.97
P	UC3G	54		29		52.7	39.15
P	UC3H	54		29		55.7	36.97
P	UC3I	54		29		57.15	34.62
P	UC3J	54		29		57.15	34.62
P	UC3K	54		29		51.05	40.15
P	UC3L	54		29		55	33
P	UC3M	54		29		57.87	39.2
P	UC3N	54		29		58.55	43.68
P	UC3O	54		29		51.05	40.15
P	UC3P	54		29		53.92	37.58
P	UC3Q	54		29		51.05	40.15
P	UC3R	54		29		52.72	41.57
P	UC3S	54		29		54.4	40.6
P	UC3T	54		29		56.48	44.53
P	UC3U	54		29		57.02	41.52
P	UC3V	54		29		56.08	40.62
P	UC3W	54		29		51.75	36.02
P	UC3X	54		29		54.43	35.43
P	UC3Y	54		29		52.95	33.4
P	UC3Z	54		29		50.77	37.45
P	UC4A	54		29		49.73	44.12
P	UC4B	54		29		49.73	44.12
P	UC4C	54		29		51.78	46.73
P	UC4D	54		29		51.78	46.73
P	UC4F	54		29		53.25	44.57
P	UC4H	54		30		53.45	50.45
P	UC4I	54		30		53.45	50.45
P	UC4L	54		29		53.95	47.92
P	UC4M	54		29		53.95	47.92
P	UC4N	54		29		58.77	49.83
P	UC4O	54		29		58.77	49.83
P	UC4P	54		29		55.55	50.93
P	UC4Q	54		29		55.55	50.93
P	UC4R	54		29		55.55	50.93
P	UC4S	54		29		56.7	47.87
P	UC4T	54		29		56.7	47.87
P	UC4U	54		29		54.43	44.45
P	UC4W	54		30		57.28	52.75
P	UC4Y	54		29		55.55	47.1
P	UC4Z	54		29		55.55	47.1
P	UC5A	54		29		55.75	37.62
P	UC5B	54		29		55.75	37.62
P	UC5C	54		29		55.75	37.62
P	UC5D	54		29		55.7	36.97
P	UC5E	54		29		52.85	36.43
P	UC5F	54		29		55.7	36.97
P	UC5G	54		29		52.7	39.15
P	UC5H	54		29		55.7	36.97
P	UC5I	54		29		57.15	34.62
P	UC5J	54		29		57.15	34.62
P	UC5K	54		29		51.05	40.15
P	UC5L	54		29		55	33
P	UC5M	54		29		57.87	39.2
P	UC5N	54		29		58.55	43.68
P	UC5O	54		29		51.05	40.15
P	UC5P	54		29		53.92	37.58
P	UC5Q	54		29		51.05	40.15
P	UC5R	54		29		52.72	41.57
P	UC5S	54		29		54.4	40.6
P	UC5T	54		29		56.48	44.53
P	UC5U	54		29		57.02	41.52
P	UC5V	54		29		56.08	40.62
P	UC5W	54		29		51.75	36.02
P	UC5X	54		29		54.43	35.43
P	UC5Y	54		29		52.95	33.4
P	UC5Z	54		29		50.77	37.45
P	UC6A	54		29		45.37	39.43
P	UC6B	54		29		45.37	39.43
P	UC6C	54		29		45.37	39.43
P	UC6D	54		29		45.37	39.43
P	UC6E	54		29		43.92	41.78
P	UC6F	54		29		45.05	43.27
P	UC6G	54		29		45.05	43.27
P	UC6H	54		29		45.05	43.27
P	UC6I	54		29		46.57	45.32
P	UC6J	54		29		43.18	44.23
P	UC6K	54		29		44.93	34.1
P	UC6L	54		29		47.87	41.18
P	UC6M	54		29		47.87	41.18
P	UC6N	54		29		47.87	41.18
P	UC6O	54		29		48	37.83
P	UC6P	54		29		43.4	45.72
P	UC6Q	54		29		43.2	44.97
P	UC6R	54		29		50	30
P	UC6S	54		29		47.83	35.17
P	UC6T	54		29		45.05	43.27
P	UC6U	54		29		47.23	47.23
P	UC6V	54		29		47.23	47.23
P	UC6W	54		29		43.1	46.88
P	UC6X	54		29		43.58	43.4
P	UC6Y	54		29		44.65	40
P	UC6Z	54		29		48.57	39.3
P	UC7A	54		29		45.37	39.43
P	UC7B	54		29		45.37	39.43
P	UC7C	54		29		45.37	39.43
P	UC7D	54		29		45.37	39.43
P	UC7E	54		29		43.92	41.78
P	UC7F	54		29		45.05	43.27
P	UC7G	54		29		45.05	43.27
P	UC7H	54		29		45.05	43.27
P	UC7I	54		29		46.57	45.32
P	UC7J	54		29		43.18	44.23
P	UC7K	54		29		44.93	34.1
P	UC7L	54		29		47.87	41.18
P	UC7M	54		29		47.87	41.18
P	UC7N	54		29		47.87	41.18
P	UC7O	54		29		48	37.83
P	UC7P	54		29		43.4	45.72
P	UC7Q	54		29		43.2	44.97
P	UC7R	54		29		50	30
P	UC7S	54		29		47.83	35.17
P	UC7T	54		29		45.05	43.27
P	UC7U	54		29		47.23	47.23
P	UC7V	54		29		47.23	47.23
P	UC7W	54		29		43.1	46.88
P	UC7X	54		29		43.58	43.4
P	UC7Y	54		29		44.65	40
P	UC7Z	54		29		48.57	39.3
P	UC8	15		30
P	UC8A	15		30		54.75	60.7
P	UC8B	15		30		54.75	60.7
P	UC8C	15		30		58.7	61.33
P	UC8D	15		30		58.7	61.33
P	UC8E	15		30		58.7	61.33
P	UC8F	54	17	30		58	56.32
P	UC8G	54	17	30		59.02	54.67
P	UC8H	15	18	31		58.75	82.13
P	UC8I	15	18	31		58.75	82.13
P	UC8J	15				62.25	70.17
P	UC8K	15				65.3	74.03
P	UC8L	15		30		57.83	69
P	UC8M	15		30		56.22	73.27
P	UC8N	15		30		56.22	73.27
P	UC8O	15	18	31		55.45	79.55
P	UC8P	15	18	31		55.45	79.55
P	UC8Q	15		30		55.57	64.75
P	UC8R	15		30		55.57	64.75
P	UC8S	15	16	30		52.13	55.6
P	UC8T	15	16	30		52.13	55.6
P	UC8U	15	18	31		54.93	87.23
P	UC8V	15	18	31		54.93	87.23
P	UC8W	15	16	30		54.47	56.27
P	UC8X	54	17	20		64.28	54.47
P	UC8Y	15	18	31		52.77	82.62
P	UC8Z	15	18	31		50.92	86.92
P	UC9	15		30
P	UC9A	15		30		54.75	60.7
P	UC9B	15		30		54.75	60.7
P	UC9C	15		30		58.7	61.33
P	UC9D	15		30		58.7	61.33
P	UC9E	15		30		58.7	61.33
P	UC9F	54	17	30		58	56.32
P	UC9G	54	17	30		59.02	54.67
P	UC9H	15	18	31		58.75	82.13
P	UC9I	15	18	31		58.75	82.13
P	UC9J	15				62.25	70.17
P	UC9K	15				65.3	74.03
P	UC9L	15		30		57.83	69
P	UC9M	15		30		56.22	73.27
P	UC9N	15		30		56.22	73.27
P	UC9O	15	18	31		55.45	79.55
P	UC9P	15	18	31		55.45	79.55
P	UC9Q	15		30		55.57	64.75
P	UC9R	15		30		55.57	64.75
P	UC9S	15	16	30		52.13	55.6
P	UC9T	15	16	30		52.13	55.6
P	UC9U	15	18	31		54.93	87.23
P	UC9V	15	18	31		54.93	87.23
P	UC9W	15	16	30		54.47	56.27
P	UC9X	54	17	20		64.28	54.47
P	UC9Y	15	18	31		52.77	82.62
P	UC9Z	15	18	31		50.92	86.92
P	UD0	15	19	33
P	UD0A	15	18	32		59.88	91.67
P	UD0B	15	18	32		59.88	91.67
P	UD0C	15	19	34		54.8	136.83
P	UD0D	15	19	33		48.6	132.2
P	UD0E	15	19	34		50.55	142.6
P	UD0F	15	19	34		50.55	142.6
P	UD0G	15	19	33		53.55	127.83
P	UD0H	15	18	32		59.88	91.67
P	UD0I	15	19	24		62.9	153.7
P	UD0J	15	19	33		53.55	127.83
P	UD0K	15	19	25		66.67	171
P	UD0L	15	19	34		45.33	134.67
P	UD0M	15	19	34		45.33	134.67
P	UD0N	15	19	34		45.33	134.67
P	UD0O	15	18	32		53.8	109.33
P	UD0Q	15	19	23		66.4	129.17
P	UD0R	15	18	32		57.37	106
P	UD0S	15	18	32		57.37	106
P	UD0T	15	18	32		57.37	106
P	UD0U	15	18	33		54	118
P	UD0V	15	18	33		54	118
P	UD0W	15	18	31		53.5	90
P	UD0X	15	19	35		56	159
P	UD0Y	15	23	32		51.78	94.75
P	UD0Z	15	19	35		56	159
P	UD1A	54		29		59.95	30.3
P	UD1B	54		29		59.95	30.3
P	UD1C	54		29		60.05	31.75
P	UD1D	54		29		60.05	31.75
P	UD1F	54		29		59.95	30.3
P	UD1H	54		29		46.65	32.63
P	UD1I	54	17	20		64.28	54.47
P	UD1J	54		29		59.95	30.3
P	UD1L	54		29		59.95	30.3
P	UD1M	54		29		59.95	30.3
P	UD1N	54				63.82	33
P	UD1O	54				63.5	43
P	UD1P	54		20		68.83	54.83
P	UD1Q	54		29		60.08	40.45
P	UD1R	54		29		60.08	40.45
P	UD1S	54		29		60.08	40.45
P	UD1T	54		29		58.43	32.38
P	UD1V	54		29		46.65	32.63
P	UD1W	54		29		57.32	29.25
P	UD1X	54		29		57.32	29.25
P	UD1Z	54				68.03	34.57
P	UD2	126
P	UD3A	54		29		55.75	37.62
P	UD3B	54		29		55.75	37.62
P	UD3C	54		29		55.75	37.62
P	UD3D	54		29		55.7	36.97
P	UD3E	54		29		52.85	36.43
P	UD3F	54		29		55.7	36.97
P	UD3G	54		29		52.7	39.15
P	UD3H	54		29		55.7	36.97
P	UD3I	54		29		57.15	34.62
P	UD3J	54		29		57.15	34.62
P	UD3K	54		29		51.05	40.15
P	UD3L	54		29		55	33
P	UD3M	54		29		57.87	39.2
P	UD3N	54		29		58.55	43.68
P	UD3O	54		29		51.05	40.15
P	UD3P	54		29		53.92	37.58
P	UD3Q	54		29		51.05	40.15
P	UD3R	54		29		52.72	41.57
P	UD3S	54		29		54.4	40.6
P	UD3T	54		29		56.48	44.53
P	UD3U	54		29		57.02	41.52
P	UD3V	54		29		56.08	40.62
P	UD3W	54		29		51.75	36.02
P	UD3X	54		29		54.43	35.43
P	UD3Y	54		29		52.95	33.4
P	UD3Z	54		29		50.77	37.45
P	UD4A	54		29		49.73	44.12
P	UD4B	54		29		49.73	44.12
P	UD4C	54		29		51.78	46.73
P	UD4D	54		29		51.78	46.73
P	UD4F	54		29		53.25	44.57
P	UD4H	54		30		53.45	50.45
P	UD4I	54		30		53.45	50.45
P	UD4L	54		29		53.95	47.92
P	UD4M	54		29		53.95	47.92
P	UD4N	54		29		58.77	49.83
P	UD4O	54		29		58.77	49.83
P	UD4P	54		29		55.55	50.93
P	UD4Q	54		29		55.55	50.93
P	UD4R	54		29		55.55	50.93
P	UD4S	54		29		56.7	47.87
P	UD4T	54		29		56.7	47.87
P	UD4U	54		29		54.43	44.45
P	UD4W	54		30		57.28	52.75
P	UD4Y	54		29		55.55	47.1
P	UD4Z	54		29		55.55	47.1
P	UD5A	54		29		55.75	37.62
P	UD5B	54		29		55.75	37.62
P	UD5C	54		29		55.75	37.62
P	UD5D	54		29		55.7	36.97
P	UD5E	54		29		52.85	36.43
P	UD5F	54		29		55.7	36.97
P	UD5G	54		29		52.7	39.15
P	UD5H	54		29		55.7	36.97
P	UD5I	54		29		57.15	34.62
P	UD5J	54		29		57.15	34.62
P	UD5K	54		29		51.05	40.15
P	UD5L	54		29		55	33
P	UD5M	54		29		57.87	39.2
P	UD5N	54		29		58.55	43.68
P	UD5O	54		29		51.05	40.15
P	UD5P	54		29		53.92	37.58
P	UD5Q	54		29		51.05	40.15
P	UD5R	54		29		52.72	41.57
P	UD5S	54		29		54.4	40.6
P	UD5T	54		29		56.48	44.53
P	UD5U	54		29		57.02	41.52
P	UD5V	54		29		56.08	40.62
P	UD5W	54		29		51.75	36.02
P	UD5X	54		29		54.43	35.43
P	UD5Y	54		29		52.95	33.4
P	UD5Z	54		29		50.77	37.45
P	UD6A	54		29		45.37	39.43
P	UD6B	54		29		45.37	39.43
P	UD6C	54		29		45.37	39.43
P	UD6D	54		29		45.37	39.43
P	UD6E	54		29		43.92	41.78
P	UD6F	54		29		45.05	43.27
P	UD6G	54		29		45.05	43.27
P	UD6H	54		29		45.05	43.27
P	UD6I	54		29		46.57	45.32
P	UD6J	54		29		43.18	44.23
P	UD6K	54		29		44.93	34.1
P	UD6L	54		29		47.87	41.18
P	UD6M	54		29		47.87	41.18
P	UD6N	54		29		47.87	41.18
P	UD6O	54		29		48	37.83
P	UD6P	54		29		43.4	45.72
P	UD6Q	54		29		43.2	44.97
P	UD6R	54		29		50	30
P	UD6S	54		29		47.83	35.17
P	UD6T	54		29		45.05	43.27
P	UD6U	54		29		47.23	47.23
P	UD6V	54		29		47.23	47.23
P	UD6W	54		29		43.1	46.88
P	UD6X	54		29		43.58	43.4
P	UD6Y	54		29		44.65	40
P	UD6Z	54		29		48.57	39.3
P	UD7A	54		29		45.37	39.43
P	UD7B	54		29		45.37	39.43
P	UD7C	54		29		45.37	39.43
P	UD7D	54		29		45.37	39.43
P	UD7E	54		29		43.92	41.78
P	UD7F	54		29		45.05	43.27
P	UD7G	54		29		45.05	43.27
P	UD7H	54		29		45.05	43.27
P	UD7I	54		29		46.57	45.32
P	UD7J	54		29		43.18	44.23
P	UD7K	54		29		44.93	34.1
P	UD7L	54		29		47.87	41.18
P	UD7M	54		29		47.87	41.18
P	UD7N	54		29		47.87	41.18
P	UD7O	54		29		48	37.83
P	UD7P	54		29		43.4	45.72
P	UD7Q	54		29		43.2	44.97
P	UD7R	54		29		50	30
P	UD7S	54		29		47.83	35.17
P	UD7T	54		29		45.05	43.27
P	UD7U	54		29		47.23	47.23
P	UD7V	54		29		47.23	47.23
P	UD7W	54		29		43.1	46.88
P	UD7X	54		29		43.58	43.4
P	UD7Y	54		29		44.65	40
P	UD7Z	54		29		48.57	39.3
P	UD8	15		30
P	UD8A	15		30		54.75	60.7
P	UD8B	15		30		54.75	60.7
P	UD8C	15		30		58.7	61.33
P	UD8D	15		30		58.7	61.33
P	UD8E	15		30		58.7	61.33
P	UD8F	54	17	30		58	56.32
P	UD8G	54	17	30		59.02	54.67
P	UD8H	15	18	31		58.75	82.13
P	UD8I	15	18	31		58.75	82.13
P	UD8J	15				62.25	70.17
P	UD8K	15				65.3	74.03
P	UD8L	15		30		57.83	69
P	UD8M	15		30		56.22	73.27
P	UD8N	15		30		56.22	73.27
P	UD8O	15	18	31		55.45	79.55
P	UD8P	15	18	31		55.45	79.55
P	UD8Q	15		30		55.57	64.75
P	UD8R	15		30		55.57	64.75
P	UD8S	15	16	30		52.13	55.6
P	UD8T	15	16	30		52.13	55.6
P	UD8U	15	18	31		54.93	87.23
P	UD8V	15	18	31		54.93	87.23
P	UD8W	15	16	30		54.47	56.27
P	UD8X	54	17	20		64.28	54.47
P	UD8Y	15	18	31		52.77	82.62
P	UD8Z	15	18	31		50.92	86.92
P	UD9	15		30
P	UD9A	15		30		54.75	60.7
P	UD9B	15		30		54.75	60.7
P	UD9C	15		30		58.7	61.33
P	UD9D	15		30		58.7	61.33
P	UD9E	15		30		58.7	61.33
P	UD9F	54	17	30		58	56.32
P	UD9G	54	17	30		59.02	54.67
P	UD9H	15	18	31		58.75	82.13
P	UD9I	15	18	31		58.75	82.13
P	UD9J	15				62.25	70.17
P	UD9K	15				65.3	74.03
P	UD9L	15		30		57.83	69
P	UD9M	15		30		56.22	73.27
P	UD9N	15		30		56.22	73.27
P	UD9O	15	18	31		55.45	79.55
P	UD9P	15	18	31		55.45	79.55
P	UD9Q	15		30		55.57	64.75
P	UD9R	15		30		55.57	64.75
P	UD9S	15	16	30		52.13	55.6
P	UD9T	15	16	30		52.13	55.6
P	UD9U	15	18	31		54.93	87.23
P	UD9V	15	18	31		54.93	87.23
P	UD9W	15	16	30		54.47	56.27
P	UD9X	54	17	20		64.28	54.47
P	UD9Y	15	18	31		52.77	82.62
P	UD9Z	15	18	31		50.92	86.92
P	UE0	15	19	33
P	UE0A	15	18	32		59.88	91.67
P	UE0B	15	18	32		59.88	91.67
P	UE0C	15	19	34		54.8	136.83
P	UE0D	15	19	33		48.6	132.2
P	UE0E	15	19	34		50.55	142.6
P	UE0F	15	19	34		50.55	142.6
P	UE0G	15	19	33		53.55	127.83
P	UE0H	15	18	32		59.88	91.67
P	UE0I	15	19	24		62.9	153.7
P	UE0J	15	19	33		53.55	127.83
P	UE0K	15	19	25		66.67	171
P	UE0L	15	19	34		45.33	134.67
P	UE0M	15	19	34		45.33	134.67
P	UE0N	15	19	34		45.33	134.67
P	UE0O	15	18	32		53.8	109.33
P	UE0Q	15	19	23		66.4	129.17
P	UE0R	15	18	32		57.37	106
P	UE0S	15	18	32		57.37	106
P	UE0T	15	18	32		57.37	106
P	UE0U	15	18	33		54	118
P	UE0V	15	18	33		54	118
P	UE0W	15	18	31		53.5	90
P	UE0X	15	19	35		56	159
P	UE0Y	15	23	32		51.78	94.75
P	UE0Z	15	19	35		56	159
P	UE1A	54		29		59.95	30.3
P	UE1B	54		29		59.95	30.3
P	UE1C	54		29		60.05	31.75
P	UE1D	54		29		60.05	31.75
P	UE1F	54		29		59.95	30.3
P	UE1H	54		29		46.65	32.63
P	UE1I	54	17	20		64.28	54.47
P	UE1J	54		29		59.95	30.3
P	UE1L	54		29		59.95	30.3
P	UE1M	54		29		59.95	30.3
P	UE1N	54				63.82	33
P	UE1O	54				63.5	43
P	UE1P	54		20		68.83	54.83
P	UE1Q	54		29		60.08	40.45
P	UE1R	54		29		60.08	40.45
P	UE1S	54		29		60.08	40.45
P	UE1T	54		29		58.43	32.38
P	UE1V	54		29		46.65	32.63
P	UE1W	54		29		57.32	29.25
P	UE1X	54		29		57.32	29.25
P	UE1Z	54				68.03	34.57
P	UE2	126
P	UE3A	54		29		55.75	37.62
P	UE3B	54		29		55.75	37.62
P	UE3C	54		29		55.75	37.62
P	UE3D	54		29		55.7	36.97
P	UE3E	54		29		52.85	36.43
P	UE3F	54		29		55.7	36.97
P	UE3G	54		29		52.7	39.15
P	UE3H	54		29		55.7	36.97
P	UE3I	54		29		57.15	34.62
P	UE3J	54		29		57.15	34.62
P	UE3K	54		29		51.05	40.15
P	UE3L	54		29		55	33
P	UE3M	54		29		57.87	39.2
P	UE3N	54		29		58.55	43.68
P	UE3O	54		29		51.05	40.15
P	UE3P	54		29		53.92	37.58
P	UE3Q	54		29		51.05	40.15
P	UE3R	54		29		52.72	41.57
P	UE3S	54		29		54.4	40.6
P	UE3T	54		29		56.48	44.53
P	UE3U	54		29		57.02	41.52
P	UE3V	54		29		56.08	40.62
P	UE3W	54		29		51.75	36.02
P	UE3X	54		29		54.43	35.43
P	UE3Y	54		29		52.95	33.4
P	UE3Z	54		29		50.77	37.45
P	UE4A	54		29		49.73	44.12
P	UE4B	54		29		49.73	44.12
P	UE4C	54		29		51.78	46.73
P	UE4D	54		29		51.78	46.73
P	UE4F	54		29		53.25	44.57
P	UE4H	54		30		53.45	50.45
P	UE4I	54		30		53.45	50.45
P	UE4L	54		29		53.95	47.92
P	UE4M	54		29		53.95	47.92
P	UE4N	54		29		58.77	49.83
P	UE4O	54		29		58.77	49.83
P	UE4P	54		29		55.55	50.93
P	UE4Q	54		29		55.55	50.93
P	UE4R	54		29		55.55	50.93
P	UE4S	54		29		56.7	47.87
P	UE4T	54		29		56.7	47.87
P	UE4U	54		29		54.43	44.45
P	UE4W	54		30		57.28	52.75
P	UE4Y	54		29		55.55	47.1
P	UE4Z	54		29		55.55	47.1
P	UE5A	54		29		55.75	37.62
P	UE5B	54		29		55.75	37.62
P	UE5C	54		29		55.75	37.62
P	UE5D	54		29		55.7	36.97
P	UE5E	54		29		52.85	36.43
P	UE5F	54		29		55.7	36.97
P	UE5G	54		29		52.7	39.15
P	UE5H	54		29		55.7	36.97
P	UE5I	54		29		57.15	34.62
P	UE5J	54		29		57.15	34.62
P	UE5K	54		29		51.05	40.15
P	UE5L	54		29		55	33
P	UE5M	54		29		57.87	39.2
P	UE5N	54		29		58.55	43.68
P	UE5O	54		29		51.05	40.15
P	UE5P	54		29		53.92	37.58
P	UE5Q	54		29		51.05	40.15
P	UE5R	54		29		52.72	41.57
P	UE5S	54		29		54.4	40.6
P	UE5T	54		29		56.48	44.53
P	UE5U	54		29		57.02	41.52
P	UE5V	54		29		56.08	40.62
P	UE5W	54		29		51.75	36.02
P	UE5X	54		29		54.43	35.43
P	UE5Y	54		29		52.95	33.4
P	UE5Z	54		29		50.77	37.45
P	UE6A	54		29		45.37	39.43
P	UE6B	54		29		45.37	39.43
P	UE6C	54		29		45.37	39.43
P	UE6D	54		29		45.37	39.43
P	UE6E	54		29		43.92	41.78
P	UE6F	54		29		45.05	43.27
P	UE6G	54		29		45.05	43.27
P	UE6H	54		29		45.05	43.27
P	UE6I	54		29		46.57	45.32
P	UE6J	54		29		43.18	44.23
P	UE6K	54		29		44.93	34.1
P	UE6L	54		29		47.87	41.18
P	UE6M	54		29		47.87	41.18
P	UE6N	54		29		47.87	41.18
P	UE6O	54		29		48	37.83
P	UE6P	54		29		43.4	45.72
P	UE6Q	54		29		43.2	44.97
P	UE6R	54		29		50	30
P	UE6S	54		29		47.83	35.17
P	UE6T	54		29		45.05	43.27
P	UE6U	54		29		47.23	47.23
P	UE6V	54		29		47.23	47.23
P	UE6W	54		29		43.1	46.88
P	UE6X	54		29		43.58	43.4
P	UE6Y	54		29		44.65	40
P	UE6Z	54		29		48.57	39.3
P	UE7A	54		29		45.37	39.43
P	UE7B	54		29		45.37	39.43
P	UE7C	54		29		45.37	39.43
P	UE7D	54		29		45.37	39.43
P	UE7E	54		29		43.92	41.78
P	UE7F	54		29		45.05	43.27
P	UE7G	54		29		45.05	43.27
P	UE7H	54		29		45.05	43.27
P	UE7I	54		29		46.57	45.32
P	UE7J	54		29		43.18	44.23
P	UE7K	54		29		44.93	34.1
P	UE7L	54		29		47.87	41.18
P	UE7M	54		29		47.87	41.18
P	UE7N	54		29		47.87	41.18
P	UE7O	54		29		48	37.83
P	UE7P	54		29		43.4	45.72
P	UE7Q	54		29		43.2	44.97
P	UE7R	54		29		50	30
P	UE7S	54		29		47.83	35.17
P	UE7T	54		29		45.05	43.27
P	UE7U	54		29		47.23	47.23
P	UE7V	54		29		47.23	47.23
P	UE7W	54		29		43.1	46.88
P	UE7X	54		29		43.58	43.4
P	UE7Y	54		29		44.65	40
P	UE7Z	54		29		48.57	39.3
P	UE8	15		30
P	UE8A	15		30		54.75	60.7
P	UE8B	15		30		54.75	60.7
P	UE8C	15		30		58.7	61.33
P	UE8D	15		30		58.7	61.33
P	UE8E	15		30		58.7	61.33
P	UE8F	54	17	30		58	56.32
P	UE8G	54	17	30		59.02	54.67
P	UE8H	15	18	31		58.75	82.13
P	UE8I	15	18	31		58.75	82.13
P	UE8J	15				62.25	70.17
P	UE8K	15				65.3	74.03
P	UE8L	15		30		57.83	69
P	UE8M	15		30		56.22	73.27
P	UE8N	15		30		56.22	73.27
P	UE8O	15	18	31		55.45	79.55
P	UE8P	15	18	31		55.45	79.55
P	UE8Q	15		30		55.57	64.75
P	UE8R	15		30		55.57	64.75
P	UE8S	15	16	30		52.13	55.6
P	UE8T	15	16	30		52.13	55.6
P	UE8U	15	18	31		54.93	87.23
P	UE8V	15	18	31		54.93	87.23
P	UE8W	15	16	30		54.47	56.27
P	UE8X	54	17	20		64.28	54.47
P	UE8Y	15	18	31		52.77	82.62
P	UE8Z	15	18	31		50.92	86.92
P	UE9	15		30
P	UE9A	15		30		54.75	60.7
P	UE9B	15		30		54.75	60.7
P	UE9C	15		30		58.7	61.33
P	UE9D	15		30		58.7	61.33
P	UE9E	15		30		58.7	61.33
P	UE9F	54	17	30		58	56.32
P	UE9G	54	17	30		59.02	54.67
P	UE9H	15	18	31		58.75	82.13
P	UE9I	15	18	31		58.75	82.13
P	UE9J	15				62.25	70.17
P	UE9K	15				65.3	74.03
P	UE9L	15		30		57.83	69
P	UE9M	15		30		56.22	73.27
P	UE9N	15		30		56.22	73.27
P	UE9O	15	18	31		55.45	79.55
P	UE9P	15	18	31		55.45	79.55
P	UE9Q	15		30		55.57	64.75
P	UE9R	15		30		55.57	64.75
P	UE9S	15	16	30		52.13	55.6
P	UE9T	15	16	30		52.13	55.6
P	UE9U	15	18	31		54.93	87.23
P	UE9V	15	18	31		54.93	87.23
P	UE9W	15	16	30		54.47	56.27
P	UE9X	54	17	20		64.28	54.47
P	UE9Y	15	18	31		52.77	82.62
P	UE9Z	15	18	31		50.92	86.92
P	UF0	15	19	33
P	UF0A	15	18	32		59.88	91.67
P	UF0B	15	18	32		59.88	91.67
P	UF0C	15	19	34		54.8	136.83
P	UF0D	15	19	33		48.6	132.2
P	UF0E	15	19	34		50.55	142.6
P	UF0F	15	19	34		50.55	142.6
P	UF0G	15	19	33		53.55	127.83
P	UF0H	15	18	32		59.88	91.67
P	UF0I	15	19	24		62.9	153.7
P	UF0J	15	19	33		53.55	127.83
P	UF0K	15	19	25		66.67	171
P	UF0L	15	19	34		45.33	134.67
P	UF0M	15	19	34		45.33	134.67
P	UF0N	15	19	34		45.33	134.67
P	UF0O	15	18	32		53.8	109.33
P	UF0Q	15	19	23		66.4	129.17
P	UF0R	15	18	32		57.37	106
P	UF0S	15	18	32		57.37	106
P	UF0T	15	18	32		57.37	106
P	UF0U	15	18	33		54	118
P	UF0V	15	18	33		54	118
P	UF0W	15	18	31		53.5	90
P	UF0X	15	19	35		56	159
P	UF0Y	15	23	32		51.78	94.75
P	UF0Z	15	19	35		56	159
P	UF1A	54		29		59.95	30.3
P	UF1B	54		29		59.95	30.3
P	UF1C	54		29		60.05	31.75
P	UF1D	54		29		60.05	31.75
P	UF1F	54		29		59.95	30.3
P	UF1H	54		29		46.65	32.63
P	UF1I	54	17	20		64.28	54.47
P	UF1J	54		29		59.95	30.3
P	UF1L	54		29		59.95	30.3
P	UF1M	54		29		59.95	30.3
P	UF1N	54				63.82	33
P	UF1O	54				63.5	43
P	UF1P	54		20		68.83	54.83
P	UF1Q	54		29		60.08	40.45
P	UF1R	54		29		60.08	40.45
P	UF1S	54		29		60.08	40.45
P	UF1T	54		29		58.43	32.38
P	UF1V	54		29		46.65	32.63
P	UF1W	54		29		57.32	29.25
P	UF1X	54		29		57.32	29.25
P	UF1Z	54				68.03	34.57
P	UF2	126
P	UF3A	54		29		55.75	37.62
P	UF3B	54		29		55.75	37.62
P	UF3C	54		29		55.75	37.62
P	UF3D	54		29		55.7	36.97
P	UF3E	54		29		52.85	36.43
P	UF3F	54		29		55.7	36.97
P	UF3G	54		29		52.7	39.15
P	UF3H	54		29		55.7	36.97
P	UF3I	54		29		57.15	34.62
P	UF3J	54		29		57.15	34.62
P	UF3K	54		29		51.05	40.15
P	UF3L	54		29		55	33
P	UF3M	54		29		57.87	39.2
P	UF3N	54		29		58.55	43.68
P	UF3O	54		29		51.05	40.15
P	UF3P	54		29		53.92	37.58
P	UF3Q	54		29		51.05	40.15
P	UF3R	54		29		52.72	41.57
P	UF3S	54		29		54.4	40.6
P	UF3T	54		29		56.48	44.53
P	UF3U	54		29		57.02	41.52
P	UF3V	54		29		56.08	40.62
P	UF3W	54		29		51.75	36.02
P	UF3X	54		29		54.43	35.43
P	UF3Y	54		29		52.95	33.4
P	UF3Z	54		29		50.77	37.45
P	UF4A	54		29		49.73	44.12
P	UF4B	54		29		49.73	44.12
P	UF4C	54		29		51.78	46.73
P	UF4D	54		29		51.78	46.73
P	UF4F	54		29		53.25	44.57
P	UF4H	54		30		53.45	50.45
P	UF4I	54		30		53.45	50.45
P	UF4L	54		29		53.95	47.92
P	UF4M	54		29		53.95	47.92
P	UF4N	54		29		58.77	49.83
P	UF4O	54		29		58.77	49.83
P	UF4P	54		29		55.55	50.93
P	UF4Q	54		29		55.55	50.93
P	UF4R	54		29		55.55	50.93
P	UF4S	54		29		56.7	47.87
P	UF4T	54		29		56.7	47.87
P	UF4U	54		29		54.43	44.45
P	UF4W	54		30		57.28	52.75
P	UF4Y	54		29		55.55	47.1
P	UF4Z	54		29		55.55	47.1
P	UF5A	54		29		55.75	37.62
P	UF5B	54		29		55.75	37.62
P	UF5C	54		29		55.75	37.62
P	UF5D	54		29		55.7	36.97
P	UF5E	54		29		52.85	36.43
P	UF5F	54		29		55.7	36.97
P	UF5G	54		29		52.7	39.15
P	UF5H	54		29		55.7	36.97
P	UF5I	54		29		57.15	34.62
P	UF5J	54		29		57.15	34.62
P	UF5K	54		29		51.05	40.15
P	UF5L	54		29		55	33
P	UF5M	54		29		57.87	39.2
P	UF5N	54		29		58.55	43.68
P	UF5O	54		29		51.05	40.15
P	UF5P	54		29		53.92	37.58
P	UF5Q	54		29		51.05	40.15
P	UF5R	54		29		52.72	41.57
P	UF5S	54		29		54.4	40.6
P	UF5T	54		29		56.48	44.53
P	UF5U	54		29		57.02	41.52
P	UF5V	54		29		56.08	40.62
P	UF5W	54		29		51.75	36.02
P	UF5X	54		29		54.43	35.43
P	UF5Y	54		29		52.95	33.4
P	UF5Z	54		29		50.77	37.45
P	UF6A	54		29		45.37	39.43
P	UF6B	54		29		45.37	39.43
P	UF6C	54		29		45.37	39.43
P	UF6D	54		29		45.37	39.43
P	UF6E	54		29		43.92	41.78
P	UF6F	54		29		45.05	43.27
P	UF6G	54		29		45.05	43.27
P	UF6H	54		29		45.05	43.27
P	UF6I	54		29		46.57	45.32
P	UF6J	54		29		43.18	44.23
P	UF6K	54		29		44.93	34.1
P	UF6L	54		29		47.87	41.18
P	UF6M	54		29		47.87	41.18
P	UF6N	54		29		47.87	41.18
P	UF6O	54		29		48	37.83
P	UF6P	54		29		43.4	45.72
P	UF6Q	54		29		43.2	44.97
P	UF6R	54		29		50	30
P	UF6S	54		29		47.83	35.17
P	UF6T	54		29		45.05	43.27
P	UF6U	54		29		47.23	47.23
P	UF6W	54		29		43.1	46.88
P	UF6X	54		29		43.58	43.4
P	UF6Y	54		29		44.65	40
P	UF6Z	54		29		48.57	39.3
P	UF7A	54		29		45.37	39.43
P	UF7B	54		29		45.37	39.43
P	UF7C	54		29		45.37	39.43
P	UF7D	54		29		45.37	39.43
P	UF7E	54		29		43.92	41.78
P	UF7F	54		29		45.05	43.27
P	UF7G	54		29		45.05	43.27
P	UF7H	54		29		45.05	43.27
P	UF7I	54		29		46.57	45.32
P	UF7J	54		29		43.18	44.23
P	UF7K	54		29		44.93	34.1
P	UF7L	54		29		47.87	41.18
P	UF7M	54		29		47.87	41.18
P	UF7N	54		29		47.87	41.18
P	UF7O	54		29		48	37.83
P	UF7P	54		29		43.4	45.72
P	UF7Q	54		29		43.2	44.97
P	UF7R	54		29		50	30
P	UF7S	54		29		47.83	35.17
P	UF7T	54		29		45.05	43.27
P	UF7U	54		29		47.23	47.23
P	UF7V	54		29		47.23	47.23
P	UF7W	54		29		43.1	46.88
P	UF7X	54		29		43.58	43.4
P	UF7Y	54		29		44.65	40
P	UF7Z	54		29		48.57	39.3
P	UF8	15		30
P	UF8A	15		30		54.75	60.7
P	UF8B	15		30		54.75	60.7
P	UF8C	15		30		58.7	61.33
P	UF8D	15		30		58.7	61.33
P	UF8E	15		30		58.7	61.33
P	UF8F	54	17	30		58	56.32
P	UF8G	54	17	30		59.02	54.67
P	UF8H	15	18	31		58.75	82.13
P	UF8I	15	18	31		58.75	82.13
P	UF8J	15				62.25	70.17
P	UF8K	15				65.3	74.03
P	UF8L	15		30		57.83	69
P	UF8M	15		30		56.22	73.27
P	UF8N	15		30		56.22	73.27
P	UF8O	15	18	31		55.45	79.55
P	UF8P	15	18	31		55.45	79.55
P	UF8Q	15		30		55.57	64.75
P	UF8R	15		30		55.57	64.75
P	UF8S	15	16	30		52.13	55.6
P	UF8T	15	16	30		52.13	55.6
P	UF8U	15	18	31		54.93	87.23
P	UF8V	15	18	31		54.93	87.23
P	UF8W	15	16	30		54.47	56.27
P	UF8X	54	17	20		64.28	54.47
P	UF8Y	15	18	31		52.77	82.62
P	UF8Z	15	18	31		50.92	86.92
P	UF9	15		30
P	UF9A	15		30		54.75	60.7
P	UF9B	15		30		54.75	60.7
P	UF9C	15		30		58.7	61.33
P	UF9D	15		30		58.7	61.33
P	UF9E	15		30		58.7	61.33
P	UF9F	54	17	30		58	56.32
P	UF9G	54	17	30		59.02	54.67
P	UF9H	15	18	31		58.75	82.13
P	UF9I	15	18	31		58.75	82.13
P	UF9J	15				62.25	70.17
P	UF9K	15				65.3	74.03
P	UF9L	15		30		57.83	69
P	UF9M	15		30		56.22	73.27
P	UF9N	15		30		56.22	73.27
P	UF9O	15	18	31		55.45	79.55
P	UF9P	15	18	31		55.45	79.55
P	UF9Q	15		30		55.57	64.75
P	UF9R	15		30		55.57	64.75
P	UF9S	15	16	30		52.13	55.6
P	UF9T	15	16	30		52.13	55.6
P	UF9U	15	18	31		54.93	87.23
P	UF9V	15	18	31		54.93	87.23
P	UF9W	15	16	30		54.47	56.27
P	UF9X	54	17	20		64.28	54.47
P	UF9Y	15	18	31		52.77	82.62
P	UF9Z	15	18	31		50.92	86.92
P	UG0	15	19	33
P	UG0A	15	18	32		59.88	91.67
P	UG0B	15	18	32		59.88	91.67
P	UG0C	15	19	34		54.8	136.83
P	UG0D	15	19	33		48.6	132.2
P	UG0E	15	19	34		50.55	142.6
P	UG0F	15	19	34		50.55	142.6
P	UG0G	15	19	33		53.55	127.83
P	UG0H	15	18	32		59.88	91.67
P	UG0I	15	19	24		62.9	153.7
P	UG0J	15	19	33		53.55	127.83
P	UG0K	15	19	25		66.67	171
P	UG0L	15	19	34		45.33	134.67
P	UG0M	15	19	34		45.33	134.67
P	UG0N	15	19	34		45.33	134.67
P	UG0O	15	18	32		53.8	109.33
P	UG0Q	15	19	23		66.4	129.17
P	UG0R	15	18	32		57.37	106
P	UG0S	15	18	32		57.37	106
P	UG0T	15	18	32		57.37	106
P	UG0U	15	18	33		54	118
P	UG0V	15	18	33		54	118
P	UG0W	15	18	31		53.5	90
P	UG0X	15	19	35		56	159
P	UG0Y	15	23	32		51.78	94.75
P	UG0Z	15	19	35		56	159
P	UG1A	54		29		59.95	30.3
P	UG1B	54		29		59.95	30.3
P	UG1C	54		29		60.05	31.75
P	UG1D	54		29		60.05	31.75
P	UG1F	54		29		59.95	30.3
P	UG1H	54		29		46.65	32.63
P	UG1I	54	17	20		64.28	54.47
P	UG1J	54		29		59.95	30.3
P	UG1L	54		29		59.95	30.3
P	UG1M	54		29		59.95	30.3
P	UG1N	54				63.82	33
P	UG1O	54				63.5	43
P	UG1P	54		20		68.83	54.83
P	UG1Q	54		29		60.08	40.45
P	UG1R	54		29		60.08	40.45
P	UG1S	54		29		60.08	40.45
P	UG1T	54		29		58.43	32.38
P	UG1V	54		29		46.65	32.63
P	UG1W	54		29		57.32	29.25
P	UG1X	54		29		57.32	29.25
P	UG1Z	54				68.03	34.57
P	UG2	126
P	UG3A	54		29		55.75	37.62
P	UG3B	54		29		55.75	37.62
P	UG3C	54		29		55.75	37.62
P	UG3D	54		29		55.7	36.97
P	UG3E	54		29		52.85	36.43
P	UG3F	54		29		55.7	36.97
P	UG3G	54		29		52.7	39.15
P	UG3H	54		29		55.7	36.97
P	UG3I	54		29		57.15	34.62
P	UG3J	54		29		57.15	34.62
P	UG3K	54		29		51.05	40.15
P	UG3L	54		29		55	33
P	UG3M	54		29		57.87	39.2
P	UG3N	54		29		58.55	43.68
P	UG3O	54		29		51.05	40.15
P	UG3P	54		29		53.92	37.58
P	UG3Q	54		29		51.05	40.15
P	UG3R	54		29		52.72	41.57
P	UG3S	54		29		54.4	40.6
P	UG3T	54		29		56.48	44.53
P	UG3U	54		29		57.02	41.52
P	UG3V	54		29		56.08	40.62
P	UG3W	54		29		51.75	36.02
P	UG3X	54		29		54.43	35.43
P	UG3Y	54		29		52.95	33.4
P	UG3Z	54		29		50.77	37.45
P	UG4A	54		29		49.73	44.12
P	UG4B	54		29		49.73	44.12
P	UG4C	54		29		51.78	46.73
P	UG4D	54		29		51.78	46.73
P	UG4F	54		29		53.25	44.57
P	UG4H	54		30		53.45	50.45
P	UG4I	54		30		53.45	50.45
P	UG4L	54		29		53.95	47.92
P	UG4M	54		29		53.95	47.92
P	UG4N	54		29		58.77	49.83
P	UG4O	54		29		58.77	49.83
P	UG4P	54		29		55.55	50.93
P	UG4Q	54		29		55.55	50.93
P	UG4R	54		29		55.55	50.93
P	UG4S	54		29		56.7	47.87
P	UG4T	54		29		56.7	47.87
P	UG4U	54		29		54.43	44.45
P	UG4W	54		30		57.28	52.75
P	UG4Y	54		29		55.55	47.1
P	UG4Z	54		29		55.55	47.1
P	UG5A	54		29		55.75	37.62
P	UG5B	54		29		55.75	37.62
P	UG5C	54		29		55.75	37.62
P	UG5D	54		29		55.7	36.97
P	UG5E	54		29		52.85	36.43
P	UG5F	54		29		55.7	36.97
P	UG5G	54		29		52.7	39.15
P	UG5H	54		29		55.7	36.97
P	UG5I	54		29		57.15	34.62
P	UG5J	54		29		57.15	34.62
P	UG5K	54		29		51.05	40.15
P	UG5L	54		29		55	33
P	UG5M	54		29		57.87	39.2
P	UG5N	54		29		58.55	43.68
P	UG5O	54		29		51.05	40.15
P	UG5P	54		29		53.92	37.58
P	UG5Q	54		29		51.05	40.15
P	UG5R	54		29		52.72	41.57
P	UG5S	54		29		54.4	40.6
P	UG5T	54		29		56.48	44.53
P	UG5U	54		29		57.02	41.52
P	UG5V	54		29		56.08	40.62
P	UG5W	54		29		51.75	36.02
P	UG5X	54		29		54.43	35.43
P	UG5Y	54		29		52.95	33.4
P	UG5Z	54		29		50.77	37.45
P	UG6A	54		29		45.37	39.43
P	UG6B	54		29		45.37	39.43
P	UG6C	54		29		45.37	39.43
P	UG6D	54		29		45.37	39.43
P	UG6E	54		29		43.92	41.78
P	UG6F	54		29		45.05	43.27
P	UG6G	54		29		45.05	43.27
P	UG6H	54		29		45.05	43.27
P	UG6I	54		29		46.57	45.32
P	UG6J	54		29		43.18	44.23
P	UG6K	54		29		44.93	34.1
P	UG6L	54		29		47.87	41.18
P	UG6M	54		29		47.87	41.18
P	UG6N	54		29		47.87	41.18
P	UG6O	54		29		48	37.83
P	UG6P	54		29		43.4	45.72
P	UG6Q	54		29		43.2	44.97
P	UG6R	54		29		50	30
P	UG6S	54		29		47.83	35.17
P	UG6T	54		29		45.05	43.27
P	UG6U	54		29		47.23	47.23
P	UG6V	54		29		47.23	47.23
P	UG6W	54		29		43.1	46.88
P	UG6X	54		29		43.58	43.4
P	UG6Y	54		29		44.65	40
P	UG6Z	54		29		48.57	39.3
P	UG7A	54		29		45.37	39.43
P	UG7B	54		29		45.37	39.43
P	UG7C	54		29		45.37	39.43
P	UG7D	54		29		45.37	39.43
P	UG7E	54		29		43.92	41.78
P	UG7F	54		29		45.05	43.27
P	UG7G	54		29		45.05	43.27
P	UG7H	54		29		45.05	43.27
P	UG7I	54		29		46.57	45.32
P	UG7J	54		29		43.18	44.23
P	UG7K	54		29		44.93	34.1
P	UG7L	54		29		47.87	41.18
P	UG7M	54		29		47.87	41.18
P	UG7N	54		29		47.87	41.18
P	UG7O	54		29		48	37.83
P	UG7P	54		29		43.4	45.72
P	UG7Q	54		29		43.2	44.97
P	UG7R	54		29		50	30
P	UG7S	54		29		47.83	35.17
P	UG7T	54		29		45.05	43.27
P	UG7U	54		29		47.23	47.23
P	UG7V	54		29		47.23	47.23
P	UG7W	54		29		43.1	46.88
P	UG7X	54		29		43.58	43.4
P	UG7Y	54		29		44.65	40
P	UG7Z	54		29		48.57	39.3
P	UG8	15		30
P	UG8A	15		30		54.75	60.7
P	UG8B	15		30		54.75	60.7
P	UG8C	15		30		58.7	61.33
P	UG8D	15		30		58.7	61.33
P	UG8E	15		30		58.7	61.33
P	UG8F	54	17	30		58	56.32
P	UG8G	54	17	30		59.02	54.67
P	UG8H	15	18	31		58.75	82.13
P	UG8I	15	18	31		58.75	82.13
P	UG8J	15				62.25	70.17
P	UG8K	15				65.3	74.03
P	UG8L	15		30		57.83	69
P	UG8M	15		30		56.22	73.27
P	UG8N	15		30		56.22	73.27
P	UG8O	15	18	31		55.45	79.55
P	UG8P	15	18	31		55.45	79.55
P	UG8Q	15		30		55.57	64.75
P	UG8R	15		30		55.57	64.75
P	UG8S	15	16	30		52.13	55.6
P	UG8T	15	16	30		52.13	55.6
P	UG8U	15	18	31		54.93	87.23
P	UG8V	15	18	31		54.93	87.23
P	UG8W	15	16	30		54.47	56.27
P	UG8X	54	17	20		64.28	54.47
P	UG8Y	15	18	31		52.77	82.62
P	UG8Z	15	18	31		50.92	86.92
P	UG9	15		30
P	UG9A	15		30		54.75	60.7
P	UG9B	15		30		54.75	60.7
P	UG9C	15		30		58.7	61.33
P	UG9D	15		30		58.7	61.33
P	UG9E	15		30		58.7	61.33
P	UG9F	54	17	30		58	56.32
P	UG9G	54	17	30		59.02	54.67
P	UG9H	15	18	31		58.75	82.13
P	UG9I	15	18	31		58.75	82.13
P	UG9J	15				62.25	70.17
P	UG9K	15				65.3	74.03
P	UG9L	15		30		57.83	69
P	UG9M	15		30		56.22	73.27
P	UG9N	15		30		56.22	73.27
P	UG9O	15	18	31		55.45	79.55
P	UG9P	15	18	31		55.45	79.55
P	UG9Q	15		30		55.57	64.75
P	UG9R	15		30		55.57	64.75
P	UG9S	15	16	30		52.13	55.6
P	UG9T	15	16	30		52.13	55.6
P	UG9U	15	18	31		54.93	87.23
P	UG9V	15	18	31		54.93	87.23
P	UG9W	15	16	30		54.47	56.27
P	UG9X	54	17	20		64.28	54.47
P	UG9Y	15	18	31		52.77	82.62
P	UG9Z	15	18	31		50.92	86.92
P	UH0	15	19	33
P	UH0A	15	18	32		59.88	91.67
P	UH0B	15	18	32		59.88	91.67
P	UH0C	15	19	34		54.8	136.83
P	UH0D	15	19	33		48.6	132.2
P	UH0E	15	19	34		50.55	142.6
P	UH0F	15	19	34		50.55	142.6
P	UH0G	15	19	33		53.55	127.83
P	UH0H	15	18	32		59.88	91.67
P	UH0I	15	19	24		62.9	153.7
P	UH0J	15	19	33		53.55	127.83
P	UH0K	15	19	25		66.67	171
P	UH0L	15	19	34		45.33	134.67
P	UH0M	15	19	34		45.33	134.67
P	UH0N	15	19	34		45.33	134.67
P	UH0O	15	18	32		53.8	109.33
P	UH0Q	15	19	23		66.4	129.17
P	UH0R	15	18	32		57.37	106
P	UH0S	15	18	32		57.37	106
P	UH0T	15	18	32		57.37	106
P	UH0U	15	18	33		54	118
P	UH0V	15	18	33		54	118
P	UH0W	15	18	31		53.5	90
P	UH0X	15	19	35		56	159
P	UH0Y	15	23	32		51.78	94.75
P	UH0Z	15	19	35		56	159
P	UH1A	54		29		59.95	30.3
P	UH1B	54		29		59.95	30.3
P	UH1C	54		29		60.05	31.75
P	UH1D	54		29		60.05	31.75
P	UH1F	54		29		59.95	30.3
P	UH1H	54		29		46.65	32.63
P	UH1I	54	17	20		64.28	54.47
P	UH1J	54		29		59.95	30.3
P	UH1L	54		29		59.95	30.3
P	UH1M	54		29		59.95	30.3
P	UH1N	54				63.82	33
P	UH1O	54				63.5	43
P	UH1P	54		20		68.83	54.83
P	UH1Q	54		29		60.08	40.45
P	UH1R	54		29		60.08	40.45
P	UH1S	54		29		60.08	40.45
P	UH1T	54		29		58.43	32.38
P	UH1V	54		29		46.65	32.63
P	UH1W	54		29		57.32	29.25
P	UH1X	54		29		57.32	29.25
P	UH1Z	54				68.03	34.57
P	UH2	126
P	UH3A	54		29		55.75	37.62
P	UH3B	54		29		55.75	37.62
P	UH3C	54		29		55.75	37.62
P	UH3D	54		29		55.7	36.97
P	UH3E	54		29		52.85	36.43
P	UH3F	54		29		55.7	36.97
P	UH3G	54		29		52.7	39.15
P	UH3H	54		29		55.7	36.97
P	UH3I	54		29		57.15	34.62
P	UH3J	54		29		57.15	34.62
P	UH3K	54		29		51.05	40.15
P	UH3L	54		29		55	33
P	UH3M	54		29		57.87	39.2
P	UH3N	54		29		58.55	43.68
P	UH3O	54		29		51.05	40.15
P	UH3P	54		29		53.92	37.58
P	UH3Q	54		29		51.05	40.15
P	UH3R	54		29		52.72	41.57
P	UH3S	54		29		54.4	40.6
P	UH3T	54		29		56.48	44.53
P	UH3U	54		29		57.02	41.52
P	UH3V	54		29		56.08	40.62
P	UH3W	54		29		51.75	36.02
P	UH3X	54		29		54.43	35.43
P	UH3Y	54		29		52.95	33.4
P	UH3Z	54		29		50.77	37.45
P	UH4A	54		29		49.73	44.12
P	UH4B	54		29		49.73	44.12
P	UH4C	54		29		51.78	46.73
P	UH4D	54		29		51.78	46.73
P	UH4F	54		29		53.25	44.57
P	UH4H	54		30		53.45	50.45
P	UH4I	54		30		53.45	50.45
P	UH4L	54		29		53.95	47.92
P	UH4M	54		29		53.95	47.92
P	UH4N	54		29		58.77	49.83
P	UH4O	54		29		58.77	49.83
P	UH4P	54		29		55.55	50.93
P	UH4Q	54		29		55.55	50.93
P	UH4R	54		29		55.55	50.93
P	UH4S	54		29		56.7	47.87
P	UH4T	54		29		56.7	47.87
P	UH4U	54		29		54.43	44.45
P	UH4W	54		30		57.28	52.75
P	UH4Y	54		29		55.55	47.1
P	UH4Z	54		29		55.55	47.1
P	UH5A	54		29		55.75	37.62
P	UH5B	54		29		55.75	37.62
P	UH5C	54		29		55.75	37.62
P	UH5D	54		29		55.7	36.97
P	UH5E	54		29		52.85	36.43
P	UH5F	54		29		55.7	36.97
P	UH5G	54		29		52.7	39.15
P	UH5H	54		29		55.7	36.97
P	UH5I	54		29		57.15	34.62
P	UH5J	54		29		57.15	34.62
P	UH5K	54		29		51.05	40.15
P	UH5L	54		29		55	33
P	UH5M	54		29		57.87	39.2
P	UH5N	54		29		58.55	43.68
P	UH5O	54		29		51.05	40.15
P	UH5P	54		29		53.92	37.58
P	UH5Q	54		29		51.05	40.15
P	UH5R	54		29		52.72	41.57
P	UH5S	54		29		54.4	40.6
P	UH5T	54		29		56.48	44.53
P	UH5U	54		29		57.02	41.52
P	UH5V	54		29		56.08	40.62
P	UH5W	54		29		51.75	36.02
P	UH5X	54		29		54.43	35.43
P	UH5Y	54		29		52.95	33.4
P	UH5Z	54		29		50.77	37.45
P	UH6A	54		29		45.37	39.43
P	UH6B	54		29		45.37	39.43
P	UH6C	54		29		45.37	39.43
P	UH6D	54		29		45.37	39.43
P	UH6E	54		29		43.92	41.78
P	UH6F	54		29		45.05	43.27
P	UH6G	54		29		45.05	43.27
P	UH6H	54		29		45.05	43.27
P	UH6I	54		29		46.57	45.32
P	UH6J	54		29		43.18	44.23
P	UH6K	54		29		44.93	34.1
P	UH6L	54		29		47.87	41.18
P	UH6M	54		29		47.87	41.18
P	UH6N	54		29		47.87	41.18
P	UH6O	54		29		48	37.83
P	UH6P	54		29		43.4	45.72
P	UH6Q	54		29		43.2	44.97
P	UH6R	54		29		50	30
P	UH6S	54		29		47.83	35.17
P	UH6T	54		29		45.05	43.27
P	UH6U	54		29		47.23	47.23
P	UH6V	54		29		47.23	47.23
P	UH6W	54		29		43.1	46.88
P	UH6X	54		29		43.58	43.4
P	UH6Y	54		29		44.65	40
P	UH6Z	54		29		48.57	39.3
P	UH7A	54		29		45.37	39.43
P	UH7B	54		29		45.37	39.43
P	UH7C	54		29		45.37	39.43
P	UH7D	54		29		45.37	39.43
P	UH7E	54		29		43.92	41.78
P	UH7F	54		29		45.05	43.27
P	UH7G	54		29		45.05	43.27
P	UH7H	54		29		45.05	43.27
P	UH7I	54		29		46.57	45.32
P	UH7J	54		29		43.18	44.23
P	UH7K	54		29		44.93	34.1
P	UH7L	54		29		47.87	41.18
P	UH7M	54		29		47.87	41.18
P	UH7N	54		29		47.87	41.18
P	UH7O	54		29		48	37.83
P	UH7P	54		29		43.4	45.72
P	UH7Q	54		29		43.2	44.97
P	UH7R	54		29		50	30
P	UH7S	54		29		47.83	35.17
P	UH7T	54		29		45.05	43.27
P	UH7U	54		29		47.23	47.23
P	UH7V	54		29		47.23	47.23
P	UH7W	54		29		43.1	46.88
P	UH7X	54		29		43.58	43.4
P	UH7Y	54		29		44.65	40
P	UH7Z	54		29		48.57	39.3
P	UH8	15		30
P	UH8A	15		30		54.75	60.7
P	UH8B	15		30		54.75	60.7
P	UH8C	15		30		58.7	61.33
P	UH8D	15		30		58.7	61.33
P	UH8E	15		30		58.7	61.33
P	UH8F	54	17	30		58	56.32
P	UH8G	54	17	30		59.02	54.67
P	UH8H	15	18	31		58.75	82.13
P	UH8I	15	18	31		58.75	82.13
P	UH8J	15				62.25	70.17
P	UH8K	15				65.3	74.03
P	UH8L	15		30		57.83	69
P	UH8M	15		30		56.22	73.27
P	UH8N	15		30		56.22	73.27
P	UH8O	15	18	31		55.45	79.55
P	UH8P	15	18	31		55.45	79.55
P	UH8Q	15		30		55.57	64.75
P	UH8R	15		30		55.57	64.75
P	UH8S	15	16	30		52.13	55.6
P	UH8T	15	16	30		52.13	55.6
P	UH8U	15	18	31		54.93	87.23
P	UH8V	15	18	31		54.93	87.23
P	UH8W	15	16	30		54.47	56.27
P	UH8X	54	17	20		64.28	54.47
P	UH8Y	15	18	31		52.77	82.62
P	UH8Z	15	18	31		50.92	86.92
P	UH9	15		30
P	UH9A	15		30		54.75	60.7
P	UH9B	15		30		54.75	60.7
P	UH9C	15		30		58.7	61.33
P	UH9D	15		30		58.7	61.33
P	UH9E	15		30		58.7	61.33
P	UH9F	54	17	30		58	56.32
P	UH9G	54	17	30		59.02	54.67
P	UH9H	15	18	31		58.75	82.13
P	UH9I	15	18	31		58.75	82.13
P	UH9J	15				62.25	70.17
P	UH9K	15				65.3	74.03
P	UH9L	15		30		57.83	69
P	UH9M	15		30		56.22	73.27
P	UH9N	15		30		56.22	73.27
P	UH9O	15	18	31		55.45	79.55
P	UH9P	15	18	31		55.45	79.55
P	UH9Q	15		30		55.57	64.75
P	UH9R	15		30		55.57	64.75
P	UH9S	15	16	30		52.13	55.6
P	UH9T	15	16	30		52.13	55.6
P	UH9U	15	18	31		54.93	87.23
P	UH9V	15	18	31		54.93	87.23
P	UH9W	15	16	30		54.47	56.27
P	UH9X	54	17	20		64.28	54.47
P	UH9Y	15	18	31		52.77	82.62
P	UH9Z	15	18	31		50.92	86.92
P	UI0	15	19	33
P	UI0A	15	18	32		59.88	91.67
P	UI0B	15	18	32		59.88	91.67
P	UI0C	15	19	34		54.8	136.83
P	UI0D	15	19	33		48.6	132.2
P	UI0E	15	19	34		50.55	142.6
P	UI0F	15	19	34		50.55	142.6
P	UI0G	15	19	33		53.55	127.83
P	UI0H	15	18	32		59.88	91.67
P	UI0I	15	19	24		62.9	153.7
P	UI0J	15	19	33		53.55	127.83
P	UI0K	15	19	25		66.67	171
P	UI0L	15	19	34		45.33	134.67
P	UI0M	15	19	34		45.33	134.67
P	UI0N	15	19	34		45.33	134.67
P	UI0O	15	18	32		53.8	109.33
P	UI0Q	15	19	23		66.4	129.17
P	UI0R	15	18	32		57.37	106
P	UI0S	15	18	32		57.37	106
P	UI0T	15	18	32		57.37	106
P	UI0U	15	18	33		54	118
P	UI0V	15	18	33		54	118
P	UI0W	15	18	31		53.5	90
P	UI0X	15	19	35		56	159
P	UI0Y	15	23	32		51.78	94.75
P	UI0Z	15	19	35		56	159
P	UI1A	54		29		59.95	30.3
P	UI1B	54		29		59.95	30.3
P	UI1C	54		29		60.05	31.75
P	UI1D	54		29		60.05	31.75
P	UI1F	54		29		59.95	30.3
P	UI1H	54		29		46.65	32.63
P	UI1I	54	17	20		64.28	54.47
P	UI1J	54		29		59.95	30.3
P	UI1L	54		29		59.95	30.3
P	UI1M	54		29		59.95	30.3
P	UI1N	54				63.82	33
P	UI1O	54				63.5	43
P	UI1P	54		20		68.83	54.83
P	UI1Q	54		29		60.08	40.45
P	UI1R	54		29		60.08	40.45
P	UI1S	54		29		60.08	40.45
P	UI1T	54		29		58.43	32.38
P	UI1V	54		29		46.65	32.63
P	UI1W	54		29		57.32	29.25
P	UI1X	54		29		57.32	29.25
P	UI1Z	54				68.03	34.57
P	UI2	126
P	UI3A	54		29		55.75	37.62
P	UI3B	54		29		55.75	37.62
P	UI3C	54		29		55.75	37.62
P	UI3D	54		29		55.7	36.97
P	UI3E	54		29		52.85	36.43
P	UI3F	54		29		55.7	36.97
P	UI3G	54		29		52.7	39.15
P	UI3H	54		29		55.7	36.97
P	UI3I	54		29		57.15	34.62
P	UI3J	54		29		57.15	34.62
P	UI3K	54		29		51.05	40.15
P	UI3L	54		29		55	33
P	UI3M	54		29		57.87	39.2
P	UI3N	54		29		58.55	43.68
P	UI3O	54		29		51.05	40.15
P	UI3P	54		29		53.92	37.58
P	UI3Q	54		29		51.05	40.15
P	UI3R	54		29		52.72	41.57
P	UI3S	54		29		54.4	40.6
P	UI3T	54		29		56.48	44.53
P	UI3U	54		29		57.02	41.52
P	UI3V	54		29		56.08	40.62
P	UI3W	54		29		51.75	36.02
P	UI3X	54		29		54.43	35.43
P	UI3Y	54		29		52.95	33.4
P	UI3Z	54		29		50.77	37.45
P	UI4A	54		29		49.73	44.12
P	UI4B	54		29		49.73	44.12
P	UI4C	54		29		51.78	46.73
P	UI4D	54		29		51.78	46.73
P	UI4F	54		29		53.25	44.57
P	UI4H	54		30		53.45	50.45
P	UI4I	54		30		53.45	50.45
P	UI4L	54		29		53.95	47.92
P	UI4M	54		29		53.95	47.92
P	UI4N	54		29		58.77	49.83
P	UI4O	54		29		58.77	49.83
P	UI4P	54		29		55.55	50.93
P	UI4Q	54		29		55.55	50.93
P	UI4R	54		29		55.55	50.93
P	UI4S	54		29		56.7	47.87
P	UI4T	54		29		56.7	47.87
P	UI4U	54		29		54.43	44.45
P	UI4W	54		30		57.28	52.75
P	UI4Y	54		29		55.55	47.1
P	UI4Z	54		29		55.55	47.1
P	UI5A	54		29		55.75	37.62
P	UI5B	54		29		55.75	37.62
P	UI5C	54		29		55.75	37.62
P	UI5D	54		29		55.7	36.97
P	UI5E	54		29		52.85	36.43
P	UI5F	54		29		55.7	36.97
P	UI5G	54		29		52.7	39.15
P	UI5H	54		29		55.7	36.97
P	UI5I	54		29		57.15	34.62
P	UI5J	54		29		57.15	34.62
P	UI5K	54		29		51.05	40.15
P	UI5L	54		29		55	33
P	UI5M	54		29		57.87	39.2
P	UI5N	54		29		58.55	43.68
P	UI5O	54		29		51.05	40.15
P	UI5P	54		29		53.92	37.58
P	UI5Q	54		29		51.05	40.15
P	UI5R	54		29		52.72	41.57
P	UI5S	54		29		54.4	40.6
P	UI5T	54		29		56.48	44.53
P	UI5U	54		29		57.02	41.52
P	UI5V	54		29		56.08	40.62
P	UI5W	54		29		51.75	36.02
P	UI5X	54		29		54.43	35.43
P	UI5Y	54		29		52.95	33.4
P	UI5Z	54		29		50.77	37.45
P	UI6A	54		29		45.37	39.43
P	UI6B	54		29		45.37	39.43
P	UI6C	54		29		45.37	39.43
P	UI6D	54		29		45.37	39.43
P	UI6E	54		29		43.92	41.78
P	UI6F	54		29		45.05	43.27
P	UI6G	54		29		45.05	43.27
P	UI6H	54		29		45.05	43.27
P	UI6I	54		29		46.57	45.32
P	UI6J	54		29		43.18	44.23
P	UI6K	54		29		44.93	34.1
P	UI6L	54		29		47.87	41.18
P	UI6M	54		29		47.87	41.18
P	UI6N	54		29		47.87	41.18
P	UI6O	54		29		48	37.83
P	UI6P	54		29		43.4	45.72
P	UI6Q	54		29		43.2	44.97
P	UI6R	54		29		50	30
P	UI6S	54		29		47.83	35.17
P	UI6T	54		29		45.05	43.27
P	UI6U	54		29		47.23	47.23
P	UI6V	54		29		47.23	47.23
P	UI6W	54		29		43.1	46.88
P	UI6X	54		29		43.58	43.4
P	UI6Y	54		29		44.65	40
P	UI6Z	54		29		48.57	39.3
P	UI7A	54		29		45.37	39.43
P	UI7B	54		29		45.37	39.43
P	UI7C	54		29		45.37	39.43
P	UI7D	54		29		45.37	39.43
P	UI7E	54		29		43.92	41.78
P	UI7F	54		29		45.05	43.27
P	UI7G	54		29		45.05	43.27
P	UI7H	54		29		45.05	43.27
P	UI7I	54		29		46.57	45.32
P	UI7J	54		29		43.18	44.23
P	UI7K	54		29		44.93	34.1
P	UI7L	54		29		47.87	41.18
P	UI7M	54		29		47.87	41.18
P	UI7N	54		29		47.87	41.18
P	UI7O	54		29		48	37.83
P	UI7P	54		29		43.4	45.72
P	UI7Q	54		29		43.2	44.97
P	UI7R	54		29		50	30
P	UI7S	54		29		47.83	35.17
P	UI7T	54		29		45.05	43.27
P	UI7U	54		29		47.23	47.23
P	UI7V	54		29		47.23	47.23
P	UI7W	54		29		43.1	46.88
P	UI7X	54		29		43.58	43.4
P	UI7Y	54		29		44.65	40
P	UI7Z	54		29		48.57	39.3
P	UI8	15		30
P	UI8A	15		30		54.75	60.7
P	UI8B	15		30		54.75	60.7
P	UI8C	15		30		58.7	61.33
P	UI8D	15		30		58.7	61.33
P	UI8E	15		30		58.7	61.33
P	UI8F	54	17	30		58	56.32
P	UI8G	54	17	30		59.02	54.67
P	UI8H	15	18	31		58.75	82.13
P	UI8I	15	18	31		58.75	82.13
P	UI8J	15				62.25	70.17
P	UI8K	15				65.3	74.03
P	UI8L	15		30		57.83	69
P	UI8M	15		30		56.22	73.27
P	UI8N	15		30		56.22	73.27
P	UI8O	15	18	31		55.45	79.55
P	UI8P	15	18	31		55.45	79.55
P	UI8Q	15		30		55.57	64.75
P	UI8R	15		30		55.57	64.75
P	UI8S	15	16	30		52.13	55.6
P	UI8T	15	16	30		52.13	55.6
P	UI8U	15	18	31		54.93	87.23
P	UI8V	15	18	31		54.93	87.23
P	UI8W	15	16	30		54.47	56.27
P	UI8X	54	17	20		64.28	54.47
P	UI8Y	15	18	31		52.77	82.62
P	UI8Z	15	18	31		50.92	86.92
P	UI9	15		30
P	UI9A	15		30		54.75	60.7
P	UI9B	15		30		54.75	60.7
P	UI9C	15		30		58.7	61.33
P	UI9D	15		30		58.7	61.33
P	UI9E	15		30		58.7	61.33
P	UI9F	54	17	30		58	56.32
P	UI9G	54	17	30		59.02	54.67
P	UI9H	15	18	31		58.75	82.13
P	UI9I	15	18	31		58.75	82.13
P	UI9J	15				62.25	70.17
P	UI9K	15				65.3	74.03
P	UI9L	15		30		57.83	69
P	UI9M	15		30		56.22	73.27
P	UI9N	15		30		56.22	73.27
P	UI9O	15	18	31		55.45	79.55
P	UI9P	15	18	31		55.45	79.55
P	UI9Q	15		30		55.57	64.75
P	UI9R	15		30		55.57	64.75
P	UI9S	15	16	30		52.13	55.6
P	UI9T	15	16	30		52.13	55.6
P	UI9U	15	18	31		54.93	87.23
P	UI9V	15	18	31		54.93	87.23
P	UI9W	15	16	30		54.47	56.27
P	UI9X	54	17	20		64.28	54.47
P	UI9Y	15	18	31		52.77	82.62
P	UI9Z	15	18	31		50.92	86.92
P	UJ	292
P	UJ0A	292				41.27	69.22
P	UJ0B	292				41.17	69.75
P	UJ0C	292				38.83	66.08
P	UJ0D	292				40.42	68.67
P	UJ0F	292				40.75	72.17
P	UJ0G	292				40.42	71.25
P	UJ0I	292				39.83	66.25
P	UJ0L	292				40.17	63.67
P	UJ0O	292				41	71.17
P	UJ0Q	292				42	64.25
P	UJ0T	292				38	67.5
P	UJ0U	292				41.33	61
P	UJ0V	292				40.42	67.67
P	UJ0Z	292				43.17	58.75
P	UJ1A	292				41.27	69.22
P	UJ1B	292				41.17	69.75
P	UJ1C	292				38.83	66.08
P	UJ1D	292				40.42	68.67
P	UJ1F	292				40.75	72.17
P	UJ1G	292				40.42	71.25
P	UJ1I	292				39.83	66.25
P	UJ1L	292				40.17	63.67
P	UJ1O	292				41	71.17
P	UJ1Q	292				42	64.25
P	UJ1T	292				38	67.5
P	UJ1U	292				41.33	61
P	UJ1V	292				40.42	67.67
P	UJ1Z	292				43.17	58.75
P	UJ2A	292				41.27	69.22
P	UJ2B	292				41.17	69.75
P	UJ2C	292				38.83	66.08
P	UJ2D	292				40.42	68.67
P	UJ2F	292				40.75	72.17
P	UJ2G	292				40.42	71.25
P	UJ2I	292				39.83	66.25
P	UJ2L	292				40.17	63.67
P	UJ2O	292				41	71.17
P	UJ2Q	292				42	64.25
P	UJ2T	292				38	67.5
P	UJ2U	292				41.33	61
P	UJ2V	292				40.42	67.67
P	UJ2Z	292				43.17	58.75
P	UJ3A	292				41.27	69.22
P	UJ3B	292				41.17	69.75
P	UJ3C	292				38.83	66.08
P	UJ3D	292				40.42	68.67
P	UJ3F	292				40.75	72.17
P	UJ3G	292				40.42	71.25
P	UJ3I	292				39.83	66.25
P	UJ3L	292				40.17	63.67
P	UJ3O	292				41	71.17
P	UJ3Q	292				42	64.25
P	UJ3T	292				38	67.5
P	UJ3U	292				41.33	61
P	UJ3V	292				40.42	67.67
P	UJ3Z	292				43.17	58.75
P	UJ4A	292				41.27	69.22
P	UJ4B	292				41.17	69.75
P	UJ4C	292				38.83	66.08
P	UJ4D	292				40.42	68.67
P	UJ4F	292				40.75	72.17
P	UJ4G	292				40.42	71.25
P	UJ4I	292				39.83	66.25
P	UJ4L	292				40.17	63.67
P	UJ4O	292				41	71.17
P	UJ4Q	292				42	64.25
P	UJ4T	292				38	67.5
P	UJ4U	292				41.33	61
P	UJ4V	292				40.42	67.67
P	UJ4Z	292				43.17	58.75
P	UJ5A	292				41.27	69.22
P	UJ5B	292				41.17	69.75
P	UJ5C	292				38.83	66.08
P	UJ5D	292				40.42	68.67
P	UJ5F	292				40.75	72.17
P	UJ5G	292				40.42	71.25
P	UJ5I	292				39.83	66.25
P	UJ5L	292				40.17	63.67
P	UJ5O	292				41	71.17
P	UJ5Q	292				42	64.25
P	UJ5T	292				38	67.5
P	UJ5U	292				41.33	61
P	UJ5V	292				40.42	67.67
P	UJ5Z	292				43.17	58.75
P	UJ6A	292				41.27	69.22
P	UJ6B	292				41.17	69.75
P	UJ6C	292				38.83	66.08
P	UJ6D	292				40.42	68.67
P	UJ6F	292				40.75	72.17
P	UJ6G	292				40.42	71.25
P	UJ6I	292				39.83	66.25
P	UJ6L	292				40.17	63.67
P	UJ6O	292				41	71.17
P	UJ6Q	292				42	64.25
P	UJ6T	292				38	67.5
P	UJ6U	292				41.33	61
P	UJ6V	292				40.42	67.67
P	UJ6Z	292				43.17	58.75
P	UJ7A	292				41.27	69.22
P	UJ7B	292				41.17	69.75
P	UJ7C	292				38.83	66.08
P	UJ7D	292				40.42	68.67
P	UJ7F	292				40.75	72.17
P	UJ7G	292				40.42	71.25
P	UJ7I	292				39.83	66.25
P	UJ7L	292				40.17	63.67
P	UJ7O	292				41	71.17
P	UJ7Q	292				42	64.25
P	UJ7T	292				38	67.5
P	UJ7U	292				41.33	61
P	UJ7V	292				40.42	67.67
P	UJ7Z	292				43.17	58.75
P	UJ8A	292				41.27	69.22
P	UJ8B	292				41.17	69.75
P	UJ8C	292				38.83	66.08
P	UJ8D	292				40.42	68.67
P	UJ8F	292				40.75	72.17
P	UJ8G	292				40.42	71.25
P	UJ8I	292				39.83	66.25
P	UJ8L	292				40.17	63.67
P	UJ8O	292				41	71.17
P	UJ8Q	292				42	64.25
P	UJ8T	292				38	67.5
P	UJ8U	292				41.33	61
P	UJ8V	292				40.42	67.67
P	UJ8Z	292				43.17	58.75
P	UJ9A	292				41.27	69.22
P	UJ9B	292				41.17	69.75
P	UJ9C	292				38.83	66.08
P	UJ9D	292				40.42	68.67
P	UJ9F	292				40.75	72.17
P	UJ9G	292				40.42	71.25
P	UJ9I	292				39.83	66.25
P	UJ9L	292				40.17	63.67
P	UJ9O	292				41	71.17
P	UJ9Q	292				42	64.25
P	UJ9T	292				38	67.5
P	UJ9U	292				41.33	61
P	UJ9V	292				40.42	67.67
P	UJ9Z	292				43.17	58.75
P	UK	292
P	UK0A	292				41.27	69.22
P	UK0B	292				41.17	69.75
P	UK0C	292				38.83	66.08
P	UK0D	292				40.42	68.67
P	UK0F	292				40.75	72.17
P	UK0G	292				40.42	71.25
P	UK0I	292				39.83	66.25
P	UK0L	292				40.17	63.67
P	UK0O	292				41	71.17
P	UK0Q	292				42	64.25
P	UK0T	292				38	67.5
P	UK0U	292				41.33	61
P	UK0V	292				40.42	67.67
P	UK0Z	292				43.17	58.75
P	UK1A	292				41.27	69.22
P	UK1B	292				41.17	69.75
P	UK1C	292				38.83	66.08
P	UK1D	292				40.42	68.67
P	UK1F	292				40.75	72.17
P	UK1G	292				40.42	71.25
P	UK1I	292				39.83	66.25
P	UK1L	292				40.17	63.67
P	UK1O	292				41	71.17
P	UK1Q	292				42	64.25
P	UK1T	292				38	67.5
P	UK1U	292				41.33	61
P	UK1V	292				40.42	67.67
P	UK1Z	292				43.17	58.75
P	UK2A	292				41.27	69.22
P	UK2B	292				41.17	69.75
P	UK2C	292				38.83	66.08
P	UK2D	292				40.42	68.67
P	UK2F	292				40.75	72.17
P	UK2G	292				40.42	71.25
P	UK2I	292				39.83	66.25
P	UK2L	292				40.17	63.67
P	UK2O	292				41	71.17
P	UK2Q	292				42	64.25
P	UK2T	292				38	67.5
P	UK2U	292				41.33	61
P	UK2V	292				40.42	67.67
P	UK2Z	292				43.17	58.75
P	UK3A	292				41.27	69.22
P	UK3B	292				41.17	69.75
P	UK3C	292				38.83	66.08
P	UK3D	292				40.42	68.67
P	UK3F	292				40.75	72.17
P	UK3G	292				40.42	71.25
P	UK3I	292				39.83	66.25
P	UK3L	292				40.17	63.67
P	UK3O	292				41	71.17
P	UK3Q	292				42	64.25
P	UK3T	292				38	67.5
P	UK3U	292				41.33	61
P	UK3V	292				40.42	67.67
P	UK3Z	292				43.17	58.75
P	UK4A	292				41.27	69.22
P	UK4B	292				41.17	69.75
P	UK4C	292				38.83	66.08
P	UK4D	292				40.42	68.67
P	UK4F	292				40.75	72.17
P	UK4G	292				40.42	71.25
P	UK4I	292				39.83	66.25
P	UK4L	292				40.17	63.67
P	UK4O	292				41	71.17
P	UK4Q	292				42	64.25
P	UK4T	292				38	67.5
P	UK4U	292				41.33	61
P	UK4V	292				40.42	67.67
P	UK4Z	292				43.17	58.75
P	UK5A	292				41.27	69.22
P	UK5B	292				41.17	69.75
P	UK5C	292				38.83	66.08
P	UK5D	292				40.42	68.67
P	UK5F	292				40.75	72.17
P	UK5G	292				40.42	71.25
P	UK5I	292				39.83	66.25
P	UK5L	292				40.17	63.67
P	UK5O	292				41	71.17
P	UK5Q	292				42	64.25
P	UK5T	292				38	67.5
P	UK5U	292				41.33	61
P	UK5V	292				40.42	67.67
P	UK5Z	292				43.17	58.75
P	UK6A	292				41.27	69.22
P	UK6B	292				41.17	69.75
P	UK6C	292				38.83	66.08
P	UK6D	292				40.42	68.67
P	UK6F	292				40.75	72.17
P	UK6G	292				40.42	71.25
P	UK6I	292				39.83	66.25
P	UK6L	292				40.17	63.67
P	UK6O	292				41	71.17
P	UK6Q	292				42	64.25
P	UK6T	292				38	67.5
P	UK6U	292				41.33	61
P	UK6V	292				40.42	67.67
P	UK6Z	292				43.17	58.75
P	UK7A	292				41.27	69.22
P	UK7B	292				41.17	69.75
P	UK7C	292				38.83	66.08
P	UK7D	292				40.42	68.67
P	UK7F	292				40.75	72.17
P	UK7G	292				40.42	71.25
P	UK7I	292				39.83	66.25
P	UK7L	292				40.17	63.67
P	UK7O	292				41	71.17
P	UK7Q	292				42	64.25
P	UK7T	292				38	67.5
P	UK7U	292				41.33	61
P	UK7V	292				40.42	67.67
P	UK7Z	292				43.17	58.75
P	UK8A	292				41.27	69.22
P	UK8B	292				41.17	69.75
P	UK8C	292				38.83	66.08
P	UK8D	292				40.42	68.67
P	UK8F	292				40.75	72.17
P	UK8G	292				40.42	71.25
P	UK8I	292				39.83	66.25
P	UK8L	292				40.17	63.67
P	UK8O	292				41	71.17
P	UK8Q	292				42	64.25
P	UK8T	292				38	67.5
P	UK8U	292				41.33	61
P	UK8V	292				40.42	67.67
P	UK8Z	292				43.17	58.75
P	UK9A	292				41.27	69.22
P	UK9B	292				41.17	69.75
P	UK9C	292				38.83	66.08
P	UK9D	292				40.42	68.67
P	UK9F	292				40.75	72.17
P	UK9G	292				40.42	71.25
P	UK9I	292				39.83	66.25
P	UK9L	292				40.17	63.67
P	UK9O	292				41	71.17
P	UK9Q	292				42	64.25
P	UK9T	292				38	67.5
P	UK9U	292				41.33	61
P	UK9V	292				40.42	67.67
P	UK9Z	292				43.17	58.75
P	UL	292
P	UL0A	292				41.27	69.22
P	UL0B	292				41.17	69.75
P	UL0C	292				38.83	66.08
P	UL0D	292				40.42	68.67
P	UL0F	292				40.75	72.17
P	UL0G	292				40.42	71.25
P	UL0I	292				39.83	66.25
P	UL0L	292				40.17	63.67
P	UL0O	292				41	71.17
P	UL0Q	292				42	64.25
P	UL0T	292				38	67.5
P	UL0U	292				41.33	61
P	UL0V	292				40.42	67.67
P	UL0Z	292				43.17	58.75
P	UL1A	292				41.27	69.22
P	UL1B	292				41.17	69.75
P	UL1C	292				38.83	66.08
P	UL1D	292				40.42	68.67
P	UL1F	292				40.75	72.17
P	UL1G	292				40.42	71.25
P	UL1I	292				39.83	66.25
P	UL1L	292				40.17	63.67
P	UL1O	292				41	71.17
P	UL1Q	292				42	64.25
P	UL1T	292				38	67.5
P	UL1U	292				41.33	61
P	UL1V	292				40.42	67.67
P	UL1Z	292				43.17	58.75
P	UL2A	292				41.27	69.22
P	UL2B	292				41.17	69.75
P	UL2C	292				38.83	66.08
P	UL2D	292				40.42	68.67
P	UL2F	292				40.75	72.17
P	UL2G	292				40.42	71.25
P	UL2I	292				39.83	66.25
P	UL2L	292				40.17	63.67
P	UL2O	292				41	71.17
P	UL2Q	292				42	64.25
P	UL2T	292				38	67.5
P	UL2U	292				41.33	61
P	UL2V	292				40.42	67.67
P	UL2Z	292				43.17	58.75
P	UL3A	292				41.27	69.22
P	UL3B	292				41.17	69.75
P	UL3C	292				38.83	66.08
P	UL3D	292				40.42	68.67
P	UL3F	292				40.75	72.17
P	UL3G	292				40.42	71.25
P	UL3I	292				39.83	66.25
P	UL3L	292				40.17	63.67
P	UL3O	292				41	71.17
P	UL3Q	292				42	64.25
P	UL3T	292				38	67.5
P	UL3U	292				41.33	61
P	UL3V	292				40.42	67.67
P	UL3Z	292				43.17	58.75
P	UL4A	292				41.27	69.22
P	UL4B	292				41.17	69.75
P	UL4C	292				38.83	66.08
P	UL4D	292				40.42	68.67
P	UL4F	292				40.75	72.17
P	UL4G	292				40.42	71.25
P	UL4I	292				39.83	66.25
P	UL4L	292				40.17	63.67
P	UL4O	292				41	71.17
P	UL4Q	292				42	64.25
P	UL4T	292				38	67.5
P	UL4U	292				41.33	61
P	UL4V	292				40.42	67.67
P	UL4Z	292				43.17	58.75
P	UL5A	292				41.27	69.22
P	UL5B	292				41.17	69.75
P	UL5C	292				38.83	66.08
P	UL5D	292				40.42	68.67
P	UL5F	292				40.75	72.17
P	UL5G	292				40.42	71.25
P	UL5I	292				39.83	66.25
P	UL5L	292				40.17	63.67
P	UL5O	292				41	71.17
P	UL5Q	292				42	64.25
P	UL5T	292				38	67.5
P	UL5U	292				41.33	61
P	UL5V	292				40.42	67.67
P	UL5Z	292				43.17	58.75
P	UL6A	292				41.27	69.22
P	UL6B	292				41.17	69.75
P	UL6C	292				38.83	66.08
P	UL6D	292				40.42	68.67
P	UL6F	292				40.75	72.17
P	UL6G	292				40.42	71.25
P	UL6I	292				39.83	66.25
P	UL6L	292				40.17	63.67
P	UL6O	292				41	71.17
P	UL6Q	292				42	64.25
P	UL6T	292				38	67.5
P	UL6U	292				41.33	61
P	UL6V	292				40.42	67.67
P	UL6Z	292				43.17	58.75
P	UL7A	292				41.27	69.22
P	UL7B	292				41.17	69.75
P	UL7C	292				38.83	66.08
P	UL7D	292				40.42	68.67
P	UL7F	292				40.75	72.17
P	UL7G	292				40.42	71.25
P	UL7I	292				39.83	66.25
P	UL7L	292				40.17	63.67
P	UL7O	292				41	71.17
P	UL7Q	292				42	64.25
P	UL7T	292				38	67.5
P	UL7U	292				41.33	61
P	UL7V	292				40.42	67.67
P	UL7Z	292				43.17	58.75
P	UL8A	292				41.27	69.22
P	UL8B	292				41.17	69.75
P	UL8C	292				38.83	66.08
P	UL8D	292				40.42	68.67
P	UL8F	292				40.75	72.17
P	UL8G	292				40.42	71.25
P	UL8I	292				39.83	66.25
P	UL8L	292				40.17	63.67
P	UL8O	292				41	71.17
P	UL8Q	292				42	64.25
P	UL8T	292				38	67.5
P	UL8U	292				41.33	61
P	UL8V	292				40.42	67.67
P	UL8Z	292				43.17	58.75
P	UL9A	292				41.27	69.22
P	UL9B	292				41.17	69.75
P	UL9C	292				38.83	66.08
P	UL9D	292				40.42	68.67
P	UL9F	292				40.75	72.17
P	UL9G	292				40.42	71.25
P	UL9I	292				39.83	66.25
P	UL9L	292				40.17	63.67
P	UL9O	292				41	71.17
P	UL9Q	292				42	64.25
P	UL9T	292				38	67.5
P	UL9U	292				41.33	61
P	UL9V	292				40.42	67.67
P	UL9Z	292				43.17	58.75
P	UM	292
P	UM0A	292				41.27	69.22
P	UM0B	292				41.17	69.75
P	UM0C	292				38.83	66.08
P	UM0D	292				40.42	68.67
P	UM0F	292				40.75	72.17
P	UM0G	292				40.42	71.25
P	UM0I	292				39.83	66.25
P	UM0L	292				40.17	63.67
P	UM0O	292				41	71.17
P	UM0Q	292				42	64.25
P	UM0T	292				38	67.5
P	UM0U	292				41.33	61
P	UM0V	292				40.42	67.67
P	UM0Z	292				43.17	58.75
P	UM1A	292				41.27	69.22
P	UM1B	292				41.17	69.75
P	UM1C	292				38.83	66.08
P	UM1D	292				40.42	68.67
P	UM1F	292				40.75	72.17
P	UM1G	292				40.42	71.25
P	UM1I	292				39.83	66.25
P	UM1L	292				40.17	63.67
P	UM1O	292				41	71.17
P	UM1Q	292				42	64.25
P	UM1T	292				38	67.5
P	UM1U	292				41.33	61
P	UM1V	292				40.42	67.67
P	UM1Z	292				43.17	58.75
P	UM2A	292				41.27	69.22
P	UM2B	292				41.17	69.75
P	UM2C	292				38.83	66.08
P	UM2D	292				40.42	68.67
P	UM2F	292				40.75	72.17
P	UM2G	292				40.42	71.25
P	UM2I	292				39.83	66.25
P	UM2L	292				40.17	63.67
P	UM2O	292				41	71.17
P	UM2Q	292				42	64.25
P	UM2T	292				38	67.5
P	UM2U	292				41.33	61
P	UM2V	292				40.42	67.67
P	UM2Z	292				43.17	58.75
P	UM3A	292				41.27	69.22
P	UM3B	292				41.17	69.75
P	UM3C	292				38.83	66.08
P	UM3D	292				40.42	68.67
P	UM3F	292				40.75	72.17
P	UM3G	292				40.42	71.25
P	UM3I	292				39.83	66.25
P	UM3L	292				40.17	63.67
P	UM3O	292				41	71.17
P	UM3Q	292				42	64.25
P	UM3T	292				38	67.5
P	UM3U	292				41.33	61
P	UM3V	292				40.42	67.67
P	UM3Z	292				43.17	58.75
P	UM4A	292				41.27	69.22
P	UM4B	292				41.17	69.75
P	UM4C	292				38.83	66.08
P	UM4D	292				40.42	68.67
P	UM4F	292				40.75	72.17
P	UM4G	292				40.42	71.25
P	UM4I	292				39.83	66.25
P	UM4L	292				40.17	63.67
P	UM4O	292				41	71.17
P	UM4Q	292				42	64.25
P	UM4T	292				38	67.5
P	UM4U	292				41.33	61
P	UM4V	292				40.42	67.67
P	UM4Z	292				43.17	58.75
P	UM5A	292				41.27	69.22
P	UM5B	292				41.17	69.75
P	UM5C	292				38.83	66.08
P	UM5D	292				40.42	68.67
P	UM5F	292				40.75	72.17
P	UM5G	292				40.42	71.25
P	UM5I	292				39.83	66.25
P	UM5L	292				40.17	63.67
P	UM5O	292				41	71.17
P	UM5Q	292				42	64.25
P	UM5T	292				38	67.5
P	UM5U	292				41.33	61
P	UM5V	292				40.42	67.67
P	UM5Z	292				43.17	58.75
P	UM6A	292				41.27	69.22
P	UM6B	292				41.17	69.75
P	UM6C	292				38.83	66.08
P	UM6D	292				40.42	68.67
P	UM6F	292				40.75	72.17
P	UM6G	292				40.42	71.25
P	UM6I	292				39.83	66.25
P	UM6L	292				40.17	63.67
P	UM6O	292				41	71.17
P	UM6Q	292				42	64.25
P	UM6T	292				38	67.5
P	UM6U	292				41.33	61
P	UM6V	292				40.42	67.67
P	UM6Z	292				43.17	58.75
P	UM7A	292				41.27	69.22
P	UM7B	292				41.17	69.75
P	UM7C	292				38.83	66.08
P	UM7D	292				40.42	68.67
P	UM7F	292				40.75	72.17
P	UM7G	292				40.42	71.25
P	UM7I	292				39.83	66.25
P	UM7L	292				40.17	63.67
P	UM7O	292				41	71.17
P	UM7Q	292				42	64.25
P	UM7T	292				38	67.5
P	UM7U	292				41.33	61
P	UM7V	292				40.42	67.67
P	UM7Z	292				43.17	58.75
P	UM8A	292				41.27	69.22
P	UM8B	292				41.17	69.75
P	UM8C	292				38.83	66.08
P	UM8D	292				40.42	68.67
P	UM8F	292				40.75	72.17
P	UM8G	292				40.42	71.25
P	UM8I	292				39.83	66.25
P	UM8L	292				40.17	63.67
P	UM8O	292				41	71.17
P	UM8Q	292				42	64.25
P	UM8T	292				38	67.5
P	UM8U	292				41.33	61
P	UM8V	292				40.42	67.67
P	UM8Z	292				43.17	58.75
P	UM9A	292				41.27	69.22
P	UM9B	292				41.17	69.75
P	UM9C	292				38.83	66.08
P	UM9D	292				40.42	68.67
P	UM9F	292				40.75	72.17
P	UM9G	292				40.42	71.25
P	UM9I	292				39.83	66.25
P	UM9L	292				40.17	63.67
P	UM9O	292				41	71.17
P	UM9Q	292				42	64.25
P	UM9T	292				38	67.5
P	UM9U	292				41.33	61
P	UM9V	292				40.42	67.67
P	UM9Z	292				43.17	58.75
P	UN	130		30
P	UN0A	130		30		43.87	52
P	UN0B	130		30		53.28	69.38
P	UN0C	130		30		54.88	69.17
P	UN0E	130		30		53.28	69.38
P	UN0F	130		31		52.3	76.95
P	UN0G	130		31		43.27	76.88
P	UN0I	130		30		50.28	57.17
P	UN0J	130		31		49.98	82.62
P	UN0K	130		30		44.85	65.52
P	UN0L	130		30		53.12	63.38
P	UN0M	130		30		51.23	51.37
P	UN0N	130		30		42.32	69.58
P	UN0O	130		30		47.12	51.88
P	UN0P	130		30		49.83	73.17
P	UN0Q	130		31		43.27	76.88
P	UN0R	130		30		49.83	73.17
P	UN0S	130		30		45	64
P	UN0T	130		30		42.9	71.37
P	UN0Z	130		30		51.17	71.43
P	UN1A	130		30		43.87	52
P	UN1B	130		30		53.28	69.38
P	UN1C	130		30		54.88	69.17
P	UN1E	130		30		53.28	69.38
P	UN1F	130		31		52.3	76.95
P	UN1G	130		31		43.27	76.88
P	UN1I	130		30		50.28	57.17
P	UN1J	130		31		49.98	82.62
P	UN1K	130		30		44.85	65.52
P	UN1L	130		30		53.12	63.38
P	UN1M	130		30		51.23	51.37
P	UN1N	130		30		42.32	69.58
P	UN1O	130		30		47.12	51.88
P	UN1P	130		30		49.83	73.17
P	UN1Q	130		31		43.27	76.88
P	UN1R	130		30		49.83	73.17
P	UN1S	130		30		45	64
P	UN1T	130		30		42.9	71.37
P	UN1Z	130		30		51.17	71.43
P	UN2A	130		30		43.87	52
P	UN2B	130		30		53.28	69.38
P	UN2C	130		30		54.88	69.17
P	UN2E	130		30		53.28	69.38
P	UN2F	130		31		52.3	76.95
P	UN2G	130		31		43.27	76.88
P	UN2I	130		30		50.28	57.17
P	UN2J	130		31		49.98	82.62
P	UN2K	130		30		44.85	65.52
P	UN2L	130		30		53.12	63.38
P	UN2M	130		30		51.23	51.37
P	UN2N	130		30		42.32	69.58
P	UN2O	130		30		47.12	51.88
P	UN2P	130		30		49.83	73.17
P	UN2Q	130		31		43.27	76.88
P	UN2R	130		30		49.83	73.17
P	UN2S	130		30		45	64
P	UN2T	130		30		42.9	71.37
P	UN2Z	130		30		51.17	71.43
P	UN3A	130		30		43.87	52
P	UN3B	130		30		53.28	69.38
P	UN3C	130		30		54.88	69.17
P	UN3E	130		30		53.28	69.38
P	UN3F	130		31		52.3	76.95
P	UN3G	130		31		43.27	76.88
P	UN3I	130		30		50.28	57.17
P	UN3J	130		31		49.98	82.62
P	UN3K	130		30		44.85	65.52
P	UN3L	130		30		53.12	63.38
P	UN3M	130		30		51.23	51.37
P	UN3N	130		30		42.32	69.58
P	UN3O	130		30		47.12	51.88
P	UN3P	130		30		49.83	73.17
P	UN3Q	130		31		43.27	76.88
P	UN3R	130		30		49.83	73.17
P	UN3S	130		30		45	64
P	UN3T	130		30		42.9	71.37
P	UN3Z	130		30		51.17	71.43
P	UN4A	130		30		43.87	52
P	UN4B	130		30		53.28	69.38
P	UN4C	130		30		54.88	69.17
P	UN4E	130		30		53.28	69.38
P	UN4F	130		31		52.3	76.95
P	UN4G	130		31		43.27	76.88
P	UN4I	130		30		50.28	57.17
P	UN4J	130		31		49.98	82.62
P	UN4K	130		30		44.85	65.52
P	UN4L	130		30		53.12	63.38
P	UN4M	130		30		51.23	51.37
P	UN4N	130		30		42.32	69.58
P	UN4O	130		30		47.12	51.88
P	UN4P	130		30		49.83	73.17
P	UN4Q	130		31		43.27	76.88
P	UN4R	130		30		49.83	73.17
P	UN4S	130		30		45	64
P	UN4T	130		30		42.9	71.37
P	UN4Z	130		30		51.17	71.43
P	UN5A	130		30		43.87	52
P	UN5B	130		30		53.28	69.38
P	UN5C	130		30		54.88	69.17
P	UN5E	130		30		53.28	69.38
P	UN5F	130		31		52.3	76.95
P	UN5G	130		31		43.27	76.88
P	UN5I	130		30		50.28	57.17
P	UN5J	130		31		49.98	82.62
P	UN5K	130		30		44.85	65.52
P	UN5L	130		30		53.12	63.38
P	UN5M	130		30		51.23	51.37
P	UN5N	130		30		42.32	69.58
P	UN5O	130		30		47.12	51.88
P	UN5P	130		30		49.83	73.17
P	UN5Q	130		31		43.27	76.88
P	UN5R	130		30		49.83	73.17
P	UN5S	130		30		45	64
P	UN5T	130		30		42.9	71.37
P	UN5Z	130		30		51.17	71.43
P	UN6A	130		30		43.87	52
P	UN6B	130		30		53.28	69.38
P	UN6C	130		30		54.88	69.17
P	UN6E	130		30		53.28	69.38
P	UN6F	130		31		52.3	76.95
P	UN6G	130		31		43.27	76.88
P	UN6I	130		30		50.28	57.17
P	UN6J	130		31		49.98	82.62
P	UN6K	130		30		44.85	65.52
P	UN6L	130		30		53.12	63.38
P	UN6M	130		30		51.23	51.37
P	UN6N	130		30		42.32	69.58
P	UN6O	130		30		47.12	51.88
P	UN6P	130		30		49.83	73.17
P	UN6Q	130		31		43.27	76.88
P	UN6R	130		30		49.83	73.17
P	UN6S	130		30		45	64
P	UN6T	130		30		42.9	71.37
P	UN6Z	130		30		51.17	71.43
P	UN7A	130		30		43.87	52
P	UN7B	130		30		53.28	69.38
P	UN7C	130		30		54.88	69.17
P	UN7E	130		30		53.28	69.38
P	UN7F	130		31		52.3	76.95
P	UN7G	130		31		43.27	76.88
P	UN7I	130		30		50.28	57.17
P	UN7J	130		31		49.98	82.62
P	UN7K	130		30		44.85	65.52
P	UN7L	130		30		53.12	63.38
P	UN7M	130		30		51.23	51.37
P	UN7N	130		30		42.32	69.58
P	UN7O	130		30		47.12	51.88
P	UN7P	130		30		49.83	73.17
P	UN7Q	130		31		43.27	76.88
P	UN7R	130		30		49.83	73.17
P	UN7S	130		30		45	64
P	UN7T	130		30		42.9	71.37
P	UN7Z	130		30		51.17	71.43
P	UN8A	130		30		43.87	52
P	UN8B	130		30		53.28	69.38
P	UN8C	130		30		54.88	69.17
P	UN8E	130		30		53.28	69.38
P	UN8F	130		31		52.3	76.95
P	UN8G	130		31		43.27	76.88
P	UN8I	130		30		50.28	57.17
P	UN8J	130		31		49.98	82.62
P	UN8K	130		30		44.85	65.52
P	UN8L	130		30		53.12	63.38
P	UN8M	130		30		51.23	51.37
P	UN8N	130		30		42.32	69.58
P	UN8O	130		30		47.12	51.88
P	UN8P	130		30		49.83	73.17
P	UN8Q	130		31		43.27	76.88
P	UN8R	130		30		49.83	73.17
P	UN8S	130		30		45	64
P	UN8T	130		30		42.9	71.37
P	UN8Z	130		30		51.17	71.43
P	UN9A	130		30		43.87	52
P	UN9B	130		30		53.28	69.38
P	UN9C	130		30		54.88	69.17
P	UN9E	130		30		53.28	69.38
P	UN9F	130		31		52.3	76.95
P	UN9G	130		31		43.27	76.88
P	UN9I	130		30		50.28	57.17
P	UN9J	130		31		49.98	82.62
P	UN9K	130		30		44.85	65.52
P	UN9L	130		30		53.12	63.38
P	UN9M	130		30		51.23	51.37
P	UN9N	130		30		42.32	69.58
P	UN9O	130		30		47.12	51.88
P	UN9P	130		30		49.83	73.17
P	UN9Q	130		31		43.27	76.88
P	UN9R	130		30		49.83	73.17
P	UN9S	130		30		45	64
P	UN9T	130		30		42.9	71.37
P	UN9Z	130		30		51.17	71.43
P	UO	130		30
P	UO0A	130		30		43.87	52
P	UO0B	130		30		53.28	69.38
P	UO0C	130		30		54.88	69.17
P	UO0E	130		30		53.28	69.38
P	UO0F	130		31		52.3	76.95
P	UO0G	130		31		43.27	76.88
P	UO0I	130		30		50.28	57.17
P	UO0J	130		31		49.98	82.62
P	UO0K	130		30		44.85	65.52
P	UO0L	130		30		53.12	63.38
P	UO0M	130		30		51.23	51.37
P	UO0N	130		30		42.32	69.58
P	UO0O	130		30		47.12	51.88
P	UO0P	130		30		49.83	73.17
P	UO0Q	130		31		43.27	76.88
P	UO0R	130		30		49.83	73.17
P	UO0S	130		30		45	64
P	UO0T	130		30		42.9	71.37
P	UO0Z	130		30		51.17	71.43
P	UO1A	130		30		43.87	52
P	UO1B	130		30		53.28	69.38
P	UO1C	130		30		54.88	69.17
P	UO1E	130		30		53.28	69.38
P	UO1F	130		31		52.3	76.95
P	UO1G	130		31		43.27	76.88
P	UO1I	130		30		50.28	57.17
P	UO1J	130		31		49.98	82.62
P	UO1K	130		30		44.85	65.52
P	UO1L	130		30		53.12	63.38
P	UO1M	130		30		51.23	51.37
P	UO1N	130		30		42.32	69.58
P	UO1O	130		30		47.12	51.88
P	UO1P	130		30		49.83	73.17
P	UO1Q	130		31		43.27	76.88
P	UO1R	130		30		49.83	73.17
P	UO1S	130		30		45	64
P	UO1T	130		30		42.9	71.37
P	UO1Z	130		30		51.17	71.43
P	UO2A	130		30		43.87	52
P	UO2B	130		30		53.28	69.38
P	UO2C	130		30		54.88	69.17
P	UO2E	130		30		53.28	69.38
P	UO2F	130		31		52.3	76.95
P	UO2G	130		31		43.27	76.88
P	UO2I	130		30		50.28	57.17
P	UO2J	130		31		49.98	82.62
P	UO2K	130		30		44.85	65.52
P	UO2L	130		30		53.12	63.38
P	UO2M	130		30		51.23	51.37
P	UO2N	130		30		42.32	69.58
P	UO2O	130		30		47.12	51.88
P	UO2P	130		30		49.83	73.17
P	UO2Q	130		31		43.27	76.88
P	UO2R	130		30		49.83	73.17
P	UO2S	130		30		45	64
P	UO2T	130		30		42.9	71.37
P	UO2Z	130		30		51.17	71.43
P	UO3A	130		30		43.87	52
P	UO3B	130		30		53.28	69.38
P	UO3C	130		30		54.88	69.17
P	UO3E	130		30		53.28	69.38
P	UO3F	130		31		52.3	76.95
P	UO3G	130		31		43.27	76.88
P	UO3I	130		30		50.28	57.17
P	UO3J	130		31		49.98	82.62
P	UO3K	130		30		44.85	65.52
P	UO3L	130		30		53.12	63.38
P	UO3M	130		30		51.23	51.37
P	UO3N	130		30		42.32	69.58
P	UO3O	130		30		47.12	51.88
P	UO3P	130		30		49.83	73.17
P	UO3Q	130		31		43.27	76.88
P	UO3R	130		30		49.83	73.17
P	UO3S	130		30		45	64
P	UO3T	130		30		42.9	71.37
P	UO3Z	130		30		51.17	71.43
P	UO4A	130		30		43.87	52
P	UO4B	130		30		53.28	69.38
P	UO4C	130		30		54.88	69.17
P	UO4E	130		30		53.28	69.38
P	UO4F	130		31		52.3	76.95
P	UO4G	130		31		43.27	76.88
P	UO4I	130		30		50.28	57.17
P	UO4J	130		31		49.98	82.62
P	UO4K	130		30		44.85	65.52
P	UO4L	130		30		53.12	63.38
P	UO4M	130		30		51.23	51.37
P	UO4N	130		30		42.32	69.58
P	UO4O	130		30		47.12	51.88
P	UO4P	130		30		49.83	73.17
P	UO4Q	130		31		43.27	76.88
P	UO4R	130		30		49.83	73.17
P	UO4S	130		30		45	64
P	UO4T	130		30		42.9	71.37
P	UO4Z	130		30		51.17	71.43
P	UO5A	130		30		43.87	52
P	UO5B	130		30		53.28	69.38
P	UO5C	130		30		54.88	69.17
P	UO5E	130		30		53.28	69.38
P	UO5F	130		31		52.3	76.95
P	UO5G	130		31		43.27	76.88
P	UO5I	130		30		50.28	57.17
P	UO5J	130		31		49.98	82.62
P	UO5K	130		30		44.85	65.52
P	UO5L	130		30		53.12	63.38
P	UO5M	130		30		51.23	51.37
P	UO5N	130		30		42.32	69.58
P	UO5O	130		30		47.12	51.88
P	UO5P	130		30		49.83	73.17
P	UO5Q	130		31		43.27	76.88
P	UO5R	130		30		49.83	73.17
P	UO5S	130		30		45	64
P	UO5T	130		30		42.9	71.37
P	UO5Z	130		30		51.17	71.43
P	UO6A	130		30		43.87	52
P	UO6B	130		30		53.28	69.38
P	UO6C	130		30		54.88	69.17
P	UO6E	130		30		53.28	69.38
P	UO6F	130		31		52.3	76.95
P	UO6G	130		31		43.27	76.88
P	UO6I	130		30		50.28	57.17
P	UO6J	130		31		49.98	82.62
P	UO6K	130		30		44.85	65.52
P	UO6L	130		30		53.12	63.38
P	UO6M	130		30		51.23	51.37
P	UO6N	130		30		42.32	69.58
P	UO6O	130		30		47.12	51.88
P	UO6P	130		30		49.83	73.17
P	UO6Q	130		31		43.27	76.88
P	UO6R	130		30		49.83	73.17
P	UO6S	130		30		45	64
P	UO6T	130		30		42.9	71.37
P	UO6Z	130		30		51.17	71.43
P	UO7A	130		30		43.87	52
P	UO7B	130		30		53.28	69.38
P	UO7C	130		30		54.88	69.17
P	UO7E	130		30		53.28	69.38
P	UO7F	130		31		52.3	76.95
P	UO7G	130		31		43.27	76.88
P	UO7I	130		30		50.28	57.17
P	UO7J	130		31		49.98	82.62
P	UO7K	130		30		44.85	65.52
P	UO7L	130		30		53.12	63.38
P	UO7M	130		30		51.23	51.37
P	UO7N	130		30		42.32	69.58
P	UO7O	130		30		47.12	51.88
P	UO7P	130		30		49.83	73.17
P	UO7Q	130		31		43.27	76.88
P	UO7R	130		30		49.83	73.17
P	UO7S	130		30		45	64
P	UO7T	130		30		42.9	71.37
P	UO7Z	130		30		51.17	71.43
P	UO8A	130		30		43.87	52
P	UO8B	130		30		53.28	69.38
P	UO8C	130		30		54.88	69.17
P	UO8E	130		30		53.28	69.38
P	UO8F	130		31		52.3	76.95
P	UO8G	130		31		43.27	76.88
P	UO8I	130		30		50.28	57.17
P	UO8J	130		31		49.98	82.62
P	UO8K	130		30		44.85	65.52
P	UO8L	130		30		53.12	63.38
P	UO8M	130		30		51.23	51.37
P	UO8N	130		30		42.32	69.58
P	UO8O	130		30		47.12	51.88
P	UO8P	130		30		49.83	73.17
P	UO8Q	130		31		43.27	76.88
P	UO8R	130		30		49.83	73.17
P	UO8S	130		30		45	64
P	UO8T	130		30		42.9	71.37
P	UO8Z	130		30		51.17	71.43
P	UO9A	130		30		43.87	52
P	UO9B	130		30		53.28	69.38
P	UO9C	130		30		54.88	69.17
P	UO9E	130		30		53.28	69.38
P	UO9F	130		31		52.3	76.95
P	UO9G	130		31		43.27	76.88
P	UO9I	130		30		50.28	57.17
P	UO9J	130		31		49.98	82.62
P	UO9K	130		30		44.85	65.52
P	UO9L	130		30		53.12	63.38
P	UO9M	130		30		51.23	51.37
P	UO9N	130		30		42.32	69.58
P	UO9O	130		30		47.12	51.88
P	UO9P	130		30		49.83	73.17
P	UO9Q	130		31		43.27	76.88
P	UO9R	130		30		49.83	73.17
P	UO9S	130		30		45	64
P	UO9T	130		30		42.9	71.37
P	UO9Z	130		30		51.17	71.43
P	UP	130		30
P	UP0A	130		30		43.87	52
P	UP0B	130		30		53.28	69.38
P	UP0C	130		30		54.88	69.17
P	UP0E	130		30		53.28	69.38
P	UP0F	130		31		52.3	76.95
P	UP0G	130		31		43.27	76.88
P	UP0I	130		30		50.28	57.17
P	UP0J	130		31		49.98	82.62
P	UP0K	130		30		44.85	65.52
P	UP0L	130		30		53.12	63.38
P	UP0M	130		30		51.23	51.37
P	UP0N	130		30		42.32	69.58
P	UP0O	130		30		47.12	51.88
P	UP0P	130		30		49.83	73.17
P	UP0Q	130		31		43.27	76.88
P	UP0R	130		30		49.83	73.17
P	UP0S	130		30		45	64
P	UP0T	130		30		42.9	71.37
P	UP0Z	130		30		51.17	71.43
P	UP1A	130		30		43.87	52
P	UP1B	130		30		53.28	69.38
P	UP1C	130		30		54.88	69.17
P	UP1E	130		30		53.28	69.38
P	UP1F	130		31		52.3	76.95
P	UP1G	130		31		43.27	76.88
P	UP1I	130		30		50.28	57.17
P	UP1J	130		31		49.98	82.62
P	UP1K	130		30		44.85	65.52
P	UP1L	130		30		53.12	63.38
P	UP1M	130		30		51.23	51.37
P	UP1N	130		30		42.32	69.58
P	UP1O	130		30		47.12	51.88
P	UP1P	130		30		49.83	73.17
P	UP1Q	130		31		43.27	76.88
P	UP1R	130		30		49.83	73.17
P	UP1S	130		30		45	64
P	UP1T	130		30		42.9	71.37
P	UP1Z	130		30		51.17	71.43
P	UP2A	130		30		43.87	52
P	UP2B	130		30		53.28	69.38
P	UP2C	130		30		54.88	69.17
P	UP2E	130		30		53.28	69.38
P	UP2F	130		31		52.3	76.95
P	UP2G	130		31		43.27	76.88
P	UP2I	130		30		50.28	57.17
P	UP2J	130		31		49.98	82.62
P	UP2K	130		30		44.85	65.52
P	UP2L	130		30		53.12	63.38
P	UP2M	130		30		51.23	51.37
P	UP2N	130		30		42.32	69.58
P	UP2O	130		30		47.12	51.88
P	UP2P	130		30		49.83	73.17
P	UP2Q	130		31		43.27	76.88
P	UP2R	130		30		49.83	73.17
P	UP2S	130		30		45	64
P	UP2T	130		30		42.9	71.37
P	UP2Z	130		30		51.17	71.43
P	UP3A	130		30		43.87	52
P	UP3B	130		30		53.28	69.38
P	UP3C	130		30		54.88	69.17
P	UP3E	130		30		53.28	69.38
P	UP3F	130		31		52.3	76.95
P	UP3G	130		31		43.27	76.88
P	UP3I	130		30		50.28	57.17
P	UP3J	130		31		49.98	82.62
P	UP3K	130		30		44.85	65.52
P	UP3L	130		30		53.12	63.38
P	UP3M	130		30		51.23	51.37
P	UP3N	130		30		42.32	69.58
P	UP3O	130		30		47.12	51.88
P	UP3P	130		30		49.83	73.17
P	UP3Q	130		31		43.27	76.88
P	UP3R	130		30		49.83	73.17
P	UP3S	130		30		45	64
P	UP3T	130		30		42.9	71.37
P	UP3Z	130		30		51.17	71.43
P	UP4A	130		30		43.87	52
P	UP4B	130		30		53.28	69.38
P	UP4C	130		30		54.88	69.17
P	UP4E	130		30		53.28	69.38
P	UP4F	130		31		52.3	76.95
P	UP4G	130		31		43.27	76.88
P	UP4I	130		30		50.28	57.17
P	UP4J	130		31		49.98	82.62
P	UP4K	130		30		44.85	65.52
P	UP4L	130		30		53.12	63.38
P	UP4M	130		30		51.23	51.37
P	UP4N	130		30		42.32	69.58
P	UP4O	130		30		47.12	51.88
P	UP4P	130		30		49.83	73.17
P	UP4Q	130		31		43.27	76.88
P	UP4R	130		30		49.83	73.17
P	UP4S	130		30		45	64
P	UP4T	130		30		42.9	71.37
P	UP4Z	130		30		51.17	71.43
P	UP5A	130		30		43.87	52
P	UP5B	130		30		53.28	69.38
P	UP5C	130		30		54.88	69.17
P	UP5E	130		30		53.28	69.38
P	UP5F	130		31		52.3	76.95
P	UP5G	130		31		43.27	76.88
P	UP5I	130		30		50.28	57.17
P	UP5J	130		31		49.98	82.62
P	UP5K	130		30		44.85	65.52
P	UP5L	130		30		53.12	63.38
P	UP5M	130		30		51.23	51.37
P	UP5N	130		30		42.32	69.58
P	UP5O	130		30		47.12	51.88
P	UP5P	130		30		49.83	73.17
P	UP5Q	130		31		43.27	76.88
P	UP5R	130		30		49.83	73.17
P	UP5S	130		30		45	64
P	UP5T	130		30		42.9	71.37
P	UP5Z	130		30		51.17	71.43
P	UP6A	130		30		43.87	52
P	UP6B	130		30		53.28	69.38
P	UP6C	130		30		54.88	69.17
P	UP6E	130		30		53.28	69.38
P	UP6F	130		31		52.3	76.95
P	UP6G	130		31		43.27	76.88
P	UP6I	130		30		50.28	57.17
P	UP6J	130		31		49.98	82.62
P	UP6K	130		30		44.85	65.52
P	UP6L	130		30		53.12	63.38
P	UP6M	130		30		51.23	51.37
P	UP6N	130		30		42.32	69.58
P	UP6O	130		30		47.12	51.88
P	UP6P	130		30		49.83	73.17
P	UP6Q	130		31		43.27	76.88
P	UP6R	130		30		49.83	73.17
P	UP6S	130		30		45	64
P	UP6T	130		30		42.9	71.37
P	UP6Z	130		30		51.17	71.43
P	UP7A	130		30		43.87	52
P	UP7B	130		30		53.28	69.38
P	UP7C	130		30		54.88	69.17
P	UP7E	130		30		53.28	69.38
P	UP7F	130		31		52.3	76.95
P	UP7G	130		31		43.27	76.88
P	UP7I	130		30		50.28	57.17
P	UP7J	130		31		49.98	82.62
P	UP7K	130		30		44.85	65.52
P	UP7L	130		30		53.12	63.38
P	UP7M	130		30		51.23	51.37
P	UP7N	130		30		42.32	69.58
P	UP7O	130		30		47.12	51.88
P	UP7P	130		30		49.83	73.17
P	UP7Q	130		31		43.27	76.88
P	UP7R	130		30		49.83	73.17
P	UP7S	130		30		45	64
P	UP7T	130		30		42.9	71.37
P	UP7Z	130		30		51.17	71.43
P	UP8A	130		30		43.87	52
P	UP8B	130		30		53.28	69.38
P	UP8C	130		30		54.88	69.17
P	UP8E	130		30		53.28	69.38
P	UP8F	130		31		52.3	76.95
P	UP8G	130		31		43.27	76.88
P	UP8I	130		30		50.28	57.17
P	UP8J	130		31		49.98	82.62
P	UP8K	130		30		44.85	65.52
P	UP8L	130		30		53.12	63.38
P	UP8M	130		30		51.23	51.37
P	UP8N	130		30		42.32	69.58
P	UP8O	130		30		47.12	51.88
P	UP8P	130		30		49.83	73.17
P	UP8Q	130		31		43.27	76.88
P	UP8R	130		30		49.83	73.17
P	UP8S	130		30		45	64
P	UP8T	130		30		42.9	71.37
P	UP8Z	130		30		51.17	71.43
P	UP9A	130		30		43.87	52
P	UP9B	130		30		53.28	69.38
P	UP9C	130		30		54.88	69.17
P	UP9E	130		30		53.28	69.38
P	UP9F	130		31		52.3	76.95
P	UP9G	130		31		43.27	76.88
P	UP9I	130		30		50.28	57.17
P	UP9J	130		31		49.98	82.62
P	UP9K	130		30		44.85	65.52
P	UP9L	130		30		53.12	63.38
P	UP9M	130		30		51.23	51.37
P	UP9N	130		30		42.32	69.58
P	UP9O	130		30		47.12	51.88
P	UP9P	130		30		49.83	73.17
P	UP9Q	130		31		43.27	76.88
P	UP9R	130		30		49.83	73.17
P	UP9S	130		30		45	64
P	UP9T	130		30		42.9	71.37
P	UP9Z	130		30		51.17	71.43
P	UQ	130		30
P	UQ0A	130		30		43.87	52
P	UQ0B	130		30		53.28	69.38
P	UQ0C	130		30		54.88	69.17
P	UQ0E	130		30		53.28	69.38
P	UQ0F	130		31		52.3	76.95
P	UQ0G	130		31		43.27	76.88
P	UQ0I	130		30		50.28	57.17
P	UQ0J	130		31		49.98	82.62
P	UQ0K	130		30		44.85	65.52
P	UQ0L	130		30		53.12	63.38
P	UQ0M	130		30		51.23	51.37
P	UQ0N	130		30		42.32	69.58
P	UQ0O	130		30		47.12	51.88
P	UQ0P	130		30		49.83	73.17
P	UQ0Q	130		31		43.27	76.88
P	UQ0R	130		30		49.83	73.17
P	UQ0S	130		30		45	64
P	UQ0T	130		30		42.9	71.37
P	UQ0Z	130		30		51.17	71.43
P	UQ1A	130		30		43.87	52
P	UQ1B	130		30		53.28	69.38
P	UQ1C	130		30		54.88	69.17
P	UQ1E	130		30		53.28	69.38
P	UQ1F	130		31		52.3	76.95
P	UQ1G	130		31		43.27	76.88
P	UQ1I	130		30		50.28	57.17
P	UQ1J	130		31		49.98	82.62
P	UQ1K	130		30		44.85	65.52
P	UQ1L	130		30		53.12	63.38
P	UQ1M	130		30		51.23	51.37
P	UQ1N	130		30		42.32	69.58
P	UQ1O	130		30		47.12	51.88
P	UQ1P	130		30		49.83	73.17
P	UQ1Q	130		31		43.27	76.88
P	UQ1R	130		30		49.83	73.17
P	UQ1S	130		30		45	64
P	UQ1T	130		30		42.9	71.37
P	UQ1Z	130		30		51.17	71.43
P	UQ2A	130		30		43.87	52
P	UQ2B	130		30		53.28	69.38
P	UQ2C	130		30		54.88	69.17
P	UQ2E	130		30		53.28	69.38
P	UQ2F	130		31		52.3	76.95
P	UQ2G	130		31		43.27	76.88
P	UQ2I	130		30		50.28	57.17
P	UQ2J	130		31		49.98	82.62
P	UQ2K	130		30		44.85	65.52
P	UQ2L	130		30		53.12	63.38
P	UQ2M	130		30		51.23	51.37
P	UQ2N	130		30		42.32	69.58
P	UQ2O	130		30		47.12	51.88
P	UQ2P	130		30		49.83	73.17
P	UQ2Q	130		31		43.27	76.88
P	UQ2R	130		30		49.83	73.17
P	UQ2S	130		30		45	64
P	UQ2T	130		30		42.9	71.37
P	UQ2Z	130		30		51.17	71.43
P	UQ3A	130		30		43.87	52
P	UQ3B	130		30		53.28	69.38
P	UQ3C	130		30		54.88	69.17
P	UQ3E	130		30		53.28	69.38
P	UQ3F	130		31		52.3	76.95
P	UQ3G	130		31		43.27	76.88
P	UQ3I	130		30		50.28	57.17
P	UQ3J	130		31		49.98	82.62
P	UQ3K	130		30		44.85	65.52
P	UQ3L	130		30		53.12	63.38
P	UQ3M	130		30		51.23	51.37
P	UQ3N	130		30		42.32	69.58
P	UQ3O	130		30		47.12	51.88
P	UQ3P	130		30		49.83	73.17
P	UQ3Q	130		31		43.27	76.88
P	UQ3R	130		30		49.83	73.17
P	UQ3S	130		30		45	64
P	UQ3T	130		30		42.9	71.37
P	UQ3Z	130		30		51.17	71.43
P	UQ4A	130		30		43.87	52
P	UQ4B	130		30		53.28	69.38
P	UQ4C	130		30		54.88	69.17
P	UQ4E	130		30		53.28	69.38
P	UQ4F	130		31		52.3	76.95
P	UQ4G	130		31		43.27	76.88
P	UQ4I	130		30		50.28	57.17
P	UQ4J	130		31		49.98	82.62
P	UQ4K	130		30		44.85	65.52
P	UQ4L	130		30		53.12	63.38
P	UQ4M	130		30		51.23	51.37
P	UQ4N	130		30		42.32	69.58
P	UQ4O	130		30		47.12	51.88
P	UQ4P	130		30		49.83	73.17
P	UQ4Q	130		31		43.27	76.88
P	UQ4R	130		30		49.83	73.17
P	UQ4S	130		30		45	64
P	UQ4T	130		30		42.9	71.37
P	UQ4Z	130		30		51.17	71.43
P	UQ5A	130		30		43.87	52
P	UQ5B	130		30		53.28	69.38
P	UQ5C	130		30		54.88	69.17
P	UQ5E	130		30		53.28	69.38
P	UQ5F	130		31		52.3	76.95
P	UQ5G	130		31		43.27	76.88
P	UQ5I	130		30		50.28	57.17
P	UQ5J	130		31		49.98	82.62
P	UQ5K	130		30		44.85	65.52
P	UQ5L	130		30		53.12	63.38
P	UQ5M	130		30		51.23	51.37
P	UQ5N	130		30		42.32	69.58
P	UQ5O	130		30		47.12	51.88
P	UQ5P	130		30		49.83	73.17
P	UQ5Q	130		31		43.27	76.88
P	UQ5R	130		30		49.83	73.17
P	UQ5S	130		30		45	64
P	UQ5T	130		30		42.9	71.37
P	UQ5Z	130		30		51.17	71.43
P	UQ6A	130		30		43.87	52
P	UQ6B	130		30		53.28	69.38
P	UQ6C	130		30		54.88	69.17
P	UQ6E	130		30		53.28	69.38
P	UQ6F	130		31		52.3	76.95
P	UQ6G	130		31		43.27	76.88
P	UQ6I	130		30		50.28	57.17
P	UQ6J	130		31		49.98	82.62
P	UQ6K	130		30		44.85	65.52
P	UQ6L	130		30		53.12	63.38
P	UQ6M	130		30		51.23	51.37
P	UQ6N	130		30		42.32	69.58
P	UQ6O	130		30		47.12	51.88
P	UQ6P	130		30		49.83	73.17
P	UQ6Q	130		31		43.27	76.88
P	UQ6R	130		30		49.83	73.17
P	UQ6S	130		30		45	64
P	UQ6T	130		30		42.9	71.37
P	UQ6Z	130		30		51.17	71.43
P	UQ7A	130		30		43.87	52
P	UQ7B	130		30		53.28	69.38
P	UQ7C	130		30		54.88	69.17
P	UQ7E	130		30		53.28	69.38
P	UQ7F	130		31		52.3	76.95
P	UQ7G	130		31		43.27	76.88
P	UQ7I	130		30		50.28	57.17
P	UQ7J	130		31		49.98	82.62
P	UQ7K	130		30		44.85	65.52
P	UQ7L	130		30		53.12	63.38
P	UQ7M	130		30		51.23	51.37
P	UQ7N	130		30		42.32	69.58
P	UQ7O	130		30		47.12	51.88
P	UQ7P	130		30		49.83	73.17
P	UQ7Q	130		31		43.27	76.88
P	UQ7R	130		30		49.83	73.17
P	UQ7S	130		30		45	64
P	UQ7T	130		30		42.9	71.37
P	UQ7Z	130		30		51.17	71.43
P	UQ8A	130		30		43.87	52
P	UQ8B	130		30		53.28	69.38
P	UQ8C	130		30		54.88	69.17
P	UQ8E	130		30		53.28	69.38
P	UQ8F	130		31		52.3	76.95
P	UQ8G	130		31		43.27	76.88
P	UQ8I	130		30		50.28	57.17
P	UQ8J	130		31		49.98	82.62
P	UQ8K	130		30		44.85	65.52
P	UQ8L	130		30		53.12	63.38
P	UQ8M	130		30		51.23	51.37
P	UQ8N	130		30		42.32	69.58
P	UQ8O	130		30		47.12	51.88
P	UQ8P	130		30		49.83	73.17
P	UQ8Q	130		31		43.27	76.88
P	UQ8R	130		30		49.83	73.17
P	UQ8S	130		30		45	64
P	UQ8T	130		30		42.9	71.37
P	UQ8Z	130		30		51.17	71.43
P	UQ9A	130		30		43.87	52
P	UQ9B	130		30		53.28	69.38
P	UQ9C	130		30		54.88	69.17
P	UQ9E	130		30		53.28	69.38
P	UQ9F	130		31		52.3	76.95
P	UQ9G	130		31		43.27	76.88
P	UQ9I	130		30		50.28	57.17
P	UQ9J	130		31		49.98	82.62
P	UQ9K	130		30		44.85	65.52
P	UQ9L	130		30		53.12	63.38
P	UQ9M	130		30		51.23	51.37
P	UQ9N	130		30		42.32	69.58
P	UQ9O	130		30		47.12	51.88
P	UQ9P	130		30		49.83	73.17
P	UQ9Q	130		31		43.27	76.88
P	UQ9R	130		30		49.83	73.17
P	UQ9S	130		30		45	64
P	UQ9T	130		30		42.9	71.37
P	UQ9Z	130		30		51.17	71.43
P	UR	288
P	UR0A	288				51.42	33.55
P	UR0B	288				49.58	25.65
P	UR0C	288				49.45	32.07
P	UR0D	288				47.83	35.17
P	UR0E	288				48.48	35
P	UR0F	288				46.5	30.75
P	UR0G	288				46.65	32.63
P	UR0H	288				49.58	34.58
P	UR0I	288				48	37.83
P	UR0K	288				50.65	26.17
P	UR0L	288				50.37	36.25
P	UR0M	288				48.58	39.33
P	UR0N	288				49.18	28.5
P	UR0P	288				50.65	24.15
P	UR0Q	288				47.83	35.17
P	UR0R	288				51.5	31.3
P	UR0S	288				48.67	26.6
P	UR0T	288				49.42	26.98
P	UR0U	288				50.42	30.5
P	UR0V	288				48.52	32.25
P	UR0W	288				49.83	24
P	UR0X	288				50.3	28.67
P	UR0Y	288				48.32	25.87
P	UR0Z	288				46.95	32
P	UR1A	288				51.42	33.55
P	UR1B	288				49.58	25.65
P	UR1C	288				49.45	32.07
P	UR1D	288				47.83	35.17
P	UR1E	288				48.48	35
P	UR1F	288				46.5	30.75
P	UR1G	288				46.65	32.63
P	UR1H	288				49.58	34.58
P	UR1I	288				48	37.83
P	UR1K	288				50.65	26.17
P	UR1L	288				50.37	36.25
P	UR1M	288				48.58	39.33
P	UR1N	288				49.18	28.5
P	UR1P	288				50.65	24.15
P	UR1Q	288				47.83	35.17
P	UR1R	288				51.5	31.3
P	UR1S	288				48.67	26.6
P	UR1T	288				49.42	26.98
P	UR1U	288				50.42	30.5
P	UR1V	288				48.52	32.25
P	UR1W	288				49.83	24
P	UR1X	288				50.3	28.67
P	UR1Y	288				48.32	25.87
P	UR1Z	288				46.95	32
P	UR2A	288				51.42	33.55
P	UR2B	288				49.58	25.65
P	UR2C	288				49.45	32.07
P	UR2D	288				47.83	35.17
P	UR2E	288				48.48	35
P	UR2F	288				46.5	30.75
P	UR2G	288				46.65	32.63
P	UR2H	288				49.58	34.58
P	UR2I	288				48	37.83
P	UR2K	288				50.65	26.17
P	UR2L	288				50.37	36.25
P	UR2M	288				48.58	39.33
P	UR2N	288				49.18	28.5
P	UR2P	288				50.65	24.15
P	UR2Q	288				47.83	35.17
P	UR2R	288				51.5	31.3
P	UR2S	288				48.67	26.6
P	UR2T	288				49.42	26.98
P	UR2U	288				50.42	30.5
P	UR2V	288				48.52	32.25
P	UR2W	288				49.83	24
P	UR2X	288				50.3	28.67
P	UR2Y	288				48.32	25.87
P	UR2Z	288				46.95	32
P	UR3A	288				51.42	33.55
P	UR3B	288				49.58	25.65
P	UR3C	288				49.45	32.07
P	UR3D	288				47.83	35.17
P	UR3E	288				48.48	35
P	UR3F	288				46.5	30.75
P	UR3G	288				46.65	32.63
P	UR3H	288				49.58	34.58
P	UR3I	288				48	37.83
P	UR3K	288				50.65	26.17
P	UR3L	288				50.37	36.25
P	UR3M	288				48.58	39.33
P	UR3N	288				49.18	28.5
P	UR3P	288				50.65	24.15
P	UR3Q	288				47.83	35.17
P	UR3R	288				51.5	31.3
P	UR3S	288				48.67	26.6
P	UR3T	288				49.42	26.98
P	UR3U	288				50.42	30.5
P	UR3V	288				48.52	32.25
P	UR3W	288				49.83	24
P	UR3X	288				50.3	28.67
P	UR3Y	288				48.32	25.87
P	UR3Z	288				46.95	32
P	UR4A	288				51.42	33.55
P	UR4B	288				49.58	25.65
P	UR4C	288				49.45	32.07
P	UR4D	288				47.83	35.17
P	UR4E	288				48.48	35
P	UR4F	288				46.5	30.75
P	UR4G	288				46.65	32.63
P	UR4H	288				49.58	34.58
P	UR4I	288				48	37.83
P	UR4K	288				50.65	26.17
P	UR4L	288				50.37	36.25
P	UR4M	288				48.58	39.33
P	UR4N	288				49.18	28.5
P	UR4P	288				50.65	24.15
P	UR4Q	288				47.83	35.17
P	UR4R	288				51.5	31.3
P	UR4S	288				48.67	26.6
P	UR4T	288				49.42	26.98
P	UR4U	288				50.42	30.5
P	UR4V	288				48.52	32.25
P	UR4W	288				49.83	24
P	UR4X	288				50.3	28.67
P	UR4Y	288				48.32	25.87
P	UR4Z	288				46.95	32
P	UR5A	288				51.42	33.55
P	UR5B	288				49.58	25.65
P	UR5C	288				49.45	32.07
P	UR5D	288				47.83	35.17
P	UR5E	288				48.48	35
P	UR5F	288				46.5	30.75
P	UR5G	288				46.65	32.63
P	UR5H	288				49.58	34.58
P	UR5I	288				48	37.83
P	UR5K	288				50.65	26.17
P	UR5L	288				50.37	36.25
P	UR5M	288				48.58	39.33
P	UR5N	288				49.18	28.5
P	UR5P	288				50.65	24.15
P	UR5Q	288				47.83	35.17
P	UR5R	288				51.5	31.3
P	UR5S	288				48.67	26.6
P	UR5T	288				49.42	26.98
P	UR5U	288				50.42	30.5
P	UR5V	288				48.52	32.25
P	UR5W	288				49.83	24
P	UR5X	288				50.3	28.67
P	UR5Y	288				48.32	25.87
P	UR5Z	288				46.95	32
P	UR6A	288				51.42	33.55
P	UR6B	288				49.58	25.65
P	UR6C	288				49.45	32.07
P	UR6D	288				47.83	35.17
P	UR6E	288				48.48	35
P	UR6F	288				46.5	30.75
P	UR6G	288				46.65	32.63
P	UR6H	288				49.58	34.58
P	UR6I	288				48	37.83
P	UR6K	288				50.65	26.17
P	UR6L	288				50.37	36.25
P	UR6M	288				48.58	39.33
P	UR6N	288				49.18	28.5
P	UR6P	288				50.65	24.15
P	UR6Q	288				47.83	35.17
P	UR6R	288				51.5	31.3
P	UR6S	288				48.67	26.6
P	UR6T	288				49.42	26.98
P	UR6U	288				50.42	30.5
P	UR6V	288				48.52	32.25
P	UR6W	288				49.83	24
P	UR6X	288				50.3	28.67
P	UR6Y	288				48.32	25.87
P	UR6Z	288				46.95	32
P	UR7A	288				51.42	33.55
P	UR7B	288				49.58	25.65
P	UR7C	288				49.45	32.07
P	UR7D	288				47.83	35.17
P	UR7E	288				48.48	35
P	UR7F	288				46.5	30.75
P	UR7G	288				46.65	32.63
P	UR7H	288				49.58	34.58
P	UR7I	288				48	37.83
P	UR7K	288				50.65	26.17
P	UR7L	288				50.37	36.25
P	UR7M	288				48.58	39.33
P	UR7N	288				49.18	28.5
P	UR7P	288				50.65	24.15
P	UR7Q	288				47.83	35.17
P	UR7R	288				51.5	31.3
P	UR7S	288				48.67	26.6
P	UR7T	288				49.42	26.98
P	UR7U	288				50.42	30.5
P	UR7V	288				48.52	32.25
P	UR7W	288				49.83	24
P	UR7X	288				50.3	28.67
P	UR7Y	288				48.32	25.87
P	UR7Z	288				46.95	32
P	UR8A	288				51.42	33.55
P	UR8B	288				49.58	25.65
P	UR8C	288				49.45	32.07
P	UR8D	288				47.83	35.17
P	UR8E	288				48.48	35
P	UR8F	288				46.5	30.75
P	UR8G	288				46.65	32.63
P	UR8H	288				49.58	34.58
P	UR8I	288				48	37.83
P	UR8K	288				50.65	26.17
P	UR8L	288				50.37	36.25
P	UR8M	288				48.58	39.33
P	UR8N	288				49.18	28.5
P	UR8P	288				50.65	24.15
P	UR8Q	288				47.83	35.17
P	UR8R	288				51.5	31.3
P	UR8S	288				48.67	26.6
P	UR8T	288				49.42	26.98
P	UR8U	288				50.42	30.5
P	UR8V	288				48.52	32.25
P	UR8W	288				49.83	24
P	UR8X	288				50.3	28.67
P	UR8Y	288				48.32	25.87
P	UR8Z	288				46.95	32
P	UR9A	288				51.42	33.55
P	UR9B	288				49.58	25.65
P	UR9C	288				49.45	32.07
P	UR9D	288				47.83	35.17
P	UR9E	288				48.48	35
P	UR9F	288				46.5	30.75
P	UR9G	288				46.65	32.63
P	UR9H	288				49.58	34.58
P	UR9I	288				48	37.83
P	UR9K	288				50.65	26.17
P	UR9L	288				50.37	36.25
P	UR9M	288				48.58	39.33
P	UR9N	288				49.18	28.5
P	UR9P	288				50.65	24.15
P	UR9Q	288				47.83	35.17
P	UR9R	288				51.5	31.3
P	UR9S	288				48.67	26.6
P	UR9T	288				49.42	26.98
P	UR9U	288				50.42	30.5
P	UR9V	288				48.52	32.25
P	UR9W	288				49.83	24
P	UR9X	288				50.3	28.67
P	UR9Y	288				48.32	25.87
P	UR9Z	288				46.95	32
P	US	288
P	US0A	288				51.42	33.55
P	US0B	288				49.58	25.65
P	US0C	288				49.45	32.07
P	US0D	288				47.83	35.17
P	US0E	288				48.48	35
P	US0F	288				46.5	30.75
P	US0G	288				46.65	32.63
P	US0H	288				49.58	34.58
P	US0I	288				48	37.83
P	US0K	288				50.65	26.17
P	US0L	288				50.37	36.25
P	US0M	288				48.58	39.33
P	US0N	288				49.18	28.5
P	US0P	288				50.65	24.15
P	US0Q	288				47.83	35.17
P	US0R	288				51.5	31.3
P	US0S	288				48.67	26.6
P	US0T	288				49.42	26.98
P	US0U	288				50.42	30.5
P	US0V	288				48.52	32.25
P	US0W	288				49.83	24
P	US0X	288				50.3	28.67
P	US0Y	288				48.32	25.87
P	US0Z	288				46.95	32
P	US1A	288				51.42	33.55
P	US1B	288				49.58	25.65
P	US1C	288				49.45	32.07
P	US1D	288				47.83	35.17
P	US1E	288				48.48	35
P	US1F	288				46.5	30.75
P	US1G	288				46.65	32.63
P	US1H	288				49.58	34.58
P	US1I	288				48	37.83
P	US1K	288				50.65	26.17
P	US1L	288				50.37	36.25
P	US1M	288				48.58	39.33
P	US1N	288				49.18	28.5
P	US1P	288				50.65	24.15
P	US1Q	288				47.83	35.17
P	US1R	288				51.5	31.3
P	US1S	288				48.67	26.6
P	US1T	288				49.42	26.98
P	US1U	288				50.42	30.5
P	US1V	288				48.52	32.25
P	US1W	288				49.83	24
P	US1X	288				50.3	28.67
P	US1Y	288				48.32	25.87
P	US1Z	288				46.95	32
P	US2A	288				51.42	33.55
P	US2B	288				49.58	25.65
P	US2C	288				49.45	32.07
P	US2D	288				47.83	35.17
P	US2E	288				48.48	35
P	US2F	288				46.5	30.75
P	US2G	288				46.65	32.63
P	US2H	288				49.58	34.58
P	US2I	288				48	37.83
P	US2K	288				50.65	26.17
P	US2L	288				50.37	36.25
P	US2M	288				48.58	39.33
P	US2N	288				49.18	28.5
P	US2P	288				50.65	24.15
P	US2Q	288				47.83	35.17
P	US2R	288				51.5	31.3
P	US2S	288				48.67	26.6
P	US2T	288				49.42	26.98
P	US2U	288				50.42	30.5
P	US2V	288				48.52	32.25
P	US2W	288				49.83	24
P	US2X	288				50.3	28.67
P	US2Y	288				48.32	25.87
P	US2Z	288				46.95	32
P	US3A	288				51.42	33.55
P	US3B	288				49.58	25.65
P	US3C	288				49.45	32.07
P	US3D	288				47.83	35.17
P	US3E	288				48.48	35
P	US3F	288				46.5	30.75
P	US3G	288				46.65	32.63
P	US3H	288				49.58	34.58
P	US3I	288				48	37.83
P	US3K	288				50.65	26.17
P	US3L	288				50.37	36.25
P	US3M	288				48.58	39.33
P	US3N	288				49.18	28.5
P	US3P	288				50.65	24.15
P	US3Q	288				47.83	35.17
P	US3R	288				51.5	31.3
P	US3S	288				48.67	26.6
P	US3T	288				49.42	26.98
P	US3U	288				50.42	30.5
P	US3V	288				48.52	32.25
P	US3W	288				49.83	24
P	US3X	288				50.3	28.67
P	US3Y	288				48.32	25.87
P	US3Z	288				46.95	32
P	US4A	288				51.42	33.55
P	US4B	288				49.58	25.65
P	US4C	288				49.45	32.07
P	US4D	288				47.83	35.17
P	US4E	288				48.48	35
P	US4F	288				46.5	30.75
P	US4G	288				46.65	32.63
P	US4H	288				49.58	34.58
P	US4I	288				48	37.83
P	US4K	288				50.65	26.17
P	US4L	288				50.37	36.25
P	US4M	288				48.58	39.33
P	US4N	288				49.18	28.5
P	US4P	288				50.65	24.15
P	US4Q	288				47.83	35.17
P	US4R	288				51.5	31.3
P	US4S	288				48.67	26.6
P	US4T	288				49.42	26.98
P	US4U	288				50.42	30.5
P	US4V	288				48.52	32.25
P	US4W	288				49.83	24
P	US4X	288				50.3	28.67
P	US4Y	288				48.32	25.87
P	US4Z	288				46.95	32
P	US5A	288				51.42	33.55
P	US5B	288				49.58	25.65
P	US5C	288				49.45	32.07
P	US5D	288				47.83	35.17
P	US5E	288				48.48	35
P	US5F	288				46.5	30.75
P	US5G	288				46.65	32.63
P	US5H	288				49.58	34.58
P	US5I	288				48	37.83
P	US5K	288				50.65	26.17
P	US5L	288				50.37	36.25
P	US5M	288				48.58	39.33
P	US5N	288				49.18	28.5
P	US5P	288				50.65	24.15
P	US5Q	288				47.83	35.17
P	US5R	288				51.5	31.3
P	US5S	288				48.67	26.6
P	US5T	288				49.42	26.98
P	US5U	288				50.42	30.5
P	US5V	288				48.52	32.25
P	US5W	288				49.83	24
P	US5X	288				50.3	28.67
P	US5Y	288				48.32	25.87
P	US5Z	288				46.95	32
P	US6A	288				51.42	33.55
P	US6B	288				49.58	25.65
P	US6C	288				49.45	32.07
P	US6D	288				47.83	35.17
P	US6E	288				48.48	35
P	US6F	288				46.5	30.75
P	US6G	288				46.65	32.63
P	US6H	288				49.58	34.58
P	US6I	288				48	37.83
P	US6K	288				50.65	26.17
P	US6L	288				50.37	36.25
P	US6M	288				48.58	39.33
P	US6N	288				49.18	28.5
P	US6P	288				50.65	24.15
P	US6Q	288				47.83	35.17
P	US6R	288				51.5	31.3
P	US6S	288				48.67	26.6
P	US6T	288				49.42	26.98
P	US6U	288				50.42	30.5
P	US6V	288				48.52	32.25
P	US6W	288				49.83	24
P	US6X	288				50.3	28.67
P	US6Y	288				48.32	25.87
P	US6Z	288				46.95	32
P	US7A	288				51.42	33.55
P	US7B	288				49.58	25.65
P	US7C	288				49.45	32.07
P	US7D	288				47.83	35.17
P	US7E	288				48.48	35
P	US7F	288				46.5	30.75
P	US7G	288				46.65	32.63
P	US7H	288				49.58	34.58
P	US7I	288				48	37.83
P	US7K	288				50.65	26.17
P	US7L	288				50.37	36.25
P	US7M	288				48.58	39.33
P	US7N	288				49.18	28.5
P	US7P	288				50.65	24.15
P	US7Q	288				47.83	35.17
P	US7R	288				51.5	31.3
P	US7S	288				48.67	26.6
P	US7T	288				49.42	26.98
P	US7U	288				50.42	30.5
P	US7V	288				48.52	32.25
P	US7W	288				49.83	24
P	US7X	288				50.3	28.67
P	US7Y	288				48.32	25.87
P	US7Z	288				46.95	32
P	US8A	288				51.42	33.55
P	US8B	288				49.58	25.65
P	US8C	288				49.45	32.07
P	US8D	288				47.83	35.17
P	US8E	288				48.48	35
P	US8F	288				46.5	30.75
P	US8G	288				46.65	32.63
P	US8H	288				49.58	34.58
P	US8I	288				48	37.83
P	US8K	288				50.65	26.17
P	US8L	288				50.37	36.25
P	US8M	288				48.58	39.33
P	US8N	288				49.18	28.5
P	US8P	288				50.65	24.15
P	US8Q	288				47.83	35.17
P	US8R	288				51.5	31.3
P	US8S	288				48.67	26.6
P	US8T	288				49.42	26.98
P	US8U	288				50.42	30.5
P	US8V	288				48.52	32.25
P	US8W	288				49.83	24
P	US8X	288				50.3	28.67
P	US8Y	288				48.32	25.87
P	US8Z	288				46.95	32
P	US9A	288				51.42	33.55
P	US9B	288				49.58	25.65
P	US9C	288				49.45	32.07
P	US9D	288				47.83	35.17
P	US9E	288				48.48	35
P	US9F	288				46.5	30.75
P	US9G	288				46.65	32.63
P	US9H	288				49.58	34.58
P	US9I	288				48	37.83
P	US9K	288				50.65	26.17
P	US9L	288				50.37	36.25
P	US9M	288				48.58	39.33
P	US9N	288				49.18	28.5
P	US9P	288				50.65	24.15
P	US9Q	288				47.83	35.17
P	US9R	288				51.5	31.3
P	US9S	288				48.67	26.6
P	US9T	288				49.42	26.98
P	US9U	288				50.42	30.5
P	US9V	288				48.52	32.25
P	US9W	288				49.83	24
P	US9X	288				50.3	28.67
P	US9Y	288				48.32	25.87
P	US9Z	288				46.95	32
P	UT	288
P	UT0A	288				51.42	33.55
P	UT0B	288				49.58	25.65
P	UT0C	288				49.45	32.07
P	UT0D	288				47.83	35.17
P	UT0E	288				48.48	35
P	UT0F	288				46.5	30.75
P	UT0G	288				46.65	32.63
P	UT0H	288				49.58	34.58
P	UT0I	288				48	37.83
P	UT0K	288				50.65	26.17
P	UT0L	288				50.37	36.25
P	UT0M	288				48.58	39.33
P	UT0N	288				49.18	28.5
P	UT0P	288				50.65	24.15
P	UT0Q	288				47.83	35.17
P	UT0R	288				51.5	31.3
P	UT0S	288				48.67	26.6
P	UT0T	288				49.42	26.98
P	UT0U	288				50.42	30.5
P	UT0V	288				48.52	32.25
P	UT0W	288				49.83	24
P	UT0X	288				50.3	28.67
P	UT0Y	288				48.32	25.87
P	UT0Z	288				46.95	32
P	UT1A	288				51.42	33.55
P	UT1B	288				49.58	25.65
P	UT1C	288				49.45	32.07
P	UT1D	288				47.83	35.17
P	UT1E	288				48.48	35
P	UT1F	288				46.5	30.75
P	UT1G	288				46.65	32.63
P	UT1H	288				49.58	34.58
P	UT1I	288				48	37.83
P	UT1K	288				50.65	26.17
P	UT1L	288				50.37	36.25
P	UT1M	288				48.58	39.33
P	UT1N	288				49.18	28.5
P	UT1P	288				50.65	24.15
P	UT1Q	288				47.83	35.17
P	UT1R	288				51.5	31.3
P	UT1S	288				48.67	26.6
P	UT1T	288				49.42	26.98
P	UT1U	288				50.42	30.5
P	UT1V	288				48.52	32.25
P	UT1W	288				49.83	24
P	UT1X	288				50.3	28.67
P	UT1Y	288				48.32	25.87
P	UT1Z	288				46.95	32
P	UT2A	288				51.42	33.55
P	UT2B	288				49.58	25.65
P	UT2C	288				49.45	32.07
P	UT2D	288				47.83	35.17
P	UT2E	288				48.48	35
P	UT2F	288				46.5	30.75
P	UT2G	288				46.65	32.63
P	UT2H	288				49.58	34.58
P	UT2I	288				48	37.83
P	UT2K	288				50.65	26.17
P	UT2L	288				50.37	36.25
P	UT2M	288				48.58	39.33
P	UT2N	288				49.18	28.5
P	UT2P	288				50.65	24.15
P	UT2Q	288				47.83	35.17
P	UT2R	288				51.5	31.3
P	UT2S	288				48.67	26.6
P	UT2T	288				49.42	26.98
P	UT2U	288				50.42	30.5
P	UT2V	288				48.52	32.25
P	UT2W	288				49.83	24
P	UT2X	288				50.3	28.67
P	UT2Y	288				48.32	25.87
P	UT2Z	288				46.95	32
P	UT3A	288				51.42	33.55
P	UT3B	288				49.58	25.65
P	UT3C	288				49.45	32.07
P	UT3D	288				47.83	35.17
P	UT3E	288				48.48	35
P	UT3F	288				46.5	30.75
P	UT3G	288				46.65	32.63
P	UT3H	288				49.58	34.58
P	UT3I	288				48	37.83
P	UT3K	288				50.65	26.17
P	UT3L	288				50.37	36.25
P	UT3M	288				48.58	39.33
P	UT3N	288				49.18	28.5
P	UT3P	288				50.65	24.15
P	UT3Q	288				47.83	35.17
P	UT3R	288				51.5	31.3
P	UT3S	288				48.67	26.6
P	UT3T	288				49.42	26.98
P	UT3U	288				50.42	30.5
P	UT3V	288				48.52	32.25
P	UT3W	288				49.83	24
P	UT3X	288				50.3	28.67
P	UT3Y	288				48.32	25.87
P	UT3Z	288				46.95	32
P	UT4A	288				51.42	33.55
P	UT4B	288				49.58	25.65
P	UT4C	288				49.45	32.07
P	UT4D	288				47.83	35.17
P	UT4E	288				48.48	35
P	UT4F	288				46.5	30.75
P	UT4G	288				46.65	32.63
P	UT4H	288				49.58	34.58
P	UT4I	288				48	37.83
P	UT4K	288				50.65	26.17
P	UT4L	288				50.37	36.25
P	UT4M	288				48.58	39.33
P	UT4N	288				49.18	28.5
P	UT4P	288				50.65	24.15
P	UT4Q	288				47.83	35.17
P	UT4R	288				51.5	31.3
P	UT4S	288				48.67	26.6
P	UT4T	288				49.42	26.98
P	UT4U	288				50.42	30.5
P	UT4V	288				48.52	32.25
P	UT4W	288				49.83	24
P	UT4X	288				50.3	28.67
P	UT4Y	288				48.32	25.87
P	UT4Z	288				46.95	32
P	UT5A	288				51.42	33.55
P	UT5B	288				49.58	25.65
P	UT5C	288				49.45	32.07
P	UT5D	288				47.83	35.17
P	UT5E	288				48.48	35
P	UT5F	288				46.5	30.75
P	UT5G	288				46.65	32.63
P	UT5H	288				49.58	34.58
P	UT5I	288				48	37.83
P	UT5J	288
P	UT5K	288				50.65	26.17
P	UT5L	288				50.37	36.25
P	UT5M	288				48.58	39.33
P	UT5N	288				49.18	28.5
P	UT5P	288				50.65	24.15
P	UT5Q	288				47.83	35.17
P	UT5R	288				51.5	31.3
P	UT5S	288				48.67	26.6
P	UT5T	288				49.42	26.98
P	UT5U	288				50.42	30.5
P	UT5V	288				48.52	32.25
P	UT5W	288				49.83	24
P	UT5X	288				50.3	28.67
P	UT5Y	288				48.32	25.87
P	UT5Z	288				46.95	32
P	UT6A	288				51.42	33.55
P	UT6B	288				49.58	25.65
P	UT6C	288				49.45	32.07
P	UT6D	288				47.83	35.17
P	UT6E	288				48.48	35
P	UT6F	288				46.5	30.75
P	UT6G	288				46.65	32.63
P	UT6H	288				49.58	34.58
P	UT6I	288				48	37.83
P	UT6K	288				50.65	26.17
P	UT6L	288				50.37	36.25
P	UT6M	288				48.58	39.33
P	UT6N	288				49.18	28.5
P	UT6P	288				50.65	24.15
P	UT6Q	288				47.83	35.17
P	UT6R	288				51.5	31.3
P	UT6S	288				48.67	26.6
P	UT6T	288				49.42	26.98
P	UT6U	288				50.42	30.5
P	UT6V	288				48.52	32.25
P	UT6W	288				49.83	24
P	UT6X	288				50.3	28.67
P	UT6Y	288				48.32	25.87
P	UT6Z	288				46.95	32
P	UT7A	288				51.42	33.55
P	UT7B	288				49.58	25.65
P	UT7C	288				49.45	32.07
P	UT7D	288				47.83	35.17
P	UT7E	288				48.48	35
P	UT7F	288				46.5	30.75
P	UT7G	288				46.65	32.63
P	UT7H	288				49.58	34.58
P	UT7I	288				48	37.83
P	UT7K	288				50.65	26.17
P	UT7L	288				50.37	36.25
P	UT7M	288				48.58	39.33
P	UT7N	288				49.18	28.5
P	UT7P	288				50.65	24.15
P	UT7Q	288				47.83	35.17
P	UT7R	288				51.5	31.3
P	UT7S	288				48.67	26.6
P	UT7T	288				49.42	26.98
P	UT7U	288				50.42	30.5
P	UT7V	288				48.52	32.25
P	UT7W	288				49.83	24
P	UT7X	288				50.3	28.67
P	UT7Y	288				48.32	25.87
P	UT7Z	288				46.95	32
P	UT8A	288				51.42	33.55
P	UT8B	288				49.58	25.65
P	UT8C	288				49.45	32.07
P	UT8D	288				47.83	35.17
P	UT8E	288				48.48	35
P	UT8F	288				46.5	30.75
P	UT8G	288				46.65	32.63
P	UT8H	288				49.58	34.58
P	UT8I	288				48	37.83
P	UT8K	288				50.65	26.17
P	UT8L	288				50.37	36.25
P	UT8M	288				48.58	39.33
P	UT8N	288				49.18	28.5
P	UT8P	288				50.65	24.15
P	UT8Q	288				47.83	35.17
P	UT8R	288				51.5	31.3
P	UT8S	288				48.67	26.6
P	UT8T	288				49.42	26.98
P	UT8U	288				50.42	30.5
P	UT8V	288				48.52	32.25
P	UT8W	288				49.83	24
P	UT8X	288				50.3	28.67
P	UT8Y	288				48.32	25.87
P	UT8Z	288				46.95	32
P	UT9A	288				51.42	33.55
P	UT9B	288				49.58	25.65
P	UT9C	288				49.45	32.07
P	UT9D	288				47.83	35.17
P	UT9E	288				48.48	35
P	UT9F	288				46.5	30.75
P	UT9G	288				46.65	32.63
P	UT9H	288				49.58	34.58
P	UT9I	288				48	37.83
P	UT9K	288				50.65	26.17
P	UT9L	288				50.37	36.25
P	UT9M	288				48.58	39.33
P	UT9N	288				49.18	28.5
P	UT9P	288				50.65	24.15
P	UT9Q	288				47.83	35.17
P	UT9R	288				51.5	31.3
P	UT9S	288				48.67	26.6
P	UT9T	288				49.42	26.98
P	UT9U	288				50.42	30.5
P	UT9V	288				48.52	32.25
P	UT9W	288				49.83	24
P	UT9X	288				50.3	28.67
P	UT9Y	288				48.32	25.87
P	UT9Z	288				46.95	32
P	UU	288
P	UU9	288
P	UV	288
P	UV0A	288				51.42	33.55
P	UV0B	288				49.58	25.65
P	UV0C	288				49.45	32.07
P	UV0D	288				47.83	35.17
P	UV0E	288				48.48	35
P	UV0F	288				46.5	30.75
P	UV0G	288				46.65	32.63
P	UV0H	288				49.58	34.58
P	UV0I	288				48	37.83
P	UV0K	288				50.65	26.17
P	UV0L	288				50.37	36.25
P	UV0M	288				48.58	39.33
P	UV0N	288				49.18	28.5
P	UV0P	288				50.65	24.15
P	UV0Q	288				47.83	35.17
P	UV0R	288				51.5	31.3
P	UV0S	288				48.67	26.6
P	UV0T	288				49.42	26.98
P	UV0U	288				50.42	30.5
P	UV0V	288				48.52	32.25
P	UV0W	288				49.83	24
P	UV0X	288				50.3	28.67
P	UV0Y	288				48.32	25.87
P	UV0Z	288				46.95	32
P	UV1A	288				51.42	33.55
P	UV1B	288				49.58	25.65
P	UV1C	288				49.45	32.07
P	UV1D	288				47.83	35.17
P	UV1E	288				48.48	35
P	UV1F	288				46.5	30.75
P	UV1G	288				46.65	32.63
P	UV1H	288				49.58	34.58
P	UV1I	288				48	37.83
P	UV1K	288				50.65	26.17
P	UV1L	288				50.37	36.25
P	UV1M	288				48.58	39.33
P	UV1N	288				49.18	28.5
P	UV1P	288				50.65	24.15
P	UV1Q	288				47.83	35.17
P	UV1R	288				51.5	31.3
P	UV1S	288				48.67	26.6
P	UV1T	288				49.42	26.98
P	UV1U	288				50.42	30.5
P	UV1V	288				48.52	32.25
P	UV1W	288				49.83	24
P	UV1X	288				50.3	28.67
P	UV1Y	288				48.32	25.87
P	UV1Z	288				46.95	32
P	UV2A	288				51.42	33.55
P	UV2B	288				49.58	25.65
P	UV2C	288				49.45	32.07
P	UV2D	288				47.83	35.17
P	UV2E	288				48.48	35
P	UV2F	288				46.5	30.75
P	UV2G	288				46.65	32.63
P	UV2H	288				49.58	34.58
P	UV2I	288				48	37.83
P	UV2K	288				50.65	26.17
P	UV2L	288				50.37	36.25
P	UV2M	288				48.58	39.33
P	UV2N	288				49.18	28.5
P	UV2P	288				50.65	24.15
P	UV2Q	288				47.83	35.17
P	UV2R	288				51.5	31.3
P	UV2S	288				48.67	26.6
P	UV2T	288				49.42	26.98
P	UV2U	288				50.42	30.5
P	UV2V	288				48.52	32.25
P	UV2W	288				49.83	24
P	UV2X	288				50.3	28.67
P	UV2Y	288				48.32	25.87
P	UV2Z	288				46.95	32
P	UV3A	288				51.42	33.55
P	UV3B	288				49.58	25.65
P	UV3C	288				49.45	32.07
P	UV3D	288				47.83	35.17
P	UV3E	288				48.48	35
P	UV3F	288				46.5	30.75
P	UV3G	288				46.65	32.63
P	UV3H	288				49.58	34.58
P	UV3I	288				48	37.83
P	UV3K	288				50.65	26.17
P	UV3L	288				50.37	36.25
P	UV3M	288				48.58	39.33
P	UV3N	288				49.18	28.5
P	UV3P	288				50.65	24.15
P	UV3Q	288				47.83	35.17
P	UV3R	288				51.5	31.3
P	UV3S	288				48.67	26.6
P	UV3T	288				49.42	26.98
P	UV3U	288				50.42	30.5
P	UV3V	288				48.52	32.25
P	UV3W	288				49.83	24
P	UV3X	288				50.3	28.67
P	UV3Y	288				48.32	25.87
P	UV3Z	288				46.95	32
P	UV4A	288				51.42	33.55
P	UV4B	288				49.58	25.65
P	UV4C	288				49.45	32.07
P	UV4D	288				47.83	35.17
P	UV4E	288				48.48	35
P	UV4F	288				46.5	30.75
P	UV4G	288				46.65	32.63
P	UV4H	288				49.58	34.58
P	UV4I	288				48	37.83
P	UV4K	288				50.65	26.17
P	UV4L	288				50.37	36.25
P	UV4M	288				48.58	39.33
P	UV4N	288				49.18	28.5
P	UV4P	288				50.65	24.15
P	UV4Q	288				47.83	35.17
P	UV4R	288				51.5	31.3
P	UV4S	288				48.67	26.6
P	UV4T	288				49.42	26.98
P	UV4U	288				50.42	30.5
P	UV4V	288				48.52	32.25
P	UV4W	288				49.83	24
P	UV4X	288				50.3	28.67
P	UV4Y	288				48.32	25.87
P	UV4Z	288				46.95	32
P	UV5A	288				51.42	33.55
P	UV5B	288				49.58	25.65
P	UV5C	288				49.45	32.07
P	UV5D	288				47.83	35.17
P	UV5E	288				48.48	35
P	UV5F	288				46.5	30.75
P	UV5G	288				46.65	32.63
P	UV5H	288				49.58	34.58
P	UV5I	288				48	37.83
P	UV5K	288				50.65	26.17
P	UV5L	288				50.37	36.25
P	UV5M	288				48.58	39.33
P	UV5N	288				49.18	28.5
P	UV5P	288				50.65	24.15
P	UV5Q	288				47.83	35.17
P	UV5R	288				51.5	31.3
P	UV5S	288				48.67	26.6
P	UV5T	288				49.42	26.98
P	UV5U	288				50.42	30.5
P	UV5V	288				48.52	32.25
P	UV5W	288				49.83	24
P	UV5X	288				50.3	28.67
P	UV5Y	288				48.32	25.87
P	UV5Z	288				46.95	32
P	UV6A	288				51.42	33.55
P	UV6B	288				49.58	25.65
P	UV6C	288				49.45	32.07
P	UV6D	288				47.83	35.17
P	UV6E	288				48.48	35
P	UV6F	288				46.5	30.75
P	UV6G	288				46.65	32.63
P	UV6H	288				49.58	34.58
P	UV6I	288				48	37.83
P	UV6K	288				50.65	26.17
P	UV6L	288				50.37	36.25
P	UV6M	288				48.58	39.33
P	UV6N	288				49.18	28.5
P	UV6P	288				50.65	24.15
P	UV6Q	288				47.83	35.17
P	UV6R	288				51.5	31.3
P	UV6S	288				48.67	26.6
P	UV6T	288				49.42	26.98
P	UV6U	288				50.42	30.5
P	UV6V	288				48.52	32.25
P	UV6W	288				49.83	24
P	UV6X	288				50.3	28.67
P	UV6Y	288				48.32	25.87
P	UV6Z	288				46.95	32
P	UV7A	288				51.42	33.55
P	UV7B	288				49.58	25.65
P	UV7C	288				49.45	32.07
P	UV7D	288				47.83	35.17
P	UV7E	288				48.48	35
P	UV7F	288				46.5	30.75
P	UV7G	288				46.65	32.63
P	UV7H	288				49.58	34.58
P	UV7I	288				48	37.83
P	UV7K	288				50.65	26.17
P	UV7L	288				50.37	36.25
P	UV7M	288				48.58	39.33
P	UV7N	288				49.18	28.5
P	UV7P	288				50.65	24.15
P	UV7Q	288				47.83	35.17
P	UV7R	288				51.5	31.3
P	UV7S	288				48.67	26.6
P	UV7T	288				49.42	26.98
P	UV7U	288				50.42	30.5
P	UV7V	288				48.52	32.25
P	UV7W	288				49.83	24
P	UV7X	288				50.3	28.67
P	UV7Y	288				48.32	25.87
P	UV7Z	288				46.95	32
P	UV8A	288				51.42	33.55
P	UV8B	288				49.58	25.65
P	UV8C	288				49.45	32.07
P	UV8D	288				47.83	35.17
P	UV8E	288				48.48	35
P	UV8F	288				46.5	30.75
P	UV8G	288				46.65	32.63
P	UV8H	288				49.58	34.58
P	UV8I	288				48	37.83
P	UV8K	288				50.65	26.17
P	UV8L	288				50.37	36.25
P	UV8M	288				48.58	39.33
P	UV8N	288				49.18	28.5
P	UV8P	288				50.65	24.15
P	UV8Q	288				47.83	35.17
P	UV8R	288				51.5	31.3
P	UV8S	288				48.67	26.6
P	UV8T	288				49.42	26.98
P	UV8U	288				50.42	30.5
P	UV8V	288				48.52	32.25
P	UV8W	288				49.83	24
P	UV8X	288				50.3	28.67
P	UV8Y	288				48.32	25.87
P	UV8Z	288				46.95	32
P	UV9A	288				51.42	33.55
P	UV9B	288				49.58	25.65
P	UV9C	288				49.45	32.07
P	UV9D	288				47.83	35.17
P	UV9E	288				48.48	35
P	UV9F	288				46.5	30.75
P	UV9G	288				46.65	32.63
P	UV9H	288				49.58	34.58
P	UV9I	288				48	37.83
P	UV9K	288				50.65	26.17
P	UV9L	288				50.37	36.25
P	UV9M	288				48.58	39.33
P	UV9N	288				49.18	28.5
P	UV9P	288				50.65	24.15
P	UV9Q	288				47.83	35.17
P	UV9R	288				51.5	31.3
P	UV9S	288				48.67	26.6
P	UV9T	288				49.42	26.98
P	UV9U	288				50.42	30.5
P	UV9V	288				48.52	32.25
P	UV9W	288				49.83	24
P	UV9X	288				50.3	28.67
P	UV9Y	288				48.32	25.87
P	UV9Z	288				46.95	32
P	UW	288
P	UW0A	288				51.42	33.55
P	UW0B	288				49.58	25.65
P	UW0C	288				49.45	32.07
P	UW0D	288				47.83	35.17
P	UW0E	288				48.48	35
P	UW0F	288				46.5	30.75
P	UW0G	288				46.65	32.63
P	UW0H	288				49.58	34.58
P	UW0I	288				48	37.83
P	UW0K	288				50.65	26.17
P	UW0L	288				50.37	36.25
P	UW0M	288				48.58	39.33
P	UW0N	288				49.18	28.5
P	UW0P	288				50.65	24.15
P	UW0Q	288				47.83	35.17
P	UW0R	288				51.5	31.3
P	UW0S	288				48.67	26.6
P	UW0T	288				49.42	26.98
P	UW0U	288				50.42	30.5
P	UW0V	288				48.52	32.25
P	UW0W	288				49.83	24
P	UW0X	288				50.3	28.67
P	UW0Y	288				48.32	25.87
P	UW0Z	288				46.95	32
P	UW1A	288				51.42	33.55
P	UW1B	288				49.58	25.65
P	UW1C	288				49.45	32.07
P	UW1D	288				47.83	35.17
P	UW1E	288				48.48	35
P	UW1F	288				46.5	30.75
P	UW1G	288				46.65	32.63
P	UW1H	288				49.58	34.58
P	UW1I	288				48	37.83
P	UW1K	288				50.65	26.17
P	UW1L	288				50.37	36.25
P	UW1M	288				48.58	39.33
P	UW1N	288				49.18	28.5
P	UW1P	288				50.65	24.15
P	UW1Q	288				47.83	35.17
P	UW1R	288				51.5	31.3
P	UW1S	288				48.67	26.6
P	UW1T	288				49.42	26.98
P	UW1U	288				50.42	30.5
P	UW1V	288				48.52	32.25
P	UW1W	288				49.83	24
P	UW1X	288				50.3	28.67
P	UW1Y	288				48.32	25.87
P	UW1Z	288				46.95	32
P	UW2A	288				51.42	33.55
P	UW2B	288				49.58	25.65
P	UW2C	288				49.45	32.07
P	UW2D	288				47.83	35.17
P	UW2E	288				48.48	35
P	UW2F	288				46.5	30.75
P	UW2G	288				46.65	32.63
P	UW2H	288				49.58	34.58
P	UW2I	288				48	37.83
P	UW2K	288				50.65	26.17
P	UW2L	288				50.37	36.25
P	UW2M	288				48.58	39.33
P	UW2N	288				49.18	28.5
P	UW2P	288				50.65	24.15
P	UW2Q	288				47.83	35.17
P	UW2R	288				51.5	31.3
P	UW2S	288				48.67	26.6
P	UW2T	288				49.42	26.98
P	UW2U	288				50.42	30.5
P	UW2V	288				48.52	32.25
P	UW2W	288				49.83	24
P	UW2X	288				50.3	28.67
P	UW2Y	288				48.32	25.87
P	UW2Z	288				46.95	32
P	UW3A	288				51.42	33.55
P	UW3B	288				49.58	25.65
P	UW3C	288				49.45	32.07
P	UW3D	288				47.83	35.17
P	UW3E	288				48.48	35
P	UW3F	288				46.5	30.75
P	UW3G	288				46.65	32.63
P	UW3H	288				49.58	34.58
P	UW3I	288				48	37.83
P	UW3K	288				50.65	26.17
P	UW3L	288				50.37	36.25
P	UW3M	288				48.58	39.33
P	UW3N	288				49.18	28.5
P	UW3P	288				50.65	24.15
P	UW3Q	288				47.83	35.17
P	UW3R	288				51.5	31.3
P	UW3S	288				48.67	26.6
P	UW3T	288				49.42	26.98
P	UW3U	288				50.42	30.5
P	UW3V	288				48.52	32.25
P	UW3W	288				49.83	24
P	UW3X	288				50.3	28.67
P	UW3Y	288				48.32	25.87
P	UW3Z	288				46.95	32
P	UW4A	288				51.42	33.55
P	UW4B	288				49.58	25.65
P	UW4C	288				49.45	32.07
P	UW4D	288				47.83	35.17
P	UW4E	288				48.48	35
P	UW4F	288				46.5	30.75
P	UW4G	288				46.65	32.63
P	UW4H	288				49.58	34.58
P	UW4I	288				48	37.83
P	UW4K	288				50.65	26.17
P	UW4L	288				50.37	36.25
P	UW4M	288				48.58	39.33
P	UW4N	288				49.18	28.5
P	UW4P	288				50.65	24.15
P	UW4Q	288				47.83	35.17
P	UW4R	288				51.5	31.3
P	UW4S	288				48.67	26.6
P	UW4T	288				49.42	26.98
P	UW4U	288				50.42	30.5
P	UW4V	288				48.52	32.25
P	UW4W	288				49.83	24
P	UW4X	288				50.3	28.67
P	UW4Y	288				48.32	25.87
P	UW4Z	288				46.95	32
P	UW5A	288				51.42	33.55
P	UW5B	288				49.58	25.65
P	UW5C	288				49.45	32.07
P	UW5D	288				47.83	35.17
P	UW5E	288				48.48	35
P	UW5F	288				46.5	30.75
P	UW5G	288				46.65	32.63
P	UW5H	288				49.58	34.58
P	UW5I	288				48	37.83
P	UW5K	288				50.65	26.17
P	UW5L	288				50.37	36.25
P	UW5M	288				48.58	39.33
P	UW5N	288				49.18	28.5
P	UW5P	288				50.65	24.15
P	UW5Q	288				47.83	35.17
P	UW5R	288				51.5	31.3
P	UW5S	288				48.67	26.6
P	UW5T	288				49.42	26.98
P	UW5U	288				50.42	30.5
P	UW5V	288				48.52	32.25
P	UW5W	288				49.83	24
P	UW5X	288				50.3	28.67
P	UW5Y	288				48.32	25.87
P	UW5Z	288				46.95	32
P	UW6A	288				51.42	33.55
P	UW6B	288				49.58	25.65
P	UW6C	288				49.45	32.07
P	UW6D	288				47.83	35.17
P	UW6E	288				48.48	35
P	UW6F	288				46.5	30.75
P	UW6G	288				46.65	32.63
P	UW6H	288				49.58	34.58
P	UW6I	288				48	37.83
P	UW6K	288				50.65	26.17
P	UW6L	288				50.37	36.25
P	UW6M	288				48.58	39.33
P	UW6N	288				49.18	28.5
P	UW6P	288				50.65	24.15
P	UW6Q	288				47.83	35.17
P	UW6R	288				51.5	31.3
P	UW6S	288				48.67	26.6
P	UW6T	288				49.42	26.98
P	UW6U	288				50.42	30.5
P	UW6V	288				48.52	32.25
P	UW6W	288				49.83	24
P	UW6X	288				50.3	28.67
P	UW6Y	288				48.32	25.87
P	UW6Z	288				46.95	32
P	UW7A	288				51.42	33.55
P	UW7B	288				49.58	25.65
P	UW7C	288				49.45	32.07
P	UW7D	288				47.83	35.17
P	UW7E	288				48.48	35
P	UW7F	288				46.5	30.75
P	UW7G	288				46.65	32.63
P	UW7H	288				49.58	34.58
P	UW7I	288				48	37.83
P	UW7K	288				50.65	26.17
P	UW7L	288				50.37	36.25
P	UW7M	288				48.58	39.33
P	UW7N	288				49.18	28.5
P	UW7P	288				50.65	24.15
P	UW7Q	288				47.83	35.17
P	UW7R	288				51.5	31.3
P	UW7S	288				48.67	26.6
P	UW7T	288				49.42	26.98
P	UW7U	288				50.42	30.5
P	UW7V	288				48.52	32.25
P	UW7W	288				49.83	24
P	UW7X	288				50.3	28.67
P	UW7Y	288				48.32	25.87
P	UW7Z	288				46.95	32
P	UW8A	288				51.42	33.55
P	UW8B	288				49.58	25.65
P	UW8C	288				49.45	32.07
P	UW8D	288				47.83	35.17
P	UW8E	288				48.48	35
P	UW8F	288				46.5	30.75
P	UW8G	288				46.65	32.63
P	UW8H	288				49.58	34.58
P	UW8I	288				48	37.83
P	UW8K	288				50.65	26.17
P	UW8L	288				50.37	36.25
P	UW8M	288				48.58	39.33
P	UW8N	288				49.18	28.5
P	UW8P	288				50.65	24.15
P	UW8Q	288				47.83	35.17
P	UW8R	288				51.5	31.3
P	UW8S	288				48.67	26.6
P	UW8T	288				49.42	26.98
P	UW8U	288				50.42	30.5
P	UW8V	288				48.52	32.25
P	UW8W	288				49.83	24
P	UW8X	288				50.3	28.67
P	UW8Y	288				48.32	25.87
P	UW8Z	288				46.95	32
P	UW9A	288				51.42	33.55
P	UW9B	288				49.58	25.65
P	UW9C	288				49.45	32.07
P	UW9D	288				47.83	35.17
P	UW9E	288				48.48	35
P	UW9F	288				46.5	30.75
P	UW9G	288				46.65	32.63
P	UW9H	288				49.58	34.58
P	UW9I	288				48	37.83
P	UW9K	288				50.65	26.17
P	UW9L	288				50.37	36.25
P	UW9M	288				48.58	39.33
P	UW9N	288				49.18	28.5
P	UW9P	288				50.65	24.15
P	UW9Q	288				47.83	35.17
P	UW9R	288				51.5	31.3
P	UW9S	288				48.67	26.6
P	UW9T	288				49.42	26.98
P	UW9U	288				50.42	30.5
P	UW9V	288				48.52	32.25
P	UW9W	288				49.83	24
P	UW9X	288				50.3	28.67
P	UW9Y	288				48.32	25.87
P	UW9Z	288				46.95	32
P	UX	288
P	UX0A	288				51.42	33.55
P	UX0B	288				49.58	25.65
P	UX0C	288				49.45	32.07
P	UX0D	288				47.83	35.17
P	UX0E	288				48.48	35
P	UX0F	288				46.5	30.75
P	UX0G	288				46.65	32.63
P	UX0H	288				49.58	34.58
P	UX0I	288				48	37.83
P	UX0K	288				50.65	26.17
P	UX0L	288				50.37	36.25
P	UX0M	288				48.58	39.33
P	UX0N	288				49.18	28.5
P	UX0P	288				50.65	24.15
P	UX0Q	288				47.83	35.17
P	UX0R	288				51.5	31.3
P	UX0S	288				48.67	26.6
P	UX0T	288				49.42	26.98
P	UX0U	288				50.42	30.5
P	UX0V	288				48.52	32.25
P	UX0W	288				49.83	24
P	UX0X	288				50.3	28.67
P	UX0Y	288				48.32	25.87
P	UX0Z	288				46.95	32
P	UX1A	288				51.42	33.55
P	UX1B	288				49.58	25.65
P	UX1C	288				49.45	32.07
P	UX1D	288				47.83	35.17
P	UX1E	288				48.48	35
P	UX1F	288				46.5	30.75
P	UX1G	288				46.65	32.63
P	UX1H	288				49.58	34.58
P	UX1I	288				48	37.83
P	UX1K	288				50.65	26.17
P	UX1L	288				50.37	36.25
P	UX1M	288				48.58	39.33
P	UX1N	288				49.18	28.5
P	UX1P	288				50.65	24.15
P	UX1Q	288				47.83	35.17
P	UX1R	288				51.5	31.3
P	UX1S	288				48.67	26.6
P	UX1T	288				49.42	26.98
P	UX1U	288				50.42	30.5
P	UX1V	288				48.52	32.25
P	UX1W	288				49.83	24
P	UX1X	288				50.3	28.67
P	UX1Y	288				48.32	25.87
P	UX1Z	288				46.95	32
P	UX2A	288				51.42	33.55
P	UX2B	288				49.58	25.65
P	UX2C	288				49.45	32.07
P	UX2D	288				47.83	35.17
P	UX2E	288				48.48	35
P	UX2F	288				46.5	30.75
P	UX2G	288				46.65	32.63
P	UX2H	288				49.58	34.58
P	UX2I	288				48	37.83
P	UX2K	288				50.65	26.17
P	UX2L	288				50.37	36.25
P	UX2M	288				48.58	39.33
P	UX2N	288				49.18	28.5
P	UX2P	288				50.65	24.15
P	UX2Q	288				47.83	35.17
P	UX2R	288				51.5	31.3
P	UX2S	288				48.67	26.6
P	UX2T	288				49.42	26.98
P	UX2U	288				50.42	30.5
P	UX2V	288				48.52	32.25
P	UX2W	288				49.83	24
P	UX2X	288				50.3	28.67
P	UX2Y	288				48.32	25.87
P	UX2Z	288				46.95	32
P	UX3A	288				51.42	33.55
P	UX3B	288				49.58	25.65
P	UX3C	288				49.45	32.07
P	UX3D	288				47.83	35.17
P	UX3E	288				48.48	35
P	UX3F	288				46.5	30.75
P	UX3G	288				46.65	32.63
P	UX3H	288				49.58	34.58
P	UX3I	288				48	37.83
P	UX3K	288				50.65	26.17
P	UX3L	288				50.37	36.25
P	UX3M	288				48.58	39.33
P	UX3N	288				49.18	28.5
P	UX3P	288				50.65	24.15
P	UX3Q	288				47.83	35.17
P	UX3R	288				51.5	31.3
P	UX3S	288				48.67	26.6
P	UX3T	288				49.42	26.98
P	UX3U	288				50.42	30.5
P	UX3V	288				48.52	32.25
P	UX3W	288				49.83	24
P	UX3X	288				50.3	28.67
P	UX3Y	288				48.32	25.87
P	UX3Z	288				46.95	32
P	UX4A	288				51.42	33.55
P	UX4B	288				49.58	25.65
P	UX4C	288				49.45	32.07
P	UX4D	288				47.83	35.17
P	UX4E	288				48.48	35
P	UX4F	288				46.5	30.75
P	UX4G	288				46.65	32.63
P	UX4H	288				49.58	34.58
P	UX4I	288				48	37.83
P	UX4K	288				50.65	26.17
P	UX4L	288				50.37	36.25
P	UX4M	288				48.58	39.33
P	UX4N	288				49.18	28.5
P	UX4P	288				50.65	24.15
P	UX4Q	288				47.83	35.17
P	UX4R	288				51.5	31.3
P	UX4S	288				48.67	26.6
P	UX4T	288				49.42	26.98
P	UX4U	288				50.42	30.5
P	UX4V	288				48.52	32.25
P	UX4W	288				49.83	24
P	UX4X	288				50.3	28.67
P	UX4Y	288				48.32	25.87
P	UX4Z	288				46.95	32
P	UX5A	288				51.42	33.55
P	UX5B	288				49.58	25.65
P	UX5C	288				49.45	32.07
P	UX5D	288				47.83	35.17
P	UX5E	288				48.48	35
P	UX5F	288				46.5	30.75
P	UX5G	288				46.65	32.63
P	UX5H	288				49.58	34.58
P	UX5I	288				48	37.83
P	UX5K	288				50.65	26.17
P	UX5L	288				50.37	36.25
P	UX5M	288				48.58	39.33
P	UX5N	288				49.18	28.5
P	UX5P	288				50.65	24.15
P	UX5Q	288				47.83	35.17
P	UX5R	288				51.5	31.3
P	UX5S	288				48.67	26.6
P	UX5T	288				49.42	26.98
P	UX5U	288				50.42	30.5
P	UX5V	288				48.52	32.25
P	UX5W	288				49.83	24
P	UX5X	288				50.3	28.67
P	UX5Y	288				48.32	25.87
P	UX5Z	288				46.95	32
P	UX6A	288				51.42	33.55
P	UX6B	288				49.58	25.65
P	UX6C	288				49.45	32.07
P	UX6D	288				47.83	35.17
P	UX6E	288				48.48	35
P	UX6F	288				46.5	30.75
P	UX6G	288				46.65	32.63
P	UX6H	288				49.58	34.58
P	UX6I	288				48	37.83
P	UX6K	288				50.65	26.17
P	UX6L	288				50.37	36.25
P	UX6M	288				48.58	39.33
P	UX6N	288				49.18	28.5
P	UX6P	288				50.65	24.15
P	UX6Q	288				47.83	35.17
P	UX6R	288				51.5	31.3
P	UX6S	288				48.67	26.6
P	UX6T	288				49.42	26.98
P	UX6U	288				50.42	30.5
P	UX6V	288				48.52	32.25
P	UX6W	288				49.83	24
P	UX6X	288				50.3	28.67
P	UX6Y	288				48.32	25.87
P	UX6Z	288				46.95	32
P	UX7A	288				51.42	33.55
P	UX7B	288				49.58	25.65
P	UX7C	288				49.45	32.07
P	UX7D	288				47.83	35.17
P	UX7E	288				48.48	35
P	UX7F	288				46.5	30.75
P	UX7G	288				46.65	32.63
P	UX7H	288				49.58	34.58
P	UX7I	288				48	37.83
P	UX7K	288				50.65	26.17
P	UX7L	288				50.37	36.25
P	UX7M	288				48.58	39.33
P	UX7N	288				49.18	28.5
P	UX7P	288				50.65	24.15
P	UX7Q	288				47.83	35.17
P	UX7R	288				51.5	31.3
P	UX7S	288				48.67	26.6
P	UX7T	288				49.42	26.98
P	UX7U	288				50.42	30.5
P	UX7V	288				48.52	32.25
P	UX7W	288				49.83	24
P	UX7X	288				50.3	28.67
P	UX7Y	288				48.32	25.87
P	UX7Z	288				46.95	32
P	UX8A	288				51.42	33.55
P	UX8B	288				49.58	25.65
P	UX8C	288				49.45	32.07
P	UX8D	288				47.83	35.17
P	UX8E	288				48.48	35
P	UX8F	288				46.5	30.75
P	UX8G	288				46.65	32.63
P	UX8H	288				49.58	34.58
P	UX8I	288				48	37.83
P	UX8K	288				50.65	26.17
P	UX8L	288				50.37	36.25
P	UX8M	288				48.58	39.33
P	UX8N	288				49.18	28.5
P	UX8P	288				50.65	24.15
P	UX8Q	288				47.83	35.17
P	UX8R	288				51.5	31.3
P	UX8S	288				48.67	26.6
P	UX8T	288				49.42	26.98
P	UX8U	288				50.42	30.5
P	UX8V	288				48.52	32.25
P	UX8W	288				49.83	24
P	UX8X	288				50.3	28.67
P	UX8Y	288				48.32	25.87
P	UX8Z	288				46.95	32
P	UX9A	288				51.42	33.55
P	UX9B	288				49.58	25.65
P	UX9C	288				49.45	32.07
P	UX9D	288				47.83	35.17
P	UX9E	288				48.48	35
P	UX9F	288				46.5	30.75
P	UX9G	288				46.65	32.63
P	UX9H	288				49.58	34.58
P	UX9I	288				48	37.83
P	UX9K	288				50.65	26.17
P	UX9L	288				50.37	36.25
P	UX9M	288				48.58	39.33
P	UX9N	288				49.18	28.5
P	UX9P	288				50.65	24.15
P	UX9Q	288				47.83	35.17
P	UX9R	288				51.5	31.3
P	UX9S	288				48.67	26.6
P	UX9T	288				49.42	26.98
P	UX9U	288				50.42	30.5
P	UX9V	288				48.52	32.25
P	UX9W	288				49.83	24
P	UX9X	288				50.3	28.67
P	UX9Y	288				48.32	25.87
P	UX9Z	288				46.95	32
P	UY	288
P	UY0A	288				51.42	33.55
P	UY0B	288				49.58	25.65
P	UY0C	288				49.45	32.07
P	UY0D	288				47.83	35.17
P	UY0E	288				48.48	35
P	UY0F	288				46.5	30.75
P	UY0G	288				46.65	32.63
P	UY0H	288				49.58	34.58
P	UY0I	288				48	37.83
P	UY0K	288				50.65	26.17
P	UY0L	288				50.37	36.25
P	UY0M	288				48.58	39.33
P	UY0N	288				49.18	28.5
P	UY0P	288				50.65	24.15
P	UY0Q	288				47.83	35.17
P	UY0R	288				51.5	31.3
P	UY0S	288				48.67	26.6
P	UY0T	288				49.42	26.98
P	UY0U	288				50.42	30.5
P	UY0V	288				48.52	32.25
P	UY0W	288				49.83	24
P	UY0X	288				50.3	28.67
P	UY0Y	288				48.32	25.87
P	UY0Z	288				46.95	32
P	UY1A	288				51.42	33.55
P	UY1B	288				49.58	25.65
P	UY1C	288				49.45	32.07
P	UY1D	288				47.83	35.17
P	UY1E	288				48.48	35
P	UY1F	288				46.5	30.75
P	UY1G	288				46.65	32.63
P	UY1H	288				49.58	34.58
P	UY1I	288				48	37.83
P	UY1K	288				50.65	26.17
P	UY1L	288				50.37	36.25
P	UY1M	288				48.58	39.33
P	UY1N	288				49.18	28.5
P	UY1P	288				50.65	24.15
P	UY1Q	288				47.83	35.17
P	UY1R	288				51.5	31.3
P	UY1S	288				48.67	26.6
P	UY1T	288				49.42	26.98
P	UY1U	288				50.42	30.5
P	UY1V	288				48.52	32.25
P	UY1W	288				49.83	24
P	UY1X	288				50.3	28.67
P	UY1Y	288				48.32	25.87
P	UY1Z	288				46.95	32
P	UY2A	288				51.42	33.55
P	UY2B	288				49.58	25.65
P	UY2C	288				49.45	32.07
P	UY2D	288				47.83	35.17
P	UY2E	288				48.48	35
P	UY2F	288				46.5	30.75
P	UY2G	288				46.65	32.63
P	UY2H	288				49.58	34.58
P	UY2I	288				48	37.83
P	UY2K	288				50.65	26.17
P	UY2L	288				50.37	36.25
P	UY2M	288				48.58	39.33
P	UY2N	288				49.18	28.5
P	UY2P	288				50.65	24.15
P	UY2Q	288				47.83	35.17
P	UY2R	288				51.5	31.3
P	UY2S	288				48.67	26.6
P	UY2T	288				49.42	26.98
P	UY2U	288				50.42	30.5
P	UY2V	288				48.52	32.25
P	UY2W	288				49.83	24
P	UY2X	288				50.3	28.67
P	UY2Y	288				48.32	25.87
P	UY2Z	288				46.95	32
P	UY3A	288				51.42	33.55
P	UY3B	288				49.58	25.65
P	UY3C	288				49.45	32.07
P	UY3D	288				47.83	35.17
P	UY3E	288				48.48	35
P	UY3F	288				46.5	30.75
P	UY3G	288				46.65	32.63
P	UY3H	288				49.58	34.58
P	UY3I	288				48	37.83
P	UY3K	288				50.65	26.17
P	UY3L	288				50.37	36.25
P	UY3M	288				48.58	39.33
P	UY3N	288				49.18	28.5
P	UY3P	288				50.65	24.15
P	UY3Q	288				47.83	35.17
P	UY3R	288				51.5	31.3
P	UY3S	288				48.67	26.6
P	UY3T	288				49.42	26.98
P	UY3U	288				50.42	30.5
P	UY3V	288				48.52	32.25
P	UY3W	288				49.83	24
P	UY3X	288				50.3	28.67
P	UY3Y	288				48.32	25.87
P	UY3Z	288				46.95	32
P	UY4A	288				51.42	33.55
P	UY4B	288				49.58	25.65
P	UY4C	288				49.45	32.07
P	UY4D	288				47.83	35.17
P	UY4E	288				48.48	35
P	UY4F	288				46.5	30.75
P	UY4G	288				46.65	32.63
P	UY4H	288				49.58	34.58
P	UY4I	288				48	37.83
P	UY4K	288				50.65	26.17
P	UY4L	288				50.37	36.25
P	UY4M	288				48.58	39.33
P	UY4N	288				49.18	28.5
P	UY4P	288				50.65	24.15
P	UY4Q	288				47.83	35.17
P	UY4R	288				51.5	31.3
P	UY4S	288				48.67	26.6
P	UY4T	288				49.42	26.98
P	UY4U	288				50.42	30.5
P	UY4V	288				48.52	32.25
P	UY4W	288				49.83	24
P	UY4X	288				50.3	28.67
P	UY4Y	288				48.32	25.87
P	UY4Z	288				46.95	32
P	UY5A	288				51.42	33.55
P	UY5B	288				49.58	25.65
P	UY5C	288				49.45	32.07
P	UY5D	288				47.83	35.17
P	UY5E	288				48.48	35
P	UY5F	288				46.5	30.75
P	UY5G	288				46.65	32.63
P	UY5H	288				49.58	34.58
P	UY5I	288				48	37.83
P	UY5K	288				50.65	26.17
P	UY5L	288				50.37	36.25
P	UY5M	288				48.58	39.33
P	UY5N	288				49.18	28.5
P	UY5P	288				50.65	24.15
P	UY5Q	288				47.83	35.17
P	UY5R	288				51.5	31.3
P	UY5S	288				48.67	26.6
P	UY5T	288				49.42	26.98
P	UY5U	288				50.42	30.5
P	UY5V	288				48.52	32.25
P	UY5W	288				49.83	24
P	UY5X	288				50.3	28.67
P	UY5Y	288				48.32	25.87
P	UY5Z	288				46.95	32
P	UY6A	288				51.42	33.55
P	UY6B	288				49.58	25.65
P	UY6C	288				49.45	32.07
P	UY6D	288				47.83	35.17
P	UY6E	288				48.48	35
P	UY6F	288				46.5	30.75
P	UY6G	288				46.65	32.63
P	UY6H	288				49.58	34.58
P	UY6I	288				48	37.83
P	UY6K	288				50.65	26.17
P	UY6L	288				50.37	36.25
P	UY6M	288				48.58	39.33
P	UY6N	288				49.18	28.5
P	UY6P	288				50.65	24.15
P	UY6Q	288				47.83	35.17
P	UY6R	288				51.5	31.3
P	UY6S	288				48.67	26.6
P	UY6T	288				49.42	26.98
P	UY6U	288				50.42	30.5
P	UY6V	288				48.52	32.25
P	UY6W	288				49.83	24
P	UY6X	288				50.3	28.67
P	UY6Y	288				48.32	25.87
P	UY6Z	288				46.95	32
P	UY7A	288				51.42	33.55
P	UY7B	288				49.58	25.65
P	UY7C	288				49.45	32.07
P	UY7D	288				47.83	35.17
P	UY7E	288				48.48	35
P	UY7F	288				46.5	30.75
P	UY7G	288				46.65	32.63
P	UY7H	288				49.58	34.58
P	UY7I	288				48	37.83
P	UY7K	288				50.65	26.17
P	UY7L	288				50.37	36.25
P	UY7M	288				48.58	39.33
P	UY7N	288				49.18	28.5
P	UY7P	288				50.65	24.15
P	UY7Q	288				47.83	35.17
P	UY7R	288				51.5	31.3
P	UY7S	288				48.67	26.6
P	UY7T	288				49.42	26.98
P	UY7U	288				50.42	30.5
P	UY7V	288				48.52	32.25
P	UY7W	288				49.83	24
P	UY7X	288				50.3	28.67
P	UY7Y	288				48.32	25.87
P	UY7Z	288				46.95	32
P	UY8A	288				51.42	33.55
P	UY8B	288				49.58	25.65
P	UY8C	288				49.45	32.07
P	UY8D	288				47.83	35.17
P	UY8E	288				48.48	35
P	UY8F	288				46.5	30.75
P	UY8G	288				46.65	32.63
P	UY8H	288				49.58	34.58
P	UY8I	288				48	37.83
P	UY8K	288				50.65	26.17
P	UY8L	288				50.37	36.25
P	UY8M	288				48.58	39.33
P	UY8N	288				49.18	28.5
P	UY8P	288				50.65	24.15
P	UY8Q	288				47.83	35.17
P	UY8R	288				51.5	31.3
P	UY8S	288				48.67	26.6
P	UY8T	288				49.42	26.98
P	UY8U	288				50.42	30.5
P	UY8V	288				48.52	32.25
P	UY8W	288				49.83	24
P	UY8X	288				50.3	28.67
P	UY8Y	288				48.32	25.87
P	UY8Z	288				46.95	32
P	UY9A	288				51.42	33.55
P	UY9B	288				49.58	25.65
P	UY9C	288				49.45	32.07
P	UY9D	288				47.83	35.17
P	UY9E	288				48.48	35
P	UY9F	288				46.5	30.75
P	UY9G	288				46.65	32.63
P	UY9H	288				49.58	34.58
P	UY9I	288				48	37.83
P	UY9K	288				50.65	26.17
P	UY9L	288				50.37	36.25
P	UY9M	288				48.58	39.33
P	UY9N	288				49.18	28.5
P	UY9P	288				50.65	24.15
P	UY9Q	288				47.83	35.17
P	UY9R	288				51.5	31.3
P	UY9S	288				48.67	26.6
P	UY9T	288				49.42	26.98
P	UY9U	288				50.42	30.5
P	UY9V	288				48.52	32.25
P	UY9W	288				49.83	24
P	UY9X	288				50.3	28.67
P	UY9Y	288				48.32	25.87
P	UY9Z	288				46.95	32
P	UZ	288
P	UZ0A	288				51.42	33.55
P	UZ0B	288				49.58	25.65
P	UZ0C	288				49.45	32.07
P	UZ0D	288				47.83	35.17
P	UZ0E	288				48.48	35
P	UZ0F	288				46.5	30.75
P	UZ0G	288				46.65	32.63
P	UZ0H	288				49.58	34.58
P	UZ0I	288				48	37.83
P	UZ0K	288				50.65	26.17
P	UZ0L	288				50.37	36.25
P	UZ0M	288				48.58	39.33
P	UZ0N	288				49.18	28.5
P	UZ0P	288				50.65	24.15
P	UZ0Q	288				47.83	35.17
P	UZ0R	288				51.5	31.3
P	UZ0S	288				48.67	26.6
P	UZ0T	288				49.42	26.98
P	UZ0U	288				50.42	30.5
P	UZ0V	288				48.52	32.25
P	UZ0W	288				49.83	24
P	UZ0X	288				50.3	28.67
P	UZ0Y	288				48.32	25.87
P	UZ0Z	288				46.95	32
P	UZ1A	288				51.42	33.55
P	UZ1B	288				49.58	25.65
P	UZ1C	288				49.45	32.07
P	UZ1D	288				47.83	35.17
P	UZ1E	288				48.48	35
P	UZ1F	288				46.5	30.75
P	UZ1G	288				46.65	32.63
P	UZ1H	288				49.58	34.58
P	UZ1I	288				48	37.83
P	UZ1K	288				50.65	26.17
P	UZ1L	288				50.37	36.25
P	UZ1M	288				48.58	39.33
P	UZ1N	288				49.18	28.5
P	UZ1P	288				50.65	24.15
P	UZ1Q	288				47.83	35.17
P	UZ1R	288				51.5	31.3
P	UZ1S	288				48.67	26.6
P	UZ1T	288				49.42	26.98
P	UZ1U	288				50.42	30.5
P	UZ1V	288				48.52	32.25
P	UZ1W	288				49.83	24
P	UZ1X	288				50.3	28.67
P	UZ1Y	288				48.32	25.87
P	UZ1Z	288				46.95	32
P	UZ2A	288				51.42	33.55
P	UZ2B	288				49.58	25.65
P	UZ2C	288				49.45	32.07
P	UZ2D	288				47.83	35.17
P	UZ2E	288				48.48	35
P	UZ2F	288				46.5	30.75
P	UZ2G	288				46.65	32.63
P	UZ2H	288				49.58	34.58
P	UZ2I	288				48	37.83
P	UZ2K	288				50.65	26.17
P	UZ2L	288				50.37	36.25
P	UZ2M	288				48.58	39.33
P	UZ2N	288				49.18	28.5
P	UZ2P	288				50.65	24.15
P	UZ2Q	288				47.83	35.17
P	UZ2R	288				51.5	31.3
P	UZ2S	288				48.67	26.6
P	UZ2T	288				49.42	26.98
P	UZ2U	288				50.42	30.5
P	UZ2V	288				48.52	32.25
P	UZ2W	288				49.83	24
P	UZ2X	288				50.3	28.67
P	UZ2Y	288				48.32	25.87
P	UZ2Z	288				46.95	32
P	UZ3A	288				51.42	33.55
P	UZ3B	288				49.58	25.65
P	UZ3C	288				49.45	32.07
P	UZ3D	288				47.83	35.17
P	UZ3E	288				48.48	35
P	UZ3F	288				46.5	30.75
P	UZ3G	288				46.65	32.63
P	UZ3H	288				49.58	34.58
P	UZ3I	288				48	37.83
P	UZ3K	288				50.65	26.17
P	UZ3L	288				50.37	36.25
P	UZ3M	288				48.58	39.33
P	UZ3N	288				49.18	28.5
P	UZ3P	288				50.65	24.15
P	UZ3Q	288				47.83	35.17
P	UZ3R	288				51.5	31.3
P	UZ3S	288				48.67	26.6
P	UZ3T	288				49.42	26.98
P	UZ3U	288				50.42	30.5
P	UZ3V	288				48.52	32.25
P	UZ3W	288				49.83	24
P	UZ3X	288				50.3	28.67
P	UZ3Y	288				48.32	25.87
P	UZ3Z	288				46.95	32
P	UZ4A	288				51.42	33.55
P	UZ4B	288				49.58	25.65
P	UZ4C	288				49.45	32.07
P	UZ4D	288				47.83	35.17
P	UZ4E	288				48.48	35
P	UZ4F	288				46.5	30.75
P	UZ4G	288				46.65	32.63
P	UZ4H	288				49.58	34.58
P	UZ4I	288				48	37.83
P	UZ4K	288				50.65	26.17
P	UZ4L	288				50.37	36.25
P	UZ4M	288				48.58	39.33
P	UZ4N	288				49.18	28.5
P	UZ4P	288				50.65	24.15
P	UZ4Q	288				47.83	35.17
P	UZ4R	288				51.5	31.3
P	UZ4S	288				48.67	26.6
P	UZ4T	288				49.42	26.98
P	UZ4U	288				50.42	30.5
P	UZ4V	288				48.52	32.25
P	UZ4W	288				49.83	24
P	UZ4X	288				50.3	28.67
P	UZ4Y	288				48.32	25.87
P	UZ4Z	288				46.95	32
P	UZ5A	288				51.42	33.55
P	UZ5B	288				49.58	25.65
P	UZ5C	288				49.45	32.07
P	UZ5D	288				47.83	35.17
P	UZ5E	288				48.48	35
P	UZ5F	288				46.5	30.75
P	UZ5G	288				46.65	32.63
P	UZ5H	288				49.58	34.58
P	UZ5I	288				48	37.83
P	UZ5K	288				50.65	26.17
P	UZ5L	288				50.37	36.25
P	UZ5M	288				48.58	39.33
P	UZ5N	288				49.18	28.5
P	UZ5P	288				50.65	24.15
P	UZ5Q	288				47.83	35.17
P	UZ5R	288				51.5	31.3
P	UZ5S	288				48.67	26.6
P	UZ5T	288				49.42	26.98
P	UZ5U	288				50.42	30.5
P	UZ5V	288				48.52	32.25
P	UZ5W	288				49.83	24
P	UZ5X	288				50.3	28.67
P	UZ5Y	288				48.32	25.87
P	UZ5Z	288				46.95	32
P	UZ6A	288				51.42	33.55
P	UZ6B	288				49.58	25.65
P	UZ6C	288				49.45	32.07
P	UZ6D	288				47.83	35.17
P	UZ6E	288				48.48	35
P	UZ6F	288				46.5	30.75
P	UZ6G	288				46.65	32.63
P	UZ6H	288				49.58	34.58
P	UZ6I	288				48	37.83
P	UZ6K	288				50.65	26.17
P	UZ6L	288				50.37	36.25
P	UZ6M	288				48.58	39.33
P	UZ6N	288				49.18	28.5
P	UZ6P	288				50.65	24.15
P	UZ6Q	288				47.83	35.17
P	UZ6R	288				51.5	31.3
P	UZ6S	288				48.67	26.6
P	UZ6T	288				49.42	26.98
P	UZ6U	288				50.42	30.5
P	UZ6V	288				48.52	32.25
P	UZ6W	288				49.83	24
P	UZ6X	288				50.3	28.67
P	UZ6Y	288				48.32	25.87
P	UZ6Z	288				46.95	32
P	UZ7A	288				51.42	33.55
P	UZ7B	288				49.58	25.65
P	UZ7C	288				49.45	32.07
P	UZ7D	288				47.83	35.17
P	UZ7E	288				48.48	35
P	UZ7F	288				46.5	30.75
P	UZ7G	288				46.65	32.63
P	UZ7H	288				49.58	34.58
P	UZ7I	288				48	37.83
P	UZ7K	288				50.65	26.17
P	UZ7L	288				50.37	36.25
P	UZ7M	288				48.58	39.33
P	UZ7N	288				49.18	28.5
P	UZ7P	288				50.65	24.15
P	UZ7Q	288				47.83	35.17
P	UZ7R	288				51.5	31.3
P	UZ7S	288				48.67	26.6
P	UZ7T	288				49.42	26.98
P	UZ7U	288				50.42	30.5
P	UZ7V	288				48.52	32.25
P	UZ7W	288				49.83	24
P	UZ7X	288				50.3	28.67
P	UZ7Y	288				48.32	25.87
P	UZ7Z	288				46.95	32
P	UZ8A	288				51.42	33.55
P	UZ8B	288				49.58	25.65
P	UZ8C	288				49.45	32.07
P	UZ8D	288				47.83	35.17
P	UZ8E	288				48.48	35
P	UZ8F	288				46.5	30.75
P	UZ8G	288				46.65	32.63
P	UZ8H	288				49.58	34.58
P	UZ8I	288				48	37.83
P	UZ8K	288				50.65	26.17
P	UZ8L	288				50.37	36.25
P	UZ8M	288				48.58	39.33
P	UZ8N	288				49.18	28.5
P	UZ8P	288				50.65	24.15
P	UZ8Q	288				47.83	35.17
P	UZ8R	288				51.5	31.3
P	UZ8S	288				48.67	26.6
P	UZ8T	288				49.42	26.98
P	UZ8U	288				50.42	30.5
P	UZ8V	288				48.52	32.25
P	UZ8W	288				49.83	24
P	UZ8X	288				50.3	28.67
P	UZ8Y	288				48.32	25.87
P	UZ8Z	288				46.95	32
P	UZ9A	288				51.42	33.55
P	UZ9B	288				49.58	25.65
P	UZ9C	288				49.45	32.07
P	UZ9D	288				47.83	35.17
P	UZ9E	288				48.48	35
P	UZ9F	288				46.5	30.75
P	UZ9G	288				46.65	32.63
P	UZ9H	288				49.58	34.58
P	UZ9I	288				48	37.83
P	UZ9K	288				50.65	26.17
P	UZ9L	288				50.37	36.25
P	UZ9M	288				48.58	39.33
P	UZ9N	288				49.18	28.5
P	UZ9P	288				50.65	24.15
P	UZ9Q	288				47.83	35.17
P	UZ9R	288				51.5	31.3
P	UZ9S	288				48.67	26.6
P	UZ9T	288				49.42	26.98
P	UZ9U	288				50.42	30.5
P	UZ9V	288				48.52	32.25
P	UZ9W	288				49.83	24
P	UZ9X	288				50.3	28.67
P	UZ9Y	288				48.32	25.87
P	UZ9Z	288				46.95	32
P	V2	94
P	V3	66
P	V4	249
P	V5	464
P	V6	173
P	V7	168
P	V8	345
P	V9	462
P	VA	1		9
P	VA1	1		9		45.13	-62.48
P	VA2	1		4		45.78	-73.27
P	VA3	1	4	4		43.8	-79.25
P	VA4	1	4	3		49.88	-97.13
P	VA5	1	4	3		51.33	-105.7
P	VA6	1	4			52.12	-113.83
P	VA7	1	3			49.53	-122.67
P	VA8	1	1	3		62.45	-114.4
P	VA9	1		9		45.75	-65.8
P	VB	1		9
P	VB1	1		9		45.13	-62.48
P	VB2	1		4		45.78	-73.27
P	VB3	1	4	4		43.8	-79.25
P	VB4	1	4	3		49.88	-97.13
P	VB5	1	4	3		51.33	-105.7
P	VB6	1	4			52.12	-113.83
P	VB7	1	3			49.53	-122.67
P	VB8	1	1	3		62.45	-114.4
P	VB9	1		9		45.75	-65.8
P	VC	1		9
P	VC1	1		9		45.13	-62.48
P	VC2	1		4		45.78	-73.27
P	VC3	1	4	4		43.8	-79.25
P	VC4	1	4	3		49.88	-97.13
P	VC5	1	4	3		51.33	-105.7
P	VC6	1	4			52.12	-113.83
P	VC7	1	3			49.53	-122.67
P	VC8	1	1	3		62.45	-114.4
P	VC9	1		9		45.75	-65.8
P	VD1	1		9		48.48	-55.47
P	VD2	1	2	9		53.93	-61.07
P	VE	1		9
P	VE1	1		9		45.13	-62.48
P	VE2	1		4		45.78	-73.27
P	VE3	1	4	4		43.8	-79.25
P	VE4	1	4	3		49.88	-97.13
P	VE5	1	4	3		51.33	-105.7
P	VE6	1	4			52.12	-113.83
P	VE7	1	3			49.53	-122.67
P	VE8	1	1	3		62.45	-114.4
P	VE9	1		9		45.75	-65.8
P	VF1	1	1			60.72	-135.05
P	VF2	1		9		46.37	-63.43
P	VG	1		9
P	VG1	1		9		45.13	-62.48
P	VG2	1		4		45.78	-73.27
P	VG3	1	4	4		43.8	-79.25
P	VG4	1	4	3		49.88	-97.13
P	VG5	1	4	3		51.33	-105.7
P	VG6	1	4			52.12	-113.83
P	VG7	1	3			49.53	-122.67
P	VG8	1	1	3		62.45	-114.4
P	VG9	1		9		45.75	-65.8
P	VI	150		59
P	VI0	13	39	69	SA	-67.6	62.87
P	VI1	150		59		-35.5	149
P	VI2	150		59		-34	151
P	VI3	150		59		-38	145
P	VI4	150				-27.5	153
P	VI5	150		59		-34.9	138.6
P	VI6	150	29	58		-32	115.9
P	VI7	150		59		-42.9	147.3
P	VI8	150	29			-12.5	130.9
P	VI9	189
P	VI9C	38
P	VI9M	171
P	VI9W	303		55
P	VI9X	35
P	VI9Y	38
P	VI9Z	303		55
P	VJ	150		59
P	VJ1	150		59		-35.5	149
P	VJ2	150		59		-34	151
P	VJ3	150		59		-38	145
P	VJ4	150				-27.5	153
P	VJ5	150		59		-34.9	138.6
P	VJ6	150	29	58		-32	115.9
P	VJ7	150		59		-42.9	147.3
P	VJ8	150	29			-12.5	130.9
P	VK	150		59
P	VK0	13	39	69	SA	-67.6	62.87
P	VK1	150		59		-35.5	149
P	VK2	150		59		-34	151
P	VK3	150		59		-38	145
P	VK4	150				-27.5	153
P	VK5	150		59		-34.9	138.6
P	VK6	150	29	58		-32	115.9
P	VK7	150		59		-42.9	147.3
P	VK8	150	29			-12.5	130.9
P	VK9	189
P	VK9C	38
P	VK9FC	38
P	VK9FL	147
P	VK9FW	303		55
P	VK9FX	35
P	VK9KC	38
P	VK9KX	35
P	VK9M	171
P	VK9W	303		55
P	VK9X	35
P	VK9Y	38
P	VK9Z	303		55
P	VK9ZY	38
P	VL	150		59
P	VL1	150		59		-35.5	149
P	VL2	150		59		-34	151
P	VL3	150		59		-38	145
P	VL4	150				-27.5	153
P	VL5	150		59		-34.9	138.6
P	VL6	150	29	58		-32	115.9
P	VL7	150		59		-42.9	147.3
P	VL8	150	29			-12.5	130.9
P	VO1	1		9		48.48	-55.47
P	VO2	1	2	9		53.93	-61.07
P	VP0G	235
P	VP0S	240
P	VP2E	12
P	VP2M	96
P	VP2V	65
P	VP5	89
P	VP6	172
P	VP8	141
P	VP9	64
P	VQ5	89
P	VQ9	33
P	VR	321
P	VT	324
P	VU	324
P	VU4	11
P	VU7	142
P	VV	324
P	VW	324
P	VX	1		9
P	VX1	1		9		45.13	-62.48
P	VX2	1		4		45.78	-73.27
P	VX3	1	4	4		43.8	-79.25
P	VX4	1	4	3		49.88	-97.13
P	VX5	1	4	3		51.33	-105.7
P	VX6	1	4			52.12	-113.83
P	VX7	1	3			49.53	-122.67
P	VX8	1	1	3		62.45	-114.4
P	VX9	1		9		45.75	-65.8
P	VY0	1	2	4		65.25	-83.6
P	VY1	1	1			60.72	-135.05
P	VY2	1		9		46.37	-63.43
P	VY9	1		9
P	VZ9M	171
P	VZ9W	303		55
P	VZ9X	35
P	VZ9Y	38
P	W	291		8
P	W0	291	4	7		41.12	-96.57
P	W1	291		8		42.38	-71.65
P	W2	291		8		41.15	-74.53
P	W3	291		8		39.95	-76.85
P	W4	291		8		33.12	-82.2
P	W5	291	4	7		31.85	-96.3
P	W6	291	3			35.48	-119.35
P	W7	291	3			41.3	-116.6
P	W8	291	4	8		41.35	-83.23
P	W9	291	4	8		41.55	-87.97
P	WA0	291	4	7		41.12	-96.57
P	WA1	291		8		42.38	-71.65
P	WA2	291		8		41.15	-74.53
P	WA3	291		8		39.95	-76.85
P	WA4	291		8		33.12	-82.2
P	WA5	291	4	7		31.85	-96.3
P	WA6	291	3			35.48	-119.35
P	WA7	291	3			41.3	-116.6
P	WA8	291	4	8		41.35	-83.23
P	WA9	291	4	8		41.55	-87.97
P	WB0	291	4	7		41.12	-96.57
P	WB1	291		8		42.38	-71.65
P	WB2	291		8		41.15	-74.53
P	WB3	291		8		39.95	-76.85
P	WB4	291		8		33.12	-82.2
P	WB5	291	4	7		31.85	-96.3
P	WB6	291	3			35.48	-119.35
P	WB7	291	3			41.3	-116.6
P	WB8	291	4	8		41.35	-83.23
P	WB9	291	4	8		41.55	-87.97
P	WC0	291	4	7		41.12	-96.57
P	WC1	291		8		42.38	-71.65
P	WC2	291		8		41.15	-74.53
P	WC3	291		8		39.95	-76.85
P	WC4	291		8		33.12	-82.2
P	WC5	291	4	7		31.85	-96.3
P	WC6	291	3			35.48	-119.35
P	WC7	291	3			41.3	-116.6
P	WC8	291	4	8		41.35	-83.23
P	WC9	291	4	8		41.55	-87.97
P	WD0	291	4	7		41.12	-96.57
P	WD1	291		8		42.38	-71.65
P	WD2	291		8		41.15	-74.53
P	WD3	291		8		39.95	-76.85
P	WD4	291		8		33.12	-82.2
P	WD5	291	4	7		31.85	-96.3
P	WD6	291	3			35.48	-119.35
P	WD7	291	3			41.3	-116.6
P	WD8	291	4	8		41.35	-83.23
P	WD9	291	4	8		41.55	-87.97
P	WE0	291	4	7		41.12	-96.57
P	WE1	291		8		42.38	-71.65
P	WE2	291		8		41.15	-74.53
P	WE3	291		8		39.95	-76.85
P	WE4	291		8		33.12	-82.2
P	WE5	291	4	7		31.85	-96.3
P	WE6	291	3			35.48	-119.35
P	WE7	291	3			41.3	-116.6
P	WE8	291	4	8		41.35	-83.23
P	WE9	291	4	8		41.55	-87.97
P	WF0	291	4	7		41.12	-96.57
P	WF1	291		8		42.38	-71.65
P	WF2	291		8		41.15	-74.53
P	WF3	291		8		39.95	-76.85
P	WF4	291		8		33.12	-82.2
P	WF5	291	4	7		31.85	-96.3
P	WF6	291	3			35.48	-119.35
P	WF7	291	3			41.3	-116.6
P	WF8	291	4	8		41.35	-83.23
P	WF9	291	4	8		41.55	-87.97
P	WG0	291	4	7		41.12	-96.57
P	WG1	291		8		42.38	-71.65
P	WG2	291		8		41.15	-74.53
P	WG3	291		8		39.95	-76.85
P	WG4	291		8		33.12	-82.2
P	WG5	291	4	7		31.85	-96.3
P	WG6	291	3			35.48	-119.35
P	WG7	291	3			41.3	-116.6
P	WG8	291	4	8		41.35	-83.23
P	WG9	291	4	8		41.55	-87.97
P	WH0	166
P	WH1	20
P	WH2	103
P	WH3	123
P	WH4	174
P	WH5	197
P	WH6	110
P	WH7	110
P	WH7K	138
P	WH8	9
P	WH9	297
P	WI0	291	4	7		41.12	-96.57
P	WI1	291		8		42.38	-71.65
P	WI2	291		8		41.15	-74.53
P	WI3	291		8		39.95	-76.85
P	WI4	291		8		33.12	-82.2
P	WI5	291	4	7		31.85	-96.3
P	WI6	291	3			35.48	-119.35
P	WI7	291	3			41.3	-116.6
P	WI8	291	4	8		41.35	-83.23
P	WI9	291	4	8		41.55	-87.97
P	WJ0	291	4	7		41.12	-96.57
P	WJ1	291		8		42.38	-71.65
P	WJ2	291		8		41.15	-74.53
P	WJ3	291		8		39.95	-76.85
P	WJ4	291		8		33.12	-82.2
P	WJ5	291	4	7		31.85	-96.3
P	WJ6	291	3			35.48	-119.35
P	WJ7	291	3			41.3	-116.6
P	WJ8	291	4	8		41.35	-83.23
P	WJ9	291	4	8		41.55	-87.97
P	WK0	291	4	7		41.12	-96.57
P	WK1	291		8		42.38	-71.65
P	WK2	291		8		41.15	-74.53
P	WK3	291		8		39.95	-76.85
P	WK4	291		8		33.12	-82.2
P	WK5	291	4	7		31.85	-96.3
P	WK6	291	3			35.48	-119.35
P	WK7	291	3			41.3	-116.6
P	WK8	291	4	8		41.35	-83.23
P	WK9	291	4	8		41.55	-87.97
P	WL	6
P	WM0	291	4	7		41.12	-96.57
P	WM1	291		8		42.38	-71.65
P	WM2	291		8		41.15	-74.53
P	WM3	291		8		39.95	-76.85
P	WM4	291		8		33.12	-82.2
P	WM5	291	4	7		31.85	-96.3
P	WM6	291	3			35.48	-119.35
P	WM7	291	3			41.3	-116.6
P	WM8	291	4	8		41.35	-83.23
P	WM9	291	4	8		41.55	-87.97
P	WN0	291	4	7		41.12	-96.57
P	WN1	291		8		42.38	-71.65
P	WN2	291		8		41.15	-74.53
P	WN3	291		8		39.95	-76.85
P	WN4	291		8		33.12	-82.2
P	WN5	291	4	7		31.85	-96.3
P	WN6	291	3			35.48	-119.35
P	WN7	291	3			41.3	-116.6
P	WN8	291	4	8		41.35	-83.23
P	WN9	291	4	8		41.55	-87.97
P	WO0	291	4	7		41.12	-96.57
P	WO1	291		8		42.38	-71.65
P	WO2	291		8		41.15	-74.53
P	WO3	291		8		39.95	-76.85
P	WO4	291		8		33.12	-82.2
P	WO5	291	4	7		31.85	-96.3
P	WO6	291	3			35.48	-119.35
P	WO7	291	3			41.3	-116.6
P	WO8	291	4	8		41.35	-83.23
P	WO9	291	4	8		41.55	-87.97
P	WP1	182
P	WP2	285
P	WP3	202
P	WP4	202
P	WP5	43
P	WQ0	291	4	7		41.12	-96.57
P	WQ1	291		8		42.38	-71.65
P	WQ2	291		8		41.15	-74.53
P	WQ3	291		8		39.95	-76.85
P	WQ4	291		8		33.12	-82.2
P	WQ5	291	4	7		31.85	-96.3
P	WQ6	291	3			35.48	-119.35
P	WQ7	291	3			41.3	-116.6
P	WQ8	291	4	8		41.35	-83.23
P	WQ9	291	4	8		41.55	-87.97
P	WR0	291	4	7		41.12	-96.57
P	WR1	291		8		42.38	-71.65
P	WR2	291		8		41.15	-74.53
P	WR3	291		8		39.95	-76.85
P	WR4	291		8		33.12	-82.2
P	WR5	291	4	7		31.85	-96.3
P	WR6	291	3			35.48	-119.35
P	WR7	291	3			41.3	-116.6
P	WR8	291	4	8		41.35	-83.23
P	WR9	291	4	8		41.55	-87.97
P	WS0	291	4	7		41.12	-96.57
P	WS1	291		8		42.38	-71.65
P	WS2	291		8		41.15	-74.53
P	WS3	291		8		39.95	-76.85
P	WS4	291		8		33.12	-82.2
P	WS5	291	4	7		31.85	-96.3
P	WS6	291	3			35.48	-119.35
P	WS7	291	3			41.3	-116.6
P	WS8	291	4	8		41.35	-83.23
P	WS9	291	4	8		41.55	-87.97
P	WT0	291	4	7		41.12	-96.57
P	WT1	291		8		42.38	-71.65
P	WT2	291		8		41.15	-74.53
P	WT3	291		8		39.95	-76.85
P	WT4	291		8		33.12	-82.2
P	WT5	291	4	7		31.85	-96.3
P	WT6	291	3			35.48	-119.35
P	WT7	291	3			41.3	-116.6
P	WT8	291	4	8		41.35	-83.23
P	WT9	291	4	8		41.55	-87.97
P	WU0	291	4	7		41.12	-96.57
P	WU1	291		8		42.38	-71.65
P	WU2	291		8		41.15	-74.53
P	WU3	291		8		39.95	-76.85
P	WU4	291		8		33.12	-82.2
P	WU5	291	4	7		31.85	-96.3
P	WU6	291	3			35.48	-119.35
P	WU7	291	3			41.3	-116.6
P	WU8	291	4	8		41.35	-83.23
P	WU9	291	4	8		41.55	-87.97
P	WV0	291	4	7		41.12	-96.57
P	WV1	291		8		42.38	-71.65
P	WV2	291		8		41.15	-74.53
P	WV3	291		8		39.95	-76.85
P	WV4	291		8		33.12	-82.2
P	WV5	291	4	7		31.85	-96.3
P	WV6	291	3			35.48	-119.35
P	WV7	291	3			41.3	-116.6
P	WV8	291	4	8		41.35	-83.23
P	WV9	291	4	8		41.55	-87.97
P	WW0	291	4	7		41.12	-96.57
P	WW1	291		8		42.38	-71.65
P	WW2	291		8		41.15	-74.53
P	WW3	291		8		39.95	-76.85
P	WW4	291		8		33.12	-82.2
P	WW5	291	4	7		31.85	-96.3
P	WW6	291	3			35.48	-119.35
P	WW7	291	3			41.3	-116.6
P	WW8	291	4	8		41.35	-83.23
P	WW9	291	4	8		41.55	-87.97
P	WX0	291	4	7		41.12	-96.57
P	WX1	291		8		42.38	-71.65
P	WX2	291		8		41.15	-74.53
P	WX3	291		8		39.95	-76.85
P	WX4	291		8		33.12	-82.2
P	WX5	291	4	7		31.85	-96.3
P	WX6	291	3			35.48	-119.35
P	WX7	291	3			41.3	-116.6
P	WX8	291	4	8		41.35	-83.23
P	WX9	291	4	8		41.55	-87.97
P	WY0	291	4	7		41.12	-96.57
P	WY1	291		8		42.38	-71.65
P	WY2	291		8		41.15	-74.53
P	WY3	291		8		39.95	-76.85
P	WY4	291		8		33.12	-82.2
P	WY5	291	4	7		31.85	-96.3
P	WY6	291	3			35.48	-119.35
P	WY7	291	3			41.3	-116.6
P	WY8	291	4	8		41.35	-83.23
P	WY9	291	4	8		41.55	-87.97
P	WZ0	291	4	7		41.12	-96.57
P	WZ1	291		8		42.38	-71.65
P	WZ2	291		8		41.15	-74.53
P	WZ3	291		8		39.95	-76.85
P	WZ4	291		8		33.12	-82.2
P	WZ5	291	4	7		31.85	-96.3
P	WZ6	291	3			35.48	-119.35
P	WZ7	291	3			41.3	-116.6
P	WZ8	291	4	8		41.35	-83.23
P	WZ9	291	4	8		41.55	-87.97
P	XA	50
P	XA1	50				19.8	-99.67
P	XA2	50				26.62	-105.08
P	XA3	50				17.9	-94.15
P	XA4	204
P	XB	50
P	XB1	50				19.8	-99.67
P	XB2	50				26.62	-105.08
P	XB3	50				17.9	-94.15
P	XB4	204
P	XC	50
P	XC1	50				19.8	-99.67
P	XC2	50				26.62	-105.08
P	XC3	50				17.9	-94.15
P	XC4	204
P	XD	50
P	XD1	50				19.8	-99.67
P	XD2	50				26.62	-105.08
P	XD3	50				17.9	-94.15
P	XD4	204
P	XE	50
P	XE1	50				19.8	-99.67
P	XE2	50				26.62	-105.08
P	XE3	50				17.9	-94.15
P	XE4	204
P	XF	50
P	XF4	204
P	XG	50
P	XG1	50				19.8	-99.67
P	XG2	50				26.62	-105.08
P	XG3	50				17.9	-94.15
P	XG4	204
P	XH	50
P	XH1	50				19.8	-99.67
P	XH2	50				26.62	-105.08
P	XH3	50				17.9	-94.15
P	XH4	204
P	XI	50
P	XI1	50				19.8	-99.67
P	XI2	50				26.62	-105.08
P	XI3	50				17.9	-94.15
P	XI4	204
P	XJ1	1		9		48.48	-55.47
P	XJ2	1	2	9		53.93	-61.07
P	XK0	1	2	4		65.25	-83.6
P	XK1	1	1			60.72	-135.05
P	XK2	1		9		46.37	-63.43
P	XL	1		9
P	XL1	1		9		45.13	-62.48
P	XL2	1		4		45.78	-73.27
P	XL3	1	4	4		43.8	-79.25
P	XL4	1	4	3		49.88	-97.13
P	XL5	1	4	3		51.33	-105.7
P	XL6	1	4			52.12	-113.83
P	XL7	1	3			49.53	-122.67
P	XL8	1	1	3		62.45	-114.4
P	XL9	1		9		45.75	-65.8
P	XM	1		9
P	XM1	1		9		45.13	-62.48
P	XM2	1		4		45.78	-73.27
P	XM3	1	4	4		43.8	-79.25
P	XM4	1	4	3		49.88	-97.13
P	XM5	1	4	3		51.33	-105.7
P	XM6	1	4			52.12	-113.83
P	XM7	1	3			49.53	-122.67
P	XM8	1	1	3		62.45	-114.4
P	XM9	1		9		45.75	-65.8
P	XN1	1		9		48.48	-55.47
P	XN2	1	2	9		53.93	-61.07
P	XO0	1	2	4		65.25	-83.6
P	XO1	1	1			60.72	-135.05
P	XO2	1		9		46.37	-63.43
P	XP	237
P	XQ	112
P	XQ0	47
P	XQ0X	217
P	XQ0Z	125
P	XQ1	112				-23.65	-70.4
P	XQ2	112				-33.08	-71.53
P	XQ3	112				-35.5	-70.67
P	XQ4	112				-33.62	-70.75
P	XQ5	112				-36.62	-72.17
P	XQ6	112				-39.75	-73.25
P	XQ7	112		16		-40.58	-73.23
P	XQ8	112		16		-53.17	-70.93
P	XR	112
P	XR0	47
P	XR0X	217
P	XR0Z	125
P	XR1	112				-23.65	-70.4
P	XR2	112				-33.08	-71.53
P	XR3	112				-35.5	-70.67
P	XR4	112				-33.62	-70.75
P	XR5	112				-36.62	-72.17
P	XR6	112				-39.75	-73.25
P	XR7	112		16		-40.58	-73.23
P	XR8	112		16		-53.17	-70.93
P	XR9	241
P	XS	318		44
P	XS0A	318	23	42		43.75	87.75
P	XS0B	318	23	42		43.75	87.75
P	XS0C	318	23	42		43.75	87.75
P	XS0D	318	23	42		43.75	87.75
P	XS0E	318	23	42		43.75	87.75
P	XS0F	318	23	42		43.75	87.75
P	XS0G	318	23	42		29.42	90.97
P	XS0H	318	23	42		29.42	90.97
P	XS0I	318	23	42		29.42	90.97
P	XS0J	318	23	42		29.42	90.97
P	XS0K	318	23	42		29.42	90.97
P	XS0L	318	23	42		29.42	90.97
P	XS1	318		44		39.93	116.4
P	XS2A	318				45.8	126.67
P	XS2B	318				45.8	126.67
P	XS2C	318				45.8	126.67
P	XS2D	318				45.8	126.67
P	XS2E	318				45.8	126.67
P	XS2F	318				45.8	126.67
P	XS2G	318				45.8	126.67
P	XS2H	318				45.8	126.67
P	XS2I	318				43.95	125.28
P	XS2J	318				43.95	125.28
P	XS2K	318				43.95	125.28
P	XS2L	318				43.95	125.28
P	XS2M	318				43.95	125.28
P	XS2N	318				43.95	125.28
P	XS2O	318				43.95	125.28
P	XS2P	318				43.95	125.28
P	XS2Q	318		44		41.8	123.45
P	XS2R	318		44		41.8	123.45
P	XS2S	318		44		41.8	123.45
P	XS2T	318		44		41.8	123.45
P	XS2U	318		44		41.8	123.45
P	XS2V	318		44		41.8	123.45
P	XS2W	318		44		41.8	123.45
P	XS2X	318		44		41.8	123.45
P	XS3A	318		44		39.13	117.17
P	XS3B	318		44		39.13	117.17
P	XS3C	318		44		39.13	117.17
P	XS3D	318		44		39.13	117.17
P	XS3E	318		44		39.13	117.17
P	XS3F	318		44		39.13	117.17
P	XS3G	318	23			40.87	111.67
P	XS3H	318	23			40.87	111.67
P	XS3I	318	23			40.87	111.67
P	XS3J	318	23			40.87	111.67
P	XS3K	318	23			40.87	111.67
P	XS3L	318	23			40.87	111.67
P	XS3M	318		44		38.03	114.47
P	XS3N	318		44		38.03	114.47
P	XS3O	318		44		38.03	114.47
P	XS3P	318		44		38.03	114.47
P	XS3Q	318		44		38.03	114.47
P	XS3R	318		44		38.03	114.47
P	XS3S	318		44		37.87	112.55
P	XS3T	318		44		37.87	112.55
P	XS3U	318		44		37.87	112.55
P	XS3V	318		44		37.87	112.55
P	XS3W	318		44		37.87	112.55
P	XS3X	318		44		37.87	112.55
P	XS4A	318		44		31.25	121.43
P	XS4B	318		44		31.25	121.43
P	XS4C	318		44		31.25	121.43
P	XS4D	318		44		31.25	121.43
P	XS4E	318		44		31.25	121.43
P	XS4F	318		44		31.25	121.43
P	XS4G	318		44		31.25	121.43
P	XS4H	318		44		31.25	121.43
P	XS4I	318		44		36.63	117.02
P	XS4J	318		44		36.63	117.02
P	XS4K	318		44		36.63	117.02
P	XS4L	318		44		36.63	117.02
P	XS4M	318		44		36.63	117.02
P	XS4N	318		44		36.63	117.02
P	XS4O	318		44		36.63	117.02
P	XS4P	318		44		36.63	117.02
P	XS4Q	318		44		32.03	118.78
P	XS4R	318		44		32.03	118.78
P	XS4S	318		44		32.03	118.78
P	XS4T	318		44		32.03	118.78
P	XS4U	318		44		32.03	118.78
P	XS4V	318		44		32.03	118.78
P	XS4W	318		44		32.03	118.78
P	XS4X	318		44		32.03	118.78
P	XS5A	318		44		30.3	120.18
P	XS5B	318		44		30.3	120.18
P	XS5C	318		44		30.3	120.18
P	XS5D	318		44		30.3	120.18
P	XS5E	318		44		30.3	120.18
P	XS5F	318		44		30.3	120.18
P	XS5G	318		44		30.3	120.18
P	XS5H	318		44		30.3	120.18
P	XS5I	318		44		30.72	106.03
P	XS5J	318		44		30.72	106.03
P	XS5K	318		44		30.72	106.03
P	XS5L	318		44		30.72	106.03
P	XS5M	318		44		30.72	106.03
P	XS5N	318		44		30.72	106.03
P	XS5O	318		44		30.72	106.03
P	XS5P	318		44		30.72	106.03
P	XS5Q	318		44		26.08	119.27
P	XS5R	318		44		26.08	119.27
P	XS5S	318		44		26.08	119.27
P	XS5T	318		44		26.08	119.27
P	XS5U	318		44		26.08	119.27
P	XS5V	318		44		26.08	119.27
P	XS5W	318		44		26.08	119.27
P	XS5X	318		44		26.08	119.27
P	XS6A	318		44		31.87	117.3
P	XS6B	318		44		31.87	117.3
P	XS6C	318		44		31.87	117.3
P	XS6D	318		44		31.87	117.3
P	XS6E	318		44		31.87	117.3
P	XS6F	318		44		31.87	117.3
P	XS6G	318		44		31.87	117.3
P	XS6H	318		44		31.87	117.3
P	XS6I	318		44		34.75	113.57
P	XS6J	318		44		34.75	113.57
P	XS6K	318		44		34.75	113.57
P	XS6L	318		44		34.75	113.57
P	XS6M	318		44		34.75	113.57
P	XS6N	318		44		34.75	113.57
P	XS6O	318		44		34.75	113.57
P	XS6P	318		44		34.75	113.57
P	XS6Q	318		43		30.52	114.3
P	XS6R	318		43		30.52	114.3
P	XS6S	318		43		30.52	114.3
P	XS6T	318		43		30.52	114.3
P	XS6U	318		43		30.52	114.3
P	XS6V	318		43		30.52	114.3
P	XS6W	318		43		30.52	114.3
P	XS6X	318		43		30.52	114.3
P	XS7A	318		43		28.2	113
P	XS7B	318		43		28.2	113
P	XS7C	318		43		28.2	113
P	XS7D	318		43		28.2	113
P	XS7E	318		43		28.2	113
P	XS7F	318		43		28.2	113
P	XS7G	318		43		28.2	113
P	XS7H	318		43		28.2	113
P	XS7I	318		44		23.08	113.17
P	XS7J	318		44		23.08	113.17
P	XS7K	318		44		23.08	113.17
P	XS7L	318		44		23.08	113.17
P	XS7M	318		44		23.08	113.17
P	XS7N	318		44		23.08	113.17
P	XS7O	318		44		23.08	113.17
P	XS7P	318		44		23.08	113.17
P	XS7Q	318		43		22.8	108.33
P	XS7R	318		43		22.8	108.33
P	XS7S	318		43		22.8	108.33
P	XS7T	318		43		22.8	108.33
P	XS7U	318		43		22.8	108.33
P	XS7V	318		43		22.8	108.33
P	XS7W	318		43		22.8	108.33
P	XS7X	318		43		22.8	108.33
P	XS7Y	318		44		20.02	110.27
P	XS8A	318		43		30.63	104.03
P	XS8B	318		43		30.63	104.03
P	XS8C	318		43		30.63	104.03
P	XS8D	318		43		30.63	104.03
P	XS8E	318		43		30.63	104.03
P	XS8F	318		43		30.63	104.03
P	XS8G	318		43		29.58	106.42
P	XS8H	318		43		29.58	106.42
P	XS8I	318		43		29.58	106.42
P	XS8J	318		43		29.58	106.42
P	XS8K	318		43		29.58	106.42
P	XS8L	318		43		29.58	106.42
P	XS8M	318		43		26.53	106.67
P	XS8N	318		43		26.53	106.67
P	XS8O	318		43		26.53	106.67
P	XS8P	318		43		26.53	106.67
P	XS8Q	318		43		26.53	106.67
P	XS8R	318		43		26.53	106.67
P	XS8S	318		43		25.02	102.68
P	XS8T	318		43		25.02	102.68
P	XS8U	318		43		25.02	102.68
P	XS8V	318		43		25.02	102.68
P	XS8W	318		43		25.02	102.68
P	XS8X	318		43		25.02	102.68
P	XS9A	318		43		34.25	109
P	XS9B	318		43		34.25	109
P	XS9C	318		43		34.25	109
P	XS9D	318		43		34.25	109
P	XS9E	318		43		34.25	109
P	XS9F	318		43		34.25	109
P	XS9G	318	23	43		36.02	103.87
P	XS9H	318	23	43		36.02	103.87
P	XS9I	318	23	43		36.02	103.87
P	XS9J	318	23	43		36.02	103.87
P	XS9K	318	23	43		36.02	103.87
P	XS9L	318	23	43		36.02	103.87
P	XS9M	318	23	43		38.5	106.25
P	XS9N	318	23	43		38.5	106.25
P	XS9O	318	23	43		38.5	106.25
P	XS9P	318	23	43		38.5	106.25
P	XS9Q	318	23	43		38.5	106.25
P	XS9R	318	23	43		38.5	106.25
P	XS9S	318	23	42		36.57	101.67
P	XS9T	318	23	42		36.57	101.67
P	XS9U	318	23	42		36.57	101.67
P	XS9V	318	23	42		36.57	101.67
P	XS9W	318	23	42		36.57	101.67
P	XS9X	318	23	42		36.57	101.67
P	XT	480
P	XU	312
P	XV	293
P	XW	143
P	XX9	152
P	XY	309
P	XZ	309
P	Y2	230
P	Y3	230
P	Y4	230
P	Y5	230
P	Y6	230
P	Y7	230
P	Y8	230
P	Y9	230
P	YA	3
P	YB	327		54
P	YB0	327		54		-6.2	106.8
P	YB1	327		54		-6.77	107.57
P	YB2	327		54		-7.32	110.17
P	YB3	327		54		-7.97	112.02
P	YB4	327		54		-3.07	103.5
P	YB5	327		54		0.75	101.75
P	YB6	327		54		2.97	99.77
P	YB7	327		54		-2.2	113.75
P	YB8	327		54		0.55	123.08
P	YB9	327				-2.52	140.78
P	YC	327		54
P	YC0	327		54		-6.2	106.8
P	YC1	327		54		-6.77	107.57
P	YC2	327		54		-7.32	110.17
P	YC3	327		54		-7.97	112.02
P	YC4	327		54		-3.07	103.5
P	YC5	327		54		0.75	101.75
P	YC6	327		54		2.97	99.77
P	YC7	327		54		-2.2	113.75
P	YC8	327		54		0.55	123.08
P	YC9	327				-2.52	140.78
P	YD	327		54
P	YD0	327		54		-6.2	106.8
P	YD1	327		54		-6.77	107.57
P	YD2	327		54		-7.32	110.17
P	YD3	327		54		-7.97	112.02
P	YD4	327		54		-3.07	103.5
P	YD5	327		54		0.75	101.75
P	YD6	327		54		2.97	99.77
P	YD7	327		54		-2.2	113.75
P	YD8	327		54		0.55	123.08
P	YD9	327				-2.52	140.78
P	YE	327		54
P	YE0	327		54		-6.2	106.8
P	YE1	327		54		-6.77	107.57
P	YE2	327		54		-7.32	110.17
P	YE3	327		54		-7.97	112.02
P	YE4	327		54		-3.07	103.5
P	YE5	327		54		0.75	101.75
P	YE6	327		54		2.97	99.77
P	YE7	327		54		-2.2	113.75
P	YE8	327		54		0.55	123.08
P	YE9	327				-2.52	140.78
P	YF	327		54
P	YF0	327		54		-6.2	106.8
P	YF1	327		54		-6.77	107.57
P	YF2	327		54		-7.32	110.17
P	YF3	327		54		-7.97	112.02
P	YF4	327		54		-3.07	103.5
P	YF5	327		54		0.75	101.75
P	YF6	327		54		2.97	99.77
P	YF7	327		54		-2.2	113.75
P	YF8	327		54		0.55	123.08
P	YF9	327				-2.52	140.78
P	YG	327		54
P	YG0	327		54		-6.2	106.8
P	YG1	327		54		-6.77	107.57
P	YG2	327		54		-7.32	110.17
P	YG3	327		54		-7.97	112.02
P	YG4	327		54		-3.07	103.5
P	YG5	327		54		0.75	101.75
P	YG6	327		54		2.97	99.77
P	YG7	327		54		-2.2	113.75
P	YG8	327		54		0.55	123.08
P	YG9	327				-2.52	140.78
P	YH	327		54
P	YH0	327		54		-6.2	106.8
P	YH1	327		54		-6.77	107.57
P	YH2	327		54		-7.32	110.17
P	YH3	327		54		-7.97	112.02
P	YH4	327		54		-3.07	103.5
P	YH5	327		54		0.75	101.75
P	YH6	327		54		2.97	99.77
P	YH7	327		54		-2.2	113.75
P	YH8	327		54		0.55	123.08
P	YH9	327				-2.52	140.78
P	YI	333
P	YJ	158
P	YK	384
P	YL	145
P	YM	390
P	YM0	390				38.95	26.58
P	YM1	390			EU	41.02	28.97
P	YM2	390				39.92	32.83
P	YM3	390				38.42	27.12
P	YM4	390				36.88	30.7
P	YM5	390				37.85	32.5
P	YM6	390				41.27	36.35
P	YM7	390				40.98	39.72
P	YM8	390				37.77	38.27
P	YM9	390				39.95	41.28
P	YN	86
P	YO	275
P	YO2	275				45.75	21.22
P	YO3	275				44.43	26.1
P	YO4	275				44.17	28.63
P	YO5	275				46.77	23.58
P	YO6	275				45.67	25.62
P	YO7	275				44.33	23.82
P	YO8	275				47.15	27.58
P	YO9	275				44.2	27.33
P	YP	275
P	YP2	275				45.75	21.22
P	YP3	275				44.43	26.1
P	YP4	275				44.17	28.63
P	YP5	275				46.77	23.58
P	YP6	275				45.67	25.62
P	YP7	275				44.33	23.82
P	YP8	275				47.15	27.58
P	YP9	275				44.2	27.33
P	YQ	275
P	YQ2	275				45.75	21.22
P	YQ3	275				44.43	26.1
P	YQ4	275				44.17	28.63
P	YQ5	275				46.77	23.58
P	YQ6	275				45.67	25.62
P	YQ7	275				44.33	23.82
P	YQ8	275				47.15	27.58
P	YQ9	275				44.2	27.33
P	YR	275
P	YR2	275				45.75	21.22
P	YR3	275				44.43	26.1
P	YR4	275				44.17	28.63
P	YR5	275				46.77	23.58
P	YR6	275				45.67	25.62
P	YR7	275				44.33	23.82
P	YR8	275				47.15	27.58
P	YR9	275				44.2	27.33
P	YS	74
P	YT	296
P	YU	296
P	YV	148
P	YV0	17
P	YV1	148				8.5	-70.55
P	YV2	148				8.5	-70.75
P	YV3	148				9.5	-69.75
P	YV4	148				10.22	-67.97
P	YV5	148				10.53	-66.92
P	YV6	148				8.1	-63.6
P	YV7	148				10.67	-63.22
P	YV8	148				8.37	-62.62
P	YV9	148				7.9	-67.47
P	YW	148
P	YW0	17
P	YW1	148				8.5	-70.55
P	YW2	148				8.5	-70.75
P	YW3	148				9.5	-69.75
P	YW4	148				10.22	-67.97
P	YW5	148				10.53	-66.92
P	YW6	148				8.1	-63.6
P	YW7	148				10.67	-63.22
P	YW8	148				8.37	-62.62
P	YW9	148				7.9	-67.47
P	YX	148
P	YX0	17
P	YX1	148				8.5	-70.55
P	YX2	148				8.5	-70.75
P	YX3	148				9.5	-69.75
P	YX4	148				10.22	-67.97
P	YX5	148				10.53	-66.92
P	YX6	148				8.1	-63.6
P	YX7	148				10.67	-63.22
P	YX8	148				8.37	-62.62
P	YX9	148				7.9	-67.47
P	YY	148
P	YY0	17
P	YY1	148				8.5	-70.55
P	YY2	148				8.5	-70.75
P	YY3	148				9.5	-69.75
P	YY4	148				10.22	-67.97
P	YY5	148				10.53	-66.92
P	YY6	148				8.1	-63.6
P	YY7	148				10.67	-63.22
P	YY8	148				8.37	-62.62
P	YY9	148				7.9	-67.47
P	Z2	452
P	Z3	502
P	Z6	522
P	Z8	521
P	ZA	7
P	ZB	233
P	ZC4	283
P	ZD7	250
P	ZD8	205
P	ZD9	274
P	ZF	69
P	ZF1	69				19.33	-81.22
P	ZF8	69				19.68	-80.05
P	ZF9	69				19.72	-79.8
P	ZG	233
P	ZK	170
P	ZK3	270
P	ZL	170
P	ZL1	170				-36.83	174.73
P	ZL2	170				-41.28	174.78
P	ZL3	170				-40	173
P	ZL4	170				-45.87	170.5
P	ZL5	13	30	71	SA	-77.85	166.75
P	ZL50	170
P	ZL7	34
P	ZL8	133
P	ZL9	16
P	ZM	170
P	ZM1	170				-36.83	174.73
P	ZM2	170				-41.28	174.78
P	ZM3	170				-40	173
P	ZM4	170				-45.87	170.5
P	ZM5	13	30	71	SA	-77.85	166.75
P	ZM7	34
P	ZM8	133
P	ZP	132
P	ZR	462
P	ZR1	462				-33.92	18.52
P	ZR2	462				-33.97	25.6
P	ZR3	462				-28.5	22.5
P	ZR4	462				-29.12	26.22
P	ZR5	462				-29.87	31
P	ZR6	462				-26.2	28.07
P	ZR8	201
P	ZS	462
P	ZS1	462				-33.92	18.52
P	ZS2	462				-33.97	25.6
P	ZS3	462				-28.5	22.5
P	ZS4	462				-29.12	26.22
P	ZS5	462				-29.87	31
P	ZS6	462				-26.2	28.07
P	ZS7	13	38		SA	-71.67	-2.82
P	ZS8	201
P	ZT	462
P	ZT1	462				-33.92	18.52
P	ZT2	462				-33.97	25.6
P	ZT3	462				-28.5	22.5
P	ZT4	462				-29.12	26.22
P	ZT5	462				-29.87	31
P	ZT6	462				-26.2	28.07
P	ZT8	201
P	ZU	462
P	ZU1	462				-33.92	18.52
P	ZU2	462				-33.97	25.6
P	ZU3	462				-28.5	22.5
P	ZU4	462				-29.12	26.22
P	ZU5	462				-29.87	31
P	ZU6	462				-26.2	28.07
P	ZU8	201
P	ZV	108		15
P	ZV0F	56
P	ZV0R	56				-3.87	-33.82
P	ZV0S	253
P	ZV0T	273
P	ZV0ZF	56
P	ZV0ZR	56				-3.87	-33.82
P	ZV0ZS	253
P	ZV0ZT	273
P	ZV1	108		15		-22.88	-43.28
P	ZV2	108		15		-23.55	-46.63
P	ZV3	108		15		-30.05	-51.18
P	ZV4	108		15		-18.58	-46.53
P	ZV5	108		15		-25.42	-49.12
P	ZV6	108		13		-12.97	-38.48
P	ZV7	108		13		-8.07	-34.88
P	ZV8	108		13		-1.45	-48.48
P	ZV9	108		13		-15.53	-56.08
P	ZW	108		15
P	ZW0F	56
P	ZW0R	56				-3.87	-33.82
P	ZW0S	253
P	ZW0T	273
P	ZW0ZF	56
P	ZW0ZR	56				-3.87	-33.82
P	ZW0ZS	253
P	ZW0ZT	273
P	ZW1	108		15		-22.88	-43.28
P	ZW2	108		15		-23.55	-46.63
P	ZW3	108		15		-30.05	-51.18
P	ZW4	108		15		-18.58	-46.53
P	ZW5	108		15		-25.42	-49.12
P	ZW6	108		13		-12.97	-38.48
P	ZW7	108		13		-8.07	-34.88
P	ZW8	108		13		-1.45	-48.48
P	ZW9	108		13		-15.53	-56.08
P	ZX	108		15
P	ZX0F	56
P	ZX0R	56				-3.87	-33.82
P	ZX0S	253
P	ZX0T	273
P	ZX0ZF	56
P	ZX0ZR	56				-3.87	-33.82
P	ZX0ZS	253
P	ZX0ZT	273
P	ZX1	108		15		-22.88	-43.28
P	ZX2	108		15		-23.55	-46.63
P	ZX3	108		15		-30.05	-51.18
P	ZX4	108		15		-18.58	-46.53
P	ZX5	108		15		-25.42	-49.12
P	ZX6	108		13		-12.97	-38.48
P	ZX7	108		13		-8.07	-34.88
P	ZX8	108		13		-1.45	-48.48
P	ZX9	108		13		-15.53	-56.08
P	ZY	108		15
P	ZY0F	56
P	ZY0R	56				-3.87	-33.82
P	ZY0S	253
P	ZY0T	273
P	ZY0Z	56
P	ZY0ZR	56				-3.87	-33.82
P	ZY0ZS	253
P	ZY0ZT	273
P	ZY1	108		15		-22.88	-43.28
P	ZY2	108		15		-23.55	-46.63
P	ZY3	108		15		-30.05	-51.18
P	ZY4	108		15		-18.58	-46.53
P	ZY5	108		15		-25.42	-49.12
P	ZY6	108		13		-12.97	-38.48
P	ZY7	108		13		-8.07	-34.88
P	ZY8	108		13		-1.45	-48.48
P	ZY9	108		13		-15.53	-56.08
P	ZZ	108		15
P	ZZ0F	56
P	ZZ0R	56				-3.87	-33.82
P	ZZ0S	253
P	ZZ0T	273
P	ZZ0ZF	56
P	ZZ0ZR	56				-3.87	-33.82
P	ZZ0ZS	253
P	ZZ0ZT	273
P	ZZ1	108		15		-22.88	-43.28
P	ZZ2	108		15		-23.55	-46.63
P	ZZ3	108		15		-30.05	-51.18
P	ZZ4	108		15		-18.58	-46.53
P	ZZ5	108		15		-25.42	-49.12
P	ZZ6	108		13		-12.97	-38.48
P	ZZ7	108		13		-8.07	-34.88
P	ZZ8	108		13		-1.45	-48.48
P	ZZ9	108		13		-15.53	-56.08
H	1B	23						1967-05-04	1975-06-30
H	1G	93						1967-05-04	1978-02-28
H	1M	160						1972-07-16
H	1M	178							1972-07-15
H	1S	247							1991-12-31
H	23C	223						2023-05-01	2023-06-30
H	2A	279						1999-05-05
H	2C	294						1999-05-05	1999-07-31
H	2D	114						1991-07-26
H	2E	223						1991-07-26
H	2I	265						1991-07-26
H	2J	122						1991-07-26
H	2K	223						2015-12-31	2016-12-31
H	2M	279						1991-07-26
H	2O	223						2012-07-20
H	2Q	223						2002-05-31
H	2R	223						2011-04-28
H	2S	279						1999-05-05	1999-07-31
H	2T	279						1999-05-05	1999-07-31
H	2U	106						1991-07-26
H	2V	223						2013-07-04
H	2W	294						1991-07-26
H	2X	294						1999-05-05	1999-07-31
H	2Y	294						1999-05-05	1999-07-31
H	2ZE	223						2021-12-01	2021-12-26
H	3B1	1						1967-01-01	1967-12-31
H	3B1	165						1987-09-05	1987-11-04
H	3B2	1						1967-01-01	1967-12-31
H	3B6	4						1968-03-11
H	3B7	4						1968-01-01
H	3B8	165						1968-03-11
H	3B9	207						1968-03-11
H	3C	49						1968-10-11
H	3C0	195						1968-10-11
H	3C1	1						1967-01-01	1967-12-31
H	3C2	1						1967-01-01	1967-12-31
H	3C3	1							1967-12-31
H	3C4	1						1967-01-01	1967-12-31
H	3C5	1						1967-01-01	1967-12-31
H	3C6	1						1967-01-01	1967-12-31
H	3C7	1						1967-01-01	1967-12-31
H	3C8	1						1967-01-01	1967-12-31
H	3CY	324						2023-08-23	2023-08-30
H	3D6	468						1970-12-01	1988-03-31
H	3DA	468						1988-04-01
H	3G9	13
H	3V	474						1950-01-01
H	3W	293						1988-10-22
H	3X	107						1958-10-02
H	4J	18						1994-01-01
H	4J0	15						1969-08-09	1993-12-31
H	4J0A	15						1989-02-01	1989-04-30
H	4J17	14						1991-09-29	1994-02-16
H	4J1F	151						1988-07-06	1993-12-31
H	4J3G	14						1991-09-01	1994-04-30
H	4J4G	14						1990-04-01	1994-03-31
H	4J7GW	14						1991-09-24	1993-10-01
H	4J8G	14						1991-09-26	1993-10-16
H	4K	18						1993-07-01
H	4K1	13						1973-01-01	1994-11-30
H	4K2	61						1989-01-01	1995-04-30
H	4K3	54						1989-10-01	1994-01-31
H	4K4	15						1989-10-01	1994-04-15
H	4L	54						1968-06-01	1990-09-30
H	4L	75						1990-10-01
H	4L0	15						1969-08-01	1990-09-30
H	4N	296							2013-12-31
H	4N2	497						1991-06-26	1992-12-30
H	4N3	499						1991-06-26	1992-10-20
H	4N3	514						2006-06-28	2007-05-11
H	4N4	501						1991-10-15	1993-05-10
H	4N5	502						1991-09-08	1993-12-30
H	4N6	514						2006-06-28	2007-05-11
H	4O	296							2007-05-10
H	4O	514						2007-05-11
H	4O2	497						1991-06-26	1992-12-30
H	4O3	499						1991-06-26	1992-10-20
H	4O3	514						2006-06-28	2007-05-10
H	4O4	501						1991-10-15	1993-05-10
H	4O5	502						1991-09-08	1993-12-30
H	4O6	514						2006-06-28
H	4P	315						1953-08-15
H	4Q	315						1953-08-15
H	4R	315						1953-08-15
H	4S	315						1953-08-15
H	4UA	324						1952-01-01	1953-06-30
H	4W	154							1990-05-21
H	4W	511						2000-03-01
H	4X	336						1948-05-15
H	4X1	196							1968-06-30
H	4Z	336						1960-01-01
H	5A	436						1951-12-24	2013-12-31
H	5B	215						1962-07-01
H	5H	470						1961-12-08
H	5H1	307						1963-12-09	1974-05-31
H	5I	470						1961-12-08
H	5N	450						1961-01-01
H	5O	450						1961-01-01
H	5R	438						1960-06-25
H	5S	438						1960-06-25
H	5T	444						1960-11-28
H	5U	187						1960-08-03
H	5V	483						1960-04-27
H	5X	286						1962-10-08
H	5Y	430						1963-12-11
H	5Z	430						1963-12-11
H	6B	50						1979-03-24	1979-03-25
H	6O	232						1960-07-01
H	6P	372						1947-08-14
H	6Q	372						1947-08-14
H	6R	372						1947-08-14
H	6S	372						1947-08-14
H	6T0	244						1972-05-07	1994-12-31
H	6U0	244						1972-05-07	1994-12-31
H	6V	456						1960-06-20
H	6W	456						1960-06-20
H	6Y	82						1963-04-01
H	70M	239						2007-07-01	2007-07-31
H	7G	107						1958-10-02	1966-12-31
H	7J1	194						1976-05-30	1980-11-30
H	7O	243							1990-05-21
H	7O	492						1990-05-22
H	7P	432						1966-10-03
H	7Q	440						1964-07-05
H	7R	400						1962-07-02
H	7T	400						1962-07-02
H	7U	400						1962-07-02
H	7V	400						1962-07-02
H	7W	400						1962-07-02
H	7X	400						1962-07-02
H	7Y	400						1962-07-02
H	850M	206						2007-01-01	2007-12-31
H	8ARP	248						2020-02-09	2020-02-25
H	8O	402						1986-09-01
H	8O5	402						1976-07-01	1976-12-31
H	8P	62						1968-01-01
H	8Q	159						1967-01-01
H	8R	129						1966-11-01
H	8Z4	226							1981-12-25
H	8Z5	68							1969-12-14
H	90KK	206						2004-06-01	2004-10-31
H	92HY	141						1992-01-01	1992-12-31
H	9A	278						1963-07-01	1983-04-19
H	9A	497						1991-06-26
H	9C2	370						1961-01-01	1969-12-31
H	9G	424						1957-03-05
H	9H	257						1965-04-17
H	9I	482						1964-10-23
H	9J	482						1964-10-23
H	9K	348						1958-01-01
H	9K3	68							1969-12-14
H	9M	299						1963-09-16
H	9M0	247						1993-05-27
H	9M06	46						1981-08-29	1981-09-29
H	9M08	46						1981-08-29	1981-09-29
H	9M2	155							1963-09-15
H	9M4	381						1965-08-09	1966-01-31
H	9M6	46						1963-09-16
H	9M60M	299						2017-08-24	2017-09-01
H	9M61M	299						2018-07-31	2018-09-01
H	9M62M	299						2019-08-29	2019-09-01
H	9M63M	299						2020-08-29	2020-09-16
H	9M64M	299						2021-08-27	2021-09-02
H	9M65M	299						2022-08-29	2022-09-01
H	9M66M	299						2023-08-26	2023-09-17
H	9M67M	299						2024-08-23	2024-09-30
H	9M8	46						1963-09-16
H	9O	414						1960-06-29
H	9P	414						1960-06-29
H	9Q	414						1960-06-29
H	9R	414						1960-06-29
H	9S	414						1960-06-29
H	9S4	81						1957-04-01	1957-11-30
H	9S4	210						1947-11-08	1957-03-31
H	9T	414						1960-06-29
H	9U	404						1962-07-01
H	9U5	208						1960-07-01	1962-06-30
H	9V	35							1958-12-31
H	9V	381						1966-02-01
H	9W	299						1990-11-24
H	9W6	46						1991-05-23
H	9W8	46						2004-03-04
H	9X	454						1962-06-30
H	A1	2							1991-03-30
H	A2	402						1966-09-29
H	A4	370						1972-07-01
H	A6	391						1973-03-31
H	A9	304						1974-01-01
H	AC	291						1976-01-01	1976-12-31
H	AC	291						1978-03-24
H	AC	306							1971-12-31
H	AC3	231							1975-04-30
H	AC4	268							1974-05-30
H	AC5	291						1978-03-24
H	AC5	306							1971-12-31
H	AG1	297						1976-01-01	1976-12-31
H	AG2	20						1976-01-01	1976-12-31
H	AG2	271							1957-03-31
H	AG3	20						1976-01-01	1976-12-31
H	AG5	103						1976-01-01	1976-12-31
H	AG6	103						1976-01-01	1976-12-31
H	AG7	297						1976-01-01	1976-12-31
H	AGJ50	339						2010-12-31	2011-12-31
H	AGJ60	339						2021-01-01	2021-12-31
H	AH1	20						1978-03-24
H	AH1	110						1976-01-01	1976-12-31
H	AH2	103						1978-03-24
H	AH2	174						1976-01-01	1976-12-31
H	AH3	9						1976-01-01	1976-12-31
H	AH3	123						1978-03-24
H	AH4	174						1978-03-24
H	AH4	228						1976-01-01	1976-12-31
H	AH5	9						1976-01-01	1976-12-31
H	AH5	197						1978-03-24
H	AH5K	134						1978-03-24	2016-03-28
H	AH6	110						1976-01-01	1976-12-31
H	AH6	110						1978-03-24
H	AH7	110						1995-04-01
H	AH7	138						1977-01-01	1995-03-31
H	AH7	174						1976-01-01	1976-12-31
H	AH7K	138						1996-01-01
H	AH8	9						1978-03-24
H	AH8S	515						2006-07-22
H	AH9	297						1978-03-24
H	AI0	197						1976-01-01	1976-12-31
H	AJ1	123						1976-01-01	1976-12-31
H	AJ2	285						1976-01-01	1976-12-31
H	AJ3	285						1976-01-01	1976-12-31
H	AJ4	202						1976-01-01	1976-12-31
H	AJ7	123						1976-01-01	1976-12-31
H	AJ8	202						1976-01-01	1976-12-31
H	AL4	13						1976-01-01	1976-12-31
H	AM06	21						2014-06-17	2014-09-18
H	AM08	29						2014-06-17	2014-09-18
H	AM09	32						2014-06-17	2014-09-18
H	AM92	281						1992-01-01	1992-12-31
H	AN06	21						2014-06-17	2014-09-18
H	AN08	29						2014-06-17	2014-09-18
H	AN09	32						2014-06-17	2014-09-18
H	ANT	13							2007-03-31
H	AO06	21						2014-06-17	2014-09-18
H	AO08	29						2014-06-17	2014-09-18
H	AO09	32						2014-06-17	2014-09-18
H	AO92	281						1992-01-01	1992-12-31
H	AP	372						1947-08-14
H	AQ	372						1947-08-14
H	AR	372						1965-01-14
H	AR1	384							1964-12-31
H	AR8	354							1952-12-31
H	ARPI	248						2020-01-26	2020-02-25
H	AS	372						1947-08-14
H	AX0M	153
H	AX9	198							1975-09-15
H	AX9L	147						1975-09-16	2030-06-24
H	AX9N	189						1975-09-16
H	B0	318
H	B2	318
H	B3	318
H	B4	318
H	B5	318
H	B6	318
H	B7	318
H	B8	318
H	B9	318
H	BA0	318
H	BA9	318
H	BD0	318
H	BD9	318
H	BG0	318
H	BG11	248						2023-09-01	2023-12-31
H	BG12	248						2023-09-01	2023-12-31
H	BG13	248						2023-09-01	2023-12-31
H	BG14	248						2023-09-01	2023-12-31
H	BG15	248						2023-09-01	2023-12-31
H	BG16	248						2023-09-01	2023-12-31
H	BG17	248						2023-09-01	2023-12-31
H	BG18	248						2023-09-01	2023-12-31
H	BG21	248						2023-09-01	2023-12-31
H	BG22	248						2023-09-01	2023-12-31
H	BG23	248						2023-09-01	2023-12-31
H	BG24	248						2023-09-01	2023-12-31
H	BG25	248						2023-09-01	2023-12-31
H	BG26	248						2023-09-01	2023-12-31
H	BG27	248						2023-09-01	2023-12-31
H	BG28	248						2023-09-01	2023-12-31
H	BG31	248						2023-09-01	2023-12-31
H	BG32	248						2023-09-01	2023-12-31
H	BG33	248						2023-09-01	2023-12-31
H	BG34	248						2023-09-01	2023-12-31
H	BG35	248						2023-09-01	2023-12-31
H	BG36	248						2023-09-01	2023-12-31
H	BG37	248						2023-09-01	2023-12-31
H	BG38	248						2023-09-01	2023-12-31
H	BG9	318
H	BH0	318
H	BH9	318
H	BI0	318
H	BI9	318
H	BJ0	318
H	BJ9	318
H	BL0	318
H	BL9	318
H	BM9P	505						1994-01-01
H	BN9P	505						1994-01-01
H	BO9P	505						1994-01-01
H	BP9P	505						1994-01-01
H	BQ9P	505						1994-01-01
H	BR	318
H	BR0	318
H	BR3G	318
H	BR3H	318
H	BR3I	318
H	BR3J	318
H	BR3K	318
H	BR3L	318
H	BR9	318
H	BR9A	318
H	BR9B	318
H	BR9C	318
H	BR9D	318
H	BR9E	318
H	BR9F	318
H	BS	318
H	BS0	318
H	BS11	248						2023-09-01	2023-12-31
H	BS12	248						2023-09-01	2023-12-31
H	BS13	248						2023-09-01	2023-12-31
H	BS14	248						2023-09-01	2023-12-31
H	BS15	248						2023-09-01	2023-12-31
H	BS16	248						2023-09-01	2023-12-31
H	BS17	248						2023-09-01	2023-12-31
H	BS18	248						2023-09-01	2023-12-31
H	BS21	248						2023-09-01	2023-12-31
H	BS22	248						2023-09-01	2023-12-31
H	BS23	248						2023-09-01	2023-12-31
H	BS24	248						2023-09-01	2023-12-31
H	BS25	248						2023-09-01	2023-12-31
H	BS26	248						2023-09-01	2023-12-31
H	BS27	248						2023-09-01	2023-12-31
H	BS28	248						2023-09-01	2023-12-31
H	BS3G	318
H	BS3H	318
H	BS3I	318
H	BS3J	318
H	BS3K	318
H	BS3L	318
H	BS7	506						1995-01-01
H	BS9	318
H	BS9A	318
H	BS9B	318
H	BS9C	318
H	BS9D	318
H	BS9E	318
H	BS9F	318
H	BT0	318
H	BT9	318
H	BU9P	505						1994-01-01
H	BV9P	505						1994-01-01
H	BW9P	505						1994-01-01
H	BX9P	505						1994-01-01
H	BY0	318
H	BY9	318
H	BZ0	318
H	BZ9	318
H	C1	318							1949-12-31
H	C2	157						1969-04-01
H	C2	318							1949-12-31
H	C3	203						1969-06-01
H	C3	318							1949-12-31
H	C4	215						1974-06-01
H	C4	318							1949-12-31
H	C5	318							1949-12-31
H	C5	422						1965-02-18
H	C6	60						1973-07-10
H	C6	318							1949-12-31
H	C7	318							1949-12-31
H	C8	181						1975-06-24
H	C8	318							1949-12-31
H	C9	164							1963-09-15
H	C9	181						1975-06-24
H	CE0Y	47
H	CE7Z	13						1948-02-18	1956-12-31
H	CE9	13						1956-01-01
H	CF1	1						1977-08-31
H	CF2	1						1974-04-01
H	CF9	1						1994-02-11
H	CG1	1						1972-10-01	1991-07-31
H	CG1	1						1992-03-01	1992-04-30
H	CG1	1						1992-12-01
H	CG2	1						1978-03-01	1992-02-29
H	CG2	1						1992-03-01	1992-04-30
H	CG2	1						1992-10-01
H	CG9	1						1985-08-08
H	CH	1
H	CH1	1						1975-01-01	1975-12-31
H	CH2	1						1981-07-01	1993-12-31
H	CH2	1						2000-03-01
H	CH9	1						1988-01-19	1988-02-24
H	CI	1
H	CI1	1						1999-12-26
H	CI2	1						1983-05-01
H	CI8	1						1988-02-15	1988-06-15
H	CJ1	1						1984-09-09	1984-09-20
H	CJ1	1						1992-07-01	1992-08-31
H	CJ2	1						1977-07-01
H	CJ3	1						1992-07-01	1992-08-31
H	CJ4	1						1992-07-01	1992-08-31
H	CJ5	1						1992-07-01	1992-08-31
H	CJ6	1						1992-07-01	1992-08-31
H	CJ7	1						1992-07-01	1992-08-31
H	CJ8	1						1992-07-01	1992-08-31
H	CK0	1						1987-07-01
H	CK1	1						1982-04-01	1982-05-31
H	CK1	1						1984-06-20	1984-08-20
H	CK1	1						1996-01-01	1996-02-29
H	CK1	1						1997-09-17	1997-11-17
H	CK2	1						1977-05-01
H	CK3	1						1996-06-08	1996-08-08
H	CK4	1						1983-07-01
H	CK5	1						1996-10-26	1996-12-29
H	CK6	1						1980-09-01
H	CK7	1						1991-03-28	1993-03-29
H	CK8	1						2000-03-01
H	CN	446						1980-01-01
H	CN2	264							1960-06-30
H	CN2	446						1960-07-01
H	CN8	446
H	CN9	446						1956-04-07
H	CQ1	149						2009-06-01
H	CQ2	149							1985-12-31
H	CQ2	256						2009-06-01
H	CQ6	401							1975-11-30
H	CQ7	181							1975-07-31
H	CQ8	149						2009-06-01
H	CQ98	256						1998-01-01	1998-09-30
H	CR1	149						2009-06-01
H	CR10	200							1976-09-14
H	CR2	149							1985-12-31
H	CR2	149						2009-06-01
H	CR3	109							1977-12-31
H	CR3	256						1979-01-01
H	CR4	409							1975-12-31
H	CR5	219							1976-08-31
H	CR6	401							1975-11-30
H	CR7	181							1975-07-31
H	CR8	101							1961-12-31
H	CR8	149						2009-06-01
H	CR8	200						1962-01-01	1976-09-14
H	CR9	152							1984-12-31
H	CR9	256						1985-01-01
H	CS2	149							1985-12-31
H	CS3	149						1950-01-01	1954-12-31
H	CS4	149						2009-06-01
H	CS8	149						2009-06-01
H	CS98	272						1998-01-01	1998-09-30
H	CT2	149							1985-12-31
H	CT8	149							1985-12-31
H	CT8	149						2009-06-01
H	CT98	272						1998-01-01	1998-09-30
H	CU	149						1985-12-01
H	CU	272							1985-11-30
H	CX0	13
H	CY	1
H	CY0	211						1984-01-01
H	CY0	252							1983-12-31
H	CY1	1						1992-01-01	1992-02-29
H	CY2	1						1982-04-01	1982-05-31
H	CY2	1						1992-01-01	1992-02-29
H	CZ	1
H	CZ0	1							2000-02-29
H	CZ1	1						1990-03-01	1990-04-30
H	CZ1	1						1992-01-01	1992-02-29
H	CZ2	1						1976-06-01	1992-03-31
H	CZ2	1						1995-11-01	2000-02-29
H	CZ3	1						1990-03-01	1990-04-30
H	CZ3	1						1993-02-25	1993-03-04
H	CZ4	1						1988-10-03	1988-10-03
H	CZ4	1						1993-02-01	2000-02-29
H	CZ6	1						1979-03-01	1990-11-30
H	CZ6	1						1993-05-01	2000-02-29
H	CZ9	1						1992-01-01	1992-02-29
H	D2	81							1949-12-31
H	D2	401						1975-11-11
H	D3	401						1975-11-10
H	D4	81							1949-12-31
H	D4	409						1975-07-05
H	D5	81							1949-12-31
H	D5	434						1978-09-01
H	D6	81							1949-12-31
H	D6	411						1975-07-01
H	D7	81							1949-12-31
H	D7	137						1971-01-01
H	DA	81							1973-09-16
H	DB	81							1973-09-16
H	DC	81							1973-09-16
H	DD	81							1973-09-16
H	DE	81							1973-09-16
H	DF	81							1973-09-16
H	DG	81							1973-09-16
H	DH	81							1973-09-16
H	DI	81							1973-09-16
H	DJ	81							1973-09-16
H	DK	81							1973-09-16
H	DL	81							1973-09-16
H	DM	81							1973-09-16
H	DM	229						1973-09-17	1990-10-02
H	DNA60	192						2021-01-01	2021-12-31
H	DT	81							1973-09-16
H	DT	137						1992-03-06
H	DT	229						1973-09-17	1990-10-02
H	E3	51						1993-05-24
H	E4	510						1999-02-01
H	E5	234						2006-07-01
H	E6	188						2012-08-03
H	EA0	29						1978-03-19	1978-12-31
H	EA0	49							1968-12-31
H	EA9I	113						1958-01-12	1969-05-13
H	EG92	281						1992-01-01	1992-12-31
H	EG97	281						1997-01-01	1997-12-31
H	EH92	281						1992-01-01	1992-12-31
H	EK	14						1994-01-01
H	EK0	15						1982-01-01	1992-12-31
H	EK0A	15						1982-01-01	1992-12-31
H	EK0B	15						1989-01-01	1992-12-31
H	EK0R	15						1989-01-01	1992-12-31
H	EK1	54						1981-07-01	1992-12-31
H	EK1	264							1960-06-30
H	EK3	54						1982-01-01	1992-12-31
H	EK4	54						1986-11-01	1992-12-31
H	EK4	264							1960-06-30
H	EK5	288						1980-01-01	1992-12-31
H	EK9	15						1982-01-01	1992-12-31
H	EM	288						1994-01-01
H	EM0C	27						1984-12-31	1992-05-10
H	EM1A	54						1985-01-01	1991-12-31
H	EM3A	54						1984-12-31	1992-12-31
H	EM3W	54						1984-12-31	1992-12-31
H	EM4A	54						1985-01-01	1991-12-31
H	EM4B	288						1985-01-01	1991-12-31
H	EM5B	288						1985-01-01	1990-12-31
H	EM6	75						1981-02-01	1983-07-31
H	EM6A	54						1985-01-01	1992-12-31
H	EM7B	288						1985-01-01	1991-12-31
H	EM8C	27						1985-01-01	1991-12-31
H	EM9B	288						1985-01-01	1990-12-31
H	EN	288						1994-01-01
H	EN0A	15						1985-08-08	1985-09-03
H	EN1A	54						1990-01-01	1992-12-31
H	EN3	54						1981-01-01	1992-12-31
H	EN4	54						1984-01-01	1992-12-31
H	EO	288						1994-01-01
H	EO0A	15						1985-01-01	1990-12-31
H	EO1	54						1985-01-01	1992-12-31
H	EO2C	27						1985-01-01	1992-12-31
H	EO3	54						1985-01-01	1992-12-31
H	EO4	54						1985-01-01	1992-12-31
H	EO5B	288						1985-01-01	1992-12-31
H	EO6A	54						1985-01-01	1991-12-31
H	EO6G	14						1985-01-01	1987-12-31
H	EO7L	130						1985-01-01	1991-12-31
H	EO9A	15						1985-01-01	1992-12-31
H	ER	179						1993-01-01
H	ES	52						1989-12-31
H	ET2	51						1952-09-16	1962-11-14
H	EU	27						1978-12-01
H	EV	27						1992-04-01
H	EV0A	15						1985-01-01	1990-12-31
H	EV4A	54						1985-01-01	1990-12-31
H	EV6A	54						1985-01-01	1987-12-31
H	EV9A	15						1985-01-01	1992-12-31
H	EW	27						1983-01-01
H	EW3A	54						1985-01-01	1990-12-31
H	EW4A	54						1985-01-01	1989-12-31
H	EW6A	54						1985-01-01	1990-12-31
H	EX	135						1993-01-01
H	EX0	15						1988-01-01	1992-12-31
H	EX0F	75						1991-03-26	1991-05-27
H	EX0F	75						1992-02-04	1992-05-26
H	EX1	54						1989-01-01	1992-12-31
H	EX1F	75						1991-03-26	1991-05-27
H	EX1F	75						1992-02-04	1992-05-26
H	EX3	54						1987-01-01	1992-12-31
H	EX3F	75						1991-03-26	1991-05-27
H	EX3F	75						1992-02-04	1992-05-26
H	EX4	54						1982-01-01	1992-12-31
H	EX4F	75						1991-03-26	1991-05-27
H	EX4F	75						1992-02-04	1992-05-26
H	EX5	288						1982-01-01	1992-12-31
H	EX9	15						1978-01-01	1992-12-31
H	EY	262						1994-01-01
H	EY5	288						1981-01-01	1984-12-31
H	EY9F	54						1989-02-27	1989-03-18
H	EZ	54						1979-11-01	1984-04-30
H	EZ	54						1990-01-01	1992-12-31
H	EZ	280						1993-01-01
H	EZ0	15						1979-11-01	1984-04-30
H	EZ0	15						1988-01-01	1991-12-31
H	EZ2	27						1979-11-01	1984-04-30
H	EZ2B	146						1979-11-01	1984-04-30
H	EZ2F	126						1979-11-01	1984-04-30
H	EZ2G	145						1979-11-01	1984-04-30
H	EZ2Q	145						1979-11-01	1984-04-30
H	EZ2R	52						1979-11-01	1984-04-30
H	EZ2T	52						1979-11-01	1984-04-30
H	EZ5	288						1979-11-01	1984-04-30
H	EZ5O	179						1979-11-01	1984-04-30
H	EZ6D	18						1979-11-01	1984-04-30
H	EZ6G	14						1979-11-01	1984-04-30
H	EZ6V	75						1979-11-01	1984-04-30
H	EZ7	130						1979-11-01	1984-04-30
H	EZ8A	280						1979-11-01	1984-04-30
H	EZ8M	135						1979-11-01	1984-04-30
H	EZ9	15						1979-11-01	1984-04-30
H	EZ9	15						1990-01-01	1993-03-31
H	EZ9S	15						1979-11-01	1984-04-30
H	EZ9U	15						1979-11-01	1984-04-30
H	FA	400							1964-02-28
H	FB8	438							1961-12-31
H	FB8Y	13						1951-01-01	1984-12-31
H	FB8Z	10						1949-12-29	1984-12-31
H	FC	214							1984-12-31
H	FC1	227							1984-12-31
H	FD	483							1960-12-31
H	FE8	406							1961-10-31
H	FF	59							1960-08-06
H	FF4	428						1960-08-07	1961-04-30
H	FF7	444						1960-06-20	1961-12-31
H	FF8	456						1960-06-20	1961-01-31
H	FH	39							1975-07-05
H	FH	169						1975-07-06
H	FI8	58							1950-12-20
H	FJ	213						1987-03-13	2007-12-13
H	FJ	516						2007-12-14
H	FJL	61							2007-09-21
H	FKS8	206							1959-12-31
H	FL	382							1977-12-31
H	FM4	474							1951-12-31
H	FN	67							1954-10-31
H	FQ8	57							1960-08-16
H	FS	213						1955-07-01
H	FT0Y	13						1985-01-01
H	FT0Z	10						1985-01-01
H	FT1Y	13						1985-01-01
H	FT1Z	10						1985-01-01
H	FT2Y	13						1985-01-01
H	FT2Z	10						1985-01-01
H	FT3Y	13						1985-01-01
H	FT3Z	10						1985-01-01
H	FT4	474							1951-12-31
H	FT4J	124						2016-03-30
H	FT4T	276						2014-10-30
H	FT4Y	13						1985-01-01
H	FT4Z	10						1985-01-01
H	FT5G	99						2009-09-15
H	FT5Y	13						1985-01-01
H	FT5Z	10						1985-01-01
H	FT6Y	13						1985-01-01
H	FT6Z	10						1985-01-01
H	FT7Y	13						1985-01-01
H	FT7Z	10						1985-01-01
H	FT8Y	13						1985-01-01
H	FT8Z	10						1985-01-01
H	FU8	158						1947-01-01	1972-12-31
H	G	223						1946-01-01
H	GA	279						2009-01-25	2009-11-30
H	GA	279						2014-01-25	2014-11-30
H	GB8C	279						1990-01-01	1990-12-31
H	GC	122						1946-01-01	1976-12-31
H	GC	294						1990-06-01
H	GD	114						1947-04-01
H	GFT	370						1984-03-09	1984-03-27
H	GFT	370						1996-10-15	1996-10-31
H	GH	122						1990-06-01
H	GI	265						1946-01-01
H	GJ	122						1977-01-01
H	GM	279						1946-01-01
H	GN	265						1990-06-01
H	GP	106						1990-06-01
H	GS	279						1990-06-01
H	GT	114						1979-06-29	1979-07-10
H	GT	114						1990-06-01
H	GU	106						1977-01-01
H	GW	294						1946-01-01
H	GZ	279						2000-10-26	2016-12-31
H	H800	206						2005-01-01	2005-12-31
H	HB0	251						1964-01-01
H	HE0	251						1973-01-01
H	HE1	251							1950-12-31
H	HE9L	251						1951-03-01	1963-12-31
H	HM	137						1960-08-01	1995-05-13
H	HTR50	339						2010-12-31	2011-12-31
H	HTR60	339						2021-01-01	2021-12-31
H	I1	271							1957-03-31
H	I5	115						1950-02-01	1960-06-30
H	I6	53							1947-12-31
H	IC1	225						1971-04-08	1971-04-13
H	IC5	348						1987-01-25	1987-01-29
H	IEJ50	339						2010-12-31	2011-12-31
H	IEJ60	339						2021-01-01	2021-12-31
H	IG9	248						1971-05-01
H	IH9	248						1971-05-01
H	IM0	225						1970-05-01
H	IP1	248						1959-04-24	1970-09-06
H	IS0	225						1970-01-01
H	IS1	225							1972-12-31
H	ISG50	339						2010-12-31	2011-12-31
H	ISG60	339						2021-01-01	2021-12-31
H	IU0	225						1986-11-24	1986-12-31
H	J2	339							1948-12-31
H	J2	382						1977-06-26
H	J3	77						1977-11-01
H	J3	339							1948-12-31
H	J4	236						1978-03-01
H	J4	339							1948-12-31
H	J45	45						1980-01-01
H	J49	40						1980-01-01
H	J5	109						1979-11-29
H	J5	193							1946-12-31
H	J5	339						1947-01-01	1948-12-31
H	J6	97						1979-02-21
H	J6	339							1948-12-31
H	J7	95						1978-11-03
H	J7	339							1948-12-31
H	J8	98						1979-10-27
H	J8	137							1948-02-14
H	J9	168						1946-01-01	1948-12-31
H	J9A	193						1946-01-01	1948-12-31
H	JA	339						1949-01-01
H	JB8	339						1963-08-13	1963-08-18
H	JD1M	177
H	JR6	193							1972-05-14
H	JW	259						1966-07-01
H	JX	118						1966-07-01
H	JZ0	184						1949-12-27	1962-10-01
H	K4	202							1946-12-31
H	K6	110							1946-12-31
H	K7	6							1946-12-31
H	KA	339						1952-06-01	1978-03-23
H	KA	375						1946-01-01	1948-12-31
H	KA0	192						1952-06-01	1959-12-31
H	KA1	192						1968-06-27	1978-03-23
H	KB6	20						1946-07-01	1978-03-23
H	KB6	103							1946-06-30
H	KC6	20							1947-12-31
H	KC6	173						1948-01-01	1987-12-31
H	KD6	174							1946-12-31
H	KE6	123							1946-12-31
H	KF6	20							1946-12-31
H	KG1	237							1975-05-31
H	KG4	105						1949-01-01	1978-12-31
H	KG6	103						1946-07-01	1981-11-30
H	KG6	197							1946-06-30
H	KG6I	192							1969-12-31
H	KG6R	166						1946-07-01	1980-12-31
H	KG6S	166						1946-07-01	1980-12-31
H	KG6T	166						1946-07-01	1980-12-31
H	KH1	20						1978-03-24
H	KH3	123						1978-03-24
H	KH4	174						1978-03-24
H	KH5	197						1978-03-24
H	KH5K	134						1978-03-24	2016-03-28
H	KH6	9							1946-06-30
H	KH6	110						1946-07-01
H	KH7	110						1995-04-01
H	KH7	138							1995-03-31
H	KH7K	138						1996-01-01
H	KH8S	515						2006-07-22
H	KH9	297						1978-03-24
H	KJ6	123							1978-03-23
H	KJP50	339						2010-12-31	2011-12-31
H	KJP60	339						2021-01-01	2021-12-31
H	KM6	174							1978-12-31
H	KP1	182						1978-03-24
H	KP5	43						1979-03-01
H	KP6	197							1978-12-31
H	KR6	193						1949-01-01	1972-05-14
H	KR6	339						1972-05-15	1978-03-23
H	KR8	193						1959-11-01	1972-05-14
H	KR8	339						1972-05-15	1978-03-23
H	KS4	261						1946-07-01	1972-08-31
H	KS6	9							1980-11-30
H	KT1	264						1952-02-01	1960-06-30
H	KTD50	339						2010-12-31	2011-12-31
H	KTD60	339						2021-01-01	2021-12-31
H	KV4	285							1980-02-29
H	KW6	297							1978-03-23
H	KX6	168						1946-07-01	1989-12-31
H	KZ0	28						1973-03-24	1979-09-30
H	KZ5	28							1979-09-30
H	LB	118							1973-05-31
H	LB	266						1973-06-01
H	LI	266						1962-06-01
H	LI	436							1947-12-31
H	LN	266						1995-05-01
H	LY	146						1988-09-30
H	M	223						1996-03-31
H	M1	278							1983-12-31
H	M66	291						2001-09-08	2001-09-16
H	M66	291						2002-09-07	2002-09-15
H	M66	291						2003-09-06	2003-09-14
H	M66	291						2004-09-04	2004-09-12
H	M66	291						2005-09-10	2005-09-18
H	M66	291						2006-09-09	2006-09-17
H	M66	291						2007-09-08	2007-09-16
H	M66	291						2008-09-13	2008-09-21
H	M66	291						2009-09-12	2009-09-20
H	M66	291						2010-09-11	2010-09-19
H	M66	291						2011-09-10	2011-09-18
H	M66	291						2012-09-08	2012-09-16
H	M66	291						2013-09-07	2013-09-15
H	M66	291						2014-09-06	2014-09-14
H	M66	291						2015-09-12	2015-09-20
H	M66	291						2016-09-10	2016-09-18
H	MA	279						1996-04-01
H	MB9	206							1959-12-31
H	MC	294						1996-04-01
H	MC1	436						1947-02-10	1952-01-31
H	MD	114						1996-04-01
H	MD1	436						1947-02-10	1951-12-31
H	MD2	436						1947-02-10	1951-12-31
H	MD3	51						1947-03-01	1952-09-15
H	MD4	115						1947-03-01	1949-12-31
H	MD5	478						1947-03-01	1956-06-12
H	MD6	333						1947-03-01	1959-12-31
H	MD7	215						1947-03-01	1950-12-31
H	MD9	154						1947-03-01	1950-12-31
H	ME5	478						1947-03-01	1956-06-12
H	MF2	271							1957-03-31
H	MH	122						1996-04-01
H	MI	265						1996-04-01
H	MI3	51						1948-03-01	1954-04-30
H	MI6	51							1952-09-15
H	MJ	122						1996-04-01
H	MM	279						1996-04-01
H	MMD50	339						2010-12-31	2011-12-31
H	MMD60	339						2021-01-01	2021-12-31
H	MMY50	339						2010-12-31	2011-12-31
H	MMY60	339						2021-01-01	2021-12-31
H	MN	265						1996-04-01
H	MO	436						1947-02-10	1951-12-31
H	MP	106						1996-04-01
H	MP4B	304						1950-01-01	1973-12-31
H	MP4D	391						1958-11-01	1968-06-30
H	MP4K	348						1951-07-01	1958-03-31
H	MP4M	370						1959-08-01	1972-12-31
H	MP4O	370							1974-12-31
H	MP4Q	376							1974-12-31
H	MP4T	391						1958-01-01	1973-03-31
H	MS	279						1996-04-01
H	MS4	115						1947-03-01	1950-12-31
H	MT	114						1996-04-01
H	MT2	436						1947-02-10	1951-12-31
H	MU	106						1996-04-01
H	MVI	151						1988-01-01	2012-02-16
H	MW	294						1996-04-01
H	MX	164							1951-12-31
H	MZ	279						2001-11-23	2016-12-31
H	NH0	166						1978-03-24
H	NH1	20						1978-03-24
H	NH2	103						1978-03-24
H	NH3	123						1978-03-24
H	NH4	174						1978-03-24
H	NH5	197						1978-03-24
H	NH5K	134						1978-03-24	2016-03-28
H	NH6	110						1978-03-24
H	NH7	110						1995-04-01
H	NH7	138							1995-03-31
H	NH7K	138						1996-01-01
H	NH8	9						1978-03-24
H	NH9	297						1978-03-24
H	NHS	223						2020-04-17	2020-07-09
H	NHS	223						2020-12-19	2021-01-09
H	NLD	348						1992-02-25
H	NP1	182						1978-03-24
H	NP2	285						1978-03-24
H	NP3	202						1978-03-24
H	NP4	202						1978-03-24
H	NP5	43						1979-03-01
H	NY1	28							1949-12-31
H	NY3	28							1949-12-31
H	NY4	105							1949-12-31
H	OGN50	339						2010-12-31	2011-12-31
H	OGN60	339						2021-01-01	2021-12-31
H	OH0	5						1954-06-01
H	OH0M	167						1970-03-01	1980-09-30
H	OK	218							1992-12-31
H	OK	503						1993-01-01
H	OKA50	339						2010-12-31	2011-12-31
H	OKA60	339						2021-01-01	2021-12-31
H	OL	218							1992-12-31
H	OL	503						1993-01-01
H	OM	218							1992-12-31
H	OM	504						1993-01-01
H	OQ0	208						1960-07-01	1962-06-30
H	OQ0	414						1953-01-01	1960-06-30
H	OQ5	414							1960-06-30
H	P2	163						1975-09-16
H	P2	198						1973-12-20	1975-09-15
H	P3	215						1978-01-01
H	P4	85							1985-12-31
H	P4	91						1986-01-01
H	P45	255							1985-12-31
H	P46	255							1985-12-31
H	P47	255							1985-12-31
H	P48	255							1985-12-31
H	P5	344						1978-01-01
H	P6	344						1978-01-01
H	P7	344						1978-01-01
H	P8	344						1978-01-01
H	P9	344						1978-01-01
H	PC1	85							1985-12-31
H	PC2	85							1985-12-31
H	PC3	85							1985-12-31
H	PJ0	85							2010-10-10
H	PJ0	518						2018-02-28
H	PJ1	85							2010-10-10
H	PJ2	85							2010-10-10
H	PJ2	517						2010-10-10
H	PJ2E	255							1968-12-31
H	PJ2M	255							1968-12-31
H	PJ2S	255							1968-12-31
H	PJ3	85							2010-10-10
H	PJ4	85							2010-10-10
H	PJ4	520						2010-10-10
H	PJ5	85							1968-12-31
H	PJ5	255						1969-01-01	2010-10-10
H	PJ5	519						2010-10-10
H	PJ5M	255						1962-09-01	1968-12-31
H	PJ5S	255						1962-09-01	1968-12-31
H	PJ6	255							2010-10-10
H	PJ6	519						2010-10-10
H	PJ7	255							2010-10-10
H	PJ7	518						2010-10-10
H	PJ8	255							2010-10-10
H	PJ8	518						2018-05-20
H	PJ9	85							2010-10-10
H	PK	327						1963-05-01
H	PK1	119							1963-04-30
H	PK2	119							1963-04-30
H	PK3	119							1963-04-30
H	PK4	258							1963-04-30
H	PK5	183							1963-04-30
H	PK6	30							1963-04-30
H	PK7	184						1947-08-01	1963-04-30
H	PP0S	253						1966-01-01
H	PP0ZS	253						1966-01-01
H	PQ0S	253						1966-01-01
H	PQ0ZS	253						1966-01-01
H	PR0S	253						1966-01-01
H	PR0ZS	253						1966-01-01
H	PS0S	253						1966-01-01
H	PS0ZS	253						1966-01-01
H	PT0S	253						1966-01-01
H	PT0ZS	253						1966-01-01
H	PU0S	253						1966-01-01
H	PU0ZS	253						1966-01-01
H	PV0S	253						1966-01-01
H	PV0ZS	253						1966-01-01
H	PW0S	253						1966-01-01
H	PW0ZS	253						1966-01-01
H	PX	108						1970-06-01
H	PX	203							1969-12-31
H	PX0S	253						1966-01-01
H	PX0ZS	253						1966-01-01
H	PY0	56
H	PY0S	253						1966-01-01
H	PY0ZF	56
H	PY0ZS	253						1966-01-01
H	R0	15						1974-08-01
H	R0A	15						1974-08-01
H	R0B	15						1974-08-01
H	R0H	15						2010-01-21
H	R0O	15						2010-01-21
H	R0R	15						2013-10-01
H	R0S	15						1993-12-01
H	R0T	15						2010-01-21
H	R0U	15						2010-01-21
H	R0V	15						2010-01-21
H	R0W	15						2010-01-21
H	R0Y	15						1989-10-01
H	R100W	15						2019-03-09	2019-03-23
H	R110	126						2017-05-29	2017-08-29
H	R15J	15						2017-05-19	2017-06-09
H	R16J	15						2018-05-18	2018-06-08
H	R17	15						2019-05-16	2019-06-07
H	R18J	15						2021-05-22	2022-06-06
H	R19J	15						2022-05-27	2022-06-10
H	R1AN	13							2010-01-20
H	R1FJ	61						1994-01-01	2010-01-20
H	R1I	54						2019-04-08
H	R1MV	151						1994-01-01	2012-02-16
H	R2	126						1994-01-01	2010-01-20
H	R20J	15						2023-05-27	2023-06-04
H	R290E	15						2013-08-14	2013-11-18
H	R290F	54						2013-06-11	2013-06-13
H	R2B	146							1993-12-31
H	R2C	27							1993-12-31
H	R2F	126							1993-12-31
H	R2F	126						2010-01-21
H	R2G	145							1993-12-31
H	R2K	126						2010-01-21
H	R2P	146							1993-12-31
H	R2Q	145							1993-12-31
H	R2R	52							1993-12-31
H	R2T	52							1993-12-31
H	R300	15						2016-07-31	2016-08-31
H	R300P	54						2023-06-01	2023-06-12
H	R450W	15						2007-10-01	2007-12-31
H	R5	288							1993-12-31
H	R5O	179							1993-12-31
H	R60F	126						2006-06-01	2006-12-31
H	R6C	18							1993-12-31
H	R6D	18							1993-12-31
H	R6F	75							1993-12-31
H	R6G	14							1993-12-31
H	R6K	18							1993-12-31
H	R6N	18							1993-12-31
H	R6O	75							1993-12-31
H	R6Q	75							1993-12-31
H	R6V	75							1993-12-31
H	R7	130							1993-12-31
H	R750	126						2005-06-19	2005-07-21
H	R7H	54							1993-12-31
H	R8	15						2010-01-21
H	R8	292							1993-12-31
H	R80	54						2016-06-11	2016-08-31
H	R80	54						2016-10-25	2016-12-31
H	R8B	280							1993-12-31
H	R8E	280							1993-12-31
H	R8F	54						2010-01-21
H	R8G	54						2010-01-21
H	R8H	15						2010-01-21
H	R8H	280							1993-12-31
H	R8I	15						2010-01-21
H	R8J	262							1993-12-31
H	R8K	262							1993-12-31
H	R8M	135							1993-12-31
H	R8O	15						2010-01-21
H	R8P	15						2010-01-21
H	R8P	135							1993-12-31
H	R8R	262							1993-12-31
H	R8S	15						2010-01-21
H	R8S	262							1993-12-31
H	R8T	15						2000-01-01	2010-01-20
H	R8T	15						2010-01-21
H	R8U	15						2010-01-21
H	R8V	15						2000-01-01	2010-01-20
H	R8W	15						2010-01-21
H	R8W	280							1993-12-31
H	R8X	54						2010-01-21
H	R8X	262							1993-12-31
H	R8Y	15						2010-01-21
H	R8Y	280							1993-12-31
H	R8Z	15						2010-01-21
H	R9	15						1974-08-01
H	R95W	15						2019-12-11	2019-12-25
H	R9F	54						1974-08-01
H	R9G	54						2000-08-01
H	R9H	15						1990-11-01
H	R9I	15						1991-04-01
H	R9O	15						1995-05-01
H	R9P	15						1974-08-01
H	R9S	15						1990-11-01
H	R9T	15						2003-07-01
H	R9U	15						1996-02-01
H	R9V	15						2010-01-21
H	R9W	15						1989-06-01
H	R9X	54						1992-01-01
H	R9Y	15						1989-08-01
H	R9Z	15						1989-08-01
H	RA1I	54						2019-04-08
H	RA22	54						2013-12-31	2014-03-31
H	RA27	54						2013-04-17	2013-07-17
H	RA7	15							2010-01-20
H	RA8	15						2010-01-21
H	RA8F	54						2010-01-21
H	RA8G	54						2010-01-21
H	RA8H	15						2010-01-21
H	RA8I	15						2010-01-21
H	RA8O	15						2010-01-21
H	RA8P	15						2010-01-21
H	RA8S	15						2010-01-21
H	RA8T	15						1988-07-01	1990-08-31
H	RA8T	15						2010-01-21
H	RA8U	15						2010-01-21
H	RA8V	15						1987-08-01	2005-05-31
H	RA8V	15						2010-01-21
H	RA8W	15						2010-01-21
H	RA8X	54						2010-01-21
H	RA8Y	15						2010-01-21
H	RA8Z	15						2010-01-21
H	RB	288						1970-01-01	1994-03-31
H	RC	27							1994-12-31
H	RC0	15						2010-01-21
H	RC0A	15						2010-01-21
H	RC0B	15						2010-01-21
H	RC0H	15						2010-01-21
H	RC0O	15						2010-01-21
H	RC0R	15						2010-01-21
H	RC0S	15						2010-01-21
H	RC0T	15						2010-01-21
H	RC0U	15						2010-01-21
H	RC0V	15						2010-01-21
H	RC0W	15						2010-01-21
H	RC0Y	15						2010-01-21
H	RC1I	54						2019-04-08
H	RC2	126						1995-01-01	2010-01-20
H	RC2F	126						2010-01-21
H	RC2K	126						2010-01-21
H	RC8	15						2010-01-21
H	RC8F	54						2010-01-21
H	RC8G	54						2010-01-21
H	RC8H	15						2010-01-21
H	RC8I	15						2010-01-21
H	RC8O	15						2010-01-21
H	RC8P	15						2010-01-21
H	RC8S	15						2010-01-21
H	RC8T	15						2010-01-21
H	RC8U	15						2010-01-21
H	RC8V	15						2010-01-21
H	RC8W	15						2010-01-21
H	RC8X	54						2010-01-21
H	RC8Y	15						2010-01-21
H	RC8Z	15						2010-01-21
H	RC9	15						2005-07-01
H	RC9F	54						2010-01-21
H	RC9G	54						2010-01-21
H	RC9H	15						2010-01-21
H	RC9I	15						2010-01-21
H	RC9O	15						2009-01-01
H	RC9P	15						2010-01-21
H	RC9S	15						2010-01-21
H	RC9T	15						2010-01-21
H	RC9U	15						2010-01-21
H	RC9V	15						2010-01-21
H	RC9W	15						2010-01-21
H	RC9X	54						2010-01-21
H	RC9Y	15						2010-01-21
H	RC9Z	15						2010-01-21
H	RD	18							1993-12-31
H	RD0	15						2010-01-21
H	RD0A	15						2010-01-21
H	RD0B	15						2010-01-21
H	RD0H	15						2010-01-21
H	RD0O	15						2010-01-21
H	RD0R	15						2010-01-21
H	RD0S	15						2010-01-21
H	RD0T	15						2010-01-21
H	RD0U	15						2010-01-21
H	RD0V	15						2010-01-21
H	RD0W	15						2010-01-21
H	RD0Y	15						2010-01-21
H	RD1I	54						2019-04-08
H	RD2F	126						2010-01-21
H	RD2K	126						2010-01-21
H	RD8	15						2010-01-21
H	RD8F	54						2010-01-21
H	RD8G	54						2010-01-21
H	RD8H	15						2010-01-21
H	RD8I	15						2010-01-21
H	RD8O	15						2010-01-21
H	RD8P	15						2010-01-21
H	RD8S	15						2010-01-21
H	RD8T	15						2010-01-21
H	RD8U	15						2010-01-21
H	RD8V	15						2010-01-21
H	RD8W	15						2010-01-21
H	RD8X	54						2010-01-21
H	RD8Y	15						2010-01-21
H	RD8Z	15						2010-01-21
H	RD9	15						2010-01-21
H	RD9F	54						2010-01-21
H	RD9G	54						2010-01-21
H	RD9H	15						2010-01-21
H	RD9I	15						2010-01-21
H	RD9O	15						2010-01-21
H	RD9P	15						2010-01-21
H	RD9S	15						2010-01-21
H	RD9T	15						2010-01-21
H	RD9U	15						2010-01-21
H	RD9V	15						2010-01-21
H	RD9W	15						2010-01-21
H	RD9X	54						2010-01-21
H	RD9Y	15						2010-01-21
H	RD9Z	15						2010-01-21
H	RE0	15						2010-01-21
H	RE0A	15						2010-01-21
H	RE0B	15						2010-01-21
H	RE0H	15						2010-01-21
H	RE0O	15						2010-01-21
H	RE0R	15						2010-01-21
H	RE0S	15						2010-01-21
H	RE0T	15						2010-01-21
H	RE0U	15						2010-01-21
H	RE0V	15						2010-01-21
H	RE0W	15						2010-01-21
H	RE0Y	15						2010-01-21
H	RE1I	54						2019-04-08
H	RE2F	126						2010-01-21
H	RE2K	126						2010-01-21
H	RE8	15						2010-01-21
H	RE8F	54						2010-01-21
H	RE8G	54						2010-01-21
H	RE8H	15						2010-01-21
H	RE8I	15						2010-01-21
H	RE8O	15						2010-01-21
H	RE8P	15						2010-01-21
H	RE8S	15						2010-01-21
H	RE8T	15						2010-01-21
H	RE8U	15						2010-01-21
H	RE8V	15						2010-01-21
H	RE8W	15						2010-01-21
H	RE8X	54						2010-01-21
H	RE8Y	15						2010-01-21
H	RE8Z	15						2010-01-21
H	RE9	15						2010-01-21
H	RE9F	54						2010-01-21
H	RE9G	54						2010-01-21
H	RE9H	15						2010-01-21
H	RE9I	15						2010-01-21
H	RE9O	15						2010-01-21
H	RE9P	15						2010-01-21
H	RE9S	15						2010-01-21
H	RE9T	15						2010-01-21
H	RE9U	15						2010-01-21
H	RE9V	15						2010-01-21
H	RE9W	15						2010-01-21
H	RE9X	54						2010-01-21
H	RE9Y	15						2010-01-21
H	RE9Z	15						2010-01-21
H	RF	75							1993-12-31
H	RF0	15						1996-07-01
H	RF0A	15						2010-01-21
H	RF0B	15						2010-01-21
H	RF0H	15						2010-01-21
H	RF0O	15						2010-01-21
H	RF0R	15						2010-01-21
H	RF0S	15						2010-01-21
H	RF0T	15						2010-01-21
H	RF0U	15						2010-01-21
H	RF0V	15						2010-01-21
H	RF0W	15						2010-01-21
H	RF0Y	15						2010-01-21
H	RF1I	54						2019-04-08
H	RF2	126						1996-01-01	2010-01-20
H	RF2F	126						2010-01-21
H	RF2K	126						2010-01-21
H	RF8	15						2010-01-21
H	RF8F	54						2010-01-21
H	RF8G	54						2010-01-21
H	RF8H	15						2010-01-21
H	RF8I	15						2010-01-21
H	RF8O	15						2010-01-21
H	RF8P	15						2010-01-21
H	RF8S	15						2010-01-21
H	RF8T	15						2010-01-21
H	RF8U	15						2010-01-21
H	RF8V	15						2010-01-21
H	RF8W	15						2010-01-21
H	RF8X	54						2010-01-21
H	RF8Y	15						2010-01-21
H	RF8Z	15						2010-01-21
H	RF9	15						1999-03-01
H	RF9F	54						1999-05-01
H	RF9G	54						2010-01-21
H	RF9H	15						2010-01-21
H	RF9I	15						2010-01-21
H	RF9O	15						2010-01-21
H	RF9P	15						2010-01-21
H	RF9S	15						2010-01-21
H	RF9T	15						2010-01-21
H	RF9U	15						2010-01-21
H	RF9V	15						2010-01-21
H	RF9W	15						2010-01-21
H	RF9X	54						2010-01-21
H	RF9Y	15						2010-01-21
H	RF9Z	15						2010-01-21
H	RG	14							1993-12-31
H	RG0	15						2010-01-21
H	RG0A	15						2010-01-21
H	RG0B	15						2010-01-21
H	RG0H	15						2010-01-21
H	RG0O	15						2010-01-21
H	RG0R	15						2010-01-21
H	RG0S	15						2010-01-21
H	RG0T	15						2010-01-21
H	RG0U	15						2010-01-21
H	RG0V	15						2010-01-21
H	RG0W	15						2010-01-21
H	RG0Y	15						2010-01-21
H	RG1I	54						2019-04-08
H	RG20C	15						2011-08-14	2011-08-15
H	RG2F	126						2010-01-21
H	RG2K	126						2010-01-21
H	RG8	15						2010-01-21
H	RG8F	54						2010-01-21
H	RG8G	54						2010-01-21
H	RG8H	15						2010-01-21
H	RG8I	15						2010-01-21
H	RG8O	15						2010-01-21
H	RG8P	15						2010-01-21
H	RG8S	15						2010-01-21
H	RG8T	15						2010-01-21
H	RG8U	15						2010-01-21
H	RG8V	15						2010-01-21
H	RG8W	15						2010-01-21
H	RG8X	54						2010-01-21
H	RG8Y	15						2010-01-21
H	RG8Z	15						2010-01-21
H	RG9	15						2010-01-21
H	RG9F	54						2010-01-21
H	RG9G	54						2010-01-21
H	RG9H	15						2010-01-21
H	RG9I	15						2010-01-21
H	RG9O	15						2010-01-21
H	RG9P	15						2010-01-21
H	RG9S	15						2010-01-21
H	RG9T	15						2010-01-21
H	RG9U	15						2010-01-21
H	RG9V	15						2010-01-21
H	RG9W	15						2010-01-21
H	RG9X	54						2010-01-21
H	RG9Y	15						2010-01-21
H	RG9Z	15						2010-01-21
H	RH	280							1994-03-31
H	RH1	54						2000-04-23	2000-05-14
H	RH9X	54						2002-03-19	2002-03-24
H	RI	292							1993-12-31
H	RI0	15						1995-10-01
H	RI0A	15						2010-01-21
H	RI0B	15						2010-01-21
H	RI0H	15						2010-01-21
H	RI1AN	13						2010-01-21
H	RI1F	61						2017-09-28
H	RI1FJ	61						2010-01-21	2017-09-27
H	RI1MV	151						2010-01-21	2012-02-16
H	RI2	126						1994-01-01	2010-01-20
H	RI8	15						2010-01-21
H	RI8X	54						2010-01-21
H	RI9	15						2010-01-21
H	RI9X	54						2010-01-21
H	RJ	262							1993-12-31
H	RJ0	15						2010-01-21
H	RJ0A	15						2010-01-21
H	RJ0B	15						2010-01-21
H	RJ0H	15						2010-01-21
H	RJ0O	15						2010-01-21
H	RJ0R	15						1994-01-01
H	RJ0S	15						1994-01-01
H	RJ0T	15						2010-01-21
H	RJ0U	15						2010-01-21
H	RJ0V	15						2010-01-21
H	RJ0W	15						2010-01-21
H	RJ0Y	15						2010-01-21
H	RJ1I	54						2019-04-08
H	RJ2F	126						2010-01-21
H	RJ2K	126						2010-01-21
H	RJ8	15						2010-01-21
H	RJ8F	54						2010-01-21
H	RJ8G	54						2010-01-21
H	RJ8H	15						2010-01-21
H	RJ8I	15						2010-01-21
H	RJ8O	15						2010-01-21
H	RJ8P	15						2010-01-21
H	RJ8S	15						2010-01-21
H	RJ8T	15						2010-01-21
H	RJ8U	15						2010-01-21
H	RJ8V	15						2010-01-21
H	RJ8W	15						2010-01-21
H	RJ8X	54						2010-01-21
H	RJ8Y	15						2010-01-21
H	RJ8Z	15						2010-01-21
H	RJ9	15						2010-01-21
H	RJ9F	54						2010-01-21
H	RJ9G	54						2010-01-21
H	RJ9H	15						2010-01-21
H	RJ9I	15						2010-01-21
H	RJ9O	15						2010-01-21
H	RJ9P	15						2010-01-21
H	RJ9S	15						2010-01-21
H	RJ9T	15						2010-01-21
H	RJ9U	15						2010-01-21
H	RJ9V	15						2010-01-21
H	RJ9W	15						2010-01-21
H	RJ9X	54						2010-01-21
H	RJ9Y	15						2010-01-21
H	RJ9Z	15						2010-01-21
H	RK0	15						1994-01-01
H	RK0A	15						1994-01-01
H	RK0B	15						2002-06-01
H	RK0H	15						2010-01-21
H	RK0O	15						1994-01-01
H	RK0R	15						1995-01-01
H	RK0S	15						1994-01-01
H	RK0T	15						2010-01-21
H	RK0U	15						1994-06-01
H	RK0V	15						2010-01-21
H	RK0W	15						1998-08-01
H	RK0Y	15						1998-06-01
H	RK1I	54						2019-04-08
H	RK2	126						1994-01-01	2010-01-20
H	RK2A	27							1993-12-31
H	RK2B	146							1993-12-31
H	RK2C	27							1993-12-31
H	RK2F	126						2010-01-21
H	RK2G	145							1993-12-31
H	RK2K	126						2010-01-21
H	RK2L	27							1993-12-31
H	RK2O	27							1993-12-31
H	RK2P	146							1993-12-31
H	RK2Q	145							1993-12-31
H	RK2R	52							1993-12-31
H	RK2S	27							1993-12-31
H	RK2T	52							1993-12-31
H	RK2W	27							1993-12-31
H	RK5	288							1993-12-31
H	RK6C	18							1993-12-31
H	RK6D	18							1993-12-31
H	RK6F	75							1993-12-31
H	RK6G	14							1993-12-31
H	RK6K	18							1993-12-31
H	RK6N	18							1993-12-31
H	RK6O	75							1993-12-31
H	RK6Q	75							1993-12-31
H	RK6V	75							1993-12-31
H	RK7	130							1993-12-31
H	RK75	126						2021-04-16	2021-07-31
H	RK8	15						2010-01-21
H	RK8	292							1993-12-31
H	RK8A	280							1993-12-31
H	RK8B	280							1993-12-31
H	RK8E	280							1993-12-31
H	RK8F	54						2010-01-21
H	RK8G	54						2010-01-21
H	RK8H	15						2010-01-21
H	RK8H	280							1993-12-31
H	RK8I	15						2010-01-21
H	RK8J	262							1993-12-31
H	RK8K	262							1993-12-31
H	RK8M	135							1993-12-31
H	RK8O	15						2010-01-21
H	RK8P	15						2010-01-21
H	RK8P	135							1993-12-31
H	RK8R	262							1993-12-31
H	RK8S	15						2010-01-21
H	RK8S	262							1993-12-31
H	RK8T	15						2010-01-21
H	RK8U	15						2010-01-21
H	RK8V	15						2010-01-21
H	RK8W	15						2010-01-21
H	RK8W	280							1993-12-31
H	RK8X	54						2010-01-21
H	RK8X	262							1993-12-31
H	RK8Y	15						2010-01-21
H	RK8Y	280							1993-12-31
H	RK9	15						1994-01-01
H	RK9F	54						1994-01-01
H	RK9G	54						2010-01-20
H	RK9H	15						1994-01-01
H	RK9I	15						2010-01-21
H	RK9O	15						1994-02-01
H	RK9P	15						2010-01-21
H	RK9S	15						1994-03-01
H	RK9T	15						1999-10-01
H	RK9U	15						1991-09-01
H	RK9V	15						2010-01-21
H	RK9W	15						1996-03-01
H	RK9X	54						1981-07-20	1981-08-22
H	RK9X	54						2010-01-21
H	RK9Y	15						1994-01-01
H	RK9Z	15						2000-10-01
H	RL	130							1993-12-31
H	RL0	15						2010-01-21
H	RL0A	15						2010-01-21
H	RL0B	15						2010-01-21
H	RL0H	15						2010-01-21
H	RL0O	15						2010-01-21
H	RL0R	15						2010-01-21
H	RL0S	15						2010-01-21
H	RL0T	15						2010-01-21
H	RL0U	15						2010-01-21
H	RL0V	15						2010-01-21
H	RL0W	15						2010-01-21
H	RL0Y	15						2010-01-21
H	RL1I	54						2019-04-08
H	RL2F	126						2010-01-21
H	RL2K	126						2010-01-21
H	RL8	15						2010-01-21
H	RL8F	54						2010-01-21
H	RL8G	54						2010-01-21
H	RL8H	15						2010-01-21
H	RL8I	15						2010-01-21
H	RL8O	15						2010-01-21
H	RL8P	15						2010-01-21
H	RL8S	15						2010-01-21
H	RL8T	15						2010-01-21
H	RL8U	15						2010-01-21
H	RL8V	15						2010-01-21
H	RL8W	15						2010-01-21
H	RL8X	54						2010-01-21
H	RL8Y	15						2010-01-21
H	RL8Z	15						2010-01-21
H	RL9	15						2010-01-21
H	RL9F	54						2003-05-01
H	RL9G	54						2010-01-21
H	RL9H	15						2010-01-21
H	RL9I	15						2010-01-21
H	RL9O	15						2010-01-21
H	RL9P	15						2010-01-21
H	RL9S	15						2010-01-21
H	RL9T	15						2010-01-21
H	RL9U	15						2010-01-21
H	RL9V	15						2010-01-21
H	RL9W	15						2010-01-21
H	RL9X	54						2010-01-21
H	RL9Y	15						2010-01-21
H	RL9Z	15						2010-01-21
H	RM	135							1994-01-31
H	RM0	15						2010-01-21
H	RM0A	15						2010-01-21
H	RM0B	15						2010-01-21
H	RM0H	15						2010-01-21
H	RM0O	15						2010-01-21
H	RM0R	15						2010-01-21
H	RM0S	15						2010-01-21
H	RM0T	15						2010-01-21
H	RM0U	15						2010-01-21
H	RM0V	15						2010-01-21
H	RM0W	15						2010-01-21
H	RM0Y	15						2010-01-21
H	RM1I	54						2019-04-08
H	RM2F	126						2010-01-21
H	RM2K	126						2010-01-21
H	RM8	15						2010-01-21
H	RM8F	54						2010-01-21
H	RM8G	54						2010-01-21
H	RM8H	15						2010-01-21
H	RM8I	15						2010-01-21
H	RM8O	15						2010-01-21
H	RM8P	15						2010-01-21
H	RM8S	15						2010-01-21
H	RM8T	15						2010-01-21
H	RM8U	15						2010-01-21
H	RM8V	15						2010-01-21
H	RM8W	15						2010-01-21
H	RM8X	54						2010-01-21
H	RM8Y	15						2010-01-21
H	RM8Z	15						2010-01-21
H	RM9	15						2010-01-21
H	RM9F	54						2010-01-21
H	RM9G	54						2010-01-21
H	RM9H	15						2010-01-21
H	RM9I	15						2010-01-21
H	RM9O	15						2010-01-21
H	RM9P	15						2010-01-21
H	RM9S	15						2010-01-21
H	RM9T	15						2010-01-21
H	RM9U	15						2010-01-21
H	RM9V	15						2010-01-21
H	RM9W	15						2004-03-01
H	RM9X	54						2010-01-21
H	RM9Y	15						2010-01-21
H	RM9Z	15						2010-01-21
H	RN0	15						2010-01-21
H	RN0A	15						2010-01-21
H	RN0B	15						2010-01-21
H	RN0C	15						2002-10-01	2010-01-20
H	RN0H	15						2010-01-21
H	RN0J	15						1999-02-01	2010-01-20
H	RN0O	15						2010-01-21
H	RN0Q	15						2002-04-01	2010-01-20
H	RN0R	15						2010-01-21
H	RN0S	15						1999-03-01
H	RN0T	15						2010-01-21
H	RN0U	15						2010-01-21
H	RN0V	15						2010-01-21
H	RN0W	15						2010-01-21
H	RN0Y	15						2010-01-21
H	RN1	128							1960-06-30
H	RN1I	54						2019-04-08
H	RN2	126						1996-11-01	2010-01-20
H	RN2F	126						2010-01-21
H	RN2K	126						2010-01-21
H	RN8	15						2010-01-21
H	RN8B	280							1993-12-31
H	RN8E	280							1993-12-31
H	RN8F	54						2010-01-21
H	RN8G	54						2010-01-21
H	RN8H	15						2010-01-21
H	RN8H	280							1993-12-31
H	RN8I	15						2010-01-21
H	RN8J	262							1993-12-31
H	RN8K	262							1993-12-31
H	RN8M	135							1993-12-31
H	RN8O	15						2010-01-21
H	RN8P	15						2010-01-21
H	RN8P	135							1993-12-31
H	RN8R	262							1993-12-31
H	RN8S	15						2010-01-21
H	RN8S	262							1993-12-31
H	RN8T	15						2010-01-21
H	RN8U	15						2010-01-21
H	RN8V	15						2010-01-21
H	RN8W	15						2010-01-21
H	RN8W	280							1993-12-31
H	RN8X	54						2010-01-21
H	RN8X	262							1993-12-31
H	RN8Y	15						2010-01-21
H	RN8Z	15						2010-01-21
H	RN9	15						1996-01-01
H	RN9	54						1992-01-01	1992-12-31
H	RN9F	54						1999-06-01
H	RN9G	54						2010-01-21
H	RN9H	15						2010-01-21
H	RN9I	15						2010-01-21
H	RN9O	15						2010-01-21
H	RN9P	15						2010-01-21
H	RN9S	15						1995-08-01
H	RN9T	15						2010-01-21
H	RN9U	15						2010-01-21
H	RN9V	15						2010-01-21
H	RN9W	15						2010-01-21
H	RN9X	54						1990-10-01
H	RN9Y	15						2010-01-21
H	RN9Z	15						2010-01-21
H	RO	179							1993-12-31
H	RO0	15						2010-01-21
H	RO0A	15						2010-01-21
H	RO0B	15						2010-01-21
H	RO0H	15						2010-01-21
H	RO0O	15						2010-01-21
H	RO0R	15						2010-01-21
H	RO0S	15						2010-01-21
H	RO0T	15						2010-01-21
H	RO0U	15						2010-01-21
H	RO0V	15						2010-01-21
H	RO0W	15						2010-01-21
H	RO0Y	15						2010-01-21
H	RO1I	54						2019-04-08
H	RO2F	126						2010-01-21
H	RO2K	126						2010-01-21
H	RO8	15						2010-01-21
H	RO80	54						2023-10-01	2023-10-09
H	RO8F	54						2010-01-21
H	RO8G	54						2010-01-21
H	RO8H	15						2010-01-21
H	RO8I	15						2010-01-21
H	RO8O	15						2010-01-21
H	RO8P	15						2010-01-21
H	RO8S	15						2010-01-21
H	RO8T	15						2010-01-21
H	RO8U	15						2010-01-21
H	RO8V	15						2010-01-21
H	RO8W	15						2010-01-21
H	RO8X	54						2010-01-21
H	RO8Y	15						2010-01-21
H	RO8Z	15						2010-01-21
H	RO9	15						2010-01-21
H	RO9F	54						2010-01-21
H	RO9G	54						2010-01-21
H	RO9H	15						2010-01-21
H	RO9I	15						2010-01-21
H	RO9O	15						2010-01-21
H	RO9P	15						2010-01-21
H	RO9S	15						2010-01-21
H	RO9T	15						2010-01-21
H	RO9U	15						2010-01-21
H	RO9V	15						2010-01-21
H	RO9W	15						2010-01-21
H	RO9X	54						2010-01-21
H	RO9Y	15						2010-01-21
H	RO9Z	15						2010-01-21
H	RP	146							1993-12-31
H	RP0	15						2010-05-01	2010-05-10
H	RP9	15						1994-05-01	2010-05-10
H	RP9U	15						2005-05-05	2010-05-10
H	RP9W	15						1999-05-01	2010-05-10
H	RP9X	54						1995-05-01	2010-05-10
H	RQ	145							1993-12-31
H	RQ0	15						2010-01-21
H	RQ0A	15						2010-01-21
H	RQ0B	15						2010-01-21
H	RQ0H	15						2010-01-21
H	RQ0O	15						2010-01-21
H	RQ0R	15						2010-01-21
H	RQ0S	15						2010-01-21
H	RQ0T	15						2010-01-21
H	RQ0U	15						2010-01-21
H	RQ0V	15						2010-01-21
H	RQ0W	15						2010-01-21
H	RQ0Y	15						2010-01-21
H	RQ1I	54						2019-04-08
H	RQ2F	126						2010-01-21
H	RQ2K	126						2010-01-21
H	RQ8	15						2010-01-21
H	RQ8F	54						2010-01-21
H	RQ8G	54						2010-01-21
H	RQ8H	15						2010-01-21
H	RQ8I	15						2010-01-21
H	RQ8O	15						2010-01-21
H	RQ8P	15						2010-01-21
H	RQ8S	15						2010-01-21
H	RQ8T	15						2010-01-21
H	RQ8U	15						2010-01-21
H	RQ8V	15						2010-01-21
H	RQ8W	15						2010-01-21
H	RQ8X	54						2010-01-21
H	RQ8Y	15						2010-01-21
H	RQ8Z	15						2010-01-21
H	RQ9	15						2010-01-21
H	RQ9F	54						2010-01-21
H	RQ9G	54						2010-01-21
H	RQ9H	15						2010-01-21
H	RQ9I	15						2010-01-21
H	RQ9O	15						2010-01-21
H	RQ9P	15						2010-01-21
H	RQ9S	15						2010-01-21
H	RQ9T	15						2010-01-21
H	RQ9U	15						2010-01-21
H	RQ9V	15						2010-01-21
H	RQ9W	15						2010-01-21
H	RQ9X	54						2010-01-21
H	RQ9Y	15						2010-01-21
H	RQ9Z	15						2010-01-21
H	RR	52						1970-12-01	1990-12-31
H	RT	288							1993-12-31
H	RT0	15						2010-01-21
H	RT0A	15						2010-01-21
H	RT0B	15						2010-01-21
H	RT0H	15						2010-01-21
H	RT0O	15						2010-01-21
H	RT0R	15						2010-01-21
H	RT0S	15						2010-01-21
H	RT0T	15						2010-01-21
H	RT0U	15						2010-01-21
H	RT0V	15						2010-01-21
H	RT0W	15						2010-01-21
H	RT0Y	15						2010-01-21
H	RT1I	54						2019-04-08
H	RT2F	126						2010-01-21
H	RT2K	126						2010-01-21
H	RT8	15						2010-01-21
H	RT8F	54						2010-01-21
H	RT8G	54						2010-01-21
H	RT8H	15						2010-01-21
H	RT8I	15						2010-01-21
H	RT8O	15						2010-01-21
H	RT8P	15						2010-01-21
H	RT8S	15						2010-01-21
H	RT8T	15						2010-01-21
H	RT8U	15						2010-01-21
H	RT8V	15						2010-01-21
H	RT8W	15						2010-01-21
H	RT8X	54						2010-01-21
H	RT8Y	15						2010-01-21
H	RT8Z	15						2010-01-21
H	RT9	15						2010-01-21
H	RT9F	54						2010-01-21
H	RT9G	54						2010-01-21
H	RT9H	15						2010-01-21
H	RT9I	15						2010-01-21
H	RT9O	15						2010-01-21
H	RT9P	15						2010-01-21
H	RT9S	15						2010-01-21
H	RT9T	15						2010-01-21
H	RT9U	15						2010-01-21
H	RT9V	15						2010-01-21
H	RT9W	15						2010-01-21
H	RT9X	54						2010-01-21
H	RT9Y	15						2010-01-21
H	RT9Z	15						2010-01-21
H	RU0	15						1980-01-01
H	RU0A	15						1980-12-01
H	RU0B	15						1994-10-01
H	RU0H	15						2000-07-01
H	RU0I	15						2010-01-21
H	RU0O	15						1995-03-01
H	RU0R	15						1998-11-01
H	RU0S	15						1993-12-01
H	RU0T	15						2000-11-01
H	RU0U	15						1993-09-01
H	RU0V	15						1999-10-01
H	RU0W	15						1994-02-01
H	RU0Y	15						2010-01-21
H	RU1I	54						2019-04-08
H	RU2	52						1979-12-31	1980-08-03
H	RU2	126						1994-01-01	2010-01-20
H	RU2F	126						2010-01-21
H	RU2K	126						2010-01-21
H	RU5U	288						1982-01-01	1993-06-30
H	RU8	15						2010-01-21
H	RU8F	54						2010-01-21
H	RU8G	54						2010-01-21
H	RU8H	15						2010-01-21
H	RU8I	15						2010-01-21
H	RU8O	15						2010-01-21
H	RU8P	15						2010-01-21
H	RU8S	15						2010-01-21
H	RU8T	15						2010-01-21
H	RU8U	15						2010-01-21
H	RU8V	15						2010-01-21
H	RU8W	15						2010-01-21
H	RU8X	54						2010-01-21
H	RU8Y	15						2010-01-21
H	RU8Z	15						2010-01-21
H	RU9	15						1984-02-01
H	RU9F	54						1994-01-01
H	RU9G	54						1995-08-01
H	RU9H	15						1991-01-01
H	RU9I	15						1998-02-01
H	RU9O	15						1996-05-01
H	RU9P	15						2010-01-21
H	RU9S	15						1986-06-01
H	RU9T	15						1994-05-01
H	RU9U	15						1986-06-01
H	RU9V	15						1993-12-01
H	RU9W	15						1986-10-01
H	RU9X	54						1994-10-01
H	RU9Y	15						1994-01-01
H	RU9Z	15						1995-03-01
H	RV0	15						1983-11-01
H	RV0A	15						1984-01-01
H	RV0B	15						1985-11-01
H	RV0H	15						2010-01-21
H	RV0O	15						2010-01-21
H	RV0R	15						2010-01-21
H	RV0S	15						1988-08-01
H	RV0T	15						2010-01-21
H	RV0U	15						2010-01-21
H	RV0V	15						2010-01-21
H	RV0W	15						2010-01-21
H	RV0Y	15						2010-01-21
H	RV1I	54						2019-04-08
H	RV2	126							2010-01-20
H	RV2F	126						2010-01-21
H	RV2K	126						2010-01-21
H	RV8	15						2010-01-21
H	RV8F	54						2010-01-21
H	RV8G	54						2010-01-21
H	RV8H	15						2010-01-21
H	RV8I	15						2010-01-21
H	RV8O	15						2010-01-21
H	RV8P	15						2010-01-21
H	RV8S	15						2010-01-21
H	RV8T	15						2010-01-21
H	RV8U	15						2010-01-21
H	RV8V	15						2010-01-21
H	RV8W	15						2010-01-21
H	RV8X	54						2010-01-21
H	RV8Y	15						2010-01-21
H	RV8Z	15						2010-01-21
H	RV9	15						1983-10-01
H	RV9F	54						1984-04-01
H	RV9G	54						1989-03-01
H	RV9H	15						1989-01-01
H	RV9I	15						2010-01-21
H	RV9O	15						1995-01-01
H	RV9P	15						1995-01-01
H	RV9S	15						1991-05-01
H	RV9T	15						2010-01-21
H	RV9U	15						1984-07-01
H	RV9V	15						1987-01-01
H	RV9W	15						1987-01-01
H	RV9X	54						1992-11-01
H	RV9Y	15						1989-05-01
H	RV9Z	15						2010-01-21
H	RW0	15						1984-05-01
H	RW0A	15						1984-05-01
H	RW0B	15						1988-08-01
H	RW0H	15						1985-05-01
H	RW0O	15						1989-07-01
H	RW0R	15						1988-03-01
H	RW0S	15						1989-10-01
H	RW0T	15						1987-12-01
H	RW0U	15						1988-03-01
H	RW0V	15						2010-01-21
H	RW0Y	15						1994-11-01
H	RW1I	54						2019-04-08
H	RW2	126							2010-01-20
H	RW2F	126						2010-01-21
H	RW2K	126						2010-01-21
H	RW7	15						1992-04-30	2010-01-20
H	RW8	15						2010-01-21
H	RW8F	54						2010-01-21
H	RW8G	54						2010-01-21
H	RW8H	15						2010-01-21
H	RW8I	15						2010-01-21
H	RW8O	15						2010-01-21
H	RW8P	15						2010-01-21
H	RW8S	15						2010-01-21
H	RW8T	15						1989-07-01	2010-01-20
H	RW8T	15						2010-01-21
H	RW8U	15						2010-01-21
H	RW8V	15						1987-08-01	2010-01-20
H	RW8V	15						2010-01-21
H	RW8W	15						2010-01-21
H	RW8X	54						2010-01-21
H	RW8Y	15						2010-01-21
H	RW8Z	15						2010-01-21
H	RW9	15						1980-01-01
H	RW9F	54						1985-04-01
H	RW9G	54						1990-02-01
H	RW9H	15						1984-04-01
H	RW9I	15						1985-11-01
H	RW9O	15						1987-01-01
H	RW9P	15						1988-10-01
H	RW9S	15						1985-01-01
H	RW9T	15						1994-01-01
H	RW9U	15						1984-10-01
H	RW9V	15						2010-01-21
H	RW9W	15						1980-01-01
H	RW9X	54						1991-07-01
H	RW9Y	15						1998-08-01
H	RW9Z	15						1999-01-01
H	RX0	15						1989-01-01
H	RX0A	15						1994-01-01
H	RX0B	15						2010-01-21
H	RX0H	15						2010-01-21
H	RX0O	15						2010-01-21
H	RX0R	15						2010-01-21
H	RX0S	15						1998-01-01
H	RX0T	15						2010-01-21
H	RX0U	15						2010-01-21
H	RX0V	15						2010-01-21
H	RX0W	15						1997-01-01
H	RX0Y	15						2010-01-21
H	RX1I	54						2019-04-08
H	RX2F	126						2010-01-21
H	RX2K	126						2010-01-21
H	RX5	288						1982-01-01	1993-12-31
H	RX7	15						1994-01-01	2010-01-20
H	RX7	130						1982-05-01	1982-06-30
H	RX8	15						2010-01-21
H	RX8F	54						2010-01-21
H	RX8G	54						2010-01-21
H	RX8H	15						2010-01-21
H	RX8I	15						2010-01-21
H	RX8O	15						2010-01-21
H	RX8P	15						2010-01-21
H	RX8S	15						2010-01-21
H	RX8T	15						2010-01-21
H	RX8U	15						2010-01-21
H	RX8V	15						2010-01-21
H	RX8W	15						2010-01-21
H	RX8X	54						2010-01-21
H	RX8Y	15						2010-01-21
H	RX8Z	15						2010-01-21
H	RX9	15						1985-06-01
H	RX9F	54						1994-01-01
H	RX9G	54						2010-01-21
H	RX9H	15						1995-01-01
H	RX9I	15						1995-01-01
H	RX9O	15						1996-01-01
H	RX9P	15						2010-01-21
H	RX9S	15						1993-12-26
H	RX9T	15						1994-05-01
H	RX9U	15						1994-01-01
H	RX9V	15						1994-01-01
H	RX9W	15						1991-06-01
H	RX9X	54						1994-01-01
H	RX9Y	15						1994-01-01
H	RY	288							1993-12-31
H	RY0	15						2010-01-21
H	RY0A	15						2010-01-21
H	RY0B	15						2010-01-21
H	RY0H	15						2010-01-21
H	RY0O	15						2010-01-21
H	RY0R	15						2010-01-21
H	RY0S	15						2010-01-21
H	RY0T	15						2010-01-21
H	RY0U	15						2010-01-21
H	RY0V	15						2010-01-21
H	RY0W	15						2010-01-21
H	RY0Y	15						2010-01-21
H	RY1I	54						2019-04-08
H	RY2	126						1994-01-01	2010-01-20
H	RY2F	126						2010-01-21
H	RY2K	126						2010-01-21
H	RY8	15						2010-01-21
H	RY8F	54						2010-01-21
H	RY8G	54						2010-01-21
H	RY8H	15						2010-01-21
H	RY8I	15						2010-01-21
H	RY8O	15						2010-01-21
H	RY8P	15						2010-01-21
H	RY8S	15						2010-01-21
H	RY8T	15						2010-01-21
H	RY8U	15						2010-01-21
H	RY8V	15						2010-01-21
H	RY8W	15						2010-01-21
H	RY8X	54						2010-01-21
H	RY8Y	15						2010-01-21
H	RY8Z	15						2010-01-21
H	RY9	15						2010-01-21
H	RY9F	54						2010-01-21
H	RY9G	54						2010-01-21
H	RY9H	15						2010-01-21
H	RY9I	15						2010-01-21
H	RY9O	15						2010-01-21
H	RY9P	15						2010-01-21
H	RY9S	15						2010-01-21
H	RY9T	15						2010-01-21
H	RY9U	15						2010-01-21
H	RY9V	15						2010-01-21
H	RY9W	15						2010-01-21
H	RY9X	54						2010-01-21
H	RY9Y	15						2010-01-21
H	RY9Z	15						2010-01-21
H	RZ0	15						1986-06-01
H	RZ0A	15						1988-01-01
H	RZ0B	15						1996-06-01
H	RZ0H	15						1996-11-01
H	RZ0O	15						1988-01-01
H	RZ0R	15						2010-01-21
H	RZ0S	15						1996-01-01
H	RZ0T	15						2010-01-21
H	RZ0U	15						1988-01-01
H	RZ0V	15						2010-01-01
H	RZ0W	15						1989-10-01
H	RZ0Y	15						1989-06-01
H	RZ1I	54						2019-04-08
H	RZ2	27						1979-12-31	1980-08-03
H	RZ2F	126						2010-01-21
H	RZ2K	126						2010-01-21
H	RZ5	288						1979-12-31	1980-08-03
H	RZ8	15						2010-01-21
H	RZ8F	54						2010-01-21
H	RZ8G	54						2010-01-21
H	RZ8H	15						2010-01-21
H	RZ8I	15						2010-01-21
H	RZ8O	15						2010-01-21
H	RZ8P	15						2010-01-21
H	RZ8S	15						2010-01-21
H	RZ8T	15						2010-01-21
H	RZ8U	15						2010-01-21
H	RZ8V	15						2010-01-21
H	RZ8W	15						2010-01-21
H	RZ8X	54						2010-01-21
H	RZ8Y	15						2010-01-21
H	RZ8Z	15						2010-01-21
H	RZ9	15						1984-04-30
H	RZ9F	54						1991-01-01
H	RZ9G	54						1989-08-25
H	RZ9H	15						1985-04-30
H	RZ9I	15						1990-04-30
H	RZ9O	15						1987-11-28
H	RZ9P	15						2010-01-21
H	RZ9S	15						1984-04-30
H	RZ9T	15						1998-11-01
H	RZ9U	15						1984-04-30
H	RZ9V	15						2010-01-21
H	RZ9W	15						1984-04-30
H	RZ9X	54						1989-08-25
H	RZ9Y	15						1994-01-01
H	RZ9Z	15						2000-01-01
H	S0	302						1987-10-18
H	S2	305						1971-03-26
H	S3	305						1971-03-26
H	S7	379						1976-06-28
H	S9	219						1975-07-12
H	SH75	206						2007-01-01	2007-12-31
H	SHI50	339						2010-12-31	2011-12-31
H	SHI60	339						2021-01-01	2021-12-31
H	ST0	244						1972-05-07	1994-12-31
H	SV5	45						1978-07-13
H	SV9	40						1979-02-04
H	SW	236						1974-01-01
H	SW5	45						1980-01-01
H	SW9	40						1980-01-01
H	SX	236						1972-05-09
H	SX5	45						1980-01-01
H	SX9	40						1980-01-01
H	SY	236						1978-12-01
H	SY5	45						1980-01-01
H	SY9	40						1980-01-01
H	SZ	236						1971-01-01
H	SZ5	45						1980-01-01
H	SZ9	40						1980-01-01
H	T30	301						1979-10-01
H	T31	31						1979-10-01
H	T32	48						1979-10-01
H	T33	490						1979-10-01
H	T3L	48						1979-10-01	1981-02-28
H	T4	462						1979-08-13	1979-12-31
H	T7	278						1983-04-20
H	T8	22						1996-01-01
H	T8	462							1994-12-31
H	T9	501
H	TJ	406						1959-12-31
H	TK	214						1984-03-01
H	TK	227						1975-04-01	1984-02-29
H	TK7G	79						1975-05-01	1979-12-31
H	TK7M	84						1975-05-01	1979-12-31
H	TK7R	453						1975-05-01	1979-12-31
H	TK7Y	63						1975-05-01	1979-12-31
H	TL	408						1960-08-13
H	TM1	327						1963-06-01	1968-08-31
H	TN	412						1960-08-15
H	TO	227							1992-02-29
H	TO8	175						1979-07-18	1979-07-22
H	TO8K	162						1987-11-01	1987-12-31
H	TR	420						1960-08-17
H	TRA50	339						2010-12-31	2011-12-31
H	TRA60	339						2021-01-01	2021-12-31
H	TS	474						1980-01-01
H	TT	410						1960-08-11
H	TU	428						1960-08-07
H	TW	227
H	TX	227							1992-02-29
H	TX8	162						1995-10-28	2001-03-31
H	TX8	162						2011-08-25	2011-09-11
H	TY	416						1960-08-01
H	TZ	442						1960-06-20
H	U0	15						1973-08-01
H	U0A	15						1974-05-01
H	U0B	15						2010-01-21
H	U0H	15						2010-01-01
H	U0I	15						2010-01-21
H	U0O	15						2010-01-21
H	U0R	15						2010-01-21
H	U0S	15						2010-01-21
H	U0T	15						2010-01-21
H	U0U	15						1984-05-01
H	U0V	15						2000-01-01
H	U0W	15						2010-01-21
H	U0Y	15						1977-10-01
H	U1	54						1999-11-06	1999-11-08
H	U1I	54						2019-04-08
H	U2	27							1993-12-31
H	U2	126						1994-01-01	2010-01-20
H	U2B	146							1993-12-31
H	U2F	126							1993-12-31
H	U2F	126						2010-01-21
H	U2G	145							1993-12-31
H	U2K	126						2010-01-21
H	U2P	146							1993-12-31
H	U2Q	145							1993-12-31
H	U2R	52							1993-12-31
H	U2T	52							1993-12-31
H	U3	54						1999-11-06	1999-11-08
H	U4	54						1999-11-06	1999-11-08
H	U5O	179							1993-12-31
H	U6	54						1999-11-06	1999-11-08
H	U6C	18							1993-12-31
H	U6F	75							1993-12-31
H	U6G	14							1993-12-31
H	U6K	18							1993-12-31
H	U6N	18							1993-12-31
H	U6O	75							1993-12-31
H	U6Q	75							1993-12-31
H	U6V	75							1993-12-31
H	U7	130							1993-12-31
H	U8	15						2010-01-21
H	U8	292						1977-10-01	2010-01-20
H	U8F	54						2010-01-21
H	U8G	54						2010-01-21
H	U8H	15						2010-01-21
H	U8I	15						2010-01-21
H	U8M	135						1983-02-01	1993-12-31
H	U8O	15						2010-01-21
H	U8P	15						2010-01-21
H	U8Q	135						1980-10-01	1993-12-31
H	U8S	15						2010-01-21
H	U8T	15						2010-01-21
H	U8U	15						2010-01-21
H	U8V	15						2010-01-21
H	U8W	15						2010-01-21
H	U8X	54						2010-01-21
H	U8Y	15						2010-01-21
H	U8Y	280							1993-12-31
H	U8Z	15						2010-01-21
H	U9	15						1977-10-01
H	U9F	54						2010-01-21
H	U9G	54						1978-03-01	1992-02-28
H	U9G	54						2010-01-21
H	U9H	15						2010-01-21
H	U9I	15						1987-10-01
H	U9O	15						1987-10-01
H	U9P	15						1987-10-01
H	U9S	15						2010-01-21
H	U9T	15						2010-01-21
H	U9U	15						1978-10-01
H	U9V	15						1987-10-01
H	U9W	15						1987-10-01
H	U9X	54						2010-01-21
H	U9Y	15						1987-10-01
H	U9Z	15						2010-01-21
H	UA0KA	15							1969-12-31
H	UA0KB	15							1969-12-31
H	UA0KN	15							1969-12-31
H	UA0KO	15							1969-12-31
H	UA0KS	15							1969-12-31
H	UA0KU	15							1969-12-31
H	UA0KV	15							1969-12-31
H	UA0KW	15							1969-12-31
H	UA0KY	15							1969-12-31
H	UA0P	15							1983-12-31
H	UA0R	15						1984-01-01
H	UA1I	54						2019-04-08
H	UA7	15							2010-01-20
H	UA70X	54						1991-08-18	1991-08-25
H	UA8	15						2010-01-21
H	UA8F	54						2010-01-21
H	UA8G	54						2010-01-21
H	UA8H	15						2010-01-21
H	UA8I	15						2010-01-21
H	UA8O	15						2010-01-21
H	UA8P	15						2010-01-21
H	UA8S	15						2010-01-21
H	UA8T	15						1984-05-01	2010-01-20
H	UA8T	15						2010-01-21
H	UA8U	15						2010-01-21
H	UA8V	15						1984-05-01	2010-01-20
H	UA8V	15						2010-01-21
H	UA8W	15						2010-01-21
H	UA8X	54						2010-01-21
H	UA8Y	15						2010-01-21
H	UA8Z	15						2010-01-21
H	UA9E	54							1969-12-31
H	UA9G	54						2003-08-01
H	UA9KE	54							1969-12-31
H	UA9KF	54							1969-12-31
H	UA9KG	54							1969-12-31
H	UA9KH	15							1969-12-31
H	UA9KO	15							1969-12-31
H	UA9KP	15							1969-12-31
H	UA9KS	15							1969-12-31
H	UA9KT	15							1969-12-31
H	UA9KU	15							1969-12-31
H	UA9KV	15							1969-12-31
H	UA9KW	15							1969-12-31
H	UA9KX	54							1969-12-31
H	UA9KY	15							1969-12-31
H	UB	288							1994-12-31
H	UB0	15						2010-01-21
H	UB0A	15						2010-01-21
H	UB0B	15						2010-01-21
H	UB0H	15						2010-01-21
H	UB0O	15						2010-01-21
H	UB0R	15						2010-01-21
H	UB0S	15						2010-01-21
H	UB0T	15						2010-01-21
H	UB0U	15						2010-01-21
H	UB0V	15						2010-01-21
H	UB0W	15						2010-01-21
H	UB0Y	15						2010-01-21
H	UB1I	54						2019-04-08
H	UB2	126						2010-01-21
H	UB8	15						2010-01-21
H	UB8F	54						2010-01-21
H	UB8G	54						2010-01-21
H	UB8H	15						2010-01-21
H	UB8I	15						2010-01-21
H	UB8O	15						2010-01-21
H	UB8P	15						2010-01-21
H	UB8S	15						2010-01-21
H	UB8T	15						2010-01-21
H	UB8U	15						2010-01-21
H	UB8V	15						2010-01-21
H	UB8W	15						2010-01-21
H	UB8X	54						2010-01-21
H	UB8Y	15						2010-01-21
H	UB8Z	15						2010-01-21
H	UB9	15						2010-01-21
H	UB9F	54						2010-01-21
H	UB9G	54						2010-01-21
H	UB9H	15						2010-01-21
H	UB9I	15						2010-01-21
H	UB9O	15						2010-01-21
H	UB9P	15						2010-01-21
H	UB9S	15						2010-01-21
H	UB9T	15						2010-01-21
H	UB9U	15						2010-01-21
H	UB9V	15						2010-01-21
H	UB9W	15						2010-01-21
H	UB9X	54						2010-01-21
H	UB9Y	15						2010-01-21
H	UB9Z	15						2010-01-21
H	UC	27							1994-12-31
H	UC0	15						2010-01-21
H	UC0A	15						2010-01-21
H	UC0B	15						2010-01-21
H	UC0H	15						2010-01-21
H	UC0O	15						2010-01-21
H	UC0R	15						2010-01-21
H	UC0S	15						2010-01-21
H	UC0T	15						2010-01-21
H	UC0U	15						2010-01-21
H	UC0V	15						2010-01-21
H	UC0W	15						2010-01-21
H	UC0Y	15						2010-01-21
H	UC1I	54						2019-04-08
H	UC2	126						2010-01-21
H	UC8	15						2010-01-21
H	UC8F	54						2010-01-21
H	UC8G	54						2010-01-21
H	UC8H	15						2010-01-21
H	UC8I	15						2010-01-21
H	UC8O	15						2010-01-21
H	UC8P	15						2010-01-21
H	UC8S	15						2010-01-21
H	UC8T	15						2010-01-21
H	UC8U	15						2010-01-21
H	UC8V	15						2010-01-21
H	UC8W	15						2010-01-21
H	UC8X	54						2010-01-21
H	UC8Y	15						2010-01-21
H	UC8Z	15						2010-01-21
H	UC9	15						2010-01-21
H	UC9F	54						2010-01-21
H	UC9G	54						2010-01-21
H	UC9H	15						2010-01-21
H	UC9I	15						2010-01-21
H	UC9O	15						2010-01-21
H	UC9P	15						2010-01-21
H	UC9S	15						2010-01-21
H	UC9T	15						2010-01-21
H	UC9U	15						2010-01-21
H	UC9V	15						2010-01-21
H	UC9W	15						2010-01-21
H	UC9X	54						2010-01-21
H	UC9Y	15						2010-01-21
H	UC9Z	15						2010-01-21
H	UD	18							1994-02-28
H	UD0	15						2010-01-21
H	UD0A	15						2010-01-21
H	UD0B	15						2010-03-01
H	UD0H	15						2010-03-01
H	UD0O	15						2010-01-21
H	UD0R	15						2010-01-21
H	UD0S	15						2010-01-21
H	UD0T	15						2010-01-21
H	UD0U	15						2010-01-21
H	UD0V	15						2010-01-21
H	UD0W	15						2010-01-21
H	UD0Y	15						2010-01-21
H	UD1I	54						2019-04-08
H	UD2	126						2010-01-21
H	UD8	15						2010-01-21
H	UD8F	54						2010-01-21
H	UD8G	54						2010-01-21
H	UD8H	15						2010-01-21
H	UD8I	15						2010-01-21
H	UD8O	15						2010-01-21
H	UD8P	15						2010-01-21
H	UD8S	15						2010-01-21
H	UD8T	15						2010-01-21
H	UD8U	15						2010-01-21
H	UD8V	15						2010-01-21
H	UD8W	15						2010-01-21
H	UD8X	54						2010-01-21
H	UD8Y	15						2010-01-21
H	UD8Z	15						2010-01-21
H	UD9	15						2010-01-21
H	UD9F	54						2010-01-21
H	UD9G	54						2010-01-21
H	UD9H	15						2010-01-21
H	UD9I	15						2010-01-21
H	UD9O	15						2010-01-21
H	UD9P	15						2010-01-21
H	UD9S	15						2010-01-21
H	UD9T	15						2010-01-21
H	UD9U	15						2010-01-21
H	UD9V	15						2010-01-21
H	UD9W	15						2010-01-21
H	UD9X	54						2010-01-21
H	UD9Y	15						2010-01-21
H	UD9Z	15						2010-01-21
H	UE0	15						1994-04-01
H	UE0A	15						1994-07-01
H	UE0B	15						2010-03-01
H	UE0H	15						2010-03-01
H	UE0O	15						2000-06-01
H	UE0R	15						2010-01-21
H	UE0S	15						1998-06-01
H	UE0T	15						2010-01-21
H	UE0U	15						2003-01-01
H	UE0V	15						2010-01-21
H	UE0W	15						2010-01-21
H	UE0Y	15						2004-08-01
H	UE1I	54						2019-04-08
H	UE2	126						2010-01-21
H	UE25	54						2016-11-02	2016-11-07
H	UE25R	54						2015-10-01	2015-12-31
H	UE2F	126						1998-08-01	2010-01-20
H	UE50X	54						1997-04-30	1997-05-31
H	UE8	15						2010-01-21
H	UE80M	15						2008-04-30	2008-05-31
H	UE80M	15						2009-04-30	2009-05-31
H	UE8F	54						2010-01-21
H	UE8G	54						2010-01-21
H	UE8H	15						2010-01-21
H	UE8I	15						2010-01-21
H	UE8O	15						2010-01-21
H	UE8P	15						2010-01-21
H	UE8S	15						2010-01-21
H	UE8T	15						2010-01-21
H	UE8U	15						2010-01-21
H	UE8V	15						2010-01-21
H	UE8W	15						2010-01-21
H	UE8X	54						2010-01-21
H	UE8Y	15						2010-01-21
H	UE8Z	15						2010-01-21
H	UE9	15						1995-04-01
H	UE9F	54						2003-06-01
H	UE9G	54						2003-08-01
H	UE9H	15						2009-07-01
H	UE9I	15						2010-01-21
H	UE9O	15						1998-05-01
H	UE9P	15						2010-01-21
H	UE9S	15						1996-11-01
H	UE9T	15						2010-01-21
H	UE9U	15						1997-08-01
H	UE9V	15						2010-01-21
H	UE9W	15						1994-03-01
H	UE9X	54						1996-04-01
H	UE9Y	15						2001-10-01
H	UE9Z	15						2010-01-21
H	UEO50	339						2010-12-31	2011-12-31
H	UEO60	339						2021-01-01	2021-12-31
H	UF	75							1994-07-31
H	UF0	15						2010-01-21
H	UF0A	15						2010-01-21
H	UF0B	15						2010-01-21
H	UF0H	15						2010-01-21
H	UF0O	15						2010-01-21
H	UF0R	15						2010-01-21
H	UF0S	15						2010-01-21
H	UF0T	15						2010-01-21
H	UF0U	15						2010-01-21
H	UF0V	15						2010-01-21
H	UF0W	15						2010-01-21
H	UF0Y	15						2010-01-21
H	UF1I	54						2019-04-08
H	UF2	126						2010-01-21
H	UF8	15						2010-01-21
H	UF8F	54						2010-01-21
H	UF8G	54						2010-01-21
H	UF8H	15						2010-01-21
H	UF8I	15						2010-01-21
H	UF8O	15						2010-01-21
H	UF8P	15						2010-01-21
H	UF8S	15						2010-01-21
H	UF8T	15						2010-01-21
H	UF8U	15						2010-01-21
H	UF8V	15						2010-01-21
H	UF8W	15						2010-01-21
H	UF8X	54						2010-01-21
H	UF8Y	15						2010-01-21
H	UF8Z	15						2010-01-21
H	UF9	15						2010-01-21
H	UF9F	54						2010-01-21
H	UF9G	54						2010-01-21
H	UF9H	15						2010-01-21
H	UF9I	15						2010-01-21
H	UF9O	15						2010-01-21
H	UF9P	15						2010-01-21
H	UF9S	15						2010-01-21
H	UF9T	15						2010-01-21
H	UF9U	15						2010-01-21
H	UF9V	15						2010-01-21
H	UF9W	15						2010-01-21
H	UF9X	54						2010-01-21
H	UF9Y	15						2010-01-21
H	UF9Z	15						2010-01-21
H	UG	14							1993-12-31
H	UG0	15						2010-01-21
H	UG0A	15						2010-01-21
H	UG0B	15						2010-01-21
H	UG0H	15						2010-01-21
H	UG0O	15						2010-01-21
H	UG0R	15						2010-01-21
H	UG0S	15						2010-01-21
H	UG0T	15						2010-01-21
H	UG0U	15						2010-01-21
H	UG0V	15						2010-01-21
H	UG0W	15						2010-01-21
H	UG0Y	15						2010-01-21
H	UG1I	54						2019-04-08
H	UG2	126						2010-01-21
H	UG8	15						2010-01-21
H	UG8F	54						2010-01-21
H	UG8G	54						2010-01-21
H	UG8H	15						2010-01-21
H	UG8I	15						2010-01-21
H	UG8O	15						2010-01-21
H	UG8P	15						2010-01-21
H	UG8S	15						2010-01-21
H	UG8T	15						2010-01-21
H	UG8U	15						2010-01-21
H	UG8V	15						2010-01-21
H	UG8W	15						2010-01-21
H	UG8X	54						2010-01-21
H	UG8Y	15						2010-01-21
H	UG8Z	15						2010-01-21
H	UG9	15						2010-01-21
H	UG9F	54						2010-01-21
H	UG9G	54						2010-01-21
H	UG9H	15						2010-01-21
H	UG9I	15						2010-01-21
H	UG9O	15						2010-01-21
H	UG9P	15						2010-01-21
H	UG9S	15						2010-01-21
H	UG9T	15						2010-01-21
H	UG9U	15						2010-01-21
H	UG9V	15						2010-01-21
H	UG9W	15						2010-01-21
H	UG9X	54						2010-01-21
H	UG9Y	15						2010-01-21
H	UG9Z	15						2010-01-21
H	UH	280							1995-02-28
H	UH0	15						2010-01-21
H	UH0A	15						2010-01-21
H	UH0B	15						2010-01-21
H	UH0H	15						2010-01-21
H	UH0O	15						2010-01-21
H	UH0R	15						2010-01-21
H	UH0S	15						2010-01-21
H	UH0T	15						2010-01-21
H	UH0U	15						2010-01-21
H	UH0V	15						2010-01-21
H	UH0W	15						2010-01-21
H	UH0Y	15						2010-01-21
H	UH1I	54						2019-04-08
H	UH2	126						2010-01-21
H	UH8	15						2010-01-21
H	UH8F	54						2010-01-21
H	UH8G	54						2010-01-21
H	UH8H	15						2010-01-21
H	UH8I	15						2010-01-21
H	UH8O	15						2010-01-21
H	UH8P	15						2010-01-21
H	UH8S	15						2010-01-21
H	UH8T	15						2010-01-21
H	UH8U	15						2010-01-21
H	UH8V	15						2010-01-21
H	UH8W	15						2010-01-21
H	UH8X	54						2010-01-21
H	UH8Y	15						2010-01-21
H	UH8Z	15						2010-01-21
H	UH9	15						2010-01-21
H	UH9F	54						2010-01-21
H	UH9G	54						2010-01-21
H	UH9H	15						2010-01-21
H	UH9I	15						2010-01-21
H	UH9O	15						2010-01-21
H	UH9P	15						2010-01-21
H	UH9S	15						2010-01-21
H	UH9T	15						2010-01-21
H	UH9U	15						2010-01-21
H	UH9V	15						2010-01-21
H	UH9W	15						2010-01-21
H	UH9X	54						2010-01-21
H	UH9Y	15						2010-01-21
H	UH9Z	15						2010-01-21
H	UI	292							1994-01-31
H	UI0	15						2010-01-21
H	UI0A	15						2010-01-21
H	UI0B	15						2010-01-21
H	UI0H	15						2010-01-21
H	UI0O	15						2010-01-21
H	UI0R	15						2010-01-21
H	UI0S	15						2010-01-21
H	UI0T	15						2010-01-21
H	UI0U	15						2010-01-21
H	UI0V	15						2010-01-21
H	UI0W	15						2010-01-21
H	UI0Y	15						2010-01-21
H	UI1I	54						2019-04-08
H	UI2	126						2010-01-21
H	UI8	15						2010-01-21
H	UI8F	54						2010-01-21
H	UI8G	54						2010-01-21
H	UI8H	15						2010-01-21
H	UI8I	15						2010-01-21
H	UI8O	15						2010-01-21
H	UI8P	15						2010-01-21
H	UI8S	15						2010-01-21
H	UI8T	15						2010-01-21
H	UI8U	15						2010-01-21
H	UI8V	15						2010-01-21
H	UI8W	15						2010-01-21
H	UI8X	54						2010-01-21
H	UI8Y	15						2010-01-21
H	UI8Z	15						2010-01-21
H	UI9	15						2010-01-21
H	UI9F	54						2010-01-21
H	UI9G	54						2010-01-21
H	UI9H	15						2010-01-21
H	UI9I	15						2010-01-21
H	UI9O	15						2010-01-21
H	UI9P	15						2010-01-21
H	UI9S	15						2010-01-21
H	UI9T	15						2010-01-21
H	UI9U	15						2010-01-21
H	UI9V	15						2010-01-21
H	UI9W	15						2010-01-21
H	UI9X	54						2010-01-21
H	UI9Y	15						2010-01-21
H	UI9Z	15						2010-01-21
H	UJ	262							1994-01-31
H	UJ	292						1994-02-01
H	UK	54						1970-01-01	1984-12-31
H	UK	292						1994-01-01
H	UK0	15						1970-01-01	1984-05-31
H	UK0A	15						1970-01-01	1984-04-30
H	UK0B	15						1970-01-01	1984-06-30
H	UK0H	15						1970-01-01	1984-04-30
H	UK0O	15						1970-01-01	1984-04-30
H	UK0R	15						1970-01-01	1984-04-30
H	UK0S	15						1970-01-01	1984-04-30
H	UK0T	15						1970-01-01	1984-04-30
H	UK0U	15						1970-01-01	1984-04-30
H	UK0V	15						1970-01-01	1984-04-30
H	UK0W	15						1970-01-01	1984-04-30
H	UK2	27						1970-01-01	1984-04-30
H	UK2B	146						1970-01-01	1984-04-30
H	UK2F	126						1970-01-01	1984-05-31
H	UK2G	145						1970-01-01	1984-04-30
H	UK2P	146						1970-01-01	1984-04-30
H	UK2Q	145						1970-01-01	1984-04-30
H	UK2R	52						1970-01-01	1985-05-31
H	UK2T	52						1970-01-01	1984-04-30
H	UK5	288						1970-01-01	1993-12-31
H	UK5O	179						1970-01-01	1984-05-31
H	UK6C	18						1970-01-01	1984-04-30
H	UK6D	18						1970-01-01	1984-04-30
H	UK6F	75						1970-01-01	1984-04-30
H	UK6G	14						1970-01-01	1984-04-30
H	UK6K	18						1970-01-01	1984-04-30
H	UK6O	75						1970-01-01	1984-04-30
H	UK6Q	75						1970-01-01	1984-04-30
H	UK6V	75						1970-01-01	1984-04-30
H	UK7	130						1970-01-01	1984-04-30
H	UK8	292						1970-01-01	1993-12-31
H	UK8B	280						1970-01-01	1984-04-30
H	UK8E	280						1970-01-01	1984-04-30
H	UK8H	280						1970-01-01	1984-04-30
H	UK8J	262						1970-01-01	1984-04-30
H	UK8M	135						1970-01-01	1984-04-30
H	UK8N	135						1970-01-01	1984-04-30
H	UK8Q	135						1970-01-01	1984-04-30
H	UK8R	262						1970-01-01	1984-04-30
H	UK8S	262						1970-01-01	1984-04-30
H	UK8W	280						1970-01-01	1984-04-30
H	UK8X	262						1970-01-01	1984-04-30
H	UK8Y	280						1970-01-01	1984-04-30
H	UK9	15						1970-01-01	1984-04-30
H	UK9E	54							1969-12-31
H	UK9F	54						1970-01-01	1984-04-30
H	UK9G	54						1970-01-01	1984-04-30
H	UK9O	15						1970-01-01	1984-04-30
H	UK9S	15						1970-01-01	1984-05-31
H	UK9T	15						1970-01-01	1984-04-30
H	UK9U	15						1970-01-01	1984-06-30
H	UK9W	15						1970-01-01	1984-04-30
H	UK9X	54						1970-01-01	1984-04-30
H	UK9Y	15						1970-01-01	1984-04-30
H	UK9Z	15						1970-01-01	1984-04-30
H	UL	130							1994-01-31
H	UL	292						1995-01-01
H	UM	135							1994-01-31
H	UM	292						1994-02-01
H	UN	130						1990-12-26
H	UN1	54						1960-07-01	1993-12-31
H	UN1	128							1960-06-30
H	UO	130						1994-02-01
H	UO	179							1994-01-31
H	UP	130						1993-09-01
H	UP	146							1993-02-28
H	UQ	130						1994-01-01
H	UQ	145							1993-12-31
H	UR	52							1990-12-31
H	UR	288						1991-01-01
H	US	288						1991-08-14
H	UT	288						1960-01-01
H	UU	288						1993-12-31
H	UV	288						1996-08-01
H	UV0	15						1968-01-01	1994-12-31
H	UV0A	15						1968-01-01	1992-12-31
H	UV0B	15						1969-01-01	1992-12-31
H	UV0H	15						1988-01-01	1993-12-31
H	UV9	15						1967-01-01	1994-12-31
H	UV9F	54						1972-01-01	1993-12-31
H	UV9G	54						1977-01-01	1993-12-31
H	UV9O	15						1967-01-01	1994-12-31
H	UV9S	15						1969-01-01	1994-12-31
H	UV9T	15						1986-01-01	1993-12-31
H	UV9U	15						1964-01-01	1993-12-31
H	UV9V	15						1970-01-01	1993-12-31
H	UV9W	15						1971-01-01	1994-12-31
H	UV9X	54						1969-01-01	1993-12-31
H	UV9Y	15						1988-01-01	1994-12-31
H	UW	288						1995-04-30
H	UW0	15						1960-01-01	1994-12-31
H	UW0A	15						1963-01-01	1994-12-31
H	UW0B	15						1967-01-01	1993-12-31
H	UW0H	15						1988-01-01	1993-12-31
H	UW0O	15						1988-01-01	1993-12-31
H	UW0S	15						1965-09-01	1993-12-31
H	UW0T	15						1965-01-01	1993-12-31
H	UW0U	15						1967-01-01	1994-12-31
H	UW0W	15						1972-01-01	1993-12-31
H	UW2F	126						1984-05-01	1993-12-31
H	UW8T	15						1989-01-01	1993-12-31
H	UW8V	15						1989-01-01	1993-12-31
H	UW9	15						1960-01-01	1994-04-30
H	UW9F	54						1961-01-01	1993-12-31
H	UW9G	54						1966-01-01	1993-12-31
H	UW9H	15						1968-01-01	1994-12-31
H	UW9I	15						1978-01-01	1993-12-31
H	UW9O	15						1963-01-01	1994-12-31
H	UW9P	15						1963-01-01	1994-12-31
H	UW9S	15						1964-01-01	1994-12-31
H	UW9T	15						1968-01-01	1994-12-31
H	UW9U	15						1963-01-01	1994-12-31
H	UW9V	15						1969-01-01	1993-12-31
H	UW9W	15						1963-01-01	1994-12-31
H	UW9X	54						1964-01-01	1993-12-31
H	UW9Y	15						1966-01-01	1993-12-31
H	UX	288						1993-11-01
H	UX0	15						1980-01-01	1991-12-31
H	UX5	288						1991-01-01
H	UX9	15						1979-01-01	1993-09-30
H	UY	288						1964-01-01
H	UZ	288						1995-04-30
H	UZ0	15						1984-04-30	1994-12-31
H	UZ0A	15						1984-04-30	1994-12-31
H	UZ0B	15						1984-04-30	1993-12-31
H	UZ0H	15						1984-04-30	1993-12-31
H	UZ0O	15						1984-04-30	1994-12-31
H	UZ0S	15						1984-04-30	1994-12-31
H	UZ0U	15						1984-04-30	1994-12-31
H	UZ0W	15						1984-04-30	1993-12-31
H	UZ0Y	15						1984-04-30	1993-12-31
H	UZ2F	126						1984-04-30	1993-12-31
H	UZ9	15						1984-04-30	1994-12-31
H	UZ9F	54						1984-04-30	1994-12-31
H	UZ9G	54						1984-04-30	1993-12-31
H	UZ9H	15						1984-04-30	1994-12-31
H	UZ9I	15						1984-04-30	1994-12-31
H	UZ9O	15						1984-04-30	1994-02-28
H	UZ9S	15						1984-04-30	1994-12-31
H	UZ9T	15						1984-04-30	1993-12-31
H	UZ9U	15						1984-04-30	1994-12-31
H	UZ9W	15						1984-04-30	1993-12-31
H	UZ9X	54						1984-04-30	1994-12-31
H	UZ9Y	15						1984-04-30	1993-12-31
H	UZ9Z	15						1984-04-30	1993-12-31
H	V3	66						1969-01-01
H	V4	249						1984-09-01
H	V5	464						1990-03-20
H	V6	173						1989-08-01
H	V7	168						1989-08-01
H	VB2	1						1972-05-01
H	VC1	1						1991-03-01	1991-04-30
H	VC1	1						1992-01-01	1992-02-29
H	VC2	1						1979-03-01
H	VD	1
H	VD2	1						1991-03-01
H	VF	1
H	VF2	1						1985-02-01
H	VG1	1						1991-02-01	1991-02-28
H	VG2	1						1983-02-01
H	VG3	1						1992-03-01	1992-04-30
H	VG4	1						1992-03-01	1992-04-30
H	VG5	1						1992-03-01	1992-04-30
H	VG6	1						1992-03-01	1992-04-30
H	VG7	1						1992-03-01	1992-04-30
H	VG8	1						1992-03-01	1992-04-30
H	VG9	1						1991-02-01	1991-02-28
H	VI0M	153
H	VI88	150						1987-12-31	1988-12-31
H	VI9	189						1975-09-16
H	VI9L	147						1975-09-16	2030-06-24
H	VI9X	35						1975-09-16
H	VJ	150						2021-10-30
H	VJ6	150						2021-10-30
H	VJ8	150						2021-10-30
H	VK0H	111
H	VK0M	153
H	VK1	13							1956-05-31
H	VK8	150						1956-06-01
H	VK9	189						1975-09-16
H	VK9	198							1975-09-15
H	VK9C	38						1975-09-16
H	VK9FC	38						2006-01-01
H	VK9FN	189						2006-01-01
H	VK9FW	303						2006-01-01
H	VK9FX	35						2006-01-01
H	VK9L	147						1975-09-16	2030-06-24
H	VK9M	171						1975-09-16
H	VK9N	189						1975-09-16
H	VK9W	303						1975-09-16
H	VK9X	35						1975-09-16
H	VK9Y	38						1975-09-16
H	VK9Z	303						1975-09-16
H	VL	150						2021-10-30
H	VL6	150						2021-10-30
H	VL8	150						2021-10-30
H	VO	1						1949-04-01
H	VO	186							1949-03-31
H	VO2	1						1949-04-01
H	VO4	1						1990-03-01	1990-04-30
H	VO6	1						1991-02-01	1991-02-28
H	VO7	1						1990-09-18	1990-11-05
H	VO8	1						1991-03-01	1991-04-30
H	VO8	1						1996-03-30	1996-05-30
H	VP0G	235						2023-03-14
H	VP0S	240						2023-03-14
H	VP1	66							1982-01-31
H	VP25E	12						1991-06-01	1992-05-31
H	VP2A	94							1981-12-31
H	VP2D	95							1979-12-31
H	VP2G	77							1977-12-31
H	VP2K	249						1958-06-01	1984-12-31
H	VP2L	97							1979-12-31
H	VP2S	98							1981-12-31
H	VP3	129							1967-12-31
H	VP4	90							1965-12-31
H	VP6	62							1967-12-31
H	VP6	172						1998-05-01
H	VP6D	513						2001-11-16
H	VP7	60							1974-12-31
H	VQ1	307							1974-05-31
H	VQ2	482							1964-12-31
H	VQ3	470							1961-12-31
H	VQ4	430							1963-12-31
H	VQ5	89						1966-07-01
H	VQ5	286							1962-12-31
H	VQ6	26							1960-06-30
H	VQ7	8							1976-06-28
H	VQ8	165							1970-06-30
H	VQ9	33						1977-01-01
H	VQ9	379							1976-12-31
H	VR	321						1996-01-01
H	VR1	301							1979-08-03
H	VR2	176							1972-12-31
H	VR2	321						1973-01-01	1995-12-31
H	VR3	48						1947-01-01	1981-02-28
H	VR4	185							1978-12-31
H	VR5	160							1972-04-01
H	VR6	172							1998-12-31
H	VR7	48						1974-01-01	1981-02-28
H	VR8	282						1976-01-01	1978-10-31
H	VS1	299						1963-09-16	1964-08-31
H	VS1	381							1963-09-15
H	VS2	155							1963-09-15
H	VS4	46						1963-09-16	1965-12-31
H	VS4	220							1963-09-15
H	VS5	345							1984-12-31
H	VS6	321							1997-06-30
H	VS7	315							1951-12-31
H	VS9	159							1976-03-29
H	VS9	321						1995-01-01	1998-12-31
H	VS9A	243							1990-05-21
H	VS9H	139							1967-11-29
H	VS9K	127							1982-03-10
H	VS9O	370							1966-12-31
H	VS9P	243							1990-05-21
H	VS9S	243							1990-05-21
H	VT1	348							1951-06-30
H	VU40	324						1987-01-01	1987-12-31
H	VU7	142						1971-04-10
H	VU7	304							1949-12-31
H	VX2	1						1974-01-01
H	VY	1
H	VY0	1						1999-04-01
H	VY0	252						1975-11-04	1978-05-23
H	VY2	1						1979-04-01
H	VY3	1						1984-06-01	1984-08-31
H	VY3	1						1990-09-18	1990-11-05
H	VY4	1						1984-06-01	1984-08-31
H	VY5	1						1984-06-01	1984-08-31
H	VY5	1						1992-07-01	1992-08-31
H	VY6	1						1984-06-01	1984-08-31
H	VY6	1						1992-07-01
H	VY7	1						1984-06-01	1984-08-31
H	VY7	1						1992-07-01	1992-08-31
H	VY7	1						1996-03-30	1996-05-30
H	VY8	1						1984-06-01	1984-08-31
H	VY8	1						1993-04-01
H	VZ9L	147						1975-09-16	2030-06-24
H	WG4	105							1978-12-31
H	WG6	103							1976-12-31
H	WG6R	166							1976-12-31
H	WG6S	166							1976-12-31
H	WG6T	166							1976-12-31
H	WH1	20						1978-03-24
H	WH3	123						1978-03-24
H	WH4	174						1978-03-24
H	WH5	197						1978-03-24
H	WH5K	134						1978-03-24	2016-03-28
H	WH7K	138						1996-01-01
H	WH8S	515						2006-07-22
H	WH9	297						1978-03-24
H	WM6	174							1978-03-23
H	WP1	182						1978-03-24
H	WP5	43						1979-03-01
H	WS6	9							1978-03-23
H	WT1	264						1952-02-01	1960-06-30
H	WV4	285							1978-12-31
H	XA	50						1948-01-01
H	XA	248							1947-12-31
H	XJ	1
H	XJ1	1						1974-01-01	1999-11-28
H	XJ1	1						2001-12-12
H	XJ2	1						1974-01-01	1995-10-29
H	XJ3	1						1974-01-01
H	XJ4	1						1974-01-01
H	XJ5	1						1974-01-01
H	XJ6	1						1974-01-01
H	XJ7	1						1974-01-01
H	XJ8	1						1974-01-01
H	XJ9	1						1991-07-26
H	XK0	1						1991-03-30	2002-12-31
H	XK0	1						2006-06-10
H	XK1	1						1984-09-01	1984-09-17
H	XK1	1						1985-06-29	1985-08-30
H	XK1	1						1989-05-26	2000-01-16
H	XK1	1						2001-12-30
H	XK2	1						1976-06-01	1976-06-02
H	XK2	1						1984-09-09	1984-09-20
H	XK2	1						1985-06-29	1985-08-31
H	XK2	1						1993-02-03	2001-12-27
H	XK2	1						2008-07-01	2008-07-28
H	XK2	1						2013-11-05
H	XK3	1						1975-03-01	1975-06-30
H	XK3	1						1975-07-01
H	XK4	1						1975-03-01
H	XK5	1						1975-03-01
H	XK6	1						1975-03-01
H	XK7	1						1975-03-01
H	XK8	1						1975-03-01
H	XK9	1						1995-07-06
H	XL1	1						1975-08-24	1997-01-26
H	XL1	1						1998-05-15	1998-07-15
H	XL1	1						2000-11-01
H	XL2	1						1976-05-01
H	XL3	1						1975-05-01
H	XL4	1						1975-05-01
H	XL5	1						1975-05-01
H	XL6	1						1975-01-01
H	XL7	1						1975-05-01
H	XL8	1						1975-05-01
H	XL9	1						1994-05-28
H	XM2	1						1990-02-02
H	XM3	1						1981-06-01
H	XM4	1						1981-06-01
H	XM5	1						1981-06-01
H	XM6	1						1981-06-01
H	XM7	1						1981-06-01
H	XM8	1						1981-06-01
H	XM9	1						1990-04-02
H	XN	1
H	XN0	1						1994-10-01
H	XN1	1						1984-10-13	1984-12-13
H	XN1	1						1991-10-17	1991-12-31
H	XN1	1						1997-07-12	1997-09-15
H	XN1	1						1998-06-01	1998-07-15
H	XN2	1						1984-10-13	1984-12-13
H	XN2	1						1991-10-17	1991-12-31
H	XN2	1						1996-10-26	1996-12-29
H	XN2	1						1997-07-12	1997-09-15
H	XN3	1						1984-10-13	1984-12-13
H	XN3	1						1991-10-17	1991-12-31
H	XN4	1						1984-10-01
H	XN5	1						1984-10-13	1984-12-13
H	XN5	1						1991-10-17	1991-12-31
H	XN6	1						1984-10-01
H	XN7	1						1984-10-13	1984-12-13
H	XN7	1						1991-10-17	1991-12-31
H	XN8	1						1984-10-13	1984-12-13
H	XN8	1						1991-10-17
H	XN9	1						1994-10-29
H	XO	1
H	XO0	1						1994-10-29	1994-12-29
H	XO1	1						1984-10-13	1984-12-13
H	XO1	1						1985-06-29	1985-08-29
H	XO2	1						1994-05-28	1994-07-28
H	XO3	1						1975-06-01	1975-10-31
H	XO3	1						1996-10-26	1996-12-31
H	XO3	1						1997-07-12	1997-09-15
H	XO4	1						1997-07-12	1997-09-15
H	XO9	1						1992-09-01
H	XQ9	13
H	XR9	13
H	XT	480						1960-08-05
H	XU	312						1950-01-01
H	XU	318							1949-12-31
H	XV	293						1989-11-26
H	XX	272
H	XX3	109							1975-12-31
H	XX3	256						1978-01-01
H	XX4	409							1975-12-31
H	XX6	401						1971-10-01	1975-11-30
H	XX7	181						1971-10-01	1975-07-31
H	Y2	229						1973-09-17	1990-10-02
H	Y2	230						1990-10-03
H	Y3	229						1973-09-17	1990-10-02
H	Y3	230						1990-10-03
H	Y4	229						1973-09-17	1990-10-02
H	Y4	230						1990-10-03
H	Y5	229						1973-09-17	1990-10-02
H	Y5	230						1990-10-03
H	Y6	229						1973-09-17	1990-10-02
H	Y6	230						1990-10-03
H	Y7	229						1973-09-17	1990-10-02
H	Y7	230						1990-10-03
H	Y8	229						1973-09-17	1990-10-02
H	Y8	230						1990-10-03
H	Y9	229						1973-09-17	1990-10-02
H	Y9	230						1990-10-03
H	YL	145						1988-09-30
H	YT2	497						1991-06-26	1992-12-30
H	YT3	499						1991-06-26	1992-10-20
H	YT3	514						2006-06-28	2007-05-11
H	YT4	501						1991-10-15	1993-05-10
H	YT5	502						1991-09-08	1993-12-30
H	YT6	514						2006-06-28	2007-05-11
H	YU2	497						1991-06-26	1992-12-30
H	YU3	499						1991-06-26	1992-10-20
H	YU3	514						2006-06-28	2007-05-11
H	YU4	501						1991-10-15	1993-05-10
H	YU5	502						1991-09-08	1993-12-30
H	YU6	514						2006-06-28	2007-05-11
H	YU60	296						2006-12-01	2007-12-31
H	YZ	296
H	YZ2	497						1991-06-26	1992-12-30
H	YZ3	499						1991-06-26	1992-10-20
H	YZ3	514						2006-06-28	2007-05-11
H	YZ4	501						1991-10-15	1993-05-10
H	YZ5	502						1991-09-08	1993-12-30
H	YZ6	514						2006-06-28	2007-05-11
H	Z6	522						2018-01-21
H	Z8	521						2011-07-14
H	ZB1	257							1965-12-31
H	ZC1	342							1959-12-31
H	ZC2	38							1959-12-31
H	ZC3	35							1959-12-31
H	ZC4	215							1962-06-30
H	ZC4	283						1964-09-17
H	ZC5	25							1963-09-15
H	ZC5	46						1963-09-16	1964-05-31
H	ZC6	196							1968-06-30
H	ZC6	336						1968-07-01	1969-12-31
H	ZC7	342							1959-12-31
H	ZC8	196							1968-06-30
H	ZD1	458							1962-04-30
H	ZD2	450							1961-09-30
H	ZD3	422							1975-12-31
H	ZD4	102							1957-03-05
H	ZD4	424						1957-03-06	1957-06-30
H	ZD5	468						1964-12-01	1971-07-31
H	ZD6	440							1964-07-31
H	ZE	452							1982-12-31
H	ZF	69						1966-01-01
H	ZK1	234							2006-06-30
H	ZK2	188
H	ZK3	270						1984-01-01
H	ZK9	188						1983-05-01	1983-12-31
H	ZL	170						1946-03-29
H	ZL5	13						1957-01-01
H	ZL50	170						2009-04-01
H	ZL7	34						1984-01-01
H	ZL75	170						2001-01-01	2001-12-31
H	ZL8	133						1984-01-01
H	ZL9	16						1984-01-01
H	ZM	170						1969-10-01
H	ZM5	13						1969-10-01
H	ZM6	190							1962-12-31
H	ZM7	34						1985-01-01
H	ZM7	270							1984-12-31
H	ZM8	133						1985-01-01
H	ZONE2	1
H	ZQ	233						2012-05-04	2012-06-10
H	ZR3	464							1990-12-31
H	ZS0	493						1977-09-01	1994-02-28
H	ZS3	464							1990-12-31
H	ZS7	13						1969-01-01
H	ZS7	468							1964-11-30
H	ZS8	201						1986-12-01
H	ZS8	432							1968-12-31
H	ZS9	402							1968-09-30
H	ZS9	488						1977-09-01	1994-02-28
H	ZS93	462						1993-03-01	1993-05-31
H	ZV0S	253						1966-01-01
H	ZV0ZS	253						1966-01-01
H	ZW0S	253						1966-01-01
H	ZW0ZS	253						1966-01-01
H	ZX0S	253						1966-01-01
H	ZX0ZS	253						1966-01-01
H	ZY0S	253						1966-01-01
H	ZY0Z	56						1987-07-01
H	ZY0ZS	253						1966-01-01
H	ZZ0S	253						1966-01-01
H	ZZ0ZS	253						1966-01-01
