# Referencias del diploma DFCF. Generado; no se edita a mano.
R	DFCF	DFCF-01-001		1997-01-01		CHATEAU DE MONTVERAN				0	0	1		227
R	DFCF	DFCF-01-002		1997-01-01		CHATEAU DE PONT DE VEYLE				0	0	1		227
R	DFCF	DFCF-01-003		1997-01-01		CHATEAU DE STE CROIX				0	0	1		227
R	DFCF	DFCF-01-004		1997-01-01		CHATEAU D'ANGEVILLE				0	0	1		227
R	DFCF	DFCF-01-005		1997-01-01		CHATEAU DE MONTEPIN				0	0	1		227
R	DFCF	DFCF-01-006		1997-01-01		CHATEAU DE BAGE				0	0	1		227
R	DFCF	DFCF-01-007		1997-01-01		CHATEAU DE LA GRIFFONNIERE				0	0	1		227
R	DFCF	DFCF-01-008		1997-01-01		CHATEAU DE TREVOUX				0	0	1		227
R	DFCF	DFCF-01-009		1997-01-01		CHATEAU LAVOURS				0	0	1		227
R	DFCF	DFCF-01-010		1997-01-01		CHATEAU D'ATTIGNAT				0	0	1		227
R	DFCF	DFCF-01-011		1997-01-01		CHATEAU DE CRASSY				0	0	1		227
R	DFCF	DFCF-01-012		1997-01-01		CHATEAU DE VESANCY				0	0	1		227
R	DFCF	DFCF-01-013		1997-01-01		CHATEAU D'EPEYSSOLES				0	0	1		227
R	DFCF	DFCF-01-014		1997-01-01		CHATEAU DE BEAULIEU				0	0	1		227
R	DFCF	DFCF-01-015		1997-01-01		FORT L'ECLUSE				0	0	1		227
R	DFCF	DFCF-01-016		1997-01-01		CHATEAU VOLTAIRE				0	0	1		227
R	DFCF	DFCF-01-017		1997-01-01		CHATEAU DE LAPEYROUSSE				0	0	1		227
R	DFCF	DFCF-01-018		1997-01-01		DE LA TOUR DES ECHELLES				0	0	1		227
R	DFCF	DFCF-01-019		1997-01-01		CHATEAU DE MONTRIBLOUD				0	0	1		227
R	DFCF	DFCF-01-020		1997-01-01		CHATEAU DE TREFFORT				0	0	1		227
R	DFCF	DFCF-01-021		1997-01-01		CHATEAU PINEL				0	0	1		227
R	DFCF	DFCF-01-022		1997-01-01		CHATEAU BOURDONNEL				0	0	1		227
R	DFCF	DFCF-01-023		1997-01-01		CHATEAU DE GOURDANS				0	0	1		227
R	DFCF	DFCF-01-024		1997-01-01		CHATEAU MARCEL				0	0	1		227
R	DFCF	DFCF-01-025		1997-01-01		CHATEAU DE POLLET				0	0	1		227
R	DFCF	DFCF-01-026		1997-01-01		CHATEAU SAINTE JULIE				0	0	1		227
R	DFCF	DFCF-01-027		1997-01-01		CHATEAU DE VARAX				0	0	1		227
R	DFCF	DFCF-01-028		1997-01-01		CHATEAU DE LA TOUR				0	0	1		227
R	DFCF	DFCF-01-029		1997-01-01		CHATEAU DE LA NITRIERE				0	0	1		227
R	DFCF	DFCF-01-034		1997-01-01		CHATEAU DE CHAMPDOR				0	0	1		227
R	DFCF	DFCF-01-035		1997-01-01		CHATEAU FORT DE LA CUEILLE				0	0	1		227
R	DFCF	DFCF-01-036		1997-01-01		CHATEAU DE LA BOULAYE				0	0	1		227
R	DFCF	DFCF-01-037		1997-01-01		CHATEAU FORT DE MEILLONNAS				0	0	1		227
R	DFCF	DFCF-01-038		1997-01-01		FORT LES BANCS				0	0	1		227
R	DFCF	DFCF-01-039		1997-01-01		CHATEAU DES SEYCHELETS				0	0	1		227
R	DFCF	DFCF-01-040		1997-01-01		CHATEAU BOCHARD				0	0	1		227
R	DFCF	DFCF-01-041		1997-01-01		CHATEAU DE MANIX				0	0	1		227
R	DFCF	DFCF-01-042		1997-01-01		CHATEAU DU TAVOLLET				0	0	1		227
R	DFCF	DFCF-01-043		1997-01-01		CHATEAU DE PEYRIEU				0	0	1		227
R	DFCF	DFCF-01-044		1997-01-01		CHATEAU DE ROCHEFORT				0	0	1		227
R	DFCF	DFCF-01-045		1997-01-01		CHATEAU DE LA BARRE				0	0	1		227
R	DFCF	DFCF-01-046		1997-01-01		CHATEAU DE CORDON				0	0	1		227
R	DFCF	DFCF-01-047		1997-01-01		CHATEAU D'EVIEU				0	0	1		227
R	DFCF	DFCF-01-048		1997-01-01		CHATEAU D’ANGLEFORT				0	0	1		227
R	DFCF	DFCF-01-049		1997-01-01		CHATAU DE CUCHET				0	0	1		227
R	DFCF	DFCF-01-050		1997-01-01		CHATEAU DE MIEUGY				0	0	1		227
R	DFCF	DFCF-01-051		1997-01-01		CHATEAU DE JASSERON				0	0	1		227
R	DFCF	DFCF-02-001		1997-01-01		CHATEAU LOUIS D'ORLEANS				0	0	1		227
R	DFCF	DFCF-02-002		1997-01-01		CHATEAU DE CHATEAU THIERRY				0	0	1		227
R	DFCF	DFCF-02-003		1997-01-01		CHATEAU DE VAUXBUIN				0	0	1		227
R	DFCF	DFCF-02-004		1997-01-01		CHATEAU DE LA ROCHEFOUCAULT				0	0	1		227
R	DFCF	DFCF-02-005		1997-01-01		CHATEAU DE L'ABBAYE				0	0	1		227
R	DFCF	DFCF-02-006		1997-01-01		CHATEAU DE GUISE				0	0	1		227
R	DFCF	DFCF-02-007		1997-01-01		CHATEAU DE COUCY				0	0	1		227
R	DFCF	DFCF-02-008		1997-01-01		CHATEAU DE FOLEMBRAY				0	0	1		227
R	DFCF	DFCF-02-009		1997-01-01		CHATEAU DE SEPTMONTS				0	0	1		227
R	DFCF	DFCF-02-010		1997-01-01		CHATEAU DE VERDILLY				0	0	1		227
R	DFCF	DFCF-02-011		1997-01-01		FORT DE CONDE				0	0	1		227
R	DFCF	DFCF-02-012		1997-01-01		CHATEAU DE CONDE EN BRIE				0	0	1		227
R	DFCF	DFCF-02-013		1997-01-01		CHATEAU D'ARMENTIERES				0	0	1		227
R	DFCF	DFCF-02-014		1997-01-01		CHATEAU DE FRIERESFAILLOUEL				0	0	1		227
R	DFCF	DFCF-02-015		1997-01-01		FORT DE LIEZ				0	0	1		227
R	DFCF	DFCF-02-016		1997-01-01		FORT DE VENDEUIL				0	0	1		227
R	DFCF	DFCF-02-017		1997-01-01		FORT DE MAYOT				0	0	1		227
R	DFCF	DFCF-02-018		1997-01-01		CHATEAU DE BERZY LE SEC				0	0	1		227
R	DFCF	DFCF-02-019		1997-01-01		CHATEAU DE BUCY LE LONG				0	0	1		227
R	DFCF	DFCF-02-020		1997-01-01		CHATEAU DE ROUEZ				0	0	1		227
R	DFCF	DFCF-02-021		1997-01-01		CHATEAU DE MONT ROUGE				0	0	1		227
R	DFCF	DFCF-02-022		1997-01-01		CHATEAU DE PANCY COURTECON				0	0	1		227
R	DFCF	DFCF-02-023		1997-01-01		FORT DE LANISCOURT				0	0	1		227
R	DFCF	DFCF-02-024		1997-01-01		CHATEAU DE SINCENY				0	0	1		227
R	DFCF	DFCF-02-025		1997-01-01		CHATEAU DE GIVREY				0	0	1		227
R	DFCF	DFCF-02-026		1997-01-01		CHATEAU DU COMTE DE PARIS				0	0	1		227
R	DFCF	DFCF-02-027		1997-01-01		CHATEAU DE MARLEMPERCHE				0	0	1		227
R	DFCF	DFCF-02-028		1997-01-01		FORT DE LA MALMAISON				0	0	1		227
R	DFCF	DFCF-02-029		1997-01-01		CHATEAU LE SAVRIENNOIS				0	0	1		227
R	DFCF	DFCF-02-030		1997-01-01		CHATEAU DE LA FERE				0	0	1		227
R	DFCF	DFCF-02-031		1997-01-01		CHATEAU DE GENLIS				0	0	1		227
R	DFCF	DFCF-02-039		1997-01-01		TOUR DE BLOIS BELLEAU				0	0	1		227
R	DFCF	DFCF-02-042		1997-01-01		CHÂTEAU DE PRESLE				0	0	1		227
R	DFCF	DFCF-02-044		1997-01-01		CHATEAU DE VIVIERES				0	0	1		227
R	DFCF	DFCF-02-045		1997-01-01		CHATEAU DE LA DOULTRE				0	0	1		227
R	DFCF	DFCF-02-047		1997-01-01		CHATEAU DE PAVANT				0	0	1		227
R	DFCF	DFCF-02-048		1997-01-01		CHATEAU DE LA SOURCE				0	0	1		227
R	DFCF	DFCF-02-049		1997-01-01		CHATEAU DE VILLIERS ST DENIS				0	0	1		227
R	DFCF	DFCF-02-050		1997-01-01		CHATEAU DE ROZOY				0	0	1		227
R	DFCF	DFCF-02-051		1997-01-01		FORT DE LA VILLE				0	0	1		227
R	DFCF	DFCF-02-052		1997-01-01		TOUR CARRE DE L'ABBAYE				0	0	1		227
R	DFCF	DFCF-02-053		1997-01-01		CHATEAU DE LA FERE				0	0	1		227
R	DFCF	DFCF-02-054		1997-01-01		CHATEAU DE GANDELU				0	0	1		227
R	DFCF	DFCF-02-055		1997-01-01		TOUR DU CHATEAU DE GANDELU				0	0	1		227
R	DFCF	DFCF-02-056		1997-01-01		CHATEAU MOUCHETON				0	0	1		227
R	DFCF	DFCF-02-057		1997-01-01		CHATEAU DE VERDILLY				0	0	1		227
R	DFCF	DFCF-02-058		1997-01-01		CHATEAU DE PRINGY				0	0	1		227
R	DFCF	DFCF-02-059		1997-01-01		MANOIR DE LA COUR				0	0	1		227
R	DFCF	DFCF-02-060		1997-01-01		CHATEAU DE COYOLLES				0	0	1		227
R	DFCF	DFCF-02-061		1997-01-01		VIEUX CHATEAU DE LA FERTE MILLON				0	0	1		227
R	DFCF	DFCF-02-062		1997-01-01		CHATEAU D’OIGNY EN VALLOIS				0	0	1		227
R	DFCF	DFCF-02-063		1997-01-01		CHATEAU DE FAVEROLLES				0	0	1		227
R	DFCF	DFCF-03-001		1997-01-01		CHATEAU DE MONTMORILLON				0	0	1		227
R	DFCF	DFCF-03-002		1997-01-01		CHATEAU DE MONTGILBERT				0	0	1		227
R	DFCF	DFCF-03-003		1997-01-01		CHATEAU LES HORMIERES				0	0	1		227
R	DFCF	DFCF-03-004		1997-01-01		CHATEAU DE SAINT GERAN				0	0	1		227
R	DFCF	DFCF-03-005		1997-01-01		CHATEAU DE LA FIN				0	0	1		227
R	DFCF	DFCF-03-006		1997-01-01		CHATEAU DE SARRE				0	0	1		227
R	DFCF	DFCF-03-007		1997-01-01		CHATEAU CHAREIL CINTRAT				0	0	1		227
R	DFCF	DFCF-03-008		1997-01-01		CHATEAU FOURCHAUD				0	0	1		227
R	DFCF	DFCF-03-009		1997-01-01		CHATEAU DES DUCS DE BOURBON				0	0	1		227
R	DFCF	DFCF-03-010		1997-01-01		CHATEAU DE VILLEBOUCHE				0	0	1		227
R	DFCF	DFCF-03-011		1997-01-01		CHATEAU DU RERAY				0	0	1		227
R	DFCF	DFCF-03-012		1997-01-01		CHATEAU LES BLANCS				0	0	1		227
R	DFCF	DFCF-03-013		1997-01-01		CHATEAU DE LA CROIX				0	0	1		227
R	DFCF	DFCF-03-014		1997-01-01		CHATEAU LES MILLETS				0	0	1		227
R	DFCF	DFCF-03-015		1997-01-01		CHATEAU LES DUROTS				0	0	1		227
R	DFCF	DFCF-03-016		1997-01-01		CHATEAU GUERRAUDS				0	0	1		227
R	DFCF	DFCF-03-017		1997-01-01		CHATEAU DU PLESSIS				0	0	1		227
R	DFCF	DFCF-03-018		1997-01-01		CHATEAU DU PLANTAIS				0	0	1		227
R	DFCF	DFCF-03-019		1997-01-01		CHATEAU DES BERNARDS				0	0	1		227
R	DFCF	DFCF-03-020		1997-01-01		CHATEAU D'AUBIGNY				0	0	1		227
R	DFCF	DFCF-03-021		1997-01-01		CHATEAU CONTRESOL				0	0	1		227
R	DFCF	DFCF-03-022		1997-01-01		CHATEAU LAPALISSE				0	0	1		227
R	DFCF	DFCF-03-023		1997-01-01		CHATEAU D'ESTREES				0	0	1		227
R	DFCF	DFCF-03-024		1997-01-01		CHATEAU DE PANLOUP				0	0	1		227
R	DFCF	DFCF-03-025		1997-01-01		CHATEAU DE BALAINE				0	0	1		227
R	DFCF	DFCF-03-026		1997-01-01		CHATEAU DE JALIGNY				0	0	1		227
R	DFCF	DFCF-03-027		1997-01-01		CHATEAU DE LA FORET DE VIRY				0	0	1		227
R	DFCF	DFCF-03-028		1997-01-01		CHATEAU DE SALIGNY SUR ROUDON				0	0	1		227
R	DFCF	DFCF-03-029		1997-01-01		CHATEAU DE MONTAIGUET EN FOREZ				0	0	1		227
R	DFCF	DFCF-03-030		1997-01-01		CHATEAU LA COTE				0	0	1		227
R	DFCF	DFCF-03-031		1997-01-01		CHATEAU CHAMP BLANC				0	0	1		227
R	DFCF	DFCF-03-032		1997-01-01		CHATEAU MUSSET				0	0	1		227
R	DFCF	DFCF-03-033		1997-01-01		CHATEAU SAINT GERAND LE PUY				0	0	1		227
R	DFCF	DFCF-03-034		1997-01-01		CHATEAU DE LA MOTTE MOURGON				0	0	1		227
R	DFCF	DFCF-03-035		1997-01-01		CHATEAU NOAILLY				0	0	1		227
R	DFCF	DFCF-03-036		1997-01-01		CHATEAU VILLARDS				0	0	1		227
R	DFCF	DFCF-03-037		1997-01-01		CHATEAU LA BECHE				0	0	1		227
R	DFCF	DFCF-03-038		1997-01-01		CHATEAU FONTAINE				0	0	1		227
R	DFCF	DFCF-03-039		1997-01-01		CHATEAU CHAVROCHES				0	0	1		227
R	DFCF	DFCF-03-040		1997-01-01		CHATEAU DU VIEUX CHAMBORD				0	0	1		227
R	DFCF	DFCF-03-041		1997-01-01		CHATEAU MORAND				0	0	1		227
R	DFCF	DFCF-03-042		1997-01-01		CHATEAU PUYFOL				0	0	1		227
R	DFCF	DFCF-03-043		1997-01-01		CHATEAU DE MONTAIGU LE BLIN				0	0	1		227
R	DFCF	DFCF-03-044		1997-01-01		CHATEAU BOIREAUX				0	0	1		227
R	DFCF	DFCF-03-045		1997-01-01		CHATEAU DE THOURY				0	0	1		227
R	DFCF	DFCF-03-046		1997-01-01		CHATEAU BALLANDS				0	0	1		227
R	DFCF	DFCF-03-047		1997-01-01		CHATEAU DE VARENNES SUR TECHE				0	0	1		227
R	DFCF	DFCF-03-048		1997-01-01		CHATEAU CHATELPERRON				0	0	1		227
R	DFCF	DFCF-03-049		1997-01-01		CHATEAU MARCELLANGE				0	0	1		227
R	DFCF	DFCF-03-050		1997-01-01		CHATEAU COULON				0	0	1		227
R	DFCF	DFCF-03-051		1997-01-01		CHATEAU CHASSIMPIERRE				0	0	1		227
R	DFCF	DFCF-03-052		1997-01-01		CHATEAU SAINT LEON				0	0	1		227
R	DFCF	DFCF-03-053		1997-01-01		CHATEAU DE VARENNE				0	0	1		227
R	DFCF	DFCF-03-054		1997-01-01		CHATEAU PRAIREAL				0	0	1		227
R	DFCF	DFCF-03-055		1997-01-01		CHATEAU LE LONZAC				0	0	1		227
R	DFCF	DFCF-03-056		1997-01-01		CHATEAU BEAUVOIR				0	0	1		227
R	DFCF	DFCF-03-057		1997-01-01		CHATEAU GLENE				0	0	1		227
R	DFCF	DFCF-03-058		1997-01-01		CHATEAU PONTCHALLAN				0	0	1		227
R	DFCF	DFCF-03-059		1997-01-01		CHATEAU LE CASTEL				0	0	1		227
R	DFCF	DFCF-03-060		1997-01-01		TOUR POUCAIN				0	0	1		227
R	DFCF	DFCF-03-061		1997-01-01		CHATEAU DE BELLEVUE				0	0	1		227
R	DFCF	DFCF-03-062		1997-01-01		CHATEAU DE FONTARIOL				0	0	1		227
R	DFCF	DFCF-03-063		1997-01-01		CHATEAU DE GAYETTE				0	0	1		227
R	DFCF	DFCF-03-064		1997-01-01		CHATEAU LES PARISIENS				0	0	1		227
R	DFCF	DFCF-03-065		1997-01-01		CHATEAU DE CHAZEUIL				0	0	1		227
R	DFCF	DFCF-03-066		1997-01-01		CHATEAU DE BILLY				0	0	1		227
R	DFCF	DFCF-03-067		1997-01-01		CHATEAU DU MEAGE				0	0	1		227
R	DFCF	DFCF-03-068		1997-01-01		CHATEAU DE THEILLAT				0	0	1		227
R	DFCF	DFCF-03-069		1997-01-01		CHATEAU DES ECHEROLLES				0	0	1		227
R	DFCF	DFCF-03-070		1997-01-01		CHATEAU DES GUICHARDEAUX				0	0	1		227
R	DFCF	DFCF-03-071		1997-01-01		CHATEAU DE PONCENAT				0	0	1		227
R	DFCF	DFCF-03-072		1997-01-01		CHATEAU DE CORDEBOEUF				0	0	1		227
R	DFCF	DFCF-03-073		1997-01-01		CHATEAU DU SAUVAGE				0	0	1		227
R	DFCF	DFCF-03-074		1997-01-01		CHATEAU DE ROYER				0	0	1		227
R	DFCF	DFCF-03-075		1997-01-01		CHATEAU LE LONZAT				0	0	1		227
R	DFCF	DFCF-03-076		1997-01-01		CHATEAU VERT				0	0	1		227
R	DFCF	DFCF-03-080		1997-01-01		CHÂTEAU DE BOURBON				0	0	1		227
R	DFCF	DFCF-03-082		1997-01-01		TOUR DE L'HORLOGE SAINT POURCIN SUR SIOULE				0	0	1		227
R	DFCF	DFCF-03-083		1997-01-01		CHATEAU NEUREUX				0	0	1		227
R	DFCF	DFCF-03-085		1997-01-01		CHATEAU DE LA SALLE				0	0	1		227
R	DFCF	DFCF-04-001		1997-01-01		CHATEAU DES TEMPLIERS				0	0	1		227
R	DFCF	DFCF-04-002		1997-01-01		CHATEAU DE LAVAL				0	0	1		227
R	DFCF	DFCF-04-003		1997-01-01		CHATEAU D'ALLEMAGNE				0	0	1		227
R	DFCF	DFCF-04-004		1997-01-01		CHATEAU DE MONTCLAR				0	0	1		227
R	DFCF	DFCF-04-005		1997-01-01		CHATEAU DE MONTFURON				0	0	1		227
R	DFCF	DFCF-04-006		1997-01-01		CHATEAU SIGOYER				0	0	1		227
R	DFCF	DFCF-04-007		1997-01-01		CHATEAU LA MOTTE				0	0	1		227
R	DFCF	DFCF-04-008		1997-01-01		TOUR DES DIGUIERES				0	0	1		227
R	DFCF	DFCF-04-009		1997-01-01		CHATEAU DE SAINT MARTIN LES SEYNES				0	0	1		227
R	DFCF	DFCF-04-010		1997-01-01		CHATEAU URTIS				0	0	1		227
R	DFCF	DFCF-04-011		1997-01-01		CHATEAU RATIER				0	0	1		227
R	DFCF	DFCF-04-012		1997-01-01		CHATEAU DE LA BASTIENEUVE				0	0	1		227
R	DFCF	DFCF-04-013		1997-01-01		CHATEAU ROUSSET				0	0	1		227
R	DFCF	DFCF-04-014		1997-01-01		FORT DE SAVOIE				0	0	1		227
R	DFCF	DFCF-04-015		1997-01-01		FORT DE FRANCE				0	0	1		227
R	DFCF	DFCF-04-016		1997-01-01		FORT DE TOURNOUX				0	0	1		227
R	DFCF	DFCF-04-017		1997-01-01		FORT MOYEN				0	0	1		227
R	DFCF	DFCF-04-018		1997-01-01		CHATEAU DE PONTIS				0	0	1		227
R	DFCF	DFCF-04-019		1997-01-01		FORT VAUBAN				0	0	1		227
R	DFCF	DFCF-04-020		1997-01-01		FORT VAUBAN  DE LA SEYNE				0	0	1		227
R	DFCF	DFCF-04-021		1997-01-01		CHATEAU BAGNOLS				0	0	1		227
R	DFCF	DFCF-04-022		1997-01-01		CHATEAU FOMBETON				0	0	1		227
R	DFCF	DFCF-04-023		1997-01-01		CHATEAU SAINT DIDIER				0	0	1		227
R	DFCF	DFCF-04-024		1997-01-01		CHATEAU DE VIERE				0	0	1		227
R	DFCF	DFCF-04-025		1997-01-01		CHATEAU DE SYLVABELLE				0	0	1		227
R	DFCF	DFCF-04-026		1997-01-01		CHATEAU DE SAUVAN				0	0	1		227
R	DFCF	DFCF-04-027		1997-01-01		CHATEAU DU COLOMBIER				0	0	1		227
R	DFCF	DFCF-04-028		1997-01-01		CHATEAU DE PAILLEROLS				0	0	1		227
R	DFCF	DFCF-04-029		1997-01-01		CHATEAU DE SERRE BOURET				0	0	1		227
R	DFCF	DFCF-04-030		1997-01-01		CHATEAU DU VIEUX MONTSALIER				0	0	1		227
R	DFCF	DFCF-04-031		1997-01-01		CHATEAU ROTONDE				0	0	1		227
R	DFCF	DFCF-04-036		1997-01-01		TOUR DE PORCHERES				0	0	1		227
R	DFCF	DFCF-05-001		1997-01-01		CHATEAU QUEYRAS				0	0	1		227
R	DFCF	DFCF-05-002		1997-01-01		CHATEAU PICOMTAL CROTS				0	0	1		227
R	DFCF	DFCF-05-003		1997-01-01		FORT DES SALETTES				0	0	1		227
R	DFCF	DFCF-05-004		1997-01-01		FORT DE BRIANCON				0	0	1		227
R	DFCF	DFCF-05-005		1997-01-01		FORT DAUPHIN				0	0	1		227
R	DFCF	DFCF-05-006		1997-01-01		FORT DES TROIS TETES				0	0	1		227
R	DFCF	DFCF-05-007		1997-01-01		FORT DU RANDOUILLET				0	0	1		227
R	DFCF	DFCF-05-008		1997-01-01		FORT DE CHABERTON				0	0	1		227
R	DFCF	DFCF-05-009		1997-01-01		FORT DE L'OLIVE				0	0	1		227
R	DFCF	DFCF-05-010		1997-01-01		FORT DE LA CROIX E BRETAGNE				0	0	1		227
R	DFCF	DFCF-05-011		1997-01-01		FORT DE JANUS				0	0	1		227
R	DFCF	DFCF-05-012		1997-01-01		CHATEAU DE PRUNIERES				0	0	1		227
R	DFCF	DFCF-05-013		1997-01-01		TOUR BRUNE				0	0	1		227
R	DFCF	DFCF-05-014		1997-01-01		CHATEAU DE TALLARD				0	0	1		227
R	DFCF	DFCF-05-015		1997-01-01		CHATEAU LARAGNE-MONTEGLIN				0	0	1		227
R	DFCF	DFCF-05-016		1997-01-01		CHATEAU VENTAVON				0	0	1		227
R	DFCF	DFCF-05-017		1997-01-01		CHATEAU DE VEYNES				0	0	1		227
R	DFCF	DFCF-05-018		1997-01-01		CHATEAU VILETTE				0	0	1		227
R	DFCF	DFCF-05-019		1997-01-01		CHATEAU DE MONTMAUR				0	0	1		227
R	DFCF	DFCF-05-020		1997-01-01		CHATEAU DE SAINTE-MARIE				0	0	1		227
R	DFCF	DFCF-05-021		1997-01-01		CHATEAU DE LESDIGUIERES				0	0	1		227
R	DFCF	DFCF-05-022		1997-01-01		TOUR ROSANS				0	0	1		227
R	DFCF	DFCF-05-023		1997-01-01		CHATEAU DE CHARANDE				0	0	1		227
R	DFCF	DFCF-05-024		1997-01-01		CHATEAU DU TERRAIL				0	0	1		227
R	DFCF	DFCF-05-025		1997-01-01		CHATEAU D'ASPREMONT				0	0	1		227
R	DFCF	DFCF-05-026		1997-01-01		CHATEAU LES HERBEYS				0	0	1		227
R	DFCF	DFCF-05-027		1997-01-01		CHATEAU DE SAINT JEAN				0	0	1		227
R	DFCF	DFCF-05-028		1997-01-01		CHATEAU LA FAURIE				0	0	1		227
R	DFCF	DFCF-05-029		1997-01-01		CHATEAU DES TANCS				0	0	1		227
R	DFCF	DFCF-05-030		1997-01-01		CHATEAU HUGUES				0	0	1		227
R	DFCF	DFCF-06-001		1997-01-01		CHATEAU DE ROQUEBRUNE				0	0	1		227
R	DFCF	DFCF-06-002		1997-01-01		CHATEAU DE CAGNES SUR MER				0	0	1		227
R	DFCF	DFCF-06-003		1997-01-01		CHATEAU DE CASTELLERAS				0	0	1		227
R	DFCF	DFCF-06-004		1997-01-01		CHATEAU MOUANSSARTOUX				0	0	1		227
R	DFCF	DFCF-06-005		1997-01-01		FORT DE SAINT-AGNES				0	0	1		227
R	DFCF	DFCF-06-006		1997-01-01		FORT DU MONT AGEL				0	0	1		227
R	DFCF	DFCF-06-007		1997-01-01		CHATEAU DE NICE				0	0	1		227
R	DFCF	DFCF-06-008		1997-01-01		CHATEAU DE GOURDON				0	0	1		227
R	DFCF	DFCF-06-009		1997-01-01		CHATEAU ANDON				0	0	1		227
R	DFCF	DFCF-06-010		1997-01-01		CHATEAU DE SAINT-AAUBAN				0	0	1		227
R	DFCF	DFCF-06-011		1997-01-01		CHATEAU DE SAINT-JEANNET				0	0	1		227
R	DFCF	DFCF-06-012		1997-01-01		CHATEAU DE CARROS				0	0	1		227
R	DFCF	DFCF-06-013		1997-01-01		FORT DU MONT CHAUVE				0	0	1		227
R	DFCF	DFCF-06-014		1997-01-01		CHATEAU D'ASPREMONT				0	0	1		227
R	DFCF	DFCF-06-015		1997-01-01		CHATEAU DE REMAURIAN				0	0	1		227
R	DFCF	DFCF-06-016		1997-01-01		FORT MONT ALBAN				0	0	1		227
R	DFCF	DFCF-06-017		1997-01-01		DE THAON DE REVEL				0	0	1		227
R	DFCF	DFCF-06-018		1997-01-01		FORT DE LA DRETTE				0	0	1		227
R	DFCF	DFCF-06-019		1997-01-01		FORT DE LA REVERE				0	0	1		227
R	DFCF	DFCF-06-020		1997-01-01		CHATEAU SAINT MICHEL				0	0	1		227
R	DFCF	DFCF-06-021		1997-01-01		CHATEAU DE MONTALEIGNE				0	0	1		227
R	DFCF	DFCF-06-022		1997-01-01		FORT CARRE				0	0	1		227
R	DFCF	DFCF-06-023		1997-01-01		CHATEAU DE VALLAURIS				0	0	1		227
R	DFCF	DFCF-06-024		1997-01-01		FORT SAINT ANDRE				0	0	1		227
R	DFCF	DFCF-06-025		1997-01-01		CHATEAU SAINTE HELENE				0	0	1		227
R	DFCF	DFCF-06-026		1997-01-01		FORT AGAISEN				0	0	1		227
R	DFCF	DFCF-06-027		1997-01-01		FORT DU BARBONNET				0	0	1		227
R	DFCF	DFCF-06-028		1997-01-01		FORT CASAL				0	0	1		227
R	DFCF	DFCF-06-029		1997-01-01		CHATEAU DE TOURRETTELEVENS				0	0	1		227
R	DFCF	DFCF-06-030		1997-01-01		CHATEAU DE GUILLAUMES				0	0	1		227
R	DFCF	DFCF-06-031		1997-01-01		CHATEAU DE L'HORIZON				0	0	1		227
R	DFCF	DFCF-06-032		1997-01-01		CHATEAU SAINT MICHEL				0	0	1		227
R	DFCF	DFCF-06-033		1997-01-01		CHATEAU DE MARIE				0	0	1		227
R	DFCF	DFCF-06-034		1997-01-01		CHATEAU DE PALAREE				0	0	1		227
R	DFCF	DFCF-06-036		1997-01-01		FORT DU CAP MARTIN				0	0	1		227
R	DFCF	DFCF-06-038		1997-01-01		CHATEAU DE SAINT HONORAT				0	0	1		227
R	DFCF	DFCF-06-039		1997-01-01		FORTE DE COLLE ALTO OU FORT CENTRAL A TENDE				0	0	1		227
R	DFCF	DFCF-06-040		1997-01-01		CHATEAU DE LA NAPOULE				0	0	1		227
R	DFCF	DFCF-06-041		1997-01-01		CHATEAU DE LA GAROUPE				0	0	1		227
R	DFCF	DFCF-06-042		1997-01-01		CITADELLE DE VILLEFRANCHE				0	0	1		227
R	DFCF	DFCF-06-043		1997-01-01		CHATEAU AGEFROFT				0	0	1		227
R	DFCF	DFCF-06-044		1997-01-01		CHATEAU DE THEOULE				0	0	1		227
R	DFCF	DFCF-06-045		1997-01-01		CHATEAU DE PEGOMAS				0	0	1		227
R	DFCF	DFCF-06-046		1997-01-01		FORT DE RIMPLAS				0	0	1		227
R	DFCF	DFCF-06-049		1997-01-01		PALAIS DE LA PREFECTURE DE NICE				0	0	1		227
R	DFCF	DFCF-06-053		1997-01-01		CHATEAU DE LA PENNE				0	0	1		227
R	DFCF	DFCF-06-054		1997-01-01		CHATEAU  DE   CIPIERES				0	0	1		227
R	DFCF	DFCF-06-055		1997-01-01		VESTIGES   DU  CHATEAU  FORT  COLLONGUES				0	0	1		227
R	DFCF	DFCF-06-056		1997-01-01		CHATEAU DE   GATTIERES				0	0	1		227
R	DFCF	DFCF-06-057		1997-01-01		CHATEAU   DE   BASSE  GREOLIERES				0	0	1		227
R	DFCF	DFCF-06-058		1997-01-01		CHATEAU   DE   HAUTE   GREOLIERES				0	0	1		227
R	DFCF	DFCF-06-059		1997-01-01		CHATEAU   DES  COMTES  DE  GRASSE				0	0	1		227
R	DFCF	DFCF-06-060		1997-01-01		RUINES   ANCIEN  CHATEAU   LES   FERRES				0	0	1		227
R	DFCF	DFCF-06-061		1997-01-01		CHATEAU LA  BASTIDE   DE  BROUNDET				0	0	1		227
R	DFCF	DFCF-06-062		1997-01-01		CHATEAU  DU  CAIRE				0	0	1		227
R	DFCF	DFCF-06-063		1997-01-01		FORT ROYAL				0	0	1		227
R	DFCF	DFCF-06-064		1997-01-01		CHATEAUX AVIGNONNET				0	0	1		227
R	DFCF	DFCF-06-065		1997-01-01		TOUR MEDIEVALE ALABERT				0	0	1		227
R	DFCF	DFCF-06-066		1997-01-01		FORT DE LA CONVENTION				0	0	1		227
R	DFCF	DFCF-06-067		1997-01-01		CHATEAU DES GRIMALDI				0	0	1		227
R	DFCF	DFCF-06-068		1997-01-01		CHATEAU FORT MEDIEVAL DE CAUSSOLS				0	0	1		227
R	DFCF	DFCF-06-069		1997-01-01		MANOIR DE L'ETANG				0	0	1		227
R	DFCF	DFCF-06-070		1997-01-01		MANOIR DE BEAUMONT				0	0	1		227
R	DFCF	DFCF-06-071		1997-01-01		PALAIS CLEMENT MASSIER				0	0	1		227
R	DFCF	DFCF-06-072		1997-01-01		FORTERESSE MEDIEVALE DE VILLENEUVE LOUBET				0	0	1		227
R	DFCF	DFCF-07-001		1997-01-01		CHATEAU DE CRUSSOL				0	0	1		227
R	DFCF	DFCF-07-002		1997-01-01		CHATEAU DE ST THOME				0	0	1		227
R	DFCF	DFCF-07-003		1997-01-01		CHATEAU D'ALBA				0	0	1		227
R	DFCF	DFCF-07-004		1997-01-01		CHATEAU DE ROCHEMAURE				0	0	1		227
R	DFCF	DFCF-07-005		1997-01-01		CHATEAU DES ROURES				0	0	1		227
R	DFCF	DFCF-07-006		1997-01-01		CHATEAU DE CHASSAGNES				0	0	1		227
R	DFCF	DFCF-07-007		1997-01-01		CHATEAU DU SCIPIONNET				0	0	1		227
R	DFCF	DFCF-07-008		1997-01-01		CHATEAU DES DUCS				0	0	1		227
R	DFCF	DFCF-07-009		1997-01-01		CHATEAU DE CHAUSSY				0	0	1		227
R	DFCF	DFCF-07-010		1997-01-01		CHATEAU CRUAS				0	0	1		227
R	DFCF	DFCF-07-011		1997-01-01		CHATEAU LAROCHE				0	0	1		227
R	DFCF	DFCF-07-012		1997-01-01		CHATEAU D'UZER				0	0	1		227
R	DFCF	DFCF-07-013		1997-01-01		CHATEAU SAINT MONTANT				0	0	1		227
R	DFCF	DFCF-07-014		1997-01-01		CHATEAU DU BOSQUET				0	0	1		227
R	DFCF	DFCF-07-015		1997-01-01		CHATEAU VERNADE				0	0	1		227
R	DFCF	DFCF-07-016		1997-01-01		CHATEAU CASTREVIEILLE				0	0	1		227
R	DFCF	DFCF-07-017		1997-01-01		CHATEAU ROCHEMURE				0	0	1		227
R	DFCF	DFCF-07-018		1997-01-01		CHATEAU DU BRUGET				0	0	1		227
R	DFCF	DFCF-07-019		1997-01-01		TOUR DU CHASTELAS				0	0	1		227
R	DFCF	DFCF-07-021		1997-01-01		CHATEAU DE LA VOULTE				0	0	1		227
R	DFCF	DFCF-07-022		1997-01-01		CHATEAU DE RETOURTOUR				0	0	1		227
R	DFCF	DFCF-07-023		1997-01-01		CHATEAU DE TOURNON				0	0	1		227
R	DFCF	DFCF-07-025		1997-01-01		TOUR D ORIOL				0	0	1		227
R	DFCF	DFCF-07-026		1997-01-01		CHATEAU DE BOFFRES				0	0	1		227
R	DFCF	DFCF-07-027		1997-01-01		CHATEAU DU VANTADOUR				0	0	1		227
R	DFCF	DFCF-07-035		1997-01-01		CHATEAU DE THORENC				0	0	1		227
R	DFCF	DFCF-08-001		1997-01-01		FORT DE SEDAN				0	0	1		227
R	DFCF	DFCF-08-002		1997-01-01		FORT DES AYVELLES				0	0	1		227
R	DFCF	DFCF-08-003		1997-01-01		FORT DE LA FERTE				0	0	1		227
R	DFCF	DFCF-08-004		1997-01-01		CHATEAU DE SEPT FONTAINES				0	0	1		227
R	DFCF	DFCF-08-005		1997-01-01		CHATEAU DE ETREPIGNY				0	0	1		227
R	DFCF	DFCF-08-006		1997-01-01		FORT DE CHARLEMONT				0	0	1		227
R	DFCF	DFCF-08-007		1997-01-01		CHATEAU DU FAUCON				0	0	1		227
R	DFCF	DFCF-08-008		1997-01-01		CHATEAU DE GUIGNYCOURT SUR VENCE				0	0	1		227
R	DFCF	DFCF-08-009		1997-01-01		CHATEAU DE MONTLAURENT				0	0	1		227
R	DFCF	DFCF-08-010		1997-01-01		CHATEAU DE THUGNY TRUGNY				0	0	1		227
R	DFCF	DFCF-08-011		1997-01-01		CHATEAU MAISON ROUGE				0	0	1		227
R	DFCF	DFCF-08-012		1997-01-01		CHATEAU MONTCORNET EN ARDENNE				0	0	1		227
R	DFCF	DFCF-08-013		1997-01-01		CHATEAU LA BROUILLE				0	0	1		227
R	DFCF	DFCF-08-014		1997-01-01		CHATEAU DE VONCQ				0	0	1		227
R	DFCF	DFCF-08-015		1997-01-01		CHATEAU DE ANNELLES				0	0	1		227
R	DFCF	DFCF-08-016		1997-01-01		CHATEAU DE CHARBOGNE				0	0	1		227
R	DFCF	DFCF-08-017		1997-01-01		CHATEAU DE HIERGES				0	0	1		227
R	DFCF	DFCF-08-018		1997-01-01		CHATEAU DE LAMETZ				0	0	1		227
R	DFCF	DFCF-08-019		1997-01-01		FORT CONTE				0	0	1		227
R	DFCF	DFCF-08-020		1997-01-01		CHATEAU D'AVIETTE				0	0	1		227
R	DFCF	DFCF-08-021		1997-01-01		CHATEAU DE FUMAY				0	0	1		227
R	DFCF	DFCF-08-022		1997-01-01		CHATEAU DE CERNY				0	0	1		227
R	DFCF	DFCF-08-023		1997-01-01		CHATEAU DE LA COUR DES PRES				0	0	1		227
R	DFCF	DFCF-08-024		1997-01-01		CHATEAU DE SEGUR				0	0	1		227
R	DFCF	DFCF-08-025		1997-01-01		CHATEAU DE LANDREVILLE				0	0	1		227
R	DFCF	DFCF-08-026		1997-01-01		CHATEAU D'ELAN				0	0	1		227
R	DFCF	DFCF-08-027		1997-01-01		CHATEAU LA SAULT				0	0	1		227
R	DFCF	DFCF-08-028		1997-01-01		CHATEAU DE ROMANCE				0	0	1		227
R	DFCF	DFCF-08-029		1997-01-01		CHATEAU WASIGNY				0	0	1		227
R	DFCF	DFCF-08-030		1997-01-01		CHATEAU DE VIREUX-WALLERAND				0	0	1		227
R	DFCF	DFCF-08-031		1997-01-01		CHATEAU DE BIAMONT				0	0	1		227
R	DFCF	DFCF-08-032		1997-01-01		CHATEAU DE MONTIGNY SUR MEUSE				0	0	1		227
R	DFCF	DFCF-08-035		1997-01-01		CHÂTEAU GEORGES SAND				0	0	1		227
R	DFCF	DFCF-08-036		1997-01-01		CHATEAU DU RIDOUX				0	0	1		227
R	DFCF	DFCF-09-001		1997-01-01		CHATEAU DE FOIX				0	0	1		227
R	DFCF	DFCF-09-002		1997-01-01		CHATEAU LES PEYRETTES				0	0	1		227
R	DFCF	DFCF-09-003		1997-01-01		CHATEAU LAFITTE				0	0	1		227
R	DFCF	DFCF-09-004		1997-01-01		CHATEAU SAINT MARTIN				0	0	1		227
R	DFCF	DFCF-09-005		1997-01-01		CHATEAU LA GARDE				0	0	1		227
R	DFCF	DFCF-09-006		1997-01-01		CHATEAU DE MIRABAT				0	0	1		227
R	DFCF	DFCF-09-007		1997-01-01		CHATEAU DES VICOMTES DE COURSERANS				0	0	1		227
R	DFCF	DFCF-09-008		1997-01-01		CHATEAU CAHMBORD				0	0	1		227
R	DFCF	DFCF-09-009		1997-01-01		CHATEAU CAMON				0	0	1		227
R	DFCF	DFCF-09-010		1997-01-01		CHATEAU DE MONTARAGOU				0	0	1		227
R	DFCF	DFCF-09-011		1997-01-01		CHATEAU LAGARDE				0	0	1		227
R	DFCF	DFCF-09-012		1997-01-01		CHATEAU SIBRA				0	0	1		227
R	DFCF	DFCF-09-013		1997-01-01		CHATEAU DU BIAC				0	0	1		227
R	DFCF	DFCF-09-014		1997-01-01		CHATEAU DE ST. BARTHELEMY				0	0	1		227
R	DFCF	DFCF-09-015		1997-01-01		CHATEAU LES SALENQUES				0	0	1		227
R	DFCF	DFCF-09-016		1997-01-01		CHATEAU DE CASTELMIRE				0	0	1		227
R	DFCF	DFCF-10-001		1997-01-01		CHATEAU DE LA MOTTE TILLY				0	0	1		227
R	DFCF	DFCF-10-002		1997-01-01		CHATEAU DE PONT				0	0	1		227
R	DFCF	DFCF-10-003		1997-01-01		CHATEAU DE DAMPIERRE				0	0	1		227
R	DFCF	DFCF-10-004		1997-01-01		CHATEAU MONTIGNY				0	0	1		227
R	DFCF	DFCF-10-005		1997-01-01		CHATEAU LA CORDELIERE				0	0	1		227
R	DFCF	DFCF-10-006		1997-01-01		CHATEAU VILLENEUVE  CHEMIN				0	0	1		227
R	DFCF	DFCF-10-007		1997-01-01		CHATEAU D'EVRY LE CHATEL				0	0	1		227
R	DFCF	DFCF-10-008		1997-01-01		CHATEAU CROGNY				0	0	1		227
R	DFCF	DFCF-10-009		1997-01-01		CHATEAU SAINT LOUIS				0	0	1		227
R	DFCF	DFCF-10-010		1997-01-01		CHATEAU LES TERTRES				0	0	1		227
R	DFCF	DFCF-10-011		1997-01-01		CHATEAU DE MUSSY SUR SEINE				0	0	1		227
R	DFCF	DFCF-10-012		1997-01-01		CHATEAU DE COURCELLES				0	0	1		227
R	DFCF	DFCF-10-013		1997-01-01		CHATEAU DE BUCEY EN OTHE				0	0	1		227
R	DFCF	DFCF-10-014		1997-01-01		CHATEAU DE MONCEAUX LES VAUDES				0	0	1		227
R	DFCF	DFCF-10-015		1997-01-01		CHATEAU DE VILLEMEREUIL				0	0	1		227
R	DFCF	DFCF-10-016		1997-01-01		CHATEAU DE SAINT AVENTIN				0	0	1		227
R	DFCF	DFCF-10-017		1997-01-01		CHATEAU ROSIERE				0	0	1		227
R	DFCF	DFCF-10-018		1997-01-01		CHATEAU LES CLOSEAUX				0	0	1		227
R	DFCF	DFCF-10-019		1997-01-01		CHATEAU DE MENOIS				0	0	1		227
R	DFCF	DFCF-10-020		1997-01-01		CHATEAU LES TOURELLES				0	0	1		227
R	DFCF	DFCF-10-021		1997-01-01		CHATEAU DE LA MOTTE				0	0	1		227
R	DFCF	DFCF-10-022		1997-01-01		CHATEAU DE CHACENEY				0	0	1		227
R	DFCF	DFCF-10-023		1997-01-01		CHATEAU DE BREVIANDE				0	0	1		227
R	DFCF	DFCF-10-024		1997-01-01		CHATEAU LE PLESSIS				0	0	1		227
R	DFCF	DFCF-10-025		1997-01-01		CHATEAU DE TURGY				0	0	1		227
R	DFCF	DFCF-10-026		1997-01-01		CHATEAU DE MONTCHEVREUIL				0	0	1		227
R	DFCF	DFCF-10-027		1997-01-01		CHATEAU DE VILLEBERTIN				0	0	1		227
R	DFCF	DFCF-10-028		1997-01-01		CHATEAU DE POUY				0	0	1		227
R	DFCF	DFCF-10-029		1997-01-01		CHATEAU DE SAINT BENOIST				0	0	1		227
R	DFCF	DFCF-10-030		1997-01-01		CHATEAU DE SAINTE MAURE				0	0	1		227
R	DFCF	DFCF-10-031		1997-01-01		CHATEAU DE BOIS GERARD				0	0	1		227
R	DFCF	DFCF-10-032		1997-01-01		CHATEAU VERMOISE				0	0	1		227
R	DFCF	DFCF-10-033		1997-01-01		CHATEAU VANLAY				0	0	1		227
R	DFCF	DFCF-10-034		1997-01-01		CHATEAU BARBEREY				0	0	1		227
R	DFCF	DFCF-10-035		1997-01-01		CHATEAU LIREY				0	0	1		227
R	DFCF	DFCF-10-036		1997-01-01		CHATEAU DE LA LOUPIERE				0	0	1		227
R	DFCF	DFCF-10-037		1997-01-01		CHATEAU DE BOURDE AY				0	0	1		227
R	DFCF	DFCF-10-038		1997-01-01		CHATEAU CHAVAUDON				0	0	1		227
R	DFCF	DFCF-10-039		1997-01-01		CHATEAU DE DROUPT				0	0	1		227
R	DFCF	DFCF-10-040		1997-01-01		CHATEAU DE BRIENNE-LE-CHATEAU				0	0	1		227
R	DFCF	DFCF-10-041		1997-01-01		CHATEAU MONTABERT				0	0	1		227
R	DFCF	DFCF-10-042		1997-01-01		CHATEAU DE ERAUDOT				0	0	1		227
R	DFCF	DFCF-10-046		1997-01-01		CHATEAU DE NEUVILLE SUR VANNES				0	0	1		227
R	DFCF	DFCF-10-047		1997-01-01		CHATEAU DE VILLEMOYENNE				0	0	1		227
R	DFCF	DFCF-10-048		1997-01-01		TOUR D'EVRY LE CHATEL				0	0	1		227
R	DFCF	DFCF-10-049		1997-01-01		CHATEAU DE SELLIERES				0	0	1		227
R	DFCF	DFCF-11-001		1997-01-01		CHATEAU DE PUIVERT				0	0	1		227
R	DFCF	DFCF-11-002		1997-01-01		TOUR BARBEROUSSE				0	0	1		227
R	DFCF	DFCF-11-003		1997-01-01		CHATEAU DE LEBRETTE				0	0	1		227
R	DFCF	DFCF-11-004		1997-01-01		CHATEAU QUEREIBUS				0	0	1		227
R	DFCF	DFCF-11-005		1997-01-01		CHATEAU DE VILLARLONG				0	0	1		227
R	DFCF	DFCF-11-006		1997-01-01		CHATEAU DE CABARET				0	0	1		227
R	DFCF	DFCF-11-007		1997-01-01		CHATEAU DE QUERTINHEUX				0	0	1		227
R	DFCF	DFCF-11-008		1997-01-01		CHATEAU DE CEYLERAN				0	0	1		227
R	DFCF	DFCF-11-009		1997-01-01		CHATEAU DE BOUTENAC				0	0	1		227
R	DFCF	DFCF-11-010		1997-01-01		CHATEAU PEYREPERTUSE				0	0	1		227
R	DFCF	DFCF-11-011		1997-01-01		CHATEAU D'AQUILAR				0	0	1		227
R	DFCF	DFCF-11-012		1997-01-01		CHATEAU DE CARCASSONNE				0	0	1		227
R	DFCF	DFCF-11-013		1997-01-01		CHATEAU LE CASTEL VIELH				0	0	1		227
R	DFCF	DFCF-11-014		1997-01-01		CHATEAU LAS COURTINES				0	0	1		227
R	DFCF	DFCF-11-015		1997-01-01		CHATEAU DE FAJAC				0	0	1		227
R	DFCF	DFCF-11-016		1997-01-01		CHATEAU D'ARQUES				0	0	1		227
R	DFCF	DFCF-11-017		1997-01-01		CHATEAU CHALABRE				0	0	1		227
R	DFCF	DFCF-11-018		1997-01-01		CHATEAU LOU CASTILLOUS				0	0	1		227
R	DFCF	DFCF-11-021		1997-01-01		CHATEAU DE PUILAURENS				0	0	1		227
R	DFCF	DFCF-11-022		1997-01-01		CHATEAU DE FERRALS				0	0	1		227
R	DFCF	DFCF-11-023		1997-01-01		CHATEAU DE CAUDEVAL				0	0	1		227
R	DFCF	DFCF-11-026		1997-01-01		CHATEAU DE LA HAUTE FRANQUI				0	0	1		227
R	DFCF	DFCF-11-027		1997-01-01		CHATEAU DE LEUCATE				0	0	1		227
R	DFCF	DFCF-11-028		1997-01-01		CHATEAU DE LA REDORTE				0	0	1		227
R	DFCF	DFCF-11-030		1997-01-01		CHATEAU HAUTPOUL				0	0	1		227
R	DFCF	DFCF-11-031		1997-01-01		CHATEAU DE FITOU				0	0	1		227
R	DFCF	DFCF-11-037		1997-01-01		CHATEAU DE MONTPLAISIR				0	0	1		227
R	DFCF	DFCF-11-043		1997-01-01		CHÂTEAU DE MONTFERRAND				0	0	1		227
R	DFCF	DFCF-11-044		1997-01-01		MANOIR DES CABANES FLEURY				0	0	1		227
R	DFCF	DFCF-11-045		1997-01-01		CHATEAU DE MIRE L'ETANG				0	0	1		227
R	DFCF	DFCF-11-046		1997-01-01		CHATEAU LA NEGLY				0	0	1		227
R	DFCF	DFCF-11-047		1997-01-01		CHATEAU DE MERIAL				0	0	1		227
R	DFCF	DFCF-11-048		1997-01-01		TOUR DE BALAYARD				0	0	1		227
R	DFCF	DFCF-11-049		1997-01-01		EN ATTENTE ACTIVATION				0	0	1		227
R	DFCF	DFCF-11-050		1997-01-01		CHATEAU DE PREISSAN				0	0	1		227
R	DFCF	DFCF-11-051		1997-01-01		CHATEAU DE MOUJAN				0	0	1		227
R	DFCF	DFCF-11-052		1997-01-01		CHATEAU LE VIE				0	0	1		227
R	DFCF	DFCF-11-053		1997-01-01		CHATEAU DU PETIT MANDIRAC				0	0	1		227
R	DFCF	DFCF-11-054		1997-01-01		CHATEAU DE PECH REDON				0	0	1		227
R	DFCF	DFCF-11-055		1997-01-01		CHATEAU DES MONGES				0	0	1		227
R	DFCF	DFCF-11-056		1997-01-01		CHATEAU GRAND MANDIRAC				0	0	1		227
R	DFCF	DFCF-11-057		1997-01-01		CHATEAU DE CAPITOUL				0	0	1		227
R	DFCF	DFCF-11-058		1997-01-01		CHATEAU DE LUNES				0	0	1		227
R	DFCF	DFCF-11-059		1997-01-01		CHATEAU DE LEVRETTES				0	0	1		227
R	DFCF	DFCF-11-060		1997-01-01		CHATEAU DE RICARDELLE				0	0	1		227
R	DFCF	DFCF-11-061		1997-01-01		CHATEAU DE PEYRIAC				0	0	1		227
R	DFCF	DFCF-11-062		1997-01-01		CHATEAU LA SELETTE				0	0	1		227
R	DFCF	DFCF-11-063		1997-01-01		CHATEAU DE JAVA				0	0	1		227
R	DFCF	DFCF-11-064		1997-01-01		CHATEAU PRAT DE CEST				0	0	1		227
R	DFCF	DFCF-11-065		1997-01-01		CHATEAU DE MOYAU				0	0	1		227
R	DFCF	DFCF-11-066		1997-01-01		CHATEAU DE MARMORIERES				0	0	1		227
R	DFCF	DFCF-11-067		1997-01-01		CHATEAU D'ARMISSAN				0	0	1		227
R	DFCF	DFCF-11-068		1997-01-01		CHATEAU DE LA ROUQUETTE				0	0	1		227
R	DFCF	DFCF-11-069		1997-01-01		CHATEAU DE A MOTTE				0	0	1		227
R	DFCF	DFCF-11-070		1997-01-01		CHATEAU DE CABEZAC				0	0	1		227
R	DFCF	DFCF-11-071		1997-01-01		CHATEAU DE VEDILHAN				0	0	1		227
R	DFCF	DFCF-12-001		1997-01-01		CHATEAU DE BELCASTEL				0	0	1		227
R	DFCF	DFCF-12-002		1997-01-01		CHATEAU DU BOSC				0	0	1		227
R	DFCF	DFCF-12-003		1997-01-01		CHATEAU D'ONET LE CHATEAU				0	0	1		227
R	DFCF	DFCF-12-004		1997-01-01		CHATEAU DE BOURRINES				0	0	1		227
R	DFCF	DFCF-12-005		1997-01-01		CHATEAU DE SEVERAC				0	0	1		227
R	DFCF	DFCF-12-006		1997-01-01		CHATEAU BOURNAZEL				0	0	1		227
R	DFCF	DFCF-12-007		1997-01-01		CHATEAU DE CANAC				0	0	1		227
R	DFCF	DFCF-12-008		1997-01-01		CHATEAU DE GRAVES				0	0	1		227
R	DFCF	DFCF-12-009		1997-01-01		CHATEAU DE BROUSSE LE CHATEAU				0	0	1		227
R	DFCF	DFCF-12-010		1997-01-01		CHATEAU DE ST VICTOR				0	0	1		227
R	DFCF	DFCF-12-011		1997-01-01		CHATEAU VARLHAUZY				0	0	1		227
R	DFCF	DFCF-12-012		1997-01-01		CHATEAU DE LA COUVERTOIRADE				0	0	1		227
R	DFCF	DFCF-12-013		1997-01-01		CHATEAU DE FLOYRAC				0	0	1		227
R	DFCF	DFCF-12-014		1997-01-01		CHATEAU DU MAZET				0	0	1		227
R	DFCF	DFCF-12-015		1997-01-01		CHATEAU DE CABRIERES				0	0	1		227
R	DFCF	DFCF-12-016		1997-01-01		CHATEAU DE PEYRELADE				0	0	1		227
R	DFCF	DFCF-12-017		1997-01-01		CHATEAU D'AZINIERES				0	0	1		227
R	DFCF	DFCF-12-018		1997-01-01		CHATEAU D'YS				0	0	1		227
R	DFCF	DFCF-12-019		1997-01-01		CHATEAU DE ST FELIX				0	0	1		227
R	DFCF	DFCF-12-020		1997-01-01		CHATEAU DE BERTHOLENE				0	0	1		227
R	DFCF	DFCF-12-021		1997-01-01		CHATEAU DE MONTROZIER				0	0	1		227
R	DFCF	DFCF-12-022		1997-01-01		CHATEAU DE CREISSELS				0	0	1		227
R	DFCF	DFCF-12-023		1997-01-01		CHATEAU DE VEDINS				0	0	1		227
R	DFCF	DFCF-12-024		1997-01-01		CHATEAU DE CALSTELNAU PEGAYROLS				0	0	1		227
R	DFCF	DFCF-12-025		1997-01-01		CHATEAU DE MONTJAUX				0	0	1		227
R	DFCF	DFCF-12-026		1997-01-01		CHATEAU LOUPIAC				0	0	1		227
R	DFCF	DFCF-12-027		1997-01-01		CHATEAU D'ALGUES				0	0	1		227
R	DFCF	DFCF-12-028		1997-01-01		CHATEAU DE VABRE				0	0	1		227
R	DFCF	DFCF-12-029		1997-01-01		CHATEAU DE TRIES				0	0	1		227
R	DFCF	DFCF-12-030		1997-01-01		CHATEAU DE BEAUVOISIN				0	0	1		227
R	DFCF	DFCF-12-031		1997-01-01		CHATEAU DE LA ROQUETTE				0	0	1		227
R	DFCF	DFCF-12-032		1997-01-01		CHATEAU DE L'ABBAYE DE LOC-DIEU				0	0	1		227
R	DFCF	DFCF-12-033		1997-01-01		CHATEAU DE BALSAC				0	0	1		227
R	DFCF	DFCF-12-034		1997-01-01		CHATEAU DE PANAT				0	0	1		227
R	DFCF	DFCF-12-035		1997-01-01		TOUR DU BEFFROI				0	0	1		227
R	DFCF	DFCF-12-036		1997-01-01		CHATEAU DE SAMBUCY				0	0	1		227
R	DFCF	DFCF-12-037		1997-01-01		CHATEAU DE SAINTE EULALIE				0	0	1		227
R	DFCF	DFCF-12-038		1997-01-01		CHATEAU DE FONTANGE				0	0	1		227
R	DFCF	DFCF-12-039		1997-01-01		CHATEAU D'HYARS				0	0	1		227
R	DFCF	DFCF-12-040		1997-01-01		CHATEAU DE CAYLUS				0	0	1		227
R	DFCF	DFCF-12-041		1997-01-01		CHATEAU DE SANHES				0	0	1		227
R	DFCF	DFCF-12-042		1997-01-01		CHATEAU MURATEL				0	0	1		227
R	DFCF	DFCF-12-043		1997-01-01		CHATEAU DE SAINT LEON				0	0	1		227
R	DFCF	DFCF-12-044		1997-01-01		CHATEAU DE GIRONDE				0	0	1		227
R	DFCF	DFCF-12-045		1997-01-01		CHATEAU LE FAYET				0	0	1		227
R	DFCF	DFCF-12-046		1997-01-01		FORT ROYAL				0	0	1		227
R	DFCF	DFCF-12-047		1997-01-01		CHATEAU PAGAX				0	0	1		227
R	DFCF	DFCF-12-048		1997-01-01		CHATEAU DE LARGUIES				0	0	1		227
R	DFCF	DFCF-13-001		1997-01-01		CHATEAU D'IF				0	0	1		227
R	DFCF	DFCF-13-002		1997-01-01		CHATEAU DE FONCUBERTE				0	0	1		227
R	DFCF	DFCF-13-003		1997-01-01		CHATEAU DE ST-HIPPOLYTE				0	0	1		227
R	DFCF	DFCF-13-004		1997-01-01		CHATEAU DE MIMET				0	0	1		227
R	DFCF	DFCF-13-005		1997-01-01		CHATEAU DES GAVELLES				0	0	1		227
R	DFCF	DFCF-13-006		1997-01-01		CHATEAU DE MEYRARGUES				0	0	1		227
R	DFCF	DFCF-13-007		1997-01-01		CHATEAU ST MITRE				0	0	1		227
R	DFCF	DFCF-13-008		1997-01-01		CHATEAU DE BEAUPRE				0	0	1		227
R	DFCF	DFCF-13-009		1997-01-01		CHATEAU DE LA BOUGERELLE				0	0	1		227
R	DFCF	DFCF-13-010		1997-01-01		CHATEAU BAS				0	0	1		227
R	DFCF	DFCF-13-011		1997-01-01		CHATEAUDU GRAND SAINT JEAN				0	0	1		227
R	DFCF	DFCF-13-012		1997-01-01		CHATEAU DU ROI RENE				0	0	1		227
R	DFCF	DFCF-13-013		1997-01-01		CHATEAU DE LA GELADE				0	0	1		227
R	DFCF	DFCF-13-014		1997-01-01		TOUR ANGLICA				0	0	1		227
R	DFCF	DFCF-13-015		1997-01-01		CHATEAU JULHANS				0	0	1		227
R	DFCF	DFCF-13-016		1997-01-01		CHATEAU NOIR				0	0	1		227
R	DFCF	DFCF-13-017		1997-01-01		CHATEAU DE ROUSTY				0	0	1		227
R	DFCF	DFCF-13-018		1997-01-01		CHATEAU DE SAUSSET				0	0	1		227
R	DFCF	DFCF-13-019		1997-01-01		CHATEAU DE CARRY				0	0	1		227
R	DFCF	DFCF-13-020		1997-01-01		CHATEAU AVIGNON				0	0	1		227
R	DFCF	DFCF-13-021		1997-01-01		CHATEAU DE LA BRILLANE				0	0	1		227
R	DFCF	DFCF-13-022		1997-01-01		CHATEAU DE CABASSES				0	0	1		227
R	DFCF	DFCF-13-023		1997-01-01		CHATEAU DE LA REINE JEANNE				0	0	1		227
R	DFCF	DFCF-13-024		1997-01-01		CHATEAU DU VIEUX MIRAMAS				0	0	1		227
R	DFCF	DFCF-13-025		1997-01-01		CHATEAU DE LA BARBEN				0	0	1		227
R	DFCF	DFCF-13-026		1997-01-01		CHATEAU ARNAJON				0	0	1		227
R	DFCF	DFCF-13-027		1997-01-01		CHATEAU DE FOUR VERT				0	0	1		227
R	DFCF	DFCF-13-028		1997-01-01		CHATEAU DE CADARACHE				0	0	1		227
R	DFCF	DFCF-13-029		1997-01-01		CHATEAU FONT DE PRE				0	0	1		227
R	DFCF	DFCF-13-030		1997-01-01		CHATEAU DE BEAURECUEIL				0	0	1		227
R	DFCF	DFCF-13-031		1997-01-01		CHATEAU DE BRUYS				0	0	1		227
R	DFCF	DFCF-13-032		1997-01-01		CHATEAUDE VALMOUSSE				0	0	1		227
R	DFCF	DFCF-13-033		1997-01-01		CHATEAU DE BELVAL				0	0	1		227
R	DFCF	DFCF-13-034		1997-01-01		CHATEAU DE MONTAUBAN				0	0	1		227
R	DFCF	DFCF-13-035		1997-01-01		CHATEAU DU PETIT SONNAILLER				0	0	1		227
R	DFCF	DFCF-13-036		1997-01-01		CHATEAU DU LYS				0	0	1		227
R	DFCF	DFCF-13-037		1997-01-01		CHATEAU DE CONFOUX				0	0	1		227
R	DFCF	DFCF-13-038		1997-01-01		CHATEAU DE VERNEGUES				0	0	1		227
R	DFCF	DFCF-13-040		1997-01-01		CHATEAU LES BERNARDES				0	0	1		227
R	DFCF	DFCF-13-041		1997-01-01		CHATEAU BAS				0	0	1		227
R	DFCF	DFCF-13-042		1997-01-01		CHATEAU DE SENEGUIER				0	0	1		227
R	DFCF	DFCF-13-043		1997-01-01		CHATEAU DU PETIT POMMIER				0	0	1		227
R	DFCF	DFCF-13-044		1997-01-01		CHATEAU DE CALISSANE				0	0	1		227
R	DFCF	DFCF-13-045		1997-01-01		CHATEAU DES SEIGNEURS DES BAUX				0	0	1		227
R	DFCF	DFCF-13-046		1997-01-01		CHATEAU DU VAL DE SIBOURG				0	0	1		227
R	DFCF	DFCF-13-047		1997-01-01		CHATEAU VIRANT				0	0	1		227
R	DFCF	DFCF-13-048		1997-01-01		CHATEAU CAZENEUVE				0	0	1		227
R	DFCF	DFCF-13-049		1997-01-01		CHATEAU LAMANON				0	0	1		227
R	DFCF	DFCF-13-050		1997-01-01		CHATEAU RICHEBOIS				0	0	1		227
R	DFCF	DFCF-13-051		1997-01-01		CHATEAU D'ALLEINS				0	0	1		227
R	DFCF	DFCF-13-052		1997-01-01		CHATEAU ROQUEMMARTINE				0	0	1		227
R	DFCF	DFCF-13-053		1997-01-01		CHATEAU MONTAUBAN				0	0	1		227
R	DFCF	DFCF-13-054		1997-01-01		CHATEAU CHARLEVAL				0	0	1		227
R	DFCF	DFCF-13-055		1997-01-01		CHATEAU SAINT ESTEVE				0	0	1		227
R	DFCF	DFCF-13-056		1997-01-01		CHATEAU LEMPERI				0	0	1		227
R	DFCF	DFCF-13-057		1997-01-01		CHATEAU BOYERS				0	0	1		227
R	DFCF	DFCF-13-058		1997-01-01		TOUR D'ENTRESSEN				0	0	1		227
R	DFCF	DFCF-13-059		1997-01-01		CHATEAU BIDAINE				0	0	1		227
R	DFCF	DFCF-13-060		1997-01-01		FORT DE MALVOISIN				0	0	1		227
R	DFCF	DFCF-13-061		1997-01-01		FORT RATONNEAU				0	0	1		227
R	DFCF	DFCF-13-062		1997-01-01		CHATEAU DE SAINT ANDIOL				0	0	1		227
R	DFCF	DFCF-13-063		1997-01-01		CHATEAU D'EYGALIERES				0	0	1		227
R	DFCF	DFCF-13-064		1997-01-01		CHATEAU DE CHATEAURENARD				0	0	1		227
R	DFCF	DFCF-13-065		1997-01-01		CHÂTEAU DE AUREILLE				0	0	1		227
R	DFCF	DFCF-13-066		1997-01-01		CHATEAU DU ROURE				0	0	1		227
R	DFCF	DFCF-13-067		1997-01-01		CHATEAU D'ASTOIN				0	0	1		227
R	DFCF	DFCF-13-069		1997-01-01		CHATEAU DU DUC DE GUISE				0	0	1		227
R	DFCF	DFCF-13-071		1997-01-01		TOUR DES ORPIES				0	0	1		227
R	DFCF	DFCF-13-072		1997-01-01		TOUR DE L'HORLOGE  SALON DE PROVENCE				0	0	1		227
R	DFCF	DFCF-13-073		1997-01-01		CHATEAU DES BAUX DE PROVENCE				0	0	1		227
R	DFCF	DFCF-13-074		1997-01-01		CHATEAU DES BAUMES A ISTRES				0	0	1		227
R	DFCF	DFCF-13-075		1997-01-01		CHATEAU LA BEAUMETANE				0	0	1		227
R	DFCF	DFCF-14-001		1997-01-01		CHATEAU ST GERMAIN				0	0	1		227
R	DFCF	DFCF-14-002		1997-01-01		CHATEAU L'AGUESSEAU				0	0	1		227
R	DFCF	DFCF-14-003		1997-01-01		CHATEAU LES FOUGERES				0	0	1		227
R	DFCF	DFCF-14-004		1997-01-01		CHATEAU EPINAY				0	0	1		227
R	DFCF	DFCF-14-005		1997-01-01		CHATEAU DE GUILLAUME LE CONQUERANT				0	0	1		227
R	DFCF	DFCF-14-006		1997-01-01		CHATEAU ESTIMAUVILLE				0	0	1		227
R	DFCF	DFCF-14-007		1997-01-01		CHATEAU LASSAY				0	0	1		227
R	DFCF	DFCF-14-008		1997-01-01		CHATEAU DE MARTRAGNY				0	0	1		227
R	DFCF	DFCF-14-009		1997-01-01		CHATEAU DE GONNEVILLE				0	0	1		227
R	DFCF	DFCF-14-010		1997-01-01		CHATEAU GABRIEL				0	0	1		227
R	DFCF	DFCF-14-011		1997-01-01		CHATEAU DE PRETREVILLE				0	0	1		227
R	DFCF	DFCF-14-012		1997-01-01		CHATEAU DE BETTEVILLE				0	0	1		227
R	DFCF	DFCF-14-013		1997-01-01		CHATEAU LE COLOMBIER				0	0	1		227
R	DFCF	DFCF-14-014		1997-01-01		CHATEAU DES PARCS DES FONTAINES				0	0	1		227
R	DFCF	DFCF-14-015		1997-01-01		CHATEAU DE LION DE MER				0	0	1		227
R	DFCF	DFCF-14-016		1997-01-01		CHATEAU DE L'AVENUE				0	0	1		227
R	DFCF	DFCF-14-017		1997-01-01		CHÂTEAU BELLEAU				0	0	1		227
R	DFCF	DFCF-14-018		1997-01-01		MANOIR DES IMPRESSIONNISTES				0	0	1		227
R	DFCF	DFCF-14-019		1997-01-01		CHÂTEAU DE CRIQUEBOEUF				0	0	1		227
R	DFCF	DFCF-14-020		1997-01-01		CHATEAU DE CREULLY				0	0	1		227
R	DFCF	DFCF-14-021		1997-01-01		CHATEAU DE VAL FONTAINE				0	0	1		227
R	DFCF	DFCF-14-022		1997-01-01		CHATEAU DE COURSEULLES				0	0	1		227
R	DFCF	DFCF-14-023		1997-01-01		CHATEAU DE BALLEROY				0	0	1		227
R	DFCF	DFCF-14-024		1997-01-01		CHÂTEAU DE VILLERS SUR MER				0	0	1		227
R	DFCF	DFCF-14-025		1997-01-01		MANOIR DE VILLERS SUR MER				0	0	1		227
R	DFCF	DFCF-14-026		1997-01-01		MANOIR DE CHIFFRETOT				0	0	1		227
R	DFCF	DFCF-14-027		1997-01-01		FORT DU MONT CANNISY				0	0	1		227
R	DFCF	DFCF-14-028		1997-01-01		CHATEAU TAILLEVILLE				0	0	1		227
R	DFCF	DFCF-14-029		1997-01-01		CHATEAU BENOUVILLE				0	0	1		227
R	DFCF	DFCF-14-030		1997-01-01		CHÂTEAU LE MARIQUET				0	0	1		227
R	DFCF	DFCF-14-031		1997-01-01		CHÂTEAU LE HEAUME				0	0	1		227
R	DFCF	DFCF-14-032		1997-01-01		CHÂTEAU GUERNON				0	0	1		227
R	DFCF	DFCF-14-033		1997-01-01		CHÂTEAU BRUDER				0	0	1		227
R	DFCF	DFCF-14-034		1997-01-01		CHÂTEAU DE COUPIGNY				0	0	1		227
R	DFCF	DFCF-14-035		1997-01-01		CHÂTEAU DE BEUZEVAL				0	0	1		227
R	DFCF	DFCF-14-036		1997-01-01		TOUR VAUBAN				0	0	1		227
R	DFCF	DFCF-14-037		1997-01-01		TOUR DE COLOMBELLES				0	0	1		227
R	DFCF	DFCF-14-038		1997-01-01		CHÂTEAU DE PONTECOULANT				0	0	1		227
R	DFCF	DFCF-14-039		1997-01-01		CHÂTEAU DE BEAUREGARD				0	0	1		227
R	DFCF	DFCF-14-040		1997-01-01		CHÂTEAU BOURGUIGNOLLES				0	0	1		227
R	DFCF	DFCF-14-041		1997-01-01		MANOIR DES GENS D'ARMES				0	0	1		227
R	DFCF	DFCF-14-042		1997-01-01		CHÂTEAU DE BEAUMAIS				0	0	1		227
R	DFCF	DFCF-14-049		1997-01-01		CHATEAU DE GRISY				0	0	1		227
R	DFCF	DFCF-14-050		1997-01-01		CHATEAU DE CROUSSY				0	0	1		227
R	DFCF	DFCF-15-001		1997-01-01		CHATEAU DE VAL				0	0	1		227
R	DFCF	DFCF-15-002		1997-01-01		CHATEAU DE ST CHAMANT				0	0	1		227
R	DFCF	DFCF-15-003		1997-01-01		CHATEAU DE FABREGUES				0	0	1		227
R	DFCF	DFCF-15-004		1997-01-01		CHATEAU CHEYLADET				0	0	1		227
R	DFCF	DFCF-15-005		1997-01-01		CHATEAU D'AUZERS				0	0	1		227
R	DFCF	DFCF-15-006		1997-01-01		CHATEAU LAYRE				0	0	1		227
R	DFCF	DFCF-15-007		1997-01-01		CHATEAU SAINT ANGEAU				0	0	1		227
R	DFCF	DFCF-15-008		1997-01-01		CHATEAU D'ALLEUZE				0	0	1		227
R	DFCF	DFCF-15-009		1997-01-01		CHATEAU DE SOURNIAC				0	0	1		227
R	DFCF	DFCF-15-010		1997-01-01		CHATEAU DE MONFORT				0	0	1		227
R	DFCF	DFCF-15-011		1997-01-01		CHATEAU LAVIGNE				0	0	1		227
R	DFCF	DFCF-15-012		1997-01-01		CHATEAU DE PESTEILS				0	0	1		227
R	DFCF	DFCF-15-013		1997-01-01		CHATEAU DE LAROQUEBROU				0	0	1		227
R	DFCF	DFCF-15-014		1997-01-01		CHATEAU DE COMBLAT				0	0	1		227
R	DFCF	DFCF-15-015		1997-01-01		CHATEAU ROCHEBRUNE				0	0	1		227
R	DFCF	DFCF-15-016		1997-01-01		CHATEAU D'ANJONY				0	0	1		227
R	DFCF	DFCF-15-017		1997-01-01		CHATEAU FAUSSANGES				0	0	1		227
R	DFCF	DFCF-15-018		1997-01-01		CHATEAU DE CHEYRELLES				0	0	1		227
R	DFCF	DFCF-15-019		1997-01-01		CHATEAU DE PIERRE				0	0	1		227
R	DFCF	DFCF-16-001		1997-01-01		CHATEAU DE CHILLAC				0	0	1		227
R	DFCF	DFCF-16-002		1997-01-01		CHATEAU DE FRANCOIS 1 ER				0	0	1		227
R	DFCF	DFCF-16-003		1997-01-01		CHATEAU DE ST BRICE				0	0	1		227
R	DFCF	DFCF-16-004		1997-01-01		CHATEAU DE BOURG CHARENTE				0	0	1		227
R	DFCF	DFCF-16-005		1997-01-01		CHATEAU DE CHESNEL				0	0	1		227
R	DFCF	DFCF-16-006		1997-01-01		CHATEAU DE BOUTEVILLE				0	0	1		227
R	DFCF	DFCF-16-007		1997-01-01		CHATEAU DE GARDE EPEE				0	0	1		227
R	DFCF	DFCF-16-008		1997-01-01		CHATEAU DE ROCHEBERTIER				0	0	1		227
R	DFCF	DFCF-16-009		1997-01-01		CHATEAU DE MENET				0	0	1		227
R	DFCF	DFCF-16-010		1997-01-01		CHATEAU DE CHABROT				0	0	1		227
R	DFCF	DFCF-16-011		1997-01-01		CHATEAU DE BALZAC				0	0	1		227
R	DFCF	DFCF-16-012		1997-01-01		CHATEAU CADEMOULINS				0	0	1		227
R	DFCF	DFCF-16-013		1997-01-01		CHATEAU DU PERON				0	0	1		227
R	DFCF	DFCF-16-014		1997-01-01		CHATEAU DE FLEURAC				0	0	1		227
R	DFCF	DFCF-16-015		1997-01-01		CHATEAU DE SOUILLAC				0	0	1		227
R	DFCF	DFCF-16-016		1997-01-01		CHATEAU DE L'AGE BASTON				0	0	1		227
R	DFCF	DFCF-16-017		1997-01-01		CHATEAU DE GUILLAUME				0	0	1		227
R	DFCF	DFCF-16-018		1997-01-01		CHATEAU DE LA ROCHEFOUCAULD				0	0	1		227
R	DFCF	DFCF-16-019		1997-01-01		CHATEAU LES DEFFENDS				0	0	1		227
R	DFCF	DFCF-16-020		1997-01-01		CHATEAU DE RIBEROLLES				0	0	1		227
R	DFCF	DFCF-16-021		1997-01-01		CHATEAU DE RANCOGNE				0	0	1		227
R	DFCF	DFCF-16-022		1997-01-01		CHATEAU DES OMBRAIS				0	0	1		227
R	DFCF	DFCF-16-023		1997-01-01		CHATEAU DE LA BARONNIE				0	0	1		227
R	DFCF	DFCF-16-024		1997-01-01		CHATEAU DE PUY VIDAL				0	0	1		227
R	DFCF	DFCF-16-025		1997-01-01		CHATEAU LE MAINE QUERANT				0	0	1		227
R	DFCF	DFCF-16-026		1997-01-01		CHATEAU DE LA ROCHETTE				0	0	1		227
R	DFCF	DFCF-16-027		1997-01-01		CHATEAU DE MONTBRON				0	0	1		227
R	DFCF	DFCF-16-028		1997-01-01		CHATEAU DE LA CHAISE				0	0	1		227
R	DFCF	DFCF-16-029		1997-01-01		CHATEAU DE MARANDAT				0	0	1		227
R	DFCF	DFCF-16-030		1997-01-01		CHATEAU DE LA FENETRE				0	0	1		227
R	DFCF	DFCF-16-031		1997-01-01		CHATEAU DE CRESSE				0	0	1		227
R	DFCF	DFCF-16-032		1997-01-01		CHATEAU DE FISSAC				0	0	1		227
R	DFCF	DFCF-16-033		1997-01-01		CHATEAU DE L'OISELLERIE				0	0	1		227
R	DFCF	DFCF-16-034		1997-01-01		CHATEAU DE PRANZAC				0	0	1		227
R	DFCF	DFCF-16-035		1997-01-01		CHATEAU D'UFFAUT				0	0	1		227
R	DFCF	DFCF-16-036		1997-01-01		CHATEAU DE L'YEUSE				0	0	1		227
R	DFCF	DFCF-16-037		1997-01-01		CHATEAU LONDIGNY				0	0	1		227
R	DFCF	DFCF-16-038		1997-01-01		CHATEAU DE CHANTELOUP				0	0	1		227
R	DFCF	DFCF-16-039		1997-01-01		CHATEAU D'ARS				0	0	1		227
R	DFCF	DFCF-16-040		1997-01-01		CHATEAU DE SAINT TROJAN				0	0	1		227
R	DFCF	DFCF-16-041		1997-01-01		CHATEAU DE CHATENAY				0	0	1		227
R	DFCF	DFCF-16-042		1997-01-01		CHATEAU DES CHABANNES				0	0	1		227
R	DFCF	DFCF-16-043		1997-01-01		CHATEAU DE BAGNOLET				0	0	1		227
R	DFCF	DFCF-16-044		1997-01-01		CHATEAU SAINT MARTIAL				0	0	1		227
R	DFCF	DFCF-16-045		1997-01-01		CHATEAU DE SAVEILLE				0	0	1		227
R	DFCF	DFCF-16-046		1997-01-01		CHATEAU DES AUBRAIS				0	0	1		227
R	DFCF	DFCF-16-047		1997-01-01		CHATEAU ROISSAC				0	0	1		227
R	DFCF	DFCF-16-048		1997-01-01		CHATEAU DE MONTCHAUDE				0	0	1		227
R	DFCF	DFCF-16-049		1997-01-01		CHATEAU DE JEAN XXIII				0	0	1		227
R	DFCF	DFCF-16-050		1997-01-01		CHATEAU DE BASQUIT				0	0	1		227
R	DFCF	DFCF-16-052		1997-01-01		CHÂTEAU DE LA ROTORDIERE				0	0	1		227
R	DFCF	DFCF-17-001		1997-01-01		FORT ENET				0	0	1		227
R	DFCF	DFCF-17-002		1997-01-01		FORT LOUVOIS				0	0	1		227
R	DFCF	DFCF-17-003		1997-01-01		FORT BOYARD				0	0	1		227
R	DFCF	DFCF-17-004		1997-01-01		CHATEAU DE VAUX SUR MER				0	0	1		227
R	DFCF	DFCF-17-005		1997-01-01		CHATEAU DE DIDONNE				0	0	1		227
R	DFCF	DFCF-17-006		1997-01-01		CHATEAU DE MONS				0	0	1		227
R	DFCF	DFCF-17-007		1997-01-01		CHATEAU DE LA GATAUDIERE				0	0	1		227
R	DFCF	DFCF-17-008		1997-01-01		CHATEAU DE ROCHE COURBON				0	0	1		227
R	DFCF	DFCF-17-009		1997-01-01		CHATEAU DE JONZAC				0	0	1		227
R	DFCF	DFCF-17-010		1997-01-01		FORT DE LA PREE				0	0	1		227
R	DFCF	DFCF-17-011		1997-01-01		FORT DU GROUIN				0	0	1		227
R	DFCF	DFCF-17-012		1997-01-01		FORT DE LIEDOT				0	0	1		227
R	DFCF	DFCF-17-013		1997-01-01		FORT DE LA RADE				0	0	1		227
R	DFCF	DFCF-17-014		1997-01-01		FORT DE L'ILE MADAME				0	0	1		227
R	DFCF	DFCF-17-015		1997-01-01		FORT DES SAUMONARDS				0	0	1		227
R	DFCF	DFCF-17-016		1997-01-01		FORT ROYER				0	0	1		227
R	DFCF	DFCF-17-017		1997-01-01		FORT DU MARTRAY				0	0	1		227
R	DFCF	DFCF-17-018		1997-01-01		CHATEAU D'OLERON				0	0	1		227
R	DFCF	DFCF-17-019		1997-01-01		CHATEAU DE BELMONT				0	0	1		227
R	DFCF	DFCF-17-020		1997-01-01		CHATEAU DE PONS				0	0	1		227
R	DFCF	DFCF-17-021		1997-01-01		CHATEAU DE LA RIGAUDIERE				0	0	1		227
R	DFCF	DFCF-17-022		1997-01-01		FORT VAUBAN				0	0	1		227
R	DFCF	DFCF-17-023		1997-01-01		CHATEAU SAINT JEAN D'ANGLE				0	0	1		227
R	DFCF	DFCF-17-024		1997-01-01		TOUR DE BROUE				0	0	1		227
R	DFCF	DFCF-17-025		1997-01-01		CHATEAU LALEARD				0	0	1		227
R	DFCF	DFCF-17-026		1997-01-01		CHATEAU DE RIOUX				0	0	1		227
R	DFCF	DFCF-17-027		1997-01-01		FORT SAINT JEAN				0	0	1		227
R	DFCF	DFCF-17-028		1997-01-01		CHATEAU DE BUZAY				0	0	1		227
R	DFCF	DFCF-17-029		1997-01-01		CHATEAU DE VILLENEUVE LA COMTESSE				0	0	1		227
R	DFCF	DFCF-17-030		1997-01-01		CHATEAU DE POLEON				0	0	1		227
R	DFCF	DFCF-17-031		1997-01-01		CHATEAU D'ORBIGNY				0	0	1		227
R	DFCF	DFCF-17-032		1997-01-01		CHATEAU DE DAMPIERRE				0	0	1		227
R	DFCF	DFCF-17-033		1997-01-01		CHATEAU DE VARAIZE				0	0	1		227
R	DFCF	DFCF-17-034		1997-01-01		CHATEAU DU PASSAGE				0	0	1		227
R	DFCF	DFCF-17-035		1997-01-01		CHATEAU GAILLARD				0	0	1		227
R	DFCF	DFCF-17-036		1997-01-01		CHATEAU DE PANLOY				0	0	1		227
R	DFCF	DFCF-17-037		1997-01-01		CHATEAU DE CRAZANNES				0	0	1		227
R	DFCF	DFCF-17-038		1997-01-01		CHATEAU D'AGURE				0	0	1		227
R	DFCF	DFCF-17-039		1997-01-01		CHATEAU DE L'HERONNIERE				0	0	1		227
R	DFCF	DFCF-17-040		1997-01-01		CHATEAU DU ROULLET				0	0	1		227
R	DFCF	DFCF-17-041		1997-01-01		CHATEAU DE MORNAY				0	0	1		227
R	DFCF	DFCF-17-042		1997-01-01		CHATEAU DE BEAULIEU				0	0	1		227
R	DFCF	DFCF-17-043		1997-01-01		CHATEAU DE MONTENDRE				0	0	1		227
R	DFCF	DFCF-17-044		1997-01-01		CHATEAU DE VILLEDIEU				0	0	1		227
R	DFCF	DFCF-17-045		1997-01-01		FORT LUPIN				0	0	1		227
R	DFCF	DFCF-17-046		1997-01-01		CHATEAU DE CRAMAHE				0	0	1		227
R	DFCF	DFCF-17-047		1997-01-01		CHATEAU HERBAUDIERE				0	0	1		227
R	DFCF	DFCF-17-048		1997-01-01		FORT DE LA POINTE				0	0	1		227
R	DFCF	DFCF-17-049		1997-01-01		CHATEAU BRAIN				0	0	1		227
R	DFCF	DFCF-17-050		1997-01-01		FORT SAINT LOUIS				0	0	1		227
R	DFCF	DFCF-17-051		1997-01-01		TOUR SAINT NICOLAS				0	0	1		227
R	DFCF	DFCF-17-052		1997-01-01		TOUR DE LA CHAINE				0	0	1		227
R	DFCF	DFCF-17-053		1997-01-01		TOUR DE LA LANTERNE				0	0	1		227
R	DFCF	DFCF-17-054		1997-01-01		CHATEAU HURE				0	0	1		227
R	DFCF	DFCF-17-055		1997-01-01		CHATEAU DE LA MOTTE				0	0	1		227
R	DFCF	DFCF-17-056		1997-01-01		CHATEAU DE LA PERAUDIERE				0	0	1		227
R	DFCF	DFCF-17-057		1997-01-01		CHATEAU MILAN				0	0	1		227
R	DFCF	DFCF-17-058		1997-01-01		CHATEAU DE COUREILLES				0	0	1		227
R	DFCF	DFCF-17-059		1997-01-01		CHATEAU DU GRAND LOGIS				0	0	1		227
R	DFCF	DFCF-17-060		1997-01-01		FORT DE L'AIGUILLE				0	0	1		227
R	DFCF	DFCF-17-061		1997-01-01		TOUR VAUBAN				0	0	1		227
R	DFCF	DFCF-17-062		1997-01-01		TOUR DES BALEINES				0	0	1		227
R	DFCF	DFCF-17-063		1997-01-01		CHATEAU TOUR DES ROSIERS				0	0	1		227
R	DFCF	DFCF-17-064		1997-01-01		CHATEAU DE LA JOSEPHTRIE				0	0	1		227
R	DFCF	DFCF-17-065		1997-01-01		FORT DE BROUAGE				0	0	1		227
R	DFCF	DFCF-17-066		1997-01-01		CHATEAU DU COLOMBIER				0	0	1		227
R	DFCF	DFCF-17-067		1997-01-01		CHATEAU DE PLASSAC				0	0	1		227
R	DFCF	DFCF-17-068		1997-01-01		CHATEAU DE SURGERES				0	0	1		227
R	DFCF	DFCF-17-069		1997-01-01		CHATEAU BUFFETIZON				0	0	1		227
R	DFCF	DFCF-17-070		1997-01-01		FORT DE VERGEROUX				0	0	1		227
R	DFCF	DFCF-17-071		1997-01-01		CHATEAU DE SAINT GERMAIN DE LUSIGNAN				0	0	1		227
R	DFCF	DFCF-17-072		1997-01-01		CHATEAU DU BOIS VERT				0	0	1		227
R	DFCF	DFCF-17-073		1997-01-01		CHATEAU DE SAINT SIMON DES BORDES				0	0	1		227
R	DFCF	DFCF-17-074		1997-01-01		CITADELLE DE BROUAGE				0	0	1		227
R	DFCF	DFCF-17-075		1997-01-01		CHATEAU DE L'ANGLAISERIE				0	0	1		227
R	DFCF	DFCF-17-076		1997-01-01		CHATEAU DE CADOLLIERE				0	0	1		227
R	DFCF	DFCF-17-077		1997-01-01		MANOIR D'ARDILLIERES				0	0	1		227
R	DFCF	DFCF-17-078		1997-01-01		CHATEAU D'ANGOUTE				0	0	1		227
R	DFCF	DFCF-17-079		1997-01-01		MANOIR LES FONTAINES				0	0	1		227
R	DFCF	DFCF-17-080		1997-01-01		CHÂTEAU DE LEOVILLE				0	0	1		227
R	DFCF	DFCF-17-081		1997-01-01		CHÂTEAU DE VOUTRON				0	0	1		227
R	DFCF	DFCF-17-082		1997-01-01		CHÂTEAU DE L'HOUMEE				0	0	1		227
R	DFCF	DFCF-17-083		1997-01-01		CHÂTEAU DE ROCHECHOUART				0	0	1		227
R	DFCF	DFCF-17-084		1997-01-01		CHÂTEAU DU MESNIL				0	0	1		227
R	DFCF	DFCF-17-085		1997-01-01		CHÂTEAU DE BONNEMIE				0	0	1		227
R	DFCF	DFCF-17-086		1997-01-01		CHATEAU DE LA CAVE				0	0	1		227
R	DFCF	DFCF-17-087		1997-01-01		CHÂTEAU DES CAPUCINS				0	0	1		227
R	DFCF	DFCF-17-088		1997-01-01		CHÂTEAU DE LA SAPINIERE				0	0	1		227
R	DFCF	DFCF-17-091		1997-01-01		CITADELLE SAINT MARTIN				0	0	1		227
R	DFCF	DFCF-17-094		1997-01-01		FORT PATE				0	0	1		227
R	DFCF	DFCF-17-O93		1997-01-01		CHATEAU DE BLISTERS				0	0	1		227
R	DFCF	DFCF-18-001		1997-01-01		CHATEAU D'APPREMONT				0	0	1		227
R	DFCF	DFCF-18-002		1997-01-01		CHATEAU LE PLAIX				0	0	1		227
R	DFCF	DFCF-18-003		1997-01-01		CHATEAU DE JUSSY CHAMPAGNE				0	0	1		227
R	DFCF	DFCF-18-004		1997-01-01		CHATEAU DE SAGONNE				0	0	1		227
R	DFCF	DFCF-18-005		1997-01-01		CHATEAU DE PUYVALLEE				0	0	1		227
R	DFCF	DFCF-18-006		1997-01-01		CHATEAU DE MAUPAS				0	0	1		227
R	DFCF	DFCF-18-007		1997-01-01		CHATEAU DE VILLIERS				0	0	1		227
R	DFCF	DFCF-18-008		1997-01-01		CHATEAU DE MENETOU-SALON				0	0	1		227
R	DFCF	DFCF-18-009		1997-01-01		CHATEAU DU MOULIN NEUF				0	0	1		227
R	DFCF	DFCF-18-010		1997-01-01		CHATEAU DE LA GRAND'COUR				0	0	1		227
R	DFCF	DFCF-18-011		1997-01-01		CHATEAU CHARLES VII				0	0	1		227
R	DFCF	DFCF-18-012		1997-01-01		CHATEAU LES BERTINS				0	0	1		227
R	DFCF	DFCF-18-013		1997-01-01		CHATEAU DE LA COURCELLE				0	0	1		227
R	DFCF	DFCF-18-014		1997-01-01		CHATEAU DE MENETOU-COUTURE				0	0	1		227
R	DFCF	DFCF-18-015		1997-01-01		CHATEAU DE THAUMIERS				0	0	1		227
R	DFCF	DFCF-18-016		1997-01-01		CHATEAU DE MEILLANT				0	0	1		227
R	DFCF	DFCF-18-017		1997-01-01		CHATEAU DE BANNEGON				0	0	1		227
R	DFCF	DFCF-18-018		1997-01-01		CHATEAU D'OUROUER				0	0	1		227
R	DFCF	DFCF-18-019		1997-01-01		CHATEAU D'AINAY LE VIEL				0	0	1		227
R	DFCF	DFCF-18-020		1997-01-01		CHATEAU DU LAC				0	0	1		227
R	DFCF	DFCF-18-021		1997-01-01		CHATEAU ROZE				0	0	1		227
R	DFCF	DFCF-18-022		1997-01-01		CHATEAU DE BURANLURE				0	0	1		227
R	DFCF	DFCF-18-023		1997-01-01		CHATEAU DE PRECY				0	0	1		227
R	DFCF	DFCF-18-024		1997-01-01		CHÂTEAU DE PESSELIERES				0	0	1		227
R	DFCF	DFCF-18-025		1997-01-01		CHATEAU DU PEZEAU				0	0	1		227
R	DFCF	DFCF-18-026		1997-01-01		CHATEAU DE LA GRANGE				0	0	1		227
R	DFCF	DFCF-18-032		1997-01-01		CHÂTEAU DE LA VALLEE				0	0	1		227
R	DFCF	DFCF-18-033		1997-01-01		CHÂTEAU DES STUART				0	0	1		227
R	DFCF	DFCF-18-034		1997-01-01		TOUR D'AUBIGNY				0	0	1		227
R	DFCF	DFCF-18-035		1997-01-01		CHÂTEAU DES CHESNEAUX				0	0	1		227
R	DFCF	DFCF-18-036		1997-01-01		CHATEAU DE L'ORMOY				0	0	1		227
R	DFCF	DFCF-18-038		1997-01-01		CHATEU DE BLANCAFORT				0	0	1		227
R	DFCF	DFCF-18-039		1997-01-01		CHATEAU DE BLOSSET				0	0	1		227
R	DFCF	DFCF-18-040		1997-01-01		CHATEAU DE BLANCAFORT				0	0	1		227
R	DFCF	DFCF-18-041		1997-01-01		CHATEAU DE LA TUILERIE				0	0	1		227
R	DFCF	DFCF-18-042		1997-01-01		CHATEAU DE LA MINEE				0	0	1		227
R	DFCF	DFCF-18-043		1997-01-01		CHATEAU DE LAUROY				0	0	1		227
R	DFCF	DFCF-18-049		1997-01-01		CHATEAU DE VAUFRELAND				0	0	1		227
R	DFCF	DFCF-18-O44		1997-01-01		CHATEAU DE L'HOPITAL				0	0	1		227
R	DFCF	DFCF-18-O45		1997-01-01		CHATEAU DE TALLE				0	0	1		227
R	DFCF	DFCF-18-O46		1997-01-01		CHATEAU DE JEU				0	0	1		227
R	DFCF	DFCF-18-O47		1997-01-01		CHATEAU DES TUREAUX				0	0	1		227
R	DFCF	DFCF-18-O48		1997-01-01		CHATEAU DE VOISINE				0	0	1		227
R	DFCF	DFCF-19-001		1997-01-01		CHATEAU DE LA BERTINE				0	0	1		227
R	DFCF	DFCF-19-002		1997-01-01		CHATEAU DE SEDIERES				0	0	1		227
R	DFCF	DFCF-19-003		1997-01-01		CHATEAU DE SAINTE FORTUNADE				0	0	1		227
R	DFCF	DFCF-19-004		1997-01-01		CHATEAU DE LAVAL VERDIER				0	0	1		227
R	DFCF	DFCF-19-005		1997-01-01		CHATEAU LE LIEUTERET				0	0	1		227
R	DFCF	DFCF-19-006		1997-01-01		CHATEAU DE VENTADOUR				0	0	1		227
R	DFCF	DFCF-19-007		1997-01-01		CHATEAU DE CHAMBON				0	0	1		227
R	DFCF	DFCF-19-008		1997-01-01		CHATEAU DE CORNIL				0	0	1		227
R	DFCF	DFCF-19-009		1997-01-01		CHATEAU DE LA ROCHE HAUTE				0	0	1		227
R	DFCF	DFCF-19-010		1997-01-01		CHATEAU DE TURENNE				0	0	1		227
R	DFCF	DFCF-19-011		1997-01-01		CHATEAU DU SAILLANT DE VOUTENAC				0	0	1		227
R	DFCF	DFCF-19-012		1997-01-01		CHATEAU DE VIEREIX				0	0	1		227
R	DFCF	DFCF-19-013		1997-01-01		CHATEAU DES TOURS DE MERLE				0	0	1		227
R	DFCF	DFCF-19-014		1997-01-01		CHATEAU DE PEYROUX				0	0	1		227
R	DFCF	DFCF-19-015		1997-01-01		CHATEAU DE MAREGE				0	0	1		227
R	DFCF	DFCF-19-016		1997-01-01		CHATEAU DE LA MOTHE				0	0	1		227
R	DFCF	DFCF-19-023		1997-01-01		MANOIR DE LASCAUX				0	0	1		227
R	DFCF	DFCF-19-024		1997-01-01		TOUR DES ECHEVINS				0	0	1		227
R	DFCF	DFCF-19-025		1997-01-01		MANOIR DE LASCAUX				0	0	1		227
R	DFCF	DFCF-19-026		1997-01-01		MANOIR DES ECHEVINS				0	0	1		227
R	DFCF	DFCF-21-001		1997-01-01		CHATEAU MALAIN				0	0	1		227
R	DFCF	DFCF-21-002		1997-01-01		CHATEAU GENLIS				0	0	1		227
R	DFCF	DFCF-21-003		1997-01-01		CHATEAU DE MORNAY				0	0	1		227
R	DFCF	DFCF-21-004		1997-01-01		FORT DE LA MOTTE GIRON				0	0	1		227
R	DFCF	DFCF-21-005		1997-01-01		CHATEAU DE ROSIERES				0	0	1		227
R	DFCF	DFCF-21-006		1997-01-01		CHATEAU DE JOURS LES BAIGNEUX				0	0	1		227
R	DFCF	DFCF-21-007		1997-01-01		CHATEAU DE LONGECOURT				0	0	1		227
R	DFCF	DFCF-21-008		1997-01-01		CHATEAU D'EPOISSES				0	0	1		227
R	DFCF	DFCF-21-009		1997-01-01		CHATEAU DE LANTENAY				0	0	1		227
R	DFCF	DFCF-21-010		1997-01-01		CHATEAU DU CLOS DE VOUGEOT				0	0	1		227
R	DFCF	DFCF-21-011		1997-01-01		CHATEAU DE BLAIZY HAUT				0	0	1		227
R	DFCF	DFCF-21-012		1997-01-01		CHATEAU DE FLEURY SUR OUCHE				0	0	1		227
R	DFCF	DFCF-21-013		1997-01-01		CHATEAU DE LA CHALEUR				0	0	1		227
R	DFCF	DFCF-21-014		1997-01-01		CHATEAU DE FOISSY				0	0	1		227
R	DFCF	DFCF-21-015		1997-01-01		CHATEAU DE MUSIGNY				0	0	1		227
R	DFCF	DFCF-21-016		1997-01-01		CHATEAU DE MEILLY				0	0	1		227
R	DFCF	DFCF-21-017		1997-01-01		CHATEAU DE VANTOUX LES DIJON				0	0	1		227
R	DFCF	DFCF-21-018		1997-01-01		CHATEAU CHAUDENAY LE CHATEAU				0	0	1		227
R	DFCF	DFCF-21-019		1997-01-01		CHATEAU DE ROCHEFORT				0	0	1		227
R	DFCF	DFCF-21-020		1997-01-01		CHATEAU SAULON LA RUE				0	0	1		227
R	DFCF	DFCF-21-021		1997-01-01		CHATEAU SAINT ANJEUX				0	0	1		227
R	DFCF	DFCF-21-022		1997-01-01		CHATEAU DE POUILLY SUR SAONE				0	0	1		227
R	DFCF	DFCF-21-023		1997-01-01		CHATEAU LARREY				0	0	1		227
R	DFCF	DFCF-21-024		1997-01-01		CHATEAU DE COMMARIN				0	0	1		227
R	DFCF	DFCF-21-025		1997-01-01		CHATEAU DE CHEVIGNY SAINT SAUVEUR				0	0	1		227
R	DFCF	DFCF-21-026		1997-01-01		CHATEAU DE LARREY				0	0	1		227
R	DFCF	DFCF-21-027		1997-01-01		CHATEAU DE LA BUTTE DE THIL				0	0	1		227
R	DFCF	DFCF-21-028		1997-01-01		CHATEAU DE CHATEAUNEUF				0	0	1		227
R	DFCF	DFCF-21-029		1997-01-01		CHATEAU DE THENISSEY				0	0	1		227
R	DFCF	DFCF-21-030		1997-01-01		CHATEAU DES DUCS DE BOUGOGNE				0	0	1		227
R	DFCF	DFCF-21-031		1997-01-01		CHATEAU DE LA CHASSAGNE				0	0	1		227
R	DFCF	DFCF-21-032		1997-01-01		CHATEAU DE SEURRE				0	0	1		227
R	DFCF	DFCF-21-033		1997-01-01		CHATEAU DE MONTIGNY				0	0	1		227
R	DFCF	DFCF-21-034		1997-01-01		CHATEAU DE POUILLY				0	0	1		227
R	DFCF	DFCF-21-035		1997-01-01		CHATEAU DE LADOIX SERRIGNY				0	0	1		227
R	DFCF	DFCF-21-036		1997-01-01		CHATEAU D'ARCEAU				0	0	1		227
R	DFCF	DFCF-21-037		1997-01-01		CHATEAU BOURBILLY				0	0	1		227
R	DFCF	DFCF-21-038		1997-01-01		CHATEAU D'EGUILLY				0	0	1		227
R	DFCF	DFCF-21-039		1997-01-01		CHATEAU DE BUSSY-RABUTIN				0	0	1		227
R	DFCF	DFCF-21-040		1997-01-01		CHATEAU DE BIERRE				0	0	1		227
R	DFCF	DFCF-21-041		1997-01-01		CHATEAU DE ARCELOT				0	0	1		227
R	DFCF	DFCF-21-042		1997-01-01		CHATEAU DE CHAILLY				0	0	1		227
R	DFCF	DFCF-21-043		1997-01-01		CHATEAU DE BRETENIERE				0	0	1		227
R	DFCF	DFCF-21-044		1997-01-01		CHATEAU DE AUXONNE				0	0	1		227
R	DFCF	DFCF-21-045		1997-01-01		CHATEAU DE LA ROCHEPOT				0	0	1		227
R	DFCF	DFCF-21-046		1997-01-01		CHATEAU DE MARLIENS				0	0	1		227
R	DFCF	DFCF-21-047		1997-01-01		CHATEAU DE ROUVRES EN PLAINE				0	0	1		227
R	DFCF	DFCF-21-048		1997-01-01		FORT BRULE				0	0	1		227
R	DFCF	DFCF-21-049		1997-01-01		CHATEAU GILLY LES CITEAUX				0	0	1		227
R	DFCF	DFCF-21-050		1997-01-01		CHATEAU DE SAINTE SABINE				0	0	1		227
R	DFCF	DFCF-21-051		1997-01-01		CHATEAU D'ORAIN				0	0	1		227
R	DFCF	DFCF-21-052		1997-01-01		CHATEAU DE GEVREY-CHAMBERTIN				0	0	1		227
R	DFCF	DFCF-21-053		1997-01-01		CHATEAU DE LANTILLY				0	0	1		227
R	DFCF	DFCF-21-054		1997-01-01		CHATEAU ROCHE PRISE				0	0	1		227
R	DFCF	DFCF-21-055		1997-01-01		CHATEAU DE SAVIGNY LES BEAUNE				0	0	1		227
R	DFCF	DFCF-21-056		1997-01-01		CHATEAU DE BARBIREY SUR OUCHE				0	0	1		227
R	DFCF	DFCF-21-057		1997-01-01		CHATEAU DE ROCHEFORT				0	0	1		227
R	DFCF	DFCF-21-058		1997-01-01		CHATEAU DE BROCHON				0	0	1		227
R	DFCF	DFCF-21-059		1997-01-01		CHATEAU LE FETE				0	0	1		227
R	DFCF	DFCF-21-060		1997-01-01		CHATEAU DE FLEE				0	0	1		227
R	DFCF	DFCF-21-061		1997-01-01		CHATEAU MAGNIN				0	0	1		227
R	DFCF	DFCF-21-062		1997-01-01		CHATEAU DE LA FORGEOTTE				0	0	1		227
R	DFCF	DFCF-21-063		1997-01-01		CHATEAU DE MONTALEMBERT				0	0	1		227
R	DFCF	DFCF-21-064		1997-01-01		CHATEAU D'ARCENAY				0	0	1		227
R	DFCF	DFCF-21-065		1997-01-01		CHATEAU CATEAU				0	0	1		227
R	DFCF	DFCF-21-066		1997-01-01		CHATEAU LICHEY				0	0	1		227
R	DFCF	DFCF-21-067		1997-01-01		CHATEAU DE GOUVILLE				0	0	1		227
R	DFCF	DFCF-21-068		1997-01-01		CHATEAU DE POMMARD				0	0	1		227
R	DFCF	DFCF-21-069		1997-01-01		CHATEAU LATOUR D'ARCENAY				0	0	1		227
R	DFCF	DFCF-21-070		1997-01-01		CHATEAU DE L'OIZEROLLES				0	0	1		227
R	DFCF	DFCF-21-071		1997-01-01		CHATEAU DE VILLARS D'AMPIERRE				0	0	1		227
R	DFCF	DFCF-21-072		1997-01-01		CHATEAU LA MOTTE				0	0	1		227
R	DFCF	DFCF-21-073		1997-01-01		CHATEAU DE CORTON ANDRE				0	0	1		227
R	DFCF	DFCF-21-074		1997-01-01		CHATEAU DE BARD LES EPOISSES				0	0	1		227
R	DFCF	DFCF-21-075		1997-01-01		FORT DE BEAUREGARD				0	0	1		227
R	DFCF	DFCF-21-076		1997-01-01		CHATEAU DE SENAILLY				0	0	1		227
R	DFCF	DFCF-21-077		1997-01-01		CHATEAU DE BEAUNE				0	0	1		227
R	DFCF	DFCF-21-078		1997-01-01		CHATEAU DE BRETIGNY				0	0	1		227
R	DFCF	DFCF-21-079		1997-01-01		CHATEAU D'OGNY				0	0	1		227
R	DFCF	DFCF-21-080		1997-01-01		CHATEAU DE MARIGNY LE CAHOUET				0	0	1		227
R	DFCF	DFCF-21-081		1997-01-01		CHATEAU DE POTHIERES				0	0	1		227
R	DFCF	DFCF-21-082		1997-01-01		CHATEAU ENTRE DEUX MONTS				0	0	1		227
R	DFCF	DFCF-21-083		1997-01-01		CHATEAU DE FONTAINE FRANCAISE				0	0	1		227
R	DFCF	DFCF-21-084		1997-01-01		CHATEAU DE MONTFORT				0	0	1		227
R	DFCF	DFCF-21-085		1997-01-01		CHATEAU DE AISEREY				0	0	1		227
R	DFCF	DFCF-21-086		1997-01-01		CHATEAU DES EVEQUES				0	0	1		227
R	DFCF	DFCF-21-087		1997-01-01		CHATEAU DU PETIT VERSAILLES				0	0	1		227
R	DFCF	DFCF-21-088		1997-01-01		CHATEAU DE MARMONT				0	0	1		227
R	DFCF	DFCF-21-089		1997-01-01		CHATEAU LA NOUE				0	0	1		227
R	DFCF	DFCF-21-090		1997-01-01		CHATEAU VILLAINES				0	0	1		227
R	DFCF	DFCF-21-091		1997-01-01		FORT DE VAROIS				0	0	1		227
R	DFCF	DFCF-21-092		1997-01-01		CHATEAU LA BECHERE				0	0	1		227
R	DFCF	DFCF-21-093		1997-01-01		CHATEAU MARIGNY				0	0	1		227
R	DFCF	DFCF-21-094		1997-01-01		CHATEAU L'ABERGEMENT				0	0	1		227
R	DFCF	DFCF-21-095		1997-01-01		CHATEAU CORCELLES LES ARTS				0	0	1		227
R	DFCF	DFCF-21-096		1997-01-01		CHATEAU MASSE				0	0	1		227
R	DFCF	DFCF-21-097		1997-01-01		CHATEAU TALMAY				0	0	1		227
R	DFCF	DFCF-21-098		1997-01-01		TOUR DE L'AUBESPIN				0	0	1		227
R	DFCF	DFCF-21-099		1997-01-01		CHATEAU MUGNIER				0	0	1		227
R	DFCF	DFCF-21-100		1997-01-01		CHATEAU DE VOSNE ROMANEE				0	0	1		227
R	DFCF	DFCF-21-101		1997-01-01		FORT DE HAUTEVILLE				0	0	1		227
R	DFCF	DFCF-21-102		1997-01-01		CHATEAU QUINCY				0	0	1		227
R	DFCF	DFCF-21-103		1997-01-01		CHATEAU QUINCEROT				0	0	1		227
R	DFCF	DFCF-21-104		1997-01-01		TOUR DE L'ORLE				0	0	1		227
R	DFCF	DFCF-21-105		1997-01-01		CHATEAU PETIT OUGES				0	0	1		227
R	DFCF	DFCF-21-106		1997-01-01		CHATEAU BESSEY LES CITEAUX				0	0	1		227
R	DFCF	DFCF-21-107		1997-01-01		CHATEAU DE MONT SAINT JEAN				0	0	1		227
R	DFCF	DFCF-21-108		1997-01-01		CHATEAU DE GROSBOIS EN MONTAGNE				0	0	1		227
R	DFCF	DFCF-21-109		1997-01-01		CHATEAU DE MISSERY				0	0	1		227
R	DFCF	DFCF-21-110		1997-01-01		CHATEAU DE CUSSIGNY				0	0	1		227
R	DFCF	DFCF-21-111		1997-01-01		CHATEAU SAINTE COLOMBE EN AUXOIS				0	0	1		227
R	DFCF	DFCF-21-112		1997-01-01		CHATEAU DE BROGNON				0	0	1		227
R	DFCF	DFCF-21-113		1997-01-01		TOUR DE LA PRISON				0	0	1		227
R	DFCF	DFCF-21-114		1997-01-01		CHATEAU DE BRESSEY SUR TILLE				0	0	1		227
R	DFCF	DFCF-21-115		1997-01-01		TOUR MARGOT				0	0	1		227
R	DFCF	DFCF-21-116		1997-01-01		CHATEAU DE QUEMIGNY				0	0	1		227
R	DFCF	DFCF-21-117		1997-01-01		FORT DE SENNECEY				0	0	1		227
R	DFCF	DFCF-21-118		1997-01-01		TOUR GEHENNES				0	0	1		227
R	DFCF	DFCF-21-119		1997-01-01		CHATEAU DE COURCELLES				0	0	1		227
R	DFCF	DFCF-21-120		1997-01-01		CHATEAU DE BELLENEUVE				0	0	1		227
R	DFCF	DFCF-21-121		1997-01-01		CHATEAU DE SOUHET				0	0	1		227
R	DFCF	DFCF-21-122		1997-01-01		TOUR DE LA CONFRERIE				0	0	1		227
R	DFCF	DFCF-21-123		1997-01-01		CHATEAU DE MONTMUZARD				0	0	1		227
R	DFCF	DFCF-21-124		1997-01-01		CHATEAU LA TUILERIE				0	0	1		227
R	DFCF	DFCF-21-125		1997-01-01		CHATEAU MODERNE				0	0	1		227
R	DFCF	DFCF-21-126		1997-01-01		VIEUX CHATEAU				0	0	1		227
R	DFCF	DFCF-21-127		1997-01-01		CHATEAU DE CHEVIGNY				0	0	1		227
R	DFCF	DFCF-21-128		1997-01-01		CHATEAU DE LABORDE AU CHATEAU				0	0	1		227
R	DFCF	DFCF-21-129		1997-01-01		CHATEAU DE ARGENCOURT				0	0	1		227
R	DFCF	DFCF-21-130		1997-01-01		CHATEAU DE SAINT APOLLINAIRE				0	0	1		227
R	DFCF	DFCF-21-131		1997-01-01		CHATEAU DE MASSENE				0	0	1		227
R	DFCF	DFCF-21-132		1997-01-01		CHATEAU DE SAFFRES				0	0	1		227
R	DFCF	DFCF-21-133		1997-01-01		CHATEAU DE AUVILLARS SUR SAONE				0	0	1		227
R	DFCF	DFCF-21-134		1997-01-01		CHATEAU DE LA TOUR				0	0	1		227
R	DFCF	DFCF-21-135		1997-01-01		CHATEAU DE SALMAISE				0	0	1		227
R	DFCF	DFCF-21-136		1997-01-01		CHÂTEAU DE VELARS SUR OUCHE				0	0	1		227
R	DFCF	DFCF-21-137		1997-01-01		CHATEAU PINGAT				0	0	1		227
R	DFCF	DFCF-21-138		1997-01-01		CHATEAU DE DAIX				0	0	1		227
R	DFCF	DFCF-21-139		1997-01-01		CHATEAU DE FROLOIS				0	0	1		227
R	DFCF	DFCF-21-140		1997-01-01		CHATEAU DE LONGVIC				0	0	1		227
R	DFCF	DFCF-21-168		1997-01-01		FORT DE LA REDOUTE				0	0	1		227
R	DFCF	DFCF-21-178		1997-01-01		PALAIS DES DUCS DE BOURGOGNE				0	0	1		227
R	DFCF	DFCF-21-179		1997-01-01		TOUR PHILIPPE LE BON				0	0	1		227
R	DFCF	DFCF-21-182		1997-01-01		LA TOUR HEXAGONALE DE LA MAIRIE ST APOLLINAIRE				0	0	1		227
R	DFCF	DFCF-21-183		1997-01-01		VESTIGES CHATEAU DU MARECHAL DE TAVANE				0	0	1		227
R	DFCF	DFCF-21-184		1997-01-01		CHATEAU DE LA CHAUME				0	0	1		227
R	DFCF	DFCF-21-185		1997-01-01		CHATEAU DE SAUSSY				0	0	1		227
R	DFCF	DFCF-21-186		1997-01-01		TOUR SAINT NICOLAS				0	0	1		227
R	DFCF	DFCF-21-187		1997-01-01		TOUR DU CHATEAU DE GEVREY				0	0	1		227
R	DFCF	DFCF-22-001		1997-01-01		CHATEAU DE MURAT				0	0	1		227
R	DFCF	DFCF-22-002		1997-01-01		CHATEAU DE LA DUCHESSE ANNE				0	0	1		227
R	DFCF	DFCF-22-003		1997-01-01		CHATEAU DE BEAUBOIS				0	0	1		227
R	DFCF	DFCF-22-004		1997-01-01		CHATEAU DE LA HUNAUDAYE				0	0	1		227
R	DFCF	DFCF-22-005		1997-01-01		CHATEAU DU GUILDO				0	0	1		227
R	DFCF	DFCF-22-006		1997-01-01		TOUR DES HEBIHENS				0	0	1		227
R	DFCF	DFCF-22-007		1997-01-01		FORT AUX MOINES				0	0	1		227
R	DFCF	DFCF-22-008		1997-01-01		CHATEAU COSTAERES				0	0	1		227
R	DFCF	DFCF-22-009		1997-01-01		FORT LA LATTE				0	0	1		227
R	DFCF	DFCF-22-010		1997-01-01		CHATEAU DE LA NOE VERTE				0	0	1		227
R	DFCF	DFCF-22-011		1997-01-01		CHATEAU DE JUGON LES LACS				0	0	1		227
R	DFCF	DFCF-22-012		1997-01-01		ANCIEN FORT DE BREHAT				0	0	1		227
R	DFCF	DFCF-22-013		1997-01-01		CHATEAU DU POIRIER				0	0	1		227
R	DFCF	DFCF-22-014		1997-01-01		CHATEAU DE LEHON				0	0	1		227
R	DFCF	DFCF-22-015		1997-01-01		CHATEAU LA THAUMATZ				0	0	1		227
R	DFCF	DFCF-22-016		1997-01-01		CHATEAU DE L'ARGENTAYE				0	0	1		227
R	DFCF	DFCF-22-017		1997-01-01		CHATEAU DE MONTERFIL				0	0	1		227
R	DFCF	DFCF-22-018		1997-01-01		CHATEAU DE QUINTIN				0	0	1		227
R	DFCF	DFCF-22-019		1997-01-01		CHATEAU DE KERGRIST				0	0	1		227
R	DFCF	DFCF-22-020		1997-01-01		CHATEAU LE VAUROUAULT				0	0	1		227
R	DFCF	DFCF-22-021		1997-01-01		CHATEAU DE LA ROCHE JAGU				0	0	1		227
R	DFCF	DFCF-22-022		1997-01-01		TOUR VAUBAN				0	0	1		227
R	DFCF	DFCF-22-023		1997-01-01		CHATEAU DE BEAUMANOIR				0	0	1		227
R	DFCF	DFCF-22-024		1997-01-01		CHATEAU DE PIERRE II				0	0	1		227
R	DFCF	DFCF-22-025		1997-01-01		CHATEAU DE GALINEE				0	0	1		227
R	DFCF	DFCF-22-026		1997-01-01		CHATEAU DE BELLIERE				0	0	1		227
R	DFCF	DFCF-22-028		1997-01-01		CHATEAU DE ROSAMBO				0	0	1		227
R	DFCF	DFCF-22-029		1997-01-01		CHATEAU DE TONQUEDEC				0	0	1		227
R	DFCF	DFCF-22-030		1997-01-01		CHATEAU DE KERDUEL				0	0	1		227
R	DFCF	DFCF-22-031		1997-01-01		CHATEAU DE CUGUIL				0	0	1		227
R	DFCF	DFCF-22-033		1997-01-01		CHÂTEAU DE BEAUMANOIR				0	0	1		227
R	DFCF	DFCF-22-034		1997-01-01		CHATEAU DU MARAIS				0	0	1		227
R	DFCF	DFCF-22-035		1997-01-01		MANOIR DE KERDALO				0	0	1		227
R	DFCF	DFCF-23-001		1997-01-01		CHATEAU DE MOISSE				0	0	1		227
R	DFCF	DFCF-23-002		1997-01-01		CHATEAU DE SAINTE FEYRE				0	0	1		227
R	DFCF	DFCF-23-003		1997-01-01		CHATEAU DU THERET				0	0	1		227
R	DFCF	DFCF-23-004		1997-01-01		CHATEAU DE JOUILLAT				0	0	1		227
R	DFCF	DFCF-23-005		1997-01-01		CHATEAU DE MONEYROUX				0	0	1		227
R	DFCF	DFCF-23-006		1997-01-01		CHATEAU DE LA GRANDE JUPILLE				0	0	1		227
R	DFCF	DFCF-23-007		1997-01-01		CHATEAU LAVAUD				0	0	1		227
R	DFCF	DFCF-23-008		1997-01-01		CHATEAU DE VILLEMONTEIX				0	0	1		227
R	DFCF	DFCF-23-009		1997-01-01		CHATEAU LA COMMANDERIE				0	0	1		227
R	DFCF	DFCF-23-010		1997-01-01		CHATEAU DE BOUSSAC				0	0	1		227
R	DFCF	DFCF-23-011		1997-01-01		CHATEAU DE MONTAIGUT				0	0	1		227
R	DFCF	DFCF-23-012		1997-01-01		CHATEAU DE SAINT GERMAIN BEAUPRE				0	0	1		227
R	DFCF	DFCF-23-013		1997-01-01		CHATEAU DE SAINT MAIXANT				0	0	1		227
R	DFCF	DFCF-23-014		1997-01-01		CHATEAU DE LA CAZINE				0	0	1		227
R	DFCF	DFCF-23-015		1997-01-01		CHATEAU BRIDIERS				0	0	1		227
R	DFCF	DFCF-23-016		1997-01-01		CHATEAU POINSOZE				0	0	1		227
R	DFCF	DFCF-23-020		1997-01-01		CHATEAU DE GENOUILLAC				0	0	1		227
R	DFCF	DFCF-23-022		1997-01-01		CHATEAU DE MALVAL				0	0	1		227
R	DFCF	DFCF-23-023		1997-01-01		CHATEAU D'ECOSSE				0	0	1		227
R	DFCF	DFCF-23-024		1997-01-01		CHATEAU DE LA DAUGE				0	0	1		227
R	DFCF	DFCF-23-025		1997-01-01		CHATEAU DE SOUMANS				0	0	1		227
R	DFCF	DFCF-23-026		1997-01-01		CHATEAU DE BOURGANEUF				0	0	1		227
R	DFCF	DFCF-23-O21		1997-01-01		CHATEAU DE MORNAY				0	0	1		227
R	DFCF	DFCF-24-001		1997-01-01		CHATEAU DE TRELISSAC				0	0	1		227
R	DFCF	DFCF-24-002		1997-01-01		CHATEAU DE LANQUAIS				0	0	1		227
R	DFCF	DFCF-24-003		1997-01-01		CHATEAU DE BANEUIL				0	0	1		227
R	DFCF	DFCF-24-004		1997-01-01		CHATEAU LAUSSEL				0	0	1		227
R	DFCF	DFCF-24-005		1997-01-01		CHATEAU PELVEZY				0	0	1		227
R	DFCF	DFCF-24-006		1997-01-01		CHATEAU DE MONTFORT				0	0	1		227
R	DFCF	DFCF-24-007		1997-01-01		CHATEAU DE PUY MARTIN				0	0	1		227
R	DFCF	DFCF-24-008		1997-01-01		CHATEAU DE PRATS				0	0	1		227
R	DFCF	DFCF-24-009		1997-01-01		CHATEAU DU ROCH				0	0	1		227
R	DFCF	DFCF-24-010		1997-01-01		CHATEAU DE SALIGNAC				0	0	1		227
R	DFCF	DFCF-24-011		1997-01-01		CHATEAU DE LOSSE				0	0	1		227
R	DFCF	DFCF-24-012		1997-01-01		CHATEAU DE MONTIGNAC				0	0	1		227
R	DFCF	DFCF-24-013		1997-01-01		CHATEAU DE PITRAY				0	0	1		227
R	DFCF	DFCF-24-014		1997-01-01		CHATEAU CAMPAGNAC				0	0	1		227
R	DFCF	DFCF-24-015		1997-01-01		CHATEAU DE BELCAYRE				0	0	1		227
R	DFCF	DFCF-24-016		1997-01-01		CHATEAU DE COMMARQUE				0	0	1		227
R	DFCF	DFCF-24-017		1997-01-01		CHATEAU DE TEMNIAC				0	0	1		227
R	DFCF	DFCF-24-018		1997-01-01		CHATEAU DE FENELON				0	0	1		227
R	DFCF	DFCF-24-019		1997-01-01		CHATEAU DE CASTELNAUD				0	0	1		227
R	DFCF	DFCF-24-020		1997-01-01		CHATEAU DE BEYSSAC				0	0	1		227
R	DFCF	DFCF-24-021		1997-01-01		CHATEAU DE TRIGONANT				0	0	1		227
R	DFCF	DFCF-24-022		1997-01-01		CHATEAU DE LA GRANDE FILOLIE				0	0	1		227
R	DFCF	DFCF-24-023		1997-01-01		CHATEAU DES BORIES				0	0	1		227
R	DFCF	DFCF-24-024		1997-01-01		CHATEAU DE MARZAC				0	0	1		227
R	DFCF	DFCF-24-025		1997-01-01		CHATEAU DE LA CARRIERE				0	0	1		227
R	DFCF	DFCF-24-026		1997-01-01		CHATEAU DE LA BOETIE				0	0	1		227
R	DFCF	DFCF-24-027		1997-01-01		CHATEAU DE FAYAC				0	0	1		227
R	DFCF	DFCF-24-028		1997-01-01		CHATEAU DE LA MOTTE				0	0	1		227
R	DFCF	DFCF-24-029		1997-01-01		CHATEAU MICHEL DE MONTAIGNE				0	0	1		227
R	DFCF	DFCF-24-030		1997-01-01		CHATEAU DE MARQUEYSSAC				0	0	1		227
R	DFCF	DFCF-24-031		1997-01-01		TOUR DE MONTAIGNE				0	0	1		227
R	DFCF	DFCF-24-032		1997-01-01		CHATEAU DE MONTRAVEL				0	0	1		227
R	DFCF	DFCF-24-033		1997-01-01		CHATEAU DES MILANDES				0	0	1		227
R	DFCF	DFCF-24-034		1997-01-01		CHATEAU DE BEYNAC				0	0	1		227
R	DFCF	DFCF-24-035		1997-01-01		CHATEAU DES EVEQUES				0	0	1		227
R	DFCF	DFCF-24-036		1997-01-01		CHATEAU DE CAP DEL ROC				0	0	1		227
R	DFCF	DFCF-24-037		1997-01-01		CHATEAU DE ROUFFILLAC				0	0	1		227
R	DFCF	DFCF-24-038		1997-01-01		CHATEAU DE LIEU-DIEU				0	0	1		227
R	DFCF	DFCF-24-039		1997-01-01		CHATEAU DU CLAUD				0	0	1		227
R	DFCF	DFCF-24-040		1997-01-01		CHATEAU DU CLUZEAU				0	0	1		227
R	DFCF	DFCF-24-041		1997-01-01		CHATEAU DE CAMPAGNE				0	0	1		227
R	DFCF	DFCF-24-042		1997-01-01		CHATEAU DE PANASSOU				0	0	1		227
R	DFCF	DFCF-24-043		1997-01-01		CHATEAU DE MONRECOUR				0	0	1		227
R	DFCF	DFCF-24-044		1997-01-01		CHATEAU DE TIREGAND				0	0	1		227
R	DFCF	DFCF-24-045		1997-01-01		CHATEAU DU ROC				0	0	1		227
R	DFCF	DFCF-24-046		1997-01-01		CHATEAU DE SAINT AULAYE				0	0	1		227
R	DFCF	DFCF-24-047		1997-01-01		CHATEAU D'ESCOIRE				0	0	1		227
R	DFCF	DFCF-24-048		1997-01-01		CHATEAU DE MONTPEYROUX				0	0	1		227
R	DFCF	DFCF-24-049		1997-01-01		CHATEAU DE SAINT VINCENT LE PALUEL				0	0	1		227
R	DFCF	DFCF-24-050		1997-01-01		CHATEAU DE GURSON				0	0	1		227
R	DFCF	DFCF-24-051		1997-01-01		CHATEAU DE MONDESIR				0	0	1		227
R	DFCF	DFCF-24-052		1997-01-01		CHATEAU PUY CHANAT				0	0	1		227
R	DFCF	DFCF-24-053		1997-01-01		CHATEAU HERMIER				0	0	1		227
R	DFCF	DFCF-24-054		1997-01-01		CHATEAU LAUTERIE				0	0	1		227
R	DFCF	DFCF-24-055		1997-01-01		CHATEAU DE PUYROBERT				0	0	1		227
R	DFCF	DFCF-24-056		1997-01-01		CHATEAU DE LA ROUSSIE				0	0	1		227
R	DFCF	DFCF-24-057		1997-01-01		CHATEAU DE PEUCH				0	0	1		227
R	DFCF	DFCF-24-058		1997-01-01		CHATEAU DES EYZIES				0	0	1		227
R	DFCF	DFCF-24-059		1997-01-01		CHATEAU DE BRAULEN				0	0	1		227
R	DFCF	DFCF-24-060		1997-01-01		CHATEAU DE FLEURAC				0	0	1		227
R	DFCF	DFCF-24-061		1997-01-01		CHATEAU DE CLERANS				0	0	1		227
R	DFCF	DFCF-24-062		1997-01-01		CHATEAU DE LACYPIERRE				0	0	1		227
R	DFCF	DFCF-24-063		1997-01-01		CHATEAU DE SAINT GENIES				0	0	1		227
R	DFCF	DFCF-24-064		1997-01-01		CHATEAU DE HAUTEFORT				0	0	1		227
R	DFCF	DFCF-24-065		1997-01-01		CHATEAU DE LA FLEUNIE				0	0	1		227
R	DFCF	DFCF-24-066		1997-01-01		CHATEAU DE CARLUX				0	0	1		227
R	DFCF	DFCF-24-067		1997-01-01		CHATEAU DE MASNEGRE				0	0	1		227
R	DFCF	DFCF-24-068		1997-01-01		CHATEAU DE LA MALARTRIE				0	0	1		227
R	DFCF	DFCF-24-069		1997-01-01		CHATEAU PUYFERRAT				0	0	1		227
R	DFCF	DFCF-24-070		1997-01-01		CHATEAU DE SIORAC				0	0	1		227
R	DFCF	DFCF-24-071		1997-01-01		CHATEAU DE LACOSTE				0	0	1		227
R	DFCF	DFCF-24-072		1997-01-01		CHATEAU BOSREDON				0	0	1		227
R	DFCF	DFCF-24-073		1997-01-01		TOUR DES FILLIOLS				0	0	1		227
R	DFCF	DFCF-24-074		1997-01-01		TOUR DE L'AUDITEUR				0	0	1		227
R	DFCF	DFCF-24-075		1997-01-01		TOUR DU GUET				0	0	1		227
R	DFCF	DFCF-24-076		1997-01-01		PETIT CHATEAU DE BELVES				0	0	1		227
R	DFCF	DFCF-24-077		1997-01-01		CHATEAU DE BELVES				0	0	1		227
R	DFCF	DFCF-24-078		1997-01-01		CHATEAU DE JAILLAC				0	0	1		227
R	DFCF	DFCF-24-079		1997-01-01		CHATEAU PECHGODOU				0	0	1		227
R	DFCF	DFCF-24-080		1997-01-01		CHATEAU DE BERBIGUIERES				0	0	1		227
R	DFCF	DFCF-24-081		1997-01-01		CHATEAU SIMEUIL				0	0	1		227
R	DFCF	DFCF-24-082		1997-01-01		CHATEAU VERDON				0	0	1		227
R	DFCF	DFCF-24-083		1997-01-01		CHATEAU REGNARD				0	0	1		227
R	DFCF	DFCF-24-084		1997-01-01		CHATEAU DE SAINT POMPON				0	0	1		227
R	DFCF	DFCF-24-085		1997-01-01		CHATEAU DAGLAN				0	0	1		227
R	DFCF	DFCF-24-086		1997-01-01		CHATEAU POULHIAC				0	0	1		227
R	DFCF	DFCF-24-087		1997-01-01		CHATEAU ROGNAC				0	0	1		227
R	DFCF	DFCF-24-088		1997-01-01		CHATEAU DE SAINT GEORGE DE MONTCLAR				0	0	1		227
R	DFCF	DFCF-24-089		1997-01-01		CHATEAU LE PETIT EDOUARD 1 ER				0	0	1		227
R	DFCF	DFCF-24-090		1997-01-01		CHATEAU DE CASTEL MERLE				0	0	1		227
R	DFCF	DFCF-24-091		1997-01-01		CHATEAU SAINTE MARIE				0	0	1		227
R	DFCF	DFCF-24-092		1997-01-01		CHATEAU DE BETOUY				0	0	1		227
R	DFCF	DFCF-24-093		1997-01-01		CHATEAU DE MIRABEL				0	0	1		227
R	DFCF	DFCF-24-094		1997-01-01		CHATEAU BRUNEVAL				0	0	1		227
R	DFCF	DFCF-24-095		1997-01-01		CHATEAU DE POUJADE				0	0	1		227
R	DFCF	DFCF-24-096		1997-01-01		CHATEAU LA BOURLIE				0	0	1		227
R	DFCF	DFCF-24-097		1997-01-01		CHATEAU DE MONBAZILLAC				0	0	1		227
R	DFCF	DFCF-24-098		1997-01-01		CHATEAU LA BOURGONIE				0	0	1		227
R	DFCF	DFCF-24-099		1997-01-01		CHATEAU DE CANTEGREL				0	0	1		227
R	DFCF	DFCF-24-100		1997-01-01		CHATEAU DE DOISSAT				0	0	1		227
R	DFCF	DFCF-24-101		1997-01-01		CHATEAU DE MONDIOL				0	0	1		227
R	DFCF	DFCF-24-102		1997-01-01		CHATEAU DE CAMPAGNAC				0	0	1		227
R	DFCF	DFCF-24-103		1997-01-01		CHATEAU DU BREUIL				0	0	1		227
R	DFCF	DFCF-24-104		1997-01-01		CHATEAU LA ROQUE				0	0	1		227
R	DFCF	DFCF-24-105		1997-01-01		CHATEAU DES ARCHEVEQUES DE BORDEAUX				0	0	1		227
R	DFCF	DFCF-24-106		1997-01-01		CHATEAU DE CHATEAU VIEUX				0	0	1		227
R	DFCF	DFCF-24-107		1997-01-01		CHATEAU DE BANNES				0	0	1		227
R	DFCF	DFCF-24-108		1997-01-01		CHATEAU DE LA GAUBERTIE				0	0	1		227
R	DFCF	DFCF-24-109		1997-01-01		CHATEAU DE LA RAYE				0	0	1		227
R	DFCF	DFCF-24-110		1997-01-01		CHATEAU LE VERDOYER				0	0	1		227
R	DFCF	DFCF-24-111		1997-01-01		CHATEAU DE LA ROUSSIE				0	0	1		227
R	DFCF	DFCF-24-112		1997-01-01		CHATEAU DE LORTAL				0	0	1		227
R	DFCF	DFCF-24-113		1997-01-01		CHATEAU DE LA PAUZE				0	0	1		227
R	DFCF	DFCF-24-114		1997-01-01		CHATEAU DE MAROUATTE				0	0	1		227
R	DFCF	DFCF-24-115		1997-01-01		CHATEAU DE LA RENAUDIE				0	0	1		227
R	DFCF	DFCF-24-116		1997-01-01		CHATEAU DE L'EXCIREUIL				0	0	1		227
R	DFCF	DFCF-25-001		1997-01-01		FORT MALHER				0	0	1		227
R	DFCF	DFCF-25-002		1997-01-01		CHATEAU DE LODS				0	0	1		227
R	DFCF	DFCF-25-003		1997-01-01		CHATEAU DE JOUX				0	0	1		227
R	DFCF	DFCF-25-004		1997-01-01		FORT LUCOTTE				0	0	1		227
R	DFCF	DFCF-25-005		1997-01-01		FORT DES ROCHES				0	0	1		227
R	DFCF	DFCF-25-006		1997-01-01		FORT DU LOMONT				0	0	1		227
R	DFCF	DFCF-25-007		1997-01-01		FORT LA CHAUX				0	0	1		227
R	DFCF	DFCF-25-008		1997-01-01		FORT BENOIT				0	0	1		227
R	DFCF	DFCF-25-009		1997-01-01		FORT DES EPESSES				0	0	1		227
R	DFCF	DFCF-25-010		1997-01-01		CHATEAU DE MONCLEY				0	0	1		227
R	DFCF	DFCF-25-011		1997-01-01		CHATEAU OLLANS				0	0	1		227
R	DFCF	DFCF-25-012		1997-01-01		CHATEAU DE VORGET				0	0	1		227
R	DFCF	DFCF-25-013		1997-01-01		CHATEAU D'UZEL				0	0	1		227
R	DFCF	DFCF-25-014		1997-01-01		CHATEAU DE NOIRONTE				0	0	1		227
R	DFCF	DFCF-25-015		1997-01-01		CHATEAU DE CLERON				0	0	1		227
R	DFCF	DFCF-25-016		1997-01-01		CHATEAU DE BEAUPRE				0	0	1		227
R	DFCF	DFCF-25-017		1997-01-01		CHATEAU DE BELVOIR				0	0	1		227
R	DFCF	DFCF-25-018		1997-01-01		CHATEAU DE VAITE				0	0	1		227
R	DFCF	DFCF-25-019		1997-01-01		CHATEAU DE BOUCLANS				0	0	1		227
R	DFCF	DFCF-25-020		1997-01-01		CHATEAU DE ROULANS				0	0	1		227
R	DFCF	DFCF-25-021		1997-01-01		CHATEAU ALLENJOIE				0	0	1		227
R	DFCF	DFCF-25-022		1997-01-01		CHATEAU BANNOT				0	0	1		227
R	DFCF	DFCF-25-023		1997-01-01		FORT DE BREGILLE				0	0	1		227
R	DFCF	DFCF-25-024		1997-01-01		FORT DE BEAUREGARD				0	0	1		227
R	DFCF	DFCF-25-025		1997-01-01		FORT DE CHAUDANNEQUE				0	0	1		227
R	DFCF	DFCF-25-026		1997-01-01		FORT DU PETIT CHAUDANE				0	0	1		227
R	DFCF	DFCF-25-027		1997-01-01		CHATEAU SAINT DENIS				0	0	1		227
R	DFCF	DFCF-25-028		1997-01-01		FORT CATINAT				0	0	1		227
R	DFCF	DFCF-25-029		1997-01-01		CHATEAU BONNEVAUX				0	0	1		227
R	DFCF	DFCF-25-033		1997-01-01		MANOIR DE VIONNEY				0	0	1		227
R	DFCF	DFCF-25-035		1997-01-01		CHATEAU DE LA BOULOIE				0	0	1		227
R	DFCF	DFCF-25-036		1997-01-01		FORT GRIFFON				0	0	1		227
R	DFCF	DFCF-25-041		1997-01-01		CHATEAU DE NANS SOUS SAINT ANNE				0	0	1		227
R	DFCF	DFCF-25-O39		1997-01-01		CHATEAU DE BANNANS				0	0	1		227
R	DFCF	DFCF-26-001		1997-01-01		TOUR DU CREST				0	0	1		227
R	DFCF	DFCF-26-002		1997-01-01		CHATEAU DE PIZANCON				0	0	1		227
R	DFCF	DFCF-26-003		1997-01-01		CHATEAU DE GRIGNAN				0	0	1		227
R	DFCF	DFCF-26-004		1997-01-01		CHATEAU DE TRIORS				0	0	1		227
R	DFCF	DFCF-26-005		1997-01-01		CHATEAU DE LA LAUPIE				0	0	1		227
R	DFCF	DFCF-26-006		1997-01-01		CHATEAU SUZE LA ROUSSE				0	0	1		227
R	DFCF	DFCF-26-007		1997-01-01		CHATEAU ROUSSAS				0	0	1		227
R	DFCF	DFCF-26-008		1997-01-01		CHATEAU VALAURIE				0	0	1		227
R	DFCF	DFCF-26-009		1997-01-01		CHATEAU DE ROCHEFORT EN VALDAINE				0	0	1		227
R	DFCF	DFCF-26-010		1997-01-01		CHATEAU DE CORNILLON SUR L'OULE				0	0	1		227
R	DFCF	DFCF-26-011		1997-01-01		CHATEAU DE ROCHEGUDE				0	0	1		227
R	DFCF	DFCF-26-012		1997-01-01		CHATEAU DE FAVEYROLLE				0	0	1		227
R	DFCF	DFCF-26-013		1997-01-01		CHATEAU DE LA BORIE				0	0	1		227
R	DFCF	DFCF-26-014		1997-01-01		TOUR DE CHAMARET				0	0	1		227
R	DFCF	DFCF-26-017		1997-01-01		CHATEAU D'AUBENASSAON				0	0	1		227
R	DFCF	DFCF-26-018		1997-01-01		TOUR DE BEAUMONT				0	0	1		227
R	DFCF	DFCF-26-019		1997-01-01		CHATEAU DE LA BAUME CORNILLANE				0	0	1		227
R	DFCF	DFCF-26-020		1997-01-01		CHATEAU DES POTIERS				0	0	1		227
R	DFCF	DFCF-26-021		1997-01-01		CHATEAU ESTRANGIN				0	0	1		227
R	DFCF	DFCF-26-022		1997-01-01		CHATEAU DE LA ROLIERE				0	0	1		227
R	DFCF	DFCF-26-023		1997-01-01		CHATEAU DE FONT GRAND				0	0	1		227
R	DFCF	DFCF-26-024		1997-01-01		CHATEAU DE COMPS				0	0	1		227
R	DFCF	DFCF-26-025		1997-01-01		ANCIEN CHATEAU LAMBERT				0	0	1		227
R	DFCF	DFCF-26-026		1997-01-01		CHATEAU DE CHARMES				0	0	1		227
R	DFCF	DFCF-26-027		1997-01-01		CHATEAU BIZARD				0	0	1		227
R	DFCF	DFCF-27-001		1997-01-01		CHATEAU GAILLARD				0	0	1		227
R	DFCF	DFCF-27-002		1997-01-01		CHATEAU JARRIER				0	0	1		227
R	DFCF	DFCF-27-003		1997-01-01		CHATEAU DE GAILLON				0	0	1		227
R	DFCF	DFCF-27-004		1997-01-01		CHATEAU DE BIZY				0	0	1		227
R	DFCF	DFCF-27-005		1997-01-01		CHATEAU BOULAY MORIN				0	0	1		227
R	DFCF	DFCF-27-006		1997-01-01		CHATEAU D'HEURDREVILLE				0	0	1		227
R	DFCF	DFCF-27-007		1997-01-01		CHATEAU JEUFOSSE				0	0	1		227
R	DFCF	DFCF-27-008		1997-01-01		CHATEAU DES PLANCHES				0	0	1		227
R	DFCF	DFCF-27-009		1997-01-01		CHATEAU MESNIL ANSEAUME				0	0	1		227
R	DFCF	DFCF-27-010		1997-01-01		CHATEAU D'ACQUIGNY				0	0	1		227
R	DFCF	DFCF-27-011		1997-01-01		CHATEAU D'IRREVILLE				0	0	1		227
R	DFCF	DFCF-27-012		1997-01-01		CHATEAU LE BREUIL				0	0	1		227
R	DFCF	DFCF-27-013		1997-01-01		CHATEAU DES LIONS				0	0	1		227
R	DFCF	DFCF-27-014		1997-01-01		CHATEAU EMALLEVILLE				0	0	1		227
R	DFCF	DFCF-27-015		1997-01-01		CHATEAU BIMOREL				0	0	1		227
R	DFCF	DFCF-27-016		1997-01-01		CHATEAU LA CROIX ST LEUFROY				0	0	1		227
R	DFCF	DFCF-27-017		1997-01-01		CHATEAU FAUVILLE				0	0	1		227
R	DFCF	DFCF-27-018		1997-01-01		CHATEAU LE NUISEMENT				0	0	1		227
R	DFCF	DFCF-27-019		1997-01-01		CHATEAU HOUETTEVILLE				0	0	1		227
R	DFCF	DFCF-27-020		1997-01-01		CHATEAU CRACOUVILLE				0	0	1		227
R	DFCF	DFCF-27-021		1997-01-01		CHATEAU BUISSON CARAMBOURG				0	0	1		227
R	DFCF	DFCF-27-022		1997-01-01		CHATEAU CHUR DES BOIS				0	0	1		227
R	DFCF	DFCF-27-023		1997-01-01		CHATEAU DE CHAMBRAY				0	0	1		227
R	DFCF	DFCF-27-024		1997-01-01		CHATEAU LES HAUTES RIVES				0	0	1		227
R	DFCF	DFCF-27-025		1997-01-01		CHATEAU DE NORMANVILLE				0	0	1		227
R	DFCF	DFCF-27-026		1997-01-01		CHATEAU DE PINTERVILLES				0	0	1		227
R	DFCF	DFCF-27-027		1997-01-01		CHATEAU MANOIR DE ST LUBIN				0	0	1		227
R	DFCF	DFCF-27-028		1997-01-01		CHATEAU BEAUCHENE				0	0	1		227
R	DFCF	DFCF-27-029		1997-01-01		CHATEAU DU HAZEY				0	0	1		227
R	DFCF	DFCF-27-030		1997-01-01		CHATEAU DU PARC				0	0	1		227
R	DFCF	DFCF-27-031		1997-01-01		CHATEAU D'AILLY				0	0	1		227
R	DFCF	DFCF-27-032		1997-01-01		CHATEAU DU VAL D'AILLY				0	0	1		227
R	DFCF	DFCF-27-033		1997-01-01		CHATEAU DE GRAVERON				0	0	1		227
R	DFCF	DFCF-27-034		1997-01-01		CHATEAU DE LA SALLE				0	0	1		227
R	DFCF	DFCF-27-035		1997-01-01		CHATEAU DE LA HAYE LE COMTE				0	0	1		227
R	DFCF	DFCF-27-036		1997-01-01		CHATEAU BUISSON DE MAI				0	0	1		227
R	DFCF	DFCF-27-037		1997-01-01		CHATEAU CROIX RICHARD				0	0	1		227
R	DFCF	DFCF-27-038		1997-01-01		CHATEAU DU BOSC FERET				0	0	1		227
R	DFCF	DFCF-27-039		1997-01-01		CHATEAU GARAMBOURVILLE				0	0	1		227
R	DFCF	DFCF-27-040		1997-01-01		CHATEAU DE BEAUMESNIL				0	0	1		227
R	DFCF	DFCF-27-041		1997-01-01		CHATEAU LE MONT CRIQUET				0	0	1		227
R	DFCF	DFCF-27-042		1997-01-01		CHATEAU DE BRETONCELLES				0	0	1		227
R	DFCF	DFCF-27-043		1997-01-01		CHATEAU DE TOURNEVILLE				0	0	1		227
R	DFCF	DFCF-27-044		1997-01-01		CHATEAU DU CHAMP DE BATAILLE				0	0	1		227
R	DFCF	DFCF-27-045		1997-01-01		CHATEAU DE LA BERENGEVILLE				0	0	1		227
R	DFCF	DFCF-27-046		1997-01-01		CHATEAU D'OMONVILLE				0	0	1		227
R	DFCF	DFCF-27-047		1997-01-01		CHATEAU DE ST AUBIN D'ECROSVILLE				0	0	1		227
R	DFCF	DFCF-27-048		1997-01-01		CHATEAU LA HAYE BEROU				0	0	1		227
R	DFCF	DFCF-27-049		1997-01-01		CHATEAU D'HARCOURT				0	0	1		227
R	DFCF	DFCF-27-050		1997-01-01		CHATEAU DE MELLEVILLE				0	0	1		227
R	DFCF	DFCF-27-051		1997-01-01		CHATEAU DE TRANGIS				0	0	1		227
R	DFCF	DFCF-27-052		1997-01-01		CHATEAU DE LIVET				0	0	1		227
R	DFCF	DFCF-27-053		1997-01-01		TOUR CARRE				0	0	1		227
R	DFCF	DFCF-27-054		1997-01-01		CHATEAU DE VAUX				0	0	1		227
R	DFCF	DFCF-27-055		1997-01-01		CHATEAU DU BREUIL BENOIT				0	0	1		227
R	DFCF	DFCF-27-056		1997-01-01		CHATEAU DE TOURNEBUT				0	0	1		227
R	DFCF	DFCF-27-057		1997-01-01		CHATEAU DE SERQUIGNY				0	0	1		227
R	DFCF	DFCF-27-058		1997-01-01		CHATEAU LA CHENAIE				0	0	1		227
R	DFCF	DFCF-27-059		1997-01-01		CHATEAU DU BUISSET DE PERVANCHES				0	0	1		227
R	DFCF	DFCF-27-060		1997-01-01		CHATEAU DE MORAND				0	0	1		227
R	DFCF	DFCF-27-061		1997-01-01		CHATEAU D'AIGLEVILLE				0	0	1		227
R	DFCF	DFCF-27-062		1997-01-01		CHATEAU LE PELETIER FILS				0	0	1		227
R	DFCF	DFCF-27-063		1997-01-01		CHATEAU DE LA RAPPEE				0	0	1		227
R	DFCF	DFCF-27-064		1997-01-01		CHATEAU DE CROISY SUR EURE				0	0	1		227
R	DFCF	DFCF-27-065		1997-01-01		CHATEAU D'HARDENCOURT COCHEREL				0	0	1		227
R	DFCF	DFCF-27-066		1997-01-01		CHATEAUDU PARC				0	0	1		227
R	DFCF	DFCF-27-067		1997-01-01		CHATEAU LA HERUPPE				0	0	1		227
R	DFCF	DFCF-27-068		1997-01-01		CHATEAU DE LA MOTTE				0	0	1		227
R	DFCF	DFCF-27-069		1997-01-01		CHATEAU DE SAINT GEORGES MOTEL				0	0	1		227
R	DFCF	DFCF-27-070		1997-01-01		CHATEAU DE LA LEQUERAYE				0	0	1		227
R	DFCF	DFCF-27-071		1997-01-01		CHATEAU DE MOUFLAINE				0	0	1		227
R	DFCF	DFCF-27-072		1997-01-01		TOUR DE L'HORLOGE				0	0	1		227
R	DFCF	DFCF-27-073		1997-01-01		CHATEAU DE GIVERVILLE				0	0	1		227
R	DFCF	DFCF-27-074		1997-01-01		CHATEAU DE LAUNAY				0	0	1		227
R	DFCF	DFCF-27-075		1997-01-01		CHATEAU DU BOSC ROGER				0	0	1		227
R	DFCF	DFCF-27-076		1997-01-01		CHATEAU SAINT THURIEN				0	0	1		227
R	DFCF	DFCF-27-077		1997-01-01		CHATEAU D'ASNIERES				0	0	1		227
R	DFCF	DFCF-27-078		1997-01-01		CHATEAU DU QUENET				0	0	1		227
R	DFCF	DFCF-27-079		1997-01-01		CHATEAU DE SAINT MACLOU LA CAMPAGNE				0	0	1		227
R	DFCF	DFCF-27-080		1997-01-01		CHATEAU DU VIEVRE				0	0	1		227
R	DFCF	DFCF-27-081		1997-01-01		CHATEAU DE TOURVILLE				0	0	1		227
R	DFCF	DFCF-27-082		1997-01-01		CHATEAU DE COULONGE				0	0	1		227
R	DFCF	DFCF-27-083		1997-01-01		TOUR DE CHATEAUNEUF				0	0	1		227
R	DFCF	DFCF-27-084		1997-01-01		LA TOUR GRISE				0	0	1		227
R	DFCF	DFCF-27-085		1997-01-01		CHATEAU DE L'HERMITE				0	0	1		227
R	DFCF	DFCF-27-086		1997-01-01		CHATEAU DE TRANSIERES				0	0	1		227
R	DFCF	DFCF-27-087		1997-01-01		CHATEAU DE COURTEILLES				0	0	1		227
R	DFCF	DFCF-27-088		1997-01-01		CHATEAU D'HERPONCEY				0	0	1		227
R	DFCF	DFCF-27-089		1997-01-01		CHATEAU VICAIRE				0	0	1		227
R	DFCF	DFCF-27-090		1997-01-01		CHATEAU DE TREMBLAY				0	0	1		227
R	DFCF	DFCF-27-091		1997-01-01		CHATEAU L'ECUREUIL				0	0	1		227
R	DFCF	DFCF-27-092		1997-01-01		CHÂTEAU LE GERIER				0	0	1		227
R	DFCF	DFCF-27-094		1997-01-01		CHATEAU DE GISORS				0	0	1		227
R	DFCF	DFCF-27-097		1997-01-01		CHATEAU DES COUTURES				0	0	1		227
R	DFCF	DFCF-27-098		1997-01-01		CHATEAU DE BOSCHERVILLE				0	0	1		227
R	DFCF	DFCF-27-099		1997-01-01		CHATEAU DE COUVICOURT				0	0	1		227
R	DFCF	DFCF-28-001		1997-01-01		CHATEAU MONTIGNY SUR AVRE				0	0	1		227
R	DFCF	DFCF-28-002		1997-01-01		CHATEAU D'ANET				0	0	1		227
R	DFCF	DFCF-28-003		1997-01-01		CHATEAU DE MAINTENON				0	0	1		227
R	DFCF	DFCF-28-004		1997-01-01		CHATEAU DE TACHAINVILLE				0	0	1		227
R	DFCF	DFCF-28-005		1997-01-01		CHATEAU LEVESVILLE				0	0	1		227
R	DFCF	DFCF-28-006		1997-01-01		CHATEAU DES VAUX				0	0	1		227
R	DFCF	DFCF-28-007		1997-01-01		CHATEAU D'AUNEAU				0	0	1		227
R	DFCF	DFCF-28-008		1997-01-01		CHATEAU DE VOISINS				0	0	1		227
R	DFCF	DFCF-28-009		1997-01-01		CHATEAU ST JEAN				0	0	1		227
R	DFCF	DFCF-28-010		1997-01-01		CHATEAU MONTIGNY LE GANNELON				0	0	1		227
R	DFCF	DFCF-28-011		1997-01-01		CHATEAU DE CHATEAUDUN				0	0	1		227
R	DFCF	DFCF-28-012		1997-01-01		CHATEAU DE COURTALAIN				0	0	1		227
R	DFCF	DFCF-28-013		1997-01-01		CHATEAU D'ESCLIMONT				0	0	1		227
R	DFCF	DFCF-28-014		1997-01-01		CHATEAU DE VILLEBON				0	0	1		227
R	DFCF	DFCF-28-015		1997-01-01		CHATEAU DE L'ABBAYE DE L'EAU (EST)				0	0	1		227
R	DFCF	DFCF-28-016		1997-01-01		CHATEAU DE L'ABBAYE DE L'EAU (OUEST)				0	0	1		227
R	DFCF	DFCF-28-017		1997-01-01		CHATEAU MOINEAUX				0	0	1		227
R	DFCF	DFCF-28-018		1997-01-01		CHATEAU DU METS				0	0	1		227
R	DFCF	DFCF-28-019		1997-01-01		TOUR BRIGANTINE				0	0	1		227
R	DFCF	DFCF-28-020		1997-01-01		CHATEAU DE VAUVENTRIERS				0	0	1		227
R	DFCF	DFCF-28-021		1997-01-01		CHATEAU DE LA SAUSSAYE				0	0	1		227
R	DFCF	DFCF-28-022		1997-01-01		CHATEAU DE LA VALLEE				0	0	1		227
R	DFCF	DFCF-28-023		1997-01-01		CHATEAU DES BOISSIERES				0	0	1		227
R	DFCF	DFCF-28-024		1997-01-01		CHATEAU DE LEVES N° 1				0	0	1		227
R	DFCF	DFCF-28-025		1997-01-01		CHATEAU DE LEVES N° 2				0	0	1		227
R	DFCF	DFCF-28-026		1997-01-01		CHATEAU DE LONGSAULT				0	0	1		227
R	DFCF	DFCF-28-027		1997-01-01		CHATEAU DE LA RAVAUDIERE				0	0	1		227
R	DFCF	DFCF-28-028		1997-01-01		CHATEAU DU MOUSSEAU				0	0	1		227
R	DFCF	DFCF-28-029		1997-01-01		CHATEAU DU GORGET				0	0	1		227
R	DFCF	DFCF-28-030		1997-01-01		CHATEAU DE GROGNEUL				0	0	1		227
R	DFCF	DFCF-28-031		1997-01-01		CHATEAU DE BADONVILLE				0	0	1		227
R	DFCF	DFCF-28-032		1997-01-01		CHATEAU LA RONCE				0	0	1		227
R	DFCF	DFCF-28-033		1997-01-01		CHATEAU DE NOGENT LE ROI				0	0	1		227
R	DFCF	DFCF-28-034		1997-01-01		CHATEAU DE RENANCOURT				0	0	1		227
R	DFCF	DFCF-28-035		1997-01-01		CHATEAU DU MESNIL				0	0	1		227
R	DFCF	DFCF-28-036		1997-01-01		CHATEAU DE MORMOULIN				0	0	1		227
R	DFCF	DFCF-28-037		1997-01-01		TOUR DE LORMAYE				0	0	1		227
R	DFCF	DFCF-28-038		1997-01-01		TOUR DE CHANDRES				0	0	1		227
R	DFCF	DFCF-28-039		1997-01-01		CHATEAU VRAINVILLE				0	0	1		227
R	DFCF	DFCF-28-040		1997-01-01		CHATEAU DE MORESVILLE				0	0	1		227
R	DFCF	DFCF-28-041		1997-01-01		CHATEAU DE CHANTEMESLE				0	0	1		227
R	DFCF	DFCF-28-042		1997-01-01		CHATEAU SAINT MARTIN				0	0	1		227
R	DFCF	DFCF-28-043		1997-01-01		CHATEAU DE BLANVILLE				0	0	1		227
R	DFCF	DFCF-28-044		1997-01-01		CHATEAU DE THIERVILLE				0	0	1		227
R	DFCF	DFCF-28-045		1997-01-01		CHATEAU LE JONCHET				0	0	1		227
R	DFCF	DFCF-28-046		1997-01-01		CHATEAU DE BOUVILLE				0	0	1		227
R	DFCF	DFCF-28-047		1997-01-01		CHATEAU LE ROSSIGNOL				0	0	1		227
R	DFCF	DFCF-28-048		1997-01-01		CHATEAU DE CHAMP-ROMAIN				0	0	1		227
R	DFCF	DFCF-28-049		1997-01-01		CHATEAU DE VILLEBETON				0	0	1		227
R	DFCF	DFCF-28-050		1997-01-01		CHATEAU DE BOUGLAINVAL				0	0	1		227
R	DFCF	DFCF-28-051		1997-01-01		CHATEAU DE MONDESIR				0	0	1		227
R	DFCF	DFCF-28-052		1997-01-01		CHATEAU DU BOULLAY THIERRY				0	0	1		227
R	DFCF	DFCF-28-053		1997-01-01		CHATEAU DE SAINT PREST				0	0	1		227
R	DFCF	DFCF-28-054		1997-01-01		CHATEAU DE JEVERSY				0	0	1		227
R	DFCF	DFCF-28-055		1997-01-01		CHATEAU DE LA BOULIDIERE				0	0	1		227
R	DFCF	DFCF-28-056		1997-01-01		CHATEAU D'ANCISE				0	0	1		227
R	DFCF	DFCF-28-057		1997-01-01		CHATEAU DE LOCHE				0	0	1		227
R	DFCF	DFCF-28-058		1997-01-01		CHATEAU DU PRIEURE				0	0	1		227
R	DFCF	DFCF-28-059		1997-01-01		CHATEAU DU BOIS GASNIER				0	0	1		227
R	DFCF	DFCF-28-060		1997-01-01		CHATEAU DE BOUCHE D'AIGRE				0	0	1		227
R	DFCF	DFCF-28-061		1997-01-01		CHATEAU DE ROMAINVILLE				0	0	1		227
R	DFCF	DFCF-28-062		1997-01-01		CHATEAU DE VILLEMESLE				0	0	1		227
R	DFCF	DFCF-28-063		1997-01-01		CHATEAU DE THOREAU				0	0	1		227
R	DFCF	DFCF-28-064		1997-01-01		CHATEAU DE TOUCHEBREDIER				0	0	1		227
R	DFCF	DFCF-28-066		1997-01-01		CHATEAU DE FRAZE				0	0	1		227
R	DFCF	DFCF-28-067		1997-01-01		CHATEAU DE CAMBRAY				0	0	1		227
R	DFCF	DFCF-28-068		1997-01-01		CHATEAU DE MOLEANS				0	0	1		227
R	DFCF	DFCF-28-069		1997-01-01		CHATEAU D'AULNAY				0	0	1		227
R	DFCF	DFCF-28-070		1997-01-01		CHATEAU DE MEMILLON				0	0	1		227
R	DFCF	DFCF-28-071		1997-01-01		CHATEAU LES COUDREAUX				0	0	1		227
R	DFCF	DFCF-28-072		1997-01-01		CHATEAU DE LOUVILLE LA CHENARD				0	0	1		227
R	DFCF	DFCF-28-073		1997-01-01		CHATEAU DE LA BROSSE				0	0	1		227
R	DFCF	DFCF-28-074		1997-01-01		CHATEAU DE MORONVILLE				0	0	1		227
R	DFCF	DFCF-28-075		1997-01-01		CHATEAU D'HOUVILLE LA BRANCHE				0	0	1		227
R	DFCF	DFCF-28-076		1997-01-01		CHATEAU LA FERTE VIDAME				0	0	1		227
R	DFCF	DFCF-28-077		1997-01-01		CHATEAU DE THIVARS				0	0	1		227
R	DFCF	DFCF-28-078		1997-01-01		CHATEAU DE VARIZE				0	0	1		227
R	DFCF	DFCF-28-079		1997-01-01		CHATEAU FONTENAY SUR CONIE				0	0	1		227
R	DFCF	DFCF-28-080		1997-01-01		CHATEAU DE SPOIR				0	0	1		227
R	DFCF	DFCF-28-081		1997-01-01		CHATEAU DE SENONCHES				0	0	1		227
R	DFCF	DFCF-28-082		1997-01-01		CHATEAU DE DENONVILLE				0	0	1		227
R	DFCF	DFCF-28-083		1997-01-01		CHATEAU DE FONTAINE LA GUYON				0	0	1		227
R	DFCF	DFCF-28-084		1997-01-01		CHATEAU DE MESLAY LE VIDAME				0	0	1		227
R	DFCF	DFCF-28-085		1997-01-01		CHATEAU DE SAINT LUBIN DES JONCHERETS				0	0	1		227
R	DFCF	DFCF-28-086		1997-01-01		CHATEAU DU HAUT VENAY				0	0	1		227
R	DFCF	DFCF-28-087		1997-01-01		CHATEAU D'ESCORPAIN				0	0	1		227
R	DFCF	DFCF-28-088		1997-01-01		CHATEAU DE MAILLEBOIS				0	0	1		227
R	DFCF	DFCF-28-089		1997-01-01		CHÂTEAU LA COURANGERE				0	0	1		227
R	DFCF	DFCF-28-090		1997-01-01		CHÂTEAU LE GLAND				0	0	1		227
R	DFCF	DFCF-28-091		1997-01-01		CHATEAU MARSALIN				0	0	1		227
R	DFCF	DFCF-28-092		1997-01-01		MANOIR DE LA CHARMOISE				0	0	1		227
R	DFCF	DFCF-28-093		1997-01-01		MANOIR D'ANET				0	0	1		227
R	DFCF	DFCF-28-094		1997-01-01		CHATEAU DU MENILLET				0	0	1		227
R	DFCF	DFCF-29-001		1997-01-01		FORT CEZOU				0	0	1		227
R	DFCF	DFCF-29-002		1997-01-01		CHATEAU KERNUZ				0	0	1		227
R	DFCF	DFCF-29-003		1997-01-01		CHATEAU DE LANNIRON				0	0	1		227
R	DFCF	DFCF-29-004		1997-01-01		FORT CIGOGNE				0	0	1		227
R	DFCF	DFCF-29-005		1997-01-01		CHATEAU DU HILGUY				0	0	1		227
R	DFCF	DFCF-29-006		1997-01-01		FORT DE SAINTE MARINE				0	0	1		227
R	DFCF	DFCF-29-007		1997-01-01		FORT MONTBAREY				0	0	1		227
R	DFCF	DFCF-29-008		1997-01-01		FORT DE BERTHEAUME				0	0	1		227
R	DFCF	DFCF-29-009		1997-01-01		FORT DES ESPAGNOLS				0	0	1		227
R	DFCF	DFCF-29-010		1997-01-01		CHATEAU DE SAINT GOAZEC				0	0	1		227
R	DFCF	DFCF-29-011		1997-01-01		CHATEAU DE KERIOLET				0	0	1		227
R	DFCF	DFCF-29-012		1997-01-01		CHATEAU LASCAMPS				0	0	1		227
R	DFCF	DFCF-29-013		1997-01-01		CHATEAU DE TROMENEC				0	0	1		227
R	DFCF	DFCF-29-014		1997-01-01		CHATEAU DE LANNIGOU				0	0	1		227
R	DFCF	DFCF-29-015		1997-01-01		CHATEAU DE COATARGARZ				0	0	1		227
R	DFCF	DFCF-29-016		1997-01-01		FORT DE LA POINTE DE TREVIGNON				0	0	1		227
R	DFCF	DFCF-29-017		1997-01-01		FORT DU MINOU				0	0	1		227
R	DFCF	DFCF-29-018		1997-01-01		CHATEAU DE KERLOUARNEC				0	0	1		227
R	DFCF	DFCF-29-019		1997-01-01		FORT DE L'ILE TRISTAN				0	0	1		227
R	DFCF	DFCF-29-021		1997-01-01		CHATEAU LEZUREC				0	0	1		227
R	DFCF	DFCF-29-022		1997-01-01		CHATEAU LESCONGAR				0	0	1		227
R	DFCF	DFCF-29-023		1997-01-01		TOUR VAUBAN				0	0	1		227
R	DFCF	DFCF-29-024		1997-01-01		CHATEAU DE MACH'HALLAC'H				0	0	1		227
R	DFCF	DFCF-29-025		1997-01-01		CHATEAU DE TREMAZAN				0	0	1		227
R	DFCF	DFCF-29-026		1997-01-01		CHATEAU DE GUENGAT				0	0	1		227
R	DFCF	DFCF-29-027		1997-01-01		CHATEAU DE KERMORVAN				0	0	1		227
R	DFCF	DFCF-29-028		1997-01-01		CHATEAU KERGROADEZ				0	0	1		227
R	DFCF	DFCF-29-029		1997-01-01		CHATEAU POULGUINAN				0	0	1		227
R	DFCF	DFCF-29-030		1997-01-01		CHATEAU DU FROT DU COQ				0	0	1		227
R	DFCF	DFCF-29-031		1997-01-01		CHATEAU ORMEAUX				0	0	1		227
R	DFCF	DFCF-29-032		1997-01-01		FORT DE PENFRET				0	0	1		227
R	DFCF	DFCF-29-033		1997-01-01		CHATEAU DE KERAZAN				0	0	1		227
R	DFCF	DFCF-29-034		1997-01-01		CHATEAU DE CHEFFONTAINES				0	0	1		227
R	DFCF	DFCF-29-035		1997-01-01		CHATEAU DE KEREMBLEIZ				0	0	1		227
R	DFCF	DFCF-29-036		1997-01-01		CHATEAU FORT DE RULIANEC				0	0	1		227
R	DFCF	DFCF-29-037		1997-01-01		CHATEAU FORT DU KADOR				0	0	1		227
R	DFCF	DFCF-29-038		1997-01-01		CHATEAU DE KERAVAL				0	0	1		227
R	DFCF	DFCF-29-039		1997-01-01		CHATEAU DE TOULVEN				0	0	1		227
R	DFCF	DFCF-29-040		1997-01-01		CHATEAU DE GUILGUIFFIN				0	0	1		227
R	DFCF	DFCF-29-041		1997-01-01		CHATEAU DE PENFRAT				0	0	1		227
R	DFCF	DFCF-29-042		1997-01-01		CHATEAU DE KERDOUR				0	0	1		227
R	DFCF	DFCF-29-043		1997-01-01		CHATEAU DE BOUTIGUERY				0	0	1		227
R	DFCF	DFCF-29-044		1997-01-01		CHATEAU DE PERENNOU				0	0	1		227
R	DFCF	DFCF-29-045		1997-01-01		CHATEAU DE KERRIEN				0	0	1		227
R	DFCF	DFCF-29-046		1997-01-01		CHATEAU DE LA COUDERAIE				0	0	1		227
R	DFCF	DFCF-29-047		1997-01-01		CHATEAU DE SANGAUDREN				0	0	1		227
R	DFCF	DFCF-29-048		1997-01-01		CHATEAU DE KERGOALER				0	0	1		227
R	DFCF	DFCF-29-049		1997-01-01		CHATEAU DE LANDANET				0	0	1		227
R	DFCF	DFCF-29-050		1997-01-01		CHATEAU DE LA BOIXIERE				0	0	1		227
R	DFCF	DFCF-29-051		1997-01-01		CHATEAU DE LEZERGUE				0	0	1		227
R	DFCF	DFCF-29-052		1997-01-01		CHATEAU DE KERVOAZEC				0	0	1		227
R	DFCF	DFCF-29-053		1997-01-01		CHATEAU DE KERGUILLAN				0	0	1		227
R	DFCF	DFCF-29-054		1997-01-01		CHATEAU DU BOIS				0	0	1		227
R	DFCF	DFCF-29-055		1997-01-01		CHATEAU DE LOCQUERAN				0	0	1		227
R	DFCF	DFCF-29-056		1997-01-01		CHATEAU DE CHATEAUNEUF				0	0	1		227
R	DFCF	DFCF-29-066		1997-01-01		CHATEAU DU HENAN				0	0	1		227
R	DFCF	DFCF-29-067		1997-01-01		CHÂTEAU DE KERANSQUER				0	0	1		227
R	DFCF	DFCF-29-068		1997-01-01		MANOIR DE KERNAULT				0	0	1		227
R	DFCF	DFCF-29-069		1997-01-01		CHATEAU KERTLAG				0	0	1		227
R	DFCF	DFCF-29-070		1997-01-01		CHÂTEAU CARNOET				0	0	1		227
R	DFCF	DFCF-29-071		1997-01-01		CHÂTEAU DU SACH				0	0	1		227
R	DFCF	DFCF-29-072		1997-01-01		CHÂTEAU DE POULGUAIN				0	0	1		227
R	DFCF	DFCF-29-073		1997-01-01		FORT DE CLOHARS				0	0	1		227
R	DFCF	DFCF-29-080		1997-01-01		MANOIR DE KERLUT				0	0	1		227
R	DFCF	DFCF-29-081		1997-01-01		MANOIR DE KEORAS				0	0	1		227
R	DFCF	DFCF-29-084		1997-01-01		CHATEAU BEGAR LANN				0	0	1		227
R	DFCF	DFCF-30-001		1997-01-01		CHATEAU LE CASTELAS				0	0	1		227
R	DFCF	DFCF-30-002		1997-01-01		CHATEAU AIGUEZ				0	0	1		227
R	DFCF	DFCF-30-003		1997-01-01		CHATEAU DE FEREYROLLES				0	0	1		227
R	DFCF	DFCF-30-004		1997-01-01		CHATEAU DE VENEJAN				0	0	1		227
R	DFCF	DFCF-30-005		1997-01-01		CHATEAU DE FOURGUES				0	0	1		227
R	DFCF	DFCF-30-006		1997-01-01		CHATEAU ROGERS				0	0	1		227
R	DFCF	DFCF-30-007		1997-01-01		CHATEAU DE LASCOURS				0	0	1		227
R	DFCF	DFCF-30-008		1997-01-01		FORT SAINT ANDRE				0	0	1		227
R	DFCF	DFCF-30-009		1997-01-01		FORT DE PECCAIS				0	0	1		227
R	DFCF	DFCF-30-010		1997-01-01		CHATEAU DE TEILLAN				0	0	1		227
R	DFCF	DFCF-30-011		1997-01-01		TOUR CARBONNIERE				0	0	1		227
R	DFCF	DFCF-30-012		1997-01-01		CHATEAU POUZILLAC				0	0	1		227
R	DFCF	DFCF-30-013		1997-01-01		CHATEAU DE SAINT ALEXANDRE				0	0	1		227
R	DFCF	DFCF-30-014		1997-01-01		CHATEAU ESPINASSOUS				0	0	1		227
R	DFCF	DFCF-30-015		1997-01-01		CHATEAU DE LA PAILLASSE				0	0	1		227
R	DFCF	DFCF-30-016		1997-01-01		CHATEAU DE JONC				0	0	1		227
R	DFCF	DFCF-30-017		1997-01-01		TOUR CONSTANCE				0	0	1		227
R	DFCF	DFCF-30-018		1997-01-01		TOUR DU SEL				0	0	1		227
R	DFCF	DFCF-30-019		1997-01-01		TOUR DE LA MECHE				0	0	1		227
R	DFCF	DFCF-30-020		1997-01-01		TOUR DE VILLENEUVE				0	0	1		227
R	DFCF	DFCF-30-021		1997-01-01		TOUR DE LA POUDRIERE				0	0	1		227
R	DFCF	DFCF-30-022		1997-01-01		TOUR DES BOURGUIGNONS				0	0	1		227
R	DFCF	DFCF-30-023		1997-01-01		CHATEAU DU GOUVERNEUR				0	0	1		227
R	DFCF	DFCF-30-024		1997-01-01		CHATEAU DE MONCLUS				0	0	1		227
R	DFCF	DFCF-30-025		1997-01-01		CHATEAU DE MONTFAUCON				0	0	1		227
R	DFCF	DFCF-30-026		1997-01-01		LA TOUR CARREE				0	0	1		227
R	DFCF	DFCF-30-027		1997-01-01		CHATEAU DE TORNAC				0	0	1		227
R	DFCF	DFCF-30-028		1997-01-01		CHATEAU DE SAINT JEAN				0	0	1		227
R	DFCF	DFCF-30-029		1997-01-01		CHATEAU DE CABRIERE				0	0	1		227
R	DFCF	DFCF-30-030		1997-01-01		CHATEAU DU MAYLET				0	0	1		227
R	DFCF	DFCF-31-001		1997-01-01		CHATEAU LAUNAGET				0	0	1		227
R	DFCF	DFCF-31-002		1997-01-01		CHATEAU DE LESPINET				0	0	1		227
R	DFCF	DFCF-31-003		1997-01-01		CHATEAU DE MADRON				0	0	1		227
R	DFCF	DFCF-31-004		1997-01-01		CHATEAU DE CATHALA				0	0	1		227
R	DFCF	DFCF-31-005		1997-01-01		CHATEAU DE LATOMY				0	0	1		227
R	DFCF	DFCF-31-006		1997-01-01		CHATEAU DE LABEGE				0	0	1		227
R	DFCF	DFCF-31-007		1997-01-01		CHATEAU ST GENIES BELLEVUE				0	0	1		227
R	DFCF	DFCF-31-008		1997-01-01		CHATEAU FOURQUEVAUX				0	0	1		227
R	DFCF	DFCF-31-009		1997-01-01		CHATEAU LOUBENS				0	0	1		227
R	DFCF	DFCF-31-010		1997-01-01		CHATEAU DU FAUR				0	0	1		227
R	DFCF	DFCF-31-011		1997-01-01		CHATEAU DE SEGUENVILLE				0	0	1		227
R	DFCF	DFCF-31-012		1997-01-01		CHATEAU DE CROISILLAT				0	0	1		227
R	DFCF	DFCF-31-013		1997-01-01		CHATEAU DE MERVILLE				0	0	1		227
R	DFCF	DFCF-31-014		1997-01-01		CHATEAU ESCALQUENS				0	0	1		227
R	DFCF	DFCF-31-015		1997-01-01		CHATEAU D'ESPANES				0	0	1		227
R	DFCF	DFCF-31-016		1997-01-01		CHATEAU DE LABASTIDE BEAUVOIR				0	0	1		227
R	DFCF	DFCF-31-017		1997-01-01		CHATEAU DU CAYRAS				0	0	1		227
R	DFCF	DFCF-31-018		1997-01-01		CHATEAU DE PECHAURIOLE				0	0	1		227
R	DFCF	DFCF-31-019		1997-01-01		CHATEAU DE MONTLAUR				0	0	1		227
R	DFCF	DFCF-31-020		1997-01-01		CHATEAU DE LAMOTHE				0	0	1		227
R	DFCF	DFCF-31-021		1997-01-01		CHATEAU DE BRAX				0	0	1		227
R	DFCF	DFCF-31-022		1997-01-01		CHATEAU DE CAMBIAC				0	0	1		227
R	DFCF	DFCF-31-023		1997-01-01		CHATEAU DE VERFEIL				0	0	1		227
R	DFCF	DFCF-31-024		1997-01-01		CHATEAU DE CASTELJOLI				0	0	1		227
R	DFCF	DFCF-31-025		1997-01-01		CHATEAU DE MONTESPAN				0	0	1		227
R	DFCF	DFCF-31-026		1997-01-01		CHATEAU DE MARIGNAC				0	0	1		227
R	DFCF	DFCF-31-027		1997-01-01		CHATEAU DE VALMIRANDE				0	0	1		227
R	DFCF	DFCF-31-028		1997-01-01		TOUR MAYREGNE				0	0	1		227
R	DFCF	DFCF-31-029		1997-01-01		CHATEAU SAINT PAUL D'OUEIL				0	0	1		227
R	DFCF	DFCF-31-030		1997-01-01		CHATEAU DE LAUNAC				0	0	1		227
R	DFCF	DFCF-31-031		1997-01-01		CHATEAU DE MANIBAN				0	0	1		227
R	DFCF	DFCF-31-032		1997-01-01		CHATEAU DE LAREOLE				0	0	1		227
R	DFCF	DFCF-31-033		1997-01-01		CHATEAU DU RIEU				0	0	1		227
R	DFCF	DFCF-31-034		1997-01-01		CHATEAU D'ESTANCARBON				0	0	1		227
R	DFCF	DFCF-31-035		1997-01-01		CHATEAU JUZES				0	0	1		227
R	DFCF	DFCF-31-036		1997-01-01		CHATEAU PERCIN				0	0	1		227
R	DFCF	DFCF-31-037		1997-01-01		CHATEAU  DE CASTELNOUVEL				0	0	1		227
R	DFCF	DFCF-31-038		1997-01-01		CHATEAU ROCHEMONTES				0	0	1		227
R	DFCF	DFCF-31-040		1997-01-01		CHATEAU THEGRA				0	0	1		227
R	DFCF	DFCF-31-041		1997-01-01		CHATEAU CABIROL				0	0	1		227
R	DFCF	DFCF-31-042		1997-01-01		CHATEAU LA SALVETAT				0	0	1		227
R	DFCF	DFCF-31-043		1997-01-01		CHATEAU ARMURIERS				0	0	1		227
R	DFCF	DFCF-31-044		1997-01-01		CHATEAU TOURELLES				0	0	1		227
R	DFCF	DFCF-31-049		1997-01-01		CHATEAU PIERRE PAUL RIQUET				0	0	1		227
R	DFCF	DFCF-31-050		1997-01-01		CHATEAU PEYROLADE				0	0	1		227
R	DFCF	DFCF-31-058		1997-01-01		CHÂTEAU DE RASPAUD				0	0	1		227
R	DFCF	DFCF-31-066		1997-01-01		CHÂTEAU DE GAGNAC				0	0	1		227
R	DFCF	DFCF-31-067		1997-01-01		TOUR POIVRIERE				0	0	1		227
R	DFCF	DFCF-31-068		1997-01-01		CHÂTEAU DE BARELLES				0	0	1		227
R	DFCF	DFCF-31-069		1997-01-01		CHÂTEAU DE MONTESQUIEU				0	0	1		227
R	DFCF	DFCF-31-070		1997-01-01		CHÂTEAU DEGRES				0	0	1		227
R	DFCF	DFCF-31-071		1997-01-01		CHÂTEAU PALMOLA				0	0	1		227
R	DFCF	DFCF-31-072		1997-01-01		CHÂTEAU MANIBAN				0	0	1		227
R	DFCF	DFCF-31-073		1997-01-01		CHÂTEAU PALAIS NATIONAL				0	0	1		227
R	DFCF	DFCF-31-074		1997-01-01		TOUR DES ARCHIVES				0	0	1		227
R	DFCF	DFCF-31-075		1997-01-01		PALAIS DE NIEL				0	0	1		227
R	DFCF	DFCF-31-076		1997-01-01		PALAIS EPISCOPAL DE TOULOUSE				0	0	1		227
R	DFCF	DFCF-31-077		1997-01-01		CHATEAU DE CORNEBARRIEU				0	0	1		227
R	DFCF	DFCF-31-078		1997-01-01		CHATEAU LE PROME				0	0	1		227
R	DFCF	DFCF-31-079		1997-01-01		CHATEAU DE PREISSAC				0	0	1		227
R	DFCF	DFCF-31-080		1997-01-01		CHATEAU DE LA VIGUERIE				0	0	1		227
R	DFCF	DFCF-31-081		1997-01-01		CHATEAU D'AUZIELLE				0	0	1		227
R	DFCF	DFCF-31-082		1997-01-01		CHATEAU DE VALENTINE				0	0	1		227
R	DFCF	DFCF-31-083		1997-01-01		CHATEAU DE MALARET				0	0	1		227
R	DFCF	DFCF-31-084		1997-01-01		CHATEAU DE PYS				0	0	1		227
R	DFCF	DFCF-31-085		1997-01-01		CHATEAU DE LA ROCHE				0	0	1		227
R	DFCF	DFCF-32-001		1997-01-01		CHATEAU DE LAVARDENS				0	0	1		227
R	DFCF	DFCF-32-002		1997-01-01		CHATEAU DE CASSAIGNE				0	0	1		227
R	DFCF	DFCF-32-003		1997-01-01		CHATEAU DE BEGUE				0	0	1		227
R	DFCF	DFCF-32-004		1997-01-01		CHATEAU DE MANLECHE				0	0	1		227
R	DFCF	DFCF-32-005		1997-01-01		CHATEAU DE MONLEZUN				0	0	1		227
R	DFCF	DFCF-32-006		1997-01-01		CHATEAU DU DONJON DE BASSOUES				0	0	1		227
R	DFCF	DFCF-32-007		1997-01-01		CHATEAU DE LAGARDERE				0	0	1		227
R	DFCF	DFCF-32-008		1997-01-01		CHATEAU DE PALLANNE				0	0	1		227
R	DFCF	DFCF-32-009		1997-01-01		CHATEAU DE CASTELMORE				0	0	1		227
R	DFCF	DFCF-32-010		1997-01-01		CHATEAU DE HERRE				0	0	1		227
R	DFCF	DFCF-32-011		1997-01-01		CHATEAU DE LABARRERE				0	0	1		227
R	DFCF	DFCF-32-012		1997-01-01		CHATEAU DE ST BLANCARD				0	0	1		227
R	DFCF	DFCF-32-013		1997-01-01		CHATEAU DU MARAIS				0	0	1		227
R	DFCF	DFCF-32-014		1997-01-01		CHATEAU UBY				0	0	1		227
R	DFCF	DFCF-32-015		1997-01-01		CHATEAU GARBIEY				0	0	1		227
R	DFCF	DFCF-32-016		1997-01-01		CHATEAU DE TERRAUBE				0	0	1		227
R	DFCF	DFCF-32-017		1997-01-01		CHATEAU SAINT CHRISTAUD				0	0	1		227
R	DFCF	DFCF-32-018		1997-01-01		CHATEAU SABAZAN				0	0	1		227
R	DFCF	DFCF-32-019		1997-01-01		CHATEAU DE TERMESD'ARMAGNAC				0	0	1		227
R	DFCF	DFCF-32-020		1997-01-01		CHATEAU DE PARDAILHAN				0	0	1		227
R	DFCF	DFCF-32-021		1997-01-01		CHATEAU DE BETPLAN				0	0	1		227
R	DFCF	DFCF-32-022		1997-01-01		CHATEAU DE MOUTIQUE				0	0	1		227
R	DFCF	DFCF-32-023		1997-01-01		CHATEAU LE BUSCAMANIBAN				0	0	1		227
R	DFCF	DFCF-32-024		1997-01-01		CHATEAU LARRESSINGLE				0	0	1		227
R	DFCF	DFCF-32-025		1997-01-01		CHATEAU DE SAINT PUY				0	0	1		227
R	DFCF	DFCF-32-026		1997-01-01		CHATEAU DE CAUMONT				0	0	1		227
R	DFCF	DFCF-32-027		1997-01-01		CHATEAU JOUANIN				0	0	1		227
R	DFCF	DFCF-32-028		1997-01-01		CHATEAU DE SAINT GERME				0	0	1		227
R	DFCF	DFCF-32-029		1997-01-01		CHATEAU LASSERADE				0	0	1		227
R	DFCF	DFCF-32-030		1997-01-01		CHATEAU DE COULOUME				0	0	1		227
R	DFCF	DFCF-32-031		1997-01-01		CHATEAU D'ESPAS				0	0	1		227
R	DFCF	DFCF-32-032		1997-01-01		CHATEAU LE PEYRAN				0	0	1		227
R	DFCF	DFCF-32-033		1997-01-01		CHATEAU DE LIAS D'ARMAGNAC				0	0	1		227
R	DFCF	DFCF-32-034		1997-01-01		CHATEAU LE HAGET				0	0	1		227
R	DFCF	DFCF-32-035		1997-01-01		CHATEAU DE CAMPAGNE D'ARMAGNAC				0	0	1		227
R	DFCF	DFCF-32-036		1997-01-01		CHATEAU HERREBOUC				0	0	1		227
R	DFCF	DFCF-32-037		1997-01-01		CHATEAU LACOSTE				0	0	1		227
R	DFCF	DFCF-32-038		1997-01-01		CHATEAU DU TARRIQUET				0	0	1		227
R	DFCF	DFCF-32-039		1997-01-01		CHATEAU DU BARRAU				0	0	1		227
R	DFCF	DFCF-32-040		1997-01-01		CHATEAU DE BASCAULES				0	0	1		227
R	DFCF	DFCF-32-041		1997-01-01		CHATEAU DE MANIBAN				0	0	1		227
R	DFCF	DFCF-32-042		1997-01-01		CHATEAU COURS				0	0	1		227
R	DFCF	DFCF-32-043		1997-01-01		CHATEAU PALLANNE				0	0	1		227
R	DFCF	DFCF-32-044		1997-01-01		CHATEAU MAURAZ				0	0	1		227
R	DFCF	DFCF-32-045		1997-01-01		CHATEAU DE PESQUIDOUX				0	0	1		227
R	DFCF	DFCF-32-046		1997-01-01		CHATEAU DE MORMES				0	0	1		227
R	DFCF	DFCF-32-047		1997-01-01		CHATEAU IZAUTE				0	0	1		227
R	DFCF	DFCF-32-048		1997-01-01		CHATEAU DE LAUBADE				0	0	1		227
R	DFCF	DFCF-32-049		1997-01-01		CHATEAU DE SAINT MARTIN D'ARMAGNAC				0	0	1		227
R	DFCF	DFCF-32-050		1997-01-01		CHATEAU DE POUYDRAGUIN				0	0	1		227
R	DFCF	DFCF-32-051		1997-01-01		CHATEAU SAINT AUBIN				0	0	1		227
R	DFCF	DFCF-32-052		1997-01-01		CHATEAU D'ESBEROUS				0	0	1		227
R	DFCF	DFCF-32-053		1997-01-01		CHATEAU DOAT				0	0	1		227
R	DFCF	DFCF-32-054		1997-01-01		CHATEAU DE FOURCES				0	0	1		227
R	DFCF	DFCF-32-055		1997-01-01		CHATEAU DE MALLIAC				0	0	1		227
R	DFCF	DFCF-32-056		1997-01-01		CHATEAU DE MAZERES				0	0	1		227
R	DFCF	DFCF-32-057		1997-01-01		CHATEAU D'AVEZAN				0	0	1		227
R	DFCF	DFCF-32-058		1997-01-01		CHATEAU DE MARIGNAN				0	0	1		227
R	DFCF	DFCF-32-059		1997-01-01		CHATEAU DE GARAC				0	0	1		227
R	DFCF	DFCF-32-060		1997-01-01		CHATEAU GIMAT				0	0	1		227
R	DFCF	DFCF-32-061		1997-01-01		CHATEAU BARADOT				0	0	1		227
R	DFCF	DFCF-32-062		1997-01-01		CHATEAU GOUTS				0	0	1		227
R	DFCF	DFCF-32-063		1997-01-01		CHATEAU DE CORNAC				0	0	1		227
R	DFCF	DFCF-32-064		1997-01-01		CHATEAU SANSOT				0	0	1		227
R	DFCF	DFCF-32-065		1997-01-01		CHATEAU DE NUX				0	0	1		227
R	DFCF	DFCF-32-066		1997-01-01		CHATEAU D'ORBESSAN				0	0	1		227
R	DFCF	DFCF-32-067		1997-01-01		CHATEAU LA BISTE				0	0	1		227
R	DFCF	DFCF-32-068		1997-01-01		CHATEAU DE BETOUS				0	0	1		227
R	DFCF	DFCF-32-069		1997-01-01		CHATEAU DE NOULENS				0	0	1		227
R	DFCF	DFCF-32-070		1997-01-01		CHATEAU LA BEROGE				0	0	1		227
R	DFCF	DFCF-32-071		1997-01-01		CHATEAU LAU				0	0	1		227
R	DFCF	DFCF-32-072		1997-01-01		CHATEAU DE SALLES				0	0	1		227
R	DFCF	DFCF-32-073		1997-01-01		CHATEAU SAINT JULIEN				0	0	1		227
R	DFCF	DFCF-32-074		1997-01-01		CHATEAU DE MAU				0	0	1		227
R	DFCF	DFCF-32-075		1997-01-01		CHATEAU MONBEL				0	0	1		227
R	DFCF	DFCF-32-076		1997-01-01		CHATEAU DE BEAULIEU				0	0	1		227
R	DFCF	DFCF-32-077		1997-01-01		CHATEAU DE GAJAN				0	0	1		227
R	DFCF	DFCF-32-078		1997-01-01		CHATEAU BAUTIAN				0	0	1		227
R	DFCF	DFCF-32-079		1997-01-01		CHATEAU DE MONCLAR				0	0	1		227
R	DFCF	DFCF-32-080		1997-01-01		CHATEAU LE HAGET				0	0	1		227
R	DFCF	DFCF-32-081		1997-01-01		CHATEAU DE PIMBAT CRUZALET				0	0	1		227
R	DFCF	DFCF-32-082		1997-01-01		CHATEAU ESCLIGNAC				0	0	1		227
R	DFCF	DFCF-32-083		1997-01-01		CHATEAU DE SEAILLES				0	0	1		227
R	DFCF	DFCF-32-084		1997-01-01		CHATEAU DE BEAUSEJOUR				0	0	1		227
R	DFCF	DFCF-32-085		1997-01-01		CHATEAU DE ROQUEFORT				0	0	1		227
R	DFCF	DFCF-32-086		1997-01-01		CHATEAU LE RIEUTORT				0	0	1		227
R	DFCF	DFCF-32-087		1997-01-01		CHATEAU DE MANENT				0	0	1		227
R	DFCF	DFCF-32-088		1997-01-01		CHATEAU DE SAUVETERRE				0	0	1		227
R	DFCF	DFCF-32-089		1997-01-01		CHATEAU DE DAROLLES				0	0	1		227
R	DFCF	DFCF-32-090		1997-01-01		CHATEAU DE SEMEZIES CACHAN				0	0	1		227
R	DFCF	DFCF-32-091		1997-01-01		CHATEAU DE L'OLYMPE				0	0	1		227
R	DFCF	DFCF-32-092		1997-01-01		CHATEAU DE LA CASSAGNE				0	0	1		227
R	DFCF	DFCF-32-093		1997-01-01		CHATEAU DE MARSAN				0	0	1		227
R	DFCF	DFCF-32-094		1997-01-01		CHATEAU DE ROQUETAILLADE				0	0	1		227
R	DFCF	DFCF-32-095		1997-01-01		CHATEAU DE RAZENGUES				0	0	1		227
R	DFCF	DFCF-32-096		1997-01-01		CHATEAU DE MONBRUN				0	0	1		227
R	DFCF	DFCF-32-097		1997-01-01		CHATEAU DE FLAMARENS				0	0	1		227
R	DFCF	DFCF-32-098		1997-01-01		CHATEAU DE PROJAN				0	0	1		227
R	DFCF	DFCF-32-099		1997-01-01		CHATEAU  DE VIELLA				0	0	1		227
R	DFCF	DFCF-32-100		1997-01-01		CHATEAU DE LAHITTE				0	0	1		227
R	DFCF	DFCF-32-101		1997-01-01		CHATEAU DE REANS				0	0	1		227
R	DFCF	DFCF-32-102		1997-01-01		CHATEAU DE PEMOTHE				0	0	1		227
R	DFCF	DFCF-32-103		1997-01-01		CHATEAU DE BELLEVUE				0	0	1		227
R	DFCF	DFCF-32-104		1997-01-01		CHATEAU D'ARMAGNAC				0	0	1		227
R	DFCF	DFCF-32-105		1997-01-01		CHATEAU DE DARECH				0	0	1		227
R	DFCF	DFCF-32-106		1997-01-01		CHATEAU DES COMTES DE NOE				0	0	1		227
R	DFCF	DFCF-32-107		1997-01-01		CHATEAU DE LA PLAGNE				0	0	1		227
R	DFCF	DFCF-32-108		1997-01-01		CHATEAU DE SAINT YORS				0	0	1		227
R	DFCF	DFCF-32-109		1997-01-01		CHATEAU LASALLE				0	0	1		227
R	DFCF	DFCF-32-110		1997-01-01		CHATEAU DE MOUSSARON				0	0	1		227
R	DFCF	DFCF-32-111		1997-01-01		CHATEAU DE COURRENSSAN				0	0	1		227
R	DFCF	DFCF-32-112		1997-01-01		CHATEAU DE PRERENON				0	0	1		227
R	DFCF	DFCF-32-113		1997-01-01		CHATEAU DE MONTAUT				0	0	1		227
R	DFCF	DFCF-32-114		1997-01-01		CHATEAU DE LAAS				0	0	1		227
R	DFCF	DFCF-32-115		1997-01-01		CHATEAU MONTEGUT				0	0	1		227
R	DFCF	DFCF-32-116		1997-01-01		CHATEAU DE SAINT CRICQ				0	0	1		227
R	DFCF	DFCF-32-117		1997-01-01		CHATEAU DE LABARTHE				0	0	1		227
R	DFCF	DFCF-32-118		1997-01-01		CHATEAU DE SEIGNEBON				0	0	1		227
R	DFCF	DFCF-32-119		1997-01-01		CHATEAU DE CAUBINOT				0	0	1		227
R	DFCF	DFCF-32-120		1997-01-01		CHATEAU DE BAGATELLE				0	0	1		227
R	DFCF	DFCF-32-121		1997-01-01		CHATEAU DE CAZAUX-D'ANGLES				0	0	1		227
R	DFCF	DFCF-32-122		1997-01-01		TOUR D'ASTARAC				0	0	1		227
R	DFCF	DFCF-32-123		1997-01-01		CHATEAU DE SERILLAC				0	0	1		227
R	DFCF	DFCF-32-124		1997-01-01		CHATEAU DE LASSERADE				0	0	1		227
R	DFCF	DFCF-32-125		1997-01-01		CHATEAU D'ARGENTINEINS				0	0	1		227
R	DFCF	DFCF-32-126		1997-01-01		CHATEAU LA PLAGNE				0	0	1		227
R	DFCF	DFCF-32-127		1997-01-01		CHATEAU DE SAINT D'ANGLES				0	0	1		227
R	DFCF	DFCF-32-128		1997-01-01		CHATEAU LE BEDAT				0	0	1		227
R	DFCF	DFCF-32-129		1997-01-01		CHATEAU TORU DE DEMU				0	0	1		227
R	DFCF	DFCF-32-130		1997-01-01		CHATEAU DE LABARTHE				0	0	1		227
R	DFCF	DFCF-32-131		1997-01-01		CHATEAU DE BLANIN				0	0	1		227
R	DFCF	DFCF-32-132		1997-01-01		CHATEAU DE VERLUS				0	0	1		227
R	DFCF	DFCF-32-133		1997-01-01		CHATEAU BOUSCASSE				0	0	1		227
R	DFCF	DFCF-32-134		1997-01-01		CHATEAU LA PLAINE				0	0	1		227
R	DFCF	DFCF-32-135		1997-01-01		CHATEAU LAREE				0	0	1		227
R	DFCF	DFCF-32-136		1997-01-01		CHATEAU ROQUELAURE				0	0	1		227
R	DFCF	DFCF-32-137		1997-01-01		CHATEAU MONLAUR				0	0	1		227
R	DFCF	DFCF-32-138		1997-01-01		CHATEAU BESMAUX				0	0	1		227
R	DFCF	DFCF-32-139		1997-01-01		CHATEAU SAMAZAN				0	0	1		227
R	DFCF	DFCF-32-140		1997-01-01		CHATEAU LARTUS				0	0	1		227
R	DFCF	DFCF-32-141		1997-01-01		CHATEAU BONAS				0	0	1		227
R	DFCF	DFCF-32-143		1997-01-01		CHATEAU D'AUX				0	0	1		227
R	DFCF	DFCF-32-144		1997-01-01		CHATEAU ROUQUETTES CASTILLON				0	0	1		227
R	DFCF	DFCF-32-145		1997-01-01		CHATEAU TAUZIA				0	0	1		227
R	DFCF	DFCF-32-146		1997-01-01		CHATEAU DE BAZIAN				0	0	1		227
R	DFCF	DFCF-32-147		1997-01-01		CHATEAU DE MONS				0	0	1		227
R	DFCF	DFCF-32-148		1997-01-01		CHATEAU D'ENSOULES				0	0	1		227
R	DFCF	DFCF-32-149		1997-01-01		CHATEAU LE POUY				0	0	1		227
R	DFCF	DFCF-32-150		1997-01-01		CHATEAU DU MARAIS				0	0	1		227
R	DFCF	DFCF-32-151		1997-01-01		CHATEAU DE BLANCASTEL				0	0	1		227
R	DFCF	DFCF-32-152		1997-01-01		CHATEAU D'ARTIGUEDIEU				0	0	1		227
R	DFCF	DFCF-32-153		1997-01-01		CHATEAU DE GARRANE				0	0	1		227
R	DFCF	DFCF-32-154		1997-01-01		CHATEAU DE PITRON				0	0	1		227
R	DFCF	DFCF-32-156		1997-01-01		CHÂTEAU DE LA TAPIE				0	0	1		227
R	DFCF	DFCF-32-157		1997-01-01		CHÂTEAU DE L'OSSE				0	0	1		227
R	DFCF	DFCF-32-158		1997-01-01		CHÂTEAU DE POMES				0	0	1		227
R	DFCF	DFCF-32-159		1997-01-01		TOUR DE GUET DE BIRAN				0	0	1		227
R	DFCF	DFCF-32-160		1997-01-01		CHÂTEAU DE BEZOLLES				0	0	1		227
R	DFCF	DFCF-32-161		1997-01-01		CHÂTEAU DE LAMAGUERE				0	0	1		227
R	DFCF	DFCF-32-162		1997-01-01		TOUR RUINE DE LAGOUARDE				0	0	1		227
R	DFCF	DFCF-32-163		1997-01-01		TOUR D'ESTREPOUY				0	0	1		227
R	DFCF	DFCF-32-164		1997-01-01		CHÂTEAU DE BALARIN				0	0	1		227
R	DFCF	DFCF-32-165		1997-01-01		CHÂTEAU D'ANTRAS				0	0	1		227
R	DFCF	DFCF-32-166		1997-01-01		CHÂTEAU DE LAURIAC				0	0	1		227
R	DFCF	DFCF-32-167		1997-01-01		CHÂTEAU GASCON				0	0	1		227
R	DFCF	DFCF-32-168		1997-01-01		CHÂTEAU DE CADREILS				0	0	1		227
R	DFCF	DFCF-32-169		1997-01-01		CHÂTEAU DE BEAUMONT				0	0	1		227
R	DFCF	DFCF-32-170		1997-01-01		CHÂTEAU LAMOTHE GOAS				0	0	1		227
R	DFCF	DFCF-32-171		1997-01-01		CHATEAU BOUVEES				0	0	1		227
R	DFCF	DFCF-32-210		1997-01-01		CHÂTEAU CAMPAIGNO				0	0	1		227
R	DFCF	DFCF-32-211		1997-01-01		CHÂTEAU POUY ROQUELAURE				0	0	1		227
R	DFCF	DFCF-32-212		1997-01-01		CHÂTEAU DU PLIEUX				0	0	1		227
R	DFCF	DFCF-32-213		1997-01-01		CHÂTEAU AURIOL				0	0	1		227
R	DFCF	DFCF-32-214		1997-01-01		CHÂTEAU SAINTE RAPHINE				0	0	1		227
R	DFCF	DFCF-32-215		1997-01-01		CHÂTEAU DE PLIEUX				0	0	1		227
R	DFCF	DFCF-32-216		1997-01-01		CHÂTEAU DE PELLEHAUT				0	0	1		227
R	DFCF	DFCF-32-217		1997-01-01		CHÂTEAU DE LABARRERE				0	0	1		227
R	DFCF	DFCF-32-218		1997-01-01		CHÂTEAU DE LAHITTE				0	0	1		227
R	DFCF	DFCF-32-219		1997-01-01		CHÂTEAU D'ESPARBES				0	0	1		227
R	DFCF	DFCF-32-220		1997-01-01		CHÂTEAU D'ARACAMONT				0	0	1		227
R	DFCF	DFCF-32-221		1997-01-01		CHÂTEAU  GASCON				0	0	1		227
R	DFCF	DFCF-32-222		1997-01-01		CHÂTEAU DE St GUIRAUD				0	0	1		227
R	DFCF	DFCF-32-223		1997-01-01		CHÂTEAU DE BEAUHAS				0	0	1		227
R	DFCF	DFCF-32-224		1997-01-01		CHÂTEAU LAGARDE				0	0	1		227
R	DFCF	DFCF-32-225		1997-01-01		CHÂTEAU PUYLAUSIT				0	0	1		227
R	DFCF	DFCF-32-250		1997-01-01		WIATING ACTIVATION				0	0	1		227
R	DFCF	DFCF-32-326		1997-01-01		CHÂTEAU LASPLANES				0	0	1		227
R	DFCF	DFCF-33-001		1997-01-01		CHATEAU DU HAILLAN				0	0	1		227
R	DFCF	DFCF-33-002		1997-01-01		CHATEAU D'YQUEM				0	0	1		227
R	DFCF	DFCF-33-003		1997-01-01		CHATEAU DE FILHOT				0	0	1		227
R	DFCF	DFCF-33-004		1997-01-01		CHATEAU DE GUIRAUD				0	0	1		227
R	DFCF	DFCF-33-005		1997-01-01		CHATEAU DE MALAGAR				0	0	1		227
R	DFCF	DFCF-33-006		1997-01-01		CHATEAU DE LAMOTHE				0	0	1		227
R	DFCF	DFCF-33-007		1997-01-01		CHATEAU ROQUETAILLADE				0	0	1		227
R	DFCF	DFCF-33-008		1997-01-01		CHATEAU CAZENEUVE				0	0	1		227
R	DFCF	DFCF-33-009		1997-01-01		CHATEAU LA DAME BLANCHE				0	0	1		227
R	DFCF	DFCF-33-010		1997-01-01		CHATEAU LE LOUT				0	0	1		227
R	DFCF	DFCF-33-011		1997-01-01		CHATEAU DE PICQUE CAILLOUX				0	0	1		227
R	DFCF	DFCF-33-012		1997-01-01		CHATEAU DE BURCK				0	0	1		227
R	DFCF	DFCF-33-013		1997-01-01		CHATEAU HAUT BRION				0	0	1		227
R	DFCF	DFCF-33-014		1997-01-01		CHATEAU PAPE CLEMENT				0	0	1		227
R	DFCF	DFCF-33-015		1997-01-01		CHATEAU DE BREILLAN				0	0	1		227
R	DFCF	DFCF-33-016		1997-01-01		CHATEAU DE DILLON				0	0	1		227
R	DFCF	DFCF-33-017		1997-01-01		CHATEAU DE DULAMON				0	0	1		227
R	DFCF	DFCF-33-018		1997-01-01		CHATEAU DES EYQUEMS				0	0	1		227
R	DFCF	DFCF-33-019		1997-01-01		TOUR VEYRINES				0	0	1		227
R	DFCF	DFCF-33-020		1997-01-01		CHATEAU DE VILLANDRAUT				0	0	1		227
R	DFCF	DFCF-33-021		1997-01-01		CHATEAU DE LA BREDE				0	0	1		227
R	DFCF	DFCF-33-022		1997-01-01		CHATEAU DE MALLE				0	0	1		227
R	DFCF	DFCF-33-023		1997-01-01		CHATEAU DE LANESSAN				0	0	1		227
R	DFCF	DFCF-33-024		1997-01-01		CHATEAU DE RIEUSSEC				0	0	1		227
R	DFCF	DFCF-33-025		1997-01-01		CHATEAU DE TOUR BLANCHE				0	0	1		227
R	DFCF	DFCF-33-026		1997-01-01		CHATEAU DE BUDOS				0	0	1		227
R	DFCF	DFCF-33-027		1997-01-01		CHATEAU DE BOMMES				0	0	1		227
R	DFCF	DFCF-33-028		1997-01-01		CHATEAU DE CARBONNIEUX				0	0	1		227
R	DFCF	DFCF-33-029		1997-01-01		CHATEAU DE LA LOUVIERE				0	0	1		227
R	DFCF	DFCF-33-030		1997-01-01		CHATEAU DE BOIS ST MARTIN				0	0	1		227
R	DFCF	DFCF-33-031		1997-01-01		CHATEAU DE FRANCE				0	0	1		227
R	DFCF	DFCF-33-032		1997-01-01		CHATEAU DE FIEUZAL				0	0	1		227
R	DFCF	DFCF-33-033		1997-01-01		CHATEAU LE SARTRE				0	0	1		227
R	DFCF	DFCF-33-034		1997-01-01		CHATEAU DE SMITH HAUT LAFITTE				0	0	1		227
R	DFCF	DFCF-33-035		1997-01-01		CHATEAU DE VALLOUX				0	0	1		227
R	DFCF	DFCF-33-036		1997-01-01		CHATEAU DE BOUSCAUT				0	0	1		227
R	DFCF	DFCF-33-037		1997-01-01		CHATEAU DE LAMOTHE BOUSCAUT				0	0	1		227
R	DFCF	DFCF-33-038		1997-01-01		CHATEAU DE MONTGAILLARD				0	0	1		227
R	DFCF	DFCF-33-039		1997-01-01		CHATEAU DE ST ALBE				0	0	1		227
R	DFCF	DFCF-33-040		1997-01-01		CHATEAU DE LAURENZANE				0	0	1		227
R	DFCF	DFCF-33-041		1997-01-01		CHATEAU DE THOUARS				0	0	1		227
R	DFCF	DFCF-33-042		1997-01-01		CHATEAU DE RABA				0	0	1		227
R	DFCF	DFCF-33-043		1997-01-01		CHATEAU DE TAUZIAT				0	0	1		227
R	DFCF	DFCF-33-044		1997-01-01		CHATEAU DE FAVARD				0	0	1		227
R	DFCF	DFCF-33-045		1997-01-01		CHATEAU DE CARTHON FERRIERES				0	0	1		227
R	DFCF	DFCF-33-046		1997-01-01		CHATEAU DE PEIXOTTO				0	0	1		227
R	DFCF	DFCF-33-047		1997-01-01		CHATEAU DE ROUILLAC				0	0	1		227
R	DFCF	DFCF-33-048		1997-01-01		CHATEAU DE PICHON LONGUEVILLE				0	0	1		227
R	DFCF	DFCF-33-049		1997-01-01		CHATEAU LAFITE ROTSCHILD				0	0	1		227
R	DFCF	DFCF-33-050		1997-01-01		CHATEAU COS D'ESTOURNEL				0	0	1		227
R	DFCF	DFCF-33-051		1997-01-01		CHATEAU COS LABORY				0	0	1		227
R	DFCF	DFCF-33-052		1997-01-01		CHATEAU MOUTON ROTSCHILD				0	0	1		227
R	DFCF	DFCF-33-053		1997-01-01		CHATEAU DE BEAUMONT				0	0	1		227
R	DFCF	DFCF-33-054		1997-01-01		CHATEAU POMYS				0	0	1		227
R	DFCF	DFCF-33-055		1997-01-01		CHATEAU DE CROCK				0	0	1		227
R	DFCF	DFCF-33-056		1997-01-01		CHATEAU DE LICHINE				0	0	1		227
R	DFCF	DFCF-33-057		1997-01-01		CHATEAU D'ISSAN				0	0	1		227
R	DFCF	DFCF-33-058		1997-01-01		CHATEAU CANTENAC BROWN				0	0	1		227
R	DFCF	DFCF-33-059		1997-01-01		CHATEAU RAUZAN GASSIES				0	0	1		227
R	DFCF	DFCF-33-060		1997-01-01		CHATEAU DE SIRAN				0	0	1		227
R	DFCF	DFCF-33-061		1997-01-01		CHATEAU DE PALMER				0	0	1		227
R	DFCF	DFCF-33-062		1997-01-01		CHATEAU PONTAC LYNCH				0	0	1		227
R	DFCF	DFCF-33-063		1997-01-01		CHATEAU D'ARSAC				0	0	1		227
R	DFCF	DFCF-33-064		1997-01-01		CHATEAU DE KIRWAN				0	0	1		227
R	DFCF	DFCF-33-065		1997-01-01		CHATEAU DE GISCOURS				0	0	1		227
R	DFCF	DFCF-33-066		1997-01-01		CHATEAU MARGAUX				0	0	1		227
R	DFCF	DFCF-33-067		1997-01-01		CHATEAU CANTEMERLE				0	0	1		227
R	DFCF	DFCF-33-068		1997-01-01		CHATEAU AGASSAC				0	0	1		227
R	DFCF	DFCF-33-069		1997-01-01		CHATEAU PONTET CANET				0	0	1		227
R	DFCF	DFCF-33-070		1997-01-01		CHATEAU DE SUDUIRAULT				0	0	1		227
R	DFCF	DFCF-33-071		1997-01-01		CHATEAU DE FARGUES				0	0	1		227
R	DFCF	DFCF-33-072		1997-01-01		CHATEAU BASTOR MONTAGNE				0	0	1		227
R	DFCF	DFCF-33-073		1997-01-01		CHATEAU OLIVIER				0	0	1		227
R	DFCF	DFCF-33-074		1997-01-01		TOUR MARTILLAC				0	0	1		227
R	DFCF	DFCF-33-075		1997-01-01		CHATEAU HAUT NOUCHET				0	0	1		227
R	DFCF	DFCF-33-076		1997-01-01		CHATEAU DE CAYAC				0	0	1		227
R	DFCF	DFCF-33-077		1997-01-01		CHATEAU DE SALLEGOURDE				0	0	1		227
R	DFCF	DFCF-33-078		1997-01-01		CHATEAU DE VAYRES				0	0	1		227
R	DFCF	DFCF-33-079		1997-01-01		CHATEAU DE BEL AIR				0	0	1		227
R	DFCF	DFCF-33-080		1997-01-01		CHATEAU DE FOUGERES				0	0	1		227
R	DFCF	DFCF-33-081		1997-01-01		CHATEAU DE MAGNOL				0	0	1		227
R	DFCF	DFCF-33-082		1997-01-01		CHATEAU LA FORTERESSE BLANCHE				0	0	1		227
R	DFCF	DFCF-33-083		1997-01-01		CHATEAU LAMOTHE GAJAC				0	0	1		227
R	DFCF	DFCF-33-084		1997-01-01		CHATEAU BON AIR				0	0	1		227
R	DFCF	DFCF-33-085		1997-01-01		CHATEAU LESCOMBES				0	0	1		227
R	DFCF	DFCF-33-086		1997-01-01		CHATEAU SAINT HAON				0	0	1		227
R	DFCF	DFCF-33-087		1997-01-01		CHATEAU BELFORT				0	0	1		227
R	DFCF	DFCF-33-088		1997-01-01		CHATEAU PALMER				0	0	1		227
R	DFCF	DFCF-33-089		1997-01-01		CHATEAU CASTERA				0	0	1		227
R	DFCF	DFCF-33-090		1997-01-01		LA TOUR BLANCHE				0	0	1		227
R	DFCF	DFCF-33-091		1997-01-01		CHATEAU DE BARRET				0	0	1		227
R	DFCF	DFCF-33-092		1997-01-01		CHATEAU VILLENAVE				0	0	1		227
R	DFCF	DFCF-33-093		1997-01-01		CHATEAU BARTHEZ				0	0	1		227
R	DFCF	DFCF-33-094		1997-01-01		CHATEAU CLEMENT PICHON				0	0	1		227
R	DFCF	DFCF-33-095		1997-01-01		CHATEAU MALROME				0	0	1		227
R	DFCF	DFCF-33-096		1997-01-01		CHATEAU DE GRATTEQUINA				0	0	1		227
R	DFCF	DFCF-33-097		1997-01-01		TOUR GRATTEQUINA				0	0	1		227
R	DFCF	DFCF-33-098		1997-01-01		CHATEAU REGNIER				0	0	1		227
R	DFCF	DFCF-33-099		1997-01-01		CHATEAU RESPIDE				0	0	1		227
R	DFCF	DFCF-33-100		1997-01-01		TOUR DU ROY				0	0	1		227
R	DFCF	DFCF-33-101		1997-01-01		CHATEAU LEOGNAN				0	0	1		227
R	DFCF	DFCF-33-102		1997-01-01		CHATEAU PONTEIL				0	0	1		227
R	DFCF	DFCF-33-103		1997-01-01		CHATEAU BELIN				0	0	1		227
R	DFCF	DFCF-33-104		1997-01-01		TOUR DE LA BREDE				0	0	1		227
R	DFCF	DFCF-33-105		1997-01-01		CHATEAU LESTONNAT				0	0	1		227
R	DFCF	DFCF-33-106		1997-01-01		CHATEAU BRANON				0	0	1		227
R	DFCF	DFCF-33-107		1997-01-01		CHATEAU NEUF				0	0	1		227
R	DFCF	DFCF-33-108		1997-01-01		TOUR CHATEAU NEUF				0	0	1		227
R	DFCF	DFCF-33-109		1997-01-01		CHATEAU DE LA TOUR				0	0	1		227
R	DFCF	DFCF-33-110		1997-01-01		CHATEAU BROWN				0	0	1		227
R	DFCF	DFCF-33-111		1997-01-01		CHATEAU BAUGET				0	0	1		227
R	DFCF	DFCF-33-112		1997-01-01		CHATEAU POUMEY				0	0	1		227
R	DFCF	DFCF-33-113		1997-01-01		CHATEAU LA VACHERIE				0	0	1		227
R	DFCF	DFCF-33-114		1997-01-01		CHATEAU VIDASSE				0	0	1		227
R	DFCF	DFCF-33-115		1997-01-01		TOUR GASSIES NOIR				0	0	1		227
R	DFCF	DFCF-33-116		1997-01-01		CHATEAU AUSONE				0	0	1		227
R	DFCF	DFCF-33-117		1997-01-01		CHATEAU FANTAISY				0	0	1		227
R	DFCF	DFCF-33-118		1997-01-01		CHATEAU FONGRAVEG				0	0	1		227
R	DFCF	DFCF-33-119		1997-01-01		CHATEAU GILAMON				0	0	1		227
R	DFCF	DFCF-33-120		1997-01-01		CHATEAU GENESTE				0	0	1		227
R	DFCF	DFCF-33-121		1997-01-01		CHATEAU CAMBON				0	0	1		227
R	DFCF	DFCF-33-122		1997-01-01		CHATEAU TUSTAL				0	0	1		227
R	DFCF	DFCF-33-123		1997-01-01		CHATEAU SENEJAC				0	0	1		227
R	DFCF	DFCF-33-124		1997-01-01		CHATEAU LA FAURIE				0	0	1		227
R	DFCF	DFCF-33-125		1997-01-01		CHATEAU RIBEBON				0	0	1		227
R	DFCF	DFCF-33-126		1997-01-01		TOUR DE SENEJAC				0	0	1		227
R	DFCF	DFCF-33-127		1997-01-01		CHATEAU BABY				0	0	1		227
R	DFCF	DFCF-33-128		1997-01-01		CHATEAU PICON				0	0	1		227
R	DFCF	DFCF-33-129		1997-01-01		CHATEAU FONTESTEAU				0	0	1		227
R	DFCF	DFCF-33-130		1997-01-01		CHATEAU DE BENAUGE				0	0	1		227
R	DFCF	DFCF-33-131		1997-01-01		CHATEAU LE SOULAC				0	0	1		227
R	DFCF	DFCF-33-132		1997-01-01		CHATEAU MALERET				0	0	1		227
R	DFCF	DFCF-33-133		1997-01-01		CHATEAU VILLEPREUX				0	0	1		227
R	DFCF	DFCF-33-134		1997-01-01		TOUR DE CHAPPE				0	0	1		227
R	DFCF	DFCF-33-135		1997-01-01		TOUR BEAUPOIL				0	0	1		227
R	DFCF	DFCF-33-136		1997-01-01		CHATEAU LE BARAIL				0	0	1		227
R	DFCF	DFCF-33-137		1997-01-01		CHATEAU BELLEGRAVE				0	0	1		227
R	DFCF	DFCF-33-138		1997-01-01		CHATEAU ORNON				0	0	1		227
R	DFCF	DFCF-33-139		1997-01-01		CHATEAU DES DUCS D'EPERON				0	0	1		227
R	DFCF	DFCF-33-140		1997-01-01		CHATEAU BRIEL				0	0	1		227
R	DFCF	DFCF-33-141		1997-01-01		CHATEAU SEGUR				0	0	1		227
R	DFCF	DFCF-33-143		1997-01-01		CHATEAU DE LA MISSION DU HAUT BRION				0	0	1		227
R	DFCF	DFCF-33-144		1997-01-01		CHATEAU DE CHOISY LE TOUR				0	0	1		227
R	DFCF	DFCF-33-145		1997-01-01		CHATEAU MARGAUT				0	0	1		227
R	DFCF	DFCF-33-146		1997-01-01		CHATEAU DE RUAT				0	0	1		227
R	DFCF	DFCF-33-147		1997-01-01		CHATEAU LAFITTE				0	0	1		227
R	DFCF	DFCF-33-148		1997-01-01		CHATEAU LA LAGUNE				0	0	1		227
R	DFCF	DFCF-33-149		1997-01-01		CHATEAU DE MONTBRETON				0	0	1		227
R	DFCF	DFCF-33-150		1997-01-01		CHATEAU PRIBAN				0	0	1		227
R	DFCF	DFCF-33-151		1997-01-01		CHATEAU LAGULOUPS				0	0	1		227
R	DFCF	DFCF-33-152		1997-01-01		CHATEAU HAUSMANN				0	0	1		227
R	DFCF	DFCF-33-153		1997-01-01		CHATEAU MILLEROSE				0	0	1		227
R	DFCF	DFCF-33-154		1997-01-01		CHATEAU LESTAULES				0	0	1		227
R	DFCF	DFCF-33-155		1997-01-01		CHATEAU CERTES				0	0	1		227
R	DFCF	DFCF-33-156		1997-01-01		CHATEAU CAZALET				0	0	1		227
R	DFCF	DFCF-33-157		1997-01-01		CHATEAU TRIGNAN				0	0	1		227
R	DFCF	DFCF-33-158		1997-01-01		CHATEAU DE L'HERMITAGE				0	0	1		227
R	DFCF	DFCF-33-159		1997-01-01		CHATEAU HAUT LEVEQUE				0	0	1		227
R	DFCF	DFCF-33-160		1997-01-01		CHATEAU DU MOULIN D'ORNON				0	0	1		227
R	DFCF	DFCF-33-161		1997-01-01		CHATEAU DE SALLES				0	0	1		227
R	DFCF	DFCF-33-162		1997-01-01		CHATEAU DU PRINCE NOIR				0	0	1		227
R	DFCF	DFCF-33-163		1997-01-01		CHATEAU DE FRANC				0	0	1		227
R	DFCF	DFCF-33-164		1997-01-01		CHATEAU LESTRILLE				0	0	1		227
R	DFCF	DFCF-33-165		1997-01-01		CHATEAU QUATSOS				0	0	1		227
R	DFCF	DFCF-33-166		1997-01-01		CHATEAU LIMBOURG				0	0	1		227
R	DFCF	DFCF-33-167		1997-01-01		CHATEAU COUHINS				0	0	1		227
R	DFCF	DFCF-33-168		1997-01-01		CHATEAU BARDINS				0	0	1		227
R	DFCF	DFCF-33-169		1997-01-01		CHATEAU BRANDIER				0	0	1		227
R	DFCF	DFCF-33-170		1997-01-01		CHATEAU GRIFFONS				0	0	1		227
R	DFCF	DFCF-33-171		1997-01-01		CHATEAU POMEROL				0	0	1		227
R	DFCF	DFCF-33-172		1997-01-01		CHATEAU MANDAVIT				0	0	1		227
R	DFCF	DFCF-33-173		1997-01-01		CHATEAU MADERE				0	0	1		227
R	DFCF	DFCF-33-174		1997-01-01		CHATEAU DE CUJAC				0	0	1		227
R	DFCF	DFCF-33-175		1997-01-01		CHATEAU LE CASTERA				0	0	1		227
R	DFCF	DFCF-33-176		1997-01-01		CHATEAU LUCHEY-HALDE				0	0	1		227
R	DFCF	DFCF-33-177		1997-01-01		CHATEAU MOULERIN				0	0	1		227
R	DFCF	DFCF-33-178		1997-01-01		CHATEAU MUSCADET				0	0	1		227
R	DFCF	DFCF-33-179		1997-01-01		CHATEAU BEAUVAL				0	0	1		227
R	DFCF	DFCF-33-180		1997-01-01		CHATEAU GUITERONDE				0	0	1		227
R	DFCF	DFCF-33-181		1997-01-01		CHATEAU CARBONNEAU				0	0	1		227
R	DFCF	DFCF-33-182		1997-01-01		CHATEAU LANTIC				0	0	1		227
R	DFCF	DFCF-33-183		1997-01-01		CHATEAU D'ABZAC				0	0	1		227
R	DFCF	DFCF-33-184		1997-01-01		CHATEAU GUITON				0	0	1		227
R	DFCF	DFCF-33-185		1997-01-01		CHATEAU LE GRAND VERDUS				0	0	1		227
R	DFCF	DFCF-33-186		1997-01-01		CHATEAU LAVERGNE				0	0	1		227
R	DFCF	DFCF-33-187		1997-01-01		CHATEAU DE CAMARSAC				0	0	1		227
R	DFCF	DFCF-33-188		1997-01-01		CHATEAU PLASSAN				0	0	1		227
R	DFCF	DFCF-33-189		1997-01-01		CHATEAU DE MOULERENS				0	0	1		227
R	DFCF	DFCF-33-190		1997-01-01		CHATEAU GRAND BRANET				0	0	1		227
R	DFCF	DFCF-33-191		1997-01-01		CHATEAU LA PIERRIERRE				0	0	1		227
R	DFCF	DFCF-33-197		1997-01-01		CHÂTEAU				0	0	1		227
R	DFCF	DFCF-33-199		1997-01-01		CHÂTEAU DE CASTELNEAU				0	0	1		227
R	DFCF	DFCF-33-206		1997-01-01		CHATEAU PUISSEGUIN				0	0	1		227
R	DFCF	DFCF-33-207		1997-01-01		CHATEAU BEAUSEJOUR				0	0	1		227
R	DFCF	DFCF-33-208		1997-01-01		CHATEAU DES LAURETS				0	0	1		227
R	DFCF	DFCF-33-209		1997-01-01		CHATEAU DE L ESTANG				0	0	1		227
R	DFCF	DFCF-33-210		1997-01-01		CHATEAU TERRASSON				0	0	1		227
R	DFCF	DFCF-34-001		1997-01-01		FORT BRESCOU				0	0	1		227
R	DFCF	DFCF-34-002		1997-01-01		CHATEAU D'AUMELAS				0	0	1		227
R	DFCF	DFCF-34-003		1997-01-01		CHATEAU DE STONY				0	0	1		227
R	DFCF	DFCF-34-004		1997-01-01		CHATEAU DE LA PEYRADE				0	0	1		227
R	DFCF	DFCF-34-005		1997-01-01		CHATEAU D'O				0	0	1		227
R	DFCF	DFCF-34-007		1997-01-01		CHATEAU DE LA MOSERE				0	0	1		227
R	DFCF	DFCF-34-008		1997-01-01		CHATEAU DE FONT MARS				0	0	1		227
R	DFCF	DFCF-34-009		1997-01-01		CHATEAU DE LESIGNAN				0	0	1		227
R	DFCF	DFCF-34-010		1997-01-01		CHATEAU DE LA GRANGE DES PRES				0	0	1		227
R	DFCF	DFCF-34-011		1997-01-01		CHATEAU DE CASSAN				0	0	1		227
R	DFCF	DFCF-34-012		1997-01-01		CHATEAU DE MONTPEZAT				0	0	1		227
R	DFCF	DFCF-34-013		1997-01-01		CHATEAU DE RIBAUTE				0	0	1		227
R	DFCF	DFCF-34-014		1997-01-01		CHATEAU DE LAURENS				0	0	1		227
R	DFCF	DFCF-34-015		1997-01-01		CHATEAU LA VIDALLE				0	0	1		227
R	DFCF	DFCF-34-016		1997-01-01		CHATEAU DE VIVIOURES				0	0	1		227
R	DFCF	DFCF-34-017		1997-01-01		CHATEAU MARGON				0	0	1		227
R	DFCF	DFCF-34-018		1997-01-01		CHATEAU DE PUISSALICON				0	0	1		227
R	DFCF	DFCF-34-019		1997-01-01		CHATEAU DES GUILHEMS				0	0	1		227
R	DFCF	DFCF-34-020		1997-01-01		CHATEAU LA GAYONNE				0	0	1		227
R	DFCF	DFCF-34-021		1997-01-01		CHATEAU DE POPIAN				0	0	1		227
R	DFCF	DFCF-34-022		1997-01-01		CHATEAU ROQUESSELS				0	0	1		227
R	DFCF	DFCF-34-023		1997-01-01		CHATEAU DE CASTRIES				0	0	1		227
R	DFCF	DFCF-34-024		1997-01-01		CHATEAU DE TURENNE				0	0	1		227
R	DFCF	DFCF-34-025		1997-01-01		CHATEAU DE BELARGA				0	0	1		227
R	DFCF	DFCF-34-026		1997-01-01		CHATEAU DE JONQUIERES				0	0	1		227
R	DFCF	DFCF-34-027		1997-01-01		CHATEAU DE CAZOULS D'HERAULT				0	0	1		227
R	DFCF	DFCF-34-028		1997-01-01		CHATEAU D'ASSAS				0	0	1		227
R	DFCF	DFCF-34-029		1997-01-01		CHATEAU RESTINCLIERES				0	0	1		227
R	DFCF	DFCF-34-030		1997-01-01		CHATEAU DE NIZAS				0	0	1		227
R	DFCF	DFCF-34-031		1997-01-01		CHATEAU DE MONTLAUR				0	0	1		227
R	DFCF	DFCF-34-032		1997-01-01		CHATEAU DE LA BANQUIERE				0	0	1		227
R	DFCF	DFCF-34-033		1997-01-01		CHATEAU PREIGNES LE VIEUX				0	0	1		227
R	DFCF	DFCF-34-034		1997-01-01		CHATEAU DE BAULX				0	0	1		227
R	DFCF	DFCF-34-035		1997-01-01		CHATEAU GREZAN				0	0	1		227
R	DFCF	DFCF-34-036		1997-01-01		CHATEAU DE JOURMAC				0	0	1		227
R	DFCF	DFCF-34-037		1997-01-01		CHATEAU DE CARABOTTE				0	0	1		227
R	DFCF	DFCF-34-038		1997-01-01		CHATEAU DE SAINT MARTIN DE GRAVE				0	0	1		227
R	DFCF	DFCF-34-039		1997-01-01		CHATEAU BAS DE BOUSSAGUES				0	0	1		227
R	DFCF	DFCF-34-040		1997-01-01		CHATEAU DE BASSAN				0	0	1		227
R	DFCF	DFCF-34-041		1997-01-01		CHATEAU DE SAINT SERIES				0	0	1		227
R	DFCF	DFCF-34-042		1997-01-01		CHATEAU DE ST JEAN D'AUREILHAN				0	0	1		227
R	DFCF	DFCF-34-043		1997-01-01		TOUR DU CHATEAU DE VILLENEUVE				0	0	1		227
R	DFCF	DFCF-34-044		1997-01-01		TOUR DES ANGLAIS A AGDES				0	0	1		227
R	DFCF	DFCF-34-045		1997-01-01		CHATEAU DE VARGOZ				0	0	1		227
R	DFCF	DFCF-34-046		1997-01-01		CHATEAU DE LUNAS				0	0	1		227
R	DFCF	DFCF-34-047		1997-01-01		CHATEAU DE LA MOGERE				0	0	1		227
R	DFCF	DFCF-34-048		1997-01-01		TOUR MEDIAVALE DE VALROS				0	0	1		227
R	DFCF	DFCF-34-049		1997-01-01		CHATEAU DE LAVAGNAC				0	0	1		227
R	DFCF	DFCF-34-050		1997-01-01		CHATEAU SERRIEGE				0	0	1		227
R	DFCF	DFCF-34-061		1997-01-01		CHATEAU DES EVEQUES				0	0	1		227
R	DFCF	DFCF-34-062		1997-01-01		TOUR DE MONTADY				0	0	1		227
R	DFCF	DFCF-34-064		1997-01-01		CHÂTEAU DE COULOBRES				0	0	1		227
R	DFCF	DFCF-34-065		1997-01-01		CITADELLE RICHELIEU				0	0	1		227
R	DFCF	DFCF-34-066		1997-01-01		TOUR DE LA GLACIERE				0	0	1		227
R	DFCF	DFCF-34-068		1997-01-01		CHATEAU DE VILLEROY				0	0	1		227
R	DFCF	DFCF-34-069		1997-01-01		CHATEAU DE POINTE LONGUE				0	0	1		227
R	DFCF	DFCF-34-070		1997-01-01		CHÂTEAU DE ST BAULEREY				0	0	1		227
R	DFCF	DFCF-34-071		1997-01-01		TOUR CASTELLAS				0	0	1		227
R	DFCF	DFCF-34-072		1997-01-01		FORT DE LA BUTTE RONDE				0	0	1		227
R	DFCF	DFCF-34-073		1997-01-01		TOUR GARDIERE				0	0	1		227
R	DFCF	DFCF-34-074		1997-01-01		ANCIEN FORT ARESQUIERS				0	0	1		227
R	DFCF	DFCF-34-075		1997-01-01		FORT SAINT PIERRE				0	0	1		227
R	DFCF	DFCF-34-076		1997-01-01		CHATEAU VERT				0	0	1		227
R	DFCF	DFCF-34-077		1997-01-01		CHATEAU DE MAUREILHAN				0	0	1		227
R	DFCF	DFCF-34-078		1997-01-01		CHATEAU MALBOIS				0	0	1		227
R	DFCF	DFCF-34-079		1997-01-01		FORT DE MONTBAZIN				0	0	1		227
R	DFCF	DFCF-34-080		1997-01-01		CHATEAU GIRAD				0	0	1		227
R	DFCF	DFCF-34-081		1997-01-01		CHATEAU D ARESQIERS				0	0	1		227
R	DFCF	DFCF-34-082		1997-01-01		CHATEAU D'EXINDRE				0	0	1		227
R	DFCF	DFCF-34-083		1997-01-01		CHATEAU DE LAURENS				0	0	1		227
R	DFCF	DFCF-34-084		1997-01-01		FORT DE BALARUCDMF				0	0	1		227
R	DFCF	DFCF-34-085		1997-01-01		TOUR DES ANGLAIS				0	0	1		227
R	DFCF	DFCF-34-086		1997-01-01		CHATEAU FEODAL DE MIREVAL				0	0	1		227
R	DFCF	DFCF-34-087		1997-01-01		CHATEAU DE LA GARENNE PC				0	0	1		227
R	DFCF	DFCF-34-088		1997-01-01		CHATEAU LA BARALLE				0	0	1		227
R	DFCF	DFCF-34-089		1997-01-01		MANOIR DE SAINT BAUDILE				0	0	1		227
R	DFCF	DFCF-34-090		1997-01-01		PALAIS CONSULAIRE DE SETE				0	0	1		227
R	DFCF	DFCF-34-091		1997-01-01		TOUR DE BALLESTRAS				0	0	1		227
R	DFCF	DFCF-34-092		1997-01-01		CHATEAU LA JOYEUSE				0	0	1		227
R	DFCF	DFCF-34-093		1997-01-01		ANCIEN PALAIS EPISCOPAL				0	0	1		227
R	DFCF	DFCF-34-094		1997-01-01		CHATEAU DE MONTLAUR				0	0	1		227
R	DFCF	DFCF-34-095		1997-01-01		CHATEAU STE BAUZILLE				0	0	1		227
R	DFCF	DFCF-34-096		1997-01-01		CHATEAU GUY				0	0	1		227
R	DFCF	DFCF-34-097		1997-01-01		CHATEAU DE LIGNAN				0	0	1		227
R	DFCF	DFCF-34-098		1997-01-01		CHATEAU DES POETES				0	0	1		227
R	DFCF	DFCF-34-099		1997-01-01		CHATEAU DE DULLAGUE				0	0	1		227
R	DFCF	DFCF-34-100		1997-01-01		CHATEAU DES VAISSERRIES				0	0	1		227
R	DFCF	DFCF-34-101		1997-01-01		CHATEAU DE LIBOURIAC				0	0	1		227
R	DFCF	DFCF-34-102		1997-01-01		CHATEAU DE COUSSERGUES				0	0	1		227
R	DFCF	DFCF-34-103		1997-01-01		CHATEAU LA JOURDANE				0	0	1		227
R	DFCF	DFCF-34-104		1997-01-01		CHATEAU D'HORTSES				0	0	1		227
R	DFCF	DFCF-34-105		1997-01-01		CHATEAU LA DAUBINELLE				0	0	1		227
R	DFCF	DFCF-34-106		1997-01-01		CHATEAU DE MERCORENT				0	0	1		227
R	DFCF	DFCF-34-107		1997-01-01		CHATEAU DE SAGNES				0	0	1		227
R	DFCF	DFCF-34-108		1997-01-01		CHATEAU DE VIAS				0	0	1		227
R	DFCF	DFCF-34-109		1997-01-01		CHATEAU DE PERDIGUIER				0	0	1		227
R	DFCF	DFCF-34-110		1997-01-01		CHATEAU DE PREIGNES LE NEUF				0	0	1		227
R	DFCF	DFCF-34-111		1997-01-01		CHATEAU LE CONTROLE				0	0	1		227
R	DFCF	DFCF-34-112		1997-01-01		CHATEAU LA DRAGONNE				0	0	1		227
R	DFCF	DFCF-34-113		1997-01-01		CHATEAU LA MIQUELLE				0	0	1		227
R	DFCF	DFCF-34-114		1997-01-01		CHATEAU DE LIROU				0	0	1		227
R	DFCF	DFCF-34-115		1997-01-01		CHATEAU DE LUCH				0	0	1		227
R	DFCF	DFCF-34-116		1997-01-01		CHATEAU DE POUSSAN LE HAUT				0	0	1		227
R	DFCF	DFCF-34-117		1997-01-01		CHATEAU SAINT ROSE				0	0	1		227
R	DFCF	DFCF-34-118		1997-01-01		CHATEAU ST GENIES DE MENESTROL				0	0	1		227
R	DFCF	DFCF-34-119		1997-01-01		CHATEAU CABRIALS				0	0	1		227
R	DFCF	DFCF-34-120		1997-01-01		CHATEAU LAROQUE				0	0	1		227
R	DFCF	DFCF-34-121		1997-01-01		CHATEAU LA VALMALE				0	0	1		227
R	DFCF	DFCF-34-122		1997-01-01		CHATEAU SERVIAN				0	0	1		227
R	DFCF	DFCF-34-123		1997-01-01		CHATEAU BEGUDE DE JORDY				0	0	1		227
R	DFCF	DFCF-34-124		1997-01-01		CHATEAU DE SAINT JEAN DE LIBRON				0	0	1		227
R	DFCF	DFCF-34-125		1997-01-01		CHATEAU DE LEZIGNO				0	0	1		227
R	DFCF	DFCF-34-126		1997-01-01		CHATEAU SAINT PIERRE				0	0	1		227
R	DFCF	DFCF-34-127		1997-01-01		CHATEAU DE NADALHAN				0	0	1		227
R	DFCF	DFCF-34-128		1997-01-01		TOUR DU CHATEAU (MONTBLANC)				0	0	1		227
R	DFCF	DFCF-34-129		1997-01-01		CHATEAU DE LA TOUR				0	0	1		227
R	DFCF	DFCF-34-130		1997-01-01		CHATEAU L'HERMITAGE DE COMBAS				0	0	1		227
R	DFCF	DFCF-34-131		1997-01-01		CHATEAU LE COUSAT				0	0	1		227
R	DFCF	DFCF-34-132		1997-01-01		CHATEAU LA VISTOULE				0	0	1		227
R	DFCF	DFCF-34-133		1997-01-01		TOUR DE L'HORLOGE				0	0	1		227
R	DFCF	DFCF-34-134		1997-01-01		CHATEAU MAUREILHAN				0	0	1		227
R	DFCF	DFCF-34-135		1997-01-01		TOUR DU CHATEAU DE MARQUISAT				0	0	1		227
R	DFCF	DFCF-34-136		1997-01-01		CHATEAU DE ROUVIGNAC				0	0	1		227
R	DFCF	DFCF-34-137		1997-01-01		CHATEAU LA VOULTE				0	0	1		227
R	DFCF	DFCF-34-138		1997-01-01		CHATEAU DE CASTELNAU				0	0	1		227
R	DFCF	DFCF-34-139		1997-01-01		CHATEAU DE LA PROVENQUIERE				0	0	1		227
R	DFCF	DFCF-34-140		1997-01-01		CHATEAU DE RAMEJAN				0	0	1		227
R	DFCF	DFCF-34-141		1997-01-01		CHATEAU DE MONTPEYROUX				0	0	1		227
R	DFCF	DFCF-34-142		1997-01-01		CHATEAU LA DEVEZE				0	0	1		227
R	DFCF	DFCF-34-143		1997-01-01		CHATEAU LA CANAGUE VIEILLE				0	0	1		227
R	DFCF	DFCF-34-144		1997-01-01		CHATEAU DE SEVIGNAC LE HAUT				0	0	1		227
R	DFCF	DFCF-34-145		1997-01-01		CHATEAU DU MUS				0	0	1		227
R	DFCF	DFCF-34-146		1997-01-01		CHATEAU REGISMONT LE HAUT				0	0	1		227
R	DFCF	DFCF-34-147		1997-01-01		CHATEAU DE SAVIGNAC LE BAS				0	0	1		227
R	DFCF	DFCF-34-148		1997-01-01		CHATEAU DE ST MARTIN DES CHAMPS				0	0	1		227
R	DFCF	DFCF-34-149		1997-01-01		CHATEAU DE MONTMARIN				0	0	1		227
R	DFCF	DFCF-34-150		1997-01-01		CHATEAU DE CAPESTANG				0	0	1		227
R	DFCF	DFCF-34-151		1997-01-01		CHATEAU DE CREISSAN				0	0	1		227
R	DFCF	DFCF-34-152		1997-01-01		CHATEAU DE RAVANES				0	0	1		227
R	DFCF	DFCF-34-153		1997-01-01		CHATEAU LA VERNEDE				0	0	1		227
R	DFCF	DFCF-34-154		1997-01-01		CHATEAU DE STE SUZANNE				0	0	1		227
R	DFCF	DFCF-34-155		1997-01-01		CHATEAU DE PUIMISSON				0	0	1		227
R	DFCF	DFCF-34-156		1997-01-01		PALAIS DES EVEQUES				0	0	1		227
R	DFCF	DFCF-34-157		1997-01-01		TOUR SAINT ETIENNE				0	0	1		227
R	DFCF	DFCF-34-158		1997-01-01		CHATEAU LES NOYERS				0	0	1		227
R	DFCF	DFCF-34-159		1997-01-01		CHATEAU LES BRESINETTES				0	0	1		227
R	DFCF	DFCF-34-160		1997-01-01		CHATEAU DE SAUVIAN				0	0	1		227
R	DFCF	DFCF-34-161		1997-01-01		CHATEAU DE LAURENS				0	0	1		227
R	DFCF	DFCF-34-162		1997-01-01		CHATEAU LA GARDIE				0	0	1		227
R	DFCF	DFCF-34-163		1997-01-01		CHATEAU SAINT PIERRE DE SERJAC				0	0	1		227
R	DFCF	DFCF-34-164		1997-01-01		CHATEAU DE CASTELSEC				0	0	1		227
R	DFCF	DFCF-34-165		1997-01-01		TOUR DE L'HORLOGE				0	0	1		227
R	DFCF	DFCF-34-166		1997-01-01		CHATEAU DU BOSC				0	0	1		227
R	DFCF	DFCF-34-167		1997-01-01		CHATEAU DE CAZLIHAC				0	0	1		227
R	DFCF	DFCF-34-168		1997-01-01		CHATEAU DE GENEVE				0	0	1		227
R	DFCF	DFCF-34-169		1997-01-01		CHATEAU DE LESPIGNAN				0	0	1		227
R	DFCF	DFCF-34-170		1997-01-01		CHATEAU D'AUTIGNAC				0	0	1		227
R	DFCF	DFCF-34-171		1997-01-01		CHATEAU DES CARASSES				0	0	1		227
R	DFCF	DFCF-34-172		1997-01-01		CHATEAU DES TOURETTES				0	0	1		227
R	DFCF	DFCF-34-173		1997-01-01		CHATEAU DE BEAUSEJOUR				0	0	1		227
R	DFCF	DFCF-34-174		1997-01-01		CHATEAU DE LA BOURGADE				0	0	1		227
R	DFCF	DFCF-34-175		1997-01-01		CHATEAU DE LA BATELIERE				0	0	1		227
R	DFCF	DFCF-34-176		1997-01-01		CHATEAU DU TREDOS				0	0	1		227
R	DFCF	DFCF-34-177		1997-01-01		CHATEAU DE MAUSSAC				0	0	1		227
R	DFCF	DFCF-34-178		1997-01-01		CHATEAU DE SAINT FELIX				0	0	1		227
R	DFCF	DFCF-34-179		1997-01-01		CHATEAU DE SAUSSINE				0	0	1		227
R	DFCF	DFCF-34-180		1997-01-01		CHATEAU DE LIEURAN				0	0	1		227
R	DFCF	DFCF-34-181		1997-01-01		CHATEAU CLOTINIERES				0	0	1		227
R	DFCF	DFCF-34-182		1997-01-01		FORT DE VENDRES				0	0	1		227
R	DFCF	DFCF-34-183		1997-01-01		CHATEAU LIRETTE				0	0	1		227
R	DFCF	DFCF-34-184		1997-01-01		CHATEAU DE ROQUEHAUTE				0	0	1		227
R	DFCF	DFCF-34-185		1997-01-01		CHATEAU D'ARNOYE				0	0	1		227
R	DFCF	DFCF-34-186		1997-01-01		CHATEAU DE CAYLUS				0	0	1		227
R	DFCF	DFCF-34-187		1997-01-01		CHATEAU DES PRADELES				0	0	1		227
R	DFCF	DFCF-34-188		1997-01-01		CHATEAU LA FOURCADE				0	0	1		227
R	DFCF	DFCF-34-189		1997-01-01		CHATEAU D'AUREILLE				0	0	1		227
R	DFCF	DFCF-34-190		1997-01-01		CHATEAU DE ROUEIRE				0	0	1		227
R	DFCF	DFCF-34-191		1997-01-01		CHATEAU SALIES				0	0	1		227
R	DFCF	DFCF-34-192		1997-01-01		CHATEAU LIGNON				0	0	1		227
R	DFCF	DFCF-34-193		1997-01-01		TOUR DE L'HORLOGE				0	0	1		227
R	DFCF	DFCF-34-194		1997-01-01		CHATEAU DE BAUDERON DE MAUSSAC				0	0	1		227
R	DFCF	DFCF-34-195		1997-01-01		CHATEAU LA PRESIDENTE				0	0	1		227
R	DFCF	DFCF-34-196		1997-01-01		ANCIEN CHATEAU DE SERIGAN				0	0	1		227
R	DFCF	DFCF-34-197		1997-01-01		CHATEAU DE TROMPE PAUVRE				0	0	1		227
R	DFCF	DFCF-34-198		1997-01-01		CHATEAU LA CHEVALLIERE				0	0	1		227
R	DFCF	DFCF-34-199		1997-01-01		CHATEAU DE LA CANAGUE				0	0	1		227
R	DFCF	DFCF-34-200		1997-01-01		CHATEAU DE POILHES				0	0	1		227
R	DFCF	DFCF-34-201		1997-01-01		ANCIEN CHATEAU FEODAL DE CABREROLLES				0	0	1		227
R	DFCF	DFCF-34-202		1997-01-01		CHATEAU DE COUBILLOU				0	0	1		227
R	DFCF	DFCF-34-203		1997-01-01		CHATEAU DE BARBIO				0	0	1		227
R	DFCF	DFCF-34-204		1997-01-01		CHATEAU DE FABREGUES				0	0	1		227
R	DFCF	DFCF-34-205		1997-01-01		CHATEAU DE MARSEILLAN				0	0	1		227
R	DFCF	DFCF-34-206		1997-01-01		CHATEAU DE CASTELNAU DE GUERS				0	0	1		227
R	DFCF	DFCF-34-208		1997-01-01		CHATEAU D’AGEL				0	0	1		227
R	DFCF	DFCF-34-209		1997-01-01		CHATEAU DE COLOMBIERES				0	0	1		227
R	DFCF	DFCF-34-210		1997-01-01		CHATEAU DE PIERREFONT				0	0	1		227
R	DFCF	DFCF-35-001		1997-01-01		FORT DUGESCLIN				0	0	1		227
R	DFCF	DFCF-35-002		1997-01-01		FORT NATIONAL				0	0	1		227
R	DFCF	DFCF-35-003		1997-01-01		FORT A LA REINE				0	0	1		227
R	DFCF	DFCF-35-004		1997-01-01		CHATEAU DE LA DUCHESSE ANNE				0	0	1		227
R	DFCF	DFCF-35-005		1997-01-01		FORT DU PETIT BEY				0	0	1		227
R	DFCF	DFCF-35-006		1997-01-01		CHATEAU DE LA GRANDE MAISON				0	0	1		227
R	DFCF	DFCF-35-007		1997-01-01		CHATEAU DE BONNE FONTAINE				0	0	1		227
R	DFCF	DFCF-35-008		1997-01-01		CHATEAU VIEUVILLE				0	0	1		227
R	DFCF	DFCF-35-009		1997-01-01		FORT DE SAINT PERE				0	0	1		227
R	DFCF	DFCF-35-010		1997-01-01		CHATEAU DE LA BRIANTAIS				0	0	1		227
R	DFCF	DFCF-35-011		1997-01-01		CHATEAU DU NESSAY				0	0	1		227
R	DFCF	DFCF-35-012		1997-01-01		CHATEAU DE COMBOURG				0	0	1		227
R	DFCF	DFCF-35-013		1997-01-01		TOUR SOLIDOR				0	0	1		227
R	DFCF	DFCF-35-014		1997-01-01		FORT DE LA CITE D'ALET				0	0	1		227
R	DFCF	DFCF-35-015		1997-01-01		CHATEAU DU BOIS CORNILLE				0	0	1		227
R	DFCF	DFCF-35-017		1997-01-01		CHATEAU DU LIGOUYER				0	0	1		227
R	DFCF	DFCF-35-018		1997-01-01		CHATEAU DES ORMES				0	0	1		227
R	DFCF	DFCF-35-019		1997-01-01		CHATEAU FOURNEAU				0	0	1		227
R	DFCF	DFCF-35-020		1997-01-01		CHATEAU LA MOTTE				0	0	1		227
R	DFCF	DFCF-35-021		1997-01-01		CHATEAU DE BEL AIR				0	0	1		227
R	DFCF	DFCF-35-022		1997-01-01		CHATEAU DE LA RANCONNERIE				0	0	1		227
R	DFCF	DFCF-35-023		1997-01-01		CHATEAU DE LA FAUCONNERIE				0	0	1		227
R	DFCF	DFCF-35-027		1997-01-01		CHÂTEAU D ARGENTRE DU PLESSIS				0	0	1		227
R	DFCF	DFCF-35-035		1997-01-01		CHÂTEAU DE LA NOE				0	0	1		227
R	DFCF	DFCF-35-036		1997-01-01		MANOIR DU PLESSIX				0	0	1		227
R	DFCF	DFCF-35-037		1997-01-01		CHÂTEAU DE POMMENIAC				0	0	1		227
R	DFCF	DFCF-35-054		1997-01-01		CHATEAU DE BOUGE				0	0	1		227
R	DFCF	DFCF-35-055		1997-01-01		MANOIR DE BOUHAREE				0	0	1		227
R	DFCF	DFCF-36-001		1997-01-01		CHATEAU DE NAILLAC				0	0	1		227
R	DFCF	DFCF-36-002		1997-01-01		CHATEAU DE LA BROSSE				0	0	1		227
R	DFCF	DFCF-36-003		1997-01-01		CHATEAU PEULORGE				0	0	1		227
R	DFCF	DFCF-36-004		1997-01-01		CHATEAU LE BOUCHET				0	0	1		227
R	DFCF	DFCF-36-005		1997-01-01		CHATEAU LES ESSARTS				0	0	1		227
R	DFCF	DFCF-36-006		1997-01-01		CHATEAU DE SARZAY				0	0	1		227
R	DFCF	DFCF-36-007		1997-01-01		CHATEAU LE SOUDUN				0	0	1		227
R	DFCF	DFCF-36-008		1997-01-01		CHATEAU DE JARTRAUX				0	0	1		227
R	DFCF	DFCF-36-009		1997-01-01		CHATEAU DE LURAIS				0	0	1		227
R	DFCF	DFCF-36-010		1997-01-01		CHATEAU DE NEON/CREUSE				0	0	1		227
R	DFCF	DFCF-36-011		1997-01-01		CHATEAU D'IINGRANDES				0	0	1		227
R	DFCF	DFCF-36-012		1997-01-01		CHATEAU DE PLAINCOURAULT				0	0	1		227
R	DFCF	DFCF-36-013		1997-01-01		CHATEAU DE PRINCAIS				0	0	1		227
R	DFCF	DFCF-36-014		1997-01-01		CHATEAU LA LIENNE				0	0	1		227
R	DFCF	DFCF-36-015		1997-01-01		CHATEAU RAOUL				0	0	1		227
R	DFCF	DFCF-36-016		1997-01-01		CHATEAU DU PARC A AUDE				0	0	1		227
R	DFCF	DFCF-36-017		1997-01-01		CHATEAU DE ROCHEFORT				0	0	1		227
R	DFCF	DFCF-36-018		1997-01-01		CHATEAU RABAUD				0	0	1		227
R	DFCF	DFCF-36-019		1997-01-01		CHATEAU DE LUANT				0	0	1		227
R	DFCF	DFCF-36-020		1997-01-01		CHATEAU NUISANCE				0	0	1		227
R	DFCF	DFCF-36-021		1997-01-01		CHATEAU DE LALEUF				0	0	1		227
R	DFCF	DFCF-36-022		1997-01-01		CHATEAU DE TOUVENT				0	0	1		227
R	DFCF	DFCF-36-023		1997-01-01		CHATEAU DES PLANCHES				0	0	1		227
R	DFCF	DFCF-36-024		1997-01-01		CHATEAU DE PARCAY				0	0	1		227
R	DFCF	DFCF-36-025		1997-01-01		CHATEAU LA COURRIERE				0	0	1		227
R	DFCF	DFCF-36-026		1997-01-01		CHATEAU CHAMOSSEAU				0	0	1		227
R	DFCF	DFCF-36-027		1997-01-01		CHATEAU LE PUY				0	0	1		227
R	DFCF	DFCF-36-028		1997-01-01		CHATEAU DE CORBILLY				0	0	1		227
R	DFCF	DFCF-36-029		1997-01-01		CHATEAU OZANS				0	0	1		227
R	DFCF	DFCF-36-030		1997-01-01		CHATEAU DE CHANDAIRE				0	0	1		227
R	DFCF	DFCF-36-031		1997-01-01		CHATEAU LA ROCHEROLLE				0	0	1		227
R	DFCF	DFCF-36-032		1997-01-01		CHATEAU D'AILLAC				0	0	1		227
R	DFCF	DFCF-36-033		1997-01-01		CHATEAU BUXIERES D'AILLAC				0	0	1		227
R	DFCF	DFCF-36-034		1997-01-01		CHATEAU DE LANCOSME				0	0	1		227
R	DFCF	DFCF-36-035		1997-01-01		CHATEAU TERRIERE				0	0	1		227
R	DFCF	DFCF-36-036		1997-01-01		TOUR DE CHATILLON				0	0	1		227
R	DFCF	DFCF-36-037		1997-01-01		CHATEAU BOUESSE				0	0	1		227
R	DFCF	DFCF-36-038		1997-01-01		CHATEAU LA TOUR				0	0	1		227
R	DFCF	DFCF-36-039		1997-01-01		CHATEAU VILLEDIEU				0	0	1		227
R	DFCF	DFCF-36-040		1997-01-01		CHATEAU CHABANET				0	0	1		227
R	DFCF	DFCF-36-041		1997-01-01		CHATEAU DIORS				0	0	1		227
R	DFCF	DFCF-36-042		1997-01-01		CHATEAU DE ROMEFORT				0	0	1		227
R	DFCF	DFCF-36-043		1997-01-01		CHATEAU BEAUREGARD				0	0	1		227
R	DFCF	DFCF-36-044		1997-01-01		CHATEAU DU BROUTET				0	0	1		227
R	DFCF	DFCF-36-045		1997-01-01		CHATEAU DE MAZIERES				0	0	1		227
R	DFCF	DFCF-36-046		1997-01-01		CHATEAU ARGY				0	0	1		227
R	DFCF	DFCF-36-047		1997-01-01		CHATEAU SAINT GAULTIER				0	0	1		227
R	DFCF	DFCF-36-048		1997-01-01		CHATEAU LYS SAINT GEORGES				0	0	1		227
R	DFCF	DFCF-36-049		1997-01-01		CHATEAU LE CLUZEAU				0	0	1		227
R	DFCF	DFCF-36-050		1997-01-01		CHATEAU DE PALLUAU				0	0	1		227
R	DFCF	DFCF-36-051		1997-01-01		CHATEAU DE LA CHAPELLE				0	0	1		227
R	DFCF	DFCF-36-052		1997-01-01		CHATEAU DE VALENCAY				0	0	1		227
R	DFCF	DFCF-36-053		1997-01-01		CHATEAU DE LEVROUX				0	0	1		227
R	DFCF	DFCF-36-054		1997-01-01		CHATEAU DE BOUGES				0	0	1		227
R	DFCF	DFCF-36-055		1997-01-01		CHATEAU LE COUDRAY				0	0	1		227
R	DFCF	DFCF-36-056		1997-01-01		CHATEAU DE LA COMTE				0	0	1		227
R	DFCF	DFCF-36-057		1997-01-01		CHATEAU DE VILLEGONGIS				0	0	1		227
R	DFCF	DFCF-36-058		1997-01-01		CHATEAU DE TREZ				0	0	1		227
R	DFCF	DFCF-36-059		1997-01-01		CHATEAU COUBLOUST				0	0	1		227
R	DFCF	DFCF-36-060		1997-01-01		CHATEAU DE LANGE				0	0	1		227
R	DFCF	DFCF-36-061		1997-01-01		CHATEAU DE COUDON				0	0	1		227
R	DFCF	DFCF-36-062		1997-01-01		CHATEAU D'ARS				0	0	1		227
R	DFCF	DFCF-36-063		1997-01-01		CHATEAU DE LA TOUR BLANCHE				0	0	1		227
R	DFCF	DFCF-36-064		1997-01-01		CHATEAU DE PERASSAY				0	0	1		227
R	DFCF	DFCF-36-065		1997-01-01		CHATEAU PUYBARBEAU				0	0	1		227
R	DFCF	DFCF-36-066		1997-01-01		CHATEAU L'EPINE				0	0	1		227
R	DFCF	DFCF-36-067		1997-01-01		CHATEAU DE CORS				0	0	1		227
R	DFCF	DFCF-36-068		1997-01-01		CHATEAU BOISMARMIN				0	0	1		227
R	DFCF	DFCF-36-069		1997-01-01		CHATEAU FOLTERTRE				0	0	1		227
R	DFCF	DFCF-36-070		1997-01-01		CHATEAU DE LONGEFOND				0	0	1		227
R	DFCF	DFCF-36-071		1997-01-01		CHATEAU MARGOUX				0	0	1		227
R	DFCF	DFCF-36-072		1997-01-01		CHATEAU DU MAGNET				0	0	1		227
R	DFCF	DFCF-36-073		1997-01-01		CHATEAU DE PRIGNY				0	0	1		227
R	DFCF	DFCF-36-074		1997-01-01		CHATEAU DE COINGS				0	0	1		227
R	DFCF	DFCF-36-075		1997-01-01		CHATEAU DE CONIVES				0	0	1		227
R	DFCF	DFCF-36-076		1997-01-01		CHATEAU LE PALIS				0	0	1		227
R	DFCF	DFCF-36-077		1997-01-01		CHATEAU D'ARGENTON SUR CREUSE				0	0	1		227
R	DFCF	DFCF-36-078		1997-01-01		CHATEAU LE BROUTAY				0	0	1		227
R	DFCF	DFCF-36-079		1997-01-01		CHATEAU LE SAULNIER				0	0	1		227
R	DFCF	DFCF-36-080		1997-01-01		CHATEAU DE ROUILLY				0	0	1		227
R	DFCF	DFCF-36-081		1997-01-01		CHATEAU DE CHEMERE				0	0	1		227
R	DFCF	DFCF-36-082		1997-01-01		TOUR DE ROMEFORT				0	0	1		227
R	DFCF	DFCF-36-083		1997-01-01		CHATEAU LES SALLERONS				0	0	1		227
R	DFCF	DFCF-36-084		1997-01-01		CHATEAU DE PRUNGET				0	0	1		227
R	DFCF	DFCF-36-085		1997-01-01		TOUR DE MAZIERES				0	0	1		227
R	DFCF	DFCF-36-086		1997-01-01		CHATEAU DE CHARON				0	0	1		227
R	DFCF	DFCF-36-087		1997-01-01		TOUR DE CHARON				0	0	1		227
R	DFCF	DFCF-36-088		1997-01-01		TOUR VIEILLE				0	0	1		227
R	DFCF	DFCF-36-089		1997-01-01		CHATEAU LES CANTINS				0	0	1		227
R	DFCF	DFCF-36-090		1997-01-01		CHATEAU DE BOIS-ROBERT				0	0	1		227
R	DFCF	DFCF-36-091		1997-01-01		CHATEAU ROBERT				0	0	1		227
R	DFCF	DFCF-36-092		1997-01-01		CHATEAU LA SAURA				0	0	1		227
R	DFCF	DFCF-36-093		1997-01-01		CHATEAU LAFONT				0	0	1		227
R	DFCF	DFCF-36-094		1997-01-01		CHATEAU L'EPINEAU				0	0	1		227
R	DFCF	DFCF-36-095		1997-01-01		CHATEAU VIEUX				0	0	1		227
R	DFCF	DFCF-36-096		1997-01-01		CHATEAU DE RANCAY				0	0	1		227
R	DFCF	DFCF-36-097		1997-01-01		CHATEAU DE CLUIS-DESSOUS				0	0	1		227
R	DFCF	DFCF-36-098		1997-01-01		CHATEAU DE CLUIS-DESSUS				0	0	1		227
R	DFCF	DFCF-36-099		1997-01-01		TOUR DE VILLEMENT				0	0	1		227
R	DFCF	DFCF-36-100		1997-01-01		CHATEAU DE FRAPESLE				0	0	1		227
R	DFCF	DFCF-36-101		1997-01-01		CHATEAU DE COURBAS				0	0	1		227
R	DFCF	DFCF-36-102		1997-01-01		CHATEAU THIBAUDS				0	0	1		227
R	DFCF	DFCF-36-103		1997-01-01		CHATEAU DE PRAHAS				0	0	1		227
R	DFCF	DFCF-36-104		1997-01-01		CHATEAU L'EVEQUE				0	0	1		227
R	DFCF	DFCF-36-105		1997-01-01		CHATEAU DE VILLEJOVET				0	0	1		227
R	DFCF	DFCF-36-106		1997-01-01		TOUR DE VILLEJOVET				0	0	1		227
R	DFCF	DFCF-36-107		1997-01-01		CHATEAU DE NOHANT VIC				0	0	1		227
R	DFCF	DFCF-36-108		1997-01-01		CHATEAU LE MEE				0	0	1		227
R	DFCF	DFCF-36-109		1997-01-01		CHATEAU MONTBEL				0	0	1		227
R	DFCF	DFCF-36-110		1997-01-01		CHATEAU LES CHAPELLES				0	0	1		227
R	DFCF	DFCF-36-111		1997-01-01		CHATEAU CLANAY				0	0	1		227
R	DFCF	DFCF-36-112		1997-01-01		CHATEAU DE LA BORDE				0	0	1		227
R	DFCF	DFCF-36-113		1997-01-01		CHATEAU CAMPOIX				0	0	1		227
R	DFCF	DFCF-36-114		1997-01-01		CHATEAU D'ARDENTES				0	0	1		227
R	DFCF	DFCF-36-115		1997-01-01		CHATEAU DE CLAVIERE				0	0	1		227
R	DFCF	DFCF-36-116		1997-01-01		CHATEAU DE VILLENTROIS				0	0	1		227
R	DFCF	DFCF-36-117		1997-01-01		CHATEAU DE LA ROCHE BELLUSSON				0	0	1		227
R	DFCF	DFCF-36-118		1997-01-01		CHATEAU DE NEUVY ST SEPULCHRE				0	0	1		227
R	DFCF	DFCF-37-001		1997-01-01		CHATEAU DE GUERCHE				0	0	1		227
R	DFCF	DFCF-37-002		1997-01-01		CHATEAU DE VAUJOURS				0	0	1		227
R	DFCF	DFCF-37-003		1997-01-01		CHATEAU LA RICHARDIERE				0	0	1		227
R	DFCF	DFCF-37-004		1997-01-01		CHATEAU MONTCHENAIN				0	0	1		227
R	DFCF	DFCF-37-005		1997-01-01		CHATEAU DE CHENONCEAU				0	0	1		227
R	DFCF	DFCF-37-006		1997-01-01		CHATEAU D'ARTANNES				0	0	1		227
R	DFCF	DFCF-37-007		1997-01-01		CHATEAU DE LA MOTHE				0	0	1		227
R	DFCF	DFCF-37-008		1997-01-01		CHATEAU DE CHARENTAIS				0	0	1		227
R	DFCF	DFCF-37-009		1997-01-01		CHATEAU DE LA PERAUDIERE				0	0	1		227
R	DFCF	DFCF-37-010		1997-01-01		CHATEAU DE LA BARRE				0	0	1		227
R	DFCF	DFCF-37-011		1997-01-01		CHATEAU LE PLESSIS				0	0	1		227
R	DFCF	DFCF-37-012		1997-01-01		CHATEAU TAFFONNEAU				0	0	1		227
R	DFCF	DFCF-37-013		1997-01-01		CHATEAU CHEVRIERES				0	0	1		227
R	DFCF	DFCF-37-014		1997-01-01		CHATEAU ROBIN				0	0	1		227
R	DFCF	DFCF-37-015		1997-01-01		CHATEAU DE PAVIERS				0	0	1		227
R	DFCF	DFCF-37-016		1997-01-01		CHATEAU DE MARIGNY				0	0	1		227
R	DFCF	DFCF-37-017		1997-01-01		CHATEAU LA VILAINE				0	0	1		227
R	DFCF	DFCF-37-018		1997-01-01		CHATEAU DE FONTIVILLE				0	0	1		227
R	DFCF	DFCF-37-019		1997-01-01		CHATEAU DE COUZIERE				0	0	1		227
R	DFCF	DFCF-37-020		1997-01-01		CHATEAU DE CHINON				0	0	1		227
R	DFCF	DFCF-37-021		1997-01-01		CHATEAU DU HAUT BRIZAY				0	0	1		227
R	DFCF	DFCF-37-022		1997-01-01		CHATEAU DE CHOISILLE				0	0	1		227
R	DFCF	DFCF-37-023		1997-01-01		CHATEAU LE MORTIER				0	0	1		227
R	DFCF	DFCF-37-024		1997-01-01		CHATEAU DE CHUTE				0	0	1		227
R	DFCF	DFCF-37-025		1997-01-01		CHATEAU D'AMBOISE				0	0	1		227
R	DFCF	DFCF-37-026		1997-01-01		CHATEAU DE LARCAY				0	0	1		227
R	DFCF	DFCF-37-027		1997-01-01		CHATEAU DE BELLEVUE				0	0	1		227
R	DFCF	DFCF-37-028		1997-01-01		CHATEAU DE TAILLE				0	0	1		227
R	DFCF	DFCF-37-029		1997-01-01		CHATEAU DE LA BILLETERIE				0	0	1		227
R	DFCF	DFCF-37-030		1997-01-01		CHATEAU CHAMPIGNY				0	0	1		227
R	DFCF	DFCF-37-031		1997-01-01		CHATEAU DE VILLANDRY				0	0	1		227
R	DFCF	DFCF-37-032		1997-01-01		CHATEAU LE GRAND BOUCHET				0	0	1		227
R	DFCF	DFCF-37-033		1997-01-01		CHATEAU LA MARTINIERE				0	0	1		227
R	DFCF	DFCF-37-034		1997-01-01		CHATEAU BEAU SOLEIL				0	0	1		227
R	DFCF	DFCF-37-035		1997-01-01		CHATEAU DE LA CHAMBRERIE				0	0	1		227
R	DFCF	DFCF-37-036		1997-01-01		CHATEAU DU GRAND MONSOUDUN				0	0	1		227
R	DFCF	DFCF-37-037		1997-01-01		CHATEAU D'AZAY LE RIDEAU				0	0	1		227
R	DFCF	DFCF-37-038		1997-01-01		CHATEAU DE SENS				0	0	1		227
R	DFCF	DFCF-37-039		1997-01-01		CHATEAU DE MONCONTOUR				0	0	1		227
R	DFCF	DFCF-37-040		1997-01-01		CHATEAU DES BRETONNIERES				0	0	1		227
R	DFCF	DFCF-37-041		1997-01-01		CHATEAU DE ROCHEFURET				0	0	1		227
R	DFCF	DFCF-37-042		1997-01-01		CHATEAU DES TOUCHES				0	0	1		227
R	DFCF	DFCF-37-043		1997-01-01		CHATEAU DE BOIS RENAULT				0	0	1		227
R	DFCF	DFCF-37-044		1997-01-01		CHATEAU LE COTEAU				0	0	1		227
R	DFCF	DFCF-37-045		1997-01-01		CHATEAU DE LEUGNY				0	0	1		227
R	DFCF	DFCF-37-046		1997-01-01		CHATEAU DE BEAUVAIS				0	0	1		227
R	DFCF	DFCF-37-047		1997-01-01		CHATEAU DE GAUDRU				0	0	1		227
R	DFCF	DFCF-37-048		1997-01-01		TOUR DE L'HORLOGE AMBOISE				0	0	1		227
R	DFCF	DFCF-37-049		1997-01-01		CHATEAU DU PLESSIS				0	0	1		227
R	DFCF	DFCF-37-050		1997-01-01		CHATEAU DE LA BORDE				0	0	1		227
R	DFCF	DFCF-37-051		1997-01-01		CHATEAU LES BELLES RURIES				0	0	1		227
R	DFCF	DFCF-37-052		1997-01-01		CHATEAU DE ROURIERS				0	0	1		227
R	DFCF	DFCF-37-053		1997-01-01		CHATEAU DE SEMBANCAY				0	0	1		227
R	DFCF	DFCF-37-054		1997-01-01		CHATEAU DE FONTAINE				0	0	1		227
R	DFCF	DFCF-37-055		1997-01-01		CHATEAU LONGUE PLAINE				0	0	1		227
R	DFCF	DFCF-37-056		1997-01-01		CHATEAU D'AMBILLE				0	0	1		227
R	DFCF	DFCF-37-057		1997-01-01		CHATEAU DE LA HARLANDIERE				0	0	1		227
R	DFCF	DFCF-37-058		1997-01-01		CHATEAU DE ROCHEFORT				0	0	1		227
R	DFCF	DFCF-37-059		1997-01-01		CHATEAU DE MONTIFRAY				0	0	1		227
R	DFCF	DFCF-37-060		1997-01-01		CHATEAU DE LAUNAY				0	0	1		227
R	DFCF	DFCF-37-061		1997-01-01		CHATEAU CHATELENNIE				0	0	1		227
R	DFCF	DFCF-37-062		1997-01-01		CHATEAU DE PRAY				0	0	1		227
R	DFCF	DFCF-37-063		1997-01-01		CHATEAU ROCHE				0	0	1		227
R	DFCF	DFCF-37-064		1997-01-01		CHATEAU DES ARPENTIS				0	0	1		227
R	DFCF	DFCF-37-065		1997-01-01		CHATEAU D'OLIVET				0	0	1		227
R	DFCF	DFCF-37-066		1997-01-01		CHATEAU DU CLOS LUCET				0	0	1		227
R	DFCF	DFCF-37-067		1997-01-01		CHATEAU DE MALVAU				0	0	1		227
R	DFCF	DFCF-37-068		1997-01-01		CHATEAU GAILLARD				0	0	1		227
R	DFCF	DFCF-37-069		1997-01-01		CHATEAU DE CHANTELOUP				0	0	1		227
R	DFCF	DFCF-37-070		1997-01-01		CHATEAU DE PARADIS				0	0	1		227
R	DFCF	DFCF-37-071		1997-01-01		CHATEAU DE BEAUVAIS				0	0	1		227
R	DFCF	DFCF-37-072		1997-01-01		CHATEAU DE BEAUMONT LA RONCE				0	0	1		227
R	DFCF	DFCF-37-073		1997-01-01		CHATEAU DE MIRANDOLE				0	0	1		227
R	DFCF	DFCF-37-074		1997-01-01		CHATEAU DE BOISBONNARD				0	0	1		227
R	DFCF	DFCF-37-075		1997-01-01		CHATEAU DE COMACRE				0	0	1		227
R	DFCF	DFCF-37-076		1997-01-01		CHATEAU DE MONTGOYER				0	0	1		227
R	DFCF	DFCF-37-077		1997-01-01		CHATEAU DE LA HAUTE BORDE				0	0	1		227
R	DFCF	DFCF-37-078		1997-01-01		CHATEAU DE LA MARTINERIE				0	0	1		227
R	DFCF	DFCF-37-079		1997-01-01		CHATEAU DE FONTENAILLE				0	0	1		227
R	DFCF	DFCF-37-080		1997-01-01		CHATEAU DE LA MARTINERIE				0	0	1		227
R	DFCF	DFCF-37-081		1997-01-01		CHATEAU DE ROUVRE				0	0	1		227
R	DFCF	DFCF-37-082		1997-01-01		CHATEAU DE LA DONETTERIE				0	0	1		227
R	DFCF	DFCF-37-083		1997-01-01		CHATEAU DE MALCOMBE A RILLE				0	0	1		227
R	DFCF	DFCF-37-084		1997-01-01		CHATEAU DE LA MULLONIERE				0	0	1		227
R	DFCF	DFCF-37-085		1997-01-01		CHATEAU DE L'AUBRIERE				0	0	1		227
R	DFCF	DFCF-37-086		1997-01-01		CHATEAU DE L'OUCHE				0	0	1		227
R	DFCF	DFCF-37-087		1997-01-01		CHATEAU DE MAZIERE				0	0	1		227
R	DFCF	DFCF-37-088		1997-01-01		CHATEAU DE LOCHES				0	0	1		227
R	DFCF	DFCF-37-089		1997-01-01		CHATEAU DE LA MARCHERE				0	0	1		227
R	DFCF	DFCF-37-090		1997-01-01		CHATEAU DE LA ROLANDIERE				0	0	1		227
R	DFCF	DFCF-37-091		1997-01-01		CHATEAU DE LA RIVIERE				0	0	1		227
R	DFCF	DFCF-37-092		1997-01-01		CHÂTEAU DE GENETEUIL				0	0	1		227
R	DFCF	DFCF-37-093		1997-01-01		CHÂTEAU DE LA GAGNERIE				0	0	1		227
R	DFCF	DFCF-37-094		1997-01-01		CHÂTEAU DE MONTPOUPON				0	0	1		227
R	DFCF	DFCF-37-095		1997-01-01		CHATEAU LANGEAIS				0	0	1		227
R	DFCF	DFCF-37-096		1997-01-01		CHATEAU DE GIZEUX				0	0	1		227
R	DFCF	DFCF-37-097		1997-01-01		CHATEAU DE REIGNAC				0	0	1		227
R	DFCF	DFCF-37-098		1997-01-01		MANOIR DE BAS VILLEPAYS				0	0	1		227
R	DFCF	DFCF-37-099		1997-01-01		CHATEAU DE MOULIN NEUF				0	0	1		227
R	DFCF	DFCF-37-108		1997-01-01		CHATEAU DE LAVILLAUMAIRE				0	0	1		227
R	DFCF	DFCF-37-109		1997-01-01		CHATEAU DE MONTBRUN				0	0	1		227
R	DFCF	DFCF-37-110		1997-01-01		CHATEAU DU BREUIL				0	0	1		227
R	DFCF	DFCF-37-111		1997-01-01		CHATEAU D'HARAMBURE				0	0	1		227
R	DFCF	DFCF-37-112		1997-01-01		CHATEAU DES REAUX				0	0	1		227
R	DFCF	DFCF-38-001		1997-01-01		CHATEAU DE PORTE				0	0	1		227
R	DFCF	DFCF-38-002		1997-01-01		CHATEAU DE BAYARD				0	0	1		227
R	DFCF	DFCF-38-003		1997-01-01		FORT BARRAUX				0	0	1		227
R	DFCF	DFCF-38-004		1997-01-01		CHATEAU DE BEAUPLAN				0	0	1		227
R	DFCF	DFCF-38-005		1997-01-01		CHATEAU DE CHAULNES				0	0	1		227
R	DFCF	DFCF-38-006		1997-01-01		CHATEAU DE VOISSANT				0	0	1		227
R	DFCF	DFCF-38-007		1997-01-01		CHATEAU DE VIZILLE				0	0	1		227
R	DFCF	DFCF-38-008		1997-01-01		CHATEAU DE VILLARD				0	0	1		227
R	DFCF	DFCF-38-009		1997-01-01		CHATEAU DE CREPON				0	0	1		227
R	DFCF	DFCF-38-010		1997-01-01		CHATEAU DE BRANGUES				0	0	1		227
R	DFCF	DFCF-38-011		1997-01-01		CHATEAU DE VERTRIEU				0	0	1		227
R	DFCF	DFCF-38-012		1997-01-01		CHATEAU DE LA MARINIERE				0	0	1		227
R	DFCF	DFCF-38-013		1997-01-01		CHATEAU DE LA COMBARRIERE				0	0	1		227
R	DFCF	DFCF-38-014		1997-01-01		CHATEAU DE LONGPRA				0	0	1		227
R	DFCF	DFCF-38-015		1997-01-01		CHATEAU DE CLERMONT				0	0	1		227
R	DFCF	DFCF-38-016		1997-01-01		CHATEAU AMBEL				0	0	1		227
R	DFCF	DFCF-38-017		1997-01-01		CHATEAU D'HERBEYS				0	0	1		227
R	DFCF	DFCF-38-018		1997-01-01		CHATEAU DES COMTES DE BARRAL				0	0	1		227
R	DFCF	DFCF-38-019		1997-01-01		TOUR DU TREUIL				0	0	1		227
R	DFCF	DFCF-38-020		1997-01-01		TOUR D'AVALON				0	0	1		227
R	DFCF	DFCF-38-021		1997-01-01		CHATEAU DE BOUQUERON				0	0	1		227
R	DFCF	DFCF-38-022		1997-01-01		FORT DU BOURCET				0	0	1		227
R	DFCF	DFCF-38-023		1997-01-01		CHATEAU PILON				0	0	1		227
R	DFCF	DFCF-38-024		1997-01-01		TOUR DES CHIENS				0	0	1		227
R	DFCF	DFCF-38-025		1997-01-01		CHATEAU DE VAULSERRE				0	0	1		227
R	DFCF	DFCF-38-026		1997-01-01		FORT DU SAINT EYNARD				0	0	1		227
R	DFCF	DFCF-38-027		1997-01-01		CHATEAU DE VEREL				0	0	1		227
R	DFCF	DFCF-38-028		1997-01-01		CHATEAU DE VIRIEU				0	0	1		227
R	DFCF	DFCF-38-029		1997-01-01		CHATEAU DE FALLAVIER				0	0	1		227
R	DFCF	DFCF-38-030		1997-01-01		CHATEAU DU PASSAGE				0	0	1		227
R	DFCF	DFCF-38-031		1997-01-01		CHATEAU DU CEZARGES				0	0	1		227
R	DFCF	DFCF-38-032		1997-01-01		CHATEAU DE THEZIEU				0	0	1		227
R	DFCF	DFCF-38-033		1997-01-01		CHATEAU DE PETIT MONT				0	0	1		227
R	DFCF	DFCF-38-034		1997-01-01		CHATEAU LE FORT				0	0	1		227
R	DFCF	DFCF-38-035		1997-01-01		CHATEAU DE DELPHINAL DE BOURGOIN				0	0	1		227
R	DFCF	DFCF-38-036		1997-01-01		CHATEAU DE DEMPTEZIEU				0	0	1		227
R	DFCF	DFCF-38-037		1997-01-01		CHATEAU DE PEYTIEU				0	0	1		227
R	DFCF	DFCF-38-038		1997-01-01		CHATEAU DE CHIMILIN				0	0	1		227
R	DFCF	DFCF-38-039		1997-01-01		MANOIR ATHENA				0	0	1		227
R	DFCF	DFCF-38-040		1997-01-01		CHATEAU DE MONTBALY				0	0	1		227
R	DFCF	DFCF-38-041		1997-01-01		CHATEAU DU VELLEIN				0	0	1		227
R	DFCF	DFCF-38-042		1997-01-01		CHATEAU DE MEPIEU				0	0	1		227
R	DFCF	DFCF-38-043		1997-01-01		CHATEAU DE RENODEL				0	0	1		227
R	DFCF	DFCF-38-044		1997-01-01		CHÂTEAU DU PERRET				0	0	1		227
R	DFCF	DFCF-38-045		1997-01-01		CHÂTEAU DE TOURNIN				0	0	1		227
R	DFCF	DFCF-38-046		1997-01-01		CHÂTEAU DE PUPETIERES				0	0	1		227
R	DFCF	DFCF-38-047		1997-01-01		CHÂTEAU DE FAVERGES DE LA TOUR				0	0	1		227
R	DFCF	DFCF-38-048		1997-01-01		CHATEAU MONCHENU				0	0	1		227
R	DFCF	DFCF-38-050		1997-01-01		CHATEAU DE BUFFIERES				0	0	1		227
R	DFCF	DFCF-38-055		1997-01-01		CHÂTEAU DES PANETTES				0	0	1		227
R	DFCF	DFCF-38-057		1997-01-01		CHÂTEAU ST PIERRE DE BRESSIEUX				0	0	1		227
R	DFCF	DFCF-38-058		1997-01-01		CHÂTEAU DE LUZY				0	0	1		227
R	DFCF	DFCF-38-060		1997-01-01		CHATEAU DE THUELLIN				0	0	1		227
R	DFCF	DFCF-38-063		1997-01-01		CHATEAU LA GALOCHERE				0	0	1		227
R	DFCF	DFCF-38-064		1997-01-01		TOUR RUINEE DU CHATEAU DE LESDIGUIERES				0	0	1		227
R	DFCF	DFCF-38-066		1997-01-01		CHATEAU DE MAXIMY				0	0	1		227
R	DFCF	DFCF-38-067		1997-01-01		CHATEAU DE CHARFFARDON				0	0	1		227
R	DFCF	DFCF-38-068		1997-01-01		MANOIR DE HAUTERIVE				0	0	1		227
R	DFCF	DFCF-38-069		1997-01-01		CHATEAU MAISON BLANCHE				0	0	1		227
R	DFCF	DFCF-38-070		1997-01-01		CHATEAU PONT DU GAZ				0	0	1		227
R	DFCF	DFCF-38-071		1997-01-01		CHATEAU DE VALLIN				0	0	1		227
R	DFCF	DFCF-38-072		1997-01-01		CHATEAU DU TOUVET				0	0	1		227
R	DFCF	DFCF-38-073		1997-01-01		CHATEAU DE CHAPEAU CORNU				0	0	1		227
R	DFCF	DFCF-38-074		1997-01-01		TOUR MEDIEVALE DE MORESTEL				0	0	1		227
R	DFCF	DFCF-38-075		1997-01-01		CHATEAU DE MONTBIVES				0	0	1		227
R	DFCF	DFCF-38-076		1997-01-01		CHATEAU SAINT VINCENT				0	0	1		227
R	DFCF	DFCF-38-077		1997-01-01		CHATEAU MOLETTE				0	0	1		227
R	DFCF	DFCF-38-078		1997-01-01		CHATEAU DE BEAUPLAN				0	0	1		227
R	DFCF	DFCF-38-079		1997-01-01		TOUR DU GRAND LOGIS				0	0	1		227
R	DFCF	DFCF-38-080		1997-01-01		CHATEAU DE MOTBEL				0	0	1		227
R	DFCF	DFCF-38-081		1997-01-01		FORT RABOT				0	0	1		227
R	DFCF	DFCF-38-082		1997-01-01		CHATEAU DES VERNES				0	0	1		227
R	DFCF	DFCF-38-083		1997-01-01		CHATEAU DU VIVIER				0	0	1		227
R	DFCF	DFCF-38-084		1997-01-01		CHATEAU BAGATELLE				0	0	1		227
R	DFCF	DFCF-38-086		1997-01-01		CHATEAU DE ROMAGNIEU				0	0	1		227
R	DFCF	DFCF-38-087		1997-01-01		CHATEAU DE SASSENAGE				0	0	1		227
R	DFCF	DFCF-38-088		1997-01-01		TOUR D'ACQUIN				0	0	1		227
R	DFCF	DFCF-38-089		1997-01-01		CHATEAU DU TRIVIER				0	0	1		227
R	DFCF	DFCF-38-090		1997-01-01		CHATEAU DE BEAUREVOIR				0	0	1		227
R	DFCF	DFCF-38-091		1997-01-01		CHATEAU DE MONTCIZET				0	0	1		227
R	DFCF	DFCF-38-092		1997-01-01		CHATEAU DE CESSIEU				0	0	1		227
R	DFCF	DFCF-38-093		1997-01-01		CHATEAU ROSIERE				0	0	1		227
R	DFCF	DFCF-38-094		1997-01-01		CHATEAU DE SUREL				0	0	1		227
R	DFCF	DFCF-38-095		1997-01-01		CHATEAU TEYSSIER DE SAVY				0	0	1		227
R	DFCF	DFCF-38-096		1997-01-01		CHATEAU DES FURETS				0	0	1		227
R	DFCF	DFCF-38-097		1997-01-01		CHATEAU DE BEAUREGARD				0	0	1		227
R	DFCF	DFCF-38-098		1997-01-01		CHATEAU DE LA BECQUE				0	0	1		227
R	DFCF	DFCF-38-099		1997-01-01		TOUR DE CHARRAY				0	0	1		227
R	DFCF	DFCF-38-100		1997-01-01		CHATEAU DE BOREL				0	0	1		227
R	DFCF	DFCF-38-101		1997-01-01		FORT DE LA BASTILLE				0	0	1		227
R	DFCF	DFCF-38-102		1997-01-01		TOUR DE CLERMONT				0	0	1		227
R	DFCF	DFCF-38-103		1997-01-01		CHATEAU DE TOUVIERES				0	0	1		227
R	DFCF	DFCF-38-104		1997-01-01		CHATEAU DU MAS				0	0	1		227
R	DFCF	DFCF-38-105		1997-01-01		MANOIR DE COURBASSIERE				0	0	1		227
R	DFCF	DFCF-38-106		1997-01-01		CHATEAU FEODAL				0	0	1		227
R	DFCF	DFCF-38-107		1997-01-01		CHATEAU DE MONTFORT				0	0	1		227
R	DFCF	DFCF-38-108		1997-01-01		CHATAU DE VAUX MILIEU				0	0	1		227
R	DFCF	DFCF-38-O65		1997-01-01		CHATEAU DE MONTOLIVET				0	0	1		227
R	DFCF	DFCF-39-001		1997-01-01		CHATEAU DE MOLOMBOZ				0	0	1		227
R	DFCF	DFCF-39-002		1997-01-01		CHATEAU DE ST PIERRE				0	0	1		227
R	DFCF	DFCF-39-003		1997-01-01		CHATEAU DE VADAN				0	0	1		227
R	DFCF	DFCF-39-004		1997-01-01		CHATEAU FLOQUET				0	0	1		227
R	DFCF	DFCF-39-005		1997-01-01		CHATEAU D'ARLAY				0	0	1		227
R	DFCF	DFCF-39-006		1997-01-01		CHATEAU DE NOZEROY				0	0	1		227
R	DFCF	DFCF-39-007		1997-01-01		CHATEAU SAINTE MARIE				0	0	1		227
R	DFCF	DFCF-39-008		1997-01-01		CHATEAU PECAULDT				0	0	1		227
R	DFCF	DFCF-39-009		1997-01-01		TOUR GLORIETTE				0	0	1		227
R	DFCF	DFCF-39-010		1997-01-01		CHATEAU DE BALENCON				0	0	1		227
R	DFCF	DFCF-39-011		1997-01-01		FORT SAINT ANDRE				0	0	1		227
R	DFCF	DFCF-39-012		1997-01-01		CHATEAU OLIFERNE				0	0	1		227
R	DFCF	DFCF-39-013		1997-01-01		CHATEAU LE DESCHAUX				0	0	1		227
R	DFCF	DFCF-39-014		1997-01-01		CHATEAU DE CRISSEY				0	0	1		227
R	DFCF	DFCF-39-015		1997-01-01		CHATEAU DE CHAUSSIN				0	0	1		227
R	DFCF	DFCF-39-016		1997-01-01		CHATEAU GREA				0	0	1		227
R	DFCF	DFCF-39-017		1997-01-01		CHATEAU DE RATALIER				0	0	1		227
R	DFCF	DFCF-39-018		1997-01-01		CHATEAU MAYNAL				0	0	1		227
R	DFCF	DFCF-39-019		1997-01-01		CHATEAU ROSAY				0	0	1		227
R	DFCF	DFCF-39-020		1997-01-01		CHATEAU ROCHELLE				0	0	1		227
R	DFCF	DFCF-39-021		1997-01-01		CHATEAU BEAUFORT				0	0	1		227
R	DFCF	DFCF-39-022		1997-01-01		CHATEAU CHEVREAUX				0	0	1		227
R	DFCF	DFCF-39-023		1997-01-01		CHATEAU GIZIA				0	0	1		227
R	DFCF	DFCF-39-024		1997-01-01		FORT DES ROUSSES				0	0	1		227
R	DFCF	DFCF-39-025		1997-01-01		CHATEAU MUSSY				0	0	1		227
R	DFCF	DFCF-39-026		1997-01-01		CHATEAU CRESSIA				0	0	1		227
R	DFCF	DFCF-39-027		1997-01-01		CHATEAU COURLANS				0	0	1		227
R	DFCF	DFCF-39-028		1997-01-01		CHATEAU CORNOD				0	0	1		227
R	DFCF	DFCF-39-029		1997-01-01		CHATEAU DE COURBOUZON				0	0	1		227
R	DFCF	DFCF-39-030		1997-01-01		CHATEAU DU DIABLE				0	0	1		227
R	DFCF	DFCF-39-031		1997-01-01		CHATEAU DE VERNANTOIS				0	0	1		227
R	DFCF	DFCF-39-032		1997-01-01		TOUR GUILLAUME				0	0	1		227
R	DFCF	DFCF-39-033		1997-01-01		CHATEAU DE MONTAGNA LE RECONDUIT				0	0	1		227
R	DFCF	DFCF-39-034		1997-01-01		CHATEAU DE DOMBLANS				0	0	1		227
R	DFCF	DFCF-39-035		1997-01-01		CHATEAU DE CHATEAUFORT D'ARLAY				0	0	1		227
R	DFCF	DFCF-39-036		1997-01-01		CHATEAU DU PIN				0	0	1		227
R	DFCF	DFCF-39-037		1997-01-01		CHATEAU GUINAND				0	0	1		227
R	DFCF	DFCF-39-038		1997-01-01		CHATEAU FORT DU RISOUX				0	0	1		227
R	DFCF	DFCF-39-039		1997-01-01		CHATEAU DE FRONTENAY				0	0	1		227
R	DFCF	DFCF-39-040		1997-01-01		CHATEAU DE BLANDAN 1				0	0	1		227
R	DFCF	DFCF-39-041		1997-01-01		CHATEAU DE BLANDAN 2				0	0	1		227
R	DFCF	DFCF-39-042		1997-01-01		CHATEAU CHARRIN				0	0	1		227
R	DFCF	DFCF-39-043		1997-01-01		CHATEAU D'AZAN				0	0	1		227
R	DFCF	DFCF-39-044		1997-01-01		CHATEAU LECOURBE				0	0	1		227
R	DFCF	DFCF-39-045		1997-01-01		CHATEAU DE L'ETOILE				0	0	1		227
R	DFCF	DFCF-39-046		1997-01-01		TOUR DE TOULOUSE LE CHÂTEAU				0	0	1		227
R	DFCF	DFCF-39-047		1997-01-01		CHÂTEAU DE SYAM				0	0	1		227
R	DFCF	DFCF-39-048		1997-01-01		TOUR CHALON				0	0	1		227
R	DFCF	DFCF-39-049		1997-01-01		CHÂTEAU CARNOT				0	0	1		227
R	DFCF	DFCF-39-050		1997-01-01		CHÂTEAU DE L'ETOILE				0	0	1		227
R	DFCF	DFCF-39-051		1997-01-01		CHÂTEAU DE CHAVANNES				0	0	1		227
R	DFCF	DFCF-39-052		1997-01-01		CHÂTEAU DE LA SAUGE				0	0	1		227
R	DFCF	DFCF-39-053		1997-01-01		CHÂTEAU DE PERSSANGE				0	0	1		227
R	DFCF	DFCF-39-056		1997-01-01		CHÂTEAU D'ANDELOT				0	0	1		227
R	DFCF	DFCF-39-057		1997-01-01		CHÂTEAU DE LA MUYRE				0	0	1		227
R	DFCF	DFCF-39-059		1997-01-01		CHATEAU de DOLE				0	0	1		227
R	DFCF	DFCF-39-061		1997-01-01		CHATEAU DE MIREBEL				0	0	1		227
R	DFCF	DFCF-39-062		1997-01-01		TOUR DE L'EGLISE ST CLOUD				0	0	1		227
R	DFCF	DFCF-39-063		1997-01-01		CHÂTEAU D'ARTOIS				0	0	1		227
R	DFCF	DFCF-39-064		1997-01-01		CHATEAU de CHAPOIS				0	0	1		227
R	DFCF	DFCF-39-065		1997-01-01		CHÂTEAU NEW BLANS				0	0	1		227
R	DFCF	DFCF-39-067		1997-01-01		CHATEAU DE CHATEAUVIEUX				0	0	1		227
R	DFCF	DFCF-39-068		1997-01-01		CHATEAU DE MENTHON				0	0	1		227
R	DFCF	DFCF-39-069		1997-01-01		TOUR DE DEFENSE ORGELET				0	0	1		227
R	DFCF	DFCF-39-070		1997-01-01		TOUR DE L'HORLOGE				0	0	1		227
R	DFCF	DFCF-39-072		1997-01-01		CHATEAU DU POUPET				0	0	1		227
R	DFCF	DFCF-39-073		1997-01-01		FORT BELIN				0	0	1		227
R	DFCF	DFCF-39-074		1997-01-01		CHATEAU DE MARIGNA				0	0	1		227
R	DFCF	DFCF-40-001		1997-01-01		CHATEAU DE RAVIGNAN				0	0	1		227
R	DFCF	DFCF-40-002		1997-01-01		CHATEAU DE BEGUS				0	0	1		227
R	DFCF	DFCF-40-003		1997-01-01		CHATEAU DE LACQUY				0	0	1		227
R	DFCF	DFCF-40-004		1997-01-01		CHATEAU DE CAUMALE				0	0	1		227
R	DFCF	DFCF-40-005		1997-01-01		CHATEAU DE PEYREBERE				0	0	1		227
R	DFCF	DFCF-40-006		1997-01-01		CHATEAU PEYREBERE				0	0	1		227
R	DFCF	DFCF-40-007		1997-01-01		CHATEAUJOURDAN				0	0	1		227
R	DFCF	DFCF-40-008		1997-01-01		CHATEAU DE POYANNE				0	0	1		227
R	DFCF	DFCF-40-009		1997-01-01		CHATEAU ARRICAU				0	0	1		227
R	DFCF	DFCF-40-010		1997-01-01		CHATEAU FEODAL DE SAINT MARTIN				0	0	1		227
R	DFCF	DFCF-40-011		1997-01-01		CHATEAU DE VINCENNES				0	0	1		227
R	DFCF	DFCF-40-012		1997-01-01		CHATEAU NAHUQUES				0	0	1		227
R	DFCF	DFCF-40-013		1997-01-01		CHATEAU BORDUS				0	0	1		227
R	DFCF	DFCF-40-014		1997-01-01		CHATEAU DE LAU				0	0	1		227
R	DFCF	DFCF-40-015		1997-01-01		CHATEAU DE BACHEN				0	0	1		227
R	DFCF	DFCF-40-016		1997-01-01		CHATEAU D'AON				0	0	1		227
R	DFCF	DFCF-40-017		1997-01-01		CHATEAU ROUTGER				0	0	1		227
R	DFCF	DFCF-40-018		1997-01-01		CHATEAU DE SAINT JEAN				0	0	1		227
R	DFCF	DFCF-40-019		1997-01-01		CHATEAU DE CAPTAN				0	0	1		227
R	DFCF	DFCF-40-020		1997-01-01		CHATEAU DE MARRAST				0	0	1		227
R	DFCF	DFCF-40-021		1997-01-01		CHATEAU DE BRIAT				0	0	1		227
R	DFCF	DFCF-40-022		1997-01-01		CHATEAU DE LUZAN				0	0	1		227
R	DFCF	DFCF-40-023		1997-01-01		CHATEAU GAUJACQ				0	0	1		227
R	DFCF	DFCF-40-024		1997-01-01		CHATEAU PLAISANCE				0	0	1		227
R	DFCF	DFCF-40-025		1997-01-01		CHATEAU JOUANDA				0	0	1		227
R	DFCF	DFCF-40-026		1997-01-01		CHATEAU LACAZE				0	0	1		227
R	DFCF	DFCF-40-027		1997-01-01		CHATEAU SOUITH				0	0	1		227
R	DFCF	DFCF-40-028		1997-01-01		CHATEAU MILLETON				0	0	1		227
R	DFCF	DFCF-40-029		1997-01-01		CHATEAU CASTILLON				0	0	1		227
R	DFCF	DFCF-40-030		1997-01-01		CHATEAU D'ESTIGNOL				0	0	1		227
R	DFCF	DFCF-40-031		1997-01-01		CHATEAU D'ALBRET				0	0	1		227
R	DFCF	DFCF-40-032		1997-01-01		CHATEAU D'ARTASSENX				0	0	1		227
R	DFCF	DFCF-40-033		1997-01-01		CHATEAU RENTY				0	0	1		227
R	DFCF	DFCF-40-034		1997-01-01		CHATEAU FONDAT				0	0	1		227
R	DFCF	DFCF-40-035		1997-01-01		CHATEAU JULIAC				0	0	1		227
R	DFCF	DFCF-40-036		1997-01-01		CHATEAU LE PRADO				0	0	1		227
R	DFCF	DFCF-40-037		1997-01-01		CHATEAU DE DADE				0	0	1		227
R	DFCF	DFCF-40-038		1997-01-01		CHATEAU DE BENQUET				0	0	1		227
R	DFCF	DFCF-40-039		1997-01-01		CHATEAU DE CAUMALE				0	0	1		227
R	DFCF	DFCF-40-070		1997-01-01		CHÂTEAU LAMARQUE				0	0	1		227
R	DFCF	DFCF-40-071		1997-01-01		CHÂTEAU AGES				0	0	1		227
R	DFCF	DFCF-40-072		1997-01-01		CHÂTEAU CERE				0	0	1		227
R	DFCF	DFCF-40-073		1997-01-01		CHÂTEAU CANENX				0	0	1		227
R	DFCF	DFCF-40-074		1997-01-01		CHÂTEAU ROCHEFORT-LAVIE				0	0	1		227
R	DFCF	DFCF-40-075		1997-01-01		CHÂTEAU BEYRIES				0	0	1		227
R	DFCF	DFCF-40-076		1997-01-01		CHÂTEAU DES EVEQUES				0	0	1		227
R	DFCF	DFCF-40-077		1997-01-01		CHÂTEAU DE BOUCOSSE				0	0	1		227
R	DFCF	DFCF-40-078		1997-01-01		CHÂTEAU D'ARCET				0	0	1		227
R	DFCF	DFCF-41-001		1997-01-01		CHATEAU DE MAREUIL				0	0	1		227
R	DFCF	DFCF-41-002		1997-01-01		CHATEAU DES GROTTEAUX				0	0	1		227
R	DFCF	DFCF-41-003		1997-01-01		CHATEAU DE MONTLIVAULT				0	0	1		227
R	DFCF	DFCF-41-004		1997-01-01		CHATEAU PIMPENEAU				0	0	1		227
R	DFCF	DFCF-41-005		1997-01-01		CHATEAU DE CHAMBORD				0	0	1		227
R	DFCF	DFCF-41-006		1997-01-01		CHATEAU DE VILLESAVIN				0	0	1		227
R	DFCF	DFCF-41-007		1997-01-01		CHATEAU DE BLOIS				0	0	1		227
R	DFCF	DFCF-41-008		1997-01-01		CHATEAU DE BURY				0	0	1		227
R	DFCF	DFCF-41-009		1997-01-01		CHATEAU DE CHAUMONT				0	0	1		227
R	DFCF	DFCF-41-010		1997-01-01		CHATEAU DE TALCY				0	0	1		227
R	DFCF	DFCF-41-011		1997-01-01		CHATEAU DE MENARS				0	0	1		227
R	DFCF	DFCF-41-012		1997-01-01		CHATEAU DE BEAUREGARD				0	0	1		227
R	DFCF	DFCF-41-013		1997-01-01		CHATEAU CHATEAUVIEUX				0	0	1		227
R	DFCF	DFCF-41-014		1997-01-01		CHATEAU LA LANDE				0	0	1		227
R	DFCF	DFCF-41-015		1997-01-01		CHATEAU NOZIEUX				0	0	1		227
R	DFCF	DFCF-41-016		1997-01-01		CHATEAU DE CHEMERY				0	0	1		227
R	DFCF	DFCF-41-017		1997-01-01		CHATEAU SAINT AIGNAN/CHER				0	0	1		227
R	DFCF	DFCF-41-018		1997-01-01		CHATEAU DE SAUMERY				0	0	1		227
R	DFCF	DFCF-41-019		1997-01-01		CHATEAU DE MADON				0	0	1		227
R	DFCF	DFCF-41-020		1997-01-01		CHATEAU DE LA PIGEONNIERE				0	0	1		227
R	DFCF	DFCF-41-021		1997-01-01		CHATEAU DE VILLELOUET				0	0	1		227
R	DFCF	DFCF-41-022		1997-01-01		CHATEAU DE LA ROSELLE				0	0	1		227
R	DFCF	DFCF-41-023		1997-01-01		CHATEAU SAINT DENIS				0	0	1		227
R	DFCF	DFCF-41-024		1997-01-01		CHATEAU SELLES /CHER				0	0	1		227
R	DFCF	DFCF-41-025		1997-01-01		CHATEAU LA HARDONIERE				0	0	1		227
R	DFCF	DFCF-41-026		1997-01-01		CHATEAU DE L'ORME				0	0	1		227
R	DFCF	DFCF-41-027		1997-01-01		CHATEAU CLENORD				0	0	1		227
R	DFCF	DFCF-41-028		1997-01-01		CHATEAU BOUSSEUIL				0	0	1		227
R	DFCF	DFCF-41-029		1997-01-01		CHATEAU LE VIVIER				0	0	1		227
R	DFCF	DFCF-41-030		1997-01-01		CHATEAU DU COLLIER				0	0	1		227
R	DFCF	DFCF-41-031		1997-01-01		CHATEAU LA VICOMTE				0	0	1		227
R	DFCF	DFCF-41-032		1997-01-01		CHATEAU LA BORDE				0	0	1		227
R	DFCF	DFCF-41-033		1997-01-01		CHATEAU LA JUSTINIERE				0	0	1		227
R	DFCF	DFCF-41-034		1997-01-01		CHATEAU LA CHESNAIE				0	0	1		227
R	DFCF	DFCF-41-035		1997-01-01		CHATEAU DU MARAIS				0	0	1		227
R	DFCF	DFCF-41-036		1997-01-01		TOUR BEAUVOIR				0	0	1		227
R	DFCF	DFCF-41-037		1997-01-01		CHATEAU MONTRIOND				0	0	1		227
R	DFCF	DFCF-41-038		1997-01-01		CHATEAU DE ROCHERES				0	0	1		227
R	DFCF	DFCF-41-039		1997-01-01		CHATEAU DE CONON				0	0	1		227
R	DFCF	DFCF-41-040		1997-01-01		CHATEAU DE PEZAY				0	0	1		227
R	DFCF	DFCF-41-041		1997-01-01		CHATEAU DE FOUGERES				0	0	1		227
R	DFCF	DFCF-41-042		1997-01-01		CHATEAU DE CHEVERNY				0	0	1		227
R	DFCF	DFCF-41-043		1997-01-01		CHATEAU DE LA BORDE				0	0	1		227
R	DFCF	DFCF-41-044		1997-01-01		CHATEAU DE LA POSTE				0	0	1		227
R	DFCF	DFCF-41-045		1997-01-01		CHATEAU DE LA VRILLIERE				0	0	1		227
R	DFCF	DFCF-41-046		1997-01-01		CHATEAU DE LA MAISON VERTE				0	0	1		227
R	DFCF	DFCF-41-047		1997-01-01		CHATEAU DE SEILLAC				0	0	1		227
R	DFCF	DFCF-41-048		1997-01-01		CHATEAU DE AULNIERE				0	0	1		227
R	DFCF	DFCF-41-049		1997-01-01		CHATEAU DE LA COQUE				0	0	1		227
R	DFCF	DFCF-41-050		1997-01-01		CHATEAU DE LA GAGNOTTERIE				0	0	1		227
R	DFCF	DFCF-41-051		1997-01-01		CHATEAU DE L'ANGEVINIERE				0	0	1		227
R	DFCF	DFCF-41-052		1997-01-01		CHATEAU DU BREUIL				0	0	1		227
R	DFCF	DFCF-41-053		1997-01-01		CHATEAU DE FRILEUSE				0	0	1		227
R	DFCF	DFCF-41-054		1997-01-01		CHATEAU DE LA COLLIVAULT				0	0	1		227
R	DFCF	DFCF-41-055		1997-01-01		CHATEAU LEGUELAGUETTE				0	0	1		227
R	DFCF	DFCF-41-056		1997-01-01		CHATEAU LUTAINE				0	0	1		227
R	DFCF	DFCF-41-057		1997-01-01		CHATEAU DU MOULIN				0	0	1		227
R	DFCF	DFCF-41-058		1997-01-01		CHATEAU LES FUSELIERES				0	0	1		227
R	DFCF	DFCF-41-059		1997-01-01		CHATEAU DE CHANTREUIL				0	0	1		227
R	DFCF	DFCF-41-060		1997-01-01		CHATEAU DE LA BIJOURIE				0	0	1		227
R	DFCF	DFCF-41-061		1997-01-01		CHATEAU DE BEAUMONT				0	0	1		227
R	DFCF	DFCF-41-062		1997-01-01		CHATEAU DE LA TAURIE				0	0	1		227
R	DFCF	DFCF-41-063		1997-01-01		CHATEAU LES TOURELLES				0	0	1		227
R	DFCF	DFCF-41-064		1997-01-01		CHATEAU LES MURBLINS				0	0	1		227
R	DFCF	DFCF-41-065		1997-01-01		CHATEAU DE SERIGNY				0	0	1		227
R	DFCF	DFCF-41-066		1997-01-01		CHATEAU GAILLARD				0	0	1		227
R	DFCF	DFCF-41-067		1997-01-01		CHATEAU DE LA BOISSIERE				0	0	1		227
R	DFCF	DFCF-41-068		1997-01-01		CHATEAU SAINTE MARIE				0	0	1		227
R	DFCF	DFCF-41-069		1997-01-01		CHATEAU DE CHITENAY				0	0	1		227
R	DFCF	DFCF-41-070		1997-01-01		CHATEAU DE MALABRY				0	0	1		227
R	DFCF	DFCF-41-071		1997-01-01		CHATEAU DE LA GENDRONNIERE				0	0	1		227
R	DFCF	DFCF-41-072		1997-01-01		CHATEAU LE VIEUX PRESSOIR				0	0	1		227
R	DFCF	DFCF-41-073		1997-01-01		CHATEAU BEAU SEJOUR				0	0	1		227
R	DFCF	DFCF-41-074		1997-01-01		CHATEAU DE LALOINT				0	0	1		227
R	DFCF	DFCF-41-075		1997-01-01		CHATEAU DE DIZIER				0	0	1		227
R	DFCF	DFCF-41-076		1997-01-01		CHATEAU LE CHATELIER				0	0	1		227
R	DFCF	DFCF-41-077		1997-01-01		CHATEAU LES HAIES				0	0	1		227
R	DFCF	DFCF-41-078		1997-01-01		CHATEAU CABRIERE				0	0	1		227
R	DFCF	DFCF-41-079		1997-01-01		CHATEAU MOULIN NEUF				0	0	1		227
R	DFCF	DFCF-41-081		1997-01-01		CHATEAU DES VITRES				0	0	1		227
R	DFCF	DFCF-41-082		1997-01-01		CHATEAU ROCON				0	0	1		227
R	DFCF	DFCF-41-083		1997-01-01		CHATEAU DE SAVONNIERE				0	0	1		227
R	DFCF	DFCF-41-084		1997-01-01		CHATEAU DE CHEVENELLE				0	0	1		227
R	DFCF	DFCF-41-085		1997-01-01		CHATEAU DE BEAUJOUR				0	0	1		227
R	DFCF	DFCF-41-086		1997-01-01		CHATEAU DE VENDOME				0	0	1		227
R	DFCF	DFCF-41-087		1997-01-01		CHATEAU DE CAILLETTERIE				0	0	1		227
R	DFCF	DFCF-41-088		1997-01-01		CHATEAU DE MORINIERE				0	0	1		227
R	DFCF	DFCF-41-089		1997-01-01		CHATEAU DE CHANTELOIRE				0	0	1		227
R	DFCF	DFCF-41-090		1997-01-01		CHATEAU LES BROSSES				0	0	1		227
R	DFCF	DFCF-41-091		1997-01-01		CHATEAU DE LA GRANDE BOURDONNIERE				0	0	1		227
R	DFCF	DFCF-41-092		1997-01-01		CHATEAU DE NANTEUIL				0	0	1		227
R	DFCF	DFCF-41-093		1997-01-01		CHATEAU DE LA SOURDIERE				0	0	1		227
R	DFCF	DFCF-41-094		1997-01-01		CHATEAU DE FRECHINE				0	0	1		227
R	DFCF	DFCF-41-095		1997-01-01		CHATEAU DE AVARAY				0	0	1		227
R	DFCF	DFCF-41-096		1997-01-01		CHATEAU GAILLARD N° 2				0	0	1		227
R	DFCF	DFCF-41-097		1997-01-01		CHATEAU DE HERBILLY				0	0	1		227
R	DFCF	DFCF-41-098		1997-01-01		CHATEAU DE CHASSAY				0	0	1		227
R	DFCF	DFCF-41-099		1997-01-01		CHATEAU DE LA MOTTE				0	0	1		227
R	DFCF	DFCF-41-100		1997-01-01		CHATEAU BOISSAY				0	0	1		227
R	DFCF	DFCF-41-101		1997-01-01		CHATEAU VILLIERS				0	0	1		227
R	DFCF	DFCF-41-102		1997-01-01		CHATEAU DE LA SOURCE				0	0	1		227
R	DFCF	DFCF-41-103		1997-01-01		CHATEAU DE ROUGOUX				0	0	1		227
R	DFCF	DFCF-41-104		1997-01-01		CHATEAU DE VARENNE				0	0	1		227
R	DFCF	DFCF-41-105		1997-01-01		CHATEAU DE MEUVES				0	0	1		227
R	DFCF	DFCF-41-106		1997-01-01		CHATEAU LES CAVES				0	0	1		227
R	DFCF	DFCF-41-107		1997-01-01		CHATEAU DE MONTEAUX				0	0	1		227
R	DFCF	DFCF-41-108		1997-01-01		CHATEAU LE CHEREAU				0	0	1		227
R	DFCF	DFCF-41-109		1997-01-01		CHATEAU DE VILLEMORANT				0	0	1		227
R	DFCF	DFCF-41-110		1997-01-01		CHATEAU DE LA TOUCHETTE				0	0	1		227
R	DFCF	DFCF-41-111		1997-01-01		CHATEAU LA BASME				0	0	1		227
R	DFCF	DFCF-41-112		1997-01-01		CHATEAU LES GRILLONS				0	0	1		227
R	DFCF	DFCF-41-113		1997-01-01		CHATEAU DE COURBANTON				0	0	1		227
R	DFCF	DFCF-41-114		1997-01-01		CHATEAU DE VILLETARD				0	0	1		227
R	DFCF	DFCF-41-115		1997-01-01		CHATEAU DE HERBAULT				0	0	1		227
R	DFCF	DFCF-41-116		1997-01-01		CHATEAU LE COURAY				0	0	1		227
R	DFCF	DFCF-41-117		1997-01-01		CHATEAU DE VEILLENNE				0	0	1		227
R	DFCF	DFCF-41-118		1997-01-01		CHATEAU DE GUE PEAN				0	0	1		227
R	DFCF	DFCF-41-119		1997-01-01		CHATEAU DE TROUSSAY				0	0	1		227
R	DFCF	DFCF-41-120		1997-01-01		CHATEAU DES FORGES				0	0	1		227
R	DFCF	DFCF-41-121		1997-01-01		CHATEAU DE LA BORDE				0	0	1		227
R	DFCF	DFCF-41-122		1997-01-01		CHATEAU LA FERTE BEAUHARNAY				0	0	1		227
R	DFCF	DFCF-41-123		1997-01-01		CHATEAU LA ROUGELLERIE				0	0	1		227
R	DFCF	DFCF-41-124		1997-01-01		CHATEAU DE LA RUE				0	0	1		227
R	DFCF	DFCF-41-125		1997-01-01		CHATEAU DE MONTEVRAN				0	0	1		227
R	DFCF	DFCF-41-126		1997-01-01		CHATEAU LE MOUSSEAU				0	0	1		227
R	DFCF	DFCF-41-127		1997-01-01		CHATEAU DE VILLEDARD				0	0	1		227
R	DFCF	DFCF-41-128		1997-01-01		CHATEAU DE LA TOUCHE				0	0	1		227
R	DFCF	DFCF-41-129		1997-01-01		CHATEAU LES BRUYERES				0	0	1		227
R	DFCF	DFCF-41-130		1997-01-01		CHATEAU LE CORVIER				0	0	1		227
R	DFCF	DFCF-41-131		1997-01-01		CHATEAU DE LA FERTE SAINT CYR				0	0	1		227
R	DFCF	DFCF-41-132		1997-01-01		CHATEAU LA DRELAS				0	0	1		227
R	DFCF	DFCF-41-133		1997-01-01		CHATEAU DE CONTRES				0	0	1		227
R	DFCF	DFCF-41-134		1997-01-01		CHATEAU DE LA CHAUVELLERIE				0	0	1		227
R	DFCF	DFCF-41-135		1997-01-01		CHATEAU LE GUE MULON				0	0	1		227
R	DFCF	DFCF-41-136		1997-01-01		CHATEAU DE SAINT-GERVAIS LA FORET				0	0	1		227
R	DFCF	DFCF-41-137		1997-01-01		CHATEAU SOUCIS				0	0	1		227
R	DFCF	DFCF-41-138		1997-01-01		CHATEAU PLESSIS				0	0	1		227
R	DFCF	DFCF-41-139		1997-01-01		CHATEAU POULAIN				0	0	1		227
R	DFCF	DFCF-41-140		1997-01-01		CHATEAU L' ISLE VERTE				0	0	1		227
R	DFCF	DFCF-41-141		1997-01-01		CHATEAU LA BARBOIRE				0	0	1		227
R	DFCF	DFCF-41-142		1997-01-01		CHATEAU BORDES				0	0	1		227
R	DFCF	DFCF-41-143		1997-01-01		CHATEAU DE RIVAULDE				0	0	1		227
R	DFCF	DFCF-41-144		1997-01-01		CHATEAU LE VIEUX CHATEAU				0	0	1		227
R	DFCF	DFCF-41-145		1997-01-01		CHATEAU BOIS RENARD				0	0	1		227
R	DFCF	DFCF-41-146		1997-01-01		CHATEAU JOUBERT				0	0	1		227
R	DFCF	DFCF-41-161		1997-01-01		PALAIS DES EVEQUES DE BLOIS				0	0	1		227
R	DFCF	DFCF-41-162		1997-01-01		CHATEAU DE CHAON				0	0	1		227
R	DFCF	DFCF-41-163		1997-01-01		CHATEAU DE LA BOULE AUX CAILLOUX				0	0	1		227
R	DFCF	DFCF-41-164		1997-01-01		CHATEAU DE MOLEON				0	0	1		227
R	DFCF	DFCF-41-165		1997-01-01		CHATEAU DE BEAUVAL				0	0	1		227
R	DFCF	DFCF-41-166		1997-01-01		CHATEAU DE LAVARDIN				0	0	1		227
R	DFCF	DFCF-42-001		1997-01-01		CHATEAU DE BOISY				0	0	1		227
R	DFCF	DFCF-42-002		1997-01-01		CHATEAU ST MARCEL DE FELINES				0	0	1		227
R	DFCF	DFCF-42-003		1997-01-01		CHATEAU DE SAIL SOUS COUZAN				0	0	1		227
R	DFCF	DFCF-42-004		1997-01-01		CHATEAU DE SAIL LES BAINS				0	0	1		227
R	DFCF	DFCF-42-005		1997-01-01		CHATEAU DE NEUBOURG				0	0	1		227
R	DFCF	DFCF-42-006		1997-01-01		CHATEAU CHAUGY				0	0	1		227
R	DFCF	DFCF-42-007		1997-01-01		CHATEAU DE BATAILLOUX				0	0	1		227
R	DFCF	DFCF-42-008		1997-01-01		CHATEAU LA CHAMARANDE				0	0	1		227
R	DFCF	DFCF-42-009		1997-01-01		CHATEAU DE TARON				0	0	1		227
R	DFCF	DFCF-42-010		1997-01-01		CHATEAU CHANGY				0	0	1		227
R	DFCF	DFCF-42-011		1997-01-01		CHATEAU DE CHATEAUMAURAND				0	0	1		227
R	DFCF	DFCF-42-012		1997-01-01		CHATEAU DE RILLY				0	0	1		227
R	DFCF	DFCF-42-013		1997-01-01		CHATEAU DE CHAMPAGNY				0	0	1		227
R	DFCF	DFCF-42-014		1997-01-01		CHATEAU D'AILLY				0	0	1		227
R	DFCF	DFCF-42-015		1997-01-01		CHATEAU DE LA ROCHE THEVENARD				0	0	1		227
R	DFCF	DFCF-42-016		1997-01-01		CHATEAU DE LA ROCHE				0	0	1		227
R	DFCF	DFCF-42-017		1997-01-01		CHATEAU DE MONTAGNY				0	0	1		227
R	DFCF	DFCF-42-018		1997-01-01		CHATEAU DE CORMILLON				0	0	1		227
R	DFCF	DFCF-42-019		1997-01-01		CHATEAU DE LA TOUR				0	0	1		227
R	DFCF	DFCF-42-020		1997-01-01		CHATEAU ESSALOIS				0	0	1		227
R	DFCF	DFCF-42-021		1997-01-01		CHATEAU DE RESSINS				0	0	1		227
R	DFCF	DFCF-42-022		1997-01-01		CHATEAU DU VERDIER				0	0	1		227
R	DFCF	DFCF-42-023		1997-01-01		CHATEAU DE CHALMAZEL				0	0	1		227
R	DFCF	DFCF-42-024		1997-01-01		CHATEAU DES CORNES D'URFE				0	0	1		227
R	DFCF	DFCF-42-025		1997-01-01		CHATEAU LES BONNEVEAUX				0	0	1		227
R	DFCF	DFCF-42-026		1997-01-01		CHATEAU VOUGY				0	0	1		227
R	DFCF	DFCF-42-027		1997-01-01		CHATEAU DE BOUTHEON				0	0	1		227
R	DFCF	DFCF-42-028		1997-01-01		CHATEAU DE GOUTELAS				0	0	1		227
R	DFCF	DFCF-42-029		1997-01-01		CHATEAU DE L'AUBEPIN				0	0	1		227
R	DFCF	DFCF-42-030		1997-01-01		CHATEAU CHENEREILLES				0	0	1		227
R	DFCF	DFCF-42-031		1997-01-01		CHÂTEAU DE LA GRYE				0	0	1		227
R	DFCF	DFCF-42-032		1997-01-01		CHATEAU BAZOURGE				0	0	1		227
R	DFCF	DFCF-42-035		1997-01-01		TOUR DE CHAMBLE				0	0	1		227
R	DFCF	DFCF-42-036		1997-01-01		CHÂTEAU DE GRANGENT				0	0	1		227
R	DFCF	DFCF-42-041		1997-01-01		CHÂTEAU DE VALINCHES				0	0	1		227
R	DFCF	DFCF-42-042		1997-01-01		CHÂTEAU MARANDIERE				0	0	1		227
R	DFCF	DFCF-42-043		1997-01-01		CHATEAU DE LEIGNECQ				0	0	1		227
R	DFCF	DFCF-42-044		1997-01-01		CHATEAU MONTARCHER				0	0	1		227
R	DFCF	DFCF-42-045		1997-01-01		CHATEAU DE QUERESIEUX				0	0	1		227
R	DFCF	DFCF-42-047		1997-01-01		CHATEAU DE BARALLIERE				0	0	1		227
R	DFCF	DFCF-42-048		1997-01-01		CHATEAU DE ST MARCELIN				0	0	1		227
R	DFCF	DFCF-42-049		1997-01-01		MANOIR DU COLOMBIER				0	0	1		227
R	DFCF	DFCF-42-050		1997-01-01		CHATEAU DE LA VALLA EN GIER				0	0	1		227
R	DFCF	DFCF-42-051		1997-01-01		CHATEAU LAPIERRE				0	0	1		227
R	DFCF	DFCF-42-052		1997-01-01		CHATEAU LE POYET				0	0	1		227
R	DFCF	DFCF-42-053		1997-01-01		CHATEAU DE VASSALIEUX				0	0	1		227
R	DFCF	DFCF-43-001		1997-01-01		CHATEAU DE VISSAC				0	0	1		227
R	DFCF	DFCF-43-002		1997-01-01		CHATEAU DES MOINES SACRITAINS				0	0	1		227
R	DFCF	DFCF-43-003		1997-01-01		CHATEAU CHAZOUNES				0	0	1		227
R	DFCF	DFCF-43-004		1997-01-01		CHATEAU ROCHEBARON				0	0	1		227
R	DFCF	DFCF-43-005		1997-01-01		CHATEAU DE CHAVANIAC LAFAYETTE				0	0	1		227
R	DFCF	DFCF-43-006		1997-01-01		CHATEAU DE CHASSAGNON				0	0	1		227
R	DFCF	DFCF-43-007		1997-01-01		CHATEAU DE CHAMP				0	0	1		227
R	DFCF	DFCF-43-009		1997-01-01		CHATEAU DE NANT				0	0	1		227
R	DFCF	DFCF-43-010		1997-01-01		CHATEAU DU FLACHAT				0	0	1		227
R	DFCF	DFCF-43-011		1997-01-01		CHATEAU DES EVEQUES				0	0	1		227
R	DFCF	DFCF-43-012		1997-01-01		CHATEAU D'ARLEMPDES				0	0	1		227
R	DFCF	DFCF-43-013		1997-01-01		CHATEAU DE LA ROCHELAMBERT				0	0	1		227
R	DFCF	DFCF-43-014		1997-01-01		CHATEAU MONTBARNIER				0	0	1		227
R	DFCF	DFCF-44-001		1997-01-01		CHATEAU DE LA DUCHESSE ANNE				0	0	1		227
R	DFCF	DFCF-44-002		1997-01-01		CHATEAU DE CLERMONT				0	0	1		227
R	DFCF	DFCF-44-003		1997-01-01		CHATEAU DE GOULAINE				0	0	1		227
R	DFCF	DFCF-44-004		1997-01-01		CHATEAU DE LA BERRIERE				0	0	1		227
R	DFCF	DFCF-44-006		1997-01-01		CHATEAU DE L'HERMITAGE				0	0	1		227
R	DFCF	DFCF-44-007		1997-01-01		CHATEAU LE MORTIER				0	0	1		227
R	DFCF	DFCF-44-008		1997-01-01		CHATEAU DE LA GRESSIERE				0	0	1		227
R	DFCF	DFCF-44-010		1997-01-01		CHATEAU DES SIRES DE RETZ				0	0	1		227
R	DFCF	DFCF-44-011		1997-01-01		CHATEAU DE L'ARSANGLE				0	0	1		227
R	DFCF	DFCF-44-012		1997-01-01		CHATEAU DE LA QUETERAIE				0	0	1		227
R	DFCF	DFCF-44-013		1997-01-01		CHATEAU DU CERNY				0	0	1		227
R	DFCF	DFCF-44-014		1997-01-01		CHATEAU DE LA TOCNAYE				0	0	1		227
R	DFCF	DFCF-44-015		1997-01-01		CHATEAU DE LA MOSSARDIERE				0	0	1		227
R	DFCF	DFCF-44-016		1997-01-01		CHATEAU DE LA GARENNE				0	0	1		227
R	DFCF	DFCF-44-017		1997-01-01		CHATEAU DE L'ESTUNIERE				0	0	1		227
R	DFCF	DFCF-44-018		1997-01-01		CHATEAU DE LA CLAIE				0	0	1		227
R	DFCF	DFCF-44-019		1997-01-01		CHATEAU DU PLESSI GRIMAUD				0	0	1		227
R	DFCF	DFCF-44-020		1997-01-01		CHATEAU DE KERMOAREL				0	0	1		227
R	DFCF	DFCF-44-021		1997-01-01		CHATEAU DE LA CORBINAIS				0	0	1		227
R	DFCF	DFCF-44-022		1997-01-01		CHATEAU DE LA BIROCHERE				0	0	1		227
R	DFCF	DFCF-44-023		1997-01-01		CHATEAU DES RAILLERES				0	0	1		227
R	DFCF	DFCF-44-024		1997-01-01		CHATEAU TOUR GRIMAUD				0	0	1		227
R	DFCF	DFCF-44-025		1997-01-01		CHATEAU DE LA VERRIE				0	0	1		227
R	DFCF	DFCF-44-026		1997-01-01		CHATEAU DE PRINCE				0	0	1		227
R	DFCF	DFCF-44-027		1997-01-01		CHATEAU DU ROCHER				0	0	1		227
R	DFCF	DFCF-44-028		1997-01-01		CHATEAU DE MONCEAU				0	0	1		227
R	DFCF	DFCF-44-029		1997-01-01		CHATEAU DE LA NOE				0	0	1		227
R	DFCF	DFCF-44-030		1997-01-01		CHATEAU DE LA DROITERE				0	0	1		227
R	DFCF	DFCF-44-031		1997-01-01		CHATEAU DU PORT MULON				0	0	1		227
R	DFCF	DFCF-44-032		1997-01-01		FORT CARRE				0	0	1		227
R	DFCF	DFCF-44-033		1997-01-01		FORT DE L'EVE				0	0	1		227
R	DFCF	DFCF-44-034		1997-01-01		CHATEAU LA MURAILLERE				0	0	1		227
R	DFCF	DFCF-44-035		1997-01-01		CHATEAU DE LA  VERGNE				0	0	1		227
R	DFCF	DFCF-44-037		1997-01-01		TOUR DE LA PIERRE A L ŒIL				0	0	1		227
R	DFCF	DFCF-44-039		1997-01-01		CHÂTEAU DU GRAND BLOTTEREAU				0	0	1		227
R	DFCF	DFCF-44-040		1997-01-01		CHÂTEAU DE LA SENAIGERIE				0	0	1		227
R	DFCF	DFCF-44-043		1997-01-01		CHÂTEAU DU BOIS DE LA NOE				0	0	1		227
R	DFCF	DFCF-44-047		1997-01-01		CHÂTEAU DE GUERE				0	0	1		227
R	DFCF	DFCF-44-048		1997-01-01		TOUR MEDIEVALE D OUDON				0	0	1		227
R	DFCF	DFCF-44-049		1997-01-01		CHATEAU DU PLESSIS DU VAIR				0	0	1		227
R	DFCF	DFCF-44-050		1997-01-01		CHATEAU LA COUR				0	0	1		227
R	DFCF	DFCF-45-001		1997-01-01		CHATEAU DE SULLY SUR LOIRE				0	0	1		227
R	DFCF	DFCF-45-002		1997-01-01		CHATEAU DU BIGNON				0	0	1		227
R	DFCF	DFCF-45-003		1997-01-01		CHATEAU DE L'AUGERIE				0	0	1		227
R	DFCF	DFCF-45-004		1997-01-01		CHATEAU LE CLOS ROY				0	0	1		227
R	DFCF	DFCF-45-005		1997-01-01		CHATEAU DE MALSHERBES				0	0	1		227
R	DFCF	DFCF-45-006		1997-01-01		CHATEAU DE ROUVILLE				0	0	1		227
R	DFCF	DFCF-45-007		1997-01-01		CHATEAU DE THOU				0	0	1		227
R	DFCF	DFCF-45-008		1997-01-01		CHATEAU ADON				0	0	1		227
R	DFCF	DFCF-45-009		1997-01-01		CHATEAU DE LA BUSSIERE				0	0	1		227
R	DFCF	DFCF-45-010		1997-01-01		CHATEAU SAINT PERE				0	0	1		227
R	DFCF	DFCF-45-011		1997-01-01		CHATEAU LA CHAPONNIERE				0	0	1		227
R	DFCF	DFCF-45-012		1997-01-01		CHATEAU DU MUGUET				0	0	1		227
R	DFCF	DFCF-45-013		1997-01-01		CHATEAU CHAMPOULET				0	0	1		227
R	DFCF	DFCF-45-014		1997-01-01		CHATEAU LA BARRE				0	0	1		227
R	DFCF	DFCF-45-015		1997-01-01		CHATEAU DE MONTARGIS				0	0	1		227
R	DFCF	DFCF-45-016		1997-01-01		CHATEAU TURELLE				0	0	1		227
R	DFCF	DFCF-45-017		1997-01-01		CHATEAU DE TOURY				0	0	1		227
R	DFCF	DFCF-45-018		1997-01-01		CHATEAU BELLECOUR				0	0	1		227
R	DFCF	DFCF-45-019		1997-01-01		CHATEAU DE LA FERTE SAINT AUBIN				0	0	1		227
R	DFCF	DFCF-45-020		1997-01-01		CHATEAU LA BRULERIE				0	0	1		227
R	DFCF	DFCF-45-021		1997-01-01		CHATEAU DE LA CHAISE N° 1				0	0	1		227
R	DFCF	DFCF-45-022		1997-01-01		CHATEAU LES BARRES				0	0	1		227
R	DFCF	DFCF-45-023		1997-01-01		CHATEAU LA COUDRE				0	0	1		227
R	DFCF	DFCF-45-024		1997-01-01		CHATEAU REBEL OISEAU				0	0	1		227
R	DFCF	DFCF-45-025		1997-01-01		CHATEAU DE CHARMOY				0	0	1		227
R	DFCF	DFCF-45-026		1997-01-01		CHATEAU DE LA CHAISE N° 2				0	0	1		227
R	DFCF	DFCF-45-027		1997-01-01		CHATEAU DU PERTHUIS				0	0	1		227
R	DFCF	DFCF-45-028		1997-01-01		CHATEAU DE GIEN				0	0	1		227
R	DFCF	DFCF-45-029		1997-01-01		CHATEAU BELHANTE				0	0	1		227
R	DFCF	DFCF-45-030		1997-01-01		CHATEAU DE COURBEVAUX				0	0	1		227
R	DFCF	DFCF-45-031		1997-01-01		CHATEAU DE LA MANDERIE				0	0	1		227
R	DFCF	DFCF-45-032		1997-01-01		CHATEAU DE LA MIVOIE				0	0	1		227
R	DFCF	DFCF-45-033		1997-01-01		CHATEAU ARRABLOY				0	0	1		227
R	DFCF	DFCF-45-034		1997-01-01		CHATEAU DU PONT				0	0	1		227
R	DFCF	DFCF-45-035		1997-01-01		CHATEAU LES AISSES				0	0	1		227
R	DFCF	DFCF-45-036		1997-01-01		CHATEAU DE SAINT BRISSON				0	0	1		227
R	DFCF	DFCF-45-037		1997-01-01		CHATEAU LE BROCHARD				0	0	1		227
R	DFCF	DFCF-45-038		1997-01-01		CHATEAU LA FOREST				0	0	1		227
R	DFCF	DFCF-45-039		1997-01-01		CHATEAU DE CHANGY				0	0	1		227
R	DFCF	DFCF-45-040		1997-01-01		CHATEAU LA VALETTE				0	0	1		227
R	DFCF	DFCF-45-041		1997-01-01		CHATEAU DU RUTH				0	0	1		227
R	DFCF	DFCF-45-042		1997-01-01		CHATEAU DE CHATEAURENARD				0	0	1		227
R	DFCF	DFCF-45-043		1997-01-01		CHATEAU LA MOTTE				0	0	1		227
R	DFCF	DFCF-45-044		1997-01-01		CHATEAU DE PONTCHEVRON				0	0	1		227
R	DFCF	DFCF-45-045		1997-01-01		CHATEAU D'OUZOUER				0	0	1		227
R	DFCF	DFCF-45-046		1997-01-01		CHATEAU DE LANGESSE				0	0	1		227
R	DFCF	DFCF-45-047		1997-01-01		CHATEAU DE PRASLINS				0	0	1		227
R	DFCF	DFCF-45-048		1997-01-01		CHATEAU LA RENARDERIE				0	0	1		227
R	DFCF	DFCF-45-049		1997-01-01		CHATEAU DE LA GARENNE				0	0	1		227
R	DFCF	DFCF-45-050		1997-01-01		CHATEAU DE MIVOISIN				0	0	1		227
R	DFCF	DFCF-45-051		1997-01-01		CHATEAU DE NAILLY				0	0	1		227
R	DFCF	DFCF-45-052		1997-01-01		CHATEAU DE GEVRILS				0	0	1		227
R	DFCF	DFCF-45-053		1997-01-01		CHATEAU LE PUITS				0	0	1		227
R	DFCF	DFCF-45-054		1997-01-01		CHATEAU DE DAMMARIE				0	0	1		227
R	DFCF	DFCF-45-055		1997-01-01		CHATEAU DE BAZOCHES				0	0	1		227
R	DFCF	DFCF-45-056		1997-01-01		CHATEAU LINIERE				0	0	1		227
R	DFCF	DFCF-45-057		1997-01-01		CHATEAU LES ORMES				0	0	1		227
R	DFCF	DFCF-45-058		1997-01-01		CHATEAU MONTALAN				0	0	1		227
R	DFCF	DFCF-45-059		1997-01-01		CHATEAU TROUSSE BARRIERE				0	0	1		227
R	DFCF	DFCF-45-060		1997-01-01		CHATEAU CHRIST				0	0	1		227
R	DFCF	DFCF-45-061		1997-01-01		CHATEAU LES ROCHES				0	0	1		227
R	DFCF	DFCF-45-062		1997-01-01		CHATEAU COURCELLES LE ROI				0	0	1		227
R	DFCF	DFCF-45-063		1997-01-01		CHATEAU BEAUVOIR				0	0	1		227
R	DFCF	DFCF-45-064		1997-01-01		CHATEAU DES SEIGNEURS DU CANAL				0	0	1		227
R	DFCF	DFCF-45-065		1997-01-01		CHATEAU DE MOUSSEAUX				0	0	1		227
R	DFCF	DFCF-45-066		1997-01-01		CHATEAU DE MONTLION				0	0	1		227
R	DFCF	DFCF-45-067		1997-01-01		CHATEAU DE LA GRANDE BROSSE				0	0	1		227
R	DFCF	DFCF-45-068		1997-01-01		CHATEAU RIVIERE				0	0	1		227
R	DFCF	DFCF-45-069		1997-01-01		CHATEAU DE CHATILLON COLIGNY				0	0	1		227
R	DFCF	DFCF-45-070		1997-01-01		CHATEAU BONNIERE				0	0	1		227
R	DFCF	DFCF-45-071		1997-01-01		CHATEAUDES BOURGOINS				0	0	1		227
R	DFCF	DFCF-45-072		1997-01-01		CHATEAU PUYSEAU				0	0	1		227
R	DFCF	DFCF-45-073		1997-01-01		CHATEAU REMILLYS				0	0	1		227
R	DFCF	DFCF-45-074		1997-01-01		CHATEAU DU MOULIN AU LIEVRE				0	0	1		227
R	DFCF	DFCF-45-075		1997-01-01		CHATEAU LA MONTAGNE				0	0	1		227
R	DFCF	DFCF-45-076		1997-01-01		CHATEAU CORMONT				0	0	1		227
R	DFCF	DFCF-45-077		1997-01-01		CHATEAU DE LA FAISANERIE				0	0	1		227
R	DFCF	DFCF-45-078		1997-01-01		CHATEAU LE PETIT CHATEAU				0	0	1		227
R	DFCF	DFCF-45-079		1997-01-01		CHATEAU DE NOGENT SUR VERNISSON				0	0	1		227
R	DFCF	DFCF-45-080		1997-01-01		CHATEAU D'ASSAY				0	0	1		227
R	DFCF	DFCF-45-083		1997-01-01		CHÂTEAU DE LA TOUANNE				0	0	1		227
R	DFCF	DFCF-45-086		1997-01-01		CHÂTEAU DE LA HUARDIERE				0	0	1		227
R	DFCF	DFCF-45-091		1997-01-01		CHÂTEAU DE NOUE ST YTHIER 45				0	0	1		227
R	DFCF	DFCF-45-092		1997-01-01		CHÂTEAU DE GUILLOY				0	0	1		227
R	DFCF	DFCF-45-093		1997-01-01		CHATEAU DE L'ORME				0	0	1		227
R	DFCF	DFCF-45-095		1997-01-01		CHATEAU DU GUE				0	0	1		227
R	DFCF	DFCF-45-096		1997-01-01		CHATEAU DE LA FORTINIERE				0	0	1		227
R	DFCF	DFCF-45-097		1997-01-01		CHATEAU DE LA MOTTE FAVIER				0	0	1		227
R	DFCF	DFCF-45-098		1997-01-01		CHATEAU DE DENIAUX				0	0	1		227
R	DFCF	DFCF-45-099		1997-01-01		CHATEAU DE LA HUTTIERE				0	0	1		227
R	DFCF	DFCF-45-100		1997-01-01		CHATEAU DE DAMPIERRE				0	0	1		227
R	DFCF	DFCF-45-101		1997-01-01		CHATEAU DE CUISSY				0	0	1		227
R	DFCF	DFCF-45-102		1997-01-01		CHATEAU DOMINUS				0	0	1		227
R	DFCF	DFCF-45-103		1997-01-01		CHATEAU DE BEAULIN				0	0	1		227
R	DFCF	DFCF-45-104		1997-01-01		CHATEAU DE LA SUPPLISONNIERE				0	0	1		227
R	DFCF	DFCF-45-106		1997-01-01		CHATEAU DE BAFFOU				0	0	1		227
R	DFCF	DFCF-45-107		1997-01-01		CHATEAU DE LA BROSSE				0	0	1		227
R	DFCF	DFCF-45-109		1997-01-01		CHATEAU LE COLOMBIER				0	0	1		227
R	DFCF	DFCF-45-110		1997-01-01		CHATEAU DE LA RIVIERE				0	0	1		227
R	DFCF	DFCF-45-111		1997-01-01		CHATEAU DE MARCAULT				0	0	1		227
R	DFCF	DFCF-45-112		1997-01-01		CHATEAU DE LA THUILERIE				0	0	1		227
R	DFCF	DFCF-45-113		1997-01-01		CHATEAU DES NERS				0	0	1		227
R	DFCF	DFCF-45-114		1997-01-01		CHATEAU DE ISLE				0	0	1		227
R	DFCF	DFCF-45-115		1997-01-01		CHATEAU DE PONT AUX MOINES				0	0	1		227
R	DFCF	DFCF-45-116		1997-01-01		CHATEAU ALONNES				0	0	1		227
R	DFCF	DFCF-45-117		1997-01-01		CHATEAU DE MOTTE				0	0	1		227
R	DFCF	DFCF-45-118		1997-01-01		CHATEAU DE COMBREUX				0	0	1		227
R	DFCF	DFCF-45-119		1997-01-01		CHATEAU THUILLERIE				0	0	1		227
R	DFCF	DFCF-45-120		1997-01-01		CHATEAU DE ROUSSEAUX				0	0	1		227
R	DFCF	DFCF-45-121		1997-01-01		CHATEAU DE VILLOISEAUX				0	0	1		227
R	DFCF	DFCF-45-122		1997-01-01		CHATEAU DE PLATTEVILLE				0	0	1		227
R	DFCF	DFCF-45-123		1997-01-01		CHATEAU DE SALLENEUVE				0	0	1		227
R	DFCF	DFCF-45-124		1997-01-01		CHATEAU DU PLESSIS				0	0	1		227
R	DFCF	DFCF-45-125		1997-01-01		CHATEAU DE VAUX COMMUN				0	0	1		227
R	DFCF	DFCF-45-126		1997-01-01		CHATEAU CENTIMAISON				0	0	1		227
R	DFCF	DFCF-45-127		1997-01-01		CHATEAU DE LA MOTTE JOURDY				0	0	1		227
R	DFCF	DFCF-45-128		1997-01-01		CHATEAU DE BIGNON				0	0	1		227
R	DFCF	DFCF-45-129		1997-01-01		CHATEAU DE LA GARENNE DIEU				0	0	1		227
R	DFCF	DFCF-45-130		1997-01-01		CHATEAU D'AIGREFIN				0	0	1		227
R	DFCF	DFCF-45-131		1997-01-01		CHATEAU DE BEL AIR				0	0	1		227
R	DFCF	DFCF-45-132		1997-01-01		CHATEAU DE SAINT AIGNAN				0	0	1		227
R	DFCF	DFCF-45-133		1997-01-01		CHATEAU DE LA TURPINIERE				0	0	1		227
R	DFCF	DFCF-45-134		1997-01-01		CHATEAU DE ROBADIERES				0	0	1		227
R	DFCF	DFCF-45-135		1997-01-01		CHATEAU DE CHAMP GILBERT				0	0	1		227
R	DFCF	DFCF-45-136		1997-01-01		CHATEAU DE MONTAMBERT				0	0	1		227
R	DFCF	DFCF-45-137		1997-01-01		CHATEAU COULON				0	0	1		227
R	DFCF	DFCF-45-138		1997-01-01		CHATEAU TUILERIE				0	0	1		227
R	DFCF	DFCF-45-139		1997-01-01		CHATEAU DE LA FRAIZIERE				0	0	1		227
R	DFCF	DFCF-45-140		1997-01-01		CHATEAU SAINT JEAN LE BLANC				0	0	1		227
R	DFCF	DFCF-45-141		1997-01-01		CHATEAU DE CHATEAUNEUF SUR LOIRE				0	0	1		227
R	DFCF	DFCF-45-142		1997-01-01		TOUR VAUVERT				0	0	1		227
R	DFCF	DFCF-45-143		1997-01-01		CHATEAU ABEILLE				0	0	1		227
R	DFCF	DFCF-45-144		1997-01-01		CHATEAU MONTIZAMBERT				0	0	1		227
R	DFCF	DFCF-45-145		1997-01-01		CHATEAU CHICAMOUR				0	0	1		227
R	DFCF	DFCF-45-146		1997-01-01		CHATEAU DE VALLIERS				0	0	1		227
R	DFCF	DFCF-45-147		1997-01-01		CHATEAU BEAUDELIN				0	0	1		227
R	DFCF	DFCF-45-148		1997-01-01		CHATEAU DE MARINIERE				0	0	1		227
R	DFCF	DFCF-45-149		1997-01-01		CHATEAU DE LA RENARDIERE				0	0	1		227
R	DFCF	DFCF-45-150		1997-01-01		CHATEAU DE PORTAIL				0	0	1		227
R	DFCF	DFCF-45-151		1997-01-01		CHATEAU DE BOUVILLE				0	0	1		227
R	DFCF	DFCF-45-152		1997-01-01		CHATEAU DE MONTGOBERT				0	0	1		227
R	DFCF	DFCF-45-153		1997-01-01		CHATEAU DE FOREST				0	0	1		227
R	DFCF	DFCF-45-154		1997-01-01		CHATEAU DU PUY				0	0	1		227
R	DFCF	DFCF-45-155		1997-01-01		CHATEAU DE BUISSON				0	0	1		227
R	DFCF	DFCF-45-156		1997-01-01		CHATEAU DE BUFFIERE				0	0	1		227
R	DFCF	DFCF-45-157		1997-01-01		CHATEAU DE BEAUREGARD				0	0	1		227
R	DFCF	DFCF-45-158		1997-01-01		CHATEAU DE MAIRES				0	0	1		227
R	DFCF	DFCF-45-159		1997-01-01		CHATEAU DES ANGLIERS				0	0	1		227
R	DFCF	DFCF-45-160		1997-01-01		CHATEAU DE PIERREFIETTE				0	0	1		227
R	DFCF	DFCF-45-161		1997-01-01		CHATEAU DE LA GRANGE ROUGE				0	0	1		227
R	DFCF	DFCF-45-162		1997-01-01		CHATEAU DE LA GUILBARDERIE				0	0	1		227
R	DFCF	DFCF-45-163		1997-01-01		CHATEAU DE LA MARDELLE				0	0	1		227
R	DFCF	DFCF-45-164		1997-01-01		CHATEAU DE BRENNE				0	0	1		227
R	DFCF	DFCF-45-165		1997-01-01		CHATEAU LES BERTHIERS				0	0	1		227
R	DFCF	DFCF-45-166		1997-01-01		CHATEAU DES ISDES				0	0	1		227
R	DFCF	DFCF-45-167		1997-01-01		CHATEAU VILLOINGS				0	0	1		227
R	DFCF	DFCF-45-168		1997-01-01		CHATEAU DE CERDON				0	0	1		227
R	DFCF	DFCF-45-169		1997-01-01		CHATEAU DE PRELES				0	0	1		227
R	DFCF	DFCF-45-170		1997-01-01		CHATEAU DE GRANDVAL				0	0	1		227
R	DFCF	DFCF-45-171		1997-01-01		CHATEAU DE LA SELLE SUR LE BIED				0	0	1		227
R	DFCF	DFCF-45-XXX		1997-01-01		TOUR VAUVERT DES FORTIFICATIONS				0	0	1		227
R	DFCF	DFCF-46-001		1997-01-01		CHATEAU D'AGUDE				0	0	1		227
R	DFCF	DFCF-46-002		1997-01-01		CHATEAU TOUR D'AGUDE				0	0	1		227
R	DFCF	DFCF-46-003		1997-01-01		TOUR DE FLOIRAC				0	0	1		227
R	DFCF	DFCF-46-004		1997-01-01		CHATEAU DES MEYNADES				0	0	1		227
R	DFCF	DFCF-46-005		1997-01-01		TOUR DE MONTCUQ				0	0	1		227
R	DFCF	DFCF-46-006		1997-01-01		CHATEAU SAINT SOZY				0	0	1		227
R	DFCF	DFCF-46-007		1997-01-01		CHATEAU BASTIT				0	0	1		227
R	DFCF	DFCF-46-008		1997-01-01		CHATEAU CREYSSE				0	0	1		227
R	DFCF	DFCF-46-009		1997-01-01		CHATEAU LA TREYNE				0	0	1		227
R	DFCF	DFCF-46-010		1997-01-01		CHATEAU DE CARENAC				0	0	1		227
R	DFCF	DFCF-46-011		1997-01-01		CHATEAU FOUSSAC				0	0	1		227
R	DFCF	DFCF-46-012		1997-01-01		CHATEAU DE STRENKELS				0	0	1		227
R	DFCF	DFCF-46-013		1997-01-01		CHATEAU CAVAGNAC				0	0	1		227
R	DFCF	DFCF-46-014		1997-01-01		CHATEAU DE CANTECORE				0	0	1		227
R	DFCF	DFCF-46-015		1997-01-01		CHATEAU DE SALGUES				0	0	1		227
R	DFCF	DFCF-46-016		1997-01-01		TOUR DE L'EGLISE				0	0	1		227
R	DFCF	DFCF-46-017		1997-01-01		CHATEAU DE ROCAMADOUR				0	0	1		227
R	DFCF	DFCF-46-018		1997-01-01		CHATEAU BEL CASTEL				0	0	1		227
R	DFCF	DFCF-46-019		1997-01-01		TOUR DES CORDELIERS				0	0	1		227
R	DFCF	DFCF-46-020		1997-01-01		TOUR CARRE				0	0	1		227
R	DFCF	DFCF-46-021		1997-01-01		TOUR DE L'HOTEL DE VILLE				0	0	1		227
R	DFCF	DFCF-46-022		1997-01-01		CHATEAU DE MEYRONNE				0	0	1		227
R	DFCF	DFCF-46-023		1997-01-01		TOUR DE LA MAISON FABRI				0	0	1		227
R	DFCF	DFCF-46-024		1997-01-01		TOUR MIRANDOL				0	0	1		227
R	DFCF	DFCF-46-025		1997-01-01		CHATEAU ROUMEGOUSE				0	0	1		227
R	DFCF	DFCF-46-026		1997-01-01		CHATEAU MORDESSON				0	0	1		227
R	DFCF	DFCF-46-027		1997-01-01		TOUR VERGNE FERRON				0	0	1		227
R	DFCF	DFCF-46-028		1997-01-01		CHATEAU COPEYRE				0	0	1		227
R	DFCF	DFCF-46-029		1997-01-01		CHATEAU D'AIX A SAUX				0	0	1		227
R	DFCF	DFCF-46-030		1997-01-01		CHATEAU DE CAIX				0	0	1		227
R	DFCF	DFCF-46-031		1997-01-01		CHATEAU DE ROUFFIAC				0	0	1		227
R	DFCF	DFCF-46-032		1997-01-01		CHATEAU BOUTIER				0	0	1		227
R	DFCF	DFCF-46-033		1997-01-01		CHATEAU DE MURAT				0	0	1		227
R	DFCF	DFCF-46-036		1997-01-01		CHATEAU DE CABRERETS				0	0	1		227
R	DFCF	DFCF-46-037		1997-01-01		CHATEAU LANTIS				0	0	1		227
R	DFCF	DFCF-46-046		1997-01-01		CHATEAU DE BEAUREGARD				0	0	1		227
R	DFCF	DFCF-46-048		1997-01-01		CHATEAU DUTHERON				0	0	1		227
R	DFCF	DFCF-46-049		1997-01-01		CHATEAU DE MERCUES				0	0	1		227
R	DFCF	DFCF-46-O47		1997-01-01		CHATEAU DE BOVILLA				0	0	1		227
R	DFCF	DFCF-47-001		1997-01-01		CHATEAU D'ESTILLAC				0	0	1		227
R	DFCF	DFCF-47-002		1997-01-01		CHATEAU DE BUZET				0	0	1		227
R	DFCF	DFCF-47-003		1997-01-01		CHATEAU DE BONAGUIL				0	0	1		227
R	DFCF	DFCF-47-004		1997-01-01		CHATEAU DE MADAILLAN				0	0	1		227
R	DFCF	DFCF-47-005		1997-01-01		CHATEAU DE MALVIRANDE				0	0	1		227
R	DFCF	DFCF-47-006		1997-01-01		CHATEAU DE CAUSSINAT				0	0	1		227
R	DFCF	DFCF-47-007		1997-01-01		CHATEAU DE GAVAUDAN				0	0	1		227
R	DFCF	DFCF-47-008		1997-01-01		CHATEAU DE FERRON				0	0	1		227
R	DFCF	DFCF-47-009		1997-01-01		CHATEAU PRADES				0	0	1		227
R	DFCF	DFCF-47-010		1997-01-01		CHATEAU XAINTRAILLES				0	0	1		227
R	DFCF	DFCF-47-011		1997-01-01		CHATEAU LUSTRAC				0	0	1		227
R	DFCF	DFCF-47-012		1997-01-01		CHATEAU DU BOSCLA				0	0	1		227
R	DFCF	DFCF-47-013		1997-01-01		CHATEAU LACASSAGNE				0	0	1		227
R	DFCF	DFCF-47-014		1997-01-01		CHATEAU FONDROCHE				0	0	1		227
R	DFCF	DFCF-47-015		1997-01-01		CHATEAU DE NOGARET				0	0	1		227
R	DFCF	DFCF-47-016		1997-01-01		CHATEAU TRENQUELLEON				0	0	1		227
R	DFCF	DFCF-47-017		1997-01-01		CHATEAU DE LAFOX				0	0	1		227
R	DFCF	DFCF-47-018		1997-01-01		CHATEAU CAUDEROUE				0	0	1		227
R	DFCF	DFCF-47-019		1997-01-01		CHATEAU DE SAINT LOUP				0	0	1		227
R	DFCF	DFCF-47-020		1997-01-01		CHATEAU CROQUELARDIT				0	0	1		227
R	DFCF	DFCF-47-021		1997-01-01		CHATEAU DE CAVAGNAN				0	0	1		227
R	DFCF	DFCF-47-022		1997-01-01		CHATEAU DE DURAS				0	0	1		227
R	DFCF	DFCF-47-023		1997-01-01		CHATEAU VIRAZEIL				0	0	1		227
R	DFCF	DFCF-48-001		1997-01-01		CHATEAU DE FLORAC				0	0	1		227
R	DFCF	DFCF-48-002		1997-01-01		TOUR D'APCHER				0	0	1		227
R	DFCF	DFCF-48-003		1997-01-01		CHATEAU DE LA BAUME				0	0	1		227
R	DFCF	DFCF-48-004		1997-01-01		CHATEAU BRION				0	0	1		227
R	DFCF	DFCF-48-005		1997-01-01		TOUR D'ALHERAC				0	0	1		227
R	DFCF	DFCF-48-006		1997-01-01		CHATEAU D'ANTRENAS				0	0	1		227
R	DFCF	DFCF-48-007		1997-01-01		CHATEAU DU CROS				0	0	1		227
R	DFCF	DFCF-48-008		1997-01-01		CHATEAU SAINT PIERRE				0	0	1		227
R	DFCF	DFCF-48-009		1997-01-01		CHATEAU DE PRADES				0	0	1		227
R	DFCF	DFCF-48-010		1997-01-01		CHATEAU DE MONTJZIEU				0	0	1		227
R	DFCF	DFCF-48-011		1997-01-01		CHATEAU LA CAZE				0	0	1		227
R	DFCF	DFCF-48-012		1997-01-01		CHATEAU DE SAINT SATURNIN				0	0	1		227
R	DFCF	DFCF-48-013		1997-01-01		CHATEAU MONTVAILLANT				0	0	1		227
R	DFCF	DFCF-48-014		1997-01-01		CHATEAU DE SAINT BAUZILE				0	0	1		227
R	DFCF	DFCF-49-001		1997-01-01		CHATEAU DE SERRANT				0	0	1		227
R	DFCF	DFCF-49-002		1997-01-01		CHATEAU DE LA PERRIERE				0	0	1		227
R	DFCF	DFCF-49-003		1997-01-01		CHATEAU DE PIGNEROLLE				0	0	1		227
R	DFCF	DFCF-49-004		1997-01-01		CHATEAU DE BRISSAC				0	0	1		227
R	DFCF	DFCF-49-005		1997-01-01		CHATEAU DE GRESILLON				0	0	1		227
R	DFCF	DFCF-49-006		1997-01-01		CHATEAU DE SAUMUR				0	0	1		227
R	DFCF	DFCF-49-007		1997-01-01		CHATEAU DE TIGNE				0	0	1		227
R	DFCF	DFCF-49-008		1997-01-01		CHATEAU DE SAINT VENANT				0	0	1		227
R	DFCF	DFCF-49-009		1997-01-01		CHATEAU A MOTTE				0	0	1		227
R	DFCF	DFCF-49-010		1997-01-01		CHATEAU D'ANGERS				0	0	1		227
R	DFCF	DFCF-49-011		1997-01-01		CHATEAU DU PINELIER				0	0	1		227
R	DFCF	DFCF-49-012		1997-01-01		CHATEAU DU PLESSIS MACE				0	0	1		227
R	DFCF	DFCF-49-013		1997-01-01		CHATEAU DE LA LORIE				0	0	1		227
R	DFCF	DFCF-49-014		1997-01-01		CHATEAU DE SALVERT				0	0	1		227
R	DFCF	DFCF-49-015		1997-01-01		CHATEAU DE ROU MARSON				0	0	1		227
R	DFCF	DFCF-49-016		1997-01-01		CHATEAU BREZE				0	0	1		227
R	DFCF	DFCF-49-017		1997-01-01		CHATEAU DU COUDRAY MONTBAULT				0	0	1		227
R	DFCF	DFCF-49-018		1997-01-01		CHATEAU LE BREIL				0	0	1		227
R	DFCF	DFCF-49-019		1997-01-01		CHATEAU DOMAINE				0	0	1		227
R	DFCF	DFCF-49-020		1997-01-01		CHATEAU DE MONTREUIL BELLAY				0	0	1		227
R	DFCF	DFCF-49-021		1997-01-01		CHATEAU LA TURMELIERE				0	0	1		227
R	DFCF	DFCF-49-022		1997-01-01		CHATEAU DE MONTGEOFFROY				0	0	1		227
R	DFCF	DFCF-49-042		1997-01-01		CHATEAU DES RUES				0	0	1		227
R	DFCF	DFCF-49-043		1997-01-01		CHATEAU DU  LATHAN				0	0	1		227
R	DFCF	DFCF-49-061		1997-01-01		CHÂTEAU DE LA COLINIERE				0	0	1		227
R	DFCF	DFCF-49-062		1997-01-01		CHÂTEAU DE LA COLAISSIERE				0	0	1		227
R	DFCF	DFCF-49-063		1997-01-01		CHÂTEAU DU MONT RUDE				0	0	1		227
R	DFCF	DFCF-49-065		1997-01-01		RUINES CHATEAU GILLES DE RAIS				0	0	1		227
R	DFCF	DFCF-49-066		1997-01-01		CHATEAU DU PIN				0	0	1		227
R	DFCF	DFCF-49-067		1997-01-01		CHATEAU DE LA FRANCHAIE				0	0	1		227
R	DFCF	DFCF-49-068		1997-01-01		CHATEAU DE MONTJEAN				0	0	1		227
R	DFCF	DFCF-49-069		1997-01-01		CHATEAU DE VAUGIRAULT				0	0	1		227
R	DFCF	DFCF-49-070		1997-01-01		CHATEAU DE DURTAL				0	0	1		227
R	DFCF	DFCF-49-071		1997-01-01		MANOIR DE LA TURMELIERE				0	0	1		227
R	DFCF	DFCF-49-073		1997-01-01		CHATEAU DU BOIS MONTBOUCHER				0	0	1		227
R	DFCF	DFCF-49-074		1997-01-01		CHATEAU CHALLAIN LA POTHERIE				0	0	1		227
R	DFCF	DFCF-49-075		1997-01-01		CHATEAU BEAUPREAU				0	0	1		227
R	DFCF	DFCF-49-076		1997-01-01		CHATEAU FAUCAUDIERE				0	0	1		227
R	DFCF	DFCF-49-077		1997-01-01		CHATEAU DE CHEMAN				0	0	1		227
R	DFCF	DFCF-49-078		1997-01-01		CHATEAU BOUVET-LADUBAY				0	0	1		227
R	DFCF	DFCF-49-079		1997-01-01		CHATEAU DE LA ROCHE DES AUBIERS				0	0	1		227
R	DFCF	DFCF-49-080		1997-01-01		MANOIR DE JOURALEM				0	0	1		227
R	DFCF	DFCF-49-083		1997-01-01		CHATEAU DE L'AMBOISE				0	0	1		227
R	DFCF	DFCF-49-084		1997-01-01		CHATEAU DE BLAISON ST SULPICE				0	0	1		227
R	DFCF	DFCF-49-085		1997-01-01		MANOIR DE LA FOSSE				0	0	1		227
R	DFCF	DFCF-49-086		1997-01-01		CHATEAU LE BOIS BRINCON				0	0	1		227
R	DFCF	DFCF-49-087		1997-01-01		MANOIR DE CHAUVIGNE				0	0	1		227
R	DFCF	DFCF-49-O81		1997-01-01		CHATEAU DE LA BOUTONNIERE				0	0	1		227
R	DFCF	DFCF-49-O82		1997-01-01		CHATEAU DE LA GIRARDIERE				0	0	1		227
R	DFCF	DFCF-50-001		1997-01-01		CHATEAU DE TOURLAVILLE				0	0	1		227
R	DFCF	DFCF-50-002		1997-01-01		FORT DE CHAUSEY				0	0	1		227
R	DFCF	DFCF-50-003		1997-01-01		FORT ILET				0	0	1		227
R	DFCF	DFCF-50-004		1997-01-01		FORT DE LA HOUGUE				0	0	1		227
R	DFCF	DFCF-50-005		1997-01-01		FORT VAUBAN				0	0	1		227
R	DFCF	DFCF-50-006		1997-01-01		CHATEAU DE NACQUEVILLE				0	0	1		227
R	DFCF	DFCF-50-007		1997-01-01		CHATEAU RENAULT				0	0	1		227
R	DFCF	DFCF-50-008		1997-01-01		CHATEAU DE BEAUREPAIRE				0	0	1		227
R	DFCF	DFCF-50-009		1997-01-01		CHATEAU DE BRICQUEBEC				0	0	1		227
R	DFCF	DFCF-50-010		1997-01-01		FORT DE NACQUEVILLE				0	0	1		227
R	DFCF	DFCF-50-011		1997-01-01		FORT DES COUPLETS				0	0	1		227
R	DFCF	DFCF-50-012		1997-01-01		FORT DE L'ILE PELEE				0	0	1		227
R	DFCF	DFCF-50-013		1997-01-01		FORT DE L'ILE DU LARGE				0	0	1		227
R	DFCF	DFCF-50-014		1997-01-01		FORT DE L'ILE DE TERRE				0	0	1		227
R	DFCF	DFCF-50-015		1997-01-01		FORT DU CAP LEVI				0	0	1		227
R	DFCF	DFCF-50-016		1997-01-01		CHATEAU DE TOURVILLE				0	0	1		227
R	DFCF	DFCF-50-017		1997-01-01		CHATEAU DE LA RIVIERE				0	0	1		227
R	DFCF	DFCF-50-018		1997-01-01		CHATEAU DE MONTFORT				0	0	1		227
R	DFCF	DFCF-50-019		1997-01-01		CHATEAU DE COURCY				0	0	1		227
R	DFCF	DFCF-50-020		1997-01-01		CHATEAU LEZ EAUX				0	0	1		227
R	DFCF	DFCF-50-021		1997-01-01		CHATEAU DE CANISY				0	0	1		227
R	DFCF	DFCF-50-022		1997-01-01		CHATEAU DE PIROU				0	0	1		227
R	DFCF	DFCF-50-023		1997-01-01		CHÂTEAU MEDIEVAL DE REGNEVILLE				0	0	1		227
R	DFCF	DFCF-50-024		1997-01-01		CHATEAU HOUYVET				0	0	1		227
R	DFCF	DFCF-50-025		1997-01-01		CHATEAU FORT DU TOT				0	0	1		227
R	DFCF	DFCF-50-026		1997-01-01		CHATEAU DE LA PERNELLE				0	0	1		227
R	DFCF	DFCF-50-027		1997-01-01		CHATEAU DU BERON				0	0	1		227
R	DFCF	DFCF-50-028		1997-01-01		CHATEAU DE FLAMANVILLE				0	0	1		227
R	DFCF	DFCF-50-030		1997-01-01		CHATEAU DU ROZEL				0	0	1		227
R	DFCF	DFCF-50-031		1997-01-01		FORT DE LA REDOUTE DE REVILLE				0	0	1		227
R	DFCF	DFCF-50-034		1997-01-01		MANOIR DE LA ROCHE TORIN				0	0	1		227
R	DFCF	DFCF-50-035		1997-01-01		CHÂTEAU DE GRAINVILLE				0	0	1		227
R	DFCF	DFCF-50-036		1997-01-01		MANOIR DE COUTAINVILLE				0	0	1		227
R	DFCF	DFCF-50-037		1997-01-01		MANOIR DE GRAFFARD				0	0	1		227
R	DFCF	DFCF-50-045		1997-01-01		MANOIR DU BROC				0	0	1		227
R	DFCF	DFCF-50-O42		1997-01-01		CHATEAU DES MONTGOMMERY				0	0	1		227
R	DFCF	DFCF-50-O43		1997-01-01		CHATEAU DE CHASSILLY				0	0	1		227
R	DFCF	DFCF-50-O44		1997-01-01		MANOIR DE VAINS				0	0	1		227
R	DFCF	DFCF-51-001		1997-01-01		CHATEAU DE CERNON				0	0	1		227
R	DFCF	DFCF-51-002		1997-01-01		CHATEAU DE VOUZY				0	0	1		227
R	DFCF	DFCF-51-003		1997-01-01		CHATEAU DE POCANCY				0	0	1		227
R	DFCF	DFCF-51-004		1997-01-01		CHATEAU DE SAINT GEORGES				0	0	1		227
R	DFCF	DFCF-51-005		1997-01-01		CHATEAU DE RENNEVILLE				0	0	1		227
R	DFCF	DFCF-51-006		1997-01-01		CHATEAU LE PLESSIS				0	0	1		227
R	DFCF	DFCF-51-007		1997-01-01		CHATEAU DE MERFY				0	0	1		227
R	DFCF	DFCF-51-008		1997-01-01		FORT DE LA POMPELLE				0	0	1		227
R	DFCF	DFCF-51-009		1997-01-01		CHATEAU DE SAINT THIERRY				0	0	1		227
R	DFCF	DFCF-51-010		1997-01-01		CHATEAU DE MONTMORTLUCY				0	0	1		227
R	DFCF	DFCF-51-011		1997-01-01		CHATEAU VAUX VARENNES				0	0	1		227
R	DFCF	DFCF-51-012		1997-01-01		CHATEAU MARZILLY				0	0	1		227
R	DFCF	DFCF-51-013		1997-01-01		CHATEAU PRIN				0	0	1		227
R	DFCF	DFCF-51-014		1997-01-01		CHATEAU DE JUVIGNY				0	0	1		227
R	DFCF	DFCF-51-015		1997-01-01		CHATEAU DE LOUVOIS				0	0	1		227
R	DFCF	DFCF-51-016		1997-01-01		CHATEAU DE BRAUX SAINTE COHIERE				0	0	1		227
R	DFCF	DFCF-51-017		1997-01-01		CHATEAU VILLERS				0	0	1		227
R	DFCF	DFCF-51-018		1997-01-01		CHATEAU BELLEAUCOURT				0	0	1		227
R	DFCF	DFCF-51-019		1997-01-01		CHATEAU DU MONT AIME				0	0	1		227
R	DFCF	DFCF-51-022		1997-01-01		CHATEAU REVEILLON				0	0	1		227
R	DFCF	DFCF-51-023		1997-01-01		CHATEAU DE MONTGENOST				0	0	1		227
R	DFCF	DFCF-51-024		1997-01-01		MANOIR DE VERZY				0	0	1		227
R	DFCF	DFCF-51-025		1997-01-01		CHATEAU DE NOGENTEL				0	0	1		227
R	DFCF	DFCF-51-026		1997-01-01		CHATEAU DE COURVIGAUX				0	0	1		227
R	DFCF	DFCF-51-O21		1997-01-01		CHATEAU DE BETHON				0	0	1		227
R	DFCF	DFCF-52-001		1997-01-01		FORT DE LAFAUCHE				0	0	1		227
R	DFCF	DFCF-52-002		1997-01-01		CHATEAU DE REYNEL				0	0	1		227
R	DFCF	DFCF-52-003		1997-01-01		CHATEAU PETIT BOIS				0	0	1		227
R	DFCF	DFCF-52-004		1997-01-01		CHATEAU DE CIREY SUR BLAISE				0	0	1		227
R	DFCF	DFCF-52-005		1997-01-01		CHATEAU PUELLEMONTIER				0	0	1		227
R	DFCF	DFCF-52-007		1997-01-01		CHATEAU D'ECHENAY				0	0	1		227
R	DFCF	DFCF-52-008		1997-01-01		CHATEAU DE PONT-VARIN				0	0	1		227
R	DFCF	DFCF-52-009		1997-01-01		CHATEAU DE JUZENNECOURT				0	0	1		227
R	DFCF	DFCF-52-010		1997-01-01		CHATEAU D'ARC EN BARROIS				0	0	1		227
R	DFCF	DFCF-52-011		1997-01-01		CHATEAU DE LA SABLIERE				0	0	1		227
R	DFCF	DFCF-52-012		1997-01-01		CHATEAU LE GRAND JARDIN				0	0	1		227
R	DFCF	DFCF-52-013		1997-01-01		CHÂTEAU DE AUBERYVE				0	0	1		227
R	DFCF	DFCF-52-014		1997-01-01		CHATEAU DE BLAISE				0	0	1		227
R	DFCF	DFCF-53-001		1997-01-01		CHATEAU D'ELVA				0	0	1		227
R	DFCF	DFCF-53-002		1997-01-01		CHATEAU LA JAFFETIERE				0	0	1		227
R	DFCF	DFCF-53-003		1997-01-01		CHATEAU DE LAVAL				0	0	1		227
R	DFCF	DFCF-53-004		1997-01-01		CHATEAU DE LA COUDRE				0	0	1		227
R	DFCF	DFCF-53-005		1997-01-01		CHATEAU DE LA COUR A AMPOIGNE				0	0	1		227
R	DFCF	DFCF-53-006		1997-01-01		CHATEAU SAINT AMADOUR				0	0	1		227
R	DFCF	DFCF-53-008		1997-01-01		CHATEAU DU BAILLEUL				0	0	1		227
R	DFCF	DFCF-53-009		1997-01-01		CHATEAU VILLIERS				0	0	1		227
R	DFCF	DFCF-53-012		1997-01-01		CHATEAU DU CHATELIER				0	0	1		227
R	DFCF	DFCF-53-013		1997-01-01		CHATEAU DE CORBUSSON				0	0	1		227
R	DFCF	DFCF-53-014		1997-01-01		CHATEAU DE LA LOGE				0	0	1		227
R	DFCF	DFCF-53-015		1997-01-01		CHATEAU DE LA HOUSSAYE				0	0	1		227
R	DFCF	DFCF-53-016		1997-01-01		CHATEAU BONNE				0	0	1		227
R	DFCF	DFCF-53-017		1997-01-01		CHATEAU DE LA MORLIERE				0	0	1		227
R	DFCF	DFCF-53-018		1997-01-01		CHATEAU DU PATIS				0	0	1		227
R	DFCF	DFCF-53-019		1997-01-01		CHATEAU DU BOIS CUILLE				0	0	1		227
R	DFCF	DFCF-53-020		1997-01-01		CHATEAU DE LA MARINAIS				0	0	1		227
R	DFCF	DFCF-53-021		1997-01-01		CHATEAU DE LA COUR				0	0	1		227
R	DFCF	DFCF-53-022		1997-01-01		CHATEAU DU DOMAINE				0	0	1		227
R	DFCF	DFCF-53-023		1997-01-01		CHATEAU DE CHANTAIL				0	0	1		227
R	DFCF	DFCF-53-024		1997-01-01		CHATEAU D'ORANGE				0	0	1		227
R	DFCF	DFCF-53-025		1997-01-01		CHATEAU DE LA DRUGEOTTERIE				0	0	1		227
R	DFCF	DFCF-53-026		1997-01-01		CHATEAU DE VAURAIMBAULT				0	0	1		227
R	DFCF	DFCF-53-027		1997-01-01		CHATEAU DE L'ADRIER				0	0	1		227
R	DFCF	DFCF-53-028		1997-01-01		CHATEAU DE LA BREHONNIERE				0	0	1		227
R	DFCF	DFCF-53-029		1997-01-01		CHATEAU LE BOUGLEVEQUE				0	0	1		227
R	DFCF	DFCF-53-030		1997-01-01		CHATEAU DE L'EPINAY				0	0	1		227
R	DFCF	DFCF-53-031		1997-01-01		CHATEAU DE LAMPIERE				0	0	1		227
R	DFCF	DFCF-53-032		1997-01-01		CHATEAU DE MONTJEAN				0	0	1		227
R	DFCF	DFCF-53-033		1997-01-01		CHATEAU DE L'ANGELLERIE				0	0	1		227
R	DFCF	DFCF-53-034		1997-01-01		CHATEAU DE LA MENAUDIERE				0	0	1		227
R	DFCF	DFCF-53-035		1997-01-01		CHATEAU DE LA CHAUSSONNERIE				0	0	1		227
R	DFCF	DFCF-53-036		1997-01-01		CHATEAU DE LA GIRARDIERE				0	0	1		227
R	DFCF	DFCF-53-037		1997-01-01		CHATEAU DU BUAT				0	0	1		227
R	DFCF	DFCF-53-038		1997-01-01		CHATEAU DE LA MOTTE SERRANT				0	0	1		227
R	DFCF	DFCF-53-039		1997-01-01		CHATEAU GONDIN				0	0	1		227
R	DFCF	DFCF-53-040		1997-01-01		CHATEAU LE FOUILLOUX				0	0	1		227
R	DFCF	DFCF-53-041		1997-01-01		CHATEAU TERCHAN				0	0	1		227
R	DFCF	DFCF-53-042		1997-01-01		CHATEAU LA SICORIE				0	0	1		227
R	DFCF	DFCF-53-043		1997-01-01		CHATEAU DE CLIVOY				0	0	1		227
R	DFCF	DFCF-53-044		1997-01-01		CHATEAU DU TERTRE				0	0	1		227
R	DFCF	DFCF-53-045		1997-01-01		CHATEAU DE FONTENELLES				0	0	1		227
R	DFCF	DFCF-53-046		1997-01-01		CHATEAU DU RICOUDET				0	0	1		227
R	DFCF	DFCF-53-047		1997-01-01		CHATEAU DU LATTAY				0	0	1		227
R	DFCF	DFCF-53-048		1997-01-01		CHATEAU DE LA PROVOTERIE				0	0	1		227
R	DFCF	DFCF-53-049		1997-01-01		CHATEAU DES ROCHES				0	0	1		227
R	DFCF	DFCF-53-050		1997-01-01		TOUR CORNESSE				0	0	1		227
R	DFCF	DFCF-53-051		1997-01-01		CHATEAU DE SAINTE SUZANNE				0	0	1		227
R	DFCF	DFCF-53-052		1997-01-01		CHATEAU DE CRAON				0	0	1		227
R	DFCF	DFCF-53-053		1997-01-01		CHATEAU DE MEGAUDAIS				0	0	1		227
R	DFCF	DFCF-53-054		1997-01-01		CHATEAU DE LA VILATTE				0	0	1		227
R	DFCF	DFCF-53-055		1997-01-01		CHATEAU DE NEUVILLETTE				0	0	1		227
R	DFCF	DFCF-53-056		1997-01-01		CHATEAU PANARD				0	0	1		227
R	DFCF	DFCF-53-057		1997-01-01		CHATEAU DE BAILLY				0	0	1		227
R	DFCF	DFCF-53-058		1997-01-01		CHATEAU MONTCROIX				0	0	1		227
R	DFCF	DFCF-53-059		1997-01-01		CHATEAU LA VIEUX COUR				0	0	1		227
R	DFCF	DFCF-53-060		1997-01-01		CHATEAU LE HAUT CHATEAU				0	0	1		227
R	DFCF	DFCF-53-061		1997-01-01		CHATEAU DE LA MAZURE				0	0	1		227
R	DFCF	DFCF-53-062		1997-01-01		CHATEAU DE LA PATRIERE				0	0	1		227
R	DFCF	DFCF-53-063		1997-01-01		CHATEAU DE PORT BRILLET				0	0	1		227
R	DFCF	DFCF-53-064		1997-01-01		CHATEAU DE LA BARBOTTIERE				0	0	1		227
R	DFCF	DFCF-53-065		1997-01-01		CHATEAU RIGOHAUT				0	0	1		227
R	DFCF	DFCF-53-066		1997-01-01		CHATEAU DE LA POUPELIERE				0	0	1		227
R	DFCF	DFCF-53-067		1997-01-01		TOUR RENNAISE  N°1				0	0	1		227
R	DFCF	DFCF-53-068		1997-01-01		CHATEAU DES IFS				0	0	1		227
R	DFCF	DFCF-53-069		1997-01-01		CHATEAU DE L'ORBIERE				0	0	1		227
R	DFCF	DFCF-53-070		1997-01-01		CHATEAU DE GRENOUSSE				0	0	1		227
R	DFCF	DFCF-53-071		1997-01-01		CHATEAU DE ROUESSE				0	0	1		227
R	DFCF	DFCF-53-072		1997-01-01		CHATEAU LA GAUDINIERE				0	0	1		227
R	DFCF	DFCF-53-073		1997-01-01		CHATEAU SAINT MELEINE				0	0	1		227
R	DFCF	DFCF-53-074		1997-01-01		CHATEAU COURCELLE				0	0	1		227
R	DFCF	DFCF-53-075		1997-01-01		CHATEAU DE VAUSSENAY				0	0	1		227
R	DFCF	DFCF-53-076		1997-01-01		CHATEAU GAMA				0	0	1		227
R	DFCF	DFCF-53-077		1997-01-01		CHATEAU LANCHENEIL				0	0	1		227
R	DFCF	DFCF-53-078		1997-01-01		CHATEAU DE POLIGNY				0	0	1		227
R	DFCF	DFCF-53-079		1997-01-01		CHATEAU DE LA BIGOTTIERE				0	0	1		227
R	DFCF	DFCF-53-080		1997-01-01		CHATEAU DE FRESNAY				0	0	1		227
R	DFCF	DFCF-53-081		1997-01-01		CHATEAU DU FEU				0	0	1		227
R	DFCF	DFCF-53-082		1997-01-01		CHATEAU MARTHEBISE				0	0	1		227
R	DFCF	DFCF-53-083		1997-01-01		CHATEAU DE LA RAGOTTIERE				0	0	1		227
R	DFCF	DFCF-53-084		1997-01-01		CHATEAU DU PLESSIS				0	0	1		227
R	DFCF	DFCF-53-085		1997-01-01		CHATEAU DE CHAMPFLEURY				0	0	1		227
R	DFCF	DFCF-53-086		1997-01-01		CHATEAU DE LA MOTTE HENRI				0	0	1		227
R	DFCF	DFCF-53-087		1997-01-01		CHATEAU DES ARCIS				0	0	1		227
R	DFCF	DFCF-53-088		1997-01-01		TOUR RENAISE       N°2				0	0	1		227
R	DFCF	DFCF-53-089		1997-01-01		CHATEAU DU BOIS ROBERT				0	0	1		227
R	DFCF	DFCF-53-090		1997-01-01		CHATEAU DU TERTRE				0	0	1		227
R	DFCF	DFCF-53-091		1997-01-01		TOUR HENRI  2				0	0	1		227
R	DFCF	DFCF-53-092		1997-01-01		CHATEAU LE CHATEAU NEUF				0	0	1		227
R	DFCF	DFCF-53-093		1997-01-01		CHATEAU DE LA CARRIERE				0	0	1		227
R	DFCF	DFCF-53-094		1997-01-01		TOURS DE LA PORTE BEUCHERESSE				0	0	1		227
R	DFCF	DFCF-53-095		1997-01-01		CHATEAU COURGES				0	0	1		227
R	DFCF	DFCF-53-096		1997-01-01		CHATEAU DE LA FORGE				0	0	1		227
R	DFCF	DFCF-53-097		1997-01-01		CHATEAU VILLENEUVE				0	0	1		227
R	DFCF	DFCF-53-098		1997-01-01		CHATEAU LA FEUILLEE				0	0	1		227
R	DFCF	DFCF-53-099		1997-01-01		CHATEAU MARIGNY				0	0	1		227
R	DFCF	DFCF-53-100		1997-01-01		CHATEAU DE MAYENNE				0	0	1		227
R	DFCF	DFCF-53-101		1997-01-01		CHATEAU DE LA ROCHE				0	0	1		227
R	DFCF	DFCF-53-102		1997-01-01		CHATEAU VIGNES				0	0	1		227
R	DFCF	DFCF-53-103		1997-01-01		CHATEAU LA RONGERE				0	0	1		227
R	DFCF	DFCF-53-104		1997-01-01		CHATEAU DE LA BARILLERE				0	0	1		227
R	DFCF	DFCF-53-105		1997-01-01		CHATEAU FONTENAILLE				0	0	1		227
R	DFCF	DFCF-53-106		1997-01-01		CHATEAU LA CHEVROLLIERE				0	0	1		227
R	DFCF	DFCF-53-107		1997-01-01		CHATEAU DE LA GIROUARDIERE				0	0	1		227
R	DFCF	DFCF-53-108		1997-01-01		CHATEAU DU HAUTFRESNE				0	0	1		227
R	DFCF	DFCF-53-109		1997-01-01		CHATEAU DE MONTGUERET				0	0	1		227
R	DFCF	DFCF-53-110		1997-01-01		CHATEAU DE LA ROCHE PICHEMER				0	0	1		227
R	DFCF	DFCF-53-111		1997-01-01		CHATEAU DE BREON				0	0	1		227
R	DFCF	DFCF-53-112		1997-01-01		CHATEAU DE LA ROUSSARDIERE				0	0	1		227
R	DFCF	DFCF-53-113		1997-01-01		CHATEAU DE LA RONGERE				0	0	1		227
R	DFCF	DFCF-53-114		1997-01-01		CHATEAU LA VALETTE				0	0	1		227
R	DFCF	DFCF-53-115		1997-01-01		CHATEAU DE LA ROCHE				0	0	1		227
R	DFCF	DFCF-53-116		1997-01-01		CHATEAU LA MYTEME				0	0	1		227
R	DFCF	DFCF-53-117		1997-01-01		CHATEAU DU MERAL				0	0	1		227
R	DFCF	DFCF-53-118		1997-01-01		CHATEAU DE L'AULNE				0	0	1		227
R	DFCF	DFCF-53-119		1997-01-01		CHATEAU DE LA DUCHERIE				0	0	1		227
R	DFCF	DFCF-53-120		1997-01-01		CHATEAU DU BASMONT				0	0	1		227
R	DFCF	DFCF-53-121		1997-01-01		CHATEAU DE LA MOTTEHUSSON				0	0	1		227
R	DFCF	DFCF-53-122		1997-01-01		CHATEAU DE MONTGIROUX				0	0	1		227
R	DFCF	DFCF-53-123		1997-01-01		CHATEAU FONTENELLE				0	0	1		227
R	DFCF	DFCF-53-124		1997-01-01		CHATEAU MONTFLAUX				0	0	1		227
R	DFCF	DFCF-53-125		1997-01-01		CHATEAU RIGARDON				0	0	1		227
R	DFCF	DFCF-53-126		1997-01-01		CHATEAU LA FIHORAYE				0	0	1		227
R	DFCF	DFCF-53-127		1997-01-01		CHATEAU THURE				0	0	1		227
R	DFCF	DFCF-53-128		1997-01-01		CHATEAU DU HOUX				0	0	1		227
R	DFCF	DFCF-53-129		1997-01-01		CHATEAU DE SUBRARDIERE				0	0	1		227
R	DFCF	DFCF-53-130		1997-01-01		CHATEAU LA COUR				0	0	1		227
R	DFCF	DFCF-53-131		1997-01-01		CHATEAU DE LA BOUCHE				0	0	1		227
R	DFCF	DFCF-53-132		1997-01-01		CHATEAU DE LA MARIE				0	0	1		227
R	DFCF	DFCF-53-133		1997-01-01		CHATEAU LA MONNERIE				0	0	1		227
R	DFCF	DFCF-53-134		1997-01-01		CHATEAU DE LA JUVAUDIERE				0	0	1		227
R	DFCF	DFCF-53-135		1997-01-01		CHATEAU DE GUE DES PIERRES				0	0	1		227
R	DFCF	DFCF-53-136		1997-01-01		CHATEAU DE MONTECLER				0	0	1		227
R	DFCF	DFCF-53-137		1997-01-01		CHATEAU DU ROCHER				0	0	1		227
R	DFCF	DFCF-53-138		1997-01-01		CHATEAU DE MONTESSON				0	0	1		227
R	DFCF	DFCF-53-139		1997-01-01		CHATEAU DE LA COUR				0	0	1		227
R	DFCF	DFCF-53-140		1997-01-01		CHATEAU DE THEVALLES				0	0	1		227
R	DFCF	DFCF-53-141		1997-01-01		CHATEAU DE LA TOUR CARRE				0	0	1		227
R	DFCF	DFCF-53-142		1997-01-01		CHATEAU DU COUDRAY				0	0	1		227
R	DFCF	DFCF-53-143		1997-01-01		CHATEAU DE LA TOUCHE				0	0	1		227
R	DFCF	DFCF-53-144		1997-01-01		CHATEAU DE L'AUNE MONGENARD				0	0	1		227
R	DFCF	DFCF-53-145		1997-01-01		CHATEAU DE MONTAIGU				0	0	1		227
R	DFCF	DFCF-53-146		1997-01-01		CHATEAU DE LA CHEVRONNAY				0	0	1		227
R	DFCF	DFCF-53-147		1997-01-01		CHATEAU BEAUCHENE				0	0	1		227
R	DFCF	DFCF-53-148		1997-01-01		CHATEAU BOUCHE D'UZURE				0	0	1		227
R	DFCF	DFCF-53-149		1997-01-01		CHATEAU DES ETOYERES				0	0	1		227
R	DFCF	DFCF-53-150		1997-01-01		CHATEAU DE NEUVILLE				0	0	1		227
R	DFCF	DFCF-53-151		1997-01-01		CHATEAU DES POIRIERS				0	0	1		227
R	DFCF	DFCF-53-152		1997-01-01		CHATEAU DU VERGER				0	0	1		227
R	DFCF	DFCF-53-153		1997-01-01		CHATEAU DE LA COUR  FROMENTIERE				0	0	1		227
R	DFCF	DFCF-53-154		1997-01-01		CHATEAU DU MENIL  ST GERMAIN				0	0	1		227
R	DFCF	DFCF-53-155		1997-01-01		CHATEAU DE SOUVRAY				0	0	1		227
R	DFCF	DFCF-53-156		1997-01-01		CHATEAU DES ROCHERES				0	0	1		227
R	DFCF	DFCF-53-157		1997-01-01		CHATEAU DE BAUBIGNE				0	0	1		227
R	DFCF	DFCF-53-158		1997-01-01		CHATEAU DE MAUVINET				0	0	1		227
R	DFCF	DFCF-53-159		1997-01-01		CHATEAU DU PUY				0	0	1		227
R	DFCF	DFCF-53-160		1997-01-01		CHATEAU DE BRIACE				0	0	1		227
R	DFCF	DFCF-53-161		1997-01-01		CHATEAU DE LA LEZIERE				0	0	1		227
R	DFCF	DFCF-53-162		1997-01-01		CHATEAU DE LA JUPELIERE				0	0	1		227
R	DFCF	DFCF-53-163		1997-01-01		CHATEAU DES PLAINS				0	0	1		227
R	DFCF	DFCF-53-164		1997-01-01		CHATEAU DU ROSERAY				0	0	1		227
R	DFCF	DFCF-53-165		1997-01-01		CHATEAU DE LA BARRE				0	0	1		227
R	DFCF	DFCF-53-166		1997-01-01		CHATEAU DES COURANTS				0	0	1		227
R	DFCF	DFCF-53-167		1997-01-01		CHATEAU DE LA VILLETTE				0	0	1		227
R	DFCF	DFCF-53-168		1997-01-01		CHATEAU CHANAY				0	0	1		227
R	DFCF	DFCF-53-169		1997-01-01		CHATEAU DES BIGOTTIERES				0	0	1		227
R	DFCF	DFCF-53-170		1997-01-01		CHATEAU DE LA SONNIERE				0	0	1		227
R	DFCF	DFCF-53-171		1997-01-01		CHATEAU DE LA COUR  CHATELAIN				0	0	1		227
R	DFCF	DFCF-53-172		1997-01-01		CHATEAU DE LEVARE				0	0	1		227
R	DFCF	DFCF-53-173		1997-01-01		CHATEAU DE LA GUENAUDIERE				0	0	1		227
R	DFCF	DFCF-53-174		1997-01-01		CHATEAU DU BAS DU GAST				0	0	1		227
R	DFCF	DFCF-53-175		1997-01-01		CHATEAU D'ERBREE				0	0	1		227
R	DFCF	DFCF-53-176		1997-01-01		CHATEAU DE LA BAS MAIGNE				0	0	1		227
R	DFCF	DFCF-53-177		1997-01-01		CHATEAU DE LA COUR  VAUTORTRE				0	0	1		227
R	DFCF	DFCF-53-178		1997-01-01		CHATEAU LE VARONCIER				0	0	1		227
R	DFCF	DFCF-53-179		1997-01-01		CHATEAU LES FRAGNES				0	0	1		227
R	DFCF	DFCF-53-180		1997-01-01		CHATEAU DES ROCHES  FONTAINE				0	0	1		227
R	DFCF	DFCF-53-181		1997-01-01		CHATEAU DU BOIS SALAIR				0	0	1		227
R	DFCF	DFCF-53-182		1997-01-01		CHATEAU DE LA GUITTRIE				0	0	1		227
R	DFCF	DFCF-53-183		1997-01-01		CHATEAU DE LA JACOPIERE				0	0	1		227
R	DFCF	DFCF-53-184		1997-01-01		CHATEAU DE LA MOTTE DAUDIER				0	0	1		227
R	DFCF	DFCF-53-185		1997-01-01		CHATEAU DE LA LANDE				0	0	1		227
R	DFCF	DFCF-53-186		1997-01-01		CHATEAU DE CHAUVIGNY				0	0	1		227
R	DFCF	DFCF-53-187		1997-01-01		CHATEAU DE L'ANSAUDIERE				0	0	1		227
R	DFCF	DFCF-53-188		1997-01-01		CHATEAU D'HAUTERIVES				0	0	1		227
R	DFCF	DFCF-53-189		1997-01-01		CHATEAU DU FOUGERAY				0	0	1		227
R	DFCF	DFCF-53-190		1997-01-01		CHATEAU DU TERTRE				0	0	1		227
R	DFCF	DFCF-53-191		1997-01-01		CHATEAU DE MORTIER CROLLE				0	0	1		227
R	DFCF	DFCF-53-192		1997-01-01		CHATEAU DU CHENE VERT				0	0	1		227
R	DFCF	DFCF-53-193		1997-01-01		CHATEAU DE SAINT OUEN				0	0	1		227
R	DFCF	DFCF-53-194		1997-01-01		CHATEAU LES ECORCES				0	0	1		227
R	DFCF	DFCF-53-195		1997-01-01		CHATEAU DE MAGNANNE				0	0	1		227
R	DFCF	DFCF-53-196		1997-01-01		CHATEAU DE MOLIERES				0	0	1		227
R	DFCF	DFCF-53-197		1997-01-01		CHATEAU DE MAROUTIERE				0	0	1		227
R	DFCF	DFCF-53-198		1997-01-01		CHATEAU DE L'EPRONNIERE				0	0	1		227
R	DFCF	DFCF-53-199		1997-01-01		CHATEAU DE MIRWAULT				0	0	1		227
R	DFCF	DFCF-53-200		1997-01-01		TOUR DU PUY				0	0	1		227
R	DFCF	DFCF-53-201		1997-01-01		CHATEAU LE MOULIN RAILLE				0	0	1		227
R	DFCF	DFCF-53-202		1997-01-01		CHATEAU DE LA PORTE				0	0	1		227
R	DFCF	DFCF-53-203		1997-01-01		CHATEAU DE LUIGNE				0	0	1		227
R	DFCF	DFCF-53-204		1997-01-01		CHATEAU DU MOIRE				0	0	1		227
R	DFCF	DFCF-53-205		1997-01-01		CHATEAU DES PLACES				0	0	1		227
R	DFCF	DFCF-53-206		1997-01-01		CHATEAU DE MORTREUX				0	0	1		227
R	DFCF	DFCF-53-207		1997-01-01		CHATEAU DE L'ESCOUBLERE				0	0	1		227
R	DFCF	DFCF-53-208		1997-01-01		CHATEAU DU BREON				0	0	1		227
R	DFCF	DFCF-53-209		1997-01-01		CHATEAU DE LA MAZURE				0	0	1		227
R	DFCF	DFCF-53-210		1997-01-01		CHATEAU DE LA JALLERIE				0	0	1		227
R	DFCF	DFCF-53-211		1997-01-01		CHATEAU LES MARIGNIERS				0	0	1		227
R	DFCF	DFCF-53-212		1997-01-01		CHATEAU CHENETS				0	0	1		227
R	DFCF	DFCF-53-213		1997-01-01		CHATEAU SAINT BRICE				0	0	1		227
R	DFCF	DFCF-53-214		1997-01-01		CHATEAU DAVIER				0	0	1		227
R	DFCF	DFCF-53-215		1997-01-01		CHATEAU SEVAUDIERE				0	0	1		227
R	DFCF	DFCF-53-216		1997-01-01		CHATEAU DU BOIS JOURDAN				0	0	1		227
R	DFCF	DFCF-53-217		1997-01-01		CHATEAU CURESSY				0	0	1		227
R	DFCF	DFCF-53-218		1997-01-01		CHATEAU BIGNON				0	0	1		227
R	DFCF	DFCF-53-219		1997-01-01		CHATEAU CHANGE				0	0	1		227
R	DFCF	DFCF-53-220		1997-01-01		CHATEAU DU PIN				0	0	1		227
R	DFCF	DFCF-53-221		1997-01-01		CHATEAU LINIERE				0	0	1		227
R	DFCF	DFCF-53-222		1997-01-01		CHATEAU LA GRANDE COURBE				0	0	1		227
R	DFCF	DFCF-53-223		1997-01-01		FORT GALLOROMAIN DE JUBLAINS				0	0	1		227
R	DFCF	DFCF-53-224		1997-01-01		CHATEAU COULANGE				0	0	1		227
R	DFCF	DFCF-53-225		1997-01-01		CHATEAU DE VILLIERS				0	0	1		227
R	DFCF	DFCF-53-226		1997-01-01		CHATEAU LESNIERE				0	0	1		227
R	DFCF	DFCF-53-227		1997-01-01		CHATEAU D'AUBIGNE				0	0	1		227
R	DFCF	DFCF-53-228		1997-01-01		CHATEAU BAZOUGERS				0	0	1		227
R	DFCF	DFCF-53-229		1997-01-01		CHATEAU SOULGE				0	0	1		227
R	DFCF	DFCF-53-230		1997-01-01		CHATEAU LA FORGE				0	0	1		227
R	DFCF	DFCF-53-231		1997-01-01		CHATEAU LUCE				0	0	1		227
R	DFCF	DFCF-53-232		1997-01-01		CHATEAU TRANKALOU				0	0	1		227
R	DFCF	DFCF-53-233		1997-01-01		CHATEAU BOURGON				0	0	1		227
R	DFCF	DFCF-53-234		1997-01-01		CHATEAU LES BORDEAUX				0	0	1		227
R	DFCF	DFCF-53-235		1997-01-01		CHATEAU DE ROCHEFEUILLE				0	0	1		227
R	DFCF	DFCF-53-236		1997-01-01		CHATEAU DU BOIS GRAZAY				0	0	1		227
R	DFCF	DFCF-53-237		1997-01-01		CHATEAU DE LA COUR GRAZAY				0	0	1		227
R	DFCF	DFCF-53-238		1997-01-01		TOUR EUGENE SU				0	0	1		227
R	DFCF	DFCF-53-239		1997-01-01		CHATEAU FRESNE				0	0	1		227
R	DFCF	DFCF-53-240		1997-01-01		CHATEAU VAUX				0	0	1		227
R	DFCF	DFCF-53-241		1997-01-01		CHATEAU BULEU				0	0	1		227
R	DFCF	DFCF-53-242		1997-01-01		CHATEAU LA HAIE				0	0	1		227
R	DFCF	DFCF-53-243		1997-01-01		CHATEAU LORE				0	0	1		227
R	DFCF	DFCF-53-244		1997-01-01		CHATEAU LA COUR ASSER				0	0	1		227
R	DFCF	DFCF-53-245		1997-01-01		CHATEAU FOULTORTE				0	0	1		227
R	DFCF	DFCF-53-246		1997-01-01		CHATEAU GASSEAU				0	0	1		227
R	DFCF	DFCF-53-247		1997-01-01		CHATEAU TERTRE				0	0	1		227
R	DFCF	DFCF-53-248		1997-01-01		CHATEAU PUYZ				0	0	1		227
R	DFCF	DFCF-53-249		1997-01-01		CHATEAU D'ORTHE				0	0	1		227
R	DFCF	DFCF-53-250		1997-01-01		CHATEAU DES BOIS ST PIERRE				0	0	1		227
R	DFCF	DFCF-53-251		1997-01-01		CHATEAU MISE				0	0	1		227
R	DFCF	DFCF-53-252		1997-01-01		CHATEAU SAINT DENIS				0	0	1		227
R	DFCF	DFCF-53-253		1997-01-01		CHATEAU SENONNES				0	0	1		227
R	DFCF	DFCF-53-254		1997-01-01		CHATEAU LA HUBERDERIE				0	0	1		227
R	DFCF	DFCF-53-255		1997-01-01		CHATEAU BEAUMONT				0	0	1		227
R	DFCF	DFCF-53-256		1997-01-01		CHATEAU DE LOZE				0	0	1		227
R	DFCF	DFCF-53-257		1997-01-01		CHATEAU DU BOIS FROU				0	0	1		227
R	DFCF	DFCF-53-258		1997-01-01		CHATEAU DU BOIS THIBAULT				0	0	1		227
R	DFCF	DFCF-53-259		1997-01-01		CHATEAU DU BOIS DU MAINE				0	0	1		227
R	DFCF	DFCF-53-260		1997-01-01		CHATEAU DE CHANTEPIE				0	0	1		227
R	DFCF	DFCF-53-261		1997-01-01		CHATEAU D'AMBRIERES				0	0	1		227
R	DFCF	DFCF-53-262		1997-01-01		CHATEAU DES TOURELLES				0	0	1		227
R	DFCF	DFCF-53-263		1997-01-01		CHATEAU MEDIEVAL				0	0	1		227
R	DFCF	DFCF-53-264		1997-01-01		CHATEAU DE CHAMP				0	0	1		227
R	DFCF	DFCF-53-265		1997-01-01		CHATEAU DE LOUISEVAL				0	0	1		227
R	DFCF	DFCF-53-266		1997-01-01		CHATEAU DES YVETS				0	0	1		227
R	DFCF	DFCF-53-267		1997-01-01		CHATEAU DE TORCE				0	0	1		227
R	DFCF	DFCF-53-268		1997-01-01		CHATEAU DU TERTRE				0	0	1		227
R	DFCF	DFCF-53-269		1997-01-01		CHATEAU DE LA VEZOUZIERE				0	0	1		227
R	DFCF	DFCF-53-270		1997-01-01		CHATEAU DES ROCHERS				0	0	1		227
R	DFCF	DFCF-53-271		1997-01-01		CHATEAU DE LA COUR				0	0	1		227
R	DFCF	DFCF-53-272		1997-01-01		CHATEAU DE MARTIGNE				0	0	1		227
R	DFCF	DFCF-53-273		1997-01-01		CHATEAU DE VARENNES				0	0	1		227
R	DFCF	DFCF-53-274		1997-01-01		CHATEAU DE MORTIERE				0	0	1		227
R	DFCF	DFCF-53-275		1997-01-01		CHATEAU DE BEAUMONT				0	0	1		227
R	DFCF	DFCF-53-276		1997-01-01		TOUR DU FOUR A BAN				0	0	1		227
R	DFCF	DFCF-53-277		1997-01-01		CHATEAU DE SAULTRAY				0	0	1		227
R	DFCF	DFCF-53-278		1997-01-01		CHATEAU DES ARCIS				0	0	1		227
R	DFCF	DFCF-53-279		1997-01-01		CHATEAU D'ENTRAMMES				0	0	1		227
R	DFCF	DFCF-53-280		1997-01-01		CHATEAU LE VALLON				0	0	1		227
R	DFCF	DFCF-53-281		1997-01-01		CHATEAU DE LA BOISSIERE				0	0	1		227
R	DFCF	DFCF-53-282		1997-01-01		MANOIR SAINT CRISTOPHE				0	0	1		227
R	DFCF	DFCF-53-283		1997-01-01		CHATEAU DE BEL AIR				0	0	1		227
R	DFCF	DFCF-53-284		1997-01-01		CHATEAU FEODALE				0	0	1		227
R	DFCF	DFCF-53-285		1997-01-01		CHATEAU DE PONTMAIN				0	0	1		227
R	DFCF	DFCF-53-286		1997-01-01		CHATEAU MAUSSON				0	0	1		227
R	DFCF	DFCF-53-287		1997-01-01		CHATEAU DE GESNES				0	0	1		227
R	DFCF	DFCF-53-288		1997-01-01		CHATEAU DE FAUTRAISE				0	0	1		227
R	DFCF	DFCF-53-289		1997-01-01		CHATEAU DE LUTZ				0	0	1		227
R	DFCF	DFCF-53-290		1997-01-01		MANOIR DU GRAND VAL				0	0	1		227
R	DFCF	DFCF-53-291		1997-01-01		CHATEAU D'ENMENARD				0	0	1		227
R	DFCF	DFCF-53-292		1997-01-01		CHATEAU DE GOUE				0	0	1		227
R	DFCF	DFCF-53-293		1997-01-01		CHATEAU DE LA GRANDE HAIE				0	0	1		227
R	DFCF	DFCF-53-294		1997-01-01		CHATEAU LE PLESSIS				0	0	1		227
R	DFCF	DFCF-53-295		1997-01-01		CHATEAU DU PLESSIS				0	0	1		227
R	DFCF	DFCF-53-296		1997-01-01		LE VIEUX CHATEAU				0	0	1		227
R	DFCF	DFCF-53-297		1997-01-01		CHATEAU DU CLOS HUET				0	0	1		227
R	DFCF	DFCF-53-298		1997-01-01		FORT DU RUBRICAIRE				0	0	1		227
R	DFCF	DFCF-53-299		1997-01-01		CHATEAU LE HAUT BUSSON				0	0	1		227
R	DFCF	DFCF-53-300		1997-01-01		CHATEAU DU LYCEE AGRICOLE				0	0	1		227
R	DFCF	DFCF-53-301		1997-01-01		CHATEAU DE VARENNES				0	0	1		227
R	DFCF	DFCF-53-302		1997-01-01		CHATEAU DE LA COUR				0	0	1		227
R	DFCF	DFCF-53-303		1997-01-01		MANOIR D'EPAULFORT				0	0	1		227
R	DFCF	DFCF-53-304		1997-01-01		CHATEAU DE LA HELBERDIERE				0	0	1		227
R	DFCF	DFCF-53-305		1997-01-01		MANOIR LA FAU				0	0	1		227
R	DFCF	DFCF-53-306		1997-01-01		CHATEAU DE LA CROISNIERE				0	0	1		227
R	DFCF	DFCF-53-307		1997-01-01		CHATEAU DE MONTGUYON				0	0	1		227
R	DFCF	DFCF-53-308		1997-01-01		CHATEAU DU PLESSIS				0	0	1		227
R	DFCF	DFCF-53-309		1997-01-01		MANOIR DE LA HAVARDIERE				0	0	1		227
R	DFCF	DFCF-53-310		1997-01-01		MANOIR DE LA HAY-LAIR				0	0	1		227
R	DFCF	DFCF-53-311		1997-01-01		MANOIR DU CHATEAU				0	0	1		227
R	DFCF	DFCF-53-312		1997-01-01		CHATEAU DE SAINT NICOLAS				0	0	1		227
R	DFCF	DFCF-53-313		1997-01-01		CHATEAU LA VALLEE				0	0	1		227
R	DFCF	DFCF-53-314		1997-01-01		CHATEAU L'ESSART				0	0	1		227
R	DFCF	DFCF-53-315		1997-01-01		MANOIR DE LA FOUCHERIE				0	0	1		227
R	DFCF	DFCF-53-316		1997-01-01		MANOIR DES BEZIERES				0	0	1		227
R	DFCF	DFCF-53-317		1997-01-01		MANOIR DE LA MOTTE VALORY				0	0	1		227
R	DFCF	DFCF-53-318		1997-01-01		MANOIR DE LA GRANDE COURTEILE				0	0	1		227
R	DFCF	DFCF-53-319		1997-01-01		MANOIR LE HAUT ROCHER				0	0	1		227
R	DFCF	DFCF-53-320		1997-01-01		MANOIR LE CHATELIER				0	0	1		227
R	DFCF	DFCF-53-321		1997-01-01		CHATREAU BOUILE				0	0	1		227
R	DFCF	DFCF-53-322		1997-01-01		CHATEAU LA BAUCHEE				0	0	1		227
R	DFCF	DFCF-53-323		1997-01-01		CHATEAU D'ISLE				0	0	1		227
R	DFCF	DFCF-53-324		1997-01-01		CHATEAU DE LA VAUDELLE				0	0	1		227
R	DFCF	DFCF-53-325		1997-01-01		CHATEAU DU COUDRAY				0	0	1		227
R	DFCF	DFCF-53-326		1997-01-01		MANOIR DE LA VIAULNAY				0	0	1		227
R	DFCF	DFCF-53-327		1997-01-01		MANOIR GRAND-ALIGNE				0	0	1		227
R	DFCF	DFCF-53-328		1997-01-01		CHATEAU DE CHELLE				0	0	1		227
R	DFCF	DFCF-53-329		1997-01-01		CHATEAU D'HAUTEVILLE				0	0	1		227
R	DFCF	DFCF-53-330		1997-01-01		CHATEAU DE VILLERAY				0	0	1		227
R	DFCF	DFCF-53-331		1997-01-01		CHATEAU DE LA MOTTE				0	0	1		227
R	DFCF	DFCF-53-332		1997-01-01		CHATEAU DE CLASSE				0	0	1		227
R	DFCF	DFCF-53-333		1997-01-01		MANOIR DES NUILLES				0	0	1		227
R	DFCF	DFCF-53-334		1997-01-01		MANOIR DE LA GRANDE SAUDRAIE				0	0	1		227
R	DFCF	DFCF-53-335		1997-01-01		MANOIR DE LA HAUT'COUR				0	0	1		227
R	DFCF	DFCF-53-336		1997-01-01		MANOIR SACE				0	0	1		227
R	DFCF	DFCF-53-337		1997-01-01		MANOIR DE LA HAVARDIERE				0	0	1		227
R	DFCF	DFCF-53-338		1997-01-01		CHATEAU DE BEAULIEU				0	0	1		227
R	DFCF	DFCF-54-001		1997-01-01		CHATEAU DE MONCEL				0	0	1		227
R	DFCF	DFCF-54-002		1997-01-01		CHATEAU DE FLEVILLE				0	0	1		227
R	DFCF	DFCF-54-003		1997-01-01		FORT ST VINCENT				0	0	1		227
R	DFCF	DFCF-54-004		1997-01-01		FORT DE DOMGERMAIN				0	0	1		227
R	DFCF	DFCF-54-005		1997-01-01		FORT DE BREHAIN				0	0	1		227
R	DFCF	DFCF-54-006		1997-01-01		CHATEAU DE TENTONVILLE				0	0	1		227
R	DFCF	DFCF-54-007		1997-01-01		CHATEAU DE CONS LA GRANDVILLE				0	0	1		227
R	DFCF	DFCF-54-008		1997-01-01		FORT DE LATIREMONT				0	0	1		227
R	DFCF	DFCF-54-009		1997-01-01		FORT DE FERMONT				0	0	1		227
R	DFCF	DFCF-54-010		1997-01-01		FORT DE VILLERS LE SEC				0	0	1		227
R	DFCF	DFCF-54-011		1997-01-01		CHATEAU DE LUNEVILLE				0	0	1		227
R	DFCF	DFCF-54-012		1997-01-01		FORT SAINT MICHEL				0	0	1		227
R	DFCF	DFCF-54-013		1997-01-01		FORT D'ECROUVES				0	0	1		227
R	DFCF	DFCF-54-014		1997-01-01		CHATEAU DE JAULNY				0	0	1		227
R	DFCF	DFCF-54-015		1997-01-01		FORT DE CHANOT				0	0	1		227
R	DFCF	DFCF-54-016		1997-01-01		FORT DE BLENOD LES TOUL				0	0	1		227
R	DFCF	DFCF-54-017		1997-01-01		FORT DE BRULEY				0	0	1		227
R	DFCF	DFCF-54-018		1997-01-01		CHATEAU DE VIEUX CANTON				0	0	1		227
R	DFCF	DFCF-54-019		1997-01-01		FORT DALHMANN				0	0	1		227
R	DFCF	DFCF-54-020		1997-01-01		FORT DU TILLOT				0	0	1		227
R	DFCF	DFCF-54-021		1997-01-01		FORT DE LUCEY				0	0	1		227
R	DFCF	DFCF-54-022		1997-01-01		FORT DE TRONDES				0	0	1		227
R	DFCF	DFCF-54-037		1997-01-01		CHATEAU DE TANTONVILLE				0	0	1		227
R	DFCF	DFCF-54-039		1997-01-01		CHATEAU DE LA FLIE				0	0	1		227
R	DFCF	DFCF-54-040		1997-01-01		CHATEAU DE L'ANSEE				0	0	1		227
R	DFCF	DFCF-55-001		1997-01-01		FORT DE MARRE				0	0	1		227
R	DFCF	DFCF-55-002		1997-01-01		FORT DE VACHERAUVILLE				0	0	1		227
R	DFCF	DFCF-55-003		1997-01-01		FORT LES SARTELLES				0	0	1		227
R	DFCF	DFCF-55-004		1997-01-01		FORT DE FROIDETERRE				0	0	1		227
R	DFCF	DFCF-55-005		1997-01-01		FORT DE DOUAUMONT				0	0	1		227
R	DFCF	DFCF-55-006		1997-01-01		FORT DE FROMEREVILLE				0	0	1		227
R	DFCF	DFCF-55-007		1997-01-01		FORT DE BELLEVILLE				0	0	1		227
R	DFCF	DFCF-55-008		1997-01-01		FORT DE LA CHAUME				0	0	1		227
R	DFCF	DFCF-55-009		1997-01-01		FORT DE TAVANNES				0	0	1		227
R	DFCF	DFCF-55-010		1997-01-01		FORT DE SOUVILLE				0	0	1		227
R	DFCF	DFCF-55-011		1997-01-01		FORT DE VAUX				0	0	1		227
R	DFCF	DFCF-55-012		1997-01-01		FORT DE GIRONVILLE				0	0	1		227
R	DFCF	DFCF-55-013		1997-01-01		FORT DE JOUY /COTES				0	0	1		227
R	DFCF	DFCF-55-014		1997-01-01		CHATEAU DE MATTONCHATEL				0	0	1		227
R	DFCF	DFCF-55-015		1997-01-01		FORT ROZELIER				0	0	1		227
R	DFCF	DFCF-55-016		1997-01-01		FORT DU CHANA				0	0	1		227
R	DFCF	DFCF-55-017		1997-01-01		FORT DU BOIS BOURRU				0	0	1		227
R	DFCF	DFCF-55-018		1997-01-01		FORT DE CHOISEL				0	0	1		227
R	DFCF	DFCF-55-019		1997-01-01		CHATEAU STANISLAS				0	0	1		227
R	DFCF	DFCF-55-020		1997-01-01		FORT REGRET				0	0	1		227
R	DFCF	DFCF-55-021		1997-01-01		FORT SAINT MICHEL				0	0	1		227
R	DFCF	DFCF-55-022		1997-01-01		CHATEAU DE MONTBRAS				0	0	1		227
R	DFCF	DFCF-55-023		1997-01-01		CHATEAU DE GOMBERVAUX				0	0	1		227
R	DFCF	DFCF-55-024		1997-01-01		CHATEAU DE THILLOMBOIS				0	0	1		227
R	DFCF	DFCF-55-025		1997-01-01		CHATEAU DE SAMPIGNY				0	0	1		227
R	DFCF	DFCF-55-026		1997-01-01		CHATEAU LA MAISON DES CHAMPS				0	0	1		227
R	DFCF	DFCF-55-027		1997-01-01		CHATEAU LA MAISON FORTE				0	0	1		227
R	DFCF	DFCF-55-028		1997-01-01		CHATEAU DE DEUXNOUDS				0	0	1		227
R	DFCF	DFCF-55-029		1997-01-01		FORT DE TROYON				0	0	1		227
R	DFCF	DFCF-55-030		1997-01-01		FORTVDE GENICOURT				0	0	1		227
R	DFCF	DFCF-55-031		1997-01-01		FORT DE CHARNY				0	0	1		227
R	DFCF	DFCF-55-032		1997-01-01		FORT DU CAMP DES ROMAINS				0	0	1		227
R	DFCF	DFCF-55-033		1997-01-01		FORT DE PAGNY LA BLANCHE COTE				0	0	1		227
R	DFCF	DFCF-55-034		1997-01-01		FORT DES PAROCHES				0	0	1		227
R	DFCF	DFCF-55-035		1997-01-01		CHATEAU D'AULNOY SOUS VERTUZEY				0	0	1		227
R	DFCF	DFCF-55-036		1997-01-01		FORT DE MOULAINVILLE				0	0	1		227
R	DFCF	DFCF-55-037		1997-01-01		CHATEAU MALPIERRE				0	0	1		227
R	DFCF	DFCF-55-038		1997-01-01		CHATEAU DE CHALAINES				0	0	1		227
R	DFCF	DFCF-55-039		1997-01-01		CHATEAU DE SAUVOY				0	0	1		227
R	DFCF	DFCF-55-040		1997-01-01		CHATEAU DE TUSET				0	0	1		227
R	DFCF	DFCF-55-041		1997-01-01		FORT DE LIOUVILLE				0	0	1		227
R	DFCF	DFCF-55-042		1997-01-01		CHATEAU DE BISLEE				0	0	1		227
R	DFCF	DFCF-55-043		1997-01-01		CHATEAU DE WOINVILLE				0	0	1		227
R	DFCF	DFCF-55-044		1997-01-01		CHATEAU DE BUREY LA COTE				0	0	1		227
R	DFCF	DFCF-55-045		1997-01-01		CHATEAU DE MAUVAGES				0	0	1		227
R	DFCF	DFCF-55-046		1997-01-01		FORT DE DERAME				0	0	1		227
R	DFCF	DFCF-55-047		1997-01-01		CHATEAU DE GUERPONT				0	0	1		227
R	DFCF	DFCF-55-048		1997-01-01		CHATEAU DE JEAND'HEURS				0	0	1		227
R	DFCF	DFCF-55-049		1997-01-01		TOUR SAINT VANNE				0	0	1		227
R	DFCF	DFCF-55-050		1997-01-01		CHATEAU DE GOUSSAINCOURT				0	0	1		227
R	DFCF	DFCF-55-051		1997-01-01		CHATEAU DE DELUT				0	0	1		227
R	DFCF	DFCF-55-052		1997-01-01		CHATEAU DE MURALULT				0	0	1		227
R	DFCF	DFCF-55-053		1997-01-01		FORT DE DUGNY				0	0	1		227
R	DFCF	DFCF-55-054		1997-01-01		FORT D'HAUDINVILLE				0	0	1		227
R	DFCF	DFCF-55-055		1997-01-01		FORT DE BELRUPT				0	0	1		227
R	DFCF	DFCF-55-056		1997-01-01		CHATEAU DES DUCS DE BAR				0	0	1		227
R	DFCF	DFCF-55-057		1997-01-01		FORT DE LA FALOUZE				0	0	1		227
R	DFCF	DFCF-55-058		1997-01-01		CITADELLE BASSE DE VERDUN				0	0	1		227
R	DFCF	DFCF-55-059		1997-01-01		CITADELLE HAUTE DE VERDUN				0	0	1		227
R	DFCF	DFCF-55-064		1997-01-01		CHATEAU DE DIEUE SUR MEUSE				0	0	1		227
R	DFCF	DFCF-55-067		1997-01-01		FORT DE BEZONVAUX				0	0	1		227
R	DFCF	DFCF-56-001		1997-01-01		FORTBLOQUE				0	0	1		227
R	DFCF	DFCF-56-002		1997-01-01		FORT DU GROGNON				0	0	1		227
R	DFCF	DFCF-56-003		1997-01-01		FORT DE SURVILLE				0	0	1		227
R	DFCF	DFCF-56-004		1997-01-01		CHATEAU DES ROHAN				0	0	1		227
R	DFCF	DFCF-56-005		1997-01-01		FORT KERNEVEST				0	0	1		227
R	DFCF	DFCF-56-006		1997-01-01		CHATEAU SAINT URCHAUD				0	0	1		227
R	DFCF	DFCF-56-007		1997-01-01		FORT DE HOUAT				0	0	1		227
R	DFCF	DFCF-56-008		1997-01-01		CHATEAU FOUQUET				0	0	1		227
R	DFCF	DFCF-56-009		1997-01-01		FORT SARAH BERNHARDT				0	0	1		227
R	DFCF	DFCF-56-010		1997-01-01		FORT DE PORT AN-DRO				0	0	1		227
R	DFCF	DFCF-56-011		1997-01-01		FORT LE MENE				0	0	1		227
R	DFCF	DFCF-56-012		1997-01-01		CHATEAU DE KERCADO				0	0	1		227
R	DFCF	DFCF-56-013		1997-01-01		CHATEAU VANDEGUIP				0	0	1		227
R	DFCF	DFCF-56-014		1997-01-01		CHATEAU DU BOIS DE LA ROCHE				0	0	1		227
R	DFCF	DFCF-56-015		1997-01-01		FORT DE PORT MARIA				0	0	1		227
R	DFCF	DFCF-56-016		1997-01-01		FORT DE LA POINTE DES KERDONIS				0	0	1		227
R	DFCF	DFCF-56-017		1997-01-01		FORT DU BUGUL				0	0	1		227
R	DFCF	DFCF-56-018		1997-01-01		FORT LARRON				0	0	1		227
R	DFCF	DFCF-56-019		1997-01-01		CHATEAU DE COETCASTEL				0	0	1		227
R	DFCF	DFCF-56-020		1997-01-01		CHATEAU DE COETCOURON				0	0	1		227
R	DFCF	DFCF-56-021		1997-01-01		CHATEAU DE TREGRAIN				0	0	1		227
R	DFCF	DFCF-56-022		1997-01-01		CHATEAU DE KERLOIS				0	0	1		227
R	DFCF	DFCF-56-023		1997-01-01		CHATEAU DE BROEL				0	0	1		227
R	DFCF	DFCF-56-024		1997-01-01		CHATEAU DE SUSCINIO				0	0	1		227
R	DFCF	DFCF-56-025		1997-01-01		CHATEAU DU GREGO				0	0	1		227
R	DFCF	DFCF-56-026		1997-01-01		FORT DE LA POINTE CARDINAL				0	0	1		227
R	DFCF	DFCF-56-027		1997-01-01		FORT DU GROS ROCHER				0	0	1		227
R	DFCF	DFCF-56-028		1997-01-01		FORT DE RAMONETTE				0	0	1		227
R	DFCF	DFCF-56-029		1997-01-01		CHATEAU DE L'HERMINE				0	0	1		227
R	DFCF	DFCF-56-030		1997-01-01		CHATEAU KERLEBERT				0	0	1		227
R	DFCF	DFCF-56-031		1997-01-01		FORT DE TAILLEFER				0	0	1		227
R	DFCF	DFCF-56-032		1997-01-01		FORT DU LOC'H				0	0	1		227
R	DFCF	DFCF-56-033		1997-01-01		FORT D’HOEDIC				0	0	1		227
R	DFCF	DFCF-56-034		1997-01-01		FORT DE LA BICHE				0	0	1		227
R	DFCF	DFCF-56-035		1997-01-01		CHATEAU DE KEROUSSEAU				0	0	1		227
R	DFCF	DFCF-56-036		1997-01-01		CHATEAU DE BORDENEO				0	0	1		227
R	DFCF	DFCF-56-037		1997-01-01		FORT DE PENTHIEVRE				0	0	1		227
R	DFCF	DFCF-56-038		1997-01-01		CITADELLE VAUBAN				0	0	1		227
R	DFCF	DFCF-56-039		1997-01-01		CHATEAU DE TRONJOLY				0	0	1		227
R	DFCF	DFCF-56-040		1997-01-01		FORT DE KEROMAN				0	0	1		227
R	DFCF	DFCF-56-042		1997-01-01		MANOIR DE KERCADIO				0	0	1		227
R	DFCF	DFCF-56-064		1997-01-01		CHÂTEAU DU PONT SAL				0	0	1		227
R	DFCF	DFCF-56-088		1997-01-01		CHÂTEAU DE ROCHEVILAINE				0	0	1		227
R	DFCF	DFCF-56-096		1997-01-01		CHÂTEAU DE KERDURAND				0	0	1		227
R	DFCF	DFCF-56-097		1997-01-01		CHATEAU MARGARET				0	0	1		227
R	DFCF	DFCF-56-099		1997-01-01		CHATEAU DE KERLILON				0	0	1		227
R	DFCF	DFCF-56-100		1997-01-01		FORT DE KERNEVEL				0	0	1		227
R	DFCF	DFCF-56-104		1997-01-01		CHÂTEAU DE TREFAVEN				0	0	1		227
R	DFCF	DFCF-56-106		1997-01-01		LE MANOIR DE KERIHUET				0	0	1		227
R	DFCF	DFCF-56-107		1997-01-01		FORT LOCQUELTAS				0	0	1		227
R	DFCF	DFCF-56-109		1997-01-01		CHÂTEAU DE KERZO				0	0	1		227
R	DFCF	DFCF-56-110		1997-01-01		CHÂTEAU DU LEIN				0	0	1		227
R	DFCF	DFCF-56-112		1997-01-01		FORT DE PEN MANE				0	0	1		227
R	DFCF	DFCF-56-113		1997-01-01		CHÂTEAU DE COM ER HOUET				0	0	1		227
R	DFCF	DFCF-56-119		1997-01-01		CHÂTEAU DE PLESSIS				0	0	1		227
R	DFCF	DFCF-56-121		1997-01-01		CHÂTEAU DE KEROZEN				0	0	1		227
R	DFCF	DFCF-56-123		1997-01-01		CHÂTEAU DE LESLE				0	0	1		227
R	DFCF	DFCF-56-125		1997-01-01		CHÂTEAU D'HENNEBONT				0	0	1		227
R	DFCF	DFCF-56-126		1997-01-01		CHÂTEAU DE QUENNELEC				0	0	1		227
R	DFCF	DFCF-56-128		1997-01-01		CHÂTEAU SAINT GEORGES				0	0	1		227
R	DFCF	DFCF-56-131		1997-01-01		CHATEAU BOTHANE				0	0	1		227
R	DFCF	DFCF-56-133		1997-01-01		CHATEAU DE KERBASTIC				0	0	1		227
R	DFCF	DFCF-56-135		1997-01-01		FORT DU TALUD				0	0	1		227
R	DFCF	DFCF-56-136		1997-01-01		CHÂTEAU DE KERROUS				0	0	1		227
R	DFCF	DFCF-56-137		1997-01-01		MANOIR DE KERAUDE				0	0	1		227
R	DFCF	DFCF-56-139		1997-01-01		CHÂTEAU DE MESLIEN				0	0	1		227
R	DFCF	DFCF-56-140		1997-01-01		CHÂTEAU DE TRONCHATEAU				0	0	1		227
R	DFCF	DFCF-56-141		1997-01-01		CHÂTEAU DE KERMORGAN				0	0	1		227
R	DFCF	DFCF-56-143		1997-01-01		CHATEAU RANGOUET				0	0	1		227
R	DFCF	DFCF-56-144		1997-01-01		MANOIR DU POUILLOT				0	0	1		227
R	DFCF	DFCF-56-146		1997-01-01		CHÂTEAU DE KERLETU				0	0	1		227
R	DFCF	DFCF-56-147		1997-01-01		CHATEAU DE MENEHOUARN				0	0	1		227
R	DFCF	DFCF-56-149		1997-01-01		CHATEAU DE KERSILY				0	0	1		227
R	DFCF	DFCF-56-152		1997-01-01		CHÂTEAU DE KERFREZEC				0	0	1		227
R	DFCF	DFCF-56-153		1997-01-01		CHÂTEAU DE LA VILLENEUVE				0	0	1		227
R	DFCF	DFCF-56-154		1997-01-01		CHATEAU DE KERLIVIO				0	0	1		227
R	DFCF	DFCF-56-155		1997-01-01		TOUR DE LOCMARIA				0	0	1		227
R	DFCF	DFCF-56-157		1997-01-01		CHÂTEAU DE LOCOYARN				0	0	1		227
R	DFCF	DFCF-56-158		1997-01-01		CHÂTEAU DE KERLOIS				0	0	1		227
R	DFCF	DFCF-56-159		1997-01-01		CHATEAU DE KERLEGAN				0	0	1		227
R	DFCF	DFCF-56-162		1997-01-01		CHÂTEAU DE KERDUDO				0	0	1		227
R	DFCF	DFCF-56-163		1997-01-01		CHÂTEAU DE TROVEN				0	0	1		227
R	DFCF	DFCF-56-164		1997-01-01		CHATEAU DU TALHOUET				0	0	1		227
R	DFCF	DFCF-56-165		1997-01-01		CHATEAU DE KERMARTIN				0	0	1		227
R	DFCF	DFCF-56-166		1997-01-01		CHATEAU GABRIEL				0	0	1		227
R	DFCF	DFCF-56-168		1997-01-01		CHATEAU DU BOT				0	0	1		227
R	DFCF	DFCF-56-169		1997-01-01		CHATEAU DE KERVELEAN				0	0	1		227
R	DFCF	DFCF-56-188		1997-01-01		MANOIR DE BRANGOLO				0	0	1		227
R	DFCF	DFCF-56-191		1997-01-01		MANOIR DES PRINCES				0	0	1		227
R	DFCF	DFCF-56-192		1997-01-01		CHATEAU DE LA GARENNE				0	0	1		227
R	DFCF	DFCF-56-235		1997-01-01		MANOIR DE KERBOURBON				0	0	1		227
R	DFCF	DFCF-56-236		1997-01-01		MANOIR DE CADOUDAL				0	0	1		227
R	DFCF	DFCF-56-237		1997-01-01		TOUR SUD DU CONNETABLE				0	0	1		227
R	DFCF	DFCF-56-254		1997-01-01		CHATEAU LE RESTO				0	0	1		227
R	DFCF	DFCF-56-274		1997-01-01		MANOIR DE KERRIO				0	0	1		227
R	DFCF	DFCF-56-275		1997-01-01		CHATEAU DE CRAN				0	0	1		227
R	DFCF	DFCF-56-277		1997-01-01		CHATEAU LA VILLE JULO				0	0	1		227
R	DFCF	DFCF-56-278		1997-01-01		MANOIR DE LA FUYE				0	0	1		227
R	DFCF	DFCF-56-279		1997-01-01		MANOIR DE VAU D'ARZ				0	0	1		227
R	DFCF	DFCF-56-281		1997-01-01		MANOIR DE SAINT FIACRE				0	0	1		227
R	DFCF	DFCF-56-282		1997-01-01		MANOIR E BRECEHAN				0	0	1		227
R	DFCF	DFCF-56-283		1997-01-01		CHATEAU LA GRATIONNAYE				0	0	1		227
R	DFCF	DFCF-56-284		1997-01-01		CHATEAU MALANSAC				0	0	1		227
R	DFCF	DFCF-56-285		1997-01-01		CHATEAU HINDREUFF				0	0	1		227
R	DFCF	DFCF-56-286		1997-01-01		CHATEAU DE LA BERRAYE				0	0	1		227
R	DFCF	DFCF-56-287		1997-01-01		MANOIR DU MATZ				0	0	1		227
R	DFCF	DFCF-56-288		1997-01-01		CHATEAU  DES PRIERES				0	0	1		227
R	DFCF	DFCF-56-289		1997-01-01		CHATEAU DU HELFAUT				0	0	1		227
R	DFCF	DFCF-56-290		1997-01-01		MANOIR DE KERGUENAN				0	0	1		227
R	DFCF	DFCF-56-291		1997-01-01		MANOIR DE PENBULZO				0	0	1		227
R	DFCF	DFCF-56-292		1997-01-01		MANOIR DE MOREAC				0	0	1		227
R	DFCF	DFCF-56-293		1997-01-01		CHATEAU DE PORCE				0	0	1		227
R	DFCF	DFCF-56-294		1997-01-01		MANOIR DE LA CHESNAIE				0	0	1		227
R	DFCF	DFCF-56-295		1997-01-01		MANOIR DE TRUHELIN				0	0	1		227
R	DFCF	DFCF-56-296		1997-01-01		MANOIR DE LANGAT				0	0	1		227
R	DFCF	DFCF-56-297		1997-01-01		MANOIR DE LIGNOL				0	0	1		227
R	DFCF	DFCF-56-298		1997-01-01		MANOIR KERGUERION				0	0	1		227
R	DFCF	DFCF-56-299		1997-01-01		MANOIR DE LUHAN				0	0	1		227
R	DFCF	DFCF-56-300		1997-01-01		CHATEAU LE CLEYO				0	0	1		227
R	DFCF	DFCF-56-301		1997-01-01		CHATEAU GUYONDAIE				0	0	1		227
R	DFCF	DFCF-56-302		1997-01-01		CHATEAU LE LOBEAU				0	0	1		227
R	DFCF	DFCF-56-303		1997-01-01		CHATEAU DE BODEL				0	0	1		227
R	DFCF	DFCF-56-304		1997-01-01		CHATEAU DE SAINT GONAN				0	0	1		227
R	DFCF	DFCF-56-305		1997-01-01		CHATEAU DE LOURMES				0	0	1		227
R	DFCF	DFCF-56-306		1997-01-01		CHATEAU DU NELHOUET				0	0	1		227
R	DFCF	DFCF-56-307		1997-01-01		CHATEAU DE CREVY				0	0	1		227
R	DFCF	DFCF-56-308		1997-01-01		CHATEAU DE LA MORLAYE				0	0	1		227
R	DFCF	DFCF-56-309		1997-01-01		MANOIR LA SAULDRAYE				0	0	1		227
R	DFCF	DFCF-56-310		1997-01-01		MANOIR PENCLEN				0	0	1		227
R	DFCF	DFCF-56-312		1997-01-01		CHATEAU DE CROSCO				0	0	1		227
R	DFCF	DFCF-56-313		1997-01-01		CHATEAU DE GRANDVILLE				0	0	1		227
R	DFCF	DFCF-56-314		1997-01-01		CHATEAU KERANGAT				0	0	1		227
R	DFCF	DFCF-56-315		1997-01-01		MANOIR KERVIO				0	0	1		227
R	DFCF	DFCF-56-316		1997-01-01		MANOIR TROMEUR				0	0	1		227
R	DFCF	DFCF-56-317		1997-01-01		CHATEAU DE LA VILLE DER				0	0	1		227
R	DFCF	DFCF-56-318		1997-01-01		MANOIR RUSCOUART				0	0	1		227
R	DFCF	DFCF-56-319		1997-01-01		CHATEAU LA RIVIERE				0	0	1		227
R	DFCF	DFCF-56-320		1997-01-01		MANOIR DE COHIGNAC				0	0	1		227
R	DFCF	DFCF-56-321		1997-01-01		LA TOUR DES ANGLAIS				0	0	1		227
R	DFCF	DFCF-56-322		1997-01-01		CHATEAU DE KERGLAZ				0	0	1		227
R	DFCF	DFCF-56-323		1997-01-01		MANOIR TREDUDAIS				0	0	1		227
R	DFCF	DFCF-56-324		1997-01-01		MANOIR KERANDRUN				0	0	1		227
R	DFCF	DFCF-56-325		1997-01-01		MANOIR DE GRANIL				0	0	1		227
R	DFCF	DFCF-56-326		1997-01-01		MANOIR DE KERBILLEC				0	0	1		227
R	DFCF	DFCF-56-327		1997-01-01		MANOIR DE BRIONEL				0	0	1		227
R	DFCF	DFCF-56-328		1997-01-01		CHATEAU GAILLARD				0	0	1		227
R	DFCF	DFCF-56-329		1997-01-01		CHATEAU LA COUR				0	0	1		227
R	DFCF	DFCF-56-330		1997-01-01		MANOIR BOTLORE				0	0	1		227
R	DFCF	DFCF-56-331		1997-01-01		CHATEAU DE BOCQUENAY				0	0	1		227
R	DFCF	DFCF-56-332		1997-01-01		MANOIR LA COUR				0	0	1		227
R	DFCF	DFCF-56-333		1997-01-01		CHATEAU LE MOUNOUFF				0	0	1		227
R	DFCF	DFCF-56-334		1997-01-01		MANOIR KEROLIARD				0	0	1		227
R	DFCF	DFCF-56-335		1997-01-01		CHATEAU D'ERECH				0	0	1		227
R	DFCF	DFCF-56-336		1997-01-01		MANOIRE DE TREBRAT				0	0	1		227
R	DFCF	DFCF-56-337		1997-01-01		MANOIR DE LA VILLE AUBERT				0	0	1		227
R	DFCF	DFCF-56-338		1997-01-01		CHATEAU DE CLERIGO				0	0	1		227
R	DFCF	DFCF-56-339		1997-01-01		CHATEAU DE PINIEUX				0	0	1		227
R	DFCF	DFCF-56-340		1997-01-01		MANOIR RANGOUET				0	0	1		227
R	DFCF	DFCF-56-341		1997-01-01		CHATEAU DE KERFAZ				0	0	1		227
R	DFCF	DFCF-56-342		1997-01-01		CHATEAU KEREDREN				0	0	1		227
R	DFCF	DFCF-56-343		1997-01-01		CHATEAU BOIS DU ROZ				0	0	1		227
R	DFCF	DFCF-56-344		1997-01-01		MANOIR DE LEMAY				0	0	1		227
R	DFCF	DFCF-56-345		1997-01-01		CHATEAU LES TIMBRIEUX				0	0	1		227
R	DFCF	DFCF-56-346		1997-01-01		MANOIR DE LA VILLE GUEHARD				0	0	1		227
R	DFCF	DFCF-56-347		1997-01-01		MANOIR DE TOUCHE CARNE				0	0	1		227
R	DFCF	DFCF-56-348		1997-01-01		CHATEAU DE TREGRANTEUR				0	0	1		227
R	DFCF	DFCF-56-349		1997-01-01		MANOIR LA VILLE DES VENTS				0	0	1		227
R	DFCF	DFCF-56-350		1997-01-01		MANOIR LE VAL DU HOUX				0	0	1		227
R	DFCF	DFCF-56-351		1997-01-01		MANOIR MONTGRENIER				0	0	1		227
R	DFCF	DFCF-56-352		1997-01-01		MANOIR DE TREVENALEUC				0	0	1		227
R	DFCF	DFCF-56-353		1997-01-01		MANOIR DE COET BY				0	0	1		227
R	DFCF	DFCF-56-354		1997-01-01		MANOIR LA VILLE PELOTE				0	0	1		227
R	DFCF	DFCF-56-355		1997-01-01		MANOIR DE VAUGACE				0	0	1		227
R	DFCF	DFCF-56-356		1997-01-01		LE PETIT MANOIR				0	0	1		227
R	DFCF	DFCF-56-357		1997-01-01		CHATEAU DE TIRPEN				0	0	1		227
R	DFCF	DFCF-56-358		1997-01-01		MANOIR DE LA TOUCHE KERVIER				0	0	1		227
R	DFCF	DFCF-56-359		1997-01-01		MANOIR DE LA NEE				0	0	1		227
R	DFCF	DFCF-56-360		1997-01-01		CHATEAU PHILIPPE				0	0	1		227
R	DFCF	DFCF-56-361		1997-01-01		MANOIR DE MENIMUR				0	0	1		227
R	DFCF	DFCF-56-362		1997-01-01		CHATEAU DE KERPLAT				0	0	1		227
R	DFCF	DFCF-56-363		1997-01-01		MANOIR LA COUR DE LA HAIE				0	0	1		227
R	DFCF	DFCF-56-364		1997-01-01		MANOIR TREMEGAN				0	0	1		227
R	DFCF	DFCF-56-365		1997-01-01		MA NOIR DE KERVILLAR				0	0	1		227
R	DFCF	DFCF-56-366		1997-01-01		CHATEAU ARAL				0	0	1		227
R	DFCF	DFCF-56-367		1997-01-01		MANOIR KERGUET				0	0	1		227
R	DFCF	DFCF-56-368		1997-01-01		CHATEAU BOEDIC				0	0	1		227
R	DFCF	DFCF-56-369		1997-01-01		TOUR DE LA POUDRIERE				0	0	1		227
R	DFCF	DFCF-56-370		1997-01-01		MANOIR LA BOISSIERE				0	0	1		227
R	DFCF	DFCF-56-371		1997-01-01		TOUR TROMPETTE				0	0	1		227
R	DFCF	DFCF-56-372		1997-01-01		MANOIR DE BARRARAC'H				0	0	1		227
R	DFCF	DFCF-56-373		1997-01-01		TOUR LA JOLIETTE				0	0	1		227
R	DFCF	DFCF-56-374		1997-01-01		MANOIR DE BERVAL				0	0	1		227
R	DFCF	DFCF-56-375		1997-01-01		TOUR DU BOURREAU				0	0	1		227
R	DFCF	DFCF-56-376		1997-01-01		MANOIR BERDER				0	0	1		227
R	DFCF	DFCF-56-377		1997-01-01		MANOIR D'OZON				0	0	1		227
R	DFCF	DFCF-56-378		1997-01-01		MANOIR RANQUIN				0	0	1		227
R	DFCF	DFCF-56-379		1997-01-01		CHATEAU KERALIO				0	0	1		227
R	DFCF	DFCF-56-380		1997-01-01		CHATEAU DE FESCAL				0	0	1		227
R	DFCF	DFCF-56-381		1997-01-01		MANOIR COESQUEL				0	0	1		227
R	DFCF	DFCF-56-382		1997-01-01		CHATEAU DE PEN MUR				0	0	1		227
R	DFCF	DFCF-56-383		1997-01-01		CHATEAU DE L'ESTIER				0	0	1		227
R	DFCF	DFCF-56-384		1997-01-01		CHATEAU DE LEHELLEC				0	0	1		227
R	DFCF	DFCF-56-385		1997-01-01		CHATEAU DE SAULAYE				0	0	1		227
R	DFCF	DFCF-56-386		1997-01-01		CHATEAU DE TREGOUET				0	0	1		227
R	DFCF	DFCF-56-387		1997-01-01		CHATEAU DE MARZAN				0	0	1		227
R	DFCF	DFCF-56-388		1997-01-01		CHATEAU LES BASSES FOSSES				0	0	1		227
R	DFCF	DFCF-56-389		1997-01-01		MANOIR DE BREHE				0	0	1		227
R	DFCF	DFCF-56-390		1997-01-01		CHATEAU KERAVENAN				0	0	1		227
R	DFCF	DFCF-56-391		1997-01-01		MANOIR DE CANO				0	0	1		227
R	DFCF	DFCF-56-392		1997-01-01		MANOIR ST LAURENT				0	0	1		227
R	DFCF	DFCF-56-393		1997-01-01		MANOIR KERAL				0	0	1		227
R	DFCF	DFCF-56-394		1997-01-01		MANOIR DE KERVEREC				0	0	1		227
R	DFCF	DFCF-56-395		1997-01-01		MANOIR DE TOULANN				0	0	1		227
R	DFCF	DFCF-56-396		1997-01-01		MANOIR TREDEC				0	0	1		227
R	DFCF	DFCF-56-397		1997-01-01		MANOIR DE GOURVINEC				0	0	1		227
R	DFCF	DFCF-56-398		1997-01-01		MANOIR LE GUERN				0	0	1		227
R	DFCF	DFCF-56-399		1997-01-01		MANOIR DE LIEUZEL				0	0	1		227
R	DFCF	DFCF-56-400		1997-01-01		CHATEAU DE GROUAYS				0	0	1		227
R	DFCF	DFCF-56-401		1997-01-01		CHATEAU DE BEAULIEU				0	0	1		227
R	DFCF	DFCF-56-402		1997-01-01		FORT NEUF				0	0	1		227
R	DFCF	DFCF-56-403		1997-01-01		CHATEAU DE GUENANEC				0	0	1		227
R	DFCF	DFCF-56-404		1997-01-01		MANOIR DE TOULEVERN				0	0	1		227
R	DFCF	DFCF-56-405		1997-01-01		MANOIR DE BRENDAN				0	0	1		227
R	DFCF	DFCF-56-406		1997-01-01		MANOIR DE LOHAC				0	0	1		227
R	DFCF	DFCF-56-407		1997-01-01		MANOIR DE LOCMARIA				0	0	1		227
R	DFCF	DFCF-56-408		1997-01-01		MANOIR DE COET BIHAN				0	0	1		227
R	DFCF	DFCF-56-409		1997-01-01		MANOIR DU ROCHER				0	0	1		227
R	DFCF	DFCF-56-410		1997-01-01		CHATEAU DE KERANTRE				0	0	1		227
R	DFCF	DFCF-56-411		1997-01-01		MANOIR DE KERGLEVERIT				0	0	1		227
R	DFCF	DFCF-56-412		1997-01-01		MANOIR ROSNARHO				0	0	1		227
R	DFCF	DFCF-56-413		1997-01-01		MANOIR KERGAL				0	0	1		227
R	DFCF	DFCF-56-414		1997-01-01		MANOIR DE BLEHEBAN				0	0	1		227
R	DFCF	DFCF-56-415		1997-01-01		MANOIR DE LA VILLE ESCART				0	0	1		227
R	DFCF	DFCF-56-416		1997-01-01		MANOIR DE BOIS JULIEN				0	0	1		227
R	DFCF	DFCF-57-001		1997-01-01		CHATEAU DE PANGE				0	0	1		227
R	DFCF	DFCF-57-002		1997-01-01		CHATEAU D'URVILLE				0	0	1		227
R	DFCF	DFCF-57-003		1997-01-01		CHATEAU DE MANDEREN				0	0	1		227
R	DFCF	DFCF-57-004		1997-01-01		CHATEAU DE MERCY				0	0	1		227
R	DFCF	DFCF-57-005		1997-01-01		FORT LE SIMSERHOF				0	0	1		227
R	DFCF	DFCF-57-006		1997-01-01		FORT CASSO				0	0	1		227
R	DFCF	DFCF-57-007		1997-01-01		CHATEAU SAINT SIXTE				0	0	1		227
R	DFCF	DFCF-57-008		1997-01-01		CHATEAU DE LUTZELBOURG				0	0	1		227
R	DFCF	DFCF-57-009		1997-01-01		CHATEAU DE NIEDERSTINZEL				0	0	1		227
R	DFCF	DFCF-57-010		1997-01-01		CHATEAU DES CARRIERES				0	0	1		227
R	DFCF	DFCF-57-011		1997-01-01		FORT DE GUENTRANGE				0	0	1		227
R	DFCF	DFCF-57-012		1997-01-01		CHATEAU DE VARSBERG				0	0	1		227
R	DFCF	DFCF-57-013		1997-01-01		FORT DE VERNY				0	0	1		227
R	DFCF	DFCF-57-014		1997-01-01		FORT AUX FRESQUES				0	0	1		227
R	DFCF	DFCF-57-015		1997-01-01		CHATEAU UTZSCHNEIDER ( DE SARREGUEMINE)				0	0	1		227
R	DFCF	DFCF-57-016		1997-01-01		FORT DE LA MARNE				0	0	1		227
R	DFCF	DFCF-57-017		1997-01-01		FORT VERDUN				0	0	1		227
R	DFCF	DFCF-57-018		1997-01-01		FORT DE SAINT QUENTIN				0	0	1		227
R	DFCF	DFCF-57-019		1997-01-01		FORT DE PLAPPEVILLE				0	0	1		227
R	DFCF	DFCF-57-020		1997-01-01		GROUPE FORTIFIE YSER				0	0	1		227
R	DFCF	DFCF-57-021		1997-01-01		FORT CHAMPAGNE				0	0	1		227
R	DFCF	DFCF-57-024		1997-01-01		CHATEAU IMMERHOF				0	0	1		227
R	DFCF	DFCF-57-025		1997-01-01		CHATEAU DU HACKENBERG				0	0	1		227
R	DFCF	DFCF-57-026		1997-01-01		CHATEAU DU MICHELSBERG				0	0	1		227
R	DFCF	DFCF-57-027		1997-01-01		CHATEAU DU BAMBESCH				0	0	1		227
R	DFCF	DFCF-57-028		1997-01-01		CHATEAU PO D'EINSELING				0	0	1		227
R	DFCF	DFCF-57-029		1997-01-01		CHATEAU PO DE LAUDREFRANG				0	0	1		227
R	DFCF	DFCF-57-030		1997-01-01		CHATEAU DE PREISH				0	0	1		227
R	DFCF	DFCF-57-031		1997-01-01		FORT DES BORDES				0	0	1		227
R	DFCF	DFCF-58-001		1997-01-01		CHATEAU DE CHEVENON				0	0	1		227
R	DFCF	DFCF-58-002		1997-01-01		CHATEAU DU PONT				0	0	1		227
R	DFCF	DFCF-58-003		1997-01-01		CHATEAU DE L'ERMITAGE				0	0	1		227
R	DFCF	DFCF-58-004		1997-01-01		CHATEAU DE PRYE				0	0	1		227
R	DFCF	DFCF-58-005		1997-01-01		CHATEAU DE SAUVAGE				0	0	1		227
R	DFCF	DFCF-58-006		1997-01-01		CHATEAU DE ROSEMOND				0	0	1		227
R	DFCF	DFCF-58-007		1997-01-01		CHATEAU DE MEAUCE				0	0	1		227
R	DFCF	DFCF-58-008		1997-01-01		CHATEAU DE VILLARS				0	0	1		227
R	DFCF	DFCF-58-009		1997-01-01		CHATEAU DE CHAVANNES				0	0	1		227
R	DFCF	DFCF-58-010		1997-01-01		CHATEAU DES EVEQUES				0	0	1		227
R	DFCF	DFCF-58-011		1997-01-01		CHATEAU DE NYON				0	0	1		227
R	DFCF	DFCF-58-012		1997-01-01		CHATEAU DE MARIGNY				0	0	1		227
R	DFCF	DFCF-58-013		1997-01-01		CHATEAU DE MAUCOUVENT				0	0	1		227
R	DFCF	DFCF-58-014		1997-01-01		CHATEAU DE CURTY				0	0	1		227
R	DFCF	DFCF-58-015		1997-01-01		CHATEAU DU CHASNAY				0	0	1		227
R	DFCF	DFCF-58-016		1997-01-01		CHATEAU DE CHAZEAU				0	0	1		227
R	DFCF	DFCF-58-017		1997-01-01		CHATEAU DE THIOT				0	0	1		227
R	DFCF	DFCF-58-018		1997-01-01		CHATEAU DE MAISON NEUVE				0	0	1		227
R	DFCF	DFCF-58-019		1997-01-01		CHATEAU DE SERMOISE/LOIRE				0	0	1		227
R	DFCF	DFCF-58-020		1997-01-01		CHATEAU DE L'ATELIER				0	0	1		227
R	DFCF	DFCF-58-021		1997-01-01		CHATEAU DE CIGOGNE				0	0	1		227
R	DFCF	DFCF-58-022		1997-01-01		CHATEAU DE MACHY				0	0	1		227
R	DFCF	DFCF-58-023		1997-01-01		CHATEAU DU VARNAY				0	0	1		227
R	DFCF	DFCF-58-024		1997-01-01		CHATEAU DE TAZIERES				0	0	1		227
R	DFCF	DFCF-58-025		1997-01-01		CHATEAU DE GLUX				0	0	1		227
R	DFCF	DFCF-58-026		1997-01-01		CHATEAU DE LA GRACE				0	0	1		227
R	DFCF	DFCF-58-027		1997-01-01		CHATEAU DE FERTOT				0	0	1		227
R	DFCF	DFCF-58-028		1997-01-01		CHATEAU DE VALOTTE				0	0	1		227
R	DFCF	DFCF-58-029		1997-01-01		CHATEAU LUANGES				0	0	1		227
R	DFCF	DFCF-58-030		1997-01-01		CHATEAU DE DRUY-PARIGNY				0	0	1		227
R	DFCF	DFCF-58-031		1997-01-01		CHATEAU DES ANCIENS DUCS DE NEVERS				0	0	1		227
R	DFCF	DFCF-58-032		1997-01-01		CHATEAU TACHES				0	0	1		227
R	DFCF	DFCF-58-033		1997-01-01		CHATEAU DE L'ECHELLE				0	0	1		227
R	DFCF	DFCF-58-034		1997-01-01		CHATEAU DE SAINT GRATIEN				0	0	1		227
R	DFCF	DFCF-58-035		1997-01-01		CHATEAU DU TREMBLAY				0	0	1		227
R	DFCF	DFCF-58-036		1997-01-01		CHATEAU CODDES				0	0	1		227
R	DFCF	DFCF-58-037		1997-01-01		CHATEAU DE FAYE				0	0	1		227
R	DFCF	DFCF-58-038		1997-01-01		CHATEAU VILLEMENANT				0	0	1		227
R	DFCF	DFCF-58-039		1997-01-01		CHATEAU LES LOGES				0	0	1		227
R	DFCF	DFCF-58-040		1997-01-01		CHATEAU VENINGES				0	0	1		227
R	DFCF	DFCF-58-041		1997-01-01		CHATEAU LE MARAIS				0	0	1		227
R	DFCF	DFCF-58-042		1997-01-01		CHATEAU LE COLOMBIER				0	0	1		227
R	DFCF	DFCF-58-043		1997-01-01		CHATEAU DE BAREAU				0	0	1		227
R	DFCF	DFCF-58-044		1997-01-01		CHATEAU DE FONTAS				0	0	1		227
R	DFCF	DFCF-58-045		1997-01-01		CHATEAU DE PLANCHEVIENNE				0	0	1		227
R	DFCF	DFCF-58-046		1997-01-01		CHATEAU SAINT LEGER				0	0	1		227
R	DFCF	DFCF-58-047		1997-01-01		CHATEAU DE VESIGNEUX				0	0	1		227
R	DFCF	DFCF-58-048		1997-01-01		CHATEAU DU VIEUX MARIGNY				0	0	1		227
R	DFCF	DFCF-58-049		1997-01-01		CHATEAU PRESSURES				0	0	1		227
R	DFCF	DFCF-58-050		1997-01-01		CHATEAU DES GRANGES				0	0	1		227
R	DFCF	DFCF-58-051		1997-01-01		CHATEAU DE VAUBAN				0	0	1		227
R	DFCF	DFCF-58-052		1997-01-01		CHATEAU DE BAZOCHES				0	0	1		227
R	DFCF	DFCF-58-053		1997-01-01		CHATEAU DE LYS				0	0	1		227
R	DFCF	DFCF-58-054		1997-01-01		CHATEAU MENOU				0	0	1		227
R	DFCF	DFCF-58-055		1997-01-01		CHATEAU REVEILLON				0	0	1		227
R	DFCF	DFCF-58-056		1997-01-01		CHATEAU DE FRAIFONTAINE				0	0	1		227
R	DFCF	DFCF-58-057		1997-01-01		CHATEAU MOISSY				0	0	1		227
R	DFCF	DFCF-58-058		1997-01-01		CHATEAU DE VAUVERT				0	0	1		227
R	DFCF	DFCF-58-059		1997-01-01		CHATEAU TRUCY L'ORGUEILLEUX				0	0	1		227
R	DFCF	DFCF-58-060		1997-01-01		CHATEAU DE CUNCY				0	0	1		227
R	DFCF	DFCF-58-061		1997-01-01		CHATEAU LE RECONFORT				0	0	1		227
R	DFCF	DFCF-58-062		1997-01-01		CHATEAU MARCILLY				0	0	1		227
R	DFCF	DFCF-58-063		1997-01-01		CHATEAU LE PONTOT				0	0	1		227
R	DFCF	DFCF-58-064		1997-01-01		CHATEAU VILLEMOLIN				0	0	1		227
R	DFCF	DFCF-58-065		1997-01-01		CHATEAU LANTILLY				0	0	1		227
R	DFCF	DFCF-58-066		1997-01-01		CHATEAU CORBELIN				0	0	1		227
R	DFCF	DFCF-58-067		1997-01-01		CHATEAU LA MOTTE JOSSERAND				0	0	1		227
R	DFCF	DFCF-58-068		1997-01-01		CHATEAU DREUZY				0	0	1		227
R	DFCF	DFCF-58-069		1997-01-01		CHATEAU VERT				0	0	1		227
R	DFCF	DFCF-58-070		1997-01-01		CHATEAU LES GRANGES   SUILLY				0	0	1		227
R	DFCF	DFCF-58-071		1997-01-01		CHATEAU DE CUZY				0	0	1		227
R	DFCF	DFCF-58-072		1997-01-01		CHATEAU BRINON				0	0	1		227
R	DFCF	DFCF-58-073		1997-01-01		CHATEAU DE CHITRY				0	0	1		227
R	DFCF	DFCF-58-074		1997-01-01		CHATEAU LA RIVIERE				0	0	1		227
R	DFCF	DFCF-58-075		1997-01-01		CHATEAU AGRIEZ				0	0	1		227
R	DFCF	DFCF-58-076		1997-01-01		CHATEAU BELLARY				0	0	1		227
R	DFCF	DFCF-58-077		1997-01-01		CHATEAU RAFFIGNY				0	0	1		227
R	DFCF	DFCF-58-078		1997-01-01		CHATEAU VILIERS				0	0	1		227
R	DFCF	DFCF-58-079		1997-01-01		CHATEAU SAUGNY				0	0	1		227
R	DFCF	DFCF-58-080		1997-01-01		CHATEAU DE LA CHAISE PAZY				0	0	1		227
R	DFCF	DFCF-58-081		1997-01-01		CHATEAU DE COULON				0	0	1		227
R	DFCF	DFCF-58-082		1997-01-01		CHATEAU DE SAINT LOUP				0	0	1		227
R	DFCF	DFCF-58-083		1997-01-01		CHATEAU VILLIERS NO  2				0	0	1		227
R	DFCF	DFCF-58-084		1997-01-01		CHATEAU PIGNOL				0	0	1		227
R	DFCF	DFCF-58-085		1997-01-01		CHATEAU DE PASSY LES TOURS				0	0	1		227
R	DFCF	DFCF-58-086		1997-01-01		CHATEAU DE CHANTELOUP				0	0	1		227
R	DFCF	DFCF-58-087		1997-01-01		CHATEAU DE SURGY				0	0	1		227
R	DFCF	DFCF-58-088		1997-01-01		CHATEAU LE NOZET				0	0	1		227
R	DFCF	DFCF-58-089		1997-01-01		CHATEAU DE TRACY				0	0	1		227
R	DFCF	DFCF-58-090		1997-01-01		CHATEAU D'ASNOY				0	0	1		227
R	DFCF	DFCF-58-091		1997-01-01		TOUR VAUBAN D'EPIRY				0	0	1		227
R	DFCF	DFCF-58-092		1997-01-01		CHATEAU DES EVEQUES D'AUXERRE				0	0	1		227
R	DFCF	DFCF-58-093		1997-01-01		CHATEAU DE BEUVRON				0	0	1		227
R	DFCF	DFCF-58-094		1997-01-01		CHATEAU DE PRECY				0	0	1		227
R	DFCF	DFCF-58-095		1997-01-01		CHATEAU SAUZAY				0	0	1		227
R	DFCF	DFCF-58-096		1997-01-01		CHATEAU DE GUIPY				0	0	1		227
R	DFCF	DFCF-58-097		1997-01-01		CHATEAU AUNAY				0	0	1		227
R	DFCF	DFCF-58-098		1997-01-01		CHATEAU ACHUN				0	0	1		227
R	DFCF	DFCF-58-099		1997-01-01		LE VIEUX CHATEAU   DE CORVOL				0	0	1		227
R	DFCF	DFCF-58-100		1997-01-01		CHATEAU DE VIZAINE				0	0	1		227
R	DFCF	DFCF-58-101		1997-01-01		CHATEAU D'ARTHEL				0	0	1		227
R	DFCF	DFCF-58-102		1997-01-01		CHATEAU LES TERRASSES				0	0	1		227
R	DFCF	DFCF-58-103		1997-01-01		CHATEAU DE SAINT AMAND				0	0	1		227
R	DFCF	DFCF-58-104		1997-01-01		CHATEAU DE JERUSALEM				0	0	1		227
R	DFCF	DFCF-58-105		1997-01-01		CHATEAU SAINT VERAIN				0	0	1		227
R	DFCF	DFCF-58-106		1997-01-01		CHATEAU D'ARTHEL N° 2				0	0	1		227
R	DFCF	DFCF-58-107		1997-01-01		CHATEAU DE LA GARDE				0	0	1		227
R	DFCF	DFCF-58-108		1997-01-01		CHATEAU DE GIRY				0	0	1		227
R	DFCF	DFCF-58-109		1997-01-01		CHATEAU DE MEURE				0	0	1		227
R	DFCF	DFCF-58-110		1997-01-01		CHATEAU DE GERIGNY				0	0	1		227
R	DFCF	DFCF-58-111		1997-01-01		CHATEAU DE MAISON FORT				0	0	1		227
R	DFCF	DFCF-58-112		1997-01-01		CHATEAU DE VOLURAY				0	0	1		227
R	DFCF	DFCF-58-113		1997-01-01		CHATEAU DE THAVENEAU				0	0	1		227
R	DFCF	DFCF-58-114		1997-01-01		CHATEAU DE MIGNARD				0	0	1		227
R	DFCF	DFCF-58-115		1997-01-01		CHATEAU DE CHAMPLIN				0	0	1		227
R	DFCF	DFCF-58-116		1997-01-01		CHATEAU DE SERRES				0	0	1		227
R	DFCF	DFCF-58-117		1997-01-01		CHATEAU LE MARAIS				0	0	1		227
R	DFCF	DFCF-58-118		1997-01-01		CHATEAU BOISSON				0	0	1		227
R	DFCF	DFCF-58-119		1997-01-01		CHATEAU DE PREMERY				0	0	1		227
R	DFCF	DFCF-58-120		1997-01-01		CHATEAU DE LURCY LE BOURG				0	0	1		227
R	DFCF	DFCF-58-121		1997-01-01		CHATEAU DE BEAUMONT				0	0	1		227
R	DFCF	DFCF-58-122		1997-01-01		CHATEAU BAZARNE				0	0	1		227
R	DFCF	DFCF-58-123		1997-01-01		CHATEAU BOURRAS				0	0	1		227
R	DFCF	DFCF-58-124		1997-01-01		CHATEAU DE MONCEAUX LE COMTE				0	0	1		227
R	DFCF	DFCF-58-125		1997-01-01		CHATEAU DE CHAMPALLEMENT				0	0	1		227
R	DFCF	DFCF-58-126		1997-01-01		CHATEAU DE TREIGNY				0	0	1		227
R	DFCF	DFCF-58-127		1997-01-01		MANOIR DU PRIEUR				0	0	1		227
R	DFCF	DFCF-58-130		1997-01-01		CHÂTEAU DE CHAUMIGNY				0	0	1		227
R	DFCF	DFCF-58-132		1997-01-01		CHATEAU DE FLEZ-CUSY				0	0	1		227
R	DFCF	DFCF-58-133		1997-01-01		TOUR DE DEFENSE DE TANNAY				0	0	1		227
R	DFCF	DFCF-59-001		1997-01-01		CHATEAU DE L'HERMITAGE				0	0	1		227
R	DFCF	DFCF-59-002		1997-01-01		CHATEAU DE DESROTOURS				0	0	1		227
R	DFCF	DFCF-59-003		1997-01-01		CHATEAU COQUELLE				0	0	1		227
R	DFCF	DFCF-59-004		1997-01-01		CHATEAU DE SELVIGNY				0	0	1		227
R	DFCF	DFCF-59-005		1997-01-01		CHATEAU DE LA MOTTE FENELON				0	0	1		227
R	DFCF	DFCF-59-006		1997-01-01		CHATEAU D'ESNES				0	0	1		227
R	DFCF	DFCF-59-007		1997-01-01		CHATEAU DE NIERGNIES				0	0	1		227
R	DFCF	DFCF-59-008		1997-01-01		CHATEAU DE SELLES				0	0	1		227
R	DFCF	DFCF-59-009		1997-01-01		CHATEAU DE BOISTRANCOURT				0	0	1		227
R	DFCF	DFCF-59-010		1997-01-01		CHATEAU DE LIGNY				0	0	1		227
R	DFCF	DFCF-59-011		1997-01-01		CHATEAU DE WALINCOURT				0	0	1		227
R	DFCF	DFCF-59-012		1997-01-01		CHATEAU CHERENG				0	0	1		227
R	DFCF	DFCF-59-013		1997-01-01		FORT DE LEVEAU				0	0	1		227
R	DFCF	DFCF-59-014		1997-01-01		CHATEAU DE LESDAIN				0	0	1		227
R	DFCF	DFCF-59-015		1997-01-01		CHATEAU DE CAIGNERIE				0	0	1		227
R	DFCF	DFCF-59-016		1997-01-01		FORT DE BONDUES				0	0	1		227
R	DFCF	DFCF-59-017		1997-01-01		CHATEAU BLANC  THUMERIES				0	0	1		227
R	DFCF	DFCF-59-018		1997-01-01		CHATEAU MALLE				0	0	1		227
R	DFCF	DFCF-59-019		1997-01-01		CHATEAU D'ECAILLON				0	0	1		227
R	DFCF	DFCF-59-020		1997-01-01		CHATEAU D'AVELIN				0	0	1		227
R	DFCF	DFCF-59-021		1997-01-01		CHATEAU DE GUILLEMAUD				0	0	1		227
R	DFCF	DFCF-59-022		1997-01-01		CHATEAU DE ESQUELBECQ				0	0	1		227
R	DFCF	DFCF-59-023		1997-01-01		FORT D'HAUTMONT				0	0	1		227
R	DFCF	DFCF-59-024		1997-01-01		CHATEAU DE MORBECQUE				0	0	1		227
R	DFCF	DFCF-59-025		1997-01-01		CHATEAU BLANC				0	0	1		227
R	DFCF	DFCF-59-026		1997-01-01		FORT DES BUOTS				0	0	1		227
R	DFCF	DFCF-59-027		1997-01-01		CHATEAU DE MECQUIGNIES				0	0	1		227
R	DFCF	DFCF-59-028		1997-01-01		FORT DE HERON FONTAINE				0	0	1		227
R	DFCF	DFCF-59-029		1997-01-01		FORT DU BOURDIAU				0	0	1		227
R	DFCF	DFCF-59-030		1997-01-01		CHATEAU DE POTELLE				0	0	1		227
R	DFCF	DFCF-59-031		1997-01-01		CHATEAU DE BELLIGNIES				0	0	1		227
R	DFCF	DFCF-59-032		1997-01-01		CHATEAU MASSART				0	0	1		227
R	DFCF	DFCF-59-033		1997-01-01		FORT DES SARTS				0	0	1		227
R	DFCF	DFCF-59-034		1997-01-01		CHATEAU D'AUDIGNIES				0	0	1		227
R	DFCF	DFCF-59-035		1997-01-01		CHATEAU DE RAMETZ				0	0	1		227
R	DFCF	DFCF-59-036		1997-01-01		CHATEAU DE DOURLERS				0	0	1		227
R	DFCF	DFCF-59-037		1997-01-01		FORT DE BERSILLIES				0	0	1		227
R	DFCF	DFCF-59-038		1997-01-01		FORT DE LA SALMAGNE				0	0	1		227
R	DFCF	DFCF-59-039		1997-01-01		CHATEAU DE COUTANT				0	0	1		227
R	DFCF	DFCF-59-040		1997-01-01		CHATEAU GAILLARD				0	0	1		227
R	DFCF	DFCF-59-041		1997-01-01		FORT DE BOUSSOIS				0	0	1		227
R	DFCF	DFCF-59-042		1997-01-01		CHATEAU D'HUGUEMONT				0	0	1		227
R	DFCF	DFCF-59-043		1997-01-01		CHATEAU CASIN				0	0	1		227
R	DFCF	DFCF-59-044		1997-01-01		CHATEAU DUPIRE				0	0	1		227
R	DFCF	DFCF-59-045		1997-01-01		FORT DE CERFONTAINE				0	0	1		227
R	DFCF	DFCF-59-046		1997-01-01		CHATEAU D'ECLAIBES				0	0	1		227
R	DFCF	DFCF-59-047		1997-01-01		CHATEAU GILLET				0	0	1		227
R	DFCF	DFCF-59-048		1997-01-01		CHATEAU DE WARGNORIES				0	0	1		227
R	DFCF	DFCF-59-049		1997-01-01		CHATEAU DU REMONT				0	0	1		227
R	DFCF	DFCF-59-050		1997-01-01		CHATEAU DE GUSSIGNIES				0	0	1		227
R	DFCF	DFCF-59-051		1997-01-01		CHATEAU DE GONTREUIL				0	0	1		227
R	DFCF	DFCF-59-052		1997-01-01		CHATEAU DE MERODE				0	0	1		227
R	DFCF	DFCF-59-053		1997-01-01		CHATEAU DE PHALECQUE				0	0	1		227
R	DFCF	DFCF-59-054		1997-01-01		CHATEAU ESCOBECQUES				0	0	1		227
R	DFCF	DFCF-59-055		1997-01-01		FORT DE SECLIN				0	0	1		227
R	DFCF	DFCF-59-056		1997-01-01		CHATEAU DE MONTMORENCY				0	0	1		227
R	DFCF	DFCF-59-057		1997-01-01		CHATEAU DE MERIGNIES				0	0	1		227
R	DFCF	DFCF-59-058		1997-01-01		CHATEAU DE NIEPPE				0	0	1		227
R	DFCF	DFCF-59-059		1997-01-01		CHATEAU MANTOUE				0	0	1		227
R	DFCF	DFCF-59-060		1997-01-01		CHATEAU DE LA MOTTE  LIESSIES				0	0	1		227
R	DFCF	DFCF-59-061		1997-01-01		CHATEAU COPREAUX				0	0	1		227
R	DFCF	DFCF-59-062		1997-01-01		CHATEAU D'OBIES				0	0	1		227
R	DFCF	DFCF-59-063		1997-01-01		CHATEAU DE JOLIMETZ				0	0	1		227
R	DFCF	DFCF-59-064		1997-01-01		CHATEAU DE FRASNOY				0	0	1		227
R	DFCF	DFCF-59-065		1997-01-01		CHATEAU L'AGACE				0	0	1		227
R	DFCF	DFCF-59-066		1997-01-01		CHATEAU DES TOURELLES				0	0	1		227
R	DFCF	DFCF-59-067		1997-01-01		CHATEAU ROUCOURT				0	0	1		227
R	DFCF	DFCF-59-068		1997-01-01		CHATEAU AUBY				0	0	1		227
R	DFCF	DFCF-59-069		1997-01-01		CHATEAU DE BERNICOURT				0	0	1		227
R	DFCF	DFCF-59-070		1997-01-01		CHATEAU DE VOYAUX				0	0	1		227
R	DFCF	DFCF-59-071		1997-01-01		CHATEAU DE JEUMONT				0	0	1		227
R	DFCF	DFCF-59-072		1997-01-01		CHATEAU HAUTION				0	0	1		227
R	DFCF	DFCF-59-073		1997-01-01		CHATEAU MAILLARD				0	0	1		227
R	DFCF	DFCF-59-074		1997-01-01		CHATEAU D’ETH				0	0	1		227
R	DFCF	DFCF-59-075		1997-01-01		CHATEAU DE SEBOURG				0	0	1		227
R	DFCF	DFCF-59-076		1997-01-01		FORT DE PETITE SYNTHE				0	0	1		227
R	DFCF	DFCF-59-077		1997-01-01		CHATEAU DE PREUX-AU-SART				0	0	1		227
R	DFCF	DFCF-59-078		1997-01-01		CHATEAU DE PONT DE SAINS				0	0	1		227
R	DFCF	DFCF-59-079		1997-01-01		CHATEAU DES TOURELLES				0	0	1		227
R	DFCF	DFCF-59-080		1997-01-01		CHATEAU DE WARNICAMP				0	0	1		227
R	DFCF	DFCF-59-081		1997-01-01		CHATEAU DE VENDEGIES  BOIS				0	0	1		227
R	DFCF	DFCF-59-082		1997-01-01		CHATEAU LA HUDA				0	0	1		227
R	DFCF	DFCF-59-083		1997-01-01		CHATEAU DE RUESNES				0	0	1		227
R	DFCF	DFCF-59-084		1997-01-01		CHATEAU DU MOVIAR				0	0	1		227
R	DFCF	DFCF-59-085		1997-01-01		CHATEAU MUID				0	0	1		227
R	DFCF	DFCF-59-086		1997-01-01		CHATEAU DES BOETES				0	0	1		227
R	DFCF	DFCF-59-087		1997-01-01		CHATEAU LA TOUR  BOIS				0	0	1		227
R	DFCF	DFCF-59-088		1997-01-01		TOUR SARRASINE				0	0	1		227
R	DFCF	DFCF-59-089		1997-01-01		CHATEAU DE CERFONTAINE				0	0	1		227
R	DFCF	DFCF-59-090		1997-01-01		CHATEAU DE VILLERS  TERTRE				0	0	1		227
R	DFCF	DFCF-59-091		1997-01-01		CHATEAU D’ECUELIN				0	0	1		227
R	DFCF	DFCF-59-092		1997-01-01		CHATEAU DE BERELLES				0	0	1		227
R	DFCF	DFCF-59-093		1997-01-01		CHATEAU DE ROGERIES				0	0	1		227
R	DFCF	DFCF-59-094		1997-01-01		CHATEAU D’ENHAUT				0	0	1		227
R	DFCF	DFCF-59-095		1997-01-01		CHATEAU LANTHIER				0	0	1		227
R	DFCF	DFCF-59-096		1997-01-01		CHATEAU D'ARCY				0	0	1		227
R	DFCF	DFCF-59-097		1997-01-01		CHATEAU DE CARNOY				0	0	1		227
R	DFCF	DFCF-59-098		1997-01-01		LA TOUR DE GUET DE PONT SUR SAMBRE				0	0	1		227
R	DFCF	DFCF-59-099		1997-01-01		CHATEAU GOSSUIN				0	0	1		227
R	DFCF	DFCF-59-100		1997-01-01		CHATEAU DE LA MARLIERE				0	0	1		227
R	DFCF	DFCF-59-101		1997-01-01		CHATEAU DE BRANLEUX				0	0	1		227
R	DFCF	DFCF-59-102		1997-01-01		CHATEAU DE BEAURIEUX				0	0	1		227
R	DFCF	DFCF-59-103		1997-01-01		CHATEAU DE GOMMEGNIES				0	0	1		227
R	DFCF	DFCF-59-104		1997-01-01		FORT LOUIS				0	0	1		227
R	DFCF	DFCF-59-105		1997-01-01		CHATEAU DE BUSIGNY				0	0	1		227
R	DFCF	DFCF-59-106		1997-01-01		CHATEAU DE BACHANT				0	0	1		227
R	DFCF	DFCF-59-107		1997-01-01		CHATEAU DE AYMERIES				0	0	1		227
R	DFCF	DFCF-59-108		1997-01-01		CHATEAU DE BAVAY				0	0	1		227
R	DFCF	DFCF-59-109		1997-01-01		FORT VALLIERES				0	0	1		227
R	DFCF	DFCF-59-110		1997-01-01		FORT DE REMPSIES				0	0	1		227
R	DFCF	DFCF-59-111		1997-01-01		CHATEAU D'HONNECHY				0	0	1		227
R	DFCF	DFCF-59-112		1997-01-01		CHATEAU D’ARENBERG				0	0	1		227
R	DFCF	DFCF-59-113		1997-01-01		FORT DE MACOU				0	0	1		227
R	DFCF	DFCF-59-114		1997-01-01		CHATEAU DE LORETTE				0	0	1		227
R	DFCF	DFCF-59-115		1997-01-01		CHATEAU MABILLE				0	0	1		227
R	DFCF	DFCF-59-116		1997-01-01		CHATEAU DESANDROUIN				0	0	1		227
R	DFCF	DFCF-59-117		1997-01-01		CHATEAU DE BRUILLE ST AMAND				0	0	1		227
R	DFCF	DFCF-59-119		1997-01-01		FORT DE FLINES				0	0	1		227
R	DFCF	DFCF-59-120		1997-01-01		FORT DE MAULDE				0	0	1		227
R	DFCF	DFCF-59-121		1997-01-01		CHATEAU DE LA MOTTE AU BOIS				0	0	1		227
R	DFCF	DFCF-59-122		1997-01-01		CITADELLE VAUBAN				0	0	1		227
R	DFCF	DFCF-59-123		1997-01-01		FORT DES DUNES				0	0	1		227
R	DFCF	DFCF-59-124		1997-01-01		CHATEAU DE L'HERMITAGE				0	0	1		227
R	DFCF	DFCF-59-125		1997-01-01		CHATEAU BAILLEUL				0	0	1		227
R	DFCF	DFCF-59-126		1997-01-01		TOUR DES SOTTES				0	0	1		227
R	DFCF	DFCF-59-127		1997-01-01		TOUR DU CAUDRON				0	0	1		227
R	DFCF	DFCF-59-128		1997-01-01		CHÂTEAU DE FLETRE				0	0	1		227
R	DFCF	DFCF-59-129		1997-01-01		CHÂTEAU DE L'HAMER HOUCK				0	0	1		227
R	DFCF	DFCF-59-130		1997-01-01		CHÂTEAU LA FREGATE				0	0	1		227
R	DFCF	DFCF-59-131		1997-01-01		CHÂTEAU DE BOURGHELLES				0	0	1		227
R	DFCF	DFCF-60-001		1997-01-01		CHATEAU DE CHANTILLY				0	0	1		227
R	DFCF	DFCF-60-002		1997-01-01		CHATEAU D'ERMENONVILLE				0	0	1		227
R	DFCF	DFCF-60-003		1997-01-01		CHATEAU DE PONTARME				0	0	1		227
R	DFCF	DFCF-60-004		1997-01-01		CHATEAU DE CHEPOIX				0	0	1		227
R	DFCF	DFCF-60-005		1997-01-01		CHATEAU DE LA BERTICHERE				0	0	1		227
R	DFCF	DFCF-60-006		1997-01-01		CHATEAU DES ROCHERS				0	0	1		227
R	DFCF	DFCF-60-007		1997-01-01		CHATEAU DE REILLY				0	0	1		227
R	DFCF	DFCF-60-008		1997-01-01		CHATEAU DE RARAY				0	0	1		227
R	DFCF	DFCF-60-009		1997-01-01		CHATEAU CHAUMONT-QUITRY				0	0	1		227
R	DFCF	DFCF-60-010		1997-01-01		CHATEAU DE VEZ				0	0	1		227
R	DFCF	DFCF-60-011		1997-01-01		CHATEAU DE PIERREFONDS				0	0	1		227
R	DFCF	DFCF-60-012		1997-01-01		CHATEAU DU MARAIS				0	0	1		227
R	DFCF	DFCF-60-013		1997-01-01		CHATEAU QUESNOY				0	0	1		227
R	DFCF	DFCF-60-015		1997-01-01		CHATEAU PIEUMELLE				0	0	1		227
R	DFCF	DFCF-60-016		1997-01-01		CHATEAU DE SALENCY				0	0	1		227
R	DFCF	DFCF-60-017		1997-01-01		CHATEAU DE DIVES				0	0	1		227
R	DFCF	DFCF-60-018		1997-01-01		CHATEAU DE BAINS				0	0	1		227
R	DFCF	DFCF-60-019		1997-01-01		CHATEAU DE LA SOURCE A CHIRY				0	0	1		227
R	DFCF	DFCF-60-020		1997-01-01		CHATEAU DE GUISCARD				0	0	1		227
R	DFCF	DFCF-60-021		1997-01-01		CHATEAU D'AUTRESCHES				0	0	1		227
R	DFCF	DFCF-60-022		1997-01-01		CHATEAU DU FRANCPORT				0	0	1		227
R	DFCF	DFCF-60-023		1997-01-01		CHATEAU DE GANELON				0	0	1		227
R	DFCF	DFCF-60-024		1997-01-01		CHATEAU DE TARTIGNY				0	0	1		227
R	DFCF	DFCF-60-025		1997-01-01		CHATEAU DE CHAALIS				0	0	1		227
R	DFCF	DFCF-60-026		1997-01-01		CHATEAU IMPERIAL DE COMPIEGNE				0	0	1		227
R	DFCF	DFCF-60-027		1997-01-01		CHATEAU DE VALLABONNET				0	0	1		227
R	DFCF	DFCF-60-028		1997-01-01		CHATEAU DE LA REINE BLANCHE				0	0	1		227
R	DFCF	DFCF-60-029		1997-01-01		CHATEAU DE SONGEONS				0	0	1		227
R	DFCF	DFCF-60-030		1997-01-01		CHATEAU SAINT NICOLAS D'ACY				0	0	1		227
R	DFCF	DFCF-60-031		1997-01-01		CHATEAU DE SAINTINE				0	0	1		227
R	DFCF	DFCF-60-032		1997-01-01		CHATEAU DE SOUPISEAU				0	0	1		227
R	DFCF	DFCF-60-033		1997-01-01		CHATEAU DE CAPPY				0	0	1		227
R	DFCF	DFCF-60-034		1997-01-01		CHATEAU D'ARAMONT				0	0	1		227
R	DFCF	DFCF-60-035		1997-01-01		CHATEAU DE CREIL				0	0	1		227
R	DFCF	DFCF-60-036		1997-01-01		CHATEAU LA MARBONNERIE				0	0	1		227
R	DFCF	DFCF-60-037		1997-01-01		CHATEAU DE SAINTE CORNEILLE				0	0	1		227
R	DFCF	DFCF-60-038		1997-01-01		TOUR DE CLERMONT				0	0	1		227
R	DFCF	DFCF-60-039		1997-01-01		CHATEAU DE RIVECOURT				0	0	1		227
R	DFCF	DFCF-60-040		1997-01-01		CHATEAU DE LE MEUX				0	0	1		227
R	DFCF	DFCF-60-041		1997-01-01		CHATEAU DE LE FAYEL				0	0	1		227
R	DFCF	DFCF-60-042		1997-01-01		CHATEAU DE LONGUEIL SAINTE-MARIE				0	0	1		227
R	DFCF	DFCF-60-043		1997-01-01		CHATEAU DE CATILLON				0	0	1		227
R	DFCF	DFCF-60-044		1997-01-01		CHATEAU DE PRONLEROY				0	0	1		227
R	DFCF	DFCF-60-045		1997-01-01		CHATEAU DE PLAINVAL				0	0	1		227
R	DFCF	DFCF-60-046		1997-01-01		CHATEAU DE MONCHY-HUMIERES				0	0	1		227
R	DFCF	DFCF-60-047		1997-01-01		CHATEAU D'ACY				0	0	1		227
R	DFCF	DFCF-60-048		1997-01-01		CHATEAU DU REGARD				0	0	1		227
R	DFCF	DFCF-60-049		1997-01-01		CHATEAU DE BOURSONNE				0	0	1		227
R	DFCF	DFCF-60-050		1997-01-01		CHATEAU DE NOURARD LE FRANC				0	0	1		227
R	DFCF	DFCF-60-051		1997-01-01		CHATEAU DE MONTL'EVEQUE				0	0	1		227
R	DFCF	DFCF-60-052		1997-01-01		CHATEAU DE SAINT RIMAULT				0	0	1		227
R	DFCF	DFCF-60-053		1997-01-01		CHATEAU TROIS ETOTS				0	0	1		227
R	DFCF	DFCF-60-054		1997-01-01		CHATEAU DE SAINT REMY EN L'EAU				0	0	1		227
R	DFCF	DFCF-60-055		1997-01-01		VIEUX CHATEAU DE ST REMY				0	0	1		227
R	DFCF	DFCF-60-056		1997-01-01		CHATEAU DE LA BORDE				0	0	1		227
R	DFCF	DFCF-60-060		1997-01-01		CHATEAU DES GLORIETTES				0	0	1		227
R	DFCF	DFCF-60-061		1997-01-01		CHATEAU LATOUR				0	0	1		227
R	DFCF	DFCF-60-062		1997-01-01		CHATEAU DE BROYES				0	0	1		227
R	DFCF	DFCF-60-063		1997-01-01		CHATEAU DE NOINTEL.				0	0	1		227
R	DFCF	DFCF-60-064		1997-01-01		CHATEAU MENNECHET				0	0	1		227
R	DFCF	DFCF-60-065		1997-01-01		CHATEAU BONVILLERS				0	0	1		227
R	DFCF	DFCF-60-066		1997-01-01		CHATEAU DE JONVAL				0	0	1		227
R	DFCF	DFCF-60-067		1997-01-01		MANOIR SAINT PATERNE				0	0	1		227
R	DFCF	DFCF-60-068		1997-01-01		CHATEAU DE BOURY				0	0	1		227
R	DFCF	DFCF-60-069		1997-01-01		CHATEAU DE VAUDANCOURT				0	0	1		227
R	DFCF	DFCF-60-070		1997-01-01		CHATEAU DE LATTAINVILLE				0	0	1		227
R	DFCF	DFCF-60-071		1997-01-01		CHATEAU DE BOULLEAUME				0	0	1		227
R	DFCF	DFCF-60-072		1997-01-01		MANOIR DE SAINT SYMPHORIEN				0	0	1		227
R	DFCF	DFCF-60-073		1997-01-01		VIEUX CHÂTEAU DE BOULOGNE LA GRASSE				0	0	1		227
R	DFCF	DFCF-60-074		1997-01-01		CHATEAU SAINT LEONARD				0	0	1		227
R	DFCF	DFCF-60-075		1997-01-01		CHÂTEAU DE BAILLEUL SUR THERAIN				0	0	1		227
R	DFCF	DFCF-60-076		1997-01-01		CHATEAU DU PLESSIS BRION				0	0	1		227
R	DFCF	DFCF-60-077		1997-01-01		CHATEAU DES SAULES				0	0	1		227
R	DFCF	DFCF-60-078		1997-01-01		CHATEAU DE TRACY LE VAL				0	0	1		227
R	DFCF	DFCF-60-079		1997-01-01		CHATEAU DE BELLINGLISE				0	0	1		227
R	DFCF	DFCF-60-080		1997-01-01		CHATEAU DE SAINT JUST				0	0	1		227
R	DFCF	DFCF-60-081		1997-01-01		CHATEAU DE VERDERONNE				0	0	1		227
R	DFCF	DFCF-60-082		1997-01-01		CHATEAU DE BRESLES				0	0	1		227
R	DFCF	DFCF-60-083		1997-01-01		CHATEAU DE MORTEFONTAINE				0	0	1		227
R	DFCF	DFCF-60-084		1997-01-01		CHATEAU DE BOURNEVILLE				0	0	1		227
R	DFCF	DFCF-60-085		1997-01-01		CHATEAU DE MAROLLE				0	0	1		227
R	DFCF	DFCF-60-086		1997-01-01		CHATEAU DE ST SULPICE LA RAMEE				0	0	1		227
R	DFCF	DFCF-60-087		1997-01-01		LE VIEUX CHATEAU				0	0	1		227
R	DFCF	DFCF-60-088		1997-01-01		CHATEAU DE THURY EN VALLOIS				0	0	1		227
R	DFCF	DFCF-60-089		1997-01-01		CHATEAU D’ANTILLY				0	0	1		227
R	DFCF	DFCF-60-090		1997-01-01		CHATEAU DE BETZ				0	0	1		227
R	DFCF	DFCF-60-091		1997-01-01		CHATEAU DE MACQUELINES				0	0	1		227
R	DFCF	DFCF-60-092		1997-01-01		CHATEAU  VALLIERE				0	0	1		227
R	DFCF	DFCF-61-001		1997-01-01		CHATEAU D'O				0	0	1		227
R	DFCF	DFCF-61-002		1997-01-01		CHATEAU DE CHAUVIGNY				0	0	1		227
R	DFCF	DFCF-61-003		1997-01-01		CHATEAU DE CARROUGES				0	0	1		227
R	DFCF	DFCF-61-004		1997-01-01		CHATEAU DE TESSE				0	0	1		227
R	DFCF	DFCF-61-005		1997-01-01		TOUR DE BONVOULOIR				0	0	1		227
R	DFCF	DFCF-61-006		1997-01-01		CHATEAU D'AUNAY LES BOIS				0	0	1		227
R	DFCF	DFCF-61-007		1997-01-01		TOUR MARGUERITTE				0	0	1		227
R	DFCF	DFCF-61-008		1997-01-01		CHATEAU DES DUCS				0	0	1		227
R	DFCF	DFCF-61-009		1997-01-01		CHATEAU DE SASSY				0	0	1		227
R	DFCF	DFCF-61-010		1997-01-01		CHATEAU DE SAINT HILAIRE SUR RISLE				0	0	1		227
R	DFCF	DFCF-61-011		1997-01-01		CHATEAU DE NUISEMENT				0	0	1		227
R	DFCF	DFCF-61-012		1997-01-01		CHATEAU DES NOUETTES				0	0	1		227
R	DFCF	DFCF-61-013		1997-01-01		CHATEAU D'ECHAUFFOUR				0	0	1		227
R	DFCF	DFCF-61-014		1997-01-01		CHATEAU DE RABODANGE				0	0	1		227
R	DFCF	DFCF-61-015		1997-01-01		CHATEAU DES HOULETTES				0	0	1		227
R	DFCF	DFCF-61-016		1997-01-01		CHATEAU DE HAUTIEUX DU PUITS				0	0	1		227
R	DFCF	DFCF-61-017		1997-01-01		CHATEAU DE CISAI				0	0	1		227
R	DFCF	DFCF-61-018		1997-01-01		CHATEAU DU TRAMBLAY				0	0	1		227
R	DFCF	DFCF-61-019		1997-01-01		CHATEAU DES LETTIERS				0	0	1		227
R	DFCF	DFCF-61-020		1997-01-01		CHATEAU DE SAINT MICHEL TUBOEUF				0	0	1		227
R	DFCF	DFCF-61-021		1997-01-01		CHATEAU DE BEAUFOSSE				0	0	1		227
R	DFCF	DFCF-61-022		1997-01-01		CHATEAU DE RESENLIEU				0	0	1		227
R	DFCF	DFCF-61-023		1997-01-01		CHATEAU DE RANDONNAI				0	0	1		227
R	DFCF	DFCF-61-024		1997-01-01		CHATEAU DE LA GENEVRAIE				0	0	1		227
R	DFCF	DFCF-61-025		1997-01-01		CHATEAU DE LA VENTROUZE				0	0	1		227
R	DFCF	DFCF-61-026		1997-01-01		CHATEAU DE CHAILLOUE				0	0	1		227
R	DFCF	DFCF-61-027		1997-01-01		CHATEAU DU MESNIL VICOMTE				0	0	1		227
R	DFCF	DFCF-61-028		1997-01-01		CHATEAU DE COURTOMER				0	0	1		227
R	DFCF	DFCF-61-029		1997-01-01		CHATEAU LA MOTTE				0	0	1		227
R	DFCF	DFCF-61-030		1997-01-01		CHATEAU LA SAUTARDERIE				0	0	1		227
R	DFCF	DFCF-61-031		1997-01-01		CHATEAU ST. EVROULT				0	0	1		227
R	DFCF	DFCF-61-032		1997-01-01		CHATEAU FERTE FRESNEL				0	0	1		227
R	DFCF	DFCF-61-033		1997-01-01		CHATEAU DE LIVET				0	0	1		227
R	DFCF	DFCF-61-034		1997-01-01		CHATEAU SAINT-JACQUES LE MINEUR				0	0	1		227
R	DFCF	DFCF-61-035		1997-01-01		CHATEAU DE TERTRE				0	0	1		227
R	DFCF	DFCF-61-036		1997-01-01		CHATEAU DE MEDAVY				0	0	1		227
R	DFCF	DFCF-61-037		1997-01-01		CHATEAU LE HARAS DU PIN				0	0	1		227
R	DFCF	DFCF-61-038		1997-01-01		CHATEAU DU VIEUX BEAUFAI				0	0	1		227
R	DFCF	DFCF-61-039		1997-01-01		CHATEAU DE CORRU				0	0	1		227
R	DFCF	DFCF-61-040		1997-01-01		CHATEAU DE BONSMOULINS				0	0	1		227
R	DFCF	DFCF-61-041		1997-01-01		CHATEAU DU BOIS DE PELEY				0	0	1		227
R	DFCF	DFCF-61-042		1997-01-01		CHATEAU DE LA LOUVIERE				0	0	1		227
R	DFCF	DFCF-61-043		1997-01-01		CHATEAU DE SAINT MARTIN D'ECUBLEI				0	0	1		227
R	DFCF	DFCF-61-044		1997-01-01		CHATEAU DE LA BOUVERIE				0	0	1		227
R	DFCF	DFCF-61-045		1997-01-01		CHATEAU DE BOISTHOREL				0	0	1		227
R	DFCF	DFCF-61-046		1997-01-01		CHATEAU DU BUAT				0	0	1		227
R	DFCF	DFCF-61-047		1997-01-01		CHATEAU DE FAY				0	0	1		227
R	DFCF	DFCF-61-048		1997-01-01		CHATEAU DE BOCQUENCE				0	0	1		227
R	DFCF	DFCF-61-049		1997-01-01		CHATEAU DE CHAMP				0	0	1		227
R	DFCF	DFCF-61-050		1997-01-01		CHATEAU DE LA PELTRIE				0	0	1		227
R	DFCF	DFCF-61-051		1997-01-01		CHATEAU DU HOUSSAY				0	0	1		227
R	DFCF	DFCF-61-052		1997-01-01		CHATEAU DE CHAPELLE PRES DE SEES				0	0	1		227
R	DFCF	DFCF-61-053		1997-01-01		CHATEAU DE LA MAURANDIERE				0	0	1		227
R	DFCF	DFCF-61-054		1997-01-01		CHATEAU DE LA TILLIERE				0	0	1		227
R	DFCF	DFCF-61-055		1997-01-01		CHATEAU DE LAUNAY				0	0	1		227
R	DFCF	DFCF-61-056		1997-01-01		CHATEAU DES GENETTES				0	0	1		227
R	DFCF	DFCF-61-057		1997-01-01		CHATEAU DE LA POTERIE				0	0	1		227
R	DFCF	DFCF-61-058		1997-01-01		CHATEAU DE L'AUVENT				0	0	1		227
R	DFCF	DFCF-61-059		1997-01-01		CHATEAU RAVETON				0	0	1		227
R	DFCF	DFCF-61-060		1997-01-01		CHATEAU DE LA ROUSSELIERE				0	0	1		227
R	DFCF	DFCF-61-061		1997-01-01		CHATEAU DE CHANDAI				0	0	1		227
R	DFCF	DFCF-61-062		1997-01-01		CHATEAU DES MASSELINS				0	0	1		227
R	DFCF	DFCF-61-063		1997-01-01		CHATEAU DU BOIS DE LA PIERRE				0	0	1		227
R	DFCF	DFCF-61-064		1997-01-01		CHATEAU D'OSMONT				0	0	1		227
R	DFCF	DFCF-61-065		1997-01-01		DU BOIS HEUX				0	0	1		227
R	DFCF	DFCF-61-066		1997-01-01		CHATEAU DE FONTENIL				0	0	1		227
R	DFCF	DFCF-61-067		1997-01-01		CHATEAU DE COURMENIL				0	0	1		227
R	DFCF	DFCF-61-068		1997-01-01		CHATEAU BERTRE				0	0	1		227
R	DFCF	DFCF-61-069		1997-01-01		CHATEAU DU BOURG SAINT LEONARD				0	0	1		227
R	DFCF	DFCF-61-070		1997-01-01		CHATEAU DE SOUCHEY				0	0	1		227
R	DFCF	DFCF-61-071		1997-01-01		CHATEAU DE MONCEL				0	0	1		227
R	DFCF	DFCF-61-072		1997-01-01		CHATEAU DE L'AIGLE				0	0	1		227
R	DFCF	DFCF-61-073		1997-01-01		CHATEAUDE GACE				0	0	1		227
R	DFCF	DFCF-61-074		1997-01-01		CHATEAU DU JARDIN				0	0	1		227
R	DFCF	DFCF-61-075		1997-01-01		MANOIR DE LA BEAUVOISINIERE				0	0	1		227
R	DFCF	DFCF-61-076		1997-01-01		CHATEAU BUSSIERE				0	0	1		227
R	DFCF	DFCF-61-077		1997-01-01		CHATEAU DE SILLY				0	0	1		227
R	DFCF	DFCF-61-078		1997-01-01		CHATEAU LE COTTAGE				0	0	1		227
R	DFCF	DFCF-61-079		1997-01-01		CHATEAU DE FALANDRE				0	0	1		227
R	DFCF	DFCF-61-080		1997-01-01		MANOIR DU VAUFERMENT				0	0	1		227
R	DFCF	DFCF-61-081		1997-01-01		CHATEAU DE LA FORGETTERIE				0	0	1		227
R	DFCF	DFCF-61-082		1997-01-01		CHATEAU DE FEL				0	0	1		227
R	DFCF	DFCF-61-083		1997-01-01		MANOIR DE MAHERU				0	0	1		227
R	DFCF	DFCF-61-084		1997-01-01		DE MENIL HUBERT EN EXMES				0	0	1		227
R	DFCF	DFCF-61-085		1997-01-01		CHATEAU LA TRINITE				0	0	1		227
R	DFCF	DFCF-61-086		1997-01-01		MANOIR DES CAMELIAS				0	0	1		227
R	DFCF	DFCF-61-087		1997-01-01		CHATEAU DE CAUMONT				0	0	1		227
R	DFCF	DFCF-61-088		1997-01-01		TOUR DES ANGLAIS				0	0	1		227
R	DFCF	DFCF-61-089		1997-01-01		MANOIR DE LA CHESNAIE				0	0	1		227
R	DFCF	DFCF-61-090		1997-01-01		MANOIR DE COUTURE				0	0	1		227
R	DFCF	DFCF-61-091		1997-01-01		CHATEAU DE MEZERAY				0	0	1		227
R	DFCF	DFCF-61-092		1997-01-01		MANOIR DE LA BOUTONNIERE				0	0	1		227
R	DFCF	DFCF-61-093		1997-01-01		CHATEAU DE MONNAI				0	0	1		227
R	DFCF	DFCF-61-094		1997-01-01		MANOIR DE LA BACOS				0	0	1		227
R	DFCF	DFCF-61-095		1997-01-01		TOUR DE CHAMBOIS				0	0	1		227
R	DFCF	DFCF-61-096		1997-01-01		CHATEAU D'AUBRY				0	0	1		227
R	DFCF	DFCF-61-097		1997-01-01		MANOIR DE LA BAUDRIERE				0	0	1		227
R	DFCF	DFCF-61-098		1997-01-01		MANOIR DE LA GRANDE MAISON				0	0	1		227
R	DFCF	DFCF-61-099		1997-01-01		MANOIR DU HAMEL				0	0	1		227
R	DFCF	DFCF-61-100		1997-01-01		MANOIR DE LA FREMONDIERE				0	0	1		227
R	DFCF	DFCF-61-101		1997-01-01		CHATEAU DE VILLEBADIN				0	0	1		227
R	DFCF	DFCF-61-102		1997-01-01		MANOIR D'ARGENTELLES				0	0	1		227
R	DFCF	DFCF-61-103		1997-01-01		CHATEAU DE CHAMPOBERT				0	0	1		227
R	DFCF	DFCF-61-104		1997-01-01		MANOIR DE CHAUVIN				0	0	1		227
R	DFCF	DFCF-61-105		1997-01-01		MANOIR DES BARRES				0	0	1		227
R	DFCF	DFCF-61-106		1997-01-01		LE VIEUX CHATEAU				0	0	1		227
R	DFCF	DFCF-61-107		1997-01-01		CHATEAU DE VRIGNY				0	0	1		227
R	DFCF	DFCF-61-108		1997-01-01		CHATEAU DE LA THEROUDIERE				0	0	1		227
R	DFCF	DFCF-61-109		1997-01-01		CHATEAU LES NOES				0	0	1		227
R	DFCF	DFCF-61-110		1997-01-01		MANOIR DE VAUVINEUX				0	0	1		227
R	DFCF	DFCF-61-111		1997-01-01		MANOIR DE LA COCADIERE				0	0	1		227
R	DFCF	DFCF-61-112		1997-01-01		MANOIR PERREAU				0	0	1		227
R	DFCF	DFCF-61-113		1997-01-01		CHATEAU DE NEUVILLE				0	0	1		227
R	DFCF	DFCF-61-114		1997-01-01		MANOIR DU BOIS JOSSELIN				0	0	1		227
R	DFCF	DFCF-61-115		1997-01-01		MANOIR E DARNETAL				0	0	1		227
R	DFCF	DFCF-61-116		1997-01-01		MANOIR DU BOIS SALLES				0	0	1		227
R	DFCF	DFCF-61-117		1997-01-01		MANOIR LE LOGIS				0	0	1		227
R	DFCF	DFCF-61-118		1997-01-01		MANOIR DU MENIL CLAIREFEUILLE				0	0	1		227
R	DFCF	DFCF-61-119		1997-01-01		MANOIR DE L'ORGERIE				0	0	1		227
R	DFCF	DFCF-61-120		1997-01-01		MANOIR DU PLESSIS				0	0	1		227
R	DFCF	DFCF-61-121		1997-01-01		MANOIR LE PAVILLON				0	0	1		227
R	DFCF	DFCF-61-122		1997-01-01		CHATEAU CAMPIGNY				0	0	1		227
R	DFCF	DFCF-61-123		1997-01-01		MANOIR D'ORVILLE				0	0	1		227
R	DFCF	DFCF-61-124		1997-01-01		DE SAINT ARNOULT				0	0	1		227
R	DFCF	DFCF-61-125		1997-01-01		MEDIEVAL D'EXMES				0	0	1		227
R	DFCF	DFCF-61-126		1997-01-01		MANOIR DE PRESTAL				0	0	1		227
R	DFCF	DFCF-61-127		1997-01-01		CHATEAU DE COULONCES				0	0	1		227
R	DFCF	DFCF-61-128		1997-01-01		MANOIR DES BENEDICTINS				0	0	1		227
R	DFCF	DFCF-61-129		1997-01-01		MANOIR DE LA CHAPRONIERE				0	0	1		227
R	DFCF	DFCF-61-130		1997-01-01		CHATEAU VIMER				0	0	1		227
R	DFCF	DFCF-61-131		1997-01-01		MANOIR MALVOUE				0	0	1		227
R	DFCF	DFCF-61-132		1997-01-01		MANOIR D'EXMES				0	0	1		227
R	DFCF	DFCF-61-133		1997-01-01		MANOIR DES ROCHES				0	0	1		227
R	DFCF	DFCF-61-134		1997-01-01		MANOIR LA PICHIERE				0	0	1		227
R	DFCF	DFCF-61-135		1997-01-01		MANOIR DE LA SAUSSAYE				0	0	1		227
R	DFCF	DFCF-61-136		1997-01-01		MANOIR LE COSTIL				0	0	1		227
R	DFCF	DFCF-61-137		1997-01-01		MANOIR FORT MONTPELLIER				0	0	1		227
R	DFCF	DFCF-61-138		1997-01-01		MANOIR DE BEAUFOUR				0	0	1		227
R	DFCF	DFCF-61-139		1997-01-01		MANOIR DE SAINT MARTIN				0	0	1		227
R	DFCF	DFCF-61-140		1997-01-01		CHATEAU DE LA JAUNIERE				0	0	1		227
R	DFCF	DFCF-61-141		1997-01-01		MANOIR DE LA GERMANIERE				0	0	1		227
R	DFCF	DFCF-61-142		1997-01-01		MANOIR DES MOLLENTS				0	0	1		227
R	DFCF	DFCF-61-143		1997-01-01		MANOIR D'AVERNES GOURGON				0	0	1		227
R	DFCF	DFCF-61-144		1997-01-01		CHÂTEAU DE L'HORLOGE				0	0	1		227
R	DFCF	DFCF-61-145		1997-01-01		MANOIR DE PRESSIGNY				0	0	1		227
R	DFCF	DFCF-61-146		1997-01-01		CHÂTEAU D'IRAI				0	0	1		227
R	DFCF	DFCF-61-147		1997-01-01		MANOIR DU MENIL BERARD				0	0	1		227
R	DFCF	DFCF-61-148		1997-01-01		MANOIR DU MESNIL ROIVILLE				0	0	1		227
R	DFCF	DFCF-61-149		1997-01-01		MANOIR DE MORPHEE				0	0	1		227
R	DFCF	DFCF-61-150		1997-01-01		CHÂTEAU DES ETANGS				0	0	1		227
R	DFCF	DFCF-61-151		1997-01-01		CHATEAU MONTIMER				0	0	1		227
R	DFCF	DFCF-61-152		1997-01-01		CHÂTEAU DE COMMEAUX				0	0	1		227
R	DFCF	DFCF-61-153		1997-01-01		CHATEAU COURGERON				0	0	1		227
R	DFCF	DFCF-61-154		1997-01-01		CHATEAU PLESSIS BRUCOURT				0	0	1		227
R	DFCF	DFCF-61-155		1997-01-01		MANOIR DE LA VERRERIE DU GAST				0	0	1		227
R	DFCF	DFCF-61-156		1997-01-01		CHATEAU CHAGNY				0	0	1		227
R	DFCF	DFCF-61-158		1997-01-01		MANOIR DE LA BARRONNERIE				0	0	1		227
R	DFCF	DFCF-61-159		1997-01-01		PALAIS D ARGENTRE				0	0	1		227
R	DFCF	DFCF-61-160		1997-01-01		MANOIR DE CHOISEL				0	0	1		227
R	DFCF	DFCF-61-162		1997-01-01		CHÂTEAU VERVAINE				0	0	1		227
R	DFCF	DFCF-61-164		1997-01-01		TOUR DU CHÂTEAU D'ORGERES				0	0	1		227
R	DFCF	DFCF-61-165		1997-01-01		CHÂTEAU DES BRUYERES				0	0	1		227
R	DFCF	DFCF-61-166		1997-01-01		MANOIR DE COHARDON				0	0	1		227
R	DFCF	DFCF-61-168		1997-01-01		CHÂTEAU LA GOYERE				0	0	1		227
R	DFCF	DFCF-61-169		1997-01-01		MANOIR DE LA VOVE				0	0	1		227
R	DFCF	DFCF-61-170		1997-01-01		CHATEAU DE CHAUMONT				0	0	1		227
R	DFCF	DFCF-62-001		1997-01-01		CHATEAU DE OLHAIN				0	0	1		227
R	DFCF	DFCF-62-002		1997-01-01		CHATEAU DE VILLER CHATEL				0	0	1		227
R	DFCF	DFCF-62-003		1997-01-01		CHATEAU DE CAPELLE FERMONT				0	0	1		227
R	DFCF	DFCF-62-004		1997-01-01		CHATEAU DE HABARCQ				0	0	1		227
R	DFCF	DFCF-62-005		1997-01-01		CHATEAU DE BEAUREPAIRE				0	0	1		227
R	DFCF	DFCF-62-006		1997-01-01		CHATEAU DE RANCHICOURT				0	0	1		227
R	DFCF	DFCF-62-007		1997-01-01		CHATEAU D'ESTRUVAL				0	0	1		227
R	DFCF	DFCF-62-008		1997-01-01		CHATEAU DE SAINTNICOLAS				0	0	1		227
R	DFCF	DFCF-62-009		1997-01-01		CHATEAU DE PAS EN ARTOIS				0	0	1		227
R	DFCF	DFCF-62-010		1997-01-01		CHATEAU DE RIVIERE				0	0	1		227
R	DFCF	DFCF-62-011		1997-01-01		CHATEAU DE HARDELOT				0	0	1		227
R	DFCF	DFCF-62-012		1997-01-01		CHATEAU DES CHARTREUSES				0	0	1		227
R	DFCF	DFCF-62-013		1997-01-01		CHATEAU DE HENDECOURT				0	0	1		227
R	DFCF	DFCF-62-014		1997-01-01		CHATEAU DE LA JUMELLE				0	0	1		227
R	DFCF	DFCF-62-015		1997-01-01		CHATEAU DE BRIAS				0	0	1		227
R	DFCF	DFCF-62-016		1997-01-01		CHATEAU DE VICQ				0	0	1		227
R	DFCF	DFCF-62-017		1997-01-01		CHATEAU DE CHELERS				0	0	1		227
R	DFCF	DFCF-62-018		1997-01-01		CHATEAU DE BAJUS				0	0	1		227
R	DFCF	DFCF-62-019		1997-01-01		CHATEAU DE BOURS				0	0	1		227
R	DFCF	DFCF-62-020		1997-01-01		CHATEAU DE MONT ST ELOI				0	0	1		227
R	DFCF	DFCF-62-021		1997-01-01		CHATEAU DE VALHUON				0	0	1		227
R	DFCF	DFCF-62-022		1997-01-01		CHATEAU DE HERMAVILLE				0	0	1		227
R	DFCF	DFCF-62-023		1997-01-01		CHATEAU DE HUMIERES				0	0	1		227
R	DFCF	DFCF-62-024		1997-01-01		CHATEAU DE BOUVIGNY				0	0	1		227
R	DFCF	DFCF-62-025		1997-01-01		CHATEAU RUITZ				0	0	1		227
R	DFCF	DFCF-62-026		1997-01-01		CHATEAU MERCIER				0	0	1		227
R	DFCF	DFCF-62-027		1997-01-01		CHATEAU DES PRES				0	0	1		227
R	DFCF	DFCF-62-028		1997-01-01		CHATEAU DE HUMEROEUILLE				0	0	1		227
R	DFCF	DFCF-62-029		1997-01-01		CHATEAU DE TILQUES				0	0	1		227
R	DFCF	DFCF-62-030		1997-01-01		CHATEAU D'ECOU				0	0	1		227
R	DFCF	DFCF-62-031		1997-01-01		CHATEAU BARLY				0	0	1		227
R	DFCF	DFCF-62-032		1997-01-01		CHATEAU DE FRESNOY				0	0	1		227
R	DFCF	DFCF-62-033		1997-01-01		CHATEAU DE BRETAGNE				0	0	1		227
R	DFCF	DFCF-62-034		1997-01-01		CHATEAU DE BAVINCOURT				0	0	1		227
R	DFCF	DFCF-62-035		1997-01-01		CHATEAU DE GOUY EN ARTOIS				0	0	1		227
R	DFCF	DFCF-62-036		1997-01-01		CHATEAU DE TRAMECOURT				0	0	1		227
R	DFCF	DFCF-62-037		1997-01-01		CHATEAU FORT GASSION				0	0	1		227
R	DFCF	DFCF-62-038		1997-01-01		CHATEAU DE SAINS				0	0	1		227
R	DFCF	DFCF-62-039		1997-01-01		CHATEAU DE HAUTECLOQUE				0	0	1		227
R	DFCF	DFCF-62-040		1997-01-01		CHATEAU A DIABLE				0	0	1		227
R	DFCF	DFCF-62-041		1997-01-01		CHATEAU DE GORRE				0	0	1		227
R	DFCF	DFCF-62-042		1997-01-01		CHATEAU DE BERLETTE				0	0	1		227
R	DFCF	DFCF-62-043		1997-01-01		CHATEAU DE AUDRUICQ				0	0	1		227
R	DFCF	DFCF-62-044		1997-01-01		CHATEAU VILLERS BRULIN				0	0	1		227
R	DFCF	DFCF-62-045		1997-01-01		CHATEAU DE LIETTRES				0	0	1		227
R	DFCF	DFCF-62-046		1997-01-01		CHATEAU DE CREMINIL				0	0	1		227
R	DFCF	DFCF-62-047		1997-01-01		CHATEAU DE ROQUETOIRE				0	0	1		227
R	DFCF	DFCF-62-048		1997-01-01		CHATEAU DE LA PREE				0	0	1		227
R	DFCF	DFCF-62-049		1997-01-01		CHATEAU DE PHILIOMEL				0	0	1		227
R	DFCF	DFCF-62-050		1997-01-01		CHATEAU DE BEAUREPAIRE				0	0	1		227
R	DFCF	DFCF-62-051		1997-01-01		CHATEAU BERNARD				0	0	1		227
R	DFCF	DFCF-62-052		1997-01-01		CHATEAU DE FERFAY				0	0	1		227
R	DFCF	DFCF-62-053		1997-01-01		CHATEAU DE RELINGUE				0	0	1		227
R	DFCF	DFCF-62-054		1997-01-01		CHATEAU D'ALINCOURT				0	0	1		227
R	DFCF	DFCF-62-055		1997-01-01		CHATEAU DE BOYEFFLES				0	0	1		227
R	DFCF	DFCF-62-056		1997-01-01		CHATEAU DE COUPIGNY				0	0	1		227
R	DFCF	DFCF-62-057		1997-01-01		CHATEAU LES HAUTOIS				0	0	1		227
R	DFCF	DFCF-62-058		1997-01-01		CHATEAU DE BRETICOURT				0	0	1		227
R	DFCF	DFCF-62-059		1997-01-01		CHATEAU DE L'ABBAYE				0	0	1		227
R	DFCF	DFCF-62-060		1997-01-01		CHATEAU DE WERPPE				0	0	1		227
R	DFCF	DFCF-62-061		1997-01-01		CHATEAU DE MALANNOY				0	0	1		227
R	DFCF	DFCF-62-062		1997-01-01		CHATEAU DE COTTES				0	0	1		227
R	DFCF	DFCF-62-063		1997-01-01		CHATEAU BLEU				0	0	1		227
R	DFCF	DFCF-62-064		1997-01-01		CHATEAU DE MAZINGHEM				0	0	1		227
R	DFCF	DFCF-62-065		1997-01-01		CHATEAU DE LOZINGHEM				0	0	1		227
R	DFCF	DFCF-62-066		1997-01-01		FORT NIEULAY				0	0	1		227
R	DFCF	DFCF-62-067		1997-01-01		CHATEAU DE BEAULIEU				0	0	1		227
R	DFCF	DFCF-62-068		1997-01-01		CHATEAU DE LA BUISSIERE				0	0	1		227
R	DFCF	DFCF-62-069		1997-01-01		FORT VAUBAN				0	0	1		227
R	DFCF	DFCF-62-070		1997-01-01		CHATEAU DE ROLLANCOURT				0	0	1		227
R	DFCF	DFCF-62-071		1997-01-01		CHATEAU DE LA BIEN ASSISE				0	0	1		227
R	DFCF	DFCF-62-072		1997-01-01		CHATEAU DU GRAND ST BLAISE				0	0	1		227
R	DFCF	DFCF-62-073		1997-01-01		CHATEAU DE WARLUS				0	0	1		227
R	DFCF	DFCF-62-074		1997-01-01		CHATEAU DE LA TRESORERIE				0	0	1		227
R	DFCF	DFCF-62-075		1997-01-01		CHATEAU DE LA VERRERIE				0	0	1		227
R	DFCF	DFCF-62-076		1997-01-01		CHATEAU DE CERCAMP				0	0	1		227
R	DFCF	DFCF-62-077		1997-01-01		CHATEAU DE LIGNERIEUL				0	0	1		227
R	DFCF	DFCF-62-078		1997-01-01		CHATEAU DE GIVENCHY				0	0	1		227
R	DFCF	DFCF-62-079		1997-01-01		CHATEAU DE LE CAUROY				0	0	1		227
R	DFCF	DFCF-62-080		1997-01-01		CHATEAU DE IGNAUCOURT				0	0	1		227
R	DFCF	DFCF-62-081		1997-01-01		CHATEAU BERLES MONCHEL				0	0	1		227
R	DFCF	DFCF-62-082		1997-01-01		CHATEAU DU QUESNOY				0	0	1		227
R	DFCF	DFCF-62-083		1997-01-01		CHATEAU EVRARD				0	0	1		227
R	DFCF	DFCF-62-084		1997-01-01		CHATEAU DE PREURES				0	0	1		227
R	DFCF	DFCF-62-085		1997-01-01		CHATEAU DE LA CRESSONNIERE				0	0	1		227
R	DFCF	DFCF-62-086		1997-01-01		CHATEAU DE BAMBECQUE				0	0	1		227
R	DFCF	DFCF-62-087		1997-01-01		CHATEAU DE CLARQUES				0	0	1		227
R	DFCF	DFCF-62-088		1997-01-01		CHATEAU DE FIEFS				0	0	1		227
R	DFCF	DFCF-62-089		1997-01-01		CHATEAU DE PENIN				0	0	1		227
R	DFCF	DFCF-62-090		1997-01-01		CHATEAU DE MANIN				0	0	1		227
R	DFCF	DFCF-62-091		1997-01-01		CHATEAU DE COUIN				0	0	1		227
R	DFCF	DFCF-62-092		1997-01-01		CHATEAU DE HENU				0	0	1		227
R	DFCF	DFCF-62-093		1997-01-01		CHATEAU DE BUIRE  BOIS				0	0	1		227
R	DFCF	DFCF-62-094		1997-01-01		CHATEAU DE FONTAINE LES BOULANS				0	0	1		227
R	DFCF	DFCF-62-095		1997-01-01		CHATEAU DE POMMERA				0	0	1		227
R	DFCF	DFCF-62-096		1997-01-01		CHATEAU BEAUMETZ LES LOGES				0	0	1		227
R	DFCF	DFCF-62-097		1997-01-01		CHATEAU DE SUS SAINT LEGER				0	0	1		227
R	DFCF	DFCF-62-098		1997-01-01		CHATEAU DE CAUCOURT				0	0	1		227
R	DFCF	DFCF-62-099		1997-01-01		CHATEAU ETRUN				0	0	1		227
R	DFCF	DFCF-62-100		1997-01-01		CHATEAU DE BOMY				0	0	1		227
R	DFCF	DFCF-62-101		1997-01-01		CHATEAU DE CHOCQUES				0	0	1		227
R	DFCF	DFCF-62-102		1997-01-01		CHATEAU DE TANNAY				0	0	1		227
R	DFCF	DFCF-62-103		1997-01-01		CHATEAU HUCQUELIERS				0	0	1		227
R	DFCF	DFCF-62-104		1997-01-01		CHATEAU DE ROSNY				0	0	1		227
R	DFCF	DFCF-62-105		1997-01-01		CHATEAU DE VERCHIN				0	0	1		227
R	DFCF	DFCF-62-106		1997-01-01		CHATEAU QUIEVREMONT				0	0	1		227
R	DFCF	DFCF-62-107		1997-01-01		CHATEAU DE DIVION				0	0	1		227
R	DFCF	DFCF-62-108		1997-01-01		CHATEAU DE CROIX EN TERNOIS				0	0	1		227
R	DFCF	DFCF-62-109		1997-01-01		CHATEAU DE VERTON				0	0	1		227
R	DFCF	DFCF-62-110		1997-01-01		CHATEAU DE FOSSEUX				0	0	1		227
R	DFCF	DFCF-62-111		1997-01-01		CHATEAU DE COUTURELLE				0	0	1		227
R	DFCF	DFCF-62-112		1997-01-01		CHATEAU DE SOUICH				0	0	1		227
R	DFCF	DFCF-62-113		1997-01-01		CHATEAU MAMETZ				0	0	1		227
R	DFCF	DFCF-62-114		1997-01-01		CHATEAU DE FLERS				0	0	1		227
R	DFCF	DFCF-62-115		1997-01-01		CHATEAU HAUTEVILLE				0	0	1		227
R	DFCF	DFCF-62-116		1997-01-01		CHATEAU DE WILLENCOURT				0	0	1		227
R	DFCF	DFCF-62-117		1997-01-01		CHATEAU DE GENNES				0	0	1		227
R	DFCF	DFCF-62-118		1997-01-01		CHATEAU DE MAINTENAY				0	0	1		227
R	DFCF	DFCF-62-119		1997-01-01		CHATEAU DE FREMICOURT EN ROMONT				0	0	1		227
R	DFCF	DFCF-62-120		1997-01-01		CHATEAU DE BRAYELLE				0	0	1		227
R	DFCF	DFCF-62-121		1997-01-01		CHATEAU DE VAUDRYFONTAINE				0	0	1		227
R	DFCF	DFCF-62-122		1997-01-01		CHATEAU DE MAISON BLANCHE				0	0	1		227
R	DFCF	DFCF-62-123		1997-01-01		CHATEAU DU HAMEL				0	0	1		227
R	DFCF	DFCF-62-124		1997-01-01		CHATEAU DE RICAMETZ				0	0	1		227
R	DFCF	DFCF-62-125		1997-01-01		CHATEAU DE CAUMESNIL				0	0	1		227
R	DFCF	DFCF-62-126		1997-01-01		CHATEAU DE WILLEMAN				0	0	1		227
R	DFCF	DFCF-62-127		1997-01-01		CHATEAU DU FRESNOY-ALINCTHUN				0	0	1		227
R	DFCF	DFCF-62-128		1997-01-01		CHATEAU DE FONTAINE L'ETALON				0	0	1		227
R	DFCF	DFCF-62-129		1997-01-01		CHATEAU DE CONCHY SUR CANCHE				0	0	1		227
R	DFCF	DFCF-62-130		1997-01-01		CHATEAU DE BOUBERS SUR CANCHE				0	0	1		227
R	DFCF	DFCF-62-131		1997-01-01		CHATEAU DE BACHIMONT				0	0	1		227
R	DFCF	DFCF-62-132		1997-01-01		CHATEAU DE WAIL				0	0	1		227
R	DFCF	DFCF-62-133		1997-01-01		CHATEAU DE LIGNY				0	0	1		227
R	DFCF	DFCF-62-134		1997-01-01		CHATEAU DE VAULX				0	0	1		227
R	DFCF	DFCF-62-135		1997-01-01		CHATEAU DE NOEUX LES AUXI				0	0	1		227
R	DFCF	DFCF-62-136		1997-01-01		FORT DU NOUVEAU MOULIN				0	0	1		227
R	DFCF	DFCF-62-137		1997-01-01		CHATEAU D'AUXI				0	0	1		227
R	DFCF	DFCF-62-138		1997-01-01		CHATEAU DU PASSAGE				0	0	1		227
R	DFCF	DFCF-62-139		1997-01-01		CHATEAU DE NEULETTE				0	0	1		227
R	DFCF	DFCF-62-140		1997-01-01		CHATEAU DE FRESSIN				0	0	1		227
R	DFCF	DFCF-62-141		1997-01-01		CHATEAU DE NORBECOURT				0	0	1		227
R	DFCF	DFCF-62-142		1997-01-01		CHATEAU D'ACQUEMBRONNE				0	0	1		227
R	DFCF	DFCF-62-143		1997-01-01		CHATEAU DE CAMPIGNEULLES LES GRANDES				0	0	1		227
R	DFCF	DFCF-62-144		1997-01-01		CHATEAU LEBIEZ				0	0	1		227
R	DFCF	DFCF-62-145		1997-01-01		CHATEAU DE CREQUY				0	0	1		227
R	DFCF	DFCF-62-146		1997-01-01		CHATEAU DE ERNY ST JULIEN				0	0	1		227
R	DFCF	DFCF-62-147		1997-01-01		CHATEAU DE VERCHOCQ				0	0	1		227
R	DFCF	DFCF-62-148		1997-01-01		CHATEAU DE VERQUIN				0	0	1		227
R	DFCF	DFCF-62-149		1997-01-01		CHATEAU LAMORIL				0	0	1		227
R	DFCF	DFCF-62-150		1997-01-01		CHATEAU HAVRINCOURT				0	0	1		227
R	DFCF	DFCF-62-151		1997-01-01		CHATEAU HESMOND				0	0	1		227
R	DFCF	DFCF-62-152		1997-01-01		CHATEAU OFFIN				0	0	1		227
R	DFCF	DFCF-62-153		1997-01-01		CHATEAU WAMBERCOURT				0	0	1		227
R	DFCF	DFCF-62-154		1997-01-01		CHATEAU BILLEAUVILLE				0	0	1		227
R	DFCF	DFCF-62-155		1997-01-01		CHATEAU GRISENDAL				0	0	1		227
R	DFCF	DFCF-62-156		1997-01-01		CHATEAU LOZEMBRUNE				0	0	1		227
R	DFCF	DFCF-62-157		1997-01-01		CHATEAU ALINCTHUN				0	0	1		227
R	DFCF	DFCF-62-158		1997-01-01		CHATEAU DE COURSET				0	0	1		227
R	DFCF	DFCF-62-159		1997-01-01		CHATEAU DE PARENTY				0	0	1		227
R	DFCF	DFCF-62-160		1997-01-01		CHATEAU DE WESTHOVE				0	0	1		227
R	DFCF	DFCF-62-161		1997-01-01		CHATEAU DE L'ERMITAGE				0	0	1		227
R	DFCF	DFCF-62-162		1997-01-01		CHATEAU DU VALIVON				0	0	1		227
R	DFCF	DFCF-62-163		1997-01-01		CHATEAU D' ARQUES				0	0	1		227
R	DFCF	DFCF-62-164		1997-01-01		CHATEAU PUITSBERAULT				0	0	1		227
R	DFCF	DFCF-62-165		1997-01-01		CHATEAU DE MONCHY-CAYEUX				0	0	1		227
R	DFCF	DFCF-62-166		1997-01-01		CHATEAU QUENNEVACHERRIE				0	0	1		227
R	DFCF	DFCF-62-167		1997-01-01		CHATEAU DE CONCHIL LE TEMPLE				0	0	1		227
R	DFCF	DFCF-62-168		1997-01-01		CHATEAU DE GAUCHIN LE GAL				0	0	1		227
R	DFCF	DFCF-62-169		1997-01-01		CHATEAU DE RECQUES SUR COURSE				0	0	1		227
R	DFCF	DFCF-62-170		1997-01-01		CHATEAU DE BRETENCOURT				0	0	1		227
R	DFCF	DFCF-62-171		1997-01-01		CHATEAU DE SAULTY				0	0	1		227
R	DFCF	DFCF-62-172		1997-01-01		CHATEAU DU FAYEL				0	0	1		227
R	DFCF	DFCF-62-173		1997-01-01		CHATEAU DES TREMBLES				0	0	1		227
R	DFCF	DFCF-62-174		1997-01-01		CHATEAU DE DOUDEAUVILLE				0	0	1		227
R	DFCF	DFCF-62-175		1997-01-01		CHATEAU DE BAPAUME				0	0	1		227
R	DFCF	DFCF-62-176		1997-01-01		CHATEAU DE BOULOGNE SUR MER				0	0	1		227
R	DFCF	DFCF-62-177		1997-01-01		CHATEAU HUPLANDRE				0	0	1		227
R	DFCF	DFCF-62-178		1997-01-01		CHATEAU LE FORESTEL				0	0	1		227
R	DFCF	DFCF-62-179		1997-01-01		CHATEAU DE FOND LUC				0	0	1		227
R	DFCF	DFCF-62-180		1997-01-01		CHATEAU DE VALFOSSE				0	0	1		227
R	DFCF	DFCF-62-181		1997-01-01		CHATEAU DE WATTEVILLE				0	0	1		227
R	DFCF	DFCF-62-182		1997-01-01		CHATEAU DE LANNOY				0	0	1		227
R	DFCF	DFCF-62-183		1997-01-01		CHATEAU DES DRUCAS				0	0	1		227
R	DFCF	DFCF-62-184		1997-01-01		CHATEAU DE BEAUVOIR				0	0	1		227
R	DFCF	DFCF-62-185		1997-01-01		CHATEAU DE CAMPIGNEULLES LES PETITES				0	0	1		227
R	DFCF	DFCF-62-186		1997-01-01		CHATEAU DE NESLES				0	0	1		227
R	DFCF	DFCF-62-187		1997-01-01		CHATEAU D'EQUIRRE				0	0	1		227
R	DFCF	DFCF-62-188		1997-01-01		CHATEAU DE LONGUENESSE				0	0	1		227
R	DFCF	DFCF-62-189		1997-01-01		CHATEAU DE MONTHUYS				0	0	1		227
R	DFCF	DFCF-62-190		1997-01-01		CHATEAU LONGUEVILLE				0	0	1		227
R	DFCF	DFCF-62-191		1997-01-01		CHATEAU D'ENOCQ				0	0	1		227
R	DFCF	DFCF-62-192		1997-01-01		CHATEAU FILLETTE				0	0	1		227
R	DFCF	DFCF-62-193		1997-01-01		CHATEAU DE ROCHECAVE				0	0	1		227
R	DFCF	DFCF-62-194		1997-01-01		CHATEAU DARQUES				0	0	1		227
R	DFCF	DFCF-62-195		1997-01-01		CHATEAU ROBICHEZ				0	0	1		227
R	DFCF	DFCF-62-196		1997-01-01		CHATEAU LEBLOND				0	0	1		227
R	DFCF	DFCF-62-197		1997-01-01		CHATEAU DE FONTAINE LES				0	0	1		227
R	DFCF	DFCF-62-198		1997-01-01		CHATEAU DE LIANNE				0	0	1		227
R	DFCF	DFCF-62-199		1997-01-01		CHATEAU D'ALETTE				0	0	1		227
R	DFCF	DFCF-62-200		1997-01-01		FORT DE LA REDOUTE				0	0	1		227
R	DFCF	DFCF-62-201		1997-01-01		CHATEAU DE TINCQUES				0	0	1		227
R	DFCF	DFCF-62-202		1997-01-01		GRAND CHATEAU DE WISQUES				0	0	1		227
R	DFCF	DFCF-62-203		1997-01-01		PETIT CHATEAU DE WISQUES				0	0	1		227
R	DFCF	DFCF-62-204		1997-01-01		CHATEAU SIMENCOURT				0	0	1		227
R	DFCF	DFCF-62-205		1997-01-01		CHATEAU DE GUERNONVAL				0	0	1		227
R	DFCF	DFCF-62-206		1997-01-01		CHATEAU ERIN				0	0	1		227
R	DFCF	DFCF-62-207		1997-01-01		CHATEAU DE TERLINE				0	0	1		227
R	DFCF	DFCF-62-208		1997-01-01		CHATEAU DE BATAVIA				0	0	1		227
R	DFCF	DFCF-62-209		1997-01-01		CHATEAU D'HAVRINCOURT				0	0	1		227
R	DFCF	DFCF-62-210		1997-01-01		CHATEAU DE FONTAINE SAINT GEORGES				0	0	1		227
R	DFCF	DFCF-62-211		1997-01-01		CHATEAU DE BOYAVAL				0	0	1		227
R	DFCF	DFCF-62-212		1997-01-01		CHATEAU DE CAMBLIGNEUL				0	0	1		227
R	DFCF	DFCF-62-213		1997-01-01		CHATEAU DE LA PREVOTE				0	0	1		227
R	DFCF	DFCF-62-214		1997-01-01		CHATEAU MONTECHOR				0	0	1		227
R	DFCF	DFCF-62-215		1997-01-01		CHATEAU HERAMBAULT				0	0	1		227
R	DFCF	DFCF-62-216		1997-01-01		CHATEAU DU MOULINEL				0	0	1		227
R	DFCF	DFCF-62-217		1997-01-01		CHATEAU DAMBRICOURT				0	0	1		227
R	DFCF	DFCF-62-218		1997-01-01		CHATEAU DE SAINT JOSSE				0	0	1		227
R	DFCF	DFCF-62-219		1997-01-01		CHATEAU D'ORDRE				0	0	1		227
R	DFCF	DFCF-62-220		1997-01-01		CHATEAU BACON				0	0	1		227
R	DFCF	DFCF-62-221		1997-01-01		CHATEAU SAINT POL EN TERNOISE				0	0	1		227
R	DFCF	DFCF-62-222		1997-01-01		CHATEAU DE MEURCHIN				0	0	1		227
R	DFCF	DFCF-62-223		1997-01-01		CHATEAU DE BAC SAINT MAUR				0	0	1		227
R	DFCF	DFCF-62-224		1997-01-01		FORT HABARCQ				0	0	1		227
R	DFCF	DFCF-62-226		1997-01-01		CHATEAU DES TEMPLIERS				0	0	1		227
R	DFCF	DFCF-62-227		1997-01-01		CHATEAU HENDECOURT LES RANSART				0	0	1		227
R	DFCF	DFCF-62-228		1997-01-01		CHATEAU D'AUDISQUE				0	0	1		227
R	DFCF	DFCF-62-229		1997-01-01		CHATEAU DES LIONS				0	0	1		227
R	DFCF	DFCF-62-230		1997-01-01		CHATEAU BUCAMP				0	0	1		227
R	DFCF	DFCF-62-231		1997-01-01		FORT DE CROY				0	0	1		227
R	DFCF	DFCF-62-232		1997-01-01		CHATEAU DE GROFFLIERS				0	0	1		227
R	DFCF	DFCF-62-233		1997-01-01		FORT DE MONT DE COUPPES				0	0	1		227
R	DFCF	DFCF-62-234		1997-01-01		CHATEAU NEUF D'HABARCQ				0	0	1		227
R	DFCF	DFCF-62-235		1997-01-01		CHATEAU DE PONT DE BRIQUE				0	0	1		227
R	DFCF	DFCF-62-236		1997-01-01		CHATEAU DE COCOVE				0	0	1		227
R	DFCF	DFCF-62-237		1997-01-01		CHATEAU ROCHEMOREMELUN				0	0	1		227
R	DFCF	DFCF-62-238		1997-01-01		CHATEAU DE RAMECOURT				0	0	1		227
R	DFCF	DFCF-62-239		1997-01-01		CHATEAU ETERPIGNY				0	0	1		227
R	DFCF	DFCF-62-240		1997-01-01		CHATEAU DE DAINVILLE				0	0	1		227
R	DFCF	DFCF-62-241		1997-01-01		CHATEAU D'HOCQUINGHEN				0	0	1		227
R	DFCF	DFCF-62-242		1997-01-01		CHATEAU DE BETHONSART				0	0	1		227
R	DFCF	DFCF-62-243		1997-01-01		CHATEAU DES DAMES				0	0	1		227
R	DFCF	DFCF-62-244		1997-01-01		CHATEAU DE LA BUCQUIERE				0	0	1		227
R	DFCF	DFCF-62-245		1997-01-01		CHATEAU DE AUTINGUES				0	0	1		227
R	DFCF	DFCF-62-246		1997-01-01		CHATEAU DE HERLINCOURT				0	0	1		227
R	DFCF	DFCF-62-247		1997-01-01		CHATEAU CLERY				0	0	1		227
R	DFCF	DFCF-62-248		1997-01-01		CHATEAU NEUF DE MONCHY				0	0	1		227
R	DFCF	DFCF-62-249		1997-01-01		CHATEAU LES TOURELLES				0	0	1		227
R	DFCF	DFCF-62-250		1997-01-01		CHATEAU DE VAUDRICOURT				0	0	1		227
R	DFCF	DFCF-62-251		1997-01-01		CHATEAU DE BERGUETTE				0	0	1		227
R	DFCF	DFCF-62-254		1997-01-01		CHATEAU GRAND RULLECOURT				0	0	1		227
R	DFCF	DFCF-62-256		1997-01-01		CHATEAU AMBRINES				0	0	1		227
R	DFCF	DFCF-62-257		1997-01-01		CHATEAU DE BERMICOURT				0	0	1		227
R	DFCF	DFCF-62-258		1997-01-01		CHATEAU ANTIGNEUL				0	0	1		227
R	DFCF	DFCF-62-259		1997-01-01		CHATEAU DE QUILEN				0	0	1		227
R	DFCF	DFCF-62-260		1997-01-01		CHATEAU DE VALTINCHEUX				0	0	1		227
R	DFCF	DFCF-62-261		1997-01-01		CHATEAU DE HERLINCOURT				0	0	1		227
R	DFCF	DFCF-62-262		1997-01-01		TOUR DE SOMBRIN				0	0	1		227
R	DFCF	DFCF-62-263		1997-01-01		CHATEAU LES HAIES				0	0	1		227
R	DFCF	DFCF-62-264		1997-01-01		CHATEAU HERMIN				0	0	1		227
R	DFCF	DFCF-62-265		1997-01-01		CHATEAU DE LA CALOTTERIE				0	0	1		227
R	DFCF	DFCF-62-266		1997-01-01		CHATEAU DES BERGERIES				0	0	1		227
R	DFCF	DFCF-62-267		1997-01-01		CHATEAU DU HOURET				0	0	1		227
R	DFCF	DFCF-62-268		1997-01-01		CHATEAU DE DRAECK				0	0	1		227
R	DFCF	DFCF-62-269		1997-01-01		TOUR DE LA MONTOIRE				0	0	1		227
R	DFCF	DFCF-62-270		1997-01-01		CHATEAU DU GANDSPETTE				0	0	1		227
R	DFCF	DFCF-62-271		1997-01-01		CHATEAU DE WAMIN				0	0	1		227
R	DFCF	DFCF-62-272		1997-01-01		CHATEAU HALLOY				0	0	1		227
R	DFCF	DFCF-62-273		1997-01-01		CHATEAU DE GRENA				0	0	1		227
R	DFCF	DFCF-62-274		1997-01-01		CHATEAU LA CONTERIE				0	0	1		227
R	DFCF	DFCF-62-275		1997-01-01		CHATEAU BOISJEAN				0	0	1		227
R	DFCF	DFCF-62-276		1997-01-01		CHATEAU LES BRUYERES				0	0	1		227
R	DFCF	DFCF-62-277		1997-01-01		CHATEAU FLORENT				0	0	1		227
R	DFCF	DFCF-62-278		1997-01-01		CHATEAU COLOMBERT				0	0	1		227
R	DFCF	DFCF-62-279		1997-01-01		CHATEAU DES BOIS HUBERT				0	0	1		227
R	DFCF	DFCF-62-280		1997-01-01		CHATEAU DE MAUROY				0	0	1		227
R	DFCF	DFCF-62-281		1997-01-01		CHATEAU DE CARIEUL				0	0	1		227
R	DFCF	DFCF-62-282		1997-01-01		CIATDELLE D'ARRAS				0	0	1		227
R	DFCF	DFCF-62-283		1997-01-01		MANOIR DE BALLANCOURT				0	0	1		227
R	DFCF	DFCF-62-284		1997-01-01		MANOIR D'HERBINGHEN				0	0	1		227
R	DFCF	DFCF-62-285		1997-01-01		MANOIR DE L'ESTRACCELLES				0	0	1		227
R	DFCF	DFCF-62-286		1997-01-01		CITADELLE DE MONTREUIL				0	0	1		227
R	DFCF	DFCF-62-287		1997-01-01		MANOIR DE COURCELLE				0	0	1		227
R	DFCF	DFCF-62-288		1997-01-01		MANOIR DU PUCELART				0	0	1		227
R	DFCF	DFCF-62-289		1997-01-01		MANOIR DE LA FOLIE				0	0	1		227
R	DFCF	DFCF-62-290		1997-01-01		MANOIR DE MONTQUESNEL				0	0	1		227
R	DFCF	DFCF-62-291		1997-01-01		MANOIR DU HUISBOIS				0	0	1		227
R	DFCF	DFCF-62-292		1997-01-01		MANOIR DU MAJOR				0	0	1		227
R	DFCF	DFCF-62-293		1997-01-01		MANOIR DE SEQUIERES				0	0	1		227
R	DFCF	DFCF-62-294		1997-01-01		MANOIR DE NIENBRUNE				0	0	1		227
R	DFCF	DFCF-62-295		1997-01-01		MANOIR DE LA HAYE D'INCOURT				0	0	1		227
R	DFCF	DFCF-62-296		1997-01-01		MANOIR DE BELLE ISLE				0	0	1		227
R	DFCF	DFCF-62-297		1997-01-01		CHATEAU DE GUEMY				0	0	1		227
R	DFCF	DFCF-62-298		1997-01-01		CHATEAU D'ACQUIN				0	0	1		227
R	DFCF	DFCF-62-299		1997-01-01		CHATEAU BON SEJOUR				0	0	1		227
R	DFCF	DFCF-62-300		1997-01-01		MANOIR SAINT JEAN				0	0	1		227
R	DFCF	DFCF-62-301		1997-01-01		MANOIR DE FOUQUIERES				0	0	1		227
R	DFCF	DFCF-62-302		1997-01-01		MANOIR D'OURTON				0	0	1		227
R	DFCF	DFCF-62-303		1997-01-01		MANOIR DES CARONDELET				0	0	1		227
R	DFCF	DFCF-62-305		1997-01-01		MANOIR LE FAY				0	0	1		227
R	DFCF	DFCF-62-306		1997-01-01		MANOIR BOIS DU COQ				0	0	1		227
R	DFCF	DFCF-62-307		1997-01-01		MANOIR DE AUBROMETZ				0	0	1		227
R	DFCF	DFCF-62-308		1997-01-01		MANOIR DE BUIRE				0	0	1		227
R	DFCF	DFCF-62-309		1997-01-01		MANOIR DE BREVILLERS				0	0	1		227
R	DFCF	DFCF-62-310		1997-01-01		MANOIR DU BREUIL				0	0	1		227
R	DFCF	DFCF-62-312		1997-01-01		FORT DE MIMOYECQUES				0	0	1		227
R	DFCF	DFCF-62-313		1997-01-01		MANOIR DIT GRAND MOULIN				0	0	1		227
R	DFCF	DFCF-62-314		1997-01-01		CHATEAU SAILLY LA BOURSE				0	0	1		227
R	DFCF	DFCF-62-315		1997-01-01		MANOIR LE CLOS GRINCOURT				0	0	1		227
R	DFCF	DFCF-62-320		1997-01-01		LE CHATEAU DE LA COMTE				0	0	1		227
R	DFCF	DFCF-62-323		1997-01-01		LE CHATEAU DE MAROEUIL				0	0	1		227
R	DFCF	DFCF-62-324		1997-01-01		CHÂTEAU ST LAURENT BLANGY				0	0	1		227
R	DFCF	DFCF-62-325		1997-01-01		CHÂTEAU DE LA MADELEINE				0	0	1		227
R	DFCF	DFCF-62-326		1997-01-01		MANOIR DE VALLIERES				0	0	1		227
R	DFCF	DFCF-62-327		1997-01-01		CHÂTEAU DE DOURIEZ				0	0	1		227
R	DFCF	DFCF-62-328		1997-01-01		CHÂTEAU DE TOILE				0	0	1		227
R	DFCF	DFCF-62-329		1997-01-01		CHATEAU HERMARY BOURET				0	0	1		227
R	DFCF	DFCF-62-330		1997-01-01		CHATEAU HERMART LECREUX				0	0	1		227
R	DFCF	DFCF-62-333		1997-01-01		CHATEAU DE REAULT				0	0	1		227
R	DFCF	DFCF-62-337		1997-01-01		MANOIR DE FERTIN				0	0	1		227
R	DFCF	DFCF-62-338		1997-01-01		CHATEAU DE JONGLEZ				0	0	1		227
R	DFCF	DFCF-62-339		1997-01-01		TOUR DE L'HORLOGE				0	0	1		227
R	DFCF	DFCF-62-340		1997-01-01		CHATEAU DE FRESNICOURT				0	0	1		227
R	DFCF	DFCF-62-345		1997-01-01		FORT HENRI HUIT				0	0	1		227
R	DFCF	DFCF-62-346		1997-01-01		CHATEAU DE VILLER AU FLOS				0	0	1		227
R	DFCF	DFCF-62-347		1997-01-01		CHATEAU DE HINGES				0	0	1		227
R	DFCF	DFCF-62-348		1997-01-01		CHATEAU D'OREAUMONT				0	0	1		227
R	DFCF	DFCF-62-349		1997-01-01		CHATEAU DE DESVRES				0	0	1		227
R	DFCF	DFCF-62-350		1997-01-01		CHATEAU DE LA BERNARDIERE				0	0	1		227
R	DFCF	DFCF-62-351		1997-01-01		FORT DE LA CRECHE				0	0	1		227
R	DFCF	DFCF-62-352		1997-01-01		LE CHATEAU DE CAMBLAIN L'ABBE				0	0	1		227
R	DFCF	DFCF-62-354		1997-01-01		LE MANOIR DE CAMBLAIN L'ABBE				0	0	1		227
R	DFCF	DFCF-63-001		1997-01-01		CHATEAU DE CHATEAUGAY				0	0	1		227
R	DFCF	DFCF-63-002		1997-01-01		CHATEAU DE MAUZUN				0	0	1		227
R	DFCF	DFCF-63-003		1997-01-01		CHATEAU DE ST BONNET				0	0	1		227
R	DFCF	DFCF-63-004		1997-01-01		CHATEAU DE MONS				0	0	1		227
R	DFCF	DFCF-63-005		1997-01-01		CHATEAU DE BOUYS				0	0	1		227
R	DFCF	DFCF-63-006		1997-01-01		CHATEAU DE VOLLORE				0	0	1		227
R	DFCF	DFCF-63-007		1997-01-01		CHATEAU DE VIVEROLS				0	0	1		227
R	DFCF	DFCF-63-008		1997-01-01		CHATEAU DE LA BARGE				0	0	1		227
R	DFCF	DFCF-63-009		1997-01-01		CHATEAU DES GRIMARDIES				0	0	1		227
R	DFCF	DFCF-63-010		1997-01-01		CHATEAU DE BONNENCONTRE				0	0	1		227
R	DFCF	DFCF-63-011		1997-01-01		CHATEAU DE LA FAYE				0	0	1		227
R	DFCF	DFCF-63-012		1997-01-01		CHATEAU DE GONDOLE				0	0	1		227
R	DFCF	DFCF-63-013		1997-01-01		CHATEAU DE LA MOLIERE				0	0	1		227
R	DFCF	DFCF-63-014		1997-01-01		CHATEAU DE VINCHAL				0	0	1		227
R	DFCF	DFCF-63-015		1997-01-01		CHATEAU D'AUTHEZAT				0	0	1		227
R	DFCF	DFCF-63-016		1997-01-01		CHATEAU ROCHER				0	0	1		227
R	DFCF	DFCF-63-017		1997-01-01		CHATEAU DU BOUCHET				0	0	1		227
R	DFCF	DFCF-63-018		1997-01-01		CHATEAU DU PRADAL				0	0	1		227
R	DFCF	DFCF-63-019		1997-01-01		CHATEAU DE VIVET				0	0	1		227
R	DFCF	DFCF-63-020		1997-01-01		CHATEAU DE JULHAT				0	0	1		227
R	DFCF	DFCF-63-021		1997-01-01		CHATEAU DE RAVEL				0	0	1		227
R	DFCF	DFCF-63-022		1997-01-01		CHATEAU DE CROPTES				0	0	1		227
R	DFCF	DFCF-63-023		1997-01-01		CHATEAU D'AULTERIBE				0	0	1		227
R	DFCF	DFCF-63-024		1997-01-01		CHATEAU DE CHATELDON				0	0	1		227
R	DFCF	DFCF-63-025		1997-01-01		CHATEAU DE LA PRADE				0	0	1		227
R	DFCF	DFCF-63-026		1997-01-01		CHATEAU DE CHAZERON				0	0	1		227
R	DFCF	DFCF-63-027		1997-01-01		CHATEAU DE CHALANIAT				0	0	1		227
R	DFCF	DFCF-63-028		1997-01-01		CHATEAU DE ROCHESAVINE				0	0	1		227
R	DFCF	DFCF-63-029		1997-01-01		CHATEAU DES MARTINANCHES				0	0	1		227
R	DFCF	DFCF-63-030		1997-01-01		CHATEAU DE CEILLOUX				0	0	1		227
R	DFCF	DFCF-63-031		1997-01-01		CHATEAU DU BOURGNON				0	0	1		227
R	DFCF	DFCF-63-032		1997-01-01		CHATEAU DE MONTSABLE				0	0	1		227
R	DFCF	DFCF-63-033		1997-01-01		CHATEAU DE LIGONNE				0	0	1		227
R	DFCF	DFCF-63-034		1997-01-01		CHATEAU DE LA BLANCHISSE				0	0	1		227
R	DFCF	DFCF-63-035		1997-01-01		CHATEAU DE LA VALLERIE				0	0	1		227
R	DFCF	DFCF-63-036		1997-01-01		CHATEAU DE LA TERRASSE HAUTE				0	0	1		227
R	DFCF	DFCF-63-037		1997-01-01		CHATEAU DE ST VINCENT				0	0	1		227
R	DFCF	DFCF-63-038		1997-01-01		CHATEAU DE BUSSEOL				0	0	1		227
R	DFCF	DFCF-63-039		1997-01-01		CHATEAU DE MIREFLEURS				0	0	1		227
R	DFCF	DFCF-63-040		1997-01-01		CHATEAU DE BURON				0	0	1		227
R	DFCF	DFCF-63-041		1997-01-01		CHATEAU DE SAUVAGNAT				0	0	1		227
R	DFCF	DFCF-63-042		1997-01-01		CHATEAU D'OPME				0	0	1		227
R	DFCF	DFCF-63-043		1997-01-01		CHATEAU DE TOURNOEL				0	0	1		227
R	DFCF	DFCF-63-044		1997-01-01		CHATEAU DE MIRABELLE				0	0	1		227
R	DFCF	DFCF-63-045		1997-01-01		CHATEAU DE PONTLIERE				0	0	1		227
R	DFCF	DFCF-63-046		1997-01-01		CHATEAU DE BARD				0	0	1		227
R	DFCF	DFCF-63-047		1997-01-01		CHATEAU MOULIN NEUF				0	0	1		227
R	DFCF	DFCF-63-048		1997-01-01		CHATEAU DE BOURASSOL				0	0	1		227
R	DFCF	DFCF-63-049		1997-01-01		CHATEAU DE MONTMORIN				0	0	1		227
R	DFCF	DFCF-63-050		1997-01-01		CHATEAU DE PONTGIBAUD				0	0	1		227
R	DFCF	DFCF-63-051		1997-01-01		CHATEAU DE LA GARDE				0	0	1		227
R	DFCF	DFCF-63-052		1997-01-01		CHATEAU DE MAUPERTUIS				0	0	1		227
R	DFCF	DFCF-63-053		1997-01-01		CHATEAU DE HAUTEYRAS				0	0	1		227
R	DFCF	DFCF-63-054		1997-01-01		CHATEAU DE MUROL				0	0	1		227
R	DFCF	DFCF-63-055		1997-01-01		CHATEAU DE RANDAN				0	0	1		227
R	DFCF	DFCF-63-056		1997-01-01		CHATEAU DE FELIGONDE				0	0	1		227
R	DFCF	DFCF-63-057		1997-01-01		CHATEAU DE VEYGOUX				0	0	1		227
R	DFCF	DFCF-63-058		1997-01-01		CHATEAU DE CROUZOL				0	0	1		227
R	DFCF	DFCF-63-059		1997-01-01		CHATEAU DE MALAUZAT				0	0	1		227
R	DFCF	DFCF-63-060		1997-01-01		CHATEAU DE SOLAGNAT				0	0	1		227
R	DFCF	DFCF-63-061		1997-01-01		CHATEAU DE MONTRODEIX				0	0	1		227
R	DFCF	DFCF-63-062		1997-01-01		CHATEAU DE LA BOSSE				0	0	1		227
R	DFCF	DFCF-63-063		1997-01-01		CHATEAU D'ALLAGNAT				0	0	1		227
R	DFCF	DFCF-63-064		1997-01-01		CHATEAU DE CHARADE				0	0	1		227
R	DFCF	DFCF-63-065		1997-01-01		CHATEAU DES ROCHES				0	0	1		227
R	DFCF	DFCF-63-066		1997-01-01		CHATEAU DE SARCENAT				0	0	1		227
R	DFCF	DFCF-63-067		1997-01-01		CHATEAU DE BOSREDON				0	0	1		227
R	DFCF	DFCF-63-068		1997-01-01		CHATEAU DE DAVAYAT				0	0	1		227
R	DFCF	DFCF-63-069		1997-01-01		CHATEAU SAINT GENEST L'ENFANT				0	0	1		227
R	DFCF	DFCF-63-070		1997-01-01		CHATEAU DE BEAUREGARD				0	0	1		227
R	DFCF	DFCF-63-071		1997-01-01		CHATEAU DE JOSERAND				0	0	1		227
R	DFCF	DFCF-63-072		1997-01-01		CHATEAU DE BONNABEAU				0	0	1		227
R	DFCF	DFCF-63-073		1997-01-01		CHATEAU D'EFFIAT				0	0	1		227
R	DFCF	DFCF-63-074		1997-01-01		CHATEAU DE THEIX				0	0	1		227
R	DFCF	DFCF-63-075		1997-01-01		CHATEAU DE GIMEAUX				0	0	1		227
R	DFCF	DFCF-63-076		1997-01-01		CHATEAU DE VAL ROSE				0	0	1		227
R	DFCF	DFCF-63-077		1997-01-01		CHATEAU DE CLERLANDE				0	0	1		227
R	DFCF	DFCF-63-079		1997-01-01		CHATEAU DE DENONE				0	0	1		227
R	DFCF	DFCF-63-080		1997-01-01		CHATEAU DE LA BAUME				0	0	1		227
R	DFCF	DFCF-63-081		1997-01-01		CHATEAU DE PORTABERAUD				0	0	1		227
R	DFCF	DFCF-63-082		1997-01-01		CHATEAU DE CHANTELAUZE				0	0	1		227
R	DFCF	DFCF-63-083		1997-01-01		CHATEAU DE MONTMARIE				0	0	1		227
R	DFCF	DFCF-63-084		1997-01-01		CHATEAU DES RIOUX				0	0	1		227
R	DFCF	DFCF-63-085		1997-01-01		CHATEAU DE LA BATISSE				0	0	1		227
R	DFCF	DFCF-63-086		1997-01-01		CHATEAU DE CORDES				0	0	1		227
R	DFCF	DFCF-63-087		1997-01-01		CHATEAU DE BAZANCE				0	0	1		227
R	DFCF	DFCF-63-092		1997-01-01		CHÂTEAU DE MOISSAT				0	0	1		227
R	DFCF	DFCF-63-095		1997-01-01		CHATEAU DU MOULIN NEUF				0	0	1		227
R	DFCF	DFCF-63-097		1997-01-01		CHATEAU DE SAINT IGNAT				0	0	1		227
R	DFCF	DFCF-63-098		1997-01-01		CHATEAU DE PIROU				0	0	1		227
R	DFCF	DFCF-63-100		1997-01-01		CHATEAU DE MONTLAUSIER				0	0	1		227
R	DFCF	DFCF-63-101		1997-01-01		CHATEAU DE BARMONTEL				0	0	1		227
R	DFCF	DFCF-63-304		1997-01-01		MANOIR DE LA GUIBAUDERIE				0	0	1		227
R	DFCF	DFCF-64-001		1997-01-01		CHATEAU DE FRANQUEVILLE				0	0	1		227
R	DFCF	DFCF-64-002		1997-01-01		CHATEAU DE PERPIGNAA				0	0	1		227
R	DFCF	DFCF-64-003		1997-01-01		CHATEAU DE BETERETTES				0	0	1		227
R	DFCF	DFCF-64-004		1997-01-01		CHATEAU DE MOMAS				0	0	1		227
R	DFCF	DFCF-64-005		1997-01-01		CHATEAU DE MONTANER				0	0	1		227
R	DFCF	DFCF-64-006		1997-01-01		CHATEAU DE JOLYS				0	0	1		227
R	DFCF	DFCF-64-007		1997-01-01		CHATEAU D'ARBUS				0	0	1		227
R	DFCF	DFCF-64-008		1997-01-01		CHATEAU DE PAU				0	0	1		227
R	DFCF	DFCF-64-009		1997-01-01		CHATEAU DE MERACQ				0	0	1		227
R	DFCF	DFCF-64-010		1997-01-01		CHATEAU DE LA CITADELLE				0	0	1		227
R	DFCF	DFCF-64-011		1997-01-01		CHATEAU DE MORLANNE				0	0	1		227
R	DFCF	DFCF-64-012		1997-01-01		CHATEAU D'ARRICAU				0	0	1		227
R	DFCF	DFCF-64-013		1997-01-01		CHATEAU DE BORDES				0	0	1		227
R	DFCF	DFCF-64-014		1997-01-01		CHATEAU D'ESTE				0	0	1		227
R	DFCF	DFCF-64-015		1997-01-01		CHATEAU DE BERNADETS				0	0	1		227
R	DFCF	DFCF-64-016		1997-01-01		CHATEAU ST JEAN				0	0	1		227
R	DFCF	DFCF-64-017		1997-01-01		FORT DE SOCOA				0	0	1		227
R	DFCF	DFCF-64-018		1997-01-01		CHATEAU DE BILAA				0	0	1		227
R	DFCF	DFCF-64-019		1997-01-01		CHATEAU D'IDRON				0	0	1		227
R	DFCF	DFCF-64-020		1997-01-01		CHATEAU D'ANGIS				0	0	1		227
R	DFCF	DFCF-64-021		1997-01-01		CHATEAU ASCOUBEA				0	0	1		227
R	DFCF	DFCF-64-022		1997-01-01		CHATEAU URTUBIE				0	0	1		227
R	DFCF	DFCF-64-023		1997-01-01		CHATEAU DE SAINT PEE				0	0	1		227
R	DFCF	DFCF-64-024		1997-01-01		CHATEAU ABBADIA				0	0	1		227
R	DFCF	DFCF-64-025		1997-01-01		CHATEAU DE FAGOSSE				0	0	1		227
R	DFCF	DFCF-64-026		1997-01-01		CHATEAU DE SACCHINO				0	0	1		227
R	DFCF	DFCF-64-027		1997-01-01		CHATEAU ILBARRITZ				0	0	1		227
R	DFCF	DFCF-64-028		1997-01-01		CHATEAU BOULARD				0	0	1		227
R	DFCF	DFCF-64-029		1997-01-01		CHATEAU DE BRASSELAY				0	0	1		227
R	DFCF	DFCF-64-030		1997-01-01		FORT DE CASTET				0	0	1		227
R	DFCF	DFCF-64-031		1997-01-01		CHATEAU DU MACARAAS				0	0	1		227
R	DFCF	DFCF-64-032		1997-01-01		CHATEAU DE SAINT JEAN POUDGE				0	0	1		227
R	DFCF	DFCF-64-033		1997-01-01		CHATEAU D'ARCANGUES				0	0	1		227
R	DFCF	DFCF-64-034		1997-01-01		CHATEAU DE BUROSSE-MENDOUSSE				0	0	1		227
R	DFCF	DFCF-64-035		1997-01-01		CHATEAU FORTISSON				0	0	1		227
R	DFCF	DFCF-64-036		1997-01-01		CHATEAU BRINDOS				0	0	1		227
R	DFCF	DFCF-64-037		1997-01-01		FORT DU PORTALET				0	0	1		227
R	DFCF	DFCF-64-038		1997-01-01		CHATEAU BELZUNCE				0	0	1		227
R	DFCF	DFCF-64-039		1997-01-01		CHATEAU CARADOC				0	0	1		227
R	DFCF	DFCF-64-040		1997-01-01		CHATEAU BIELLE				0	0	1		227
R	DFCF	DFCF-64-041		1997-01-01		TOUR D'ABADIE				0	0	1		227
R	DFCF	DFCF-64-042		1997-01-01		CHATEAU GAYON				0	0	1		227
R	DFCF	DFCF-64-043		1997-01-01		CHATEAU DE CORBERES-ABERES				0	0	1		227
R	DFCF	DFCF-64-054		1997-01-01		CHÂTEAU BLACHON				0	0	1		227
R	DFCF	DFCF-64-055		1997-01-01		CHÂTEAU LOO				0	0	1		227
R	DFCF	DFCF-64-056		1997-01-01		CHÂTEAU LUC-ARMAU				0	0	1		227
R	DFCF	DFCF-64-057		1997-01-01		CHÂTEAU ANGAIS				0	0	1		227
R	DFCF	DFCF-64-058		1997-01-01		CHÂTEAU DE BERNADETS				0	0	1		227
R	DFCF	DFCF-65-001		1997-01-01		CHATEAU LASCAZERE				0	0	1		227
R	DFCF	DFCF-65-002		1997-01-01		CHATEAU VILLEFRANQUE				0	0	1		227
R	DFCF	DFCF-65-003		1997-01-01		CHATEAU PERRON				0	0	1		227
R	DFCF	DFCF-65-004		1997-01-01		TOUR DE GUET DE CADEAC				0	0	1		227
R	DFCF	DFCF-65-005		1997-01-01		CHATEAU MAUVEZIN				0	0	1		227
R	DFCF	DFCF-65-006		1997-01-01		CHATEAU MONTOUSSE				0	0	1		227
R	DFCF	DFCF-65-007		1997-01-01		CHATEAU DU BARON DE CARDAILLAC				0	0	1		227
R	DFCF	DFCF-65-008		1997-01-01		CHATEAU DE TREY				0	0	1		227
R	DFCF	DFCF-65-009		1997-01-01		CHATEAU DES COMTES DE COMMINGES				0	0	1		227
R	DFCF	DFCF-65-010		1997-01-01		CHATEAU DES COMTES DE BIGORRE				0	0	1		227
R	DFCF	DFCF-65-011		1997-01-01		CHATEAU DES COMTES DU LAVEDAN				0	0	1		227
R	DFCF	DFCF-65-012		1997-01-01		CHATEAU MOULOR				0	0	1		227
R	DFCF	DFCF-65-013		1997-01-01		CHATEAU GENOS				0	0	1		227
R	DFCF	DFCF-65-014		1997-01-01		CHATEAU BORDERESLOURON				0	0	1		227
R	DFCF	DFCF-65-015		1997-01-01		CHATEAU DE PARABERE				0	0	1		227
R	DFCF	DFCF-65-016		1997-01-01		CHATEAU TOUR VDALOS				0	0	1		227
R	DFCF	DFCF-65-017		1997-01-01		CHATEAU DU PIBESTRE				0	0	1		227
R	DFCF	DFCF-65-018		1997-01-01		CHATEAU DU PRINCE NOIR				0	0	1		227
R	DFCF	DFCF-65-019		1997-01-01		CHATEAU DE SEGUR DES NESTRES				0	0	1		227
R	DFCF	DFCF-65-020		1997-01-01		LE CHATEAU FORT DE LOURDES				0	0	1		227
R	DFCF	DFCF-65-021		1997-01-01		CHATEAU LE TAIL				0	0	1		227
R	DFCF	DFCF-65-022		1997-01-01		CHATEAU DE MONTUS				0	0	1		227
R	DFCF	DFCF-65-023		1997-01-01		CHATEAU LA COMTESSE DE PINS				0	0	1		227
R	DFCF	DFCF-65-024		1997-01-01		CHATEAU D'AVEZAC				0	0	1		227
R	DFCF	DFCF-65-026		1997-01-01		CHATEAU DE TRAMEZAIGUE				0	0	1		227
R	DFCF	DFCF-66-001		1997-01-01		CHATEAU ROYAL				0	0	1		227
R	DFCF	DFCF-66-002		1997-01-01		FORT CARRE				0	0	1		227
R	DFCF	DFCF-66-003		1997-01-01		CHATEAU D'AUBIRY				0	0	1		227
R	DFCF	DFCF-66-004		1997-01-01		TOUR DE LA MADELOC				0	0	1		227
R	DFCF	DFCF-66-005		1997-01-01		FORT SAINT ELME				0	0	1		227
R	DFCF	DFCF-66-006		1997-01-01		FORT DUGOMMIER				0	0	1		227
R	DFCF	DFCF-66-007		1997-01-01		FORT MIRADOU				0	0	1		227
R	DFCF	DFCF-66-008		1997-01-01		CHATEAU VALMY				0	0	1		227
R	DFCF	DFCF-66-009		1997-01-01		CHATEAU DE CASTELNOU				0	0	1		227
R	DFCF	DFCF-66-010		1997-01-01		TOUR DE GUE DE CASTELNOU				0	0	1		227
R	DFCF	DFCF-66-011		1997-01-01		FORT ROND				0	0	1		227
R	DFCF	DFCF-66-012		1997-01-01		CHATEAU D'ULTRERA				0	0	1		227
R	DFCF	DFCF-66-013		1997-01-01		CHATEAU D'ESPARROU				0	0	1		227
R	DFCF	DFCF-66-014		1997-01-01		CHATEAU DE PUJOLS				0	0	1		227
R	DFCF	DFCF-66-015		1997-01-01		FORT DE BELLEGARDE				0	0	1		227
R	DFCF	DFCF-66-016		1997-01-01		CHATEAU DU VICOMTE DE TAXO				0	0	1		227
R	DFCF	DFCF-66-017		1997-01-01		CHATEAU ROUSILLON				0	0	1		227
R	DFCF	DFCF-66-018		1997-01-01		CHATEAU DE VICOMTAL				0	0	1		227
R	DFCF	DFCF-66-019		1997-01-01		FORT DE SALSES				0	0	1		227
R	DFCF	DFCF-66-020		1997-01-01		CHATEAU DE PERILLOS				0	0	1		227
R	DFCF	DFCF-66-021		1997-01-01		CHATEAU LA GRANGE				0	0	1		227
R	DFCF	DFCF-66-022		1997-01-01		CHATEAU REY				0	0	1		227
R	DFCF	DFCF-66-023		1997-01-01		CHATEAU CORNEILLA				0	0	1		227
R	DFCF	DFCF-66-024		1997-01-01		FORT FANAL				0	0	1		227
R	DFCF	DFCF-66-025		1997-01-01		FORT MAILLY				0	0	1		227
R	DFCF	DFCF-66-026		1997-01-01		CHATEAU DE MIRAFLORS BELLOCH				0	0	1		227
R	DFCF	DFCF-66-027		1997-01-01		CHATEAU BELLOCH				0	0	1		227
R	DFCF	DFCF-66-028		1997-01-01		CHATEAU DE MONTESQUIEU DES ALBERES				0	0	1		227
R	DFCF	DFCF-66-029		1997-01-01		CHATEAU DE SAINT MARTIN				0	0	1		227
R	DFCF	DFCF-66-030		1997-01-01		CHATEAU CORBERE				0	0	1		227
R	DFCF	DFCF-66-031		1997-01-01		TOUR DE PERABONA				0	0	1		227
R	DFCF	DFCF-66-032		1997-01-01		CHATEAU BOACA				0	0	1		227
R	DFCF	DFCF-66-033		1997-01-01		CHATEAU MOLITG				0	0	1		227
R	DFCF	DFCF-66-034		1997-01-01		CHATEAU VILLECLARE				0	0	1		227
R	DFCF	DFCF-66-035		1997-01-01		FORT LAGARDE				0	0	1		227
R	DFCF	DFCF-66-036		1997-01-01		CHATEAU PARES				0	0	1		227
R	DFCF	DFCF-66-037		1997-01-01		FORT DE LA MAURESQUE				0	0	1		227
R	DFCF	DFCF-66-038		1997-01-01		FORT DE LA GALLINE				0	0	1		227
R	DFCF	DFCF-66-039		1997-01-01		FORT LIBERIA				0	0	1		227
R	DFCF	DFCF-66-040		1997-01-01		TOUR DU DIABLE				0	0	1		227
R	DFCF	DFCF-66-041		1997-01-01		CHATEAU TORRENT				0	0	1		227
R	DFCF	DFCF-66-042		1997-01-01		TOUR DE MIR				0	0	1		227
R	DFCF	DFCF-66-043		1997-01-01		FORT DE LA TAUSSE				0	0	1		227
R	DFCF	DFCF-66-044		1997-01-01		TOURS DE CAROL				0	0	1		227
R	DFCF	DFCF-66-045		1997-01-01		CHATEAU DE CALADROY				0	0	1		227
R	DFCF	DFCF-66-049		1997-01-01		FORT BEAR				0	0	1		227
R	DFCF	DFCF-66-050		1997-01-01		LES TOURS DE CABRENQ				0	0	1		227
R	DFCF	DFCF-67-001		1997-01-01		CHATEAU DE ROHAN				0	0	1		227
R	DFCF	DFCF-67-002		1997-01-01		CHATEAU DU HAUTBARR				0	0	1		227
R	DFCF	DFCF-67-003		1997-01-01		CHATEAU DE FLECKENSTEIN				0	0	1		227
R	DFCF	DFCF-67-004		1997-01-01		CHATEAU DE FROESCHWILLER				0	0	1		227
R	DFCF	DFCF-67-005		1997-01-01		CHATEAU DU HAUT KOENIGSBOURG				0	0	1		227
R	DFCF	DFCF-67-006		1997-01-01		CHATEAU DE PLOBSHEIM				0	0	1		227
R	DFCF	DFCF-67-007		1997-01-01		FORT DE MUTZIG				0	0	1		227
R	DFCF	DFCF-67-008		1997-01-01		CHATEAU DE LUTZELBOURG				0	0	1		227
R	DFCF	DFCF-67-009		1997-01-01		CHATEAU DE RATHSAMHAUSEN				0	0	1		227
R	DFCF	DFCF-67-010		1997-01-01		FORT JOFFRE				0	0	1		227
R	DFCF	DFCF-67-011		1997-01-01		FORT UHRICH				0	0	1		227
R	DFCF	DFCF-67-012		1997-01-01		FORT FOCH				0	0	1		227
R	DFCF	DFCF-67-013		1997-01-01		FORT FRERE				0	0	1		227
R	DFCF	DFCF-67-014		1997-01-01		FORT DUCROT				0	0	1		227
R	DFCF	DFCF-67-015		1997-01-01		FORT DESAIX				0	0	1		227
R	DFCF	DFCF-67-016		1997-01-01		FORT RAPP				0	0	1		227
R	DFCF	DFCF-67-017		1997-01-01		FORT NEY				0	0	1		227
R	DFCF	DFCF-67-018		1997-01-01		FORT KLEBER				0	0	1		227
R	DFCF	DFCF-67-019		1997-01-01		FORT LEFEBVRE				0	0	1		227
R	DFCF	DFCF-67-020		1997-01-01		CHATEAU DE STRASBOURG				0	0	1		227
R	DFCF	DFCF-67-021		1997-01-01		CHATEAU LICHTENBERG				0	0	1		227
R	DFCF	DFCF-67-022		1997-01-01		FORT DU FOUR A CHAUX				0	0	1		227
R	DFCF	DFCF-67-023		1997-01-01		FORT DU PETIT LEMBACH				0	0	1		227
R	DFCF	DFCF-67-024		1997-01-01		FORT DE SCHOENENBOURG				0	0	1		227
R	DFCF	DFCF-67-025		1997-01-01		FORT DU HOCHWALD				0	0	1		227
R	DFCF	DFCF-67-026		1997-01-01		CHATEAU DE MITTELHAUSEN				0	0	1		227
R	DFCF	DFCF-67-027		1997-01-01		CHATEAU DE GEROLDSECK				0	0	1		227
R	DFCF	DFCF-67-028		1997-01-01		CHATEAU DE WOERTH				0	0	1		227
R	DFCF	DFCF-67-029		1997-01-01		CHATEAU SAINT PAUL				0	0	1		227
R	DFCF	DFCF-67-030		1997-01-01		CHATEAU DU GEISBERG				0	0	1		227
R	DFCF	DFCF-67-031		1997-01-01		FORT SAINT REMI				0	0	1		227
R	DFCF	DFCF-67-032		1997-01-01		CHATEAU DU PETITARNSBOURG				0	0	1		227
R	DFCF	DFCF-67-033		1997-01-01		CHATEAU DU WINDSTEIN				0	0	1		227
R	DFCF	DFCF-67-034		1997-01-01		CHATEAU NEUF				0	0	1		227
R	DFCF	DFCF-67-035		1997-01-01		CHATEAU DU WINECK				0	0	1		227
R	DFCF	DFCF-67-036		1997-01-01		CHATEAU DU SCHOENECK				0	0	1		227
R	DFCF	DFCF-67-037		1997-01-01		CHATEAU DU WASIGENSTEIN				0	0	1		227
R	DFCF	DFCF-67-038		1997-01-01		CHATEAU DE L'ILE				0	0	1		227
R	DFCF	DFCF-67-039		1997-01-01		CHATEAU DE LUTZELHARDT				0	0	1		227
R	DFCF	DFCF-67-040		1997-01-01		CHATEAU DE HOHENBOURG				0	0	1		227
R	DFCF	DFCF-67-041		1997-01-01		CHATEAU DU LOEWENSTEIN				0	0	1		227
R	DFCF	DFCF-67-042		1997-01-01		CHATEAU DE FROENSBOURG				0	0	1		227
R	DFCF	DFCF-67-043		1997-01-01		CHATEAU DE WASENBOURG				0	0	1		227
R	DFCF	DFCF-67-044		1997-01-01		CHATEAU DU WITTSCHLOESSEL				0	0	1		227
R	DFCF	DFCF-67-045		1997-01-01		CHATEAU DU GRANDARNSBOURG				0	0	1		227
R	DFCF	DFCF-67-046		1997-01-01		CHATEAU DE LA VERRERIE				0	0	1		227
R	DFCF	DFCF-67-047		1997-01-01		CHATEAU DE GOERSDORF				0	0	1		227
R	DFCF	DFCF-67-048		1997-01-01		CHATEAU DE HOHENFELS				0	0	1		227
R	DFCF	DFCF-67-049		1997-01-01		CHATEAU DE REICHSHOFFEN				0	0	1		227
R	DFCF	DFCF-67-050		1997-01-01		CHATEAU DE SPESBOURG				0	0	1		227
R	DFCF	DFCF-67-051		1997-01-01		CHATEAU D'ERNOLSHEIM SUR BRUCHE				0	0	1		227
R	DFCF	DFCF-67-052		1997-01-01		CHATEAU DE DIETRICH				0	0	1		227
R	DFCF	DFCF-67-053		1997-01-01		CHATEAU D'ACHENHEIM				0	0	1		227
R	DFCF	DFCF-67-054		1997-01-01		CHATEAU DE HONCOURT				0	0	1		227
R	DFCF	DFCF-67-055		1997-01-01		FORT DE MARCKOLSHEIM				0	0	1		227
R	DFCF	DFCF-67-056		1997-01-01		CHATEAU DU GRIFFON				0	0	1		227
R	DFCF	DFCF-67-057		1997-01-01		FORT DE HATTEN				0	0	1		227
R	DFCF	DFCF-68-001		1997-01-01		CHATEAU DE HOHLANDSBOURG				0	0	1		227
R	DFCF	DFCF-68-002		1997-01-01		CHATEAU DE FERRETTE				0	0	1		227
R	DFCF	DFCF-68-003		1997-01-01		CHATEAU EGUISHEM				0	0	1		227
R	DFCF	DFCF-68-004		1997-01-01		CHATEAU DE HEIDWILLER				0	0	1		227
R	DFCF	DFCF-68-005		1997-01-01		CHATEAU DE HIRTZBACH				0	0	1		227
R	DFCF	DFCF-68-006		1997-01-01		CHATEAU DU MORIMONT				0	0	1		227
R	DFCF	DFCF-68-007		1997-01-01		CHATEAU DU LANDSKRON				0	0	1		227
R	DFCF	DFCF-68-008		1997-01-01		CHATEAU DE LIEBENSTEIN				0	0	1		227
R	DFCF	DFCF-68-009		1997-01-01		CHATEAU DE BIAN				0	0	1		227
R	DFCF	DFCF-68-010		1997-01-01		CHATEAU HAGENTHAL LE HAUT				0	0	1		227
R	DFCF	DFCF-68-011		1997-01-01		CHATEAU HAGENTHAL LE BAS				0	0	1		227
R	DFCF	DFCF-68-012		1997-01-01		CHATEAU D'ISSENBOURG				0	0	1		227
R	DFCF	DFCF-68-013		1997-01-01		CHATEAU DU WAGENBOURG				0	0	1		227
R	DFCF	DFCF-68-014		1997-01-01		FORT VAUBAN				0	0	1		227
R	DFCF	DFCF-68-015		1997-01-01		CHATEAU SONNENBERG				0	0	1		227
R	DFCF	DFCF-68-016		1997-01-01		CHATEAU HIRTZENSTEIN				0	0	1		227
R	DFCF	DFCF-68-017		1997-01-01		CHATEAU DE HORBOURG				0	0	1		227
R	DFCF	DFCF-68-018		1997-01-01		CHATEAU DE WINECK				0	0	1		227
R	DFCF	DFCF-68-019		1997-01-01		CHATEAU DE BUTTENHEIM				0	0	1		227
R	DFCF	DFCF-68-020		1997-01-01		CHATEAU DE HOMBOURG				0	0	1		227
R	DFCF	DFCF-68-021		1997-01-01		CHATEAU DE OLLWILLER				0	0	1		227
R	DFCF	DFCF-68-022		1997-01-01		CHATEAU DE HARTMANNSWILLER				0	0	1		227
R	DFCF	DFCF-68-023		1997-01-01		CHATEAU DE HUGSTEIM				0	0	1		227
R	DFCF	DFCF-68-024		1997-01-01		CHATEAU DE RIQUEWIHR				0	0	1		227
R	DFCF	DFCF-68-025		1997-01-01		CHATEAU DE WILDENSTEIN				0	0	1		227
R	DFCF	DFCF-68-026		1997-01-01		CHATEAU GUTEMBOURG				0	0	1		227
R	DFCF	DFCF-68-027		1997-01-01		CHATEAU DU BUCHENECK				0	0	1		227
R	DFCF	DFCF-68-028		1997-01-01		CHATEAU DE PFLIXBOURG				0	0	1		227
R	DFCF	DFCF-68-029		1997-01-01		CHATEAU DE SAINT ULRICH				0	0	1		227
R	DFCF	DFCF-68-030		1997-01-01		CHATEAU DE L'ENGELBOURG				0	0	1		227
R	DFCF	DFCF-68-031		1997-01-01		CHATEAU DE FREUNDSTEIN				0	0	1		227
R	DFCF	DFCF-68-032		1997-01-01		FORT MORTIER				0	0	1		227
R	DFCF	DFCF-68-033		1997-01-01		CHATEAU DE HAGUENECK				0	0	1		227
R	DFCF	DFCF-68-034		1997-01-01		CHATEAU DU GIERSBERG				0	0	1		227
R	DFCF	DFCF-68-035		1997-01-01		CHATEAU DU HONHACK				0	0	1		227
R	DFCF	DFCF-68-036		1997-01-01		CHATEAU DU HERRENFLUEH				0	0	1		227
R	DFCF	DFCF-68-037		1997-01-01		CHATEAU DE BOLLWILLER				0	0	1		227
R	DFCF	DFCF-68-038		1997-01-01		CHATEAU D'ANTHES				0	0	1		227
R	DFCF	DFCF-68-039		1997-01-01		CHATEAU D'ORSCHWIHR				0	0	1		227
R	DFCF	DFCF-68-040		1997-01-01		CHATEAU DE STAFFELFELDEN				0	0	1		227
R	DFCF	DFCF-68-041		1997-01-01		CHATEAU DE KAYSERSBERG				0	0	1		227
R	DFCF	DFCF-68-042		1997-01-01		CHATEAU DU HAUT RIBEAUPIERRE				0	0	1		227
R	DFCF	DFCF-68-043		1997-01-01		CHATEAU DE STROHBOURG				0	0	1		227
R	DFCF	DFCF-68-044		1997-01-01		CHATEAU DU SCHRANKENFELS				0	0	1		227
R	DFCF	DFCF-68-045		1997-01-01		CHATEAU DU HANECK				0	0	1		227
R	DFCF	DFCF-68-046		1997-01-01		TOUR DES SORCIERES				0	0	1		227
R	DFCF	DFCF-68-047		1997-01-01		TOUR DES CIGOGNES				0	0	1		227
R	DFCF	DFCF-68-048		1997-01-01		CHATEAU DE NEUENBOURG				0	0	1		227
R	DFCF	DFCF-68-049		1997-01-01		CHATEAU DU BURGSTALL				0	0	1		227
R	DFCF	DFCF-68-050		1997-01-01		CHATEAU DE HUNGERSTEIN				0	0	1		227
R	DFCF	DFCF-68-051		1997-01-01		CHATEAU DE LA PRAIRIE				0	0	1		227
R	DFCF	DFCF-68-052		1997-01-01		CHATEAU BAUDRY				0	0	1		227
R	DFCF	DFCF-68-053		1997-01-01		CHATEAU DE GOHR				0	0	1		227
R	DFCF	DFCF-68-054		1997-01-01		CHATEAU SAINT LEON				0	0	1		227
R	DFCF	DFCF-68-055		1997-01-01		CHATEAU D'HUSSEREN WESSERLING				0	0	1		227
R	DFCF	DFCF-68-056		1997-01-01		CHATEAU DU STOERENBOURG				0	0	1		227
R	DFCF	DFCF-68-057		1997-01-01		CHATEAU DE BLOTZHEIM				0	0	1		227
R	DFCF	DFCF-68-058		1997-01-01		CHATEAU DE FRIEBERG				0	0	1		227
R	DFCF	DFCF-68-059		1997-01-01		CHATEAU DE MARSILLY				0	0	1		227
R	DFCF	DFCF-68-060		1997-01-01		CHATEAU DE SCHLESSLE				0	0	1		227
R	DFCF	DFCF-68-061		1997-01-01		CHATEAU DE NAMBSHEIM				0	0	1		227
R	DFCF	DFCF-68-062		1997-01-01		CHATEAU DES COMTES DE MONTJOIE				0	0	1		227
R	DFCF	DFCF-68-063		1997-01-01		CHATEAU D'ISSENHEIM				0	0	1		227
R	DFCF	DFCF-68-064		1997-01-01		CHATEAU DES ZURHEIN				0	0	1		227
R	DFCF	DFCF-68-065		1997-01-01		CHATEAU D'ALTKIRSCH				0	0	1		227
R	DFCF	DFCF-68-066		1997-01-01		CHATEAU DU REICHENBERG				0	0	1		227
R	DFCF	DFCF-68-067		1997-01-01		CHATEAU DE BERGHEIM				0	0	1		227
R	DFCF	DFCF-68-068		1997-01-01		CHATEAU DU RINGELSTEIN				0	0	1		227
R	DFCF	DFCF-68-069		1997-01-01		CHATEAU D'HERRLISHEIM				0	0	1		227
R	DFCF	DFCF-68-O72		1997-01-01		CHATEAU DU HOHRUPF				0	0	1		227
R	DFCF	DFCF-69-001		1997-01-01		CHATEAU DE LAFAY				0	0	1		227
R	DFCF	DFCF-69-002		1997-01-01		CHATEAU DE BAGNOLS				0	0	1		227
R	DFCF	DFCF-69-003		1997-01-01		CHATEAU DE LETRETTE				0	0	1		227
R	DFCF	DFCF-69-004		1997-01-01		CHATEAU DES GRANGES				0	0	1		227
R	DFCF	DFCF-69-005		1997-01-01		CHATEAU DE RAPETOUR				0	0	1		227
R	DFCF	DFCF-69-006		1997-01-01		CHATEAU DE ROCHEBONNE				0	0	1		227
R	DFCF	DFCF-69-007		1997-01-01		CHATEAU DE JOUX				0	0	1		227
R	DFCF	DFCF-69-008		1997-01-01		CHATEAU DE PRONY				0	0	1		227
R	DFCF	DFCF-69-009		1997-01-01		CHATEAU DE LA FLACHERE				0	0	1		227
R	DFCF	DFCF-69-010		1997-01-01		CHATEAU DE CHESSY				0	0	1		227
R	DFCF	DFCF-69-011		1997-01-01		CHATEAU DE MONCET				0	0	1		227
R	DFCF	DFCF-69-012		1997-01-01		CHATEAU DE CHALAMONT				0	0	1		227
R	DFCF	DFCF-69-013		1997-01-01		CHATEAU DE LA BUSSIERE				0	0	1		227
R	DFCF	DFCF-69-014		1997-01-01		CHATEAU DE COURBEVILLE				0	0	1		227
R	DFCF	DFCF-69-015		1997-01-01		CHATEAU DE CHANZE				0	0	1		227
R	DFCF	DFCF-69-016		1997-01-01		CHATEAU D'AVAUGE				0	0	1		227
R	DFCF	DFCF-69-017		1997-01-01		CHATEAU DE RONZIERES				0	0	1		227
R	DFCF	DFCF-69-018		1997-01-01		CHATEAU DE JARNIOUX				0	0	1		227
R	DFCF	DFCF-69-019		1997-01-01		CHATEAU DE LA GARDE				0	0	1		227
R	DFCF	DFCF-69-020		1997-01-01		CHATEAU MONTELU				0	0	1		227
R	DFCF	DFCF-69-021		1997-01-01		CHATEAU LA PLATIERE				0	0	1		227
R	DFCF	DFCF-69-022		1997-01-01		CHATEAU DE CRUIX				0	0	1		227
R	DFCF	DFCF-69-023		1997-01-01		CHATEAU DE BULLY				0	0	1		227
R	DFCF	DFCF-69-024		1997-01-01		CHATEAU D'ANSE				0	0	1		227
R	DFCF	DFCF-69-025		1997-01-01		CHATEAU SAINT GEORGES				0	0	1		227
R	DFCF	DFCF-69-026		1997-01-01		CHATEAU DE VALLIERES				0	0	1		227
R	DFCF	DFCF-69-027		1997-01-01		CHATEAU MORZET				0	0	1		227
R	DFCF	DFCF-69-028		1997-01-01		CHATEAU DE CHERVINGUES				0	0	1		227
R	DFCF	DFCF-69-029		1997-01-01		CHATEAU DE L'ECLAIR				0	0	1		227
R	DFCF	DFCF-69-030		1997-01-01		CHATEAU DES PINS				0	0	1		227
R	DFCF	DFCF-69-031		1997-01-01		CHATEAU D'OINGT				0	0	1		227
R	DFCF	DFCF-69-032		1997-01-01		CHATEAU DE LACHASSAGNE				0	0	1		227
R	DFCF	DFCF-69-033		1997-01-01		CHATEAU DE VAURENARD				0	0	1		227
R	DFCF	DFCF-69-034		1997-01-01		CHATEAU MORANCE				0	0	1		227
R	DFCF	DFCF-69-035		1997-01-01		CHATEAU MONTMELAS				0	0	1		227
R	DFCF	DFCF-69-036		1997-01-01		CHATEAU DU BUISSON				0	0	1		227
R	DFCF	DFCF-69-037		1997-01-01		CHATEAU DE CORCELLES				0	0	1		227
R	DFCF	DFCF-69-038		1997-01-01		CHATEAU CAILLOUX				0	0	1		227
R	DFCF	DFCF-69-039		1997-01-01		FORT DE BRON				0	0	1		227
R	DFCF	DFCF-69-040		1997-01-01		CHATEAU DE SAINT FONDS				0	0	1		227
R	DFCF	DFCF-69-041		1997-01-01		CHATEAU DE PIZAY				0	0	1		227
R	DFCF	DFCF-69-042		1997-01-01		CHATEAU DE COLOMBIER				0	0	1		227
R	DFCF	DFCF-69-043		1997-01-01		CHATEAU DU BOST				0	0	1		227
R	DFCF	DFCF-69-044		1997-01-01		CHATEAU DE GRIGNY				0	0	1		227
R	DFCF	DFCF-69-045		1997-01-01		CHATEAU DE LA TERRIERE				0	0	1		227
R	DFCF	DFCF-69-046		1997-01-01		CHATEAU DE CHARMES				0	0	1		227
R	DFCF	DFCF-69-047		1997-01-01		CHATEAU DU SOU				0	0	1		227
R	DFCF	DFCF-69-048		1997-01-01		CHATEAU DE ROCHEFORT				0	0	1		227
R	DFCF	DFCF-69-049		1997-01-01		CHATEAU DE LONGSARD				0	0	1		227
R	DFCF	DFCF-69-060		1997-01-01		CHATEAU DE LA PALUD				0	0	1		227
R	DFCF	DFCF-69-062		1997-01-01		CHÂTEAU DE MONTLYS				0	0	1		227
R	DFCF	DFCF-69-063		1997-01-01		CHATEAU DU BLUIZARD				0	0	1		227
R	DFCF	DFCF-69-064		1997-01-01		CHATEAU DE BEAUREGARD ST GENIS LAVAL				0	0	1		227
R	DFCF	DFCF-70-001		1997-01-01		CHATEAU DE GRAY				0	0	1		227
R	DFCF	DFCF-70-002		1997-01-01		CHATEAU DE CHAMPLITTE				0	0	1		227
R	DFCF	DFCF-70-003		1997-01-01		CHATEAU DE ST LOUP NANTOUARD				0	0	1		227
R	DFCF	DFCF-70-004		1997-01-01		CHATEAU DE CORNEUX				0	0	1		227
R	DFCF	DFCF-70-005		1997-01-01		CHATEAU DE OYRIERES				0	0	1		227
R	DFCF	DFCF-70-006		1997-01-01		CHATEAU DE NANTILLY				0	0	1		227
R	DFCF	DFCF-70-007		1997-01-01		CHATEAU RIGNY				0	0	1		227
R	DFCF	DFCF-70-008		1997-01-01		CHATEAU GY				0	0	1		227
R	DFCF	DFCF-70-009		1997-01-01		CHATEAU PESMES				0	0	1		227
R	DFCF	DFCF-70-010		1997-01-01		CHATEAU CUGNEY				0	0	1		227
R	DFCF	DFCF-70-011		1997-01-01		CHATEAU DE VILLERSEXEL				0	0	1		227
R	DFCF	DFCF-70-012		1997-01-01		CHATEAU DE FONDREMANT				0	0	1		227
R	DFCF	DFCF-70-013		1997-01-01		CHATEAU DE FRASNE				0	0	1		227
R	DFCF	DFCF-70-014		1997-01-01		CHATEAU SORANS				0	0	1		227
R	DFCF	DFCF-70-015		1997-01-01		CHATEAU MALANS				0	0	1		227
R	DFCF	DFCF-70-016		1997-01-01		FORT DU MONT VAUDOIS				0	0	1		227
R	DFCF	DFCF-71-001		1997-01-01		CHATEAU DE CHASSY				0	0	1		227
R	DFCF	DFCF-71-002		1997-01-01		CHATEAU DE CLESSY				0	0	1		227
R	DFCF	DFCF-71-003		1997-01-01		CHATEAU PORTIER				0	0	1		227
R	DFCF	DFCF-71-004		1997-01-01		CHATEAU DU MOULIN A VENT				0	0	1		227
R	DFCF	DFCF-71-005		1997-01-01		CHATEAU DESJACQUES				0	0	1		227
R	DFCF	DFCF-71-006		1997-01-01		CHATEAU D'ARCY				0	0	1		227
R	DFCF	DFCF-71-007		1997-01-01		CHATEAU DE JONCY				0	0	1		227
R	DFCF	DFCF-71-008		1997-01-01		CHATEAU DE CORMATIN				0	0	1		227
R	DFCF	DFCF-71-009		1997-01-01		CHATEAU LAFERTE				0	0	1		227
R	DFCF	DFCF-71-010		1997-01-01		CHATEAU LA MOTTE SAINT JEAN				0	0	1		227
R	DFCF	DFCF-71-011		1997-01-01		CHATEAU DE CHIZEUIL				0	0	1		227
R	DFCF	DFCF-71-012		1997-01-01		CHATEAU DE SAINT AUBIN SUR LOIRE				0	0	1		227
R	DFCF	DFCF-71-013		1997-01-01		CHATEAU DE DREE				0	0	1		227
R	DFCF	DFCF-71-014		1997-01-01		CHATEAU FAULES				0	0	1		227
R	DFCF	DFCF-71-015		1997-01-01		VIEUX CHATEAU DE VIGNY				0	0	1		227
R	DFCF	DFCF-71-016		1997-01-01		CHATEAU DE DIGOINE				0	0	1		227
R	DFCF	DFCF-71-017		1997-01-01		CHATEAU LE PLESSIS				0	0	1		227
R	DFCF	DFCF-71-018		1997-01-01		CHATEAU FOURRIER				0	0	1		227
R	DFCF	DFCF-71-019		1997-01-01		CHATEAU D'AUX				0	0	1		227
R	DFCF	DFCF-71-020		1997-01-01		CHATEAU DE VESVRE				0	0	1		227
R	DFCF	DFCF-71-021		1997-01-01		CHATEAU DURTAL				0	0	1		227
R	DFCF	DFCF-71-022		1997-01-01		CHATEAU DE JOUDES				0	0	1		227
R	DFCF	DFCF-71-023		1997-01-01		CHATEAU DE SAINT SULPICE				0	0	1		227
R	DFCF	DFCF-71-024		1997-01-01		CHATEAU DE BEAUREPAIRE EN BRESSE				0	0	1		227
R	DFCF	DFCF-71-026		1997-01-01		CHATEAU DE CLESSE				0	0	1		227
R	DFCF	DFCF-71-027		1997-01-01		CHATEAU CHAUFFAILLES				0	0	1		227
R	DFCF	DFCF-71-028		1997-01-01		CHATEAU DE VAUX SOUS TARGES				0	0	1		227
R	DFCF	DFCF-71-029		1997-01-01		CHATEAU DECHLETTE				0	0	1		227
R	DFCF	DFCF-71-030		1997-01-01		CHATEAU DU LAC				0	0	1		227
R	DFCF	DFCF-71-031		1997-01-01		CHATEAU DE CHEVENIZET				0	0	1		227
R	DFCF	DFCF-71-032		1997-01-01		CHATEAU DE PONTAMAILLY				0	0	1		227
R	DFCF	DFCF-71-033		1997-01-01		CHATEAU DE VARENNE ST GERMAIN				0	0	1		227
R	DFCF	DFCF-71-034		1997-01-01		CHATEAU DE BECHERON				0	0	1		227
R	DFCF	DFCF-71-035		1997-01-01		CHATEAU DE LUGNY				0	0	1		227
R	DFCF	DFCF-71-036		1997-01-01		CHATEAU DE VASSY				0	0	1		227
R	DFCF	DFCF-71-037		1997-01-01		CHATEAU DU HAUT PRECY				0	0	1		227
R	DFCF	DFCF-71-038		1997-01-01		CHATEAU LA CHASSAGNE				0	0	1		227
R	DFCF	DFCF-71-039		1997-01-01		CHATEAU LE MARTRET				0	0	1		227
R	DFCF	DFCF-71-040		1997-01-01		CHATEAU DE PIERRE DE BRESSE				0	0	1		227
R	DFCF	DFCF-71-041		1997-01-01		CHATEAU GOYON				0	0	1		227
R	DFCF	DFCF-71-042		1997-01-01		CHATEAU DE L'EPERVIERE				0	0	1		227
R	DFCF	DFCF-71-043		1997-01-01		CHATEAU DE MAIZIERE				0	0	1		227
R	DFCF	DFCF-71-044		1997-01-01		CHATEAU CATEAU DE TERRANS				0	0	1		227
R	DFCF	DFCF-71-045		1997-01-01		CHATEAU DE SAINTGERMAIN				0	0	1		227
R	DFCF	DFCF-71-046		1997-01-01		CHATEAU D'AUDOUR				0	0	1		227
R	DFCF	DFCF-71-047		1997-01-01		CHATEAU DES ESMYARDS				0	0	1		227
R	DFCF	DFCF-71-050		1997-01-01		CHÂTEAU DE REUILLE				0	0	1		227
R	DFCF	DFCF-71-053		1997-01-01		CHATEAU D E CHARDENOUX				0	0	1		227
R	DFCF	DFCF-71-056		1997-01-01		CHATEAU DE MONTCONY				0	0	1		227
R	DFCF	DFCF-71-058		1997-01-01		CHATEAU BRANDON				0	0	1		227
R	DFCF	DFCF-71-059		1997-01-01		CHATEAU DU BAS VINCELLES				0	0	1		227
R	DFCF	DFCF-71-060		1997-01-01		CHATEAU DE VARENNES				0	0	1		227
R	DFCF	DFCF-71-061		1997-01-01		CHATEAU DE LAYS SUR LE DOUBS				0	0	1		227
R	DFCF	DFCF-71-063		1997-01-01		CHATEAU DE LOISY				0	0	1		227
R	DFCF	DFCF-71-064		1997-01-01		CHATEAU DE CUISERY				0	0	1		227
R	DFCF	DFCF-71-065		1997-01-01		CHATEAU DE MONTREVAULT				0	0	1		227
R	DFCF	DFCF-71-066		1997-01-01		CHATEAU DE LA TOUR ROUGE				0	0	1		227
R	DFCF	DFCF-71-067		1997-01-01		CHATEAU DE CORCELLE				0	0	1		227
R	DFCF	DFCF-71-068		1997-01-01		MANOIR LA ROUELLE				0	0	1		227
R	DFCF	DFCF-71-069		1997-01-01		CHATEAU DES MOULINS DE BRANGES				0	0	1		227
R	DFCF	DFCF-71-070		1997-01-01		CHATEAU DE CHARNAY				0	0	1		227
R	DFCF	DFCF-71-071		1997-01-01		MANOIR DE VISARGENT				0	0	1		227
R	DFCF	DFCF-71-072		1997-01-01		CHATEAU RUFFEY				0	0	1		227
R	DFCF	DFCF-72-001		1997-01-01		CHATEAU DU LUDE				0	0	1		227
R	DFCF	DFCF-72-002		1997-01-01		CHATEAU DE VERDELLES				0	0	1		227
R	DFCF	DFCF-72-003		1997-01-01		CHATEAU DE LA HAUTE PORTE				0	0	1		227
R	DFCF	DFCF-72-004		1997-01-01		CHATEAU SABLE SUR SARTHE				0	0	1		227
R	DFCF	DFCF-72-005		1997-01-01		CHATEAU LA ROCHE TALBOT				0	0	1		227
R	DFCF	DFCF-72-006		1997-01-01		CHATEAU DE PANNET				0	0	1		227
R	DFCF	DFCF-72-007		1997-01-01		CHATEAU DE LA FERTE BERNARD				0	0	1		227
R	DFCF	DFCF-72-008		1997-01-01		CHATEAU SAINT JULIEN				0	0	1		227
R	DFCF	DFCF-72-009		1997-01-01		CHATEAU DU VAL				0	0	1		227
R	DFCF	DFCF-72-010		1997-01-01		CHATEAU DE DEHAULT				0	0	1		227
R	DFCF	DFCF-72-011		1997-01-01		CHATEAU DE BRISSON				0	0	1		227
R	DFCF	DFCF-72-012		1997-01-01		CHATEAU DE MONTFORT LE GESNOIS				0	0	1		227
R	DFCF	DFCF-72-013		1997-01-01		CHATEAU D'ARDENAY				0	0	1		227
R	DFCF	DFCF-72-014		1997-01-01		CHATEAU DE LORESSE				0	0	1		227
R	DFCF	DFCF-72-015		1997-01-01		CHATEAU DE SAINT MARS LA BRIERE				0	0	1		227
R	DFCF	DFCF-72-016		1997-01-01		CHATEAU BOIS DOUBLE				0	0	1		227
R	DFCF	DFCF-72-017		1997-01-01		CHATEAU DE PASSAY				0	0	1		227
R	DFCF	DFCF-72-018		1997-01-01		CHATEAU DE LA BONDONNIERE				0	0	1		227
R	DFCF	DFCF-72-019		1997-01-01		CHATEAU DE LA BOUVRIE				0	0	1		227
R	DFCF	DFCF-72-020		1997-01-01		CHATEAU BOISRIER				0	0	1		227
R	DFCF	DFCF-72-021		1997-01-01		CHATEAU LES GRANDES LANDES				0	0	1		227
R	DFCF	DFCF-72-022		1997-01-01		CHATEAU LA PERRIGNE				0	0	1		227
R	DFCF	DFCF-72-023		1997-01-01		CHATEAU DE TOUVOIS				0	0	1		227
R	DFCF	DFCF-72-024		1997-01-01		CHATEAU DE BONNETABLE				0	0	1		227
R	DFCF	DFCF-72-025		1997-01-01		CHATEAU DE COURVALIN				0	0	1		227
R	DFCF	DFCF-72-026		1997-01-01		CHATEAU BRUSSON				0	0	1		227
R	DFCF	DFCF-72-027		1997-01-01		CHATEAU DE PESCHERAY				0	0	1		227
R	DFCF	DFCF-72-028		1997-01-01		CHATEAU COULEON				0	0	1		227
R	DFCF	DFCF-72-029		1997-01-01		CHATEAU LA GRANDE MAISON				0	0	1		227
R	DFCF	DFCF-72-030		1997-01-01		CHATEAU BRESTEAU				0	0	1		227
R	DFCF	DFCF-72-031		1997-01-01		CHATEAU DE VAUX				0	0	1		227
R	DFCF	DFCF-72-032		1997-01-01		CHATEAU DE LA RAGOTTERIE				0	0	1		227
R	DFCF	DFCF-72-033		1997-01-01		CHATEAU DU LUART				0	0	1		227
R	DFCF	DFCF-72-034		1997-01-01		CHATEAU LA BUZARDIERE				0	0	1		227
R	DFCF	DFCF-72-035		1997-01-01		CHATEAU LES ARCHES				0	0	1		227
R	DFCF	DFCF-72-036		1997-01-01		CHATEAU DE COGNERS				0	0	1		227
R	DFCF	DFCF-72-037		1997-01-01		CHATEAU DE CHERONNE				0	0	1		227
R	DFCF	DFCF-72-038		1997-01-01		CHATEAU LAUNAY				0	0	1		227
R	DFCF	DFCF-72-039		1997-01-01		CHATEAU DE BEAUMONT-SUR-SARTHE				0	0	1		227
R	DFCF	DFCF-72-040		1997-01-01		CHATEAU LE MESNIL  DE SAVIGNY				0	0	1		227
R	DFCF	DFCF-72-041		1997-01-01		CHATEAU MORTRIE				0	0	1		227
R	DFCF	DFCF-72-042		1997-01-01		CHATEAU DU MORTIER				0	0	1		227
R	DFCF	DFCF-72-043		1997-01-01		CHATEAU DE THORIGNE SUR DUE				0	0	1		227
R	DFCF	DFCF-72-044		1997-01-01		CHATEAU LE PARC 3				0	0	1		227
R	DFCF	DFCF-72-045		1997-01-01		CHATEAU LA COUDRAIE				0	0	1		227
R	DFCF	DFCF-72-046		1997-01-01		CHATEAU DE LA PAILLERIE				0	0	1		227
R	DFCF	DFCF-72-047		1997-01-01		CHATEAU DE BOULOIRE				0	0	1		227
R	DFCF	DFCF-72-048		1997-01-01		CHATEAU LA VAUDERE				0	0	1		227
R	DFCF	DFCF-72-049		1997-01-01		CHATEAU D’AUVOURS				0	0	1		227
R	DFCF	DFCF-72-050		1997-01-01		CHATEAU LA TRIBOUILLERE				0	0	1		227
R	DFCF	DFCF-72-051		1997-01-01		CHATEAU MONTHEARD				0	0	1		227
R	DFCF	DFCF-72-052		1997-01-01		CHATEAU DE LA BLANCHARDERIE				0	0	1		227
R	DFCF	DFCF-72-053		1997-01-01		CHATEAU LE CHESNAY				0	0	1		227
R	DFCF	DFCF-72-054		1997-01-01		CHATEAU DU HAUT BOIS				0	0	1		227
R	DFCF	DFCF-72-055		1997-01-01		CHATEAU DE LA CHESNAIE				0	0	1		227
R	DFCF	DFCF-72-056		1997-01-01		CHATEAU DE LASSAY				0	0	1		227
R	DFCF	DFCF-72-057		1997-01-01		CHATEAU DE SAINT PAUL				0	0	1		227
R	DFCF	DFCF-72-058		1997-01-01		CHATEAU DE LA COUTURE				0	0	1		227
R	DFCF	DFCF-72-059		1997-01-01		CHATEAU DE MONTBRAYE				0	0	1		227
R	DFCF	DFCF-72-060		1997-01-01		CHATEAU LE COUDEREAU				0	0	1		227
R	DFCF	DFCF-72-061		1997-01-01		CHATEAU DE MONDRAGON				0	0	1		227
R	DFCF	DFCF-72-062		1997-01-01		CHATEAU DE LA PIERRE				0	0	1		227
R	DFCF	DFCF-72-063		1997-01-01		CHATEAU LE GUE LONG				0	0	1		227
R	DFCF	DFCF-72-064		1997-01-01		CHATEAU DE SEMUR EN VALLON				0	0	1		227
R	DFCF	DFCF-72-065		1997-01-01		CHATEAU DE SAINT AIGNAN				0	0	1		227
R	DFCF	DFCF-72-066		1997-01-01		CHATEAU LA TESTIERE				0	0	1		227
R	DFCF	DFCF-72-067		1997-01-01		CHATEAU DE CORBUON				0	0	1		227
R	DFCF	DFCF-72-068		1997-01-01		CHATEAU DE LA FRESLONNIERE				0	0	1		227
R	DFCF	DFCF-72-069		1997-01-01		CHATEAU DE BEAUCHAMPS				0	0	1		227
R	DFCF	DFCF-72-070		1997-01-01		CHATEAU LE CHESNAY				0	0	1		227
R	DFCF	DFCF-72-071		1997-01-01		CHATEAU DE BOUGEANCE				0	0	1		227
R	DFCF	DFCF-72-072		1997-01-01		CHATEAU DES LOGES				0	0	1		227
R	DFCF	DFCF-72-073		1997-01-01		CHATEAU DE COURCIVAL				0	0	1		227
R	DFCF	DFCF-72-074		1997-01-01		CHATEAU HAUT ECLAIR				0	0	1		227
R	DFCF	DFCF-72-075		1997-01-01		CHATEAU BALLON				0	0	1		227
R	DFCF	DFCF-72-076		1997-01-01		CHATEAU BLANDAN				0	0	1		227
R	DFCF	DFCF-72-077		1997-01-01		CHATEAU LOIRAY				0	0	1		227
R	DFCF	DFCF-72-078		1997-01-01		CHATEAU LA GOUPILLIERE				0	0	1		227
R	DFCF	DFCF-72-079		1997-01-01		CHATEAU GROS CHESNAY				0	0	1		227
R	DFCF	DFCF-72-080		1997-01-01		CHATEAU LA CROIX BOISEE				0	0	1		227
R	DFCF	DFCF-72-081		1997-01-01		MANOIR DE LA FUTAIE				0	0	1		227
R	DFCF	DFCF-72-082		1997-01-01		CHÂTEAU DE BEZONNAIS				0	0	1		227
R	DFCF	DFCF-72-083		1997-01-01		CHATEAU DE LA COUETTERIE				0	0	1		227
R	DFCF	DFCF-72-084		1997-01-01		TOUR DU VIEUX CHATEAU DE BEAUMONT				0	0	1		227
R	DFCF	DFCF-72-085		1997-01-01		CHATEAU LE PETIT PERRAY				0	0	1		227
R	DFCF	DFCF-72-086		1997-01-01		CHATEAU MONTERTREAU				0	0	1		227
R	DFCF	DFCF-72-087		1997-01-01		CHATEAU DES CARMES				0	0	1		227
R	DFCF	DFCF-72-088		1997-01-01		PALAIS EPISCOPAL  DU GRABATOIRE				0	0	1		227
R	DFCF	DFCF-73-001		1997-01-01		CHATEAU DE MIOLANS				0	0	1		227
R	DFCF	DFCF-73-002		1997-01-01		CHATEAU DE LA BATIE SEYSELLE				0	0	1		227
R	DFCF	DFCF-73-003		1997-01-01		FORT DE TAMIE				0	0	1		227
R	DFCF	DFCF-73-004		1997-01-01		CHATEAU DE BEAUREGARD				0	0	1		227
R	DFCF	DFCF-73-005		1997-01-01		CHATEAU DE COMBEFORT				0	0	1		227
R	DFCF	DFCF-73-006		1997-01-01		CHATEAU DE MONTCHABOD				0	0	1		227
R	DFCF	DFCF-73-007		1997-01-01		CHATEAU DE LA TOUR DU PUY				0	0	1		227
R	DFCF	DFCF-73-008		1997-01-01		CHATEAU DE DORLIER				0	0	1		227
R	DFCF	DFCF-73-009		1997-01-01		CHATEAU DE FORTIS				0	0	1		227
R	DFCF	DFCF-73-010		1997-01-01		CHATEAU DE MARESTE				0	0	1		227
R	DFCF	DFCF-73-011		1997-01-01		CHATEAU DENYS				0	0	1		227
R	DFCF	DFCF-73-012		1997-01-01		CHATEAU LA CHATELLE				0	0	1		227
R	DFCF	DFCF-73-013		1997-01-01		CHATEAU DE RUBAUD				0	0	1		227
R	DFCF	DFCF-73-014		1997-01-01		CHATEAU LAPEYROUSE				0	0	1		227
R	DFCF	DFCF-73-015		1997-01-01		CHATEAU DU PETIT MECORAS				0	0	1		227
R	DFCF	DFCF-73-016		1997-01-01		CHATEAU DU GRAND MECORAS				0	0	1		227
R	DFCF	DFCF-73-017		1997-01-01		CHATEAU DE COLLONGES				0	0	1		227
R	DFCF	DFCF-73-018		1997-01-01		TOUR DE CHATELARD				0	0	1		227
R	DFCF	DFCF-73-019		1997-01-01		FORT DU TRUC				0	0	1		227
R	DFCF	DFCF-73-020		1997-01-01		CHATEAU DE CHATEAUFORT				0	0	1		227
R	DFCF	DFCF-73-021		1997-01-01		CHATEAU DE CHATEAU-VIEUX				0	0	1		227
R	DFCF	DFCF-73-022		1997-01-01		CHATEAU DE CHATEAU-NEUF				0	0	1		227
R	DFCF	DFCF-73-023		1997-01-01		CHATEAU LOCHE				0	0	1		227
R	DFCF	DFCF-73-024		1997-01-01		CHATEAU MOUXY				0	0	1		227
R	DFCF	DFCF-73-025		1997-01-01		CHATEAU MERY				0	0	1		227
R	DFCF	DFCF-73-026		1997-01-01		CHATEAU MALATRAY				0	0	1		227
R	DFCF	DFCF-73-027		1997-01-01		CHATEAU ROUGE				0	0	1		227
R	DFCF	DFCF-73-028		1997-01-01		CHATEAU MANUEL				0	0	1		227
R	DFCF	DFCF-73-029		1997-01-01		FORT DU SAPEY				0	0	1		227
R	DFCF	DFCF-73-030		1997-01-01		FORT DU REPLATON				0	0	1		227
R	DFCF	DFCF-73-031		1997-01-01		FORT MARIE-CHRISTINE				0	0	1		227
R	DFCF	DFCF-73-032		1997-01-01		FORT CHARLES ALBERT				0	0	1		227
R	DFCF	DFCF-73-033		1997-01-01		FORT CHARLES FELIX				0	0	1		227
R	DFCF	DFCF-73-034		1997-01-01		CHATEAU DE LA FRASSE				0	0	1		227
R	DFCF	DFCF-73-035		1997-01-01		CHATEAU DE LA GARDE				0	0	1		227
R	DFCF	DFCF-73-036		1997-01-01		CHATEAU DE BOIGNE				0	0	1		227
R	DFCF	DFCF-73-037		1997-01-01		CHATEAU DE BEAU SITE				0	0	1		227
R	DFCF	DFCF-73-038		1997-01-01		CHATEAU LES MARCHES				0	0	1		227
R	DFCF	DFCF-73-039		1997-01-01		CHATEAUDE BERLANDET				0	0	1		227
R	DFCF	DFCF-73-040		1997-01-01		CHATEAU DE LA MARTINIERE				0	0	1		227
R	DFCF	DFCF-73-041		1997-01-01		CHATEAU DES TEMPLIERS				0	0	1		227
R	DFCF	DFCF-73-042		1997-01-01		CHATEAU DE CORNILLON				0	0	1		227
R	DFCF	DFCF-73-043		1997-01-01		CHATEAU DES COMTES DE CHEVRON				0	0	1		227
R	DFCF	DFCF-73-044		1997-01-01		CHATEAU FEUILLET				0	0	1		227
R	DFCF	DFCF-73-045		1997-01-01		CHATEAU DE CASTAGNERI				0	0	1		227
R	DFCF	DFCF-73-046		1997-01-01		FORT DE MONTPERCHE				0	0	1		227
R	DFCF	DFCF-73-047		1997-01-01		FORT VICTOREMMANUEL				0	0	1		227
R	DFCF	DFCF-73-048		1997-01-01		FORT MARIETHERESE				0	0	1		227
R	DFCF	DFCF-73-049		1997-01-01		FORT DE LA PLATTE				0	0	1		227
R	DFCF	DFCF-73-050		1997-01-01		FORT SAINT GOBAIN				0	0	1		227
R	DFCF	DFCF-73-051		1997-01-01		FORT SAINT ANTOINE				0	0	1		227
R	DFCF	DFCF-73-052		1997-01-01		TOUR RONDE				0	0	1		227
R	DFCF	DFCF-73-053		1997-01-01		TOUR DU VILLARET D'EN BAS				0	0	1		227
R	DFCF	DFCF-73-054		1997-01-01		TOUR DE BEROLD DE SAXE				0	0	1		227
R	DFCF	DFCF-73-055		1997-01-01		TOUR CARRE				0	0	1		227
R	DFCF	DFCF-73-056		1997-01-01		CHATEAU DE LA ROCHE  ROI				0	0	1		227
R	DFCF	DFCF-73-057		1997-01-01		CHATEAU COSTA DE BEAUREGARD				0	0	1		227
R	DFCF	DFCF-73-058		1997-01-01		CHATEAU DE SERVOLEX				0	0	1		227
R	DFCF	DFCF-73-059		1997-01-01		TOURS DE CHIGNIN				0	0	1		227
R	DFCF	DFCF-73-060		1997-01-01		CHATEAU DE CARRON				0	0	1		227
R	DFCF	DFCF-73-061		1997-01-01		CHATEAU DES COMTES DE CHALLES				0	0	1		227
R	DFCF	DFCF-73-062		1997-01-01		CHATEAU DE TRIVIERS				0	0	1		227
R	DFCF	DFCF-73-063		1997-01-01		CHATEAU DE BOURGET DU LAC				0	0	1		227
R	DFCF	DFCF-73-064		1997-01-01		CHATEAU DE THOMAS				0	0	1		227
R	DFCF	DFCF-73-065		1997-01-01		CHATEAU DE FONTANIL				0	0	1		227
R	DFCF	DFCF-73-066		1997-01-01		CHATEAU DE SAINT ALBAN LEYSSE				0	0	1		227
R	DFCF	DFCF-73-067		1997-01-01		CHATEAU DE MONTERMINOD				0	0	1		227
R	DFCF	DFCF-73-068		1997-01-01		CHATEAU SALINS				0	0	1		227
R	DFCF	DFCF-73-069		1997-01-01		CHATEAU VILLENEUVE				0	0	1		227
R	DFCF	DFCF-73-070		1997-01-01		CHATEAU DE LA PEYSSE				0	0	1		227
R	DFCF	DFCF-73-071		1997-01-01		TOUR DE SALTEUR				0	0	1		227
R	DFCF	DFCF-73-072		1997-01-01		CHATEAU VERMONT				0	0	1		227
R	DFCF	DFCF-73-073		1997-01-01		CHATEAU DE FAVRAZ				0	0	1		227
R	DFCF	DFCF-73-074		1997-01-01		CHATEAU DE RONJOU				0	0	1		227
R	DFCF	DFCF-73-075		1997-01-01		CHATEAU DU BON PORT				0	0	1		227
R	DFCF	DFCF-73-076		1997-01-01		CHATEAU LES CHARMETTES				0	0	1		227
R	DFCF	DFCF-73-077		1997-01-01		TOUR DU PRINCE				0	0	1		227
R	DFCF	DFCF-73-078		1997-01-01		CHATEAU DE LA CROIX				0	0	1		227
R	DFCF	DFCF-73-079		1997-01-01		CHATEAU DE LA THIEPAZZE				0	0	1		227
R	DFCF	DFCF-73-080		1997-01-01		CHATEAU DU MOLARET				0	0	1		227
R	DFCF	DFCF-73-081		1997-01-01		CHATEAU DE CHALOU				0	0	1		227
R	DFCF	DFCF-73-082		1997-01-01		CHATEAU CHEVALLEY				0	0	1		227
R	DFCF	DFCF-73-083		1997-01-01		CHATEAU DE REINACH				0	0	1		227
R	DFCF	DFCF-73-084		1997-01-01		CHATEAU DE BOURDEAU				0	0	1		227
R	DFCF	DFCF-73-085		1997-01-01		CHATEAU DE BRESSIEUX				0	0	1		227
R	DFCF	DFCF-73-086		1997-01-01		CHATEAU DE SONNAZ				0	0	1		227
R	DFCF	DFCF-73-087		1997-01-01		CHATEAU DE CANDIE				0	0	1		227
R	DFCF	DFCF-73-088		1997-01-01		CHATEAU DE BISSY				0	0	1		227
R	DFCF	DFCF-73-089		1997-01-01		CHATEAU OPINEL				0	0	1		227
R	DFCF	DFCF-73-090		1997-01-01		CHATEAU DE BEAUREGARD				0	0	1		227
R	DFCF	DFCF-73-091		1997-01-01		CHATEAU SAINTE ANNE				0	0	1		227
R	DFCF	DFCF-73-092		1997-01-01		CHATEAU DES DUCS DE SAVOIE				0	0	1		227
R	DFCF	DFCF-73-093		1997-01-01		CHATEAU LAMBERT				0	0	1		227
R	DFCF	DFCF-73-094		1997-01-01		CHATEAU DE SAINT PHILIPPE				0	0	1		227
R	DFCF	DFCF-73-095		1997-01-01		CHATEAU DE COTE ROUSSE				0	0	1		227
R	DFCF	DFCF-73-096		1997-01-01		CHATEAU DE CARRAMAGNE				0	0	1		227
R	DFCF	DFCF-73-097		1997-01-01		FORT DE MONTMELIAN				0	0	1		227
R	DFCF	DFCF-73-098		1997-01-01		CHATEAU PINGON				0	0	1		227
R	DFCF	DFCF-73-099		1997-01-01		CHATEAU CROIX VERTE				0	0	1		227
R	DFCF	DFCF-73-100		1997-01-01		CHATEAU LE BETTON				0	0	1		227
R	DFCF	DFCF-73-101		1997-01-01		CHATEAU LE CHANAY				0	0	1		227
R	DFCF	DFCF-73-102		1997-01-01		CHATEAU DE ROMAGNY				0	0	1		227
R	DFCF	DFCF-73-103		1997-01-01		CHATEAU LA RIVE				0	0	1		227
R	DFCF	DFCF-73-104		1997-01-01		CHATEAU DUNOYER				0	0	1		227
R	DFCF	DFCF-73-105		1997-01-01		CHATEAU DE COGNIN				0	0	1		227
R	DFCF	DFCF-73-106		1997-01-01		CHATEAU CORINTHE				0	0	1		227
R	DFCF	DFCF-73-107		1997-01-01		CHATEAU SERVENNAZ				0	0	1		227
R	DFCF	DFCF-73-108		1997-01-01		CHATEAU DE CHAMOUSSET				0	0	1		227
R	DFCF	DFCF-73-109		1997-01-01		CHATEAU D'APPREMONT				0	0	1		227
R	DFCF	DFCF-73-110		1997-01-01		CHATEAU DU DONJON				0	0	1		227
R	DFCF	DFCF-73-111		1997-01-01		CHATEAU DE CHIGNIN				0	0	1		227
R	DFCF	DFCF-73-112		1997-01-01		CHATEAUDE VERDUN				0	0	1		227
R	DFCF	DFCF-73-113		1997-01-01		CHATEAU DE LONGERAY				0	0	1		227
R	DFCF	DFCF-73-114		1997-01-01		CHATEAU DE SAINT JEAN DE LA PORTE				0	0	1		227
R	DFCF	DFCF-73-115		1997-01-01		CHATEAU DU CREST				0	0	1		227
R	DFCF	DFCF-73-116		1997-01-01		CHATEAU DU GRAND BIOLLAY				0	0	1		227
R	DFCF	DFCF-73-117		1997-01-01		CHATEAU CHAFFARD				0	0	1		227
R	DFCF	DFCF-73-118		1997-01-01		CHATEAU LES ALLUES				0	0	1		227
R	DFCF	DFCF-73-119		1997-01-01		CHATEAU DE SAINT INNOCENT				0	0	1		227
R	DFCF	DFCF-73-120		1997-01-01		CHATEAU DE CHAMOUX				0	0	1		227
R	DFCF	DFCF-73-121		1997-01-01		TOUR SAINT CLAUDE				0	0	1		227
R	DFCF	DFCF-73-122		1997-01-01		CHATEAU DE MINTJOUD				0	0	1		227
R	DFCF	DFCF-73-123		1997-01-01		TOUR FONTAINE SAINT MARTIN				0	0	1		227
R	DFCF	DFCF-73-124		1997-01-01		CHATEAU DE LA SERRAZ				0	0	1		227
R	DFCF	DFCF-73-125		1997-01-01		FORT DE AITON				0	0	1		227
R	DFCF	DFCF-73-126		1997-01-01		CHATEAU DU COMTE PACORET DE ST BON				0	0	1		227
R	DFCF	DFCF-73-127		1997-01-01		CHATEAU DES FRASSES				0	0	1		227
R	DFCF	DFCF-73-128		1997-01-01		CHATEAU DE LA GARDE				0	0	1		227
R	DFCF	DFCF-73-129		1997-01-01		CHATEAU DE MAISTRE				0	0	1		227
R	DFCF	DFCF-73-130		1997-01-01		CHATEAU DE CHAFFARDON				0	0	1		227
R	DFCF	DFCF-73-131		1997-01-01		CHATEAU DE LA PEROUSE				0	0	1		227
R	DFCF	DFCF-73-132		1997-01-01		CHATEAU DE LA SALLAZ				0	0	1		227
R	DFCF	DFCF-73-133		1997-01-01		CHATEAU DE VOGLANS				0	0	1		227
R	DFCF	DFCF-73-134		1997-01-01		CHATEAU BLANC DE ST PIERRE				0	0	1		227
R	DFCF	DFCF-73-135		1997-01-01		CHATEAU DE MONTMEILLERAT				0	0	1		227
R	DFCF	DFCF-73-136		1997-01-01		FORT DE TURRA				0	0	1		227
R	DFCF	DFCF-73-137		1997-01-01		TOUR SARRAZINE				0	0	1		227
R	DFCF	DFCF-73-138		1997-01-01		TOUR RAMUS				0	0	1		227
R	DFCF	DFCF-73-139		1997-01-01		CHATEAU BARON				0	0	1		227
R	DFCF	DFCF-73-140		1997-01-01		CHATEAU «  LA TOUR «				0	0	1		227
R	DFCF	DFCF-73-141		1997-01-01		FORT DU VILLARD				0	0	1		227
R	DFCF	DFCF-73-142		1997-01-01		CHATEAU DE CREST CHEREL				0	0	1		227
R	DFCF	DFCF-73-143		1997-01-01		TOUR DE PACORET				0	0	1		227
R	DFCF	DFCF-73-144		1997-01-01		CHATEAU DU CHAGNAY				0	0	1		227
R	DFCF	DFCF-73-145		1997-01-01		CHATEAU DE FEISSONS SUR ISERE				0	0	1		227
R	DFCF	DFCF-73-146		1997-01-01		CHATEAU DE BLAY				0	0	1		227
R	DFCF	DFCF-73-147		1997-01-01		CHATEAU DE CHANTEMERLE				0	0	1		227
R	DFCF	DFCF-73-148		1997-01-01		CHATEAU DE GRAVIN				0	0	1		227
R	DFCF	DFCF-73-149		1997-01-01		CHATEAU DE BEAUVOIR				0	0	1		227
R	DFCF	DFCF-73-150		1997-01-01		CHATEAU PROUST				0	0	1		227
R	DFCF	DFCF-73-151		1997-01-01		FORT DE L'ESTAL				0	0	1		227
R	DFCF	DFCF-73-152		1997-01-01		TOUR GAILLARDE				0	0	1		227
R	DFCF	DFCF-73-153		1997-01-01		CHÂTEAU BEAUSEJOUR				0	0	1		227
R	DFCF	DFCF-73-154		1997-01-01		CHÂTEAU DU NANTS MARTIN				0	0	1		227
R	DFCF	DFCF-73-155		1997-01-01		CHÂTEAU TOURNON				0	0	1		227
R	DFCF	DFCF-73-156		1997-01-01		TOUR RUINEE				0	0	1		227
R	DFCF	DFCF-73-157		1997-01-01		CHATEAU DE SAINT HELENE SUR ISERE				0	0	1		227
R	DFCF	DFCF-73-158		1997-01-01		LA TOUR CASTRALE DE MONTAILLEUR				0	0	1		227
R	DFCF	DFCF-73-159		1997-01-01		CHATEAU DE CESARCHES				0	0	1		227
R	DFCF	DFCF-73-160		1997-01-01		CHATEAU DE BETTON BETTONNET				0	0	1		227
R	DFCF	DFCF-73-161		1997-01-01		CHATEAU LA MONTAZ				0	0	1		227
R	DFCF	DFCF-73-162		1997-01-01		CHATEAU DE VILLARD DIZIER				0	0	1		227
R	DFCF	DFCF-73-164		1997-01-01		MAISON FORTE DU VILLARD				0	0	1		227
R	DFCF	DFCF-73-165		1997-01-01		CHATEAU LE VILLARD				0	0	1		227
R	DFCF	DFCF-73-166		1997-01-01		CHATEAU AIGUEBELLE				0	0	1		227
R	DFCF	DFCF-73-167		1997-01-01		CHATEAU DE BEAUFORT				0	0	1		227
R	DFCF	DFCF-73-168		1997-01-01		TOUR DE ROCHEFORT				0	0	1		227
R	DFCF	DFCF-73-169		1997-01-01		CHATEAU DE CHARBONNEAU				0	0	1		227
R	DFCF	DFCF-73-170		1997-01-01		CHATEAU DE RANDENS				0	0	1		227
R	DFCF	DFCF-73-171		1997-01-01		CHATEAU LA FOREST				0	0	1		227
R	DFCF	DFCF-73-172		1997-01-01		CHATEAU DE CHARBONNIERE				0	0	1		227
R	DFCF	DFCF-73-173		1997-01-01		TOUR DE BOZON				0	0	1		227
R	DFCF	DFCF-73-174		1997-01-01		CHATEAU LA SALLAZ				0	0	1		227
R	DFCF	DFCF-73-175		1997-01-01		TOUR DE LOZE				0	0	1		227
R	DFCF	DFCF-73-176		1997-01-01		TOUR RUINEE/TOUR VERTE				0	0	1		227
R	DFCF	DFCF-73-177		1997-01-01		MANOIR DU VERGER				0	0	1		227
R	DFCF	DFCF-73-178		1997-01-01		CHATEAU DE CONFLANS				0	0	1		227
R	DFCF	DFCF-73-179		1997-01-01		MANOIR DE LA PEROUZE				0	0	1		227
R	DFCF	DFCF-73-180		1997-01-01		MANOIR DE LA PLANTAZ				0	0	1		227
R	DFCF	DFCF-73-181		1997-01-01		CHATEAU DE MONTAILLEUR				0	0	1		227
R	DFCF	DFCF-73-182		1997-01-01		CHATEAU DE PIQUANT				0	0	1		227
R	DFCF	DFCF-73-183		1997-01-01		MANOIR DE BEAUREGARD				0	0	1		227
R	DFCF	DFCF-73-184		1997-01-01		CHATEAU DE LA PLANAISE				0	0	1		227
R	DFCF	DFCF-73-185		1997-01-01		TOUR DE CHATEAUNEUF				0	0	1		227
R	DFCF	DFCF-73-186		1997-01-01		CHATEAU DES VANCHES				0	0	1		227
R	DFCF	DFCF-73-187		1997-01-01		MANOIR DE MEJANE				0	0	1		227
R	DFCF	DFCF-73-188		1997-01-01		CHATEAU DE PLANTAZ				0	0	1		227
R	DFCF	DFCF-73-189		1997-01-01		MANOIR DE LA GORGE				0	0	1		227
R	DFCF	DFCF-73-190		1997-01-01		CHATEAU DE LOURDENS				0	0	1		227
R	DFCF	DFCF-73-191		1997-01-01		CHATEAU DE JADE				0	0	1		227
R	DFCF	DFCF-73-192		1997-01-01		CHATEAU DU BOIS				0	0	1		227
R	DFCF	DFCF-73-193		1997-01-01		MANOIR MURAZ				0	0	1		227
R	DFCF	DFCF-73-194		1997-01-01		TOUR CARREE				0	0	1		227
R	DFCF	DFCF-73-195		1997-01-01		CHATEAU DE MERANDE				0	0	1		227
R	DFCF	DFCF-73-196		1997-01-01		CHATEAU DE TREMBLAY				0	0	1		227
R	DFCF	DFCF-73-197		1997-01-01		CHATEAU DE LA BETAZ				0	0	1		227
R	DFCF	DFCF-73-198		1997-01-01		CHATEAU DE LA PEYSSE				0	0	1		227
R	DFCF	DFCF-73-199		1997-01-01		CHATEAU DE SAINTE ANNE				0	0	1		227
R	DFCF	DFCF-73-200		1997-01-01		CHATEAU DE BORNEL				0	0	1		227
R	DFCF	DFCF-73-201		1997-01-01		CHATEAU LES MOULINS				0	0	1		227
R	DFCF	DFCF-73-203		1997-01-01		TOUR DE MONMAYEUR/CHATEAU D'AIME				0	0	1		227
R	DFCF	DFCF-73-204		1997-01-01		CHATEAU DE MONTCHARVIN				0	0	1		227
R	DFCF	DFCF-73-205		1997-01-01		ANCIEN CHATEAU DE GRESY SUR AIX				0	0	1		227
R	DFCF	DFCF-73-206		1997-01-01		TOUR DE MYENS				0	0	1		227
R	DFCF	DFCF-73-207		1997-01-01		MANOIR DES ENTREMONTS				0	0	1		227
R	DFCF	DFCF-73-208		1997-01-01		CHATEAU DU HAUT SOMMONT				0	0	1		227
R	DFCF	DFCF-73-209		1997-01-01		CHATEAU DE BILLIEME				0	0	1		227
R	DFCF	DFCF-73-210		1997-01-01		CHATEAU DE SALINS				0	0	1		227
R	DFCF	DFCF-73-211		1997-01-01		CHATEAU DE PRELIAN				0	0	1		227
R	DFCF	DFCF-73-212		1997-01-01		CHATEAU DE MONTAGNY				0	0	1		227
R	DFCF	DFCF-73-213		1997-01-01		TOUR D'INFERNAY				0	0	1		227
R	DFCF	DFCF-73-214		1997-01-01		FORT DE ROQUEBRUNE				0	0	1		227
R	DFCF	DFCF-73-215		1997-01-01		MANOIR LE PLAT D'EN BAS				0	0	1		227
R	DFCF	DFCF-73-216		1997-01-01		CHATEAU DU PARAVY				0	0	1		227
R	DFCF	DFCF-73-217		1997-01-01		MANOIR DE L'HORME				0	0	1		227
R	DFCF	DFCF-73-218		1997-01-01		CHATEAU LA CATONNIERE				0	0	1		227
R	DFCF	DFCF-73-219		1997-01-01		CHATEAU DE LEPIN				0	0	1		227
R	DFCF	DFCF-73-220		1997-01-01		TOURS SARDES				0	0	1		227
R	DFCF	DFCF-73-221		1997-01-01		MANOIR DE BOIGNE				0	0	1		227
R	DFCF	DFCF-73-222		1997-01-01		CHATEAU DE CHATILLON				0	0	1		227
R	DFCF	DFCF-73-223		1997-01-01		CHATEAU LA SECHERIE				0	0	1		227
R	DFCF	DFCF-73-224		1997-01-01		MANOIR DE MENABREA				0	0	1		227
R	DFCF	DFCF-73-225		1997-01-01		CHATEAU DE BEAUSEJOUR				0	0	1		227
R	DFCF	DFCF-73-226		1997-01-01		CHATEAU LA VIOLETTE				0	0	1		227
R	DFCF	DFCF-73-227		1997-01-01		ANCIENNE TOUR DE CURIENNE				0	0	1		227
R	DFCF	DFCF-73-228		1997-01-01		CHATEAU BERGIN				0	0	1		227
R	DFCF	DFCF-73-229		1997-01-01		CHATEAU LE PERRON				0	0	1		227
R	DFCF	DFCF-73-230		1997-01-01		TOUR DE MONTAGNY				0	0	1		227
R	DFCF	DFCF-73-231		1997-01-01		CHATEAU DE CHAMPROVENT				0	0	1		227
R	DFCF	DFCF-73-232		1997-01-01		CHATEAU DE MONTBEL				0	0	1		227
R	DFCF	DFCF-73-233		1997-01-01		CHATEAU LA MAR				0	0	1		227
R	DFCF	DFCF-73-234		1997-01-01		CHATEAU DE LUCEY				0	0	1		227
R	DFCF	DFCF-73-235		1997-01-01		MANOIR DE THOIRY				0	0	1		227
R	DFCF	DFCF-73-236		1997-01-01		MANOIR DU BUTTET				0	0	1		227
R	DFCF	DFCF-73-237		1997-01-01		CHATEAU DE POMBOZ				0	0	1		227
R	DFCF	DFCF-73-238		1997-01-01		CHATEAU DU BIRON				0	0	1		227
R	DFCF	DFCF-73-239		1997-01-01		CHATEAU DU VILLARET				0	0	1		227
R	DFCF	DFCF-73-240		1997-01-01		CHATEAU DE CHESSINE				0	0	1		227
R	DFCF	DFCF-73-241		1997-01-01		TOUR DE VERDUN				0	0	1		227
R	DFCF	DFCF-73-242		1997-01-01		CHATEAU DE LA PLAGNE				0	0	1		227
R	DFCF	DFCF-73-243		1997-01-01		CHATEAU DE MONTFALCON				0	0	1		227
R	DFCF	DFCF-73-244		1997-01-01		CHATEAU SAINT GILLES				0	0	1		227
R	DFCF	DFCF-73-245		1997-01-01		CHATEAU DE LA ROCHE				0	0	1		227
R	DFCF	DFCF-73-246		1997-01-01		CHATEAU LE PERRON				0	0	1		227
R	DFCF	DFCF-73-247		1997-01-01		CHATEAU DE ROCHEFORT				0	0	1		227
R	DFCF	DFCF-73-248		1997-01-01		TOURS FOURNACHE				0	0	1		227
R	DFCF	DFCF-73-249		1997-01-01		CHATEAU DE SAINT GENIX				0	0	1		227
R	DFCF	DFCF-73-250		1997-01-01		TOUR DE CONSPECTUS				0	0	1		227
R	DFCF	DFCF-73-251		1997-01-01		CHATEAU LES CURTILLES				0	0	1		227
R	DFCF	DFCF-73-252		1997-01-01		ANCIEN CHATEAU DE GEMILLY				0	0	1		227
R	DFCF	DFCF-73-253		1997-01-01		CHATEAU DE LA DRAGONNIERE				0	0	1		227
R	DFCF	DFCF-73-254		1997-01-01		CHATEAU VIEUX				0	0	1		227
R	DFCF	DFCF-73-255		1997-01-01		CHATEAU EPINE				0	0	1		227
R	DFCF	DFCF-73-256		1997-01-01		CHATEAU DE BORNESSANT				0	0	1		227
R	DFCF	DFCF-73-257		1997-01-01		MANOIR DE LA PEROUSE				0	0	1		227
R	DFCF	DFCF-73-258		1997-01-01		CHATEAU LAPEYROUSE				0	0	1		227
R	DFCF	DFCF-73-259		1997-01-01		CHATEAU LE COLOMBIER				0	0	1		227
R	DFCF	DFCF-73-260		1997-01-01		CHATEAU D'AUIGUEBELETTE LE LAC				0	0	1		227
R	DFCF	DFCF-73-261		1997-01-01		TOUR DE L'OBSERVATOIRE				0	0	1		227
R	DFCF	DFCF-73-262		1997-01-01		MANOIR DE LA ROCHE				0	0	1		227
R	DFCF	DFCF-73-263		1997-01-01		CHATEAU DE LONGEFAN				0	0	1		227
R	DFCF	DFCF-73-264		1997-01-01		MANOIR DE LA BIOLLE				0	0	1		227
R	DFCF	DFCF-73-265		1997-01-01		CHATEAU MOLASSE				0	0	1		227
R	DFCF	DFCF-73-266		1997-01-01		CHATEAU DE SALLAZ				0	0	1		227
R	DFCF	DFCF-73-267		1997-01-01		MANOIR DE CHINDRIEUX				0	0	1		227
R	DFCF	DFCF-73-268		1997-01-01		MANOIR DE LA TOUR				0	0	1		227
R	DFCF	DFCF-73-269		1997-01-01		CHATEAU FEODAL D'EPIERRE				0	0	1		227
R	DFCF	DFCF-73-270		1997-01-01		MANOIR DE BERLLECOMBE				0	0	1		227
R	DFCF	DFCF-73-271		1997-01-01		CHATEAU LA CHATIERE				0	0	1		227
R	DFCF	DFCF-73-272		1997-01-01		TOUR DES EVEQUES				0	0	1		227
R	DFCF	DFCF-73-273		1997-01-01		FORT DE LA REDOUTE RUINEE				0	0	1		227
R	DFCF	DFCF-73-274		1997-01-01		FORT DE MONTGILBERT				0	0	1		227
R	DFCF	DFCF-73-275		1997-01-01		CHATEAU DE BEYRIN				0	0	1		227
R	DFCF	DFCF-73-276		1997-01-01		CHATEAU GRUYERE				0	0	1		227
R	DFCF	DFCF-73-277		1997-01-01		CHATEAU EMONET				0	0	1		227
R	DFCF	DFCF-73-278		1997-01-01		TOUR DE LA CURE				0	0	1		227
R	DFCF	DFCF-73-279		1997-01-01		FORT DE L'ALPETTAZ				0	0	1		227
R	DFCF	DFCF-73-280		1997-01-01		TOUR DE BOZEL				0	0	1		227
R	DFCF	DFCF-73-281		1997-01-01		CHATEAU LE CHATELARD				0	0	1		227
R	DFCF	DFCF-73-282		1997-01-01		FORT DE VULMIX				0	0	1		227
R	DFCF	DFCF-73-283		1997-01-01		MANOIR DE BILLIEME				0	0	1		227
R	DFCF	DFCF-73-284		1997-01-01		CHATEAU DE MELPHE				0	0	1		227
R	DFCF	DFCF-73-285		1997-01-01		CHATEAU COMTE DE LA CHAMBRE				0	0	1		227
R	DFCF	DFCF-73-286		1997-01-01		MANOIR DE LA BEMMAZ				0	0	1		227
R	DFCF	DFCF-73-287		1997-01-01		TOUR DU MOLLARET				0	0	1		227
R	DFCF	DFCF-73-302		1997-01-01		CHATEAU COROGNA				0	0	1		227
R	DFCF	DFCF-74-001		1997-01-01		CHATEAU DE ST FRANCOIS DE SALLE				0	0	1		227
R	DFCF	DFCF-74-002		1997-01-01		CHATEAU DE MONTROTTIER				0	0	1		227
R	DFCF	DFCF-74-003		1997-01-01		CHATEAU DE CLERMONT				0	0	1		227
R	DFCF	DFCF-74-004		1997-01-01		CHATEAU D'ANNECY				0	0	1		227
R	DFCF	DFCF-74-005		1997-01-01		CHATEAU DE THORENS				0	0	1		227
R	DFCF	DFCF-74-006		1997-01-01		CHATEAU DE COLLONGES				0	0	1		227
R	DFCF	DFCF-74-007		1997-01-01		CHATEAU DES ONGES				0	0	1		227
R	DFCF	DFCF-74-008		1997-01-01		CHATEAU DE CHITRY				0	0	1		227
R	DFCF	DFCF-74-009		1997-01-01		CHATEAU DE MORGENEX				0	0	1		227
R	DFCF	DFCF-74-010		1997-01-01		CHATEAU DE MIONNAZ				0	0	1		227
R	DFCF	DFCF-74-011		1997-01-01		CHATEAU DE CHAVAROCHE				0	0	1		227
R	DFCF	DFCF-74-012		1997-01-01		CHATEAU DE PIEUILLET				0	0	1		227
R	DFCF	DFCF-74-013		1997-01-01		CHATEAU DE SAINTMARCEL				0	0	1		227
R	DFCF	DFCF-74-014		1997-01-01		CHATEAU DE VONS				0	0	1		227
R	DFCF	DFCF-74-015		1997-01-01		CHATEAU DE TRESUN				0	0	1		227
R	DFCF	DFCF-74-016		1997-01-01		CHATEAU DE CHATEAUVIEUX (DUINGT)				0	0	1		227
R	DFCF	DFCF-74-017		1997-01-01		CHATEAU DE DUINGT				0	0	1		227
R	DFCF	DFCF-74-018		1997-01-01		CHATEAU DE DHERE				0	0	1		227
R	DFCF	DFCF-74-019		1997-01-01		CHATEAU DE LA CROIX				0	0	1		227
R	DFCF	DFCF-74-020		1997-01-01		CHATEAU MENTHON SAINT BERNARD				0	0	1		227
R	DFCF	DFCF-74-021		1997-01-01		CHATEAU DE NOVEL				0	0	1		227
R	DFCF	DFCF-74-022		1997-01-01		CHATEAU DE L'ILE				0	0	1		227
R	DFCF	DFCF-74-023		1997-01-01		CHATEAU D'ALERY				0	0	1		227
R	DFCF	DFCF-74-024		1997-01-01		CHATEAU DE BOISY				0	0	1		227
R	DFCF	DFCF-74-025		1997-01-01		CHATEAU DE THENIERES				0	0	1		227
R	DFCF	DFCF-74-026		1997-01-01		CHATEAU DE PERIAZ				0	0	1		227
R	DFCF	DFCF-74-027		1997-01-01		CHATEAU DE CHATEAUVIEUX (SEYNOD)				0	0	1		227
R	DFCF	DFCF-74-028		1997-01-01		CHATEAU DE MONTPON				0	0	1		227
R	DFCF	DFCF-74-029		1997-01-01		CHATEAU D'ALEX				0	0	1		227
R	DFCF	DFCF-74-030		1997-01-01		CHATEAU DU BARRIOZ				0	0	1		227
R	DFCF	DFCF-74-031		1997-01-01		CHATEAU DE CHOISY				0	0	1		227
R	DFCF	DFCF-74-032		1997-01-01		CHATEAU DE CHATEAU NEUF				0	0	1		227
R	DFCF	DFCF-74-033		1997-01-01		CHATEAU DE CHATEAU VIEUX				0	0	1		227
R	DFCF	DFCF-74-034		1997-01-01		CHATEAU DE PONTVERRE				0	0	1		227
R	DFCF	DFCF-74-035		1997-01-01		CHATEAU AVANIERES				0	0	1		227
R	DFCF	DFCF-74-036		1997-01-01		CHATEAU BECCON				0	0	1		227
R	DFCF	DFCF-74-037		1997-01-01		CHATEAU LA COUR				0	0	1		227
R	DFCF	DFCF-74-038		1997-01-01		CHATEAU VEBOUX				0	0	1		227
R	DFCF	DFCF-74-039		1997-01-01		CHATEAU DE LA PESSE				0	0	1		227
R	DFCF	DFCF-74-040		1997-01-01		CHATEAU LA TOUR				0	0	1		227
R	DFCF	DFCF-74-041		1997-01-01		CHATEAU DE SALLENOVES				0	0	1		227
R	DFCF	DFCF-74-042		1997-01-01		CHATEAU DE MERLIOZ				0	0	1		227
R	DFCF	DFCF-74-043		1997-01-01		CHATEAU DE MONTHOUX				0	0	1		227
R	DFCF	DFCF-74-044		1997-01-01		CHATEAU DE PROMERY				0	0	1		227
R	DFCF	DFCF-74-045		1997-01-01		CHATEAU DE L'ECHELLE				0	0	1		227
R	DFCF	DFCF-74-046		1997-01-01		CHATEAU DE SAIX				0	0	1		227
R	DFCF	DFCF-74-047		1997-01-01		CHATEAU DE FAVERGES				0	0	1		227
R	DFCF	DFCF-74-048		1997-01-01		CHATEAU DE CONZIE				0	0	1		227
R	DFCF	DFCF-74-049		1997-01-01		CHATEAU DE MIEUDRY				0	0	1		227
R	DFCF	DFCF-74-050		1997-01-01		CHATEAU DE SALAGINE				0	0	1		227
R	DFCF	DFCF-74-051		1997-01-01		CHATEAU DE LA PEROLLIERE				0	0	1		227
R	DFCF	DFCF-74-052		1997-01-01		CHATEAU DE CHARANSONNAY				0	0	1		227
R	DFCF	DFCF-74-053		1997-01-01		CHATEAU DES TOURS				0	0	1		227
R	DFCF	DFCF-74-054		1997-01-01		CHATEAU DE CORMAN				0	0	1		227
R	DFCF	DFCF-74-055		1997-01-01		CHATEAU DE BONNEVILLE				0	0	1		227
R	DFCF	DFCF-74-056		1997-01-01		CHATEAU DE FESIGNY				0	0	1		227
R	DFCF	DFCF-74-057		1997-01-01		CHATEAU DE PELLY				0	0	1		227
R	DFCF	DFCF-74-058		1997-01-01		CHATEAU DE VENS				0	0	1		227
R	DFCF	DFCF-74-059		1997-01-01		CHATEAU BEAUREGARD				0	0	1		227
R	DFCF	DFCF-74-060		1997-01-01		CHATEAU DE CHOUNAZ				0	0	1		227
R	DFCF	DFCF-74-061		1997-01-01		CHATEAU BASSY				0	0	1		227
R	DFCF	DFCF-74-062		1997-01-01		CHATEAU DE CHAUMONT				0	0	1		227
R	DFCF	DFCF-74-063		1997-01-01		CHATEAU NOVERY				0	0	1		227
R	DFCF	DFCF-74-064		1997-01-01		CHATEAU LORNAY				0	0	1		227
R	DFCF	DFCF-74-065		1997-01-01		CHATEAU DES RUBINS				0	0	1		227
R	DFCF	DFCF-74-066		1997-01-01		TOUR DE LA FRASSE				0	0	1		227
R	DFCF	DFCF-74-067		1997-01-01		TOUR DE DISONCHE				0	0	1		227
R	DFCF	DFCF-74-068		1997-01-01		TOUR DE BELLEGARDE				0	0	1		227
R	DFCF	DFCF-74-069		1997-01-01		CHATEAU AVULLY				0	0	1		227
R	DFCF	DFCF-74-070		1997-01-01		CHATEAU RIPAILLE				0	0	1		227
R	DFCF	DFCF-74-071		1997-01-01		CHATEAU DE GIEZ				0	0	1		227
R	DFCF	DFCF-74-072		1997-01-01		CHATEAU DE LA ROCHETTE				0	0	1		227
R	DFCF	DFCF-74-073		1997-01-01		CHATEAU DE LA COUDREE				0	0	1		227
R	DFCF	DFCF-74-074		1997-01-01		CHATEAU DE LARRINGES				0	0	1		227
R	DFCF	DFCF-74-075		1997-01-01		CHATEAU DE BEROUSE				0	0	1		227
R	DFCF	DFCF-74-076		1997-01-01		CHATEAUDU TANNAY				0	0	1		227
R	DFCF	DFCF-74-077		1997-01-01		CHATEAU DE LA RUAZ				0	0	1		227
R	DFCF	DFCF-74-078		1997-01-01		CHATEAU DES COSTES				0	0	1		227
R	DFCF	DFCF-74-079		1997-01-01		CHATEAU DE VILLARD-CHABOD				0	0	1		227
R	DFCF	DFCF-74-080		1997-01-01		CHATEAU DE QUINTAL				0	0	1		227
R	DFCF	DFCF-74-081		1997-01-01		CHATEAU DE L'ERMITAGE				0	0	1		227
R	DFCF	DFCF-74-082		1997-01-01		CHATEAU DE MORNEX				0	0	1		227
R	DFCF	DFCF-74-083		1997-01-01		CHATEAU CREVIN				0	0	1		227
R	DFCF	DFCF-74-084		1997-01-01		CHATEAU DE DALMAZ				0	0	1		227
R	DFCF	DFCF-74-085		1997-01-01		CHATEAU DE LA FLECHERE				0	0	1		227
R	DFCF	DFCF-74-086		1997-01-01		CHATEAU DE BLANLY				0	0	1		227
R	DFCF	DFCF-74-087		1997-01-01		CHATEAU DU CREDOZ				0	0	1		227
R	DFCF	DFCF-74-088		1997-01-01		CHATEAU DE NOVERY				0	0	1		227
R	DFCF	DFCF-74-089		1997-01-01		CHATEAU DE CERNEX				0	0	1		227
R	DFCF	DFCF-74-090		1997-01-01		CHATEAU SALLENOVES				0	0	1		227
R	DFCF	DFCF-74-091		1997-01-01		CHATEAU DE COPPONAZ				0	0	1		227
R	DFCF	DFCF-74-092		1997-01-01		CHATEAU DU BARON BLANC				0	0	1		227
R	DFCF	DFCF-74-093		1997-01-01		TOUR DE BEAUVIVIER				0	0	1		227
R	DFCF	DFCF-74-094		1997-01-01		CHATEAU DE BLAIN				0	0	1		227
R	DFCF	DFCF-74-095		1997-01-01		CHATEAU DU VILLARD				0	0	1		227
R	DFCF	DFCF-74-096		1997-01-01		CHÂTEAU DE MONTJOUX				0	0	1		227
R	DFCF	DFCF-74-097		1997-01-01		MANOIR DES ROSES				0	0	1		227
R	DFCF	DFCF-74-098		1997-01-01		CHATEAU DU NOIRET				0	0	1		227
R	DFCF	DFCF-74-099		1997-01-01		CHATEAU SAUFFAZ				0	0	1		227
R	DFCF	DFCF-74-100		1997-01-01		MANOIR DE GYE				0	0	1		227
R	DFCF	DFCF-74-101		1997-01-01		CHATEAU REVEU				0	0	1		227
R	DFCF	DFCF-74-103		1997-01-01		CHATEAU DE MONTAIGU				0	0	1		227
R	DFCF	DFCF-74-104		1997-01-01		CHATEAU DES ROSES				0	0	1		227
R	DFCF	DFCF-74-105		1997-01-01		CHATEAU DE BALMONT				0	0	1		227
R	DFCF	DFCF-74-106		1997-01-01		CHATEAU DE PIERRE CHARVE				0	0	1		227
R	DFCF	DFCF-74-107		1997-01-01		CHATEAU SAINT MARCEL				0	0	1		227
R	DFCF	DFCF-74-108		1997-01-01		CHATEAU DE GRUFFY				0	0	1		227
R	DFCF	DFCF-74-109		1997-01-01		CHATEAU DU DONJON				0	0	1		227
R	DFCF	DFCF-74-110		1997-01-01		TOUR RONDE				0	0	1		227
R	DFCF	DFCF-74-111		1997-01-01		CHATEAU DE THIOLLAZ				0	0	1		227
R	DFCF	DFCF-74-112		1997-01-01		CHATEAU DE SONGY				0	0	1		227
R	DFCF	DFCF-74-113		1997-01-01		CHATEAU D’ARENTHON				0	0	1		227
R	DFCF	DFCF-74-114		1997-01-01		CHATEAU DE CENGLE				0	0	1		227
R	DFCF	DFCF-74-210		1997-01-01		ANCIEN CHATEAU DE LA THUILE				0	0	1		227
R	DFCF	DFCF-75-001		1997-01-01		TOUR MEDIEVALE DE LONGCHAMP				0	0	1		227
R	DFCF	DFCF-75-002		1997-01-01		CHATEAU DE BAGATELLE				0	0	1		227
R	DFCF	DFCF-75-003		1997-01-01		CHATEAU LES BROUILLARDS				0	0	1		227
R	DFCF	DFCF-75-004		1997-01-01		TOUR JEAN SANS PEUR				0	0	1		227
R	DFCF	DFCF-75-005		1997-01-01		CHATEAU FRONTENAC				0	0	1		227
R	DFCF	DFCF-75-006		1997-01-01		FORT DE VINCENNES				0	0	1		227
R	DFCF	DFCF-75-007		1997-01-01		CHATEAU LONGCHAMP				0	0	1		227
R	DFCF	DFCF-75-010		1997-01-01		PALAIS DE LA PORTE DOREE				0	0	1		227
R	DFCF	DFCF-75-011		1997-01-01		PALAIS DU LUXEMBOURG				0	0	1		227
R	DFCF	DFCF-75-012		1997-01-01		PALAIS DE CHAILLOT				0	0	1		227
R	DFCF	DFCF-75-013		1997-01-01		PALAIS DE TOKYO				0	0	1		227
R	DFCF	DFCF-75-014		1997-01-01		PALAIS DE L ELYSEE				0	0	1		227
R	DFCF	DFCF-75-015		1997-01-01		PALAIS BOURBON				0	0	1		227
R	DFCF	DFCF-75-016		1997-01-01		PALAIS ROYAL				0	0	1		227
R	DFCF	DFCF-75-017		1997-01-01		PALAIS DU LOUVRE				0	0	1		227
R	DFCF	DFCF-75-018		1997-01-01		PALAIS DE JUSTICE DE PARIS				0	0	1		227
R	DFCF	DFCF-75-019		1997-01-01		PALAIS DE LA LEGION D HONNEUR				0	0	1		227
R	DFCF	DFCF-75-020		1997-01-01		PALAIS DE L ALMA				0	0	1		227
R	DFCF	DFCF-75-021		1997-01-01		PALAIS BRONGNARD				0	0	1		227
R	DFCF	DFCF-75-022		1997-01-01		PALAIS GARNIER				0	0	1		227
R	DFCF	DFCF-75-023		1997-01-01		GRAND PALAIS				0	0	1		227
R	DFCF	DFCF-75-024		1997-01-01		PETIT PALAIS				0	0	1		227
R	DFCF	DFCF-75-025		1997-01-01		PALAIS DE L INSTITUT DE France				0	0	1		227
R	DFCF	DFCF-76-001		1997-01-01		CHATEAU DE LA VILLE D'EU				0	0	1		227
R	DFCF	DFCF-76-002		1997-01-01		CHATEAU DE BOUSSICAULT				0	0	1		227
R	DFCF	DFCF-76-003		1997-01-01		CHATEAU DE ST MARTIN AUX BONEAUX				0	0	1		227
R	DFCF	DFCF-76-004		1997-01-01		CHATEAU DE TANCARVILLE				0	0	1		227
R	DFCF	DFCF-76-005		1997-01-01		MANOIR D'ANGO				0	0	1		227
R	DFCF	DFCF-76-006		1997-01-01		CHATEAU D'ARQUES LA BATAILLE				0	0	1		227
R	DFCF	DFCF-76-007		1997-01-01		CHATEAU DE DIEPPE				0	0	1		227
R	DFCF	DFCF-76-008		1997-01-01		CHATEAU DE VARENGEVILLE				0	0	1		227
R	DFCF	DFCF-76-009		1997-01-01		CHATEAU DE ST FOY				0	0	1		227
R	DFCF	DFCF-76-010		1997-01-01		CHATEAU DU HERON				0	0	1		227
R	DFCF	DFCF-76-011		1997-01-01		CHATEAU DE LA CHAUSSEE				0	0	1		227
R	DFCF	DFCF-76-012		1997-01-01		CHATEAU D'OMONVILLE				0	0	1		227
R	DFCF	DFCF-76-013		1997-01-01		CHATEAU DU LION				0	0	1		227
R	DFCF	DFCF-76-014		1997-01-01		CHATEAU MONTBOURG				0	0	1		227
R	DFCF	DFCF-76-015		1997-01-01		CHATEAU DE HAUTOT SUR SEINE				0	0	1		227
R	DFCF	DFCF-76-016		1997-01-01		CHATEAU DU MONT PERREUX				0	0	1		227
R	DFCF	DFCF-76-017		1997-01-01		CHATEAU DE SOQUENCE				0	0	1		227
R	DFCF	DFCF-76-018		1997-01-01		CHATEAU DE MARTAINVILLE				0	0	1		227
R	DFCF	DFCF-76-019		1997-01-01		CHATEAU DE SILLERON				0	0	1		227
R	DFCF	DFCF-76-020		1997-01-01		CHATEAU NEUFMESNIL				0	0	1		227
R	DFCF	DFCF-76-021		1997-01-01		CHATEAU DE MIROMESNIL				0	0	1		227
R	DFCF	DFCF-76-022		1997-01-01		CHATEAU DE VITTEFLEUR				0	0	1		227
R	DFCF	DFCF-76-023		1997-01-01		CHATEAU DE DIANE				0	0	1		227
R	DFCF	DFCF-76-024		1997-01-01		CHATEAU DES GRANDS IFS				0	0	1		227
R	DFCF	DFCF-76-025		1997-01-01		CHATEAU DES FILLIERES				0	0	1		227
R	DFCF	DFCF-76-026		1997-01-01		CHATEAU DE LA PETITE CROIX				0	0	1		227
R	DFCF	DFCF-76-027		1997-01-01		CHATEAU D'ETELAN				0	0	1		227
R	DFCF	DFCF-76-028		1997-01-01		CHATEAU DE VILLEQUIER				0	0	1		227
R	DFCF	DFCF-76-029		1997-01-01		CHATEAU DES AYGUES				0	0	1		227
R	DFCF	DFCF-76-030		1997-01-01		FORT DE SAINTE ADRESSE				0	0	1		227
R	DFCF	DFCF-76-031		1997-01-01		CHATEAU DES DEUX TOURELLES				0	0	1		227
R	DFCF	DFCF-76-032		1997-01-01		CHATEAU DU MESNIL GEOFFROY				0	0	1		227
R	DFCF	DFCF-76-033		1997-01-01		CHATEAU DE BOIS GUILBERT				0	0	1		227
R	DFCF	DFCF-76-034		1997-01-01		CHATEAU DU TAILLIS				0	0	1		227
R	DFCF	DFCF-76-035		1997-01-01		CHATEAU DE GROSMESNIL				0	0	1		227
R	DFCF	DFCF-76-036		1997-01-01		CHATEAU BECCRESPIN				0	0	1		227
R	DFCF	DFCF-76-037		1997-01-01		CHATEAU BAILLEUL				0	0	1		227
R	DFCF	DFCF-76-038		1997-01-01		CHATEAU TREBONS				0	0	1		227
R	DFCF	DFCF-76-039		1997-01-01		CHATEAU DE ANTIVILLE				0	0	1		227
R	DFCF	DFCF-76-040		1997-01-01		CHATEAU GLATIGNY				0	0	1		227
R	DFCF	DFCF-76-041		1997-01-01		CHATEAU D'ORCHER				0	0	1		227
R	DFCF	DFCF-76-042		1997-01-01		CHATEAU DE ROBERT LE DIABLE				0	0	1		227
R	DFCF	DFCF-76-043		1997-01-01		CHATEAU DE CANY				0	0	1		227
R	DFCF	DFCF-76-044		1997-01-01		CHATEAU BERTHEAUVILLE				0	0	1		227
R	DFCF	DFCF-76-045		1997-01-01		CHATEAU DE CAILLEVILLE				0	0	1		227
R	DFCF	DFCF-76-046		1997-01-01		CHATEAU DE BIERVILLE				0	0	1		227
R	DFCF	DFCF-76-047		1997-01-01		CHATEAU DE MESVILLE PANNEVILLE				0	0	1		227
R	DFCF	DFCF-76-048		1997-01-01		CHATEAU JANVILLE				0	0	1		227
R	DFCF	DFCF-76-049		1997-01-01		CHATEAU D'ANGLESQUEVILLE LES MURS				0	0	1		227
R	DFCF	DFCF-76-050		1997-01-01		CHATEAU DE MALLEVILLE LES GRES				0	0	1		227
R	DFCF	DFCF-76-051		1997-01-01		CHATEAU DE BOIS HEROULT				0	0	1		227
R	DFCF	DFCF-76-052		1997-01-01		CHATEAU DE BLAINVILLE				0	0	1		227
R	DFCF	DFCF-76-053		1997-01-01		CHATEAU DE MANNEVILLE				0	0	1		227
R	DFCF	DFCF-76-054		1997-01-01		CHATEAU SASSETOT LE MAUCONDUIT				0	0	1		227
R	DFCF	DFCF-76-055		1997-01-01		CHATEAU DE AUBERVILLE				0	0	1		227
R	DFCF	DFCF-76-056		1997-01-01		CHATEAU DE LA CHAPELLE SUR D'UN				0	0	1		227
R	DFCF	DFCF-76-057		1997-01-01		CHATEAU DE MONDETOUR				0	0	1		227
R	DFCF	DFCF-76-058		1997-01-01		CHATEAU D'ANCRETTEVILLE				0	0	1		227
R	DFCF	DFCF-76-059		1997-01-01		CHATEAU DE MELAMARE				0	0	1		227
R	DFCF	DFCF-76-060		1997-01-01		CHATEAU DE BLOSSEVILLE				0	0	1		227
R	DFCF	DFCF-76-061		1997-01-01		CHATEAU LE LONGUERUE				0	0	1		227
R	DFCF	DFCF-76-062		1997-01-01		CHATEAU BACLAIR				0	0	1		227
R	DFCF	DFCF-76-063		1997-01-01		CHATEAU DE NEUFCHATEL EN BRAY				0	0	1		227
R	DFCF	DFCF-76-064		1997-01-01		CHÂTEAU DE LA CRIQUE				0	0	1		227
R	DFCF	DFCF-76-065		1997-01-01		CHATEAU DE MEULANS				0	0	1		227
R	DFCF	DFCF-76-066		1997-01-01		CHATEAU HARFLEUR				0	0	1		227
R	DFCF	DFCF-76-067		1997-01-01		CHATEAU PREFOSSE				0	0	1		227
R	DFCF	DFCF-76-068		1997-01-01		CHATEAU DES HELLANDES				0	0	1		227
R	DFCF	DFCF-76-069		1997-01-01		CHATEAU DE VALMONT				0	0	1		227
R	DFCF	DFCF-76-070		1997-01-01		CHATEAU DES GADELLES				0	0	1		227
R	DFCF	DFCF-76-071		1997-01-01		CHATEAU DU BOIS HIMONT				0	0	1		227
R	DFCF	DFCF-76-072		1997-01-01		CHATEAU LE CLOS DES FEES				0	0	1		227
R	DFCF	DFCF-76-073		1997-01-01		CHATEAU DE SOMMESNIL				0	0	1		227
R	DFCF	DFCF-76-074		1997-01-01		CHATEAU DE LA HEUZE				0	0	1		227
R	DFCF	DFCF-76-093		1997-01-01		FORT DE DOLLEMARD				0	0	1		227
R	DFCF	DFCF-76-094		1997-01-01		CHATEAU FONTAINE SAINT DENIS				0	0	1		227
R	DFCF	DFCF-76-095		1997-01-01		CHATEAU DE RETIVALAR				0	0	1		227
R	DFCF	DFCF-76-096		1997-01-01		MANOIR DE GOURNAY EN CAUX				0	0	1		227
R	DFCF	DFCF-76-097		1997-01-01		MANOIR DE BEVILLIERS				0	0	1		227
R	DFCF	DFCF-76-099		1997-01-01		MANOIR SAINT LEONARD				0	0	1		227
R	DFCF	DFCF-76-100		1997-01-01		CHATEAU DE NEUVILETTE				0	0	1		227
R	DFCF	DFCF-76-101		1997-01-01		CHATEAU DE LA CHATAIGNERAIE				0	0	1		227
R	DFCF	DFCF-76-102		1997-01-01		CHATEAU DE PLENTHIERE				0	0	1		227
R	DFCF	DFCF-77-001		1997-01-01		CHATEAU D'ARMANVILLIERS				0	0	1		227
R	DFCF	DFCF-77-002		1997-01-01		CHATEAU DU VAL DES DAMES				0	0	1		227
R	DFCF	DFCF-77-003		1997-01-01		CHATEAU DE LA DOUTRE				0	0	1		227
R	DFCF	DFCF-77-004		1997-01-01		TOUR CESAR				0	0	1		227
R	DFCF	DFCF-77-005		1997-01-01		CHATEAU DE CONDE				0	0	1		227
R	DFCF	DFCF-77-006		1997-01-01		CHATEAU DE MORFONDE				0	0	1		227
R	DFCF	DFCF-77-007		1997-01-01		CHATEAU DU BREAU				0	0	1		227
R	DFCF	DFCF-77-008		1997-01-01		CHATEAU DE FORTOISEAU				0	0	1		227
R	DFCF	DFCF-77-009		1997-01-01		CHATEAU DE LUZANCY				0	0	1		227
R	DFCF	DFCF-77-010		1997-01-01		CHATEAU DE TANQUEUX				0	0	1		227
R	DFCF	DFCF-77-011		1997-01-01		CHATEAU DE VENTEUIL				0	0	1		227
R	DFCF	DFCF-77-012		1997-01-01		CHATEAU DE LA PERREUSE				0	0	1		227
R	DFCF	DFCF-77-013		1997-01-01		CHATEAU D'ARMENTIERES				0	0	1		227
R	DFCF	DFCF-77-014		1997-01-01		CHATEAU LE SAUSSOY				0	0	1		227
R	DFCF	DFCF-77-015		1997-01-01		CHATEAU DE REUIL EN BRIE				0	0	1		227
R	DFCF	DFCF-77-016		1997-01-01		CHATEAU DE SIGY				0	0	1		227
R	DFCF	DFCF-77-017		1997-01-01		CHATEAU DE L'ORMURION				0	0	1		227
R	DFCF	DFCF-77-018		1997-01-01		CHATEAU DES CAPUCINS				0	0	1		227
R	DFCF	DFCF-77-019		1997-01-01		CHATEAU MADAME SANS GENE				0	0	1		227
R	DFCF	DFCF-77-020		1997-01-01		CHATEAU D'OZOUER				0	0	1		227
R	DFCF	DFCF-77-021		1997-01-01		CHATEAU DE FERREUX				0	0	1		227
R	DFCF	DFCF-77-022		1997-01-01		CHATEAU GRANDE ROMAINE				0	0	1		227
R	DFCF	DFCF-77-023		1997-01-01		CHATEAU DE FEROLLES				0	0	1		227
R	DFCF	DFCF-77-024		1997-01-01		CHATEAU TRIGANO				0	0	1		227
R	DFCF	DFCF-77-025		1997-01-01		CHATEAU DE LESIGNY				0	0	1		227
R	DFCF	DFCF-77-026		1997-01-01		CHATEAU LES BONDONS				0	0	1		227
R	DFCF	DFCF-77-027		1997-01-01		CHATEAU TARTEREL				0	0	1		227
R	DFCF	DFCF-77-028		1997-01-01		CHATEAU CHAMPTORTET				0	0	1		227
R	DFCF	DFCF-77-029		1997-01-01		CHATEAU DE BREAU				0	0	1		227
R	DFCF	DFCF-77-030		1997-01-01		CHATEAU DE CITRY				0	0	1		227
R	DFCF	DFCF-77-031		1997-01-01		CHATEAU LA MARSAUDIERE				0	0	1		227
R	DFCF	DFCF-77-032		1997-01-01		CHATEAU PEREIRE				0	0	1		227
R	DFCF	DFCF-77-033		1997-01-01		CHATEAU DU BOIS VIGNOLLES				0	0	1		227
R	DFCF	DFCF-77-034		1997-01-01		CHATEAU DU MESNIL  A GRETZ				0	0	1		227
R	DFCF	DFCF-77-035		1997-01-01		CHATEAU DES AGNEAUX				0	0	1		227
R	DFCF	DFCF-77-036		1997-01-01		CHATEAU FERRIERES				0	0	1		227
R	DFCF	DFCF-77-037		1997-01-01		CHATEAU RENARD				0	0	1		227
R	DFCF	DFCF-77-038		1997-01-01		CHATEAU NANTOUILLET				0	0	1		227
R	DFCF	DFCF-77-039		1997-01-01		CHATEAU TRILBARDOU				0	0	1		227
R	DFCF	DFCF-77-040		1997-01-01		CHATEAU DE MONTIGNY				0	0	1		227
R	DFCF	DFCF-77-041		1997-01-01		CHATEAU DE ROISSY EN BRIE				0	0	1		227
R	DFCF	DFCF-77-042		1997-01-01		CHATEAU DE COUPVRAY				0	0	1		227
R	DFCF	DFCF-77-043		1997-01-01		CHATEAU LA PLATA				0	0	1		227
R	DFCF	DFCF-77-044		1997-01-01		CHATEAU LA GRANGE LE ROY				0	0	1		227
R	DFCF	DFCF-77-045		1997-01-01		CHATEAU DE COUBERT				0	0	1		227
R	DFCF	DFCF-77-046		1997-01-01		CHATEAU LA MAISON BLANCHE				0	0	1		227
R	DFCF	DFCF-77-047		1997-01-01		CHATEAU DE RENTILLY				0	0	1		227
R	DFCF	DFCF-77-048		1997-01-01		CHATEAU DE GUERMANTES				0	0	1		227
R	DFCF	DFCF-77-049		1997-01-01		CHATEAU DE CANDALLE				0	0	1		227
R	DFCF	DFCF-77-050		1997-01-01		FORT DE POUILLY				0	0	1		227
R	DFCF	DFCF-77-051		1997-01-01		CHATEAU DE FONTENELLE				0	0	1		227
R	DFCF	DFCF-77-052		1997-01-01		CHATEAU DE PONTILLAULT				0	0	1		227
R	DFCF	DFCF-77-053		1997-01-01		CHATEAU DE SAINT OUEN				0	0	1		227
R	DFCF	DFCF-77-054		1997-01-01		CHATEAU DE COMBREUX				0	0	1		227
R	DFCF	DFCF-77-055		1997-01-01		CHATEAU DE RUBELLES				0	0	1		227
R	DFCF	DFCF-77-056		1997-01-01		CHATEAU DE GREGY				0	0	1		227
R	DFCF	DFCF-77-057		1997-01-01		CHATEAU DU MONCEAU				0	0	1		227
R	DFCF	DFCF-77-058		1997-01-01		CHATEAU D'EVRY				0	0	1		227
R	DFCF	DFCF-77-059		1997-01-01		CHATEAU DU PLESSIS PICARD				0	0	1		227
R	DFCF	DFCF-77-060		1997-01-01		CHATEAU DE VILLEPATOUR				0	0	1		227
R	DFCF	DFCF-77-061		1997-01-01		CHATEAU DE JOSSIGNY				0	0	1		227
R	DFCF	DFCF-77-062		1997-01-01		CHATEAU DE LA GUETTE				0	0	1		227
R	DFCF	DFCF-77-063		1997-01-01		CHATEAU BOULAYES				0	0	1		227
R	DFCF	DFCF-77-064		1997-01-01		CHATEAU DU CHEMIN				0	0	1		227
R	DFCF	DFCF-77-065		1997-01-01		CHATEAU DE BEAUMARCHAIS				0	0	1		227
R	DFCF	DFCF-77-066		1997-01-01		CHATEAU DE CONCHES				0	0	1		227
R	DFCF	DFCF-77-067		1997-01-01		CHATEAU DE DEUIL				0	0	1		227
R	DFCF	DFCF-77-068		1997-01-01		CHATEAU DU DUC D'EPERNON				0	0	1		227
R	DFCF	DFCF-77-069		1997-01-01		CHATEAU DE BELLE FONTAINE				0	0	1		227
R	DFCF	DFCF-77-070		1997-01-01		CHATEAU D'ECOUBLAY				0	0	1		227
R	DFCF	DFCF-77-071		1997-01-01		CHATEAU DE LA HOUSSAYE				0	0	1		227
R	DFCF	DFCF-77-072		1997-01-01		CHATEAU DU VIVIER				0	0	1		227
R	DFCF	DFCF-77-073		1997-01-01		CHATEAU DE L'ABBAYE				0	0	1		227
R	DFCF	DFCF-77-074		1997-01-01		CHATEAU DE FORCILLES				0	0	1		227
R	DFCF	DFCF-77-075		1997-01-01		CHATEAU DE LA BARRE				0	0	1		227
R	DFCF	DFCF-77-076		1997-01-01		CHATEAU DE BOIS LA CROIX				0	0	1		227
R	DFCF	DFCF-77-077		1997-01-01		CHATEAU DE FLEURY EN BIERE				0	0	1		227
R	DFCF	DFCF-77-078		1997-01-01		CHATEAU PARAT				0	0	1		227
R	DFCF	DFCF-77-079		1997-01-01		CHATEAU DE LA JONCHERE				0	0	1		227
R	DFCF	DFCF-77-080		1997-01-01		CHATEAU BUISSON				0	0	1		227
R	DFCF	DFCF-77-081		1997-01-01		CHATEAU DE VILLARCEAUX				0	0	1		227
R	DFCF	DFCF-77-082		1997-01-01		PETIT CHATEAU DE PONTCARRE				0	0	1		227
R	DFCF	DFCF-77-083		1997-01-01		CHATEAU D'EMERAINVILLES				0	0	1		227
R	DFCF	DFCF-77-084		1997-01-01		CHATEAU DE CROISSY BEAUBOURG				0	0	1		227
R	DFCF	DFCF-77-085		1997-01-01		CHATEAU DE MANDINET				0	0	1		227
R	DFCF	DFCF-77-086		1997-01-01		CHATEAU D'ATTILLY				0	0	1		227
R	DFCF	DFCF-77-087		1997-01-01		CHATEAU DES CHARMETTES				0	0	1		227
R	DFCF	DFCF-77-088		1997-01-01		CHATEAU DE LA POMPONNETTE				0	0	1		227
R	DFCF	DFCF-77-089		1997-01-01		CHATEAU DE BROU SUR CHANTEREINE				0	0	1		227
R	DFCF	DFCF-77-090		1997-01-01		CHATEAU DE VAIRES SUR MARNE				0	0	1		227
R	DFCF	DFCF-77-091		1997-01-01		CHATEAU DE LESCHES				0	0	1		227
R	DFCF	DFCF-77-092		1997-01-01		CHATEAU DE SERVON				0	0	1		227
R	DFCF	DFCF-77-093		1997-01-01		CHATEAU DE VILLEMENON				0	0	1		227
R	DFCF	DFCF-77-094		1997-01-01		CHATEAU DE SANNOIS				0	0	1		227
R	DFCF	DFCF-77-095		1997-01-01		CHATEAU D'ETRY				0	0	1		227
R	DFCF	DFCF-77-096		1997-01-01		CHATEAU DE LOUCHE				0	0	1		227
R	DFCF	DFCF-77-097		1997-01-01		CHATEAU DE CHENOISE				0	0	1		227
R	DFCF	DFCF-77-098		1997-01-01		CHATEAU DE GRAVILLE				0	0	1		227
R	DFCF	DFCF-77-099		1997-01-01		CHATEAU LA BROSSE				0	0	1		227
R	DFCF	DFCF-77-100		1997-01-01		CHATEAU DE QUINCY VOISIN				0	0	1		227
R	DFCF	DFCF-77-101		1997-01-01		CHATEAU HAUTEFEUILLE				0	0	1		227
R	DFCF	DFCF-77-102		1997-01-01		CHATEAU DE FONTAINEBLEAU				0	0	1		227
R	DFCF	DFCF-77-103		1997-01-01		CHATEAU DE MONTHYON				0	0	1		227
R	DFCF	DFCF-77-104		1997-01-01		CHATEAU DE VAUX LE VICOMTE				0	0	1		227
R	DFCF	DFCF-77-105		1997-01-01		CHATEAU DE VOISENON				0	0	1		227
R	DFCF	DFCF-77-106		1997-01-01		CHATEAU GAILLARD				0	0	1		227
R	DFCF	DFCF-77-107		1997-01-01		CHATEAU DE BLANDY LES TOURS				0	0	1		227
R	DFCF	DFCF-77-108		1997-01-01		CHATEAU BARNEAU				0	0	1		227
R	DFCF	DFCF-77-109		1997-01-01		CHATEAU DU GRAND JARD				0	0	1		227
R	DFCF	DFCF-77-110		1997-01-01		CHATEAU DE MONTJAY				0	0	1		227
R	DFCF	DFCF-77-111		1997-01-01		CHATEAU DES VIVES EAUX				0	0	1		227
R	DFCF	DFCF-77-112		1997-01-01		CHATEAU DU POITOU				0	0	1		227
R	DFCF	DFCF-77-113		1997-01-01		CHATEAU DE BISY				0	0	1		227
R	DFCF	DFCF-77-114		1997-01-01		CHATEAU BOMBON				0	0	1		227
R	DFCF	DFCF-77-115		1997-01-01		CHATEAU LES COTEAUX				0	0	1		227
R	DFCF	DFCF-77-116		1997-01-01		CHATEAU DES TOURELLES				0	0	1		227
R	DFCF	DFCF-77-117		1997-01-01		CHATEAU DE COMPANS				0	0	1		227
R	DFCF	DFCF-77-118		1997-01-01		VIEUX CHATEAU DE MORTCERF				0	0	1		227
R	DFCF	DFCF-77-119		1997-01-01		CHATEAU DE LA TOUR				0	0	1		227
R	DFCF	DFCF-77-120		1997-01-01		CHATEAU MONTANGLAUST				0	0	1		227
R	DFCF	DFCF-77-121		1997-01-01		CHATEAU MARYSIEN				0	0	1		227
R	DFCF	DFCF-77-122		1997-01-01		CHATEAU BORNICHE				0	0	1		227
R	DFCF	DFCF-77-123		1997-01-01		CHATEAU BELLEVUE				0	0	1		227
R	DFCF	DFCF-77-124		1997-01-01		TOUR DE GARDE DE ROISSY EN BRIE				0	0	1		227
R	DFCF	DFCF-77-125		1997-01-01		TOUR DE GARDE D'OZOIR				0	0	1		227
R	DFCF	DFCF-77-126		1997-01-01		CHATEAU DES DAMES				0	0	1		227
R	DFCF	DFCF-77-127		1997-01-01		CHATEAU ROUILLY				0	0	1		227
R	DFCF	DFCF-77-128		1997-01-01		CHATEAU DE LUMIGNY				0	0	1		227
R	DFCF	DFCF-77-129		1997-01-01		CHATEAU DE VILLERS LES MAILLETS				0	0	1		227
R	DFCF	DFCF-77-130		1997-01-01		CHATEAU DES MARGUETTES				0	0	1		227
R	DFCF	DFCF-77-131		1997-01-01		CHATEAU DES FONTAINES				0	0	1		227
R	DFCF	DFCF-77-132		1997-01-01		CHATEAU DE BRIE COMTE ROBERT				0	0	1		227
R	DFCF	DFCF-77-133		1997-01-01		CHATEAU DE BEAUVOIR				0	0	1		227
R	DFCF	DFCF-77-134		1997-01-01		CHATEAU DE CHESSY				0	0	1		227
R	DFCF	DFCF-77-135		1997-01-01		CHATEAU DE CHAMPS SUR MARNE				0	0	1		227
R	DFCF	DFCF-77-136		1997-01-01		CHATEAU PLESSIS SAINT AVOYE				0	0	1		227
R	DFCF	DFCF-77-137		1997-01-01		CHATEAULES TOURELLES				0	0	1		227
R	DFCF	DFCF-77-138		1997-01-01		CHATEAU DE MOUSSY				0	0	1		227
R	DFCF	DFCF-77-139		1997-01-01		CHATEAU DE BY				0	0	1		227
R	DFCF	DFCF-77-142		1997-01-01		CHATEAU D'ARGEVILLE				0	0	1		227
R	DFCF	DFCF-77-146		1997-01-01		CHATEAU DE COSSIGNY				0	0	1		227
R	DFCF	DFCF-77-148		1997-01-01		CHATEAU DE SUISNES				0	0	1		227
R	DFCF	DFCF-77-149		1997-01-01		CHATEAU DE VILLEMAIN				0	0	1		227
R	DFCF	DFCF-77-150		1997-01-01		CHATEAU DE LUGNY				0	0	1		227
R	DFCF	DFCF-77-151		1997-01-01		TOUR DU HOUSSOY				0	0	1		227
R	DFCF	DFCF-77-152		1997-01-01		CHATEAU DE CHAMPIVERT				0	0	1		227
R	DFCF	DFCF-77-153		1997-01-01		CHATEAU DE COURTRY				0	0	1		227
R	DFCF	DFCF-77-154		1997-01-01		CHATEAU DE CHAALIS				0	0	1		227
R	DFCF	DFCF-77-155		1997-01-01		CHATEAU DE LA CHAUVENNERIE				0	0	1		227
R	DFCF	DFCF-77-156		1997-01-01		CHATEAU DE BOULAINS				0	0	1		227
R	DFCF	DFCF-77-157		1997-01-01		CHATEAU DE SIVRY-COURTRY				0	0	1		227
R	DFCF	DFCF-77-158		1997-01-01		CHATEAU DE TACHY				0	0	1		227
R	DFCF	DFCF-77-159		1997-01-01		CHATEAU DE LA MOTTE				0	0	1		227
R	DFCF	DFCF-77-160		1997-01-01		CHATEAU DE FRESNES				0	0	1		227
R	DFCF	DFCF-77-161		1997-01-01		CHATEAU DU BOIS-LOUIS				0	0	1		227
R	DFCF	DFCF-77-162		1997-01-01		CHATEAU DE SAINT LEU				0	0	1		227
R	DFCF	DFCF-77-163		1997-01-01		CHATEAU DU HULAY				0	0	1		227
R	DFCF	DFCF-77-164		1997-01-01		CHATEAU DE BRINCHES				0	0	1		227
R	DFCF	DFCF-77-165		1997-01-01		CHATEAU DE VILLECEAUX				0	0	1		227
R	DFCF	DFCF-77-166		1997-01-01		CHATEAU DE CHEVRY EN SEREINE				0	0	1		227
R	DFCF	DFCF-77-167		1997-01-01		CHATEAU BREAU				0	0	1		227
R	DFCF	DFCF-77-168		1997-01-01		CHATEAU DE MUN				0	0	1		227
R	DFCF	DFCF-77-169		1997-01-01		CHATEAU DES BOUILLANTS				0	0	1		227
R	DFCF	DFCF-77-170		1997-01-01		CHATEAU DE MONTGERMONT				0	0	1		227
R	DFCF	DFCF-77-171		1997-01-01		CHATEAU D'AUNOY				0	0	1		227
R	DFCF	DFCF-77-172		1997-01-01		CHATEAU DE LA TROUSSE				0	0	1		227
R	DFCF	DFCF-77-173		1997-01-01		CHATEAU DE MONTRY				0	0	1		227
R	DFCF	DFCF-77-174		1997-01-01		CHATEAU DE LA TASSE				0	0	1		227
R	DFCF	DFCF-77-175		1997-01-01		CHATEAU DE SAINTE ASSISE				0	0	1		227
R	DFCF	DFCF-77-176		1997-01-01		CHATEAU SOUBIRAN				0	0	1		227
R	DFCF	DFCF-77-177		1997-01-01		CHATEAU BELLOMBRE				0	0	1		227
R	DFCF	DFCF-77-178		1997-01-01		CHATEAU D'EGREVILLE				0	0	1		227
R	DFCF	DFCF-77-179		1997-01-01		CHATEAU DU COMTE DE SEGUR				0	0	1		227
R	DFCF	DFCF-77-180		1997-01-01		CHATEAU CANNES				0	0	1		227
R	DFCF	DFCF-77-181		1997-01-01		CHATEAU MISY				0	0	1		227
R	DFCF	DFCF-77-182		1997-01-01		CHATEAU PETIT GASSON				0	0	1		227
R	DFCF	DFCF-77-183		1997-01-01		MANOIR DE VILLENEUVE LE COMTE				0	0	1		227
R	DFCF	DFCF-77-184		1997-01-01		CHATEAU DU RU				0	0	1		227
R	DFCF	DFCF-77-185		1997-01-01		CHATEAU MAILLARD				0	0	1		227
R	DFCF	DFCF-77-186		1997-01-01		CHATEAU DE HOUSSIERE				0	0	1		227
R	DFCF	DFCF-77-187		1997-01-01		MONSTEAUX DE MEAUX				0	0	1		227
R	DFCF	DFCF-77-188		1997-01-01		LE MANOR DE LA CROIX SAINTE MARTHE				0	0	1		227
R	DFCF	DFCF-77-189		1997-01-01		CHÂTEAU DE MORAS				0	0	1		227
R	DFCF	DFCF-77-190		1997-01-01		TOUR DE LA HAUTE MAISON				0	0	1		227
R	DFCF	DFCF-77-191		1997-01-01		CHATEAU DU CHEMIN				0	0	1		227
R	DFCF	DFCF-77-192		1997-01-01		CHÂTEAU DE MAROLLES EN BRIE				0	0	1		227
R	DFCF	DFCF-77-193		1997-01-01		CHÂTEAU DE LA PLUMASSERIE				0	0	1		227
R	DFCF	DFCF-77-194		1997-01-01		CHATEAU LE PAVILLON				0	0	1		227
R	DFCF	DFCF-77-195		1997-01-01		TOUR DOSDANES				0	0	1		227
R	DFCF	DFCF-77-196		1997-01-01		CHATEAU DE NANTEAU SUR LUNIN				0	0	1		227
R	DFCF	DFCF-77-199		1997-01-01		CHATEAU DE GRESSY				0	0	1		227
R	DFCF	DFCF-77-200		1997-01-01		CHATEAU DE BARBEY				0	0	1		227
R	DFCF	DFCF-77-201		1997-01-01		CHATEAU DE BOISSY LE CHATEL				0	0	1		227
R	DFCF	DFCF-77-202		1997-01-01		CHATEAU DE CHAMBERGEOT				0	0	1		227
R	DFCF	DFCF-77-203		1997-01-01		CHATEAU DE LA RENOMMIERE				0	0	1		227
R	DFCF	DFCF-77-204		1997-01-01		CHATEAU DE VILLERS				0	0	1		227
R	DFCF	DFCF-77-205		1997-01-01		CHATEAU DE PEREUSE				0	0	1		227
R	DFCF	DFCF-77-207		1997-01-01		CHATEAU DE BOISSY LE CHATEL				0	0	1		227
R	DFCF	DFCF-77-208		1997-01-01		CHATEAU DE CHARNESSEUIL				0	0	1		227
R	DFCF	DFCF-77-209		1997-01-01		CHATEAU DE GENILLE				0	0	1		227
R	DFCF	DFCF-77-210		1997-01-01		CHATEAU LE BUISSON				0	0	1		227
R	DFCF	DFCF-77-211		1997-01-01		CHATEAU DE BEAULIEU				0	0	1		227
R	DFCF	DFCF-77-212		1997-01-01		CHATEAU D'ECOUBLAY				0	0	1		227
R	DFCF	DFCF-77-213		1997-01-01		CHATEAU DE LA CHALOTTERIE				0	0	1		227
R	DFCF	DFCF-77-214		1997-01-01		CHATEAU VIGNEAU				0	0	1		227
R	DFCF	DFCF-77-215		1997-01-01		CHATEAU DE CRECY LA CHAPELLE				0	0	1		227
R	DFCF	DFCF-77-216		1997-01-01		CHANTEAU DE GRANDVILLIERS				0	0	1		227
R	DFCF	DFCF-77-218		1997-01-01		MANOIR DE KERWILL				0	0	1		227
R	DFCF	DFCF-77-219		1997-01-01		CHATEAU LES MOYEUX				0	0	1		227
R	DFCF	DFCF-77-220		1997-01-01		CHATEAU DE LA FONTAINE AUX LIEVRES				0	0	1		227
R	DFCF	DFCF-77-221		1997-01-01		CHATEAU DES ORMES SOUS VOUZIE				0	0	1		227
R	DFCF	DFCF-77-222		1997-01-01		CHATEAU DE CHALIFERT				0	0	1		227
R	DFCF	DFCF-77-223		1997-01-01		CHATEAU BILBARTAULT				0	0	1		227
R	DFCF	DFCF-77-224		1997-01-01		CHATEAU DE MONTEBISE				0	0	1		227
R	DFCF	DFCF-77-225		1997-01-01		CHATEAU DE MERYL SUR MARNE				0	0	1		227
R	DFCF	DFCF-77-226		1997-01-01		CHATEAU DES BRUYERES				0	0	1		227
R	DFCF	DFCF-77-227		1997-01-01		CHATEAU SAINT LOUIS				0	0	1		227
R	DFCF	DFCF-77-228		1997-01-01		CHATEAU DE MORIN				0	0	1		227
R	DFCF	DFCF-77-229		1997-01-01		CHATEAU DE POMPONNE				0	0	1		227
R	DFCF	DFCF-77-230		1997-01-01		CHATEAU DE GRAVILLE				0	0	1		227
R	DFCF	DFCF-77-231		1997-01-01		CHATEAU DE VENTEUIL				0	0	1		227
R	DFCF	DFCF-77-232		1997-01-01		CHATEAU DE BELLEVUE				0	0	1		227
R	DFCF	DFCF-77-233		1997-01-01		CHATEAU DE POMMEUSE				0	0	1		227
R	DFCF	DFCF-77-234		1997-01-01		CHATEAU DE GERMINY L'EVEQUE				0	0	1		227
R	DFCF	DFCF-77-235		1997-01-01		CHATEAU DE VOULANGIS				0	0	1		227
R	DFCF	DFCF-77-236		1997-01-01		CHATEAU DE CHAMBONNIERE				0	0	1		227
R	DFCF	DFCF-77-237		1997-01-01		CHATEAU DE PATRAS				0	0	1		227
R	DFCF	DFCF-77-238		1997-01-01		CHATEAU DE LA COLOMBIERE				0	0	1		227
R	DFCF	DFCF-77-239		1997-01-01		CHATEAU DE DAMMARTIN SUR TIGEAUX				0	0	1		227
R	DFCF	DFCF-77-240		1997-01-01		CHATEAU DU PETIT PARIS				0	0	1		227
R	DFCF	DFCF-77-241		1997-01-01		MANOIR DE CHAUBUISSON				0	0	1		227
R	DFCF	DFCF-77-242		1997-01-01		CHATEAU DE ROISE				0	0	1		227
R	DFCF	DFCF-77-243		1997-01-01		CHATEAU DE SANCY				0	0	1		227
R	DFCF	DFCF-77-244		1997-01-01		CHATEAU DE VAUCOURTOIS				0	0	1		227
R	DFCF	DFCF-77-245		1997-01-01		MANOIR DE BESSY				0	0	1		227
R	DFCF	DFCF-77-246		1997-01-01		CHATEAU DE CHAUFFOUR				0	0	1		227
R	DFCF	DFCF-77-247		1997-01-01		CHATEAU TARTEREL				0	0	1		227
R	DFCF	DFCF-77-248		1997-01-01		CHATEAU DE CHAMPGUEFFIER				0	0	1		227
R	DFCF	DFCF-77-249		1997-01-01		CHATEAU DE TANQUEUX				0	0	1		227
R	DFCF	DFCF-77-250		1997-01-01		CHATEAU DE SAUSSOY				0	0	1		227
R	DFCF	DFCF-77-251		1997-01-01		CHATEAU LES BONDONS				0	0	1		227
R	DFCF	DFCF-77-252		1997-01-01		CHATEAU DE REUIL EN BRIE				0	0	1		227
R	DFCF	DFCF-77-253		1997-01-01		CHATEAU DE LUZANCY				0	0	1		227
R	DFCF	DFCF-77-254		1997-01-01		CHATEAU DE BERVILLE				0	0	1		227
R	DFCF	DFCF-77-255		1997-01-01		CHATEAU DE BAILLY				0	0	1		227
R	DFCF	DFCF-77-256		1997-01-01		CHATEAU DE MAUREVERT				0	0	1		227
R	DFCF	DFCF-77-257		1997-01-01		CHATEAU DE BREUIL				0	0	1		227
R	DFCF	DFCF-77-258		1997-01-01		MANOIR DU COUDRAY				0	0	1		227
R	DFCF	DFCF-77-259		1997-01-01		MANOIR LE MENILLET				0	0	1		227
R	DFCF	DFCF-77-260		1997-01-01		MANOIR LE LIMODIN				0	0	1		227
R	DFCF	DFCF-77-261		1997-01-01		ANCIEN CHATEAU DE PLESSIS				0	0	1		227
R	DFCF	DFCF-77-262		1997-01-01		CHATEAU DE CEDRES				0	0	1		227
R	DFCF	DFCF-77-263		1997-01-01		CHATEAU DE VILLIERS				0	0	1		227
R	DFCF	DFCF-77-264		1997-01-01		CHATEAU DE NOYEN SUR SEINE				0	0	1		227
R	DFCF	DFCF-77-265		1997-01-01		CHATEAUX FLAMBOIN				0	0	1		227
R	DFCF	DFCF-77-266		1997-01-01		CHATEAU DU DUIT				0	0	1		227
R	DFCF	DFCF-77-267		1997-01-01		CHATEAU DE NOISIEL				0	0	1		227
R	DFCF	DFCF-77-268		1997-01-01		CHATEAU DE LA DIMERESSE				0	0	1		227
R	DFCF	DFCF-77-269		1997-01-01		CHATEAU DU BOIS DE LA CROIX				0	0	1		227
R	DFCF	DFCF-77-270		1997-01-01		CHATEAU DES AMENDES				0	0	1		227
R	DFCF	DFCF-77-271		1997-01-01		CHATEAU BESNARD				0	0	1		227
R	DFCF	DFCF-77-272		1997-01-01		CHATEAU DE CONDE				0	0	1		227
R	DFCF	DFCF-77-273		1997-01-01		CHATEAU DE LA ROCHE				0	0	1		227
R	DFCF	DFCF-77-274		1997-01-01		CHATEAU D’AUTOMNE				0	0	1		227
R	DFCF	DFCF-77-275		1997-01-01		CHATEAU DU MARTOY				0	0	1		227
R	DFCF	DFCF-77-276		1997-01-01		CHATEAU DE MONGLAS				0	0	1		227
R	DFCF	DFCF-77-277		1997-01-01		CHATEAU DE GESVRES LE DUC				0	0	1		227
R	DFCF	DFCF-77-278		1997-01-01		CHATEAU DE LA NACELLE				0	0	1		227
R	DFCF	DFCF-77-279		1997-01-01		MANOIR DES QUATRE VENTS				0	0	1		227
R	DFCF	DFCF-77-280		1997-01-01		CHATEAU DE COCHEREL				0	0	1		227
R	DFCF	DFCF-77-281		1997-01-01		CHATEAU DU GUE A TRESMES				0	0	1		227
R	DFCF	DFCF-77-282		1997-01-01		CHATEAU DE FORFRY				0	0	1		227
R	DFCF	DFCF-77-283		1997-01-01		CHATEAU BARRIERE				0	0	1		227
R	DFCF	DFCF-77-284		1997-01-01		CHATEAU FONTAINES LES NONNES				0	0	1		227
R	DFCF	DFCF-77-285		1997-01-01		CHATEAU DE LA CHAPELLE GAUTHIER				0	0	1		227
R	DFCF	DFCF-78-001		1997-01-01		CHATEAU DE VERSAILLES				0	0	1		227
R	DFCF	DFCF-78-002		1997-01-01		CHATEAU DE PORCHARTRAIN				0	0	1		227
R	DFCF	DFCF-78-003		1997-01-01		CHATEAU DU MANET				0	0	1		227
R	DFCF	DFCF-78-004		1997-01-01		CHATEAU DE LA COULDRE				0	0	1		227
R	DFCF	DFCF-78-005		1997-01-01		CHATEAU DE THOIRY				0	0	1		227
R	DFCF	DFCF-78-007		1997-01-01		FORT DE SAINT CYR				0	0	1		227
R	DFCF	DFCF-78-008		1997-01-01		CHATEAU GRAND-CHESNAY				0	0	1		227
R	DFCF	DFCF-78-009		1997-01-01		FORT DE BOIS D'ARCY				0	0	1		227
R	DFCF	DFCF-78-010		1997-01-01		CHATEAU DE LA MADELEINE				0	0	1		227
R	DFCF	DFCF-78-012		1997-01-01		CHATEAU MAISON LAFFITTE				0	0	1		227
R	DFCF	DFCF-78-013		1997-01-01		CHATEAU DU VAL				0	0	1		227
R	DFCF	DFCF-78-014		1997-01-01		CHATEAU DU PETIT TRIANON				0	0	1		227
R	DFCF	DFCF-78-015		1997-01-01		CHATEAU DU GRAND TRIANON				0	0	1		227
R	DFCF	DFCF-78-018		1997-01-01		CHÂTEAU DE PRUNAY				0	0	1		227
R	DFCF	DFCF-78-019		1997-01-01		CHÂTEAU DE RAMBOUILLET				0	0	1		227
R	DFCF	DFCF-78-020		1997-01-01		CHÂTEAU DE SAINT LEGER				0	0	1		227
R	DFCF	DFCF-78-021		1997-01-01		CHATEAU DE NEUVILLE				0	0	1		227
R	DFCF	DFCF-78-022		1997-01-01		CHATEAU DE MAULETTE				0	0	1		227
R	DFCF	DFCF-79-001		1997-01-01		CHATEAU DE REGNE				0	0	1		227
R	DFCF	DFCF-79-002		1997-01-01		CHATEAU LA SALMONDIERE				0	0	1		227
R	DFCF	DFCF-79-003		1997-01-01		CHATEAU DU CHAILLOU				0	0	1		227
R	DFCF	DFCF-79-004		1997-01-01		CHATEAU DE LEZAY				0	0	1		227
R	DFCF	DFCF-79-005		1997-01-01		CHATEAU DE LA ROCHE ELIE				0	0	1		227
R	DFCF	DFCF-79-006		1997-01-01		CHATEAU DE LA CHEVRELIERE				0	0	1		227
R	DFCF	DFCF-79-007		1997-01-01		CHATEAU DE VILLEDIEU DE COMBLE				0	0	1		227
R	DFCF	DFCF-79-008		1997-01-01		CHATEAU DE JAVARZAY				0	0	1		227
R	DFCF	DFCF-79-009		1997-01-01		CHATEAU DE LA GUERIVIERE				0	0	1		227
R	DFCF	DFCF-79-010		1997-01-01		CHATEAU DES TOUCHES				0	0	1		227
R	DFCF	DFCF-79-011		1997-01-01		CHATEAU DES MARAIS				0	0	1		227
R	DFCF	DFCF-79-012		1997-01-01		CHATEAU DE GRAND CHAMP				0	0	1		227
R	DFCF	DFCF-79-013		1997-01-01		CHATEAU DE TEILLE				0	0	1		227
R	DFCF	DFCF-79-014		1997-01-01		CHATEAU DE CHAILLE				0	0	1		227
R	DFCF	DFCF-79-015		1997-01-01		CHATEAU DE MELZEAR				0	0	1		227
R	DFCF	DFCF-79-016		1997-01-01		CHATEAU DE BONNEUIL				0	0	1		227
R	DFCF	DFCF-79-017		1997-01-01		CHATEAU DES OUSCHES				0	0	1		227
R	DFCF	DFCF-79-018		1997-01-01		CHATEAU DE BRIEUIL				0	0	1		227
R	DFCF	DFCF-79-019		1997-01-01		CHATEAU DE EXOUDUN				0	0	1		227
R	DFCF	DFCF-79-020		1997-01-01		CHATEAU LE BOUX				0	0	1		227
R	DFCF	DFCF-79-021		1997-01-01		CHATEAU DE THEIL				0	0	1		227
R	DFCF	DFCF-79-022		1997-01-01		CHATEAU LA MARTINIERE				0	0	1		227
R	DFCF	DFCF-79-023		1997-01-01		CHATEAU LA COMMANDERIE				0	0	1		227
R	DFCF	DFCF-79-024		1997-01-01		CHATEAU MONTENEAU				0	0	1		227
R	DFCF	DFCF-79-025		1997-01-01		CHATEAU BREUIL COIFFAULT				0	0	1		227
R	DFCF	DFCF-79-026		1997-01-01		CHATEAU LA RENAUDIERE				0	0	1		227
R	DFCF	DFCF-79-027		1997-01-01		CHATEAU DE JOUHE				0	0	1		227
R	DFCF	DFCF-79-028		1997-01-01		CHATEAU DE BEAUSSAIS				0	0	1		227
R	DFCF	DFCF-79-029		1997-01-01		CHATEAU GAGEMONT				0	0	1		227
R	DFCF	DFCF-79-030		1997-01-01		CHATEAU DE VEZANCAIS				0	0	1		227
R	DFCF	DFCF-79-031		1997-01-01		CHATEAU DE CONZAIS				0	0	1		227
R	DFCF	DFCF-79-032		1997-01-01		CHATEAU DE LA VOUTE				0	0	1		227
R	DFCF	DFCF-79-033		1997-01-01		CHATEAU DE SALLES				0	0	1		227
R	DFCF	DFCF-79-034		1997-01-01		CHATEAU LA MOTHE DU BOIS				0	0	1		227
R	DFCF	DFCF-79-035		1997-01-01		CHATEAU BOURGNEUF				0	0	1		227
R	DFCF	DFCF-79-036		1997-01-01		CHATEAU D'AVANCON				0	0	1		227
R	DFCF	DFCF-79-037		1997-01-01		CHATEAU DE NIORT				0	0	1		227
R	DFCF	DFCF-79-038		1997-01-01		CHATEAU CHATEAUNEUF				0	0	1		227
R	DFCF	DFCF-79-039		1997-01-01		CHATEAU L'HERBAUDIERE				0	0	1		227
R	DFCF	DFCF-79-040		1997-01-01		CHATEAU ROCHE NAIDE				0	0	1		227
R	DFCF	DFCF-79-041		1997-01-01		CHATEAU LE SALBART				0	0	1		227
R	DFCF	DFCF-79-042		1997-01-01		CHATEAU LA GUILLOTIERE				0	0	1		227
R	DFCF	DFCF-79-043		1997-01-01		CHATEAU LUSSAUDIERE				0	0	1		227
R	DFCF	DFCF-79-044		1997-01-01		CHATEAU FONTIVILLE				0	0	1		227
R	DFCF	DFCF-79-045		1997-01-01		CHATEAU LA RIGAUDIERE				0	0	1		227
R	DFCF	DFCF-79-046		1997-01-01		CHATEAU GERMAIN				0	0	1		227
R	DFCF	DFCF-79-047		1997-01-01		CHATEAU DE CHERVEUX				0	0	1		227
R	DFCF	DFCF-79-048		1997-01-01		CHATEAU LA GUITTONNIERE				0	0	1		227
R	DFCF	DFCF-79-049		1997-01-01		CHATEAU LE PUY D'ANCHE				0	0	1		227
R	DFCF	DFCF-79-050		1997-01-01		CHATEAU LA GRIZOLLE				0	0	1		227
R	DFCF	DFCF-79-051		1997-01-01		CHATEAU LA THIBAUDIERE				0	0	1		227
R	DFCF	DFCF-79-052		1997-01-01		CHATEAU DE PRINCAIS				0	0	1		227
R	DFCF	DFCF-79-053		1997-01-01		CHATEAU DE PARAIS				0	0	1		227
R	DFCF	DFCF-79-054		1997-01-01		CHATEAU D'ASNIERES EN POITOU				0	0	1		227
R	DFCF	DFCF-79-055		1997-01-01		CHATEAU LE VERT				0	0	1		227
R	DFCF	DFCF-79-056		1997-01-01		CHATEAU LES FONTENELLES				0	0	1		227
R	DFCF	DFCF-79-057		1997-01-01		CHATEAU LE PUY DE MIAURAY				0	0	1		227
R	DFCF	DFCF-79-058		1997-01-01		CHATEAU DE AIFFRES				0	0	1		227
R	DFCF	DFCF-79-059		1997-01-01		CHATEAU GRANDMAY				0	0	1		227
R	DFCF	DFCF-79-060		1997-01-01		CHATEAU CRESPE				0	0	1		227
R	DFCF	DFCF-79-061		1997-01-01		CHATEAU BEL-AIR				0	0	1		227
R	DFCF	DFCF-79-062		1997-01-01		CHATEAU DE SAINT SYMPHORIEN				0	0	1		227
R	DFCF	DFCF-79-063		1997-01-01		CHATEAU LA CHAMPENOISE				0	0	1		227
R	DFCF	DFCF-79-064		1997-01-01		CHATEAU DE CHANTIGNE				0	0	1		227
R	DFCF	DFCF-79-065		1997-01-01		CHATEAU DE LENS				0	0	1		227
R	DFCF	DFCF-79-066		1997-01-01		CHATEAU LA REVETIZON				0	0	1		227
R	DFCF	DFCF-79-067		1997-01-01		CHATEAU DE PERE EN FORET				0	0	1		227
R	DFCF	DFCF-79-068		1997-01-01		CHATEAU LE PETIT LOGIS				0	0	1		227
R	DFCF	DFCF-79-069		1997-01-01		CHATEAU DE VAIRE				0	0	1		227
R	DFCF	DFCF-79-070		1997-01-01		CHATEAU LE PIN				0	0	1		227
R	DFCF	DFCF-79-071		1997-01-01		CHATEAU DE LA FOYE				0	0	1		227
R	DFCF	DFCF-79-072		1997-01-01		CHATEAU DE GENEVE				0	0	1		227
R	DFCF	DFCF-79-073		1997-01-01		CHATEAU DE LA FORET SUR SEVRE				0	0	1		227
R	DFCF	DFCF-79-074		1997-01-01		CHATEAU VAUDELEIGNE				0	0	1		227
R	DFCF	DFCF-79-075		1997-01-01		CHATEAU D'AVAILLES				0	0	1		227
R	DFCF	DFCF-79-076		1997-01-01		CHATEAU CHAMPMARGOU				0	0	1		227
R	DFCF	DFCF-79-077		1997-01-01		CHATEAU CHANTEMERLE				0	0	1		227
R	DFCF	DFCF-79-078		1997-01-01		CHATEAU DE SAUGE				0	0	1		227
R	DFCF	DFCF-79-079		1997-01-01		CHATEAU DE SAINT GELAIS				0	0	1		227
R	DFCF	DFCF-79-080		1997-01-01		CHATEAU DE MISERE				0	0	1		227
R	DFCF	DFCF-79-081		1997-01-01		CHATEAU DE BOISRAGON				0	0	1		227
R	DFCF	DFCF-79-082		1997-01-01		CHATEAU DE SUIRE				0	0	1		227
R	DFCF	DFCF-79-083		1997-01-01		CHATEAU DE LA TAILLE				0	0	1		227
R	DFCF	DFCF-79-084		1997-01-01		CHATEAU DE LA CARTE				0	0	1		227
R	DFCF	DFCF-79-085		1997-01-01		CHATEAU DE FAUGERE				0	0	1		227
R	DFCF	DFCF-79-086		1997-01-01		CHATEAU DE L'AUNAY				0	0	1		227
R	DFCF	DFCF-79-087		1997-01-01		CHATEAU DE PUYRAVEAU				0	0	1		227
R	DFCF	DFCF-79-088		1997-01-01		CHATEAU DE MAUZE SUR LE MIGNON				0	0	1		227
R	DFCF	DFCF-79-089		1997-01-01		CHATEAU DE LA PEROTERIE				0	0	1		227
R	DFCF	DFCF-79-090		1997-01-01		CHATEAU DE L'HOUMELIERE				0	0	1		227
R	DFCF	DFCF-79-091		1997-01-01		CHATEAU ARCAIS				0	0	1		227
R	DFCF	DFCF-79-092		1997-01-01		CHATEAU DE SAZAY				0	0	1		227
R	DFCF	DFCF-79-093		1997-01-01		CHATEAU OLBREUSE				0	0	1		227
R	DFCF	DFCF-79-094		1997-01-01		CHATEAU DU GRAND BREUIL				0	0	1		227
R	DFCF	DFCF-79-095		1997-01-01		CHATEAU D'EPANNES				0	0	1		227
R	DFCF	DFCF-79-096		1997-01-01		CHATEAU DE L'ABBAYE				0	0	1		227
R	DFCF	DFCF-79-097		1997-01-01		CHATEAU LES LOGES				0	0	1		227
R	DFCF	DFCF-79-098		1997-01-01		CHATEAU DE PERE				0	0	1		227
R	DFCF	DFCF-79-099		1997-01-01		CHATEAU LA TIFFARDIERE				0	0	1		227
R	DFCF	DFCF-79-100		1997-01-01		CHATEAU LE PETIT CHENE				0	0	1		227
R	DFCF	DFCF-79-101		1997-01-01		CHATEAU BEUREBAILLON				0	0	1		227
R	DFCF	DFCF-79-102		1997-01-01		CHATEAU LES LOUPS				0	0	1		227
R	DFCF	DFCF-79-103		1997-01-01		CHATEAU LA ROUSSIERE				0	0	1		227
R	DFCF	DFCF-79-104		1997-01-01		CHATEAU DE COULONGES SUR L'AUTIZE				0	0	1		227
R	DFCF	DFCF-79-105		1997-01-01		CHATEAU LES MOULIERES				0	0	1		227
R	DFCF	DFCF-79-106		1997-01-01		CHATEAU PALLAIN				0	0	1		227
R	DFCF	DFCF-79-107		1997-01-01		CHATEAU LA BONE				0	0	1		227
R	DFCF	DFCF-79-108		1997-01-01		CHATEAU D'ALLERY				0	0	1		227
R	DFCF	DFCF-79-109		1997-01-01		CHATEAU DU GRIFFIE				0	0	1		227
R	DFCF	DFCF-79-110		1997-01-01		CHATEAU LA MAGNONIERE				0	0	1		227
R	DFCF	DFCF-79-111		1997-01-01		CHATEAU DE MURSAY				0	0	1		227
R	DFCF	DFCF-79-112		1997-01-01		CHATEAU DE MAUMUSSON				0	0	1		227
R	DFCF	DFCF-79-113		1997-01-01		CHATEAU DE LA BLANCHARDERIE				0	0	1		227
R	DFCF	DFCF-79-114		1997-01-01		CHATEAU DE PEAUX				0	0	1		227
R	DFCF	DFCF-79-115		1997-01-01		CHATEAU DE VALLANS				0	0	1		227
R	DFCF	DFCF-79-116		1997-01-01		CHATEAU DE TELLOUZE				0	0	1		227
R	DFCF	DFCF-79-117		1997-01-01		CHATEAU LA BARRE				0	0	1		227
R	DFCF	DFCF-79-118		1997-01-01		CHATEAU GAILLARD				0	0	1		227
R	DFCF	DFCF-79-119		1997-01-01		CHATEAU MENU				0	0	1		227
R	DFCF	DFCF-79-120		1997-01-01		CHATEAU MONTIFAULT				0	0	1		227
R	DFCF	DFCF-79-121		1997-01-01		CHATEAU LA BROUINIERE				0	0	1		227
R	DFCF	DFCF-79-122		1997-01-01		CHATEAU LEFEVRE				0	0	1		227
R	DFCF	DFCF-79-123		1997-01-01		CHATEAU LE COTEAU				0	0	1		227
R	DFCF	DFCF-79-124		1997-01-01		CHATEAU LA MILLANCHERE				0	0	1		227
R	DFCF	DFCF-79-125		1997-01-01		CHATEAU DE BOUILLE SAINT PAUL				0	0	1		227
R	DFCF	DFCF-79-126		1997-01-01		CHATEAU D'ARGENTON				0	0	1		227
R	DFCF	DFCF-79-127		1997-01-01		CHATEAU DE PREUIL				0	0	1		227
R	DFCF	DFCF-79-128		1997-01-01		CHATEAU BEAUREGARD				0	0	1		227
R	DFCF	DFCF-79-129		1997-01-01		CHATEAU DE LA CHARRIERE				0	0	1		227
R	DFCF	DFCF-79-130		1997-01-01		CHATEAU DE L'EBAUPINAY				0	0	1		227
R	DFCF	DFCF-79-131		1997-01-01		CHATEAU NUCHEZE				0	0	1		227
R	DFCF	DFCF-79-132		1997-01-01		CHATEAU DE BEAULIEU				0	0	1		227
R	DFCF	DFCF-79-133		1997-01-01		CHATEAU DE MAILLE				0	0	1		227
R	DFCF	DFCF-79-134		1997-01-01		CHATEAU BOUCARD				0	0	1		227
R	DFCF	DFCF-79-135		1997-01-01		CHATEAU DE SART				0	0	1		227
R	DFCF	DFCF-79-136		1997-01-01		CHATEAU DE LA MENARDIERE				0	0	1		227
R	DFCF	DFCF-79-137		1997-01-01		CHATEAU LA BARRE				0	0	1		227
R	DFCF	DFCF-79-138		1997-01-01		CHATEAU LA BESSIERE				0	0	1		227
R	DFCF	DFCF-79-139		1997-01-01		CHATEAU LA VOUTE				0	0	1		227
R	DFCF	DFCF-79-140		1997-01-01		CHATEAU DE BRELOUX				0	0	1		227
R	DFCF	DFCF-79-141		1997-01-01		CHATEAU LA BERNIERE				0	0	1		227
R	DFCF	DFCF-79-142		1997-01-01		CHATEAU LA FORGE				0	0	1		227
R	DFCF	DFCF-79-143		1997-01-01		CHATEAU DE MILLE SOURIS				0	0	1		227
R	DFCF	DFCF-79-144		1997-01-01		CHATEAU LES FORGES				0	0	1		227
R	DFCF	DFCF-79-145		1997-01-01		CHATEAU LA TOUCHE ORY				0	0	1		227
R	DFCF	DFCF-79-147		1997-01-01		CHATEAU LE BREUIL D’AIGONNAY				0	0	1		227
R	DFCF	DFCF-79-148		1997-01-01		CHATEAU LE LUC				0	0	1		227
R	DFCF	DFCF-79-149		1997-01-01		CHATEAU LA PIMPELIERE				0	0	1		227
R	DFCF	DFCF-79-150		1997-01-01		CHATEAU DU GAZEAU				0	0	1		227
R	DFCF	DFCF-79-151		1997-01-01		CHATEAU LE CHILLEAU				0	0	1		227
R	DFCF	DFCF-79-152		1997-01-01		CHATEAU DE BOISSOUDAN				0	0	1		227
R	DFCF	DFCF-79-153		1997-01-01		CHATEAU L'AUDEBERTIERE				0	0	1		227
R	DFCF	DFCF-79-154		1997-01-01		CHATEAU BOUGOUIN				0	0	1		227
R	DFCF	DFCF-80-001		1997-01-01		CHATEAU DE BECOURT				0	0	1		227
R	DFCF	DFCF-80-002		1997-01-01		CHATEAU DE LEMARCLET				0	0	1		227
R	DFCF	DFCF-80-003		1997-01-01		CHATEAU DE LUCHEUX				0	0	1		227
R	DFCF	DFCF-80-004		1997-01-01		CHATEAU DE MARIEUX				0	0	1		227
R	DFCF	DFCF-80-005		1997-01-01		CHATEAU DE HENENCOURT				0	0	1		227
R	DFCF	DFCF-80-006		1997-01-01		CHATEAU DE BAISIEUX				0	0	1		227
R	DFCF	DFCF-80-007		1997-01-01		CHATEAU DE QUERRIEU				0	0	1		227
R	DFCF	DFCF-80-008		1997-01-01		CHATEAU DE ST GRATIEN				0	0	1		227
R	DFCF	DFCF-80-009		1997-01-01		CHATEAU DE CHAUSSOY				0	0	1		227
R	DFCF	DFCF-80-010		1997-01-01		CHATEAU DU BROUTEL				0	0	1		227
R	DFCF	DFCF-80-011		1997-01-01		CHATEAU DE ARRY				0	0	1		227
R	DFCF	DFCF-80-012		1997-01-01		CHATEAU DE SUZANNE				0	0	1		227
R	DFCF	DFCF-80-013		1997-01-01		CHATEAU DE PROYART				0	0	1		227
R	DFCF	DFCF-80-014		1997-01-01		CHATEAU BUSSY LES DAOURS				0	0	1		227
R	DFCF	DFCF-80-015		1997-01-01		CHATEAU DE CANTEREINE				0	0	1		227
R	DFCF	DFCF-80-016		1997-01-01		CHATEAU BLANC				0	0	1		227
R	DFCF	DFCF-80-017		1997-01-01		CHATEAU DE RIEGNIERE ECLUSE				0	0	1		227
R	DFCF	DFCF-80-018		1997-01-01		CHATEAU DE VERCOURT				0	0	1		227
R	DFCF	DFCF-80-019		1997-01-01		CHATEAU VILLERS SUR AUTHIE				0	0	1		227
R	DFCF	DFCF-80-020		1997-01-01		CHATEAU OCCOCHES				0	0	1		227
R	DFCF	DFCF-80-021		1997-01-01		CHATEAU DE QUEND				0	0	1		227
R	DFCF	DFCF-80-022		1997-01-01		CHATEAU DE LA MOTTE				0	0	1		227
R	DFCF	DFCF-80-023		1997-01-01		CHATEAU NAMPONT				0	0	1		227
R	DFCF	DFCF-80-024		1997-01-01		CHATEAU BOISMONT				0	0	1		227
R	DFCF	DFCF-80-025		1997-01-01		CHATEAU SENLIS LE SEC				0	0	1		227
R	DFCF	DFCF-80-026		1997-01-01		CHATEAU CONTAY				0	0	1		227
R	DFCF	DFCF-80-027		1997-01-01		CHATEAU VADENCOURT				0	0	1		227
R	DFCF	DFCF-80-028		1997-01-01		CHATEAU DE PERONNE				0	0	1		227
R	DFCF	DFCF-80-029		1997-01-01		CHATEAU HEDAUVILLE				0	0	1		227
R	DFCF	DFCF-80-030		1997-01-01		CHATEAU CAPPY				0	0	1		227
R	DFCF	DFCF-80-031		1997-01-01		CHATEAU DE BAVELINCOURT				0	0	1		227
R	DFCF	DFCF-80-032		1997-01-01		CHATEAU DE MONTIERES				0	0	1		227
R	DFCF	DFCF-80-033		1997-01-01		CHATEAU DE BAGATELLE				0	0	1		227
R	DFCF	DFCF-80-034		1997-01-01		CHATEAU DE AUTHIE				0	0	1		227
R	DFCF	DFCF-80-035		1997-01-01		CHATEAU DE AUTHIEULE				0	0	1		227
R	DFCF	DFCF-80-036		1997-01-01		CHATEAU DE BEAUCOURT SUR L'HALLUE				0	0	1		227
R	DFCF	DFCF-80-037		1997-01-01		CHATEAU DE HAM				0	0	1		227
R	DFCF	DFCF-80-038		1997-01-01		CHATEAU DE REMAISNIL				0	0	1		227
R	DFCF	DFCF-80-039		1997-01-01		CHATEAU DE RAINCHEVAL				0	0	1		227
R	DFCF	DFCF-80-040		1997-01-01		CHATEAU DE RIBEAUCOURT				0	0	1		227
R	DFCF	DFCF-80-041		1997-01-01		CHATEAU DE CONDE-FOLIE				0	0	1		227
R	DFCF	DFCF-80-042		1997-01-01		CHATEAU DE BERTANGLES				0	0	1		227
R	DFCF	DFCF-80-043		1997-01-01		CHATEAU EAUCOURT				0	0	1		227
R	DFCF	DFCF-80-044		1997-01-01		CHATEAU DE PONT REMY				0	0	1		227
R	DFCF	DFCF-80-045		1997-01-01		CHATEAU DE DURY				0	0	1		227
R	DFCF	DFCF-80-046		1997-01-01		CHATEAU DU CROTOY				0	0	1		227
R	DFCF	DFCF-80-049		1997-01-01		CHATEAU D'AVESNES LE CHATEAU				0	0	1		227
R	DFCF	DFCF-80-050		1997-01-01		CHATEAU DU TITRE				0	0	1		227
R	DFCF	DFCF-80-051		1997-01-01		CHATEAU DE LA GARENNE				0	0	1		227
R	DFCF	DFCF-80-052		1997-01-01		CHATEAU DE THOIX				0	0	1		227
R	DFCF	DFCF-80-053		1997-01-01		CHATEAU DE LOUVENCOURT				0	0	1		227
R	DFCF	DFCF-80-054		1997-01-01		CHATEAU SAINT-AUBIN RIVIERE				0	0	1		227
R	DFCF	DFCF-80-055		1997-01-01		CHATEAU DE VILLERS BRETONNEUX				0	0	1		227
R	DFCF	DFCF-80-056		1997-01-01		CHATEAU DE BOVES				0	0	1		227
R	DFCF	DFCF-80-057		1997-01-01		CHATEAU DE RAMBURES				0	0	1		227
R	DFCF	DFCF-80-058		1997-01-01		CHATEAU DE PICQUIGNY				0	0	1		227
R	DFCF	DFCF-80-059		1997-01-01		CHATEAU FOLLEVILLE				0	0	1		227
R	DFCF	DFCF-80-060		1997-01-01		CHATEAU DE DRANCOURT				0	0	1		227
R	DFCF	DFCF-80-061		1997-01-01		CHATEAU DE BEAUVOIR				0	0	1		227
R	DFCF	DFCF-80-062		1997-01-01		CHATEAU DE BOURSEVILLE				0	0	1		227
R	DFCF	DFCF-80-063		1997-01-01		CHATEAU DE LA MOTTE				0	0	1		227
R	DFCF	DFCF-80-064		1997-01-01		CHATEAU HUMBERCOURT				0	0	1		227
R	DFCF	DFCF-80-065		1997-01-01		CHATEAU LAMOTTE				0	0	1		227
R	DFCF	DFCF-80-066		1997-01-01		CHATEAU DE HARCELAINES				0	0	1		227
R	DFCF	DFCF-80-067		1997-01-01		CHATEAU DE BELLOY				0	0	1		227
R	DFCF	DFCF-80-068		1997-01-01		CHATEAU DE DRUGY				0	0	1		227
R	DFCF	DFCF-80-069		1997-01-01		CHATEAU DE LA FERTE				0	0	1		227
R	DFCF	DFCF-80-070		1997-01-01		CHATEAU DE FIGNERES				0	0	1		227
R	DFCF	DFCF-80-071		1997-01-01		CHATEAU DE MISERY				0	0	1		227
R	DFCF	DFCF-80-072		1997-01-01		CHATEAU DE FROYELLES				0	0	1		227
R	DFCF	DFCF-80-073		1997-01-01		CHATEAU DE PISSY				0	0	1		227
R	DFCF	DFCF-80-074		1997-01-01		CHATEAU DE SAINT ROMAIN				0	0	1		227
R	DFCF	DFCF-80-075		1997-01-01		CHATEAU DE BEZENCOURT				0	0	1		227
R	DFCF	DFCF-80-076		1997-01-01		CHATEAU DE FLESSELLES				0	0	1		227
R	DFCF	DFCF-80-077		1997-01-01		CHATEAU DE LA FALOISE				0	0	1		227
R	DFCF	DFCF-80-078		1997-01-01		CHATEAU HAMENCOURT				0	0	1		227
R	DFCF	DFCF-80-079		1997-01-01		CHATEAU DE ROGEANT				0	0	1		227
R	DFCF	DFCF-80-080		1997-01-01		CHATEAU DE BOUFFLERS				0	0	1		227
R	DFCF	DFCF-80-081		1997-01-01		CHATEAU DE BRAILLY				0	0	1		227
R	DFCF	DFCF-80-082		1997-01-01		CHATEAU DE MOISMONT				0	0	1		227
R	DFCF	DFCF-80-083		1997-01-01		CHATEAU DE LIGESCOURT				0	0	1		227
R	DFCF	DFCF-80-084		1997-01-01		CHATEAU SAINT CHARLES				0	0	1		227
R	DFCF	DFCF-80-085		1997-01-01		CHATEAU DOMINOIS				0	0	1		227
R	DFCF	DFCF-80-086		1997-01-01		CHATEAU DE DOMPIERRE				0	0	1		227
R	DFCF	DFCF-80-087		1997-01-01		CHATEAU ARGOULES				0	0	1		227
R	DFCF	DFCF-80-088		1997-01-01		TOUR DU QUESNEL				0	0	1		227
R	DFCF	DFCF-80-089		1997-01-01		CHATEAU OUTREBOIS				0	0	1		227
R	DFCF	DFCF-80-091		1997-01-01		CHATEAU DE TOEUFLES				0	0	1		227
R	DFCF	DFCF-80-092		1997-01-01		CHATEAU MOLLIENS AU BOIS				0	0	1		227
R	DFCF	DFCF-80-093		1997-01-01		CHATEAU D'ESSERTEAUX				0	0	1		227
R	DFCF	DFCF-80-094		1997-01-01		CHATEAU DE AUTHIEUX				0	0	1		227
R	DFCF	DFCF-80-095		1997-01-01		CHATEAU DE BOUBERT				0	0	1		227
R	DFCF	DFCF-80-096		1997-01-01		CHATEAU D'OCHANCOURT				0	0	1		227
R	DFCF	DFCF-80-097		1997-01-01		CHATEAU DE VALNA				0	0	1		227
R	DFCF	DFCF-80-098		1997-01-01		CHATEAU CAUMONT				0	0	1		227
R	DFCF	DFCF-80-099		1997-01-01		CHATEAU DE HUCHENNEVILLE				0	0	1		227
R	DFCF	DFCF-80-100		1997-01-01		CHATEAU DE VILLERS				0	0	1		227
R	DFCF	DFCF-80-101		1997-01-01		CHATEAU DE BEHEN				0	0	1		227
R	DFCF	DFCF-80-102		1997-01-01		CHATEAU DE SAINT FUSCIEN				0	0	1		227
R	DFCF	DFCF-80-103		1997-01-01		CHATEAU RUMIGNY				0	0	1		227
R	DFCF	DFCF-80-106		1997-01-01		CHATEAU LONGCHAMP				0	0	1		227
R	DFCF	DFCF-80-107		1997-01-01		CHATEAU INVAL				0	0	1		227
R	DFCF	DFCF-80-108		1997-01-01		CHATEAU VILLERS				0	0	1		227
R	DFCF	DFCF-80-109		1997-01-01		CHATEAU DE CREUSE				0	0	1		227
R	DFCF	DFCF-80-110		1997-01-01		CHATEAU DE BOUILLANCOURT				0	0	1		227
R	DFCF	DFCF-80-111		1997-01-01		CHATEAU MERICOURT				0	0	1		227
R	DFCF	DFCF-80-114		1997-01-01		CHATEAU DE FRUCOURT				0	0	1		227
R	DFCF	DFCF-80-115		1997-01-01		CHATEAU DE COMTERIE-PONTHIEU				0	0	1		227
R	DFCF	DFCF-80-116		1997-01-01		CHATEAU DE NOLLETTE				0	0	1		227
R	DFCF	DFCF-80-117		1997-01-01		CHATEAU DE NOYELLES				0	0	1		227
R	DFCF	DFCF-80-118		1997-01-01		CHATEAU DU LONGUET				0	0	1		227
R	DFCF	DFCF-80-119		1997-01-01		CHATEAU DE COCQUEREL				0	0	1		227
R	DFCF	DFCF-80-120		1997-01-01		CHATEAU DE CAUBERT				0	0	1		227
R	DFCF	DFCF-80-121		1997-01-01		CHATEAU DE MAREUL				0	0	1		227
R	DFCF	DFCF-80-122		1997-01-01		CHATEAU SAN CARLOS				0	0	1		227
R	DFCF	DFCF-80-123		1997-01-01		CHATEAU DE L'ETOILE				0	0	1		227
R	DFCF	DFCF-80-124		1997-01-01		CHATEAU DE ACHEUX EN VIMEU				0	0	1		227
R	DFCF	DFCF-80-125		1997-01-01		CHATEAU DE LANCHERES				0	0	1		227
R	DFCF	DFCF-80-126		1997-01-01		CHATEAU DE POUTRINCOURT				0	0	1		227
R	DFCF	DFCF-80-127		1997-01-01		CHATEAU D'AIGNEVILLE				0	0	1		227
R	DFCF	DFCF-80-128		1997-01-01		CHATEAU HOCQUELUS				0	0	1		227
R	DFCF	DFCF-80-129		1997-01-01		CHATEAU DE COURCELLES				0	0	1		227
R	DFCF	DFCF-80-130		1997-01-01		CHATEAU DE BIENCOURT				0	0	1		227
R	DFCF	DFCF-80-131		1997-01-01		CHATEAU DE BREILLY				0	0	1		227
R	DFCF	DFCF-80-132		1997-01-01		CHÂTEAU DES LUMIERES				0	0	1		227
R	DFCF	DFCF-80-137		1997-01-01		CITADELLE DE DOULAINS				0	0	1		227
R	DFCF	DFCF-80-139		1997-01-01		CHATEAU DE LA MAZIS				0	0	1		227
R	DFCF	DFCF-80-140		1997-01-01		CITADELLE D'AMIENS				0	0	1		227
R	DFCF	DFCF-80-142		1997-01-01		CHATEAU DE BEAUCAMPS				0	0	1		227
R	DFCF	DFCF-80-143		1997-01-01		CHÂTEAU AVESNES				0	0	1		227
R	DFCF	DFCF-80-144		1997-01-01		CHATEAU DE BERNAPRE				0	0	1		227
R	DFCF	DFCF-80-152		1997-01-01		CHÂTEAU DE BEAUVAL				0	0	1		227
R	DFCF	DFCF-80-160		1997-01-01		CHATEAU DE NEUVILLE				0	0	1		227
R	DFCF	DFCF-80-161		1997-01-01		CHATEAU DE LABOISSIERE				0	0	1		227
R	DFCF	DFCF-80-162		1997-01-01		MANOIR DE FREMONTIERS				0	0	1		227
R	DFCF	DFCF-80-163		1997-01-01		CHATEAU DE MESGES				0	0	1		227
R	DFCF	DFCF-80-164		1997-01-01		CHATEAU DE BOVELLES				0	0	1		227
R	DFCF	DFCF-80-165		1997-01-01		CHATEAU DE FERRIERS				0	0	1		227
R	DFCF	DFCF-80-166		1997-01-01		CHATEAU D'AILLY				0	0	1		227
R	DFCF	DFCF-80-167		1997-01-01		CHATEAU DE SAVEUSE				0	0	1		227
R	DFCF	DFCF-80-168		1997-01-01		CHATEAU D'AUCOURT				0	0	1		227
R	DFCF	DFCF-81-001		1997-01-01		CHATEAU DE CASTELNAU DE LEVIS				0	0	1		227
R	DFCF	DFCF-81-002		1997-01-01		CHATEAU DE GRANVAL				0	0	1		227
R	DFCF	DFCF-81-003		1997-01-01		CHATEAU DE CASTELFRANC				0	0	1		227
R	DFCF	DFCF-81-004		1997-01-01		CHATEAU D'ARIFAT				0	0	1		227
R	DFCF	DFCF-81-005		1997-01-01		CHATEAU D'HAUTPOUL				0	0	1		227
R	DFCF	DFCF-81-006		1997-01-01		CHATEAU DE CREYSSENS				0	0	1		227
R	DFCF	DFCF-81-007		1997-01-01		CHATEAU DE MAURIAC				0	0	1		227
R	DFCF	DFCF-81-008		1997-01-01		CHATEAU DE CANTEPAU				0	0	1		227
R	DFCF	DFCF-81-009		1997-01-01		CHATEAU LIVERS CAZELLES				0	0	1		227
R	DFCF	DFCF-81-010		1997-01-01		CHATEAU DE ROSIERES				0	0	1		227
R	DFCF	DFCF-81-011		1997-01-01		CHATEAU DE SALIES				0	0	1		227
R	DFCF	DFCF-81-012		1997-01-01		CHATEAU DE BONNEVAL				0	0	1		227
R	DFCF	DFCF-81-013		1997-01-01		CHATEAU DE MAILHOC				0	0	1		227
R	DFCF	DFCF-81-014		1997-01-01		CHATEAU DE NOAILLES				0	0	1		227
R	DFCF	DFCF-81-015		1997-01-01		CHATEAU DE LA VERRERIE				0	0	1		227
R	DFCF	DFCF-81-016		1997-01-01		CHATEAU DE CAMPANS				0	0	1		227
R	DFCF	DFCF-81-017		1997-01-01		CHATEAU DE LINARDIE				0	0	1		227
R	DFCF	DFCF-81-018		1997-01-01		CHATEAU LE CASTELA				0	0	1		227
R	DFCF	DFCF-81-019		1997-01-01		CHATEAU LE FORT				0	0	1		227
R	DFCF	DFCF-81-020		1997-01-01		CHATEAU DE FREJEVILLE				0	0	1		227
R	DFCF	DFCF-81-021		1997-01-01		CHATEAU DE MONTSALVY				0	0	1		227
R	DFCF	DFCF-81-022		1997-01-01		CHATEAU DES ORMES				0	0	1		227
R	DFCF	DFCF-81-023		1997-01-01		CHATEAU DE PUYCALVEL				0	0	1		227
R	DFCF	DFCF-81-024		1997-01-01		CHATEAU DE AUSSAC				0	0	1		227
R	DFCF	DFCF-81-025		1997-01-01		CHATEAU DE GAUTHERIE				0	0	1		227
R	DFCF	DFCF-81-026		1997-01-01		CHATEAU DE PAULIN				0	0	1		227
R	DFCF	DFCF-81-027		1997-01-01		CHATEAU D'ARAGON				0	0	1		227
R	DFCF	DFCF-81-028		1997-01-01		CHATEAU BRACONNAC				0	0	1		227
R	DFCF	DFCF-81-029		1997-01-01		CHATEAU DE POULAN				0	0	1		227
R	DFCF	DFCF-81-030		1997-01-01		CHATEAU LESTAR				0	0	1		227
R	DFCF	DFCF-81-031		1997-01-01		CHATEAU LA BERBIE				0	0	1		227
R	DFCF	DFCF-81-032		1997-01-01		CHATEAU DE LASBORDES				0	0	1		227
R	DFCF	DFCF-81-033		1997-01-01		CHATEAU DE FONLABOUR				0	0	1		227
R	DFCF	DFCF-81-034		1997-01-01		CHATEAU LUGAN				0	0	1		227
R	DFCF	DFCF-81-035		1997-01-01		CHATEAU DE PENNE				0	0	1		227
R	DFCF	DFCF-81-036		1997-01-01		CHATEAU DE FOUCAUD				0	0	1		227
R	DFCF	DFCF-81-037		1997-01-01		CHATEAU DE LASTOUZAILLES				0	0	1		227
R	DFCF	DFCF-81-038		1997-01-01		CHATEAU DE SOULT-BERG				0	0	1		227
R	DFCF	DFCF-81-039		1997-01-01		CHATEAU THURIES				0	0	1		227
R	DFCF	DFCF-81-040		1997-01-01		CHATEAU GUA				0	0	1		227
R	DFCF	DFCF-81-041		1997-01-01		CHATEAU CAHUZAC				0	0	1		227
R	DFCF	DFCF-81-042		1997-01-01		CHATEAU SAUVETERRE				0	0	1		227
R	DFCF	DFCF-81-043		1997-01-01		CHATEAU D'ALBINE				0	0	1		227
R	DFCF	DFCF-81-044		1997-01-01		CHATEAU DU CAUSSE				0	0	1		227
R	DFCF	DFCF-81-045		1997-01-01		CHATEAU DE MONTESPIEU				0	0	1		227
R	DFCF	DFCF-81-046		1997-01-01		CHATEAU DE LA TOUR				0	0	1		227
R	DFCF	DFCF-81-047		1997-01-01		CHATEAU DE PADIES				0	0	1		227
R	DFCF	DFCF-81-048		1997-01-01		CHATEAU DE GARREVAQUES				0	0	1		227
R	DFCF	DFCF-81-049		1997-01-01		CHATEAU DE COMBOUNET				0	0	1		227
R	DFCF	DFCF-81-050		1997-01-01		CHATEAU SAINT VINCENT				0	0	1		227
R	DFCF	DFCF-81-051		1997-01-01		CHATEAU DE LAUTREC				0	0	1		227
R	DFCF	DFCF-81-052		1997-01-01		CHATEAU DE MONTCUQUET				0	0	1		227
R	DFCF	DFCF-81-057		1997-01-01		TOUR DES RONDES				0	0	1		227
R	DFCF	DFCF-81-058		1997-01-01		CHÂTEAU RUE DE PAULIN				0	0	1		227
R	DFCF	DFCF-81-059		1997-01-01		CHÂTEAU DE CASTELFOLLIT				0	0	1		227
R	DFCF	DFCF-81-060		1997-01-01		CHÂTEAU FOURNAS				0	0	1		227
R	DFCF	DFCF-81-061		1997-01-01		TOURELLE DE L'HOTEL DE VILLE				0	0	1		227
R	DFCF	DFCF-82-001		1997-01-01		CHATEAU VILLEBRUMIER				0	0	1		227
R	DFCF	DFCF-82-002		1997-01-01		CHATEAU DE REYNIES				0	0	1		227
R	DFCF	DFCF-82-003		1997-01-01		CHATEAU LE CLAUX				0	0	1		227
R	DFCF	DFCF-82-004		1997-01-01		CHATEAU DE LA CLARE				0	0	1		227
R	DFCF	DFCF-82-005		1997-01-01		CHATEAU DE CAS				0	0	1		227
R	DFCF	DFCF-82-006		1997-01-01		CHATEAU DE BRUNIQUEL				0	0	1		227
R	DFCF	DFCF-82-007		1997-01-01		CHATEAU DE POMPIGNAN				0	0	1		227
R	DFCF	DFCF-82-008		1997-01-01		CHATEAU SAINT ROCH				0	0	1		227
R	DFCF	DFCF-82-009		1997-01-01		CHATEAU DE GOUDOURVILLE				0	0	1		227
R	DFCF	DFCF-82-010		1997-01-01		CHATEAU DE GASQUES				0	0	1		227
R	DFCF	DFCF-82-011		1997-01-01		CHATEAU DE SAINT PAUL				0	0	1		227
R	DFCF	DFCF-82-012		1997-01-01		CHATEAU DE MONDESIR				0	0	1		227
R	DFCF	DFCF-82-013		1997-01-01		CHATEAU DE LA REINE MARGOT				0	0	1		227
R	DFCF	DFCF-82-014		1997-01-01		CHATEAU PIQUECOS				0	0	1		227
R	DFCF	DFCF-82-015		1997-01-01		CHATEAU D'AGRE				0	0	1		227
R	DFCF	DFCF-82-016		1997-01-01		CHATEAU HAUMONT				0	0	1		227
R	DFCF	DFCF-82-017		1997-01-01		CHATEAU DE POUSINIES				0	0	1		227
R	DFCF	DFCF-82-018		1997-01-01		CHATEAU DE BIOULE				0	0	1		227
R	DFCF	DFCF-82-019		1997-01-01		CHATEAU DE GRAMONT				0	0	1		227
R	DFCF	DFCF-82-029		1997-01-01		FORT DE BRASSAC				0	0	1		227
R	DFCF	DFCF-82-030		1997-01-01		CHATEAU D'ANDAS				0	0	1		227
R	DFCF	DFCF-82-031		1997-01-01		CHATEAU DE COMBECAVE				0	0	1		227
R	DFCF	DFCF-82-032		1997-01-01		CHATEAU DE CASTEL DE BRAS				0	0	1		227
R	DFCF	DFCF-82-125		1997-01-01		CHATEAU TAMAGNON				0	0	1		227
R	DFCF	DFCF-83-001		1997-01-01		CHATEAU DE MONS				0	0	1		227
R	DFCF	DFCF-83-002		1997-01-01		CHATEAU DU PETIT LANGOUSTIER				0	0	1		227
R	DFCF	DFCF-83-003		1997-01-01		CHATEAU DE LA SEIGNERIE				0	0	1		227
R	DFCF	DFCF-83-004		1997-01-01		FORT DE BREGANCON				0	0	1		227
R	DFCF	DFCF-83-005		1997-01-01		CHATEAU DE BREGANCON				0	0	1		227
R	DFCF	DFCF-83-006		1997-01-01		CHATEAU DE L'EOUBE				0	0	1		227
R	DFCF	DFCF-83-007		1997-01-01		CHATEAUDES SEIGNEURS DE FOS				0	0	1		227
R	DFCF	DFCF-83-008		1997-01-01		CHATEAU DE CALLIAN				0	0	1		227
R	DFCF	DFCF-83-009		1997-01-01		CHATEAU DE BEAUREGARD				0	0	1		227
R	DFCF	DFCF-83-010		1997-01-01		CHATEAU DU BASTIDON				0	0	1		227
R	DFCF	DFCF-83-011		1997-01-01		CHATEAU DE CHEYLANNE				0	0	1		227
R	DFCF	DFCF-83-012		1997-01-01		CHATEAU DU CASTELLAS				0	0	1		227
R	DFCF	DFCF-83-013		1997-01-01		FORT DU LT GIRARDON				0	0	1		227
R	DFCF	DFCF-83-014		1997-01-01		FORT DU BAOU POINTU				0	0	1		227
R	DFCF	DFCF-83-015		1997-01-01		VIEUX CHATEAU DE TOURTOUR				0	0	1		227
R	DFCF	DFCF-83-016		1997-01-01		CHATEAU D'AIGUINES				0	0	1		227
R	DFCF	DFCF-83-017		1997-01-01		CHATEAU RAPHAELIS				0	0	1		227
R	DFCF	DFCF-83-018		1997-01-01		CHATEAU LA BEAUME				0	0	1		227
R	DFCF	DFCF-83-019		1997-01-01		TOUR GRIMALDI				0	0	1		227
R	DFCF	DFCF-83-020		1997-01-01		CHATEAU DE VINS SUR CARAMY				0	0	1		227
R	DFCF	DFCF-83-021		1997-01-01		TOUR DU GUET				0	0	1		227
R	DFCF	DFCF-83-022		1997-01-01		CHATEAU DU PUY				0	0	1		227
R	DFCF	DFCF-83-023		1997-01-01		CHATEAU GOERG				0	0	1		227
R	DFCF	DFCF-83-024		1997-01-01		FORT DE LA CROIX FARON				0	0	1		227
R	DFCF	DFCF-83-025		1997-01-01		FORT FARON				0	0	1		227
R	DFCF	DFCF-83-026		1997-01-01		FORT DE LA CASERNE				0	0	1		227
R	DFCF	DFCF-83-027		1997-01-01		FORT DU GRAND SAINT ANTOINE				0	0	1		227
R	DFCF	DFCF-83-028		1997-01-01		FORT DU MOULIN				0	0	1		227
R	DFCF	DFCF-83-029		1997-01-01		CHATEAU DE L'ILE D'OR				0	0	1		227
R	DFCF	DFCF-83-030		1997-01-01		CHATEAU D'HYERES				0	0	1		227
R	DFCF	DFCF-83-031		1997-01-01		CHATEAU DE LA VERDIERE				0	0	1		227
R	DFCF	DFCF-83-032		1997-01-01		CHATEAU DE SILLANS				0	0	1		227
R	DFCF	DFCF-83-033		1997-01-01		TOUR TARADEL				0	0	1		227
R	DFCF	DFCF-83-034		1997-01-01		FORT DES BAGNARDS				0	0	1		227
R	DFCF	DFCF-83-035		1997-01-01		FORT BALAGUIER				0	0	1		227
R	DFCF	DFCF-83-036		1997-01-01		FORT DE L'AIGUILLETTE				0	0	1		227
R	DFCF	DFCF-83-037		1997-01-01		FORT NAPOLEON				0	0	1		227
R	DFCF	DFCF-83-038		1997-01-01		TOUR ROYAL				0	0	1		227
R	DFCF	DFCF-83-039		1997-01-01		FORT SAINT LOUIS				0	0	1		227
R	DFCF	DFCF-83-040		1997-01-01		CHATEAU RICHET				0	0	1		227
R	DFCF	DFCF-83-041		1997-01-01		FORT LAMALGUE				0	0	1		227
R	DFCF	DFCF-83-042		1997-01-01		FORT DU CAP BRUN(TOULON 83000)				0	0	1		227
R	DFCF	DFCF-83-043		1997-01-01		LA TOUR FONDUE  (HYERES 84000)				0	0	1		227
R	DFCF	DFCF-83-044		1997-01-01		FORT DE LA GAVARESSE				0	0	1		227
R	DFCF	DFCF-83-045		1997-01-01		FORT DE SAINTE MARGUERITE				0	0	1		227
R	DFCF	DFCF-83-046		1997-01-01		CHATEAU DE LA GARDE				0	0	1		227
R	DFCF	DFCF-83-047		1997-01-01		FORT BEAUMONT				0	0	1		227
R	DFCF	DFCF-83-048		1997-01-01		FORT DE LA CROIX DES SIGNAUX				0	0	1		227
R	DFCF	DFCF-83-049		1997-01-01		FORT DE LA PIASTRE				0	0	1		227
R	DFCF	DFCF-83-050		1997-01-01		FORT DE LA CARAQUE				0	0	1		227
R	DFCF	DFCF-83-051		1997-01-01		FORT CEPET				0	0	1		227
R	DFCF	DFCF-83-052		1997-01-01		FORT DE LA RENARDIERE				0	0	1		227
R	DFCF	DFCF-83-053		1997-01-01		FORT SAINT ELME				0	0	1		227
R	DFCF	DFCF-83-054		1997-01-01		CHATEAU DE NEOULES				0	0	1		227
R	DFCF	DFCF-83-055		1997-01-01		CHATEAU SAINT BERNARD				0	0	1		227
R	DFCF	DFCF-83-056		1997-01-01		CHATEAU DE LA CASTILLE				0	0	1		227
R	DFCF	DFCF-83-057		1997-01-01		CHATEAU DE REDON				0	0	1		227
R	DFCF	DFCF-83-058		1997-01-01		FORT DE CARQUEIRANNE				0	0	1		227
R	DFCF	DFCF-83-059		1997-01-01		FORT DU LAZARET				0	0	1		227
R	DFCF	DFCF-83-060		1997-01-01		FORT DU GROS BAU				0	0	1		227
R	DFCF	DFCF-83-061		1997-01-01		CHATEAU DE LA ROQUETTE				0	0	1		227
R	DFCF	DFCF-83-062		1997-01-01		CHATEAU DES FORBINS				0	0	1		227
R	DFCF	DFCF-83-063		1997-01-01		LE FORT EST				0	0	1		227
R	DFCF	DFCF-83-064		1997-01-01		FORT DE LA BAYARDE				0	0	1		227
R	DFCF	DFCF-83-065		1997-01-01		FORT DE LA COLLE NOIRE				0	0	1		227
R	DFCF	DFCF-83-066		1997-01-01		CHATEAU DE SAINT PRE				0	0	1		227
R	DFCF	DFCF-83-067		1997-01-01		CHATEAU DE TRIGANCE				0	0	1		227
R	DFCF	DFCF-83-068		1997-01-01		CHATEAU DE BRENON				0	0	1		227
R	DFCF	DFCF-83-069		1997-01-01		CHATEAU DE LA CASTELLAS				0	0	1		227
R	DFCF	DFCF-83-070		1997-01-01		CHATEAU DE LA MOLE				0	0	1		227
R	DFCF	DFCF-83-071		1997-01-01		CHATEAU DE PONTEVES				0	0	1		227
R	DFCF	DFCF-83-072		1997-01-01		CHATEAU DES SABRAN				0	0	1		227
R	DFCF	DFCF-83-073		1997-01-01		CHATEAU DES BLACAS				0	0	1		227
R	DFCF	DFCF-83-074		1997-01-01		CHATEAU DE BOIGELIN				0	0	1		227
R	DFCF	DFCF-83-075		1997-01-01		CHATEAU SAINT GAL PONTEVES				0	0	1		227
R	DFCF	DFCF-83-076		1997-01-01		CHATEAU DE GALOUPET				0	0	1		227
R	DFCF	DFCF-83-077		1997-01-01		CHATEAU DES RAMUSSAT				0	0	1		227
R	DFCF	DFCF-83-078		1997-01-01		CHATEAU DE LA PASCALETTE				0	0	1		227
R	DFCF	DFCF-83-079		1997-01-01		CHATEAU DE LA TOUR SAINT HONORE				0	0	1		227
R	DFCF	DFCF-83-080		1997-01-01		CHATEAU CASTRUM SAINT JEAN				0	0	1		227
R	DFCF	DFCF-83-081		1997-01-01		CHATEAU NANS LES PINS				0	0	1		227
R	DFCF	DFCF-83-082		1997-01-01		CHATEAU D'OLLIERES				0	0	1		227
R	DFCF	DFCF-83-083		1997-01-01		CHATEAU D'EOUVIERES				0	0	1		227
R	DFCF	DFCF-83-084		1997-01-01		CHATEAU DE LA TOUR CHARLEMAGNE				0	0	1		227
R	DFCF	DFCF-83-085		1997-01-01		CHATEAU DE LA TOUR SARRASINE				0	0	1		227
R	DFCF	DFCF-83-086		1997-01-01		FORT CHATEAUDOUBLE				0	0	1		227
R	DFCF	DFCF-83-087		1997-01-01		FORT SIX-FOURS				0	0	1		227
R	DFCF	DFCF-83-088		1997-01-01		CHATEAU VALBELLE				0	0	1		227
R	DFCF	DFCF-83-089		1997-01-01		CHATEAU BOUGES				0	0	1		227
R	DFCF	DFCF-83-090		1997-01-01		CHATEAU MONTAGNE				0	0	1		227
R	DFCF	DFCF-83-091		1997-01-01		LE VIEUX CHATEAU				0	0	1		227
R	DFCF	DFCF-83-092		1997-01-01		TOUR SARRASINE				0	0	1		227
R	DFCF	DFCF-83-093		1997-01-01		CHATEAU DE TOURIS				0	0	1		227
R	DFCF	DFCF-83-094		1997-01-01		CHATEAU MONTAUD				0	0	1		227
R	DFCF	DFCF-83-095		1997-01-01		FORT OUEST				0	0	1		227
R	DFCF	DFCF-83-096		1997-01-01		FORT POMETS				0	0	1		227
R	DFCF	DFCF-83-097		1997-01-01		CHATEAU DE FONT FREYE				0	0	1		227
R	DFCF	DFCF-83-098		1997-01-01		CHATEAU CIGERY				0	0	1		227
R	DFCF	DFCF-83-099		1997-01-01		CHATEAU VERNET				0	0	1		227
R	DFCF	DFCF-83-100		1997-01-01		CHATEAU D'ENTRECASTEAUX				0	0	1		227
R	DFCF	DFCF-83-101		1997-01-01		CHATEAU DE LA VOULTE				0	0	1		227
R	DFCF	DFCF-83-102		1997-01-01		CHATEAU DU BROUSSAN				0	0	1		227
R	DFCF	DFCF-83-103		1997-01-01		FORT DU PIPAUDON				0	0	1		227
R	DFCF	DFCF-83-104		1997-01-01		CHATEAU D'EVENOS				0	0	1		227
R	DFCF	DFCF-83-105		1997-01-01		CHATEAU DE LA MONACHE				0	0	1		227
R	DFCF	DFCF-83-106		1997-01-01		CHATEAU DE TREMOURIES				0	0	1		227
R	DFCF	DFCF-83-107		1997-01-01		CHATEAUDE GRIMAUD				0	0	1		227
R	DFCF	DFCF-83-108		1997-01-01		CHATEAU DE LA CIBONNE				0	0	1		227
R	DFCF	DFCF-83-109		1997-01-01		FORT DU GROS CERVEAU				0	0	1		227
R	DFCF	DFCF-83-110		1997-01-01		CHATEAU DE ROQUEFEUIL				0	0	1		227
R	DFCF	DFCF-83-111		1997-01-01		FORT DU BAU POINTU				0	0	1		227
R	DFCF	DFCF-83-112		1997-01-01		CHATEAU L’ESQUIROL				0	0	1		227
R	DFCF	DFCF-83-113		1997-01-01		FORT SUD DU COUDON				0	0	1		227
R	DFCF	DFCF-83-114		1997-01-01		FORT DU GROS ROCHER				0	0	1		227
R	DFCF	DFCF-83-115		1997-01-01		FORT DE LA POINTE				0	0	1		227
R	DFCF	DFCF-83-116		1997-01-01		CHATEAU DE PONTEVES				0	0	1		227
R	DFCF	DFCF-83-117		1997-01-01		FORT DU PAS DE LA MASQUE				0	0	1		227
R	DFCF	DFCF-83-118		1997-01-01		FORT NAPOLEON (ILE DU LEVANT)				0	0	1		227
R	DFCF	DFCF-83-119		1997-01-01		CHATEAU SAINT SAUVEUR				0	0	1		227
R	DFCF	DFCF-83-120		1997-01-01		FORT STE CATHERINE				0	0	1		227
R	DFCF	DFCF-83-121		1997-01-01		TOUR DU FAUCON				0	0	1		227
R	DFCF	DFCF-83-122		1997-01-01		CHATEAU DE PALAMEDE DE FORBIN				0	0	1		227
R	DFCF	DFCF-83-123		1997-01-01		FORT ST PIERRE				0	0	1		227
R	DFCF	DFCF-83-124		1997-01-01		CHATEAU SAINT DOMINIQUE				0	0	1		227
R	DFCF	DFCF-83-126		1997-01-01		FORT PEYRAS				0	0	1		227
R	DFCF	DFCF-83-127		1997-01-01		FORT DE LA BATTERIE BASSE				0	0	1		227
R	DFCF	DFCF-83-128		1997-01-01		FORT DE LA MADRAGUE				0	0	1		227
R	DFCF	DFCF-83-129		1997-01-01		FORT DE LA COUDOULIERE				0	0	1		227
R	DFCF	DFCF-83-136		1997-01-01		CHATEAU DE PEIRESC				0	0	1		227
R	DFCF	DFCF-83-138		1997-01-01		CHATEAU DES TILLEULS LA CRAU				0	0	1		227
R	DFCF	DFCF-83-142		1997-01-01		CHATEAU DE L'AUMERADE				0	0	1		227
R	DFCF	DFCF-83-143		1997-01-01		CHATEAU DE LA SEYNE SUR MER				0	0	1		227
R	DFCF	DFCF-83-144		1997-01-01		CHATEAU NOTRE DAME DE LORETTE				0	0	1		227
R	DFCF	DFCF-83-145		1997-01-01		TOUR DE L'HORLOGE				0	0	1		227
R	DFCF	DFCF-83-146		1997-01-01		ANCIEN PALAIS DES COMTES DE PROVENCE				0	0	1		227
R	DFCF	DFCF-83-147		1997-01-01		CHATEAU DES FORBINS				0	0	1		227
R	DFCF	DFCF-83-148		1997-01-01		TOUR GALILLEE				0	0	1		227
R	DFCF	DFCF-83-149		1997-01-01		TOUR DE L'HORLOGE PIGNANS				0	0	1		227
R	DFCF	DFCF-83-150		1997-01-01		TOUR CARREE BASE NAVALE				0	0	1		227
R	DFCF	DFCF-83-151		1997-01-01		CHATEAU ST CHARLES				0	0	1		227
R	DFCF	DFCF-83-152		1997-01-01		CHATEAU BASTIDIERE				0	0	1		227
R	DFCF	DFCF-83-153		1997-01-01		CHATEAU LE CLOS				0	0	1		227
R	DFCF	DFCF-83-154		1997-01-01		CHATEAU DE  GAIRORD				0	0	1		227
R	DFCF	DFCF-83-155		1997-01-01		CHATEAU TOUR HORLOGE SOLLIES PONT				0	0	1		227
R	DFCF	DFCF-83-161		1997-01-01		CHATEAU AURELIEN				0	0	1		227
R	DFCF	DFCF-84-001		1997-01-01		CHATEAU DU BARROUX				0	0	1		227
R	DFCF	DFCF-84-002		1997-01-01		CHATEAU OPPEDE				0	0	1		227
R	DFCF	DFCF-84-003		1997-01-01		CHATEAU DE LA CROIX CHABRIERE				0	0	1		227
R	DFCF	DFCF-84-004		1997-01-01		CHATEAU DU BARRY				0	0	1		227
R	DFCF	DFCF-84-005		1997-01-01		CHATEAU DE MALIJAY				0	0	1		227
R	DFCF	DFCF-84-006		1997-01-01		CHATEAU D'AGOULT				0	0	1		227
R	DFCF	DFCF-84-007		1997-01-01		CHATEAU DE GOURDON				0	0	1		227
R	DFCF	DFCF-84-008		1997-01-01		FORT DE MORMAS				0	0	1		227
R	DFCF	DFCF-84-009		1997-01-01		CHATEAU DE CAUSANS				0	0	1		227
R	DFCF	DFCF-84-010		1997-01-01		CHATEAU DE BEAUREGARD				0	0	1		227
R	DFCF	DFCF-84-011		1997-01-01		CHATEAU DE PEYCOULETTE				0	0	1		227
R	DFCF	DFCF-84-012		1997-01-01		CHATEAU DU ROCHER				0	0	1		227
R	DFCF	DFCF-84-013		1997-01-01		CHATEAU DE MONDRAGON				0	0	1		227
R	DFCF	DFCF-84-014		1997-01-01		CHATEAU D'UCHAUX				0	0	1		227
R	DFCF	DFCF-84-015		1997-01-01		CHATEAU DES PAPES				0	0	1		227
R	DFCF	DFCF-84-016		1997-01-01		CHATEAU DE CHATEAU NEUF DU PAPE				0	0	1		227
R	DFCF	DFCF-84-017		1997-01-01		CHATEAU DU CONTE				0	0	1		227
R	DFCF	DFCF-84-018		1997-01-01		CHATEAU DES AMERICAINS				0	0	1		227
R	DFCF	DFCF-84-019		1997-01-01		TOUR CLEMENTINE				0	0	1		227
R	DFCF	DFCF-84-020		1997-01-01		CHATEAU D'AGOULT				0	0	1		227
R	DFCF	DFCF-84-021		1997-01-01		CHATEAU DE COURTET				0	0	1		227
R	DFCF	DFCF-84-022		1997-01-01		CHATEAU DE VALSEILLES				0	0	1		227
R	DFCF	DFCF-84-023		1997-01-01		CHATEAU DE LA ROSERAIE				0	0	1		227
R	DFCF	DFCF-84-024		1997-01-01		CHATEAU DU MARTINET				0	0	1		227
R	DFCF	DFCF-84-025		1997-01-01		CHATEAU DURBESSON				0	0	1		227
R	DFCF	DFCF-84-026		1997-01-01		CHATEAU BONSOLEIL				0	0	1		227
R	DFCF	DFCF-84-027		1997-01-01		CHATEAU DE CASTELLAS				0	0	1		227
R	DFCF	DFCF-84-028		1997-01-01		CHATEAU TOUR SAINT BLAISE				0	0	1		227
R	DFCF	DFCF-84-029		1997-01-01		CHATEAU LAMOTTE DU RHONE				0	0	1		227
R	DFCF	DFCF-84-030		1997-01-01		CHATEAU DE VERCLOS				0	0	1		227
R	DFCF	DFCF-84-031		1997-01-01		CHATEAU DU RAC				0	0	1		227
R	DFCF	DFCF-84-032		1997-01-01		CHATEAU D'ESTEVE				0	0	1		227
R	DFCF	DFCF-84-033		1997-01-01		CHATEAU DE MASSILLAN				0	0	1		227
R	DFCF	DFCF-84-034		1997-01-01		CHATEAU DE RENJARDIERE				0	0	1		227
R	DFCF	DFCF-84-035		1997-01-01		CHATEAU BEAUCHENE				0	0	1		227
R	DFCF	DFCF-84-036		1997-01-01		CHATEAU DE SIMIAN				0	0	1		227
R	DFCF	DFCF-84-037		1997-01-01		CHATEAU DE LHERS				0	0	1		227
R	DFCF	DFCF-84-038		1997-01-01		CHATEAU DE SAUMANE				0	0	1		227
R	DFCF	DFCF-84-039		1997-01-01		CHATEAU DE VEDENE				0	0	1		227
R	DFCF	DFCF-84-040		1997-01-01		CHATEAU DU SABLIER				0	0	1		227
R	DFCF	DFCF-84-041		1997-01-01		CHATEAU DE MONTELLIER				0	0	1		227
R	DFCF	DFCF-84-042		1997-01-01		CHATEAU DE MAUCOIL				0	0	1		227
R	DFCF	DFCF-84-043		1997-01-01		CHATEAU DU MARQUIS DE SADE				0	0	1		227
R	DFCF	DFCF-84-044		1997-01-01		CHATEAU DE VAISON LA ROMAINE				0	0	1		227
R	DFCF	DFCF-84-045		1997-01-01		TOUR DES COMTES DE TOULOUSE				0	0	1		227
R	DFCF	DFCF-84-046		1997-01-01		CHATEAU SAINT JAUME				0	0	1		227
R	DFCF	DFCF-84-047		1997-01-01		CHÂTEAU DU MARQUIS DE SADE				0	0	1		227
R	DFCF	DFCF-84-048		1997-01-01		CHÂTEAU DE FONTCECUGNE				0	0	1		227
R	DFCF	DFCF-84-049		1997-01-01		CHÂTEAU DE THOUZON				0	0	1		227
R	DFCF	DFCF-84-050		1997-01-01		CHATEAU PETRAQUE				0	0	1		227
R	DFCF	DFCF-84-O18		1997-01-01		CHATEAU DE CADENET				0	0	1		227
R	DFCF	DFCF-85-001		1997-01-01		CHATEAU DU PUY DU FOU				0	0	1		227
R	DFCF	DFCF-85-002		1997-01-01		CHATEAU DE TALMONT				0	0	1		227
R	DFCF	DFCF-85-003		1997-01-01		CHATEAU LA GUIGNARDIERE				0	0	1		227
R	DFCF	DFCF-85-004		1997-01-01		CHATEAU DE PIERRE LEVEE				0	0	1		227
R	DFCF	DFCF-85-005		1997-01-01		CHATEAU ST. CLAIR				0	0	1		227
R	DFCF	DFCF-85-006		1997-01-01		FORT ST. NICOLAS				0	0	1		227
R	DFCF	DFCF-85-007		1997-01-01		TOUR DE MORICQ				0	0	1		227
R	DFCF	DFCF-85-008		1997-01-01		CHATEAU LA BENATONNIERE				0	0	1		227
R	DFCF	DFCF-85-009		1997-01-01		CHATEAU LES GRANGES				0	0	1		227
R	DFCF	DFCF-85-010		1997-01-01		CHATEAU DU PLESSIS				0	0	1		227
R	DFCF	DFCF-85-011		1997-01-01		CHATEAU DU PARC SOUBISE				0	0	1		227
R	DFCF	DFCF-85-012		1997-01-01		CHATEAU DU VEILLON				0	0	1		227
R	DFCF	DFCF-85-013		1997-01-01		CHATEAU DE LA COUR D'ARON				0	0	1		227
R	DFCF	DFCF-85-014		1997-01-01		CHATEAU DE LA BOBINIERE				0	0	1		227
R	DFCF	DFCF-85-015		1997-01-01		CHATEAU DE LA CANTANDIERE				0	0	1		227
R	DFCF	DFCF-85-016		1997-01-01		CHATEAU DE LA BONNIERE				0	0	1		227
R	DFCF	DFCF-85-017		1997-01-01		CHATEAU DE LA BRUNIERE				0	0	1		227
R	DFCF	DFCF-85-018		1997-01-01		CHATEAU DE BOIS GROLLAND				0	0	1		227
R	DFCF	DFCF-85-019		1997-01-01		CHATEAU DE NOIRMOUTIER				0	0	1		227
R	DFCF	DFCF-85-020		1997-01-01		CHATEAU DE BEAUMARCHAIS				0	0	1		227
R	DFCF	DFCF-85-021		1997-01-01		VIEUX CHATEAU				0	0	1		227
R	DFCF	DFCF-85-022		1997-01-01		CHATEAU DE LA GARNACHE				0	0	1		227
R	DFCF	DFCF-85-023		1997-01-01		CHATEAU LES PLANCHES				0	0	1		227
R	DFCF	DFCF-85-024		1997-01-01		FORT DE PIERRE LEVEE				0	0	1		227
R	DFCF	DFCF-85-025		1997-01-01		CHATEAU LES ESSARTS				0	0	1		227
R	DFCF	DFCF-85-026		1997-01-01		CHATEAU APREMONT				0	0	1		227
R	DFCF	DFCF-85-027		1997-01-01		TOUR MELUSINE				0	0	1		227
R	DFCF	DFCF-85-028		1997-01-01		CHATEAU GAILLARD				0	0	1		227
R	DFCF	DFCF-85-029		1997-01-01		CHATEAU LE PLESSIS GATINEAU				0	0	1		227
R	DFCF	DFCF-85-030		1997-01-01		CHATEAU DE LA GREVE				0	0	1		227
R	DFCF	DFCF-85-031		1997-01-01		CHATEAU DE LA FORET				0	0	1		227
R	DFCF	DFCF-85-032		1997-01-01		FORT DE L'ILE DU PILIER				0	0	1		227
R	DFCF	DFCF-85-033		1997-01-01		CHATEAU DE LA GARANGEOIRE				0	0	1		227
R	DFCF	DFCF-85-034		1997-01-01		CHATEAU DE LA MALVERGNE				0	0	1		227
R	DFCF	DFCF-85-035		1997-01-01		TOUR ARUNDEL				0	0	1		227
R	DFCF	DFCF-85-036		1997-01-01		TOUR DE MORICQ				0	0	1		227
R	DFCF	DFCF-85-037		1997-01-01		CHATEAU DU LAC				0	0	1		227
R	DFCF	DFCF-85-041		1997-01-01		CHATEAU DE SAVARIERE				0	0	1		227
R	DFCF	DFCF-85-042		1997-01-01		CHATEAU DE ROCHEGUILLAUME				0	0	1		227
R	DFCF	DFCF-85-043		1997-01-01		CHATEAU BIGEOIRE				0	0	1		227
R	DFCF	DFCF-85-044		1997-01-01		CHATEAU DE MALCOTE				0	0	1		227
R	DFCF	DFCF-85-045		1997-01-01		CHATEAU DE ST SORNIN				0	0	1		227
R	DFCF	DFCF-85-046		1997-01-01		CHATEAU DE LA GARENNE				0	0	1		227
R	DFCF	DFCF-85-047		1997-01-01		CHATEAU DE LA GAUDINIERE				0	0	1		227
R	DFCF	DFCF-85-048		1997-01-01		CHATEAU DES VOUREILS				0	0	1		227
R	DFCF	DFCF-85-049		1997-01-01		CHATEAU DE MAILLEZAIS				0	0	1		227
R	DFCF	DFCF-85-050		1997-01-01		CHATEAU LA ROCHETTE				0	0	1		227
R	DFCF	DFCF-86-001		1997-01-01		CHATEAU DE PUYGAREAU				0	0	1		227
R	DFCF	DFCF-86-002		1997-01-01		CHATEAU D'AGLES SUR L'ANGLIN				0	0	1		227
R	DFCF	DFCF-86-003		1997-01-01		CHATEAU DE LA CHAISE				0	0	1		227
R	DFCF	DFCF-86-004		1997-01-01		CHATEAU MAUPRIE				0	0	1		227
R	DFCF	DFCF-86-005		1997-01-01		CHATEAU DE FALJOIE				0	0	1		227
R	DFCF	DFCF-86-006		1997-01-01		CHATEAU DE VENOURS				0	0	1		227
R	DFCF	DFCF-86-007		1997-01-01		CHATEAU DE MONCONTOUR				0	0	1		227
R	DFCF	DFCF-86-008		1997-01-01		CHATEAU DE BERUGES				0	0	1		227
R	DFCF	DFCF-86-009		1997-01-01		CHATEAU DE CHAMBON				0	0	1		227
R	DFCF	DFCF-86-010		1997-01-01		CHATEAU CORSEC				0	0	1		227
R	DFCF	DFCF-86-011		1997-01-01		TOUR DE BEAUMONT				0	0	1		227
R	DFCF	DFCF-86-012		1997-01-01		CHATEAU DES QUATRE VENTS				0	0	1		227
R	DFCF	DFCF-86-013		1997-01-01		CHATEAU DE GENCAY				0	0	1		227
R	DFCF	DFCF-86-014		1997-01-01		CHATEAU DE BEAUVOIR				0	0	1		227
R	DFCF	DFCF-86-015		1997-01-01		CHATEAU DE LA CHARTREUSE				0	0	1		227
R	DFCF	DFCF-86-016		1997-01-01		CHATEAU DES PRESMIGNONS				0	0	1		227
R	DFCF	DFCF-86-017		1997-01-01		CHATEAU DE DISSAY				0	0	1		227
R	DFCF	DFCF-86-018		1997-01-01		CHATEAU DE PERIGNY				0	0	1		227
R	DFCF	DFCF-86-019		1997-01-01		CHATEAU LA RAFFINIERE				0	0	1		227
R	DFCF	DFCF-86-020		1997-01-01		CHATEAU LE COTEAU				0	0	1		227
R	DFCF	DFCF-86-021		1997-01-01		CHATEAU EPANVILLIERS				0	0	1		227
R	DFCF	DFCF-86-022		1997-01-01		TOUR DU CORDIER				0	0	1		227
R	DFCF	DFCF-86-023		1997-01-01		CHATEAU DE MASSEUIL				0	0	1		227
R	DFCF	DFCF-86-024		1997-01-01		TOUR A L'OISEAU				0	0	1		227
R	DFCF	DFCF-86-025		1997-01-01		CHATEAU DE VERNEUIL				0	0	1		227
R	DFCF	DFCF-86-026		1997-01-01		CHATEAU DE MONTREUIL-BONIN				0	0	1		227
R	DFCF	DFCF-86-027		1997-01-01		CHATEAU DES EVEQUES				0	0	1		227
R	DFCF	DFCF-86-028		1997-01-01		CHATEAU DES ROCHES				0	0	1		227
R	DFCF	DFCF-86-029		1997-01-01		CHATEAU DE SAINT PIERRE				0	0	1		227
R	DFCF	DFCF-86-030		1997-01-01		CHATEAU DE TOUFFOU				0	0	1		227
R	DFCF	DFCF-86-031		1997-01-01		CHATEAU DE PRUNIERS				0	0	1		227
R	DFCF	DFCF-86-032		1997-01-01		CHATEAU DE BOIS MORAND				0	0	1		227
R	DFCF	DFCF-86-033		1997-01-01		TOUR A L'OEUF				0	0	1		227
R	DFCF	DFCF-86-034		1997-01-01		CHATEAU DE MORTHEMER				0	0	1		227
R	DFCF	DFCF-86-035		1997-01-01		FORT DE L'ISLE				0	0	1		227
R	DFCF	DFCF-86-036		1997-01-01		CHATEAU D'AVANTON				0	0	1		227
R	DFCF	DFCF-86-037		1997-01-01		CHATEAU DE VISAIS				0	0	1		227
R	DFCF	DFCF-86-038		1997-01-01		CHATEAU DE CHATEAU-LARCHER				0	0	1		227
R	DFCF	DFCF-86-039		1997-01-01		CHATEAU DE BOIVRE				0	0	1		227
R	DFCF	DFCF-86-040		1997-01-01		TOUR DES DOUVES				0	0	1		227
R	DFCF	DFCF-86-041		1997-01-01		CHATEAU DE SAINT SAVIN				0	0	1		227
R	DFCF	DFCF-86-042		1997-01-01		CHATEAU DU MONT CORBIN				0	0	1		227
R	DFCF	DFCF-86-043		1997-01-01		CHATEAU DE PUYCHEVRIER				0	0	1		227
R	DFCF	DFCF-86-044		1997-01-01		TOUR DE GUYENNE				0	0	1		227
R	DFCF	DFCF-86-045		1997-01-01		CHATEAU DE L'EPINAY				0	0	1		227
R	DFCF	DFCF-86-046		1997-01-01		CHATEAU DE LA RODIERE				0	0	1		227
R	DFCF	DFCF-86-047		1997-01-01		CHATEAU DE PRE BERNARD				0	0	1		227
R	DFCF	DFCF-86-048		1997-01-01		CHATEAU DE LA COMMANDERIE				0	0	1		227
R	DFCF	DFCF-86-049		1997-01-01		CHATEAU DE GRANDMAISON				0	0	1		227
R	DFCF	DFCF-86-050		1997-01-01		CHATEAU DE MESSIGNAC				0	0	1		227
R	DFCF	DFCF-86-051		1997-01-01		CHATEAU DE PURNOM				0	0	1		227
R	DFCF	DFCF-86-052		1997-01-01		CHATEAU L'AUMONE				0	0	1		227
R	DFCF	DFCF-86-053		1997-01-01		TOUR DE DU GUESCLIN				0	0	1		227
R	DFCF	DFCF-86-054		1997-01-01		CHATEAU DE LA TOURDERIE				0	0	1		227
R	DFCF	DFCF-86-055		1997-01-01		CHATEAU COUVERT				0	0	1		227
R	DFCF	DFCF-86-056		1997-01-01		CHATEAU DE CHIRE-EN-MONTREUIL				0	0	1		227
R	DFCF	DFCF-86-057		1997-01-01		CHATEAU DE LA CHEZE				0	0	1		227
R	DFCF	DFCF-86-058		1997-01-01		CHATEAU DE LA MINAUDERIE				0	0	1		227
R	DFCF	DFCF-86-059		1997-01-01		CHATEAU DE CHERVES				0	0	1		227
R	DFCF	DFCF-86-060		1997-01-01		CHATEAU DE CURZAY SUR VONNE				0	0	1		227
R	DFCF	DFCF-86-061		1997-01-01		CHATEAU LA BRIOUZE				0	0	1		227
R	DFCF	DFCF-86-062		1997-01-01		CHATEAU DE LA COMMANDERIE				0	0	1		227
R	DFCF	DFCF-86-063		1997-01-01		L'ANCIEN CHATEAU DE LUSSAC				0	0	1		227
R	DFCF	DFCF-86-064		1997-01-01		CHATEAU BEAUDIMENT				0	0	1		227
R	DFCF	DFCF-86-065		1997-01-01		CHATEAU BOIS DOUCET				0	0	1		227
R	DFCF	DFCF-86-066		1997-01-01		CHATEAU SCEAUX				0	0	1		227
R	DFCF	DFCF-86-067		1997-01-01		CHATEAU LA RAUDIERE				0	0	1		227
R	DFCF	DFCF-86-068		1997-01-01		CHATEAU LA MOTTE				0	0	1		227
R	DFCF	DFCF-86-069		1997-01-01		CHATEAU PILOUE				0	0	1		227
R	DFCF	DFCF-86-070		1997-01-01		CHATEAU LA ROCHE				0	0	1		227
R	DFCF	DFCF-86-071		1997-01-01		CHATEAU VAYRES				0	0	1		227
R	DFCF	DFCF-86-072		1997-01-01		CHATEAU PUYGIRAULT				0	0	1		227
R	DFCF	DFCF-86-073		1997-01-01		CHATEAU PILIERS				0	0	1		227
R	DFCF	DFCF-86-074		1997-01-01		CHATEAU LA REYNIERE				0	0	1		227
R	DFCF	DFCF-86-075		1997-01-01		CHATEAU MARIEVILLE				0	0	1		227
R	DFCF	DFCF-86-076		1997-01-01		CHATEAU CREMAULT				0	0	1		227
R	DFCF	DFCF-86-077		1997-01-01		CHATEAU CHITRE				0	0	1		227
R	DFCF	DFCF-86-078		1997-01-01		CHATEAU SECHERE				0	0	1		227
R	DFCF	DFCF-86-079		1997-01-01		CHATEAU LE PALAIS				0	0	1		227
R	DFCF	DFCF-86-080		1997-01-01		CHATEAU CLOS DE LA RIBAUDIERE				0	0	1		227
R	DFCF	DFCF-86-081		1997-01-01		CHATEAU LA BUTHIERE				0	0	1		227
R	DFCF	DFCF-86-082		1997-01-01		CHATEAU LA TOUCHE				0	0	1		227
R	DFCF	DFCF-86-083		1997-01-01		CHATEAU D'AIGUE				0	0	1		227
R	DFCF	DFCF-86-084		1997-01-01		CHATEAU DE CIBIOUX				0	0	1		227
R	DFCF	DFCF-86-085		1997-01-01		TOUR DE LA RIGAUDIERE DE FAN				0	0	1		227
R	DFCF	DFCF-86-086		1997-01-01		CHATEAU DE LA FORGE				0	0	1		227
R	DFCF	DFCF-86-087		1997-01-01		CHATEAU LA ROCHE DE BRAN				0	0	1		227
R	DFCF	DFCF-86-088		1997-01-01		CHATEAU DE BADEVILLAIN				0	0	1		227
R	DFCF	DFCF-86-089		1997-01-01		CHATEAU DE LA ROCHE MARTEAU				0	0	1		227
R	DFCF	DFCF-86-090		1997-01-01		CHATEAU DE COUSSAY				0	0	1		227
R	DFCF	DFCF-86-091		1997-01-01		CHATEAU DE LA VERVOLIERE				0	0	1		227
R	DFCF	DFCF-86-092		1997-01-01		CHATEAU DE BOURG-ARCHAMBAULT				0	0	1		227
R	DFCF	DFCF-86-093		1997-01-01		CHATEAU DE LA MOTHE-CHANDENIERS				0	0	1		227
R	DFCF	DFCF-86-094		1997-01-01		CHATEAU D'ARTIGES				0	0	1		227
R	DFCF	DFCF-86-095		1997-01-01		CHATEAU DE MARCONNAY				0	0	1		227
R	DFCF	DFCF-86-096		1997-01-01		TOUR DE MONTCLAIR				0	0	1		227
R	DFCF	DFCF-86-097		1997-01-01		TOUR DU HAUT-CLAIVAUX				0	0	1		227
R	DFCF	DFCF-86-098		1997-01-01		CHATEAU DU PALAIS				0	0	1		227
R	DFCF	DFCF-86-099		1997-01-01		CHATEAU DE MONTFAUCON				0	0	1		227
R	DFCF	DFCF-86-100		1997-01-01		CHATEAU DE LA GRUZALIERE				0	0	1		227
R	DFCF	DFCF-86-101		1997-01-01		CHATEAU DE MAUGUE				0	0	1		227
R	DFCF	DFCF-86-102		1997-01-01		CHATEAU DE VAREILLES				0	0	1		227
R	DFCF	DFCF-86-103		1997-01-01		CHATEAU LE PARC				0	0	1		227
R	DFCF	DFCF-86-104		1997-01-01		CHATEAU MEDIEVAL DE CIVRAY				0	0	1		227
R	DFCF	DFCF-86-105		1997-01-01		CHATEAU LA ROCHE DU MAINE				0	0	1		227
R	DFCF	DFCF-86-106		1997-01-01		CHATEAU DE BERNAGOUT				0	0	1		227
R	DFCF	DFCF-86-107		1997-01-01		TOUR DE L'ARCHITECTE				0	0	1		227
R	DFCF	DFCF-86-108		1997-01-01		CHATEAU DE CHIRE EN MONTREUIL				0	0	1		227
R	DFCF	DFCF-86-109		1997-01-01		CHÂTEAU D'HARCOURT				0	0	1		227
R	DFCF	DFCF-86-110		1997-01-01		CHATEAU SARZEC				0	0	1		227
R	DFCF	DFCF-86-111		1997-01-01		CHATEAU DE LA ROCHE				0	0	1		227
R	DFCF	DFCF-86-112		1997-01-01		CHATEAU DE ROCHEFORT				0	0	1		227
R	DFCF	DFCF-86-113		1997-01-01		CHATEAU SAINT MARTIN L'ARS				0	0	1		227
R	DFCF	DFCF-86-114		1997-01-01		CHATEAU LERAY				0	0	1		227
R	DFCF	DFCF-86-115		1997-01-01		CHATEAU JOUFFRE				0	0	1		227
R	DFCF	DFCF-86-116		1997-01-01		CHÂTEAU DE TAVERSONNE				0	0	1		227
R	DFCF	DFCF-86-117		1997-01-01		CHATEAU DE MONTHOIRON				0	0	1		227
R	DFCF	DFCF-86-118		1997-01-01		CHÂTEAU DE LA FILATURE				0	0	1		227
R	DFCF	DFCF-86-119		1997-01-01		CHÂTEAU DE LA REAUTE				0	0	1		227
R	DFCF	DFCF-86-120		1997-01-01		CHÂTEAU DES MEURS				0	0	1		227
R	DFCF	DFCF-86-122		1997-01-01		CHÂTEAU D'AYRON				0	0	1		227
R	DFCF	DFCF-86-123		1997-01-01		CHÂTEAU DE LIREC				0	0	1		227
R	DFCF	DFCF-86-124		1997-01-01		CHATEAU DE VOUZAILLES				0	0	1		227
R	DFCF	DFCF-86-128		1997-01-01		CHATEAU DE CHEZ ROGON				0	0	1		227
R	DFCF	DFCF-87-001		1997-01-01		CHATEAU DE COUSSAC BONNEVAL				0	0	1		227
R	DFCF	DFCF-87-002		1997-01-01		CHATEAU DE JOUAC				0	0	1		227
R	DFCF	DFCF-87-003		1997-01-01		CHATEAU DES DUCS				0	0	1		227
R	DFCF	DFCF-87-004		1997-01-01		CHATEAU DE CHALUCET				0	0	1		227
R	DFCF	DFCF-87-005		1997-01-01		CHATEAU DU REYNOU				0	0	1		227
R	DFCF	DFCF-87-006		1997-01-01		CHATEAU DE LA BASTIDE				0	0	1		227
R	DFCF	DFCF-87-007		1997-01-01		CHATEAU DE LEYCHOISIER				0	0	1		227
R	DFCF	DFCF-87-008		1997-01-01		CHATEAU D'AIGUEPERSE				0	0	1		227
R	DFCF	DFCF-87-009		1997-01-01		CHATEAU DE LA POMELIE				0	0	1		227
R	DFCF	DFCF-87-010		1997-01-01		CHATEAU DE LA GRANDE GARDELLE				0	0	1		227
R	DFCF	DFCF-87-011		1997-01-01		CHATEAU DE NEUVILLARD				0	0	1		227
R	DFCF	DFCF-87-012		1997-01-01		CHATEAU DE CHAMPFLEURY				0	0	1		227
R	DFCF	DFCF-87-013		1997-01-01		CHÂTEAU DE LA ROCHECHOUART				0	0	1		227
R	DFCF	DFCF-87-014		1997-01-01		CHATEAU DE LA FAYOLLE				0	0	1		227
R	DFCF	DFCF-87-015		1997-01-01		CHATEAU DE MARZAC				0	0	1		227
R	DFCF	DFCF-87-016		1997-01-01		CHATEAU DE LA ROCHE				0	0	1		227
R	DFCF	DFCF-87-019		1997-01-01		CHÂTEAU DE VEYRAC				0	0	1		227
R	DFCF	DFCF-87-021		1997-01-01		CHÂTEAU DE SAINT AUVENT				0	0	1		227
R	DFCF	DFCF-87-026		1997-01-01		CHÂTEAU D'ESSENAC				0	0	1		227
R	DFCF	DFCF-87-027		1997-01-01		PALAIS EPISCOPAL DE LIMOGES				0	0	1		227
R	DFCF	DFCF-87-028		1997-01-01		CHÂTEAU DE LA RUE				0	0	1		227
R	DFCF	DFCF-87-030		1997-01-01		CHATEAU DE MORTEMART				0	0	1		227
R	DFCF	DFCF-87-031		1997-01-01		CHATEAU DE LA RICHERIE				0	0	1		227
R	DFCF	DFCF-87-032		1997-01-01		EN ATTENTE VALIDATION				0	0	1		227
R	DFCF	DFCF-88-001		1997-01-01		FORT DE BOURLEMONT				0	0	1		227
R	DFCF	DFCF-88-002		1997-01-01		FORT D'UXEGNEY				0	0	1		227
R	DFCF	DFCF-88-003		1997-01-01		CHATEAU SANDAUCOURT				0	0	1		227
R	DFCF	DFCF-88-004		1997-01-01		FORT D'ARCHES				0	0	1		227
R	DFCF	DFCF-88-005		1997-01-01		FORT DE RUPT				0	0	1		227
R	DFCF	DFCF-88-006		1997-01-01		CHATEAU D'EPINAL				0	0	1		227
R	DFCF	DFCF-88-007		1997-01-01		CHATEAU DE BOURLEMONT				0	0	1		227
R	DFCF	DFCF-88-008		1997-01-01		CHATEAU D'AUTIGNY LA TOUR				0	0	1		227
R	DFCF	DFCF-88-009		1997-01-01		CHATEAU DE CHATEL SUR MOSELLE				0	0	1		227
R	DFCF	DFCF-88-010		1997-01-01		FORT LE BOIS L'ABBEE				0	0	1		227
R	DFCF	DFCF-88-011		1997-01-01		FORT DE DOGNEVILLE				0	0	1		227
R	DFCF	DFCF-88-012		1997-01-01		CHATEAU PRINCES DE SALM				0	0	1		227
R	DFCF	DFCF-88-013		1997-01-01		CHATEAU   ETIVAL				0	0	1		227
R	DFCF	DFCF-88-017		1997-01-01		CHATEAU DE SPITZEMBERG				0	0	1		227
R	DFCF	DFCF-88-018		1997-01-01		CHATEAU DE BEAUREGARD				0	0	1		227
R	DFCF	DFCF-88-019		1997-01-01		FORT DU THIEHA				0	0	1		227
R	DFCF	DFCF-88-020		1997-01-01		FORT DES FRICHES				0	0	1		227
R	DFCF	DFCF-88-021		1997-01-01		FORT DU ROUBLON				0	0	1		227
R	DFCF	DFCF-88-022		1997-01-01		FORT DU BAMBOIS				0	0	1		227
R	DFCF	DFCF-88-023		1997-01-01		FORT DE GIRANCOURT				0	0	1		227
R	DFCF	DFCF-89-001		1997-01-01		CHATEAU DE DRUYES				0	0	1		227
R	DFCF	DFCF-89-002		1997-01-01		CHATEAU DE COURSON				0	0	1		227
R	DFCF	DFCF-89-003		1997-01-01		CHATEAU D'ARCHAMBAUD				0	0	1		227
R	DFCF	DFCF-89-004		1997-01-01		CHATEAU COLBERT				0	0	1		227
R	DFCF	DFCF-89-005		1997-01-01		CHATEAU DE MOLESME				0	0	1		227
R	DFCF	DFCF-89-006		1997-01-01		CHATEAU DE FAULIN				0	0	1		227
R	DFCF	DFCF-89-007		1997-01-01		CHATEAU DE BELLEVUE				0	0	1		227
R	DFCF	DFCF-89-008		1997-01-01		CHATEAU DE MONTFORT				0	0	1		227
R	DFCF	DFCF-89-009		1997-01-01		CHATEAU DE DRACY				0	0	1		227
R	DFCF	DFCF-89-010		1997-01-01		CHATEAU LE TREMBLAY				0	0	1		227
R	DFCF	DFCF-89-011		1997-01-01		CHATEAU D'AVIGNEAU				0	0	1		227
R	DFCF	DFCF-89-012		1997-01-01		CHATEAU D'ARTHE				0	0	1		227
R	DFCF	DFCF-89-013		1997-01-01		CHATEAU DE BONTIN				0	0	1		227
R	DFCF	DFCF-89-014		1997-01-01		CHATEAU DE FOUROLLES				0	0	1		227
R	DFCF	DFCF-89-015		1997-01-01		CHATEAU DE MALESHERBES				0	0	1		227
R	DFCF	DFCF-89-016		1997-01-01		CHATEAU DE SENAN				0	0	1		227
R	DFCF	DFCF-89-017		1997-01-01		CHATEAU DE ST MARC				0	0	1		227
R	DFCF	DFCF-89-018		1997-01-01		CHATEAU DE MAGNY				0	0	1		227
R	DFCF	DFCF-89-019		1997-01-01		CHATEAU DES PERVENCHES				0	0	1		227
R	DFCF	DFCF-89-020		1997-01-01		CHATEAU DE SEREVILLE				0	0	1		227
R	DFCF	DFCF-89-021		1997-01-01		CHATEAU DE TOUCY				0	0	1		227
R	DFCF	DFCF-89-022		1997-01-01		CHATEAU ST SAUVEUR EN PUYSAYE				0	0	1		227
R	DFCF	DFCF-89-023		1997-01-01		CHATEAU DE GRANCHAMP				0	0	1		227
R	DFCF	DFCF-89-024		1997-01-01		CHATEAU LE RONCEMAY				0	0	1		227
R	DFCF	DFCF-89-025		1997-01-01		CHATEAU DE FROVILLE				0	0	1		227
R	DFCF	DFCF-89-026		1997-01-01		CHATEAU DE MONTIGNY				0	0	1		227
R	DFCF	DFCF-89-027		1997-01-01		CHATEAU DE LA GENETTE				0	0	1		227
R	DFCF	DFCF-89-028		1997-01-01		CHATEAU DE BEAURAIN				0	0	1		227
R	DFCF	DFCF-89-029		1997-01-01		CHATEAU DE LALANDE				0	0	1		227
R	DFCF	DFCF-89-030		1997-01-01		CHATEAU D'ARBONNE				0	0	1		227
R	DFCF	DFCF-89-031		1997-01-01		CHATEAU DE VAUX				0	0	1		227
R	DFCF	DFCF-89-032		1997-01-01		ST MAURICE THIZOUAILLE				0	0	1		227
R	DFCF	DFCF-89-033		1997-01-01		CHATEAU DE NANTOU				0	0	1		227
R	DFCF	DFCF-89-034		1997-01-01		CHATEAU DE RATILLY				0	0	1		227
R	DFCF	DFCF-89-035		1997-01-01		CHATEAU ST FARGEAU				0	0	1		227
R	DFCF	DFCF-89-036		1997-01-01		CHATEAU DE CHAMPVALLON				0	0	1		227
R	DFCF	DFCF-89-037		1997-01-01		CHATEAU DE CHAILLEUSE				0	0	1		227
R	DFCF	DFCF-89-038		1997-01-01		CHATEAU DE LA VIEILLE FERTE				0	0	1		227
R	DFCF	DFCF-89-039		1997-01-01		CHATEAU DU BREAU				0	0	1		227
R	DFCF	DFCF-89-040		1997-01-01		CHATEAU DES GILATS				0	0	1		227
R	DFCF	DFCF-89-041		1997-01-01		CHATEAU DU THABOR				0	0	1		227
R	DFCF	DFCF-89-042		1997-01-01		CHATEAU DES CHESNEZ				0	0	1		227
R	DFCF	DFCF-89-043		1997-01-01		CHATEAU DE LA TOUR				0	0	1		227
R	DFCF	DFCF-89-044		1997-01-01		CHATEAU DE CRISENON				0	0	1		227
R	DFCF	DFCF-89-045		1997-01-01		CHATEAU DE SAINT PALLAYE				0	0	1		227
R	DFCF	DFCF-89-046		1997-01-01		CHATEAU DE TRUCY/YONNE				0	0	1		227
R	DFCF	DFCF-89-047		1997-01-01		CHATEAU DU FORT				0	0	1		227
R	DFCF	DFCF-89-048		1997-01-01		CHATEAU DE NEUILLY				0	0	1		227
R	DFCF	DFCF-89-049		1997-01-01		CHATEAU DES HATES				0	0	1		227
R	DFCF	DFCF-89-050		1997-01-01		CHATEAU DE REGENNES				0	0	1		227
R	DFCF	DFCF-89-051		1997-01-01		CHATEAU DE CORDEIL				0	0	1		227
R	DFCF	DFCF-89-052		1997-01-01		CHATEAU DE PONT MARQUIS				0	0	1		227
R	DFCF	DFCF-89-053		1997-01-01		CHATEAU DE MONBOULON				0	0	1		227
R	DFCF	DFCF-89-054		1997-01-01		CHATEAU DE CHATRE				0	0	1		227
R	DFCF	DFCF-89-055		1997-01-01		CHATEAU DE TALIN				0	0	1		227
R	DFCF	DFCF-89-056		1997-01-01		CHATEAU DE SAINT GEORGES				0	0	1		227
R	DFCF	DFCF-89-057		1997-01-01		CHATEAU DE L'ORME DU PONT				0	0	1		227
R	DFCF	DFCF-89-058		1997-01-01		CHATEAU DE LA BRUYERE				0	0	1		227
R	DFCF	DFCF-89-059		1997-01-01		CHATEAU DE GUILBEAUDON				0	0	1		227
R	DFCF	DFCF-89-060		1997-01-01		CHATEAU LE FORT				0	0	1		227
R	DFCF	DFCF-89-061		1997-01-01		CHATEAU D'ANCY LE FRANC				0	0	1		227
R	DFCF	DFCF-89-062		1997-01-01		CHATEAU DE DIGES				0	0	1		227
R	DFCF	DFCF-89-063		1997-01-01		CHATEAU DE LA RESLE				0	0	1		227
R	DFCF	DFCF-89-064		1997-01-01		CHATEAU LE FAYS				0	0	1		227
R	DFCF	DFCF-89-065		1997-01-01		CHATEAU DE ST VALERIEN				0	0	1		227
R	DFCF	DFCF-89-066		1997-01-01		CHATEAU DE MEZILLES				0	0	1		227
R	DFCF	DFCF-89-067		1997-01-01		CHATEAU DE BELLOMBRE				0	0	1		227
R	DFCF	DFCF-89-068		1997-01-01		CHATEAU DES GOUTTES				0	0	1		227
R	DFCF	DFCF-89-069		1997-01-01		CHATEAU DE MAISON BLANCHE				0	0	1		227
R	DFCF	DFCF-89-070		1997-01-01		CHATEAU DE MAULNES				0	0	1		227
R	DFCF	DFCF-89-071		1997-01-01		CHATEAU DE TANLAY				0	0	1		227
R	DFCF	DFCF-89-072		1997-01-01		CHATEAU DU SAULCES				0	0	1		227
R	DFCF	DFCF-89-073		1997-01-01		CHATEAU LE CHASTENAY				0	0	1		227
R	DFCF	DFCF-89-074		1997-01-01		CHATEAU DE LA COBARDE				0	0	1		227
R	DFCF	DFCF-89-075		1997-01-01		CHATEAU DE FUMERAULT				0	0	1		227
R	DFCF	DFCF-89-076		1997-01-01		CHATEAU LES TABOUREAUX				0	0	1		227
R	DFCF	DFCF-89-077		1997-01-01		CHATEAU D'ARCY SUR CURE				0	0	1		227
R	DFCF	DFCF-89-078		1997-01-01		CHATEAU DE SAINT BRIS				0	0	1		227
R	DFCF	DFCF-89-079		1997-01-01		CHATEAU DE TESTMILON				0	0	1		227
R	DFCF	DFCF-89-080		1997-01-01		CHATEAU DE BEAUVAIS				0	0	1		227
R	DFCF	DFCF-89-081		1997-01-01		CHATEAU DE MERRY				0	0	1		227
R	DFCF	DFCF-89-082		1997-01-01		CHATEAU DE FONTAINE MADAME				0	0	1		227
R	DFCF	DFCF-89-083		1997-01-01		CHATEAU DE LA VILLOTTE				0	0	1		227
R	DFCF	DFCF-89-084		1997-01-01		CHATEAU DE VIENNE				0	0	1		227
R	DFCF	DFCF-89-085		1997-01-01		CHATEAU DE CHEVILLON				0	0	1		227
R	DFCF	DFCF-89-086		1997-01-01		CHATEAU D'ESNON				0	0	1		227
R	DFCF	DFCF-89-087		1997-01-01		CHATEAU DE LA POESLE				0	0	1		227
R	DFCF	DFCF-89-088		1997-01-01		CHATEAU D'ORDON				0	0	1		227
R	DFCF	DFCF-89-089		1997-01-01		CHATEAU DE MOUTOT				0	0	1		227
R	DFCF	DFCF-89-090		1997-01-01		CHATEAU DE BELLEFONTAINE				0	0	1		227
R	DFCF	DFCF-89-091		1997-01-01		CHATEAU DE BOURRON				0	0	1		227
R	DFCF	DFCF-89-092		1997-01-01		CHATEAU DE BERU				0	0	1		227
R	DFCF	DFCF-89-093		1997-01-01		CHATEAU DE JOUANCY				0	0	1		227
R	DFCF	DFCF-89-094		1997-01-01		CHATEAU LE PARC VIEL				0	0	1		227
R	DFCF	DFCF-89-095		1997-01-01		CHATEAU DE COLLAN				0	0	1		227
R	DFCF	DFCF-89-096		1997-01-01		CHATEAU DE CLAIRE FONTAINE				0	0	1		227
R	DFCF	DFCF-89-097		1997-01-01		CHATEAU DE PRIE				0	0	1		227
R	DFCF	DFCF-89-098		1997-01-01		CHATEAU DE FRESNES				0	0	1		227
R	DFCF	DFCF-89-099		1997-01-01		CHATEAU DE PRECY SUR VRAIN				0	0	1		227
R	DFCF	DFCF-89-100		1997-01-01		CHATEAU DE BOUTISSAINT				0	0	1		227
R	DFCF	DFCF-89-101		1997-01-01		CHATEAU KERBLO				0	0	1		227
R	DFCF	DFCF-89-102		1997-01-01		CHATEAU DE BLENEAU				0	0	1		227
R	DFCF	DFCF-89-103		1997-01-01		CHATEAU DE PIFFONDS				0	0	1		227
R	DFCF	DFCF-89-104		1997-01-01		CHATEAU DE GUERCHY				0	0	1		227
R	DFCF	DFCF-89-105		1997-01-01		CHATEAU DE PONTAGNY				0	0	1		227
R	DFCF	DFCF-89-106		1997-01-01		CHATEAU DE MONTMERCY				0	0	1		227
R	DFCF	DFCF-89-107		1997-01-01		CHATEAU DE CHENEY				0	0	1		227
R	DFCF	DFCF-89-108		1997-01-01		CHATEAU DE VIEUX CHAMPS				0	0	1		227
R	DFCF	DFCF-89-109		1997-01-01		CHATEAU LA MOTHE JARRY				0	0	1		227
R	DFCF	DFCF-89-110		1997-01-01		CHATEAU DE DANNERY				0	0	1		227
R	DFCF	DFCF-89-111		1997-01-01		CHATEAU DE SAUVIGNY LE BOIS				0	0	1		227
R	DFCF	DFCF-89-112		1997-01-01		CHATEAU LE COLOMBIER				0	0	1		227
R	DFCF	DFCF-89-113		1997-01-01		CHATEAU MONTJALIN				0	0	1		227
R	DFCF	DFCF-89-114		1997-01-01		CHATEAU DE COURBOISSY				0	0	1		227
R	DFCF	DFCF-89-115		1997-01-01		CHATEAU DE VEZINNES				0	0	1		227
R	DFCF	DFCF-89-116		1997-01-01		CHATEAU LA HAUTE CAVE				0	0	1		227
R	DFCF	DFCF-89-117		1997-01-01		CHATEAU DE LA GRUERIE				0	0	1		227
R	DFCF	DFCF-89-118		1997-01-01		CHATEAU DE TRUCHIEN				0	0	1		227
R	DFCF	DFCF-89-119		1997-01-01		CHATEAU DE VAL DE MERCY				0	0	1		227
R	DFCF	DFCF-89-120		1997-01-01		CHATEAU DE NAILLY				0	0	1		227
R	DFCF	DFCF-89-121		1997-01-01		CHATEAU DE VILLEFARGEAU				0	0	1		227
R	DFCF	DFCF-89-122		1997-01-01		CHATEAU DE LA FOLIE				0	0	1		227
R	DFCF	DFCF-89-123		1997-01-01		CHATEAU DES MINIERES				0	0	1		227
R	DFCF	DFCF-89-124		1997-01-01		CHATEAU DE RIBOURDIN				0	0	1		227
R	DFCF	DFCF-89-125		1997-01-01		CHATEAU TANNERRE				0	0	1		227
R	DFCF	DFCF-89-126		1997-01-01		CHATEAU DE CHERY				0	0	1		227
R	DFCF	DFCF-89-127		1997-01-01		CHATEAU DE RABLAY				0	0	1		227
R	DFCF	DFCF-89-128		1997-01-01		CHATEAU DE QUENNE				0	0	1		227
R	DFCF	DFCF-89-129		1997-01-01		CHATEAU LES JANETS				0	0	1		227
R	DFCF	DFCF-89-130		1997-01-01		CHATEAU MONTANTHIAUME				0	0	1		227
R	DFCF	DFCF-89-131		1997-01-01		CHATEAU BARCOUR				0	0	1		227
R	DFCF	DFCF-89-132		1997-01-01		CHATEAU DE FESTIGNY				0	0	1		227
R	DFCF	DFCF-89-133		1997-01-01		CHATEAU DES ARCIS				0	0	1		227
R	DFCF	DFCF-89-134		1997-01-01		CHATEAU LA BUISSIERE				0	0	1		227
R	DFCF	DFCF-89-135		1997-01-01		CHATEAU GUERCHY				0	0	1		227
R	DFCF	DFCF-89-136		1997-01-01		CHATEAU LES BARRES				0	0	1		227
R	DFCF	DFCF-89-137		1997-01-01		CHATEAU SAINT MORE				0	0	1		227
R	DFCF	DFCF-89-138		1997-01-01		CHATEAU DOMECY / VAULT N°  1				0	0	1		227
R	DFCF	DFCF-89-139		1997-01-01		CHATEAU LE DEFFAND				0	0	1		227
R	DFCF	DFCF-89-140		1997-01-01		CHATEAU DOMECY / VAULT N°  2				0	0	1		227
R	DFCF	DFCF-89-141		1997-01-01		CHATEAU SAINT GEORGES				0	0	1		227
R	DFCF	DFCF-89-142		1997-01-01		CHATEAU PALTEAU				0	0	1		227
R	DFCF	DFCF-89-143		1997-01-01		CHATEAU HAUTEFEUILLE				0	0	1		227
R	DFCF	DFCF-89-144		1997-01-01		CHATEAU LA BOURGUIGNONNE				0	0	1		227
R	DFCF	DFCF-89-145		1997-01-01		CHATEAU VALLERY				0	0	1		227
R	DFCF	DFCF-89-146		1997-01-01		CHATEAU RICHEBOIS				0	0	1		227
R	DFCF	DFCF-89-147		1997-01-01		CHATEAU CHENEARNOULT				0	0	1		227
R	DFCF	DFCF-89-148		1997-01-01		CHATEAU DE LARCHEVRE				0	0	1		227
R	DFCF	DFCF-89-149		1997-01-01		CHATEAU DE SAINTE MAGNANCE				0	0	1		227
R	DFCF	DFCF-89-150		1997-01-01		CHATEAU GENOUILLY				0	0	1		227
R	DFCF	DFCF-89-151		1997-01-01		CHATEAU DES GONDI				0	0	1		227
R	DFCF	DFCF-89-152		1997-01-01		CHATEAU THIZY				0	0	1		227
R	DFCF	DFCF-89-153		1997-01-01		CHATEAU SAINT PHAL				0	0	1		227
R	DFCF	DFCF-89-154		1997-01-01		CHATEAU BOIS LE ROI				0	0	1		227
R	DFCF	DFCF-89-155		1997-01-01		CHATEAU VAUGUILLAIN				0	0	1		227
R	DFCF	DFCF-89-156		1997-01-01		CHATEAU LA MOTHE				0	0	1		227
R	DFCF	DFCF-89-157		1997-01-01		CHATEAU ASNIERES				0	0	1		227
R	DFCF	DFCF-89-158		1997-01-01		CHATEAU LE COUDRAY				0	0	1		227
R	DFCF	DFCF-89-159		1997-01-01		CHATEAU LE BOIS FORT				0	0	1		227
R	DFCF	DFCF-89-160		1997-01-01		CHATEAU PERCEY				0	0	1		227
R	DFCF	DFCF-89-161		1997-01-01		CHATEAU DE CHARMEAU				0	0	1		227
R	DFCF	DFCF-89-162		1997-01-01		CHATEAU DE COURTOIN				0	0	1		227
R	DFCF	DFCF-89-163		1997-01-01		CHATEAU LES CROUSILLES				0	0	1		227
R	DFCF	DFCF-89-164		1997-01-01		CHATEAU SAINT EUSOGE				0	0	1		227
R	DFCF	DFCF-89-165		1997-01-01		CHATEAU LA BRENELLERIE				0	0	1		227
R	DFCF	DFCF-89-166		1997-01-01		CHATEAU DE NUITS SUR ARMANCON				0	0	1		227
R	DFCF	DFCF-89-167		1997-01-01		CHATEAU DE GIVRY				0	0	1		227
R	DFCF	DFCF-89-168		1997-01-01		CHATEAU LES GARNIERS				0	0	1		227
R	DFCF	DFCF-89-169		1997-01-01		CHATEAU D'ISLAND				0	0	1		227
R	DFCF	DFCF-89-170		1997-01-01		CHATEAU PASSY				0	0	1		227
R	DFCF	DFCF-89-171		1997-01-01		CHATEAU DE LA POMMERAIE				0	0	1		227
R	DFCF	DFCF-89-172		1997-01-01		CHATEAU DE SERRIGNY				0	0	1		227
R	DFCF	DFCF-89-173		1997-01-01		CHATEAU DES PORTS				0	0	1		227
R	DFCF	DFCF-89-174		1997-01-01		CHATEAU DE MAILLY LE CHATEAU				0	0	1		227
R	DFCF	DFCF-89-175		1997-01-01		CHATEAU DE DOMECY SUR CURE				0	0	1		227
R	DFCF	DFCF-89-176		1997-01-01		CHATEAU THAROISEAU				0	0	1		227
R	DFCF	DFCF-89-177		1997-01-01		CHATEAU LA GRANGE ARTHUIS				0	0	1		227
R	DFCF	DFCF-89-178		1997-01-01		CHATEAU DE L'ISLE SUR SEREIN				0	0	1		227
R	DFCF	DFCF-89-179		1997-01-01		CHATEAU LONG DEPAQUIT				0	0	1		227
R	DFCF	DFCF-89-180		1997-01-01		CHATEAU LE MOULIN NEUF				0	0	1		227
R	DFCF	DFCF-89-181		1997-01-01		CHATEAU DES CHARMEES				0	0	1		227
R	DFCF	DFCF-89-182		1997-01-01		CHATEAU VIVIERS				0	0	1		227
R	DFCF	DFCF-89-183		1997-01-01		CHATEAU D'EGLENY				0	0	1		227
R	DFCF	DFCF-89-184		1997-01-01		CHATEAU DES VIGNES				0	0	1		227
R	DFCF	DFCF-89-185		1997-01-01		CHATEAU D'YROUERRE				0	0	1		227
R	DFCF	DFCF-89-186		1997-01-01		CHATEAU DE BRANCHES				0	0	1		227
R	DFCF	DFCF-89-187		1997-01-01		CHATEAU FLASSY				0	0	1		227
R	DFCF	DFCF-89-188		1997-01-01		CHATEAU THURY				0	0	1		227
R	DFCF	DFCF-89-189		1997-01-01		CHATEAU CUDOT				0	0	1		227
R	DFCF	DFCF-89-190		1997-01-01		CHATEAU DUENNE				0	0	1		227
R	DFCF	DFCF-89-191		1997-01-01		CHATEAU BELLERIVE				0	0	1		227
R	DFCF	DFCF-89-192		1997-01-01		CHATEAU LA MOTTE AUX AULNAIES				0	0	1		227
R	DFCF	DFCF-89-193		1997-01-01		CHATEAU LA MOTTE DES PRES				0	0	1		227
R	DFCF	DFCF-89-194		1997-01-01		CHATEAU LE GRAND LONGUERON				0	0	1		227
R	DFCF	DFCF-89-195		1997-01-01		CHATEAU LA MAISON HAUTE				0	0	1		227
R	DFCF	DFCF-89-196		1997-01-01		CHATEAU DE L'ORDEREAU				0	0	1		227
R	DFCF	DFCF-89-197		1997-01-01		CHATEAU LA BOUTAUDERIE				0	0	1		227
R	DFCF	DFCF-89-198		1997-01-01		CHATEAU SAUILLY				0	0	1		227
R	DFCF	DFCF-89-199		1997-01-01		CHATEAU LE CHAMP DU GUET				0	0	1		227
R	DFCF	DFCF-89-200		1997-01-01		CHATEAU CHASTELLUX				0	0	1		227
R	DFCF	DFCF-89-201		1997-01-01		CHATEAU VINCELLES				0	0	1		227
R	DFCF	DFCF-89-202		1997-01-01		CHATEAU LES DALIBEAUX				0	0	1		227
R	DFCF	DFCF-89-203		1997-01-01		CHATEAU MONTPIERREUX				0	0	1		227
R	DFCF	DFCF-89-204		1997-01-01		CHATEAU LE CLOS				0	0	1		227
R	DFCF	DFCF-89-205		1997-01-01		CHATEAU SAINTE ANNE				0	0	1		227
R	DFCF	DFCF-89-206		1997-01-01		CHATEAU PRESSUREAU				0	0	1		227
R	DFCF	DFCF-89-207		1997-01-01		CHATEAU LA RACINE				0	0	1		227
R	DFCF	DFCF-89-208		1997-01-01		CHATEAU DE LAIN				0	0	1		227
R	DFCF	DFCF-89-209		1997-01-01		CHATEAU LA MOTTE				0	0	1		227
R	DFCF	DFCF-89-210		1997-01-01		CHATEAU VENIZY				0	0	1		227
R	DFCF	DFCF-89-211		1997-01-01		CHATEAU VERLIN				0	0	1		227
R	DFCF	DFCF-89-212		1997-01-01		CHATEAU DU TERTRE				0	0	1		227
R	DFCF	DFCF-89-213		1997-01-01		CHATEAU BUISSON SOUEF				0	0	1		227
R	DFCF	DFCF-89-214		1997-01-01		CHATEAU POINCHY				0	0	1		227
R	DFCF	DFCF-89-215		1997-01-01		CHATEAU VERGIGNY				0	0	1		227
R	DFCF	DFCF-89-216		1997-01-01		CHATEAU RAGNY				0	0	1		227
R	DFCF	DFCF-89-217		1997-01-01		CHATEAU BOIS ROND				0	0	1		227
R	DFCF	DFCF-89-218		1997-01-01		CHATEAU LA BARBOTIERE				0	0	1		227
R	DFCF	DFCF-89-219		1997-01-01		CHATEAU LA CHAPELOTTE				0	0	1		227
R	DFCF	DFCF-89-220		1997-01-01		CHATEAU JAULGES				0	0	1		227
R	DFCF	DFCF-89-221		1997-01-01		CHATEAU DIXMONT				0	0	1		227
R	DFCF	DFCF-89-222		1997-01-01		CHATEAU ROSAIRE				0	0	1		227
R	DFCF	DFCF-89-223		1997-01-01		CHATEAU PANCY				0	0	1		227
R	DFCF	DFCF-89-224		1997-01-01		CHATEAU RAILLY				0	0	1		227
R	DFCF	DFCF-89-225		1997-01-01		CHATEAU GAILLARD				0	0	1		227
R	DFCF	DFCF-89-226		1997-01-01		CHATEAU MALIGNY				0	0	1		227
R	DFCF	DFCF-89-227		1997-01-01		CHATEAU MISERY				0	0	1		227
R	DFCF	DFCF-89-228		1997-01-01		CHATEAU ANNOUX				0	0	1		227
R	DFCF	DFCF-89-229		1997-01-01		LA MOUILLIERE				0	0	1		227
R	DFCF	DFCF-89-230		1997-01-01		LE VIEUX CHATEAU				0	0	1		227
R	DFCF	DFCF-89-231		1997-01-01		CHATEAU VERTRON				0	0	1		227
R	DFCF	DFCF-89-232		1997-01-01		CHATEAU LOOZE				0	0	1		227
R	DFCF	DFCF-89-233		1997-01-01		CHATEAU VILLEROY				0	0	1		227
R	DFCF	DFCF-89-234		1997-01-01		CHATEAU ARGENTEUIL				0	0	1		227
R	DFCF	DFCF-89-235		1997-01-01		CHATEAU LES BOISSEAUX				0	0	1		227
R	DFCF	DFCF-89-236		1997-01-01		CHATEAU ETAULE				0	0	1		227
R	DFCF	DFCF-89-237		1997-01-01		CHATEAU CHATEL GERARD				0	0	1		227
R	DFCF	DFCF-89-238		1997-01-01		CHATEAU JUNAY				0	0	1		227
R	DFCF	DFCF-89-239		1997-01-01		CHATEAU CISERY				0	0	1		227
R	DFCF	DFCF-89-240		1997-01-01		CHATEAU PISY				0	0	1		227
R	DFCF	DFCF-89-241		1997-01-01		CHATEAU LUCY LE BOIS				0	0	1		227
R	DFCF	DFCF-89-242		1997-01-01		CHATEAU LA MOTHE				0	0	1		227
R	DFCF	DFCF-89-243		1997-01-01		CHATEAU DE BRANNAY				0	0	1		227
R	DFCF	DFCF-89-244		1997-01-01		CHATEAU LES BRUYERES				0	0	1		227
R	DFCF	DFCF-89-245		1997-01-01		CHATEAU LA COUR				0	0	1		227
R	DFCF	DFCF-89-246		1997-01-01		CHATEAU LES PANNATS				0	0	1		227
R	DFCF	DFCF-89-247		1997-01-01		CHATEAU LES ROCHES				0	0	1		227
R	DFCF	DFCF-89-248		1997-01-01		CHATEAU LES JOLIS VAUX				0	0	1		227
R	DFCF	DFCF-89-249		1997-01-01		CHATEAU LES COMTES				0	0	1		227
R	DFCF	DFCF-89-250		1997-01-01		CHATEAU GURGY				0	0	1		227
R	DFCF	DFCF-89-251		1997-01-01		CHATEAU SOMMEVILLE				0	0	1		227
R	DFCF	DFCF-89-252		1997-01-01		CHATEAU SERMIZELLES				0	0	1		227
R	DFCF	DFCF-89-253		1997-01-01		CHATEAU MILLY				0	0	1		227
R	DFCF	DFCF-89-254		1997-01-01		CHATEAU BERTREAU				0	0	1		227
R	DFCF	DFCF-89-255		1997-01-01		CHATEAU LE BOULET				0	0	1		227
R	DFCF	DFCF-89-256		1997-01-01		CHATEAU LA BUTTE				0	0	1		227
R	DFCF	DFCF-89-257		1997-01-01		CHATEAU EPINEAU LES VOVES				0	0	1		227
R	DFCF	DFCF-89-258		1997-01-01		CHATEAU THORY				0	0	1		227
R	DFCF	DFCF-89-259		1997-01-01		CHATEAU LE BOUCHET				0	0	1		227
R	DFCF	DFCF-89-260		1997-01-01		CHATEAU CHATEL CENSOIR				0	0	1		227
R	DFCF	DFCF-89-261		1997-01-01		CHATEAU DE SAINT CYR LES COLONS				0	0	1		227
R	DFCF	DFCF-89-262		1997-01-01		TOUR DE CRAVAN				0	0	1		227
R	DFCF	DFCF-89-263		1997-01-01		TOUR DE L'HORLOGE				0	0	1		227
R	DFCF	DFCF-89-264		1997-01-01		TOUR DU NOUA				0	0	1		227
R	DFCF	DFCF-89-265		1997-01-01		TOUR LOUIS LE GROS				0	0	1		227
R	DFCF	DFCF-89-266		1997-01-01		CHATEAU LA HOUSSAYE				0	0	1		227
R	DFCF	DFCF-89-267		1997-01-01		CHATEAU DU MONT SAINT SULPICE N° 1				0	0	1		227
R	DFCF	DFCF-89-268		1997-01-01		CHATEAU DE MONTAIGU				0	0	1		227
R	DFCF	DFCF-89-269		1997-01-01		CHATEAU DE CARISEY				0	0	1		227
R	DFCF	DFCF-89-270		1997-01-01		CHATEAU DE CHAUMONT				0	0	1		227
R	DFCF	DFCF-89-271		1997-01-01		CHATEAU DE SPARE				0	0	1		227
R	DFCF	DFCF-89-272		1997-01-01		CHATEAU LA BROSSE PALIS				0	0	1		227
R	DFCF	DFCF-89-273		1997-01-01		CHATEAU LES CHAPELLES				0	0	1		227
R	DFCF	DFCF-89-274		1997-01-01		TOUR BONNEVILLE				0	0	1		227
R	DFCF	DFCF-89-275		1997-01-01		CHATEAU DE MONTARD				0	0	1		227
R	DFCF	DFCF-89-276		1997-01-01		CHATEAU DE GALLE				0	0	1		227
R	DFCF	DFCF-89-277		1997-01-01		CHATEAU ANNEOT				0	0	1		227
R	DFCF	DFCF-89-278		1997-01-01		CHATEAU DE PARON				0	0	1		227
R	DFCF	DFCF-89-279		1997-01-01		CHATEAU DE CERILLY				0	0	1		227
R	DFCF	DFCF-89-280		1997-01-01		CHATEAU DE COURGIS				0	0	1		227
R	DFCF	DFCF-89-281		1997-01-01		CHATEAU BRIENON				0	0	1		227
R	DFCF	DFCF-89-282		1997-01-01		CHATEAU DE SAINT SEROTIN				0	0	1		227
R	DFCF	DFCF-89-283		1997-01-01		CHATEAU GRESIGNY				0	0	1		227
R	DFCF	DFCF-89-284		1997-01-01		CHATEAU PLENOCHES				0	0	1		227
R	DFCF	DFCF-89-285		1997-01-01		CHATEAU REBOURSEAUX				0	0	1		227
R	DFCF	DFCF-89-286		1997-01-01		LE GRAND CHATEAU DE TRONCHOY				0	0	1		227
R	DFCF	DFCF-89-287		1997-01-01		CHATEAU D'ANSTRUDE				0	0	1		227
R	DFCF	DFCF-89-288		1997-01-01		CHATEAU RAVIERES				0	0	1		227
R	DFCF	DFCF-89-289		1997-01-01		CHATEAU ORBIGNY				0	0	1		227
R	DFCF	DFCF-89-290		1997-01-01		CHATEAU GAILLARD				0	0	1		227
R	DFCF	DFCF-89-291		1997-01-01		CHATEAU RUGNY				0	0	1		227
R	DFCF	DFCF-89-292		1997-01-01		TOUR  LIERRE				0	0	1		227
R	DFCF	DFCF-89-293		1997-01-01		CHATEAU DE CHAMPIGNY				0	0	1		227
R	DFCF	DFCF-89-294		1997-01-01		CHATEAU LAMOTTE				0	0	1		227
R	DFCF	DFCF-89-295		1997-01-01		CHATEAU DE VAULICHERE				0	0	1		227
R	DFCF	DFCF-89-296		1997-01-01		CHATEAU MIROIR				0	0	1		227
R	DFCF	DFCF-89-297		1997-01-01		CHATEAU DE FLOGNY				0	0	1		227
R	DFCF	DFCF-89-298		1997-01-01		CHATEAU DE COURTEROLLES				0	0	1		227
R	DFCF	DFCF-89-299		1997-01-01		CHATEAU DE MARDILLY				0	0	1		227
R	DFCF	DFCF-89-300		1997-01-01		CHATEAU DE FLEURIGNY				0	0	1		227
R	DFCF	DFCF-89-301		1997-01-01		CHATEAU LE BOIS DE VASSY				0	0	1		227
R	DFCF	DFCF-89-302		1997-01-01		CHATEAU DE CUSY				0	0	1		227
R	DFCF	DFCF-89-303		1997-01-01		CHATEAU MARRAULT				0	0	1		227
R	DFCF	DFCF-89-304		1997-01-01		CHATEAU DE LA GARENNE				0	0	1		227
R	DFCF	DFCF-89-305		1997-01-01		CHATEAU LE PETIT VARENNES				0	0	1		227
R	DFCF	DFCF-89-306		1997-01-01		CHATEAU LE GRAND VARENNES				0	0	1		227
R	DFCF	DFCF-89-307		1997-01-01		CHATEAU LECHERES				0	0	1		227
R	DFCF	DFCF-89-308		1997-01-01		CHATEAU DE TUMY				0	0	1		227
R	DFCF	DFCF-89-309		1997-01-01		CHATEAU DE COURTAMOUX				0	0	1		227
R	DFCF	DFCF-89-310		1997-01-01		CHATEAU VAULT DE LUGNY				0	0	1		227
R	DFCF	DFCF-89-311		1997-01-01		LE VIEUX CHATEAU DE L'ISLE SUR SEREIN				0	0	1		227
R	DFCF	DFCF-89-312		1997-01-01		CHATEAU DE VINCELOTTES				0	0	1		227
R	DFCF	DFCF-89-313		1997-01-01		CHATEAU MARDELINS				0	0	1		227
R	DFCF	DFCF-89-314		1997-01-01		CHATEAU GUINS				0	0	1		227
R	DFCF	DFCF-89-315		1997-01-01		CHATEAU DUCS DE NEMOURS				0	0	1		227
R	DFCF	DFCF-89-316		1997-01-01		CHATEAU TRION				0	0	1		227
R	DFCF	DFCF-89-317		1997-01-01		CHATEAU CHESNOY				0	0	1		227
R	DFCF	DFCF-89-318		1997-01-01		CHATEAU DORNETS				0	0	1		227
R	DFCF	DFCF-89-319		1997-01-01		CHATEAU LA GREVE				0	0	1		227
R	DFCF	DFCF-89-320		1997-01-01		CHATEAU MARSANGY				0	0	1		227
R	DFCF	DFCF-89-321		1997-01-01		CHATEAU SIXTY				0	0	1		227
R	DFCF	DFCF-89-322		1997-01-01		CHATEAU PIERRE PERTHUIS				0	0	1		227
R	DFCF	DFCF-89-323		1997-01-01		CHATEAU VAUDEUR				0	0	1		227
R	DFCF	DFCF-89-324		1997-01-01		CHATEAU CHEMILLY				0	0	1		227
R	DFCF	DFCF-89-325		1997-01-01		CHATEAU CHAMPLAY				0	0	1		227
R	DFCF	DFCF-89-326		1997-01-01		CHATEAU SUBLIGNY				0	0	1		227
R	DFCF	DFCF-89-327		1997-01-01		PALAIS EPISCOPAL				0	0	1		227
R	DFCF	DFCF-89-328		1997-01-01		CHATEAU LES ALLEUX				0	0	1		227
R	DFCF	DFCF-89-329		1997-01-01		TOUR DE I'HORLOGE				0	0	1		227
R	DFCF	DFCF-89-330		1997-01-01		CHATEAU THOREY				0	0	1		227
R	DFCF	DFCF-89-331		1997-01-01		CHATEAU NOYERS				0	0	1		227
R	DFCF	DFCF-89-332		1997-01-01		CHATEAU DE DANNEMOINE				0	0	1		227
R	DFCF	DFCF-89-333		1997-01-01		CHATEAU DE VAULUISANT				0	0	1		227
R	DFCF	DFCF-89-334		1997-01-01		TOUR DES BUTTES				0	0	1		227
R	DFCF	DFCF-89-335		1997-01-01		CHATEAU D'EVRY				0	0	1		227
R	DFCF	DFCF-89-336		1997-01-01		TOUR BRUNEHAUT				0	0	1		227
R	DFCF	DFCF-89-337		1997-01-01		CHATEAU ORIGNY				0	0	1		227
R	DFCF	DFCF-89-338		1997-01-01		CHATEAU TOULARG				0	0	1		227
R	DFCF	DFCF-89-339		1997-01-01		CHATEAU LE BARREAU				0	0	1		227
R	DFCF	DFCF-89-340		1997-01-01		MANOIR DE SERMIZELLES				0	0	1		227
R	DFCF	DFCF-89-341		1997-01-01		CHATEAU DE BLANCHE LANCE				0	0	1		227
R	DFCF	DFCF-89-342		1997-01-01		CHATEAU DE CORU				0	0	1		227
R	DFCF	DFCF-89-343		1997-01-01		CHATEAU DE DOLLOT				0	0	1		227
R	DFCF	DFCF-89-344		1997-01-01		MANOIR DE L'ONDE				0	0	1		227
R	DFCF	DFCF-89-345		1997-01-01		CHATEAU PLESSIS SAINT JEAN				0	0	1		227
R	DFCF	DFCF-89-346		1997-01-01		CHATEAU DE GUEDELON				0	0	1		227
R	DFCF	DFCF-89-347		1997-01-01		CHATEAU DU CHATEAU				0	0	1		227
R	DFCF	DFCF-89-348		1997-01-01		CHATEAU DE FULVY				0	0	1		227
R	DFCF	DFCF-89-349		1997-01-01		TOUR DES PRISONS				0	0	1		227
R	DFCF	DFCF-89-350		1997-01-01		CHATEAU DE TAINGY				0	0	1		227
R	DFCF	DFCF-89-351		1997-01-01		CHATEAU DE CHENY				0	0	1		227
R	DFCF	DFCF-89-352		1997-01-01		PALAIS SYNODALE DE SENS				0	0	1		227
R	DFCF	DFCF-89-353		1997-01-01		CHATEAU SAINT MARC				0	0	1		227
R	DFCF	DFCF-89-354		1997-01-01		CHATEAU DE LA CROISIERE				0	0	1		227
R	DFCF	DFCF-89-355		1997-01-01		CHATEAU DE LIGNY				0	0	1		227
R	DFCF	DFCF-89-356		1997-01-01		CHATEAU DE L'HERMITAGE				0	0	1		227
R	DFCF	DFCF-89-357		1997-01-01		CHATEAU DE LA SAULAIE				0	0	1		227
R	DFCF	DFCF-89-381		1997-01-01		CHÂTEAU DE VAUX				0	0	1		227
R	DFCF	DFCF-89-386		1997-01-01		TOUR DE LA PORTE DE SENS				0	0	1		227
R	DFCF	DFCF-89-387		1997-01-01		TOUR DE LA PORTE SUD DE VILLENEUVE				0	0	1		227
R	DFCF	DFCF-89-388		1997-01-01		TOUR ROLAND				0	0	1		227
R	DFCF	DFCF-89-394		1997-01-01		MANOIR DE RIOLLET				0	0	1		227
R	DFCF	DFCF-89-410		1997-01-01		CHATEAU DU DOMAINE BORGNAT				0	0	1		227
R	DFCF	DFCF-89-414		1997-01-01		CHATEAU FORT DE PIERRE PERTHUIS				0	0	1		227
R	DFCF	DFCF-89-417		1997-01-01		TOUR EST DE LA PORTE D'ARBAULT				0	0	1		227
R	DFCF	DFCF-89-418		1997-01-01		TOUR OUEST DE LA PORTE D'ARBAULT				0	0	1		227
R	DFCF	DFCF-89-419		1997-01-01		TOUR DU DONJON				0	0	1		227
R	DFCF	DFCF-89-420		1997-01-01		TOUR EST DE LA POTERNE				0	0	1		227
R	DFCF	DFCF-89-439		1997-01-01		TOUR COULANGES LA VINEUSE				0	0	1		227
R	DFCF	DFCF-89-440		1997-01-01		TOUR HORLOGE ST FARGEAU				0	0	1		227
R	DFCF	DFCF-89-441		1997-01-01		TOUR MALAKOFF				0	0	1		227
R	DFCF	DFCF-89-442		1997-01-01		TOUR DE LA CROIX ST JULIEN				0	0	1		227
R	DFCF	DFCF-89-443		1997-01-01		TOUR DU SORCIER				0	0	1		227
R	DFCF	DFCF-89-444		1997-01-01		TOUR ROUSSON				0	0	1		227
R	DFCF	DFCF-89-445		1997-01-01		TOUR SAINTJEAN				0	0	1		227
R	DFCF	DFCF-89-446		1997-01-01		MANOIR STE CATHERINE				0	0	1		227
R	DFCF	DFCF-89-447		1997-01-01		CHÂTEAU VAUDOUARD				0	0	1		227
R	DFCF	DFCF-89-448		1997-01-01		CHATEAU DE L'ISLE SUR SEREIN				0	0	1		227
R	DFCF	DFCF-89-449		1997-01-01		TOUR AMYOT				0	0	1		227
R	DFCF	DFCF-89-450		1997-01-01		CHATEAU LE HAUT VILLIERS				0	0	1		227
R	DFCF	DFCF-89-451		1997-01-01		TOUR D'ANGLE DU CHATEAU DES SEIGNEURS DE TOUCY				0	0	1		227
R	DFCF	DFCF-89-452		1997-01-01		CHATEAU DE LINDRY				0	0	1		227
R	DFCF	DFCF-89-453		1997-01-01		MANOIR DE BLACY				0	0	1		227
R	DFCF	DFCF-89-454		1997-01-01		PALAIS DES COMTES D'AUXERRE				0	0	1		227
R	DFCF	DFCF-89-455		1997-01-01		TOUR DU CHAPITRE				0	0	1		227
R	DFCF	DFCF-89-456		1997-01-01		LE CHATEAU DE LA TOUR				0	0	1		227
R	DFCF	DFCF-89-457		1997-01-01		CHATEAU DE VIEUX CHAMP				0	0	1		227
R	DFCF	DFCF-89-459		1997-01-01		CHATEAU DE VASSY				0	0	1		227
R	DFCF	DFCF-89-460		1997-01-01		MANOIR LE MARIOLET				0	0	1		227
R	DFCF	DFCF-89-461		1997-01-01		CHATEAU DU MONTANT				0	0	1		227
R	DFCF	DFCF-89-462		1997-01-01		CHATEAU DE LA MURAILLE				0	0	1		227
R	DFCF	DFCF-89-463		1997-01-01		MANOIR D'OTHE				0	0	1		227
R	DFCF	DFCF-90-001		1997-01-01		CHATEAU DE BELFORT				0	0	1		227
R	DFCF	DFCF-90-002		1997-01-01		FORT DE GIROMAGNY				0	0	1		227
R	DFCF	DFCF-90-003		1997-01-01		FORT DU SALBERT				0	0	1		227
R	DFCF	DFCF-90-004		1997-01-01		CHATEAU DU ROSEMONT				0	0	1		227
R	DFCF	DFCF-90-005		1997-01-01		FORT DE LA MIOTTE				0	0	1		227
R	DFCF	DFCF-90-006		1997-01-01		FORT DE BERMONT				0	0	1		227
R	DFCF	DFCF-90-007		1997-01-01		CHATEAU LOUIS VIELLARD				0	0	1		227
R	DFCF	DFCF-90-008		1997-01-01		CHATEAU LEON VIELLARD				0	0	1		227
R	DFCF	DFCF-90-009		1997-01-01		CHATEAU BOISFLEURIE				0	0	1		227
R	DFCF	DFCF-90-010		1997-01-01		CHATEAU ANDRE VIELLARD				0	0	1		227
R	DFCF	DFCF-90-011		1997-01-01		FORT DE BESSONCOURT				0	0	1		227
R	DFCF	DFCF-90-012		1997-01-01		VIEUX CHATEAU DE ROUGEMONT				0	0	1		227
R	DFCF	DFCF-90-013		1997-01-01		CHATEAU RITTER				0	0	1		227
R	DFCF	DFCF-90-014		1997-01-01		TOUR DE LA MIOTTE				0	0	1		227
R	DFCF	DFCF-90-015		1997-01-01		CHATEAU DES FOUGERETS				0	0	1		227
R	DFCF	DFCF-90-016		1997-01-01		FORT DE ROPPE				0	0	1		227
R	DFCF	DFCF-91-001		1997-01-01		CHATEAU DE MONTHLERY				0	0	1		227
R	DFCF	DFCF-91-002		1997-01-01		CHATEAU D'AVRAINVILLE				0	0	1		227
R	DFCF	DFCF-91-003		1997-01-01		CHATEAU DU MARAIS				0	0	1		227
R	DFCF	DFCF-91-004		1997-01-01		CHATEAU JEAN DE MONTAIGU				0	0	1		227
R	DFCF	DFCF-91-005		1997-01-01		CHATEAU DE LORMOY				0	0	1		227
R	DFCF	DFCF-91-006		1997-01-01		CHATEAU DE BEAUVOIR				0	0	1		227
R	DFCF	DFCF-91-007		1997-01-01		CHATEAU DE COURSON				0	0	1		227
R	DFCF	DFCF-91-008		1997-01-01		CHATEAU GILLEVOISIN				0	0	1		227
R	DFCF	DFCF-91-009		1997-01-01		CHATEAU POGANCY				0	0	1		227
R	DFCF	DFCF-91-010		1997-01-01		CHATEAU DAVOUT				0	0	1		227
R	DFCF	DFCF-91-011		1997-01-01		CHATEAU DE SEGREZ				0	0	1		227
R	DFCF	DFCF-91-012		1997-01-01		CHATEAU DE LA GRANGE				0	0	1		227
R	DFCF	DFCF-91-013		1997-01-01		CHATEAU DE CONCY				0	0	1		227
R	DFCF	DFCF-91-014		1997-01-01		CHATEAU DE FLEURY				0	0	1		227
R	DFCF	DFCF-91-015		1997-01-01		CHATEAU DE FROMONT				0	0	1		227
R	DFCF	DFCF-91-016		1997-01-01		CHATEAU DE CHAMARANDE				0	0	1		227
R	DFCF	DFCF-91-017		1997-01-01		TOUR DE GUINETTE				0	0	1		227
R	DFCF	DFCF-91-018		1997-01-01		CHATEAU DE SAUDREVILLE				0	0	1		227
R	DFCF	DFCF-91-020		1997-01-01		CHATEAU DE VILLEBOUZIN				0	0	1		227
R	DFCF	DFCF-91-021		1997-01-01		CHATEAU DE MORSANG				0	0	1		227
R	DFCF	DFCF-91-022		1997-01-01		CHATEAU DE JEURRE				0	0	1		227
R	DFCF	DFCF-91-023		1997-01-01		CHATEAU DE COURANCES				0	0	1		227
R	DFCF	DFCF-91-024		1997-01-01		CHATEAU DE FARCHEVILLE				0	0	1		227
R	DFCF	DFCF-91-026		1997-01-01		CHATEAU DE VIGNEUX				0	0	1		227
R	DFCF	DFCF-91-027		1997-01-01		CHATEAU DES BERGERIES				0	0	1		227
R	DFCF	DFCF-91-028		1997-01-01		CHATEAU DE BELESBAT				0	0	1		227
R	DFCF	DFCF-91-029		1997-01-01		CHATEAU D'ATIS-MONS				0	0	1		227
R	DFCF	DFCF-91-030		1997-01-01		CHATEAU DU MESNIL-VOISIN				0	0	1		227
R	DFCF	DFCF-91-031		1997-01-01		CHATEAU DES REAUX				0	0	1		227
R	DFCF	DFCF-91-032		1997-01-01		CHATEAU DE LARDY				0	0	1		227
R	DFCF	DFCF-91-033		1997-01-01		CHATEAU DES PASTOUREAUX				0	0	1		227
R	DFCF	DFCF-91-034		1997-01-01		CHATEAU D'ECHARCON				0	0	1		227
R	DFCF	DFCF-91-035		1997-01-01		CHATEAU FRAYE				0	0	1		227
R	DFCF	DFCF-91-036		1997-01-01		CHATEAU PARIS JARDIN				0	0	1		227
R	DFCF	DFCF-91-037		1997-01-01		CHATEAU DE VILLEROY				0	0	1		227
R	DFCF	DFCF-91-038		1997-01-01		CHATEAU DE TROUSSEAU				0	0	1		227
R	DFCF	DFCF-91-039		1997-01-01		CHATEAU DE LA BOISSIERE				0	0	1		227
R	DFCF	DFCF-91-040		1997-01-01		CHATEAU DE BILLY				0	0	1		227
R	DFCF	DFCF-91-041		1997-01-01		CHATEAU DE SAINT VRAIN				0	0	1		227
R	DFCF	DFCF-91-042		1997-01-01		CHATEAU LE DOMAINE D’ORANGIS				0	0	1		227
R	DFCF	DFCF-91-043		1997-01-01		CHATEAU D’ORANGIS				0	0	1		227
R	DFCF	DFCF-91-044		1997-01-01		CHATEAU DE BOISSY				0	0	1		227
R	DFCF	DFCF-91-045		1997-01-01		CHATEAU DE LA MARTINIERE				0	0	1		227
R	DFCF	DFCF-91-046		1997-01-01		CHATEAU DE L'ARBALETE				0	0	1		227
R	DFCF	DFCF-91-047		1997-01-01		CHATEAU DE DOURDAN				0	0	1		227
R	DFCF	DFCF-91-048		1997-01-01		CHATEAU DE BONCHAMP				0	0	1		227
R	DFCF	DFCF-91-049		1997-01-01		CHATEAU DE LA SAUSSAIE				0	0	1		227
R	DFCF	DFCF-91-050		1997-01-01		CHATEAU DE VILLELOUVETTE				0	0	1		227
R	DFCF	DFCF-91-051		1997-01-01		CHATEAU DE VALNAY				0	0	1		227
R	DFCF	DFCF-91-052		1997-01-01		CHATEAU DE FREMIGNY				0	0	1		227
R	DFCF	DFCF-91-053		1997-01-01		CHATEAU D'AVRAUCOURT				0	0	1		227
R	DFCF	DFCF-91-054		1997-01-01		CHATEAU LE BUISSON				0	0	1		227
R	DFCF	DFCF-91-055		1997-01-01		CHATEAU DE DOMMERVILLE				0	0	1		227
R	DFCF	DFCF-91-056		1997-01-01		CHATEAU DE SEMONT				0	0	1		227
R	DFCF	DFCF-91-057		1997-01-01		CHATEAU DE BRUNEHAUT				0	0	1		227
R	DFCF	DFCF-91-058		1997-01-01		CHATEAU DE VAUDOULEURS				0	0	1		227
R	DFCF	DFCF-91-059		1997-01-01		CHATEAU ARTONDU				0	0	1		227
R	DFCF	DFCF-91-060		1997-01-01		CHATEAU DE BELLEVUE				0	0	1		227
R	DFCF	DFCF-91-061		1997-01-01		CHATEAU DE LA FERTE				0	0	1		227
R	DFCF	DFCF-91-062		1997-01-01		MANOIR DU TRONCHET				0	0	1		227
R	DFCF	DFCF-91-063		1997-01-01		MANOIR DE LONGUETOISE				0	0	1		227
R	DFCF	DFCF-91-064		1997-01-01		MANOIR DES CARNEAUX				0	0	1		227
R	DFCF	DFCF-91-065		1997-01-01		CHATEAU DU GRAND SAINT MARS				0	0	1		227
R	DFCF	DFCF-91-066		1997-01-01		MANOIR DE BRIERES				0	0	1		227
R	DFCF	DFCF-91-067		1997-01-01		MANOIR DE BOINVILLE				0	0	1		227
R	DFCF	DFCF-91-068		1997-01-01		MANOIR FERME DE LA FOSSE				0	0	1		227
R	DFCF	DFCF-91-069		1997-01-01		CHÂTEAU DE FONTENAY LE VICOMTE				0	0	1		227
R	DFCF	DFCF-91-070		1997-01-01		CHÂTEAU DE LA NORVILLE				0	0	1		227
R	DFCF	DFCF-91-071		1997-01-01		CHATEAU DE LA PRESLES				0	0	1		227
R	DFCF	DFCF-91-072		1997-01-01		CHATEAU DE VILLIERS				0	0	1		227
R	DFCF	DFCF-91-077		1997-01-01		CHATEAU CASTEL CHANTELOUP				0	0	1		227
R	DFCF	DFCF-91-078		1997-01-01		CHATEAU CASTEL BAVILLE				0	0	1		227
R	DFCF	DFCF-91-079		1997-01-01		MANOIR DE VAUHALAN				0	0	1		227
R	DFCF	DFCF-91-080		1997-01-01		CHÂTEAU DU BOIS BRIARD				0	0	1		227
R	DFCF	DFCF-91-081		1997-01-01		MANOIR DES ARDENELLES				0	0	1		227
R	DFCF	DFCF-91-082		1997-01-01		CHÂTEAU DU GRAND SAUSSAY				0	0	1		227
R	DFCF	DFCF-91-083		1997-01-01		CHATEAU DU ROUSSET				0	0	1		227
R	DFCF	DFCF-91-084		1997-01-01		CHATEAU DE MILLY LA FORET				0	0	1		227
R	DFCF	DFCF-91-085		1997-01-01		TOUR DE L'OBSERVATOIRE ASTRONOMIQUE				0	0	1		227
R	DFCF	DFCF-91-087		1997-01-01		CHATEAU DE ST CYR LA RIVIERE				0	0	1		227
R	DFCF	DFCF-91-088		1997-01-01		CHATEAU DE VILLIERS				0	0	1		227
R	DFCF	DFCF-91-089		1997-01-01		CHATEAU DE DRANEM				0	0	1		227
R	DFCF	DFCF-91-090		1997-01-01		CHATEAU DE CHAMPLATREUX				0	0	1		227
R	DFCF	DFCF-91-O86		1997-01-01		CHATEAU DU RUISSEAU				0	0	1		227
R	DFCF	DFCF-92-001		1997-01-01		FORT DU MONT VALERIEN				0	0	1		227
R	DFCF	DFCF-92-002		1997-01-01		CHATEAU DE MALMAISON				0	0	1		227
R	DFCF	DFCF-92-003		1997-01-01		CHATEAU DE VERMONT				0	0	1		227
R	DFCF	DFCF-92-004		1997-01-01		CHATEAU DE SCEAUX				0	0	1		227
R	DFCF	DFCF-92-005		1997-01-01		PETIT CHATEAU  DE SCEAUX				0	0	1		227
R	DFCF	DFCF-92-006		1997-01-01		LE CHÂTEAU DE VERS BOIS				0	0	1		227
R	DFCF	DFCF-92-007		1997-01-01		CHATEAU DE BOIS PREAU				0	0	1		227
R	DFCF	DFCF-92-008		1997-01-01		CHÂTEAU DE LA PETITE				0	0	1		227
R	DFCF	DFCF-92-009		1997-01-01		CHÂTEAU DE CIVIALE				0	0	1		227
R	DFCF	DFCF-92-010		1997-01-01		CHÂTEAU DE MARC ANTOINE				0	0	1		227
R	DFCF	DFCF-92-011		1997-01-01		CHÂTEAU DE VAUCRESSON				0	0	1		227
R	DFCF	DFCF-92-012		1997-01-01		CHÂTEAU DE LA GREVE				0	0	1		227
R	DFCF	DFCF-92-013		1997-01-01		CHÂTEAU DE BUZENVAL				0	0	1		227
R	DFCF	DFCF-92-014		1997-01-01		CHÂTEAU DE FOUILLEUSE				0	0	1		227
R	DFCF	DFCF-92-015		1997-01-01		CHÂTEAU DE BUCHILLOT				0	0	1		227
R	DFCF	DFCF-92-016		1997-01-01		CHATEAU DE ROTCHILD				0	0	1		227
R	DFCF	DFCF-92-017		1997-01-01		CHÂTEAU DE GARCHES				0	0	1		227
R	DFCF	DFCF-92-018		1997-01-01		FORT DE VANVES				0	0	1		227
R	DFCF	DFCF-92-019		1997-01-01		FORT D'ISSY				0	0	1		227
R	DFCF	DFCF-92-020		1997-01-01		CHATEAU DE SAINT BARBE				0	0	1		227
R	DFCF	DFCF-92-021		1997-01-01		CHÂTEAU LARIVIERE				0	0	1		227
R	DFCF	DFCF-92-022		1997-01-01		CHÂTEAU LES ŒILLETS				0	0	1		227
R	DFCF	DFCF-92-023		1997-01-01		CHÂTEAU DES 4 TOURELLES				0	0	1		227
R	DFCF	DFCF-92-024		1997-01-01		CHÂTEAU ASILE D ALIENES				0	0	1		227
R	DFCF	DFCF-92-025		1997-01-01		CHATEAU BARRAL				0	0	1		227
R	DFCF	DFCF-92-026		1997-01-01		TOUR COLOMBIER				0	0	1		227
R	DFCF	DFCF-92-027		1997-01-01		CHATEAU FORBIN JANSON				0	0	1		227
R	DFCF	DFCF-92-028		1997-01-01		CHATEAU DU FIEF CHEF-DE-VILLE				0	0	1		227
R	DFCF	DFCF-92-029		1997-01-01		CHATEAU NEUF DE MEUDON				0	0	1		227
R	DFCF	DFCF-92-030		1997-01-01		CHATEAU DE BELLEVUE				0	0	1		227
R	DFCF	DFCF-92-031		1997-01-01		CHATEAU DE LA FOLIE DESMARE				0	0	1		227
R	DFCF	DFCF-92-032		1997-01-01		CHATEAU DE MALABRY				0	0	1		227
R	DFCF	DFCF-92-033		1997-01-01		CHATEAU DES APPRENTIS D'AUTEUIL				0	0	1		227
R	DFCF	DFCF-93-001		1997-01-01		CHATEAU DE LA FORET				0	0	1		227
R	DFCF	DFCF-93-002		1997-01-01		FORT DE VILLIERS				0	0	1		227
R	DFCF	DFCF-93-003		1997-01-01		FORT DE VAUJOURS				0	0	1		227
R	DFCF	DFCF-93-004		1997-01-01		FORT DE ROSNY SOUS BOIS				0	0	1		227
R	DFCF	DFCF-93-005		1997-01-01		PETIT CHATEAU DE MONTFERMEIL				0	0	1		227
R	DFCF	DFCF-93-006		1997-01-01		CHATEAU DES CEDRES				0	0	1		227
R	DFCF	DFCF-93-007		1997-01-01		CHATEAU BLEU				0	0	1		227
R	DFCF	DFCF-93-008		1997-01-01		FORT DE VAUJOURS				0	0	1		227
R	DFCF	DFCF-93-009		1997-01-01		FORT DE SUCY EN BRIE				0	0	1		227
R	DFCF	DFCF-93-010		1997-01-01		CHATEAU DE GOURNAY				0	0	1		227
R	DFCF	DFCF-93-011		1997-01-01		CHÂTEAU DES TOURELLES				0	0	1		227
R	DFCF	DFCF-93-012		1997-01-01		CHATEAU DE FRANCOIS NORMAND				0	0	1		227
R	DFCF	DFCF-93-013		1997-01-01		CHATEAU DE LA FOSSEE				0	0	1		227
R	DFCF	DFCF-93-014		1997-01-01		CHATEAU DE LA TERRASSE				0	0	1		227
R	DFCF	DFCF-93-015		1997-01-01		CHATEAU DU VIEUX CEDRE				0	0	1		227
R	DFCF	DFCF-94-001		1997-01-01		CHATEAU DE VINCENNES				0	0	1		227
R	DFCF	DFCF-94-002		1997-01-01		CHATEAU MARMOUSETS				0	0	1		227
R	DFCF	DFCF-94-003		1997-01-01		CHATEAU DE GROSBOIS				0	0	1		227
R	DFCF	DFCF-94-004		1997-01-01		FORT DE CHAMPIGNY				0	0	1		227
R	DFCF	DFCF-94-005		1997-01-01		FORT DE VINCENNES				0	0	1		227
R	DFCF	DFCF-94-006		1997-01-01		CHATEAU VILLECRESNES				0	0	1		227
R	DFCF	DFCF-94-007		1997-01-01		CHATEAU D'ORMESSON				0	0	1		227
R	DFCF	DFCF-94-008		1997-01-01		CHATEAU DES MURETS				0	0	1		227
R	DFCF	DFCF-94-009		1997-01-01		FORT DE SUCY				0	0	1		227
R	DFCF	DFCF-94-010		1997-01-01		CHATEAU DE SUCY				0	0	1		227
R	DFCF	DFCF-94-011		1997-01-01		CHATEAU DES TOURNELLES				0	0	1		227
R	DFCF	DFCF-94-012		1997-01-01		FORT DE NOGENT				0	0	1		227
R	DFCF	DFCF-94-013		1997-01-01		TOUR DE GARDE DU PLESSIS				0	0	1		227
R	DFCF	DFCF-94-014		1997-01-01		FORT DU KREMLIN BICETTRE				0	0	1		227
R	DFCF	DFCF-94-015		1997-01-01		FORT DE MONTROUGE				0	0	1		227
R	DFCF	DFCF-94-016		1997-01-01		FORT DE LA REDOUTE DES HAUTES BRUYERES				0	0	1		227
R	DFCF	DFCF-94-017		1997-01-01		CHATEAU DES TOURELLES				0	0	1		227
R	DFCF	DFCF-95-001		1997-01-01		CHATEAU D'ECOUEN				0	0	1		227
R	DFCF	DFCF-95-002		1997-01-01		CHATEAU DE LA CHASSE				0	0	1		227
R	DFCF	DFCF-95-003		1997-01-01		CHATEAU D'ENNERY				0	0	1		227
R	DFCF	DFCF-95-005		1997-01-01		CHATEAU DE MARCOUVILLE				0	0	1		227
R	DFCF	DFCF-95-006		1997-01-01		CHATEAU DE LA CHESNAYE				0	0	1		227
R	DFCF	DFCF-95-007		1997-01-01		CHATEAU DE MEZIERE				0	0	1		227
R	DFCF	DFCF-95-008		1997-01-01		PETIT CHATEAU D'EAUBONNE				0	0	1		227
R	DFCF	DFCF-95-009		1997-01-01		CHATEAU PHILIPSON				0	0	1		227
R	DFCF	DFCF-95-010		1997-01-01		CHATEAU DE FRANCONVILLE				0	0	1		227
R	DFCF	DFCF-95-012		1997-01-01		CHATEAU DE BELLEFONTAINE				0	0	1		227
R	DFCF	DFCF-95-013		1997-01-01		CHATEAU DE MONGEROULT				0	0	1		227
R	DFCF	DFCF-95-014		1997-01-01		CHATEAU DU CLOS DE L'OLIVE				0	0	1		227
R	DFCF	DFCF-95-015		1997-01-01		CHATEAU DE CHAUVIGNY				0	0	1		227
R	DFCF	DFCF-95-016		1997-01-01		CHATEAU DES CEDRES				0	0	1		227
R	DFCF	DFCF-95-017		1997-01-01		CHÂTEAU DE THEMERICOURT				0	0	1		227
R	DFCF	DFCF-95-018		1997-01-01		FORT DE MONTLIGNON				0	0	1		227
R	DFCF	DFCF-95-019		1997-01-01		CHATEAU DE HAZEVILLE				0	0	1		227
R	DFCF	DFCF-95-020		1997-01-01		CHATEAU D'AUVERS SUR OISE				0	0	1		227
R	DFCF	DFCF-95-021		1997-01-01		CHATEAU DE NERVILLE				0	0	1		227
R	DFCF	DFCF-95-022		1997-01-01		CHÂTEAU DE LA TUYOLLE				0	0	1		227
R	DFCF	DFCF-95-024		1997-01-01		FORT DOMONT				0	0	1		227
R	DFCF	DFCF-95-025		1997-01-01		CHATEAU DE MERY SUR OISE				0	0	1		227
R	DFCF	DFCF-95-026		1997-01-01		CHATEAU CHATENAY				0	0	1		227
R	DFCF	DFCF-95-027		1997-01-01		MANOIR ORGEMONT				0	0	1		227
R	DFCF	DFCF-95-028		1997-01-01		MANOIR  ORGIVAUX				0	0	1		227
R	DFCF	DFCF-95-029		1997-01-01		CHATEAU  PETIT  DUCAN				0	0	1		227
R	DFCF	DFCF-95-030		1997-01-01		CHATEAU DE VAUCELLES				0	0	1		227
R	DFCF	DFCF-95-032		1997-01-01		CHÂTEAU DE MARINES				0	0	1		227
