# Referencias del diploma DVV. Generado; no se edita a mano.
R	DVV	DVV0001		2017-09-01		Villa Altan, Sandre (TV)  Gaiarine				0	0	1		248
R	DVV	DVV0002		2017-09-01		Villa Carli, Elena  (TV)  Gaiarine				0	0	1		248
R	DVV	DVV0003		2017-09-01		Villa Cappellari della Colomba, Favretti, Posocco, Berlese  (TV)  Gaiarine				0	0	1		248
R	DVV	DVV0004		2017-09-01		Villa Mocenigo (VE)  Mira				0	0	1		248
R	DVV	DVV0005		2017-09-01		Corte Vaccaldo (VR)  Vigasio-Vaccaldo				0	0	1		248
R	DVV	DVV0006		2017-09-01		Villa Mezzopalazzo, Dolci  (VR)  Buttapietra-Mezzopalazzo				0	0	1		248
R	DVV	DVV0007		2017-09-01		Villa Portalupi, Farina, detta La Zambonina  (VR)  Vigasio-Zambonina				0	0	1		248
R	DVV	DVV0008		2017-09-01		Villa Pindemonte, Rezzonico, Castelbarco, detta Corte Vo'  (VR)  Isola della Scala				0	0	1		248
R	DVV	DVV0009		2017-09-01		Villa Ciringhelli, Castelbarco (VR)  Vigasio-Ciringhelli				0	0	1		248
R	DVV	DVV0010		2017-09-01		Villa Giona, Treves de' Bonfigli, detta Corte San Bernardino  (VR)  Trevenzuolo				0	0	1		248
R	DVV	DVV0011		2017-09-01		Villa Tretti, detta Cortalta  (VR)  Trevenzuolo-Cortalta				0	0	1		248
R	DVV	DVV0012		2017-09-01		Corte Dossi  (VR)  Trevenzuolo				0	0	1		248
R	DVV	DVV0013		2017-09-01		Villa Schioppo, detta Corte Torre  (VR)  Isola della Scala				0	0	1		248
R	DVV	DVV0014		2017-09-01		Villa Serego Alighieri, Scipioni - Zerboni  (VR)  Salizzole-Caovilla				0	0	1		248
R	DVV	DVV0015		2017-09-01		Villa Zenobi, Sordo-Bindo, detta Zenobia  (VR)  Isola della Scala-San Gabriele				0	0	1		248
R	DVV	DVV0016		2017-09-01		Palazzo Lando, Baldi  (VR)  Gazzo Veronese-Leva' di Sopra				0	0	1		248
R	DVV	DVV0017		2017-09-01		Villa Giuliari, Colombo  (VR)  Buttapietra				0	0	1		248
R	DVV	DVV0018		2017-09-01		Villa Panteo, Tebaldi, Maestrello (VR)  Bovolone				0	0	1		248
R	DVV	DVV0019		2017-09-01		Villa Tosi, Lucato, detta Il Palazzone (VR)  Bovolone				0	0	1		248
R	DVV	DVV0020		2017-09-01		Villa Barbaro, Avogadro, Scipioni, detta Palazzo del Vescovo  (VR)  Bovolone				0	0	1		248
R	DVV	DVV0021		2017-09-01		Ca' Sesso, Saugo, detta San Sisto (VI)  Sandrigo				0	0	1		248
R	DVV	DVV0022		2017-09-01		Villa Formenton, Del Favaro  (TV)  Conegliano-Tre Venti				0	0	1		248
R	DVV	DVV0023		2017-09-01		Villa Fabris, detta Casa del Tiziano  (TV)  Colle Umberto				0	0	1		248
R	DVV	DVV0024		2017-09-01		Villa Trojer, Lucheschi, De Mori, Salvador  (TV)  Fregona				0	0	1		248
R	DVV	DVV0025		2017-09-01		Villa Antiga  (TV)  Tarzo				0	0	1		248
R	DVV	DVV0026		2017-09-01		Villa Fabris, Giavi  (TV)  Conegliano				0	0	1		248
R	DVV	DVV0027		2017-09-01		Villa Marcatelli, Bortolon (TV)  Conegliano				0	0	1		248
R	DVV	DVV0028		2017-09-01		Villa Grimani, Mondini  (TV)  Tarzo				0	0	1		248
R	DVV	DVV0029		2017-09-01		Villa Piazzoni, Tumiati, Segat, detta Al Castelletto (TV)  Cappella Maggiore				0	0	1		248
R	DVV	DVV0030		2017-09-01		Villa Tandura - Mondini (TV)  Tarzo				0	0	1		248
R	DVV	DVV0031		2017-09-01		Villa Bettoni, Formenton, Pancotto, Xompero  (TV)  Tarzo				0	0	1		248
R	DVV	DVV0032		2017-09-01		Casa del Mansionario (TV)  Tarzo				0	0	1		248
R	DVV	DVV0033		2017-09-01		Villa Lazzarin, Morandin, detta Il Canevon (TV)  Tarzo				0	0	1		248
R	DVV	DVV0034		2017-09-01		Villa De Nardi (Casa canonica di San Giacomo di Veglia)  (TV)  Vittorio Veneto				0	0	1		248
R	DVV	DVV0035		2017-09-01		Villa Pizzol, Pesca, Pol  (TV)  Tarzo				0	0	1		248
R	DVV	DVV0036		2017-09-01		Palazzo Lioni, Altan, Doro  (TV)  Vittorio Veneto				0	0	1		248
R	DVV	DVV0037		2017-09-01		Casa Rossi, Marcon  (TV)  Tarzo				0	0	1		248
R	DVV	DVV0038		2017-09-01		Palazzo Gera  (TV)  Conegliano				0	0	1		248
R	DVV	DVV0039		2017-09-01		Casa Pescador - Da Rios  (TV)  Tarzo				0	0	1		248
R	DVV	DVV0040		2017-09-01		Villa Giustinian, Costantini, Marchi, Civran  (TV)  Conegliano				0	0	1		248
R	DVV	DVV0041		2017-09-01		Casino Piamonte  (TV)  Conegliano				0	0	1		248
R	DVV	DVV0042		2017-09-01		Casa Fossa (Azienda agricola Val Bare')  (TV)  Fregona				0	0	1		248
R	DVV	DVV0043		2017-09-01		Villa Gera  (TV)  Conegliano				0	0	1		248
R	DVV	DVV0044		2017-09-01		Villa Gera, detta Palazzo degli Angeli  (TV)  Conegliano				0	0	1		248
R	DVV	DVV0045		2017-09-01		Villa Gera (TV)  Conegliano				0	0	1		248
R	DVV	DVV0046		2017-09-01		Villa Zuliani, Ascoli, detta Vescovile  (TV)  Vittorio Veneto				0	0	1		248
R	DVV	DVV0047		2017-09-01		Villa Vicentini, Breda, Beretta (Casa canonica) (TV)  Vittorio Veneto				0	0	1		248
R	DVV	DVV0048		2017-09-01		Palazzo Lucheschi  (TV)  Vittorio Veneto				0	0	1		248
R	DVV	DVV0049		2017-09-01		Casa Panigai, Antoniazzi (TV)  Colle Umberto				0	0	1		248
R	DVV	DVV0050		2017-09-01		Casino di caccia Gamba, Onesti, Lucheschi, Verecondi - Scortecci (TV)  Colle Umberto				0	0	1		248
R	DVV	DVV0051		2017-09-01		Villa Semenzi, Cornaggia - Cappello, Morpurgo, Paccagnella  (TV)  Conegliano				0	0	1		248
R	DVV	DVV0052		2017-09-01		Villa Bianchi, Rosada, Altoe', Cortuso, Frare  (TV)  Vittorio Veneto				0	0	1		248
R	DVV	DVV0053		2017-09-01		Villa Gera, Amadio, Maresio, detta Palazzo delle Anime  (TV)  Conegliano				0	0	1		248
R	DVV	DVV0054		2017-09-01		Villa Canello  (TV)  Conegliano				0	0	1		248
R	DVV	DVV0055		2017-09-01		Villa Moretti  (TV)  Conegliano				0	0	1		248
R	DVV	DVV0056		2017-09-01		Villa Garbelotto  (TV)  Cappella Maggiore				0	0	1		248
R	DVV	DVV0057		2017-09-01		Casa canonica di Ogliano  (TV)  Conegliano				0	0	1		248
R	DVV	DVV0058		2017-09-01		Villa Malipiero, Frezza  (TV)  Casale sul Sile				0	0	1		248
R	DVV	DVV0059		2017-09-01		Casa Trabucco, detta Villa Irene  (TV)  Casale sul Sile				0	0	1		248
R	DVV	DVV0060		2017-09-01		Villa Diedo, Sartori, De Serio (TV)  Casale sul Sile				0	0	1		248
R	DVV	DVV0061		2017-09-01		Villa Bevilacqua, Foscati Dall'Aglio, Benetton, detta La Marignana  (TV)  Mogliano Veneto				0	0	1		248
R	DVV	DVV0062		2017-09-01		Villa Manera, Gambirasi  (TV)  Roncade				0	0	1		248
R	DVV	DVV0063		2017-09-01		Villa Benes, Comirato  (TV)  Treviso				0	0	1		248
R	DVV	DVV0064		2017-09-01		Villa Calvi, Brandolini, Anselmi  (TV)  Roncade				0	0	1		248
R	DVV	DVV0065		2017-09-01		Ca' Morelli, Bembo  (TV)  Roncade				0	0	1		248
R	DVV	DVV0066		2017-09-01		Villa Albrizzi, Franchetti  (TV)  Preganziol				0	0	1		248
R	DVV	DVV0067		2017-09-01		Villa Scattola, Rossi, Pavan, Santi  (TV)  Casale sul Sile				0	0	1		248
R	DVV	DVV0068		2017-09-01		Ca' Biscaro, Zenobio, Alvera' (TV)  Treviso				0	0	1		248
R	DVV	DVV0069		2017-09-01		Villa Gobbato, Domenica  (TV)  Villorba				0	0	1		248
R	DVV	DVV0070		2017-09-01		Villa Michiel, Perocco della Meduna  (TV)  Villorba				0	0	1		248
R	DVV	DVV0071		2017-09-01		Barchessa di villa Pastega - Manera  (TV)  Villorba				0	0	1		248
R	DVV	DVV0072		2017-09-01		Villa Farsetti, Zorzi, Veronese, Felissent  (TV)  Villorba				0	0	1		248
R	DVV	DVV0073		2017-09-01		Villa Maso  (TV)  Villorba				0	0	1		248
R	DVV	DVV0074		2017-09-01		Villa Tiepolo, Passi  (TV)  Carbonera				0	0	1		248
R	DVV	DVV0075		2017-09-01		Villa Loredan, Valier, Stocco, Perocco di Meduna (TV)  Carbonera				0	0	1		248
R	DVV	DVV0076		2017-09-01		Villa Condulmer, Maderni, Cervellini, Bellio (TV)  Silea				0	0	1		248
R	DVV	DVV0077		2017-09-01		Villa Julia, Garbellotto  (TV)  Silea				0	0	1		248
R	DVV	DVV0078		2017-09-01		Villa Bembo, Gradenigo  (TV)  Silea				0	0	1		248
R	DVV	DVV0079		2017-09-01		Villa Duodo, Trevisanato, Melichi, Zoppolato  (TV)  Mogliano Veneto				0	0	1		248
R	DVV	DVV0080		2017-09-01		Villa Giustinian, Foscarini, Andrighetti, Bianchi, Palma  (TV)  Mogliano Veneto				0	0	1		248
R	DVV	DVV0081		2017-09-01		Villa Bianchini  (TV)  Silea				0	0	1		248
R	DVV	DVV0082		2017-09-01		Villa Acerboni  (TV)  Roncade				0	0	1		248
R	DVV	DVV0083		2017-09-01		Villa Torresini, Crosato  (TV)  Roncade				0	0	1		248
R	DVV	DVV0084		2017-09-01		Villa Trevisan, Contarini, Calvi, Florian, Savoldello, Calzavara, Varetton, Battaggia (TV)  Silea				0	0	1		248
R	DVV	DVV0085		2017-09-01		Villa Testori - Zanga, Zara - Pasin  (TV)  Mogliano Veneto				0	0	1		248
R	DVV	DVV0086		2017-09-01		Villa Micheletto, Granello  (TV)  Treviso				0	0	1		248
R	DVV	DVV0087		2017-09-01		Villa Fossati, Marinello  (TV)  Treviso				0	0	1		248
R	DVV	DVV0088		2017-09-01		Villa Giustinian, Ciani Bassetti, detta Castello di Roncade  (TV)  Roncade				0	0	1		248
R	DVV	DVV0089		2017-09-01		Villa De Reali, Di Canossa  (TV)  Casier				0	0	1		248
R	DVV	DVV0090		2017-09-01		Villa Castelli, Maria, Oriens (TV)  Carbonera				0	0	1		248
R	DVV	DVV0091		2017-09-01		Villa Boldrin, Bartolini, Antonini, Zironda, Venosta, Piazza, Bevilacqua  (TV)  Mogliano Veneto				0	0	1		248
R	DVV	DVV0092		2017-09-01		Villa Morosini, Schioppo (TV)  Treviso				0	0	1		248
R	DVV	DVV0093		2017-09-01		Villa Bragadin, Ruberti  (TV)  Carbonera				0	0	1		248
R	DVV	DVV0094		2017-09-01		Villa Barbarigo, Biagi, Stocco  (TV)  Montebelluna				0	0	1		248
R	DVV	DVV0095		2017-09-01		Barchessa di villa Pola, Bernardi, Bassi  (TV)  Montebelluna-Posmon				0	0	1		248
R	DVV	DVV0096		2017-09-01		Villa Bolzon, Favero  (TV)  Maser				0	0	1		248
R	DVV	DVV0097		2017-09-01		Villa Fabris  (TV)  Maser				0	0	1		248
R	DVV	DVV0098		2017-09-01		Villa Sandi, Sernagiotto, Cassis  (TV)  Crocetta del Montello				0	0	1		248
R	DVV	DVV0099		2017-09-01		Villa De Bettis, Marin  (TV)  Cornuda				0	0	1		248
R	DVV	DVV0100		2017-09-01		Villa Bianchi, Sertorio  (TV)  Cavaso del Tomba				0	0	1		248
R	DVV	DVV0101		2017-09-01		Villa Malfatti - Perusini, Pinarello, Filippin, Andreatta, Saviane (TV)  Castelcucco				0	0	1		248
R	DVV	DVV0102		2017-09-01		Villa Di Rovero, Forcellini  (TV)  Caerano di San Marco				0	0	1		248
R	DVV	DVV0103		2017-09-01		Villa Jonoch, Chiminelli  (TV)  Loria				0	0	1		248
R	DVV	DVV0104		2017-09-01		Villa Bressa, Monterumici, Fabris  (TV)  Montebelluna				0	0	1		248
R	DVV	DVV0105		2017-09-01		Villa Legrenzi  (TV)  Montebelluna				0	0	1		248
R	DVV	DVV0106		2017-09-01		Villa Pasinetti, Pullin  (TV)  Montebelluna				0	0	1		248
R	DVV	DVV0107		2017-09-01		Villa Cicogna  (TV)  Montebelluna-Visna'				0	0	1		248
R	DVV	DVV0108		2017-09-01		Villa Di Rovero  (TV)  San Zenone degli Ezzelini				0	0	1		248
R	DVV	DVV0109		2017-09-01		Ca' Bevilacqua, detta La Pignera  (TV)  Asolo				0	0	1		248
R	DVV	DVV0110		2017-09-01		Villa Falier  (TV)  Asolo				0	0	1		248
R	DVV	DVV0111		2017-09-01		Villa Gilli - Peron - Ronco  (VI)  Schiavon				0	0	1		248
R	DVV	DVV0112		2017-09-01		Ca' Zen  (TV)  Asolo				0	0	1		248
R	DVV	DVV0113		2017-09-01		Villa Rinaldi, Barbini  (TV)  Asolo				0	0	1		248
R	DVV	DVV0114		2017-09-01		Villa Castelli, Van Axel  (TV)  Altivole				0	0	1		248
R	DVV	DVV0115		2017-09-01		Villa Fietta, Giacomelli  (TV)  Altivole				0	0	1		248
R	DVV	DVV0116		2017-09-01		Villa Salis, Bolzon  (TV)  Asolo				0	0	1		248
R	DVV	DVV0117		2017-09-01		Villa Costanza, Bottio, Pivetta  (TV)  Riese Pio X-Costanza di Riese				0	0	1		248
R	DVV	DVV0118		2017-09-01		Villa Dalla Betta - Gallon  (TV)  Vittorio Veneto				0	0	1		248
R	DVV	DVV0119		2017-09-01		Villa Olivoti  (TV)  Conegliano				0	0	1		248
R	DVV	DVV0120		2017-09-01		Villa Doglioni, Palatini (TV)  Vittorio Veneto				0	0	1		248
R	DVV	DVV0121		2017-09-01		Villa Segat  (TV)  Vittorio Veneto				0	0	1		248
R	DVV	DVV0122		2017-09-01		Villa Costantini, Morosini, Papadopoli - Aldobrandini (TV)  Vittorio Veneto				0	0	1		248
R	DVV	DVV0123		2017-09-01		Villa Da Re, Della Giustina (TV)  Vittorio Veneto				0	0	1		248
R	DVV	DVV0124		2017-09-01		Casa De Nardi  (TV)  Vittorio Veneto				0	0	1		248
R	DVV	DVV0125		2017-09-01		Barchesse di villa Calbo Crotta  (TV)  Vittorio Veneto				0	0	1		248
R	DVV	DVV0126		2017-09-01		Villa Casoni, Rosada, Marini, detta Casa Rossa (TV)  Vittorio Veneto				0	0	1		248
R	DVV	DVV0127		2017-09-01		Villa Casagrande, Pradal  (TV)  Vittorio Veneto				0	0	1		248
R	DVV	DVV0128		2017-09-01		Villa Della Colletta, Fassina, Raumer - Zanchetta  (TV)  Vittorio Veneto				0	0	1		248
R	DVV	DVV0129		2017-09-01		Villa San Tommaso (Casa canonica di Colle Umberto)  (TV)  Colle Umberto				0	0	1		248
R	DVV	DVV0130		2017-09-01		Ca' Maresio  (TV)  Conegliano				0	0	1		248
R	DVV	DVV0131		2017-09-01		Villa Cimetta, Dal Cin  (TV)  Sarmede				0	0	1		248
R	DVV	DVV0132		2017-09-01		Casa Fontana, Battiston (TV)  Vittorio Veneto				0	0	1		248
R	DVV	DVV0133		2017-09-01		Villa Balbinot, Tonello, De Nardi  (TV)  Vittorio Veneto-Malspiron				0	0	1		248
R	DVV	DVV0134		2017-09-01		Villa Carabolante  (TV)  Conegliano				0	0	1		248
R	DVV	DVV0135		2017-09-01		Villa Morpurgo, Pini - Puig (TV)  Conegliano				0	0	1		248
R	DVV	DVV0136		2017-09-01		Casa Casagrande - Tomasi (TV)  Tarzo				0	0	1		248
R	DVV	DVV0137		2017-09-01		Casa Crotta, Dalle Crode, Tibolet (TV)  Tarzo-Costa di La'				0	0	1		248
R	DVV	DVV0138		2017-09-01		Casa Marchetti, Dal Col (TV)  Tarzo				0	0	1		248
R	DVV	DVV0139		2017-09-01		Villa Fadelli, Olivi (TV)  Colle Umberto				0	0	1		248
R	DVV	DVV0140		2017-09-01		Adiacenze di villa Lucheschi, dette Il Castelletto  (TV)  Colle Umberto				0	0	1		248
R	DVV	DVV0141		2017-09-01		Villa Dal Cin, Giacomini, Zanente, Giustiniani  (TV)  Fregona-Borgo Piazza				0	0	1		248
R	DVV	DVV0142		2017-09-01		Villa Pizzol  (TV)  Cappella Maggiore				0	0	1		248
R	DVV	DVV0143		2017-09-01		Villa Curcio, Gava, Zampolli  (TV)  Cappella Maggiore-Mattarella				0	0	1		248
R	DVV	DVV0144		2017-09-01		Villa Zampolli  (TV)  Cappella Maggiore				0	0	1		248
R	DVV	DVV0145		2017-09-01		Villa Da Cason, De Lorenzi, Uliana, Pizzol  (TV)  Fregona				0	0	1		248
R	DVV	DVV0146		2017-09-01		Casa canonica di Anzano  (TV)  Cappella Maggiore				0	0	1		248
R	DVV	DVV0147		2017-09-01		Villa Altan, Pancetti  (TV)  Fregona				0	0	1		248
R	DVV	DVV0148		2017-09-01		Villa Franceschet, Silan, Cancian  (TV)  Tarzo				0	0	1		248
R	DVV	DVV0149		2017-09-01		Villa Panigai, Protti, Rossi  (TV)  Cappella Maggiore				0	0	1		248
R	DVV	DVV0150		2017-09-01		Casa Mondini, Mazzucco  (TV)  Tarzo				0	0	1		248
R	DVV	DVV0151		2017-09-01		Villa Morosini, Lucheschi  (TV)  Colle Umberto				0	0	1		248
R	DVV	DVV0152		2017-09-01		Casa Scarpis, Salamon  (TV)  Cappella Maggiore				0	0	1		248
R	DVV	DVV0153		2017-09-01		Villa Lucchet-Righes (BL)  Belluno				0	0	1		248
R	DVV	DVV0154		2017-09-01		Villa Pagani, Gaggia  (BL)  Belluno-Socchieva				0	0	1		248
R	DVV	DVV0155		2017-09-01		Villa Alpago  (BL)  Belluno				0	0	1		248
R	DVV	DVV0156		2017-09-01		Villa Vescovile, Gerenzani, Marson (BL)  Belluno-Mussoi				0	0	1		248
R	DVV	DVV0157		2017-09-01		Villa Ricci, Fontana  (BL)  Belluno-La Cerva				0	0	1		248
R	DVV	DVV0158		2017-09-01		Villa Giamosa, Persicini, Tattara  (BL)  Belluno				0	0	1		248
R	DVV	DVV0159		2017-09-01		Villa Persicini, Fulcis, Miari Fulcis, Lucheschi, Marinello (BL)  Belluno				0	0	1		248
R	DVV	DVV0160		2017-09-01		Villa Doglioni, Dal Fabbro, Marina, Salomon  (BL)  Belluno				0	0	1		248
R	DVV	DVV0161		2017-09-01		Villa Da Borso  (BL)  Belluno				0	0	1		248
R	DVV	DVV0162		2017-09-01		Villa Fulcis, Montalban  (BL)  Belluno				0	0	1		248
R	DVV	DVV0163		2017-09-01		Villa Miari  (BL)  Sedico				0	0	1		248
R	DVV	DVV0164		2017-09-01		Villa Butta, Sammartini, De Rigo (BL)  Belluno-Cusighe				0	0	1		248
R	DVV	DVV0165		2017-09-01		Villa Zaglio  (BL)  Belluno-Col di Salce				0	0	1		248
R	DVV	DVV0166		2017-09-01		Villa Zanussi, detta La Vigna  (BL)  Belluno-Cavarzano				0	0	1		248
R	DVV	DVV0167		2017-09-01		Villa Pagani Cesa, Da Pra', detta Clizia  (BL)  Belluno				0	0	1		248
R	DVV	DVV0168		2017-09-01		Villa Campana, Gerardis, Pellegrini (BL)  Belluno-San Lorenzo di Servano				0	0	1		248
R	DVV	DVV0169		2017-09-01		Villa Morassutti  (BL)  Belluno-La Vignetta				0	0	1		248
R	DVV	DVV0170		2017-09-01		Villa Sala, Da Roldt - De Valerio - Caldart  (BL)  Belluno-Sala di Cusighe				0	0	1		248
R	DVV	DVV0171		2017-09-01		Villa Piloni, De Salvador  (BL)  Belluno				0	0	1		248
R	DVV	DVV0172		2017-09-01		Villa Giamosa  (BL)  Belluno-Salce				0	0	1		248
R	DVV	DVV0173		2017-09-01		Villa Corte, Eden, Murer, De Bona (BL)  Belluno-Salce				0	0	1		248
R	DVV	DVV0174		2017-09-01		Villa Sergnano, Barcelloni Corte  (BL)  Belluno-Sargnano				0	0	1		248
R	DVV	DVV0175		2017-09-01		Villa Fulcis, Palatini, Palatini Prosdocimi, Tropea (BL)  Belluno-Baldeniga				0	0	1		248
R	DVV	DVV0176		2017-09-01		Villa Bez  (BL)  Belluno-Fiammoi				0	0	1		248
R	DVV	DVV0177		2017-09-01		Villa Navasa, Migliorini, Frigimelica  (BL)  Belluno-Sogne di Tisoi				0	0	1		248
R	DVV	DVV0178		2017-09-01		Villa Capellari della Colomba, Chierzi  (BL)  Belluno				0	0	1		248
R	DVV	DVV0179		2017-09-01		Villa Pagani Cesa, Gaggia Lante (BL)  Belluno-Cavarzano				0	0	1		248
R	DVV	DVV0180		2017-09-01		Villa Rudio, Rossi, Benetta, De Pra' (BL)  Belluno-Sala di Cusighe				0	0	1		248
R	DVV	DVV0181		2017-09-01		Villa Miari, Zambelli  (BL)  Belluno-Pedeserva				0	0	1		248
R	DVV	DVV0182		2017-09-01		Ca' Pasini  (TV)  Fonte				0	0	1		248
R	DVV	DVV0183		2017-09-01		Villa Rietti Rota (Casa di Cura Park Villa Napoleon)  (TV)  Preganziol				0	0	1		248
R	DVV	DVV0184		2017-09-01		Villa De Reali, ottocentesca (TV)  Casier				0	0	1		248
R	DVV	DVV0185		2017-09-01		Villa Cian, Marinello  (TV)  San Biagio di Callalta				0	0	1		248
R	DVV	DVV0186		2017-09-01		Villa Visentini, Caccianiga (TV)  Carbonera				0	0	1		248
R	DVV	DVV0187		2017-09-01		Villa Gavagnin, Bortoluzzi, Missaglia, Scarpa, Dupre', detta Grazia o Egle  (TV)  Mogliano Veneto				0	0	1		248
R	DVV	DVV0188		2017-09-01		Villa Michieli, Bevilacqua  (TV)  Mogliano Veneto-Ghetto				0	0	1		248
R	DVV	DVV0189		2017-09-01		Villa Pisani, Siri, Pancera, Cipollato, Bardini, Veronese, Maccatrozzo (TV)  Mogliano Veneto				0	0	1		248
R	DVV	DVV0190		2017-09-01		Villa Morosini - Gatterburg, Volpi di Misurata  (TV)  Mogliano Veneto				0	0	1		248
R	DVV	DVV0191		2017-09-01		Villa Torni (Istituto Gris)  (TV)  Mogliano Veneto				0	0	1		248
R	DVV	DVV0192		2017-09-01		Villa Coletti, Rigamonti, Cortellazzo  (TV)  Mogliano Veneto				0	0	1		248
R	DVV	DVV0193		2017-09-01		Villa Ziliotto  (TV)  Roncade				0	0	1		248
R	DVV	DVV0194		2017-09-01		Casa Caotorta (TV)  Treviso				0	0	1		248
R	DVV	DVV0195		2017-09-01		Villa Toso  (TV)  Casier				0	0	1		248
R	DVV	DVV0196		2017-09-01		Villa Motta, Cordova  (TV)  Mogliano Veneto				0	0	1		248
R	DVV	DVV0197		2017-09-01		Villa Solari, Serena (TV)  Treviso				0	0	1		248
R	DVV	DVV0198		2017-09-01		Villa Ferracini, Albrizzi, Reginato (TV)  Treviso				0	0	1		248
R	DVV	DVV0199		2017-09-01		Villa Minelli (TV)  Ponzano Veneto				0	0	1		248
R	DVV	DVV0200		2017-09-01		Casa Rossa  (TV)  San Biagio di Callalta				0	0	1		248
R	DVV	DVV0201		2017-09-01		Villa Seles, Fanio Cervellini  (TV)  Silea				0	0	1		248
R	DVV	DVV0202		2017-09-01		Villa Navagero, Erizzo, Bandini, Della Rovere  (TV)  San Biagio di Callalta				0	0	1		248
R	DVV	DVV0203		2017-09-01		Villa Lameri, Bernardi, Tironi, Prizzon  (TV)  Mogliano Veneto				0	0	1		248
R	DVV	DVV0204		2017-09-01		Villa Moscheni, Siri, Zenoni Politeo  (TV)  Mogliano Veneto				0	0	1		248
R	DVV	DVV0205		2017-09-01		Ca' Brotto  (TV)  San Biagio di Callalta				0	0	1		248
R	DVV	DVV0206		2017-09-01		Villa Papadopoli, Regona, Cavasin (TV)  Treviso-Borgo Furo				0	0	1		248
R	DVV	DVV0207		2017-09-01		Corte Casalino  (VR)  Isola Rizza				0	0	1		248
R	DVV	DVV0208		2017-09-01		Palazzo Bovo, Bosco  (VR)  Buttapietra				0	0	1		248
R	DVV	DVV0209		2017-09-01		Villa Rampin  (VR)  Nogara				0	0	1		248
R	DVV	DVV0210		2017-09-01		Palazzo Maggi, Pellegrini  (VR)  Nogara				0	0	1		248
R	DVV	DVV0211		2017-09-01		Villa Antonietti  (VR)  Buttapietra				0	0	1		248
R	DVV	DVV0212		2017-09-01		Villa Mandella, Seren  (VR)  Isola Rizza-Corte Mandella				0	0	1		248
R	DVV	DVV0213		2017-09-01		Villa Pollettini (VR)  Isola Rizza				0	0	1		248
R	DVV	DVV0214		2017-09-01		Villa Betti  (VR)  Nogara				0	0	1		248
R	DVV	DVV0215		2017-09-01		Corte Capra, Rossignoli  (VR)  Isola Rizza				0	0	1		248
R	DVV	DVV0216		2017-09-01		Villa Magalini  (VR)  Salizzole				0	0	1		248
R	DVV	DVV0217		2017-09-01		Corte Zera, Bampa  (VR)  Buttapietra				0	0	1		248
R	DVV	DVV0218		2017-09-01		Villa Jacur  (VR)  Nogara				0	0	1		248
R	DVV	DVV0219		2017-09-01		Villa Ferrari (Scuola Rurale)  (VR)  Isola Rizza				0	0	1		248
R	DVV	DVV0220		2017-09-01		Corte Serraglio, Bellani  (VR)  Nogara				0	0	1		248
R	DVV	DVV0221		2017-09-01		Villa Bazzucco, detta Ecce Homo  (VR)  Nogara-Ecce Homo				0	0	1		248
R	DVV	DVV0222		2017-09-01		Villa Bellinato  (VR)  Isola Rizza				0	0	1		248
R	DVV	DVV0223		2017-09-01		Villa Bonamico, Revedin, Rechsteiner, Stepski  (TV)  Oderzo				0	0	1		248
R	DVV	DVV0224		2017-09-01		Villa Ancilotto, Girardi  (TV)  Motta di Livenza				0	0	1		248
R	DVV	DVV0225		2017-09-01		Villa Wiel, Ancilotto  (TV)  Motta di Livenza				0	0	1		248
R	DVV	DVV0226		2017-09-01		Villa Rocco  (TV)  Motta di Livenza				0	0	1		248
R	DVV	DVV0227		2017-09-01		Villa Filippi, Tiepolo, Papadopoli, Sacilotto, Rietti - Rota  (TV)  Motta di Livenza				0	0	1		248
R	DVV	DVV0228		2017-09-01		Casa Bronzini - Gurian  (TV)  Cessalto				0	0	1		248
R	DVV	DVV0229		2017-09-01		Villa Pisani, Morelli, Cristofoletti (Casa canonica di Cessalto)  (TV)  Cessalto				0	0	1		248
R	DVV	DVV0230		2017-09-01		Villa Ronchesello, Galli, Zanazzo  (TV)  Cessalto				0	0	1		248
R	DVV	DVV0231		2017-09-01		Casa Stepski Doliwa Rechsteiner  (TV)  Oderzo				0	0	1		248
R	DVV	DVV0232		2017-09-01		Villa Morelli, Cristofoletti, Colombo, Giacomini  (TV)  Chiarano				0	0	1		248
R	DVV	DVV0233		2017-09-01		Villa Aganoor, Zecchinato, Arrigoni  (TV)  Mansue'				0	0	1		248
R	DVV	DVV0234		2017-09-01		Villa Papadopoli, Sugana, Persico, Rossi (TV)  Maserada sul Piave-Persico				0	0	1		248
R	DVV	DVV0235		2017-09-01		Villa De Pellegrini  (TV)  San Polo di Piave				0	0	1		248
R	DVV	DVV0236		2017-09-01		Villa Parpinelli, Sacerdoti, Setten  (TV)  Mansue'				0	0	1		248
R	DVV	DVV0237		2017-09-01		Villa Giustinian, Querini - Stampalia, Carretta  (TV)  Salgareda				0	0	1		248
R	DVV	DVV0238		2017-09-01		Villa Genoa, Righetti  (TV)  Vazzola				0	0	1		248
R	DVV	DVV0239		2017-09-01		Villa Ghette, Berna  (TV)  Vazzola				0	0	1		248
R	DVV	DVV0240		2017-09-01		Villa Papadopoli, Giol  (TV)  San Polo di Piave				0	0	1		248
R	DVV	DVV0241		2017-09-01		Villa Bonotto  (TV)  Vazzola				0	0	1		248
R	DVV	DVV0242		2017-09-01		Villa Porcia - Andreetta, Dell'Andrea, detta Rosa  (TV)  Codogne'				0	0	1		248
R	DVV	DVV0243		2017-09-01		Villa Giustinian, Rechsteiner, Stepski Doliwa  (TV)  Ponte di Piave				0	0	1		248
R	DVV	DVV0244		2017-09-01		Villa Wiel, Tommaseo Ponzetta  (TV)  Ponte di Piave				0	0	1		248
R	DVV	DVV0245		2017-09-01		Casa Bellussi, Mazzariol  (TV)  Ormelle				0	0	1		248
R	DVV	DVV0246		2017-09-01		Villa Calzavara, Tomasella  (TV)  Mansue'				0	0	1		248
R	DVV	DVV0247		2017-09-01		Villa Arrigoni, Soldi, Pilo  (TV)  Mansue'				0	0	1		248
R	DVV	DVV0248		2017-09-01		Villa Foscolo, Vendrame, Brait  (TV)  Cimadolmo				0	0	1		248
R	DVV	DVV0249		2017-09-01		Villa Priuli, Pasqualigo, Savoini, Bonotto, Piovesana  (TV)  Cimadolmo				0	0	1		248
R	DVV	DVV0250		2017-09-01		Villa Segato, Longo, Crescente  (TV)  Gaiarine				0	0	1		248
R	DVV	DVV0251		2017-09-01		Villa Sponza, Giacomuzzi, Chemin, Palma, Dal Sasso  (TV)  Gorgo al Monticano				0	0	1		248
R	DVV	DVV0252		2017-09-01		Villa Cipriani  (TV)  Gorgo al Monticano				0	0	1		248
R	DVV	DVV0253		2017-09-01		Villa Emo Capodilista, Giusti, Giacomini  (TV)  Cessalto				0	0	1		248
R	DVV	DVV0254		2017-09-01		Villa Morosini, Foscarini Cornaro, Giol, Coral, Coro' ora Favero (TV)  Gorgo al Monticano				0	0	1		248
R	DVV	DVV0255		2017-09-01		Villa Morosini, Revedin, Giol (TV)  Gorgo al Monticano				0	0	1		248
R	DVV	DVV0256		2017-09-01		Villa Benzon, Caine, Franceschini, Piovesana da Francenigo  (TV)  Chiarano				0	0	1		248
R	DVV	DVV0257		2017-09-01		Villa Lucchetti  (TV)  Ormelle				0	0	1		248
R	DVV	DVV0258		2017-09-01		Villa Bortoletti, Palu' (TV)  Ormelle				0	0	1		248
R	DVV	DVV0259		2017-09-01		Villa Girardi, Policreti, Wiel  (TV)  Meduna di Livenza				0	0	1		248
R	DVV	DVV0260		2017-09-01		Villa Wiel, Berti, Stefanel  (TV)  Oderzo				0	0	1		248
R	DVV	DVV0261		2017-09-01		Casa Cellini, Bernardi  (TV)  Oderzo				0	0	1		248
R	DVV	DVV0262		2017-09-01		Villa Piovesana  (TV)  Gaiarine				0	0	1		248
R	DVV	DVV0263		2017-09-01		Casa Parpinello  (TV)  Oderzo				0	0	1		248
R	DVV	DVV0264		2017-09-01		Villa Stroili, Pavan  (TV)  Motta di Livenza				0	0	1		248
R	DVV	DVV0265		2017-09-01		Villa Morosini, Rietti - Rota, detta La Morosina  (TV)  Motta di Livenza				0	0	1		248
R	DVV	DVV0266		2017-09-01		Villa Ton, Ton - Travaini, Vendrame (TV)  Codogne'				0	0	1		248
R	DVV	DVV0267		2017-09-01		Villa Pera, Riello  (TV)  Gaiarine				0	0	1		248
R	DVV	DVV0268		2017-09-01		Villa Porcia, Prosdocimi di Este, Celotto, Cavarzerani  (TV)  Gaiarine				0	0	1		248
R	DVV	DVV0269		2017-09-01		Villa Wiel, Zambon, Spilimbergo  (TV)  Ponte di Piave				0	0	1		248
R	DVV	DVV0270		2017-09-01		Villa Zeno, detta Il Donegal  (TV)  Cessalto				0	0	1		248
R	DVV	DVV0271		2017-09-01		Villa Paoletti  (TV)  Codogne'				0	0	1		248
R	DVV	DVV0272		2017-09-01		Villa Pisani, Civran, Zoppola, Mattiuzzo, Sartor (TV)  Maserada sul Piave				0	0	1		248
R	DVV	DVV0273		2017-09-01		Villa Malanotte, Corti Concini, Zacchi, Rossi - De Rubeis (TV)  Vazzola				0	0	1		248
R	DVV	DVV0274		2017-09-01		Villa Vascellari, Bortoluzzi, Ceccuto, Manente  (TV)  Chiarano				0	0	1		248
R	DVV	DVV0275		2017-09-01		Villa Vascellari  (TV)  Chiarano				0	0	1		248
R	DVV	DVV0276		2017-09-01		Palazzo Contarini  (TV)  Chiarano				0	0	1		248
R	DVV	DVV0277		2017-09-01		Villa Benedetti, Pera, Riello - Favero  (TV)  Godega di Sant'Urbano				0	0	1		248
R	DVV	DVV0278		2017-09-01		Villa Cavalieri, Costantini, Gasparinetti, Burei, Marinotti  (TV)  Godega di Sant'Urbano-Baver				0	0	1		248
R	DVV	DVV0279		2017-09-01		Villa Turon  (TV)  Portobuffole'-Settimo				0	0	1		248
R	DVV	DVV0280		2017-09-01		Ca' Zorzi, Carretta, Molin  (TV)  Mansue'				0	0	1		248
R	DVV	DVV0281		2017-09-01		Villa Cicogna, Borlini (TV)  Gaiarine				0	0	1		248
R	DVV	DVV0282		2017-09-01		Villa Amalteo, Lucheschi  (TV)  Godega di Sant'Urbano				0	0	1		248
R	DVV	DVV0283		2017-09-01		Casa Gava, Salamon  (TV)  Godega di Sant'Urbano				0	0	1		248
R	DVV	DVV0284		2017-09-01		Villa Sanfiori, Armellin  (TV)  San Fior				0	0	1		248
R	DVV	DVV0285		2017-09-01		Villa Malvolti  (TV)  San Fior				0	0	1		248
R	DVV	DVV0286		2017-09-01		Villa Michielin  (TV)  Salgareda				0	0	1		248
R	DVV	DVV0287		2017-09-01		Villa Soldera  (TV)  Mansue'				0	0	1		248
R	DVV	DVV0288		2017-09-01		Palazzo Michiel - Loredan (TV)  Meduna di Livenza				0	0	1		248
R	DVV	DVV0289		2017-09-01		Villa Toderini - De Gajardis, Ferracini, Jelmoni Ton Bonicelli  (TV)  Codogne'				0	0	1		248
R	DVV	DVV0290		2017-09-01		Villa Salis, Zambaldi, Filippin  (TV)  Asolo				0	0	1		248
R	DVV	DVV0291		2017-09-01		Villa Venier, Giuliari, Noris, Campostrini, Zavarise, detta La Bassa  (VR)  Sommacampagna				0	0	1		248
R	DVV	DVV0292		2017-09-01		Villa seicentesca (PD)  Padova-Pozzoveggiani				0	0	1		248
R	DVV	DVV0293		2017-09-01		Villa Lincetto  (PD)  Padova-Lincetto				0	0	1		248
R	DVV	DVV0294		2017-09-01		Villa Colpi, Martini  (PD)  Padova				0	0	1		248
R	DVV	DVV0295		2017-09-01		Villa Finesso - Moro  (PD)  Padova-Scanferla				0	0	1		248
R	DVV	DVV0296		2017-09-01		Villa Penada, Rocchetti, Dolfin, Rasi  (PD)  Padova				0	0	1		248
R	DVV	DVV0297		2017-09-01		Villa Giudica - Marcassa  (PD)  Padova				0	0	1		248
R	DVV	DVV0298		2017-09-01		Villa Lion Stoppato  (PD)  Padova				0	0	1		248
R	DVV	DVV0299		2017-09-01		Villa Zaguri, Asti  (PD)  Padova				0	0	1		248
R	DVV	DVV0300		2017-09-01		Villa ottocentesca  (PD)  Padova				0	0	1		248
R	DVV	DVV0301		2017-09-01		Villa Businello, Morassuti  (PD)  Legnaro-Casone				0	0	1		248
R	DVV	DVV0302		2017-09-01		Villa Molin, Capodilista, Conti, Dondi dell'Orologio, Kofler  (PD)  Padova				0	0	1		248
R	DVV	DVV0303		2017-09-01		Villa Rigoni Savioli  (PD)  Padova				0	0	1		248
R	DVV	DVV0304		2017-09-01		Villa Pisani, Zigno, detta Altichiero  (PD)  Padova				0	0	1		248
R	DVV	DVV0305		2017-09-01		Villa Datteri, Fasolo  (PD)  Padova-Guizza				0	0	1		248
R	DVV	DVV0306		2017-09-01		Villa Travain  (PD)  Padova				0	0	1		248
R	DVV	DVV0307		2017-09-01		Villa Zanicatti  (PD)  Padova				0	0	1		248
R	DVV	DVV0308		2017-09-01		Corte benedettina della Gastaldia di Cona  (PD)  Agna				0	0	1		248
R	DVV	DVV0309		2017-09-01		Palazzo Mingoni (PD)  Agna				0	0	1		248
R	DVV	DVV0310		2017-09-01		Villa Martini, Salata  (PD)  Padova				0	0	1		248
R	DVV	DVV0311		2017-09-01		Villa Gruato, Argenti (PD)  Casalserugo				0	0	1		248
R	DVV	DVV0312		2017-09-01		Villa Cavinato Zambenedetti, Garbin, Salmaso (PD)  Padova				0	0	1		248
R	DVV	DVV0313		2017-09-01		Villa Mocenigo, Foscari - Nani, Riello Pera  (PD)  Cadoneghe				0	0	1		248
R	DVV	DVV0314		2017-09-01		Villa Battistello - Fascina  (PD)  Padova				0	0	1		248
R	DVV	DVV0315		2017-09-01		Villa Ghedini  (PD)  Cadoneghe				0	0	1		248
R	DVV	DVV0316		2017-09-01		Villa Contarini, Lovison  (PD)  Pontelongo				0	0	1		248
R	DVV	DVV0317		2017-09-01		Villa Lion, Bragadin, Salom  (PD)  Albignasego				0	0	1		248
R	DVV	DVV0318		2017-09-01		Villa di San Bonifacio  (PD)  Albignasego				0	0	1		248
R	DVV	DVV0319		2017-09-01		Villa Obizzi  (PD)  Albignasego				0	0	1		248
R	DVV	DVV0320		2017-09-01		Villa De Mori detta Ca' Dottori (PD)  Albignasego				0	0	1		248
R	DVV	DVV0321		2017-09-01		Casa Caprari, Zanchi, Fontanella, Maritan  (PD)  Sant'Angelo di Piove di Sacco				0	0	1		248
R	DVV	DVV0322		2017-09-01		Villa Orsato, Da Zara, Pizzo (PD)  Casalserugo				0	0	1		248
R	DVV	DVV0323		2017-09-01		Palazzo Orsati (Casa canonica di Casalserugo) (PD)  Casalserugo				0	0	1		248
R	DVV	DVV0324		2017-09-01		Villa Licini, Da Zara, Biasioli, Dalle Molle detta delle Statue (PD)  Casalserugo				0	0	1		248
R	DVV	DVV0325		2017-09-01		Villa Corner, Foscari, detta Palazzo dei Merli  (PD)  Codevigo-Palazzo dei Merli				0	0	1		248
R	DVV	DVV0326		2017-09-01		Villa Grimani  (PD)  Codevigo				0	0	1		248
R	DVV	DVV0327		2017-09-01		Villa La Veneziana  (PD)  Correzzola				0	0	1		248
R	DVV	DVV0328		2017-09-01		Villa Sartori  (PD)  Correzzola				0	0	1		248
R	DVV	DVV0329		2017-09-01		Villa Fantini, Castellani  (PD)  Albignasego				0	0	1		248
R	DVV	DVV0330		2017-09-01		Casa Bertipaglia  (PD)  Albignasego				0	0	1		248
R	DVV	DVV0331		2017-09-01		Villa Rinaldi  (PD)  Saonara-Tombelle				0	0	1		248
R	DVV	DVV0332		2017-09-01		Villa Lavagnoli, Greggio  (PD)  Casalserugo				0	0	1		248
R	DVV	DVV0333		2017-09-01		Villa Pizzo  (PD)  Casalserugo				0	0	1		248
R	DVV	DVV0334		2017-09-01		Villa Da Zara, Ruffatti - Simonetti  (PD)  Casalserugo				0	0	1		248
R	DVV	DVV0335		2017-09-01		Villa Ferri, detta Il Castello di Ser Ugo  (PD)  Casalserugo				0	0	1		248
R	DVV	DVV0336		2017-09-01		Villa Buzzaccarini, Meggiorin  (PD)  Bovolenta				0	0	1		248
R	DVV	DVV0337		2017-09-01		Barchessa La Vanezza  (PD)  Correzzola				0	0	1		248
R	DVV	DVV0338		2017-09-01		Villa Cittadella Vigodarzere, Valmarana  (PD)  Saonara				0	0	1		248
R	DVV	DVV0339		2017-09-01		Villa Sgaravatti  (PD)  Saonara				0	0	1		248
R	DVV	DVV0340		2017-09-01		Villa Dalla Vecchia, Vigonza, Morosini, Sgaravatti  (PD)  Saonara				0	0	1		248
R	DVV	DVV0341		2017-09-01		Villa Sandona' (PD)  Bovolenta				0	0	1		248
R	DVV	DVV0342		2017-09-01		Villa Scalamberti, Rosi  (PD)  Bovolenta				0	0	1		248
R	DVV	DVV0343		2017-09-01		Corte Veniera, Tassi (VE)  Cona-Corte Veniera				0	0	1		248
R	DVV	DVV0344		2017-09-01		Villa Morosini, Giovannelli  (VE)  Cona				0	0	1		248
R	DVV	DVV0345		2017-09-01		Villa Renier, Cavalli  (PD)  Candiana				0	0	1		248
R	DVV	DVV0346		2017-09-01		Villa Albrizzi  (PD)  Candiana				0	0	1		248
R	DVV	DVV0347		2017-09-01		Villa Garzoni, Michiel, Carraretto  (PD)  Candiana				0	0	1		248
R	DVV	DVV0348		2017-09-01		Casa Gradenigo, Scapolo (PD)  Terrassa Padovana				0	0	1		248
R	DVV	DVV0349		2017-09-01		Villa Deganello  (VE)  Cona				0	0	1		248
R	DVV	DVV0350		2017-09-01		Villa Civran  (VE)  Cona				0	0	1		248
R	DVV	DVV0351		2017-09-01		Villa Meticke  (VE)  Cona				0	0	1		248
R	DVV	DVV0352		2017-09-01		Villa Deganello  (PD)  Arre				0	0	1		248
R	DVV	DVV0353		2017-09-01		Casa Volpin  (PD)  Arre				0	0	1		248
R	DVV	DVV0354		2017-09-01		Villa Sambin  (PD)  Arre				0	0	1		248
R	DVV	DVV0355		2017-09-01		Barchessa di villa Papafava  (PD)  Arre				0	0	1		248
R	DVV	DVV0356		2017-09-01		Villa Roncon - Temporin  (PD)  Tribano				0	0	1		248
R	DVV	DVV0357		2017-09-01		Villa Amista' (PD)  Bagnoli di Sopra				0	0	1		248
R	DVV	DVV0358		2017-09-01		Villa Bonomo, Augusta  (PD)  Cadoneghe				0	0	1		248
R	DVV	DVV0359		2017-09-01		Casa Capodilista  (PD)  Arre				0	0	1		248
R	DVV	DVV0360		2017-09-01		Villa Bragadin, Martini, Sartori (PD)  Terrassa Padovana				0	0	1		248
R	DVV	DVV0361		2017-09-01		Villa Capovilla  (PD)  Arre				0	0	1		248
R	DVV	DVV0362		2017-09-01		Villa Corner, Rimondo, Soranzo, Manzoni (PD)  Noventa Padovana				0	0	1		248
R	DVV	DVV0363		2017-09-01		Villa Giovanelli  (PD)  Noventa Padovana				0	0	1		248
R	DVV	DVV0364		2017-09-01		Villa Pellegrini, Zaguri  (PD)  Bagnoli di Sopra				0	0	1		248
R	DVV	DVV0365		2017-09-01		Villa Marcello, Toniolo, Nani, Todeschini (PD)  Noventa Padovana				0	0	1		248
R	DVV	DVV0366		2017-09-01		Villa Widmann, Borletti (PD)  Bagnoli di Sopra				0	0	1		248
R	DVV	DVV0367		2017-09-01		Villa Da Ponte, Menini  (PD)  Cadoneghe				0	0	1		248
R	DVV	DVV0368		2017-09-01		Villa Lauro  (PD)  Cadoneghe				0	0	1		248
R	DVV	DVV0369		2017-09-01		Villa Marin  (PD)  Arre				0	0	1		248
R	DVV	DVV0370		2017-09-01		Palazzetto Widmann  (PD)  Bagnoli di Sopra				0	0	1		248
R	DVV	DVV0371		2017-09-01		Villa Foscarini, Erizzo, Serravalle (PD)  Pontelongo				0	0	1		248
R	DVV	DVV0372		2017-09-01		Villa Lovato  (PD)  Saonara				0	0	1		248
R	DVV	DVV0373		2017-09-01		Villa Lazzaro  (PD)  Saonara				0	0	1		248
R	DVV	DVV0374		2017-09-01		Villa Bauce  (PD)  Saonara				0	0	1		248
R	DVV	DVV0375		2017-09-01		Villa Leoni, Priuli Stazio, Rosso (PD)  Piove di Sacco				0	0	1		248
R	DVV	DVV0376		2017-09-01		Palazzo Priuli  (PD)  Piove di Sacco				0	0	1		248
R	DVV	DVV0377		2017-09-01		Villa Soranzo, Crotta, Morosini, Bragato, Antoni (PD)  Piove di Sacco				0	0	1		248
R	DVV	DVV0378		2017-09-01		Palazzo Magno, Salvagnin  (PD)  Piove di Sacco				0	0	1		248
R	DVV	DVV0379		2017-09-01		Palazzo Morosini, Gradenigo (PD)  Piove di Sacco				0	0	1		248
R	DVV	DVV0380		2017-09-01		Villa Polani, Saro, Favarin  (PD)  Piove di Sacco				0	0	1		248
R	DVV	DVV0381		2017-09-01		Villa Molin, Negrisolo  (PD)  Piove di Sacco				0	0	1		248
R	DVV	DVV0382		2017-09-01		Villa Colpi, Rodella, Bozzato (PD)  Terrassa Padovana				0	0	1		248
R	DVV	DVV0383		2017-09-01		Ca' Grassi  (VE)  Chioggia-Ca' Lino				0	0	1		248
R	DVV	DVV0384		2017-09-01		Ca' Naccari  (VE)  Chioggia				0	0	1		248
R	DVV	DVV0385		2017-09-01		Resti di villa Naccari  (VE)  Cavarzere-Lezze				0	0	1		248
R	DVV	DVV0386		2017-09-01		Villa Conti, Schiesari  (PD)  Conselve				0	0	1		248
R	DVV	DVV0387		2017-09-01		Villa De Lazara  (PD)  Conselve				0	0	1		248
R	DVV	DVV0388		2017-09-01		Ca' Briani  (VE)  Cavarzere				0	0	1		248
R	DVV	DVV0389		2017-09-01		Villa Berto  (VE)  Cavarzere				0	0	1		248
R	DVV	DVV0390		2017-09-01		Villa Montesi  (PD)  Padova-Madonna Pellegrina				0	0	1		248
R	DVV	DVV0391		2017-09-01		Villa Folco Zambelli, Pesavento, Benedettin (PD)  Padova				0	0	1		248
R	DVV	DVV0392		2017-09-01		Villa Bastianello - Miotto  (PD)  Padova-Brentelle				0	0	1		248
R	DVV	DVV0393		2017-09-01		Villa Sagredo, Toderini (PD)  Conselve				0	0	1		248
R	DVV	DVV0394		2017-09-01		Villa Malipiero, Morosini, Cavalli - Capello, Schiesari  (PD)  Conselve				0	0	1		248
R	DVV	DVV0395		2017-09-01		Villa Petrobelli, detta Casa del Capitanio (PD)  Due Carrare				0	0	1		248
R	DVV	DVV0396		2017-09-01		Villa Sperandio  (PD)  Due Carrare				0	0	1		248
R	DVV	DVV0397		2017-09-01		Villa Pasqualigo, Grimani  (PD)  Due Carrare				0	0	1		248
R	DVV	DVV0398		2017-09-01		Villa Michiel, Suman, Ferrante, Deganello (PD)  Conselve				0	0	1		248
R	DVV	DVV0399		2017-09-01		Villa Malipiero, Moro, Zen, Schiesari (PD)  Conselve				0	0	1		248
R	DVV	DVV0400		2017-09-01		Villa Priuli, Rezzonico  (PD)  Polverara				0	0	1		248
R	DVV	DVV0401		2017-09-01		Casa Schiesari, Bergonzini (PD)  Conselve				0	0	1		248
R	DVV	DVV0402		2017-09-01		Villa Zane, Belegno  (PD)  Conselve				0	0	1		248
R	DVV	DVV0403		2017-09-01		Villa De Buzzaccarini  (PD)  Cartura				0	0	1		248
R	DVV	DVV0404		2017-09-01		Villa Santacroce, Amista' (PD)  Cartura				0	0	1		248
R	DVV	DVV0405		2017-09-01		Villa Da Rio  (PD)  Ponte San Nicolo'				0	0	1		248
R	DVV	DVV0406		2017-09-01		Palazzo Bononi, detto Il Palazzetto (PD)  Anguillara Veneta				0	0	1		248
R	DVV	DVV0407		2017-09-01		Villa Arca del Santo  (PD)  Anguillara Veneta-Taglio				0	0	1		248
R	DVV	DVV0408		2017-09-01		Villa Mussato, Farini, Morosinotto (PD)  Vigodarzere				0	0	1		248
R	DVV	DVV0409		2017-09-01		Villa Fossa (Palazzo Spigon Baretta) (PD)  Legnaro				0	0	1		248
R	DVV	DVV0410		2017-09-01		Villa Grifalconi, Maldura, Bonacossi  (PD)  Pernumia				0	0	1		248
R	DVV	DVV0411		2017-09-01		Villa Baldan  (PD)  Due Carrare				0	0	1		248
R	DVV	DVV0412		2017-09-01		Casa del Capitanio  (PD)  Pernumia				0	0	1		248
R	DVV	DVV0413		2017-09-01		Ca' Erizzo, Grosoli  (PD)  Due Carrare				0	0	1		248
R	DVV	DVV0414		2017-09-01		Villa Zenobio, Erizzo  (PD)  Due Carrare				0	0	1		248
R	DVV	DVV0415		2017-09-01		Villa Tian  (PD)  Ponte San Nicolo'				0	0	1		248
R	DVV	DVV0416		2017-09-01		Villa Mocenigo, Randi  (PD)  Cartura-Gorgo				0	0	1		248
R	DVV	DVV0417		2017-09-01		Villa Malipiero, Codignola, Gosetti  (PD)  Cartura				0	0	1		248
R	DVV	DVV0418		2017-09-01		Villa Gallo  (PD)  Cartura				0	0	1		248
R	DVV	DVV0419		2017-09-01		Villa Emo Capodilista, Maldura  (PD)  Pernumia				0	0	1		248
R	DVV	DVV0420		2017-09-01		Villa Giustinian, Corner, detta Ca' Dottori della Piazza  (PD)  Pernumia				0	0	1		248
R	DVV	DVV0421		2017-09-01		Villa Gussoni, Dottori  (PD)  Pernumia				0	0	1		248
R	DVV	DVV0422		2017-09-01		Villa Belloni Battaglia  (PD)  Pernumia				0	0	1		248
R	DVV	DVV0423		2017-09-01		Villa Gomiero  (PD)  Cartura				0	0	1		248
R	DVV	DVV0424		2017-09-01		Villa Alice, Santinello  (PD)  Cartura-Cagnola				0	0	1		248
R	DVV	DVV0425		2017-09-01		Casa Brunoro, Favaron, detta Il Palazzone (PD)  Tribano				0	0	1		248
R	DVV	DVV0426		2017-09-01		Palazzetto Selvatico Estense, Buzzaccarini, detto I Portici (PD)  Tribano				0	0	1		248
R	DVV	DVV0427		2017-09-01		Villa Roberti, Frigimelica, Bozzolato  (PD)  Brugine				0	0	1		248
R	DVV	DVV0428		2017-09-01		Villa Tron, Giacomelli, Asti  (PD)  Vigodarzere				0	0	1		248
R	DVV	DVV0429		2017-09-01		Casa Bertani  (PD)  Vigodarzere				0	0	1		248
R	DVV	DVV0430		2017-09-01		Villa Trevisan, Romanin, Gomiero  (PD)  Vigodarzere				0	0	1		248
R	DVV	DVV0431		2017-09-01		Villa Marin, Zusto  (PD)  Vigodarzere				0	0	1		248
R	DVV	DVV0432		2017-09-01		Villa Giustiniani, Viaro-Giustinian (PD)  San Pietro Viminario				0	0	1		248
R	DVV	DVV0433		2017-09-01		Villa Grimani, Vendramin, Calergi, Valmarana  (PD)  Noventa Padovana				0	0	1		248
R	DVV	DVV0434		2017-09-01		Villa Cappello  (PD)  Noventa Padovana				0	0	1		248
R	DVV	DVV0435		2017-09-01		Villa Dalla Favera  (PD)  Noventa Padovana				0	0	1		248
R	DVV	DVV0436		2017-09-01		Villa Suppiej Penasa, Giaretta, detta Villa Gemma (PD)  Noventa Padovana				0	0	1		248
R	DVV	DVV0437		2017-09-01		Villa Loredan, Bragadin, Saccomani  (PD)  Noventa Padovana				0	0	1		248
R	DVV	DVV0438		2017-09-01		Villa Morosini, Antonibon - Cappello, Cattani (PD)  Noventa Padovana				0	0	1		248
R	DVV	DVV0439		2017-09-01		Barchessa Randi, detta Granaio della Serenissima  (PD)  Bovolenta				0	0	1		248
R	DVV	DVV0440		2017-09-01		Corte Foscarini  (PD)  Bovolenta				0	0	1		248
R	DVV	DVV0441		2017-09-01		Villa Martinengo  (PD)  Bovolenta				0	0	1		248
R	DVV	DVV0442		2017-09-01		Casa Maritan  (PD)  Bovolenta				0	0	1		248
R	DVV	DVV0443		2017-09-01		Villa Morosini, Custozza  (PD)  Santa Giustina in Colle				0	0	1		248
R	DVV	DVV0444		2017-09-01		Villa Calzavara, Gargan (PD)  Piombino Dese				0	0	1		248
R	DVV	DVV0445		2017-09-01		Villa Boise, Panterle, Novello  (PD)  Borgoricco				0	0	1		248
R	DVV	DVV0446		2017-09-01		Villa Rettore  (PD)  Borgoricco				0	0	1		248
R	DVV	DVV0447		2017-09-01		Villa Favaron, Barea - Berton (PD)  Piombino Dese				0	0	1		248
R	DVV	DVV0448		2017-09-01		Villa Brogneaux  (PD)  Borgoricco				0	0	1		248
R	DVV	DVV0449		2017-09-01		Villa Bressanin  (PD)  Borgoricco				0	0	1		248
R	DVV	DVV0450		2017-09-01		Villa Cornaro o Corner  (PD)  Piombino Dese				0	0	1		248
R	DVV	DVV0451		2017-09-01		Villa Trombetta - Trotter  (PD)  Piombino Dese-Levada di Sotto				0	0	1		248
R	DVV	DVV0452		2017-09-01		Villa Carisi  (PD)  Piombino Dese				0	0	1		248
R	DVV	DVV0453		2017-09-01		Villa Querini  (PD)  Camposampiero				0	0	1		248
R	DVV	DVV0454		2017-09-01		Villa Maruzzi, Marcello  (PD)  Piombino Dese-Levada				0	0	1		248
R	DVV	DVV0455		2017-09-01		Villa Legrenzi  (PD)  Camposampiero				0	0	1		248
R	DVV	DVV0456		2017-09-01		Villa Legrenzi, Dal Poz  (PD)  Camposampiero				0	0	1		248
R	DVV	DVV0457		2017-09-01		Villa Piccinati, Chinaglia  (PD)  Camposampiero				0	0	1		248
R	DVV	DVV0458		2017-09-01		Villa Marcello, Guillet - Fonzago, Loni  (PD)  Campodarsego				0	0	1		248
R	DVV	DVV0459		2017-09-01		Villa Gaja  (PD)  Camposampiero				0	0	1		248
R	DVV	DVV0460		2017-09-01		Villa Mattiazzo - Gelmi  (PD)  Campodarsego				0	0	1		248
R	DVV	DVV0461		2017-09-01		Villa Mattiazzo Geppino  (PD)  Campodarsego				0	0	1		248
R	DVV	DVV0462		2017-09-01		Villa Romiati  (PD)  Campodarsego				0	0	1		248
R	DVV	DVV0463		2017-09-01		Villa Pugnalin  (PD)  San Giorgio delle Pertiche				0	0	1		248
R	DVV	DVV0464		2017-09-01		Villa Lion, Salga, detta Ai Tre Palazzi  (PD)  San Giorgio delle Pertiche				0	0	1		248
R	DVV	DVV0465		2017-09-01		Villa Olivieri, detta Italia  (PD)  Padova				0	0	1		248
R	DVV	DVV0466		2017-09-01		Villa Dona' delle Rose, De Zuane  (PD)  Padova				0	0	1		248
R	DVV	DVV0467		2017-09-01		Villa Cassinari  (PD)  San Giorgio delle Pertiche				0	0	1		248
R	DVV	DVV0468		2017-09-01		Villa Prevedello  (PD)  San Giorgio delle Pertiche				0	0	1		248
R	DVV	DVV0469		2017-09-01		Villa Zennato  (PD)  Due Carrare				0	0	1		248
R	DVV	DVV0470		2017-09-01		Villa Dolfin, Dal Martello, detta La Mincana  (PD)  Due Carrare				0	0	1		248
R	DVV	DVV0471		2017-09-01		Villa Fassina  (PD)  Due Carrare				0	0	1		248
R	DVV	DVV0472		2017-09-01		Villa Zaborra, detta Castello di San Pelagio  (PD)  Due Carrare				0	0	1		248
R	DVV	DVV0473		2017-09-01		Villa Sanudo, Orlandi, Colombana (PD)  Due Carrare				0	0	1		248
R	DVV	DVV0474		2017-09-01		Villa Soranzo, Talpo, Petrobelli (PD)  Due Carrare				0	0	1		248
R	DVV	DVV0475		2017-09-01		Villa Petrobelli, detta Ca' Mura'  (PD)  Masera' di Padova				0	0	1		248
R	DVV	DVV0476		2017-09-01		Villa Lion, Brighenti - Colpi  (PD)  Padova				0	0	1		248
R	DVV	DVV0477		2017-09-01		Villa Giusti  (PD)  Padova				0	0	1		248
R	DVV	DVV0478		2017-09-01		Villa Vendramin, Cappello, Collizzoli (PD)  Noventa Padovana				0	0	1		248
R	DVV	DVV0479		2017-09-01		Villa Giustinian, De Chantal, Rota Destro  (PD)  Noventa Padovana				0	0	1		248
R	DVV	DVV0480		2017-09-01		Ca' Riva, Lisatti (VE)  Chioggia				0	0	1		248
R	DVV	DVV0481		2017-09-01		Villa Gussoni, Pisani, Mattioli, Dal Pozzo (PD)  Noventa Padovana				0	0	1		248
R	DVV	DVV0482		2017-09-01		Ca' Labia, Converso  (VE)  Cavarzere-Ca' Labia				0	0	1		248
R	DVV	DVV0483		2017-09-01		Villa Ruffoni, Bonomi Da Monte  (VR)  Zevio				0	0	1		248
R	DVV	DVV0484		2017-09-01		Villa Trevisan - Calderari (Asilo Romani) (VR)  Sona				0	0	1		248
R	DVV	DVV0485		2017-09-01		Ca' Badoer, Muneratti, Corinaldi  (PD)  Vigonza				0	0	1		248
R	DVV	DVV0486		2017-09-01		Villa Selvatico, Da Porto  (PD)  Vigonza				0	0	1		248
R	DVV	DVV0487		2017-09-01		Villa Basadonna, Tome', Gal  (PD)  Trebaseleghe-Malcanton				0	0	1		248
R	DVV	DVV0488		2017-09-01		Villa Zago  (PD)  Trebaseleghe				0	0	1		248
R	DVV	DVV0489		2017-09-01		Villa Celeghin  (PD)  Trebaseleghe				0	0	1		248
R	DVV	DVV0490		2017-09-01		Villa Polcastro, Wollemburg  (PD)  Loreggia				0	0	1		248
R	DVV	DVV0491		2017-09-01		Villa Ascoli, Angeli - Bonsembiante  (PD)  Loreggia				0	0	1		248
R	DVV	DVV0492		2017-09-01		Villa Rana  (PD)  Loreggia				0	0	1		248
R	DVV	DVV0493		2017-09-01		Villa De Portis  (PD)  Loreggia				0	0	1		248
R	DVV	DVV0494		2017-09-01		Villa Soranzo  (PD)  Loreggia				0	0	1		248
R	DVV	DVV0495		2017-09-01		Villa Chinellato  (PD)  Loreggia				0	0	1		248
R	DVV	DVV0496		2017-09-01		Villa Arrigoni  (PD)  Loreggia				0	0	1		248
R	DVV	DVV0497		2017-09-01		Villa Pegolotto, Baglioni (PD)  Massanzago				0	0	1		248
R	DVV	DVV0498		2017-09-01		Villa Pattarol, Quaresimin - Zanon  (PD)  Massanzago				0	0	1		248
R	DVV	DVV0499		2017-09-01		Villa Facoli, Rinaldi  (PD)  Massanzago				0	0	1		248
R	DVV	DVV0500		2017-09-01		Villa Zorzi, Silvestri, Malvestio  (PD)  Massanzago				0	0	1		248
R	DVV	DVV0501		2017-09-01		Villa Magro  (PD)  Massanzago				0	0	1		248
R	DVV	DVV0502		2017-09-01		Villa Badoer - Micheli, Ruzini (PD)  Villanova di Camposampiero				0	0	1		248
R	DVV	DVV0503		2017-09-01		Villa Erbisti, Rossi, Chiampan, detta San Dionigi  (VR)  Verona				0	0	1		248
R	DVV	DVV0504		2017-09-01		Villa Barbesi, Carantani  (VR)  Verona				0	0	1		248
R	DVV	DVV0505		2017-09-01		Villa Albertini, Fraccaroli, detta Alberta  (VR)  Verona				0	0	1		248
R	DVV	DVV0506		2017-09-01		Villa D'Arco, Sagramoso Sacchetti (VR)  Verona				0	0	1		248
R	DVV	DVV0507		2017-09-01		Villa Maffei, Nuvoloni, Sigurta', detta Della Quercia (VR)  Valeggio sul Mincio				0	0	1		248
R	DVV	DVV0508		2017-09-01		Villa Livio, De Simone, detta Mille e una Rosa  (VR)  Sommacampagna				0	0	1		248
R	DVV	DVV0509		2017-09-01		Villa Ottolini, Pignatti Morano  (VR)  Sommacampagna				0	0	1		248
R	DVV	DVV0510		2017-09-01		Villa Fagiuoli, detta La Berettara  (VR)  Sommacampagna				0	0	1		248
R	DVV	DVV0511		2017-09-01		Villa Fagiuoli, detta Le Zerbare  (VR)  Sommacampagna				0	0	1		248
R	DVV	DVV0512		2017-09-01		Villa Medici, Caprara  (VR)  Sommacampagna				0	0	1		248
R	DVV	DVV0513		2017-09-01		Villa Signorini  (VR)  Verona				0	0	1		248
R	DVV	DVV0514		2017-09-01		Villa Nichesola, Pollini  (VR)  Verona				0	0	1		248
R	DVV	DVV0515		2017-09-01		Villa Alessandri, Stoppa, Zorzi  (VR)  Verona				0	0	1		248
R	DVV	DVV0516		2017-09-01		Villa Ruffoni, detta La Pavarana  (VR)  Grezzana-Pavarana				0	0	1		248
R	DVV	DVV0517		2017-09-01		Corte Miniscalchi, Baughi, Peccana, Bottagisio, detta Feniletto  (VR)  Oppeano				0	0	1		248
R	DVV	DVV0518		2017-09-01		Villa Maffei, Pellesina, Zorzi, Colleoni, Rebonato  (VR)  Oppeano-Ca' Zorzi				0	0	1		248
R	DVV	DVV0519		2017-09-01		Villa Maffei Rizzardi, Zorzi, Farina, detta Corte Grande  (VR)  Palu'				0	0	1		248
R	DVV	DVV0520		2017-09-01		Villa Da Monte, Wallner  (VR)  San Giovanni Lupatoto				0	0	1		248
R	DVV	DVV0521		2017-09-01		Villa Schizzi, Fiorini  (VR)  Sona				0	0	1		248
R	DVV	DVV0522		2017-09-01		Villa Murari Bra, detta La Mattarana  (VR)  Verona				0	0	1		248
R	DVV	DVV0523		2017-09-01		Villa Corsi, Castagna (VR)  Verona				0	0	1		248
R	DVV	DVV0524		2017-09-01		Villa Malfatti Balladoro  (VR)  Verona				0	0	1		248
R	DVV	DVV0525		2017-09-01		Villa Castellani, Magalini, detta Ca' Fontana  (VR)  Lavagno				0	0	1		248
R	DVV	DVV0526		2017-09-01		Villa Da Porto, Alberti, Zannini  (VR)  Lavagno				0	0	1		248
R	DVV	DVV0527		2017-09-01		Villa Maffei, Bevilacqua, Zamboni, Benini  (VR)  Mezzane di Sotto				0	0	1		248
R	DVV	DVV0528		2017-09-01		Villa Maffei (Opera Mino Turco)  (VR)  Colognola ai Colli-Ca' dell'Ara				0	0	1		248
R	DVV	DVV0529		2017-09-01		Villa Maffei Faccioli  (VR)  Colognola ai Colli				0	0	1		248
R	DVV	DVV0530		2017-09-01		Ca' Tinaldo  (VR)  Castel d'Azzano				0	0	1		248
R	DVV	DVV0531		2017-09-01		Villa Malaspina, Frinzi  (VR)  Castel d'Azzano				0	0	1		248
R	DVV	DVV0532		2017-09-01		Villa Cesari, Perbellini  (VR)  Castel d'Azzano				0	0	1		248
R	DVV	DVV0533		2017-09-01		Villa Soldo, detta La Caporala  (VR)  Castel d'Azzano				0	0	1		248
R	DVV	DVV0534		2017-09-01		Villa Violini, Nogarola, Segattini, Degani, detta Il Castello (VR)  Castel d'Azzano-Castello				0	0	1		248
R	DVV	DVV0535		2017-09-01		Ca' Zenobia, Forlati  (VR)  Sommacampagna				0	0	1		248
R	DVV	DVV0536		2017-09-01		Villa Della Vecchia, Fiocco  (VR)  Sommacampagna				0	0	1		248
R	DVV	DVV0537		2017-09-01		Villa Zeiner, Wallner  (VR)  Verona				0	0	1		248
R	DVV	DVV0538		2017-09-01		Villa Terreno, Orti Manara  (VR)  San Martino Buon Albergo				0	0	1		248
R	DVV	DVV0539		2017-09-01		Villa Peruzzi, detta La Sogara  (VR)  San Martino Buon Albergo				0	0	1		248
R	DVV	DVV0540		2017-09-01		Villa Sommavalle, Ederle  (VR)  Verona				0	0	1		248
R	DVV	DVV0541		2017-09-01		Villa Franchi, Pindemonte, Moscardo, Polfranceschi  (VR)  Verona				0	0	1		248
R	DVV	DVV0542		2017-09-01		Villa Fontana Ederle, detta La Cipressaia  (VR)  Verona				0	0	1		248
R	DVV	DVV0543		2017-09-01		Villa Caperle, Arrighini Gerard  (VR)  Verona				0	0	1		248
R	DVV	DVV0544		2017-09-01		Villa Piccoli, Cicogna  (VR)  Verona				0	0	1		248
R	DVV	DVV0545		2017-09-01		Villa Cologne, Brenzoni - Cattarinetti Franco  (VR)  Grezzana				0	0	1		248
R	DVV	DVV0546		2017-09-01		Villa Pavesi, Dalle Molle  (VR)  Verona				0	0	1		248
R	DVV	DVV0547		2017-09-01		Villa Giusti, Cometti, detta Palazzo Rosso  (VR)  Grezzana-Palazzo Rosso				0	0	1		248
R	DVV	DVV0548		2017-09-01		Villa Maffei, Medici, Balis Crema  (VR)  Grezzana				0	0	1		248
R	DVV	DVV0549		2017-09-01		Villa Allegri, Arvedi  (VR)  Grezzana				0	0	1		248
R	DVV	DVV0550		2017-09-01		Villa Zamboni Montanari, detta La Nobile  (VR)  San Martino Buon Albergo-San Rocco				0	0	1		248
R	DVV	DVV0551		2017-09-01		Villa Castelli, Salvi, Ambrosetti, detta San Rocco  (VR)  Lavagno				0	0	1		248
R	DVV	DVV0552		2017-09-01		Villa Mantovanelli, detta La Guerrina  (VR)  Verona				0	0	1		248
R	DVV	DVV0553		2017-09-01		Villa Dal Bene, Nogarola, Scopoli  (VR)  Verona				0	0	1		248
R	DVV	DVV0554		2017-09-01		Villa Bajetta, Gaspari  (VR)  Sona				0	0	1		248
R	DVV	DVV0555		2017-09-01		Villa Giusti del Giardino, detta La Guastalla Nuova  (VR)  Sona				0	0	1		248
R	DVV	DVV0556		2017-09-01		Villa Alessandri, Donadelli  (VR)  Villafranca di Verona				0	0	1		248
R	DVV	DVV0557		2017-09-01		Villa Gazzola, Salvagno  (VR)  Villafranca di Verona				0	0	1		248
R	DVV	DVV0558		2017-09-01		Villa Sagramoso, detta Il Castello  (VR)  Zevio				0	0	1		248
R	DVV	DVV0559		2017-09-01		Corte Bevilacqua - Lazise  (VR)  Zevio				0	0	1		248
R	DVV	DVV0560		2017-09-01		Villa Chemin Palma, detta La Maffea  (VR)  Zevio				0	0	1		248
R	DVV	DVV0561		2017-09-01		Corte Rivalunga  (VR)  Zevio-Rivalunga				0	0	1		248
R	DVV	DVV0562		2017-09-01		Villa Smania  (VR)  Zevio				0	0	1		248
R	DVV	DVV0563		2017-09-01		Villa Todeschini  (VR)  Zevio				0	0	1		248
R	DVV	DVV0564		2017-09-01		Palazzo Tiepolo, Polacco (TV)  Vazzola				0	0	1		248
R	DVV	DVV0565		2017-09-01		Villa Revedin, Dal Sasso, Bortoluzzi  (TV)  Oderzo				0	0	1		248
R	DVV	DVV0566		2017-09-01		Palazzo Zandi, Schioppalalba (TV)  Maserada sul Piave				0	0	1		248
R	DVV	DVV0567		2017-09-01		Villa Vitturi, Zuccareda, Falk, Monti  (TV)  Maserada sul Piave				0	0	1		248
R	DVV	DVV0568		2017-09-01		Casa Pampanini  (TV)  San Fior				0	0	1		248
R	DVV	DVV0569		2017-09-01		Villa Correr, Foscari, Widmann, Rezzonico, Felisi (TV)  Salgareda				0	0	1		248
R	DVV	DVV0570		2017-09-01		Villa Girardi, Della Frattina, Zanussi  (TV)  Meduna di Livenza				0	0	1		248
R	DVV	DVV0571		2017-09-01		Casa Carli, Grumatti  (TV)  Orsago				0	0	1		248
R	DVV	DVV0572		2017-09-01		Villa Vicenzotti, Cefis, Fiorin  (TV)  Orsago				0	0	1		248
R	DVV	DVV0573		2017-09-01		Villa Vincenzotti, Michelin, Favretti  (TV)  Orsago				0	0	1		248
R	DVV	DVV0574		2017-09-01		Villa Molmenti, Bersoja, Commellato  (TV)  Motta di Livenza				0	0	1		248
R	DVV	DVV0575		2017-09-01		Villa Cellini, Giustinian, Salice (TV)  Portobuffole'				0	0	1		248
R	DVV	DVV0576		2017-09-01		Villa Tiepolo, Galvani Onigo, Marcello del Majno  (TV)  Fontanelle				0	0	1		248
R	DVV	DVV0577		2017-09-01		Villa Zeno  (TV)  Chiarano				0	0	1		248
R	DVV	DVV0578		2017-09-01		Villa Lippomano, Querini Stampalia, Dall'Armi, Valeri Manera  (TV)  San Vendemiano				0	0	1		248
R	DVV	DVV0579		2017-09-01		Casa Ongaro, Marcon  (TV)  San Fior				0	0	1		248
R	DVV	DVV0580		2017-09-01		Villa Emo Capodilista, Melchiorri, Mattioli  (TV)  Cessalto				0	0	1		248
R	DVV	DVV0581		2017-09-01		Villa Priuli, De Chastonay, Da Re  (TV)  Orsago				0	0	1		248
R	DVV	DVV0582		2017-09-01		Casa Basso  (TV)  Orsago				0	0	1		248
R	DVV	DVV0583		2017-09-01		Villa Del Bello  (TV)  Gorgo al Monticano				0	0	1		248
R	DVV	DVV0584		2017-09-01		Villa Rota, Brandolini d'Adda, Casanova, Zanussi ora Pavan (TV)  Cordignano				0	0	1		248
R	DVV	DVV0585		2017-09-01		Villa Tiepolo, Galvagna, Lorenzon, Giol  (TV)  Fontanelle				0	0	1		248
R	DVV	DVV0586		2017-09-01		Villa Orsini  (VE)  Scorze'				0	0	1		248
R	DVV	DVV0587		2017-09-01		Casa canonica di Cappelletta  (VE)  Noale				0	0	1		248
R	DVV	DVV0588		2017-09-01		Villa Sullam  (VE)  Spinea				0	0	1		248
R	DVV	DVV0589		2017-09-01		Villa Bellati  (VE)  Spinea-Orgnano				0	0	1		248
R	DVV	DVV0590		2017-09-01		Villa Barzizza, Tessier-Lanza  (VE)  Spinea				0	0	1		248
R	DVV	DVV0591		2017-09-01		Resti di villa Marcon  (VE)  Spinea				0	0	1		248
R	DVV	DVV0592		2017-09-01		Villa Gallino, Gasparini, Pescarollo, Franco, Simion (VE)  Spinea				0	0	1		248
R	DVV	DVV0593		2017-09-01		Villa Morosini, Nalesso  (VE)  Spinea				0	0	1		248
R	DVV	DVV0594		2017-09-01		Villa Bellati  (VE)  Spinea				0	0	1		248
R	DVV	DVV0595		2017-09-01		Villa Priuli, Vianello, Saviane (VE)  Spinea				0	0	1		248
R	DVV	DVV0596		2017-09-01		Villa Benini, Zampieron, Franchi  (VE)  Spinea				0	0	1		248
R	DVV	DVV0597		2017-09-01		Villa Facini Baffo, Decio  (VE)  Spinea				0	0	1		248
R	DVV	DVV0598		2017-09-01		Villa Tozzi  (VE)  Spinea				0	0	1		248
R	DVV	DVV0599		2017-09-01		Villa Rossi (VE)  Noale				0	0	1		248
R	DVV	DVV0600		2017-09-01		Casa Carraro  (VE)  Martellago				0	0	1		248
R	DVV	DVV0601		2017-09-01		Villa Fapanni, Combi  (VE)  Martellago				0	0	1		248
R	DVV	DVV0602		2017-09-01		Villa Priuli, Grimani, Morosini, detta Ca' della Nave  (VE)  Martellago				0	0	1		248
R	DVV	DVV0603		2017-09-01		Villa Farsetti, Selvatico  (VE)  Santa Maria di Sala				0	0	1		248
R	DVV	DVV0604		2017-09-01		Villa Ghedini  (VE)  Santa Maria di Sala				0	0	1		248
R	DVV	DVV0605		2017-09-01		Villa Miani, Coi  (VE)  Santa Maria di Sala				0	0	1		248
R	DVV	DVV0606		2017-09-01		Villa Emo, Bordin (VE)  Santa Maria di Sala				0	0	1		248
R	DVV	DVV0607		2017-09-01		Villa Diedo, Talamini (Asilo infantile) (VE)  Santa Maria di Sala				0	0	1		248
R	DVV	DVV0608		2017-09-01		Villa Barbiero  (VE)  Scorze'				0	0	1		248
R	DVV	DVV0609		2017-09-01		Ca' Bernardo, Morchio, Favaro (VE)  Scorze'				0	0	1		248
R	DVV	DVV0610		2017-09-01		Casa canonica di Pianiga  (VE)  Pianiga				0	0	1		248
R	DVV	DVV0611		2017-09-01		Villa Albarea  (VE)  Pianiga				0	0	1		248
R	DVV	DVV0612		2017-09-01		Villa Viterbi  (VE)  Pianiga				0	0	1		248
R	DVV	DVV0613		2017-09-01		Villa Calzavara - Pinton  (VE)  Pianiga				0	0	1		248
R	DVV	DVV0614		2017-09-01		Villa Gradenigo, Avogadro  (VE)  Pianiga-Cavin Maggiore				0	0	1		248
R	DVV	DVV0615		2017-09-01		Villa Dona' dalle Rose, Romanin, Jacur  (VE)  Salzano				0	0	1		248
R	DVV	DVV0616		2017-09-01		Ca' Contarini  (VE)  Salzano				0	0	1		248
R	DVV	DVV0617		2017-09-01		Villa Combi (Casa canonica di Salzano)  (VE)  Salzano				0	0	1		248
R	DVV	DVV0618		2017-09-01		Ca' Savorgnan, Bortolati  (VE)  Salzano				0	0	1		248
R	DVV	DVV0619		2017-09-01		Casa Aristide, Casal  (TV)  Oderzo				0	0	1		248
R	DVV	DVV0620		2017-09-01		Villa Sugana, Saltore, Caccianiga  (TV)  Maserada sul Piave				0	0	1		248
R	DVV	DVV0621		2017-09-01		Villa Astori (Istituto Suore Santa Dorotea)  (TV)  Maserada sul Piave				0	0	1		248
R	DVV	DVV0622		2017-09-01		Villa Agazzi Lazari, Sailer, Antonello (VE)  Noale				0	0	1		248
R	DVV	DVV0623		2017-09-01		Villa Careggiani, Barin  (VE)  Noale				0	0	1		248
R	DVV	DVV0624		2017-09-01		Villa Gradenigo  (VE)  Noale				0	0	1		248
R	DVV	DVV0625		2017-09-01		Villa Lazari, Masutti, Perin  (VE)  Noale				0	0	1		248
R	DVV	DVV0626		2017-09-01		Villa Prandstraller, Benini  (VE)  Noale				0	0	1		248
R	DVV	DVV0627		2017-09-01		Casa canonica di Scorze' (VE)  Scorze'				0	0	1		248
R	DVV	DVV0628		2017-09-01		Villa Scotti, Spangaro (VE)  Scorze'				0	0	1		248
R	DVV	DVV0629		2017-09-01		Villa Bonaparte, Sbrojavacca (VE)  Scorze'				0	0	1		248
R	DVV	DVV0630		2017-09-01		Ca' Ravagnin, Bonaldi  (VE)  Scorze'				0	0	1		248
R	DVV	DVV0631		2017-09-01		Villa Soranzo, Conestabile della Staffa  (VE)  Scorze'				0	0	1		248
R	DVV	DVV0632		2017-09-01		Villa Morosini del Patriarca, Franco, Zanetti  (VE)  Scorze'				0	0	1		248
R	DVV	DVV0633		2017-09-01		Villa Frattin  (VE)  Scorze'				0	0	1		248
R	DVV	DVV0634		2017-09-01		Villa Dolfin, Fontana, Nascetti, De Ferrari  (VE)  Scorze'				0	0	1		248
R	DVV	DVV0635		2017-09-01		Villa Fanna, detta delle Rose  (TV)  Treviso				0	0	1		248
R	DVV	DVV0636		2017-09-01		Villa Vianello  (TV)  Roncade				0	0	1		248
R	DVV	DVV0637		2017-09-01		Villa Farsetti, Rava' (TV)  Treviso				0	0	1		248
R	DVV	DVV0638		2017-09-01		Casa Bonaventura  (TV)  Mogliano Veneto				0	0	1		248
R	DVV	DVV0639		2017-09-01		Villa Bricito  (TV)  Treviso				0	0	1		248
R	DVV	DVV0640		2017-09-01		Villa Olivi, Persico  (TV)  Villorba				0	0	1		248
R	DVV	DVV0641		2017-09-01		Villa Braida  (TV)  Treviso				0	0	1		248
R	DVV	DVV0642		2017-09-01		Villa Lancenigo, Zucchelli (TV)  Treviso				0	0	1		248
R	DVV	DVV0643		2017-09-01		Villa Coletti, Mattiuzzi  (TV)  Mogliano Veneto				0	0	1		248
R	DVV	DVV0644		2017-09-01		Ca' Sugana, Mariani, Da Mosto  (TV)  San Biagio di Callalta-Bagnon				0	0	1		248
R	DVV	DVV0645		2017-09-01		Villa Spineda, Dal Vesco, Suppiej  (TV)  Breda di Piave				0	0	1		248
R	DVV	DVV0646		2017-09-01		Villa Troubetzkoy, Del Bono  (TV)  Mogliano Veneto-Torni				0	0	1		248
R	DVV	DVV0647		2017-09-01		Villa Stefani, Albrizzi  (TV)  Monastier di Treviso				0	0	1		248
R	DVV	DVV0648		2017-09-01		Villa Gradenigo, Galletti  (TV)  Villorba				0	0	1		248
R	DVV	DVV0649		2017-09-01		Villa Pia, Zevi  (TV)  Monastier di Treviso				0	0	1		248
R	DVV	DVV0650		2017-09-01		Ca' Polverini, Di Canossa  (TV)  Casale sul Sile				0	0	1		248
R	DVV	DVV0651		2017-09-01		Villa Onigo, Calergi Grimani, Avogadro degli Azzoni  (TV)  Silea				0	0	1		248
R	DVV	DVV0652		2017-09-01		Villa Caliari, Bembo, Tonolo  (TV)  Casale sul Sile				0	0	1		248
R	DVV	DVV0653		2017-09-01		Castello di Sariano, Pepoli, Spalletti (RO)  Trecenta				0	0	1		248
R	DVV	DVV0654		2017-09-01		Villa Pepoli, detta Il Palazzon (RO)  Trecenta				0	0	1		248
R	DVV	DVV0655		2017-09-01		Villa Fioravanti, Roveri  (RO)  Calto				0	0	1		248
R	DVV	DVV0656		2017-09-01		Palazzo Dolfin, Gargati (Casa della Divina Provvidenza)  (RO)  Fratta Polesine				0	0	1		248
R	DVV	DVV0657		2017-09-01		Castello Estense, Diedo, De Mula, Treves dei Bonfili  (RO)  Arqua' Polesine				0	0	1		248
R	DVV	DVV0658		2017-09-01		Villa Savonarola, detta Fondo Suore (RO)  Occhiobello				0	0	1		248
R	DVV	DVV0659		2017-09-01		Villa Grassi, Baroni, Duoccio (RO)  Adria-Baricetta				0	0	1		248
R	DVV	DVV0660		2017-09-01		Villa Occari, detta Le Guarine  (RO)  San Bellino				0	0	1		248
R	DVV	DVV0661		2017-09-01		Villa Migliorini, Berveglieri  (RO)  Fiesso Umbertiano				0	0	1		248
R	DVV	DVV0662		2017-09-01		Casino di caccia Estense, Villa Canato - Pasqualini (RO)  Arqua' Polesine				0	0	1		248
R	DVV	DVV0663		2017-09-01		Villa Morosini, Gatterburg, Mantovani, Zerbinati (RO)  Polesella				0	0	1		248
R	DVV	DVV0664		2017-09-01		Ca' Matte, detta Il Crispo  (RO)  Castelmassa				0	0	1		248
R	DVV	DVV0665		2017-09-01		Ca' Marchese, Dal Fiume  (RO)  Arqua' Polesine-Granze				0	0	1		248
R	DVV	DVV0666		2017-09-01		Ca' Moro, Gobbetto  (RO)  San Bellino				0	0	1		248
R	DVV	DVV0667		2017-09-01		Ca' Cornera, Bellettato  (RO)  Fratta Polesine				0	0	1		248
R	DVV	DVV0668		2017-09-01		Villa Colognesi, Bonomi - Colognesi  (RO)  Fiesso Umbertiano				0	0	1		248
R	DVV	DVV0669		2017-09-01		Villa dei Villa, Fanan - Bazzano (RO)  Fratta Polesine				0	0	1		248
R	DVV	DVV0670		2017-09-01		Villa Manfredini, Stampanoni (RO)  Gaiba				0	0	1		248
R	DVV	DVV0671		2017-09-01		Villa Torelli, Sarti (RO)  Arqua' Polesine-Valmolin di Mezzo				0	0	1		248
R	DVV	DVV0672		2017-09-01		Villa Nani Mocenigo, Bertetti  (RO)  Canda				0	0	1		248
R	DVV	DVV0673		2017-09-01		Villa Zen, Avanzo  (RO)  Taglio di Po				0	0	1		248
R	DVV	DVV0674		2017-09-01		Villa Casalini  (RO)  Villadose				0	0	1		248
R	DVV	DVV0675		2017-09-01		Ca' Rosetta, Chiereghin - Veraggio  (RO)  Polesella				0	0	1		248
R	DVV	DVV0676		2017-09-01		Villa Armellini, Gasparetto  (RO)  Rovigo				0	0	1		248
R	DVV	DVV0677		2017-09-01		Villa David, Franchin  (RO)  Fratta Polesine				0	0	1		248
R	DVV	DVV0678		2017-09-01		Villa Lardi, Zangirolami (RO)  Papozze				0	0	1		248
R	DVV	DVV0679		2017-09-01		Villa Selmi, Serafini, detta Il Palazzone  (RO)  Polesella				0	0	1		248
R	DVV	DVV0680		2017-09-01		Ca' Maier, Baldo - Padoan (RO)  Polesella				0	0	1		248
R	DVV	DVV0681		2017-09-01		Villa Grimani-Molin-Bragadin, Guerrin, Avezzu' (RO)  Fratta Polesine				0	0	1		248
R	DVV	DVV0682		2017-09-01		Villa Bolognese, Vallerini (RO)  San Bellino				0	0	1		248
R	DVV	DVV0683		2017-09-01		Villa Badoer, detta La Badoera  (RO)  Fratta Polesine				0	0	1		248
R	DVV	DVV0684		2017-09-01		Villa Schiati, Giglioli (RO)  Ficarolo				0	0	1		248
R	DVV	DVV0685		2017-09-01		Villa Peretti, Zambelli  (RO)  Ceneselli				0	0	1		248
R	DVV	DVV0686		2017-09-01		Villa Camerini, Bertele' (RO)  Stienta				0	0	1		248
R	DVV	DVV0687		2017-09-01		Ca' Nani, Bovolenta  (RO)  Taglio di Po-Ca' Zen				0	0	1		248
R	DVV	DVV0688		2017-09-01		Villa Vianelli  (RO)  Loreo				0	0	1		248
R	DVV	DVV0689		2017-09-01		Rustico Casalini, Suman (RO)  Villadose				0	0	1		248
R	DVV	DVV0690		2017-09-01		Villa Cappellini, detta Bragia o Corte Ca' Paoli (RO)  Rovigo-Boaria Ca' Paoli				0	0	1		248
R	DVV	DVV0691		2017-09-01		Villa Contarini, detta Villa Carrer (RO)  Porto Viro				0	0	1		248
R	DVV	DVV0692		2017-09-01		Villa Patella, detta del Doge (RO)  Villadose				0	0	1		248
R	DVV	DVV0693		2017-09-01		Ca' Tron, Lionello  (RO)  Villadose				0	0	1		248
R	DVV	DVV0694		2017-09-01		Ca' Bernarda, Padoan  (RO)  Pincara				0	0	1		248
R	DVV	DVV0695		2017-09-01		Villa Oroboni, Duo' - Franceschetti - Zerbinato  (RO)  Fratta Polesine				0	0	1		248
R	DVV	DVV0696		2017-09-01		Villa Salvioni, Fracasso  (RO)  Pontecchio Polesine				0	0	1		248
R	DVV	DVV0697		2017-09-01		Villa Morosini, Vendramin Calergi (RO)  Fiesso Umbertiano				0	0	1		248
R	DVV	DVV0698		2017-09-01		Villa Grimani, Borile  (RO)  Pontecchio Polesine				0	0	1		248
R	DVV	DVV0699		2017-09-01		Villa Papadopoli, Mancini, Carovita (RO)  Adria-Smergoncino				0	0	1		248
R	DVV	DVV0700		2017-09-01		Villa Cagnoni Boniotti, detta La Palazzina (RO)  Villamarzana				0	0	1		248
R	DVV	DVV0701		2017-09-01		Villa Emo, Cavallari  (RO)  Adria-Bovina				0	0	1		248
R	DVV	DVV0702		2017-09-01		Villa Cappello, Spisani - Rama - Fantoni Dal Pozzo (RO)  Pontecchio Polesine				0	0	1		248
R	DVV	DVV0703		2017-09-01		Castello Romei, Diani  (RO)  Bergantino				0	0	1		248
R	DVV	DVV0704		2017-09-01		Villa Armellini, detta Casa delle Sette Teste  (RO)  Polesella				0	0	1		248
R	DVV	DVV0705		2017-09-01		Villa Spada, Levorato  (PD)  Vigonza				0	0	1		248
R	DVV	DVV0706		2017-09-01		Villa Arrigoni - Zuccolo  (PD)  Vigonza				0	0	1		248
R	DVV	DVV0707		2017-09-01		Villa Cornaro  (TV)  Treviso				0	0	1		248
R	DVV	DVV0708		2017-09-01		Villa Francesca  (TV)  Mogliano Veneto-Malcanton				0	0	1		248
R	DVV	DVV0709		2017-09-01		Villa Cipollato, Furlanetto, Franchetti, Benvenuti, Paolon (TV)  Mogliano Veneto				0	0	1		248
R	DVV	DVV0710		2017-09-01		Villa Silvano Fenoglio, Giacomelli, Zalla  (TV)  Treviso-Porto di Fiera				0	0	1		248
R	DVV	DVV0711		2017-09-01		Villa Ninni - Carrisi  (TV)  Treviso				0	0	1		248
R	DVV	DVV0712		2017-09-01		Villa Garzotto, Alciati, Zucchelli, Pavan, Boccato-Gigante (TV)  Treviso				0	0	1		248
R	DVV	DVV0713		2017-09-01		Villa Candiani  (TV)  Treviso				0	0	1		248
R	DVV	DVV0714		2017-09-01		Villa Campesan  (TV)  Roncade				0	0	1		248
R	DVV	DVV0715		2017-09-01		Villa Sangiantoffetti, Camovitto, Mantovani Orsetti  (TV)  Casale sul Sile				0	0	1		248
R	DVV	DVV0716		2017-09-01		Villa Bampo-Benaglia, Vecchia, Vazzoler (TV)  Treviso				0	0	1		248
R	DVV	DVV0717		2017-09-01		Villa Bassan  (TV)  Treviso				0	0	1		248
R	DVV	DVV0718		2017-09-01		Casa Fadiga, Zaro  (TV)  Preganziol				0	0	1		248
R	DVV	DVV0719		2017-09-01		Villa Tasso  (TV)  Preganziol				0	0	1		248
R	DVV	DVV0720		2017-09-01		Villa Saccardo, Venturi  (TV)  Treviso				0	0	1		248
R	DVV	DVV0721		2017-09-01		Villa Zeno, detta La Casetta  (TV)  Treviso				0	0	1		248
R	DVV	DVV0722		2017-09-01		Villa Zeno  (TV)  Treviso				0	0	1		248
R	DVV	DVV0723		2017-09-01		Villa Pavan  (TV)  Treviso				0	0	1		248
R	DVV	DVV0724		2017-09-01		Villa Olivi, Conean  (TV)  Treviso				0	0	1		248
R	DVV	DVV0725		2017-09-01		Villa Barbesi, Zane, Elsa, Maria (TV)  Treviso				0	0	1		248
R	DVV	DVV0726		2017-09-01		Villa Carrer  (TV)  Treviso				0	0	1		248
R	DVV	DVV0727		2017-09-01		Villa Monti  (TV)  Carbonera				0	0	1		248
R	DVV	DVV0728		2017-09-01		Villa Pisani, Pigazzi, Marchesi  (TV)  Mogliano Veneto				0	0	1		248
R	DVV	DVV0729		2017-09-01		Villino Allegri  (TV)  Silea				0	0	1		248
R	DVV	DVV0730		2017-09-01		Villa Marchesini, Da Riva, Zen, Giulay, Zuliani (TV)  Mogliano Veneto				0	0	1		248
R	DVV	DVV0731		2017-09-01		Villa Braida, Cutrone, Mastea, Ancillotto  (TV)  Mogliano Veneto				0	0	1		248
R	DVV	DVV0732		2017-09-01		Villa Pace  (TV)  Preganziol				0	0	1		248
R	DVV	DVV0733		2017-09-01		Villa Quaglia alle Stiore  (TV)  Treviso				0	0	1		248
R	DVV	DVV0734		2017-09-01		Villa Della Rovere  (TV)  Treviso				0	0	1		248
R	DVV	DVV0735		2017-09-01		Villa Ceccotto, Perale - Cappeller  (TV)  Treviso				0	0	1		248
R	DVV	DVV0736		2017-09-01		Villa Grosso  (TV)  Roncade				0	0	1		248
R	DVV	DVV0737		2017-09-01		Villa Bonfadini, Gris, Bolzonello  (TV)  Mogliano Veneto				0	0	1		248
R	DVV	DVV0738		2017-09-01		Villa Cattanei  (TV)  San Biagio di Callalta				0	0	1		248
R	DVV	DVV0739		2017-09-01		Villa Arrigoni, Canal, Smith, Vanest, Astori, Gris  (TV)  Mogliano Veneto				0	0	1		248
R	DVV	DVV0740		2017-09-01		Ca' Tommasini  (TV)  Mogliano Veneto				0	0	1		248
R	DVV	DVV0741		2017-09-01		Villa Santonini, Manfrin, detta Margherita (TV)  Treviso				0	0	1		248
R	DVV	DVV0742		2017-09-01		Ca' Riva, Son, Bornia  (TV)  Silea				0	0	1		248
R	DVV	DVV0743		2017-09-01		Villa Spinelli, Corticelli, Zippolani, Orefici, detta Flavia  (TV)  Mogliano Veneto				0	0	1		248
R	DVV	DVV0744		2017-09-01		Villa Tiepolo, Sanudo, Contarini, Padoan, Zennaro  (TV)  Mogliano Veneto				0	0	1		248
R	DVV	DVV0745		2017-09-01		Villa Bon, Priuli - Bon, Buratti, Beltrame, Menegaz  (TV)  Mogliano Veneto				0	0	1		248
R	DVV	DVV0746		2017-09-01		Villa Bressanin, Slocovich, detta La Pioppeta  (TV)  San Biagio di Callalta				0	0	1		248
R	DVV	DVV0747		2017-09-01		Villa Giustiniani, Recanati  (TV)  Monastier di Treviso				0	0	1		248
R	DVV	DVV0748		2017-09-01		Villa Serafini  (TV)  Monastier di Treviso				0	0	1		248
R	DVV	DVV0749		2017-09-01		Villa Botter  (TV)  Monastier di Treviso				0	0	1		248
R	DVV	DVV0750		2017-09-01		Villa Ninni  (TV)  Monastier di Treviso				0	0	1		248
R	DVV	DVV0751		2017-09-01		Villa Santina  (TV)  Carbonera				0	0	1		248
R	DVV	DVV0752		2017-09-01		Resti di villa Da Lezze, detti Il Castello  (TV)  San Biagio di Callalta				0	0	1		248
R	DVV	DVV0753		2017-09-01		Villa Levi  (TV)  Monastier di Treviso				0	0	1		248
R	DVV	DVV0754		2017-09-01		Villa Barbini, detta La Celestia  (TV)  Silea				0	0	1		248
R	DVV	DVV0755		2017-09-01		Villa Tramonti, Ninni  (TV)  Monastier di Treviso				0	0	1		248
R	DVV	DVV0756		2017-09-01		Villa Rubbi, Rinaldi, Paravia, Baldu', Dolfin, Serena (TV)  Ponzano Veneto				0	0	1		248
R	DVV	DVV0757		2017-09-01		Villa Longo, Marchesi  (TV)  Preganziol				0	0	1		248
R	DVV	DVV0758		2017-09-01		Villa Il Palazzon  (TV)  Preganziol				0	0	1		248
R	DVV	DVV0759		2017-09-01		Villa Gradenigo, Pellegrini  (TV)  Carbonera				0	0	1		248
R	DVV	DVV0760		2017-09-01		Casa Campbell, Picciol  (TV)  Ponzano Veneto				0	0	1		248
R	DVV	DVV0761		2017-09-01		Villa Reali, Sugana, Zeno, Antonini, Zen, Grizzi, Dal Fiume  (TV)  Treviso				0	0	1		248
R	DVV	DVV0762		2017-09-01		Villa Gabrielli Marsoni, Corro' (TV)  Treviso				0	0	1		248
R	DVV	DVV0763		2017-09-01		Villa Palazzi - Valier, Taverna  (TV)  Preganziol				0	0	1		248
R	DVV	DVV0764		2017-09-01		Villa Bianchini, Morpurgo, Dal Bo, Brotto  (TV)  Preganziol				0	0	1		248
R	DVV	DVV0765		2017-09-01		Villa Contarini, Spandri, Franchin (TV)  Preganziol				0	0	1		248
R	DVV	DVV0766		2017-09-01		Villa Grassi, Marcello del Majno, detta Ego (TV)  Preganziol				0	0	1		248
R	DVV	DVV0767		2017-09-01		Villa Lin, Andrighetti, Carlotti Zon, Marcello del Majno  (TV)  Preganziol				0	0	1		248
R	DVV	DVV0768		2017-09-01		Villa Pace, Monti  (TV)  Preganziol				0	0	1		248
R	DVV	DVV0769		2017-09-01		Villa Barbaro, Buri  (TV)  Casier				0	0	1		248
R	DVV	DVV0770		2017-09-01		Villa Sagramora  (TV)  Preganziol				0	0	1		248
R	DVV	DVV0771		2017-09-01		Villa Corner, De Blasi  (TV)  Ponzano Veneto				0	0	1		248
R	DVV	DVV0772		2017-09-01		Villa Fontebasso, Galanti, Celotta  (TV)  Villorba				0	0	1		248
R	DVV	DVV0773		2017-09-01		Villa Manolesso Ferro, Levi, Folco - Zambelli, Ferro, Chiozzi, Sorgato (TV)  Ponzano Veneto				0	0	1		248
R	DVV	DVV0774		2017-09-01		Villa La Colombina  (TV)  Preganziol				0	0	1		248
R	DVV	DVV0775		2017-09-01		Villa Brolo Lanza, Molari, Franceschi, Rombo, Morosini, Cecconi, detta Carlotta  (TV)  Casier				0	0	1		248
R	DVV	DVV0776		2017-09-01		Villa Piccini  (TV)  Roncade				0	0	1		248
R	DVV	DVV0777		2017-09-01		Villa Brilli, Mandruzzato, Busatto (TV)  Treviso				0	0	1		248
R	DVV	DVV0778		2017-09-01		Villa Angelica, Perocco  (TV)  Villorba				0	0	1		248
R	DVV	DVV0779		2017-09-01		Casa canonica di Santa Bona  (TV)  Treviso				0	0	1		248
R	DVV	DVV0780		2017-09-01		Villa Maria  (TV)  Ponzano Veneto				0	0	1		248
R	DVV	DVV0781		2017-09-01		Villa Morosini  (TV)  Roncade				0	0	1		248
R	DVV	DVV0782		2017-09-01		Villa Stua, Caotorta  (TV)  Ponzano Veneto				0	0	1		248
R	DVV	DVV0783		2017-09-01		Villa Cicogna (TV)  Ponzano Veneto				0	0	1		248
R	DVV	DVV0784		2017-09-01		Villa Zoppetti, Zambon  (TV)  Villorba				0	0	1		248
R	DVV	DVV0785		2017-09-01		Villa Rinaldi, Vian, Missaglia, Milanese, Gasparini  (TV)  Mogliano Veneto				0	0	1		248
R	DVV	DVV0786		2017-09-01		Villa Ulandi - Florian, Lorenzon  (TV)  Villorba				0	0	1		248
R	DVV	DVV0787		2017-09-01		Villa Condulmer, Grassi - Tornielli, Bonaventura, Monti  (TV)  Mogliano Veneto				0	0	1		248
R	DVV	DVV0788		2017-09-01		Villa Darj (TV)  Roncade				0	0	1		248
R	DVV	DVV0789		2017-09-01		Villa Codognato, Buratti, Coin, Tegon  (TV)  Mogliano Veneto				0	0	1		248
R	DVV	DVV0790		2017-09-01		Villa Filiasi, Epis, Marchiori, Rosada, Chiarle, Gavioli - Savio  (TV)  Mogliano Veneto				0	0	1		248
R	DVV	DVV0791		2017-09-01		Villa Marcello, Arnoldi, Carniato, Bianchi  (TV)  Mogliano Veneto				0	0	1		248
R	DVV	DVV0792		2017-09-01		Villa Vandelli, Tonini, De Lassotovitch  (TV)  Villorba				0	0	1		248
R	DVV	DVV0793		2017-09-01		Villa Caotorta, Marzotto  (TV)  San Biagio di Callalta				0	0	1		248
R	DVV	DVV0794		2017-09-01		Villa Lin, Papadopoli, Bianchi, de Kunkler  (TV)  Mogliano Veneto				0	0	1		248
R	DVV	DVV0795		2017-09-01		Villa Bellato, Gosetti, Zanetti (TV)  Ponzano Veneto				0	0	1		248
R	DVV	DVV0796		2017-09-01		Villa Barbarigo, Selvatico  (TV)  Roncade				0	0	1		248
R	DVV	DVV0797		2017-09-01		Villa Barbaro, Negri Zampieri, Dall'Aglio, Sardi, Pattaro, Padoan  (TV)  Casale sul Sile				0	0	1		248
R	DVV	DVV0798		2017-09-01		Villa Barbaro, Luccich, Bourbon del Monte, Ricci  (TV)  Ponzano Veneto				0	0	1		248
R	DVV	DVV0799		2017-09-01		Villa Van Axel, Marchi, Alberti, Gastaldo  (TV)  Ponzano Veneto				0	0	1		248
R	DVV	DVV0800		2017-09-01		Villa Collalto, Selvatico, Tonon  (TV)  Roncade				0	0	1		248
R	DVV	DVV0801		2017-09-01		Villa Mazzola', Negrelli  (TV)  Breda di Piave				0	0	1		248
R	DVV	DVV0802		2017-09-01		Casa canonica di Silea  (TV)  Silea				0	0	1		248
R	DVV	DVV0803		2017-09-01		Villa Maffetti, Scarpa, Nicoletti (TV)  Treviso				0	0	1		248
R	DVV	DVV0804		2017-09-01		Villa Olivi  (TV)  Breda di Piave				0	0	1		248
R	DVV	DVV0805		2017-09-01		Villa Angarani delle Stelle, Gregory  (TV)  Villorba				0	0	1		248
R	DVV	DVV0806		2017-09-01		Villa Francesconi (TV)  Mogliano Veneto				0	0	1		248
R	DVV	DVV0807		2017-09-01		Villa Persico, Guarnieri (TV)  Ponzano Veneto				0	0	1		248
R	DVV	DVV0808		2017-09-01		Villa Miollo, Franchin (TV)  Silea				0	0	1		248
R	DVV	DVV0809		2017-09-01		Villa Del Bene, Ferrari  (VR)  Dolce'				0	0	1		248
R	DVV	DVV0810		2017-09-01		Villa Ruzzenenti, Fasanotto  (VR)  Dolce'				0	0	1		248
R	DVV	DVV0811		2017-09-01		Palazzo Salgari, detto dei Mulini (VR)  Dolce'				0	0	1		248
R	DVV	DVV0812		2017-09-01		Villa Rizzardi, Guerrieri  (VR)  Dolce'				0	0	1		248
R	DVV	DVV0813		2017-09-01		Villa Nichesola, Mocenigo  (VR)  Sant'Ambrogio di Valpolicella-Ponton				0	0	1		248
R	DVV	DVV0814		2017-09-01		Villa Brenzoni, Bassani  (VR)  Sant'Ambrogio di Valpolicella				0	0	1		248
R	DVV	DVV0815		2017-09-01		Villa Serego Alighieri  (VR)  Sant'Ambrogio di Valpolicella				0	0	1		248
R	DVV	DVV0816		2017-09-01		Villa Porta , Rizzini  (VR)  Marano di Valpolicella				0	0	1		248
R	DVV	DVV0817		2017-09-01		Villa Graziani, Tobelle  (VR)  Marano di Valpolicella				0	0	1		248
R	DVV	DVV0818		2017-09-01		Villa Raisa Rimini, Rigo, Girelli Vecchioni  (VR)  Marano di Valpolicella-Maregnago				0	0	1		248
R	DVV	DVV0819		2017-09-01		Villa Segala, detta Il Castello  (VR)  Marano di Valpolicella-Castel				0	0	1		248
R	DVV	DVV0820		2017-09-01		Villa Lorenzi, Buella, Benati  (VR)  Marano di Valpolicella				0	0	1		248
R	DVV	DVV0821		2017-09-01		Villa Soardi, Campagnola  (VR)  Marano di Valpolicella				0	0	1		248
R	DVV	DVV0822		2017-09-01		Villa Guantieri, detta La Fasanara  (VR)  Marano di Valpolicella				0	0	1		248
R	DVV	DVV0823		2017-09-01		Villa Nuvoloni  (VR)  Marano di Valpolicella				0	0	1		248
R	DVV	DVV0824		2017-09-01		Villa Soardi  (VR)  Marano di Valpolicella				0	0	1		248
R	DVV	DVV0825		2017-09-01		Villa Selle  (VR)  Fumane				0	0	1		248
R	DVV	DVV0826		2017-09-01		Villa Ravignani, Bajetta Antonietti  (VR)  Fumane				0	0	1		248
R	DVV	DVV0827		2017-09-01		Villa Della Torre Allegrini (VR)  Fumane				0	0	1		248
R	DVV	DVV0828		2017-09-01		Villa Rossi  (VR)  Negrar				0	0	1		248
R	DVV	DVV0829		2017-09-01		Villa Albertini, Zenatelli  (VR)  Negrar				0	0	1		248
R	DVV	DVV0830		2017-09-01		Villa Noris, Gambaro, detta La Sorte  (VR)  Negrar				0	0	1		248
R	DVV	DVV0831		2017-09-01		Villa Salvaterra  (VR)  Negrar				0	0	1		248
R	DVV	DVV0832		2017-09-01		Villa Turco, Zamboni  (VR)  Negrar				0	0	1		248
R	DVV	DVV0833		2017-09-01		Villa Bertoldi, Stefani, detta Il Palazzo  (VR)  Negrar				0	0	1		248
R	DVV	DVV0834		2017-09-01		Villa Turco, Sparavieri Verita', Carrega - Serego Alighieri  (VR)  Negrar				0	0	1		248
R	DVV	DVV0835		2017-09-01		Villa Rovereti, Rizzardi Loredan  (VR)  Negrar				0	0	1		248
R	DVV	DVV0836		2017-09-01		Villa Mosconi, Bertani  (VR)  Negrar				0	0	1		248
R	DVV	DVV0837		2017-09-01		Villa Noris, Campagna, Sartori (VR)  Negrar				0	0	1		248
R	DVV	DVV0838		2017-09-01		Villa Rizzardi  (VR)  Negrar				0	0	1		248
R	DVV	DVV0839		2017-09-01		Villa Dall'Abaco, Trevisani, Fedrigoni  (VR)  Negrar				0	0	1		248
R	DVV	DVV0840		2017-09-01		Villa Quintarelli, Ruffo  (VR)  Negrar-Villa				0	0	1		248
R	DVV	DVV0841		2017-09-01		Villa Messedaglia, Da Sacco  (VR)  Negrar				0	0	1		248
R	DVV	DVV0842		2017-09-01		Villa Roverti  (VR)  Negrar				0	0	1		248
R	DVV	DVV0843		2017-09-01		Ca' Poli  (VI)  Schiavon				0	0	1		248
R	DVV	DVV0844		2017-09-01		Casa Quintarelli  (VR)  Negrar				0	0	1		248
R	DVV	DVV0845		2017-09-01		Villa Bon  (VR)  Negrar				0	0	1		248
R	DVV	DVV0846		2017-09-01		Villa Gazzola  (VR)  Negrar				0	0	1		248
R	DVV	DVV0847		2017-09-01		Villa Lorenzi, Banda, Roberti  (VR)  San Pietro in Cariano				0	0	1		248
R	DVV	DVV0848		2017-09-01		Villa Serego, Alighieri  (VR)  San Pietro in Cariano				0	0	1		248
R	DVV	DVV0849		2017-09-01		Villa Bolla  (VR)  San Pietro in Cariano				0	0	1		248
R	DVV	DVV0850		2017-09-01		Villa Galli Righi, detta Il Drago  (VR)  San Pietro in Cariano-Monte Drago				0	0	1		248
R	DVV	DVV0851		2017-09-01		Villa Sagramoso Sacchetti  (VR)  San Pietro in Cariano				0	0	1		248
R	DVV	DVV0852		2017-09-01		Villa Cesari  (VR)  San Pietro in Cariano				0	0	1		248
R	DVV	DVV0853		2017-09-01		Villa Saibante, Monga  (VR)  San Pietro in Cariano				0	0	1		248
R	DVV	DVV0854		2017-09-01		Villa Pulle, Monga, Galtarossa  (VR)  San Pietro in Cariano				0	0	1		248
R	DVV	DVV0855		2017-09-01		Villa Girardi  (VR)  San Pietro in Cariano				0	0	1		248
R	DVV	DVV0856		2017-09-01		Villa Ottolini, Franco, Lebrecht  (VR)  San Pietro in Cariano				0	0	1		248
R	DVV	DVV0857		2017-09-01		Villa De Besi, Danese, Maggiore  (VR)  San Pietro in Cariano				0	0	1		248
R	DVV	DVV0858		2017-09-01		Villa Saibante, Toffalori  (VR)  San Pietro in Cariano				0	0	1		248
R	DVV	DVV0859		2017-09-01		Villa Paladon, Ratti Gelmi  (VR)  San Pietro in Cariano-Paladon				0	0	1		248
R	DVV	DVV0860		2017-09-01		Villa Fumanelli  (VR)  San Pietro in Cariano				0	0	1		248
R	DVV	DVV0861		2017-09-01		Villa Acquistapace, Castellani, detta La Serenella  (VR)  San Pietro in Cariano				0	0	1		248
R	DVV	DVV0862		2017-09-01		Villa Betteloni, detta San Giusto  (VR)  San Pietro in Cariano				0	0	1		248
R	DVV	DVV0863		2017-09-01		Casa Fornaser  (VR)  San Pietro in Cariano				0	0	1		248
R	DVV	DVV0864		2017-09-01		Villa Buri, Avanzi, Forapan, Merlini  (VR)  San Pietro in Cariano				0	0	1		248
R	DVV	DVV0865		2017-09-01		Villa Segala, Orlandi  (VR)  San Pietro in Cariano-Semonte				0	0	1		248
R	DVV	DVV0866		2017-09-01		Villa Banda, Amista' (VR)  San Pietro in Cariano				0	0	1		248
R	DVV	DVV0867		2017-09-01		Casa Prumea  (VR)  Sant'Ambrogio di Valpolicella				0	0	1		248
R	DVV	DVV0868		2017-09-01		Villa Arrighi  (VR)  Verona				0	0	1		248
R	DVV	DVV0869		2017-09-01		Villa Menegazzi, Sparavieri, Macola, Dalla Rosa  (VR)  Sona				0	0	1		248
R	DVV	DVV0870		2017-09-01		Villa Berzacola, Scattolini, detta Belvedere (VR)  Sona				0	0	1		248
R	DVV	DVV0871		2017-09-01		Villa Sparici Landini, Angheben, detta dei Cipressi  (VR)  Sona				0	0	1		248
R	DVV	DVV0872		2017-09-01		Villa Rizzardi, detta Santo Spirito  (VR)  Zevio				0	0	1		248
R	DVV	DVV0873		2017-09-01		Villa Da Lisca  (VR)  Zevio				0	0	1		248
R	DVV	DVV0874		2017-09-01		Ca' Bianca, Dal Maso  (VR)  Villafranca di Verona				0	0	1		248
R	DVV	DVV0875		2017-09-01		Corte Borghetti  (VR)  San Giovanni Lupatoto-Sorio				0	0	1		248
R	DVV	DVV0876		2017-09-01		Villa Miniscalchi, Giuliari, Angelini  (VR)  Palu'				0	0	1		248
R	DVV	DVV0877		2017-09-01		Villa Guastaverza, Benciolini  (VR)  Oppeano				0	0	1		248
R	DVV	DVV0878		2017-09-01		Corte Farfusola, Bevilacqua, Faccini, Roi, Bedoni, detta Ca' del Ferro  (VR)  Oppeano				0	0	1		248
R	DVV	DVV0879		2017-09-01		Corte Bongiovanni, Mocenigo, Weill Weiss, Pasti, detta Bragagnani  (VR)  Oppeano-Ca' degli Oppi				0	0	1		248
R	DVV	DVV0880		2017-09-01		Villa Sartori, Carli, Cagnoli, Consolo, detta La Montara  (VR)  Oppeano				0	0	1		248
R	DVV	DVV0881		2017-09-01		Ca' del Bue  (VR)  Verona				0	0	1		248
R	DVV	DVV0882		2017-09-01		Villa Della Torre, Spolverini, Morando de' Rizzoni (Istituto Sorelle della Misericordia)  (VR)  Verona				0	0	1		248
R	DVV	DVV0883		2017-09-01		Villa Piatti, De Vecchi  (VR)  Verona				0	0	1		248
R	DVV	DVV0884		2017-09-01		Villa Gazola, Pellegrini - Salvi, Ambrosetti, detta Il Serbaro (VR)  Grezzana				0	0	1		248
R	DVV	DVV0885		2017-09-01		Villa Bisoffi  (VR)  Verona				0	0	1		248
R	DVV	DVV0886		2017-09-01		Villa Giusti, Bianchini  (VR)  Verona				0	0	1		248
R	DVV	DVV0887		2017-09-01		Villa Balestra  (VR)  Verona				0	0	1		248
R	DVV	DVV0888		2017-09-01		Villa Murari della Corte Bra  (VR)  Verona				0	0	1		248
R	DVV	DVV0889		2017-09-01		Villa Beretta  (VR)  Verona				0	0	1		248
R	DVV	DVV0890		2017-09-01		Villa Rensi, Dal Colle  (VR)  Lavagno				0	0	1		248
R	DVV	DVV0891		2017-09-01		Villa Gelmi, Gozzi  (VR)  Lavagno				0	0	1		248
R	DVV	DVV0892		2017-09-01		Villa Bottagisio  (VR)  Verona				0	0	1		248
R	DVV	DVV0893		2017-09-01		Villa Arvedi (Casa di Riposo)  (VR)  Verona				0	0	1		248
R	DVV	DVV0894		2017-09-01		Villa Giuliari, Liorsi, Erbice  (VR)  Mezzane di Sotto				0	0	1		248
R	DVV	DVV0895		2017-09-01		Villa Roja, Schiavoni (VR)  Mezzane di Sotto-Malavicina				0	0	1		248
R	DVV	DVV0896		2017-09-01		Villa Portalupi  (VR)  Colognola ai Colli				0	0	1		248
R	DVV	DVV0897		2017-09-01		Villa Zoppi, Milani  (VR)  Colognola ai Colli				0	0	1		248
R	DVV	DVV0898		2017-09-01		Villa Moscardo, Dal Bosco  (VR)  Colognola ai Colli-Tomba				0	0	1		248
R	DVV	DVV0899		2017-09-01		Villa Pompei, Aldegheri  (VR)  Illasi				0	0	1		248
R	DVV	DVV0900		2017-09-01		Villa Canestrari, Franchi  (VR)  Illasi				0	0	1		248
R	DVV	DVV0901		2017-09-01		Villa Gallizioli  (VR)  Illasi				0	0	1		248
R	DVV	DVV0902		2017-09-01		Villa Bonuzzi  (VR)  Illasi				0	0	1		248
R	DVV	DVV0903		2017-09-01		Villa Conti - Migliorini, detta La Soriana  (VR)  Verona				0	0	1		248
R	DVV	DVV0904		2017-09-01		Villa Da Lisca  (VR)  Lavagno				0	0	1		248
R	DVV	DVV0905		2017-09-01		Villa Serenelli  (VR)  Verona-Castiglione				0	0	1		248
R	DVV	DVV0906		2017-09-01		Villa Della Torre, Liorsi, Stegagno, Cordioli  (VR)  Mezzane di Sotto				0	0	1		248
R	DVV	DVV0907		2017-09-01		Villa D'Acquarone, detta La Musella  (VR)  San Martino Buon Albergo				0	0	1		248
R	DVV	DVV0908		2017-09-01		Villa Giusti del Giardino, Griggio, Melloni, detta Ca' Vendri  (VR)  Verona				0	0	1		248
R	DVV	DVV0909		2017-09-01		Villa Buri, Spolverini, Bernini Buri  (VR)  Verona				0	0	1		248
R	DVV	DVV0910		2017-09-01		Villa Ottini, Bernasconi, Tomba, Alessandri, Zorzi, detta Il Monastero  (VR)  Verona				0	0	1		248
R	DVV	DVV0911		2017-09-01		Villa Marioni, Pulle' (VR)  Verona				0	0	1		248
R	DVV	DVV0912		2017-09-01		Palazzo Rizzoni, Vanni, detta Castello  (VR)  Verona				0	0	1		248
R	DVV	DVV0913		2017-09-01		Villa Bonani, detta Villa Erminia (VR)  Verona				0	0	1		248
R	DVV	DVV0914		2017-09-01		Villa Seghetti, Bianchi, detta Amina  (VR)  Verona				0	0	1		248
R	DVV	DVV0915		2017-09-01		Villa Rotari, Cartolari  (VR)  Verona				0	0	1		248
R	DVV	DVV0916		2017-09-01		Villa Brizio, Borghetti, Catolari, detta La Bertacchina  (VR)  Verona				0	0	1		248
R	DVV	DVV0917		2017-09-01		Villa Bottico  (VR)  Verona				0	0	1		248
R	DVV	DVV0918		2017-09-01		Colombara Barbesi, Dal Bon  (VR)  Verona				0	0	1		248
R	DVV	DVV0919		2017-09-01		Villa Gonzati, Zenere  (VI)  Cornedo Vicentino				0	0	1		248
R	DVV	DVV0920		2017-09-01		Villa Trissino  (VI)  Cornedo Vicentino				0	0	1		248
R	DVV	DVV0921		2017-09-01		Villa Velo, Lampertico, Valmarana, Ciscato  (VI)  Velo d'Astico-Seghe di Velo d'Astico				0	0	1		248
R	DVV	DVV0922		2017-09-01		Villa Velo, Zabeo  (VI)  Velo d'Astico				0	0	1		248
R	DVV	DVV0923		2017-09-01		Villa Godi, Porto, Piovene, Valmarana, Malinverni  (VI)  Lugo di Vicenza				0	0	1		248
R	DVV	DVV0924		2017-09-01		Villa De Leuco, Piovene, Dalla Costa, Andrighetto, Capozzo (VI)  Lugo di Vicenza				0	0	1		248
R	DVV	DVV0925		2017-09-01		Ca' Cogo  (VI)  Schiavon				0	0	1		248
R	DVV	DVV0926		2017-09-01		Villa Chiericati, Cabianca, Mugna, Tamaro, Lambert, Showa Academia Musicae-Tosei Gakuen (VI)  Schiavon				0	0	1		248
R	DVV	DVV0927		2017-09-01		Villa Palazzi, Basso, Cuman  (VI)  Schiavon				0	0	1		248
R	DVV	DVV0928		2017-09-01		Villa Scroffa, Cogo, Negri, Arrigoni, Zilio, Feriani (VI)  Schiavon				0	0	1		248
R	DVV	DVV0929		2017-09-01		Villa Scanagatta, Mascarello-Vigolo, detta Palazzon (VI)  Schiavon				0	0	1		248
R	DVV	DVV0930		2017-09-01		Casa Zilio, detta Casa Rossa (VI)  Tezze sul Brenta				0	0	1		248
R	DVV	DVV0931		2017-09-01		Villa Dalla Riva, Albertoni (VI)  Tezze sul Brenta				0	0	1		248
R	DVV	DVV0932		2017-09-01		Villa Dolce, Comello, Rippa-Bonati, Marchiorello, detta Ca' Dolce (VI)  Tezze sul Brenta				0	0	1		248
R	DVV	DVV0933		2017-09-01		Villa Beregan, Cibele, Clementi, Cunico, detta Ca' Beregane  (VI)  Thiene				0	0	1		248
R	DVV	DVV0934		2017-09-01		Villa De Bertoldi, Zornitta (BL)  Belluno-Pedecastello				0	0	1		248
R	DVV	DVV0935		2017-09-01		Villa Coraulo, Ricci, Angelini  (BL)  Belluno				0	0	1		248
R	DVV	DVV0936		2017-09-01		Villa Berettini, Castrodardo  (BL)  Belluno-Vallina di Castion				0	0	1		248
R	DVV	DVV0937		2017-09-01		Villa Buzzati Traverso  (BL)  Belluno				0	0	1		248
R	DVV	DVV0938		2017-09-01		Villa Miari Fulcis  (BL)  Belluno				0	0	1		248
R	DVV	DVV0939		2017-09-01		Villa Doglioni, Alpago, Tomasella (BL)  Belluno				0	0	1		248
R	DVV	DVV0940		2017-09-01		Villa De Bertoldi, Cattani  (BL)  Belluno -Pedecastello				0	0	1		248
R	DVV	DVV0941		2017-09-01		Villa Doglioni, Campanaro, Beltramini, Viel  (BL)  Belluno-Anconetta				0	0	1		248
R	DVV	DVV0942		2017-09-01		Villa Rudio, Sammartini Lopez y Rojo  (BL)  Belluno				0	0	1		248
R	DVV	DVV0943		2017-09-01		Villa Migrelli, Cappellari, Caldart  (BL)  Belluno-Col del Vin				0	0	1		248
R	DVV	DVV0944		2017-09-01		Villa Marzer, Battaglia, Spada (TV)  Refrontolo				0	0	1		248
R	DVV	DVV0945		2017-09-01		Palazzo Agosti, Sartor, Boldrin, De Stefani (TV)  San Pietro di Feletto				0	0	1		248
R	DVV	DVV0946		2017-09-01		Villa Montalban, Ghetti (TV)  Conegliano				0	0	1		248
R	DVV	DVV0947		2017-09-01		Villa Soldera (TV)  Conegliano				0	0	1		248
R	DVV	DVV0948		2017-09-01		Casa Da Re (TV)  Sarmede				0	0	1		248
R	DVV	DVV0949		2017-09-01		Ca' Coletti, Careni, Lucchetti - Stiz (TV)  San Pietro di Feletto				0	0	1		248
R	DVV	DVV0950		2017-09-01		Villa Canal, Astori, detta dei Camaldolesi (TV)  San Pietro di Feletto				0	0	1		248
R	DVV	DVV0951		2017-09-01		Casa canonica di Cappella Maggiore (TV)  Cappella Maggiore				0	0	1		248
R	DVV	DVV0952		2017-09-01		Villa Nardari (TV)  Vittorio Veneto				0	0	1		248
R	DVV	DVV0953		2017-09-01		Villa Pradal Vascellari (TV)  San Pietro di Feletto				0	0	1		248
R	DVV	DVV0954		2017-09-01		Villa Posocco (TV)  Vittorio Veneto				0	0	1		248
R	DVV	DVV0955		2017-09-01		Villa Capretta, Uberti, Orlandi, Colles - Lorenzon (TV)  Refrontolo				0	0	1		248
R	DVV	DVV0956		2017-09-01		Villa De Nadai (TV)  Colle Umberto				0	0	1		248
R	DVV	DVV0957		2017-09-01		Casa canonica di Lago (TV)  Revine Lago				0	0	1		248
R	DVV	DVV0958		2017-09-01		Villa Lombardo, Pignolati, Saladini de Moreschi, detta Cordevigo (VR)  Cavaion Veronese				0	0	1		248
R	DVV	DVV0959		2017-09-01		Villa Ravignani Ruggeri  (VR)  Cavaion Veronese				0	0	1		248
R	DVV	DVV0960		2017-09-01		Villa Carlotti, Canossa  (VR)  Garda				0	0	1		248
R	DVV	DVV0961		2017-09-01		Villa Albertini  (VR)  Garda				0	0	1		248
R	DVV	DVV0962		2017-09-01		Villa Spinola  (VR)  Bussolengo				0	0	1		248
R	DVV	DVV0963		2017-09-01		Villa Brenzoni, Guarienti  (VR)  Garda				0	0	1		248
R	DVV	DVV0964		2017-09-01		Villa Da Persico, Poggi  (VR)  Affi				0	0	1		248
R	DVV	DVV0965		2017-09-01		Villa Giusti, Benati  (VR)  Bussolengo				0	0	1		248
R	DVV	DVV0966		2017-09-01		Villa Elena da Persico  (VR)  Affi				0	0	1		248
R	DVV	DVV0967		2017-09-01		Villa Fracastoro  (VR)  Affi				0	0	1		248
R	DVV	DVV0968		2017-09-01		Villa Sant'Andrea  (VR)  Affi				0	0	1		248
R	DVV	DVV0969		2017-09-01		Villa Mosconi, Weill Weiss, Tecchio Azignano, detta La Mirandola  (VR)  Pescantina				0	0	1		248
R	DVV	DVV0970		2017-09-01		Villa Sparavieri  (VR)  Pescantina				0	0	1		248
R	DVV	DVV0971		2017-09-01		Villa Albertini, Da Sacco, Bottura, detta Giulia  (VR)  Pescantina				0	0	1		248
R	DVV	DVV0972		2017-09-01		Villa Cavazzocca, Mazzanti, Comencini, Zanetti detta Cariola (VR)  Caprino Veronese				0	0	1		248
R	DVV	DVV0973		2017-09-01		Palazzo Malaspina Nichesola, Noris, Rigo (VR)  Caprino Veronese				0	0	1		248
R	DVV	DVV0974		2017-09-01		Villa Nichesola, Aldrighetti, Ferrario - Toffoli, detta dei Tre Camini  (VR)  Caprino Veronese				0	0	1		248
R	DVV	DVV0975		2017-09-01		Villa Boldieri, Trentini, Biasi - Sometti  (VR)  Caprino Veronese-Pesina				0	0	1		248
R	DVV	DVV0976		2017-09-01		Villa Nichesola, Sometti  (VR)  Caprino Veronese				0	0	1		248
R	DVV	DVV0977		2017-09-01		Villa Nichelosa, Camis  (VR)  Caprino Veronese				0	0	1		248
R	DVV	DVV0978		2017-09-01		Villa Bevilacqua  (VR)  Caprino Veronese				0	0	1		248
R	DVV	DVV0979		2017-09-01		Villa Ferrario  (VR)  Costermano				0	0	1		248
R	DVV	DVV0980		2017-09-01		Villa Becelli, Bertoli, Maffei, Borin  (VR)  Rivoli Veronese				0	0	1		248
R	DVV	DVV0981		2017-09-01		Villa Becelli, Poggi  (VR)  Rivoli Veronese				0	0	1		248
R	DVV	DVV0982		2017-09-01		Villa Frinzi, Trabucchi, detta Torre Rossa  (VR)  Cavaion Veronese				0	0	1		248
R	DVV	DVV0983		2017-09-01		Villa Da Persico, Marzan  (VR)  Bardolino-Cisano				0	0	1		248
R	DVV	DVV0984		2017-09-01		Villa Bettelini  (VR)  Bardolino				0	0	1		248
R	DVV	DVV0985		2017-09-01		Villa Ferrari  (VR)  Bardolino-Cisano				0	0	1		248
R	DVV	DVV0986		2017-09-01		Villa Bottagisio Carrara  (VR)  Bardolino				0	0	1		248
R	DVV	DVV0987		2017-09-01		Villa Guerrieri Rizzardi, Loredan  (VR)  Bardolino				0	0	1		248
R	DVV	DVV0988		2017-09-01		Villa Mosconi, Negri, detta Il Saletto  (VR)  Castelnuovo del Garda				0	0	1		248
R	DVV	DVV0989		2017-09-01		Villa Ridolfi Cossali, Sella  (VR)  Castelnuovo del Garda				0	0	1		248
R	DVV	DVV0990		2017-09-01		Villa Da Monte, Arvedi d'Emilei  (VR)  Castelnuovo del Garda				0	0	1		248
R	DVV	DVV0991		2017-09-01		Villa Albertini, detta Paradiso  (VR)  Peschiera del Garda				0	0	1		248
R	DVV	DVV0992		2017-09-01		Villa Carlotti (VR)  Caprino Veronese				0	0	1		248
R	DVV	DVV0993		2017-09-01		Villa Nichesola, Zambellini, Coltri - Olivieri  (VR)  Caprino Veronese				0	0	1		248
R	DVV	DVV0994		2017-09-01		Villa Negrelli  (VR)  Caprino Veronese				0	0	1		248
R	DVV	DVV0995		2017-09-01		Villa Bagatta, Zuccalmaglio, Zanetti  (VR)  Caprino Veronese				0	0	1		248
R	DVV	DVV0996		2017-09-01		Villa Nogarola, Abrile  (VR)  Caprino Veronese				0	0	1		248
R	DVV	DVV0997		2017-09-01		Villa Colpani, Fratta, Beccherle, Sandri  (VR)  Caprino Veronese				0	0	1		248
R	DVV	DVV0998		2017-09-01		Villa Quaranta, De Vecchi  (VR)  Pescantina				0	0	1		248
R	DVV	DVV0999		2017-09-01		Villa Pellegrini Cipolla (VR)  Costermano-Castion				0	0	1		248
R	DVV	DVV1000		2017-09-01		Villa Torri, Giuliari, Albar� (VR)  Costermano				0	0	1		248
R	DVV	DVV1001		2017-09-01		Villa Danieli, Marcato, detta Ca' del Diaol (VR)  Costermano-Ca' del Diaol				0	0	1		248
R	DVV	DVV1002		2017-09-01		Villa Becelli, Rizzardi  (VR)  Costermano				0	0	1		248
R	DVV	DVV1003		2017-09-01		Villa Tivaroni - Zanini, Brambullo (TV)  Villorba				0	0	1		248
R	DVV	DVV1004		2017-09-01		Villa Venturali, Fanna (TV)  Villorba-Venturali				0	0	1		248
R	DVV	DVV1005		2017-09-01		Villa Renzi - Tessari  (VR)  Negrar				0	0	1		248
R	DVV	DVV1006		2017-09-01		Villa Vendrame  (VE)  Meolo				0	0	1		248
R	DVV	DVV1007		2017-09-01		Villa Priuli  (VE)  Meolo				0	0	1		248
R	DVV	DVV1008		2017-09-01		Villa De Marchi Nardari  (VE)  Meolo				0	0	1		248
R	DVV	DVV1009		2017-09-01		Villa Bacchini - Canossa  (VE)  Quarto d'Altino				0	0	1		248
R	DVV	DVV1010		2017-09-01		Palazzetto settecentesco (VE)  Quarto d'Altino				0	0	1		248
R	DVV	DVV1011		2017-09-01		Villa De Reali  (VE)  Quarto d'Altino				0	0	1		248
R	DVV	DVV1012		2017-09-01		Villa Foscolo  (VE)  Quarto d'Altino				0	0	1		248
R	DVV	DVV1013		2017-09-01		Casa canonica di Ceggia  (VE)  Ceggia				0	0	1		248
R	DVV	DVV1014		2017-09-01		Villa Zanazzo  (VE)  Ceggia				0	0	1		248
R	DVV	DVV1015		2017-09-01		Villa Ramon  (VE)  Ceggia				0	0	1		248
R	DVV	DVV1016		2017-09-01		Villa Ferrari - Perazza  (VE)  Ceggia				0	0	1		248
R	DVV	DVV1017		2017-09-01		Villa Carnielli  (VE)  Ceggia				0	0	1		248
R	DVV	DVV1018		2017-09-01		Villa Marcello Loredan  (VE)  Ceggia				0	0	1		248
R	DVV	DVV1019		2017-09-01		Villa Bragadin  (VE)  Ceggia				0	0	1		248
R	DVV	DVV1020		2017-09-01		Villa Ca' Zorzi  (VE)  Noventa di Piave				0	0	1		248
R	DVV	DVV1021		2017-09-01		Villa Pauletta  (VE)  Marcon				0	0	1		248
R	DVV	DVV1022		2017-09-01		Barchessa di villa Astori, Ortolan  (VE)  Marcon				0	0	1		248
R	DVV	DVV1023		2017-09-01		Villa Piovesan - Zanin  (VE)  Meolo				0	0	1		248
R	DVV	DVV1024		2017-09-01		Palazzo Cappello  (VE)  Meolo				0	0	1		248
R	DVV	DVV1025		2017-09-01		Villa Cappello, Corner, Franzini, Santin (VE)  Meolo				0	0	1		248
R	DVV	DVV1026		2017-09-01		Villa Bilanovic  (VE)  Meolo				0	0	1		248
R	DVV	DVV1027		2017-09-01		Ca' Corner, Folco, Dreina (VE)  Meolo				0	0	1		248
R	DVV	DVV1028		2017-09-01		Ca' Corner, Padovan  (VE)  Meolo				0	0	1		248
R	DVV	DVV1029		2017-09-01		Palazzo Del Maschio  (VE)  Meolo				0	0	1		248
R	DVV	DVV1030		2017-09-01		Palazzo Malipiero, Marini  (VE)  Meolo				0	0	1		248
R	DVV	DVV1031		2017-09-01		Villa De Marchi, Vio  (VE)  Meolo				0	0	1		248
R	DVV	DVV1032		2017-09-01		Villa Cagnato  (VE)  Meolo				0	0	1		248
R	DVV	DVV1033		2017-09-01		Villa Fascinato  (VR)  Terrazzo				0	0	1		248
R	DVV	DVV1034		2017-09-01		Villa Ferro, Candio  (VR)  Roveredo di Gua'				0	0	1		248
R	DVV	DVV1035		2017-09-01		Ca' Nogarola  (VR)  Terrazzo				0	0	1		248
R	DVV	DVV1036		2017-09-01		Villa Gritti, Camuzzoni, Conforti  (VR)  San Bonifacio				0	0	1		248
R	DVV	DVV1037		2017-09-01		Villa Carlotti, Colli  (VR)  San Bonifacio				0	0	1		248
R	DVV	DVV1038		2017-09-01		Villa Malfatti, Bogoni  (VR)  San Bonifacio				0	0	1		248
R	DVV	DVV1039		2017-09-01		Villa Papadopoli, Bressan  (VR)  Cologna Veneta				0	0	1		248
R	DVV	DVV1040		2017-09-01		Villa Labia  (VR)  Cologna Veneta				0	0	1		248
R	DVV	DVV1041		2017-09-01		Palazzo Cagalli, Bertassello  (VR)  Legnago				0	0	1		248
R	DVV	DVV1042		2017-09-01		Corte Moratello  (VR)  Legnago				0	0	1		248
R	DVV	DVV1043		2017-09-01		Villa Bragadin, detta La Bragadina  (VR)  Legnago-Bragadina				0	0	1		248
R	DVV	DVV1044		2017-09-01		Villa Pompei, Perez - Armellini  (VR)  Legnago-Chiesa				0	0	1		248
R	DVV	DVV1045		2017-09-01		Palazzo San Giovanni  (VR)  Legnago				0	0	1		248
R	DVV	DVV1046		2017-09-01		Villa Centin, detta La Rosta  (VR)  Legnago				0	0	1		248
R	DVV	DVV1047		2017-09-01		Villa Nichesola, Foletto, Leopardi (VR)  Minerbe				0	0	1		248
R	DVV	DVV1048		2017-09-01		Villa Ferri, Albertini, Tombolani (VR)  Minerbe				0	0	1		248
R	DVV	DVV1049		2017-09-01		Villa Burzio, Frattini, Giuliari  (VR)  Minerbe				0	0	1		248
R	DVV	DVV1050		2017-09-01		Villa Bernini, Weill - Weiss  (VR)  Minerbe				0	0	1		248
R	DVV	DVV1051		2017-09-01		Villa Molin, Giusti del Giardino, Lucci, detta San Gaetano  (VI)  Tezze sul Brenta				0	0	1		248
R	DVV	DVV1052		2017-09-01		Villa Bernini, Cavazzocca, detta La Colombara  (VR)  Minerbe-Le Colombare				0	0	1		248
R	DVV	DVV1053		2017-09-01		Villa Buri  (VR)  Minerbe				0	0	1		248
R	DVV	DVV1054		2017-09-01		Villa Stopazzola, Angiari (VR)  Minerbe				0	0	1		248
R	DVV	DVV1055		2017-09-01		Palazzo Barbaro, detto Vescovile (VR)  Monteforte d'Alpone				0	0	1		248
R	DVV	DVV1056		2017-09-01		Villa Gobbetti, Stefani  (VR)  Pressana				0	0	1		248
R	DVV	DVV1057		2017-09-01		Villa Cainaqua, Bevilacqua, Candio  (VR)  Pressana				0	0	1		248
R	DVV	DVV1058		2017-09-01		Villa Querini Stampalia, Montanari, Taccoli, detta Persa  (VR)  Pressana				0	0	1		248
R	DVV	DVV1059		2017-09-01		Villa Gaudio  (VR)  Pressana				0	0	1		248
R	DVV	DVV1060		2017-09-01		Villa Spolverini, Merlin  (VR)  Minerbe				0	0	1		248
R	DVV	DVV1061		2017-09-01		Villa Morosini, detta La Morosina  (VR)  Zimella				0	0	1		248
R	DVV	DVV1062		2017-09-01		Villa Pindemonte  (VR)  Roverchiara				0	0	1		248
R	DVV	DVV1063		2017-09-01		Corte Marogna, detta Villa Guerra (VR)  Roverchiara				0	0	1		248
R	DVV	DVV1064		2017-09-01		Villa Meneguzzi, Bolla, detta Ca' dell'Ora  (VR)  San Bonifacio				0	0	1		248
R	DVV	DVV1065		2017-09-01		Villa Negri, Fraccaro  (VR)  San Bonifacio-Perarolo				0	0	1		248
R	DVV	DVV1066		2017-09-01		Villa Sambonifacio, Milone  (VR)  Villa Bartolomea				0	0	1		248
R	DVV	DVV1067		2017-09-01		Villa Sambonifacio, Salvatore  (VR)  Villa Bartolomea-Altavilla				0	0	1		248
R	DVV	DVV1068		2017-09-01		Villa Cortesia Serego, detta La Cuca  (VR)  Veronella				0	0	1		248
R	DVV	DVV1069		2017-09-01		Villa Cortesia Serego, Seratico  (VR)  Veronella				0	0	1		248
R	DVV	DVV1070		2017-09-01		Villa Lavagnoli, Dal Covolo, Ferraro  (VR)  Veronella				0	0	1		248
R	DVV	DVV1071		2017-09-01		Villa Cavazzocca  (VR)  Zimella				0	0	1		248
R	DVV	DVV1072		2017-09-01		Villa Dondio  (VR)  Zimella				0	0	1		248
R	DVV	DVV1073		2017-09-01		Villa Dona' delle Rose  (VR)  Zimella				0	0	1		248
R	DVV	DVV1074		2017-09-01		Corte Polfranceschi, Menegazzi  (VR)  Ronco all'Adige				0	0	1		248
R	DVV	DVV1075		2017-09-01		Villa Camerini, Baschirotto  (VR)  Roveredo di Gua'				0	0	1		248
R	DVV	DVV1076		2017-09-01		Villa Grimani, De Grandi (VR)  Pressana				0	0	1		248
R	DVV	DVV1077		2017-09-01		Villa la Minella (RO)  Frassinelle Polesine-Boaria Minella				0	0	1		248
R	DVV	DVV1078		2017-09-01		Ca' Borini, Casellati  (RO)  Taglio di Po				0	0	1		248
R	DVV	DVV1079		2017-09-01		Villa Marzolla  (RO)  Crespino				0	0	1		248
R	DVV	DVV1080		2017-09-01		Villa Brusemini - Colognesi - Marotto  (RO)  Adria-Ramalto				0	0	1		248
R	DVV	DVV1081		2017-09-01		Villa dei Principi Pio Falco', Longhi (RO)  Crespino				0	0	1		248
R	DVV	DVV1082		2017-09-01		Ca' Ponti  (RO)  Frassinelle Polesine				0	0	1		248
R	DVV	DVV1083		2017-09-01		Ca' Pesaro, Mioni  (RO)  Frassinelle Polesine				0	0	1		248
R	DVV	DVV1084		2017-09-01		Villa Angeli, De Polzer  (RO)  Rovigo				0	0	1		248
R	DVV	DVV1085		2017-09-01		Villa Pellegrini, Lorenzoni, Curia Vescovile di Rovigo (RO)  Badia Polesine				0	0	1		248
R	DVV	DVV1086		2017-09-01		Villa Venezze, Giustiniani, detta Ca' Venezze  (RO)  San Martino di Venezze				0	0	1		248
R	DVV	DVV1087		2017-09-01		Villa Mangilli Valmarana (RO)  San Martino di Venezze				0	0	1		248
R	DVV	DVV1088		2017-09-01		Villa detta Villa settecentesca (VI)  Tezze sul Brenta				0	0	1		248
R	DVV	DVV1089		2017-09-01		Casa Bellavitis, Rigoni (VI)  Tezze sul Brenta				0	0	1		248
R	DVV	DVV1090		2017-09-01		Casa Altissimo  (VI)  Villaverla				0	0	1		248
R	DVV	DVV1091		2017-09-01		Villa Pesavento, Munarini  (VI)  Villaverla				0	0	1		248
R	DVV	DVV1092		2017-09-01		Villa Verlato, Dalla Negra, Trevisan, Fracasso (VI)  Villaverla				0	0	1		248
R	DVV	DVV1093		2017-09-01		Villa Sarti Savonarola, Tisi  (RO)  Crespino				0	0	1		248
R	DVV	DVV1094		2017-09-01		Villa Facchin, Tomba, Mioni (VI)  Brogliano				0	0	1		248
R	DVV	DVV1095		2017-09-01		Villa Marchesini, Rigo, Frighetto (VI)  Arzignano				0	0	1		248
R	DVV	DVV1096		2017-09-01		Villa Leoni Montenari, Velo, Zabeo, Carlotto  (VI)  Arzignano-La Busa				0	0	1		248
R	DVV	DVV1097		2017-09-01		Villa Mattarello, Verlato, Fraccarolli, Dalla Negra  (VI)  Arzignano				0	0	1		248
R	DVV	DVV1098		2017-09-01		Villa Ziggiotti, Salviati  (VI)  Arzignano				0	0	1		248
R	DVV	DVV1099		2017-09-01		Villa superiore Trissino, Da Porto, Marzotto  (VI)  Trissino				0	0	1		248
R	DVV	DVV1100		2017-09-01		Villa inferiore Trissino, Da Porto, Marzotto  (VI)  Trissino				0	0	1		248
R	DVV	DVV1101		2017-09-01		Villa Trissino Paninsacco, Trissino Paninsacco Guerrato (VI)  Trissino				0	0	1		248
R	DVV	DVV1102		2017-09-01		Villa Caliari Bassani, Muzzi, Dalle Ore, Dalle Ore Buffa (VI)  Trissino				0	0	1		248
R	DVV	DVV1103		2017-09-01		Villa Trissino, Da Porto, Marzotto, detta la Colombara (VI)  Trissino				0	0	1		248
R	DVV	DVV1104		2017-09-01		Villa Rasia dal Polo, Rasia dal Polo - Ferrari, Ferrari - Zini - Savegnago, Garbin - Morari - Valentini, Perin - Valentini, detta La Filanda (VI)  Brogliano-Bregonza				0	0	1		248
R	DVV	DVV1105		2017-09-01		Villa Facchin (VI)  Brogliano				0	0	1		248
R	DVV	DVV1106		2017-09-01		Villa Ghirardini  (VI)  Trissino				0	0	1		248
R	DVV	DVV1107		2017-09-01		Corte Corso, Tirapelle, detta Il Vaticano  (VR)  Ronco all'Adige-Corso				0	0	1		248
R	DVV	DVV1108		2017-09-01		Villa Camozzini, Dal Degan  (VR)  Ronco all'Adige				0	0	1		248
R	DVV	DVV1109		2017-09-01		Villa Malaspina, Pellegrini, detta la Decima (VR)  Arcole				0	0	1		248
R	DVV	DVV1110		2017-09-01		Villa Montagna della Pigna, Sparavieri, Biondani (VR)  Angiari				0	0	1		248
R	DVV	DVV1111		2017-09-01		Villa Soave  (VR)  Angiari				0	0	1		248
R	DVV	DVV1112		2017-09-01		Villa Il Cason  (VR)  Angiari				0	0	1		248
R	DVV	DVV1113		2017-09-01		Villa Panini, Fantoni (VR)  Angiari				0	0	1		248
R	DVV	DVV1114		2017-09-01		Villa Perosini, Fontana (VR)  Albaredo d'Adige				0	0	1		248
R	DVV	DVV1115		2017-09-01		Palazzetto settecentesco  (VR)  Albaredo d'Adige				0	0	1		248
R	DVV	DVV1116		2017-09-01		Casa canonica di Albaredo di Adige  (VR)  Albaredo d'Adige				0	0	1		248
R	DVV	DVV1117		2017-09-01		Villa Malaspina, Pellegrini (VR)  Albaredo d'Adige-Contrada Motta				0	0	1		248
R	DVV	DVV1118		2017-09-01		Villa Serego, Baldin  (VR)  Albaredo d'Adige				0	0	1		248
R	DVV	DVV1119		2017-09-01		Villa Serego, Rinaldi  (VR)  Albaredo d'Adige				0	0	1		248
R	DVV	DVV1120		2017-09-01		Ca' Salveghe  (VR)  Arcole-Ca' Salveghe				0	0	1		248
R	DVV	DVV1121		2017-09-01		Villa Ottolini  (VR)  Arcole				0	0	1		248
R	DVV	DVV1122		2017-09-01		Villa Bevilacqua (VR)  Bevilacqua				0	0	1		248
R	DVV	DVV1123		2017-09-01		Villa Moneta, Fasoli - Rugolotto  (VR)  Belfiore				0	0	1		248
R	DVV	DVV1124		2017-09-01		Villa La Bernardina  (VR)  Bonavigo				0	0	1		248
R	DVV	DVV1125		2017-09-01		Villa Buri  (VR)  Bonavigo				0	0	1		248
R	DVV	DVV1126		2017-09-01		Villa Brenzoni  (VR)  Bonavigo				0	0	1		248
R	DVV	DVV1127		2017-09-01		Villa Dona' delle Rose, Rinaldi - Nalin  (VR)  Boschi Sant'Anna				0	0	1		248
R	DVV	DVV1128		2017-09-01		Villa Fantoni  (VR)  Bonavigo				0	0	1		248
R	DVV	DVV1129		2017-09-01		Villa Dona' delle Rose, detta Palazzo Rosso  (VR)  Boschi Sant'Anna-Boschetto				0	0	1		248
R	DVV	DVV1130		2017-09-01		Corte Anti, Migliorini  (VR)  Cologna Veneta				0	0	1		248
R	DVV	DVV1131		2017-09-01		Villa Mioni  (VE)  Dolo				0	0	1		248
R	DVV	DVV1132		2017-09-01		Villa Bianchi, Duodo Valeggia, Spezzati (VE)  Dolo				0	0	1		248
R	DVV	DVV1133		2017-09-01		Villa Barbo, Baldan (VE)  Dolo				0	0	1		248
R	DVV	DVV1134		2017-09-01		Villa Carraro, Mioni  (VE)  Dolo				0	0	1		248
R	DVV	DVV1135		2017-09-01		Casa Giudecca  (VE)  Dolo				0	0	1		248
R	DVV	DVV1136		2017-09-01		Villa Barbarigo, Menegazzo  (VE)  Dolo				0	0	1		248
R	DVV	DVV1137		2017-09-01		Villa Lusi, Andreuzzi, Bon, Spezzati (VE)  Dolo				0	0	1		248
R	DVV	DVV1138		2017-09-01		Villa Andreucci, Comello, Sicurella  (VE)  Dolo-Boschetto				0	0	1		248
R	DVV	DVV1139		2017-09-01		Villa Brusoni, Paladini  (VE)  Dolo				0	0	1		248
R	DVV	DVV1140		2017-09-01		Villa Mocenigo - Bon - Giarretta, Basso  (VE)  Dolo				0	0	1		248
R	DVV	DVV1141		2017-09-01		Villa Toderini, Fini (VE)  Dolo				0	0	1		248
R	DVV	DVV1142		2017-09-01		Villa Alberti, Folco  (VE)  Dolo				0	0	1		248
R	DVV	DVV1143		2017-09-01		Villa Locanda alla Posta  (VE)  Dolo-Ca' Tron				0	0	1		248
R	DVV	DVV1144		2017-09-01		Villa Nani Mocenigo, Golin  (VE)  Dolo				0	0	1		248
R	DVV	DVV1145		2017-09-01		Villa Serranto, Pittaro  (VE)  Dolo				0	0	1		248
R	DVV	DVV1146		2017-09-01		Casa canonica di Dolo  (VE)  Dolo				0	0	1		248
R	DVV	DVV1147		2017-09-01		Casa Feriani, detta Ca' Roversa (VI)  Villaverla				0	0	1		248
R	DVV	DVV1148		2017-09-01		Villa Michiel, Martinengo, Gallo  (VE)  Dolo				0	0	1		248
R	DVV	DVV1149		2017-09-01		Villa Badoer, Basso, detta Maria  (VE)  Dolo				0	0	1		248
R	DVV	DVV1150		2017-09-01		Villa Arslan, Gottardo  (VE)  Dolo				0	0	1		248
R	DVV	DVV1151		2017-09-01		Villa Contarini, Fiorazzo, Golfetto  (VE)  Fiesso d'Artico-Barbariga				0	0	1		248
R	DVV	DVV1152		2017-09-01		Villa Gonemi, Correr, Marin  (VE)  Fiesso d'Artico				0	0	1		248
R	DVV	DVV1153		2017-09-01		Villa Civran, Gottardi delle Alture  (VE)  Dolo				0	0	1		248
R	DVV	DVV1154		2017-09-01		Villa Grimaldi, Filamati, Besenzon  (VE)  Fiesso d'Artico				0	0	1		248
R	DVV	DVV1155		2017-09-01		Villa Vitali, Flangini, Fini, Cottoni, Andriollo, detta degli Armeni  (VE)  Fiesso d'Artico				0	0	1		248
R	DVV	DVV1156		2017-09-01		Villino Maria  (VE)  Fiesso d'Artico				0	0	1		248
R	DVV	DVV1157		2017-09-01		Villa Contarini di San Basegio, Occioni Bonaffons  (VE)  Fiesso d'Artico				0	0	1		248
R	DVV	DVV1158		2017-09-01		Villa Soranzo, detta La Soranza  (VE)  Fiesso d'Artico				0	0	1		248
R	DVV	DVV1159		2017-09-01		Villa Zucconi, Giustinian, Corner, Vendramin, Smania  (VE)  Fiesso d'Artico				0	0	1		248
R	DVV	DVV1160		2017-09-01		Casa Venier, Tiepolo  (VE)  Fiesso d'Artico				0	0	1		248
R	DVV	DVV1161		2017-09-01		Villa Torre - Donati, Recanati, Olivieri, Zucconi, Fracasso  (VE)  Fiesso d'Artico				0	0	1		248
R	DVV	DVV1162		2017-09-01		Villa Zigno, detta La Certosa (PD)  Vigodarzere-Certosa				0	0	1		248
R	DVV	DVV1163		2017-09-01		Villa Melzi  (PD)  Correzzola				0	0	1		248
R	DVV	DVV1164		2017-09-01		Villa Pocchini Pacchierotti Zemella (PD)  Padova-Mandria				0	0	1		248
R	DVV	DVV1165		2017-09-01		Palazzo Bonfandini, Lucatello, Vio (TV)  Cessalto				0	0	1		248
R	DVV	DVV1166		2017-09-01		Villa Lavena Rossi, Michelon, Borin (TV)  Cessalto				0	0	1		248
R	DVV	DVV1167		2017-09-01		Villa Ottoboni, Mercante (TV)  Oderzo				0	0	1		248
R	DVV	DVV1168		2017-09-01		Villa Gritti, Avogadro, Gradenigo, Spineda, Piovesana (TV)  Oderzo				0	0	1		248
R	DVV	DVV1169		2017-09-01		Villa Trevisan, Savioli  (PD)  Abano Terme				0	0	1		248
R	DVV	DVV1170		2017-09-01		Villa Sgaravatti  (PD)  Abano Terme				0	0	1		248
R	DVV	DVV1171		2017-09-01		Villa Dondi dall'Orologio, Zasio, Bassi Rathgeb  (PD)  Abano Terme				0	0	1		248
R	DVV	DVV1172		2017-09-01		Villa Sette  (PD)  Abano Terme				0	0	1		248
R	DVV	DVV1173		2017-09-01		Villa Vergani  (PD)  Teolo				0	0	1		248
R	DVV	DVV1174		2017-09-01		Villa Brentan, Vigodarzere, Gottardo  (PD)  Abano Terme				0	0	1		248
R	DVV	DVV1175		2017-09-01		Villa Moro, Malipiero - Moro, Rigoni Savioli  (PD)  Abano Terme				0	0	1		248
R	DVV	DVV1176		2017-09-01		Villa Cesarotti, Fabris  (PD)  Selvazzano Dentro				0	0	1		248
R	DVV	DVV1177		2017-09-01		Villa Emo Capodilista  (PD)  Selvazzano Dentro				0	0	1		248
R	DVV	DVV1178		2017-09-01		Villa Tosi, Priuli, Fogazzaro, Faggion  (PD)  Rovolon-Lovolo				0	0	1		248
R	DVV	DVV1179		2017-09-01		Villa Zacco Lion, Fontana  (PD)  Saccolongo-Borgo di Creola vecchia				0	0	1		248
R	DVV	DVV1180		2017-09-01		Barchessa di villa Pisani  (PD)  Saccolongo				0	0	1		248
R	DVV	DVV1181		2017-09-01		Villa Vidman, Rezzonico, Tretti, Brazzale  (PD)  Campodoro				0	0	1		248
R	DVV	DVV1182		2017-09-01		Villa Trento  (PD)  Cervarese Santa Croce				0	0	1		248
R	DVV	DVV1183		2017-09-01		Villa Priuli, Bonolo (PD)  Mestrino				0	0	1		248
R	DVV	DVV1184		2017-09-01		Villa Maschio  (PD)  Mestrino				0	0	1		248
R	DVV	DVV1185		2017-09-01		Casa Capodilista, Levorin  (PD)  Saccolongo-Le Colombare				0	0	1		248
R	DVV	DVV1186		2017-09-01		Villa Capodivacca, Candi, Zaborra, De Besi  (PD)  Saccolongo				0	0	1		248
R	DVV	DVV1187		2017-09-01		Villa Barbaro, Marchesi, Pirantoni  (PD)  Rovolon				0	0	1		248
R	DVV	DVV1188		2017-09-01		Villa Papafava dei Carraresi  (PD)  Rovolon				0	0	1		248
R	DVV	DVV1189		2017-09-01		Villa Borromeo, Rizzato  (PD)  Rubano				0	0	1		248
R	DVV	DVV1190		2017-09-01		Barchesse di villa Fini  (PD)  Limena				0	0	1		248
R	DVV	DVV1191		2017-09-01		Villa Marioni, Pagan, Pacchierotti, Trieste  (PD)  Limena				0	0	1		248
R	DVV	DVV1192		2017-09-01		Villa Contarini, detta Raffaella  (PD)  Mestrino				0	0	1		248
R	DVV	DVV1193		2017-09-01		Villa Foretti, Carretta  (PD)  Saccolongo				0	0	1		248
R	DVV	DVV1194		2017-09-01		Villa Emo, Calegaro  (PD)  Teolo				0	0	1		248
R	DVV	DVV1195		2017-09-01		Villa Cavalli, Lugli  (PD)  Teolo				0	0	1		248
R	DVV	DVV1196		2017-09-01		Villa Tolomei, detta Mirabello  (PD)  Torreglia				0	0	1		248
R	DVV	DVV1197		2017-09-01		Villa Lippomano, Barbarigo, Martinengo, Montesi  (PD)  Rovolon				0	0	1		248
R	DVV	DVV1198		2017-09-01		Villa Bigolino, Vigodarzere, Berlose  (PD)  Selvazzano Dentro				0	0	1		248
R	DVV	DVV1199		2017-09-01		Villa Venturini, detta Vanna  (PD)  Rubano				0	0	1		248
R	DVV	DVV1200		2017-09-01		Villa Ottavia  (PD)  Rovolon				0	0	1		248
R	DVV	DVV1201		2017-09-01		Villa Da Rio, Soranzo, Schiavinato  (PD)  Rovolon				0	0	1		248
R	DVV	DVV1202		2017-09-01		Villa Vallaresso, Rizzo, Correr, Pedrazza  (PD)  Rubano				0	0	1		248
R	DVV	DVV1203		2017-09-01		Villa Campolongo, Arrigoni degli Oddi, Agostini - Novello  (PD)  Rubano				0	0	1		248
R	DVV	DVV1204		2017-09-01		Villa Dondi dall'Orologio, Scotti  (PD)  Rubano				0	0	1		248
R	DVV	DVV1205		2017-09-01		Villa Olcese, detta dei Vescovi  (PD)  Torreglia				0	0	1		248
R	DVV	DVV1206		2017-09-01		Villa Rosa, Braga Rosa  (PD)  Teolo				0	0	1		248
R	DVV	DVV1207		2017-09-01		Villa Zabarella, Cacisci, Talpo, Petrobelli  (PD)  Teolo-Tramonte				0	0	1		248
R	DVV	DVV1208		2017-09-01		Villa Priuli, Kerian, Casarotto, Bonfio (PD)  Mestrino				0	0	1		248
R	DVV	DVV1209		2017-09-01		Villa Baldan, Mario  (PD)  Mestrino				0	0	1		248
R	DVV	DVV1210		2017-09-01		Villa Mariani, Benato Piasentin  (PD)  Vo'				0	0	1		248
R	DVV	DVV1211		2017-09-01		Villa Ferrian  (PD)  Vo'				0	0	1		248
R	DVV	DVV1212		2017-09-01		Villa Veris, Clementi, Zanon, Rasi, detta Villa Isabella (PD)  Torreglia				0	0	1		248
R	DVV	DVV1213		2017-09-01		Villa Pimbiolo, Narpozzi, Carli  (PD)  Torreglia				0	0	1		248
R	DVV	DVV1214		2017-09-01		Villa Gussoni, Verson, detta Abate Barbieri  (PD)  Torreglia				0	0	1		248
R	DVV	DVV1215		2017-09-01		Villa Camposampiero, Kopreinig  (PD)  Torreglia				0	0	1		248
R	DVV	DVV1216		2017-09-01		Casa Trevisan, Lando, Mantovani, Feresin (PD)  Vo'				0	0	1		248
R	DVV	DVV1217		2017-09-01		Villa Dalla Torre, Filippato, Vasoin, Antonelli Farin,detta Carpane (PD)  Torreglia				0	0	1		248
R	DVV	DVV1218		2017-09-01		Villa Zancan  (PD)  Veggiano				0	0	1		248
R	DVV	DVV1219		2017-09-01		Villa Borromeo, Rossato  (PD)  Villafranca Padovana				0	0	1		248
R	DVV	DVV1220		2017-09-01		Villa Labia, Tommasini  (PD)  Veggiano				0	0	1		248
R	DVV	DVV1221		2017-09-01		Villa Contarini  (PD)  Villafranca Padovana				0	0	1		248
R	DVV	DVV1222		2017-09-01		Villa Suppiej, Busetto  (PD)  Villafranca Padovana				0	0	1		248
R	DVV	DVV1223		2017-09-01		Villa Bonomi detta Ca' Dura (PD)  Villafranca Padovana				0	0	1		248
R	DVV	DVV1224		2017-09-01		Villa Paruta, Malgara  (PD)  Vo'				0	0	1		248
R	DVV	DVV1225		2017-09-01		Villa Contarini, Venier, Emo Capodilista  (PD)  Vo'-Vo' Vecchio				0	0	1		248
R	DVV	DVV1226		2017-09-01		Villa Santasofia, Seriman, Corner  (PD)  Vo'				0	0	1		248
R	DVV	DVV1227		2017-09-01		Villa Zambelli, Folco  (PD)  Selvazzano Dentro				0	0	1		248
R	DVV	DVV1228		2017-09-01		Villa Gottardo  (PD)  Rubano				0	0	1		248
R	DVV	DVV1229		2017-09-01		Villa Venturini, Ferri, Salata (PD)  Torreglia				0	0	1		248
R	DVV	DVV1230		2017-09-01		Villa Casale, Erizzo, Pessi  (PD)  Abano Terme				0	0	1		248
R	DVV	DVV1231		2017-09-01		Villa Mocenigo, Mainardi  (PD)  Abano Terme				0	0	1		248
R	DVV	DVV1232		2017-09-01		Villa Grimani, Maupoil, Migliorini  (VE)  Dolo				0	0	1		248
R	DVV	DVV1233		2017-09-01		Villa Dona', Priuli, detta San Giacomo (VE)  Dolo				0	0	1		248
R	DVV	DVV1234		2017-09-01		Villa Coloredo, Dante, Berlese  (VE)  Dolo				0	0	1		248
R	DVV	DVV1235		2017-09-01		Casa canonica di Sambruson  (VE)  Dolo				0	0	1		248
R	DVV	DVV1236		2017-09-01		Villa Rocca, Ciceri, Bressan (VE)  Dolo				0	0	1		248
R	DVV	DVV1237		2017-09-01		Palazzo Da Mosto, Mocenigo, Molin, Rova (VE)  Dolo				0	0	1		248
R	DVV	DVV1238		2017-09-01		Villa Mocenigo, Spica  (VE)  Dolo				0	0	1		248
R	DVV	DVV1239		2017-09-01		Villa Tito  (VE)  Dolo				0	0	1		248
R	DVV	DVV1240		2017-09-01		Villa Valtorta  (VE)  Dolo				0	0	1		248
R	DVV	DVV1241		2017-09-01		Villa Morosini, Venier, Levorato, Velluti (VE)  Dolo				0	0	1		248
R	DVV	DVV1242		2017-09-01		Villa Ferretti, Angeli, Nani Mocenigo  (VE)  Dolo				0	0	1		248
R	DVV	DVV1243		2017-09-01		Villa Carminati, Tasca, Baldan  (VE)  Dolo				0	0	1		248
R	DVV	DVV1244		2017-09-01		Villa Saraceno, Bettanin, detta delle Trombe  (VI)  Agugliaro				0	0	1		248
R	DVV	DVV1245		2017-09-01		Villa Saraceno, Caldogno, Bettanin, Franchin (VI)  Agugliaro				0	0	1		248
R	DVV	DVV1246		2017-09-01		Barchesse di villa Pigafetta, Selvatico Estense, Di Zacco, Di Sambonifacio, Trolio  (VI)  Agugliaro				0	0	1		248
R	DVV	DVV1247		2017-09-01		Villa Dal Verme, Pigafetta, Felici  (VI)  Agugliaro				0	0	1		248
R	DVV	DVV1248		2017-09-01		Villa Saraceno, Caldogno, Saccardo, Peruzzi, Schio, Lombardi, Fondazione The Landmark Trust (VI)  Agugliaro				0	0	1		248
R	DVV	DVV1249		2017-09-01		Villa Campiglia, Gonzaga, Mazzucchelli, Salvi, Negri de Salvi, Negri de Salvi Reina, Michelazzo (VI)  Albettone				0	0	1		248
R	DVV	DVV1250		2017-09-01		Villa Erizzo, Barziza, Ricci-Manfredini, Corradin, Donello, Roncolato-Scolari, Schiavinato, detta Ca' Brusa' (VI)  Albettone				0	0	1		248
R	DVV	DVV1251		2017-09-01		Villa Pozza, Anti Dona' (VI)  Arcugnano				0	0	1		248
R	DVV	DVV1252		2017-09-01		Villa Casarotto, Galzignato - Fontana - Pivotto (VI)  Arcugnano-Buzzolati				0	0	1		248
R	DVV	DVV1253		2017-09-01		Villa Calvi, Bergoli - Fiorese - Schiavo - Spinato (VI)  Arcugnano				0	0	1		248
R	DVV	DVV1254		2017-09-01		Villa Tornieri, Rambaldo, Calvi, Nordera (VI)  Arcugnano-Margheritoni				0	0	1		248
R	DVV	DVV1255		2017-09-01		Villa Bornigni, Monza, Vidi, Todescan, Gozzi  (VI)  Arcugnano				0	0	1		248
R	DVV	DVV1256		2017-09-01		Villa Franceschini, Priante, Anti Sola, Pasini, Canera di Salasco  (VI)  Arcugnano				0	0	1		248
R	DVV	DVV1257		2017-09-01		Villa Barrera, Morbin, Ferrari  (VI)  Arcugnano				0	0	1		248
R	DVV	DVV1258		2017-09-01		Villa Salvi, Reineri, Fracasso  (VI)  Arcugnano				0	0	1		248
R	DVV	DVV1259		2017-09-01		Villa Milani, Rigoni  (VI)  Arcugnano				0	0	1		248
R	DVV	DVV1260		2017-09-01		Villa Montanari, Signorini  (VI)  Arcugnano-Villa				0	0	1		248
R	DVV	DVV1261		2017-09-01		Villa Cerato, Caldonazzo - Dal Lago  (VI)  Arcugnano				0	0	1		248
R	DVV	DVV1262		2017-09-01		Villa Salviati  (VI)  Arcugnano				0	0	1		248
R	DVV	DVV1263		2017-09-01		Villa Colonnese, Dalle Ore, Querini, Grimaldi, Lazzarato, Cavizago, Bocchese, Mander (VI)  Arcugnano				0	0	1		248
R	DVV	DVV1264		2017-09-01		Villa Maltraverso, Gallo, Scuccato, Ghiotto (VI)  Barbarano Vicentino				0	0	1		248
R	DVV	DVV1265		2017-09-01		Villa Zilio Grandi, Meggiolaro  (VI)  Barbarano Vicentino				0	0	1		248
R	DVV	DVV1266		2017-09-01		Villa Biolo, Breganzato, Romano, Bogoni, Cusin, Fogarolo-Redetti, detta Palazzetto (VI)  Barbarano Vicentino				0	0	1		248
R	DVV	DVV1267		2017-09-01		Villa Godi, Zuccato, Braschi Ferretto, Chinotto, Marinoni, detta Il Castello  (VI)  Barbarano Vicentino				0	0	1		248
R	DVV	DVV1268		2017-09-01		Villa Maltraverso, Molin, Sangiantofetti, Breganzato, Pedrina, Rigon (VI)  Barbarano Vicentino				0	0	1		248
R	DVV	DVV1269		2017-09-01		Villa Maltraverso, Sesso, Pedrina (VI)  Barbarano Vicentino-				0	0	1		248
R	DVV	DVV1270		2017-09-01		Villa Carampin  (VI)  Barbarano Vicentino				0	0	1		248
R	DVV	DVV1271		2017-09-01		Villa Porto, Biolo, De Rossi, Barbieri, De Vecchi (VI)  Barbarano Vicentino				0	0	1		248
R	DVV	DVV1272		2017-09-01		Villa Valle, Porto Barbaran, Anselmi, Concato, Veronese, Martin (VI)  Brendola				0	0	1		248
R	DVV	DVV1273		2017-09-01		Villa Anguissola, Ziggiotti, Salviati, Pigatti, Briganti, Munari (VI)  Brendola				0	0	1		248
R	DVV	DVV1274		2017-09-01		Villa Ziggiotti, Salviati, Pigatti, Ghiotto - Pertile (VI)  Brendola				0	0	1		248
R	DVV	DVV1275		2017-09-01		Villa Ziggiotti, Maffei, Matteazzi (VI)  Brendola				0	0	1		248
R	DVV	DVV1276		2017-09-01		Villa Valmarana, Fiorani, Marini  (VI)  Brendola				0	0	1		248
R	DVV	DVV1277		2017-09-01		Villa Gonzati, Langaro, Obrietan, detta villa Orna (VI)  Brendola				0	0	1		248
R	DVV	DVV1278		2017-09-01		Villa Salviati Rosa, Facchini, Rossi  (VI)  Brendola				0	0	1		248
R	DVV	DVV1279		2017-09-01		Villa Piovene (VI)  Brendola-Cerro				0	0	1		248
R	DVV	DVV1280		2017-09-01		Villa Cappellari, Piovene, Sartori, Zanuso, Tassoni, Giacometti, Girotto (VI)  Brendola				0	0	1		248
R	DVV	DVV1281		2017-09-01		Villa Cita, Valmarana, De Bortoli, Targon, detta Corte grande benedettina o Corte Targon (VI)  Brendola				0	0	1		248
R	DVV	DVV1282		2017-09-01		Villa Groppato, Ferrari, Tassoni, Veronese, detta Vescova (VI)  Brendola				0	0	1		248
R	DVV	DVV1283		2017-09-01		Villa Giustiniani, Monza, Rossi  (VI)  Brendola				0	0	1		248
R	DVV	DVV1284		2017-09-01		Casa Cavalcabo', Monza, Da Schio, Zaccaria, Vinante (VI)  Brendola				0	0	1		248
R	DVV	DVV1285		2017-09-01		Villa Girotto, Bedin  (VI)  Brendola				0	0	1		248
R	DVV	DVV1286		2017-09-01		Villa Valle, Girotto, Carradore  (VI)  Brendola				0	0	1		248
R	DVV	DVV1287		2017-09-01		Villa Malutta, Vanzetti  (VI)  Brendola				0	0	1		248
R	DVV	DVV1288		2017-09-01		Villa Revese, Porto, Brazza', Cita, Fogaroli, Pagello  (VI)  Brendola				0	0	1		248
R	DVV	DVV1289		2017-09-01		Villa Pilotto, Brendolan, Dalla Rovere (VI)  Brendola-San Vito				0	0	1		248
R	DVV	DVV1290		2017-09-01		Villa Repeta, Mocenigo, Bressan  (VI)  Campiglia dei Berici				0	0	1		248
R	DVV	DVV1291		2017-09-01		Villa Bonomo, Thiene, Mosca, Pivato, Brunelli, Folco, Caretta  (VI)  Castegnero				0	0	1		248
R	DVV	DVV1292		2017-09-01		Villa Mosca, Balduzzo, Stefani, detta Ca' Decima  (VI)  Castegnero				0	0	1		248
R	DVV	DVV1293		2017-09-01		Villa Repeta, Clementi  (VI)  Castegnero				0	0	1		248
R	DVV	DVV1294		2017-09-01		Villa Maffei, Costalonga  (VI)  Castegnero				0	0	1		248
R	DVV	DVV1295		2017-09-01		Villa Sermondi, Peruffo, Canton, Framarin, Colognato  (VI)  Castegnero-Serramondi-Serramondi				0	0	1		248
R	DVV	DVV1296		2017-09-01		Villa Piovene, Da Porto, Da Schio  (VI)  Castelgomberto				0	0	1		248
R	DVV	DVV1297		2017-09-01		Villa Gualdo, Masiero, Pegoraro, Monti, Urbani (VI)  Creazzo				0	0	1		248
R	DVV	DVV1298		2017-09-01		Villa Scola Camerini, detta Il Castello (VI)  Creazzo-Castello				0	0	1		248
R	DVV	DVV1299		2017-09-01		Villa Sesso, Gualdo, Scola Camerini, Cazzola, detta Ca' Gualda  (VI)  Creazzo				0	0	1		248
R	DVV	DVV1300		2017-09-01		Villa Farinon, Garagnini, Suppiej, Legrenzi, Bocchi, detta del Sole (VI)  Creazzo				0	0	1		248
R	DVV	DVV1301		2017-09-01		Villa Fadinelli, Suppiej, detta dei Veneziani  (VI)  Creazzo-Pozzetto				0	0	1		248
R	DVV	DVV1302		2017-09-01		Villa Valmarana, Scola Camerini, detta Caserma  (VI)  Creazzo				0	0	1		248
R	DVV	DVV1303		2017-09-01		Villa Rasia Dal Polo  (VI)  Creazzo				0	0	1		248
R	DVV	DVV1304		2017-09-01		Villa Garzadori, Stecchini, Rossato, Casarotto, Fochesato  (VI)  Creazzo				0	0	1		248
R	DVV	DVV1305		2017-09-01		Villa Salvi, Vignati, Panozzo, Gobbo  (VI)  Grancona				0	0	1		248
R	DVV	DVV1306		2017-09-01		Villa Costa, Gorgo, De Marchi, Romanelli, Schweizer Calzolai (VI)  Grisignano di Zocco				0	0	1		248
R	DVV	DVV1307		2017-09-01		Villa Ferramosca, Sesso, Beggiato, Monti, Berti (VI)  Grisignano di Zocco				0	0	1		248
R	DVV	DVV1308		2017-09-01		Villa Cappasanta, Navarotto, Dal Martello  (VI)  Grisignano di Zocco				0	0	1		248
R	DVV	DVV1309		2017-09-01		Villa Velo, Cattaneo Onesti, Magrin  (VI)  Grisignano di Zocco				0	0	1		248
R	DVV	DVV1310		2017-09-01		Villa Vancenato, Trieste, Bocchi di Mauritania - Scanferla (VI)  Grisignano di Zocco				0	0	1		248
R	DVV	DVV1311		2017-09-01		Villa Fracasso, Lampertico Buzzaccarini, Bettinardi  (VI)  Grumolo delle Abbadesse				0	0	1		248
R	DVV	DVV1312		2017-09-01		Villa Godi, Da Porto Bissari, Piovene Porto Godi  (VI)  Grumolo delle Abbadesse				0	0	1		248
R	DVV	DVV1313		2017-09-01		Villa Modena, Lioy, Piovene, Laverda, Macerata  (VI)  Grumolo delle Abbadesse				0	0	1		248
R	DVV	DVV1314		2017-09-01		Villa Canal, Fioccardo, Gargani, Rigon, Trivellin, Rossi, Celin (VI)  Grumolo delle Abbadesse				0	0	1		248
R	DVV	DVV1315		2017-09-01		Villa Chiericati, Porto, Ongarano, Rigo (VI)  Grumolo delle Abbadesse				0	0	1		248
R	DVV	DVV1316		2017-09-01		Villa Volpe, Godi, Da Porto Bissari, Piovene Porto Godi, Bettanin, Pavin (VI)  Grumolo delle Abbadesse				0	0	1		248
R	DVV	DVV1317		2017-09-01		Villa Trento, Valmarana, D'Aremberg, Carli  (VI)  Longare				0	0	1		248
R	DVV	DVV1318		2017-09-01		Villa Baldin, Spillare (VI)  Longare				0	0	1		248
R	DVV	DVV1319		2017-09-01		Villa Dottori, Tamara, Mazzoni, Mirone - Nizzetto  (VI)  Longare				0	0	1		248
R	DVV	DVV1320		2017-09-01		Villa Morlini, Trento, Valmarana, D'Aremberg, Carli, detta Aeolia  (VI)  Longare				0	0	1		248
R	DVV	DVV1321		2017-09-01		Villa Righi, Cantoni, De Blass, Bevilacqua, Zambon - Zannini (VI)  Longare				0	0	1		248
R	DVV	DVV1322		2017-09-01		Villa Oliviera, Peserico, Bonora, Novello, Giacomelli (VI)  Longare				0	0	1		248
R	DVV	DVV1323		2017-09-01		Villa Scroffa, Donadello  (VI)  Longare				0	0	1		248
R	DVV	DVV1324		2017-09-01		Villa Dottori, Barbo Soncino, Sette Gnoato (Settegurate), Da Schio, Rossi, Scaroni, detta Palazzo Bianco (VI)  Longare				0	0	1		248
R	DVV	DVV1325		2017-09-01		Villa Trento, Da Schio  (VI)  Longare				0	0	1		248
R	DVV	DVV1326		2017-09-01		Villino Garzadori, Da Schio, detta La Grotta del Marinai  (VI)  Longare				0	0	1		248
R	DVV	DVV1327		2017-09-01		Villa Zoga, Godi, Taverna, Basso, Crescenzio - Turato (VI)  Longare				0	0	1		248
R	DVV	DVV1328		2017-09-01		Villa Morlini Trento, Branzo, Folco Zambelli, Rossi, Baschirotto, detta Casa dei Buoni Fanciulli (VI)  Longare				0	0	1		248
R	DVV	DVV1329		2017-09-01		Villa Zoga, Godi, Onesti, Bellati, Miotto (VI)  Longare				0	0	1		248
R	DVV	DVV1330		2017-09-01		Villa Dottori, Soncino, Rossi, Garioni, Mazza, Scaroni, detta Corte Castello (VI)  Longare				0	0	1		248
R	DVV	DVV1331		2017-09-01		Villa Pisani, De Lazara Pisani, Ferri De Lazara, Bedeschi Bonetti (VI)  Lonigo-Bagnolo				0	0	1		248
R	DVV	DVV1332		2017-09-01		Villa Giovanelli, detta San Fermo (VI)  Lonigo				0	0	1		248
R	DVV	DVV1333		2017-09-01		Villa Mocenigo, Soranzo  (VI)  Lonigo				0	0	1		248
R	DVV	DVV1334		2017-09-01		Villa Pisani, De Lazara Pisani, Ferri De Lazara, detta La Rocca Pisana (VI)  Lonigo				0	0	1		248
R	DVV	DVV1335		2017-09-01		Villa Gualdo, Valmarana, Vendramin Calergi (VI)  Montegalda				0	0	1		248
R	DVV	DVV1336		2017-09-01		Villa Scroffa, Canton, Berton, Cattelan  (VI)  Montegalda				0	0	1		248
R	DVV	DVV1337		2017-09-01		Villa Colze', Scroffa, Garzadori, Noris, Grancara Meneghini, Feriani (VI)  Montegalda				0	0	1		248
R	DVV	DVV1338		2017-09-01		Villa Conti, Lampertico, Campagnolo, detta La Deliziosa  (VI)  Montegaldella				0	0	1		248
R	DVV	DVV1339		2017-09-01		Villa Ragona, Sandri, Tecchio, Corradin-Cecchetto  (VI)  Montegaldella				0	0	1		248
R	DVV	DVV1340		2017-09-01		Villa Banca, Camerini, Ghiotto, Gianesin  (VI)  Mossano				0	0	1		248
R	DVV	DVV1341		2017-09-01		Villa Pigafetta, Arnaldi, Salvi, Camerini (VI)  Mossano				0	0	1		248
R	DVV	DVV1342		2017-09-01		Villa Loschi, Zileri Dal Verme  (VI)  Monteviale				0	0	1		248
R	DVV	DVV1343		2017-09-01		Villa De Marchi, Cora' (VI)  Nanto				0	0	1		248
R	DVV	DVV1344		2017-09-01		Villa Barbaran, Muraro, Grassi (VI)  Nanto				0	0	1		248
R	DVV	DVV1345		2017-09-01		Villa Oliviera, Rappo  (VI)  Nanto				0	0	1		248
R	DVV	DVV1346		2017-09-01		Villa Cozza  (VI)  Nanto				0	0	1		248
R	DVV	DVV1347		2017-09-01		Villa Bembo, Balbi, Barbaran, Giacchin, Montemezzo  (VI)  Nanto				0	0	1		248
R	DVV	DVV1348		2017-09-01		Villa Barbaran, Barbaran-Capra, Tescari, Riello-Tescari (VI)  Nanto				0	0	1		248
R	DVV	DVV1349		2017-09-01		Villa Lucchetta, Ranzolin, Pegoraro  (VI)  Nanto				0	0	1		248
R	DVV	DVV1350		2017-09-01		Villa Barbarigo, Loredan, Rezzonico (VI)  Noventa Vicentina				0	0	1		248
R	DVV	DVV1351		2017-09-01		Villa Manin, Masotto, Cantarella, Broiango, Giacomuzzi (VI)  Noventa Vicentina				0	0	1		248
R	DVV	DVV1352		2017-09-01		Villa Rossi, MIlan, Violani, Stefani, Bellin (VI)  Noventa Vicentina				0	0	1		248
R	DVV	DVV1353		2017-09-01		Villa Brazzoduro, Pojana, Pigafetta, Arnaldi, Prosdocimi (VI)  Noventa Vicentina				0	0	1		248
R	DVV	DVV1354		2017-09-01		Villa Fracanzan, Dal Ferro, Orgian, Piovene Orgian, Piovene Porto Godi, Piovene (VI)  Orgiano				0	0	1		248
R	DVV	DVV1355		2017-09-01		Villa Bevilacqua, Pegoraro, Cantarella, Stecco, Strobe  (VI)  Orgiano				0	0	1		248
R	DVV	DVV1356		2017-09-01		Castello Paltinieri, Pojana, Miniscalchi Erizzo, Bersan-Balduzzo, Bersan (VI)  Pojana Maggiore				0	0	1		248
R	DVV	DVV1357		2017-09-01		Villa Pojana, Miniscalchi Erizzo, Bettero, Chiarello  (VI)  Pojana Maggiore				0	0	1		248
R	DVV	DVV1358		2017-09-01		Villa Arnaldi, Acerbi, Stefani, Fortuna (VI)  Pojana Maggiore				0	0	1		248
R	DVV	DVV1359		2017-09-01		Villa Todescato, De Tacchi, Franco, Piazza, detta Ca' Prigioni (VI)  Quinto Vicentino-Ca' Prigioni				0	0	1		248
R	DVV	DVV1360		2017-09-01		Villa Thiene, Valmarana (VI)  Quinto Vicentino				0	0	1		248
R	DVV	DVV1361		2017-09-01		Villa Galvanini, Grimani, Marcello, Rigon  (VI)  Quinto Vicentino				0	0	1		248
R	DVV	DVV1362		2017-09-01		Villa Dolfin, Cornaro, Venier, Garzetta, Salvi-Bonin, Savioli-Bonin, Cantarella-Bonin, Mistrorigo-Capparotto-Cantarella (VI)  San Germano dei Berici				0	0	1		248
R	DVV	DVV1363		2017-09-01		Torre Barbarano, Dolfin, Cornaro, Venier, Garzetta, Salvi, Salvioli, Cantarella (VI)  San Germano dei Berici				0	0	1		248
R	DVV	DVV1364		2017-09-01		Villa Priuli, Cabianca, Bollani, Custoza, Lazzarini, detta Ca' Priuli (VI)  San Germano dei Berici				0	0	1		248
R	DVV	DVV1365		2017-09-01		Villa Bollani, Custoza, Carazza, Bolcato, Brunello-Mainenti-Dalla Vecchia, Brunello-Mainenti-Anastasio (VI)  San Germano dei Berici				0	0	1		248
R	DVV	DVV1366		2017-09-01		Villa Oliviera, Trissino, Bottarino, Bragadin, Gerolin, Giacometti, Montesello (VI)  San Germano dei Berici				0	0	1		248
R	DVV	DVV1367		2017-09-01		Villa Arnaldi, Borselli, Manzoni, Miotti, Valcasara, detta Ca' Manzoni  (VI)  Sarego				0	0	1		248
R	DVV	DVV1368		2017-09-01		Rustici Trissino, Da Porto, Manni, Facchini, Rossi (VI)  Sarego				0	0	1		248
R	DVV	DVV1369		2017-09-01		Villa Arnaldi, Bisognini  (VI)  Sarego				0	0	1		248
R	DVV	DVV1370		2017-09-01		Villa Quinto, Peruffo, Marzotto, detta Ca' Quinta  (VI)  Sarego				0	0	1		248
R	DVV	DVV1371		2017-09-01		Villa Da Porto, Balbi, Ziggiotti, Manin, Milan Massari, Da Porto Barbaran, Sartori, detta La Favorita (VI)  Sarego				0	0	1		248
R	DVV	DVV1372		2017-09-01		Villa Revese, Cavalcabo', Arnaldi, Marsilio, Giorio, Giorio-Martini (VI)  Sarego				0	0	1		248
R	DVV	DVV1373		2017-09-01		Casa Fongaro, Bocchi (VI)  Sovizzo				0	0	1		248
R	DVV	DVV1374		2017-09-01		Villa Cavajon, Cantoni, Serafini, Dalla Vecchia, Pisoni  (VI)  Sovizzo				0	0	1		248
R	DVV	DVV1375		2017-09-01		Villa Da Porto, Carampin, Ruffo, Rigon  (VI)  Torri di Quartesolo				0	0	1		248
R	DVV	DVV1376		2017-09-01		Villa Da Porto, Di Velo, Clementi, Slaviero  (VI)  Torri di Quartesolo				0	0	1		248
R	DVV	DVV1377		2017-09-01		Villa Rubini  (VI)  Vicenza-San Pietro in Trigogna				0	0	1		248
R	DVV	DVV1378		2017-09-01		Villa Barbaran, Scroffa, Porto Scroffa, Meschinelli (VI)  Vicenza				0	0	1		248
R	DVV	DVV1379		2017-09-01		Villa Squarzi, Caldogno, Fogazzaro, Rossi  (VI)  Vicenza				0	0	1		248
R	DVV	DVV1380		2017-09-01		Villa Arsiero, Tornieri, Da Schio, Villardi, Mosconi, Dal Lago, Zarontello  (VI)  Vicenza				0	0	1		248
R	DVV	DVV1381		2017-09-01		Villa Valle, Winterhalter, Clementi (VI)  Vicenza				0	0	1		248
R	DVV	DVV1382		2017-09-01		Villa Battagin (VI)  Vicenza				0	0	1		248
R	DVV	DVV1383		2017-09-01		Villa Ambellicopoli, Vassili, Raghi, Guiccioli  (VI)  Vicenza				0	0	1		248
R	DVV	DVV1384		2017-09-01		Villa Regalazzo, Cattin, detta El Palasson (VI)  Vicenza				0	0	1		248
R	DVV	DVV1385		2017-09-01		Villa Loschi, Zileri dal Verme, Medin, Faggionato, detta delle Cattane  (VI)  Vicenza-Cattane				0	0	1		248
R	DVV	DVV1386		2017-09-01		Villa Cordellina, Rigon - Solda' (VI)  Vicenza				0	0	1		248
R	DVV	DVV1387		2017-09-01		Villa dell'Ordine dei Templari, dei Cavalieri di Malta, Villata, Bressan, Breganze, Rinaldi, Baldinazzo, detta la Commenda (VI)  Vicenza				0	0	1		248
R	DVV	DVV1388		2017-09-01		Villa Boschetti, Rodighiero, Matteazzi (VI)  Vicenza				0	0	1		248
R	DVV	DVV1389		2017-09-01		Villa Repeta, Rolandi Beretta (VI)  Vicenza-Albera				0	0	1		248
R	DVV	DVV1390		2017-09-01		Villa Todaro, De Villalta di Villathurg, Boschetti, Dolcetta  (VI)  Vicenza				0	0	1		248
R	DVV	DVV1391		2017-09-01		Villa Tarantino, Morandini, Meneghini-Frigo (VI)  Vicenza				0	0	1		248
R	DVV	DVV1392		2017-09-01		Villa Trissino, Arsego, Barocco, Dal Lago, detta del Plebiscito  (VI)  Vicenza				0	0	1		248
R	DVV	DVV1393		2017-09-01		Villa Trissino, Orsini di Pitigliano, Alidosio, Barozzi, Balbi, Valier, Lanza, Muttoni, detta Ca' Impenta  (VI)  Vicenza				0	0	1		248
R	DVV	DVV1394		2017-09-01		Villa Verlato, Masolo  (VI)  Vicenza				0	0	1		248
R	DVV	DVV1395		2017-09-01		Villa Marchetto, Rizzo, Thiene, Casarotto  (VI)  Vicenza				0	0	1		248
R	DVV	DVV1396		2017-09-01		Villa Loschi, Zileri Dal Verme, Casalini, Zaccaria  (VI)  Vicenza				0	0	1		248
R	DVV	DVV1397		2017-09-01		Villa Berengan, Verona, Massignan, Morandi, Girotto, Giaretta, Forte Stival  (VI)  Vicenza				0	0	1		248
R	DVV	DVV1398		2017-09-01		Villa Checato, Fontana, Dessen, Grassi, Dani-Schiavo, Schiavo (VI)  Vicenza				0	0	1		248
R	DVV	DVV1399		2017-09-01		Villa Bonini, Fontanive, Matteazzi, Maistrello  (VI)  Vicenza				0	0	1		248
R	DVV	DVV1400		2017-09-01		Villa Volpe, Carcano, Karoly, Arrigoni, Borsello, Roi, Brusarosco, Bertola-Gigliotti-Munaron-Rossetto-Seganfreddo (VI)  Vicenza				0	0	1		248
R	DVV	DVV1401		2017-09-01		Villa Ratti, Cavedon, Breganze  (VI)  Vicenza				0	0	1		248
R	DVV	DVV1402		2017-09-01		Villa Bonioli, Rossi, Bazzini, Guiotto Bruttomesso  (VI)  Vicenza				0	0	1		248
R	DVV	DVV1403		2017-09-01		Villa Nievo, Bonin Longare, Marzotto  (VI)  Vicenza				0	0	1		248
R	DVV	DVV1404		2017-09-01		Villa Beregan, Dal Lago Stefani, Pertile  (VI)  Vicenza				0	0	1		248
R	DVV	DVV1405		2017-09-01		Villa Arnaldi Tornieri, Orgiano, Marsilio, Da Schio, De Marchi, Vantin  (VI)  Vicenza				0	0	1		248
R	DVV	DVV1406		2017-09-01		Villa Arnaldi Tornieri, Orgiano, Marsilio, Da Schio, Folco, Zambelli-Rigo (VI)  Vicenza				0	0	1		248
R	DVV	DVV1407		2017-09-01		Villa Angaran delle Stelle, Velo, Piccoli, Cogo, Pretto, Zarantonello  (VI)  Vicenza				0	0	1		248
R	DVV	DVV1408		2017-09-01		Villa Muzzi, Cortivo, D'Ercole  (VI)  Vicenza				0	0	1		248
R	DVV	DVV1409		2017-09-01		Villa Lampertico, Rossi (VI)  Vicenza				0	0	1		248
R	DVV	DVV1410		2017-09-01		Villa Chiericati, Ghislanzoni del Barco, Curti  (VI)  Vicenza				0	0	1		248
R	DVV	DVV1411		2017-09-01		Villa Pagello, Gazzotti, Grimani, Marcello, Bragadin, De Marchi, Curti (VI)  Vicenza				0	0	1		248
R	DVV	DVV1412		2017-09-01		Villa Ferrari, Rossi, Chiodi  (VI)  Vicenza				0	0	1		248
R	DVV	DVV1413		2017-09-01		Villa Gaspari  (VI)  Vicenza				0	0	1		248
R	DVV	DVV1414		2017-09-01		Villa Imperiali, Nussi, Nicolosi, Stecchini, Miari, Capra, Scaroni, Trevisan, Lampertico (VI)  Vicenza-Casello				0	0	1		248
R	DVV	DVV1415		2017-09-01		Villa Rossi, Castagnaro  (VI)  Vicenza				0	0	1		248
R	DVV	DVV1416		2017-09-01		Villa Valmarana, Badoer, Trissino, Sforza Della Torre, Rigo - Trettenero  (VI)  Vicenza				0	0	1		248
R	DVV	DVV1417		2017-09-01		Villa Papadopoli, Girardi, Mioni  (VI)  Vicenza				0	0	1		248
R	DVV	DVV1418		2017-09-01		Villa Muttoni, Colognese, Santi  (VI)  Vicenza				0	0	1		248
R	DVV	DVV1419		2017-09-01		Villa Valmarana, Franco  (VI)  Vicenza				0	0	1		248
R	DVV	DVV1420		2017-09-01		Villa Franco, Brogliato  (VI)  Vicenza				0	0	1		248
R	DVV	DVV1421		2017-09-01		Villa Valmarana, Badoer, Trissino, Lovato, Gramola  (VI)  Vicenza-Cricoli				0	0	1		248
R	DVV	DVV1422		2017-09-01		Villa Parolin, Vaccari, Zamboni-Colla, Giandomenici-Colla (VI)  Vicenza				0	0	1		248
R	DVV	DVV1423		2017-09-01		Villa Disconzi, Bortolan, Piovene, Parolin, detta al Pellegrino (VI)  Vicenza				0	0	1		248
R	DVV	DVV1424		2017-09-01		Villa Trissino Pigatti, Galvan (VI)  Vicenza				0	0	1		248
R	DVV	DVV1425		2017-09-01		Villa Povegliani, Capra, Zambon, Dal Zotto, Seganfreddo (VI)  Vicenza				0	0	1		248
R	DVV	DVV1426		2017-09-01		Villa Barbaran, Conti Barbaran, Piovene Porto Godi (VI)  Villaga-Toara				0	0	1		248
R	DVV	DVV1427		2017-09-01		Villa Rasia, Dani, Lunardi (VI)  Villaga				0	0	1		248
R	DVV	DVV1428		2017-09-01		Villa Commenda dei Templari, dei Gerosolimitani, dei Cavalieri di Malta, Palma, Bedeschi (VI)  Villaga				0	0	1		248
R	DVV	DVV1429		2017-09-01		Villa Barbarano, Vianello, Siva (VI)  Villaga-Belvedere				0	0	1		248
R	DVV	DVV1430		2017-09-01		Villa Allegri, Pasquali (VE)  Mira				0	0	1		248
R	DVV	DVV1431		2017-09-01		Villa Stella, Gradenigo, Fossati (VE)  Mira				0	0	1		248
R	DVV	DVV1432		2017-09-01		Villa Foscarini, Negrelli, Rossi  (VE)  Stra				0	0	1		248
R	DVV	DVV1433		2017-09-01		Villa Cappello, Giantin  (VE)  Stra				0	0	1		248
R	DVV	DVV1434		2017-09-01		Villa Benzi, Smania  (VE)  Stra				0	0	1		248
R	DVV	DVV1435		2017-09-01		Villa Torniello, Pianon  (VE)  Stra				0	0	1		248
R	DVV	DVV1436		2017-09-01		Villa Badoer, Draghi  (VE)  Stra				0	0	1		248
R	DVV	DVV1437		2017-09-01		Villa Balbi, Morosini, Passoni, Peressutti  (VE)  Stra				0	0	1		248
R	DVV	DVV1438		2017-09-01		Ca' Zane  (VE)  Stra				0	0	1		248
R	DVV	DVV1439		2017-09-01		Villa Pisani, detta Nazionale  (VE)  Stra				0	0	1		248
R	DVV	DVV1440		2017-09-01		Villa Agazzi, De Angeli  (VE)  Stra				0	0	1		248
R	DVV	DVV1441		2017-09-01		Villa Moro, Mischiato, Bedendo  (VE)  Stra				0	0	1		248
R	DVV	DVV1442		2017-09-01		Villa Fedeli, Granelli, Prando  (VE)  Fiesso d'Artico				0	0	1		248
R	DVV	DVV1443		2017-09-01		Villa Badoer, Renosto, Gottardo (VE)  Dolo				0	0	1		248
R	DVV	DVV1444		2017-09-01		Villa Velluti, detta delle Perle  (VE)  Dolo				0	0	1		248
R	DVV	DVV1445		2017-09-01		Palazzo della Magnifica Comunita' di Mel (BL)  Mel				0	0	1		248
R	DVV	DVV1446		2017-09-01		Villa Tome', Sitta-Colle-Redetti (BL)  Mel				0	0	1		248
R	DVV	DVV1447		2017-09-01		Villa Lusa, Zannin (BL)  Pedavena				0	0	1		248
R	DVV	DVV1448		2017-09-01		Villa Norcen (BL)  Pedavena				0	0	1		248
R	DVV	DVV1449		2017-09-01		Villa Falin, Boccanegra (BL)  Pieve d'Alpago				0	0	1		248
R	DVV	DVV1450		2017-09-01		Villa Cesa, Cappellari della Colomba, Orzes (BL)  Ponte nelle Alpi-Fontanelle di Paiane				0	0	1		248
R	DVV	DVV1451		2017-09-01		Villa Zugni, Biasuzzi (BL)  Santa Giustina				0	0	1		248
R	DVV	DVV1452		2017-09-01		Villa Tagliasassi, Sacchet  (BL)  Santa Giustina-Salzan				0	0	1		248
R	DVV	DVV1453		2017-09-01		Villa Cappellari, Cajada (BL)  San Gregorio nelle Alpi-Comaroi				0	0	1		248
R	DVV	DVV1454		2017-09-01		Villa Vieceli  (BL)  Santa Giustina				0	0	1		248
R	DVV	DVV1455		2017-09-01		Villa Crico, Avogadro degli Azzoni (BL)  Santa Giustina				0	0	1		248
R	DVV	DVV1456		2017-09-01		Villa Cassol  (BL)  Santa Giustina				0	0	1		248
R	DVV	DVV1457		2017-09-01		Villa Maresio, Candeago (BL)  Santa Giustina				0	0	1		248
R	DVV	DVV1458		2017-09-01		Villa Conz, Righes (BL)  Santa Giustina				0	0	1		248
R	DVV	DVV1459		2017-09-01		Villa Zugni, Tognetti  (BL)  Santa Giustina				0	0	1		248
R	DVV	DVV1460		2017-09-01		Villa Sartena, Cumano, Brugnera Muraro (BL)  Santa Giustina-Sartena				0	0	1		248
R	DVV	DVV1461		2017-09-01		Villa Villabruna  (BL)  Santa Giustina-Cassol				0	0	1		248
R	DVV	DVV1462		2017-09-01		Villa Cumano  (BL)  Santa Giustina-Col Cumano				0	0	1		248
R	DVV	DVV1463		2017-09-01		Villa Norcen, Alvisi, Miari Fulcis Compostella (BL)  Santa Giustina-Dussano				0	0	1		248
R	DVV	DVV1464		2017-09-01		Villa Gasparetti, Bonsembiante, detta di Colvago (BL)  Santa Giustina				0	0	1		248
R	DVV	DVV1465		2017-09-01		Villa Sandi, Tonet (BL)  San Gregorio nelle Alpi				0	0	1		248
R	DVV	DVV1466		2017-09-01		Villa Beghin, Pongan (BL)  San Gregorio nelle Alpi				0	0	1		248
R	DVV	DVV1467		2017-09-01		Villa Villabruna  (BL)  San Gregorio nelle Alpi-Fumach				0	0	1		248
R	DVV	DVV1468		2017-09-01		Villa Miari, Bentivoglio, Ferrante (BL)  Sedico				0	0	1		248
R	DVV	DVV1469		2017-09-01		Villa Crepadoni, Pol-Sponga (BL)  Sedico				0	0	1		248
R	DVV	DVV1470		2017-09-01		Villa Pagani, Giacomini  (BL)  Sedico-Carmegn				0	0	1		248
R	DVV	DVV1471		2017-09-01		Villa Crotta, Segato, Boranga-Emeri (BL)  Sedico-Poian				0	0	1		248
R	DVV	DVV1472		2017-09-01		Villa Rudio, Milanesi, Giacomelli, Simonetto (BL)  Sedico				0	0	1		248
R	DVV	DVV1473		2017-09-01		Villa Zuppani  (BL)  Sedico-Pasa				0	0	1		248
R	DVV	DVV1474		2017-09-01		Villa Doglioni, Dal Mas, De Castello, detta il Bacologico (BL)  Sedico				0	0	1		248
R	DVV	DVV1475		2017-09-01		Villa Miari, Giacomini  (BL)  Sedico				0	0	1		248
R	DVV	DVV1476		2017-09-01		Villa Agosti, Miari (BL)  Sospirolo				0	0	1		248
R	DVV	DVV1477		2017-09-01		Villa Buzzatti, Ferrante  (BL)  Sospirolo-Pian della Rosta				0	0	1		248
R	DVV	DVV1478		2017-09-01		Villa Sandi, Zasso  (BL)  Sospirolo-Moldoi				0	0	1		248
R	DVV	DVV1479		2017-09-01		Villa Agosti, Bacchetti, Pellegrini (BL)  Sospirolo-Belvedere				0	0	1		248
R	DVV	DVV1480		2017-09-01		Casa detta del Cinquecento, detta dell'Alchimista o Palazzo dei Lisandri (BL)  Tambre-Valdenogher				0	0	1		248
R	DVV	DVV1481		2017-09-01		Villa Piloni, Federici, Foscolo (BL)  Trichiana				0	0	1		248
R	DVV	DVV1482		2017-09-01		Villa Alpago Novello  (BL)  Trichiana				0	0	1		248
R	DVV	DVV1483		2017-09-01		Villa Piloni, Maggioni-Valdetara  (BL)  Trichiana				0	0	1		248
R	DVV	DVV1484		2017-09-01		Villa Montalban, Letico (BL)  Trichiana				0	0	1		248
R	DVV	DVV1485		2017-09-01		Villa Agosti  (BL)  Trichiana				0	0	1		248
R	DVV	DVV1486		2017-09-01		Villa Girlesio, Cortina (BL)  Trichiana				0	0	1		248
R	DVV	DVV1487		2017-09-01		Villa Crotta, De Manzoni (BL)  Agordo				0	0	1		248
R	DVV	DVV1488		2017-09-01		Villa De Bertoldi  (BL)  Belluno-Costa di Castion				0	0	1		248
R	DVV	DVV1489		2017-09-01		Villa Alpago, Beltramini  (BL)  Belluno-Visomelle				0	0	1		248
R	DVV	DVV1490		2017-09-01		Villa Navasa  (BL)  Belluno				0	0	1		248
R	DVV	DVV1491		2017-09-01		Villa Corte, Gemmi, Bortot (BL)  Belluno-Carpenada				0	0	1		248
R	DVV	DVV1492		2017-09-01		Villa Miari, Sponga (BL)  Belluno-Cet				0	0	1		248
R	DVV	DVV1493		2017-09-01		Villa Borgatti-Riva (BL)  Belluno-Cavessago				0	0	1		248
R	DVV	DVV1494		2017-09-01		Villa Giamosa, Da Ronch  (BL)  Belluno-Madeago				0	0	1		248
R	DVV	DVV1495		2017-09-01		Villa Volpi, De Battista  (BL)  Belluno-Mulini				0	0	1		248
R	DVV	DVV1496		2017-09-01		Villa Doglioni, Melloni  (BL)  Belluno-Cor				0	0	1		248
R	DVV	DVV1497		2017-09-01		Villa Tauro, Zugni Tauro, Zilio, detta delle Centenere  (BL)  Cesiomaggiore-Centenere				0	0	1		248
R	DVV	DVV1498		2017-09-01		Villa Martini, Moro Gabelli  (BL)  Cesiomaggiore				0	0	1		248
R	DVV	DVV1499		2017-09-01		Villa Da Corte, Dalla Bona-Dalla Palma-Zanella, Dal Molin, detta Torre di Marsiai (BL)  Cesiomaggiore				0	0	1		248
R	DVV	DVV1500		2017-09-01		Villa Villabruna, Pompeati, Tavernaro, detta Sant'Anna (BL)  Feltre-Sant'Anna				0	0	1		248
R	DVV	DVV1501		2017-09-01		Villa Tomitano  (BL)  Feltre				0	0	1		248
R	DVV	DVV1502		2017-09-01		Villa de Mezzan  (BL)  Feltre-Grum				0	0	1		248
R	DVV	DVV1503		2017-09-01		Villa Villabruna, Bellati, Cumano, De Boni  (BL)  Feltre-San Silvestro				0	0	1		248
R	DVV	DVV1504		2017-09-01		Villa Norcen, Visentin (BL)  Feltre				0	0	1		248
R	DVV	DVV1505		2017-09-01		Villa Bellati, detta Le Case  (BL)  Feltre-Le Case di Umin				0	0	1		248
R	DVV	DVV1506		2017-09-01		Villa Bianco, Bonsembiante, Tarraran (BL)  Feltre				0	0	1		248
R	DVV	DVV1507		2017-09-01		Villa Dalla Piazza  (BL)  Feltre				0	0	1		248
R	DVV	DVV1508		2017-09-01		Villa Bonsembiante, Luzzatto (BL)  Feltre-Anconetta				0	0	1		248
R	DVV	DVV1509		2017-09-01		Villa Vellaio, Di Suni, detta San Liberale o Erminia  (BL)  Feltre-San Liberale				0	0	1		248
R	DVV	DVV1510		2017-09-01		Villa Villalta  (BL)  Feltre-San Liberale				0	0	1		248
R	DVV	DVV1511		2017-09-01		Villa Valduga  (BL)  Feltre				0	0	1		248
R	DVV	DVV1512		2017-09-01		Villa Bovio, Costantini, Bonsembiante  (BL)  Feltre-Centa di Farra				0	0	1		248
R	DVV	DVV1513		2017-09-01		Villa Damello, Facen Orum, Quarta  (BL)  Feltre				0	0	1		248
R	DVV	DVV1514		2017-09-01		Villa Berton, Maschio (BL)  Feltre				0	0	1		248
R	DVV	DVV1515		2017-09-01		Villa Villabruna  (BL)  Feltre-Tast di Farra				0	0	1		248
R	DVV	DVV1516		2017-09-01		Villa Carenzoni, Dal Covolo  (BL)  Feltre-Telva				0	0	1		248
R	DVV	DVV1517		2017-09-01		Case di Arten (BL)  Fonzaso				0	0	1		248
R	DVV	DVV1518		2017-09-01		Villa Tonello, Bovio, Zampiero (BL)  Fonzaso-Arten				0	0	1		248
R	DVV	DVV1519		2017-09-01		Villa Pantz  (BL)  Lentiai				0	0	1		248
R	DVV	DVV1520		2017-09-01		Villa Cristini (BL)  Lentiai				0	0	1		248
R	DVV	DVV1521		2017-09-01		Palazzo Pretorio  (BL)  Lentiai				0	0	1		248
R	DVV	DVV1522		2017-09-01		Villa Vergerio, De Mozzi Mione-Pante  (BL)  Lentiai				0	0	1		248
R	DVV	DVV1523		2017-09-01		Villa Piloni, Alpago, Doglioni Dal Mas, De Castello  (BL)  Limana-Villa Prima				0	0	1		248
R	DVV	DVV1524		2017-09-01		Villa Sacello, Zadra  (BL)  Limana-Centore				0	0	1		248
R	DVV	DVV1525		2017-09-01		Villa Piloni  (BL)  Limana				0	0	1		248
R	DVV	DVV1526		2017-09-01		Villa Sacello, Colle, Conte-Della Morgia (BL)  Limana-Col di Mezzo				0	0	1		248
R	DVV	DVV1527		2017-09-01		Villa Barcelloni, Mori, De Mori-Consorti  (BL)  Limana-Mane				0	0	1		248
R	DVV	DVV1528		2017-09-01		Villa Barcelloni, Occofer-Vedana, Arrigoni, Gavaz (BL)  Limana-Praloran				0	0	1		248
R	DVV	DVV1529		2017-09-01		Villa Tasso  (BL)  Limana				0	0	1		248
R	DVV	DVV1530		2017-09-01		Casa Cimenti, Girardi, ex Canonica di Pieve di Limana (BL)  Limana				0	0	1		248
R	DVV	DVV1531		2017-09-01		Villa Trois, Praloran  (BL)  Limana				0	0	1		248
R	DVV	DVV1532		2017-09-01		Villa Luzzati, Del Bon, Fabris, Del Zotto, Colle-Cattaneo (BL)  Mel				0	0	1		248
R	DVV	DVV1533		2017-09-01		Villa Fulcis, Zadra  (BL)  Mel				0	0	1		248
R	DVV	DVV1534		2017-09-01		Palazzo Fulcis, Guarnieri, De Cal (BL)  Mel				0	0	1		248
R	DVV	DVV1535		2017-09-01		Villa Monti, Galvani, Poletto, Fiorentin, detta Ca' Ostile  (VI)  Breganze				0	0	1		248
R	DVV	DVV1536		2017-09-01		Villa Brogliati (VI)  Breganze				0	0	1		248
R	DVV	DVV1537		2017-09-01		Villa Montorio Mascarello, Arrigoni, Ferrari, Noventa (VI)  Breganze				0	0	1		248
R	DVV	DVV1538		2017-09-01		Villa Arrigoni, Poli  (VI)  Breganze				0	0	1		248
R	DVV	DVV1539		2017-09-01		Villa Capra, Avogadro  (VI)  Breganze				0	0	1		248
R	DVV	DVV1540		2017-09-01		Villa Diedo, Chielin, Malvezzi, Tadini, Basso, detta delle Rose  (VI)  Breganze				0	0	1		248
R	DVV	DVV1541		2017-09-01		Villa Chiericati, Scaroni (VI)  Breganze				0	0	1		248
R	DVV	DVV1542		2017-09-01		Villa Gasparona, Malagutti - Stefani  (VI)  Breganze				0	0	1		248
R	DVV	DVV1543		2017-09-01		Villa Fioravanzo, Brusegan - Frigo  (VI)  Breganze				0	0	1		248
R	DVV	DVV1544		2017-09-01		Villa Elettra, detta delle Ore  (VI)  Breganze				0	0	1		248
R	DVV	DVV1545		2017-09-01		Villa Randi, Guglielmini  (VI)  Breganze				0	0	1		248
R	DVV	DVV1546		2017-09-01		Villa Lievore  (VI)  Breganze				0	0	1		248
R	DVV	DVV1547		2017-09-01		Villa detta del Torrione (VI)  Breganze				0	0	1		248
R	DVV	DVV1548		2017-09-01		Villa Rossi, Pertile - Xausa, Bortoli - Vanzo (VI)  Breganze				0	0	1		248
R	DVV	DVV1549		2017-09-01		Villa Monza, Da Porto, Savardo  (VI)  Breganze				0	0	1		248
R	DVV	DVV1550		2017-09-01		Colombara Battistello, detta La Cucca (VI)  Breganze-Cuca				0	0	1		248
R	DVV	DVV1551		2017-09-01		Villa Marinoni, Laverda - Di Nicoli (VI)  Breganze				0	0	1		248
R	DVV	DVV1552		2017-09-01		Villa Zabarella, Candiani (VI)  Breganze				0	0	1		248
R	DVV	DVV1553		2017-09-01		Ca' Trevisan, Carta, Brotto (VI)  Dueville				0	0	1		248
R	DVV	DVV1554		2017-09-01		Ca' Marchiori  (VI)  Dueville				0	0	1		248
R	DVV	DVV1555		2017-09-01		Casa Capra, Faccin, Zolin - Lovison (VI)  Dueville				0	0	1		248
R	DVV	DVV1556		2017-09-01		Villa Monza (VI)  Dueville				0	0	1		248
R	DVV	DVV1557		2017-09-01		Villa Monza, Mangili, Cavedon, Lanerossi  (VI)  Dueville				0	0	1		248
R	DVV	DVV1558		2017-09-01		Villa Capra, Franzana, Laverda (VI)  Dueville				0	0	1		248
R	DVV	DVV1559		2017-09-01		Villa Franchi, Penzo (VI)  Dueville-Rozzola				0	0	1		248
R	DVV	DVV1560		2017-09-01		Villa Saccardo, Martini, Panozzo - Grotto - Zanini, detta Sant'Anna (VI)  Dueville				0	0	1		248
R	DVV	DVV1561		2017-09-01		Villa Carli, Salvetti, Colpi, Carletti  (VI)  Dueville				0	0	1		248
R	DVV	DVV1562		2017-09-01		Ca' Scudella, Gheller  (VI)  Dueville				0	0	1		248
R	DVV	DVV1563		2017-09-01		Ca' Perdoncin  (VI)  Dueville				0	0	1		248
R	DVV	DVV1564		2017-09-01		Villa Camarellio, Grolla  (VI)  Dueville				0	0	1		248
R	DVV	DVV1565		2017-09-01		Villa Gregorin, Pianezzola (VI)  Dueville				0	0	1		248
R	DVV	DVV1566		2017-09-01		Ca' Paiello, Binotto  (VI)  Dueville				0	0	1		248
R	DVV	DVV1567		2017-09-01		Villa Monza, Ramina, Berlato, detta Ca' Ramina (VI)  Dueville				0	0	1		248
R	DVV	DVV1568		2017-09-01		Casa Da Schio, Magnabosco, Brotto, detta Ca' Vecchia (VI)  Dueville				0	0	1		248
R	DVV	DVV1569		2017-09-01		Villa Fadinelli, Stecchini, Tecchio, Sacchi, Pedrina, Rigon, Gianesello, Berdin - Faccio (VI)  Dueville				0	0	1		248
R	DVV	DVV1570		2017-09-01		Casa Giacomelli, Cecchin - Costa (VI)  Dueville				0	0	1		248
R	DVV	DVV1571		2017-09-01		Villa Da Porto, Sandi, Da Schio, Casarotto - Dalla Croce  (VI)  Dueville-Pilastroni				0	0	1		248
R	DVV	DVV1572		2017-09-01		Casa Matteazzi, Verona (VI)  Dueville				0	0	1		248
R	DVV	DVV1573		2017-09-01		Ca' Sacchi, Zocca (VI)  Dueville				0	0	1		248
R	DVV	DVV1574		2017-09-01		Villa Ruttilio, Rossi, detta Ca' dei Volti (VI)  Dueville				0	0	1		248
R	DVV	DVV1575		2017-09-01		Casa Pratesi, Zocca, Benetti - Pianezzola - Maino (VI)  Dueville				0	0	1		248
R	DVV	DVV1576		2017-09-01		Villa Zorzi, Buzzaccherini, Veller (VI)  Dueville				0	0	1		248
R	DVV	DVV1577		2017-09-01		Villa Cecchetto (VI)  Dueville				0	0	1		248
R	DVV	DVV1578		2017-09-01		Casa Cavalcante  (VI)  Dueville				0	0	1		248
R	DVV	DVV1579		2017-09-01		Villa Brandizio, Stecchini, Stecchini Nussi, Cita (VI)  Montecchio Precalcino-Pezzo				0	0	1		248
R	DVV	DVV1580		2017-09-01		Villa Nievo, Zanfadin, Montini, detta il Palazzo (VI)  Montecchio Precalcino				0	0	1		248
R	DVV	DVV1581		2017-09-01		Villa Stecchini, detta Il Palazzon  (VI)  Montecchio Precalcino				0	0	1		248
R	DVV	DVV1582		2017-09-01		Villa Franzan, Nievo, Bonin Longare, Cora', Fabris, Sartori, Carta - Dal Lago (VI)  Montecchio Precalcino				0	0	1		248
R	DVV	DVV1583		2017-09-01		Casa Tornieri, Mazzaggio, Closara (VI)  Montecchio Precalcino				0	0	1		248
R	DVV	DVV1584		2017-09-01		Villa Forni, Cerato, Conedera, Caimeri, Lando  (VI)  Montecchio Precalcino				0	0	1		248
R	DVV	DVV1585		2017-09-01		Villa Nievo, Bucchia, Borghin - Moro  (VI)  Montecchio Precalcino				0	0	1		248
R	DVV	DVV1586		2017-09-01		Villino Schio, Tornieri, Carretta (VI)  Montecchio Precalcino				0	0	1		248
R	DVV	DVV1587		2017-09-01		Palazzo Todeschini  (VI)  Montecchio Precalcino				0	0	1		248
R	DVV	DVV1588		2017-09-01		Villa Nievo, Bonin Longare (VI)  Montecchio Precalcino				0	0	1		248
R	DVV	DVV1589		2017-09-01		Villa Brandisi, Saccardo  (VI)  Montecchio Precalcino				0	0	1		248
R	DVV	DVV1590		2017-09-01		Villa Monza, Piccoli Leoni, Zanin - Zolin, detta la Bastia (VI)  Montecchio Precalcino				0	0	1		248
R	DVV	DVV1591		2017-09-01		Villa Trissino  (VI)  Montecchio Precalcino				0	0	1		248
R	DVV	DVV1592		2017-09-01		Villa Tretti, detta di San Rocco (VI)  Montecchio Precalcino				0	0	1		248
R	DVV	DVV1593		2017-09-01		Villa Sesso, Ferella  (VI)  Montecchio Precalcino				0	0	1		248
R	DVV	DVV1594		2017-09-01		Villa Polvaro, Barbini, Velo  (VE)  Annone Veneto				0	0	1		248
R	DVV	DVV1595		2017-09-01		Villa Cassiani  (VE)  Annone Veneto				0	0	1		248
R	DVV	DVV1596		2017-09-01		Villa Morosini  (VE)  Caorle				0	0	1		248
R	DVV	DVV1597		2017-09-01		Villa Loredan, detta Ca' Trolese  (VE)  Campolongo Maggiore-Bosco di Sacco				0	0	1		248
R	DVV	DVV1598		2017-09-01		Villa Caffredo  (VE)  Fosso'-Sandon				0	0	1		248
R	DVV	DVV1599		2017-09-01		Villa Barella, Greci, Ferraresso, Bertolaso  (VE)  Camponogara				0	0	1		248
R	DVV	DVV1600		2017-09-01		Villa Fabris, Scarella, Agnoletto  (VE)  Camponogara				0	0	1		248
R	DVV	DVV1601		2017-09-01		Resti di Ca' Diedo  (VE)  Camponogara				0	0	1		248
R	DVV	DVV1602		2017-09-01		Villa Rubbi, Bembo, Griggio (VE)  Camponogara				0	0	1		248
R	DVV	DVV1603		2017-09-01		Villa Menegazzo  (VE)  Camponogara				0	0	1		248
R	DVV	DVV1604		2017-09-01		Villa Canal, Manfredini, detta Il Palazzon  (VE)  Camponogara				0	0	1		248
R	DVV	DVV1605		2017-09-01		Barchessa di Villa Marcello, Cattanei (VE)  Cinto Caomaggiore				0	0	1		248
R	DVV	DVV1606		2017-09-01		Ca' Soranzo (VE)  Concordia Sagittaria				0	0	1		248
R	DVV	DVV1607		2017-09-01		Villa Frattina, Marzotto  (VE)  Portogruaro				0	0	1		248
R	DVV	DVV1608		2017-09-01		Villa Bombarda  (VE)  Portogruaro				0	0	1		248
R	DVV	DVV1609		2017-09-01		Villa Martinelli  (VE)  Portogruaro				0	0	1		248
R	DVV	DVV1610		2017-09-01		Villa Migotto  (VE)  Santo Stino di Livenza				0	0	1		248
R	DVV	DVV1611		2017-09-01		Villa Calzavara  (VE)  Santo Stino di Livenza				0	0	1		248
R	DVV	DVV1612		2017-09-01		Villa Longo  (VE)  Santo Stino di Livenza				0	0	1		248
R	DVV	DVV1613		2017-09-01		Villa Corner, Migotto  (VE)  Santo Stino di Livenza				0	0	1		248
R	DVV	DVV1614		2017-09-01		Villa Marin, Reis  (VE)  Teglio Veneto				0	0	1		248
R	DVV	DVV1615		2017-09-01		Villa Aiaccio, Baldi  (VE)  Vigonovo				0	0	1		248
R	DVV	DVV1616		2017-09-01		Villa Bellavitis  (VE)  Vigonovo				0	0	1		248
R	DVV	DVV1617		2017-09-01		Villa Zanon (VE)  Vigonovo				0	0	1		248
R	DVV	DVV1618		2017-09-01		Villa Sagredo, Sgaravatti, Bano  (VE)  Vigonovo				0	0	1		248
R	DVV	DVV1619		2017-09-01		Villa settecentesca (Asilo Infantile Santa Maria Assunta)  (VE)  Camponogara				0	0	1		248
R	DVV	DVV1620		2017-09-01		Villa Mocenigo  (VE)  Fossalta di Portogruaro				0	0	1		248
R	DVV	DVV1621		2017-09-01		Villa Fadelli Ronzani (VE)  Gruaro				0	0	1		248
R	DVV	DVV1622		2017-09-01		Villa Muschietti, detta Belvedere  (VE)  Pramaggiore				0	0	1		248
R	DVV	DVV1623		2017-09-01		Villa Altan  (VE)  Pramaggiore				0	0	1		248
R	DVV	DVV1624		2017-09-01		Villa Dalla Pasqua - Venier  (VE)  Pramaggiore				0	0	1		248
R	DVV	DVV1625		2017-09-01		Villa De Buoi  (VE)  San Michele al Tagliamento				0	0	1		248
R	DVV	DVV1626		2017-09-01		Villa Braida  (VE)  San Michele al Tagliamento				0	0	1		248
R	DVV	DVV1627		2017-09-01		Villa Rubin  (VE)  Santo Stino di Livenza				0	0	1		248
R	DVV	DVV1628		2017-09-01		Villa De' Buzzaccarini (PD)  Monselice				0	0	1		248
R	DVV	DVV1629		2017-09-01		Barchesse di villa Mocenigo, Ivancich Biaggini  (VE)  San Michele al Tagliamento-San Michele Vecchio				0	0	1		248
R	DVV	DVV1630		2017-09-01		Villa Correr, Agazzi  (VE)  Santo Stino di Livenza-Biverone				0	0	1		248
R	DVV	DVV1631		2017-09-01		Villa Sguerzi  (VE)  Teglio Veneto				0	0	1		248
R	DVV	DVV1632		2017-09-01		Villa Gobbo  (VE)  Teglio Veneto				0	0	1		248
R	DVV	DVV1633		2017-09-01		Ca' Tommasi  (RO)  Canda-Ca' Molinelli, Tommasi				0	0	1		248
R	DVV	DVV1634		2017-09-01		Ca' Raspi  (RO)  Canda-Ca' Raspi				0	0	1		248
R	DVV	DVV1635		2017-09-01		Villa Cappello, Paiola, detta Il Palazzon  (RO)  Castelguglielmo-Perarolo				0	0	1		248
R	DVV	DVV1636		2017-09-01		Villa Bellettato, Baldo  (RO)  Fratta Polesine				0	0	1		248
R	DVV	DVV1637		2017-09-01		Casa Tenan, detta Ca' Sartine o Ca' Conti Milan Scardona (RO)  Lusia				0	0	1		248
R	DVV	DVV1638		2017-09-01		Villa Cappellini, Feraccioli  (RO)  Lendinara				0	0	1		248
R	DVV	DVV1639		2017-09-01		Villa Franceschetti, Borletti, detta Ca' Negra (RO)  Loreo				0	0	1		248
R	DVV	DVV1640		2017-09-01		Villa Sturati, Sassi, detta I Palazzi (RO)  Occhiobello				0	0	1		248
R	DVV	DVV1641		2017-09-01		Villa Zotti, detta Ca' del Mezzano (RO)  Papozze				0	0	1		248
R	DVV	DVV1642		2017-09-01		Villa Gobbetto, Traccanella Barbirolli  (RO)  Rovigo				0	0	1		248
R	DVV	DVV1643		2017-09-01		Villa Gasparetto, Mantero - Poli (RO)  Rovigo				0	0	1		248
R	DVV	DVV1644		2017-09-01		Villa Montinghel, Zanetti  (VR)  Lazise-Montighel				0	0	1		248
R	DVV	DVV1645		2017-09-01		Villa Da Sacco  (VR)  Lazise				0	0	1		248
R	DVV	DVV1646		2017-09-01		Villa Cavazzocca Mazzanti, detta La Pergolana  (VR)  Lazise				0	0	1		248
R	DVV	DVV1647		2017-09-01		Villa Conferazene, Tretti  (VR)  Lazise				0	0	1		248
R	DVV	DVV1648		2017-09-01		Villa Anturium, Pavesi  (VR)  Lazise				0	0	1		248
R	DVV	DVV1649		2017-09-01		Villa Moscardo, Miniscalchi, detta dei Cedri  (VR)  Lazise-Cola'				0	0	1		248
R	DVV	DVV1650		2017-09-01		Villa Saline, Fratta Pasini (VR)  Lazise				0	0	1		248
R	DVV	DVV1651		2017-09-01		Villa Bernini  (VR)  Lazise				0	0	1		248
R	DVV	DVV1652		2017-09-01		Palazzo dei Capitani  (VR)  Malcesine				0	0	1		248
R	DVV	DVV1653		2017-09-01		Villa Cittadella, Giusti del Giardino  (PD)  Tombolo				0	0	1		248
R	DVV	DVV1654		2017-09-01		Villa Contarini, Paccagnella  (PD)  Piazzola sul Brenta				0	0	1		248
R	DVV	DVV1655		2017-09-01		Villa Orsato, Cittadella Vigodarzere - Gallarati Scotti, detta del Conte  (PD)  Fontaniva				0	0	1		248
R	DVV	DVV1656		2017-09-01		Villa Spessa  (PD)  Carmignano di Brenta				0	0	1		248
R	DVV	DVV1657		2017-09-01		Villa Facchetti, Corniani, Vancenati, Negri (PD)  Carmignano di Brenta				0	0	1		248
R	DVV	DVV1658		2017-09-01		Villa Ortolani, detta La Colombara  (PD)  Cittadella-Colombara				0	0	1		248
R	DVV	DVV1659		2017-09-01		Villa Nave, Querini, Correr, Dolfin, detta Ca' Nave  (PD)  Cittadella				0	0	1		248
R	DVV	DVV1660		2017-09-01		Ca' Tron, Kofler  (PD)  Cittadella				0	0	1		248
R	DVV	DVV1661		2017-09-01		Villa Fava, Don� dalle Rose, Negri, detta Casaretta  (PD)  Cittadella				0	0	1		248
R	DVV	DVV1662		2017-09-01		Ca' Micheli, Simioni  (PD)  Cittadella				0	0	1		248
R	DVV	DVV1663		2017-09-01		Villa Cittadella Vigodarzere  (PD)  Cittadella				0	0	1		248
R	DVV	DVV1664		2017-09-01		Villa Fontaniva, Simeoni  (PD)  Fontaniva				0	0	1		248
R	DVV	DVV1665		2017-09-01		Barchessa di villa Peschiera  (PD)  Gazzo				0	0	1		248
R	DVV	DVV1666		2017-09-01		Villa De' Tacchi (PD)  Gazzo				0	0	1		248
R	DVV	DVV1667		2017-09-01		Villa La Colombina  (PD)  Piazzola sul Brenta				0	0	1		248
R	DVV	DVV1668		2017-09-01		Villa Bembo  (PD)  San Giorgio in Bosco				0	0	1		248
R	DVV	DVV1669		2017-09-01		Villa Morosini, Serego Alighieri  (PD)  Villa del Conte				0	0	1		248
R	DVV	DVV1670		2017-09-01		Villa Giara, Marcello, Giusti, detta Palazzo del Conte  (PD)  San Giorgio in Bosco				0	0	1		248
R	DVV	DVV1671		2017-09-01		Villa Maluccello, Soardo, Breganze, Valerio (VI)  Breganze				0	0	1		248
R	DVV	DVV1672		2017-09-01		Colombara Pagello-Monza, Miotti (VI)  Breganze				0	0	1		248
R	DVV	DVV1673		2017-09-01		Villa Laverda, Calore  (VI)  Breganze				0	0	1		248
R	DVV	DVV1674		2017-09-01		Villa Finozzi, Mascarello, Marzotto, Bassani, Finozzi (VI)  Breganze				0	0	1		248
R	DVV	DVV1675		2017-09-01		Villa Mischio, Sacchi, Gonzato - Michelazzo (VI)  Dueville				0	0	1		248
R	DVV	DVV1676		2017-09-01		Casa Da Porto, Cecchin (VI)  Dueville				0	0	1		248
R	DVV	DVV1677		2017-09-01		Villa Filotto, Bassan - Mencato, Bassan - Benedetti (VI)  Dueville				0	0	1		248
R	DVV	DVV1678		2017-09-01		Villa Pedrina, Matteazzi, Dalla Via (VI)  Dueville				0	0	1		248
R	DVV	DVV1679		2017-09-01		Villa Manzoni, Albenzio  (VE)  Fiesso d'Artico				0	0	1		248
R	DVV	DVV1680		2017-09-01		Villa Manzoni, Gennari, Lion, detta Belvedere (VE)  Fiesso d'Artico				0	0	1		248
R	DVV	DVV1681		2017-09-01		Casa Boldrin - Cestonaro - Fiorese - Volpe  (VE)  Mira-Piazza Mercato				0	0	1		248
R	DVV	DVV1682		2017-09-01		Villa Barbarigo, Fontana, Giobellina  (VE)  Fiesso d'Artico				0	0	1		248
R	DVV	DVV1683		2017-09-01		Casa Emo, Bembo, Marini  (VE)  Stra				0	0	1		248
R	DVV	DVV1684		2017-09-01		Palazzetto Gasparini  (VE)  Dolo				0	0	1		248
R	DVV	DVV1685		2017-09-01		Palazzo delle Finanze  (VE)  Dolo				0	0	1		248
R	DVV	DVV1686		2017-09-01		Villa Dondi dall'Orologio, Parolini, Baroncelli (VE)  Dolo				0	0	1		248
R	DVV	DVV1687		2017-09-01		Villa Concina  (VE)  Dolo				0	0	1		248
R	DVV	DVV1688		2017-09-01		Villino Angeli, Colucci  (VE)  Dolo				0	0	1		248
R	DVV	DVV1689		2017-09-01		Palazzetto Zulian, Priuli, Parth  (VE)  Dolo				0	0	1		248
R	DVV	DVV1690		2017-09-01		Palazzo Venier, De Gotzen  (VE)  Dolo				0	0	1		248
R	DVV	DVV1691		2017-09-01		Ca' Rizzoli  (VE)  Dolo				0	0	1		248
R	DVV	DVV1692		2017-09-01		Villa Morosini (VE)  Dolo				0	0	1		248
R	DVV	DVV1693		2017-09-01		Palazzo Foscarini, Zara  (VE)  Mira				0	0	1		248
R	DVV	DVV1694		2017-09-01		Palazzetto rurale Daneluzzi  (VE)  Mira				0	0	1		248
R	DVV	DVV1695		2017-09-01		Ca' Moro  (VE)  Mira				0	0	1		248
R	DVV	DVV1696		2017-09-01		Casa colonica Maruzzi  (VE)  Mira				0	0	1		248
R	DVV	DVV1697		2017-09-01		Casa colonica Bertocco  (VE)  Mira				0	0	1		248
R	DVV	DVV1698		2017-09-01		Palazzetto rurale ottocentesco  (VE)  Mira				0	0	1		248
R	DVV	DVV1699		2017-09-01		Villa Loredan, Carminati, Rova, Smania  (VE)  Stra-San Pietro di Stra				0	0	1		248
R	DVV	DVV1700		2017-09-01		Villa Vendramin, Gasperini  (VE)  Stra				0	0	1		248
R	DVV	DVV1701		2017-09-01		Villa Vendramin, Franceschi  (VE)  Stra				0	0	1		248
R	DVV	DVV1702		2017-09-01		Palazzetto Tosoni  (VE)  Stra				0	0	1		248
R	DVV	DVV1703		2017-09-01		Villa Ruffo (VE)  Stra				0	0	1		248
R	DVV	DVV1704		2017-09-01		Villino Bellon  (VE)  Stra-Fossolovara				0	0	1		248
R	DVV	DVV1705		2017-09-01		Villa Rampin  (VE)  Stra				0	0	1		248
R	DVV	DVV1706		2017-09-01		Villa Pertile  (VE)  Stra				0	0	1		248
R	DVV	DVV1707		2017-09-01		Villa Marin, Fattore  (VE)  Stra				0	0	1		248
R	DVV	DVV1708		2017-09-01		Villa Voltan  (VE)  Stra				0	0	1		248
R	DVV	DVV1709		2017-09-01		Villa Loredan, Jappelli, Marcato, De Pol  (VE)  Stra				0	0	1		248
R	DVV	DVV1710		2017-09-01		Villa Gritti, Menin  (VE)  Stra				0	0	1		248
R	DVV	DVV1711		2017-09-01		Casa rurale Gasparini (VE)  Stra				0	0	1		248
R	DVV	DVV1712		2017-09-01		Villa Alberti  (VE)  Stra				0	0	1		248
R	DVV	DVV1713		2017-09-01		Villa Gritti, Nasi, Fonti, Moschini, Briani  (VE)  Stra				0	0	1		248
R	DVV	DVV1714		2017-09-01		Villa Carpi, Jager, Granata, Pizzo, Moreno, Zuin  (VE)  Stra				0	0	1		248
R	DVV	DVV1715		2017-09-01		Villa Zanetti, Settimo, Zoldan, Checchini, Caovilla  (VE)  Stra				0	0	1		248
R	DVV	DVV1716		2017-09-01		Villa Ceccato  (VE)  Stra				0	0	1		248
R	DVV	DVV1717		2017-09-01		Villa Revedin  (VE)  Venezia				0	0	1		248
R	DVV	DVV1718		2017-09-01		Villa Kekerle, Caffi (VE)  Venezia				0	0	1		248
R	DVV	DVV1719		2017-09-01		Villa Draghi, Bortoletto  (VE)  Venezia				0	0	1		248
R	DVV	DVV1720		2017-09-01		Villa Accenti, Ivancich, detta Salus  (VE)  Venezia-Mestre				0	0	1		248
R	DVV	DVV1721		2017-09-01		Villa Paganello  (VE)  Venezia				0	0	1		248
R	DVV	DVV1722		2017-09-01		Villa Settembrini  (VE)  Venezia-Mestre				0	0	1		248
R	DVV	DVV1723		2017-09-01		Villa Querini  (VE)  Venezia-Mestre				0	0	1		248
R	DVV	DVV1724		2017-09-01		Casa Uccelli  (VE)  Venezia-Mestre				0	0	1		248
R	DVV	DVV1725		2017-09-01		Palazzo Franchin  (VE)  Venezia				0	0	1		248
R	DVV	DVV1726		2017-09-01		Villa Traldi  (VE)  Venezia				0	0	1		248
R	DVV	DVV1727		2017-09-01		Villa Pezzana, Marin, Tivan  (VE)  Venezia-Mestre				0	0	1		248
R	DVV	DVV1728		2017-09-01		Villa Algarotti, Berchet, Marcello  (VE)  Venezia				0	0	1		248
R	DVV	DVV1729		2017-09-01		Villa Luca, Grimani, Bragadin (VE)  Venezia				0	0	1		248
R	DVV	DVV1730		2017-09-01		Villa Erizzo (VE)  Venezia-Mestre				0	0	1		248
R	DVV	DVV1731		2017-09-01		Villa Pozzi  (VE)  Venezia-Gazzera				0	0	1		248
R	DVV	DVV1732		2017-09-01		Villa Combi, Malvolti  (VE)  Venezia				0	0	1		248
R	DVV	DVV1733		2017-09-01		Villa Giulai, Friedembergh  (VE)  Venezia-Asseggiano				0	0	1		248
R	DVV	DVV1734		2017-09-01		Villa Volpi, Pavan  (VE)  Venezia				0	0	1		248
R	DVV	DVV1735		2017-09-01		Villa Marini Missana  (VE)  Venezia				0	0	1		248
R	DVV	DVV1736		2017-09-01		Villa Bosi, Ferrari, Brusaferro - Ferrari (VI)  Crespadoro				0	0	1		248
R	DVV	DVV1737		2017-09-01		Villa Bianchi, Neri, Gonzati, Franzani, Maffei, Brunelli Bonetti, detta Veronica (VI)  Cornedo Vicentino				0	0	1		248
R	DVV	DVV1738		2017-09-01		Villa Gonzati, Ghellini, Mozzi  (VI)  Cornedo Vicentino				0	0	1		248
R	DVV	DVV1739		2017-09-01		Villa Piovene, Porto, Godi  (VI)  Lugo di Vicenza				0	0	1		248
R	DVV	DVV1740		2017-09-01		Villa Muzani, Castellani, Fancon  (VI)  Malo				0	0	1		248
R	DVV	DVV1741		2017-09-01		Barco di villa Ghellini, Ghellini - Ferrante - Lioy, Ghellini (VI)  Malo-San Tomio				0	0	1		248
R	DVV	DVV1742		2017-09-01		Villa Castellani, Manini, Marchesini (VI)  Malo				0	0	1		248
R	DVV	DVV1743		2017-09-01		Villa Santaca' - Scorzato, Scorzato (VI)  Malo				0	0	1		248
R	DVV	DVV1744		2017-09-01		Villa Branzo Loschi, Ghellini, Checcozzi, Vecchia, Reghellini, Carli, Dalle Rive Carli (VI)  Malo				0	0	1		248
R	DVV	DVV1745		2017-09-01		Villa Poli, Clementi - Sbalchiero, Zocca (VI)  Malo				0	0	1		248
R	DVV	DVV1746		2017-09-01		Adiacenze di villa Da Porto, Colleoni, Di Thiene  (VI)  Malo				0	0	1		248
R	DVV	DVV1747		2017-09-01		Villa Ghellini, Checcozzi, Grendene, Biotto - Grendene (VI)  Malo				0	0	1		248
R	DVV	DVV1748		2017-09-01		Villa Capra, Barbarani Capra, Panciera, Sottoriva, Zaltron (VI)  Marano Vicentino				0	0	1		248
R	DVV	DVV1749		2017-09-01		Villa Xilo  (VI)  Piovene Rocchette				0	0	1		248
R	DVV	DVV1750		2017-09-01		Villa seicentesca (VI)  Piovene Rocchette				0	0	1		248
R	DVV	DVV1751		2017-09-01		Villa Capra, Colleoni Porto, Bassani, Fortunato-Toscan (VI)  Sarcedo				0	0	1		248
R	DVV	DVV1752		2017-09-01		Villa Nievo, Mazzaggio, Rossi-Todeschini (VI)  Sarcedo				0	0	1		248
R	DVV	DVV1753		2017-09-01		Villa Franzan, Dalla Vecchia, Gavazza, Massignan, Guerra, detta il Barcon (VI)  Sarcedo				0	0	1		248
R	DVV	DVV1754		2017-09-01		Villa Balardi, Zironda, Gechelin, detta Ca' Dotta (VI)  Sarcedo				0	0	1		248
R	DVV	DVV1755		2017-09-01		Villa Pozzan, Beninca' (VI)  Santorso				0	0	1		248
R	DVV	DVV1756		2017-09-01		Villa Zeni, Facci, Filippi, detta Ca' Zeno (VI)  Santorso				0	0	1		248
R	DVV	DVV1757		2017-09-01		Villa Thiene, Verlato, Matteazzi, Leder (VI)  Santorso-Garziere				0	0	1		248
R	DVV	DVV1758		2017-09-01		Villa Rossato, Calgaro-Rossato, Compostella-Dalla Vecchia (VI)  Santorso				0	0	1		248
R	DVV	DVV1759		2017-09-01		Villa Ghellini, Porto, Cibele, Dal Ferro, Brazzale, detta Ca' Ghellina (VI)  Thiene				0	0	1		248
R	DVV	DVV1760		2017-09-01		Villa Ferretti, Ferrarin (VI)  Thiene				0	0	1		248
R	DVV	DVV1761		2017-09-01		Villa Da Porto, Colleoni, Thiene, detta Il Castello (VI)  Thiene				0	0	1		248
R	DVV	DVV1762		2017-09-01		Villa Valle, Orsini, Marzotto (VI)  Valdagno				0	0	1		248
R	DVV	DVV1763		2017-09-01		Villa Bevilacqua, Cengia, Gajanigo, Barbieri (VI)  Valdagno				0	0	1		248
R	DVV	DVV1764		2017-09-01		Villa Pedrazza (VI)  Zane'				0	0	1		248
R	DVV	DVV1765		2017-09-01		Villa Porto, Borgo, Carollo-Dalla Costa, detta Porto Usei (VI)  Zugliano				0	0	1		248
R	DVV	DVV1766		2017-09-01		Villa Remigi, detta el Vaticano (VI)  Zugliano				0	0	1		248
R	DVV	DVV1767		2017-09-01		Villa Vecchia, Maddalena, Lovisetto (VI)  Zugliano				0	0	1		248
R	DVV	DVV1768		2017-09-01		Villa Cavaggioni, Vecchia, Maddalena, Dal Ferro (VI)  Zugliano-Grumolo di Pedemonte				0	0	1		248
R	DVV	DVV1769		2017-09-01		Villa Sesso, Cona, Lievore-Pozzato-Bressanin, detta Casa del Tugurio (VI)  Sandrigo				0	0	1		248
R	DVV	DVV1770		2017-09-01		Villa Ghellini, Guidolini, Calvi Giara, Da Schio, Dall'Olmo (VI)  Villaverla				0	0	1		248
R	DVV	DVV1771		2017-09-01		Villa Dal Toso, Galletto, Speggiorin-De Toni (VI)  Sandrigo				0	0	1		248
R	DVV	DVV1772		2017-09-01		Villa Valmarana, Zenere (VI)  Pozzoleone				0	0	1		248
R	DVV	DVV1773		2017-09-01		Casa Sesso, Cenciulli, Chemello (VI)  Sandrigo-San Sisto				0	0	1		248
R	DVV	DVV1774		2017-09-01		Villa Trissino, Rigon, Martini, Pozzato, Tretti (VI)  Sandrigo				0	0	1		248
R	DVV	DVV1775		2017-09-01		Villa Capra, Zileri, Gaspari, Dalla Via (VI)  Pozzoleone				0	0	1		248
R	DVV	DVV1776		2017-09-01		Villa Capra, Barbaran, Tornieri, Balestra, Carli (VI)  Pozzoleone				0	0	1		248
R	DVV	DVV1777		2017-09-01		Villa Tommasoni, Dal Pozzolo (VI)  Pozzoleone				0	0	1		248
R	DVV	DVV1778		2017-09-01		Villa Novello-Peruzzo (VI)  Pozzoleone				0	0	1		248
R	DVV	DVV1779		2017-09-01		Villa Dalla Tavola, Rigoni (VI)  Pozzoleone				0	0	1		248
R	DVV	DVV1780		2017-09-01		Villa Condostaulo, Rosin, Bonotto (VI)  Pozzoleone				0	0	1		248
R	DVV	DVV1781		2017-09-01		Villa Dalla Tavola, Ferramosca, Agostini, detta Palazzo Rosso (VI)  Pozzoleone				0	0	1		248
R	DVV	DVV1782		2017-09-01		Casa Scaroni, Gasparotto-Maino (VI)  Sandrigo				0	0	1		248
R	DVV	DVV1783		2017-09-01		Casa Renzi-Toffanin, Toffanin (VI)  Sandrigo				0	0	1		248
R	DVV	DVV1784		2017-09-01		Ca' Gasparotto, Fogliato, De Marchi, detta Marzana (VI)  Sandrigo				0	0	1		248
R	DVV	DVV1785		2017-09-01		Villa Sesso, Schiavo, Nardone (VI)  Sandrigo				0	0	1		248
R	DVV	DVV1786		2017-09-01		Villa Trissino, Conti, Stecchini, Zannini, Cavaliere-Girardini (VI)  Sandrigo				0	0	1		248
R	DVV	DVV1787		2017-09-01		Villa Dal Toso, Chiericati, Mocenigo, Rigoni (VI)  Sandrigo				0	0	1		248
R	DVV	DVV1788		2017-09-01		Villa Sesso, Stecchini, Rubini, Tonolli Lattes, Mattiello, Bordignon (VI)  Sandrigo				0	0	1		248
R	DVV	DVV1789		2017-09-01		Villa Toffanin, Costantini (VI)  Sandrigo				0	0	1		248
R	DVV	DVV1790		2017-09-01		Villa Trissino, Conti, Sesso, Volpato (VI)  Sandrigo				0	0	1		248
R	DVV	DVV1791		2017-09-01		Villa Garbinati, Tecchio, Morgante, Giaretta, Zanotti Fragonara-Rigo (VI)  Sandrigo-Lupiola				0	0	1		248
R	DVV	DVV1792		2017-09-01		Villa Negri, Rossi, Vencato, Vanzan (VI)  Sandrigo				0	0	1		248
R	DVV	DVV1793		2017-09-01		Ca' Noventa, Scanavin, detta Agosta (VI)  Sandrigo				0	0	1		248
R	DVV	DVV1794		2017-09-01		Villa Sesso, Battistella, Roi, Tecchio, Doria, Pesavento, Carlotto (VI)  Sandrigo				0	0	1		248
R	DVV	DVV1795		2017-09-01		Villa Sesso, Ruffini (VI)  Sandrigo				0	0	1		248
R	DVV	DVV1796		2017-09-01		Villa Chiericati, Pigato, Ramina, Peruzzi (VI)  Sandrigo				0	0	1		248
R	DVV	DVV1797		2017-09-01		Villa Chiericati, Pertile, Borgo, Milan (VI)  Sandrigo				0	0	1		248
R	DVV	DVV1798		2017-09-01		Villa Negri de Salvi, Rigoni, Mascotto (VI)  Sandrigo				0	0	1		248
R	DVV	DVV1799		2017-09-01		Villa Dal Toso, Cornaro, Mocenigo, Cadore, Rossato (VI)  Sandrigo				0	0	1		248
R	DVV	DVV1800		2017-09-01		Villa Negri, Stefani, detta Casa Rossa (VI)  Sandrigo				0	0	1		248
R	DVV	DVV1801		2017-09-01		Porticato Beretti-Bigarella-Cecchin-Galvan detto delle Procuratie (VI)  Sandrigo				0	0	1		248
R	DVV	DVV1802		2017-09-01		Casa Stecchini, Zanazzo, detta dell'Albereria (VI)  Sandrigo				0	0	1		248
R	DVV	DVV1803		2017-09-01		Villa Fracasso (VI)  Villaverla				0	0	1		248
R	DVV	DVV1804		2017-09-01		Villa Verlato, Dalla Negra, Dianin, Putin (VI)  Villaverla				0	0	1		248
R	DVV	DVV1805		2017-09-01		Villa Da Porto, Martinengo Dalle Palle, Spiller (VI)  Villaverla				0	0	1		248
R	DVV	DVV1806		2017-09-01		Villa Celegoni, Chilesotti, Marzotto, Celegoni, Maddalena, detta del Braglio (VI)  Villaverla				0	0	1		248
R	DVV	DVV1807		2017-09-01		Casa Fabbris (VI)  Villaverla				0	0	1		248
R	DVV	DVV1808		2017-09-01		Villa Da Porto, Clementi, Rossi (VI)  Villaverla				0	0	1		248
R	DVV	DVV1809		2017-09-01		Villa Verlato, Pisani, Filippi-Maistrello-Pisani, Maistrello-Pisani (VI)  Villaverla				0	0	1		248
R	DVV	DVV1810		2017-09-01		Villa Ghellini, Arnaldi, Filippi (VI)  Villaverla				0	0	1		248
R	DVV	DVV1811		2017-09-01		Villa Milani, Ghellini, Saraceno, Nievo, Bonin Longare, Mantiero, Tonin (VI)  Villaverla				0	0	1		248
R	DVV	DVV1812		2017-09-01		Villa Perini, Maragno (VI)  Schiavon				0	0	1		248
R	DVV	DVV1813		2017-09-01		Casa Ghellini, Munarini (VI)  Villaverla				0	0	1		248
R	DVV	DVV1814		2017-09-01		Villa Fioretti, Lerolin (VI)  Marano Vicentino				0	0	1		248
R	DVV	DVV1815		2017-09-01		Villa Guarienti  (VR)  Minerbe				0	0	1		248
R	DVV	DVV1816		2017-09-01		Villa Capra, Savardo, Dalla Bona (VI)  Marano Vicentino				0	0	1		248
R	DVV	DVV1817		2017-09-01		Villa Zocche, De Pretto, Grotto (VI)  Schio-Ceresara				0	0	1		248
R	DVV	DVV1818		2017-09-01		Villa Pizzoni, Floriani, Chiappin (VI)  Santorso				0	0	1		248
R	DVV	DVV1819		2017-09-01		Villa Dona' (VI)  Santorso				0	0	1		248
R	DVV	DVV1820		2017-09-01		Villa Dal Ferro, Canneti, Vanzo, Barettoni (VI)  Schio				0	0	1		248
R	DVV	DVV1821		2017-09-01		Villa Thiene, Cornaggia, Mangilli (VI)  Thiene				0	0	1		248
R	DVV	DVV1822		2017-09-01		Villa Dolfin, Marchiori  (RO)  Lendinara				0	0	1		248
R	DVV	DVV1823		2017-09-01		Scuderia di Villa Luisa, Costato (RO)  Villanova Marchesana				0	0	1		248
R	DVV	DVV1824		2017-09-01		Rustico Grimani, Targa - Treves - Usigli  (RO)  Rovigo				0	0	1		248
R	DVV	DVV1825		2017-09-01		Villa Trombini  (RO)  Canda				0	0	1		248
R	DVV	DVV1826		2017-09-01		Villa Camerini, Brogiato  (RO)  Villanova Marchesana				0	0	1		248
R	DVV	DVV1827		2017-09-01		Casa Selmi  (RO)  Polesella				0	0	1		248
R	DVV	DVV1828		2017-09-01		Villa Sarti Savonarola, Gianesini  (RO)  Crespino				0	0	1		248
R	DVV	DVV1829		2017-09-01		Villa Ravenna  (VE)  Annone Veneto				0	0	1		248
R	DVV	DVV1830		2017-09-01		Villa Colonda Marchesini  (VE)  Campagna Lupia				0	0	1		248
R	DVV	DVV1831		2017-09-01		Casa canonica di Campoverardo  (VE)  Camponogara				0	0	1		248
R	DVV	DVV1832		2017-09-01		Villa Parolin, Marcato (VE)  Camponogara				0	0	1		248
R	DVV	DVV1833		2017-09-01		Villa Longega  (VE)  Camponogara				0	0	1		248
R	DVV	DVV1834		2017-09-01		Palazzo Papafava dei Carraresi, Balbi  (VE)  Camponogara				0	0	1		248
R	DVV	DVV1835		2017-09-01		Villa Capovilla, Dal Rio, Lancerotto, Callegaro  (VE)  Camponogara				0	0	1		248
R	DVV	DVV1836		2017-09-01		Villa Garzoni, Colonda, Cacco  (VE)  Camponogara				0	0	1		248
R	DVV	DVV1837		2017-09-01		Villa Grimani (Casa canonica di Camponogara)  (VE)  Camponogara				0	0	1		248
R	DVV	DVV1838		2017-09-01		Villa Bornacini  (VE)  Cinto Caomaggiore				0	0	1		248
R	DVV	DVV1839		2017-09-01		Villa Passi, detta La Persiana  (VE)  Cinto Caomaggiore				0	0	1		248
R	DVV	DVV1840		2017-09-01		Villa Bornancini, Trevisan (VE)  Cinto Caomaggiore				0	0	1		248
R	DVV	DVV1841		2017-09-01		Villa Sidran  (VE)  Fossalta di Portogruaro				0	0	1		248
R	DVV	DVV1842		2017-09-01		Villa Mulinari, Bettin, Maniero  (VE)  Fosso'				0	0	1		248
R	DVV	DVV1843		2017-09-01		Villa Zaguri  (VE)  Mira				0	0	1		248
R	DVV	DVV1844		2017-09-01		Villa Gubbitta  (VE)  Santo Stino di Livenza				0	0	1		248
R	DVV	DVV1845		2017-09-01		Villa Pisani, detta La Barbariga  (VE)  Stra-Barbariga				0	0	1		248
R	DVV	DVV1846		2017-09-01		Villa Cecchinato  (VE)  Teglio Veneto-Cesiol dei Laghi				0	0	1		248
R	DVV	DVV1847		2017-09-01		Villa Biasiotto  (VE)  Venezia				0	0	1		248
R	DVV	DVV1848		2017-09-01		Villa Dalla Bella  (VE)  Venezia				0	0	1		248
R	DVV	DVV1849		2017-09-01		Villa Pampado, Trevisan  (VE)  Venezia				0	0	1		248
R	DVV	DVV1850		2017-09-01		Villa Priuli, Bon Falier, Perale  (VE)  Venezia				0	0	1		248
R	DVV	DVV1851		2017-09-01		Villa Smania  (VE)  Vigonovo				0	0	1		248
R	DVV	DVV1852		2017-09-01		Villa Bertoldi  (VR)  Pescantina				0	0	1		248
R	DVV	DVV1853		2017-09-01		Corte Bricci, Fagiuoli, Manni (VR)  Pescantina				0	0	1		248
R	DVV	DVV1854		2017-09-01		Villa Tosadori - Martinato  (VR)  Rivoli Veronese				0	0	1		248
R	DVV	DVV1855		2017-09-01		Villa Morando, detta la Colombina (VR)  Pescantina-Colombina				0	0	1		248
R	DVV	DVV1856		2017-09-01		Villa Marchi  (VR)  Costermano				0	0	1		248
R	DVV	DVV1857		2017-09-01		Villa Barbaro, Brenzon-Malmignati, Ferrero (VR)  Bovolone				0	0	1		248
R	DVV	DVV1858		2017-09-01		Villa Trinita', Facci - Pacchetti  (VR)  Buttapietra-Trinita'				0	0	1		248
R	DVV	DVV1859		2017-09-01		Corte Quaranta  (VR)  Buttapietra				0	0	1		248
R	DVV	DVV1860		2017-09-01		Villa Pellegrini, Castellani - Murari, Zambelli, detta La Pellegrina  (VR)  Isola della Scala				0	0	1		248
R	DVV	DVV1861		2017-09-01		Villa Emilei, Artegiani  (VR)  Isola della Scala				0	0	1		248
R	DVV	DVV1862		2017-09-01		Villa Rossi  (VR)  Vigasio-Carbonara				0	0	1		248
R	DVV	DVV1863		2017-09-01		Corte Saccovener  (VR)  Isola della Scala				0	0	1		248
R	DVV	DVV1864		2017-09-01		Ca' Baldon, Farina Manzoni  (VR)  Isola della Scala				0	0	1		248
R	DVV	DVV1865		2017-09-01		Villa Brenzoni, Cattarinetti  (VR)  Mozzecane				0	0	1		248
R	DVV	DVV1866		2017-09-01		Villa Ciresola  (VR)  Mozzecane				0	0	1		248
R	DVV	DVV1867		2017-09-01		Villa Valmarana  (VR)  Nogara				0	0	1		248
R	DVV	DVV1868		2017-09-01		Villa Dall'Oca, Olivieri  (VR)  Nogara				0	0	1		248
R	DVV	DVV1869		2017-09-01		Villa Perez Nuvolari  (VR)  Nogara				0	0	1		248
R	DVV	DVV1870		2017-09-01		Corte De Battisti - Stanzial  (VR)  Vigasio				0	0	1		248
R	DVV	DVV1871		2017-09-01		Villa Pellegrini, detta Corte Chiara  (VR)  Trevenzuolo				0	0	1		248
R	DVV	DVV1872		2017-09-01		Villa Baccinga  (VR)  Vigasio				0	0	1		248
R	DVV	DVV1873		2017-09-01		Villa Montini  (VR)  Vigasio				0	0	1		248
R	DVV	DVV1874		2017-09-01		Villa Broja, Sartori Regolotti  (VR)  Vigasio				0	0	1		248
R	DVV	DVV1875		2017-09-01		Villa Bassini - Nocca  (VR)  Vigasio				0	0	1		248
R	DVV	DVV1876		2017-09-01		Villa Bellini Carnesali  (VR)  Vigasio-Isolalta				0	0	1		248
R	DVV	DVV1877		2017-09-01		Corte rurale Piccolboni  (VR)  Vigasio				0	0	1		248
R	DVV	DVV1878		2017-09-01		Ca' Azzini o Corte Palazzon, Tommasini  (VR)  Trevenzuolo-Ca' Azzini				0	0	1		248
R	DVV	DVV1879		2017-09-01		Villino Carlesse, Valloni, Perticato (VI)  Dueville				0	0	1		248
R	DVV	DVV1880		2017-09-01		Villa Da Porto, Da Porto Barbaran, Bastianello (VI)  Montorso Vicentino				0	0	1		248
R	DVV	DVV1881		2017-09-01		Villa Montanari, Verlato Mattarello, Casara, De Marchi, Poncato, Festa, Valeri (VI)  Vicenza				0	0	1		248
R	DVV	DVV1882		2017-09-01		Villa De Salvi, Negri De Salvi, Valmarana, Bottazzi, Galletto (VI)  Vicenza				0	0	1		248
R	DVV	DVV1883		2017-09-01		Villa Piovene, Garbin, Pigatti (VI)  Vicenza				0	0	1		248
R	DVV	DVV1884		2017-09-01		Villa Valmarana, Pesavento - Vicentini (VI)  Altavilla Vicentina				0	0	1		248
R	DVV	DVV1885		2017-09-01		Villa Riello, Pranovi, Nogara (VI)  Altavilla Vicentina-Cogoli				0	0	1		248
R	DVV	DVV1886		2017-09-01		Villa Lorenzoni, Savi, Saccardo, Chiarello, Bassani, Fracasso, Braga (VI)  Altavilla Vicentina				0	0	1		248
R	DVV	DVV1887		2017-09-01		Villa Cerato, Apolloni, Schiavo - Zordan (VI)  Altavilla Vicentina-Perara				0	0	1		248
R	DVV	DVV1888		2017-09-01		Villa Serta, Giaconi Bonaguro, Zamberlan, De Poli - Menegatti, Farneda - Marchetti (VI)  Creazzo-San Marco				0	0	1		248
R	DVV	DVV1889		2017-09-01		Villa Marzotto, Ongaro-Dalla Vecchia, Schiavo (VI)  Sovizzo				0	0	1		248
R	DVV	DVV1890		2017-09-01		Villa Sale di San Damiano, Sale Manfredi Repeta, Mocenigo, Curti (VI)  Sovizzo				0	0	1		248
R	DVV	DVV1891		2017-09-01		Villa Dal Sasso, Uderzo, Cavinato, Lotto (VI)  Quinto Vicentino				0	0	1		248
R	DVV	DVV1892		2017-09-01		Villa Visentin-Sacchiero, detta Casa canonica (VI)  Montorso Vicentino				0	0	1		248
R	DVV	DVV1893		2017-09-01		Villa Nori, Pagani, Nori (VI)  Montorso Vicentino-Fratta				0	0	1		248
R	DVV	DVV1894		2017-09-01		Barchessa Porto, Concato, Biasiolo (VI)  Montorso Vicentino				0	0	1		248
R	DVV	DVV1895		2017-09-01		Villa Righi, Zanuso, Herman, Mocenigo, Miari Carlotti, Miari, Casarotti, Meneguzzo (VI)  Montebello Vicentino				0	0	1		248
R	DVV	DVV1896		2017-09-01		Villa Palfy Dann, Veronese Pesciolini, Capra, Meneguzzo (VI)  Montebello Vicentino				0	0	1		248
R	DVV	DVV1897		2017-09-01		Villa Valmarana, Frigo, Brunello Boroni, Zonin (VI)  Montebello Vicentino				0	0	1		248
R	DVV	DVV1898		2017-09-01		Villa Masiero, Sbicego (VI)  Sossano				0	0	1		248
R	DVV	DVV1899		2017-09-01		Villa Loschi Gazzetta (VI)  Sossano				0	0	1		248
R	DVV	DVV1900		2017-09-01		Villa Ferramosca, Giovanelli (VI)  Sossano				0	0	1		248
R	DVV	DVV1901		2017-09-01		Villa Ariosto, Maragna-Stocchi, detta La Barchetta (RO)  Bagnolo di Po				0	0	1		248
R	DVV	DVV1902		2017-09-01		Villa Adami  (RO)  Canda				0	0	1		248
R	DVV	DVV1903		2017-09-01		Ca' Bentivoglio (RO)  Giacciano con Baruchella-Zelo				0	0	1		248
R	DVV	DVV1904		2017-09-01		Corte Grimani, Boschetto, Ricciuti (RO)  Pettorazza Grimani				0	0	1		248
R	DVV	DVV1905		2017-09-01		Villa Dona', Grimani  (RO)  Villadose				0	0	1		248
R	DVV	DVV1906		2017-09-01		Villa Giona, Fagiuoli  (VR)  San Pietro in Cariano				0	0	1		248
R	DVV	DVV1907		2017-09-01		Casa Serego Alighieri  (VR)  Sant'Ambrogio di Valpolicella				0	0	1		248
R	DVV	DVV1908		2017-09-01		Villa Rovereti, Zurla, Dalla Vedova  (VR)  Sant'Ambrogio di Valpolicella				0	0	1		248
R	DVV	DVV1909		2017-09-01		Villa Negri, Segala, Cappellari, Tecchio, Dal Maso, Molon (VI)  Bolzano Vicentino-Ospedaletto				0	0	1		248
R	DVV	DVV1910		2017-09-01		Villa Valmarana, Rossi, Guzan, Scagnolari, Zen (VI)  Bolzano Vicentino				0	0	1		248
R	DVV	DVV1911		2017-09-01		Villa Franceschini, Bortolan, Piovene, Vicariotto, Spiller (VI)  Bolzano Vicentino				0	0	1		248
R	DVV	DVV1912		2017-09-01		Villa Valle, Bertuzzo, Gasparotto (VI)  Bolzano Vicentino				0	0	1		248
R	DVV	DVV1913		2017-09-01		Villa Chiericati, Bissari, Revese, Testa, Altissimo, Marocco, Boschetti (VI)  Bolzano Vicentino				0	0	1		248
R	DVV	DVV1914		2017-09-01		Villa Cogollo, Novello, Biasia - Marchioro (VI)  Bolzano Vicentino				0	0	1		248
R	DVV	DVV1915		2017-09-01		Villa Dal Verme, Lombardo, Chiericati, Guzzi - Beretta, Muttoni, Zilio, Terreran - Galliazzo (VI)  Bolzano Vicentino				0	0	1		248
R	DVV	DVV1916		2017-09-01		Domus Dominicalis di Villaregassa, villa Della Scala, Visconti, Dal Verme, Lombardo, Valmarana, Dal Lino, Michieli, detta El Palazzon (VI)  Bolzano Vicentino				0	0	1		248
R	DVV	DVV1917		2017-09-01		Villa Chiericati, Scola, Patella, Ramina, Pettina'-Rizzetto, detta Ca' Matte (VI)  Bolzano Vicentino				0	0	1		248
R	DVV	DVV1918		2017-09-01		Villa del vicere' Ranieri d'Austria, De Bordeau, Mezzalira - Milan (VI)  Bressanvido				0	0	1		248
R	DVV	DVV1919		2017-09-01		Villa Mezzalira (VI)  Bressanvido				0	0	1		248
R	DVV	DVV1920		2017-09-01		Villa Pagiusco (VI)  Bressanvido				0	0	1		248
R	DVV	DVV1921		2017-09-01		Villa Girardi (VI)  Bressanvido				0	0	1		248
R	DVV	DVV1922		2017-09-01		Villa Muzani, Bissari, Curti, Tognazzi - Zervu (VI)  Caldogno				0	0	1		248
R	DVV	DVV1923		2017-09-01		Villa Floriani, Peruzzi, De Paoli, Zarantonello, Pagani (VI)  Caldogno				0	0	1		248
R	DVV	DVV1924		2017-09-01		Villa Ghellini, Piovene, Bagolin, Gallinini - Nanto - Maddalena (VI)  Caldogno				0	0	1		248
R	DVV	DVV1925		2017-09-01		Villa Caldogno, Pagello, Todescato (VI)  Caldogno				0	0	1		248
R	DVV	DVV1926		2017-09-01		Villa Caldogno, Pagello, Nordera (VI)  Caldogno				0	0	1		248
R	DVV	DVV1927		2017-09-01		Villa Caldogno, Nanti, Valmarana - Fogazzaro, Roveggio, Arnaldi (VI)  Caldogno				0	0	1		248
R	DVV	DVV1928		2017-09-01		Villa Caldogno, Pagello, Rezzaro, Novello, Trevisan, Golin, Arnaldi, Novello (VI)  Caldogno				0	0	1		248
R	DVV	DVV1929		2017-09-01		Villa Capra, Barbaran, Colleoni, Rigoni - Cestonaro (VI)  Camisano Vicentino				0	0	1		248
R	DVV	DVV1930		2017-09-01		Villa Bissari, Colleoni, De Buzzaccarini, detta La Fattoria (VI)  Costabissara				0	0	1		248
R	DVV	DVV1931		2017-09-01		Villa Bissari, Sforza, Colleoni, De Buzzaccarini, detta Il Castello (VI)  Costabissara				0	0	1		248
R	DVV	DVV1932		2017-09-01		Villa Bissari, Sforza, Biego, Conte Dalle Ore, detta San Carlo (VI)  Costabissara				0	0	1		248
R	DVV	DVV1933		2017-09-01		Villa Franceschini, De Sandri, Bortolan, detta Ca' Gardellina (VI)  Costabissara-Motta				0	0	1		248
R	DVV	DVV1934		2017-09-01		Villa Loschi, Mercante, Pasini, Lovise, Marchioro, Rizzi, detta alla Pesa (VI)  Isola Vicentina				0	0	1		248
R	DVV	DVV1935		2017-09-01		Villa Franceschini, Thiene, Bertolini (VI)  Isola Vicentina				0	0	1		248
R	DVV	DVV1936		2017-09-01		Villa Gualdo, Arnaldi, De Antiga, Osboli, Sartori, Varaschini, Girotto Calegaro (VI)  Isola Vicentina				0	0	1		248
R	DVV	DVV1937		2017-09-01		Villa Velo, Scroffa, Fogazzaro, Biego, Guardini (VI)  Isola Vicentina				0	0	1		248
R	DVV	DVV1938		2017-09-01		Villa Panizza, Croci (VI)  Isola Vicentina				0	0	1		248
R	DVV	DVV1939		2017-09-01		Villa Cerchiari, Gualdo, Branzo Loschi, Munari (VI)  Isola Vicentina				0	0	1		248
R	DVV	DVV1940		2017-09-01		Villa Branzo Loschi, Folco Zambelli, Rossato, Pedrina, Drago, Drago Laverda (VI)  Isola Vicentina				0	0	1		248
R	DVV	DVV1941		2017-09-01		Villa Toniati, Cisco (VI)  Monticello Conte  Otto				0	0	1		248
R	DVV	DVV1942		2017-09-01		Villa Conti, Antonioni, Altissimo, Caoduro (VI)  Monticello Conte  Otto				0	0	1		248
R	DVV	DVV1943		2017-09-01		Villa Conti, Castegnaro, Furlani, Bassanese-Bellin (VI)  Monticello Conte  Otto-Basse				0	0	1		248
R	DVV	DVV1944		2017-09-01		Villa Zanella (VI)  Monticello Conte  Otto				0	0	1		248
R	DVV	DVV1945		2017-09-01		Villa Thiene, Todescan, Lonati, Rocco (VI)  Monticello Conte  Otto				0	0	1		248
R	DVV	DVV1946		2017-09-01		Villa Guzan, Vianello, Guglielmi-Scambi, Vesco-Scambi (VI)  Monticello Conte  Otto				0	0	1		248
R	DVV	DVV1947		2017-09-01		Villa Querini Dalle Ore, Rigon (VI)  Monticello Conte  Otto				0	0	1		248
R	DVV	DVV1948		2017-09-01		Villa Valmarana, Magni, Cita, Bressan (VI)  Monticello Conte  Otto				0	0	1		248
R	DVV	DVV1949		2017-09-01		Barco Chilese (VI)  Vicenza				0	0	1		248
R	DVV	DVV1950		2017-09-01		Villa Baghin (VI)  Vicenza-Saviabona Alta				0	0	1		248
R	DVV	DVV1951		2017-09-01		Villa Fontana (VI)  Vicenza				0	0	1		248
R	DVV	DVV1952		2017-09-01		Villa Orgiano, Piovene Porto Godi, Torcello, Epari Dani (VI)  Vicenza				0	0	1		248
R	DVV	DVV1953		2017-09-01		Villa Negri de Salvi, Rampazzo (VI)  Albettone-Ca' Bregana				0	0	1		248
R	DVV	DVV1954		2017-09-01		Villa della Curia Vescovile di Vicenza (VI)  Arcugnano				0	0	1		248
R	DVV	DVV1955		2017-09-01		Casa Civena, Dalla Barba, Trentin (VI)  Sovizzo-Montemezzo				0	0	1		248
R	DVV	DVV1956		2017-09-01		Villa Urbani (VI)  Sovizzo				0	0	1		248
R	DVV	DVV1957		2017-09-01		Villa Civena, Zuccante, Massignani-Vencato-Spiller (VI)  Sovizzo				0	0	1		248
R	DVV	DVV1958		2017-09-01		Villa Tiozzo, Zambon, Pasqualotto (VI)  Sovizzo-Sovizzo colle				0	0	1		248
R	DVV	DVV1959		2017-09-01		Villa Molin, Trento, Da Schio, detta Ca' Molina (VI)  Longare				0	0	1		248
R	DVV	DVV1960		2017-09-01		Villa Verlato, Arsiero, Ferramosca, Filippi, Mezzalira - Dorio (VI)  Grisignano di Zocco				0	0	1		248
R	DVV	DVV1961		2017-09-01		Villa Chiericati, Caldogno, Fogazzaro, Roi (VI)  Montegalda				0	0	1		248
R	DVV	DVV1962		2017-09-01		Villa Bertolo, Valmarana, detta ai Nani (VI)  Vicenza				0	0	1		248
R	DVV	DVV1963		2017-09-01		Villa Scortegagna (VI)  Lonigo				0	0	1		248
R	DVV	DVV1964		2017-09-01		Villa Breda, detta Il Palazzo  (RO)  Canaro-La Campagnazza				0	0	1		248
R	DVV	DVV1965		2017-09-01		Villa Martelli, Picioli, Curia Vescovile di Rovigo (RO)  Canaro				0	0	1		248
R	DVV	DVV1966		2017-09-01		Casa dominicale settecentesca  (RO)  Canaro				0	0	1		248
R	DVV	DVV1967		2017-09-01		Villa Davi', Matteotti, Boniotti, (Museo Giacomo Matteotti) (RO)  Fratta Polesine				0	0	1		248
R	DVV	DVV1968		2017-09-01		Villa Lorenzoni, Baccaglini (RO)  Lendinara				0	0	1		248
R	DVV	DVV1969		2017-09-01		Villa Nani Foscarini, Baissarda - Malin - Rigato, detta Villa Padovani (RO)  Lendinara				0	0	1		248
R	DVV	DVV1970		2017-09-01		Villa Fantoni, Bonaguro (RO)  Lendinara				0	0	1		248
R	DVV	DVV1971		2017-09-01		Palazzo Stufferi Malmignati  (RO)  Lendinara				0	0	1		248
R	DVV	DVV1972		2017-09-01		Villa Contarini, Zerbinati (RO)  Lendinara				0	0	1		248
R	DVV	DVV1973		2017-09-01		Villa Lorenzoni, Rizzi (RO)  Lusia				0	0	1		248
R	DVV	DVV1974		2017-09-01		Ca' Tiepolo o Vianelli, detto Palazzo Vianelli (RO)  Rosolina				0	0	1		248
R	DVV	DVV1975		2017-09-01		Palazzo Baruffi, Forestan (RO)  Rovigo				0	0	1		248
R	DVV	DVV1976		2017-09-01		Ca' Valli, Tovo-Venturato (RO)  Rovigo				0	0	1		248
R	DVV	DVV1977		2017-09-01		Villa Zambonin (RO)  San Bellino				0	0	1		248
R	DVV	DVV1978		2017-09-01		Villa Corni, Lazzarin  (RO)  San Martino di Venezze				0	0	1		248
R	DVV	DVV1979		2017-09-01		Villa Barbariga, Dallara  (RO)  San Martino di Venezze				0	0	1		248
R	DVV	DVV1980		2017-09-01		Casa Mora  (RO)  Trecenta				0	0	1		248
R	DVV	DVV1981		2017-09-01		Villa Costanzo, Bernardo, Giauna, Bordignon (TV)  Altivole				0	0	1		248
R	DVV	DVV1982		2017-09-01		Villa Negri - Licini - Bon, Buzzaccarini, Raselli (TV)  Asolo				0	0	1		248
R	DVV	DVV1983		2017-09-01		Villa Flangini, Paladini, Rossi (TV)  Asolo				0	0	1		248
R	DVV	DVV1984		2017-09-01		Villa Benzi, Casser, Zecchini (TV)  Caerano di San Marco-Le Madonnette				0	0	1		248
R	DVV	DVV1985		2017-09-01		Villa Dolci, Valeri, Manera, Finato (TV)  Cavaso del Tomba-Paveion				0	0	1		248
R	DVV	DVV1986		2017-09-01		Villa Dorni (TV)  Cavaso del Tomba				0	0	1		248
R	DVV	DVV1987		2017-09-01		Villa Pilloni (TV)  Cavaso del Tomba				0	0	1		248
R	DVV	DVV1988		2017-09-01		Villa Nervo, Bachis, Van Axel (TV)  Fonte				0	0	1		248
R	DVV	DVV1989		2017-09-01		Villa Bardellini, Scotti (TV)  Monfumo				0	0	1		248
R	DVV	DVV1990		2017-09-01		Villa Bellati (TV)  Pederobba				0	0	1		248
R	DVV	DVV1991		2017-09-01		Villa Gradenigo, Venier, Zorzi, Eger (TV)  Riese Pio X				0	0	1		248
R	DVV	DVV1992		2017-09-01		Villa Marini, Rubelli (TV)  San Zenone degli Ezzelini				0	0	1		248
R	DVV	DVV1993		2017-09-01		Villa Morona De Gastaldis (TV)  Valdobbiadene				0	0	1		248
R	DVV	DVV1994		2017-09-01		Villa Letizia (TV)  Treviso				0	0	1		248
R	DVV	DVV1995		2017-09-01		Villa Zasio, Carlin, Deola (BL)  Cesiomaggiore-Busche				0	0	1		248
R	DVV	DVV1996		2017-09-01		Villa Tauro, Zugni Tauro  (BL)  Cesiomaggiore-Pez				0	0	1		248
R	DVV	DVV1997		2017-09-01		Villa De Mezzan, Cumano, De Bastiani  (BL)  Cesiomaggiore-Menin				0	0	1		248
R	DVV	DVV1998		2017-09-01		Villa Dal Corno, Rossi, Zanella-Conz (BL)  Cesiomaggiore-Cesiominore				0	0	1		248
R	DVV	DVV1999		2017-09-01		Villa Muffoni  (BL)  Cesiomaggiore				0	0	1		248
R	DVV	DVV2000		2017-09-01		Villa Andrighetti, Corra'  (BL)  Cesiomaggiore				0	0	1		248
R	DVV	DVV2001		2017-09-01		Villa Mauro, Marin-Corte (BL)  Cesiomaggiore-Can				0	0	1		248
R	DVV	DVV2002		2017-09-01		Villa Dal Corno, Tonelli, Canella (BL)  Cesiomaggiore-Calliol				0	0	1		248
R	DVV	DVV2003		2017-09-01		Casa Monego, Bizzarini, Ausani-Conz (BL)  Cesiomaggiore				0	0	1		248
R	DVV	DVV2004		2017-09-01		Villa Petrelli, Trevisan  (BL)  Cesiomaggiore-Montebello				0	0	1		248
R	DVV	DVV2005		2017-09-01		Villa Petricelli, Bovio, De Gol, detta Montebello  (BL)  Cesiomaggiore-Montebello				0	0	1		248
R	DVV	DVV2006		2017-09-01		Villa Zugni, Bellati, Fabris, De Feo (BL)  Cesiomaggiore-Tussui				0	0	1		248
R	DVV	DVV2007		2017-09-01		Villa Bovio, Schenal  (BL)  Cesiomaggiore-Soranzen				0	0	1		248
R	DVV	DVV2008		2017-09-01		Villa Facino Pasole, Bovio, Biasuz  (BL)  Cesiomaggiore				0	0	1		248
R	DVV	DVV2009		2017-09-01		Casa Barnabo', Valmassoni (BL)  Domegge di Cadore				0	0	1		248
R	DVV	DVV2010		2017-09-01		Villa Lusa, Chiea, Velluti (BL)  Feltre				0	0	1		248
R	DVV	DVV2011		2017-09-01		Castel Lusa (BL)  Feltre				0	0	1		248
R	DVV	DVV2012		2017-09-01		Villa Fabris, Guarnieri, detta San Giuseppe  (BL)  Feltre				0	0	1		248
R	DVV	DVV2013		2017-09-01		Villa Berton, Guarnieri, Sanguin, detta San Fermo (BL)  Feltre-San Fermo				0	0	1		248
R	DVV	DVV2014		2017-09-01		Villa Salce, Mantelli, Marcon (BL)  Feltre-Riva di Lamen				0	0	1		248
R	DVV	DVV2015		2017-09-01		Villa Angeli, Sartnhein  (BL)  Fonzaso				0	0	1		248
R	DVV	DVV2016		2017-09-01		Palazzo settecentesco (Municipio)  (BL)  Fonzaso				0	0	1		248
R	DVV	DVV2017		2017-09-01		Villa Riera (BL)  Fonzaso				0	0	1		248
R	DVV	DVV2018		2017-09-01		Villa De Pantz  (BL)  Fonzaso				0	0	1		248
R	DVV	DVV2019		2017-09-01		Villa Vendramelli, De Gasperi (BL)  Mel-Tiago				0	0	1		248
R	DVV	DVV2020		2017-09-01		Villa Pasole, Berton, Bonato (BL)  Pedavena				0	0	1		248
R	DVV	DVV2021		2017-09-01		Villa Marsiai, detta San Francesco  (BL)  Pedavena				0	0	1		248
R	DVV	DVV2022		2017-09-01		Villa Crico, Turrin-Loosli (BL)  Pedavena-Sega di Pedavena				0	0	1		248
R	DVV	DVV2023		2017-09-01		Palazzo Poli, de Pol (BL)  San Pietro di Cadore				0	0	1		248
R	DVV	DVV2024		2017-09-01		Villa Poli, de Pol, Sammartini (BL)  San Pietro di Cadore-Mare				0	0	1		248
R	DVV	DVV2025		2017-09-01		Villa De Manzoni  (BL)  Sedico-Patt				0	0	1		248
R	DVV	DVV2026		2017-09-01		Villa Zanettelli, Rech (BL)  Seren del Grappa				0	0	1		248
R	DVV	DVV2027		2017-09-01		Villa Mussato, Busetto (PD)  Campo San Martino				0	0	1		248
R	DVV	DVV2028		2017-09-01		Villa Boscaro Bozzolan, Traverso (PD)  Carmignano di Brenta				0	0	1		248
R	DVV	DVV2029		2017-09-01		Villa Maruzzi, Camerini, Rigon (PD)  Carmignano di Brenta				0	0	1		248
R	DVV	DVV2030		2017-09-01		Villa Cappello  (PD)  Cittadella				0	0	1		248
R	DVV	DVV2031		2017-09-01		Villa Fabris  (PD)  Cittadella				0	0	1		248
R	DVV	DVV2032		2017-09-01		Villa Bozza  (PD)  Curtarolo-Molini				0	0	1		248
R	DVV	DVV2033		2017-09-01		Villa Borromeo, Fantoni  (PD)  Fontaniva				0	0	1		248
R	DVV	DVV2034		2017-09-01		Ca' Viero, Pan  (PD)  Fontaniva-Fratta				0	0	1		248
R	DVV	DVV2035		2017-09-01		Villa Capello, detta Imperiale  (PD)  Galliera Veneta				0	0	1		248
R	DVV	DVV2036		2017-09-01		Villa Guzzo Beretta, De Tacchi (PD)  Gazzo				0	0	1		248
R	DVV	DVV2037		2017-09-01		Barchessa di villa Traverso  (PD)  Gazzo				0	0	1		248
R	DVV	DVV2038		2017-09-01		Villa Mazzon  (PD)  Gazzo				0	0	1		248
R	DVV	DVV2039		2017-09-01		Villa Canfriolo  (PD)  Grantorto				0	0	1		248
R	DVV	DVV2040		2017-09-01		Villa Carraro  (PD)  Grantorto				0	0	1		248
R	DVV	DVV2041		2017-09-01		Villa Fonzago, Santasofia, Corner  (PD)  Monselice				0	0	1		248
R	DVV	DVV2042		2017-09-01		Villa Fabbro  (PD)  Piazzola sul Brenta				0	0	1		248
R	DVV	DVV2043		2017-09-01		Villa Savonarola, Trieste, De Benedetti (PD)  Piazzola sul Brenta-Vaccarino				0	0	1		248
R	DVV	DVV2044		2017-09-01		Villa Ramusa, Vallerani  (PD)  San Giorgio in Bosco				0	0	1		248
R	DVV	DVV2045		2017-09-01		Villa Morosini, Cagni  (PD)  San Giorgio in Bosco				0	0	1		248
R	DVV	DVV2046		2017-09-01		Villa Rossato  (PD)  San Giorgio in Bosco				0	0	1		248
R	DVV	DVV2047		2017-09-01		Villa Foscarini, Contarini  (PD)  San Giorgio in Bosco				0	0	1		248
R	DVV	DVV2048		2017-09-01		Villa Cittadella  (PD)  San Martino di Lupari				0	0	1		248
R	DVV	DVV2049		2017-09-01		Casa canonica di San Martino di Lupari  (PD)  San Martino di Lupari				0	0	1		248
R	DVV	DVV2050		2017-09-01		Villa Cuman, Zilio  (PD)  San Pietro in Gu'-Armedola				0	0	1		248
R	DVV	DVV2051		2017-09-01		Villa Il Palazzon  (PD)  San Pietro in Gu'				0	0	1		248
R	DVV	DVV2052		2017-09-01		Villa Capra (PD)  San Pietro in Gu'				0	0	1		248
R	DVV	DVV2053		2017-09-01		Villa Negri, Rigon  (PD)  San Pietro in Gu'				0	0	1		248
R	DVV	DVV2054		2017-09-01		Villa Sesso Cianciulli  (PD)  San Pietro in Gu'				0	0	1		248
R	DVV	DVV2055		2017-09-01		Villa Sanudo, Foscarini, Piacentini (PD)  Villa del Conte				0	0	1		248
R	DVV	DVV2056		2017-09-01		Villa Todesco  (PD)  Villa del Conte				0	0	1		248
R	DVV	DVV2057		2017-09-01		Villa Dolfin, Zara, Zantomio, Frasson, detta Ca' Dolfin (PD)  Villa del Conte				0	0	1		248
R	DVV	DVV2058		2017-09-01		Casa Cavalli, De Benedetti  (PD)  Arqua' Petrarca				0	0	1		248
R	DVV	DVV2059		2017-09-01		Villa Callegari  (PD)  Arqua' Petrarca				0	0	1		248
R	DVV	DVV2060		2017-09-01		Villa Pisani, Rova  (PD)  Arqua' Petrarca				0	0	1		248
R	DVV	DVV2061		2017-09-01		Villa Badoer  (PD)  Arqua' Petrarca-Monte delle Monache				0	0	1		248
R	DVV	DVV2062		2017-09-01		Villa Bignago  (PD)  Arqua' Petrarca				0	0	1		248
R	DVV	DVV2063		2017-09-01		Palazzo Contarini  (PD)  Arqua' Petrarca				0	0	1		248
R	DVV	DVV2064		2017-09-01		Villa Beatrice d'Este  (PD)  Baone				0	0	1		248
R	DVV	DVV2065		2017-09-01		Villa Mantoa Benavides (PD)  Baone				0	0	1		248
R	DVV	DVV2066		2017-09-01		Villa Dondi dall'Orologio, Muneghina  (PD)  Baone				0	0	1		248
R	DVV	DVV2067		2017-09-01		Villa Marchiori, Pisani, Boldu', Dolfin (PD)  Baone				0	0	1		248
R	DVV	DVV2068		2017-09-01		Villa Borini, Rebonato, Rossi  (PD)  Baone-Fontana				0	0	1		248
R	DVV	DVV2069		2017-09-01		Villa Molin, Barbaro, Negrello  (PD)  Baone				0	0	1		248
R	DVV	DVV2070		2017-09-01		Palazzo Dottori  (PD)  Baone				0	0	1		248
R	DVV	DVV2071		2017-09-01		Villa Piacentini  (PD)  Baone				0	0	1		248
R	DVV	DVV2072		2017-09-01		Barchessa di villa Morosini  (PD)  Barbona				0	0	1		248
R	DVV	DVV2073		2017-09-01		Villa Pisani, Aggio  (PD)  Boara Pisani-Ferraria				0	0	1		248
R	DVV	DVV2074		2017-09-01		Case Brigato  (PD)  Boara Pisani-Bragante				0	0	1		248
R	DVV	DVV2075		2017-09-01		Villa Pisani  (PD)  Boara Pisani-Centro				0	0	1		248
R	DVV	DVV2076		2017-09-01		Villa Carminati (PD)  Carceri-Santa Maria				0	0	1		248
R	DVV	DVV2077		2017-09-01		Villa Pernechele, detta Casa della Sara  (PD)  Casale di Scodosia				0	0	1		248
R	DVV	DVV2078		2017-09-01		Casa Fortuna  (PD)  Casale di Scodosia				0	0	1		248
R	DVV	DVV2079		2017-09-01		Casa Missaglia  (PD)  Casale di Scodosia				0	0	1		248
R	DVV	DVV2080		2017-09-01		Villa Grompo  (PD)  Casale di Scodosia				0	0	1		248
R	DVV	DVV2081		2017-09-01		Casa Saoncella  (PD)  Casale di Scodosia				0	0	1		248
R	DVV	DVV2082		2017-09-01		Villa Correr, Dalla Francesca  (PD)  Casale di Scodosia				0	0	1		248
R	DVV	DVV2083		2017-09-01		Ca' Manzoni  (PD)  Castelbaldo				0	0	1		248
R	DVV	DVV2084		2017-09-01		Villa Pasinetti, Pasqualigo, Rodella  (PD)  Cinto Euganeo				0	0	1		248
R	DVV	DVV2085		2017-09-01		Villa Contarini, Rota, Piva  (PD)  Cinto Euganeo				0	0	1		248
R	DVV	DVV2086		2017-09-01		Villa Basadonna, Manin, Zilio  (PD)  Este-Ponte della Madonna delle Grazie				0	0	1		248
R	DVV	DVV2087		2017-09-01		Villa Pisani  (PD)  Este				0	0	1		248
R	DVV	DVV2088		2017-09-01		Villa Contarini, detta del Principe (PD)  Este				0	0	1		248
R	DVV	DVV2089		2017-09-01		Villa Pesaro (Collegio Manfredini)  (PD)  Este				0	0	1		248
R	DVV	DVV2090		2017-09-01		Villa Berlendis, Kunkler  (PD)  Este-Castello dei Carraresi				0	0	1		248
R	DVV	DVV2091		2017-09-01		Villa Capello, Rota, Manzoni, Zemella  (PD)  Este-Motta				0	0	1		248
R	DVV	DVV2092		2017-09-01		Villa Boldu', Nazzari  (PD)  Este				0	0	1		248
R	DVV	DVV2093		2017-09-01		Villa Cornaro, Zenobio, Albrizzi - Rubin de Cervin  (PD)  Este				0	0	1		248
R	DVV	DVV2094		2017-09-01		Palazzo Sartori, Borotto  (PD)  Este				0	0	1		248
R	DVV	DVV2095		2017-09-01		Villa Contarini, detta Vigna Contarena  (PD)  Este-Castello dei Carraresi				0	0	1		248
R	DVV	DVV2096		2017-09-01		Villa Fracanzani  (PD)  Este				0	0	1		248
R	DVV	DVV2097		2017-09-01		Villa Contarini, Da Mula, Albrizzi, detta Serraglio  (PD)  Este				0	0	1		248
R	DVV	DVV2098		2017-09-01		Villa Cornaro, Farsetti, Benvenuti  (PD)  Este				0	0	1		248
R	DVV	DVV2099		2017-09-01		Palazzo Mocenigo  (PD)  Este				0	0	1		248
R	DVV	DVV2100		2017-09-01		Casa Fantin  (PD)  Este				0	0	1		248
R	DVV	DVV2101		2017-09-01		Villa Bertolini, Olivato  (PD)  Galzignano Terme-Cengolina				0	0	1		248
R	DVV	DVV2102		2017-09-01		Villa Benacchio, Barbaro  (PD)  Galzignano Terme				0	0	1		248
R	DVV	DVV2103		2017-09-01		Villa Vallini, Benedetti, Rizzoli, detta Maria (PD)  Galzignano Terme				0	0	1		248
R	DVV	DVV2104		2017-09-01		Villa Civrana, Emo Capodilista  (PD)  Galzignano Terme-Civrana				0	0	1		248
R	DVV	DVV2105		2017-09-01		Villa Martinelli, Prosdocimi  (PD)  Granze				0	0	1		248
R	DVV	DVV2106		2017-09-01		Casa Zangirolami  (PD)  Granze				0	0	1		248
R	DVV	DVV2107		2017-09-01		Ca' Conti, Rusconi Camerini (PD)  Granze				0	0	1		248
R	DVV	DVV2108		2017-09-01		Villa Rizzi  (PD)  Granze-La Madonnetta				0	0	1		248
R	DVV	DVV2109		2017-09-01		Villa Lando, Correr, Da Zara  (PD)  Lozzo Atestino				0	0	1		248
R	DVV	DVV2110		2017-09-01		Villa Marzolo, Pisani (PD)  Megliadino San Fidenzio				0	0	1		248
R	DVV	DVV2111		2017-09-01		Villa Fava, Dosson Pomello, detta Il Pavaglione  (PD)  Megliadino San Fidenzio				0	0	1		248
R	DVV	DVV2112		2017-09-01		Ca' La Comuna  (PD)  Megliadino San Vitale-La Comuna				0	0	1		248
R	DVV	DVV2113		2017-09-01		Villa Mussato, Andolfatto Zaglia Casalini  (PD)  Megliadino San Vitale				0	0	1		248
R	DVV	DVV2114		2017-09-01		Villa Barbarigo, Da Zara  (PD)  Merlara				0	0	1		248
R	DVV	DVV2115		2017-09-01		Villa Paradisi Capodivacca  (PD)  Monselice				0	0	1		248
R	DVV	DVV2116		2017-09-01		Villa Cortuso, Maldura, Emo Capodilista  (PD)  Monselice				0	0	1		248
R	DVV	DVV2117		2017-09-01		Villa Nani Mocenigo  (PD)  Monselice				0	0	1		248
R	DVV	DVV2118		2017-09-01		Villa Duodo, Balbi Valier  (PD)  Monselice				0	0	1		248
R	DVV	DVV2119		2017-09-01		Villa Pisani, Serena  (PD)  Monselice				0	0	1		248
R	DVV	DVV2120		2017-09-01		Villa Grifalconi, Arrigoni degli Oddi, detta Ca' Oddo  (PD)  Monselice				0	0	1		248
R	DVV	DVV2121		2017-09-01		Castello di Lispida (ex Villa Italia) (PD)  Monselice				0	0	1		248
R	DVV	DVV2122		2017-09-01		Villa Fanzago  (PD)  Monselice				0	0	1		248
R	DVV	DVV2123		2017-09-01		Villa Contarini, Avancini, Foscarini, Businaro (PD)  Monselice				0	0	1		248
R	DVV	DVV2124		2017-09-01		Ca' Peagnola, detta La Colombara (PD)  Ospedaletto Euganeo-Peagnola				0	0	1		248
R	DVV	DVV2125		2017-09-01		Villa Orizzonte (PD)  Ospedaletto Euganeo				0	0	1		248
R	DVV	DVV2126		2017-09-01		Villa Mocenigo (PD)  Piacenza d'Adige-Valli Mocenighe				0	0	1		248
R	DVV	DVV2127		2017-09-01		Casa Seren (PD)  Piacenza d'Adige				0	0	1		248
R	DVV	DVV2128		2017-09-01		Casa Tommasin (PD)  Piacenza d'Adige				0	0	1		248
R	DVV	DVV2129		2017-09-01		Ca' Zambelli, Costato (PD)  Piacenza d'Adige				0	0	1		248
R	DVV	DVV2130		2017-09-01		Villa Fracanzani (PD)  Ponso				0	0	1		248
R	DVV	DVV2131		2017-09-01		Villa Centanini (PD)  Pozzonovo				0	0	1		248
R	DVV	DVV2132		2017-09-01		Villa Valcorba Duse Masin (PD)  Pozzonovo-Stroppare				0	0	1		248
R	DVV	DVV2133		2017-09-01		Palazzo Luise (PD)  Saletto				0	0	1		248
R	DVV	DVV2134		2017-09-01		Villa Bubola (PD)  Santa Margherita d'Adige-Paneghe				0	0	1		248
R	DVV	DVV2135		2017-09-01		Casa Ferruda (PD)  Saletto				0	0	1		248
R	DVV	DVV2136		2017-09-01		Ca' Castelli (PD)  Sant'Elena				0	0	1		248
R	DVV	DVV2137		2017-09-01		Villa Miari De Cumani (PD)  Sant'Elena				0	0	1		248
R	DVV	DVV2138		2017-09-01		Barchessa di ca' Nani, Marchetti (PD)  Sant'Urbano				0	0	1		248
R	DVV	DVV2139		2017-09-01		Villa Venier, Marchetto-Meneghesso (PD)  Sant'Urbano				0	0	1		248
R	DVV	DVV2140		2017-09-01		Villa Renier, detta Casa del Foscolo (PD)  Monselice				0	0	1		248
R	DVV	DVV2141		2017-09-01		Palazzo Rezzonico, detta Della Rotta (PD)  Sant'Urbano				0	0	1		248
R	DVV	DVV2142		2017-09-01		Granaroni Cumani (PD)  Sant'Urbano				0	0	1		248
R	DVV	DVV2143		2017-09-01		Ca' I Rami (PD)  Sant'Urbano				0	0	1		248
R	DVV	DVV2144		2017-09-01		Ca' Manin, Ferro (PD)  Sant'Urbano				0	0	1		248
R	DVV	DVV2145		2017-09-01		Casa Vicenzetto (PD)  Sant'Urbano				0	0	1		248
R	DVV	DVV2146		2017-09-01		Casa Bolcato, detta La Morosina (PD)  Sant'Urbano				0	0	1		248
R	DVV	DVV2147		2017-09-01		Villa Nani, Loredan (PD)  Sant'Urbano				0	0	1		248
R	DVV	DVV2148		2017-09-01		Corte Volta (PD)  Stanghella-Ponte Gorzone				0	0	1		248
R	DVV	DVV2149		2017-09-01		Villa Manfredini, Centanini (PD)  Stanghella				0	0	1		248
R	DVV	DVV2150		2017-09-01		Villa Pisani, Corsale, Salotto (PD)  Stanghella				0	0	1		248
R	DVV	DVV2151		2017-09-01		Barchessa di villa Pisani (PD)  Stanghella				0	0	1		248
R	DVV	DVV2152		2017-09-01		Villa Corner, Miari, Baldisserotto (PD)  Urbana-Rondello				0	0	1		248
R	DVV	DVV2153		2017-09-01		Villa Capodivacca, Zaborra (PD)  Urbana				0	0	1		248
R	DVV	DVV2154		2017-09-01		Villa Pisani, Nani Mocenigo, Bolognesi, Scalabrin (PD)  Vescovana				0	0	1		248
R	DVV	DVV2155		2017-09-01		Villa Grompo - Pigafetta, Bettanin, detta Il Paradiso (PD)  Villa Estense-Grompa				0	0	1		248
R	DVV	DVV2156		2017-09-01		Villa Descalzi, Trevisan - Rovere, Fornasiero (PD)  Villa Estense				0	0	1		248
R	DVV	DVV2157		2017-09-01		Palazzo Valentinelli (PD)  Villa Estense				0	0	1		248
R	DVV	DVV2158		2017-09-01		Palazzo Sambonifacio, Ardit (PD)  Villa Estense				0	0	1		248
R	DVV	DVV2159		2017-09-01		Villa Saggini, detta Mater Dei (PD)  Galzignano Terme				0	0	1		248
R	DVV	DVV2160		2017-09-01		Corte Casarotti, Rossi detta Torre Masetti (RO)  Badia Polesine-Masetti				0	0	1		248
R	DVV	DVV2161		2017-09-01		Villa Principe Pio, Gazzola - Verzola  (RO)  Castelmassa				0	0	1		248
R	DVV	DVV2162		2017-09-01		Villa Manfrotto, Canal (TV)  Crespano del Grappa				0	0	1		248
R	DVV	DVV2163		2017-09-01		Villa Zeno, Soranzo, Rossi (TV)  Ponte di Piave				0	0	1		248
R	DVV	DVV2164		2017-09-01		Villa Soranzo (Casa canonica di Conscio) (TV)  Casale sul Sile				0	0	1		248
R	DVV	DVV2165		2017-09-01		Villa Fumanelli, Kirklechner  (VR)  Lazise				0	0	1		248
R	DVV	DVV2166		2017-09-01		Villa Balladoro, Camuzzoni, De Beni  (VR)  Lazise				0	0	1		248
R	DVV	DVV2167		2017-09-01		Villa Gemma Catterinetti Brenzoni (VR)  Lazise				0	0	1		248
R	DVV	DVV2168		2017-09-01		Villa Alberti, detta Villa Fausta (VR)  Lazise				0	0	1		248
R	DVV	DVV2169		2017-09-01		Villa Palu' dei Mori, Girardi - Giulini  (VR)  Lazise-Palu' dei Mori				0	0	1		248
R	DVV	DVV2170		2017-09-01		Villa Benciolini  (VR)  Lazise				0	0	1		248
R	DVV	DVV2171		2017-09-01		Villa Barbaro, detta La Bottona  (VR)  Lazise				0	0	1		248
R	DVV	DVV2172		2017-09-01		Villa Bevilacqua, Boschini  (VR)  Lazise				0	0	1		248
R	DVV	DVV2173		2017-09-01		Ca' Maso (VI)  Cartigliano				0	0	1		248
R	DVV	DVV2174		2017-09-01		Villa Scalchi, Springolo - Ziliotto (VI)  Cartigliano				0	0	1		248
R	DVV	DVV2175		2017-09-01		Villa Scolari, Cavalli, Lazzarotto, Olivieri-Saussi (VI)  Valstagna				0	0	1		248
R	DVV	DVV2176		2017-09-01		Villa Morosini, Cappello, Battaggia, Lampertico, Vanzo - Mercante, detta il Palazzo (VI)  Cartigliano				0	0	1		248
R	DVV	DVV2177		2017-09-01		Villa Campostella, Raspa, Bertin - Cimatti - Cremona - Facchinello (VI)  Cassola				0	0	1		248
R	DVV	DVV2178		2017-09-01		Villa Baroncello, Bortolotto Sarcinelli, Andretta (VI)  Cassola				0	0	1		248
R	DVV	DVV2179		2017-09-01		Villa Cappello, Peruzzo, Zen, detta Ca' Mora (VI)  Cassola-Ca' Mora				0	0	1		248
R	DVV	DVV2180		2017-09-01		Villa Gianese (VI)  Bassano del Grappa				0	0	1		248
R	DVV	DVV2181		2017-09-01		Villa Canella - Antonioni, Colbacchini, Giolai (VI)  Bassano del Grappa				0	0	1		248
R	DVV	DVV2182		2017-09-01		Villa Arunci, Fietta, Fiorese - Tonellotto, Pizzato - Fiorese (VI)  Bassano del Grappa				0	0	1		248
R	DVV	DVV2183		2017-09-01		Villa Tiozzi, Renier, Brocchi Colonna (VI)  Bassano del Grappa				0	0	1		248
R	DVV	DVV2184		2017-09-01		Villa Antonibon, Fasoli, Frejlino, Brunetti - Volpato (VI)  Bassano del Grappa-Riva Bianca - San Lazzaro				0	0	1		248
R	DVV	DVV2185		2017-09-01		Villa Preve, Ricatti, Bellegno, Erizzo, Gradenigo, Bombardini, Cimberle, Scopel, Mattiello-Rubbi (VI)  Bassano del Grappa				0	0	1		248
R	DVV	DVV2186		2017-09-01		Villa Compostella, Dolfin, Bussandri (VI)  Bassano del Grappa				0	0	1		248
R	DVV	DVV2187		2017-09-01		Villa Zambelli, Molin, Giusti del Giardino, Bianchini d'Alberigo, Sammartini, Tolio (VI)  Bassano del Grappa				0	0	1		248
R	DVV	DVV2188		2017-09-01		Villa Tagliapietra, Bortolazzi (VI)  Bassano del Grappa				0	0	1		248
R	DVV	DVV2189		2017-09-01		Villa Forzadura, Vigodarzere (VI)  Bassano del Grappa				0	0	1		248
R	DVV	DVV2190		2017-09-01		Villa Fasoli, Pattenon, Pengo, Orlandi - Soave, Orlandi - Canil - Cappeller - Pahadia (VI)  Bassano del Grappa				0	0	1		248
R	DVV	DVV2191		2017-09-01		Villa Angarano, Formenti, Molin, Molin Gradenigo, Gradenigo, Pisani Michiel, Michiel, Bianchi Michiel (VI)  Bassano del Grappa				0	0	1		248
R	DVV	DVV2192		2017-09-01		Villa Angarano, Favero, detta San Giuseppe (VI)  Bassano del Grappa				0	0	1		248
R	DVV	DVV2193		2017-09-01		Colombara Sartori (VI)  Bassano del Grappa-Marchesane				0	0	1		248
R	DVV	DVV2194		2017-09-01		Villa Tommasoni, Zatta, Carussi, Prete, Damiani, Trevisani (VI)  Bassano del Grappa				0	0	1		248
R	DVV	DVV2195		2017-09-01		Villa Faggion, Munari (VI)  Bassano del Grappa				0	0	1		248
R	DVV	DVV2196		2017-09-01		Torre Ezzelini, Andreatta, Quetti, detta Castelvecchio (VI)  Bassano del Grappa-Campese				0	0	1		248
R	DVV	DVV2197		2017-09-01		Villa Maello, Compostella, Gusi (VI)  Bassano del Grappa				0	0	1		248
R	DVV	DVV2198		2017-09-01		Villa Roberti, Carlesso, Festa Demo (VI)  Bassano del Grappa				0	0	1		248
R	DVV	DVV2199		2017-09-01		Palazzo Sturm (VI)  Bassano del Grappa				0	0	1		248
R	DVV	DVV2200		2017-09-01		Villa Golini, Maello, Sette, Tattara, Lolato, Nicolai, Zonta, detta Ca' Sette (VI)  Bassano del Grappa				0	0	1		248
R	DVV	DVV2201		2017-09-01		Villa Priuli, Marinoni, Cantele, Girardello, Jonoch, Baggio, Rosso (VI)  Bassano del Grappa				0	0	1		248
R	DVV	DVV2202		2017-09-01		Villa Baroncelli, Rezzonico, Widman, Baroni Semitecolo, Gasparini, Borella (VI)  Bassano del Grappa-Ca' Rezzzonico				0	0	1		248
R	DVV	DVV2203		2017-09-01		Villa Querini, Frizier, Bellegno, Erizzo, Barzizza, Azzalin, Luca, detta Ca' Erizzo (VI)  Bassano del Grappa				0	0	1		248
R	DVV	DVV2204		2017-09-01		Villa Rusconi, Veggia, Albertoni, Giaconi Bonaguro, detta Ca' Veggia (VI)  Bassano del Grappa				0	0	1		248
R	DVV	DVV2205		2017-09-01		Villa Cortellotto, Ferrari, Comello (VI)  Rossano Veneto				0	0	1		248
R	DVV	DVV2206		2017-09-01		Villa Caffo, Navarrini, Cecchele, Rodighiero, Biason, detta Ca' Dotta (VI)  Rossano Veneto				0	0	1		248
R	DVV	DVV2207		2017-09-01		Ca' Vico, Agostinelli, Caron, detta Palazzon (VI)  Rossano Veneto-Ca' Vico				0	0	1		248
R	DVV	DVV2208		2017-09-01		Villa Bozzola, Sacchetti, Brunello, Scapin (VI)  Solagna				0	0	1		248
R	DVV	DVV2209		2017-09-01		Villa Secco (VI)  Solagna				0	0	1		248
R	DVV	DVV2210		2017-09-01		Villa Dolfin, Dolfin Boldu', Cantele (VI)  Rosa'				0	0	1		248
R	DVV	DVV2211		2017-09-01		Villa Diedo, Diedo-Boldu', Ball, Parolini, Favaretti (VI)  Rosa'				0	0	1		248
R	DVV	DVV2212		2017-09-01		Villa Compostella, Tanfani, Zecchettin, Molinari in Mocellin, Baggio, Volpato, detta Ca' Pasino (VI)  Rosa'				0	0	1		248
R	DVV	DVV2213		2017-09-01		Villa Martinengo, Minotto, Cerrio-Santini, detta Ca' Minotto (VI)  Rosa'				0	0	1		248
R	DVV	DVV2214		2017-09-01		Villa Dolfin, Baggio, detta Reale (VI)  Rosa'				0	0	1		248
R	DVV	DVV2215		2017-09-01		Villa Meneghetti, Zanchetta (VI)  Rosa'				0	0	1		248
R	DVV	DVV2216		2017-09-01		Villa Morosini, Lampertico, Bonaguro, Vanzo Mercante, Caffo, Sturm, Marinotti, Cerantola-Sandri, detta Gioia Grande (VI)  Rosa'				0	0	1		248
R	DVV	DVV2217		2017-09-01		Villa Sale, Carrara, Segafredo, detta il Seminarietto (VI)  Rosa'				0	0	1		248
R	DVV	DVV2218		2017-09-01		Villa Cornaro, Mocenigo, Rossi, Moizzi (VI)  Romando d'Ezzelino				0	0	1		248
R	DVV	DVV2219		2017-09-01		Villa Cabianca, Negri, Arrigoni, Piovene Porto Godi, Mioni, Battaglia (VI)  Romando d'Ezzelino				0	0	1		248
R	DVV	DVV2220		2017-09-01		Villa Stecchini (VI)  Romando d'Ezzelino				0	0	1		248
R	DVV	DVV2221		2017-09-01		Villa Dal Corno, Brocco, Cavallin, Conte, detta Torre Degli Ezzelini (VI)  Romando d'Ezzelino-Pragalera				0	0	1		248
R	DVV	DVV2222		2017-09-01		Villa Brocchi, Marangoni-Busnardo, Ricotti Bertagnoni, Zonta (VI)  Romando d'Ezzelino				0	0	1		248
R	DVV	DVV2223		2017-09-01		Villa Bortignon-Rodighiero (VI)  Romando d'Ezzelino				0	0	1		248
R	DVV	DVV2224		2017-09-01		Villa Locatelli, Nardini (VI)  Romando d'Ezzelino				0	0	1		248
R	DVV	DVV2225		2017-09-01		Villa Velo (VI)  Romando d'Ezzelino-Palazzo Storto				0	0	1		248
R	DVV	DVV2226		2017-09-01		Villa Trivellin, Zambelli, Molin, Giusti, Chilesotti, Donazzolo Benetti (VI)  Romando d'Ezzelino				0	0	1		248
R	DVV	DVV2227		2017-09-01		Villa Dal Vin, Belegno, Dissegna (VI)  Romando d'Ezzelino				0	0	1		248
R	DVV	DVV2228		2017-09-01		Villa Adolfato, detta Casa Ezzelina (VI)  Romando d'Ezzelino				0	0	1		248
R	DVV	DVV2229		2017-09-01		Villa Merlo, Mercante (VI)  Romando d'Ezzelino				0	0	1		248
R	DVV	DVV2230		2017-09-01		Villa Fincati, Cavallin (VI)  Pove del Grappa				0	0	1		248
R	DVV	DVV2231		2017-09-01		Villa Remondini, Fabris-Ferraro-Guerra-Rigo (VI)  Nove				0	0	1		248
R	DVV	DVV2232		2017-09-01		Villa De Rossi, Zanettini, Chiesoltti, Cortese-Maroso (VI)  Pianezze				0	0	1		248
R	DVV	DVV2233		2017-09-01		Villa De Rossi, Costa, Carollo, Viero-Carollo (VI)  Pianezze-Carollo				0	0	1		248
R	DVV	DVV2234		2017-09-01		Villa Barberini, Trivellini, Comello, Bergamo (VI)  Mussolente				0	0	1		248
R	DVV	DVV2235		2017-09-01		Villa Trivellin, Capovilla, Chemin Palma, Busnardo, Zara-Balestra, Cremasco, Lunardon (VI)  Mussolente				0	0	1		248
R	DVV	DVV2236		2017-09-01		Villa Piloni, Grandinetti, Nardini (VI)  Mussolente				0	0	1		248
R	DVV	DVV2237		2017-09-01		Villa Machiavello, Baccin, Rossi, Boarolo, Carlesso (VI)  Nove-Crosara				0	0	1		248
R	DVV	DVV2238		2017-09-01		Villa Cesana, Bellavitis, Giacomelli, Zen (VI)  Mussolente				0	0	1		248
R	DVV	DVV2239		2017-09-01		Villa Lugo, Giustiniani, Facchinetti, Mocellin (VI)  Mussolente				0	0	1		248
R	DVV	DVV2240		2017-09-01		Villa Negri Miazzi, Piovene Porto Godi (VI)  Mussolente				0	0	1		248
R	DVV	DVV2241		2017-09-01		Villa Corradini, Zen, Pasole, Conti, Manenti, Sosomeno, Goneme, Davila, Soderini, Rizzoli, Tescari, Dall'Oglio, Pivetta, Drigo, Cremasco (VI)  Mussolente				0	0	1		248
R	DVV	DVV2242		2017-09-01		Villa Chiericati, Matteazzi Scaroni, Ulian - Petucco, Rubbo - Seganfredo, detta el Palazzon (VI)  Mason Vicentino				0	0	1		248
R	DVV	DVV2243		2017-09-01		Villa Cerato - Loschi, Cerchiari, Reppele, Cadore, Valerio, Bonotto, Gualtiero (VI)  Mason Vicentino				0	0	1		248
R	DVV	DVV2244		2017-09-01		Villa Angaran delle Stelle, Grimani Da Porto, Trevisan, Segafredo, Fogliotto, Garofolo (VI)  Mason Vicentino				0	0	1		248
R	DVV	DVV2245		2017-09-01		Villa Angaran delle Stelle, Grimani, Trevisan, Seganfredo, Cattaneo (VI)  Mason Vicentino				0	0	1		248
R	DVV	DVV2246		2017-09-01		Villa Campostella, De Carli, Favero, Raselli, Sartori, Lazzarotto, Petucco (VI)  Marostica				0	0	1		248
R	DVV	DVV2247		2017-09-01		Villa Agostinelli, Pozzobon, Lisciotto (VI)  Marostica				0	0	1		248
R	DVV	DVV2248		2017-09-01		Colombara Tavola, Borghi, Girardi, Girardi - Drago (VI)  Marostica-Palazzo Girardi				0	0	1		248
R	DVV	DVV2249		2017-09-01		Villa Agostinelli, Pozzobon, Dorio (VI)  Marostica				0	0	1		248
R	DVV	DVV2250		2017-09-01		Villa Torresino, Perli, Remondini, Carli, Pizzato, Marini, Canigli (VI)  Marostica				0	0	1		248
R	DVV	DVV2251		2017-09-01		Villa Bisacco Palazzi  (VE)  Venezia-Chirignago				0	0	1		248
R	DVV	DVV2252		2017-09-01		Palazzetto Cecchini (VE)  Venezia				0	0	1		248
R	DVV	DVV2253		2017-09-01		Villa Cosulich  (VE)  Venezia-Chirignago				0	0	1		248
R	DVV	DVV2254		2017-09-01		Villa Fabris Favaro  (VE)  Venezia				0	0	1		248
R	DVV	DVV2255		2017-09-01		Villa Lucani  (VE)  Venezia				0	0	1		248
R	DVV	DVV2256		2017-09-01		Palazzetto Mauro  (VE)  Venezia-Catene				0	0	1		248
R	DVV	DVV2257		2017-09-01		Villetta Ranzato  (VE)  Venezia				0	0	1		248
R	DVV	DVV2258		2017-09-01		Villa Raspi  (VE)  Venezia				0	0	1		248
R	DVV	DVV2259		2017-09-01		Ca' Zen  (VE)  Venezia				0	0	1		248
R	DVV	DVV2260		2017-09-01		Villa Fasoli, Ceresa  (VE)  Venezia-Giustizia				0	0	1		248
R	DVV	DVV2261		2017-09-01		Villa Carlesso (VE)  Venezia				0	0	1		248
R	DVV	DVV2262		2017-09-01		Villa Pizzeri, Petrobelli, Grassi, Fortuni, detta Elisabetta (VE)  Venezia				0	0	1		248
R	DVV	DVV2263		2017-09-01		Villa Giustinian, Zais  (VE)  Venezia				0	0	1		248
R	DVV	DVV2264		2017-09-01		Caso Marchesi, Moro  (VE)  Venezia				0	0	1		248
R	DVV	DVV2265		2017-09-01		Villetta Nalesso  (VE)  Venezia				0	0	1		248
R	DVV	DVV2266		2017-09-01		Villa Careggi, Papadopoli, Fuerstemberg (VE)  Venezia				0	0	1		248
R	DVV	DVV2267		2017-09-01		Villa Bottoni, Scopinich, Franchin (VE)  Venezia				0	0	1		248
R	DVV	DVV2268		2017-09-01		Villa Da Mosto  (VE)  Venezia-Trivignano				0	0	1		248
R	DVV	DVV2269		2017-09-01		Villa Lin, Bottacin  (VE)  Venezia				0	0	1		248
R	DVV	DVV2270		2017-09-01		Casa canonica di Santa Maria di Sala  (VE)  Santa Maria di Sala				0	0	1		248
R	DVV	DVV2271		2017-09-01		Casino Lisso (VE)  Venezia				0	0	1		248
R	DVV	DVV2272		2017-09-01		Villa Gozzato, Gradenigo, detta Elena (VE)  Venezia-Cipressina				0	0	1		248
R	DVV	DVV2273		2017-09-01		Villa Lin, Tagliacozzo  (VE)  Venezia				0	0	1		248
R	DVV	DVV2274		2017-09-01		Villa Zino, Angaran, Grimani  (VE)  Venezia				0	0	1		248
R	DVV	DVV2275		2017-09-01		Villa Colleoni (VE)  Stra-Fossolovara				0	0	1		248
R	DVV	DVV2276		2017-09-01		Villa Ferraresso  (VE)  Stra				0	0	1		248
R	DVV	DVV2277		2017-09-01		Casa rurale Fattore  (VE)  Stra				0	0	1		248
R	DVV	DVV2278		2017-09-01		Villa Zeno, Tonini Moretto, detta Castello dei Prata  (VE)  Santo Stino di Livenza				0	0	1		248
R	DVV	DVV2279		2017-09-01		Villa Lorenzon, De Marchi, Dal Ferro  (VE)  Meolo				0	0	1		248
R	DVV	DVV2280		2017-09-01		Casa Arnaldi, Pauletto-Vicino, Vicino (VI)  Villaverla				0	0	1		248
R	DVV	DVV2281		2017-09-01		Villa detta Villa settecentesca (VI)  Tezze sul Brenta				0	0	1		248
R	DVV	DVV2282		2017-09-01		Villa Zanin, Pan (VI)  Tezze sul Brenta				0	0	1		248
R	DVV	DVV2283		2017-09-01		Villa Lago, detta Villa seicentesca (VI)  Tezze sul Brenta				0	0	1		248
R	DVV	DVV2284		2017-09-01		Villa Almerico, Dalla Vecchia, Novello (VI)  San Vito di Leguzzano				0	0	1		248
R	DVV	DVV2285		2017-09-01		Villa Piovene, Piovene-Chioccarello, Rosa, Borriero, Guzzonato (VI)  Piovene Rocchette				0	0	1		248
R	DVV	DVV2286		2017-09-01		Villa Corner, Tretti, Ranzolin, Ziche, Beaupin, Nicolussi (VI)  Fara Vicentino				0	0	1		248
R	DVV	DVV2287		2017-09-01		Villa Capra, Tretti, Breganze, Filippi (VI)  Carre'				0	0	1		248
R	DVV	DVV2288		2017-09-01		Villa Mascarello, Bozzetto (VI)  Breganze				0	0	1		248
R	DVV	DVV2289		2017-09-01		Villa Bassan (VI)  Breganze				0	0	1		248
R	DVV	DVV2290		2017-09-01		Casa Uderzo (VI)  Breganze				0	0	1		248
R	DVV	DVV2291		2017-09-01		Villa Carli, Crivellaro, Viero (VI)  Breganze				0	0	1		248
R	DVV	DVV2292		2017-09-01		Villa Stella, Farneda - Valerio (VI)  Breganze				0	0	1		248
R	DVV	DVV2293		2017-09-01		Villa Dalla Ricca (VI)  Breganze				0	0	1		248
R	DVV	DVV2294		2017-09-01		Corte Caprini, Tamiello, detta Il Maglio (VI)  Breganze				0	0	1		248
R	DVV	DVV2295		2017-09-01		Villa Vicentini, Zanazzo (VI)  Breganze-Costa				0	0	1		248
R	DVV	DVV2296		2017-09-01		Corte Canaglia, detta Il Vaticano (VI)  Breganze				0	0	1		248
R	DVV	DVV2297		2017-09-01		Villa Miotti, Pivotto (VI)  Breganze				0	0	1		248
R	DVV	DVV2298		2017-09-01		Villa Sartori (VI)  Breganze				0	0	1		248
R	DVV	DVV2299		2017-09-01		Villa Brogliati, Battistella (VI)  Breganze				0	0	1		248
R	DVV	DVV2300		2017-09-01		Villa Vittorelli, Appollonio, Ferronato (VI)  Romando d'Ezzelino				0	0	1		248
R	DVV	DVV2301		2017-09-01		Villa Sguario, Cavallin (VI)  Solagna				0	0	1		248
R	DVV	DVV2302		2017-09-01		Villa Braghetta, Chilesotti, Fabris (VI)  Thiene				0	0	1		248
R	DVV	DVV2303		2017-09-01		Villa Pisani (TV)  Altivole				0	0	1		248
R	DVV	DVV2304		2017-09-01		Villa Bardellini, Zon, Monico (TV)  Altivole				0	0	1		248
R	DVV	DVV2305		2017-09-01		Villa Pasqualigo (Scuola Materna) (TV)  Altivole				0	0	1		248
R	DVV	DVV2306		2017-09-01		Villa Razzolini, Loredan, Trentinaglia (TV)  Asolo				0	0	1		248
R	DVV	DVV2307		2017-09-01		Villa De Brandis, Scotti, Browning, Pasini (TV)  Asolo-Foresto Vecchio				0	0	1		248
R	DVV	DVV2308		2017-09-01		Villa Bacchetti, Viviani (TV)  Cornuda				0	0	1		248
R	DVV	DVV2309		2017-09-01		Villa Ogniben  (TV)  Crespano del Grappa				0	0	1		248
R	DVV	DVV2310		2017-09-01		Villa Boschieri (TV)  Crocetta del Montello				0	0	1		248
R	DVV	DVV2311		2017-09-01		Villa Pasqualigo, Soranzo, Carusio, detta Regina Elena  (TV)  Loria				0	0	1		248
R	DVV	DVV2312		2017-09-01		Casa canonica di Loria (TV)  Loria				0	0	1		248
R	DVV	DVV2313		2017-09-01		Villa Dall'Orso (TV)  Montebelluna				0	0	1		248
R	DVV	DVV2314		2017-09-01		Villa Burchielati, Zuccareda, Binetti (TV)  Montebelluna				0	0	1		248
R	DVV	DVV2315		2017-09-01		Villa Pellizzari, Moretto, Manfrin, Dametto  (TV)  Montebelluna				0	0	1		248
R	DVV	DVV2316		2017-09-01		Villa Querini, Garioni (TV)  Montebelluna				0	0	1		248
R	DVV	DVV2317		2017-09-01		Villa Bressa, Mangilli Guillion, detta La Casa del Francese  (TV)  Montebelluna				0	0	1		248
R	DVV	DVV2318		2017-09-01		Villa Zanin  (TV)  Montebelluna				0	0	1		248
R	DVV	DVV2319		2017-09-01		Casino Colonna (TV)  Riese Pio X				0	0	1		248
R	DVV	DVV2320		2017-09-01		Villa Canil (TV)  Riese Pio X-Costanza di Riese				0	0	1		248
R	DVV	DVV2321		2017-09-01		Villa Melchiori, Pradelli, De Martini, detta Casa Dalmareta (TV)  San Zenone degli Ezzelini				0	0	1		248
R	DVV	DVV2322		2017-09-01		Villa Banchieri, De Marchi, Basso, Turrin detta Paolina  (BL)  Feltre-Tast di Farra				0	0	1		248
R	DVV	DVV2323		2017-09-01		Villa Rainer, Serantoni, De Paoli (BL)  Feltre				0	0	1		248
R	DVV	DVV2324		2017-09-01		Villa Bellati, Bertelle, De Giacometti-Francia-Luise (BL)  Feltre-Danega				0	0	1		248
R	DVV	DVV2325		2017-09-01		Villa Pasole, Bottari, Dal Mas, Suman, De Giacometti (BL)  Feltre				0	0	1		248
R	DVV	DVV2326		2017-09-01		Villa Dei, Rosada  (BL)  Feltre-Case Bianche				0	0	1		248
R	DVV	DVV2327		2017-09-01		Villa Guarnieri, Cecchin  (BL)  Feltre-Altin				0	0	1		248
R	DVV	DVV2328		2017-09-01		Villa Miari, Agosti, Zanchi (BL)  Sospirolo				0	0	1		248
R	DVV	DVV2329		2017-09-01		Villa Zasio, Brasavola De Massa, Braida (BL)  Feltre				0	0	1		248
R	DVV	DVV2330		2017-09-01		Villa Villabruna, Marsiai, Cossalter, Cagnan (BL)  Feltre				0	0	1		248
R	DVV	DVV2331		2017-09-01		Villa Nasci, Bonsembiante (BL)  Feltre				0	0	1		248
R	DVV	DVV2332		2017-09-01		Villa Doglioni  (BL)  Belluno-Baldenich				0	0	1		248
R	DVV	DVV2333		2017-09-01		Villa Frigimelica, Gerardis, Piccin  (BL)  Belluno-Santa Maria Maddalena				0	0	1		248
R	DVV	DVV2334		2017-09-01		Villa Sommacal  (BL)  Belluno				0	0	1		248
R	DVV	DVV2335		2017-09-01		Villa Avogadro degli Azzoni, detta Seravella (BL)  Cesiomaggiore-Seravella				0	0	1		248
R	DVV	DVV2336		2017-09-01		Villa Villabruna, Cesa, detta del Canonico (BL)  Mel-Pianazzo				0	0	1		248
R	DVV	DVV2337		2017-09-01		Palazzo Lovato, Polli  (BL)  Feltre				0	0	1		248
R	DVV	DVV2338		2017-09-01		Villa Facen Orum, Rossi, De Bacco, Cremonese, detta Sant'Osvaldo (BL)  Pedavena-Telva				0	0	1		248
R	DVV	DVV2339		2017-09-01		Villa Banchieri, Slongo-Corso, detta Altore (BL)  Pedavena-Altore				0	0	1		248
R	DVV	DVV2340		2017-09-01		Villa Coletti, Doglioni, Reolon-Nardin (BL)  Sedico				0	0	1		248
R	DVV	DVV2341		2017-09-01		Villa Erizzo Araldi, De Bertoldi  (BL)  Sedico				0	0	1		248
R	DVV	DVV2342		2017-09-01		Villa Doriguzzi, Bacchetti, detta Castel de Oregne  (BL)  Sospirolo				0	0	1		248
R	DVV	DVV2343		2017-09-01		Palazzo ottocentesco (BL)  Trichiana				0	0	1		248
R	DVV	DVV2344		2017-09-01		Palazzo Barbuio, Gaio, Francescon (BL)  Mel				0	0	1		248
R	DVV	DVV2345		2017-09-01		Palazzo delle Contesse  (BL)  Mel				0	0	1		248
R	DVV	DVV2346		2017-09-01		Palazzo Carrera, Pivetta Stefani  (BL)  Mel				0	0	1		248
R	DVV	DVV2347		2017-09-01		Villa Tonon  (BL)  Mel				0	0	1		248
R	DVV	DVV2348		2017-09-01		Villa Granelli, Rasori (BL)  Mel				0	0	1		248
R	DVV	DVV2349		2017-09-01		Villa seicentesca  (BL)  Fonzaso				0	0	1		248
R	DVV	DVV2350		2017-09-01		Villa Zuccato, Gorgo, Colpi  (PD)  Abano Terme				0	0	1		248
R	DVV	DVV2351		2017-09-01		Villa Zuccato, Sartorio, Sbalchiero (PD)  Abano Terme-San Lorenzo				0	0	1		248
R	DVV	DVV2352		2017-09-01		Villa Thiene, Breda, Piccoli (PD)  Carmignano di Brenta				0	0	1		248
R	DVV	DVV2353		2017-09-01		Villa Valentini, Vasoni, Talpo, Petrobelli (PD)  Due Carrare				0	0	1		248
R	DVV	DVV2354		2017-09-01		Casa canonica di Carrara Santo Stefano (PD)  Due Carrare				0	0	1		248
R	DVV	DVV2355		2017-09-01		Villa Orsato, Carraretto (PD)  Casalserugo				0	0	1		248
R	DVV	DVV2356		2017-09-01		Villa Belvedere - Dona', Tron, Giustinian, Dona' dalle Rose, Dalla Favera, Trentin detta Ca' Giustinian (PD)  Cittadella-Pozzeto				0	0	1		248
R	DVV	DVV2357		2017-09-01		Ca' Moro, Cittadella, Ionoch, Battaglia - Bosa - Recchia (PD)  Cittadella				0	0	1		248
R	DVV	DVV2358		2017-09-01		Villa Mastini, Della Scala, Malfatti, Rina  (PD)  Cittadella-Borgo Treviso				0	0	1		248
R	DVV	DVV2359		2017-09-01		Villa Valliera, Bortolotto, Bertoncello (PD)  Cittadella				0	0	1		248
R	DVV	DVV2360		2017-09-01		Villa Zambelli, Folco (PD)  Legnaro				0	0	1		248
R	DVV	DVV2361		2017-09-01		Villa Moro, Fabbro, Mamprin (PD)  Massanzago				0	0	1		248
R	DVV	DVV2362		2017-09-01		Villa Bonomi, Franceschetto (PD)  Massanzago				0	0	1		248
R	DVV	DVV2363		2017-09-01		Villa Savardo, Vittadello (PD)  Massanzago				0	0	1		248
R	DVV	DVV2364		2017-09-01		Villa Bianchi, Negri, Michiel, Suppiei, Busatta (PD)  Noventa Padovana				0	0	1		248
R	DVV	DVV2365		2017-09-01		Villa Soncin, Silvestri, Rossi (PD)  Rubano				0	0	1		248
R	DVV	DVV2366		2017-09-01		Villa Alessi (PD)  Arqua' Petrarca				0	0	1		248
R	DVV	DVV2367		2017-09-01		Palazzo Badoer, Sommer (PD)  Piove di Sacco				0	0	1		248
R	DVV	DVV2368		2017-09-01		Palazzo Bozzattini, Sartori (PD)  Piove di Sacco				0	0	1		248
R	DVV	DVV2369		2017-09-01		Palazzo Contarini, Rizzo (PD)  Piove di Sacco				0	0	1		248
R	DVV	DVV2370		2017-09-01		Palazzo Corner, Trevisan, Crivellari (PD)  Piove di Sacco				0	0	1		248
R	DVV	DVV2371		2017-09-01		Palazzo Barbaro, Lorenzoni o Foscarini, Dardo (PD)  Piove di Sacco				0	0	1		248
R	DVV	DVV2372		2017-09-01		Palazzo Jappelli (PD)  Piove di Sacco				0	0	1		248
R	DVV	DVV2373		2017-09-01		Palazzo Martini, Piva (PD)  Piove di Sacco				0	0	1		248
R	DVV	DVV2374		2017-09-01		Palazzo Morana, Stazio, Gradenigo (PD)  Piove di Sacco				0	0	1		248
R	DVV	DVV2375		2017-09-01		Palazzo Morosini, Gidoni, Vallini, Corazza (PD)  Piove di Sacco				0	0	1		248
R	DVV	DVV2376		2017-09-01		Palazzo Pasqualigo, Bertani (PD)  Piove di Sacco				0	0	1		248
R	DVV	DVV2377		2017-09-01		Casa Priuli, Mocenigo, Corner, Cavagnis, Bruni (PD)  Piove di Sacco				0	0	1		248
R	DVV	DVV2378		2017-09-01		Palazzo Querini, Dante (PD)  Piove di Sacco				0	0	1		248
R	DVV	DVV2379		2017-09-01		Barchessa Venier, Polani, Mettich, Luise (PD)  Piove di Sacco				0	0	1		248
R	DVV	DVV2380		2017-09-01		Villa Bugazzi (PD)  Albignasego				0	0	1		248
R	DVV	DVV2381		2017-09-01		Casa del Petrarca (PD)  Arqua' Petrarca				0	0	1		248
R	DVV	DVV2382		2017-09-01		Ca' Bertana (PD)  Monselice				0	0	1		248
R	DVV	DVV2383		2017-09-01		Villa Venier (Collegio Poloni) (PD)  Monselice				0	0	1		248
R	DVV	DVV2384		2017-09-01		Villa Cromer, Saggini, Buzzaccarini (PD)  Monselice				0	0	1		248
R	DVV	DVV2385		2017-09-01		Castello Cini, detta Ca' Marcello (PD)  Monselice				0	0	1		248
R	DVV	DVV2386		2017-09-01		Villa Contarini, Crescente, Ida (PD)  Padova				0	0	1		248
R	DVV	DVV2387		2017-09-01		Villa Settecentesca (PD)  Piove di Sacco				0	0	1		248
R	DVV	DVV2388		2017-09-01		Casa Boldu', Olivotto (PD)  Torreglia				0	0	1		248
R	DVV	DVV2389		2017-09-01		Villa Ferruzzi (PD)  Torreglia				0	0	1		248
R	DVV	DVV2390		2017-09-01		Villa Levi, Cattelan, Macca' (PD)  Torreglia				0	0	1		248
R	DVV	DVV2391		2017-09-01		Villa Megardi, Grigolin (PD)  Torreglia				0	0	1		248
R	DVV	DVV2392		2017-09-01		Villa Zacco, Sordina (PD)  Torreglia				0	0	1		248
R	DVV	DVV2393		2017-09-01		Villa Bano (PD)  Campodarsego				0	0	1		248
R	DVV	DVV2394		2017-09-01		Villa Morandi, Ferrarin (PD)  Campodarsego				0	0	1		248
R	DVV	DVV2395		2017-09-01		Villa Santi, Cabianca (PD)  Casale di Scodosia				0	0	1		248
R	DVV	DVV2396		2017-09-01		Fattoria di San Dario (PD)  Correzzola				0	0	1		248
R	DVV	DVV2397		2017-09-01		Fattoria di San Domenico (PD)  Correzzola				0	0	1		248
R	DVV	DVV2398		2017-09-01		Fattoria di San Donato (PD)  Correzzola-La Vanezza				0	0	1		248
R	DVV	DVV2399		2017-09-01		Fattoria di San Fidenzio (PD)  Correzzola				0	0	1		248
R	DVV	DVV2400		2017-09-01		Fattoria di San Filippo (PD)  Correzzola				0	0	1		248
R	DVV	DVV2401		2017-09-01		Fattoria di San Fortunato (PD)  Correzzola				0	0	1		248
R	DVV	DVV2402		2017-09-01		Fattoria di San Giacinto (PD)  Correzzola				0	0	1		248
R	DVV	DVV2403		2017-09-01		Fattoria di San Luca, detta Piccola Vanezza o Vanezzetta (PD)  Correzzola				0	0	1		248
R	DVV	DVV2404		2017-09-01		Fattoria di San Nicolo' (PD)  Correzzola				0	0	1		248
R	DVV	DVV2405		2017-09-01		Fattoria di San Prosdocimo (PD)  Correzzola				0	0	1		248
R	DVV	DVV2406		2017-09-01		Fattoria di Sant'Agostino (PD)  Correzzola				0	0	1		248
R	DVV	DVV2407		2017-09-01		Fattoria di San Roberto (PD)  Correzzola				0	0	1		248
R	DVV	DVV2408		2017-09-01		Fattoria di Sant'Anna (PD)  Correzzola				0	0	1		248
R	DVV	DVV2409		2017-09-01		Fattoria di Sant'Antonio (PD)  Correzzola				0	0	1		248
R	DVV	DVV2410		2017-09-01		Fattoria di Sant'Arnaldo (PD)  Correzzola				0	0	1		248
R	DVV	DVV2411		2017-09-01		Fattoria di Santa Chiara (PD)  Correzzola				0	0	1		248
R	DVV	DVV2412		2017-09-01		Fattoria di Santa Margarita (PD)  Correzzola				0	0	1		248
R	DVV	DVV2413		2017-09-01		Fattoria di Santa Rosa (PD)  Correzzola				0	0	1		248
R	DVV	DVV2414		2017-09-01		Villa Pantanieri, Venier, Ciato (PD)  Galzignano Terme				0	0	1		248
R	DVV	DVV2415		2017-09-01		Villa Barbarigo, Pizzoni Ardemani (PD)  Galzignano Terme-Valsanzibio				0	0	1		248
R	DVV	DVV2416		2017-09-01		Villa Pisani, Augusta (PD)  Galzignano Terme				0	0	1		248
R	DVV	DVV2417		2017-09-01		Casa Bacchini (PD)  Monselice				0	0	1		248
R	DVV	DVV2418		2017-09-01		Palazzo Branchini (PD)  Monselice				0	0	1		248
R	DVV	DVV2419		2017-09-01		Villa Piacentini, detta Casa del Rettore delle Sette Chiese (PD)  Monselice				0	0	1		248
R	DVV	DVV2420		2017-09-01		Resti di casa Gasparoni (PD)  Sant'Angelo di Piove di Sacco				0	0	1		248
R	DVV	DVV2421		2017-09-01		Casa Rizzardo, Borasco (PD)  Ospedaletto Euganeo				0	0	1		248
R	DVV	DVV2422		2017-09-01		Villa Scarpi, Berti, Paganini (PD)  Trebaseleghe				0	0	1		248
R	DVV	DVV2423		2017-09-01		Villa Tron, detta Immacolata (PD)  Padova				0	0	1		248
R	DVV	DVV2424		2017-09-01		Villa Breda (PD)  Padova				0	0	1		248
R	DVV	DVV2425		2017-09-01		Casa Zanuso (PD)  Megliadino San Fidenzio-Pra' di Botte				0	0	1		248
R	DVV	DVV2426		2017-09-01		Villa Zanuso  (PD)  Megliadino San Fidenzio-Pra' di Botte				0	0	1		248
R	DVV	DVV2427		2017-09-01		Villa Lion, Fardigo, Fasolo (PD)  Rovolon				0	0	1		248
R	DVV	DVV2428		2017-09-01		Villa Da Rio, Rubini, Canal (PD)  Rovolon				0	0	1		248
R	DVV	DVV2429		2017-09-01		Ca' Morosini (PD)  Vo'-Rovarolla alta				0	0	1		248
R	DVV	DVV2430		2017-09-01		Ca' Erizzo - Maniscalchi, Albertini (PD)  Vo'				0	0	1		248
R	DVV	DVV2431		2017-09-01		Casa Morosini, Gallo, detta Ca' Lunga (PD)  Vo'				0	0	1		248
R	DVV	DVV2432		2017-09-01		Palazzo Marzari, Crivelli, Boschetto (PD)  Saccolongo-Borgo di Creola vecchia				0	0	1		248
R	DVV	DVV2433		2017-09-01		Palazzo Cappellini, Longo (PD)  Saletto				0	0	1		248
R	DVV	DVV2434		2017-09-01		Palazzetto Fritegotto, Mion (PD)  Saletto				0	0	1		248
R	DVV	DVV2435		2017-09-01		Villa Vallaresso, Pisani (PD)  Saletto				0	0	1		248
R	DVV	DVV2436		2017-09-01		Villa Gallo (PD)  Saletto				0	0	1		248
R	DVV	DVV2437		2017-09-01		Villa Fin (PD)  Saletto				0	0	1		248
R	DVV	DVV2438		2017-09-01		Villa Ferro Splendore (PD)  Saletto				0	0	1		248
R	DVV	DVV2439		2017-09-01		Villa Longo (PD)  Saletto				0	0	1		248
R	DVV	DVV2440		2017-09-01		Villa Campello (PD)  Camposampiero				0	0	1		248
R	DVV	DVV2441		2017-09-01		annessi di Villa Mussato, Farini, Morosinotto (PD)  Vigodarzere				0	0	1		248
R	DVV	DVV2442		2017-09-01		Villa Foscarini, Pezzato - Bombarda, Facciolati, Brugger, Marchiori, Poletto, detta Rebecca (PD)  Rubano				0	0	1		248
R	DVV	DVV2443		2017-09-01		Villa Nallini, Albiani Borromeo, Fabris, Conti, Bottazzo (PD)  Rubano				0	0	1		248
R	DVV	DVV2444		2017-09-01		Villa Canale (PD)  Padova-Prato della Valle				0	0	1		248
R	DVV	DVV2445		2017-09-01		Villa Marcello, Renier, Lupato, detta Ca' Gennari (PD)  Urbana				0	0	1		248
R	DVV	DVV2446		2017-09-01		Villa Carminati, Davalli (PD)  Urbana				0	0	1		248
R	DVV	DVV2447		2017-09-01		Villa Malipiero, Corner, Gioia, Battistella (PD)  Este				0	0	1		248
R	DVV	DVV2448		2017-09-01		Villa Malipiero, Moro, Grandis, Girotto (PD)  Este				0	0	1		248
R	DVV	DVV2449		2017-09-01		Torre di Este (PD)  Este				0	0	1		248
R	DVV	DVV2450		2017-09-01		Palazzo Barbarigo (PD)  Este				0	0	1		248
R	DVV	DVV2451		2017-09-01		Villa Gradenigo, Capodaglio, Barbiero (PD)  Este				0	0	1		248
R	DVV	DVV2452		2017-09-01		Villa Mattiolo (PD)  Este				0	0	1		248
R	DVV	DVV2453		2017-09-01		Palazzo Rezzonico (Genio Civile) (PD)  Este				0	0	1		248
R	DVV	DVV2454		2017-09-01		Palazzo Rota, Vedana, Capodaglio (PD)  Este				0	0	1		248
R	DVV	DVV2455		2017-09-01		Palazzo Widmann, Miatton, Mazzucco (PD)  Este				0	0	1		248
R	DVV	DVV2456		2017-09-01		Villa Dolfin, Boldu' (PD)  Este				0	0	1		248
R	DVV	DVV2457		2017-09-01		Villa Camposampiero (Casa canonica di Fontanafredda) (PD)  Cinto Euganeo				0	0	1		248
R	DVV	DVV2458		2017-09-01		Villa Cavalli, Pesaro, Salvadego, Riolfatto (PD)  Cinto Euganeo				0	0	1		248
R	DVV	DVV2459		2017-09-01		Villa Sperandio, Conti, Alessi, Fontana (PD)  Cinto Euganeo				0	0	1		248
R	DVV	DVV2460		2017-09-01		Villa Pimbiolo, Selvatico, Treves (PD)  Abano Terme				0	0	1		248
R	DVV	DVV2461		2017-09-01		Villa Todeschini, Convento Benedettine (PD)  Abano Terme				0	0	1		248
R	DVV	DVV2462		2017-09-01		Villa Bembo, detta La Bembiana (PD)  Teolo				0	0	1		248
R	DVV	DVV2463		2017-09-01		Palazzo Capodivacca (PD)  Cervarese Santa Croce				0	0	1		248
R	DVV	DVV2464		2017-09-01		Palazzo Da Rio, Bassan, Cenghiaro (PD)  Cervarese Santa Croce				0	0	1		248
R	DVV	DVV2465		2017-09-01		Casa Leoni, Rubin (PD)  Cervarese Santa Croce				0	0	1		248
R	DVV	DVV2466		2017-09-01		Villa Moschini, Girardello, Rossi (PD)  Cervarese Santa Croce				0	0	1		248
R	DVV	DVV2467		2017-09-01		Barchesse di villa Ferri, Papadopoli (PD)  Padova-Ferri				0	0	1		248
R	DVV	DVV2468		2017-09-01		Villa Miari, Cumani (PD)  Padova				0	0	1		248
R	DVV	DVV2469		2017-09-01		Casa canonica di San Giorgio in Bosco (PD)  San Giorgio in Bosco				0	0	1		248
R	DVV	DVV2470		2017-09-01		Villa Calza, Forzadura, Pacchierotti, Sacerdoti, detta La Serenella (PD)  Cervarese Santa Croce				0	0	1		248
R	DVV	DVV2471		2017-09-01		Casa Miara, Berlendis, Bassi, Zaccaria (PD)  Selvazzano Dentro				0	0	1		248
R	DVV	DVV2472		2017-09-01		Villa Bolani, Barbieri, Frasson (PD)  Selvazzano Dentro				0	0	1		248
R	DVV	DVV2473		2017-09-01		Villa Burlini, Marcato (PD)  Camposampiero				0	0	1		248
R	DVV	DVV2474		2017-09-01		Villa Da Peraga, Bettanini (PD)  Vigonza				0	0	1		248
R	DVV	DVV2475		2017-09-01		Casino di caccia Pagnucco - Bettanini (PD)  Vigonza				0	0	1		248
R	DVV	DVV2476		2017-09-01		Villa Pavanello  (PD)  Vigonza				0	0	1		248
R	DVV	DVV2477		2017-09-01		Villa Alzavola (PD)  Vigonza				0	0	1		248
R	DVV	DVV2478		2017-09-01		Villa Roman (PD)  Vigonza				0	0	1		248
R	DVV	DVV2479		2017-09-01		Casa canonica di Vigonza (PD)  Vigonza				0	0	1		248
R	DVV	DVV2480		2017-09-01		Villa Conte (PD)  Vigonza				0	0	1		248
R	DVV	DVV2481		2017-09-01		Villa Fongaro (PD)  Vigonza				0	0	1		248
R	DVV	DVV2482		2017-09-01		Villa Carraro - Pagin - Fattoretto (PD)  Vigonza				0	0	1		248
R	DVV	DVV2483		2017-09-01		Villa Barbariga, Sala, Basaglia (PD)  Vigonza				0	0	1		248
R	DVV	DVV2484		2017-09-01		Villa Manfredini, Rosina, Zampon (PD)  Vescovana				0	0	1		248
R	DVV	DVV2485		2017-09-01		Villa Cittadella, Vigodarzere, Papafava, Dalla Francesca (PD)  Cervarese Santa Croce				0	0	1		248
R	DVV	DVV2486		2017-09-01		Villa Wollemborg (PD)  Padova				0	0	1		248
R	DVV	DVV2487		2017-09-01		Casa Ai Tre Porteghi (PD)  Noventa Padovana				0	0	1		248
R	DVV	DVV2488		2017-09-01		Villa Melato, detta Christina (PD)  Noventa Padovana				0	0	1		248
R	DVV	DVV2489		2017-09-01		Casa Bonandini (PD)  Padova				0	0	1		248
R	DVV	DVV2490		2017-09-01		Resti di villa Merlin, Bianchini (PD)  Pozzonovo				0	0	1		248
R	DVV	DVV2491		2017-09-01		Villa settecentesca (PD)  Vigodarzere				0	0	1		248
R	DVV	DVV2492		2017-09-01		Villa Pimpinato, Schiavon (PD)  Saonara				0	0	1		248
R	DVV	DVV2493		2017-09-01		Villa Zane, Rosso (PD)  Brugine				0	0	1		248
R	DVV	DVV2494		2017-09-01		Villa Papafava, Mengardo (PD)  Brugine				0	0	1		248
R	DVV	DVV2495		2017-09-01		Palazzo Grimani, Capello (PD)  Brugine				0	0	1		248
R	DVV	DVV2496		2017-09-01		Villa Bergamasco, Paggiaro (PD)  Masera' di Padova				0	0	1		248
R	DVV	DVV2497		2017-09-01		Villa cinquecentesca (Scuola Materna) (PD)  Due Carrare				0	0	1		248
R	DVV	DVV2498		2017-09-01		Casa Grifalconi, Sturaro (PD)  Monselice				0	0	1		248
R	DVV	DVV2499		2017-09-01		Ca' Duodo (PD)  Monselice				0	0	1		248
R	DVV	DVV2500		2017-09-01		Villa Buzzacarini (PD)  Monselice				0	0	1		248
R	DVV	DVV2501		2017-09-01		Casa canonica di Marendole (PD)  Monselice				0	0	1		248
R	DVV	DVV2502		2017-09-01		Villa Marani (PD)  Teolo				0	0	1		248
R	DVV	DVV2503		2017-09-01		Casa Papafava, Casiraghi, detta Il Palazzetto (PD)  Rovolon				0	0	1		248
R	DVV	DVV2504		2017-09-01		Villa Marin (PD)  Cervarese Santa Croce				0	0	1		248
R	DVV	DVV2505		2017-09-01		Casa Garbin (PD)  Veggiano				0	0	1		248
R	DVV	DVV2506		2017-09-01		Casa Savioli, Bettio (PD)  Rubano				0	0	1		248
R	DVV	DVV2507		2017-09-01		Villa Baggio (PD)  Rubano				0	0	1		248
R	DVV	DVV2508		2017-09-01		Palazzo Simon (PD)  Anguillara Veneta				0	0	1		248
R	DVV	DVV2509		2017-09-01		Villa seicentesca, detta Magazzino idraulico di Borgoforte (PD)  Anguillara Veneta				0	0	1		248
R	DVV	DVV2510		2017-09-01		Barchessa Del Pizon, Girotto (PD)  Anguillara Veneta				0	0	1		248
R	DVV	DVV2511		2017-09-01		Villa Scapin (PD)  Bagnoli di Sopra				0	0	1		248
R	DVV	DVV2512		2017-09-01		Villa Marin  (PD)  Arre				0	0	1		248
R	DVV	DVV2513		2017-09-01		Palazzo Lion Cavazza, Salom (PD)  Conselve				0	0	1		248
R	DVV	DVV2514		2017-09-01		Casa Dalla Francesca  (PD)  Casale di Scodosia				0	0	1		248
R	DVV	DVV2515		2017-09-01		Complesso rurale Pisani, Lanfranchi (PD)  Vighizzolo d'Este-Serraglio				0	0	1		248
R	DVV	DVV2516		2017-09-01		Villa Medin, detta Immacolata (PD)  Torreglia				0	0	1		248
R	DVV	DVV2517		2017-09-01		Villa Il Castelletto (PD)  Torreglia-Castelletto				0	0	1		248
R	DVV	DVV2518		2017-09-01		Villa Maluta, detta Villa Assunta (PD)  Torreglia				0	0	1		248
R	DVV	DVV2519		2017-09-01		Villa Gilda (PD)  Torreglia				0	0	1		248
R	DVV	DVV2520		2017-09-01		Villa Maggioni (PD)  Torreglia				0	0	1		248
R	DVV	DVV2521		2017-09-01		Villa De Lazara, Locatelli, Accordi, detta Il Conventino (PD)  Cervarese Santa Croce-Frassanelle				0	0	1		248
R	DVV	DVV2522		2017-09-01		Villa Brunelli Bonetti (PD)  Teolo-Tramonte				0	0	1		248
R	DVV	DVV2523		2017-09-01		Casa colonica Emo (PD)  Teolo				0	0	1		248
R	DVV	DVV2524		2017-09-01		Casa Piacentini (PD)  Selvazzano Dentro				0	0	1		248
R	DVV	DVV2525		2017-09-01		Villa Gasparotto (PD)  Mestrino				0	0	1		248
R	DVV	DVV2526		2017-09-01		Casa Vallaresso, Traverso (PD)  Rubano				0	0	1		248
R	DVV	DVV2527		2017-09-01		Villa Fanin, Santagnese, De Clarinici (PD)  Rubano				0	0	1		248
R	DVV	DVV2528		2017-09-01		Casa Vallaresso, Martini (PD)  Rubano				0	0	1		248
R	DVV	DVV2529		2017-09-01		Villa Favaretti (PD)  Cittadella-Boschetto				0	0	1		248
R	DVV	DVV2530		2017-09-01		Casa Zanolla (PD)  Campo San Martino				0	0	1		248
R	DVV	DVV2531		2017-09-01		Palazzetto Vecchia Rialto (PD)  Brugine				0	0	1		248
R	DVV	DVV2532		2017-09-01		Villa Molin (PD)  Villafranca Padovana				0	0	1		248
R	DVV	DVV2533		2017-09-01		Villa Forasacco (PD)  Gazzo				0	0	1		248
R	DVV	DVV2534		2017-09-01		Barchessa di villa Thiene (PD)  Villafranca Padovana				0	0	1		248
R	DVV	DVV2535		2017-09-01		Palazzo Colpi (PD)  Villafranca Padovana				0	0	1		248
R	DVV	DVV2536		2017-09-01		Barchessa di Villa Giustinian (PD)  Cittadella				0	0	1		248
R	DVV	DVV2537		2017-09-01		Villa Donaudi (PD)  Vigonza				0	0	1		248
R	DVV	DVV2538		2017-09-01		Villa Trevisan - Sacchetto  (PD)  Vigonza				0	0	1		248
R	DVV	DVV2539		2017-09-01		Villa Barbieri (PD)  Padova				0	0	1		248
R	DVV	DVV2540		2017-09-01		Villa Contarini, Camerini  (PD)  Piazzola sul Brenta				0	0	1		248
R	DVV	DVV2541		2017-09-01		Barchesse di Corte Da Zara (PD)  Masera' di Padova				0	0	1		248
R	DVV	DVV2542		2017-09-01		Villa Breda (PD)  Campo San Martino				0	0	1		248
R	DVV	DVV2543		2017-09-01		Villa Grifoni, Graziani, Mistrel, Salvan - Tapparello (PD)  Padova				0	0	1		248
R	DVV	DVV2544		2017-09-01		Casa Rizzetto (PD)  San Pietro in Gu'				0	0	1		248
R	DVV	DVV2545		2017-09-01		Villa Camposampiero, Rampado, Sottoriva (PD)  Rubano				0	0	1		248
R	DVV	DVV2546		2017-09-01		Villa Borgo, Paiusco (PD)  San Pietro in Gu'				0	0	1		248
R	DVV	DVV2547		2017-09-01		Casa Bova, Guerra  (RO)  Badia Polesine-Bovazecchino				0	0	1		248
R	DVV	DVV2548		2017-09-01		Casa canonica di Calto  (RO)  Calto				0	0	1		248
R	DVV	DVV2549		2017-09-01		Corte Rigobello  (RO)  Canda				0	0	1		248
R	DVV	DVV2550		2017-09-01		Ca' Rossa  (RO)  Castelnovo Bariano-Ca' Rossa				0	0	1		248
R	DVV	DVV2551		2017-09-01		Casa Bighetti  (RO)  Costa di Rovigo				0	0	1		248
R	DVV	DVV2552		2017-09-01		Corte Ferraresi - Liboni  (RO)  Ficarolo-Trento				0	0	1		248
R	DVV	DVV2553		2017-09-01		Palazzo Grimani  (RO)  Polesella				0	0	1		248
R	DVV	DVV2554		2017-09-01		Villa Campanari (RO)  Fratta Polesine				0	0	1		248
R	DVV	DVV2555		2017-09-01		Casa Baschiera  (RO)  Lendinara				0	0	1		248
R	DVV	DVV2556		2017-09-01		Villa Colleoni, Marchini  (RO)  Lendinara				0	0	1		248
R	DVV	DVV2557		2017-09-01		Casa De Zaccaria, Barion  (RO)  Lendinara				0	0	1		248
R	DVV	DVV2558		2017-09-01		Villa Filippi, Monti  (RO)  Lendinara				0	0	1		248
R	DVV	DVV2559		2017-09-01		Palazzo Perolari, Malmignati  (RO)  Lendinara				0	0	1		248
R	DVV	DVV2560		2017-09-01		Torre di villa Morosini, Oliva (RO)  Lusia				0	0	1		248
R	DVV	DVV2561		2017-09-01		Villa Papadopoli, Pela', detta Corte Retinella (RO)  Loreo-Retinella				0	0	1		248
R	DVV	DVV2562		2017-09-01		Casa Canonica (RO)  Pincara				0	0	1		248
R	DVV	DVV2563		2017-09-01		Villa Cappello, Andreotti  (RO)  Pontecchio Polesine				0	0	1		248
R	DVV	DVV2564		2017-09-01		Villa Manin, Baccaglini (RO)  Rovigo				0	0	1		248
R	DVV	DVV2565		2017-09-01		Villa Nani Mocenigo, Bertetti  (RO)  San Bellino				0	0	1		248
R	DVV	DVV2566		2017-09-01		Villa Pela', Chieregato  (RO)  Castelguglielmo-Presciane				0	0	1		248
R	DVV	DVV2567		2017-09-01		Villa Trebbi (RO)  Trecenta				0	0	1		248
R	DVV	DVV2568		2017-09-01		Villa Correr, Pisani (TV)  Roncade				0	0	1		248
R	DVV	DVV2569		2017-09-01		Casa Tonello (TV)  Oderzo				0	0	1		248
R	DVV	DVV2570		2017-09-01		Palazzo Contarini, Foscolo (TV)  Oderzo				0	0	1		248
R	DVV	DVV2571		2017-09-01		Villa Montalbano, Balbi, Valier, Paoletti (TV)  Mareno di Piave				0	0	1		248
R	DVV	DVV2572		2017-09-01		Adiacenze di Villa Sicher, Barnabo' (TV)  Arcade				0	0	1		248
R	DVV	DVV2573		2017-09-01		Villa Tiretta, Agostini (TV)  Giavera del Montello				0	0	1		248
R	DVV	DVV2574		2017-09-01		Villa Gritti, Sartori (TV)  Spresiano				0	0	1		248
R	DVV	DVV2575		2017-09-01		Villa Torresini (TV)  Spresiano				0	0	1		248
R	DVV	DVV2576		2017-09-01		Barchesse di Ca' Ballarin (TV)  Spresiano				0	0	1		248
R	DVV	DVV2577		2017-09-01		Villa Albuzio, Lorenzon (TV)  Zero Branco				0	0	1		248
R	DVV	DVV2578		2017-09-01		Casa Querini (Casa canonica di Castello di Godego) (TV)  Castello di Godego				0	0	1		248
R	DVV	DVV2579		2017-09-01		Casa Querini, Martinello, Conte (TV)  Castello di Godego				0	0	1		248
R	DVV	DVV2580		2017-09-01		Villa Renier (TV)  Castello di Godego				0	0	1		248
R	DVV	DVV2581		2017-09-01		Ca' Zorzi, Moresco, Beltrame (TV)  Castello di Godego				0	0	1		248
R	DVV	DVV2582		2017-09-01		Villa Negri, Bolzon (TV)  Castello di Godego				0	0	1		248
R	DVV	DVV2583		2017-09-01		Casa Avogadro degli Azzoni, Daminato (TV)  Castello di Godego				0	0	1		248
R	DVV	DVV2584		2017-09-01		Villa Mocenigo, Elisa (Istituto Salesiano) (TV)  Castello di Godego				0	0	1		248
R	DVV	DVV2585		2017-09-01		Casa Jonoch, Conte (TV)  Castello di Godego				0	0	1		248
R	DVV	DVV2586		2017-09-01		Ca' Leoncino, Da Lezze, Moresco, Marchiorello (TV)  Castello di Godego				0	0	1		248
R	DVV	DVV2587		2017-09-01		Villa Mocenigo, Garzoni Martini (TV)  Castello di Godego				0	0	1		248
R	DVV	DVV2588		2017-09-01		Villa Priuli, Moresco, Turcato (TV)  Castello di Godego				0	0	1		248
R	DVV	DVV2589		2017-09-01		Villa Moresco, Serena (TV)  Castello di Godego				0	0	1		248
R	DVV	DVV2590		2017-09-01		Pertinenze di Villa Di Broglio (TV)  Resana				0	0	1		248
R	DVV	DVV2591		2017-09-01		Villa Barea Toscan, Dolcetta, detta La Cuba (TV)  Resana				0	0	1		248
R	DVV	DVV2592		2017-09-01		Villa Barozzi, Malipiero, Da Mosto, Zizzola (TV)  Resana				0	0	1		248
R	DVV	DVV2593		2017-09-01		Villa Nosadini, Di Broglio (TV)  Resana				0	0	1		248
R	DVV	DVV2594		2017-09-01		Villa Baroni (TV)  Loria				0	0	1		248
R	DVV	DVV2595		2017-09-01		Barchessa di villa Badoer, Marcello (TV)  Morgano				0	0	1		248
R	DVV	DVV2596		2017-09-01		Barchessa di villa Manfrin, Civran (TV)  Loria				0	0	1		248
R	DVV	DVV2597		2017-09-01		Casa canonica di Valla' (TV)  Riese Pio X				0	0	1		248
R	DVV	DVV2598		2017-09-01		Villa Cecconi (TV)  Riese Pio X				0	0	1		248
R	DVV	DVV2599		2017-09-01		Villa Emiliani, detta Ca' Miane (TV)  Riese Pio X				0	0	1		248
R	DVV	DVV2600		2017-09-01		Casa Sagramora (TV)  Zero Branco				0	0	1		248
R	DVV	DVV2601		2017-09-01		Colombara Fietta (TV)  Altivole				0	0	1		248
R	DVV	DVV2602		2017-09-01		Barco della Regina Cornaro (TV)  Altivole				0	0	1		248
R	DVV	DVV2603		2017-09-01		Villa Paganuzzi, Della Zonca (TV)  Arcade				0	0	1		248
R	DVV	DVV2604		2017-09-01		Villa Pedrini (TV)  Arcade				0	0	1		248
R	DVV	DVV2605		2017-09-01		Villa Sugana, Cavalieri (TV)  Arcade				0	0	1		248
R	DVV	DVV2606		2017-09-01		Casa canonica di Pagnano (TV)  Asolo				0	0	1		248
R	DVV	DVV2607		2017-09-01		Villa Contarini, Bragadin, Soranzo detta degli Armeni (TV)  Asolo-Sant'Anna				0	0	1		248
R	DVV	DVV2608		2017-09-01		Villa Antonelli (TV)  Asolo				0	0	1		248
R	DVV	DVV2609		2017-09-01		Casa Cola (Maglio di Pagnano) (TV)  Asolo-Pagnano				0	0	1		248
R	DVV	DVV2610		2017-09-01		Villa Pasini, Occioni Bonaffons, Coppadoro (TV)  Asolo				0	0	1		248
R	DVV	DVV2611		2017-09-01		Villa Rubini, Dal Zotto, Naya, De Lord, detta Il Galero (TV)  Asolo				0	0	1		248
R	DVV	DVV2612		2017-09-01		Villa Malombra, Galanti, Iveagh, Cipriani (TV)  Asolo				0	0	1		248
R	DVV	DVV2613		2017-09-01		Villa Browning, Carraro, De Mattia (Collegio Filippin) (TV)  Asolo				0	0	1		248
R	DVV	DVV2614		2017-09-01		Casa Zeno, Malipiero (TV)  Asolo				0	0	1		248
R	DVV	DVV2615		2017-09-01		Casa Talamini, Maran (TV)  Asolo				0	0	1		248
R	DVV	DVV2616		2017-09-01		Villa Mazzanghet (TV)  Asolo				0	0	1		248
R	DVV	DVV2617		2017-09-01		Ca' Molin (TV)  Asolo				0	0	1		248
R	DVV	DVV2618		2017-09-01		Castello Pretorio, detto della Regina (TV)  Asolo				0	0	1		248
R	DVV	DVV2619		2017-09-01		Casa degli Esercizi (TV)  Montebelluna				0	0	1		248
R	DVV	DVV2620		2017-09-01		Colombara Zamperoni (TV)  Asolo				0	0	1		248
R	DVV	DVV2621		2017-09-01		Casino Mondin (TV)  Caerano di San Marco				0	0	1		248
R	DVV	DVV2622		2017-09-01		Villa Albertini (TV)  Caerano di San Marco				0	0	1		248
R	DVV	DVV2623		2017-09-01		Villa Stocco (TV)  Caerano di San Marco				0	0	1		248
R	DVV	DVV2624		2017-09-01		Barchessa di Villa Callegari (TV)  Carbonera-Vascon				0	0	1		248
R	DVV	DVV2625		2017-09-01		Casa Gagno (TV)  Carbonera				0	0	1		248
R	DVV	DVV2626		2017-09-01		Casa Finetti, Moratto, Giulai, Marconi (TV)  Casale sul Sile-Osteria Nuova				0	0	1		248
R	DVV	DVV2627		2017-09-01		Casa del Campanaro (TV)  Montebelluna-Santa Maria in Colle				0	0	1		248
R	DVV	DVV2628		2017-09-01		Villa Bisacco, Valier, Taverna, detta delle Rose (TV)  Casier				0	0	1		248
R	DVV	DVV2629		2017-09-01		Villa Contarini, Guizzetti, Antonini, Della Rovere, Nenzi  (TV)  Casier-Dosson				0	0	1		248
R	DVV	DVV2630		2017-09-01		Ca' Amata (TV)  Castelfranco Veneto				0	0	1		248
R	DVV	DVV2631		2017-09-01		Villa Andretta (TV)  Castelfranco Veneto				0	0	1		248
R	DVV	DVV2632		2017-09-01		Villa Barisan (TV)  Castelfranco Veneto				0	0	1		248
R	DVV	DVV2633		2017-09-01		Villa Cusinato, detta La Cornaretta (TV)  Castelfranco Veneto				0	0	1		248
R	DVV	DVV2634		2017-09-01		Ca' Balbi Preti, Giacomelli (TV)  Castelfranco Veneto				0	0	1		248
R	DVV	DVV2635		2017-09-01		Villa Dolfin, Gradenigo (TV)  Castelfranco Veneto				0	0	1		248
R	DVV	DVV2636		2017-09-01		Villa Corner (TV)  Castelfranco Veneto				0	0	1		248
R	DVV	DVV2637		2017-09-01		Barchessa di Villa Soranza (TV)  Castelfranco Veneto				0	0	1		248
R	DVV	DVV2638		2017-09-01		Villa Corner, Tiepolo, Chiminelli (TV)  Castelfranco Veneto-Sant'Andrea oltre il Muson				0	0	1		248
R	DVV	DVV2639		2017-09-01		Villa Corner, Venezze, detta Il Cornaron (TV)  Castelfranco Veneto-Poisolo				0	0	1		248
R	DVV	DVV2640		2017-09-01		Barchessa di villa Priuli di San Felice (TV)  Castelfranco Veneto				0	0	1		248
R	DVV	DVV2641		2017-09-01		Ca' Moro (TV)  Castelfranco Veneto				0	0	1		248
R	DVV	DVV2642		2017-09-01		Ca' Falier, Menegon (TV)  Montebelluna				0	0	1		248
R	DVV	DVV2643		2017-09-01		Palazzo Colonna, Preti, Rainati (TV)  Castelfranco Veneto				0	0	1		248
R	DVV	DVV2644		2017-09-01		Villa Revedin, Bolasco, Piccinelli (TV)  Castelfranco Veneto				0	0	1		248
R	DVV	DVV2645		2017-09-01		Villa Premoli (TV)  Cavaso del Tomba				0	0	1		248
R	DVV	DVV2646		2017-09-01		Casa Zanesco (TV)  Cavaso del Tomba				0	0	1		248
R	DVV	DVV2647		2017-09-01		Casa Tagliapietra, Cazorzi, Buso Colussi (TV)  Motta di Livenza				0	0	1		248
R	DVV	DVV2648		2017-09-01		Castello Da Camino, Brandolini D'Adda (TV)  Cison di Valmarino				0	0	1		248
R	DVV	DVV2649		2017-09-01		Torre Dalla Fratta Montalban (TV)  Conegliano				0	0	1		248
R	DVV	DVV2650		2017-09-01		Villa Rocca (TV)  Conegliano				0	0	1		248
R	DVV	DVV2651		2017-09-01		Villa Guidini (TV)  Zero Branco-Conche				0	0	1		248
R	DVV	DVV2652		2017-09-01		Casa Rossa (TV)  Paese				0	0	1		248
R	DVV	DVV2653		2017-09-01		Villa De Canonicis, Pellegrini, detta La Quiete (TV)  Paese				0	0	1		248
R	DVV	DVV2654		2017-09-01		Villa Ciardi (Domus Nostra) (TV)  Quinto di Treviso				0	0	1		248
R	DVV	DVV2655		2017-09-01		Villa Memo - Giordani, Valeri (TV)  Quinto di Treviso				0	0	1		248
R	DVV	DVV2656		2017-09-01		Villa Mocenigo, detta Belvedere (TV)  Cordignano-Borgo dell'Agata				0	0	1		248
R	DVV	DVV2657		2017-09-01		Casa Noal, Cavarzan (TV)  Cornuda				0	0	1		248
R	DVV	DVV2658		2017-09-01		Villa Sandi, Marcato, Ancilotto (TV)  Crocetta del Montello				0	0	1		248
R	DVV	DVV2659		2017-09-01		Casa canonica di Farra di Soligo (TV)  Farra di Soligo				0	0	1		248
R	DVV	DVV2660		2017-09-01		Villa Soligo, Brandolini (TV)  Farra di Soligo				0	0	1		248
R	DVV	DVV2661		2017-09-01		Villa Caragiani, Gradenigo, Ricci (TV)  Farra di Soligo				0	0	1		248
R	DVV	DVV2662		2017-09-01		Villa De Toffoli, Canel (TV)  Farra di Soligo				0	0	1		248
R	DVV	DVV2663		2017-09-01		Villa Bressa, De Toffoli, Minuto Rizzo (TV)  Farra di Soligo				0	0	1		248
R	DVV	DVV2664		2017-09-01		Villa Della Rovere, Paccanoni (TV)  Farra di Soligo-Piazza Rovere				0	0	1		248
R	DVV	DVV2665		2017-09-01		Villa Savoini (TV)  Farra di Soligo				0	0	1		248
R	DVV	DVV2666		2017-09-01		Palazzo Barberis Rusca (TV)  Follina				0	0	1		248
R	DVV	DVV2667		2017-09-01		Palazzetto Bernardi (TV)  Follina				0	0	1		248
R	DVV	DVV2668		2017-09-01		Castelletto dei Brandolini (TV)  Follina-Castelletto				0	0	1		248
R	DVV	DVV2669		2017-09-01		Case Bianchi - Bernardi, Canella - Bellati, dette Fattoria Ligonto (TV)  Follina				0	0	1		248
R	DVV	DVV2670		2017-09-01		Casa Noale Rinaldi (TV)  Follina				0	0	1		248
R	DVV	DVV2671		2017-09-01		Villa Rasi (TV)  Follina				0	0	1		248
R	DVV	DVV2672		2017-09-01		Villa Serra (TV)  Follina				0	0	1		248
R	DVV	DVV2673		2017-09-01		Villa Carniel (TV)  Asolo				0	0	1		248
R	DVV	DVV2674		2017-09-01		Villa Fietta, Tattara, Persicini (TV)  Fonte				0	0	1		248
R	DVV	DVV2675		2017-09-01		Villa Rinaldi, Forner - Ceccato (TV)  Fonte				0	0	1		248
R	DVV	DVV2676		2017-09-01		Villa Letizia, Wassermann (TV)  Giavera del Montello				0	0	1		248
R	DVV	DVV2677		2017-09-01		Villa Manin, Morassi, detta La Provvederia (TV)  Giavera del Montello				0	0	1		248
R	DVV	DVV2678		2017-09-01		Villa Rinaldi (TV)  Giavera del Montello				0	0	1		248
R	DVV	DVV2679		2017-09-01		Villa Zanatta, Vianello, Uria Polles, Corletto (TV)  Giavera del Montello				0	0	1		248
R	DVV	DVV2680		2017-09-01		Villa Tamagnino, Negri, Lattes (TV)  Istrana-Casoni				0	0	1		248
R	DVV	DVV2681		2017-09-01		Villa Rizzi, Adimari, Moretti (TV)  Istrana				0	0	1		248
R	DVV	DVV2682		2017-09-01		Villa Tron, Dona' dalle Rose (TV)  Mareno di Piave				0	0	1		248
R	DVV	DVV2683		2017-09-01		Villa Gera - Minucci, Bellati (TV)  Miane				0	0	1		248
R	DVV	DVV2684		2017-09-01		Casa Col Zanin, Bellati (TV)  Miane				0	0	1		248
R	DVV	DVV2685		2017-09-01		Ca' Corniani (TV)  Monfumo				0	0	1		248
R	DVV	DVV2686		2017-09-01		Villa Bertolini Teleki (TV)  Montebelluna				0	0	1		248
R	DVV	DVV2687		2017-09-01		Villa Giustinian, Corner, Revedin, Rinaldi, Ortica (TV)  Montebelluna				0	0	1		248
R	DVV	DVV2688		2017-09-01		Villa Gritti, Rubinato (Scuola Materna) (TV)  Treviso				0	0	1		248
R	DVV	DVV2689		2017-09-01		Villa Barbaro, Basadonna, Manin, Giacomelli, Volpi (TV)  Maser				0	0	1		248
R	DVV	DVV2690		2017-09-01		Villa Ghirardi, Fracca (TV)  Montebelluna-Casoni				0	0	1		248
R	DVV	DVV2691		2017-09-01		Villa Loredan - Van Axel, Angelini (TV)  Montebelluna-Posmon				0	0	1		248
R	DVV	DVV2692		2017-09-01		Ca' Mora, Morassutti (TV)  Montebelluna				0	0	1		248
R	DVV	DVV2693		2017-09-01		Villa Correr, Pisani (TV)  Montebelluna-Biadene				0	0	1		248
R	DVV	DVV2694		2017-09-01		Villa Mazzolenis, Polin (TV)  Montebelluna				0	0	1		248
R	DVV	DVV2695		2017-09-01		Villa Vescovile (TV)  Montebelluna				0	0	1		248
R	DVV	DVV2696		2017-09-01		Villa Algarotti, Quaglia (TV)  Paese				0	0	1		248
R	DVV	DVV2697		2017-09-01		Palazzo Micheli, Sartorello (TV)  Povegliano				0	0	1		248
R	DVV	DVV2698		2017-09-01		Villa Mantelli, Genovese (TV)  Povegliano				0	0	1		248
R	DVV	DVV2699		2017-09-01		Villa Lanza di Casalanza (TV)  Povegliano				0	0	1		248
R	DVV	DVV2700		2017-09-01		Casa Menegazzi (TV)  Povegliano				0	0	1		248
R	DVV	DVV2701		2017-09-01		Colombara di casa Marta (TV)  Resana				0	0	1		248
R	DVV	DVV2702		2017-09-01		Villa Favesin (TV)  Castello di Godego				0	0	1		248
R	DVV	DVV2703		2017-09-01		Villa Canal, detta La Biblioteca (TV)  Crespano del Grappa				0	0	1		248
R	DVV	DVV2704		2017-09-01		Villa Fietta (TV)  Paderno del Grappa				0	0	1		248
R	DVV	DVV2705		2017-09-01		Villa Marini, Albrizzi (TV)  San Zenone degli Ezzelini				0	0	1		248
R	DVV	DVV2706		2017-09-01		Adiacenze di ca' Pellizzari (TV)  San Zenone degli Ezzelini				0	0	1		248
R	DVV	DVV2707		2017-09-01		Villa Beltramini, Porcia, Tedesco (TV)  San Zenone degli Ezzelini				0	0	1		248
R	DVV	DVV2708		2017-09-01		Resti di ca' Rainati (TV)  San Zenone degli Ezzelini				0	0	1		248
R	DVV	DVV2709		2017-09-01		Villa Beltramini, Tedesco (TV)  San Zenone degli Ezzelini				0	0	1		248
R	DVV	DVV2710		2017-09-01		Villa Vignola (TV)  San Zenone degli Ezzelini				0	0	1		248
R	DVV	DVV2711		2017-09-01		Villa Bellati, Berengan, Bonomelli, detta Casa al Sole (TV)  Pederobba				0	0	1		248
R	DVV	DVV2712		2017-09-01		Villa Groppo, Trevisano, Caragiani, Calvi, De Faveri, Tron, Chiappetta (TV)  Pederobba-Covolo				0	0	1		248
R	DVV	DVV2713		2017-09-01		Villa Paccagnella, Dal Pozzo - Larcher (TV)  Pederobba				0	0	1		248
R	DVV	DVV2714		2017-09-01		Casa Sanguinazzi, Meneghello (TV)  Pederobba				0	0	1		248
R	DVV	DVV2715		2017-09-01		Villa Corner Campana (TV)  Santa Lucia di Piave				0	0	1		248
R	DVV	DVV2716		2017-09-01		Villa Alessi (TV)  Paese				0	0	1		248
R	DVV	DVV2717		2017-09-01		Villa Visentin, detta delle Meridiane (TV)  Paese				0	0	1		248
R	DVV	DVV2718		2017-09-01		Villa Pasetti, Panizza (TV)  Paese				0	0	1		248
R	DVV	DVV2719		2017-09-01		Villa Cariolati, Setti, Sernagiotto (TV)  Vedelago				0	0	1		248
R	DVV	DVV2720		2017-09-01		Villa Onigo, Rinaldi, Ninni (TV)  Trevignano				0	0	1		248
R	DVV	DVV2721		2017-09-01		Casa Pizzolato (TV)  Trevignano				0	0	1		248
R	DVV	DVV2722		2017-09-01		Villa Cavallin, Schiavon (TV)  Trevignano				0	0	1		248
R	DVV	DVV2723		2017-09-01		Villa Coletti (TV)  Trevignano				0	0	1		248
R	DVV	DVV2724		2017-09-01		Casa Coletti Previero (TV)  Trevignano				0	0	1		248
R	DVV	DVV2725		2017-09-01		Villa Favaretto (TV)  Trevignano				0	0	1		248
R	DVV	DVV2726		2017-09-01		Villa Manin (TV)  Trevignano				0	0	1		248
R	DVV	DVV2727		2017-09-01		Palazzo Gritti (TV)  Vedelago				0	0	1		248
R	DVV	DVV2728		2017-09-01		Villa Onigo, Farra (TV)  Trevignano				0	0	1		248
R	DVV	DVV2729		2017-09-01		Annesso di villa Onigo (TV)  Trevignano				0	0	1		248
R	DVV	DVV2730		2017-09-01		Villa Onigo, Pasinetti (TV)  Trevignano				0	0	1		248
R	DVV	DVV2731		2017-09-01		Villa Pasqualetti, Oniga (TV)  Trevignano				0	0	1		248
R	DVV	DVV2732		2017-09-01		Villa Corner, Felissent (TV)  Villorba				0	0	1		248
R	DVV	DVV2733		2017-09-01		Barchessa di villa Marcello, Grollo (TV)  Volpago del Montello				0	0	1		248
R	DVV	DVV2734		2017-09-01		Villa Nicolini (TV)  Villorba				0	0	1		248
R	DVV	DVV2735		2017-09-01		Casa Zitti, Paronetto (TV)  Villorba				0	0	1		248
R	DVV	DVV2736		2017-09-01		Casa canonica di Vedelago (TV)  Vedelago				0	0	1		248
R	DVV	DVV2737		2017-09-01		Casa canonica di Albaredo (TV)  Vedelago				0	0	1		248
R	DVV	DVV2738		2017-09-01		Villa Contarini, Venier (TV)  Vedelago				0	0	1		248
R	DVV	DVV2739		2017-09-01		Casa canonica di Fossalunga (TV)  Vedelago				0	0	1		248
R	DVV	DVV2740		2017-09-01		Villa Pomini, Alessandrini (TV)  Vedelago				0	0	1		248
R	DVV	DVV2741		2017-09-01		Villa Baggio (TV)  Vedelago				0	0	1		248
R	DVV	DVV2742		2017-09-01		Villa Corner, Persico (TV)  Vedelago				0	0	1		248
R	DVV	DVV2743		2017-09-01		Villa Emo (TV)  Vedelago-Fanzolo				0	0	1		248
R	DVV	DVV2744		2017-09-01		Villa Pomini, Galli (Casa di Riposo) (TV)  Vedelago				0	0	1		248
R	DVV	DVV2745		2017-09-01		Villa Grimani, Morosini, Gatterburg, Tassoni, Zorzato - Pozzobon (TV)  Vedelago				0	0	1		248
R	DVV	DVV2746		2017-09-01		Villa Priuli, Dolfin, Gritti, Vedovato (TV)  Vedelago				0	0	1		248
R	DVV	DVV2747		2017-09-01		Villa Memmo, Gritti, Valeri, Pinarello, detta Marisa (TV)  Vedelago				0	0	1		248
R	DVV	DVV2748		2017-09-01		Villa Rizzardi, detta La Ricciardina (TV)  Vedelago				0	0	1		248
R	DVV	DVV2749		2017-09-01		Villa Morosini, Marcello, Marcon (TV)  Vedelago				0	0	1		248
R	DVV	DVV2750		2017-09-01		Barchessa di villa Pola, detta Il Barcon (TV)  Vedelago				0	0	1		248
R	DVV	DVV2751		2017-09-01		Villa Pola, Cappelletto, Quaggiotto (TV)  Vedelago				0	0	1		248
R	DVV	DVV2752		2017-09-01		Villa Ravagnin (TV)  Vedelago				0	0	1		248
R	DVV	DVV2753		2017-09-01		Villa Zuccareda, Binetti (TV)  Vedelago				0	0	1		248
R	DVV	DVV2754		2017-09-01		Villa Erizzo, Govone, Albertini - Da Sacco (TV)  Vedelago				0	0	1		248
R	DVV	DVV2755		2017-09-01		Villa Pasini, detta La Pasina (TV)  Maser				0	0	1		248
R	DVV	DVV2756		2017-09-01		Villa Nani, Trieste, Fanzago (TV)  Maser				0	0	1		248
R	DVV	DVV2757		2017-09-01		Villa Dall'Aglio, Dona', Michieli, Pellizzari (TV)  Maser				0	0	1		248
R	DVV	DVV2758		2017-09-01		Villa Querini (TV)  Maser				0	0	1		248
R	DVV	DVV2759		2017-09-01		Villa Spineda, Gasparini, Loredan (TV)  Volpago del Montello				0	0	1		248
R	DVV	DVV2760		2017-09-01		Casa Dal Zotto (TV)  Volpago del Montello				0	0	1		248
R	DVV	DVV2761		2017-09-01		Villa Gasparini - Loredan (TV)  Volpago del Montello				0	0	1		248
R	DVV	DVV2762		2017-09-01		Villa Valliano, Sernagiotto (TV)  Volpago del Montello				0	0	1		248
R	DVV	DVV2763		2017-09-01		Casa Sernagiotto (TV)  Volpago del Montello				0	0	1		248
R	DVV	DVV2764		2017-09-01		Barchessa di casa Fanti (TV)  Volpago del Montello				0	0	1		248
R	DVV	DVV2765		2017-09-01		Villa Guizzo Marseille (TV)  Volpago del Montello				0	0	1		248
R	DVV	DVV2766		2017-09-01		Villa Priuli, Barea (TV)  Volpago del Montello				0	0	1		248
R	DVV	DVV2767		2017-09-01		Barchessa di villa Bressa, Marcello, Loredan (TV)  Volpago del Montello				0	0	1		248
R	DVV	DVV2768		2017-09-01		Palazzo Gobbato (TV)  Volpago del Montello				0	0	1		248
R	DVV	DVV2769		2017-09-01		Villa Pedrocchi Saccardo (TV)  Volpago del Montello				0	0	1		248
R	DVV	DVV2770		2017-09-01		Villa Cado', detta Il Palazzon (TV)  Trevignano				0	0	1		248
R	DVV	DVV2771		2017-09-01		Villa Dolfin, Giustinian - Recanati (TV)  Spresiano				0	0	1		248
R	DVV	DVV2772		2017-09-01		Villa Negrin, detta Palazzo Rosso (TV)  Spresiano				0	0	1		248
R	DVV	DVV2773		2017-09-01		Casa Ceschin (TV)  San Pietro di Feletto				0	0	1		248
R	DVV	DVV2774		2017-09-01		Casa Cora', detta del Podesta' (TV)  Pieve di Soligo				0	0	1		248
R	DVV	DVV2775		2017-09-01		Palazzo Balbi Valier, Sammartini (TV)  Pieve di Soligo				0	0	1		248
R	DVV	DVV2776		2017-09-01		Villa Fietta, Serena (TV)  Asolo				0	0	1		248
R	DVV	DVV2777		2017-09-01		Villa Brandolini d'Adda (TV)  Pieve di Soligo				0	0	1		248
R	DVV	DVV2778		2017-09-01		Villa Chisini (TV)  Pieve di Soligo				0	0	1		248
R	DVV	DVV2779		2017-09-01		Villa Ghetti (TV)  Pieve di Soligo				0	0	1		248
R	DVV	DVV2780		2017-09-01		Villa Morona (TV)  Pieve di Soligo				0	0	1		248
R	DVV	DVV2781		2017-09-01		Villa Barberina, Arten, Viansson (TV)  Valdobbiadene				0	0	1		248
R	DVV	DVV2782		2017-09-01		Villa Barbon Bennicelli (TV)  Valdobbiadene				0	0	1		248
R	DVV	DVV2783		2017-09-01		Villa Piva, detta dei Cedri (TV)  Valdobbiadene				0	0	1		248
R	DVV	DVV2784		2017-09-01		Villa Chiggiato (TV)  Vittorio Veneto				0	0	1		248
R	DVV	DVV2785		2017-09-01		Villa Vianello, Passi, detta Col di Luna (TV)  Vittorio Veneto-Col di Luna				0	0	1		248
R	DVV	DVV2786		2017-09-01		Casa canonica di Vascon (TV)  Carbonera				0	0	1		248
R	DVV	DVV2787		2017-09-01		Casa canonica di Pezzan (TV)  Carbonera				0	0	1		248
R	DVV	DVV2788		2017-09-01		Castello di San Salvatore, o di Collalto (TV)  Susegana				0	0	1		248
R	DVV	DVV2789		2017-09-01		Casa Il Palazzon (TV)  Ponzano Veneto				0	0	1		248
R	DVV	DVV2790		2017-09-01		Villa degli Angeli (TV)  San Biagio di Callalta				0	0	1		248
R	DVV	DVV2791		2017-09-01		Barchesse di villa Mora, Sernaggiotto (TV)  Zenson di Piave				0	0	1		248
R	DVV	DVV2792		2017-09-01		Casa Vidali (TV)  Chiarano				0	0	1		248
R	DVV	DVV2793		2017-09-01		Casa Volpe, Vittori Bandiera (TV)  Paese				0	0	1		248
R	DVV	DVV2794		2017-09-01		Casa Bottico (TV)  Paese				0	0	1		248
R	DVV	DVV2795		2017-09-01		Casa Mandruzzato (TV)  Paese				0	0	1		248
R	DVV	DVV2796		2017-09-01		Palazzo Tassoni (TV)  Paese				0	0	1		248
R	DVV	DVV2797		2017-09-01		Casa Benvegnu' (TV)  Paese				0	0	1		248
R	DVV	DVV2798		2017-09-01		Barchessa di Villa Bianchi, Tiretta (TV)  Paese				0	0	1		248
R	DVV	DVV2799		2017-09-01		Villa Ferretti, Vettorello (TV)  Paese				0	0	1		248
R	DVV	DVV2800		2017-09-01		Villa Gobbato, Dalla Riva (TV)  Paese				0	0	1		248
R	DVV	DVV2801		2017-09-01		Villa Labia, Florian, Guerra, Cosatto, Motka (TV)  Paese				0	0	1		248
R	DVV	DVV2802		2017-09-01		Villa Leoni - Piazza (TV)  Paese-Falzadelle				0	0	1		248
R	DVV	DVV2803		2017-09-01		Barchessa di Villa Loredan (TV)  Paese				0	0	1		248
R	DVV	DVV2804		2017-09-01		Barchessa di Villa Mocenigo, Stecca (TV)  Paese				0	0	1		248
R	DVV	DVV2805		2017-09-01		Villa Onesti, Bon (TV)  Paese				0	0	1		248
R	DVV	DVV2806		2017-09-01		Casa Perotto (TV)  Paese				0	0	1		248
R	DVV	DVV2807		2017-09-01		Casa Netto (TV)  Paese				0	0	1		248
R	DVV	DVV2808		2017-09-01		Casa canonica di Postioma (TV)  Paese				0	0	1		248
R	DVV	DVV2809		2017-09-01		Palazzo Lin, De Marchi (TV)  Paese				0	0	1		248
R	DVV	DVV2810		2017-09-01		Ca' Sugana, Pensati (TV)  Paese				0	0	1		248
R	DVV	DVV2811		2017-09-01		Casa Girardi (TV)  Volpago del Montello				0	0	1		248
R	DVV	DVV2812		2017-09-01		Casa canonica di Sant'Antonino (TV)  Treviso				0	0	1		248
R	DVV	DVV2813		2017-09-01		Villa Calzavara (TV)  Treviso				0	0	1		248
R	DVV	DVV2814		2017-09-01		Villa Cavedon, Crespi (TV)  Treviso				0	0	1		248
R	DVV	DVV2815		2017-09-01		Villa Gregory (TV)  Treviso				0	0	1		248
R	DVV	DVV2816		2017-09-01		Villa Giuriato, Mandruzzato, Zannerio (TV)  Treviso				0	0	1		248
R	DVV	DVV2817		2017-09-01		Casa Scola, Fassa (TV)  Volpago del Montello				0	0	1		248
R	DVV	DVV2818		2017-09-01		Casa Anselmi (TV)  Volpago del Montello				0	0	1		248
R	DVV	DVV2819		2017-09-01		Villa Emo, Labia (TV)  Paese				0	0	1		248
R	DVV	DVV2820		2017-09-01		Villa ottocentesca (TV)  Casale sul Sile				0	0	1		248
R	DVV	DVV2821		2017-09-01		Villa Barbaro, Ghedini, Roman (TV)  Silea				0	0	1		248
R	DVV	DVV2822		2017-09-01		Villa Colotti, Nardari, Pitacco, Carpene' (TV)  Silea				0	0	1		248
R	DVV	DVV2823		2017-09-01		Villa Guidi (TV)  Preganziol				0	0	1		248
R	DVV	DVV2824		2017-09-01		Villa Fanton, Gambi (TV)  Treviso				0	0	1		248
R	DVV	DVV2825		2017-09-01		Villa Trevisan, Boldu', Monterumici (TV)  Carbonera				0	0	1		248
R	DVV	DVV2826		2017-09-01		Villa Raspi (TV)  Villorba				0	0	1		248
R	DVV	DVV2827		2017-09-01		Casa Marcello (TV)  Preganziol				0	0	1		248
R	DVV	DVV2828		2017-09-01		Villa Pasquali (Asilo Infantile) (TV)  Roncade				0	0	1		248
R	DVV	DVV2829		2017-09-01		Casa Badoer, Giustinian (TV)  Roncade				0	0	1		248
R	DVV	DVV2830		2017-09-01		Casa Casanova - Tzikos (Asilo Infantile) (TV)  Paese				0	0	1		248
R	DVV	DVV2831		2017-09-01		Casa Gallinaro (TV)  Vedelago				0	0	1		248
R	DVV	DVV2832		2017-09-01		Casa canonica di Paese (TV)  Paese				0	0	1		248
R	DVV	DVV2833		2017-09-01		Villa Olivetti (TV)  Zero Branco				0	0	1		248
R	DVV	DVV2834		2017-09-01		Villa Albuzio (TV)  Zero Branco				0	0	1		248
R	DVV	DVV2835		2017-09-01		Villa Albuzio, Zanibellato (TV)  Zero Branco				0	0	1		248
R	DVV	DVV2836		2017-09-01		Villa Bertelli (TV)  Spresiano				0	0	1		248
R	DVV	DVV2837		2017-09-01		Villa Lavezzari, Mantese, Brisotto, Dall'Armellina (TV)  Mareno di Piave				0	0	1		248
R	DVV	DVV2838		2017-09-01		Villa Wiel, Dall'Armellina (TV)  Mareno di Piave				0	0	1		248
R	DVV	DVV2839		2017-09-01		Casa canonica di Collalbrigo (TV)  Conegliano				0	0	1		248
R	DVV	DVV2840		2017-09-01		Villa Palladini, Coletti, Pumini (TV)  Trevignano				0	0	1		248
R	DVV	DVV2841		2017-09-01		Villa Santina, Bonaventura (TV)  Montebelluna				0	0	1		248
R	DVV	DVV2842		2017-09-01		Villa Ceotti, Cosulich (TV)  Conegliano				0	0	1		248
R	DVV	DVV2843		2017-09-01		Casa Cosulich (TV)  Conegliano				0	0	1		248
R	DVV	DVV2844		2017-09-01		Villa Perinotto (TV)  Roncade				0	0	1		248
R	DVV	DVV2845		2017-09-01		Villa Lettis (TV)  Roncade				0	0	1		248
R	DVV	DVV2846		2017-09-01		Villa seicentesca (TV)  Roncade				0	0	1		248
R	DVV	DVV2847		2017-09-01		Villa Zuliani, Bonotto, Contessotto (TV)  San Polo di Piave				0	0	1		248
R	DVV	DVV2848		2017-09-01		Villa Ghedin (TV)  Vazzola				0	0	1		248
R	DVV	DVV2849		2017-09-01		Palazzo Vettori (TV)  San Vendemiano				0	0	1		248
R	DVV	DVV2850		2017-09-01		Barchesse di villa Tiepolo, Galvagna, Lorenzon, Joled (TV)  Ormelle				0	0	1		248
R	DVV	DVV2851		2017-09-01		Villa Brandolini, detta Casagrande (TV)  Cison di Valmarino				0	0	1		248
R	DVV	DVV2852		2017-09-01		Villa Cadorin, Soldi (TV)  San Fior-Borgo Cane'				0	0	1		248
R	DVV	DVV2853		2017-09-01		Villa Todesco, Salvador (TV)  Fregona-Borgo Buse				0	0	1		248
R	DVV	DVV2854		2017-09-01		Villa Moretti (TV)  Cison di Valmarino				0	0	1		248
R	DVV	DVV2855		2017-09-01		Casa De Gironcoli (TV)  Cison di Valmarino				0	0	1		248
R	DVV	DVV2856		2017-09-01		Casa canonica di Cison di Valmarino (TV)  Cison di Valmarino				0	0	1		248
R	DVV	DVV2857		2017-09-01		Casa Moretti, Brandolini, Marcello (TV)  Cison di Valmarino				0	0	1		248
R	DVV	DVV2858		2017-09-01		Palazzo Barbi (TV)  Cison di Valmarino				0	0	1		248
R	DVV	DVV2859		2017-09-01		Casa Brandolini (TV)  Follina-Cortivi				0	0	1		248
R	DVV	DVV2860		2017-09-01		Villa Ticozzi, Aliprandi, Meneghetti, Pasinetti, Ciardi, Macari (TV)  Refrontolo-Casale				0	0	1		248
R	DVV	DVV2861		2017-09-01		Villa Biasotti  (VE)  Annone Veneto				0	0	1		248
R	DVV	DVV2862		2017-09-01		Palazzo Marchesini, Canton (VE)  Campagna Lupia				0	0	1		248
R	DVV	DVV2863		2017-09-01		Villa Gambillo, Minchio  (VE)  Camponogara				0	0	1		248
R	DVV	DVV2864		2017-09-01		Villa Canal, Manfredini, Sargenti, Giantin, detta Antica (VE)  Camponogara				0	0	1		248
R	DVV	DVV2865		2017-09-01		Villa Zenato, Bosio, Draghi, Pettenon, Boldrin  (VE)  Camponogara				0	0	1		248
R	DVV	DVV2866		2017-09-01		Palazzo Begiolin, Quagliato  (VE)  Cavarzere				0	0	1		248
R	DVV	DVV2867		2017-09-01		Casa Carrer  (VE)  Ceggia				0	0	1		248
R	DVV	DVV2868		2017-09-01		Villa Loro di Motta  (VE)  Ceggia				0	0	1		248
R	DVV	DVV2869		2017-09-01		Villa Pugnalin - Valsecchi  (VE)  Ceggia				0	0	1		248
R	DVV	DVV2870		2017-09-01		Casa Monaro  (VE)  Cona				0	0	1		248
R	DVV	DVV2871		2017-09-01		Villa Bonicelli, Treves  (VE)  Cona				0	0	1		248
R	DVV	DVV2872		2017-09-01		Corte Civranetta  (VE)  Cona				0	0	1		248
R	DVV	DVV2873		2017-09-01		Villa Tassi Trieste  (VE)  Cona				0	0	1		248
R	DVV	DVV2874		2017-09-01		Villa Della Giusta, Cisotto  (VE)  Camponogara				0	0	1		248
R	DVV	DVV2875		2017-09-01		Villa Badoer, De Chantal, Fattoretto  (VE)  Dolo				0	0	1		248
R	DVV	DVV2876		2017-09-01		Villa Foscari, Zen, Bon  (VE)  Dolo				0	0	1		248
R	DVV	DVV2877		2017-09-01		Villa Barbarigo, Priuli (Ospedale Civile di Dolo)  (VE)  Dolo				0	0	1		248
R	DVV	DVV2878		2017-09-01		Villa Costantini Osilli, Compagno (VE)  Camponogara				0	0	1		248
R	DVV	DVV2879		2017-09-01		Villa Occioni, Bonaffons (asilo infantile) (VE)  Fiesso d'Artico				0	0	1		248
R	DVV	DVV2880		2017-09-01		Villa Tolotti - Silvestri  (VE)  Fossalta di Piave				0	0	1		248
R	DVV	DVV2881		2017-09-01		Barchessa di Villa Astori  (VE)  Martellago				0	0	1		248
R	DVV	DVV2882		2017-09-01		Villa Avogadro degli Azzoni  (VE)  Martellago				0	0	1		248
R	DVV	DVV2883		2017-09-01		Rustico di Ca' Bembo  (VE)  Martellago				0	0	1		248
R	DVV	DVV2884		2017-09-01		Barchessa di villa Silvestri  (VE)  Martellago				0	0	1		248
R	DVV	DVV2885		2017-09-01		Villa Adante, Dalle Fratte  (VE)  Mirano				0	0	1		248
R	DVV	DVV2886		2017-09-01		Villa Algarotti, Lanza, Biasuzzi  (VE)  Mirano				0	0	1		248
R	DVV	DVV2887		2017-09-01		Villa Alla Fossa  (VE)  Mirano				0	0	1		248
R	DVV	DVV2888		2017-09-01		Villa Barbarigo, Astori, Carraro (VE)  Mirano				0	0	1		248
R	DVV	DVV2889		2017-09-01		Villa Bastia, Coin  (VE)  Mirano				0	0	1		248
R	DVV	DVV2890		2017-09-01		Villa Bertocco, Gasparini, Tessier  (VE)  Mirano				0	0	1		248
R	DVV	DVV2891		2017-09-01		Villa Marini, Angeloni, Bianchini (VE)  Mirano				0	0	1		248
R	DVV	DVV2892		2017-09-01		Villa Biasibetti  (VE)  Mirano				0	0	1		248
R	DVV	DVV2893		2017-09-01		Villa Boldu', Grimani (Istituto Padri Giuseppini del Murialdo)  (VE)  Mirano				0	0	1		248
R	DVV	DVV2894		2017-09-01		Villa Bonetti  (VE)  Mirano				0	0	1		248
R	DVV	DVV2895		2017-09-01		Villa Bonvecchiato, Agostini (VE)  Mirano				0	0	1		248
R	DVV	DVV2896		2017-09-01		Villa Bonvecchiato, Dal Maschio  (VE)  Mirano				0	0	1		248
R	DVV	DVV2897		2017-09-01		Barchessa di Villa Brancaleone  (VE)  Mirano				0	0	1		248
R	DVV	DVV2898		2017-09-01		Villa Brusch - De Nemberg  (VE)  Mirano				0	0	1		248
R	DVV	DVV2899		2017-09-01		Villa Cabrini delle statue, Moore  (VE)  Mirano				0	0	1		248
R	DVV	DVV2900		2017-09-01		Villa Case Rosse  (VE)  Mirano				0	0	1		248
R	DVV	DVV2901		2017-09-01		Villa Cogo  (VE)  Mirano				0	0	1		248
R	DVV	DVV2902		2017-09-01		Villa Coin  (VE)  Mirano				0	0	1		248
R	DVV	DVV2903		2017-09-01		Resti di Villa Curnis  (VE)  Mirano-Luneo				0	0	1		248
R	DVV	DVV2904		2017-09-01		Ca' Boldu', da Mosto, Bonifacio (VE)  Mirano				0	0	1		248
R	DVV	DVV2905		2017-09-01		Adiacenze di villa Del Ferro, Scarpazza  (VE)  Mirano				0	0	1		248
R	DVV	DVV2906		2017-09-01		Villa Rizzi, Carini, Spolaore (VE)  Mirano				0	0	1		248
R	DVV	DVV2907		2017-09-01		Villa Erizzo, Bovo  (VE)  Mirano				0	0	1		248
R	DVV	DVV2908		2017-09-01		Villa Soranzo (Istituto Don Orione) (VE)  Mirano				0	0	1		248
R	DVV	DVV2909		2017-09-01		Villa Bollani, Molin Memmo, Erizzo, detta Belvedere (VE)  Mirano				0	0	1		248
R	DVV	DVV2910		2017-09-01		Villa Fanti, Rodella  (VE)  Mirano				0	0	1		248
R	DVV	DVV2911		2017-09-01		Villa Fassina  (VE)  Mirano				0	0	1		248
R	DVV	DVV2912		2017-09-01		Villa Foscari  (VE)  Mirano				0	0	1		248
R	DVV	DVV2913		2017-09-01		Villa Foscolo  (VE)  Mirano				0	0	1		248
R	DVV	DVV2914		2017-09-01		Villa Frasson  (VE)  Mirano				0	0	1		248
R	DVV	DVV2915		2017-09-01		Villa Gallo  (VE)  Mirano				0	0	1		248
R	DVV	DVV2916		2017-09-01		Villa Gidoni, Sorgato, Bregolato  (VE)  Mirano				0	0	1		248
R	DVV	DVV2917		2017-09-01		Villa Bon, Giustiniani, Giustinian-Recanati, Piarotto (VE)  Mirano				0	0	1		248
R	DVV	DVV2918		2017-09-01		Villa Giustiniani, Alessandrini, Tonolo, Gambaro (VE)  Mirano				0	0	1		248
R	DVV	DVV2919		2017-09-01		Villa Gradenigo, Perale (VE)  Mirano				0	0	1		248
R	DVV	DVV2920		2017-09-01		Villa Heinzelmann, Dona' delle Rose (VE)  Mirano				0	0	1		248
R	DVV	DVV2921		2017-09-01		Villa Lando, Perale (VE)  Mirano				0	0	1		248
R	DVV	DVV2922		2017-09-01		Villa Barbarigo, Lassotovich, Bacialli, Rendina (VE)  Mirano				0	0	1		248
R	DVV	DVV2923		2017-09-01		Villa Marioni, Pasqualetto (VE)  Mirano				0	0	1		248
R	DVV	DVV2924		2017-09-01		Villa Mariutto, Bareato (VE)  Mirano				0	0	1		248
R	DVV	DVV2925		2017-09-01		Villa Memo, Ghirardi, Bettin (VE)  Mirano				0	0	1		248
R	DVV	DVV2926		2017-09-01		Villa Michiel, Sacerdoti (VE)  Mirano				0	0	1		248
R	DVV	DVV2927		2017-09-01		Villa Loredan (VE)  Mirano				0	0	1		248
R	DVV	DVV2928		2017-09-01		Villa Taccioli, Moggian Moise', Dall'Asta (VE)  Mirano				0	0	1		248
R	DVV	DVV2929		2017-09-01		Villa Molena, Levi, Vivante, Errera (VE)  Mirano				0	0	1		248
R	DVV	DVV2930		2017-09-01		Villa Rossi, Monico (VE)  Mirano				0	0	1		248
R	DVV	DVV2931		2017-09-01		Villa Morosini, Monico, detta XXV Aprile (VE)  Mirano				0	0	1		248
R	DVV	DVV2932		2017-09-01		Villa Meneghetti, Perazzolo, Perocco della Meduna (VE)  Mirano				0	0	1		248
R	DVV	DVV2933		2017-09-01		Villa Pisani, Jacur, detta Palazzon (VE)  Mirano				0	0	1		248
R	DVV	DVV2934		2017-09-01		Villa Pomai, Rota, Muneratti (VE)  Mirano				0	0	1		248
R	DVV	DVV2935		2017-09-01		Villa Querini, Garzoni, Magno, Chinellato, Ghiraldo (VE)  Mirano				0	0	1		248
R	DVV	DVV2936		2017-09-01		Villa Rebustelli, Pierobon-Rodella (VE)  Mirano				0	0	1		248
R	DVV	DVV2937		2017-09-01		Villa Rech, Barzizza, Guerra (VE)  Mirano				0	0	1		248
R	DVV	DVV2938		2017-09-01		Villa Revedini, Ara, Rosa (VE)  Mirano				0	0	1		248
R	DVV	DVV2939		2017-09-01		Villa Rusteghello, Monico (VE)  Mirano				0	0	1		248
R	DVV	DVV2940		2017-09-01		Villa Salomon, Bembo, Perocco, Aurora (VE)  Mirano				0	0	1		248
R	DVV	DVV2941		2017-09-01		Villa Salomon, Bembo, Perocco della Meduna, Salviato (VE)  Mirano				0	0	1		248
R	DVV	DVV2942		2017-09-01		Casa canonica di San Michele Arcangelo (VE)  Mirano				0	0	1		248
R	DVV	DVV2943		2017-09-01		Villa Concina, Sbrogio' (VE)  Mirano				0	0	1		248
R	DVV	DVV2944		2017-09-01		Villa Scabello (VE)  Mirano				0	0	1		248
R	DVV	DVV2945		2017-09-01		Villa Scanferlato, Saggiotti (Asilo nido) (VE)  Mirano				0	0	1		248
R	DVV	DVV2946		2017-09-01		Villa Scanferlato, Visona' (VE)  Mirano				0	0	1		248
R	DVV	DVV2947		2017-09-01		Villa Seleghini (VE)  Mirano				0	0	1		248
R	DVV	DVV2948		2017-09-01		Villa Succoni, Tonolo (VE)  Mirano				0	0	1		248
R	DVV	DVV2949		2017-09-01		Villa Tiepolo, Duodo, Nalon, Grande (VE)  Mirano				0	0	1		248
R	DVV	DVV2950		2017-09-01		Villa Van Axel, detta Vanassel (VE)  Mirano				0	0	1		248
R	DVV	DVV2951		2017-09-01		Villa Venier, Tessier (VE)  Mirano				0	0	1		248
R	DVV	DVV2952		2017-09-01		Villa Venier, Trevisan, Saccon, Perale-Soranzo (VE)  Mirano				0	0	1		248
R	DVV	DVV2953		2017-09-01		Villa Zen, Prosdocimi (VE)  Mirano				0	0	1		248
R	DVV	DVV2954		2017-09-01		Villa Zinelli (Ospedale Civile) (VE)  Mirano				0	0	1		248
R	DVV	DVV2955		2017-09-01		Villa Zinelli, Mogno, Gallo (VE)  Mirano				0	0	1		248
R	DVV	DVV2956		2017-09-01		Villetta Bolzanella (VE)  Noale				0	0	1		248
R	DVV	DVV2957		2017-09-01		Villa Gruati (VE)  Noale				0	0	1		248
R	DVV	DVV2958		2017-09-01		Casa Mondini (VE)  Noale				0	0	1		248
R	DVV	DVV2959		2017-09-01		Barchessa Rizzato (VE)  Noale				0	0	1		248
R	DVV	DVV2960		2017-09-01		Villa Rossi, Mason (VE)  Noale				0	0	1		248
R	DVV	DVV2961		2017-09-01		Villa Ceresa (VE)  Pianiga				0	0	1		248
R	DVV	DVV2962		2017-09-01		Villa Saetta (VE)  Pianiga				0	0	1		248
R	DVV	DVV2963		2017-09-01		Palazzo Muschietti (VE)  Portogruaro				0	0	1		248
R	DVV	DVV2964		2017-09-01		Villa Arrigoni, Pavanello (VE)  Santa Maria di Sala				0	0	1		248
R	DVV	DVV2965		2017-09-01		Villa Bianchini (VE)  Santa Maria di Sala				0	0	1		248
R	DVV	DVV2966		2017-09-01		Villa Coi (VE)  Santa Maria di Sala				0	0	1		248
R	DVV	DVV2967		2017-09-01		Villa Farsetti (VE)  Santa Maria di Sala				0	0	1		248
R	DVV	DVV2968		2017-09-01		Villa Farsetti, Ghedini, Vedovato (VE)  Santa Maria di Sala				0	0	1		248
R	DVV	DVV2969		2017-09-01		Villa Ferracini (VE)  Santa Maria di Sala				0	0	1		248
R	DVV	DVV2970		2017-09-01		Ca' Ferracini (VE)  Santa Maria di Sala				0	0	1		248
R	DVV	DVV2971		2017-09-01		Villa Antonucci, detta Casino del Prete (VE)  Stra				0	0	1		248
R	DVV	DVV2972		2017-09-01		Villa Morosini, Minio, Fabbris (VE)  Santa Maria di Sala				0	0	1		248
R	DVV	DVV2973		2017-09-01		Villa Nani Mocenigo (VE)  Santa Maria di Sala-Gaiani				0	0	1		248
R	DVV	DVV2974		2017-09-01		Villa Nogara, Bugin (VE)  Santa Maria di Sala				0	0	1		248
R	DVV	DVV2975		2017-09-01		Villa Piatti, Crovato (VE)  Santa Maria di Sala				0	0	1		248
R	DVV	DVV2976		2017-09-01		Ca' Pierobon (VE)  Santa Maria di Sala				0	0	1		248
R	DVV	DVV2977		2017-09-01		Castello di Stigliano (VE)  Santa Maria di Sala				0	0	1		248
R	DVV	DVV2978		2017-09-01		Palazzetto Berton (VE)  Scorze'				0	0	1		248
R	DVV	DVV2979		2017-09-01		Villa Bragadin, Facchin (VE)  Scorze'				0	0	1		248
R	DVV	DVV2980		2017-09-01		Villa Buratti (VE)  Scorze'				0	0	1		248
R	DVV	DVV2981		2017-09-01		Barchessa di villa Albertini Fortis, Favaro (VE)  Scorze'				0	0	1		248
R	DVV	DVV2982		2017-09-01		Ca' Marin (VE)  Scorze'				0	0	1		248
R	DVV	DVV2983		2017-09-01		Palazzo Merli (VE)  Scorze'				0	0	1		248
R	DVV	DVV2984		2017-09-01		Ca' Morosini (VE)  Scorze'				0	0	1		248
R	DVV	DVV2985		2017-09-01		Villa Tasca (VE)  Scorze'				0	0	1		248
R	DVV	DVV2986		2017-09-01		Villa Benotti, Tombacco (VE)  Scorze'				0	0	1		248
R	DVV	DVV2987		2017-09-01		Palazzo Barbarigo (VE)  Spinea				0	0	1		248
R	DVV	DVV2988		2017-09-01		Villa Dall'Acqua (VE)  Spinea				0	0	1		248
R	DVV	DVV2989		2017-09-01		Villa De Mitri, Merlin (VE)  Spinea				0	0	1		248
R	DVV	DVV2990		2017-09-01		Foresteria dei Frati (VE)  Spinea				0	0	1		248
R	DVV	DVV2991		2017-09-01		Palazzo Fornoni, Galvani, Favaro, detto il Palazzon (VE)  Spinea				0	0	1		248
R	DVV	DVV2992		2017-09-01		Palazzo Fornoni, Ongarato (VE)  Spinea				0	0	1		248
R	DVV	DVV2993		2017-09-01		Barchessa di villa Loredan (VE)  Spinea-Villafranca				0	0	1		248
R	DVV	DVV2994		2017-09-01		Villa Pasqualetto (VE)  Spinea				0	0	1		248
R	DVV	DVV2995		2017-09-01		Villa Ponci (Asilo infantile) (VE)  Spinea				0	0	1		248
R	DVV	DVV2996		2017-09-01		Villa Vianello, Tessari (VE)  Spinea				0	0	1		248
R	DVV	DVV2997		2017-09-01		Ca' Toffetti, detta Casino Grande o la Pisanella (VE)  Stra-Fossolovara				0	0	1		248
R	DVV	DVV2998		2017-09-01		Villetta Miazzi (VE)  Vigonovo				0	0	1		248
R	DVV	DVV2999		2017-09-01		Casa canonica di Galta (VE)  Vigonovo				0	0	1		248
R	DVV	DVV3000		2017-09-01		Villa Lugato (VE)  Martellago-Ca' Nove				0	0	1		248
R	DVV	DVV3001		2017-09-01		Villa Basadonna, Legrenzi (VE)  Mira				0	0	1		248
R	DVV	DVV3002		2017-09-01		Villa Avanzini (VE)  Mira				0	0	1		248
R	DVV	DVV3003		2017-09-01		Villa Valier, Bembo, detta La Chitarra (VE)  Mira				0	0	1		248
R	DVV	DVV3004		2017-09-01		Villa Bettiol, Vedoa' (VE)  Mira				0	0	1		248
R	DVV	DVV3005		2017-09-01		Palazzo Boldu' (VE)  Mira				0	0	1		248
R	DVV	DVV3006		2017-09-01		Villa Bon, Varisco, Tessier (VE)  Mira				0	0	1		248
R	DVV	DVV3007		2017-09-01		Villa Bonfadini (VE)  Mira				0	0	1		248
R	DVV	DVV3008		2017-09-01		Palazzo Bonlini (VE)  Mira				0	0	1		248
R	DVV	DVV3009		2017-09-01		Palazzo Bonollo (VE)  Mira-Mira Porte				0	0	1		248
R	DVV	DVV3010		2017-09-01		Casa canonica di Gambarare (VE)  Mira				0	0	1		248
R	DVV	DVV3011		2017-09-01		Casa canonica di Mira (VE)  Mira				0	0	1		248
R	DVV	DVV3012		2017-09-01		Casa Palatron (VE)  Mira				0	0	1		248
R	DVV	DVV3013		2017-09-01		Villa Carrara (VE)  Mira				0	0	1		248
R	DVV	DVV3014		2017-09-01		Villa Contarini (VE)  Mira-Mira Porte				0	0	1		248
R	DVV	DVV3015		2017-09-01		Villa Contarini, Pisani, detta dei Leoni (VE)  Mira				0	0	1		248
R	DVV	DVV3016		2017-09-01		Villa Corner (VE)  Mira				0	0	1		248
R	DVV	DVV3017		2017-09-01		Villa Curnis, Pastori (VE)  Mira				0	0	1		248
R	DVV	DVV3018		2017-09-01		Villa Nao, Elsa (VE)  Mira				0	0	1		248
R	DVV	DVV3019		2017-09-01		Villa Fisca (VE)  Mira				0	0	1		248
R	DVV	DVV3020		2017-09-01		Villa Basadonna, Legrenzi, Dall'Olio Bettin (VE)  Mira				0	0	1		248
R	DVV	DVV3021		2017-09-01		Ca' Dolcetti (VE)  Mira				0	0	1		248
R	DVV	DVV3022		2017-09-01		Villa Dona' (VE)  Mira				0	0	1		248
R	DVV	DVV3023		2017-09-01		Villa Foscari, detta La Malcontenta (VE)  Mira				0	0	1		248
R	DVV	DVV3024		2017-09-01		Villa Foscarini dei Carmini (VE)  Mira				0	0	1		248
R	DVV	DVV3025		2017-09-01		Villa Franceschi, Bianchini, Patessio (VE)  Mira				0	0	1		248
R	DVV	DVV3026		2017-09-01		Villa Gidoni, Paluello Minio (VE)  Mira				0	0	1		248
R	DVV	DVV3027		2017-09-01		Villa Granzotto (VE)  Mira				0	0	1		248
R	DVV	DVV3028		2017-09-01		Casino Grimani, Bertoli (VE)  Mira				0	0	1		248
R	DVV	DVV3029		2017-09-01		Villa Lanza (VE)  Mira				0	0	1		248
R	DVV	DVV3030		2017-09-01		Villa Varisco, Levi Morenos (VE)  Mira				0	0	1		248
R	DVV	DVV3031		2017-09-01		Palazzetto Lui (VE)  Mira				0	0	1		248
R	DVV	DVV3032		2017-09-01		Villa Marcato (VE)  Mira-Ca' Novello				0	0	1		248
R	DVV	DVV3033		2017-09-01		Villa Marchi (VE)  Mira				0	0	1		248
R	DVV	DVV3034		2017-09-01		Villa Margherita (VE)  Mira				0	0	1		248
R	DVV	DVV3035		2017-09-01		Villa Marin - Fontana (VE)  Mira				0	0	1		248
R	DVV	DVV3036		2017-09-01		Palazzo Morolin (VE)  Mira				0	0	1		248
R	DVV	DVV3037		2017-09-01		Villa Morolin (VE)  Mira				0	0	1		248
R	DVV	DVV3038		2017-09-01		Villa Moscheni, Volpi (VE)  Mira-Riscossa				0	0	1		248
R	DVV	DVV3039		2017-09-01		Villa Nardi (VE)  Mira				0	0	1		248
R	DVV	DVV3040		2017-09-01		Villa Olanda (VE)  Mira				0	0	1		248
R	DVV	DVV3041		2017-09-01		Villa Pazienti, Toffano (VE)  Mira				0	0	1		248
R	DVV	DVV3042		2017-09-01		Palazzo Persico (VE)  Mira				0	0	1		248
R	DVV	DVV3043		2017-09-01		Villa Pio (VE)  Mira				0	0	1		248
R	DVV	DVV3044		2017-09-01		Ca' Bellani (VE)  Mirano				0	0	1		248
R	DVV	DVV3045		2017-09-01		Ca' Querini (VE)  Mira				0	0	1		248
R	DVV	DVV3046		2017-09-01		Villa Querini, Dalla Francesca - Tiozzo (VE)  Mira				0	0	1		248
R	DVV	DVV3047		2017-09-01		Villa Ruzzini, Barbaro, Marchesi - Beninato (VE)  Mira				0	0	1		248
R	DVV	DVV3048		2017-09-01		Casa Scaldaferro (VE)  Mira				0	0	1		248
R	DVV	DVV3049		2017-09-01		Villa Castellani, Palazzoli (VR)  San Giovanni Lupatoto				0	0	1		248
R	DVV	DVV3050		2017-09-01		Palazzo Scheid, Solveni, Gardani (VE)  Mira				0	0	1		248
R	DVV	DVV3051		2017-09-01		Villa Selvatico, Granata (VE)  Mira				0	0	1		248
R	DVV	DVV3052		2017-09-01		Villa Seriman, Foscari Widmann - Rezzonico (VE)  Mira				0	0	1		248
R	DVV	DVV3053		2017-09-01		Villa Coro' - Silva (VE)  Mira				0	0	1		248
R	DVV	DVV3054		2017-09-01		Casino Solari (VE)  Mira				0	0	1		248
R	DVV	DVV3055		2017-09-01		Villa Swift, Barozzi, Spiga (VE)  Mira-Mira Vecchia				0	0	1		248
R	DVV	DVV3056		2017-09-01		Palazzo Tamagno (VE)  Mira				0	0	1		248
R	DVV	DVV3057		2017-09-01		Palazzetto Theotochi (VE)  Mira				0	0	1		248
R	DVV	DVV3058		2017-09-01		Villa Trevisan, Dona' (VE)  Mira				0	0	1		248
R	DVV	DVV3059		2017-09-01		Palazzo Trotter (VE)  Mira-Mira Porte				0	0	1		248
R	DVV	DVV3060		2017-09-01		Barchesse di Villa Valmarana (VE)  Mira				0	0	1		248
R	DVV	DVV3061		2017-09-01		Villa Vianello - Fornasiero (VE)  Mira				0	0	1		248
R	DVV	DVV3062		2017-09-01		Ca' Zago (VE)  Mira				0	0	1		248
R	DVV	DVV3063		2017-09-01		Palazzo Zollio (VE)  Mira				0	0	1		248
R	DVV	DVV3064		2017-09-01		Barchessa di villa Alberghetti (VE)  Mira				0	0	1		248
R	DVV	DVV3065		2017-09-01		Casa Bellini (VE)  Mira				0	0	1		248
R	DVV	DVV3066		2017-09-01		Casa canonica di Borbiago (VE)  Mira				0	0	1		248
R	DVV	DVV3067		2017-09-01		Villa Carraro (VE)  Mira				0	0	1		248
R	DVV	DVV3068		2017-09-01		Casino Dall'Andrea (VE)  Mira				0	0	1		248
R	DVV	DVV3069		2017-09-01		Villetta Coro' (VE)  Mira				0	0	1		248
R	DVV	DVV3070		2017-09-01		Villa Dall'Oglio, Biasi detta Rosina (VE)  Mira				0	0	1		248
R	DVV	DVV3071		2017-09-01		Casa Foscarini (VE)  Mira				0	0	1		248
R	DVV	DVV3072		2017-09-01		Ca' Cocco (VE)  Mirano				0	0	1		248
R	DVV	DVV3073		2017-09-01		Villa Morosini (VE)  Santa Maria di Sala-Desman				0	0	1		248
R	DVV	DVV3074		2017-09-01		Palazzo Pisani (VE)  Mira				0	0	1		248
R	DVV	DVV3075		2017-09-01		Casino Rosso (VE)  Mira				0	0	1		248
R	DVV	DVV3076		2017-09-01		Palazzo Squadron (VE)  Mira				0	0	1		248
R	DVV	DVV3077		2017-09-01		Casa Palmarini (VE)  Mira				0	0	1		248
R	DVV	DVV3078		2017-09-01		Ca' Pasqualetto (VE)  Mira				0	0	1		248
R	DVV	DVV3079		2017-09-01		Casa Rizzo (VE)  Mira				0	0	1		248
R	DVV	DVV3080		2017-09-01		Barchessa Cassetti, Baldan (VE)  Fosso'				0	0	1		248
R	DVV	DVV3081		2017-09-01		Villa Squeraroli, Foresti, Cometti (VE)  Spinea				0	0	1		248
R	DVV	DVV3082		2017-09-01		Villa Avogadro, Velluti (VE)  Dolo				0	0	1		248
R	DVV	DVV3083		2017-09-01		Villa Manfredi De Blasiis Franceschini (VE)  Fossalta di Piave				0	0	1		248
R	DVV	DVV3084		2017-09-01		Villa Muneratti (VE)  Mirano				0	0	1		248
R	DVV	DVV3085		2017-09-01		Villetta Perale (VE)  Mirano				0	0	1		248
R	DVV	DVV3086		2017-09-01		Barchessa Trevisan (VE)  Santa Maria di Sala				0	0	1		248
R	DVV	DVV3087		2017-09-01		Casini Venier (VE)  Mira				0	0	1		248
R	DVV	DVV3088		2017-09-01		Villa Corbelli, Alessandri (VE)  Mira				0	0	1		248
R	DVV	DVV3089		2017-09-01		Villa Manfrin (VE)  Venezia				0	0	1		248
R	DVV	DVV3090		2017-09-01		Villa Tron, detta la Colombara (VE)  Venezia-Desman				0	0	1		248
R	DVV	DVV3091		2017-09-01		Resti di villa cinquecentesca (VE)  Venezia				0	0	1		248
R	DVV	DVV3092		2017-09-01		Villa Calzavara, Manfrin (Casa canonica di Chirignago) (VE)  Venezia				0	0	1		248
R	DVV	DVV3093		2017-09-01		Barchesse di villa Corner (VE)  Venezia				0	0	1		248
R	DVV	DVV3094		2017-09-01		Villa Pezzana, Fowel, Barbarich (VE)  Venezia-Zelarino				0	0	1		248
R	DVV	DVV3095		2017-09-01		Palazzetto Grassini (VE)  Venezia				0	0	1		248
R	DVV	DVV3096		2017-09-01		Villa Matter (VE)  Venezia				0	0	1		248
R	DVV	DVV3097		2017-09-01		Palazzo Sanviro, Michiel (VE)  Venezia				0	0	1		248
R	DVV	DVV3098		2017-09-01		Annesso di villa Morosini-Gattemburg, Volpi di Misurata (VE)  Venezia				0	0	1		248
R	DVV	DVV3099		2017-09-01		Villa Pampado, detta Osteria dei Sabbioni (VE)  Venezia-Termine Malcontenta				0	0	1		248
R	DVV	DVV3100		2017-09-01		Villa Bolgan (VE)  Mira				0	0	1		248
R	DVV	DVV3101		2017-09-01		Villa Dalla Giusta (VE)  Venezia-Termine Malcontenta				0	0	1		248
R	DVV	DVV3102		2017-09-01		Villa Michiel, Venier, Contarini (VE)  Mira				0	0	1		248
R	DVV	DVV3103		2017-09-01		Villa Bortolotti, Belloni, Marini, detta Canthus (VE)  Fossalta di Piave				0	0	1		248
R	DVV	DVV3104		2017-09-01		Villa Ciani Bassetti (VE)  Venezia				0	0	1		248
R	DVV	DVV3105		2017-09-01		Annessi di villa Da Mula, Guarnieri (VE)  Noventa di Piave-Romanziol				0	0	1		248
R	DVV	DVV3106		2017-09-01		Villa Bortoluzzi, Del Pra (VE)  Noventa di Piave				0	0	1		248
R	DVV	DVV3107		2017-09-01		Villa Piovene Rocchetta (VE)  Dolo				0	0	1		248
R	DVV	DVV3108		2017-09-01		Barchessa di villa Badoer (VE)  Dolo				0	0	1		248
R	DVV	DVV3109		2017-09-01		Villa Coi (VE)  Santa Maria di Sala-Ferracini				0	0	1		248
R	DVV	DVV3110		2017-09-01		Villa Levorato (VE)  Vigonovo				0	0	1		248
R	DVV	DVV3111		2017-09-01		Casa Boscaro (VE)  Vigonovo				0	0	1		248
R	DVV	DVV3112		2017-09-01		Villa Pigafetta, Valmarana, Masiero, Ceretta (VI)  Albettone				0	0	1		248
R	DVV	DVV3113		2017-09-01		Villa Tecchio, Caneva (VI)  Mussolente				0	0	1		248
R	DVV	DVV3114		2017-09-01		Villa Valmarana, Mangilli, Morosini, Emiliani, Accademia Olimpica di Vicenza (VI)  Altavilla Vicentina				0	0	1		248
R	DVV	DVV3115		2017-09-01		Villa Trissino, Barbaran, Marzotto, Zanuso, Trettenero (VI)  Castelgomberto				0	0	1		248
R	DVV	DVV3116		2017-09-01		Villa Sorio, Fontana, Callegari, Bruzzo (VI)  Gambellara				0	0	1		248
R	DVV	DVV3117		2017-09-01		Palazzo Pisani, De Lazara Pisani (VI)  Lonigo				0	0	1		248
R	DVV	DVV3118		2017-09-01		Villa Volpe, Maffei, Depieri - Tibaldo (VI)  Lonigo				0	0	1		248
R	DVV	DVV3119		2017-09-01		Villa Carli, Pagello (VI)  Mason Vicentino				0	0	1		248
R	DVV	DVV3120		2017-09-01		Castello Maltraverso, Viviani, Pagani, Della Negra, Mocenigo, Carlotti, Fiori, Dal Maso (VI)  Montebello Vicentino-Monte Castello				0	0	1		248
R	DVV	DVV3121		2017-09-01		Villa Giovanelli, Cimberle, Bresolin-Zarpellon (VI)  Mussolente				0	0	1		248
R	DVV	DVV3122		2017-09-01		Villa Memo, Pelanda, Ardia, detta Ca' Mema (VI)  Cassola-Ca' Mema				0	0	1		248
R	DVV	DVV3123		2017-09-01		Villa Vittorelli, Simonetto, Perin (VI)  Cassola-Ca' Baroncello				0	0	1		248
R	DVV	DVV3124		2017-09-01		Villa Zonin (VI)  Montebello Vicentino				0	0	1		248
R	DVV	DVV3125		2017-09-01		Villa Cordellina Molin, Marzotto, Lombardi (VI)  Montecchio Maggiore				0	0	1		248
R	DVV	DVV3126		2017-09-01		Villa Gennari, Fin - Magnaguagno - Schiavo (VI)  Montecchio Maggiore				0	0	1		248
R	DVV	DVV3127		2017-09-01		Castello Maltraverso, Chiericati, Contarini, Dona', Grimani, Marcello, Sorlini (VI)  Montegalda				0	0	1		248
R	DVV	DVV3128		2017-09-01		Villa Marangoni, Nave (VI)  Cassola				0	0	1		248
R	DVV	DVV3129		2017-09-01		Villa Vaccari (VI)  Longare-Colderuga				0	0	1		248
R	DVV	DVV3130		2017-09-01		Casa Crestale, Basso - Zoncato, detta Il Volto (VI)  Longare				0	0	1		248
R	DVV	DVV3131		2017-09-01		Villa Dottori, Sette Gnoato (Settegurato), Zini, detta Palazzo Rosso (VI)  Longare				0	0	1		248
R	DVV	DVV3132		2017-09-01		Villa Aviani, Fioravanzo (VI)  Breganze				0	0	1		248
R	DVV	DVV3133		2017-09-01		Villa Saccardi, Laverda (VI)  Breganze				0	0	1		248
R	DVV	DVV3134		2017-09-01		Colombara Chiericati, Scaroni, detta di San Gaetano (VI)  Breganze-Breganzina				0	0	1		248
R	DVV	DVV3135		2017-09-01		Villa Dal Toso, Velo, Trevisan, Cadore (VI)  Sandrigo				0	0	1		248
R	DVV	DVV3136		2017-09-01		Ca' Tonazza (VI)  Thiene				0	0	1		248
R	DVV	DVV3137		2017-09-01		Villa Terzo, Monza, Fabretti, Bassi (VI)  Zugliano				0	0	1		248
R	DVV	DVV3138		2017-09-01		Villa Marchesini, Rosa, Barziza, Testa, Sinigaglia, detta Ca' Barziza (VI)  Barbarano Vicentino				0	0	1		248
R	DVV	DVV3139		2017-09-01		Villa Gonzati, Tonin  (VI)  Cornedo Vicentino-Grumo				0	0	1		248
R	DVV	DVV3140		2017-09-01		Villa Bevilacqua, Salvetti, Colpi Salvetti (VI)  Dueville				0	0	1		248
R	DVV	DVV3141		2017-09-01		Villa Camuzzoni, Schioppo, Monzardo, Micheluzzo - Monzardo, Faedo - Monzardo (VI)  Lonigo				0	0	1		248
R	DVV	DVV3142		2017-09-01		Villa Agostinelli, Fasoli, Bevilacqua, Petucco (VI)  Marostica				0	0	1		248
R	DVV	DVV3143		2017-09-01		Colombara Pizzato, Callegari (VI)  Marostica-Capitelli				0	0	1		248
R	DVV	DVV3144		2017-09-01		Villa Piva, Lunardon - Visentin (VI)  Marostica				0	0	1		248
R	DVV	DVV3145		2017-09-01		Villa Sperotto, Finetti (VI)  Montecchio Maggiore				0	0	1		248
R	DVV	DVV3146		2017-09-01		Villa Trissino, Giustiniani, Zorzi, Verlato, Borgia, Celadon, Rubega (VI)  Montecchio Maggiore-Colombaretta				0	0	1		248
R	DVV	DVV3147		2017-09-01		Villa Gualdo, Fogazzaro, Biego, Veronese, Spina, detta La Gualda (VI)  Montecchio Maggiore				0	0	1		248
R	DVV	DVV3148		2017-09-01		Villa Sangiovanni, Del Ferro, Pieropan, Ferretto, Villardi (VI)  Montebello Vicentino				0	0	1		248
R	DVV	DVV3149		2017-09-01		Villa Lorenzoni, Bettale, Bonazzi (VI)  Montecchio Maggiore				0	0	1		248
R	DVV	DVV3150		2017-09-01		Villa Bonomo, Ferrarini, detta delle Rose (VI)  Fara Vicentino				0	0	1		248
R	DVV	DVV3151		2017-09-01		Villa Miniscalchi Erizzo, Colla, Schenato (VI)  Pojana Maggiore				0	0	1		248
R	DVV	DVV3152		2017-09-01		Villa Mario, Ruaro, Ferro, Arnaldi, Durlo Zanovello (VI)  Pojana Maggiore				0	0	1		248
R	DVV	DVV3153		2017-09-01		Barco Gobbo, Verlato (VI)  Pojana Maggiore				0	0	1		248
R	DVV	DVV3154		2017-09-01		Villa Rota (VI)  Schiavon				0	0	1		248
R	DVV	DVV3155		2017-09-01		Casa Porcastri, Faccin (VI)  Zugliano-Centrale di Zugliano				0	0	1		248
R	DVV	DVV3156		2017-09-01		Villa Fracanzan, Acerbi, Pacchin (VI)  Agugliaro				0	0	1		248
R	DVV	DVV3157		2017-09-01		Villa Ferramosca, Da Schio, Zanuso, Cantarella, Dal Monte, Volpato (VI)  Brendola				0	0	1		248
R	DVV	DVV3158		2017-09-01		Villa Tognato, Fincati, Barbieri, Piazzatta, Bonato, Stimamiglio (VI)  Vicenza				0	0	1		248
R	DVV	DVV3159		2017-09-01		Villa Caldogno (VI)  Caldogno				0	0	1		248
R	DVV	DVV3160		2017-09-01		Villa Fracasso (VE)  Fiesso d'Artico-Barbariga				0	0	1		248
R	DVV	DVV3161		2017-09-01		Villa Ziggiotti, De Guio, Storti, Pezzellato, Maran, Bisognin (VI)  Brendola				0	0	1		248
R	DVV	DVV3162		2017-09-01		Villa Chiericati, Povoleri, Adami (VI)  Chiampo				0	0	1		248
R	DVV	DVV3163		2017-09-01		Villa Gonzati, Ghellini, Mozzi, detta Casa dei Mati (VI)  Cornedo Vicentino				0	0	1		248
R	DVV	DVV3164		2017-09-01		Villa Trissino, Negri Bevilacqua, Tonini, Albanese - Carlotto (VI)  Cornedo Vicentino				0	0	1		248
R	DVV	DVV3165		2017-09-01		Villa Trettenero (VI)  Cornedo Vicentino				0	0	1		248
R	DVV	DVV3166		2017-09-01		Villa Dalle Laste, Galvani, Marangoni, Favero - Raselli (VI)  Marostica				0	0	1		248
R	DVV	DVV3167		2017-09-01		Villa Capra, Paprio, Marzari - Pietribiasi, Battistello - Dalle Palle, Borriero - Dalle Palle, Finozzi, detta Ca' Alta (VI)  Marano Vicentino				0	0	1		248
R	DVV	DVV3168		2017-09-01		Villa Barbarani Capra, Munarini, detta Ca' Nogara Grande (VI)  Marano Vicentino				0	0	1		248
R	DVV	DVV3169		2017-09-01		Villa Verlato, Fraccaroli, Ballarin, Filippi Chiappin, Chiappin (VI)  Piovene Rocchette				0	0	1		248
R	DVV	DVV3170		2017-09-01		Villa Nogarola, Boldu', Loredan Ruzzini, Loredan Ruzzini Priuli, Rodella, Boschetti (VI)  Schio				0	0	1		248
R	DVV	DVV3171		2017-09-01		Villa Capra, Bonato-Dal Dosso-Fontana (VI)  Schio				0	0	1		248
R	DVV	DVV3172		2017-09-01		Villa Folco, Boschetti, Rizzoli, Folco, Papesso (VI)  Schio				0	0	1		248
R	DVV	DVV3173		2017-09-01		Villa Rossi (VI)  Schio				0	0	1		248
R	DVV	DVV3174		2017-09-01		Villa Malaspina, Guerriero, Brunelli, Brunelli Mozzi, Lovato (VI)  Montebello Vicentino				0	0	1		248
R	DVV	DVV3175		2017-09-01		Villa Trissino, Da Porto, Marzotto, Centomo, Centomo-Ceranto (VI)  Trissino				0	0	1		248
R	DVV	DVV3176		2017-09-01		Villa Fogazzaro, detta la Montanina (VI)  Velo d'Astico				0	0	1		248
R	DVV	DVV3177		2017-09-01		Villa Millan, Bertolini, Giordan (VI)  Vicenza				0	0	1		248
R	DVV	DVV3178		2017-09-01		Villa Molin, detta di Sant'Antonio o dei Sette Venti (VI)  Vicenza				0	0	1		248
R	DVV	DVV3179		2017-09-01		Villa Testolin, Dal Ferro, Brazzale (VI)  Fara Vicentino				0	0	1		248
R	DVV	DVV3180		2017-09-01		Villa Dona' (VI)  Costabissara				0	0	1		248
R	DVV	DVV3181		2017-09-01		Villa Fracanzan, detta Palazzo dei Vicari (VI)  Orgiano				0	0	1		248
R	DVV	DVV3182		2017-09-01		Resti di Villa Revese, Scola, Castagnaro, Valdagno, De Soghe (VI)  Brendola-Revese				0	0	1		248
R	DVV	DVV3183		2017-09-01		Villa Franco (VI)  Arcugnano-Pilla				0	0	1		248
R	DVV	DVV3184		2017-09-01		Villa Bertoli, Carampin, Martini (VI)  Mossano				0	0	1		248
R	DVV	DVV3185		2017-09-01		Villa Misani, De Lucia, Sipa, Malaman (VI)  Camisano Vicentino				0	0	1		248
R	DVV	DVV3186		2017-09-01		Villa Casentini, detta La Colombara (VI)  Isola Vicentina-Terrosse				0	0	1		248
R	DVV	DVV3187		2017-09-01		Villa Conti, Capraro, Bellan (VI)  Montegaldella				0	0	1		248
R	DVV	DVV3188		2017-09-01		Palazzo Berti, Passuello (VI)  Lusiana				0	0	1		248
R	DVV	DVV3189		2017-09-01		Villa Checato, Bianchi degli Occhi, Volebele, Stella, Dal Corno (VI)  Monteviale-Castigiola				0	0	1		248
R	DVV	DVV3190		2017-09-01		Villa Tacchi, Azzoni Avogadro, Fagan (VI)  Quinto Vicentino				0	0	1		248
R	DVV	DVV3191		2017-09-01		Villa Cortelotto, Oradini-Magno, Agnolin, Marchiori, Ferronato, Di Don�, Bisinella, Straglioto, Baldissera-Damian-Piotto, detta Palazzon (VI)  Rossano Veneto				0	0	1		248
R	DVV	DVV3192		2017-09-01		Casa Chilesotti, Dal Ferro-Ranzolin (VI)  Thiene				0	0	1		248
R	DVV	DVV3193		2017-09-01		Colombara Porto, Lovisetto (VI)  Thiene				0	0	1		248
R	DVV	DVV3194		2017-09-01		Villa De Antoni, Savardo, Bonomo, Miola (VI)  Thiene				0	0	1		248
R	DVV	DVV3195		2017-09-01		Corte Thiene, Munaretto (VI)  Thiene				0	0	1		248
R	DVV	DVV3196		2017-09-01		Villa Pizzoni, Rota-Barbieri, detta Casa del Sole (VI)  Vicenza				0	0	1		248
R	DVV	DVV3197		2017-09-01		Villa Negri, Velo, Zabeo, Cogo, Zarantonello, Ceroni, detta Ca' Latina (VI)  Vicenza				0	0	1		248
R	DVV	DVV3198		2017-09-01		Villa Porto, Bonin Longare, Barindi (VI)  Zovencedo				0	0	1		248
R	DVV	DVV3199		2017-09-01		Villa Angonese (VI)  Vicenza				0	0	1		248
R	DVV	DVV3200		2017-09-01		Villa Rossi, Tusel (VI)  Vicenza				0	0	1		248
R	DVV	DVV3201		2017-09-01		Villa Bonollo, Anti, Carretta (VI)  Vicenza				0	0	1		248
R	DVV	DVV3202		2017-09-01		Villa Dalla Tavola, Bernardi, Vicario, Rigobello, Smiderle, Rossi di Schio (VI)  Vicenza				0	0	1		248
R	DVV	DVV3203		2017-09-01		Villa Trevisan (VI)  Sossano				0	0	1		248
R	DVV	DVV3204		2017-09-01		Villa Fioccardo, Riva, Castelli Angeli, Moschini, Gualdo Priorato, Zilio Grandi (VI)  Arcugnano				0	0	1		248
R	DVV	DVV3205		2017-09-01		Villa Porto, Milan Massari, Da Porto Barbaran, Perazzolo, Cicogna da Forl�, Del Conte - Ayala, Pedrotti (VI)  Dueville				0	0	1		248
R	DVV	DVV3206		2017-09-01		Villa Morseletto, Sartori - Cattani, detta Ca' Debora (VI)  Bassano del Grappa				0	0	1		248
R	DVV	DVV3207		2017-09-01		Villa Prosdocimi, detta Giustina (VI)  Albettone				0	0	1		248
R	DVV	DVV3208		2017-09-01		Casa canonica, detta Palazzo dei Canonici (VI)  Barbarano Vicentino				0	0	1		248
R	DVV	DVV3209		2017-09-01		Villa Fanton, De Guio, Baretta, detta Giulia (VI)  Mossano				0	0	1		248
R	DVV	DVV3210		2017-09-01		Villa Lattes (VI)  Vicenza				0	0	1		248
R	DVV	DVV3211		2017-09-01		Villa Tomi, Osboli, Zilio, Basso - Mainetti, Dalla Fontana (VI)  Arcugnano				0	0	1		248
R	DVV	DVV3212		2017-09-01		Corte dominicale Noris, Grella (VR)  Angiari-Ronchi				0	0	1		248
R	DVV	DVV3213		2017-09-01		Villa Bassani, Raimondi  (VR)  Bardolino				0	0	1		248
R	DVV	DVV3214		2017-09-01		Villa Giuliari Revedin, Gianfilippi Canestrari, Campostrini  (VR)  Bardolino				0	0	1		248
R	DVV	DVV3215		2017-09-01		Villa Revedin, detta delle Magnolie (VR)  Bardolino				0	0	1		248
R	DVV	DVV3216		2017-09-01		Corte San Colombano  (VR)  Bardolino				0	0	1		248
R	DVV	DVV3217		2017-09-01		Casa rurale Caldana - Dalle Vedove - Sabaini - Andreoli  (VR)  Bardolino				0	0	1		248
R	DVV	DVV3218		2017-09-01		Villa Tantini, Cavanna Banterle  (VR)  Belfiore				0	0	1		248
R	DVV	DVV3219		2017-09-01		Villa Garzoni, Contarini, Bassani, Rinaldi, detta Corte Fittanza (VR)  Boschi Sant'Anna				0	0	1		248
R	DVV	DVV3220		2017-09-01		Villa Ridolfi, Noris, Graziani (VR)  Bovolone				0	0	1		248
R	DVV	DVV3221		2017-09-01		Villa Bottari, Bertoli, Scola Gagliardi (VR)  Bovolone				0	0	1		248
R	DVV	DVV3222		2017-09-01		Villa Tersa (VR)  Brenzone				0	0	1		248
R	DVV	DVV3223		2017-09-01		Villa Cipolla, Vignola, detta Panterona (VR)  Belfiore				0	0	1		248
R	DVV	DVV3224		2017-09-01		Villa Barni, Cassetta, detta La Rocca (VR)  Caldiero				0	0	1		248
R	DVV	DVV3225		2017-09-01		Ca' Rizzi, Loredan (VR)  Caldiero				0	0	1		248
R	DVV	DVV3226		2017-09-01		Villa Zenobio, Trezza, Bressan, Turco (VR)  Caldiero				0	0	1		248
R	DVV	DVV3227		2017-09-01		Villa Da Prato, Fiorini (VR)  Caldiero				0	0	1		248
R	DVV	DVV3228		2017-09-01		Villa Simoncelli, Maestrello, detta Belvedere (VR)  Caprino Veronese				0	0	1		248
R	DVV	DVV3229		2017-09-01		Villa Michiel, Romanin, detta La Borghesana (VR)  Casaleone-Borghesana				0	0	1		248
R	DVV	DVV3230		2017-09-01		Casa canonica di Caprino Veronese (VR)  Caprino Veronese				0	0	1		248
R	DVV	DVV3231		2017-09-01		Villa Taidelli, Rossato (VR)  Casaleone				0	0	1		248
R	DVV	DVV3232		2017-09-01		Villa Da Vico (VR)  Sommacampagna				0	0	1		248
R	DVV	DVV3233		2017-09-01		Villa Borgognoni, Tommasi (VR)  Castelnuovo del Garda				0	0	1		248
R	DVV	DVV3234		2017-09-01		Villa Medici, Bresciani (VR)  Cerea				0	0	1		248
R	DVV	DVV3235		2017-09-01		Villa De' Medici, Fagiuoli, De Battisti (VR)  Cerea				0	0	1		248
R	DVV	DVV3236		2017-09-01		Villa Guastaverza, Bonzi, Barbieri, Bottura (VR)  Cerea				0	0	1		248
R	DVV	DVV3237		2017-09-01		Villa Monselice, De Stefani (VR)  Cerea				0	0	1		248
R	DVV	DVV3238		2017-09-01		Villa Murari (VR)  Cerea				0	0	1		248
R	DVV	DVV3239		2017-09-01		Villa Ormaneto, Bertele' (VR)  Cerea				0	0	1		248
R	DVV	DVV3240		2017-09-01		Villa Dionisi, detta Ca' del Lago (VR)  Cerea				0	0	1		248
R	DVV	DVV3241		2017-09-01		Villa Cattarinetti Franco, Bertele', detta Il Piatton (VR)  Cerea-Piatton				0	0	1		248
R	DVV	DVV3242		2017-09-01		Villa Verita', Sparavieri, Marangoni (VR)  Cerea				0	0	1		248
R	DVV	DVV3243		2017-09-01		Villa Aldighiri - Righetti, detta Castello di Ramedello (VR)  Cerea-Ramedello				0	0	1		248
R	DVV	DVV3244		2017-09-01		Villa Nichesola, Fano (VR)  Colognola ai Colli				0	0	1		248
R	DVV	DVV3245		2017-09-01		Villa Serenelli, Lo Faso, detta La Colombara (VR)  Colognola ai Colli				0	0	1		248
R	DVV	DVV3246		2017-09-01		Villa Ceriani, Franchini, Baroni - Vanzetti (VR)  Colognola ai Colli				0	0	1		248
R	DVV	DVV3247		2017-09-01		Villa Peverelli, Cavalli (VR)  Colognola ai Colli				0	0	1		248
R	DVV	DVV3248		2017-09-01		Villa Pozzoni (VR)  Colognola ai Colli				0	0	1		248
R	DVV	DVV3249		2017-09-01		Villa Spinola, Franchini, Cometti (VR)  Colognola ai Colli				0	0	1		248
R	DVV	DVV3250		2017-09-01		Villa Baldo (VR)  Colognola ai Colli-Villa				0	0	1		248
R	DVV	DVV3251		2017-09-01		Villa Stagnoli, Bertani (VR)  Colognola ai Colli				0	0	1		248
R	DVV	DVV3252		2017-09-01		Villa Verita', Bresciani (VR)  Concamarise				0	0	1		248
R	DVV	DVV3253		2017-09-01		Corte Torcolo, Verita' Montanari, Nadali - Perini (VR)  Concamarise-Torcolo				0	0	1		248
R	DVV	DVV3254		2017-09-01		Villa Valentini, Leoni, Sandri (VR)  Dolce'				0	0	1		248
R	DVV	DVV3255		2017-09-01		Villa Maffei, Bertoli (VR)  Erbe'				0	0	1		248
R	DVV	DVV3256		2017-09-01		Villa Gallici, Segala (VR)  Erbe'				0	0	1		248
R	DVV	DVV3257		2017-09-01		Corte Dalla Mora, Quattrina, Malagnbini, Previdi, detta Madonna (VR)  Erbe'-Madonna				0	0	1		248
R	DVV	DVV3258		2017-09-01		Villa Ravignani, Guarienti (VR)  Fumane				0	0	1		248
R	DVV	DVV3259		2017-09-01		Palazzo Carlotti, Pincini (VR)  Garda-Lungolago				0	0	1		248
R	DVV	DVV3260		2017-09-01		Palazzo Fregoso, Boccali (VR)  Garda				0	0	1		248
R	DVV	DVV3261		2017-09-01		Villa Giusti, Roncoletta (VR)  Gazzo Veronese				0	0	1		248
R	DVV	DVV3262		2017-09-01		Villa Lando, Giusti, Altichieri, Mirandola, detta alla Villa (VR)  Gazzo Veronese				0	0	1		248
R	DVV	DVV3263		2017-09-01		Villa Guarienti (VR)  Gazzo Veronese				0	0	1		248
R	DVV	DVV3264		2017-09-01		Villa Montanari, Merli, Bocciarelli (VR)  Gazzo Veronese				0	0	1		248
R	DVV	DVV3265		2017-09-01		Corte dominicale Cavalli, Romanin Jacour (VR)  Gazzo Veronese				0	0	1		248
R	DVV	DVV3266		2017-09-01		Villa Bentegodi, Anderloni - Tezza (VR)  Grezzana				0	0	1		248
R	DVV	DVV3267		2017-09-01		Villa Castellani di Sermoneta, Bevilacqua-Lazise (VR)  Grezzana				0	0	1		248
R	DVV	DVV3268		2017-09-01		Villa Pompei, Carlotti (VR)  Illasi				0	0	1		248
R	DVV	DVV3269		2017-09-01		Villa Perez Pompei, Sagramoso (VR)  Illasi				0	0	1		248
R	DVV	DVV3270		2017-09-01		Villa Cipolla, Lucchini, Avrese (VR)  Illasi-Giara				0	0	1		248
R	DVV	DVV3271		2017-09-01		Villa Veronese De Poli, detta La Gabbia (VR)  Salizzole				0	0	1		248
R	DVV	DVV3272		2017-09-01		Villa Guarienti (VR)  Isola della Scala				0	0	1		248
R	DVV	DVV3273		2017-09-01		Corte rurale Ospedale della Bastia (VR)  Isola della Scala				0	0	1		248
R	DVV	DVV3274		2017-09-01		Villa Campostrini, detta La Decima (VR)  Sommacampagna				0	0	1		248
R	DVV	DVV3275		2017-09-01		Corte Zanetti, Perazzani (VR)  Isola Rizza				0	0	1		248
R	DVV	DVV3276		2017-09-01		Villa Contarini, Boccoli, Galbiati (VR)  Lavagno				0	0	1		248
R	DVV	DVV3277		2017-09-01		Villa Winsemann Falghera (VR)  Lavagno				0	0	1		248
R	DVV	DVV3278		2017-09-01		Villa Verita', Fraccaroli, detta Il Boschetto (VR)  Lavagno-Il Boschetto				0	0	1		248
R	DVV	DVV3279		2017-09-01		Corte rurale Vaghetto, Moro - Legnaro (VR)  Lavagno				0	0	1		248
R	DVV	DVV3280		2017-09-01		Villa Bagatta, Murari, Sterzi, Krieg (VR)  Lazise-Bagatta				0	0	1		248
R	DVV	DVV3281		2017-09-01		Villa Murari Bra, detta I Boschi (VR)  Isola della Scala-Boschi				0	0	1		248
R	DVV	DVV3282		2017-09-01		Villa Ambrosi, Tonetti (VR)  Legnago				0	0	1		248
R	DVV	DVV3283		2017-09-01		Colombara Giannotti, Tieni - Sboarina (VR)  Legnago-Porto				0	0	1		248
R	DVV	DVV3284		2017-09-01		Palazzo Gaium (VR)  Rivoli Veronese				0	0	1		248
R	DVV	DVV3285		2017-09-01		Villa Silvestri (VR)  Marano di Valpolicella				0	0	1		248
R	DVV	DVV3286		2017-09-01		Corte Rizzoni (VR)  Rivoli Veronese				0	0	1		248
R	DVV	DVV3287		2017-09-01		Villa Miniscalchi (VR)  Mozzecane				0	0	1		248
R	DVV	DVV3288		2017-09-01		Villa Canossa (VR)  Mozzecane				0	0	1		248
R	DVV	DVV3289		2017-09-01		Villa Vecelli, Cavriani, Ruffini (VR)  Mozzecane				0	0	1		248
R	DVV	DVV3290		2017-09-01		Corte Bresavola, Silvestrelli, detta Bramante (VR)  Rivoli Veronese				0	0	1		248
R	DVV	DVV3291		2017-09-01		Villa Paletta (VR)  Negrar				0	0	1		248
R	DVV	DVV3292		2017-09-01		Villa Beraldini - Marconi - Signori - Zanetti (VR)  Negrar				0	0	1		248
R	DVV	DVV3293		2017-09-01		Villa Marogna, Romani, Gobbi (VR)  Nogara				0	0	1		248
R	DVV	DVV3294		2017-09-01		Villa Scappini (VR)  Pastrengo				0	0	1		248
R	DVV	DVV3295		2017-09-01		Villa Cavalli De Peverelli, Della Cella ex Forte Baccotto (VR)  Peschiera del Garda-Dolci				0	0	1		248
R	DVV	DVV3296		2017-09-01		Villa Balladoro (VR)  Povegliano Veronese				0	0	1		248
R	DVV	DVV3297		2017-09-01		Villa Villardi, detta La Pastoria (VR)  Ronca'				0	0	1		248
R	DVV	DVV3298		2017-09-01		Corte dominicale Della Giara, Zancanella, detta della Prepositura (VR)  Roverchiara-Monastero				0	0	1		248
R	DVV	DVV3299		2017-09-01		Corte dominicale Guarienti di Brenzoni (VR)  Roverchiara				0	0	1		248
R	DVV	DVV3300		2017-09-01		Corte dominicale Mazzanti (VR)  Roverchiara				0	0	1		248
R	DVV	DVV3301		2017-09-01		Corte Bra, Verita' - Poeta, Cipolla (VR)  Salizzole				0	0	1		248
R	DVV	DVV3302		2017-09-01		Villa Campagna, Portalupi, Chiaramonte (VR)  Salizzole				0	0	1		248
R	DVV	DVV3303		2017-09-01		Villa Chiaramonte (VR)  Salizzole				0	0	1		248
R	DVV	DVV3304		2017-09-01		Villa Betti, detta Mezzo Palazzo (VR)  Salizzole				0	0	1		248
R	DVV	DVV3305		2017-09-01		Corte Sagramoso, Campostrini, Malfatti (VR)  Salizzole				0	0	1		248
R	DVV	DVV3306		2017-09-01		Corte dominicale Da Vico, Franceschini (VR)  Salizzole				0	0	1		248
R	DVV	DVV3307		2017-09-01		Corte dominicale Spolverini, Martini (VR)  Salizzole				0	0	1		248
R	DVV	DVV3308		2017-09-01		Palazzo Canale (VR)  Rivoli Veronese				0	0	1		248
R	DVV	DVV3309		2017-09-01		Villa Orti Manara, Zamboni Montanari (VR)  San Martino Buon Albergo				0	0	1		248
R	DVV	DVV3310		2017-09-01		Villa Guaina, Albertini (VR)  San Martino Buon Albergo				0	0	1		248
R	DVV	DVV3311		2017-09-01		Villa Cossali, Guastaverza (VR)  San Pietro di Morubio				0	0	1		248
R	DVV	DVV3312		2017-09-01		Villa Gobetti (VR)  San Pietro di Morubio				0	0	1		248
R	DVV	DVV3313		2017-09-01		Villa Loredan, Wallner, Gaspari - Pasti (VR)  San Pietro di Morubio-Borgo				0	0	1		248
R	DVV	DVV3314		2017-09-01		Villa Volpini, Vinerbini (VR)  San Pietro di Morubio				0	0	1		248
R	DVV	DVV3315		2017-09-01		Corte dominicale Verita' (VR)  San Pietro di Morubio				0	0	1		248
R	DVV	DVV3316		2017-09-01		Villa Borghetti, Falcieri, Rubinelli (VR)  San Pietro in Cariano				0	0	1		248
R	DVV	DVV3317		2017-09-01		Corte Calzolari, detta Campana (VR)  Rivoli Veronese				0	0	1		248
R	DVV	DVV3318		2017-09-01		Corte Fiffaro (VR)  Rivoli Veronese-Corte Fiffaro				0	0	1		248
R	DVV	DVV3319		2017-09-01		Villa Bellini Carnesali (VR)  San Pietro in Cariano				0	0	1		248
R	DVV	DVV3320		2017-09-01		Casa colonica Voghera (VR)  San Pietro in Cariano				0	0	1		248
R	DVV	DVV3321		2017-09-01		Corte rurale San Peretto, Buffati (VR)  San Pietro in Cariano				0	0	1		248
R	DVV	DVV3322		2017-09-01		Villa Bergamini, Ziliani, detta San Giuseppe (VR)  San Pietro in Cariano				0	0	1		248
R	DVV	DVV3323		2017-09-01		Villa Monga, Negri, Scipioni (VR)  San Pietro in Cariano				0	0	1		248
R	DVV	DVV3324		2017-09-01		Villa Zambelli, Caldera, detta Le Cedrare (VR)  San Pietro in Cariano				0	0	1		248
R	DVV	DVV3325		2017-09-01		Villa Bernardi, Da Prato, Ferrari (VR)  Sant'Ambrogio di Valpolicella				0	0	1		248
R	DVV	DVV3326		2017-09-01		Corte rurale Zivelonghi (VR)  Sant'Anna d'Alfaedo-Zivelongo				0	0	1		248
R	DVV	DVV3327		2017-09-01		Villa Fiocco, Masi (VR)  Sommacampagna				0	0	1		248
R	DVV	DVV3328		2017-09-01		Villa Ravignani, Saccomani (VR)  Sommacampagna				0	0	1		248
R	DVV	DVV3329		2017-09-01		Corte rurale Ottaviani (VR)  Sommacampagna				0	0	1		248
R	DVV	DVV3330		2017-09-01		Villa Consolaro (VR)  Sona				0	0	1		248
R	DVV	DVV3331		2017-09-01		Villa Giarola, Previtali, detta Villa Eire (VR)  Sona				0	0	1		248
R	DVV	DVV3332		2017-09-01		Villa Silvestri, detta La Sellara (VR)  Sona				0	0	1		248
R	DVV	DVV3333		2017-09-01		Ca' Ferrari, Colombo (VR)  Sona				0	0	1		248
R	DVV	DVV3334		2017-09-01		Corte Murari Bra, detta Il Palazzone (VR)  Sorga'				0	0	1		248
R	DVV	DVV3335		2017-09-01		Corte Murari Bra, Olivieri, Dall'Oca (VR)  Sorga'				0	0	1		248
R	DVV	DVV3336		2017-09-01		Villa Grimani, Balestrieri, detta Corte Grandi (VR)  Sorga'				0	0	1		248
R	DVV	DVV3337		2017-09-01		Corte Bottagisio (VR)  Terrazzo				0	0	1		248
R	DVV	DVV3338		2017-09-01		Villa Bruno (VR)  Tregnago				0	0	1		248
R	DVV	DVV3339		2017-09-01		Villa Fontana (VR)  Tregnago				0	0	1		248
R	DVV	DVV3340		2017-09-01		Villa Tirabosco, Morando, Biagini (VR)  Tregnago				0	0	1		248
R	DVV	DVV3341		2017-09-01		Villa Cipolla Pellegrini (VR)  Tregnago				0	0	1		248
R	DVV	DVV3342		2017-09-01		Villa Pellegrini (VR)  Tregnago				0	0	1		248
R	DVV	DVV3343		2017-09-01		Villa Ferrari Delle Spade (VR)  Tregnago				0	0	1		248
R	DVV	DVV3344		2017-09-01		Villa De Winckels (VR)  Tregnago				0	0	1		248
R	DVV	DVV3345		2017-09-01		Villa Franchini, Cavaggioni (VR)  Tregnago				0	0	1		248
R	DVV	DVV3346		2017-09-01		Villa Allegri, Nodari, Farina, detta Corte Nuova e Corte Grande (VR)  Trevenzuolo				0	0	1		248
R	DVV	DVV3347		2017-09-01		Corte Sacco (VR)  Trevenzuolo				0	0	1		248
R	DVV	DVV3348		2017-09-01		Villa Giusti, Borelli (VR)  Trevenzuolo-Serraglio				0	0	1		248
R	DVV	DVV3349		2017-09-01		Villa Spolverini, Rugolotto (VR)  Trevenzuolo				0	0	1		248
R	DVV	DVV3350		2017-09-01		Villa Tebaldi (VR)  Valeggio sul Mincio				0	0	1		248
R	DVV	DVV3351		2017-09-01		Palazzo Torri, Antolini (VR)  Rivoli Veronese				0	0	1		248
R	DVV	DVV3352		2017-09-01		Villa Balestra, Monti, Battistella (VR)  Verona				0	0	1		248
R	DVV	DVV3353		2017-09-01		Villa Tonetti, Ridolfi, Consolaro (VR)  Verona				0	0	1		248
R	DVV	DVV3354		2017-09-01		Villa Dal Bosco (VR)  Villafranca di Verona				0	0	1		248
R	DVV	DVV3355		2017-09-01		Villa Salvadego, Molin Ugoni (VR)  Roveredo di Gua'				0	0	1		248
R	DVV	DVV3356		2017-09-01		Villa Biondani, detta La Bassana (VR)  Verona				0	0	1		248
R	DVV	DVV3357		2017-09-01		Villa Morosini, Milani, Bizjak - Segala (VR)  Verona-Belvedere				0	0	1		248
R	DVV	DVV3358		2017-09-01		Villa Pighi, Casale (VR)  Verona				0	0	1		248
R	DVV	DVV3359		2017-09-01		Villa Sandri, Turco (Istituto Sorelle della Misericordia) (VR)  Verona				0	0	1		248
R	DVV	DVV3360		2017-09-01		Villa Segala, Ambrosetti (VR)  Verona				0	0	1		248
R	DVV	DVV3361		2017-09-01		Villa Bernini, Alfonsi - Turco (VR)  Verona				0	0	1		248
R	DVV	DVV3362		2017-09-01		Villa Da Lisca, Poggiani (VR)  Verona				0	0	1		248
R	DVV	DVV3363		2017-09-01		Villa Da Sacco, detta La Valverde (VR)  Verona				0	0	1		248
R	DVV	DVV3364		2017-09-01		Villa Noris (VR)  Verona				0	0	1		248
R	DVV	DVV3365		2017-09-01		Villa Perini (VR)  Verona-Cao di Sopra				0	0	1		248
R	DVV	DVV3366		2017-09-01		Villa Rizzardi, Pavesi, detta Villa San Carlo (VR)  Verona				0	0	1		248
R	DVV	DVV3367		2017-09-01		Villa Zoppi, Piccoli, Pavesi (VR)  Verona				0	0	1		248
R	DVV	DVV3368		2017-09-01		Corte Il Maso (VR)  Verona				0	0	1		248
R	DVV	DVV3369		2017-09-01		Palazzo Guardini (VR)  Verona				0	0	1		248
R	DVV	DVV3370		2017-09-01		Villa Fenilon, Muselli, Reichenbach (VR)  Verona				0	0	1		248
R	DVV	DVV3371		2017-09-01		Villa Accorsi - Dorizzi - Montereale (VR)  Verona				0	0	1		248
R	DVV	DVV3372		2017-09-01		Villa Algarotti, Francescati (VR)  Verona Colle San Pietro				0	0	1		248
R	DVV	DVV3373		2017-09-01		Villa Gazzola, Bimbato - Mazzi (VR)  Verona				0	0	1		248
R	DVV	DVV3374		2017-09-01		Corte Moscardo, detta San Pancrazio (VR)  Verona				0	0	1		248
R	DVV	DVV3375		2017-09-01		Villa Paradiso (VR)  Verona				0	0	1		248
R	DVV	DVV3376		2017-09-01		Villa cinquecentesca (Istituto Campostrini) (VR)  Verona-Olive'				0	0	1		248
R	DVV	DVV3377		2017-09-01		Villa Zeiner, Wallner (VR)  Verona				0	0	1		248
R	DVV	DVV3378		2017-09-01		Palazzo Rizzardi (VR)  Verona				0	0	1		248
R	DVV	DVV3379		2017-09-01		Corte rurale Fiorio - Garonzi, detta San Massimo (VR)  Verona				0	0	1		248
R	DVV	DVV3380		2017-09-01		Villa San Giuseppe (VR)  Verona				0	0	1		248
R	DVV	DVV3381		2017-09-01		Villa Muselli Canossa (VR)  Verona				0	0	1		248
R	DVV	DVV3382		2017-09-01		Villa Marcato, Malaspina (VR)  Vigasio				0	0	1		248
R	DVV	DVV3383		2017-09-01		Corte rurale De Vecchi (VR)  Villa Bartolomea				0	0	1		248
R	DVV	DVV3384		2017-09-01		Corte dominicale Valesi, Chiaramonte Ciresola (VR)  Villafranca di Verona				0	0	1		248
R	DVV	DVV3385		2017-09-01		Villa Perez, Meneghini (VR)  Zevio				0	0	1		248
R	DVV	DVV3386		2017-09-01		Villa Pasti (VR)  San Giovanni Lupatoto				0	0	1		248
R	DVV	DVV3387		2017-09-01		Villa Furlani (VR)  Casaleone				0	0	1		248
R	DVV	DVV3388		2017-09-01		Villa Bugna, Bogoni (VR)  Sorga'-Corte Bugna				0	0	1		248
R	DVV	DVV3389		2017-09-01		Villa Parolin, Poggiani (VR)  Gazzo Veronese				0	0	1		248
R	DVV	DVV3390		2017-09-01		Villa Ghedini (VR)  Villa Bartolomea				0	0	1		248
R	DVV	DVV3391		2017-09-01		Villa Zanella (VR)  Colognola ai Colli				0	0	1		248
R	DVV	DVV3392		2017-09-01		Villa Colleoni (VR)  Illasi				0	0	1		248
R	DVV	DVV3393		2017-09-01		Villa Cometti (VR)  San Pietro in Cariano				0	0	1		248
R	DVV	DVV3394		2017-09-01		Villa Perez, Bertani, Montresor (VR)  San Pietro in Cariano				0	0	1		248
R	DVV	DVV3395		2017-09-01		Ca' Montagna (VR)  San Zeno di Montagna-Ca' Montagna				0	0	1		248
R	DVV	DVV3396		2017-09-01		Villa Buri (VR)  Isola Rizza				0	0	1		248
R	DVV	DVV3397		2017-09-01		Corte Bonfante, detta La Rosa (VR)  Villa Bartolomea-La Rosa				0	0	1		248
R	DVV	DVV3398		2017-09-01		Ca' del Frate (TV)  Silea				0	0	1		248
R	DVV	DVV3399		2017-09-01		Villa Pastega (TV)  Maser				0	0	1		248
R	DVV	DVV3400		2017-09-01		Casa canonica di Coste (TV)  Maser				0	0	1		248
R	DVV	DVV3401		2017-09-01		Villa Cattuzzo (TV)  Maser				0	0	1		248
R	DVV	DVV3402		2017-09-01		Ca' Pesaro, Facchinetti, Vettoretto (TV)  Maser				0	0	1		248
R	DVV	DVV3403		2017-09-01		Villa Riccati, Avogadro degli Azzoni (TV)  Castelfranco Veneto				0	0	1		248
R	DVV	DVV3404		2017-09-01		Villa Barbarella, Avogadro degli Azzoni (TV)  Castelfranco Veneto				0	0	1		248
R	DVV	DVV3405		2017-09-01		Barchessa Tirette (TV)  Riese Pio X				0	0	1		248
R	DVV	DVV3406		2017-09-01		Villa Giacomelli (TV)  Altivole				0	0	1		248
R	DVV	DVV3407		2017-09-01		Villa Villabruna (TV)  Trevignano				0	0	1		248
R	DVV	DVV3408		2017-09-01		Villa Vergerio, Bressanin (TV)  Vidor				0	0	1		248
R	DVV	DVV3409		2017-09-01		Villa Frisotti (TV)  Mogliano Veneto				0	0	1		248
R	DVV	DVV3410		2017-09-01		Casa Sanudo, Amadi (TV)  Mogliano Veneto				0	0	1		248
R	DVV	DVV3411		2017-09-01		Villa Berti, Giannotti (TV)  San Biagio di Callalta				0	0	1		248
R	DVV	DVV3412		2017-09-01		Villa Conti, Comello, Peloso (TV)  Preganziol				0	0	1		248
R	DVV	DVV3413		2017-09-01		Villa Moro Nocera, Boldrin (TV)  Mogliano Veneto				0	0	1		248
R	DVV	DVV3414		2017-09-01		Villa degli Armeni, detta il Fresco (TV)  Asolo				0	0	1		248
R	DVV	DVV3415		2017-09-01		Palazzo Salamon (TV)  Gorgo al Monticano				0	0	1		248
R	DVV	DVV3416		2017-09-01		Villa Lorenzon (TV)  Breda di Piave				0	0	1		248
R	DVV	DVV3417		2017-09-01		Palazzo Ancillotto (TV)  Santa Lucia di Piave				0	0	1		248
R	DVV	DVV3418		2017-09-01		Casa Callegari (TV)  Farra di Soligo				0	0	1		248
R	DVV	DVV3419		2017-09-01		Villa Cosulich (TV)  San Pietro di Feletto				0	0	1		248
R	DVV	DVV3420		2017-09-01		Villa Contarini, Monolesso (TV)  Silea				0	0	1		248
R	DVV	DVV3421		2017-09-01		Villa Pisani, Gradenigo, Mandruzzato, Cattarin (TV)  Silea				0	0	1		248
R	DVV	DVV3422		2017-09-01		Ca' Vinturi, Libralato (TV)  Zero Branco				0	0	1		248
R	DVV	DVV3423		2017-09-01		Villa De Bortoli Assenza (TV)  Vedelago				0	0	1		248
R	DVV	DVV3424		2017-09-01		Barchessa di villa Manin (TV)  Montebelluna				0	0	1		248
R	DVV	DVV3425		2017-09-01		Casa Cornuda (TV)  Montebelluna				0	0	1		248
R	DVV	DVV3426		2017-09-01		Villa Mazzotto (TV)  Cessalto				0	0	1		248
R	DVV	DVV3427		2017-09-01		Palazzo Gabrieli, Aliprandi, Andreetta (TV)  San Polo di Piave				0	0	1		248
R	DVV	DVV3428		2017-09-01		Palazzo Bove, Vecellio, Gasparotto, Maura (TV)  Spresiano				0	0	1		248
R	DVV	DVV3429		2017-09-01		Villa Rapizzi (TV)  Treviso				0	0	1		248
R	DVV	DVV3430		2017-09-01		Villa Cellini (TV)  Treviso				0	0	1		248
R	DVV	DVV3431		2017-09-01		Palazzo Baldacchini (TV)  Treviso-Borgo Furo				0	0	1		248
R	DVV	DVV3432		2017-09-01		Villa Tognana (TV)  Treviso				0	0	1		248
R	DVV	DVV3433		2017-09-01		Palazzo Onigo (TV)  Pederobba				0	0	1		248
R	DVV	DVV3434		2017-09-01		Casa Partili (TV)  Pederobba				0	0	1		248
R	DVV	DVV3435		2017-09-01		Villa Cosulich (TV)  Pederobba-Barche				0	0	1		248
R	DVV	DVV3436		2017-09-01		Villa Silvestri (TV)  Pederobba				0	0	1		248
R	DVV	DVV3437		2017-09-01		Villa Balzan (TV)  Cornuda				0	0	1		248
R	DVV	DVV3438		2017-09-01		Palazzo De Faveri Tron (TV)  Cornuda				0	0	1		248
R	DVV	DVV3439		2017-09-01		Villa Guerresco (TV)  Montebelluna				0	0	1		248
R	DVV	DVV3440		2017-09-01		Villa Barpo, Miari, Zampieri, detta di Cor (BL)  Belluno-Cor				0	0	1		248
R	DVV	DVV3441		2017-09-01		Villa Bovio, Dalla Porta, Bellati, Doriguzzi (BL)  Cesiomaggiore-Col				0	0	1		248
R	DVV	DVV3442		2017-09-01		Casa Pasole (BL)  Feltre				0	0	1		248
R	DVV	DVV3443		2017-09-01		Casa di Barp (BL)  San Gregorio nelle Alpi				0	0	1		248
R	DVV	DVV3444		2017-09-01		Villa Villabruna, Slongo (BL)  San Gregorio nelle Alpi				0	0	1		248
R	DVV	DVV3445		2017-09-01		Villa Zugni, Dal Covolo, Fent (BL)  Santa Giustina				0	0	1		248
R	DVV	DVV3446		2017-09-01		Barchessa Pisani  (PD)  Boara Pisani				0	0	1		248
R	DVV	DVV3447		2017-09-01		Fattoria dell'Assunta (PD)  Correzzola				0	0	1		248
R	DVV	DVV3448		2017-09-01		Villa Lonigo (PD)  Mestrino				0	0	1		248
R	DVV	DVV3449		2017-09-01		Villa Capra, Casarotto (PD)  San Pietro in Gu'				0	0	1		248
R	DVV	DVV3450		2017-09-01		Villa Lorenzoni (PD)  San Pietro in Gu'				0	0	1		248
R	DVV	DVV3451		2017-09-01		Villa Pollini (PD)  Torreglia				0	0	1		248
R	DVV	DVV3452		2017-09-01		Villa Falier, Feltracco - Bin (TV)  Asolo				0	0	1		248
R	DVV	DVV3453		2017-09-01		Ca' Giupponi (TV)  Asolo				0	0	1		248
R	DVV	DVV3454		2017-09-01		Villa Zangrando (TV)  Breda di Piave				0	0	1		248
R	DVV	DVV3455		2017-09-01		Barchessa di Villa Mocenigo, Priuli (TV)  Castello di Godego				0	0	1		248
R	DVV	DVV3456		2017-09-01		Casa Bolzonello (TV)  Cornuda				0	0	1		248
R	DVV	DVV3457		2017-09-01		Villa Castagna (TV)  Crocetta del Montello				0	0	1		248
R	DVV	DVV3458		2017-09-01		Villa Onigo (TV)  Giavera del Montello				0	0	1		248
R	DVV	DVV3459		2017-09-01		Ca' Bressa, Michielin (TV)  Montebelluna				0	0	1		248
R	DVV	DVV3460		2017-09-01		Casa Pace (TV)  Montebelluna				0	0	1		248
R	DVV	DVV3461		2017-09-01		Casa Zanatta (TV)  Povegliano				0	0	1		248
R	DVV	DVV3462		2017-09-01		Casa Luisello, Bandarin, Stocco (TV)  Preganziol				0	0	1		248
R	DVV	DVV3463		2017-09-01		Villa Guizzetti, Fregnan (TV)  Roncade				0	0	1		248
R	DVV	DVV3464		2017-09-01		Villa Graziani, Canuto (TV)  Roncade				0	0	1		248
R	DVV	DVV3465		2017-09-01		Villa Ravanello, Vianello (TV)  Roncade				0	0	1		248
R	DVV	DVV3466		2017-09-01		Villa Colbertaldo (TV)  San Zenone degli Ezzelini				0	0	1		248
R	DVV	DVV3467		2017-09-01		Casa D'Ambrosio (TV)  Treviso				0	0	1		248
R	DVV	DVV3468		2017-09-01		Villa Piovesan, Zamuner (TV)  Treviso				0	0	1		248
R	DVV	DVV3469		2017-09-01		Villa Rinaldi, Secolo (TV)  Treviso				0	0	1		248
R	DVV	DVV3470		2017-09-01		Villa Polican, Zane, Fiorioli Banchieri (TV)  Treviso				0	0	1		248
R	DVV	DVV3471		2017-09-01		Casa canonica di Campagna Lupia (VE)  Campagna Lupia				0	0	1		248
R	DVV	DVV3472		2017-09-01		Barchessa Contarini, Formilan (VE)  Campagna Lupia				0	0	1		248
R	DVV	DVV3473		2017-09-01		Villa Brusoni, Barbarigo, Zocchi, Mescalchin, Compagno (VE)  Camponogara				0	0	1		248
R	DVV	DVV3474		2017-09-01		Resti di Ca' Biondi, Volpato, Zago (VE)  Camponogara-Calcroci				0	0	1		248
R	DVV	DVV3475		2017-09-01		Casa dei Padri di Santo Stefano, Montalti, Vianello, Pandolfo (VE)  Camponogara				0	0	1		248
R	DVV	DVV3476		2017-09-01		Barchessa Sagredo (VE)  Camponogara				0	0	1		248
R	DVV	DVV3477		2017-09-01		Ca' Dolfin, Lippomano, Querini (VE)  Cavarzere				0	0	1		248
R	DVV	DVV3478		2017-09-01		Corte Molina, Scarabella, Zampolo (VE)  Cavarzere				0	0	1		248
R	DVV	DVV3479		2017-09-01		Fattoria Sant'Antonio, Naccari, Danielato, detta Corte Lezze (VE)  Cavarzere-Lezze				0	0	1		248
R	DVV	DVV3480		2017-09-01		Ca' Vernier, Carraro (Aspirandato Sacro Cuore) (VE)  Cavarzere				0	0	1		248
R	DVV	DVV3481		2017-09-01		Barchessa cinquecentesca (VE)  Cona				0	0	1		248
R	DVV	DVV3482		2017-09-01		Villa Marin, Garonzi (VE)  Cona				0	0	1		248
R	DVV	DVV3483		2017-09-01		Barchessa Priula (VE)  Cona				0	0	1		248
R	DVV	DVV3484		2017-09-01		Gastalderia San Biagio, Melzi d'Eryl, Giurolo (VE)  Cona				0	0	1		248
R	DVV	DVV3485		2017-09-01		Ca' Corner, Geminian (VE)  Dolo-Isola				0	0	1		248
R	DVV	DVV3486		2017-09-01		Palazzo Michiel, Onorato (VE)  Dolo				0	0	1		248
R	DVV	DVV3487		2017-09-01		Casa canonica di Fosso' (VE)  Fosso'				0	0	1		248
R	DVV	DVV3488		2017-09-01		Villa Saggiori, Salvatori (VE)  Fosso'				0	0	1		248
R	DVV	DVV3489		2017-09-01		Palazzo Verdi, Pavanello (VE)  Martellago				0	0	1		248
R	DVV	DVV3490		2017-09-01		Resti di Ca' Malipiero, Longhetto (VE)  Meolo				0	0	1		248
R	DVV	DVV3491		2017-09-01		Barchessa Marion (VE)  Meolo-Losson della Battaglia				0	0	1		248
R	DVV	DVV3492		2017-09-01		Barchessa Vio (VE)  Meolo				0	0	1		248
R	DVV	DVV3493		2017-09-01		Ca' Giare, Masato (VE)  Mira				0	0	1		248
R	DVV	DVV3494		2017-09-01		Villa settecentesca (VE)  Mira				0	0	1		248
R	DVV	DVV3495		2017-09-01		Casa Fiandra, Dolfin (VE)  Mirano				0	0	1		248
R	DVV	DVV3496		2017-09-01		Casa Libralesso (VE)  Mirano				0	0	1		248
R	DVV	DVV3497		2017-09-01		Villa Corner (Municipio) (VE)  Mirano				0	0	1		248
R	DVV	DVV3498		2017-09-01		Barchessa di villa Ottolini-Casiboni (VE)  Mirano-Soranzo				0	0	1		248
R	DVV	DVV3499		2017-09-01		Villa Battistella (VE)  Venezia				0	0	1		248
R	DVV	DVV3500		2017-09-01		Villa Carboni Ghiara (VE)  Venezia				0	0	1		248
R	DVV	DVV3501		2017-09-01		Barchessa di ca' Sagredo (VE)  Venezia				0	0	1		248
R	DVV	DVV3502		2017-09-01		Villa Dorighello, Marigo (VE)  Vigonovo				0	0	1		248
R	DVV	DVV3503		2017-09-01		Corte Ricca (VR)  Albaredo d'Adige-Beccacivetta				0	0	1		248
R	DVV	DVV3504		2017-09-01		Corte Vidali Murnovo, Bissoli (VR)  Angiari				0	0	1		248
R	DVV	DVV3505		2017-09-01		Villa Belvedere (VR)  Bardolino-Belvedere				0	0	1		248
R	DVV	DVV3506		2017-09-01		Villa Guerrieri (VR)  Bardolino				0	0	1		248
R	DVV	DVV3507		2017-09-01		Villa Terzi, Cristanini, detta delle Rose (VR)  Bardolino				0	0	1		248
R	DVV	DVV3508		2017-09-01		Villa Bevilacqua di Santa Anastasia (VR)  Bevilacqua				0	0	1		248
R	DVV	DVV3509		2017-09-01		Casa Zucchi (VR)  Bevilacqua				0	0	1		248
R	DVV	DVV3510		2017-09-01		Villa Stopazzola (VR)  Minerbe				0	0	1		248
R	DVV	DVV3511		2017-09-01		Corte Cappello Florio (VR)  Bovolone				0	0	1		248
R	DVV	DVV3512		2017-09-01		Corte Torti-Montagna, Maestrello (VR)  Bovolone-Canton				0	0	1		248
R	DVV	DVV3513		2017-09-01		Corte Zampieri (VR)  Bovolone				0	0	1		248
R	DVV	DVV3514		2017-09-01		Corte Boldieri, Loredan, Canossa (VR)  Casaleone-Castellazzo				0	0	1		248
R	DVV	DVV3515		2017-09-01		Corte Sanguinetti Albertini (VR)  Casaleone				0	0	1		248
R	DVV	DVV3516		2017-09-01		Villa Bagolini (VR)  Castelnuovo del Garda				0	0	1		248
R	DVV	DVV3517		2017-09-01		Villa Bonazzo (VR)  Cavaion Veronese				0	0	1		248
R	DVV	DVV3518		2017-09-01		Villa Montini, Mohr, detta Trombetta (VR)  Cavaion Veronese-Monte S.Michele				0	0	1		248
R	DVV	DVV3519		2017-09-01		Corte Brenzoni Polazzo (VR)  Cerea				0	0	1		248
R	DVV	DVV3520		2017-09-01		Corte Carminati, Soave (VR)  Cerea				0	0	1		248
R	DVV	DVV3521		2017-09-01		Corte Parma, Lavezzola, Girardi (VR)  Cerea				0	0	1		248
R	DVV	DVV3522		2017-09-01		Corte Verza, Lanza (VR)  Cerea				0	0	1		248
R	DVV	DVV3523		2017-09-01		Villa Camiletti, Sartorelli, Sanzana, Mantovani, all'Isolana (VR)  Concamarise				0	0	1		248
R	DVV	DVV3524		2017-09-01		Villa Cipolla, Bevilacqua Lazise, Bocciarelli, al Malcantone (VR)  Concamarise				0	0	1		248
R	DVV	DVV3525		2017-09-01		Villa Trivelli, Pompei, Malaspina, Valentini, Angeli, Parodi-Finato (VR)  Concamarise				0	0	1		248
R	DVV	DVV3526		2017-09-01		Villa Verita' Malaspina Parodi alla Palazzina (VR)  Concamarise				0	0	1		248
R	DVV	DVV3527		2017-09-01		Villa Verita', Malaspina, Finato-Martinati (VR)  Concamarise				0	0	1		248
R	DVV	DVV3528		2017-09-01		Villa De Beni Pagliari (VR)  Costermano				0	0	1		248
R	DVV	DVV3529		2017-09-01		Palazzo Banterle (VR)  Dolce'				0	0	1		248
R	DVV	DVV3530		2017-09-01		Corte dominicale Cattani - Zampagna, Dante (VR)  Erbe'				0	0	1		248
R	DVV	DVV3531		2017-09-01		Palazzo dei Capitani (VR)  Garda				0	0	1		248
R	DVV	DVV3532		2017-09-01		Corte Montanari, Noci (VR)  Gazzo Veronese				0	0	1		248
R	DVV	DVV3533		2017-09-01		Villa Carrara (VR)  Grezzana				0	0	1		248
R	DVV	DVV3534		2017-09-01		Villa Gazzola (VR)  Grezzana				0	0	1		248
R	DVV	DVV3535		2017-09-01		Villa Gazzola, Salvi, La Colombara (VR)  Grezzana-Colombara				0	0	1		248
R	DVV	DVV3536		2017-09-01		Villa Grigolati (VR)  Grezzana				0	0	1		248
R	DVV	DVV3537		2017-09-01		Villa Anselmi Bercanovich, Nicoli (VR)  Illasi				0	0	1		248
R	DVV	DVV3538		2017-09-01		Corte Casalbergo (VR)  Isola della Scala				0	0	1		248
R	DVV	DVV3539		2017-09-01		Corte Mandello (VR)  Isola della Scala				0	0	1		248
R	DVV	DVV3540		2017-09-01		Corte Padovani (VR)  Isola della Scala				0	0	1		248
R	DVV	DVV3541		2017-09-01		Corte Palazzina (VR)  Isola della Scala				0	0	1		248
R	DVV	DVV3542		2017-09-01		Corte Rivanello (VR)  Isola della Scala				0	0	1		248
R	DVV	DVV3543		2017-09-01		Corte del Monastero di San Zeno, Previdi (VR)  Isola della Scala				0	0	1		248
R	DVV	DVV3544		2017-09-01		Villa Betti, detta La Pioppa (VR)  Legnago				0	0	1		248
R	DVV	DVV3545		2017-09-01		Corte Dona', detta La Marchesa (VR)  Legnago				0	0	1		248
R	DVV	DVV3546		2017-09-01		Corte Dona', Righetti, detta La Concola (VR)  Legnago				0	0	1		248
R	DVV	DVV3547		2017-09-01		Villa Donin (VR)  Legnago				0	0	1		248
R	DVV	DVV3548		2017-09-01		Villa Giannella, Zerbinato, detta dei Santi (VR)  Legnago				0	0	1		248
R	DVV	DVV3549		2017-09-01		Corte Perez-De Berti (VR)  Legnago				0	0	1		248
R	DVV	DVV3550		2017-09-01		Villa Rossato (VR)  Legnago				0	0	1		248
R	DVV	DVV3551		2017-09-01		Corte dominicale Valeri, Moratello, Pesarin (VR)  Legnago				0	0	1		248
R	DVV	DVV3552		2017-09-01		Corte Castellani (VR)  Marano di Valpolicella-Badin				0	0	1		248
R	DVV	DVV3553		2017-09-01		Villa Bighignatus (VR)  Minerbe				0	0	1		248
R	DVV	DVV3554		2017-09-01		Villa Caranzoni, Sandrini (VR)  Mozzecane				0	0	1		248
R	DVV	DVV3555		2017-09-01		Villa Pigari (VR)  Negrar				0	0	1		248
R	DVV	DVV3556		2017-09-01		Villa Spinosa (VR)  Negrar				0	0	1		248
R	DVV	DVV3557		2017-09-01		Corte Nogarole, detta La Rocca (VR)  Nogarole Rocca				0	0	1		248
R	DVV	DVV3558		2017-09-01		Corte Bongiovanni-Mocenigo, Pasti (VR)  Oppeano				0	0	1		248
R	DVV	DVV3559		2017-09-01		Villa Turco, Anti (VR)  Oppeano-Piazza				0	0	1		248
R	DVV	DVV3560		2017-09-01		Villa Avesani (VR)  Pastrengo				0	0	1		248
R	DVV	DVV3561		2017-09-01		Corte Campara (VR)  Pastrengo				0	0	1		248
R	DVV	DVV3562		2017-09-01		Villa Lanari, detta Il Castello (VR)  Pastrengo-Castello				0	0	1		248
R	DVV	DVV3563		2017-09-01		Villa Pizzolari, Bonsaver (VR)  Pastrengo				0	0	1		248
R	DVV	DVV3564		2017-09-01		Villa Randina (VR)  Pastrengo-Randina				0	0	1		248
R	DVV	DVV3565		2017-09-01		Corte Ronzetti (VR)  Pastrengo				0	0	1		248
R	DVV	DVV3566		2017-09-01		Corte Scappini, detta Il Colombaron (VR)  Pastrengo-San Zeno				0	0	1		248
R	DVV	DVV3567		2017-09-01		Palazzo Betteloni (VR)  Pescantina				0	0	1		248
R	DVV	DVV3568		2017-09-01		Villa Giacopini (VR)  Pescantina				0	0	1		248
R	DVV	DVV3569		2017-09-01		Corte La Presa (VR)  Pescantina				0	0	1		248
R	DVV	DVV3570		2017-09-01		Corte Bonente - Gilberti, Tosano (VR)  Roverchiara				0	0	1		248
R	DVV	DVV3571		2017-09-01		Corte dominicale Della Torre - Gazzola, Bersani (VR)  Roverchiara-Villa				0	0	1		248
R	DVV	DVV3572		2017-09-01		Corte Sagramoso, Carli (VR)  Roverchiara				0	0	1		248
R	DVV	DVV3573		2017-09-01		Corte Campagna - Sanzana, Chiaromonte (VR)  Salizzole				0	0	1		248
R	DVV	DVV3574		2017-09-01		Corte Cappella - Guarienti, Masotto (VR)  Salizzole				0	0	1		248
R	DVV	DVV3575		2017-09-01		Corte Cappella, Maggi, Morini (VR)  Salizzole-Casale				0	0	1		248
R	DVV	DVV3576		2017-09-01		Corte Spolverini, Soldi (VR)  Salizzole-Pozza				0	0	1		248
R	DVV	DVV3577		2017-09-01		Corte Stiver-Marinelli, Minozzi (VR)  Salizzole				0	0	1		248
R	DVV	DVV3578		2017-09-01		Corte Turco Scipioni (VR)  Salizzole				0	0	1		248
R	DVV	DVV3579		2017-09-01		Corte Campeto (VR)  San Martino Buon Albergo				0	0	1		248
R	DVV	DVV3580		2017-09-01		Corte Le Ferrazzette (VR)  San Martino Buon Albergo				0	0	1		248
R	DVV	DVV3581		2017-09-01		Villa Fracanzana (VR)  San Martino Buon Albergo				0	0	1		248
R	DVV	DVV3582		2017-09-01		Corte Leoni, detta Il Drago (VR)  San Martino Buon Albergo-Drago				0	0	1		248
R	DVV	DVV3583		2017-09-01		Villa Malanotte (VR)  San Martino Buon Albergo				0	0	1		248
R	DVV	DVV3584		2017-09-01		Corte Mariona (VR)  San Martino Buon Albergo				0	0	1		248
R	DVV	DVV3585		2017-09-01		Brolo Marioni (VR)  San Martino Buon Albergo				0	0	1		248
R	DVV	DVV3586		2017-09-01		Brolo Muselli (VR)  San Martino Buon Albergo				0	0	1		248
R	DVV	DVV3587		2017-09-01		Corte Palu' (VR)  San Martino Buon Albergo-Palu'				0	0	1		248
R	DVV	DVV3588		2017-09-01		Ca' Ponte Pellegrini (VR)  San Martino Buon Albergo				0	0	1		248
R	DVV	DVV3589		2017-09-01		Casa Pozza (VR)  San Martino Buon Albergo-Casa Pozza				0	0	1		248
R	DVV	DVV3590		2017-09-01		Corte Radici (VR)  San Martino Buon Albergo				0	0	1		248
R	DVV	DVV3591		2017-09-01		Corte Vico, detta Falcona (VR)  San Martino Buon Albergo				0	0	1		248
R	DVV	DVV3592		2017-09-01		Corte dominicale Guarienti, Cornale, detta Castello del conte Panico (VR)  San Pietro di Morubio				0	0	1		248
R	DVV	DVV3593		2017-09-01		Villa Loredan-Michiel, Bissaro (VR)  San Pietro di Morubio-Borgo di Bonavicina				0	0	1		248
R	DVV	DVV3594		2017-09-01		Ca' Bianca (VR)  San Pietro in Cariano				0	0	1		248
R	DVV	DVV3595		2017-09-01		Ca' Bianca (VR)  San Pietro in Cariano-Negarine				0	0	1		248
R	DVV	DVV3596		2017-09-01		Villa Caliari (VR)  San Pietro in Cariano				0	0	1		248
R	DVV	DVV3597		2017-09-01		Villa La Cariana (VR)  San Pietro in Cariano				0	0	1		248
R	DVV	DVV3598		2017-09-01		Villa cinquecentesca (VR)  San Pietro in Cariano				0	0	1		248
R	DVV	DVV3599		2017-09-01		Villa Rosina, Buffatti (VR)  San Pietro in Cariano				0	0	1		248
R	DVV	DVV3600		2017-09-01		Villa Rubinelli (VR)  San Pietro in Cariano				0	0	1		248
R	DVV	DVV3601		2017-09-01		Villa Serpini (VR)  San Pietro in Cariano-Negarine				0	0	1		248
R	DVV	DVV3602		2017-09-01		Villa Rinaldi (VR)  Soave				0	0	1		248
R	DVV	DVV3603		2017-09-01		Villa Il Castello (VR)  Sona				0	0	1		248
R	DVV	DVV3604		2017-09-01		Casa Del Longo (VR)  Sona				0	0	1		248
R	DVV	DVV3605		2017-09-01		Palazzo Palazzoli (VR)  Sona				0	0	1		248
R	DVV	DVV3606		2017-09-01		Villa Adele Brizzi (VR)  Terrazzo				0	0	1		248
R	DVV	DVV3607		2017-09-01		Palazzo Tomelleri, Degan (VR)  Terrazzo				0	0	1		248
R	DVV	DVV3608		2017-09-01		Villa Algarotti detta Corte Molon (VR)  Verona				0	0	1		248
R	DVV	DVV3609		2017-09-01		Villa Bertani (VR)  Verona				0	0	1		248
R	DVV	DVV3610		2017-09-01		Villa Da Lisca, Marogna, Mantovani (VR)  Verona				0	0	1		248
R	DVV	DVV3611		2017-09-01		Villa Torri, della Persia (VR)  Verona				0	0	1		248
R	DVV	DVV3612		2017-09-01		Villa Giusti, Puttini (VR)  Verona				0	0	1		248
R	DVV	DVV3613		2017-09-01		Villa La Policanta (VR)  Verona				0	0	1		248
R	DVV	DVV3614		2017-09-01		Corte Martina, Zorzi (VR)  Verona				0	0	1		248
R	DVV	DVV3615		2017-09-01		Villa Moscardo (VR)  Verona				0	0	1		248
R	DVV	DVV3616		2017-09-01		Villa Rossi De Paoli (VR)  Verona				0	0	1		248
R	DVV	DVV3617		2017-09-01		Villa Tagliapietra, Rubinelli, Balini (VR)  Verona				0	0	1		248
R	DVV	DVV3618		2017-09-01		Villa Tobioli (VR)  Verona				0	0	1		248
R	DVV	DVV3619		2017-09-01		Villa Zenatello (Casa di cura Villa Santa Chiara) (VR)  Verona				0	0	1		248
R	DVV	DVV3620		2017-09-01		Villa Zorzi Erbisti Dal Santo (VR)  Villafranca di Verona				0	0	1		248
R	DVV	DVV3621		2017-09-01		Villa Gheltoff, Ferraro, Manfio (VI)  Pove del Grappa				0	0	1		248
R	DVV	DVV3622		2017-09-01		Villa Dona', Zambon (VI)  Costabissara				0	0	1		248
R	DVV	DVV3623		2017-09-01		Villa Rezzadore (VI)  Lonigo				0	0	1		248
R	DVV	DVV3624		2017-09-01		Villa Sangiovanni, Pasetti, Freschi-Sparavieri, Nardi (VI)  Montebello Vicentino				0	0	1		248
R	DVV	DVV3625		2017-09-01		Villa Monza, Tezza-Corra'-Pozza-Siddu (VI)  Dueville				0	0	1		248
R	DVV	DVV3626		2017-09-01		Villa Bombardini, Baggio (VI)  Bassano del Grappa-Margnan				0	0	1		248
R	DVV	DVV3627		2017-09-01		Villa detta in via del Cristo (VI)  Bassano del Grappa				0	0	1		248
R	DVV	DVV3628		2017-09-01		Villa Sesso, Guerra (VI)  Sandrigo				0	0	1		248
R	DVV	DVV3629		2017-09-01		Villa Piva (VI)  Sarcedo				0	0	1		248
R	DVV	DVV3630		2017-09-01		Villa Bruttomesso (VI)  Villaga				0	0	1		248
R	DVV	DVV3631		2017-09-01		Villa Costa, Dell'Asta, Gaidon, Bombardini, Sostero (VI)  Romando d'Ezzelino-Torricelle				0	0	1		248
R	DVV	DVV3632		2017-09-01		Villa Tonello, Savoia, detta Villa Margherita (VI)  Recoaro Terme-Fonti Centrali				0	0	1		248
R	DVV	DVV3633		2017-09-01		Villa Pizzolato-Pancera (VI)  Schio				0	0	1		248
R	DVV	DVV3634		2017-09-01		Villa Bonifacio, Velo, Rossi (VI)  Santorso				0	0	1		248
R	DVV	DVV3635		2017-09-01		Villa Ritter de Zahony, detta Russiz  (GO)  Capriva del Friuli				0	0	1		248
R	DVV	DVV3636		2017-09-01		Castello Rassauer, Torriani, Voelkl, detto La Spessa o Castello di Spessa  (GO)  Capriva del Friuli-Spessa				0	0	1		248
R	DVV	DVV3637		2017-09-01		Villa Bassi (GO)  Cormons-San Rocco				0	0	1		248
R	DVV	DVV3638		2017-09-01		Villa Dianello  (GO)  Cormons				0	0	1		248
R	DVV	DVV3639		2017-09-01		Villa Levi di Farra, Roncada, Mattioni  (GO)  Cormons-Roncada				0	0	1		248
R	DVV	DVV3640		2017-09-01		Villa Feresin  (GO)  Cormons				0	0	1		248
R	DVV	DVV3641		2017-09-01		Villa Locatelli  (GO)  Cormons				0	0	1		248
R	DVV	DVV3642		2017-09-01		Palazzo Locatelli  (GO)  Cormons				0	0	1		248
R	DVV	DVV3643		2017-09-01		Villa Cabassi de Senibus, detta Lucia  (GO)  Cormons				0	0	1		248
R	DVV	DVV3644		2017-09-01		Villa Neuhaus  (GO)  Cormons				0	0	1		248
R	DVV	DVV3645		2017-09-01		Palazzo Tacco', De Blunfeld, Visca, Aita  (GO)  Cormons				0	0	1		248
R	DVV	DVV3646		2017-09-01		Villa Mian  (GO)  Cormons				0	0	1		248
R	DVV	DVV3647		2017-09-01		Villa Strassoldo-Villanova, Baselli, detta Bella Notte  (GO)  Farra d'Isonzo-La Bellanotte				0	0	1		248
R	DVV	DVV3648		2017-09-01		Villa Strassoldo, Peteani, Beretta, Calice (GO)  Farra d'Isonzo				0	0	1		248
R	DVV	DVV3649		2017-09-01		Villa Attems Petzenstein  (GO)  Gorizia				0	0	1		248
R	DVV	DVV3650		2017-09-01		Palazzo Attems Petzenstein, Culot, Birsa, Strukl  (GO)  Gorizia				0	0	1		248
R	DVV	DVV3651		2017-09-01		Villa Attems Santa Croce, della Torre, Ritter de Zahony  (GO)  Gorizia				0	0	1		248
R	DVV	DVV3652		2017-09-01		Villa Ceconi, Loser  (GO)  Gorizia				0	0	1		248
R	DVV	DVV3653		2017-09-01		Villa Zengraf, Strassoldo-Graffemberg, Coronini Cronberg  (GO)  Gorizia				0	0	1		248
R	DVV	DVV3654		2017-09-01		Villa Ritter de Zahony, Brunner  (GO)  Gorizia				0	0	1		248
R	DVV	DVV3655		2017-09-01		Villa Studeniz, Morelli de Schoenfeld, Attems, della Torre Valsassina, de Maffei, Coronini Cronberg, detta Louise (GO)  Gorizia				0	0	1		248
R	DVV	DVV3656		2017-09-01		Villa Teuffenbach, Orzan  (GO)  Gorizia				0	0	1		248
R	DVV	DVV3657		2017-09-01		Villa de Tonello, Engerth Buschbeck, Lenassi Tonali, Crocetti, Gandolfi  (GO)  Gorizia				0	0	1		248
R	DVV	DVV3658		2017-09-01		Villa Baldi di Toscana  (GO)  Medea				0	0	1		248
R	DVV	DVV3659		2017-09-01		Villa De Grazia, della Torre Valsassina  (GO)  Medea				0	0	1		248
R	DVV	DVV3660		2017-09-01		Villa De Grazia, Delmestri, Soddu  (GO)  Medea				0	0	1		248
R	DVV	DVV3661		2017-09-01		Villa Franzoni  (GO)  Medea				0	0	1		248
R	DVV	DVV3662		2017-09-01		Villa Mels Colloredo  (GO)  Medea				0	0	1		248
R	DVV	DVV3663		2017-09-01		Villa Zamagna, Stacul  (GO)  Medea				0	0	1		248
R	DVV	DVV3664		2017-09-01		Villa Cobenzl, Codelli, detta Castello Nuovo  (GO)  Mossa				0	0	1		248
R	DVV	DVV3665		2017-09-01		Villa Candussi, del Torre, detta Casa Pasiani  (GO)  Romans d'Isonzo				0	0	1		248
R	DVV	DVV3666		2017-09-01		Villa de' Claricini, Delpin  (GO)  Romans d'Isonzo				0	0	1		248
R	DVV	DVV3667		2017-09-01		Villa De Lottieri, Casanova, Candussi, del Torre  (GO)  Romans d'Isonzo				0	0	1		248
R	DVV	DVV3668		2017-09-01		Villa Blasig  (GO)  Ronchi dei Legionari				0	0	1		248
R	DVV	DVV3669		2017-09-01		Villa Cappelletti  (GO)  Ronchi dei Legionari				0	0	1		248
R	DVV	DVV3670		2017-09-01		Villa Carlo  (GO)  Ronchi dei Legionari				0	0	1		248
R	DVV	DVV3671		2017-09-01		Villa dei Dottori  (GO)  Ronchi dei Legionari				0	0	1		248
R	DVV	DVV3672		2017-09-01		Villa Stefanutti, Presel, de' Hinke, detta la Montagnola  (GO)  Ronchi dei Legionari				0	0	1		248
R	DVV	DVV3673		2017-09-01		Villa Canussio, Meterc  (GO)  Ronchi dei Legionari				0	0	1		248
R	DVV	DVV3674		2017-09-01		Villa Vicentini, Miniussi  (GO)  Ronchi dei Legionari				0	0	1		248
R	DVV	DVV3675		2017-09-01		Villa Acquaroli, Sospisio  (GO)  Sagrado				0	0	1		248
R	DVV	DVV3676		2017-09-01		Castello Alimonda  (GO)  Sagrado				0	0	1		248
R	DVV	DVV3677		2017-09-01		Villa Strassoldo, della Torre Valsassina - Hohenlohe, detta Castelnuovo  (GO)  Sagrado				0	0	1		248
R	DVV	DVV3678		2017-09-01		Villa Suardo, Kummel de Herdegger  (GO)  Sagrado				0	0	1		248
R	DVV	DVV3679		2017-09-01		Villa Fabris  (GO)  San Canzian d'Isonzo				0	0	1		248
R	DVV	DVV3680		2017-09-01		Villa Settimini, de' Claricini, Clemente  (GO)  San Canzian d'Isonzo				0	0	1		248
R	DVV	DVV3681		2017-09-01		Castello Formentini  (GO)  San Floriano del Collio				0	0	1		248
R	DVV	DVV3682		2017-09-01		Villa Sbruglio, Giulaj, Prandi  (GO)  San Pier d'Isonzo				0	0	1		248
R	DVV	DVV3683		2017-09-01		Castello della Torre, Bianchi di Casalanza, detto Castello di Rubbia  (GO)  Savogna d'Isonzo-Rubbia				0	0	1		248
R	DVV	DVV3684		2017-09-01		Villa Piani, Feruglio  (GO)  Staranzano				0	0	1		248
R	DVV	DVV3685		2017-09-01		Villa Priuli, Folco, Fonda, detta el Palaz  (GO)  Turriaco				0	0	1		248
R	DVV	DVV3686		2017-09-01		Villa Coronini, Ghersiach  (GO)  Villesse				0	0	1		248
R	DVV	DVV3687		2017-09-01		Villa Frommer, Coronini - Defenfeld  (GO)  Gorizia				0	0	1		248
R	DVV	DVV3688		2017-09-01		Villa Bonassi  (PN)  Aviano				0	0	1		248
R	DVV	DVV3689		2017-09-01		Villa Oliva, Trevisan  (PN)  Aviano				0	0	1		248
R	DVV	DVV3690		2017-09-01		Villa Zanussi, Fabris  (PN)  Aviano				0	0	1		248
R	DVV	DVV3691		2017-09-01		Villa Menegozzi - Dian  (PN)  Aviano				0	0	1		248
R	DVV	DVV3692		2017-09-01		Villa Policreti  (PN)  Aviano				0	0	1		248
R	DVV	DVV3693		2017-09-01		Villa Policreti - Fabris  (PN)  Aviano				0	0	1		248
R	DVV	DVV3694		2017-09-01		Villa Campagnutta, detta Casa Perissinotti  (PN)  Azzano Decimo				0	0	1		248
R	DVV	DVV3695		2017-09-01		Villa Cappellari della Colomba, della Torre, Pedrina, Pisani-Santin, Comparin  (PN)  Azzano Decimo				0	0	1		248
R	DVV	DVV3696		2017-09-01		Villa De Paciani  (PN)  Azzano Decimo				0	0	1		248
R	DVV	DVV3697		2017-09-01		Villa Facca - Cacitti  (PN)  Azzano Decimo				0	0	1		248
R	DVV	DVV3698		2017-09-01		Villa Pera  (PN)  Azzano Decimo				0	0	1		248
R	DVV	DVV3699		2017-09-01		Villa Porcia  (PN)  Azzano Decimo				0	0	1		248
R	DVV	DVV3700		2017-09-01		Villa Rosso  (PN)  Azzano Decimo				0	0	1		248
R	DVV	DVV3701		2017-09-01		Villa Norma, Russolo  (PN)  Azzano Decimo				0	0	1		248
R	DVV	DVV3702		2017-09-01		Villa Toffoli  (PN)  Azzano Decimo				0	0	1		248
R	DVV	DVV3703		2017-09-01		Palazzo Centi  (PN)  Barcis				0	0	1		248
R	DVV	DVV3704		2017-09-01		Villa Mazzoleni, Negri, Amalteo, Giacomuzzi Caine, Morpurgo de Nilma, detta Villa Varda  (PN)  Brugnera				0	0	1		248
R	DVV	DVV3705		2017-09-01		Villa Chiaradia, Zancaner Banfi, Sommacal  (PN)  Caneva				0	0	1		248
R	DVV	DVV3706		2017-09-01		Villa De Marchi, Barbieri, Frova, Corner, Posocco  (PN)  Caneva				0	0	1		248
R	DVV	DVV3707		2017-09-01		Villa de Concina, Braida  (PN)  Casarsa della Delizia-Comunali				0	0	1		248
R	DVV	DVV3708		2017-09-01		Villa Polcenigo Fanna, detta Palazat  (PN)  Cavasso Nuovo				0	0	1		248
R	DVV	DVV3709		2017-09-01		Villa Azzano  (PN)  Chions				0	0	1		248
R	DVV	DVV3710		2017-09-01		Villa Cossetti  (PN)  Chions				0	0	1		248
R	DVV	DVV3711		2017-09-01		Villa Metz, Marzola  (PN)  Chions				0	0	1		248
R	DVV	DVV3712		2017-09-01		Villa Missana - Favretti  (PN)  Chions				0	0	1		248
R	DVV	DVV3713		2017-09-01		Villa Morassutti  (PN)  Chions				0	0	1		248
R	DVV	DVV3714		2017-09-01		Villa Perotti  (PN)  Chions				0	0	1		248
R	DVV	DVV3715		2017-09-01		Villa Pitton Pesaro  (PN)  Chions				0	0	1		248
R	DVV	DVV3716		2017-09-01		Villa Sbrojavacca  (PN)  Chions				0	0	1		248
R	DVV	DVV3717		2017-09-01		Villa Zannier, Gerometta  (PN)  Clauzetto-Omenars				0	0	1		248
R	DVV	DVV3718		2017-09-01		Villa Badini, Pasqualini  (PN)  Cordenons-Sclavons				0	0	1		248
R	DVV	DVV3719		2017-09-01		Villa Galvani  (PN)  Cordenons				0	0	1		248
R	DVV	DVV3720		2017-09-01		Villa Agricola (PN)  Cordovado				0	0	1		248
R	DVV	DVV3721		2017-09-01		Villa Ridolfi, Attimis, Freschi di Cuccagna, Piccolomini (PN)  Cordovado				0	0	1		248
R	DVV	DVV3722		2017-09-01		Villa Rodolfi, Bozza, Marrubini, detta Palazzo del Capitanio (PN)  Cordovado				0	0	1		248
R	DVV	DVV3723		2017-09-01		Palazzo Marzin, Cecchini (PN)  Cordovado				0	0	1		248
R	DVV	DVV3724		2017-09-01		Villa del Pino (PN)  Cordovado-Saccudekko				0	0	1		248
R	DVV	DVV3725		2017-09-01		Villa Formentini, Aliprandi, Lena (PN)  Cordovado-Suzzolins				0	0	1		248
R	DVV	DVV3726		2017-09-01		Palazzo Marzin - Mainardi (PN)  Cordovado				0	0	1		248
R	DVV	DVV3727		2017-09-01		Villa Lovisoni, Segalotti (PN)  Cordovado				0	0	1		248
R	DVV	DVV3728		2017-09-01		Villa Soppelsa (PN)  Cordovado-Belvedere				0	0	1		248
R	DVV	DVV3729		2017-09-01		Villa Variola (PN)  Cordovado				0	0	1		248
R	DVV	DVV3730		2017-09-01		Villa Marchi (PN)  Fanna				0	0	1		248
R	DVV	DVV3731		2017-09-01		Villa Chiaradia, Mazzon - Morson (PN)  Fiume Veneto				0	0	1		248
R	DVV	DVV3732		2017-09-01		Villa Pierozan, Zilli (PN)  Fontanafredda				0	0	1		248
R	DVV	DVV3733		2017-09-01		Villa Maniago (PN)  Maniago				0	0	1		248
R	DVV	DVV3734		2017-09-01		Villa Cappello, Tiepolo (PN)  Pasiano di Pordenone				0	0	1		248
R	DVV	DVV3735		2017-09-01		Villa Cavazza, Querini (PN)  Pasiano di Pordenone				0	0	1		248
R	DVV	DVV3736		2017-09-01		Villa Gozzi (PN)  Pasiano di Pordenone				0	0	1		248
R	DVV	DVV3737		2017-09-01		Villa Prata, Montereale, Mantica, Saccomani (PN)  Pasiano di Pordenone				0	0	1		248
R	DVV	DVV3738		2017-09-01		Villa Morpurgo, Laudi (PN)  Pasiano di Pordenone-Sant'Andrea				0	0	1		248
R	DVV	DVV3739		2017-09-01		Villa Panontin (PN)  Pasiano di Pordenone				0	0	1		248
R	DVV	DVV3740		2017-09-01		Villa Chiozza, Luppis, Ricci Luppis (PN)  Pasiano di Pordenone				0	0	1		248
R	DVV	DVV3741		2017-09-01		Castello di Polcenigo, Mez, Chiaradia, Polcenigo, Furlan (PN)  Polcenigo				0	0	1		248
R	DVV	DVV3742		2017-09-01		Villa Correr Dolfin (PN)  Porcia				0	0	1		248
R	DVV	DVV3743		2017-09-01		Villa Gabelli (PN)  Porcia-Rorai Piccolo				0	0	1		248
R	DVV	DVV3744		2017-09-01		Palazzo Gherardini (PN)  Porcia				0	0	1		248
R	DVV	DVV3745		2017-09-01		Villa Porcia (PN)  Porcia				0	0	1		248
R	DVV	DVV3746		2017-09-01		Villa Amman, Carinzia (PN)  Pordenone				0	0	1		248
R	DVV	DVV3747		2017-09-01		Villa Marini, Cattaneo, della Gaspera (PN)  Pordenone				0	0	1		248
R	DVV	DVV3748		2017-09-01		Villa Cattaneo delle Figure (PN)  Pordenone-Dogane				0	0	1		248
R	DVV	DVV3749		2017-09-01		Villa Crede (PN)  Pordenone				0	0	1		248
R	DVV	DVV3750		2017-09-01		Villa Fossati (PN)  Pordenone				0	0	1		248
R	DVV	DVV3751		2017-09-01		Villa Cattaneo Cirielli Barbini  (PN)  Pordenone				0	0	1		248
R	DVV	DVV3752		2017-09-01		Villa Rigutti, Policreti (PN)  Pordenone				0	0	1		248
R	DVV	DVV3753		2017-09-01		Villa Torossi (PN)  Pordenone				0	0	1		248
R	DVV	DVV3754		2017-09-01		Villa Brunetta (PN)  Prata di Pordenone				0	0	1		248
R	DVV	DVV3755		2017-09-01		Villa Centazzo (PN)  Prata di Pordenone				0	0	1		248
R	DVV	DVV3756		2017-09-01		Villa Boarata, Gonzardi, Memmo, Brunetta (PN)  Prata di Pordenone-Prata di Sotto				0	0	1		248
R	DVV	DVV3757		2017-09-01		Villa Zanette (PN)  Prata di Pordenone				0	0	1		248
R	DVV	DVV3758		2017-09-01		Villa Mocenigo, Morocutti (PN)  Pravisdomini				0	0	1		248
R	DVV	DVV3759		2017-09-01		Villa Panigai (PN)  Pravisdomini				0	0	1		248
R	DVV	DVV3760		2017-09-01		Villa Panigai, Ovio (PN)  Pravisdomini-Panigai				0	0	1		248
R	DVV	DVV3761		2017-09-01		Villa Brandolini d'Adda (PN)  Sacile-Vistorta				0	0	1		248
R	DVV	DVV3762		2017-09-01		Palazzo Candiani (PN)  Sacile				0	0	1		248
R	DVV	DVV3763		2017-09-01		Palazzo Carli (PN)  Sacile				0	0	1		248
R	DVV	DVV3764		2017-09-01		Palazzo Ettoreo (PN)  Sacile				0	0	1		248
R	DVV	DVV3765		2017-09-01		Palazzo Ragazzoni, Flangini, Bilia (PN)  Sacile				0	0	1		248
R	DVV	DVV3766		2017-09-01		Villa Sabbadini, Truant (PN)  San Giorgio della Richinvelda				0	0	1		248
R	DVV	DVV3767		2017-09-01		Villa Spilimbergo, Maniago, Attimis, Maniago, Furlan (PN)  San Giorgio della Richinvelda				0	0	1		248
R	DVV	DVV3768		2017-09-01		Villa Spilimbergo-Spanio (PN)  San Giorgio della Richinvelda				0	0	1		248
R	DVV	DVV3769		2017-09-01		Villa Italia, Pozzan (PN)  San Martino al Tagliamento				0	0	1		248
R	DVV	DVV3770		2017-09-01		Villa Partenio, Bernardinis, Pinni (PN)  San Martino al Tagliamento-Sant'Osvaldo				0	0	1		248
R	DVV	DVV3771		2017-09-01		Villa Cattaneo (PN)  San Quirino				0	0	1		248
R	DVV	DVV3772		2017-09-01		Villa Boreana (PN)  San Vito al Tagliamento				0	0	1		248
R	DVV	DVV3773		2017-09-01		Villa Linussio, Altan, Rota da Conturbia, detta Casa Bianca (PN)  San Vito al Tagliamento				0	0	1		248
R	DVV	DVV3774		2017-09-01		Villa Perissinotto (PN)  San Vito al Tagliamento				0	0	1		248
R	DVV	DVV3775		2017-09-01		Palazzo Altan, Panigai, Manzoni, Rota da Conturbia  (PN)  San Vito al Tagliamento-Ca' Bianca				0	0	1		248
R	DVV	DVV3776		2017-09-01		Villa Savorgnan (PN)  Sequals-Lestans di Sequals				0	0	1		248
R	DVV	DVV3777		2017-09-01		Villa Attimis, Freschi, Piccolominii (PN)  Sesto al Reghena				0	0	1		248
R	DVV	DVV3778		2017-09-01		Villa Braida (PN)  Sesto al Reghena				0	0	1		248
R	DVV	DVV3779		2017-09-01		Villa Zanardini, Fabris, Fancello (PN)  Sesto al Reghena				0	0	1		248
R	DVV	DVV3780		2017-09-01		Villa Spilimbergo, Andervolti, Marzotto (PN)  Spilimbergo				0	0	1		248
R	DVV	DVV3781		2017-09-01		Villa Spilimbergo di Sopra (PN)  Spilimbergo				0	0	1		248
R	DVV	DVV3782		2017-09-01		Palazzo Toppo - Wassermann (PN)  Travesio				0	0	1		248
R	DVV	DVV3783		2017-09-01		Villa Cigolotti, Miniscalco, Cristofori (PN)  Vivaro-Basaldella				0	0	1		248
R	DVV	DVV3784		2017-09-01		Villa Panciera, Costantini (PN)  Zoppola				0	0	1		248
R	DVV	DVV3785		2017-09-01		Villa Attimis Maniago (PN)  Maniago				0	0	1		248
R	DVV	DVV3786		2017-09-01		Villa Leoni, Pecile (PN)  San Giorgio della Richinvelda				0	0	1		248
R	DVV	DVV3787		2017-09-01		Castello di Valvasone (PN)  Valvasone-Borgo di Sant'Antonio				0	0	1		248
R	DVV	DVV3788		2017-09-01		Castello di Spilimbergo (PN)  Spilimbergo				0	0	1		248
R	DVV	DVV3789		2017-09-01		Villa Tiani (PN)  Montereale Valcellina				0	0	1		248
R	DVV	DVV3790		2017-09-01		Palazzo Torriani, Bolzano  (PN)  Morsano al Tagliamento-Bolzano				0	0	1		248
R	DVV	DVV3791		2017-09-01		Villa Vianello (PN)  Montereale Valcellina				0	0	1		248
R	DVV	DVV3792		2017-09-01		Villa Maniago, Bocchese  (PN)  Vivaro				0	0	1		248
R	DVV	DVV3793		2017-09-01		Villa Menegozzi, Brazzoduro  (PN)  Aviano				0	0	1		248
R	DVV	DVV3794		2017-09-01		Palazzo dei conti di Porcia  (PN)  Brugnera				0	0	1		248
R	DVV	DVV3795		2017-09-01		Villa Polcenigo, Ardit - Tuniz  (PN)  Cavasso Nuovo				0	0	1		248
R	DVV	DVV3796		2017-09-01		Villa Cigolotti (PN)  Montereale Valcellina				0	0	1		248
R	DVV	DVV3797		2017-09-01		Villa Frattina (PN)  Morsano al Tagliamento				0	0	1		248
R	DVV	DVV3798		2017-09-01		Palazzo Caporiacco, Montelongo, Duino, Grotto, Giraldi (PN)  Morsano al Tagliamento				0	0	1		248
R	DVV	DVV3799		2017-09-01		Villa Madrisio, Sabbadini, Spagnol (PN)  San Giorgio della Richinvelda				0	0	1		248
R	DVV	DVV3800		2017-09-01		Palazzo Marin (PN)  Morsano al Tagliamento				0	0	1		248
R	DVV	DVV3801		2017-09-01		Palazzo Martina Indri (PN)  Spilimbergo				0	0	1		248
R	DVV	DVV3802		2017-09-01		Villa Cornaro - Zucco, Giannini (UD)  Aiello del Friuli				0	0	1		248
R	DVV	DVV3803		2017-09-01		Villa de Fin - Teuffenbach (UD)  Aiello del Friuli				0	0	1		248
R	DVV	DVV3804		2017-09-01		Villa Michieli - Zamparini (UD)  Aiello del Friuli				0	0	1		248
R	DVV	DVV3805		2017-09-01		Villa Peteani - Steinberg, d'Attems (UD)  Aiello del Friuli				0	0	1		248
R	DVV	DVV3806		2017-09-01		Villa Pinat, de Fiori, detta Torraccia (UD)  Aiello del Friuli				0	0	1		248
R	DVV	DVV3807		2017-09-01		Villa Strassoldo, Chiarmazzis, Parisi, Sabot (UD)  Aiello del Friuli				0	0	1		248
R	DVV	DVV3808		2017-09-01		Villa Strassoldo, Soffunbergo, Frangipane (UD)  Aiello del Friuli				0	0	1		248
R	DVV	DVV3809		2017-09-01		Villa Hoffer della Torre Valsassina, Cassis Faraone, Ritter de Zahony (UD)  Aquileia-Monastero				0	0	1		248
R	DVV	DVV3810		2017-09-01		Villa Savorgnan, Colloredo Mels, Pasi Fior (UD)  Aquileia				0	0	1		248
R	DVV	DVV3811		2017-09-01		Villa d'Attimis, Strassoldo Soffumbergo, Giordano (UD)  Attimis				0	0	1		248
R	DVV	DVV3812		2017-09-01		Villa Antonini, Dessy (UD)  Bagnaria Arsa				0	0	1		248
R	DVV	DVV3813		2017-09-01		Villa Orgnani, Minuttolo (UD)  Bagnaria Arsa				0	0	1		248
R	DVV	DVV3814		2017-09-01		Villa Zamparo, Fabris (UD)  Basiliano				0	0	1		248
R	DVV	DVV3815		2017-09-01		Villa della Torre, Colloredo, Venier (UD)  Bertiolo				0	0	1		248
R	DVV	DVV3816		2017-09-01		Villa Dorta, Venerio (UD)  Bicinicco				0	0	1		248
R	DVV	DVV3817		2017-09-01		Villa Barnaba (UD)  Buja-Santo Stefano				0	0	1		248
R	DVV	DVV3818		2017-09-01		Villa Bartolini, Caimo, Florio, Dragoni, Danieli (UD)  Buttrio				0	0	1		248
R	DVV	DVV3819		2017-09-01		Villa Busolini (UD)  Buttrio				0	0	1		248
R	DVV	DVV3820		2017-09-01		Villa Danieli (UD)  Buttrio				0	0	1		248
R	DVV	DVV3821		2017-09-01		Villa d'Attimis Maniago Marchio' (UD)  Buttrio				0	0	1		248
R	DVV	DVV3822		2017-09-01		Villa Billia de Concina, dell'Asta (UD)  Buttrio				0	0	1		248
R	DVV	DVV3823		2017-09-01		Villa de Portis, Varmo, Morpurgo, Vidoni, Felluga (UD)  Buttrio				0	0	1		248
R	DVV	DVV3824		2017-09-01		Ca' di Prampero, Trento (UD)  Buttrio-Camino				0	0	1		248
R	DVV	DVV3825		2017-09-01		Villa Toppo, Florio (UD)  Buttrio				0	0	1		248
R	DVV	DVV3826		2017-09-01		Villa Linussio (UD)  Buttrio				0	0	1		248
R	DVV	DVV3827		2017-09-01		Villa Peruzzi (UD)  Buttrio				0	0	1		248
R	DVV	DVV3828		2017-09-01		Villa Sbrojavacca, Garzolini, Renati (UD)  Buttrio				0	0	1		248
R	DVV	DVV3829		2017-09-01		Villa Tellini, detta Belvedere (UD)  Buttrio				0	0	1		248
R	DVV	DVV3830		2017-09-01		Villa Tomasoni, Todone (UD)  Buttrio				0	0	1		248
R	DVV	DVV3831		2017-09-01		Casa secolare delle Zitelle (UD)  Buttrio				0	0	1		248
R	DVV	DVV3832		2017-09-01		Villa Giavedoni (UD)  Camino al Tagliamento				0	0	1		248
R	DVV	DVV3833		2017-09-01		Palazzo Luccardi (UD)  Camino al Tagliamento				0	0	1		248
R	DVV	DVV3834		2017-09-01		Villa Savorgnan, Minciotti (UD)  Camino al Tagliamento				0	0	1		248
R	DVV	DVV3835		2017-09-01		Villa Stroili (UD)  Camino al Tagliamento				0	0	1		248
R	DVV	DVV3836		2017-09-01		Villa Antonini, Brunner, Krcivoy (UD)  Campolongo Tapogliano-Cavenzano				0	0	1		248
R	DVV	DVV3837		2017-09-01		Villa Concina (UD)  Campolongo Tapogliano-Cavenzano				0	0	1		248
R	DVV	DVV3838		2017-09-01		Villa Toppo Wasserman, Marcotti, Chiozza (UD)  Campolongo Tapogliano				0	0	1		248
R	DVV	DVV3839		2017-09-01		Villa Gallici, Deciani  (UD)  Cassacco				0	0	1		248
R	DVV	DVV3840		2017-09-01		Villa Deganis, Jonico (UD)  Castion di Strada				0	0	1		248
R	DVV	DVV3841		2017-09-01		Villa Fedele, Nascig, detta Pra' di Corte (UD)  Corno di Rosazzo				0	0	1		248
R	DVV	DVV3842		2017-09-01		Villa Bresciani, Peteani, Attems Petzenstein, Auersperg (UD)  Cervignano del Friuli				0	0	1		248
R	DVV	DVV3843		2017-09-01		Villa Bolani, Bortolotto Sarcinelli (UD)  Cervignano del Friuli				0	0	1		248
R	DVV	DVV3844		2017-09-01		Palazzo de Molina (UD)  Cervignano del Friuli				0	0	1		248
R	DVV	DVV3845		2017-09-01		Villa de Obizzi, Lanzone (UD)  Cervignano del Friuli				0	0	1		248
R	DVV	DVV3846		2017-09-01		Villa Albini, Petrucco (UD)  Cervignano del Friuli				0	0	1		248
R	DVV	DVV3847		2017-09-01		Villa Strassoldo Chiasottis, Strassoldo Graffemberg, Kuhn von Kuhnenfeld, Vitas (UD)  Cervignano del Friuli				0	0	1		248
R	DVV	DVV3848		2017-09-01		Castello Strassoldo, detto Castello di Sopra (UD)  Cervignano del Friuli				0	0	1		248
R	DVV	DVV3849		2017-09-01		Castello Strassoldo, detto Castello di Sotto (UD)  Cervignano del Friuli				0	0	1		248
R	DVV	DVV3850		2017-09-01		Villa Cozzarolo (UD)  Cividale del Friuli				0	0	1		248
R	DVV	DVV3851		2017-09-01		Villa Boiani, de Rubeis, Rubini (UD)  Cividale del Friuli				0	0	1		248
R	DVV	DVV3852		2017-09-01		Villa Foramitti, Moro (UD)  Cividale del Friuli				0	0	1		248
R	DVV	DVV3853		2017-09-01		Villa Galluzzi Zorzettig (UD)  Cividale del Friuli				0	0	1		248
R	DVV	DVV3854		2017-09-01		Villa Colloredo Mels  (UD)  Codroipo				0	0	1		248
R	DVV	DVV3855		2017-09-01		Villa Manin (UD)  Codroipo-Passariano				0	0	1		248
R	DVV	DVV3856		2017-09-01		Villa Manin, Miniscalchi, Kechler (UD)  Codroipo				0	0	1		248
R	DVV	DVV3857		2017-09-01		Villa Susanna, Bertoli, Marchettano Granzotto (UD)  Codroipo				0	0	1		248
R	DVV	DVV3858		2017-09-01		Villa Stroili, Brandis, Dorigo, Clerici, Rota Badoglio, Bernardi, di Tommaso (UD)  Codroipo				0	0	1		248
R	DVV	DVV3859		2017-09-01		Castello di Colloredo di Monte Albano (UD)  Colloredo di Monte Albano				0	0	1		248
R	DVV	DVV3860		2017-09-01		Villa Cabassi (UD)  Corno di Rosazzo				0	0	1		248
R	DVV	DVV3861		2017-09-01		Villa Zucco di Cucagna, Catamario di Quadri, Torriani, Collavini, detta il Turian (UD)  Corno di Rosazzo				0	0	1		248
R	DVV	DVV3862		2017-09-01		Villa Trento (UD)  Corno di Rosazzo				0	0	1		248
R	DVV	DVV3863		2017-09-01		Villa Soffumbergo, Strassoldo, Foramitti, Accordini (UD)  Faedis				0	0	1		248
R	DVV	DVV3864		2017-09-01		Villa de Pace (UD)  Faedis				0	0	1		248
R	DVV	DVV3865		2017-09-01		Villa Freschi di Cucagna (UD)  Faedis				0	0	1		248
R	DVV	DVV3866		2017-09-01		Villa Partistagno, Cattaruzzi (UD)  Faedis				0	0	1		248
R	DVV	DVV3867		2017-09-01		Villa Strassoldo, Soffumbergo, Panciera, Accordini (UD)  Faedis				0	0	1		248
R	DVV	DVV3868		2017-09-01		Villa Orgnani, Deciani (UD)  Fagagna				0	0	1		248
R	DVV	DVV3869		2017-09-01		Villa Pecile (UD)  Fagagna				0	0	1		248
R	DVV	DVV3870		2017-09-01		Castello di Villalta, della Torre, Storti, Pecile, Preindl, Tasso de Saxe Coburgo e Braganca (UD)  Fagagna-Villalta				0	0	1		248
R	DVV	DVV3871		2017-09-01		Villa Andriani, Michieli, Lucas (UD)  Fiumicello				0	0	1		248
R	DVV	DVV3872		2017-09-01		Villa Peteani, Della Noce, Rigatti (UD)  Fiumicello				0	0	1		248
R	DVV	DVV3873		2017-09-01		Villa Stabile de Sailmberg, de Goriup, de Franzoni (UD)  Fiumicello-Sant'Antonio				0	0	1		248
R	DVV	DVV3874		2017-09-01		Villa Masolini, Marangoni (UD)  Flaibano-Sant'Odorico				0	0	1		248
R	DVV	DVV3875		2017-09-01		Villa Fabris, Campiutti, Vianello, Capitanio (UD)  Gonars				0	0	1		248
R	DVV	DVV3876		2017-09-01		Villa Busolini (UD)  Lestizza				0	0	1		248
R	DVV	DVV3877		2017-09-01		Villa Fabris (UD)  Lestizza				0	0	1		248
R	DVV	DVV3878		2017-09-01		Villa Trigatti, Michieli, Prevedello, Zamaro (UD)  Lestizza				0	0	1		248
R	DVV	DVV3879		2017-09-01		Villa Trigatti (UD)  Lestizza				0	0	1		248
R	DVV	DVV3880		2017-09-01		Castello di Prampero (UD)  Magnano in Riviera				0	0	1		248
R	DVV	DVV3881		2017-09-01		Villa Colloredo Mels, Formentini (UD)  Majano				0	0	1		248
R	DVV	DVV3882		2017-09-01		Palazzo Matz, Paul, von Nagerschikh, Canal, detto Palazzo veneziano (UD)  Malborghetto-Valbruna				0	0	1		248
R	DVV	DVV3883		2017-09-01		Palazzo Braida (UD)  Manzano				0	0	1		248
R	DVV	DVV3884		2017-09-01		Villa Beretta, Codelli (UD)  Manzano				0	0	1		248
R	DVV	DVV3885		2017-09-01		Casa-Forte Deciani (UD)  Manzano-Case				0	0	1		248
R	DVV	DVV3886		2017-09-01		Villa Antonini, de Marchi, detta Turris rosacea (UD)  Manzano-Poggiobello				0	0	1		248
R	DVV	DVV3887		2017-09-01		Villa de Marchi, Ottelio, Papafava, de Carvalho (UD)  Manzano				0	0	1		248
R	DVV	DVV3888		2017-09-01		Villa Maseri (UD)  Manzano-Poggiobello				0	0	1		248
R	DVV	DVV3889		2017-09-01		Villa Michelloni (UD)  Manzano				0	0	1		248
R	DVV	DVV3890		2017-09-01		Villa de Piccoli, Savorgnan di Brazza', Martinengo (UD)  Manzano				0	0	1		248
R	DVV	DVV3891		2017-09-01		Villa Piva, Cebba (UD)  Manzano				0	0	1		248
R	DVV	DVV3892		2017-09-01		Villa Romano (UD)  Manzano				0	0	1		248
R	DVV	DVV3893		2017-09-01		Villa Trento, Beria di Sale d'Argentina (UD)  Manzano				0	0	1		248
R	DVV	DVV3894		2017-09-01		Villa Trusgnach (UD)  Manzano				0	0	1		248
R	DVV	DVV3895		2017-09-01		Villa Morson, Asquini, Mauro (UD)  Martignacco				0	0	1		248
R	DVV	DVV3896		2017-09-01		Villa Deciani (UD)  Martignacco				0	0	1		248
R	DVV	DVV3897		2017-09-01		Villa del Torso, Alberghetti, Ermacora (UD)  Martignacco				0	0	1		248
R	DVV	DVV3898		2017-09-01		Villa del Torso, Mantica, Strassoldo, Totis (UD)  Martignacco-Faugnacco				0	0	1		248
R	DVV	DVV3899		2017-09-01		Villa di Prampero (UD)  Martignacco-Torreano				0	0	1		248
R	DVV	DVV3900		2017-09-01		Villa Italia (UD)  Martignacco				0	0	1		248
R	DVV	DVV3901		2017-09-01		Villa Antonini, Marconi, Beretta (UD)  Martignacco				0	0	1		248
R	DVV	DVV3902		2017-09-01		Villa Orgnani (UD)  Martignacco				0	0	1		248
R	DVV	DVV3903		2017-09-01		Villa Someda de Marco (UD)  Martignacco				0	0	1		248
R	DVV	DVV3904		2017-09-01		Villa Deciani, Stringher (UD)  Martignacco				0	0	1		248
R	DVV	DVV3905		2017-09-01		Villa Deciani, Zanini (UD)  Martignacco				0	0	1		248
R	DVV	DVV3906		2017-09-01		Villa de' Claricini Dornpacher (UD)  Moimacco				0	0	1		248
R	DVV	DVV3907		2017-09-01		Villa de' Puppi (UD)  Moimacco				0	0	1		248
R	DVV	DVV3908		2017-09-01		Villa Chiaruttini, de Cecco (UD)  Mortegliano				0	0	1		248
R	DVV	DVV3909		2017-09-01		Villa Colloredo, Bossi (UD)  Mortegliano				0	0	1		248
R	DVV	DVV3910		2017-09-01		Villa Varmo (UD)  Mortegliano				0	0	1		248
R	DVV	DVV3911		2017-09-01		Villa Savorgnan di Brazza', del Torso Amodio (UD)  Moruzzo-Villa del Torso Amodio				0	0	1		248
R	DVV	DVV3912		2017-09-01		Villa Manin, Antonini (UD)  Moruzzo				0	0	1		248
R	DVV	DVV3913		2017-09-01		Castello di Moruzzo (UD)  Moruzzo				0	0	1		248
R	DVV	DVV3914		2017-09-01		Villa Perabo', della Savia (UD)  Moruzzo				0	0	1		248
R	DVV	DVV3915		2017-09-01		Villa Savorgnan di Brazza', Pirzio Biroli (UD)  Moruzzo-Borgo Treppo				0	0	1		248
R	DVV	DVV3916		2017-09-01		Villa Savorgnan di Brazza' (UD)  Moruzzo - Brazzacco				0	0	1		248
R	DVV	DVV3917		2017-09-01		Villa Tacoli (UD)  Moruzzo				0	0	1		248
R	DVV	DVV3918		2017-09-01		Villa Colombatti, Bruni (UD)  Pagnacco-Castellerio				0	0	1		248
R	DVV	DVV3919		2017-09-01		Villa Fantoni (UD)  Pagnacco				0	0	1		248
R	DVV	DVV3920		2017-09-01		Castello di Fontanabona (UD)  Pagnacco-Fontanabona				0	0	1		248
R	DVV	DVV3921		2017-09-01		Villa Gennari (UD)  Pagnacco				0	0	1		248
R	DVV	DVV3922		2017-09-01		Villa Orgnani, Linda (UD)  Pagnacco				0	0	1		248
R	DVV	DVV3923		2017-09-01		Villa Savorgnan Cergneu di Brazza' (UD)  Pagnacco				0	0	1		248
R	DVV	DVV3924		2017-09-01		Villa Ferrari (UD)  Palazzolo dello Stella-Modeano				0	0	1		248
R	DVV	DVV3925		2017-09-01		Villa Agricola, Pighin (UD)  Pavia di Udine				0	0	1		248
R	DVV	DVV3926		2017-09-01		Villa Beretta (UD)  Pavia di Udine				0	0	1		248
R	DVV	DVV3927		2017-09-01		Villa Brida (UD)  Pavia di Udine				0	0	1		248
R	DVV	DVV3928		2017-09-01		Villa Caiselli, Carlutti (UD)  Pavia di Udine				0	0	1		248
R	DVV	DVV3929		2017-09-01		Villa Cicogna (UD)  Pavia di Udine				0	0	1		248
R	DVV	DVV3930		2017-09-01		Villa de Bernardo (UD)  Pavia di Udine				0	0	1		248
R	DVV	DVV3931		2017-09-01		Villa Deciani (UD)  Pavia di Udine				0	0	1		248
R	DVV	DVV3932		2017-09-01		Villa de Franceschi (UD)  Pavia di Udine				0	0	1		248
R	DVV	DVV3933		2017-09-01		Villa della Porta, Kechler, Dorigo (UD)  Pavia di Udine				0	0	1		248
R	DVV	DVV3934		2017-09-01		Villa della Savia (UD)  Pavia di Udine				0	0	1		248
R	DVV	DVV3935		2017-09-01		Villa de Pace (UD)  Pavia di Udine				0	0	1		248
R	DVV	DVV3936		2017-09-01		Villa Florio (UD)  Pavia di Udine				0	0	1		248
R	DVV	DVV3937		2017-09-01		Villa Frattina, Caiselli (UD)  Pavia di Udine				0	0	1		248
R	DVV	DVV3938		2017-09-01		Villa Kechler (UD)  Pavia di Udine				0	0	1		248
R	DVV	DVV3939		2017-09-01		Villa Lovaria (UD)  Pavia di Udine				0	0	1		248
R	DVV	DVV3940		2017-09-01		Villa Marchesi, Savorgnan della Bandiera, Mantica Frangipane (UD)  Pavia di Udine				0	0	1		248
R	DVV	DVV3941		2017-09-01		Villa Matelloni (UD)  Pavia di Udine				0	0	1		248
R	DVV	DVV3942		2017-09-01		Villa Beretta di Porcia e Brugnera (UD)  Pavia di Udine				0	0	1		248
R	DVV	DVV3943		2017-09-01		Villa Carli, Pozzo (UD)  Pavia di Udine				0	0	1		248
R	DVV	DVV3944		2017-09-01		Villa Strassoldo (UD)  Pavia di Udine				0	0	1		248
R	DVV	DVV3945		2017-09-01		Villa Caratti, Fraccaroli (UD)  Pocenia				0	0	1		248
R	DVV	DVV3946		2017-09-01		Villa Michieli, Fantini (UD)  Pocenia				0	0	1		248
R	DVV	DVV3947		2017-09-01		Palazzo Frangipane (UD)  Porpetto				0	0	1		248
R	DVV	DVV3948		2017-09-01		Villa Belgrado, Coren, Cecioni (UD)  Povoletto-Siacco				0	0	1		248
R	DVV	DVV3949		2017-09-01		Villa Di Lenna, Mangilli (UD)  Povoletto-Savorgnano				0	0	1		248
R	DVV	DVV3950		2017-09-01		Villa Mangilli, Schubert (UD)  Povoletto				0	0	1		248
R	DVV	DVV3951		2017-09-01		Villa Alpruni, Antivari, Mangilli Lampertico, Zanardi Landi (UD)  Povoletto				0	0	1		248
R	DVV	DVV3952		2017-09-01		Villa Partistagno, detta domus magna (UD)  Povoletto				0	0	1		248
R	DVV	DVV3953		2017-09-01		Villa Roselli della Rovere (UD)  Povoletto				0	0	1		248
R	DVV	DVV3954		2017-09-01		Villa Savorgnan (UD)  Povoletto				0	0	1		248
R	DVV	DVV3955		2017-09-01		Villa Bresciani, Taboga (UD)  Pozzuolo del Friuli-Borgo di Sopra				0	0	1		248
R	DVV	DVV3956		2017-09-01		Villa Candussio (UD)  Pozzuolo del Friuli				0	0	1		248
R	DVV	DVV3957		2017-09-01		Villa Treo, Sabbadini (UD)  Pozzuolo del Friuli				0	0	1		248
R	DVV	DVV3958		2017-09-01		Villa Savorgnan della Bandiera, Moro, Job (UD)  Pozzuolo del Friuli				0	0	1		248
R	DVV	DVV3959		2017-09-01		Villa Masotti (UD)  Pozzuolo del Friuli				0	0	1		248
R	DVV	DVV3960		2017-09-01		Villa Caimo, Merlo, Dragoni, Giacomelli, Savoia (UD)  Pradamano				0	0	1		248
R	DVV	DVV3961		2017-09-01		Villa Giacomelli  (UD)  Pradamano				0	0	1		248
R	DVV	DVV3962		2017-09-01		Villa Pertoldi (UD)  Pradamano				0	0	1		248
R	DVV	DVV3963		2017-09-01		Villa Piani (UD)  Pradamano				0	0	1		248
R	DVV	DVV3964		2017-09-01		Villa Ottelio (UD)  Pradamano				0	0	1		248
R	DVV	DVV3965		2017-09-01		Villa Valvason Maniago, detta Rocca Bernarda (UD)  Premariacco-Rocca Bernarda				0	0	1		248
R	DVV	DVV3966		2017-09-01		Villa Caiselli (UD)  Reana del Rojale				0	0	1		248
R	DVV	DVV3967		2017-09-01		Villa Pividori (UD)  Reana del Rojale				0	0	1		248
R	DVV	DVV3968		2017-09-01		Villa Pasini Vianelli, Bacchetti (UD)  Remanzacco-Pasini Vianelli				0	0	1		248
R	DVV	DVV3969		2017-09-01		Villa della Torre Valsassina (UD)  Remanzacco				0	0	1		248
R	DVV	DVV3970		2017-09-01		Villa Laura, Marzuttini (UD)  Remanzacco				0	0	1		248
R	DVV	DVV3971		2017-09-01		Villa Marsura (UD)  Remanzacco				0	0	1		248
R	DVV	DVV3972		2017-09-01		Villa Brunelleschi, Zoccolari (UD)  Remanzacco				0	0	1		248
R	DVV	DVV3973		2017-09-01		Villa Belgrado, Romanelli (UD)  Rivignano				0	0	1		248
R	DVV	DVV3974		2017-09-01		Villa Codroipo, Rota, Badoglio (UD)  Rivignano-Flambruzzo				0	0	1		248
R	DVV	DVV3975		2017-09-01		Villa Wrusperg, Savorgnan, Ottelio (UD)  Rivignano				0	0	1		248
R	DVV	DVV3976		2017-09-01		Villa Barbarigo, de Asarta, Kechler (UD)  Ronchis-Fraforeano				0	0	1		248
R	DVV	DVV3977		2017-09-01		Villa Antonini (UD)  Ruda				0	0	1		248
R	DVV	DVV3978		2017-09-01		Villa Antonini, Belgrado (UD)  Ruda				0	0	1		248
R	DVV	DVV3979		2017-09-01		Villa Antonini, Roma, Salem, d'Angeri Pilo di Boyl (UD)  Ruda				0	0	1		248
R	DVV	DVV3980		2017-09-01		Villa Perotti, Chiozza, Bonaparte Baciocchi, Ciardi, detta Commenda (UD)  Ruda				0	0	1		248
R	DVV	DVV3981		2017-09-01		Villa Iachia (UD)  Ruda				0	0	1		248
R	DVV	DVV3982		2017-09-01		Villa Susanna, Gutmann (UD)  Ruda				0	0	1		248
R	DVV	DVV3983		2017-09-01		Villa Valvasone, Varmo, Masetti Zannini de Concina (UD)  San Daniele del Friuli				0	0	1		248
R	DVV	DVV3984		2017-09-01		Villa de Concina, Ticozzi (UD)  San Daniele del Friuli				0	0	1		248
R	DVV	DVV3985		2017-09-01		Villa Novelli, Andriani, Canciani-Celotti, Dora (UD)  San Giorgio di Nogaro				0	0	1		248
R	DVV	DVV3986		2017-09-01		Villa Althesty, Vucetich-Bieliz (UD)  San Giorgio di Nogaro				0	0	1		248
R	DVV	DVV3987		2017-09-01		Villa Bigozzi (UD)  San Giovanni al Natisone				0	0	1		248
R	DVV	DVV3988		2017-09-01		Villa Bonessa (UD)  San Giovanni al Natisone				0	0	1		248
R	DVV	DVV3989		2017-09-01		Villa de Brandis (UD)  San Giovanni al Natisone				0	0	1		248
R	DVV	DVV3990		2017-09-01		Villa de Puppi, de Carvalho de Moraes de Puppi (UD)  San Giovanni al Natisone				0	0	1		248
R	DVV	DVV3991		2017-09-01		Villa de Puppi (UD)  San Giovanni al Natisone				0	0	1		248
R	DVV	DVV3992		2017-09-01		Villa Trento (UD)  San Giovanni al Natisone				0	0	1		248
R	DVV	DVV3993		2017-09-01		Villa Agricola, Strassoldo, del Torso (UD)  Santa Maria la Longa				0	0	1		248
R	DVV	DVV3994		2017-09-01		Villa Bearzi (UD)  Santa Maria la Longa				0	0	1		248
R	DVV	DVV3995		2017-09-01		Villa Sassi, Valentinis, Brazza', Frangipane, Gortani (UD)  Santa Maria la Longa				0	0	1		248
R	DVV	DVV3996		2017-09-01		Villa Raimondi (UD)  Santa Maria la Longa				0	0	1		248
R	DVV	DVV3997		2017-09-01		Villa Costantini Scala (UD)  Santa Maria la Longa				0	0	1		248
R	DVV	DVV3998		2017-09-01		Villa Vintani (UD)  Santa Maria la Longa				0	0	1		248
R	DVV	DVV3999		2017-09-01		Villa Mauroner (UD)  Santa Maria la Longa				0	0	1		248
R	DVV	DVV4000		2017-09-01		Villa Valentinis, Morelli de Rossi (UD)  Santa Maria la Longa				0	0	1		248
R	DVV	DVV4001		2017-09-01		Villa Gorgo, Maniago (UD)  San Vito al Torre				0	0	1		248
R	DVV	DVV4002		2017-09-01		Villa Marcon (UD)  San Vito al Torre				0	0	1		248
R	DVV	DVV4003		2017-09-01		Villa Stefaneo, Pinzani, Roncato (UD)  San Vito al Torre				0	0	1		248
R	DVV	DVV4004		2017-09-01		Villa Micoli, Papafava dei Carresi, Colloredo Mels, d'Orlandi (UD)  San Vito di Fagagna				0	0	1		248
R	DVV	DVV4005		2017-09-01		Villa Mangilli (UD)  Talmassons				0	0	1		248
R	DVV	DVV4006		2017-09-01		Villa Savorgnan  (UD)  Talmassons				0	0	1		248
R	DVV	DVV4007		2017-09-01		Villa de Pace, Strassoldo (UD)  Campolongo Tapogliano-Tapogliano				0	0	1		248
R	DVV	DVV4008		2017-09-01		Villa Frangipane, di Prampero, Angeli (UD)  Tarcento				0	0	1		248
R	DVV	DVV4009		2017-09-01		Villa Frangipane, de Rubeis, Florit (UD)  Tarcento				0	0	1		248
R	DVV	DVV4010		2017-09-01		Palazzo Frangipane, detto della Rotonda (UD)  Tarcento				0	0	1		248
R	DVV	DVV4011		2017-09-01		Villa Liruti (UD)  Tarcento-Villafredda				0	0	1		248
R	DVV	DVV4012		2017-09-01		Villa Frangipane, Pontoni, detta il Palazat (UD)  Tarcento				0	0	1		248
R	DVV	DVV4013		2017-09-01		Villa di Prampero (UD)  Tavagnacco				0	0	1		248
R	DVV	DVV4014		2017-09-01		Villa Mazzarola, Zanello (UD)  Teor				0	0	1		248
R	DVV	DVV4015		2017-09-01		Villa Savorgnan Milocco (UD)  Teor				0	0	1		248
R	DVV	DVV4016		2017-09-01		Villa Strassoldo, Panciera di Zoppola Gambara, Comisso (UD)  Teor				0	0	1		248
R	DVV	DVV4017		2017-09-01		Villa Sopracasa (UD)  Terzo d'Aquileia				0	0	1		248
R	DVV	DVV4018		2017-09-01		Villa della Torre, Maisano, detta Corte nuova (UD)  Torreano-Zucco				0	0	1		248
R	DVV	DVV4019		2017-09-01		Villa Volpe Pasini (UD)  Torreano				0	0	1		248
R	DVV	DVV4020		2017-09-01		Villa Zanolli (UD)  Torreano				0	0	1		248
R	DVV	DVV4021		2017-09-01		Villa Asquini (UD)  Tricesimo				0	0	1		248
R	DVV	DVV4022		2017-09-01		Villa Antonini, Cernazai, Cantoni, Rizzani, Nalon, Trevisiol (UD)  Tricesimo-Borgo Tami				0	0	1		248
R	DVV	DVV4023		2017-09-01		Villa Valentinis, Franchi, Cappellari (UD)  Tricesimo				0	0	1		248
R	DVV	DVV4024		2017-09-01		Villa Folli Tacelli, Martina, Orgnani (UD)  Tricesimo				0	0	1		248
R	DVV	DVV4025		2017-09-01		Villa Miotti de Brayda (UD)  Tricesimo				0	0	1		248
R	DVV	DVV4026		2017-09-01		Villa Vanzetti, Pennato, Chizzola (UD)  Tricesimo				0	0	1		248
R	DVV	DVV4027		2017-09-01		Villa de Rubeis, Candidi, Orgnani Martina, Masieri (UD)  Tricesimo				0	0	1		248
R	DVV	DVV4028		2017-09-01		Villa Sbroiavacca, Costantini (UD)  Tricesimo				0	0	1		248
R	DVV	DVV4029		2017-09-01		Villa Tartagna, Michieli Zignoni, Colla, Benedetti - Esente, detta Isabella (UD)  Tricesimo				0	0	1		248
R	DVV	DVV4030		2017-09-01		Villa di Prampero, di Montegnacco, Valentinis (UD)  Tricesimo				0	0	1		248
R	DVV	DVV4031		2017-09-01		Villa Gallici, Valvason, Strassoldo, Attems (UD)  Trivignano Udinese				0	0	1		248
R	DVV	DVV4032		2017-09-01		Villa Manin, Guerresco (UD)  Trivignano Udinese				0	0	1		248
R	DVV	DVV4033		2017-09-01		Villa Rubini, Cipollato, Orgnani, detta Elodia (UD)  Trivignano Udinese				0	0	1		248
R	DVV	DVV4034		2017-09-01		Villa Agricola, Mantica, Cargnelli, Cernazai, Canciani, Bartolini (UD)  Varmo				0	0	1		248
R	DVV	DVV4035		2017-09-01		Villa Belgrado, Maddalini, de Prato, Piacentini (UD)  Varmo				0	0	1		248
R	DVV	DVV4036		2017-09-01		Villa Varmo, Canciani, Florio (UD)  Varmo				0	0	1		248
R	DVV	DVV4037		2017-09-01		Villa Lotti, di Gasparo Rizzi (UD)  Varmo				0	0	1		248
R	DVV	DVV4038		2017-09-01		Villa Belgrado, Ostuzzi (UD)  Varmo				0	0	1		248
R	DVV	DVV4039		2017-09-01		Villa Piacentini, detta il Priorato (UD)  Varmo				0	0	1		248
R	DVV	DVV4040		2017-09-01		Villa Bonaparte Baciocchi, Ciardi (UD)  Villa Vicentina				0	0	1		248
R	DVV	DVV4041		2017-09-01		Villa Fabris, Zancani (UD)  Dignano				0	0	1		248
R	DVV	DVV4042		2017-09-01		Villa Ghiretti (UD)  Campolongo Tapogliano				0	0	1		248
R	DVV	DVV4043		2017-09-01		Villa Michieli, Cossar (UD)  Campolongo Tapogliano				0	0	1		248
R	DVV	DVV4044		2017-09-01		Villa Grassi (UD)  Castion di Strada				0	0	1		248
R	DVV	DVV4045		2017-09-01		Villa Mugatt (UD)  Castion di Strada				0	0	1		248
R	DVV	DVV4046		2017-09-01		Villa Caratti, de Giudici, Veritti (UD)  Pocenia				0	0	1		248
R	DVV	DVV4047		2017-09-01		Villa Megaluzzi (UD)  Cividale del Friuli				0	0	1		248
R	DVV	DVV4048		2017-09-01		Villa Ciani (UD)  Bicinicco				0	0	1		248
R	DVV	DVV4049		2017-09-01		Villa Mantovani, Faccin (UD)  Bicinicco				0	0	1		248
R	DVV	DVV4050		2017-09-01		Villa Forchir (UD)  Bicinicco				0	0	1		248
R	DVV	DVV4051		2017-09-01		Villa Tacoli Asquini (UD)  Bicinicco				0	0	1		248
R	DVV	DVV4052		2017-09-01		Villa Colombo (UD)  Basiliano				0	0	1		248
R	DVV	DVV4053		2017-09-01		Villa Colloredo, Cicogna, Gonano-Occhialini, Occhialini (UD)  Basiliano				0	0	1		248
R	DVV	DVV4054		2017-09-01		Villa Venier Romano (UD)  Basiliano				0	0	1		248
R	DVV	DVV4055		2017-09-01		Palazzo Vianelli (UD)  Terzo d'Aquileia				0	0	1		248
R	DVV	DVV4056		2017-09-01		Villa Casella, Catterina, Pelleati, Morelli de Rossi (UD)  Manzano				0	0	1		248
R	DVV	DVV4057		2017-09-01		Casa Percoto (UD)  Manzano				0	0	1		248
R	DVV	DVV4058		2017-09-01		Villa Contareno, Parmesan, detta Palazzo dei Provveditori (UD)  Marano Lagunare				0	0	1		248
R	DVV	DVV4059		2017-09-01		Villa Manzano, Martinengo (UD)  Manzano				0	0	1		248
R	DVV	DVV4060		2017-09-01		Villa Savorgnan della Bandiera, Colombo, Piemonte, Desia, Della Giusta, Sello, Susmel (UD)  Martignacco				0	0	1		248
R	DVV	DVV4061		2017-09-01		Villa Cassis Faraone, Hierschel de Minerbi, Brian, Bignami (UD)  Precenicco				0	0	1		248
R	DVV	DVV4062		2017-09-01		Villa Cernazzi, Pontoni (UD)  Premariacco				0	0	1		248
R	DVV	DVV4063		2017-09-01		Villa Dormisch (Scuola materna) (UD)  Reana del Rojale				0	0	1		248
R	DVV	DVV4064		2017-09-01		Villa Mattiussi, dall'Asta (UD)  Reana del Rojale				0	0	1		248
R	DVV	DVV4065		2017-09-01		Villa Colussi, Cantarutti (UD)  Martignacco				0	0	1		248
R	DVV	DVV4066		2017-09-01		Villa Colloredo Mels, Mainardi, Pancotto (UD)  Camino al Tagliamento				0	0	1		248
R	DVV	DVV4067		2017-09-01		Villa Marzona - Levi (UD)  Treppo Grande				0	0	1		248
R	DVV	DVV4068		2017-09-01		Casa Cominato (RO)  Adria				0	0	1		248
R	DVV	DVV4069		2017-09-01		Casa Emo, Giaretta, Saglia (RO)  Adria-Ca' Emo				0	0	1		248
R	DVV	DVV4070		2017-09-01		Casa Giaretta, Bedendo (RO)  Adria-Ca' Emo				0	0	1		248
R	DVV	DVV4071		2017-09-01		Tenuta Castelpiano (RO)  Ariano nel Polesine-Piano Riva'				0	0	1		248
R	DVV	DVV4072		2017-09-01		Casa a Goro Veneto, Tenuta Goro Veneto (RO)  Ariano nel Polesine				0	0	1		248
R	DVV	DVV4073		2017-09-01		Palazzo Nichetti, Garante (RO)  Ariano nel Polesine-Riva'				0	0	1		248
R	DVV	DVV4074		2017-09-01		Casa detta La Gagliarda, Rizzi (RO)  Arqua' Polesine-La Gagliarda				0	0	1		248
R	DVV	DVV4075		2017-09-01		Casa Cattozzo (RO)  Arqua' Polesine				0	0	1		248
R	DVV	DVV4076		2017-09-01		Villa Millan (RO)  Arqua' Polesine				0	0	1		248
R	DVV	DVV4077		2017-09-01		Ca' Donega', Altieri (RO)  Arqua' Polesine-Granze				0	0	1		248
R	DVV	DVV4078		2017-09-01		Ca' Lorenzoni, Tavia, detta Corte Carletti (RO)  Badia Polesine				0	0	1		248
R	DVV	DVV4079		2017-09-01		Casa Comello, Pisani, detta Corte Bova (RO)  Badia Polesine				0	0	1		248
R	DVV	DVV4080		2017-09-01		Casa Mocenigo, Bianchini, detta Corte Rosta (RO)  Badia Polesine				0	0	1		248
R	DVV	DVV4081		2017-09-01		Ca' Mignola (RO)  Badia Polesine				0	0	1		248
R	DVV	DVV4082		2017-09-01		Casa Foresti, Opera Pia F. Bottoni, detta Corte la Buora (RO)  Badia Polesine				0	0	1		248
R	DVV	DVV4083		2017-09-01		Villa Giatti, Manzo, detta Villa Cora' (RO)  Bagnolo di Po				0	0	1		248
R	DVV	DVV4084		2017-09-01		Corte Bugno (RO)  Bergantino				0	0	1		248
R	DVV	DVV4085		2017-09-01		Casa Munari (RO)  Calto				0	0	1		248
R	DVV	DVV4086		2017-09-01		Palazzo Grimani, Vendramin - Calergi, detta Le Saline (RO)  Canaro-Le Saline				0	0	1		248
R	DVV	DVV4087		2017-09-01		Ca' Giovannelli (RO)  Canda				0	0	1		248
R	DVV	DVV4088		2017-09-01		Vulla Camerini (RO)  Castelguglielmo-Precona				0	0	1		248
R	DVV	DVV4089		2017-09-01		Casa Anselmo, detta Azienda Livello (RO)  Castelguglielmo-Ca' Peretto				0	0	1		248
R	DVV	DVV4090		2017-09-01		Villa Ferraccioli (RO)  Castelmassa				0	0	1		248
R	DVV	DVV4091		2017-09-01		Villa Pizzioni, Ponzetti, detta Corte Piccioni (RO)  Castelmassa				0	0	1		248
R	DVV	DVV4092		2017-09-01		Villa Strozzi, Bergamaschi - Zaramella (RO)  Castelnovo Bariano				0	0	1		248
R	DVV	DVV4093		2017-09-01		Corte Vallona (RO)  Castelnovo Bariano				0	0	1		248
R	DVV	DVV4094		2017-09-01		Casa Canova, Ferraccioli (RO)  Castelnovo Bariano				0	0	1		248
R	DVV	DVV4095		2017-09-01		Casa Giglioli (RO)  Castelnovo Bariano				0	0	1		248
R	DVV	DVV4096		2017-09-01		Casa Principe Pio, Gazzi (RO)  Ceneselli				0	0	1		248
R	DVV	DVV4097		2017-09-01		Casa Occhi, Bettini, detta La Villa (RO)  Ceneselli				0	0	1		248
R	DVV	DVV4098		2017-09-01		Corte detta Le Procurative (RO)  Ceregnano				0	0	1		248
R	DVV	DVV4099		2017-09-01		Tenuta Stella' (RO)  Ceregnano				0	0	1		248
R	DVV	DVV4100		2017-09-01		Casa Passarella (RO)  Ceregnano-Lama				0	0	1		248
R	DVV	DVV4101		2017-09-01		Villa Tisi - Ghedini (RO)  Crespino				0	0	1		248
R	DVV	DVV4102		2017-09-01		Casa Balzan, Perin (RO)  Crespino				0	0	1		248
R	DVV	DVV4103		2017-09-01		Casa due torri (RO)  Crespino				0	0	1		248
R	DVV	DVV4104		2017-09-01		Corte San Donato (RO)  Fiesso Umbertiano				0	0	1		248
R	DVV	DVV4105		2017-09-01		Villa La Colombara (RO)  Frassinelle Polesine-Le Cornere				0	0	1		248
R	DVV	DVV4106		2017-09-01		Casa Cornara, Bazzi, detta Il Palazzetto (RO)  Frassinelle Polesine				0	0	1		248
R	DVV	DVV4107		2017-09-01		Villa Labia, Monti, Viaro (RO)  Fratta Polesine				0	0	1		248
R	DVV	DVV4108		2017-09-01		Villa Grindaro, Boniolli, (Museo Etnografico della Civilta' e del Lavoro nel Polesine) (RO)  Fratta Polesine				0	0	1		248
R	DVV	DVV4109		2017-09-01		Villa Franceschetti (RO)  Fratta Polesine				0	0	1		248
R	DVV	DVV4110		2017-09-01		Villa Labia, (Scuola Media Unica Statale) (RO)  Fratta Polesine				0	0	1		248
R	DVV	DVV4111		2017-09-01		Casa Canonica (RO)  Fratta Polesine				0	0	1		248
R	DVV	DVV4112		2017-09-01		Casa Monti (RO)  Fratta Polesine				0	0	1		248
R	DVV	DVV4113		2017-09-01		Villa Navarro, De Poli (RO)  Fratta Polesine				0	0	1		248
R	DVV	DVV4114		2017-09-01		Palazzo Gradenigo, Curia di Venezia (RO)  Gavello				0	0	1		248
R	DVV	DVV4115		2017-09-01		Corte Bentivoglio d'Aragona, Milan, detta Corte Fiocco (RO)  Giacciano con Baruchella-Corte Fiocco				0	0	1		248
R	DVV	DVV4116		2017-09-01		Corte Sarti, Brognara (RO)  Giacciano con Baruchella-Zelo				0	0	1		248
R	DVV	DVV4117		2017-09-01		Corte Anconetta, Boninsegna (RO)  Giacciano con Baruchella				0	0	1		248
R	DVV	DVV4118		2017-09-01		Corte Ca' Rizza (RO)  Giacciano con Baruchella				0	0	1		248
R	DVV	DVV4119		2017-09-01		Villa Libanovo, detta Golena Quarti (RO)  Guarda Veneta				0	0	1		248
R	DVV	DVV4120		2017-09-01		Palazzo Novi (RO)  Guarda Veneta				0	0	1		248
R	DVV	DVV4121		2017-09-01		Villa Grimana, Franceschetti (RO)  Loreo				0	0	1		248
R	DVV	DVV4122		2017-09-01		Casa Papadopoli, Ceccoto, detta Corte Motte (RO)  Loreo				0	0	1		248
R	DVV	DVV4123		2017-09-01		Casa Vignaga, detta Corte Cassa di Risparmio (RO)  Loreo				0	0	1		248
R	DVV	DVV4124		2017-09-01		Casa Colleoni - Marchiori, detta Corte Ca' Morosini (RO)  Lusia				0	0	1		248
R	DVV	DVV4125		2017-09-01		Casa Marinello, detta La Granzetta (RO)  Lusia				0	0	1		248
R	DVV	DVV4126		2017-09-01		Cascina Guolo (RO)  Lusia				0	0	1		248
R	DVV	DVV4127		2017-09-01		Villa Borghi, Leati (RO)  Melara				0	0	1		248
R	DVV	DVV4128		2017-09-01		Villa dei Marchesi Villa (RO)  Melara				0	0	1		248
R	DVV	DVV4129		2017-09-01		Casa Sartori, detta Ariosta (RO)  Occhiobello				0	0	1		248
R	DVV	DVV4130		2017-09-01		Casa Carbonin, detta Ca' tre pioppi (RO)  Occhiobello				0	0	1		248
R	DVV	DVV4131		2017-09-01		Casa Ferraresi (RO)  Occhiobello				0	0	1		248
R	DVV	DVV4132		2017-09-01		Casa Calamara (RO)  Pincara				0	0	1		248
R	DVV	DVV4133		2017-09-01		Casa Manzon (RO)  Polesella				0	0	1		248
R	DVV	DVV4134		2017-09-01		Villa Scatolini (RO)  Polesella				0	0	1		248
R	DVV	DVV4135		2017-09-01		Palazzo Vendramin, Serafini, detto Palazzo Rosso (RO)  Polesella				0	0	1		248
R	DVV	DVV4136		2017-09-01		Villa Grimani, Boldrin (RO)  Pontecchio Polesine				0	0	1		248
R	DVV	DVV4137		2017-09-01		Villa Foscarini, Prearo, detta Laghi (RO)  Pontecchio Polesine				0	0	1		248
R	DVV	DVV4138		2017-09-01		Villa Maragno, detta La Bordighina (RO)  Pontecchio Polesine				0	0	1		248
R	DVV	DVV4139		2017-09-01		Casa Prandin, Baratella (RO)  Pontecchio Polesine				0	0	1		248
R	DVV	DVV4140		2017-09-01		Villa, detta La Foscarina (RO)  Pontecchio Polesine				0	0	1		248
R	DVV	DVV4141		2017-09-01		Casa Foscarini, Treves, detta La Palazzina (RO)  Pontecchio Polesine				0	0	1		248
R	DVV	DVV4142		2017-09-01		Ca' Dolfin, Arduini (RO)  Porto Tolle				0	0	1		248
R	DVV	DVV4143		2017-09-01		Ca' Venier (RO)  Porto Tolle				0	0	1		248
R	DVV	DVV4144		2017-09-01		Ca' Farsetti, Barbiero (RO)  Porto Tolle				0	0	1		248
R	DVV	DVV4145		2017-09-01		Ca' Soranzo (RO)  Porto Tolle				0	0	1		248
R	DVV	DVV4146		2017-09-01		Ca' Garzoni, Zanellato (RO)  Porto Tolle				0	0	1		248
R	DVV	DVV4147		2017-09-01		Ca' Cappello (RO)  Porto Viro				0	0	1		248
R	DVV	DVV4148		2017-09-01		Corte Contarini, detta Cao di Marina (RO)  Porto Viro				0	0	1		248
R	DVV	DVV4149		2017-09-01		Ca' Pasta, Rossetti (RO)  Porto Viro				0	0	1		248
R	DVV	DVV4150		2017-09-01		Ca' Pisani, Piovan (RO)  Porto Viro				0	0	1		248
R	DVV	DVV4151		2017-09-01		Ca' Pesara o Gradenigo, Siviero (RO)  Porto Viro				0	0	1		248
R	DVV	DVV4152		2017-09-01		Casa Zattoni, Girardello (RO)  Porto Viro				0	0	1		248
R	DVV	DVV4153		2017-09-01		Casa dei Pin, detta Il Palazzo (RO)  Rosolina				0	0	1		248
R	DVV	DVV4154		2017-09-01		Casa Nordio (RO)  Rosolina				0	0	1		248
R	DVV	DVV4155		2017-09-01		Villa Cezza, Anita, Milan (RO)  Rovigo				0	0	1		248
R	DVV	DVV4156		2017-09-01		Villa Manfredini, Magon - Caramore (RO)  Rovigo				0	0	1		248
R	DVV	DVV4157		2017-09-01		Ca' Silvestri, Zanovello (RO)  Rovigo				0	0	1		248
R	DVV	DVV4158		2017-09-01		Ca' Dolfin (RO)  Rovigo				0	0	1		248
R	DVV	DVV4159		2017-09-01		Casa Costato (RO)  Rovigo				0	0	1		248
R	DVV	DVV4160		2017-09-01		Villa Redetti, detta La Tassina (RO)  Rovigo				0	0	1		248
R	DVV	DVV4161		2017-09-01		Casa Finardi, detta Fondo Avanzi (RO)  Salara				0	0	1		248
R	DVV	DVV4162		2017-09-01		Casa Bagnoli, Ghiraldelli (RO)  Salara				0	0	1		248
R	DVV	DVV4163		2017-09-01		Villa Frassoni, Galvani (RO)  Salara				0	0	1		248
R	DVV	DVV4164		2017-09-01		Casa Mioni - Piovene, detta Corte Rosine (RO)  San Bellino				0	0	1		248
R	DVV	DVV4165		2017-09-01		Casa Panicali di Montaldo, detta Corte Guerrine di Mezzo (RO)  San Bellino				0	0	1		248
R	DVV	DVV4166		2017-09-01		Tenuta Venezze, Grinzato (RO)  San Martino di Venezze				0	0	1		248
R	DVV	DVV4167		2017-09-01		Ca' Radetto, Carrari (RO)  San Martino di Venezze				0	0	1		248
R	DVV	DVV4168		2017-09-01		Villa Masi, Panini, Roveroni (RO)  Stienta				0	0	1		248
R	DVV	DVV4169		2017-09-01		Ca' Puli Bonafe' (RO)  Taglio di Po				0	0	1		248
R	DVV	DVV4170		2017-09-01		Ca' Vendramin (RO)  Taglio di Po				0	0	1		248
R	DVV	DVV4171		2017-09-01		Palazzo Vecchio, Avanzo (RO)  Taglio di Po-Ca' Zen				0	0	1		248
R	DVV	DVV4172		2017-09-01		Ca' Papadopoli, De Marchi (RO)  Taglio di Po				0	0	1		248
R	DVV	DVV4173		2017-09-01		Villa Sartorelli, Paglierini (RO)  Trecenta				0	0	1		248
R	DVV	DVV4174		2017-09-01		Corte Gaspara (RO)  Trecenta				0	0	1		248
R	DVV	DVV4175		2017-09-01		Corte dei Dossi (RO)  Trecenta				0	0	1		248
R	DVV	DVV4176		2017-09-01		Casa Cremona (RO)  Trecenta				0	0	1		248
R	DVV	DVV4177		2017-09-01		Villa Dei Biasi (RO)  Trecenta				0	0	1		248
R	DVV	DVV4178		2017-09-01		Corte Campagnan (RO)  Trecenta				0	0	1		248
R	DVV	DVV4179		2017-09-01		Rustico Dona', Penelazzo, Cecchetto (RO)  Villadose				0	0	1		248
R	DVV	DVV4180		2017-09-01		Rustico Dona', De Stefani (RO)  Villadose				0	0	1		248
R	DVV	DVV4181		2017-09-01		Rustico Cornera, Lionello (RO)  Villadose				0	0	1		248
R	DVV	DVV4182		2017-09-01		Villa Monti (RO)  Villanova del Ghebbo				0	0	1		248
R	DVV	DVV4183		2017-09-01		Casa Romiatti, detta Cisimatti (RO)  Villanova Marchesana				0	0	1		248
R	DVV	DVV4184		2017-09-01		Palazzo Daclon, Bovo (RO)  Villanova Marchesana				0	0	1		248
R	DVV	DVV4185		2017-09-01		Casa Zampieri (RO)  Villanova Marchesana-Canalnovo				0	0	1		248
R	DVV	DVV4186		2017-09-01		Villa Casaucchio, Drago (RO)  Villanova Marchesana				0	0	1		248
R	DVV	DVV4187		2017-09-01		Casa Mazzaro, detta Corte Polesine (RO)  Villanova Marchesana				0	0	1		248
R	DVV	DVV4188		2017-09-01		Villa Monti, Giacobbi (BL)  Comelico Superiore				0	0	1		248
R	DVV	DVV4189		2017-09-01		Villa Bido (PD)  Anguillara Veneta				0	0	1		248
R	DVV	DVV4190		2017-09-01		Villa Pimbiolo, Mozzi, De Zanche (PD)  Torreglia-Luvigliano				0	0	1		248
R	DVV	DVV4191		2017-09-01		Villa Zane, Fiorioli Banchieri (TV)  Treviso				0	0	1		248
R	DVV	DVV4192		2017-09-01		Villa Giamomini, Bischero, Zanon  (TV)  Vazzola				0	0	1		248
R	DVV	DVV4193		2017-09-01		Mulino Teodori (VE)  Scorze'				0	0	1		248
R	DVV	DVV4194		2017-09-01		Villa dei Conti Capra ora Avallone Puglisi (VI)  Chiampo				0	0	1		248
R	DVV	DVV4195		2017-09-01		Villa Scroffa, Bassani (VI)  Longare				0	0	1		248
R	DVV	DVV4196		2017-09-01		Corte Branzo Loschi, Bissari, Dall'Acqua, Mazzoleni, Zago, Curti, Fabris (VI)  Malo				0	0	1		248
R	DVV	DVV4197		2017-09-01		Villa Peribon, Corielli (VI)  Malo				0	0	1		248
R	DVV	DVV4198		2017-09-01		Villa Zerbato, Clementi (VI)  Malo				0	0	1		248
R	DVV	DVV4199		2017-09-01		Ca' dall'ora, Conti Verzara, Pagello, Tonini, Ottone, Rizzi-Braceschi (VI)  Monticello Conte  Otto				0	0	1		248
R	DVV	DVV4200		2017-09-01		Villa Thiene, Bruni (VI)  Monticello Conte  Otto				0	0	1		248
R	DVV	DVV4201		2017-09-01		Villa Romanelli, Pieropan (VI)  Monticello Conte  Otto				0	0	1		248
R	DVV	DVV4202		2017-09-01		Villa Godi (VI)  Monticello Conte  Otto				0	0	1		248
R	DVV	DVV4203		2017-09-01		Villa detta di San Floriano (VI)  Noventa Vicentina-Caselle				0	0	1		248
R	DVV	DVV4204		2017-09-01		Villa Beltrame - Nardini (VI)  Rosa'				0	0	1		248
R	DVV	DVV4205		2017-09-01		Villetta Lina Dolfin Boldu' (VI)  Rosa'				0	0	1		248
R	DVV	DVV4206		2017-09-01		Villa Lina Dolfin Boldu' (VI)  Rosa'-Ca' Dolfin				0	0	1		248
R	DVV	DVV4207		2017-09-01		Ca' Borgo (VI)  Schiavon				0	0	1		248
R	DVV	DVV4208		2017-09-01		Canonica di Longa di Schiavon (VI)  Schiavon				0	0	1		248
R	DVV	DVV4209		2017-09-01		Villa Almerico, Capra, Conti Barbaran, Albertini, Zannini, Valmarana, detta La Rotonda (VI)  Vicenza				0	0	1		248
R	DVV	DVV4210		2017-09-01		Villa Aquadevita (VR)  Colognola ai Colli				0	0	1		248
R	DVV	DVV4211		2017-09-01		Villa Buri Tessari (VR)  Monteforte d'Alpone-Costalunga				0	0	1		248
R	DVV	DVV4212		2017-09-01		Villa Ca' dei Frati ora Padovani (VR)  Pastrengo				0	0	1		248
R	DVV	DVV4213		2017-09-01		Villa Anziali (VR)  Verona-Santa Giuliana				0	0	1		248
R	DVV	DVV4214		2017-09-01		Villa Stella Veronica Ravignani Bagatta Severi detta Sofia (VR)  Verona-Avesa				0	0	1		248
R	DVV	DVV4215		2017-09-01		Palazzo De Gleria (UD)  Comeglians-Povolaro				0	0	1		248
R	DVV	DVV4216		2017-09-01		Villa Beccaris - Nonis  (PN)  Cordovado				0	0	1		248
R	DVV	DVV4217		2017-09-01		Castello di Torre (PN)  Pordenone				0	0	1		248
R	DVV	DVV4218		2017-09-01		Villa Pisani, Placco (PD)  Montagnana				0	0	1		248
R	DVV	DVV4219		2017-09-01		Casa Marzolo (PD)  Montagnana				0	0	1		248
R	DVV	DVV4220		2017-09-01		Palazzina Pesaro, detta Loggetta del Veneziano (PD)  Montagnana				0	0	1		248
R	DVV	DVV4221		2017-09-01		Villa Foramiglio, Negri, Realdon (PD)  Montagnana				0	0	1		248
R	DVV	DVV4222		2017-09-01		Palazzo Pisani, Bianchini, Giusti del Giardino, Sammartini (PD)  Montagnana				0	0	1		248
R	DVV	DVV4223		2017-09-01		Villa Pastoria o Ca' Bolis (PD)  Montagnana				0	0	1		248
R	DVV	DVV4224		2017-09-01		Villa Grimani, Donale (PD) Battaglia Terme				0	0	1		248
R	DVV	DVV4225		2017-09-01		Castello del Catajo (PD) Battaglia Terme				0	0	1		248
R	DVV	DVV4226		2017-09-01		Villa Selvatico, Emo Capodilista (PD) Battaglia Terme				0	0	1		248
R	DVV	DVV4227		2017-09-01		Villa Cavagnari (PD) Battaglia Terme				0	0	1		248
