# Referencias del diploma ECA. Generado; no se edita a mano.
R	ECA	G-00001		1900-01-01		Conisbrough Castle	Yorkshire	53.484466		0	0	1		223
R	ECA	G-00002		1900-01-01		Cannon Hall	Yorkshire	53.571712		0	0	1		223
R	ECA	G-00003		1900-01-01		Tower Of London	City Of London	51.508143		0	0	1		223
R	ECA	G-00004		1900-01-01		Northampton Castle	Northamptonshire	52.238220		0	0	1		223
R	ECA	G-00005		1900-01-01		Long Buckby Castle	Northamptonshire	52.302562		0	0	1		223
R	ECA	G-00006		1900-01-01		Althorpe House	Northamptonshire	52.280243		0	0	1		223
R	ECA	G-00007		1900-01-01		Holdenby House	Northamptonshire	52.304137		0	0	1		223
R	ECA	G-00008		1900-01-01		Star Castle	Isles of Scilly	49.915437		0	0	1		223
R	ECA	G-00009		1900-01-01		The Garrison	Isles of Scilly	49.909153		0	0	1		223
R	ECA	G-00010		1900-01-01		Cromwells Castle	Isles of Scilly	49.962283		0	0	1		223
R	ECA	G-00011		1900-01-01		King Charles Castle	Isles of Scilly	49.963585		0	0	1		223
R	ECA	G-00012		1900-01-01		Bradbourne Hall	Derbyshire	53.071645		0	0	1		223
R	ECA	G-00013		1900-01-01		Lamport Hall	Northamptonshire	52.363463		0	0	1		223
R	ECA	G-00014		1900-01-01		Cottesbrooke Hall	Northamptonshire	52.359300		0	0	1		223
R	ECA	G-00015		1900-01-01		Castle Ashby	Northamptonshire	52.227698		0	0	1		223
R	ECA	G-00016		1900-01-01		Kelmarsh Hall	Northamptonshire	52.409113		0	0	1		223
R	ECA	G-00017		1900-01-01		Moulton Castle (King's Hall Park)	Northamptonshire	52.773256		0	0	1		223
R	ECA	G-00018		1900-01-01		Bretton Hall	Yorkshire	53.610744		0	0	1		223
R	ECA	G-00019		1900-01-01		Walton Hall	Yorkshire	53.641806		0	0	1		223
R	ECA	G-00020		1900-01-01		Nostell Priory House	Yorkshire	53.52567		0	0	1		223
R	ECA	G-00021		1900-01-01		Mexborough Castle	Yorkshire	53.493735		0	0	1		223
R	ECA	G-00022		1900-01-01		Hastings Castle	East Sussex	50.855988		0	0	1		223
R	ECA	G-00023		1900-01-01		Hymel Castle	Northamptonshire	52.568429		0	0	1		223
R	ECA	G-00024		1900-01-01		Farthing Stone Castle	Northamptonshire	52.205283		0	0	1		223
R	ECA	G-00025		1900-01-01		Fotheringhay Castle	Northamptonshire	52.524667		0	0	1		223
R	ECA	G-00026		1900-01-01		Higham Ferrers Castle	Northamptonshire	52.308603		0	0	1		223
R	ECA	G-00027		1900-01-01		Astwell Castle	Northamptonshire	52.091348		0	0	1		223
R	ECA	G-00028		1900-01-01		Barby Castle	Northamptonshire	52.33175		0	0	1		223
R	ECA	G-00029		1900-01-01		Barnwell Castle	Northamptonshire	52.45492		0	0	1		223
R	ECA	G-00030		1900-01-01		Boughton House	Northamptonshire	52.424441		0	0	1		223
R	ECA	G-00031		1900-01-01		Brackley Castle	Northamptonshire	52.02352		0	0	1		223
R	ECA	G-00032		1900-01-01		Braybrooke Castle	Northamptonshire	52.45292		0	0	1		223
R	ECA	G-00033		1900-01-01		Cannons Ashby Castle	Northamptonshire	2.15349		0	0	1		223
R	ECA	G-00034		1900-01-01		Blake Hall	Essex	51.724925		0	0	1		223
R	ECA	G-00035		1900-01-01		Hellifield Peel	Yorkshire	53.996051		0	0	1		223
R	ECA	G-00036		1900-01-01		Wentworth Woodhouse	Yorkshire	53.474413		0	0	1		223
R	ECA	G-00037		1900-01-01		Stainborough Castle	Yorkshire	53.527178		0	0	1		223
R	ECA	G-00038		1900-01-01		Brodsworth Hall	Yorkshire	53.558075		0	0	1		223
R	ECA	G-00039		1900-01-01		Wadworth Hall	Yorkshire	53.469036		0	0	1		223
R	ECA	G-00040		1900-01-01		Clifton House	Yorkshire	53.429453		0	0	1		223
R	ECA	G-00041		1900-01-01		Boxgrove Priory	West Sussex	50.860462		0	0	1		223
R	ECA	G-00042		1900-01-01		Oswestry Castle	Shropshire	52.86111		0	0	1		223
R	ECA	G-00043		1900-01-01		Alberbury Castle	Shropshire	52.72343		0	0	1		223
R	ECA	G-00044		1900-01-01		Cusworth Hall	Yorkshire	53.529369		0	0	1		223
R	ECA	G-00045		1900-01-01		Kenilworth Castle	Warwickshire	52.349404		0	0	1		223
R	ECA	G-00046		1900-01-01		Hickleton Hall	Yorkshire	53.540892		0	0	1		223
R	ECA	G-00047		1900-01-01		Brough Castle	Cumbria	54.521946		0	0	1		223
R	ECA	G-00048		1900-01-01		Appleby Castle	Cumbria	54.573542		0	0	1		223
R	ECA	G-00049		1900-01-01		Scawsby Hall	Yorkshire	53.540033		0	0	1		223
R	ECA	G-00050		1900-01-01		Woodlands Hall	Cumbria	54.287070		0	0	1		223
R	ECA	G-00051		1900-01-01		Hooton Pagnall Hall	Yorkshire	53.565237		0	0	1		223
R	ECA	G-00052		1900-01-01		Frickley Hall	Yorkshire	53.571171		0	0	1		223
R	ECA	G-00053		1900-01-01		Norton Conyers House	Yorkshire	54.181755		0	0	1		223
R	ECA	G-00054		1900-01-01		Parcevall Hall	Yorkshire	54.047031		0	0	1		223
R	ECA	G-00055		1900-01-01		Kilnhurst Hall	Yorkshire	53.463148		0	0	1		223
R	ECA	G-00056		1900-01-01		Queen Elizabeth Lodge	Hertfordshire	51.634432		0	0	1		223
R	ECA	G-00057		1900-01-01		Reigate Fort	Surrey	51.254143		0	0	1		223
R	ECA	G-00058		1900-01-01		Hartlebury Castle	Worcestershire	52.339311		0	0	1		223
R	ECA	G-00059		1900-01-01		Borough Hill Fort	Northamptonshire	52.256242		0	0	1		223
R	ECA	G-00060		1900-01-01		Carisbrooke Castle	Isle of Wight	50.687504		0	0	1		223
R	ECA	G-00061		1900-01-01		Elmley Castle	Worcestershire	52.06042		0	0	1		223
R	ECA	G-00062		1900-01-01		Hever Castle	Kent	51.187031		0	0	1		223
R	ECA	G-00063		1900-01-01		Penshurst Castle	Kent	51.174760		0	0	1		223
R	ECA	G-00064		1900-01-01		Scotney Castle	Kent	51.092848		0	0	1		223
R	ECA	G-00065		1900-01-01		Sissinghurst Castle	Kent	51.115679		0	0	1		223
R	ECA	G-00066		1900-01-01		Bodiam Castle	East Sussex	51.002390		0	0	1		223
R	ECA	G-00067		1900-01-01		Belvoir Castle	Nottinghamshire / Leicestershire	52.894903		0	0	1		223
R	ECA	G-00068		1900-01-01		Catton Hall	Derbyshire	52.736937		0	0	1		223
R	ECA	G-00069		1900-01-01		Battle Abbey	East Sussex	50.914232		0	0	1		223
R	ECA	G-00070		1900-01-01		Herstmonceaux Castle	East Sussex	50.869826		0	0	1		223
R	ECA	G-00071		1900-01-01		Pervensey Castle	East Sussex	50.819192		0	0	1		223
R	ECA	G-00072		1900-01-01		Newhaven Fort	East Sussex	50.783288		0	0	1		223
R	ECA	G-00073		1900-01-01		Lewes Castle	East Sussex	50.872867		0	0	1		223
R	ECA	G-00074		1900-01-01		Tutbury Castle	Staffordshire	52.859733		0	0	1		223
R	ECA	G-00075		1900-01-01		Alderton Castle	Northamptonshire	52.118419		0	0	1		223
R	ECA	G-00076		1900-01-01		Benefield Castle	Northamptonshire	52.48505		0	0	1		223
R	ECA	G-00077		1900-01-01		John Of Gaunt Castle	Northamptonshire	52.24593		0	0	1		223
R	ECA	G-00078		1900-01-01		Lilbourne Castle	Northamptonshire	52.39254		0	0	1		223
R	ECA	G-00079		1900-01-01		Little Houghton Motte	Northamptonshire	52.238173		0	0	1		223
R	ECA	G-00080		1900-01-01		Moor End Castle	Northamptonshire	52.09479		0	0	1		223
R	ECA	G-00081		1900-01-01		Preston Capes Castle	Northamptonshire	52.18952		0	0	1		223
R	ECA	G-00082		1900-01-01		Rockingham Castle	Northamptonshire	52.51207		0	0	1		223
R	ECA	G-00083		1900-01-01		Sibertoft Castle Yard	Northamptonshire	52.44270		0	0	1		223
R	ECA	G-00084		1900-01-01		Sulgrave Castle Hill	Northamptonshire	52.10336		0	0	1		223
R	ECA	G-00085		1900-01-01		Sulgrave Manor	Northamptonshire	52.105862		0	0	1		223
R	ECA	G-00086		1900-01-01		Titchmarsh Castle	Northamptonshire	52.40404		0	0	1		223
R	ECA	G-00087		1900-01-01		Wolloston Beacon Hill Motte	Northamptonshire	52.25707		0	0	1		223
R	ECA	G-00088		1900-01-01		Weedon Lois Castle Mound	Northamptonshire	52.11813		0	0	1		223
R	ECA	G-00089		1900-01-01		The Priory - Billing	Northamptonshire	52.24886		0	0	1		223
R	ECA	G-00090		1900-01-01		Burwell Castle	Cambridgeshire	52.270424		0	0	1		223
R	ECA	G-00091		1900-01-01		Warwick Castle	Warwickshire	52.279815		0	0	1		223
R	ECA	G-00092		1900-01-01		Rochester Castle	Kent	51.389790		0	0	1		223
R	ECA	G-00093		1900-01-01		Caludon Castle Ruins	Warwickshire	52.418169		0	0	1		223
R	ECA	G-00094		1900-01-01		Hartshill Castle	Warwickshire	52.54581		0	0	1		223
R	ECA	G-00095		1900-01-01		Fillongley Castle Hills	Warwickshire	52.48699		0	0	1		223
R	ECA	G-00096		1900-01-01		Thetford Priory	Norfolk	52.416466		0	0	1		223
R	ECA	G-00097		1900-01-01		Baginton Castle	Warwickshire	52.36961		0	0	1		223
R	ECA	G-00098		1900-01-01		Baddesley Clinton Hall	Warwickshire	52.34097		0	0	1		223
R	ECA	G-00099		1900-01-01		Beaudesert Castle	Warwickshire	52.293804		0	0	1		223
R	ECA	G-00100		1900-01-01		Windsor Castle	Berkshire	51.484100		0	0	1		223
R	ECA	G-00101		1900-01-01		Studley Old Castle	Warwickshire	52.27248		0	0	1		223
R	ECA	G-00102		1900-01-01		Oversley Castle	Warwickshire	52.196787		0	0	1		223
R	ECA	G-00103		1900-01-01		Horncastle Castle	Lincolnshire	53.20837		0	0	1		223
R	ECA	G-00104		1900-01-01		Burgh Castle (Roman Fort)	Norfolk	52.586005		0	0	1		223
R	ECA	G-00105		1900-01-01		Caister Castle	Norfolk	52.650668		0	0	1		223
R	ECA	G-00106		1900-01-01		Highgate House	Northamptonshire	52.336654		0	0	1		223
R	ECA	G-00107		1900-01-01		Witton Castle	County Durham	54.668908		0	0	1		223
R	ECA	G-00108		1900-01-01		Hanwell Castle	Oxfordshire	52.08904		0	0	1		223
R	ECA	G-00109		1900-01-01		Coxbench Hall	Derbyshire	52.987412		0	0	1		223
R	ECA	G-00110		1900-01-01		Deddington Castle	Berkshire	51.981816		0	0	1		223
R	ECA	G-00111		1900-01-01		Uppingham Castle Hill	Rutland	52.59538		0	0	1		223
R	ECA	G-00112		1900-01-01		Egmere Tower	Norfolk	52.900447		0	0	1		223
R	ECA	G-00113		1900-01-01		Aston Cantlow Stocking Banks	Warwickshire	52.23810		0	0	1		223
R	ECA	G-00114		1900-01-01		Trafford Hall	Cheshire	53.243705		0	0	1		223
R	ECA	G-00115		1900-01-01		Castle Hill Victoria Tower	Yorkshire	53.622336		0	0	1		223
R	ECA	G-00116		1900-01-01		Stafford Castle	Staffordshire	52.797882		0	0	1		223
R	ECA	G-00117		1900-01-01		Netley Abbey	Hampshire	50.878533		0	0	1		223
R	ECA	G-00118		1900-01-01		Ratley Castle & Motte	Warwickshire	52.12283		0	0	1		223
R	ECA	G-00119		1900-01-01		Halford Castle	Warwickshire	52.10885		0	0	1		223
R	ECA	G-00120		1900-01-01		Courteen Hall	Northamptonshire	52.171255		0	0	1		223
R	ECA	G-00121		1900-01-01		West Ayton Castle	North Yorkshire	54.252112		0	0	1		223
R	ECA	G-00122		1900-01-01		Dunster Castle	Somerset	51.181683		0	0	1		223
R	ECA	G-00123		1900-01-01		Aldborough Roman Site	Yorkshire	54.089914		0	0	1		223
R	ECA	G-00124		1900-01-01		Bathampton Camp	Somerset	51.3839		0	0	1		223
R	ECA	G-00125		1900-01-01		Stogursey Castle	Somerset	51.177154		0	0	1		223
R	ECA	G-00126		1900-01-01		Nether Stowey Castle	Somerset	51.149744		0	0	1		223
R	ECA	G-00127		1900-01-01		Broughton Castle	Oxfordshire	52.041057		0	0	1		223
R	ECA	G-00128		1900-01-01		Southwick Hall	Northamptonshire	52.518051		0	0	1		223
R	ECA	G-00129		1900-01-01		Sedgebrooke Hall	Northamptonshire	52.295274		0	0	1		223
R	ECA	G-00130		1900-01-01		Temple Manor	Kent	51.389423		0	0	1		223
R	ECA	G-00131		1900-01-01		Castle Eden Dene	County Durham	54.747536		0	0	1		223
R	ECA	G-00132		1900-01-01		Steane Castle	Northamptonshire	52.046		0	0	1		223
R	ECA	G-00133		1900-01-01		Bayards Cove Fort	Devon	50.347902		0	0	1		223
R	ECA	G-00134		1900-01-01		South Cerney Castle	Gloucestershire	51.67744		0	0	1		223
R	ECA	G-00135		1900-01-01		Lasborough Motte	Gloucestershire	51.64557		0	0	1		223
R	ECA	G-00136		1900-01-01		Beverstone Castle	Gloucestershire	51.64428		0	0	1		223
R	ECA	G-00137		1900-01-01		Dudley Castle	Staffordshire	52.514385		0	0	1		223
R	ECA	G-00138		1900-01-01		Halton Castle (Runcorn)	Cheshire	53.33302		0	0	1		223
R	ECA	G-00139		1900-01-01		Castle Frome	Herefordshire	52.110445		0	0	1		223
R	ECA	G-00140		1900-01-01		Castle Rising	Norfolk	52.793095		0	0	1		223
R	ECA	G-00141		1900-01-01		Haggerston Castle	Northumberland	55.686603		0	0	1		223
R	ECA	G-00142		1900-01-01		Lindisfarne Castle	Northumberland	55.669110		0	0	1		223
R	ECA	G-00143		1900-01-01		Bamburgh Castle	Northumberland	55.609077		0	0	1		223
R	ECA	G-00144		1900-01-01		Dunstanburgh Castle	Northumberland	55.48925		0	0	1		223
R	ECA	G-00145		1900-01-01		Alnwick Castle	Northumberland	55.415693		0	0	1		223
R	ECA	G-00146		1900-01-01		Stamford Castle	Lincolnshire	52.65079		0	0	1		223
R	ECA	G-00147		1900-01-01		Stanford Hall	Leicestershire	52.408701		0	0	1		223
R	ECA	G-00148		1900-01-01		Highcliffe Castle	Dorset	50.738270		0	0	1		223
R	ECA	G-00149		1900-01-01		Berkhamsted Castle	Hertfordshire	51.764067		0	0	1		223
R	ECA	G-00150		1900-01-01		Fawsley Hall	Northamptonshire	52.206484		0	0	1		223
R	ECA	G-00151		1900-01-01		Piel Castle	Cumbria	54.062295		0	0	1		223
R	ECA	G-00152		1900-01-01		Bolton Castle	Yorkshire	54.322222		0	0	1		223
R	ECA	G-00153		1900-01-01		Boston Castle	Yorkshire	53.418821		0	0	1		223
R	ECA	G-00154		1900-01-01		Barrow Haven Castle	Yorkshire	53.688244		0	0	1		223
R	ECA	G-00155		1900-01-01		Wolverton Manor	Isle of Wight	50.639989		0	0	1		223
R	ECA	G-00156		1900-01-01		Mettingham Castle	Suffolk	52.446416		0	0	1		223
R	ECA	G-00157		1900-01-01		Sharnbrook Castle Close	Bedfordshire	52.22549		0	0	1		223
R	ECA	G-00158		1900-01-01		Bletsoe Castle	Bedfordshire	52.21435		0	0	1		223
R	ECA	G-00159		1900-01-01		High Wycombe Castle Hill House	Buckinghamshire	51.63141		0	0	1		223
R	ECA	G-00160		1900-01-01		Nottingham Castle	Nottinghamshire	52.949612		0	0	1		223
R	ECA	G-00161		1900-01-01		Old Wolverton Castle	Buckinghamshire	52.064557		0	0	1		223
R	ECA	G-00162		1900-01-01		Ashperton Castle	Herefordshire	52.07083		0	0	1		223
R	ECA	G-00163		1900-01-01		Wilton Castle (Ridstow)	Herefordshire	51.91641		0	0	1		223
R	ECA	G-00164		1900-01-01		Pembridge Castle	Herefordshire	51.86980		0	0	1		223
R	ECA	G-00165		1900-01-01		Garway Church of St Michael	Herefordshire	51.89827		0	0	1		223
R	ECA	G-00166		1900-01-01		Treago Castle	Herefordshire	51.911425		0	0	1		223
R	ECA	G-00167		1900-01-01		Kilpeck Castle	Herefordshire	51.970049		0	0	1		223
R	ECA	G-00168		1900-01-01		Hopton Castle	Shropshire	52.399248		0	0	1		223
R	ECA	G-00169		1900-01-01		Snodhill Castle	Herefordshire	52.057359		0	0	1		223
R	ECA	G-00170		1900-01-01		Clifford Castle	Herefordshire	52.10429		0	0	1		223
R	ECA	G-00171		1900-01-01		Stapleton Castle	Herefordshire	52.28391		0	0	1		223
R	ECA	G-00172		1900-01-01		Wigmore Castle	Herefordshire	52.31843		0	0	1		223
R	ECA	G-00173		1900-01-01		Croft Castle	Herefordshire	52.28434		0	0	1		223
R	ECA	G-00174		1900-01-01		Richards Castle	Herefordshire	52.32799		0	0	1		223
R	ECA	G-00175		1900-01-01		Walford Motte	Herefordshire	52.34637		0	0	1		223
R	ECA	G-00176		1900-01-01		Eardisland Castle	Herefordshire	52.222375		0	0	1		223
R	ECA	G-00177		1900-01-01		Castle Pool	Herefordshire	52.053701		0	0	1		223
R	ECA	G-00178		1900-01-01		Buildwas Abbey Manor	Shropshire	52.635894		0	0	1		223
R	ECA	G-00179		1900-01-01		Laysters Motte	Herefordshire	52.265325		0	0	1		223
R	ECA	G-00180		1900-01-01		Blyth Battery	Northumberland	55.107472		0	0	1		223
R	ECA	G-00181		1900-01-01		Wadenhoe Castle	Northamptonshire	52.438794		0	0	1		223
R	ECA	G-00182		1900-01-01		Aurbury Banks Hill Fort	Northamptonshire	52.032649		0	0	1		223
R	ECA	G-00183		1900-01-01		Gilmorton Motte and Moat	Leicestershire	52.48564		0	0	1		223
R	ECA	G-00184		1900-01-01		Stevington Castle	Bedfordshire	52.17095		0	0	1		223
R	ECA	G-00185		1900-01-01		Churchover Castle & Motte	Warwickshire	52.40460		0	0	1		223
R	ECA	G-00186		1900-01-01		Hill Ground Castle	Northamptonshire	52.389680		0	0	1		223
R	ECA	G-00187		1900-01-01		Middleton Stoney Castle	Oxfordshire	51.905001		0	0	1		223
R	ECA	G-00188		1900-01-01		Sapcote Castle	Leicestershire	52.535979		0	0	1		223
R	ECA	G-00189		1900-01-01		Thornton Hall	Northamptonshire	52.25932		0	0	1		223
R	ECA	G-00190		1900-01-01		Eastern Neston House	Northamptonshire	52.137455		0	0	1		223
R	ECA	G-00191		1900-01-01		Castle Dykes	Northamptonshire	52.205086		0	0	1		223
R	ECA	G-00192		1900-01-01		Culworth Castle	Oxfordshire	52.118628		0	0	1		223
R	ECA	G-00193		1900-01-01		Barton Seafrave Castle	Northamptonshire	52.38325		0	0	1		223
R	ECA	G-00194		1900-01-01		Sandown Fort	Isle of Wight	50.660426		0	0	1		223
R	ECA	G-00195		1900-01-01		Fort Southwick	Hampshire	50.859209		0	0	1		223
R	ECA	G-00196		1900-01-01		Fort Nelson	Hampshire	50.861039		0	0	1		223
R	ECA	G-00197		1900-01-01		Bembridge Fort	Isle of Wight	50.671182		0	0	1		223
R	ECA	G-00198		1900-01-01		Yarmouth Castle	Isle of Wight	50.706533		0	0	1		223
R	ECA	G-00199		1900-01-01		Rainsborough Hillfort	Northamptonshire	52.009629		0	0	1		223
R	ECA	G-00200		1900-01-01		Rushton Castle Tri Lodge	Northamptonshire	52.439455		0	0	1		223
R	ECA	G-00201		1900-01-01		Clare Castle	Suffolk	52.076973		0	0	1		223
R	ECA	G-00202		1900-01-01		Barnard Castle	County Durham	54.543466		0	0	1		223
R	ECA	G-00203		1900-01-01		Orford Castle	Suffolk	52.094193		0	0	1		223
R	ECA	G-00204		1900-01-01		Framlingham Castle	Suffolk	52.223917		0	0	1		223
R	ECA	G-00205		1900-01-01		Wingfield Castle	Suffolk	52.347839		0	0	1		223
R	ECA	G-00206		1900-01-01		Bungay Castle (Bigod)	Norfolk	52.456046		0	0	1		223
R	ECA	G-00207		1900-01-01		Weeting Castle	Norfolk	52.471209		0	0	1		223
R	ECA	G-00208		1900-01-01		Burghley House	Lincolnshire	52.642601		0	0	1		223
R	ECA	G-00209		1900-01-01		Baggrave Hall	Leicestershire	52.674455		0	0	1		223
R	ECA	G-00210		1900-01-01		Yelden Castle	Bedfordshire	52.291747		0	0	1		223
R	ECA	G-00211		1900-01-01		Kenwood House	City Of London	51.571555		0	0	1		223
R	ECA	G-00212		1900-01-01		Brinklow Castle	Warwickshire	52.412520		0	0	1		223
R	ECA	G-00213		1900-01-01		Cransley Motte	Northamptonshire	52.38214		0	0	1		223
R	ECA	G-00214		1900-01-01		Overstone Hall	Northamptonshire	52.283119		0	0	1		223
R	ECA	G-00215		1900-01-01		Harlaxton Manor	Lincolnshire	52.881128		0	0	1		223
R	ECA	G-00216		1900-01-01		Ecton Hall	Northamptonshire	52.264803		0	0	1		223
R	ECA	G-00217		1900-01-01		Beaumanor Hall	Leicestershire	52.736445		0	0	1		223
R	ECA	G-00218		1900-01-01		Grafton Manor	Northamptonshire	52.11476		0	0	1		223
R	ECA	G-00219		1900-01-01		Tamworth Castle	Warwickshire	52.630806		0	0	1		223
R	ECA	G-00220		1900-01-01		Kirby Muxloe Castle	Leicestershire	52.636802		0	0	1		223
R	ECA	G-00221		1900-01-01		Highclere Castle	Berkshire	51.326741		0	0	1		223
R	ECA	G-00222		1900-01-01		Buckingham Castle	Buckinghamshire	51.99795		0	0	1		223
R	ECA	G-00223		1900-01-01		Oxford Castle	Oxfordshire	51.751942		0	0	1		223
R	ECA	G-00224		1900-01-01		Minster Lovell Hall (Minster Lovell Manor)	Oxfordshire	51.79983		0	0	1		223
R	ECA	G-00225		1900-01-01		Odell Castle	Bedfordshire	52.21071		0	0	1		223
R	ECA	G-00226		1900-01-01		Podington Motte (Puddington Manor Farm)	Bedfordshire	52.25607		0	0	1		223
R	ECA	G-00227		1900-01-01		Wallingford Castle	Oxfordshire	51602655		0	0	1		223
R	ECA	G-00228		1900-01-01		Swerford Castle	Oxfordshire	51.97776		0	0	1		223
R	ECA	G-00229		1900-01-01		Hurst Castle	Hampshire	50.706482		0	0	1		223
R	ECA	G-00230		1900-01-01		Tonbridge Castle	Kent	51.196547		0	0	1		223
R	ECA	G-00231		1900-01-01		Ascott D'Oilly Castle	Oxfordshire	51.86936		0	0	1		223
R	ECA	G-00232		1900-01-01		Chipping Norton Castle	Oxfordshire	51.94469		0	0	1		223
R	ECA	G-00233		1900-01-01		Lincoln Castle	Lincolnshire	53.234620		0	0	1		223
R	ECA	G-00234		1900-01-01		Ayscoughfee Hall	Lincolnshire	52.784438		0	0	1		223
R	ECA	G-00235		1900-01-01		Belgrave Hall	Leicestershire	512.659471		0	0	1		223
R	ECA	G-00236		1900-01-01		Stone Castle	Kent	51.443409		0	0	1		223
R	ECA	G-00237		1900-01-01		Cowdray House	West Sussex	50.987380		0	0	1		223
R	ECA	G-00238		1900-01-01		Shornemead Fort	Kent	51.446687		0	0	1		223
R	ECA	G-00239		1900-01-01		Cliffe Fort	Kent	51.463614		0	0	1		223
R	ECA	G-00240		1900-01-01		Blenheim Palace	Oxfordshire	51.84228		0	0	1		223
R	ECA	G-00241		1900-01-01		Somerton Castle	Lincolnshire	53.117298		0	0	1		223
R	ECA	G-00242		1900-01-01		Tupholme Abbey	Lincolnshire	53.198329		0	0	1		223
R	ECA	G-00243		1900-01-01		Cooling Castle	Kent	51.455323		0	0	1		223
R	ECA	G-00244		1900-01-01		Kendal Castle	Cumbria	54.325086		0	0	1		223
R	ECA	G-00245		1900-01-01		Worcester Castle	Worcestershire	52.18683		0	0	1		223
R	ECA	G-00246		1900-01-01		Lawrence Castle (Haldon Belvedere)	Devon	50.664025		0	0	1		223
R	ECA	G-00247		1900-01-01		Upnor Castle	Kent	51.406848		0	0	1		223
R	ECA	G-00248		1900-01-01		Slough Fort	Kent	51.475673		0	0	1		223
R	ECA	G-00249		1900-01-01		Grain Fort (Tower Battery)	Kent	51.451670		0	0	1		223
R	ECA	G-00250		1900-01-01		Garrison Point Fort	Kent	51.446911		0	0	1		223
R	ECA	G-00251		1900-01-01		Tonge Castle	Kent	51.33860		0	0	1		223
R	ECA	G-00252		1900-01-01		Stowe Castle	Buckinghamshire	52.029229		0	0	1		223
R	ECA	G-00253		1900-01-01		Reculver Tower and Roman Fort	Kent	51.379529		0	0	1		223
R	ECA	G-00254		1900-01-01		Reculver Fort Regulbium	Kent	51.379058		0	0	1		223
R	ECA	G-00255		1900-01-01		Canterbury Castle	Kent	51.275635		0	0	1		223
R	ECA	G-00256		1900-01-01		Chilham Castle	Kent	51.243160		0	0	1		223
R	ECA	G-00257		1900-01-01		Sandown Castle	Kent	51.23843		0	0	1		223
R	ECA	G-00258		1900-01-01		Deal Castle	Kent	51.219554		0	0	1		223
R	ECA	G-00259		1900-01-01		Walmer Castle	Kent	51.200232		0	0	1		223
R	ECA	G-00260		1900-01-01		Fort Burgonyne	Kent	51.136377		0	0	1		223
R	ECA	G-00261		1900-01-01		Pontefract Castle	Yorkshire	53.695208		0	0	1		223
R	ECA	G-00262		1900-01-01		Lullingstone Castle	Kent	51.358102		0	0	1		223
R	ECA	G-00263		1900-01-01		Bolsover Castle	Derbyshire	53.230806		0	0	1		223
R	ECA	G-00264		1900-01-01		Ashby De La Zouch Castle	Leicestershire	52.746365		0	0	1		223
R	ECA	G-00265		1900-01-01		Leicester Castle	Leicestershire	52.63170		0	0	1		223
R	ECA	G-00266		1900-01-01		Normanby Hall	Lincolnshire	53.640670		0	0	1		223
R	ECA	G-00267		1900-01-01		Farnham Castle	Surrey	51.219081		0	0	1		223
R	ECA	G-00268		1900-01-01		Odiham Castle	Hampshire	51.26142		0	0	1		223
R	ECA	G-00269		1900-01-01		Woodcroft Castle	Cambridgeshire	52.626480		0	0	1		223
R	ECA	G-00270		1900-01-01		Bateman's (Manor House)	Sussex	50.989280		0	0	1		223
R	ECA	G-00271		1900-01-01		Hedingham Castle	Essex	51.992625		0	0	1		223
R	ECA	G-00272		1900-01-01		Martello Tower E	Essex	51.801023		0	0	1		223
R	ECA	G-00273		1900-01-01		Thorpe Waterville Castle	Northamptonshire	52.42131		0	0	1		223
R	ECA	G-00274		1900-01-01		Maxstoke Castle	Warwickshire	52.500248		0	0	1		223
R	ECA	G-00275		1900-01-01		Astley Hall (Chorley)	Lancashire	53.659512		0	0	1		223
R	ECA	G-00276		1900-01-01		Lavendon Castle	Buckinghamshire	52.180495		0	0	1		223
R	ECA	G-00277		1900-01-01		Shirburn Castle	Oxfordshire	51.65839		0	0	1		223
R	ECA	G-00278		1900-01-01		Guildford Castle	Surrey	51.234462		0	0	1		223
R	ECA	G-00279		1900-01-01		Walbury Hillfort	Berkshire	51.354421		0	0	1		223
R	ECA	G-00280		1900-01-01		Caesars Camp Bracknell Forest	Berkshire	51.384415		0	0	1		223
R	ECA	G-00281		1900-01-01		Caesars Camp Aldershot	Hampshire	51.245207		0	0	1		223
R	ECA	G-00282		1900-01-01		Dansbury Hillfort	Hampshire	51.137610		0	0	1		223
R	ECA	G-00283		1900-01-01		Bedford Castle Mound	Bedfordshire	52.135555		0	0	1		223
R	ECA	G-00284		1900-01-01		Seckington Castle Motte	Warwickshire	52.66515		0	0	1		223
R	ECA	G-00285		1900-01-01		Dover Castle	Kent	51.128890		0	0	1		223
R	ECA	G-00286		1900-01-01		Archcliff Fort	Kent	51.115269		0	0	1		223
R	ECA	G-00287		1900-01-01		Folkstone Castle Hill (Caesars Camp)	Kent	51.098292		0	0	1		223
R	ECA	G-00288		1900-01-01		Sandgate Castle	Kent	51.073468		0	0	1		223
R	ECA	G-00289		1900-01-01		Saltwood Hythe Castle	Kent	51.081870		0	0	1		223
R	ECA	G-00290		1900-01-01		Westernhanger Castle	Kent	51.094516		0	0	1		223
R	ECA	G-00291		1900-01-01		Lympne Castle	Kent	51.071984		0	0	1		223
R	ECA	G-00292		1900-01-01		Ilham Park and Hall	Staffordshire	53.054211		0	0	1		223
R	ECA	G-00293		1900-01-01		Leeds Castle	Kent	51.248708		0	0	1		223
R	ECA	G-00294		1900-01-01		Sutton Valence Castle	Kent	51.212523		0	0	1		223
R	ECA	G-00295		1900-01-01		Binbury Castle	Kent	51.312358		0	0	1		223
R	ECA	G-00296		1900-01-01		Thurnham Castle	Kent	51.294218		0	0	1		223
R	ECA	G-00297		1900-01-01		Leybourne Castle	Kent	51.30427		0	0	1		223
R	ECA	G-00298		1900-01-01		West Malling Castle (St. Leonards Tower)	Kent	51.288345		0	0	1		223
R	ECA	G-00299		1900-01-01		Eynsford Castle	Kent	51.370264		0	0	1		223
R	ECA	G-00300		1900-01-01		Buckingham Palace	City Of London	51.501431		0	0	1		223
R	ECA	G-00301		1900-01-01		Heath House	Staffordshire	52.950850		0	0	1		223
R	ECA	G-00302		1900-01-01		Leith Hill Tower	Surrey	51.176397		0	0	1		223
R	ECA	G-00303		1900-01-01		Mile Fortlet 21 (Crosscanonby) (Swarthy Hill)	Cumbria	54.746689		0	0	1		223
R	ECA	G-00304		1900-01-01		Yarnbury Castle (Yarnbury Camp)	Wiltshire	51.162650		0	0	1		223
R	ECA	G-00305		1900-01-01		Hoghton Tower	Lancashire	53.732677		0	0	1		223
R	ECA	G-00306		1900-01-01		Killerton House	Devon	50.791699		0	0	1		223
R	ECA	G-00307		1900-01-01		Dolebury Warren Hill Fort	Somerset	51.325879		0	0	1		223
R	ECA	G-00308		1900-01-01		Elsham Hall	Lincolnshire	53.592676		0	0	1		223
R	ECA	G-00309		1900-01-01		Farnborough Hill	Hampshire	51.301095		0	0	1		223
R	ECA	G-00310		1900-01-01		Stonehenge (UNESCO World Heirtage Site)	Wiltshire	51.179043		0	0	1		223
R	ECA	G-00311		1900-01-01		Woodbury Castle	Devon	50.677361		0	0	1		223
R	ECA	G-00312		1900-01-01		Old Sarum Castle	Wiltshire	51.089598		0	0	1		223
R	ECA	G-00313		1900-01-01		Ugbrooke House	Devon	50.591426		0	0	1		223
R	ECA	G-00314		1900-01-01		Morville Hall	Shropshire	52.542926		0	0	1		223
R	ECA	G-00315		1900-01-01		Portland Castle	Isle of Portland	50.568431		0	0	1		223
R	ECA	G-00316		1900-01-01		Rufus Castle	Isle of Portland	50.539679		0	0	1		223
R	ECA	G-00317		1900-01-01		Pennsylvania Castle	Isle of Portland	50.538906		0	0	1		223
R	ECA	G-00318		1900-01-01		Woburn Abbey	Bedfordshire	51.983101		0	0	1		223
R	ECA	G-00319		1900-01-01		Blacknor Fort	Dorset	50.543688		0	0	1		223
R	ECA	G-00320		1900-01-01		Kirby Hall	Northamptonshire	52.524652		0	0	1		223
R	ECA	G-00321		1900-01-01		Deene Park	Northamptonshire	52.518628		0	0	1		223
R	ECA	G-00322		1900-01-01		Castle Acre Castle	Norfolk	52.704123		0	0	1		223
R	ECA	G-00323		1900-01-01		Cockermouth Castle	Cumbria	54.664633		0	0	1		223
R	ECA	G-00324		1900-01-01		Aydon Castle	Northumberland	54.991607		0	0	1		223
R	ECA	G-00325		1900-01-01		Bellister Castle	Northumberland	54.960424		0	0	1		223
R	ECA	G-00326		1900-01-01		Belsay Castle	Northumberland	55.099587		0	0	1		223
R	ECA	G-00327		1900-01-01		Berwick Upon Tweed Castle and Ramparts	Northumberland	55.773687		0	0	1		223
R	ECA	G-00328		1900-01-01		Blenkinsopp Castle	Northumberland	54.973864		0	0	1		223
R	ECA	G-00329		1900-01-01		Bothal Castle	Northumberland	55.172555		0	0	1		223
R	ECA	G-00330		1900-01-01		Bywell Castle	Northumberland	54.950754		0	0	1		223
R	ECA	G-00331		1900-01-01		Callaly Castle	Northumberland	55.38253		0	0	1		223
R	ECA	G-00332		1900-01-01		Cartington Castle	Northumberland	55.33471		0	0	1		223
R	ECA	G-00333		1900-01-01		Chesters Roman Fort	Northumberland	55.028537		0	0	1		223
R	ECA	G-00334		1900-01-01		Chillingham Castle	Northumberland	55.526086		0	0	1		223
R	ECA	G-00335		1900-01-01		Chipchase Castle	Northumberland	55.080293		0	0	1		223
R	ECA	G-00336		1900-01-01		Alford Manor House	Lincolnshire	53.261635		0	0	1		223
R	ECA	G-00337		1900-01-01		Dalden Tower	County Durham	54.831888		0	0	1		223
R	ECA	G-00338		1900-01-01		Cresswell Pele Tower	Northumberland	55.233747		0	0	1		223
R	ECA	G-00339		1900-01-01		Dilston Castle	Northumberland	54.964319		0	0	1		223
R	ECA	G-00340		1900-01-01		Edlingham Castle	Northumberland	55.376903		0	0	1		223
R	ECA	G-00341		1900-01-01		Elsdon Castle	Northumberland	55.235556		0	0	1		223
R	ECA	G-00342		1900-01-01		Etal Castle	Northumberland	55.647326		0	0	1		223
R	ECA	G-00343		1900-01-01		Featherstone Castle	Northumberland	54.942294		0	0	1		223
R	ECA	G-00344		1900-01-01		Ford Castle	Northumberland	55.631482		0	0	1		223
R	ECA	G-00345		1900-01-01		Culverthorpe Hall	Lincolnshire	52.951001		0	0	1		223
R	ECA	G-00346		1900-01-01		Harbottle Castle	Northumberland	55.337291		0	0	1		223
R	ECA	G-00347		1900-01-01		Haughton Castle	Northumberland	55.05063		0	0	1		223
R	ECA	G-00348		1900-01-01		Housesteads Roman Fort	Northumberland	55.013265		0	0	1		223
R	ECA	G-00349		1900-01-01		Kielder Castle	Northumberland	55.236436		0	0	1		223
R	ECA	G-00350		1900-01-01		Langley Castle	Northumberland	54.956692		0	0	1		223
R	ECA	G-00351		1900-01-01		Mitford Castle	Northumberland	55.16341		0	0	1		223
R	ECA	G-00352		1900-01-01		Morpeth Castle	Northumberland	55.16357		0	0	1		223
R	ECA	G-00353		1900-01-01		Norham Castle	Northumberland	55.72185		0	0	1		223
R	ECA	G-00354		1900-01-01		Prudhoe Castle	Northumberland	54.96520		0	0	1		223
R	ECA	G-00355		1900-01-01		Rothley Castle	Northumberland	55.193105		0	0	1		223
R	ECA	G-00356		1900-01-01		Thirlwall Castle	Northumberland	54.988848		0	0	1		223
R	ECA	G-00357		1900-01-01		Twizell Castle	Northumberland	55.684158		0	0	1		223
R	ECA	G-00358		1900-01-01		Warkworth Castle	Northumberland	55.345279		0	0	1		223
R	ECA	G-00359		1900-01-01		Widdrington Castle	Northumberland	55.25552		0	0	1		223
R	ECA	G-00360		1900-01-01		Gosforth House	Tyne & Wear	55.035553		0	0	1		223
R	ECA	G-00361		1900-01-01		Hylton Castle	Tyne & Wear	54.922623		0	0	1		223
R	ECA	G-00362		1900-01-01		Ravensworth Castle	Tyne & Wear	54.926935		0	0	1		223
R	ECA	G-00363		1900-01-01		Tynemouth Castle	Tyne & Wear	55.017533		0	0	1		223
R	ECA	G-00364		1900-01-01		Irnham Hall	Lincolnshire	52.825893		0	0	1		223
R	ECA	G-00365		1900-01-01		Bowes Castle	County Durham	54.516891		0	0	1		223
R	ECA	G-00366		1900-01-01		Brancepeth Castle	County Durham	54.73420		0	0	1		223
R	ECA	G-00367		1900-01-01		Durham Castle	County Durham	5477538		0	0	1		223
R	ECA	G-00368		1900-01-01		Lambton Castle	County Durham	54.867340		0	0	1		223
R	ECA	G-00369		1900-01-01		Lumley Castle	County Durham	54.853371		0	0	1		223
R	ECA	G-00370		1900-01-01		Raby Castle	County Durham	54.591029		0	0	1		223
R	ECA	G-00371		1900-01-01		Walworth Castle	County Durham	54.56427		0	0	1		223
R	ECA	G-00372		1900-01-01		Whitworth Hall	County Durham	54.707306		0	0	1		223
R	ECA	G-00373		1900-01-01		Cholmondeley Castle	Cheshire	53.057379		0	0	1		223
R	ECA	G-00374		1900-01-01		Jaywick Martello Tower	Essex	51.772825		0	0	1		223
R	ECA	G-00375		1900-01-01		Borkerley Dyke	Dorset	50.962907		0	0	1		223
R	ECA	G-00376		1900-01-01		Middleham Castle	Yorkshire	54.284154		0	0	1		223
R	ECA	G-00377		1900-01-01		Pickering Castle	Yorkshire	54.250289		0	0	1		223
R	ECA	G-00378		1900-01-01		Richmond Castle	Yorkshire	54.402047		0	0	1		223
R	ECA	G-00379		1900-01-01		Thornton Abbey/Gatehouse	Yorkshire	53.655195		0	0	1		223
R	ECA	G-00380		1900-01-01		Wallington	Northumberland	55.152324		0	0	1		223
R	ECA	G-00381		1900-01-01		Tickhill Castle	Yorkshire	53.429693		0	0	1		223
R	ECA	G-00382		1900-01-01		Winchester Hill Fort	Northamptonshire	50.980638		0	0	1		223
R	ECA	G-00383		1900-01-01		Tickenhill Palace	Worcestershire	52.373766		0	0	1		223
R	ECA	G-00384		1900-01-01		Parsons Folly Tower	Worcestershire	52.059963		0	0	1		223
R	ECA	G-00385		1900-01-01		Mistlebury Hill Fort	Dorset	50.974735		0	0	1		223
R	ECA	G-00386		1900-01-01		Sherriff Hutton Old Castle	Yorkshire	54.087901		0	0	1		223
R	ECA	G-00387		1900-01-01		Sherriff Hutton Ringwork	Yorkshire	54.08774		0	0	1		223
R	ECA	G-00388		1900-01-01		Crayke Castle	Yorkshire	54.129009		0	0	1		223
R	ECA	G-00389		1900-01-01		Castle Howard	Yorkshire	54.121790		0	0	1		223
R	ECA	G-00390		1900-01-01		Hovingham Hall	Yorkshire	54.172312		0	0	1		223
R	ECA	G-00391		1900-01-01		Helmsley Castle	Yorkshire	54.244690		0	0	1		223
R	ECA	G-00392		1900-01-01		Cliffords Tower	Yorkshire	53.955879		0	0	1		223
R	ECA	G-00393		1900-01-01		Baile Hill Castle	Yorkshire	53.954029		0	0	1		223
R	ECA	G-00394		1900-01-01		Fort Purbrook	Hampshire	50.853919		0	0	1		223
R	ECA	G-00395		1900-01-01		Fort Widley	Hampshire	50.854321		0	0	1		223
R	ECA	G-00396		1900-01-01		Queen Eleanor Cross	Northamptonshire	52.217111		0	0	1		223
R	ECA	G-00397		1900-01-01		Skipton Castle	Yorkshire	53.963965		0	0	1		223
R	ECA	G-00398		1900-01-01		Barden Tower	Yorkshire	54.010725		0	0	1		223
R	ECA	G-00399		1900-01-01		Pendennis Castle	Cornwall	50.146126		0	0	1		223
R	ECA	G-00400		1900-01-01		Wokefield Estate	Berkshire	51.385347		0	0	1		223
R	ECA	G-00401		1900-01-01		Gibside Hall	Northumberland	54.924522		0	0	1		223
R	ECA	G-00402		1900-01-01		Elslack Roman Fort (Burwen Castle)	Yorkshire	53.941440		0	0	1		223
R	ECA	G-00403		1900-01-01		Ormesby Hall	Northumberland	54.543484		0	0	1		223
R	ECA	G-00404		1900-01-01		East Haddon Hall	Northamptonshire	52.308805		0	0	1		223
R	ECA	G-00405		1900-01-01		Coton Manor	Northamptonshire	52.338859		0	0	1		223
R	ECA	G-00406		1900-01-01		Marisco Castle	Lundy Island	51.163013		0	0	1		223
R	ECA	G-00407		1900-01-01		Ros Castle	Northumberland	55.521641		0	0	1		223
R	ECA	G-00408		1900-01-01		Preston Hall	Teesside	54.535640		0	0	1		223
R	ECA	G-00409		1900-01-01		Nunnington Hall	Yorkshire	54.205490		0	0	1		223
R	ECA	G-00410		1900-01-01		Northampton Guildhall	Northamptonshire	52.237311		0	0	1		223
R	ECA	G-00411		1900-01-01		Maiden Castle	County Durham	54.768923		0	0	1		223
R	ECA	G-00412		1900-01-01		Binchester Roman Fort	County Durham	54.676548		0	0	1		223
R	ECA	G-00413		1900-01-01		Piercebridge Roman Fort	County Durham	54.536049		0	0	1		223
R	ECA	G-00414		1900-01-01		Beamish Hall	County Durham	54.888164		0	0	1		223
R	ECA	G-00415		1900-01-01		Hamsterley Hall	County Durham	54.894569		0	0	1		223
R	ECA	G-00416		1900-01-01		Eggleston Hall	County Durham	54.606514		0	0	1		223
R	ECA	G-00417		1900-01-01		Washington Old Hall	Northumberland	54.902788		0	0	1		223
R	ECA	G-00418		1900-01-01		Wassand Hall	Yorkshire	53.898252		0	0	1		223
R	ECA	G-00419		1900-01-01		Wincobank Hillfort	Yorkshire	53.415273		0	0	1		223
R	ECA	G-00420		1900-01-01		Carl Wark Hillfort	Yorkshire	53.329396		0	0	1		223
R	ECA	G-00421		1900-01-01		Austhorpe Hall	Yorkshire	53.802292		0	0	1		223
R	ECA	G-00422		1900-01-01		Skelton Castle	North Yorkshire	54.564922		0	0	1		223
R	ECA	G-00423		1900-01-01		Stanwick Iron Age Hill Fort	North Yorkshire	54.506525		0	0	1		223
R	ECA	G-00424		1900-01-01		Becca Hall	Yorkshire	53.826567		0	0	1		223
R	ECA	G-00425		1900-01-01		Bolling Hall	Yorkshire	53.779053		0	0	1		223
R	ECA	G-00426		1900-01-01		Farnley Hall	Yorkshire	53.787308		0	0	1		223
R	ECA	G-00427		1900-01-01		Coupland Castle Pele Tower	Northumberland	55.574508		0	0	1		223
R	ECA	G-00428		1900-01-01		Coupland Castle	Northumberland	55.574226		0	0	1		223
R	ECA	G-00429		1900-01-01		Cornhill Castle	Northumberland	55.657663		0	0	1		223
R	ECA	G-00430		1900-01-01		Ewe Hill Hillfort	Northumberland	55.442093		0	0	1		223
R	ECA	G-00431		1900-01-01		Habitancum Roman Fort	Northumberland	55.170333		0	0	1		223
R	ECA	G-00432		1900-01-01		Goddards	Yorkshire	53.940211		0	0	1		223
R	ECA	G-00433		1900-01-01		Jervaulx Abbey	Yorkshire	54.266969		0	0	1		223
R	ECA	G-00434		1900-01-01		Vindobala Roman Fort	Northumberland	55.001967		0	0	1		223
R	ECA	G-00435		1900-01-01		Vindolanda Roman Fort	Northumberland	54.991206		0	0	1		223
R	ECA	G-00436		1900-01-01		Yeavering Bell Iron Age Hill Fort	Northumberland	55.55338		0	0	1		223
R	ECA	G-00437		1900-01-01		Eston Nab Iron Age Hill Fort	Teeside	54.556546		0	0	1		223
R	ECA	G-00438		1900-01-01		Wilton Castle	North Yorkshire	54.568907		0	0	1		223
R	ECA	G-00439		1900-01-01		Arbeia Roman Fort	Tyne & Wear	55.004102		0	0	1		223
R	ECA	G-00440		1900-01-01		Eston Nab Obelisk	Tyne & Wear	54.556961		0	0	1		223
R	ECA	G-00441		1900-01-01		Mount Grace Priory	Yorkshire	54.379967		0	0	1		223
R	ECA	G-00442		1900-01-01		Barmoor Castle	Northumberland	55.649095		0	0	1		223
R	ECA	G-00443		1900-01-01		Rye House Gatehouse	Hertfordshire	51.771094		0	0	1		223
R	ECA	G-00444		1900-01-01		St Briavels Castle	Gloucestershire	51.738026		0	0	1		223
R	ECA	G-00445		1900-01-01		Astley Castle	Warwickshire	52.502408		0	0	1		223
R	ECA	G-00446		1900-01-01		Beverley North Bar	Yorkshire	53.844943		0	0	1		223
R	ECA	G-00447		1900-01-01		Pooley Hall	Warwickshire	52.622170		0	0	1		223
R	ECA	G-00448		1900-01-01		Fort Paull	Yorkshire & The Humber	53.713131		0	0	1		223
R	ECA	G-00449		1900-01-01		Fort Amherst	Kent	51.387463		0	0	1		223
R	ECA	G-00450		1900-01-01		Rievaulx Terrace	Yorkshire	54.258453		0	0	1		223
R	ECA	G-00451		1900-01-01		Galava Ambleside Roman Fort	Cumbria	54.422463		0	0	1		223
R	ECA	G-00452		1900-01-01		Kilnwick Percy Hall	Yorkshire	53.938406		0	0	1		223
R	ECA	G-00453		1900-01-01		Bull Sand Fort	Yorkshire	53.567647		0	0	1		223
R	ECA	G-00454		1900-01-01		Cadbury Castle	Somerset	51.024585		0	0	1		223
R	ECA	G-00455		1900-01-01		Lydford Castle	Devon	50.643723		0	0	1		223
R	ECA	G-00456		1900-01-01		The Abbey	Sutton Courtenay	Oxfordshire		0	0	1		223
R	ECA	G-00457		1900-01-01		Farleigh Hungerford Castle	Somerset	51.317742		0	0	1		223
R	ECA	G-00458		1900-01-01		Nunney Castle	Somerset	51.210308		0	0	1		223
R	ECA	G-00459		1900-01-01		Barley Hall	Yorkshire	53.960848		0	0	1		223
R	ECA	G-00460		1900-01-01		Hampton Court Palace	City of London	51.403678		0	0	1		223
R	ECA	G-00461		1900-01-01		Toddington Castle (Conger Hill Motte)	Bedfordshire	51.949611		0	0	1		223
R	ECA	G-00462		1900-01-01		Markenfield Hall	Yorkshire	54.101613		0	0	1		223
R	ECA	G-00463		1900-01-01		Scarborough Castle	Yorkshire	54.287815		0	0	1		223
R	ECA	G-00464		1900-01-01		Ordsall Hall	Lancashire	53.469383		0	0	1		223
R	ECA	G-00465		1900-01-01		Castle Hill Slight Univallate Hillfort	Yorkshire	53.622919		0	0	1		223
R	ECA	G-00466		1900-01-01		Renishaw Hall	Derbyshire	53.302613		0	0	1		223
R	ECA	G-00467		1900-01-01		Egton Manor	Yorkshire	54.435617		0	0	1		223
R	ECA	G-00468		1900-01-01		Flamborough Castle	Yorkshire	54.114197		0	0	1		223
R	ECA	G-00469		1900-01-01		Haile Sand Fort	Yorkshire	53.534668		0	0	1		223
R	ECA	G-00470		1900-01-01		Knaresborough Castle	Yorkshire	54.007206		0	0	1		223
R	ECA	G-00471		1900-01-01		Mulgrave Castle	Yorkshire	54.493599		0	0	1		223
R	ECA	G-00472		1900-01-01		Sutton Scarsdale Hall	Derbyshire	53.215442		0	0	1		223
R	ECA	G-00473		1900-01-01		Bretby Hall	Derbyshire	52.799447		0	0	1		223
R	ECA	G-00474		1900-01-01		Skipsea Castle	Yorkshire	53.978809		0	0	1		223
R	ECA	G-00475		1900-01-01		Snape Castle	Yorkshire	54.25452		0	0	1		223
R	ECA	G-00476		1900-01-01		Spofforth Castle	Yorkshire	53.954944		0	0	1		223
R	ECA	G-00477		1900-01-01		Stone Creek Anti Aircraft Battery	Yorkshire	53.650793		0	0	1		223
R	ECA	G-00478		1900-01-01		Topcliffe Castle - Cock Lodge (Manor Hills)	Yorkshire	54.17054		0	0	1		223
R	ECA	G-00479		1900-01-01		Topcliffe Castle - Maiden Bower	Yorkshire	54.169756		0	0	1		223
R	ECA	G-00480		1900-01-01		Neves Castle	Shropshire	52.661942		0	0	1		223
R	ECA	G-00481		1900-01-01		Thornbridge Hall	Derbyshire	53.235003		0	0	1		223
R	ECA	G-00482		1900-01-01		Ednaston Manor	Derbyshire	52.977744		0	0	1		223
R	ECA	G-00483		1900-01-01		Tapton House	Derbyshire	53.246438		0	0	1		223
R	ECA	G-00484		1900-01-01		Breadsall Priory	Derbyshire	52.968813		0	0	1		223
R	ECA	G-00485		1900-01-01		Wakefield Castle	Yorkshire	53.673591		0	0	1		223
R	ECA	G-00486		1900-01-01		Whorlton Castle	Yorkshire	54.415496		0	0	1		223
R	ECA	G-00487		1900-01-01		York City Walls	Yorkshire	53.96024		0	0	1		223
R	ECA	G-00488		1900-01-01		Beningbrough Hall	Yorkshire	54.020639		0	0	1		223
R	ECA	G-00489		1900-01-01		Fairfax House	Yorkshire	53.956842		0	0	1		223
R	ECA	G-00490		1900-01-01		Mansion House	Yorkshire	53.960027		0	0	1		223
R	ECA	G-00491		1900-01-01		Sion Hill Hall	Yorkshire	54.254641		0	0	1		223
R	ECA	G-00492		1900-01-01		Sutton Park	Yorkshire	54.074202		0	0	1		223
R	ECA	G-00493		1900-01-01		Treasurers House	Yorkshire	53.962781		0	0	1		223
R	ECA	G-00494		1900-01-01		East Riddlesden Hall	Yorkshire	53.874820		0	0	1		223
R	ECA	G-00495		1900-01-01		Oakwell Hall	Yorkshire	53.739864		0	0	1		223
R	ECA	G-00496		1900-01-01		Bradfield Castle Hill	Yorkshire	53.42697		0	0	1		223
R	ECA	G-00497		1900-01-01		Doncaster Castle	Yorkshire	53.52578		0	0	1		223
R	ECA	G-00498		1900-01-01		Kimberworth Motte	Yorkshire	53.43682		0	0	1		223
R	ECA	G-00499		1900-01-01		Henley Fort	Surrey	51.230596		0	0	1		223
R	ECA	G-00500		1900-01-01		Bagshaw Hall	Derbyshire	53.214241		0	0	1		223
R	ECA	G-00501		1900-01-01		Stokesay Castle	Shropshire	52.430324		0	0	1		223
R	ECA	G-00502		1900-01-01		Sandal Castle	Yorkshire	53.658646		0	0	1		223
R	ECA	G-00503		1900-01-01		Whittington Castle & Motte	Lancashire	54.18062		0	0	1		223
R	ECA	G-00504		1900-01-01		Cockermouth Tute Hill Motte (Timber Castle	Earthwork Remains	Scheduled Monument)		0	0	1		223
R	ECA	G-00505		1900-01-01		Castercliff (Iron Age Multivallate Hillfort)	Lancashire	53.841775		0	0	1		223
R	ECA	G-00506		1900-01-01		Thurland Castle	Lancashire	54.151955		0	0	1		223
R	ECA	G-00507		1900-01-01		Radbourne Hall	Derbyshire	52.917364		0	0	1		223
R	ECA	G-00508		1900-01-01		Laughton-en-le-Morthen Castle	Yorkshire	53.388211		0	0	1		223
R	ECA	G-00509		1900-01-01		Brocavum Roman Fort	Cumbria	54.653090		0	0	1		223
R	ECA	G-00510		1900-01-01		Gledstone Hall	Yorkshire	53.957392		0	0	1		223
R	ECA	G-00511		1900-01-01		Hornby Castle	Lancashire	54.111498		0	0	1		223
R	ECA	G-00512		1900-01-01		Manor Lodge	Yorkshire	53.374229		0	0	1		223
R	ECA	G-00513		1900-01-01		Peel Hill Motte & Bailey Castle	Yorkshire	53.612285		0	0	1		223
R	ECA	G-00514		1900-01-01		Abbey House	Cumbria	54.138713		0	0	1		223
R	ECA	G-00515		1900-01-01		Harewood House	Yorkshire	53.897083		0	0	1		223
R	ECA	G-00516		1900-01-01		Carlton Towers	Yorkshire	53.706549		0	0	1		223
R	ECA	G-00517		1900-01-01		Burton Agnes Hall	Yorkshire	54.053619		0	0	1		223
R	ECA	G-00518		1900-01-01		Ripley Castle	Yorkshire	54.040400		0	0	1		223
R	ECA	G-00519		1900-01-01		Temple Newsam	Yorkshire	53.787813		0	0	1		223
R	ECA	G-00520		1900-01-01		Kiplin Hall	Yorkshire	54.372022		0	0	1		223
R	ECA	G-00521		1900-01-01		Pendragon Castle	Cumbria	54.418753		0	0	1		223
R	ECA	G-00522		1900-01-01		Dacre Castle	Cumbria	54.630731		0	0	1		223
R	ECA	G-00523		1900-01-01		Brougham Castle	Cumbria	54.654170		0	0	1		223
R	ECA	G-00524		1900-01-01		Bewcastle Castle	Cumbria	55.064936		0	0	1		223
R	ECA	G-00525		1900-01-01		St Ives Estate	Yorkshire	53.846908		0	0	1		223
R	ECA	G-00526		1900-01-01		Kirkoswald Castle	Cumbria	54.762284		0	0	1		223
R	ECA	G-00527		1900-01-01		Clifton Hall Pele Tower	Cumbria	54.637028		0	0	1		223
R	ECA	G-00528		1900-01-01		Arnside Pele Tower	Cumbria	54.184521		0	0	1		223
R	ECA	G-00529		1900-01-01		Muncaster Castle	Cumbria	54.354866		0	0	1		223
R	ECA	G-00530		1900-01-01		Aldford Castle	Cheshire	53.130185		0	0	1		223
R	ECA	G-00531		1900-01-01		Gleaston Castle Ruins	Cumbria	54.134062		0	0	1		223
R	ECA	G-00532		1900-01-01		King Arthur's Round Table	Cumbria	54.64818		0	0	1		223
R	ECA	G-00533		1900-01-01		Mayburgh Henge	Cumbria	54.648774		0	0	1		223
R	ECA	G-00534		1900-01-01		Burton Constable Hall	Yorkshire	53.813937		0	0	1		223
R	ECA	G-00535		1900-01-01		Hardknott Roman Fort	Cumbria	54.402722		0	0	1		223
R	ECA	G-00536		1900-01-01		Furness Abbey	Cumbria	54.135494		0	0	1		223
R	ECA	G-00537		1900-01-01		Kingsgate Castle	Kent	51.382613		0	0	1		223
R	ECA	G-00538		1900-01-01		Fillingham Castle (in Gainsborough)	Lincolnshire	53.362528		0	0	1		223
R	ECA	G-00539		1900-01-01		Roman Villa at Kirk Sink (Scheduled Monument)	Yorkshire	53.9777		0	0	1		223
R	ECA	G-00540		1900-01-01		Chester Castle	Cheshire	53.185403		0	0	1		223
R	ECA	G-00541		1900-01-01		Mountfitchet Castle (Ringwork & Bailey Fortification)	Essex	51.903693		0	0	1		223
R	ECA	G-00542		1900-01-01		Hampstead Norris Castle (Motte & Bailey	Earthworks)	Berkshire		0	0	1		223
R	ECA	G-00543		1900-01-01		Sedgwick Castle	Sussex	51.03008		0	0	1		223
R	ECA	G-00544		1900-01-01		Newby Hall	Yorkshire	54.101699		0	0	1		223
R	ECA	G-00545		1900-01-01		Sewerby Hall	Yorkshire	54.103297		0	0	1		223
R	ECA	G-00546		1900-01-01		Alverstoke Motte (Timber Castle)	Hampshire	50.797404		0	0	1		223
R	ECA	G-00547		1900-01-01		Dobroyd Castle	Yorkshire	53.710643		0	0	1		223
R	ECA	G-00548		1900-01-01		Brantingham Thorpe	Yorkshire	53.750059		0	0	1		223
R	ECA	G-00549		1900-01-01		Houghton Hall	Yorkshire	53.841110		0	0	1		223
R	ECA	G-00550		1900-01-01		Garrowby Hall	Yorkshire	54.004928		0	0	1		223
R	ECA	G-00551		1900-01-01		Sledmere House	Yorkshire	54.070392		0	0	1		223
R	ECA	G-00552		1900-01-01		Dalton Hall	Yorkshire	53.893034		0	0	1		223
R	ECA	G-00553		1900-01-01		Rise Hall	Yorkshire	53.861037		0	0	1		223
R	ECA	G-00554		1900-01-01		Woodsome Hall	Yorkshire	53.626314		0	0	1		223
R	ECA	G-00555		1900-01-01		Creskeld Hall	Yorkshire	53.894680		0	0	1		223
R	ECA	G-00556		1900-01-01		Bowcliffe Hall	Yorkshire	53.874723		0	0	1		223
R	ECA	G-00557		1900-01-01		Holdsworth House	Yorkshire	53.758018		0	0	1		223
R	ECA	G-00558		1900-01-01		Bramham Park	Yorkshire	53.870186		0	0	1		223
R	ECA	G-00559		1900-01-01		Shibden Hall	Yorkshire	53.728549		0	0	1		223
R	ECA	G-00560		1900-01-01		Lammerside Castle	Cumbria	54.437929		0	0	1		223
R	ECA	G-00561		1900-01-01		Bratton Castle (Camp) Hillfort	Wiltshire	51.263895		0	0	1		223
R	ECA	G-00562		1900-01-01		Lotherton Hall	Yorkshire	53.819001		0	0	1		223
R	ECA	G-00563		1900-01-01		Wentworth Castle	Yorkshire	53.527628		0	0	1		223
R	ECA	G-00564		1900-01-01		Thornton Watlass Hall	Yorkshire	54.267458		0	0	1		223
R	ECA	G-00565		1900-01-01		Wykeham Abbey	Yorkshire	54.223953		0	0	1		223
R	ECA	G-00566		1900-01-01		Fountains Hall	Yorkshire	54.109760		0	0	1		223
R	ECA	G-00567		1900-01-01		Austwick Hall	Yorkshire	54.115157		0	0	1		223
R	ECA	G-00568		1900-01-01		Grassfield Hall	Yorkshire	54.088189		0	0	1		223
R	ECA	G-00569		1900-01-01		Brockfield Hall	Yorkshire	53.986808		0	0	1		223
R	ECA	G-00570		1900-01-01		Castlerigg Stone Circle	Cumbria	54.602881		0	0	1		223
R	ECA	G-00571		1900-01-01		Maryport Roman Fort (Alauna Carvetiorum)	Hadrians Wall	54.720789		0	0	1		223
R	ECA	G-00572		1900-01-01		Carlisle Castle	Cumbria	54.897049		0	0	1		223
R	ECA	G-00573		1900-01-01		Dartmouth Castle (Artillery Castle)	Devon	50.341846		0	0	1		223
R	ECA	G-00574		1900-01-01		Mapperton House	Dorset	50.794469		0	0	1		223
R	ECA	G-00575		1900-01-01		Athelhampton House	Dorset	50.747635		0	0	1		223
R	ECA	G-00576		1900-01-01		Martello Tower (Slaughden)	Suffolk	52.137758		0	0	1		223
R	ECA	G-00577		1900-01-01		Berry Pomeroy Castle	Devon	50.449244		0	0	1		223
R	ECA	G-00578		1900-01-01		Okehampton Castle	Devon	50.730824		0	0	1		223
R	ECA	G-00579		1900-01-01		Tiverton Castle	Devon	50.906168		0	0	1		223
R	ECA	G-00580		1900-01-01		Totnes Castle	Devon	50.431995		0	0	1		223
R	ECA	G-00581		1900-01-01		St. Catherine's Castle	Cornwall	50.328351		0	0	1		223
R	ECA	G-00582		1900-01-01		Launceston Castle	Cornwall	50.637578		0	0	1		223
R	ECA	G-00583		1900-01-01		Restormel Castle	Cornwall	50.421639		0	0	1		223
R	ECA	G-00584		1900-01-01		St Michaels Mount	Cornwall	50.116223		0	0	1		223
R	ECA	G-00585		1900-01-01		St Mawes Castle	Cornwall	50.155605		0	0	1		223
R	ECA	G-00586		1900-01-01		Tintagel Castle	Cornwall	50.667355		0	0	1		223
R	ECA	G-00587		1900-01-01		Daws Castle	Somerset	51.181534		0	0	1		223
R	ECA	G-00588		1900-01-01		Fursdon House	Devon	50.831382		0	0	1		223
R	ECA	G-00589		1900-01-01		Knightshayes Court	Devon	50.929241		0	0	1		223
R	ECA	G-00590		1900-01-01		Castle Drogo	Devon	50.696003		0	0	1		223
R	ECA	G-00591		1900-01-01		A La Rhonde	Devon	50.641637		0	0	1		223
R	ECA	G-00592		1900-01-01		Hartland Abbey	Devon	50.996625		0	0	1		223
R	ECA	G-00593		1900-01-01		Chambercombe Manor	Devon	51.202059		0	0	1		223
R	ECA	G-00594		1900-01-01		Hemyock Castle	Devon	50.912156		0	0	1		223
R	ECA	G-00595		1900-01-01		Compton Castle	Devon	50.472604		0	0	1		223
R	ECA	G-00596		1900-01-01		Montacute House	Somerset	50.951901		0	0	1		223
R	ECA	G-00597		1900-01-01		Clevedon Court	Somerset	51.440260		0	0	1		223
R	ECA	G-00598		1900-01-01		Caerhays Castle	Cornwall	50.239476		0	0	1		223
R	ECA	G-00599		1900-01-01		Bradley Manor House	Devon	50.526237		0	0	1		223
R	ECA	G-00600		1900-01-01		Hembury Fort	Devon	50.820645		0	0	1		223
R	ECA	G-00601		1900-01-01		Hembury Fort House	Devon	50.815153		0	0	1		223
R	ECA	G-00602		1900-01-01		Berry Head North Fort	Devon	50.399088		0	0	1		223
R	ECA	G-00603		1900-01-01		Berry Head South Fort	Devon	50.395321		0	0	1		223
R	ECA	G-00604		1900-01-01		Beacon Castle	Devon	51.197737		0	0	1		223
R	ECA	G-00605		1900-01-01		Belbury Castle	Devon	50.738560		0	0	1		223
R	ECA	G-00606		1900-01-01		Berry Camp (Berry Cliff)	Devon	50.687771		0	0	1		223
R	ECA	G-00607		1900-01-01		Berry Castle (Black Dog)	Devon	50.870426		0	0	1		223
R	ECA	G-00608		1900-01-01		Berry Castle (Huntshaw) Hillfort	Devon	50.980604		0	0	1		223
R	ECA	G-00609		1900-01-01		Berry's Wood Earthwork	Devon	50.527731		0	0	1		223
R	ECA	G-00610		1900-01-01		Blackbury Camp	Devon	50.725942		0	0	1		223
R	ECA	G-00611		1900-01-01		Blackdown Rings	Devon	50.353628		0	0	1		223
R	ECA	G-00612		1900-01-01		Bolt Tail Iron Age Promontory Fort	Devon	50.242031		0	0	1		223
R	ECA	G-00613		1900-01-01		Boringdon Camp Earthwork	Devon	50.41874		0	0	1		223
R	ECA	G-00614		1900-01-01		Burley Wood Hillfort	Devon	50.666916		0	0	1		223
R	ECA	G-00615		1900-01-01		Burridge Fort	Devon	51.098078		0	0	1		223
R	ECA	G-00616		1900-01-01		Bishops Waltham Bishops Palace (Masonry Castle	Palace)	Hampshire		0	0	1		223
R	ECA	G-00617		1900-01-01		Audley Flete House	Devon	50.346987		0	0	1		223
R	ECA	G-00618		1900-01-01		Castle Close	Devon	50.952654		0	0	1		223
R	ECA	G-00619		1900-01-01		Castle Dyke	Devon	50.582855		0	0	1		223
R	ECA	G-00620		1900-01-01		Castle Head Promontory Fort	Devon	50.584620		0	0	1		223
R	ECA	G-00621		1900-01-01		Castle Hill Iron Age Hillfort	Devon	50.933574		0	0	1		223
R	ECA	G-00622		1900-01-01		Clovelly Dyke	Devon	50.985765		0	0	1		223
R	ECA	G-00623		1900-01-01		Cotley Castle Hillfort	Devon	50.694200		0	0	1		223
R	ECA	G-00624		1900-01-01		Cranbrook Castle Hillfort	Devon	50.687104		0	0	1		223
R	ECA	G-00625		1900-01-01		Cranmore Castle	Devon	50.896027		0	0	1		223
R	ECA	G-00626		1900-01-01		Fowlescombe House (Ruins)	Devon	50.381975		0	0	1		223
R	ECA	G-00627		1900-01-01		Denbury Camp	Devon	50.504377		0	0	1		223
R	ECA	G-00628		1900-01-01		Dewerstone Hillfort	Devon	50.455062		0	0	1		223
R	ECA	G-00629		1900-01-01		Embury Beacon	Devon	50.937653		0	0	1		223
R	ECA	G-00630		1900-01-01		Dumpdon Hillfort	Devon	50.829871		0	0	1		223
R	ECA	G-00631		1900-01-01		Dolbury Hillfort (near Killerton House)	Devon	50.794229		0	0	1		223
R	ECA	G-00632		1900-01-01		Halwell Camp	Devon	50.366471		0	0	1		223
R	ECA	G-00633		1900-01-01		Hawkesdown Camp Hillfort	Devon	50.717700		0	0	1		223
R	ECA	G-00634		1900-01-01		Affeton Castle (Fortified Manor House) (East Worlington)	Devon	50.90928		0	0	1		223
R	ECA	G-00635		1900-01-01		Gidleigh Castle	Devon	50.68035		0	0	1		223
R	ECA	G-00636		1900-01-01		Hillsborough Hillfort	Devon	51.209350		0	0	1		223
R	ECA	G-00637		1900-01-01		Holbury Hillfort	Devon	50.338221		0	0	1		223
R	ECA	G-00638		1900-01-01		Holne Chase Castle	Devon	50.533349		0	0	1		223
R	ECA	G-00639		1900-01-01		Huntsham Castle (Iron Age Hillfort)	Devon	50.951245		0	0	1		223
R	ECA	G-00640		1900-01-01		Kentisbury Round Barrows andCamp	Devon	51.173045		0	0	1		223
R	ECA	G-00641		1900-01-01		Great Bidlake Manor	Devon	50.678091		0	0	1		223
R	ECA	G-00642		1900-01-01		Great Fulford	Devon	50.712512		0	0	1		223
R	ECA	G-00643		1900-01-01		Membury Castle Hillfort	Devon	50.820822		0	0	1		223
R	ECA	G-00644		1900-01-01		Milber Down Hillfort	Devon	50.517435		0	0	1		223
R	ECA	G-00645		1900-01-01		Mockham Down Hillfort	Devon	51.105995		0	0	1		223
R	ECA	G-00646		1900-01-01		Musbury Castle	Devon	50.743057		0	0	1		223
R	ECA	G-00647		1900-01-01		Northcott Wood Camp	Devon	50.701300		0	0	1		223
R	ECA	G-00648		1900-01-01		Langdon Court	Devon	50.328621		0	0	1		223
R	ECA	G-00649		1900-01-01		Higher Bury Camp	Devon	50.748600		0	0	1		223
R	ECA	G-00650		1900-01-01		Posbury Hillfort	Devon	50.761875		0	0	1		223
R	ECA	G-00651		1900-01-01		Prestonbury Castle Hillfort	Devon	50.696580		0	0	1		223
R	ECA	G-00652		1900-01-01		Roborough Castle Hillfort	Devon	51.122205		0	0	1		223
R	ECA	G-00653		1900-01-01		Seaton Down Fort	Devon	50.719857		0	0	1		223
R	ECA	G-00654		1900-01-01		Shoulsbury Castle Hillfort	Devon	51.13644		0	0	1		223
R	ECA	G-00655		1900-01-01		Sidbury Castle Hillfort	Devon	50.714960		0	0	1		223
R	ECA	G-00656		1900-01-01		Slapton Castle Hillfort	Devon	50.287077		0	0	1		223
R	ECA	G-00657		1900-01-01		Smythapark Hillfort	Devon	51.128871		0	0	1		223
R	ECA	G-00658		1900-01-01		Stanborough Hillfort	Devon	50.352096		0	0	1		223
R	ECA	G-00659		1900-01-01		Stockland Great Castle	Devon	50.817932		0	0	1		223
R	ECA	G-00660		1900-01-01		Stockland Little Castle	Devon	50.826860		0	0	1		223
R	ECA	G-00661		1900-01-01		Stoke Hill Camp	Devon	50.751237		0	0	1		223
R	ECA	G-00662		1900-01-01		Voley Castle	Devon	51.201871		0	0	1		223
R	ECA	G-00663		1900-01-01		Wasteberry Camp	Devon	50.368114		0	0	1		223
R	ECA	G-00664		1900-01-01		Wind Hillfort (Countisbury Castle)	Devon	51.228947		0	0	1		223
R	ECA	G-00665		1900-01-01		Windbury Head Hillfort (Camp)	Devon	51.013400		0	0	1		223
R	ECA	G-00666		1900-01-01		Bishopton Castle Hill	County Durham	54.58189		0	0	1		223
R	ECA	G-00667		1900-01-01		Cotherstone Castle	County Durham	54.575006		0	0	1		223
R	ECA	G-00668		1900-01-01		Wooston Castle	Devon	50.692500		0	0	1		223
R	ECA	G-00669		1900-01-01		Hembury Castle	Torridge	Devon		0	0	1		223
R	ECA	G-00670		1900-01-01		Yellowberries Copse Hillfort	Devon	50.413879		0	0	1		223
R	ECA	G-00671		1900-01-01		Castle Neroche	Somerset	50.935444		0	0	1		223
R	ECA	G-00672		1900-01-01		Wellington Monument	Somerset	50.948057		0	0	1		223
R	ECA	G-00673		1900-01-01		Brayton Hall	Cumbria	54.771539		0	0	1		223
R	ECA	G-00674		1900-01-01		Harby Brow Tower (Pele Tower)	Cumbria	54.762043		0	0	1		223
R	ECA	G-00675		1900-01-01		Whitehall Pele Tower	Cumbria	54.762758		0	0	1		223
R	ECA	G-00676		1900-01-01		Hayton Castle	Cumbria	54.762605		0	0	1		223
R	ECA	G-00677		1900-01-01		Isel Hall	Cumbria	54.691208		0	0	1		223
R	ECA	G-00678		1900-01-01		Maryport Castle Hill	Cumbria	54.71215		0	0	1		223
R	ECA	G-00679		1900-01-01		Netherhall Pele Tower (in Cumberland)	Cumbria	54.71580		0	0	1		223
R	ECA	G-00680		1900-01-01		Wigton Roman Fort (Maglona)	Cumbria	54.807305		0	0	1		223
R	ECA	G-00681		1900-01-01		Caer Mote (Hill fort)	Cumbria	54.728202		0	0	1		223
R	ECA	G-00682		1900-01-01		Armathwaite Hall	Cumbria	54.681071		0	0	1		223
R	ECA	G-00683		1900-01-01		Bassenfell Manor	Cumbria	54.682958		0	0	1		223
R	ECA	G-00684		1900-01-01		Mirehouse	Cumbria	54.644642		0	0	1		223
R	ECA	G-00685		1900-01-01		Egremont Castle	Cumbria	54.479924		0	0	1		223
R	ECA	G-00686		1900-01-01		Long Meg & Her Daughters (Stone Circle)	Cumbria	54.727828		0	0	1		223
R	ECA	G-00687		1900-01-01		Drumburgh Castle	Cumbria	54.927200		0	0	1		223
R	ECA	G-00688		1900-01-01		Allen Knott Fort	Cumbria	54.401463		0	0	1		223
R	ECA	G-00689		1900-01-01		Ashton House	Cumbria	54.209326		0	0	1		223
R	ECA	G-00690		1900-01-01		Carrock Fell Hillfort	Cumbria	54.693472		0	0	1		223
R	ECA	G-00691		1900-01-01		Castle Crag (Borrowdale)	Cumbria	54.533223		0	0	1		223
R	ECA	G-00692		1900-01-01		Castle Crag (Haweswater)	Cumbria	54.507287		0	0	1		223
R	ECA	G-00693		1900-01-01		Askham Hall	Cumbria	54.607455		0	0	1		223
R	ECA	G-00694		1900-01-01		Barrow House	Cumbria	54.570152		0	0	1		223
R	ECA	G-00695		1900-01-01		Brougham Hall	Cumbria	54.648058		0	0	1		223
R	ECA	G-00696		1900-01-01		Castle Howe	(Kendal)	Cumbria		0	0	1		223
R	ECA	G-00697		1900-01-01		Castlesteads	Cumbria	54.9618		0	0	1		223
R	ECA	G-00698		1900-01-01		Cowmire Hall	Cumbria	54.291100		0	0	1		223
R	ECA	G-00699		1900-01-01		Croglam Castle	Cumbria	54.464117		0	0	1		223
R	ECA	G-00700		1900-01-01		Dunmallard Hillfort	Cumbria	54.614091		0	0	1		223
R	ECA	G-00701		1900-01-01		Dallam Tower	Cumbria	54.222893		0	0	1		223
R	ECA	G-00702		1900-01-01		Randalholme Hall (Bastle)	Cumbria	54.83106		0	0	1		223
R	ECA	G-00703		1900-01-01		Knipe Scar Hillfort	Cumbria	54.566612		0	0	1		223
R	ECA	G-00704		1900-01-01		Fawe Park	Cumbria	54.592153		0	0	1		223
R	ECA	G-00705		1900-01-01		Flass House	Cumbria	54.535140		0	0	1		223
R	ECA	G-00706		1900-01-01		Graythwaite Hall	Cumbria	54.313747		0	0	1		223
R	ECA	G-00707		1900-01-01		West Stow Hall	Suffolk	52.305439		0	0	1		223
R	ECA	G-00708		1900-01-01		Holker Hall	Cumbria	54.188298		0	0	1		223
R	ECA	G-00709		1900-01-01		Pennington Castle Hill	Cumbria	54.1902072		0	0	1		223
R	ECA	G-00710		1900-01-01		Cartmel Priory Gatehouse	Cumbria	54.200984		0	0	1		223
R	ECA	G-00711		1900-01-01		Claife Viewing Station	Cumbria	54.351197		0	0	1		223
R	ECA	G-00712		1900-01-01		Derwent Island House	Cumbria	54.591301		0	0	1		223
R	ECA	G-00713		1900-01-01		Conishead Priory	Cumbria	54.173052		0	0	1		223
R	ECA	G-00714		1900-01-01		Levens Hall	Cumbria	54.258826		0	0	1		223
R	ECA	G-00715		1900-01-01		Wordsworth House	Cumbria	54.663611		0	0	1		223
R	ECA	G-00716		1900-01-01		Aldingham Moat Hill	Cumbria	54.121850		0	0	1		223
R	ECA	G-00717		1900-01-01		Castle Howe (Tebay)	Cumbria	54.440357		0	0	1		223
R	ECA	G-00718		1900-01-01		Haresceugh Castle	Cumbria	54.77868		0	0	1		223
R	ECA	G-00719		1900-01-01		Hartley Castle	Cumbria	54.468908		0	0	1		223
R	ECA	G-00720		1900-01-01		Hayes Castle	Cumbria	54.58847		0	0	1		223
R	ECA	G-00721		1900-01-01		High Head Castle	Cumbria	54.78132		0	0	1		223
R	ECA	G-00722		1900-01-01		Liddel Strength Castle	Cumbria	55.05831		0	0	1		223
R	ECA	G-00723		1900-01-01		Liddel Strength Tower	Cumbria	55.05849		0	0	1		223
R	ECA	G-00724		1900-01-01		Sedbergh Castlehaw Tower (Motte & Bailey)	Cumbria	54.325312		0	0	1		223
R	ECA	G-00725		1900-01-01		Triermain Castle	Cumbria	54.99412		0	0	1		223
R	ECA	G-00726		1900-01-01		Armathwaite Castle	Cumbria	54.80525		0	0	1		223
R	ECA	G-00727		1900-01-01		Askerton Castle	Cumbria	5501587		0	0	1		223
R	ECA	G-00728		1900-01-01		Beetham Hall (Scheduled Monument)	Cumbria	54.2048		0	0	1		223
R	ECA	G-00729		1900-01-01		Hollin Hall (Pele Tower)	Cumbria	54.227720		0	0	1		223
R	ECA	G-00730		1900-01-01		Blencowe Hall	Cumbria	54.685571		0	0	1		223
R	ECA	G-00731		1900-01-01		Brackenburgh Old Tower	Cumbria	54.73773		0	0	1		223
R	ECA	G-00732		1900-01-01		Brackenhill Tower	Cumbria	55.01677		0	0	1		223
R	ECA	G-00733		1900-01-01		Branthwaite Hall	Cumbria	54.614478		0	0	1		223
R	ECA	G-00734		1900-01-01		Broughton Tower	Cumbria	54.280845		0	0	1		223
R	ECA	G-00735		1900-01-01		Burneside Hall	Cumbria	54.355643		0	0	1		223
R	ECA	G-00736		1900-01-01		Catterlen Hall	Cumbria	54.681001		0	0	1		223
R	ECA	G-00737		1900-01-01		Corby Castle	Cumbria	54.87918		0	0	1		223
R	ECA	G-00738		1900-01-01		Dalston Hall	Cumbria	54.855133		0	0	1		223
R	ECA	G-00739		1900-01-01		Dalton Castle	Cumbria	54.155459		0	0	1		223
R	ECA	G-00740		1900-01-01		Drawdykes Castle	Cumbria	54.91822		0	0	1		223
R	ECA	G-00741		1900-01-01		Greystoke Castle	Cumbria	54.670129		0	0	1		223
R	ECA	G-00742		1900-01-01		Hazelslack Tower	Cumbria	54.202534		0	0	1		223
R	ECA	G-00743		1900-01-01		Howgill Castle	Cumbria	54.657755		0	0	1		223
R	ECA	G-00744		1900-01-01		Hutton-in-the-Forest	Cumbria	54.719273		0	0	1		223
R	ECA	G-00745		1900-01-01		Hutton John	Cumbria	54.63460		0	0	1		223
R	ECA	G-00746		1900-01-01		Ingmire Hall	Cumbria	54.320904		0	0	1		223
R	ECA	G-00747		1900-01-01		Langdale Chase	Cumbria	54.406955		0	0	1		223
R	ECA	G-00748		1900-01-01		Kirkandrews Tower	Cumbria	55.03812		0	0	1		223
R	ECA	G-00749		1900-01-01		Linstock Castle	Cumbria	54.91778		0	0	1		223
R	ECA	G-00750		1900-01-01		Lowther Castle	Cumbria	54.608054		0	0	1		223
R	ECA	G-00751		1900-01-01		Middleton Hall	Cumbria	54.2812		0	0	1		223
R	ECA	G-00752		1900-01-01		Millom Castle	Cumbria	54.22094		0	0	1		223
R	ECA	G-00753		1900-01-01		Naworth Castle	Cumbria	54.95608		0	0	1		223
R	ECA	G-00754		1900-01-01		Lingholm Lodge (Grade II Listed Building)	Cumbria	54.589966		0	0	1		223
R	ECA	G-00755		1900-01-01		Penrith Castle	Cumbria	54.662175		0	0	1		223
R	ECA	G-00756		1900-01-01		Polhawn Fort	Cornwall	50.321705		0	0	1		223
R	ECA	G-00757		1900-01-01		Rose Castle	Cumbria	54.807025		0	0	1		223
R	ECA	G-00758		1900-01-01		Scaleby Castle	Cumbria	54.953910		0	0	1		223
R	ECA	G-00759		1900-01-01		Sizergh Castle	Cumbria	54.284247		0	0	1		223
R	ECA	G-00760		1900-01-01		Toppin Castle	Cumbria	54.905533		0	0	1		223
R	ECA	G-00761		1900-01-01		Overwater Halll	Cumbria	54.701290		0	0	1		223
R	ECA	G-00762		1900-01-01		Wharton Hall	Cumbria	54.4509		0	0	1		223
R	ECA	G-00763		1900-01-01		Workington Hall	Cumbria	54.644675		0	0	1		223
R	ECA	G-00764		1900-01-01		Wray Castle	Cumbria	54.400780		0	0	1		223
R	ECA	G-00765		1900-01-01		Wraysholme Tower	Cumbria	54.170880		0	0	1		223
R	ECA	G-00766		1900-01-01		Yanwath Hall	Cumbria	54.646291		0	0	1		223
R	ECA	G-00767		1900-01-01		Hadrians Wall	Cumbria	54.990056		0	0	1		223
R	ECA	G-00768		1900-01-01		Colchester Castle	Essex	51.890673		0	0	1		223
R	ECA	G-00769		1900-01-01		Landguard Fort	Suffolk	51.939080		0	0	1		223
R	ECA	G-00770		1900-01-01		Longthorpe Tower	Cambridgeshire	52.270836		0	0	1		223
R	ECA	G-00771		1900-01-01		Ford Castle	Sussex	50.82418		0	0	1		223
R	ECA	G-00772		1900-01-01		Norwich Castle	Norfolk	52.628966		0	0	1		223
R	ECA	G-00773		1900-01-01		Tilbury Fort	London	51.452687		0	0	1		223
R	ECA	G-00774		1900-01-01		Baconsthorpe Castle	Norfolk	52.899435		0	0	1		223
R	ECA	G-00775		1900-01-01		Cambridge Castle (Castle Hill)	Cambridgeshire	52.21194		0	0	1		223
R	ECA	G-00776		1900-01-01		Great Ashfield Castle	Suffolk	52.269611		0	0	1		223
R	ECA	G-00777		1900-01-01		Hadleigh Castle	Essex	51.544687		0	0	1		223
R	ECA	G-00778		1900-01-01		Haughley Castle	Suffolk	52.223252		0	0	1		223
R	ECA	G-00779		1900-01-01		Huntingdon Castle Hills (Motte & Bailey)	Cambridgeshire	52.327218		0	0	1		223
R	ECA	G-00780		1900-01-01		Lidgate Castle (Motte & Bailey)	Suffolk	52.195223		0	0	1		223
R	ECA	G-00781		1900-01-01		Mount Bures Castle	Essex	51.95883		0	0	1		223
R	ECA	G-00782		1900-01-01		Waldon Castle	Essex	52.025539		0	0	1		223
R	ECA	G-00783		1900-01-01		Waytemore Castle	Hertfordshire	51.871930		0	0	1		223
R	ECA	G-00784		1900-01-01		Eye Castle	Suffolk	52.320150		0	0	1		223
R	ECA	G-00785		1900-01-01		Branodunum Roman Fort	Norfolk	52.966919		0	0	1		223
R	ECA	G-00786		1900-01-01		Blakeney Guildhall	Norfolk	52.955623		0	0	1		223
R	ECA	G-00787		1900-01-01		Blickling Hall	Norfolk	52.811730		0	0	1		223
R	ECA	G-00788		1900-01-01		Felbrigg Hall	Norfolk	52.914455		0	0	1		223
R	ECA	G-00789		1900-01-01		Holkham Hall	Norfolk	52.949928		0	0	1		223
R	ECA	G-00790		1900-01-01		How Hill House	Norfolk	52.717193		0	0	1		223
R	ECA	G-00791		1900-01-01		Kelling Hall	Norfolk	52.932717		0	0	1		223
R	ECA	G-00792		1900-01-01		Oxburgh Hall	Norfolk	52.581124		0	0	1		223
R	ECA	G-00793		1900-01-01		Oxnead Hall	Norfolk	52.768026		0	0	1		223
R	ECA	G-00794		1900-01-01		Sandringham House	Norfolk	52.829691		0	0	1		223
R	ECA	G-00795		1900-01-01		Sheringham Hall	Norfolk	52.93592		0	0	1		223
R	ECA	G-00796		1900-01-01		Sprowston Manor	Norfolk	52.664989		0	0	1		223
R	ECA	G-00797		1900-01-01		Euston Hall	Norfolk	52.373276		0	0	1		223
R	ECA	G-00798		1900-01-01		Wolterton & Mannington Estate	Norfolk	52.843870		0	0	1		223
R	ECA	G-00799		1900-01-01		Bloodgate Hill Iron Age Fort	Norfolk	52.883836		0	0	1		223
R	ECA	G-00800		1900-01-01		Holkham Camp	Norfolk	52.967323		0	0	1		223
R	ECA	G-00801		1900-01-01		Warham Camp	Norfolk	52.930170		0	0	1		223
R	ECA	G-00802		1900-01-01		Old Buckenham Castle	Norfolk	52.49182		0	0	1		223
R	ECA	G-00803		1900-01-01		New Buckenham Castle	Norfolk	52.47170		0	0	1		223
R	ECA	G-00804		1900-01-01		Denton (Darrow Green)(Motte & Bailey)	Norfolk	52.4556		0	0	1		223
R	ECA	G-00805		1900-01-01		Dilham Castle (Hall)	Norfolk	52.78319		0	0	1		223
R	ECA	G-00806		1900-01-01		Gresham Castle	Norfolk	52.89643		0	0	1		223
R	ECA	G-00807		1900-01-01		Horsford Castle Hill	Norfolk	5269405		0	0	1		223
R	ECA	G-00808		1900-01-01		Hunworth Castle Hill	Norfolk	52.87463		0	0	1		223
R	ECA	G-00809		1900-01-01		Mileham Castle	Norfolk	52.73699		0	0	1		223
R	ECA	G-00810		1900-01-01		Middleton Motte	Norfolk	52.72008		0	0	1		223
R	ECA	G-00811		1900-01-01		North Elmham Bishops Castle	Norfolk	52.75551		0	0	1		223
R	ECA	G-00812		1900-01-01		Thetford Castle Hill	Norfolk	52.41126		0	0	1		223
R	ECA	G-00813		1900-01-01		Wormegay Castle	Norfolk	52.67789		0	0	1		223
R	ECA	G-00814		1900-01-01		Claxton Castle	Norfolk	52.58163		0	0	1		223
R	ECA	G-00815		1900-01-01		Cow Tower	Norfolk	52.634378		0	0	1		223
R	ECA	G-00816		1900-01-01		Abbotsbury Castle	Dorset	50.677113		0	0	1		223
R	ECA	G-00817		1900-01-01		Badbury Rings (Iron Age Hillfort)	Dorset	50.826464		0	0	1		223
R	ECA	G-00818		1900-01-01		Banbury Hill (Iron Age Hillfort)	Dorset	50.906482		0	0	1		223
R	ECA	G-00819		1900-01-01		Bindon Hill (Iron Age Earthwork)	Dorset	50.622536		0	0	1		223
R	ECA	G-00820		1900-01-01		Buzbury Rings (Iron Age Hillfort)	Dorset	50.852974		0	0	1		223
R	ECA	G-00821		1900-01-01		Chalbury Hillfort	Dorset	50.653369		0	0	1		223
R	ECA	G-00822		1900-01-01		Coney's Castle (Iron Age Hillfort)	Dorset	50.775234		0	0	1		223
R	ECA	G-00823		1900-01-01		Dungeon Hill (Iron Age Hillfort)	Dorset	50.865362		0	0	1		223
R	ECA	G-00824		1900-01-01		Eggardon Hill (Hillfort)	Dorset	50.750024		0	0	1		223
R	ECA	G-00825		1900-01-01		Flower's Barrow (Iron Age Hillfort)	Dorset	50.624850		0	0	1		223
R	ECA	G-00826		1900-01-01		Hambledon Hill (Prehistoric Hillfort)	Dorset	50.913715		0	0	1		223
R	ECA	G-00827		1900-01-01		Hod Hill (Large Hillfort)	Dorset	50.895299		0	0	1		223
R	ECA	G-00828		1900-01-01		Lambert's Castle (Iron Age Hillfort)	Dorset	50.785307		0	0	1		223
R	ECA	G-00829		1900-01-01		Lewesdon Hill (Hillfort)	Dorset	50.808084		0	0	1		223
R	ECA	G-00830		1900-01-01		Maiden Castle (Iron Age Hillfort)	Dorset	50.695623		0	0	1		223
R	ECA	G-00831		1900-01-01		Pilsdon Pen (Hillfort)	Dorset	50.807676		0	0	1		223
R	ECA	G-00832		1900-01-01		Poundbury Hill (Bronze Age Hillfort)	Dorset	50.717784		0	0	1		223
R	ECA	G-00833		1900-01-01		Rawlsbury Camp (Iron Age Hillfort)	Dorset	50.851381		0	0	1		223
R	ECA	G-00834		1900-01-01		Woolsbarrow Hillfort	Dorset	50.732405		0	0	1		223
R	ECA	G-00835		1900-01-01		East Chelborough Castle Hill	Dorset	50.84625		0	0	1		223
R	ECA	G-00836		1900-01-01		Marshwood Castle	Dorset	50.77574		0	0	1		223
R	ECA	G-00837		1900-01-01		Powerstock Castle	Dorset	50.76112		0	0	1		223
R	ECA	G-00838		1900-01-01		Sturminster Newton Castle	Dorset	50.92052		0	0	1		223
R	ECA	G-00839		1900-01-01		Wareham Castle	Dorset	50.68422		0	0	1		223
R	ECA	G-00840		1900-01-01		Brownsea Castle	Dorset	50.68834		0	0	1		223
R	ECA	G-00841		1900-01-01		Christchurch Castle (Norman House)	Dorset	50.733921		0	0	1		223
R	ECA	G-00842		1900-01-01		Corfe Castle	Dorset	50.641957		0	0	1		223
R	ECA	G-00843		1900-01-01		Lulworth Castle	Dorset	50.639954		0	0	1		223
R	ECA	G-00844		1900-01-01		Sandsfoot Castle	Dorset	50.595405		0	0	1		223
R	ECA	G-00845		1900-01-01		Sherborne Old Castle	Dorset	50.949577		0	0	1		223
R	ECA	G-00846		1900-01-01		Woodsford Castle	Dorset	50.712497		0	0	1		223
R	ECA	G-00847		1900-01-01		Kingston Lacy (17th Century Mansion)	Dorset	50.811109		0	0	1		223
R	ECA	G-00848		1900-01-01		Wolfeton House	Dorset	50.728038		0	0	1		223
R	ECA	G-00849		1900-01-01		Max Gate	Dorset	50.708159		0	0	1		223
R	ECA	G-00850		1900-01-01		Ashleys Copse (Iron Age Hillfort)	Hampshire	51.112428		0	0	1		223
R	ECA	G-00851		1900-01-01		Balksbury (Bronze Age Hillfort)	Hampshire	51.198265		0	0	1		223
R	ECA	G-00852		1900-01-01		Beacon Hill (Iron Age Hillfort)	Hampshire	51.312596		0	0	1		223
R	ECA	G-00853		1900-01-01		Bevisbury (Iron Age Fort)	Hampshire	51.285146		0	0	1		223
R	ECA	G-00854		1900-01-01		Buckland Rings (Iron Age Hillfort)	Hampshire	50.770324		0	0	1		223
R	ECA	G-00855		1900-01-01		Bullsdown Camp (Iron Age Hillfort)	Hampshire	51.320685		0	0	1		223
R	ECA	G-00856		1900-01-01		Bury Hill (Iron Age Hillfort)	Hampshire	51.190320		0	0	1		223
R	ECA	G-00857		1900-01-01		Lockerley Camp (Iron Age Hillfort)	Hampshire	51.031700		0	0	1		223
R	ECA	G-00858		1900-01-01		Castle Hill (Iron Age Hillfort)	Hampshire	50.834543		0	0	1		223
R	ECA	G-00859		1900-01-01		Chilworth Ring (Iron Age Hillfort)	Hampshire	50.950968		0	0	1		223
R	ECA	G-00860		1900-01-01		Tatchbury Mount Hillfort (Iron Age Hillfort)	Hampshire	50.928123		0	0	1		223
R	ECA	G-00861		1900-01-01		Dunwood Camp (Iron Age Hillfort)	Hampshire	51.006125		0	0	1		223
R	ECA	G-00862		1900-01-01		Avington Park	Hampshire	51.088756		0	0	1		223
R	ECA	G-00863		1900-01-01		Hamble Common Camp (Iron Age Hillfort)	Hampshire	50.851571		0	0	1		223
R	ECA	G-00864		1900-01-01		Knoll Camp (Iron Age Hillfort)	Hampshire	50.966037		0	0	1		223
R	ECA	G-00865		1900-01-01		Ladle Hill (Site of Special Scientific Interest)	Hampshire	51.308743		0	0	1		223
R	ECA	G-00866		1900-01-01		Houghton Lodge	Hampshire	51.096431		0	0	1		223
R	ECA	G-00867		1900-01-01		Merdon Castle	Hampshire	51.035934		0	0	1		223
R	ECA	G-00868		1900-01-01		Norsebury Ring (Iron Age Hillfort)	Hampshire	51.157915		0	0	1		223
R	ECA	G-00869		1900-01-01		Gilbert White's House	Hampshire	51.097854		0	0	1		223
R	ECA	G-00870		1900-01-01		Quarley Hill (Iron Age Hillfort)	Hampshire	51.179510		0	0	1		223
R	ECA	G-00871		1900-01-01		St Catherine's Hill (Biological Site of Special Scientific Interest)	Hampshire	51.046335		0	0	1		223
R	ECA	G-00872		1900-01-01		Tidbury Ring (Iron Age Hillfort)	Hampshire	51.183519		0	0	1		223
R	ECA	G-00873		1900-01-01		The Frith (Iron Age Hillfort)	Hampshire	51.363759 -1.1013554		0	0	1		223
R	ECA	G-00874		1900-01-01		Toothill Fort	(Toothill Ring	Toothill Camp) (Iron Age Hillfort)		0	0	1		223
R	ECA	G-00875		1900-01-01		Tourner Bury (Iron Age Hillfort)	Hampshire	50.793826		0	0	1		223
R	ECA	G-00876		1900-01-01		Whitsbury Castle (Iron Age Hillfort)	Hampshire	50.976391		0	0	1		223
R	ECA	G-00877		1900-01-01		Woolbury Ring (Iron Age Hillfort)	Hampshire	51.115811		0	0	1		223
R	ECA	G-00878		1900-01-01		Breamore House and Museum	Hampshire	50.970701		0	0	1		223
R	ECA	G-00879		1900-01-01		Broadlands Estate (English Country House)	Hampshire	50.980579		0	0	1		223
R	ECA	G-00880		1900-01-01		Stansted Park (Grade II Stately Home)	Hampshire	50.887900		0	0	1		223
R	ECA	G-00881		1900-01-01		Uppark House	Hampshire	50.952416		0	0	1		223
R	ECA	G-00882		1900-01-01		The Vyne (Tudor Mansion)	Hampshire	51.306910		0	0	1		223
R	ECA	G-00883		1900-01-01		Bulbury Camp Hillfort	Dorset	50.747421		0	0	1		223
R	ECA	G-00884		1900-01-01		Stratfield Saye House	Berkshire	51.349202		0	0	1		223
R	ECA	G-00885		1900-01-01		Mottisfont Abbey	Hampshire	51.040071		0	0	1		223
R	ECA	G-00886		1900-01-01		Dogbury Hill	Hampshire	50.844833		0	0	1		223
R	ECA	G-00887		1900-01-01		Dudsbury Camp (Iron Age Hillfort)	Hampshire	50.780900		0	0	1		223
R	ECA	G-00888		1900-01-01		Hengistbury Head (Ancient Monument)	Hampshire	50.716127		0	0	1		223
R	ECA	G-00889		1900-01-01		Nettlecombe Tout (Lyscombe Hill) (Iron Age Hillfort)	Hampshire	50.817402		0	0	1		223
R	ECA	G-00890		1900-01-01		Penbury Knoll (Iron Age Hillfort)	Hampshire	50.966815		0	0	1		223
R	ECA	G-00891		1900-01-01		Spetisbury Rings (Iron Age Earthworks)	Hampshire	50.817240		0	0	1		223
R	ECA	G-00892		1900-01-01		Weatherby Castle Hillfort	Dorset	50.765559		0	0	1		223
R	ECA	G-00893		1900-01-01		Woodbury Hill Camp (Iron Age Hillfort	Scheduled Monument)	Dorset		0	0	1		223
R	ECA	G-00894		1900-01-01		Oram's Arbour (Iron Age Enclosed Settlement)	Hampshire	51.064799		0	0	1		223
R	ECA	G-00895		1900-01-01		Basing House (Timber Castle	Fortified Manor House	Scheduled Monument)		0	0	1		223
R	ECA	G-00896		1900-01-01		Barley Pound (Crondall) (Earth and Timber Ringworks)	Hampshire	51.21351		0	0	1		223
R	ECA	G-00897		1900-01-01		Hinton Ampner	Hampshire	51043577		0	0	1		223
R	ECA	G-00898		1900-01-01		Powderham Castle (Crondall) (Earthwork Motte and Bailey Fortress)	Hampshire	51.21540		0	0	1		223
R	ECA	G-00899		1900-01-01		Rowlands Castle	Hampshire	50.88970		0	0	1		223
R	ECA	G-00900		1900-01-01		St Andrews Castle	Hampshire	50.85145		0	0	1		223
R	ECA	G-00901		1900-01-01		Warblington Castle	Havant	Hampshire		0	0	1		223
R	ECA	G-00902		1900-01-01		Woodgarston Castle	Woodgarston St Lawrence	Hampshire		0	0	1		223
R	ECA	G-00903		1900-01-01		Calshot Castle	Hampshire	50.81986		0	0	1		223
R	ECA	G-00904		1900-01-01		Netley Castle	Hampshire	50.87732		0	0	1		223
R	ECA	G-00905		1900-01-01		Portchester Castle	Hampshire	50.83801		0	0	1		223
R	ECA	G-00906		1900-01-01		Southampton Castle	Hampshire	50.90065		0	0	1		223
R	ECA	G-00907		1900-01-01		Southsea Castle	Hampshire	50.77811		0	0	1		223
R	ECA	G-00908		1900-01-01		Winchester Castle	Hampshire	51.06261		0	0	1		223
R	ECA	G-00909		1900-01-01		Wolvesey Castle	Hampshire	51.05909		0	0	1		223
R	ECA	G-00910		1900-01-01		Heslington Hall	Yorkshire	53.945921		0	0	1		223
R	ECA	G-00911		1900-01-01		Ravenglass Roman Fort	Hadrians Wall	54.350836		0	0	1		223
R	ECA	G-00912		1900-01-01		Chawton House	Hampshire	51.128134		0	0	1		223
R	ECA	G-00913		1900-01-01		Wallsend Roman Fort (Segedunum)	Hadrians Wall	54.988480		0	0	1		223
R	ECA	G-00914		1900-01-01		The Grange	Northington	Hampshire		0	0	1		223
R	ECA	G-00915		1900-01-01		Benwell Roman Fort (Condercum)	Hadrians Wall	54.976215		0	0	1		223
R	ECA	G-00916		1900-01-01		Rudchester Roman Fort (Vindobala)	Hadrians Wall	55.002039		0	0	1		223
R	ECA	G-00917		1900-01-01		Throp Roman Fortlett	Hadrians Wall	54.986968		0	0	1		223
R	ECA	G-00918		1900-01-01		Halton Roman Fort (Onnum)	Hadrians Wall	55.010129		0	0	1		223
R	ECA	G-00919		1900-01-01		Brampton Old Church Roman Fort	Hadrians Wall	54.945733		0	0	1		223
R	ECA	G-00920		1900-01-01		Carrowburgh Roman Fort (Temple of Mithras)	Hadrians Wall	55.033859		0	0	1		223
R	ECA	G-00921		1900-01-01		Birdoswald Roman Fort	Hadrians Wall	54.990033		0	0	1		223
R	ECA	G-00922		1900-01-01		Chesters Roman Fort (Aesica)	Hadrians Wall	55.028639		0	0	1		223
R	ECA	G-00923		1900-01-01		Carvoran Roman Fort (Magnis)	Hadrians Wall	54.9848530548		0	0	1		223
R	ECA	G-00924		1900-01-01		Pike Hill Signal Tower	Hadrians Wall	54.975904		0	0	1		223
R	ECA	G-00925		1900-01-01		Brampton Turrett 48A & B	Hadrians Wall	54.989860		0	0	1		223
R	ECA	G-00926		1900-01-01		Black Carts Turret	Hadrians Wall	55.036105		0	0	1		223
R	ECA	G-00927		1900-01-01		Heddon on the Wall	Hadrians Wall	54.996613		0	0	1		223
R	ECA	G-00928		1900-01-01		Brunton Turret	Hadrians Wall	55.023121		0	0	1		223
R	ECA	G-00929		1900-01-01		Castlesteads Roman Fort (Camboglanna)	Hadrians Wall	54.962343		0	0	1		223
R	ECA	G-00930		1900-01-01		Denton Hall Turret	Hadrians Wall	54.984145		0	0	1		223
R	ECA	G-00931		1900-01-01		Corbridge Roman Fort	Hadrians Wall	54.978348		0	0	1		223
R	ECA	G-00932		1900-01-01		Turrets 51A (Pipe Sike) & B (Leanhill)	Hadrians Wall	54.980766		0	0	1		223
R	ECA	G-00933		1900-01-01		Bank East Turret 52A	Hadrians Wall	54.975332		0	0	1		223
R	ECA	G-00934		1900-01-01		Mile Castle 35 Roman Fort (Sewing Shields)	Hadrians Wall	55.025928		0	0	1		223
R	ECA	G-00935		1900-01-01		Bremenium Roman Fort	Hadrians Wall (Tyne & Wear)	55.281923		0	0	1		223
R	ECA	G-00936		1900-01-01		Mile Castle 48 Roman Fort (Poltross Burn)	Hadrians Wall	54.989146		0	0	1		223
R	ECA	G-00937		1900-01-01		Mile Castle 49 Roman Fort (Harrows Scar)	Hadrians Wall	54.990933		0	0	1		223
R	ECA	G-00938		1900-01-01		Mile Castle 42 Roman Fort (Cawfields)	Hadrians Wall	54.994031		0	0	1		223
R	ECA	G-00939		1900-01-01		Mile Castle 37 Roman Fort (Housesteads)	Hadrians Wall	55.012440		0	0	1		223
R	ECA	G-00940		1900-01-01		Kynpersley Hall	Staffordsire	52.88562		0	0	1		223
R	ECA	G-00941		1900-01-01		Moseley Old Hall	Staffordshire	52.637470		0	0	1		223
R	ECA	G-00942		1900-01-01		Shugborough Hall	Staffordshire	52.800100		0	0	1		223
R	ECA	G-00943		1900-01-01		Wall Roman Site	Staffordshire	52.657115		0	0	1		223
R	ECA	G-00944		1900-01-01		Stockfield Park House	Yorkshire	53.936323		0	0	1		223
R	ECA	G-00945		1900-01-01		Braithwaite Hall	Yorkshire	54.267659		0	0	1		223
R	ECA	G-00946		1900-01-01		Moulton Hall	Yorkshire	54.426244		0	0	1		223
R	ECA	G-00947		1900-01-01		Aldby Park	Yorkshire	54.016527		0	0	1		223
R	ECA	G-00948		1900-01-01		Middlethorpe Hall	Yorkshire	53.930705		0	0	1		223
R	ECA	G-00949		1900-01-01		Rudding Park	Yorkshire	53.973744		0	0	1		223
R	ECA	G-00950		1900-01-01		Birdsall House	Yorkshire	54.072791		0	0	1		223
R	ECA	G-00951		1900-01-01		Thorp Perrow Hall	Yorkshire	54.263944		0	0	1		223
R	ECA	G-00952		1900-01-01		Newburgh Priory	Yorkshire	54.181248		0	0	1		223
R	ECA	G-00953		1900-01-01		Broughton Hall Estate	Yorkshire	53.953626		0	0	1		223
R	ECA	G-00954		1900-01-01		Amport House	Hampshire	51.195318		0	0	1		223
R	ECA	G-00955		1900-01-01		Bentworth Hall	Hampshire	51.147768		0	0	1		223
R	ECA	G-00956		1900-01-01		Beaurepaire House	Hampshire	51.318934		0	0	1		223
R	ECA	G-00957		1900-01-01		Goldsborough Hall	Yorkshire	53.999141		0	0	1		223
R	ECA	G-00958		1900-01-01		Duncombe Park	Yorkshire	54.239114		0	0	1		223
R	ECA	G-00959		1900-01-01		Swinton Park Estate	Yorkshire	54.213696		0	0	1		223
R	ECA	G-00960		1900-01-01		Grantley Hall	Yorkshire	54.119054		0	0	1		223
R	ECA	G-00961		1900-01-01		Aske Hall	Yorkshire	54.426050		0	0	1		223
R	ECA	G-00962		1900-01-01		Howsham Hall	Yorkshire	54.059137		0	0	1		223
R	ECA	G-00963		1900-01-01		Scampston Hall	Yorkshire	54.168396		0	0	1		223
R	ECA	G-00964		1900-01-01		Bolton Hall	Yorkshire	54.303460		0	0	1		223
R	ECA	G-00965		1900-01-01		Bolton Abbey Priory	Yorkshire	54.789442 -1.888760		0	0	1		223
R	ECA	G-00966		1900-01-01		Beaurepaire Priory Ruins	County Durham	53.88488		0	0	1		223
R	ECA	G-00967		1900-01-01		Bardsey Castle	Yorkshire	53.88488		0	0	1		223
R	ECA	G-00968		1900-01-01		Barwick In Elmet Hall	Tower Hill	Yorkshire		0	0	1		223
R	ECA	G-00969		1900-01-01		Sowerby Castle Hill	Yorkshire	53.70630		0	0	1		223
R	ECA	G-00970		1900-01-01		Wetherby Castle	Yorkshire	53.92747		0	0	1		223
R	ECA	G-00971		1900-01-01		Sleaford Castle	Lincolnshire	52.9966757		0	0	1		223
R	ECA	G-00972		1900-01-01		Bolingbroke Castle	Lincolnshire	53.165338		0	0	1		223
R	ECA	G-00973		1900-01-01		Woodhead Castle	Great Casterton	Rutland		0	0	1		223
R	ECA	G-00974		1900-01-01		Aughton Castle Hill	East Riding of Yorkshire	53.83973		0	0	1		223
R	ECA	G-00975		1900-01-01		Baynard Castle	Cottingham	East Riding of Yorkshire		0	0	1		223
R	ECA	G-00976		1900-01-01		Great Driffield Castle (Moat Hill)	East Riding of Yorkshire	54.01031		0	0	1		223
R	ECA	G-00977		1900-01-01		Hunmanby Castle Hill	East Riding of Yorkshire	54.18161		0	0	1		223
R	ECA	G-00978		1900-01-01		Swine Castle Hill	East Riding of Yorkshire	53.79330		0	0	1		223
R	ECA	G-00979		1900-01-01		Wressle Castle	East Riding of Yorkshire	53.77541		0	0	1		223
R	ECA	G-00980		1900-01-01		Haughley Park	Suffolk	52.220830		0	0	1		223
R	ECA	G-00981		1900-01-01		Glemham Hall	Suffolk	52.180629		0	0	1		223
R	ECA	G-00982		1900-01-01		Aston Hall	Yorkshire	53.361418		0	0	1		223
R	ECA	G-00983		1900-01-01		Ickworth	Suffolk	52.220374		0	0	1		223
R	ECA	G-00984		1900-01-01		Kentwell Hall	Suffolk	52.088376		0	0	1		223
R	ECA	G-00985		1900-01-01		Melford Hall	Suffolk	52.082689		0	0	1		223
R	ECA	G-00986		1900-01-01		Otley Hall	Suffolk	52.160148		0	0	1		223
R	ECA	G-00987		1900-01-01		Somerleyton Hall	Suffolk	52.532122		0	0	1		223
R	ECA	G-00988		1900-01-01		Beacon Hill Fort	Suffolk	51.939101		0	0	1		223
R	ECA	G-00989		1900-01-01		Helmingham Hall	Suffolk	52.175326		0	0	1		223
R	ECA	G-00990		1900-01-01		Cissbury Ring (Hillfort)	Sussex	50.860063		0	0	1		223
R	ECA	G-00991		1900-01-01		Barnes Hall	Yorkshire	53.457233		0	0	1		223
R	ECA	G-00992		1900-01-01		Denham Castle	Suffolk	52.236217		0	0	1		223
R	ECA	G-00993		1900-01-01		Freckenham Castle	Suffolk	52.31953		0	0	1		223
R	ECA	G-00994		1900-01-01		Milden Castle	Suffolk	52.07905		0	0	1		223
R	ECA	G-00995		1900-01-01		Chatsworth	Derbyshire	53.227603		0	0	1		223
R	ECA	G-00996		1900-01-01		Eyam Hall	Derbyshire	53.284890		0	0	1		223
R	ECA	G-00997		1900-01-01		Hardwick Hall	Derbyshire	53.169054		0	0	1		223
R	ECA	G-00998		1900-01-01		Kedleston Hall	Derbyshire	52.959308		0	0	1		223
R	ECA	G-00999		1900-01-01		Sudbury Hall	Derbyshire	52.886353		0	0	1		223
R	ECA	G-01000		1900-01-01		Calke Abbey	Derbyshire	52.799824		0	0	1		223
R	ECA	G-01001		1900-01-01		Old Manor	Derbyshire	53.137257		0	0	1		223
R	ECA	G-01002		1900-01-01		Whitehaven Castle	Derbyshire	54.545432		0	0	1		223
R	ECA	G-01003		1900-01-01		Whitehaven Old Fort (Coastal Battery)	Cumbria	54.5499		0	0	1		223
R	ECA	G-01004		1900-01-01		Castle Naze (Combs Moss)	Derbyshire	53.302720		0	0	1		223
R	ECA	G-01005		1900-01-01		Castle Ring (Iron Age Hillfort)	Derbyshire	53.162489		0	0	1		223
R	ECA	G-01006		1900-01-01		Fin Cop Roman Fort	Derbyshire	53.235471		0	0	1		223
R	ECA	G-01007		1900-01-01		Markland Grips Hillfort	Derbyshire	53.271079		0	0	1		223
R	ECA	G-01008		1900-01-01		Glossop (Mouselow) Castle	Derbyshire	53.456195		0	0	1		223
R	ECA	G-01009		1900-01-01		Bakewell Castle Hill	Derbyshire	53.215563		0	0	1		223
R	ECA	G-01010		1900-01-01		Duffield Castle	Derbyshire	52.99282		0	0	1		223
R	ECA	G-01011		1900-01-01		Huntingdon Castle	Herefordshire	52.17731		0	0	1		223
R	ECA	G-01012		1900-01-01		Banner Cross Hall	Yorkshire	53.357737		0	0	1		223
R	ECA	G-01013		1900-01-01		Holmesfield Castle Hill	Derbyshire	53.29484		0	0	1		223
R	ECA	G-01014		1900-01-01		Hope Motte	Derbyshire	53.34743		0	0	1		223
R	ECA	G-01015		1900-01-01		Horsley Castle	Derbyshire	52.98480		0	0	1		223
R	ECA	G-01016		1900-01-01		Melbourne Castle	Derbyshire	52.82308		0	0	1		223
R	ECA	G-01017		1900-01-01		Morley Moor Mound	Derbyshire	52.96488		0	0	1		223
R	ECA	G-01018		1900-01-01		Pilsbury Castle Hills	Derbyshire	53.17156		0	0	1		223
R	ECA	G-01019		1900-01-01		Codnor Castle	Derbyshire	53.04484		0	0	1		223
R	ECA	G-01020		1900-01-01		Elvaston Castle	Derbyshire	52.893075		0	0	1		223
R	ECA	G-01021		1900-01-01		De Vere Selsdon Estate	Surrey	51.339313		0	0	1		223
R	ECA	G-01022		1900-01-01		Mackworth Castle	Derbyshire	52.937128		0	0	1		223
R	ECA	G-01023		1900-01-01		Riber Castle	Derbyshire	53.127872		0	0	1		223
R	ECA	G-01024		1900-01-01		Wingfield Manor	Derbyshire	53.08859		0	0	1		223
R	ECA	G-01025		1900-01-01		Gisborough Priory	Yorkshire	54.536353		0	0	1		223
R	ECA	G-01026		1900-01-01		Goodrich Castle	Herefordshire	51.876825		0	0	1		223
R	ECA	G-01027		1900-01-01		Lunt Roman Fort	Warwickshire	52.372754		0	0	1		223
R	ECA	G-01028		1900-01-01		Newark Castle (Queen's Sconce)	Nottinghamshire	53.068880		0	0	1		223
R	ECA	G-01029		1900-01-01		Oakham Castle	Rutland	52.670974		0	0	1		223
R	ECA	G-01030		1900-01-01		Peveril Castle	Derbyshire	53.340923		0	0	1		223
R	ECA	G-01031		1900-01-01		Rowton Castle	Shropshire	52.708738		0	0	1		223
R	ECA	G-01032		1900-01-01		Annesley Castle	Nottinghamshire	53.062410		0	0	1		223
R	ECA	G-01033		1900-01-01		Aslockton Cranmers Mound	Nottinghamshire	52.95376		0	0	1		223
R	ECA	G-01034		1900-01-01		Bicton Castle Mound	Shropshire	52.43654		0	0	1		223
R	ECA	G-01035		1900-01-01		Bothamsall Castle Hill	Nottinghamshire	53.25164		0	0	1		223
R	ECA	G-01036		1900-01-01		Burley Castle (Alsthorpe Castle Mount Alstoe)	Rutland	52.697995		0	0	1		223
R	ECA	G-01037		1900-01-01		Caldwell Castle (Kidderminster)	Worcestershire	52.38376		0	0	1		223
R	ECA	G-01038		1900-01-01		Egmanton Castle (Gaddick Hill)	Nottinghamshire	53.21259		0	0	1		223
R	ECA	G-01039		1900-01-01		Great Howle Camp (Walford on Wye)	Herefordshire	51.87914		0	0	1		223
R	ECA	G-01040		1900-01-01		Halloughton Manor House (Pele Tower)	Nottinghamshire	53.05858		0	0	1		223
R	ECA	G-01041		1900-01-01		Hereford Castle	Herefordshire	52.05263		0	0	1		223
R	ECA	G-01042		1900-01-01		Hinckley Castle	Leicestershire	52.54120		0	0	1		223
R	ECA	G-01043		1900-01-01		Kirkby in Ashfield Castle Hill Camp	Nottinghamshire	53.09690		0	0	1		223
R	ECA	G-01044		1900-01-01		Alfreton Hall	Derbyshire	53.097657		0	0	1		223
R	ECA	G-01045		1900-01-01		Little Hereford Castle	Herefordshire	52.30794		0	0	1		223
R	ECA	G-01046		1900-01-01		Longtown Castle	Herefordshire	51.95658		0	0	1		223
R	ECA	G-01047		1900-01-01		Mam Tor Hillfort	Derbyshire	53.350384		0	0	1		223
R	ECA	G-01048		1900-01-01		Melandra Roman Fort	Derbyshire	53.452420		0	0	1		223
R	ECA	G-01049		1900-01-01		Newcastle The Crugyn	Shropshire	52.43130 -3.11353		0	0	1		223
R	ECA	G-01050		1900-01-01		Old Oswestry Hillfort	Shropshire	52.871470		0	0	1		223
R	ECA	G-01051		1900-01-01		Barlow Woodseats Hall	Derbyshire	53.275316		0	0	1		223
R	ECA	G-01052		1900-01-01		Rochford Tower	Lincolnshire	52.98074		0	0	1		223
R	ECA	G-01053		1900-01-01		Ruyton Castle XI Towns Castle	Shropshire	52.79357		0	0	1		223
R	ECA	G-01054		1900-01-01		Smethcott Castle Field	Shropshire	52.58941		0	0	1		223
R	ECA	G-01055		1900-01-01		Stapleton Motte	Shropshire	52.63540		0	0	1		223
R	ECA	G-01056		1900-01-01		Wilderley Hall Farm (Timber Castle)	Shropshire	52.60975		0	0	1		223
R	ECA	G-01057		1900-01-01		Dunsley Hall	Yorkshire	54.488432		0	0	1		223
R	ECA	G-01058		1900-01-01		Almeley Castle	Herefordshire	52.157515		0	0	1		223
R	ECA	G-01059		1900-01-01		Ashton Castle	Herefordshire	52.27451		0	0	1		223
R	ECA	G-01060		1900-01-01		Bredwardine Old Castle	Herefordshire	52.09314		0	0	1		223
R	ECA	G-01061		1900-01-01		Bronsil Castle	Herefordshire	52.03246		0	0	1		223
R	ECA	G-01062		1900-01-01		Colwall Castle (British Camp)	Herefordshire	52.058393		0	0	1		223
R	ECA	G-01063		1900-01-01		Dorstone Castle	Herefordshire	52.06895		0	0	1		223
R	ECA	G-01064		1900-01-01		Eardisley Castle	Herefordshire	52.13589		0	0	1		223
R	ECA	G-01065		1900-01-01		Edvin Loach Castle (Ringwork)	Herefordshire	52.22292		0	0	1		223
R	ECA	G-01066		1900-01-01		Ewyas Harold Ringwork	Herefordshire	51.95391		0	0	1		223
R	ECA	G-01067		1900-01-01		Ewyas Harold Borough Defences	Herefordshire	51.95425		0	0	1		223
R	ECA	G-01068		1900-01-01		Kingsland Castle	Herefordshire	52.24671		0	0	1		223
R	ECA	G-01069		1900-01-01		Lingen Castle	Herefordshire	52.29988		0	0	1		223
R	ECA	G-01070		1900-01-01		Lyonshall Castle	Herefordshire	52.20086		0	0	1		223
R	ECA	G-01071		1900-01-01		Much Marcle Castle (Mortimers Castle)	Herefordshire	51.99276		0	0	1		223
R	ECA	G-01072		1900-01-01		Newcourt Tump (Bacton) (Timber Castle)	Herefordshire	51.99691		0	0	1		223
R	ECA	G-01073		1900-01-01		Newton Tump (Clifford) (Timber Castle	Masonry Castle)	Herefordshire		0	0	1		223
R	ECA	G-01074		1900-01-01		Orcop Castle	Herefordshire	51.93495		0	0	1		223
R	ECA	G-01075		1900-01-01		Penyard Castle	Herefordshire	51.90054		0	0	1		223
R	ECA	G-01076		1900-01-01		Pipe Aston Castle 1	Herefordshire	52.34253		0	0	1		223
R	ECA	G-01077		1900-01-01		Pipe Aston Castle 2	Herefordshire	52.34442		0	0	1		223
R	ECA	G-01078		1900-01-01		Wacton The Court	Herefordshire	52.21463		0	0	1		223
R	ECA	G-01079		1900-01-01		Walterstone Motte	Herefordshire	51.91932		0	0	1		223
R	ECA	G-01080		1900-01-01		Brampton Bryan Castle	Herefordshire	52.34767		0	0	1		223
R	ECA	G-01081		1900-01-01		Downton Castle	Herefordshire	52.368550		0	0	1		223
R	ECA	G-01082		1900-01-01		Eastnor Castle	Herefordshire	52.029905		0	0	1		223
R	ECA	G-01083		1900-01-01		Hampton Court Castle	Herefordshire	52.168571		0	0	1		223
R	ECA	G-01084		1900-01-01		Kentchurch Court	Herefordshire	51.928643		0	0	1		223
R	ECA	G-01085		1900-01-01		Kinnersley Castle	Herefordshire	52.141201		0	0	1		223
R	ECA	G-01086		1900-01-01		Aconbury Camp (Iron Age Hillfort)	Herefordshire	51.994126		0	0	1		223
R	ECA	G-01087		1900-01-01		Camp Coppice	Herefordshire	52.107975		0	0	1		223
R	ECA	G-01088		1900-01-01		Capler Camp (Iron Age Hillfort)	Herefordshire	51.993020		0	0	1		223
R	ECA	G-01089		1900-01-01		Chase Hill (Iron Age Hillfort)	Herefordshire	51.898468		0	0	1		223
R	ECA	G-01090		1900-01-01		Credenhill Camp (Iron Age Hillfort)	Herefordshire	52.097899		0	0	1		223
R	ECA	G-01091		1900-01-01		Croft Ambrey Hillfort	Herefordshire	52.296733		0	0	1		223
R	ECA	G-01092		1900-01-01		Dinedor Camp (Iron Age Hillfort)	Herefordshire	52.023644		0	0	1		223
R	ECA	G-01093		1900-01-01		Urishay Castle	Herefordshire	52.03230		0	0	1		223
R	ECA	G-01094		1900-01-01		Ivington Camp (Hillfort)	Herefordshire	52.188168		0	0	1		223
R	ECA	G-01095		1900-01-01		Midsummer Hill (Iron Age Hillfort)	Herefordshire	52.035745		0	0	1		223
R	ECA	G-01096		1900-01-01		Poston Camp (Lower Park Wood) (Iron Age Hillfort)	Herefordshire	52.033704		0	0	1		223
R	ECA	G-01097		1900-01-01		Risbury Camp (Iron Age Hillfort)	Herefordshire	52.193576		0	0	1		223
R	ECA	G-01098		1900-01-01		Sutton Walls Hill Fort	Herefordshire	52.113966		0	0	1		223
R	ECA	G-01099		1900-01-01		Burton Court	Herefordshire	52.210016		0	0	1		223
R	ECA	G-01100		1900-01-01		Wapley Hill (Iron Age Hillfort)	Herefordshire	52.256358		0	0	1		223
R	ECA	G-01101		1900-01-01		Berrington Hall	Herefordshire	52.26981		0	0	1		223
R	ECA	G-01102		1900-01-01		Breakwater Fort	Isle of Portland	50.585017		0	0	1		223
R	ECA	G-01103		1900-01-01		Brocksford Hall	Derbyshire	52.896231		0	0	1		223
R	ECA	G-01104		1900-01-01		Lupton House	Devon	50.384617		0	0	1		223
R	ECA	G-01105		1900-01-01		Oldway Mansion	Devon	50.443202		0	0	1		223
R	ECA	G-01106		1900-01-01		Burton Closes Hall	Derbyshire	53.205522		0	0	1		223
R	ECA	G-01107		1900-01-01		Carnfield Hall	Derbyshire	53.100071		0	0	1		223
R	ECA	G-01108		1900-01-01		Poltimore House	Devon	50.758057		0	0	1		223
R	ECA	G-01109		1900-01-01		Portledge Manor	Devon	50.999656		0	0	1		223
R	ECA	G-01110		1900-01-01		Stowford House	Devon	50.396944		0	0	1		223
R	ECA	G-01111		1900-01-01		Drill Hall	Isle of Portland	50.550306		0	0	1		223
R	ECA	G-01112		1900-01-01		East Weare Batteries (East of Verne Citadel)	Isle of Portland	50.561330		0	0	1		223
R	ECA	G-01113		1900-01-01		East Weare Camp	Isle of Portland	50.562009		0	0	1		223
R	ECA	G-01114		1900-01-01		Tor Royal	Devon	50.541246		0	0	1		223
R	ECA	G-01115		1900-01-01		Inner Pier Head Fort	Isle of Portland	50.567191		0	0	1		223
R	ECA	G-01116		1900-01-01		Portland Cenotaph	Isle of Portland	50.556175		0	0	1		223
R	ECA	G-01117		1900-01-01		Nothe Fort	Dorset	50.607466		0	0	1		223
R	ECA	G-01118		1900-01-01		Easby Abbey	Yorkshire	54.398035		0	0	1		223
R	ECA	G-01119		1900-01-01		Stock Gaylard House	Dorset	50.916619		0	0	1		223
R	ECA	G-01120		1900-01-01		Warmwell House	Dorset	50.672587		0	0	1		223
R	ECA	G-01121		1900-01-01		Deans Court	Dorset	50.798462		0	0	1		223
R	ECA	G-01122		1900-01-01		St. Giles House	Dorset	50.904647		0	0	1		223
R	ECA	G-01123		1900-01-01		Kingston Maurward House	Dorset	50.718514		0	0	1		223
R	ECA	G-01124		1900-01-01		Trinity House Obelisk	Isle of Portland	50.513407		0	0	1		223
R	ECA	G-01125		1900-01-01		Edmonsham House	Dorset	50.904129		0	0	1		223
R	ECA	G-01126		1900-01-01		Verne Citadel	Isle of Portland	50.562046		0	0	1		223
R	ECA	G-01127		1900-01-01		Minterne House	Dorset	50.836173		0	0	1		223
R	ECA	G-01128		1900-01-01		Verne High Angle Battery	Isle of Portland	50.558461		0	0	1		223
R	ECA	G-01129		1900-01-01		Beacon Hill Hillfort	Leicestershire	52.727603		0	0	1		223
R	ECA	G-01130		1900-01-01		Goadby Marwood Hall	Leicestershire	52.830120		0	0	1		223
R	ECA	G-01131		1900-01-01		Donington Castle	Leicestershire	51.419671		0	0	1		223
R	ECA	G-01132		1900-01-01		Earl Shilton Castle	Leicestershire	52.579484		0	0	1		223
R	ECA	G-01133		1900-01-01		Groby Castle Hill	Leicestershire	52.66399		0	0	1		223
R	ECA	G-01134		1900-01-01		Hallaton Castle Hill Camp	Leicestershire	52.56242		0	0	1		223
R	ECA	G-01135		1900-01-01		Mountsorrel Castle	Leicestershire	52.72931		0	0	1		223
R	ECA	G-01136		1900-01-01		Bagworth Moats	Leicestershire	52.673929		0	0	1		223
R	ECA	G-01137		1900-01-01		Donnington Le Heath Manor	Leicestershire	52.70995		0	0	1		223
R	ECA	G-01138		1900-01-01		Dunto Bassett Manor	Leicestershire	52.51003		0	0	1		223
R	ECA	G-01139		1900-01-01		Evington Piggys Hollow	Leicestershire	52.61906		0	0	1		223
R	ECA	G-01140		1900-01-01		Gumley Cat Gruff (Danes Camp)	Leicestershire	52.50282		0	0	1		223
R	ECA	G-01141		1900-01-01		Ingarsby Old Hall	Leicestershire	52.64178		0	0	1		223
R	ECA	G-01142		1900-01-01		Kibworth Harcourt The Munt	Leicestershire	52.54401		0	0	1		223
R	ECA	G-01143		1900-01-01		Kirby Bellars Hall	Leicestershire	52.75152		0	0	1		223
R	ECA	G-01144		1900-01-01		Kirby Bellars Priory	Leicestershire	52.7587		0	0	1		223
R	ECA	G-01145		1900-01-01		Kirby Moats	Leicestershire	52.61214		0	0	1		223
R	ECA	G-01146		1900-01-01		Owston Grange	Leicestershire	52.66596		0	0	1		223
R	ECA	G-01147		1900-01-01		Sauvey Castle	Leicestershire	52.63942		0	0	1		223
R	ECA	G-01148		1900-01-01		Seagrave Manor	Leicestershire	52.75048		0	0	1		223
R	ECA	G-01149		1900-01-01		Shackerstone Motte	Leicestershire	52.65812		0	0	1		223
R	ECA	G-01150		1900-01-01		Shawell Catthorpe	Leicestershire	52.411680		0	0	1		223
R	ECA	G-01151		1900-01-01		Thorpe Arnold Hall Close	Leicestershire	52.77203		0	0	1		223
R	ECA	G-01152		1900-01-01		Whitwick Castle Coalville	Leicestershire	52.74173		0	0	1		223
R	ECA	G-01153		1900-01-01		Wyfordby Manor	Leicestershire	52.76168		0	0	1		223
R	ECA	G-01154		1900-01-01		Barrow upon Humber	The Castle	Lincolnshire		0	0	1		223
R	ECA	G-01155		1900-01-01		Bourne Castle	Lincolnshire	52.76562		0	0	1		223
R	ECA	G-01156		1900-01-01		Castle Bytham	Lincolnshire	52.755872		0	0	1		223
R	ECA	G-01157		1900-01-01		Carlton Castle (in Reston)	Lincolnshire	53.330432		0	0	1		223
R	ECA	G-01158		1900-01-01		Folkingham Castle	Lincolnshire	52.88814		0	0	1		223
R	ECA	G-01159		1900-01-01		Gainsborough Old Hall	Lincolnshire	53.40057		0	0	1		223
R	ECA	G-01160		1900-01-01		Goltho Manor	Lincolnshire	53.28214		0	0	1		223
R	ECA	G-01161		1900-01-01		Hough on the Hill Castle	Lincolnshire	53.00731		0	0	1		223
R	ECA	G-01162		1900-01-01		Heydour Castle Hills	Lincolnshire	52.94524		0	0	1		223
R	ECA	G-01163		1900-01-01		Owston Ferry (Kinaird) Castle	Lincolnshire	53.49265		0	0	1		223
R	ECA	G-01164		1900-01-01		Tothill Toot Hill	Lincolnshire	53.30728		0	0	1		223
R	ECA	G-01165		1900-01-01		Welbourn Castle Hill	Lincolnshire	53.07735		0	0	1		223
R	ECA	G-01166		1900-01-01		Withern Castle Hill	Lincolnshire	53.31687		0	0	1		223
R	ECA	G-01167		1900-01-01		Grimsthorpe Castle	Lincolnshire	52.79240		0	0	1		223
R	ECA	G-01168		1900-01-01		Hussey Tower	Lincolnshire	52.97351		0	0	1		223
R	ECA	G-01169		1900-01-01		South Kyme Tower	Lincolnshire	53.031152		0	0	1		223
R	ECA	G-01170		1900-01-01		Tattershall Castle	Lincolnshire	53.10132		0	0	1		223
R	ECA	G-01171		1900-01-01		Torksey Castle	Lincolnshire	53.29940		0	0	1		223
R	ECA	G-01172		1900-01-01		Grantham House	Lincolnshire	52.915033		0	0	1		223
R	ECA	G-01173		1900-01-01		Woolsthorpe Manor	Lincolnshire	52.809337		0	0	1		223
R	ECA	G-01174		1900-01-01		Scawby Estate	Lincolnshire	53.539777		0	0	1		223
R	ECA	G-01175		1900-01-01		Aubourn Hall	Lincolnshire	53.154370		0	0	1		223
R	ECA	G-01176		1900-01-01		Belton House	Lincolnshire	52.943002		0	0	1		223
R	ECA	G-01177		1900-01-01		Doddington Hall	Lincolnshire	53.220201		0	0	1		223
R	ECA	G-01178		1900-01-01		Fulbeck Manor	Lincolnshire	53.041182		0	0	1		223
R	ECA	G-01179		1900-01-01		Gunby Hall	Lincolnshire	53.178677		0	0	1		223
R	ECA	G-01180		1900-01-01		Cirencester Park Mansion	Herefordshire	51.717061		0	0	1		223
R	ECA	G-01181		1900-01-01		Bickleigh Castle	Devon	50.851298		0	0	1		223
R	ECA	G-01182		1900-01-01		Egglestone Abbey	County Durham	54.531406		0	0	1		223
R	ECA	G-01183		1900-01-01		Southwell Workhouse	Nottinghamshire	53.081088		0	0	1		223
R	ECA	G-01184		1900-01-01		Newstead Abbey	Nottinghamshire	53.078385		0	0	1		223
R	ECA	G-01185		1900-01-01		Wollaton Hall	Nottinghamshire	52.947920		0	0	1		223
R	ECA	G-01186		1900-01-01		Kelham Hall	Nottinghamshire	53.091252		0	0	1		223
R	ECA	G-01187		1900-01-01		Papplewick Hall	Nottinghamshire	53.059936		0	0	1		223
R	ECA	G-01188		1900-01-01		Thrumpton Hall	Nottinghamshire	52.876743		0	0	1		223
R	ECA	G-01189		1900-01-01		Whatton House	Leicestershire	52.812523		0	0	1		223
R	ECA	G-01190		1900-01-01		Annesley Hall (Fortified Manor House)	Nottinghamshire	53.06575		0	0	1		223
R	ECA	G-01191		1900-01-01		Flintham Hall	Nottinghamshire	53.016117		0	0	1		223
R	ECA	G-01192		1900-01-01		Aspley Hall (Pele Tower)	Nottinghamshire	52.96794		0	0	1		223
R	ECA	G-01193		1900-01-01		Bawtry Manor Holt (Fortified Manor House)	Nottinghamshire	53.44150		0	0	1		223
R	ECA	G-01194		1900-01-01		Beauvale Priory (Pele Tower)	Nottinghamshire	53.03631		0	0	1		223
R	ECA	G-01195		1900-01-01		Cowdray Heritage Ruins	West Sussex	50.988312		0	0	1		223
R	ECA	G-01196		1900-01-01		Car Colston Manor	Nottinghamshire	52.97379		0	0	1		223
R	ECA	G-01197		1900-01-01		Clipstone Peel (Palace	Fortified Manor House)	Nottinghamshire		0	0	1		223
R	ECA	G-01198		1900-01-01		Clipstone	King John's Palace (Palace	Fortified Manor House)		0	0	1		223
R	ECA	G-01199		1900-01-01		Cuckney Castle Hill (Timber Castle)	Nottinghamshire	53.23653		0	0	1		223
R	ECA	G-01200		1900-01-01		East Bridgford Pancake Hill (Timber Castle)	Nottinghamshire	52.98360		0	0	1		223
R	ECA	G-01201		1900-01-01		Egmanton Gaddick Hill (Timber Castle)	Nottinghamshire	53.21259		0	0	1		223
R	ECA	G-01202		1900-01-01		Greasley Castle (Masonry Castle)	Nottinghamshire	53.01915		0	0	1		223
R	ECA	G-01203		1900-01-01		Gunthorpe Henge (Timber Castle)	Nottinghamshire	52.99413		0	0	1		223
R	ECA	G-01204		1900-01-01		Bromesberrow Place	Herefordshire	52.006519		0	0	1		223
R	ECA	G-01205		1900-01-01		Haughton Duck Decoy (Timber Castle)	Nottinghamshire	53.23852		0	0	1		223
R	ECA	G-01206		1900-01-01		Haughton Moated Site (Fortified Manor House)	Nottinghamshire	53.05269		0	0	1		223
R	ECA	G-01207		1900-01-01		Hayton Castle (Fortified Manor House)	Nottinghamshire	53.37224		0	0	1		223
R	ECA	G-01208		1900-01-01		Hodsock Priory (Palace Manor House)	Nottinghamshire	53.36249		0	0	1		223
R	ECA	G-01209		1900-01-01		Jordan's Castle	Wellow (Timber Castle	Fortified Manor House)		0	0	1		223
R	ECA	G-01210		1900-01-01		Kings Haugh Camp	Darlton (Timber Castle)	Nottinghamshire		0	0	1		223
R	ECA	G-01211		1900-01-01		Kinoulton Manor (Palace)	Nottinghamshire	52.85715		0	0	1		223
R	ECA	G-01212		1900-01-01		Laxton Castle (Timber Castle	Masonry Castle	Palace)		0	0	1		223
R	ECA	G-01213		1900-01-01		Lowdham Motte (Timber Castle	Masonry Castle)	Nottinghamshire		0	0	1		223
R	ECA	G-01214		1900-01-01		Mansfield Royal Palace & Pleasley Bishops Palace (Palace	Fortified Manor House)	Nottinghamshire		0	0	1		223
R	ECA	G-01215		1900-01-01		Mission Moat (Fortified Manor House)	Nottinghamshire	53.44701		0	0	1		223
R	ECA	G-01216		1900-01-01		Newark on Trent Town Wall (Urban Defence)	Nottinghamshire	53.07670		0	0	1		223
R	ECA	G-01217		1900-01-01		Nottingham Town Wall (Urban Defence)	Nottinghamshire	52.95039		0	0	1		223
R	ECA	G-01218		1900-01-01		Scrooby Palace (Palace	Fortified Manor House)	Nottinghamshire		0	0	1		223
R	ECA	G-01219		1900-01-01		Shelford (Timber Castle)	Nottinghamshire	52.97442		0	0	1		223
R	ECA	G-01220		1900-01-01		Southwell Archbishop's Palace (Palace)	Nottinghamshire	53.07631		0	0	1		223
R	ECA	G-01221		1900-01-01		Strelley Hall (Fortified Manor House	Pele Tower)	Nottinghamshire		0	0	1		223
R	ECA	G-01222		1900-01-01		Wellow Village Defences (Urban Defence)	Nottinghamshire	53.18742		0	0	1		223
R	ECA	G-01223		1900-01-01		Wiverton Hall (Fortified Manor House)	Nottinghamshire	52.91977		0	0	1		223
R	ECA	G-01224		1900-01-01		Worksop Castle Hill (Timber Castle	Masonry Castle)	Nottinghamshire		0	0	1		223
R	ECA	G-01225		1900-01-01		Holme Pierre Pont Hall	Nottinghamshire	52.946841		0	0	1		223
R	ECA	G-01226		1900-01-01		Colwick Hall	Nottinghamshire	52.945392		0	0	1		223
R	ECA	G-01227		1900-01-01		Rufford Abbey	Nottinghamshire	53.176443		0	0	1		223
R	ECA	G-01228		1900-01-01		Bury Mount	Northamptonshire	52.133470		0	0	1		223
R	ECA	G-01229		1900-01-01		Stowe House	Buckinghamshire	52.031611		0	0	1		223
R	ECA	G-01230		1900-01-01		Lyveden New Bield	Northamptonshire	52.461946		0	0	1		223
R	ECA	G-01231		1900-01-01		Essendine Castle	Rutland	52.702887		0	0	1		223
R	ECA	G-01232		1900-01-01		Cirencester Amphitheatre (Earthwork Remains)	Gloucestershire	51.711584		0	0	1		223
R	ECA	G-01233		1900-01-01		Wilderhope Manor	Shropshire	52.531130		0	0	1		223
R	ECA	G-01234		1900-01-01		Walcot Hall	Shropshire	52.459147		0	0	1		223
R	ECA	G-01235		1900-01-01		Upton Cressett Hall	Shropshire	52.528248		0	0	1		223
R	ECA	G-01236		1900-01-01		Shipton Hall	Shropshire	52.523658		0	0	1		223
R	ECA	G-01237		1900-01-01		Moreton Corbett Castle	Shropshire	52.804202		0	0	1		223
R	ECA	G-01238		1900-01-01		Longner Hall	Shropshire	52.695917		0	0	1		223
R	ECA	G-01239		1900-01-01		Dudmaston Hall	Shropshire	52.495602		0	0	1		223
R	ECA	G-01240		1900-01-01		Benthall Hall	Shropshire	52.620385		0	0	1		223
R	ECA	G-01241		1900-01-01		Attingham Park	Shropshire	52.685711		0	0	1		223
R	ECA	G-01242		1900-01-01		Weston Park	Shropshire	52.692909		0	0	1		223
R	ECA	G-01243		1900-01-01		Belan Bank (Kinnerley) (Timber Castle)	Shropshire	52.77355		0	0	1		223
R	ECA	G-01244		1900-01-01		Bryn Amlwg Castle	Shropshire	52.4521		0	0	1		223
R	ECA	G-01245		1900-01-01		Bucknell Castle (Motte)	Shropshire	52.35911		0	0	1		223
R	ECA	G-01246		1900-01-01		Caus Castle	Shropshire	52.66399		0	0	1		223
R	ECA	G-01247		1900-01-01		Caus Town Defences	Shropshire	52.66538		0	0	1		223
R	ECA	G-01248		1900-01-01		Charlton Castle	Shropshire	52.69680		0	0	1		223
R	ECA	G-01249		1900-01-01		Clungunford Castle	Shropshire	52.40366		0	0	1		223
R	ECA	G-01250		1900-01-01		Colebatch Castle (Motte)	Shropshire	52.47758		0	0	1		223
R	ECA	G-01251		1900-01-01		Corfham Castle	Shropshire	52.46089		0	0	1		223
R	ECA	G-01252		1900-01-01		Hodnet Castle	Shropshire	52.85191		0	0	1		223
R	ECA	G-01253		1900-01-01		Holdgate Castle	Shropshire	52.50314		0	0	1		223
R	ECA	G-01254		1900-01-01		Holdgate Village Defences	Shropshire	52.50148		0	0	1		223
R	ECA	G-01255		1900-01-01		Lea Castle	Shropshire	52.49669		0	0	1		223
R	ECA	G-01256		1900-01-01		Myddle Castle	Shropshire	52.80702		0	0	1		223
R	ECA	G-01257		1900-01-01		Panpudding Hill (Timber Castle & Siegeworks)	Shropshire	52.52933		0	0	1		223
R	ECA	G-01258		1900-01-01		Rushbury Castle Mound	Shropshire	52.52303		0	0	1		223
R	ECA	G-01259		1900-01-01		Shrawardine Castle	Shropshire	52.73272		0	0	1		223
R	ECA	G-01260		1900-01-01		Pitchford Hall	Shropshire	52.633879		0	0	1		223
R	ECA	G-01261		1900-01-01		Wilcott Castle Mound	Shropshire	52.76071		0	0	1		223
R	ECA	G-01262		1900-01-01		Shap Abbey	Cumbria	54.530073		0	0	1		223
R	ECA	G-01263		1900-01-01		Wollaston Ceasers Camp (Timber Castle)	Shropshire	52.70169		0	0	1		223
R	ECA	G-01264		1900-01-01		Wollaston Mount (Timber Castle	Earthwork Remains	Scheduled Monument)		0	0	1		223
R	ECA	G-01265		1900-01-01		Yockleton The Mount (Timber Castle	Earthwork Remains	Scheduled Monument)		0	0	1		223
R	ECA	G-01266		1900-01-01		The Beacon (Bretchel)	Shropshire	52.69997		0	0	1		223
R	ECA	G-01267		1900-01-01		Acton Burnell Castle	Shropshire	52.61286		0	0	1		223
R	ECA	G-01268		1900-01-01		Bridgnorth Castle	Shropshire	52.53159		0	0	1		223
R	ECA	G-01269		1900-01-01		Bridgnorth Severn Bridge (Fortified)	Shropshire	52.53417		0	0	1		223
R	ECA	G-01270		1900-01-01		Bridgnorth Town Defences	Shropshire	52.53699		0	0	1		223
R	ECA	G-01271		1900-01-01		Ludlow Castle	Shropshire	52.36716		0	0	1		223
R	ECA	G-01272		1900-01-01		Ludlow Town Wall	Shropshire	52.36522		0	0	1		223
R	ECA	G-01273		1900-01-01		Quatford Castle	Shropshire	52.51384		0	0	1		223
R	ECA	G-01274		1900-01-01		Acton Bank (Timber Castle)	Shropshire	52.45901		0	0	1		223
R	ECA	G-01275		1900-01-01		Adderley Castle Hill (Timber Castle)	Shropshire	52.95991		0	0	1		223
R	ECA	G-01276		1900-01-01		Alderbury Castle	Shropshire	52.72343		0	0	1		223
R	ECA	G-01277		1900-01-01		Amaston Heath Farm (Timber Castle	Earthwork)	Shropshire		0	0	1		223
R	ECA	G-01278		1900-01-01		Apley Castle (Fortified Manor House)	Shropshire	52.71523		0	0	1		223
R	ECA	G-01279		1900-01-01		Aston Botterell Ringwork (Timber Castle)	Shropshire	52.45379		0	0	1		223
R	ECA	G-01280		1900-01-01		Aston Eyre Manor (Fortified Manor House)	Shropshire	52.54397		0	0	1		223
R	ECA	G-01281		1900-01-01		Bicton Castle Mound (Timber Castle)	Shropshire	52.43654		0	0	1		223
R	ECA	G-01282		1900-01-01		Bicton	The Isle (Fortified Manor House	Earthworks)		0	0	1		223
R	ECA	G-01283		1900-01-01		Bronkcroft Castle (Fortified Manor House)	Shropshire	52.47688		0	0	1		223
R	ECA	G-01284		1900-01-01		Binweston (Fortified Manor House	Crop works	Earthworks)		0	0	1		223
R	ECA	G-01285		1900-01-01		Bishops Castle (Timber Castle	Masonry Castle	Palace)		0	0	1		223
R	ECA	G-01286		1900-01-01		Blakemere Moat (Fortified Manor House)	Shropshire	52.97767		0	0	1		223
R	ECA	G-01287		1900-01-01		Bletchley Castle Hill (Timber Castle)	Shropshire	52.89816		0	0	1		223
R	ECA	G-01288		1900-01-01		Broadward Hall (Timber Castle)	Shropshire	52.38387		0	0	1		223
R	ECA	G-01289		1900-01-01		Brockton Castle Mound (Timber Castle)	Shropshire	52.53926		0	0	1		223
R	ECA	G-01290		1900-01-01		Brockhurst Castle	Church Stretton (Timber Castle)	Shropshire		0	0	1		223
R	ECA	G-01291		1900-01-01		Bromfield Grange (Timber Castle)	Shropshire	52.38714		0	0	1		223
R	ECA	G-01292		1900-01-01		Bromlow Castle Mound (Timber Castle)	Shropshire	52.61428		0	0	1		223
R	ECA	G-01293		1900-01-01		Brompton Mill	Castle Mound (Timber Castle)	Shropshire		0	0	1		223
R	ECA	G-01294		1900-01-01		Bryn-Y-Castell	Gobowen (Timber Castle	Earthworks)		0	0	1		223
R	ECA	G-01295		1900-01-01		Burford House (Fortified Manor House)	Shropshire	52.30826		0	0	1		223
R	ECA	G-01296		1900-01-01		Castle Purverbatch (Timber Castle)	Shropshire	52.61433		0	0	1		223
R	ECA	G-01297		1900-01-01		Cheney Longville Castle (Fortified Manor House)	Shropshire	52.45773		0	0	1		223
R	ECA	G-01298		1900-01-01		Cheney Longville Castle Ring (Timber Castle)	Shropshire	52.45773		0	0	1		223
R	ECA	G-01299		1900-01-01		Cheswardine Castle (Fortified Manor House)	Shropshire	52.86737		0	0	1		223
R	ECA	G-01300		1900-01-01		Chirbury Kings Orchard (Timber Castle	Urban Defence Earthworks)	Shropshire		0	0	1		223
R	ECA	G-01301		1900-01-01		Cleobury Mortimer Castle Ditches  (Timber Castle	Masonry Castle)	Shropshire		0	0	1		223
R	ECA	G-01302		1900-01-01		Cleobury Mortimer Castle Toot (Timber Castle	Masonry Castle)	Shropshire		0	0	1		223
R	ECA	G-01303		1900-01-01		Clun Castle (Timber Castle	Masonry Castle)	Shropshire		0	0	1		223
R	ECA	G-01304		1900-01-01		Clun Town Wall (Urban Defence)	Shropshire	52.42106		0	0	1		223
R	ECA	G-01305		1900-01-01		Corfton	The Mount (Timber Castle	Earthworks)		0	0	1		223
R	ECA	G-01306		1900-01-01		Cressage Old Hall (Timber Castle)	Shropshire	52.63463		0	0	1		223
R	ECA	G-01307		1900-01-01		Culmington Camp Ring (Timber Castle)	Shropshire	52.43486		0	0	1		223
R	ECA	G-01308		1900-01-01		Dudston Castle Mound (Timber Castle)	Shropshire	52.56934		0	0	1		223
R	ECA	G-01309		1900-01-01		Eaton Mound (Timber Castle)	Shropshire	52.49989		0	0	1		223
R	ECA	G-01310		1900-01-01		Edgton Ring - Motte (Timber Castle)	Shropshire	52.46614		0	0	1		223
R	ECA	G-01311		1900-01-01		Ellesmere Castle (Timber Castle	Masonry Castle	Palace)		0	0	1		223
R	ECA	G-01312		1900-01-01		Ewir Esgob	St. Martins (Palace	Masonry Ruins)		0	0	1		223
R	ECA	G-01313		1900-01-01		Eyton Motte (Timber Castle)	Shropshire	52.71928		0	0	1		223
R	ECA	G-01314		1900-01-01		Fitz Mound	Pimhill (Timber Castle)	Shropshire		0	0	1		223
R	ECA	G-01315		1900-01-01		Ford Hall	Moretonsay (Timber Castle)	Shropshire		0	0	1		223
R	ECA	G-01316		1900-01-01		Hardwick Mount (Timber Castle)	Shropshire	52.50934		0	0	1		223
R	ECA	G-01317		1900-01-01		Hawcocks Mount (Timber Castle)	Shropshire	52.66376		0	0	1		223
R	ECA	G-01318		1900-01-01		High Ercoll Hall (Fortified Manor House)	Shropshire	52.75259		0	0	1		223
R	ECA	G-01319		1900-01-01		Hisland Castle Mound (Timber Castle)	Shropshire	52.84050		0	0	1		223
R	ECA	G-01320		1900-01-01		Hockleton Motte (Timber Castle)	Shropshire	52.59239		0	0	1		223
R	ECA	G-01321		1900-01-01		Hope Castle Mound (Timber Castle)	Shropshire	52.61394		0	0	1		223
R	ECA	G-01322		1900-01-01		Castle Brogyntyn (Timber Castle	Earthworks)	Shropshire		0	0	1		223
R	ECA	G-01323		1900-01-01		Kinton Motte (Timber Castle)	Shropshire	52.76923		0	0	1		223
R	ECA	G-01324		1900-01-01		Knockin Castle (Timber Castle	Masonry Castle	Urban Defence)		0	0	1		223
R	ECA	G-01325		1900-01-01		Langley Hall (Fortified Manor House)	Shropshire	52.59763		0	0	1		223
R	ECA	G-01326		1900-01-01		Leigh Hall Moat (Fortified Manor House)	Shropshire	52.62620		0	0	1		223
R	ECA	G-01327		1900-01-01		Little Ness Castle Mound (Timber Castle)	Shropshire	52.77300		0	0	1		223
R	ECA	G-01328		1900-01-01		Little Shrawardine Motte (Timber Castle)	Shropshire	52.73089		0	0	1		223
R	ECA	G-01329		1900-01-01		Lower Down Castle	Lydbury North (Timber Castle	Masonry Castle)		0	0	1		223
R	ECA	G-01330		1900-01-01		Lydham Castle (Timber Castle)	Shropshire	52.51317		0	0	1		223
R	ECA	G-01331		1900-01-01		Marchamley Moat Bank (Timber Castle	Fortified Manor House	Siegeworks)		0	0	1		223
R	ECA	G-01332		1900-01-01		Marche Hall (Timber Castle)	Shropshire	52.69072		0	0	1		223
R	ECA	G-01333		1900-01-01		Marton	The Mount (Timber Mark	Slight Earthwork)		0	0	1		223
R	ECA	G-01334		1900-01-01		Middlehope (Timber Castle	Earthworks)	Shropshire		0	0	1		223
R	ECA	G-01335		1900-01-01		Middleton Mottes (Timber Castle)	Shropshire	52.39224		0	0	1		223
R	ECA	G-01336		1900-01-01		Minton Castle Mound (Timber Castle)	Shropshire	52.51071		0	0	1		223
R	ECA	G-01337		1900-01-01		More Castle (Timber Castle	Masonry Castle)	Shropshire		0	0	1		223
R	ECA	G-01338		1900-01-01		More Village Defences (Urban Defence)	Shropshire	52.51699		0	0	1		223
R	ECA	G-01339		1900-01-01		Hidcote Manor	Gloucestershire	52.083005		0	0	1		223
R	ECA	G-01340		1900-01-01		Much Wenlock Castle (Fortified Ecclesiastical Site)	Shropshire	52.59689		0	0	1		223
R	ECA	G-01341		1900-01-01		Bayham Old Abbey	Kent	51.104198		0	0	1		223
R	ECA	G-01342		1900-01-01		Orelton Hall (Fortified Manor House)	Shropshire	52.69811		0	0	1		223
R	ECA	G-01343		1900-01-01		Pan Castle (Timber Castle)	Shropshire	52.9543		0	0	1		223
R	ECA	G-01344		1900-01-01		Pennerley	The Knapp (Timber Castle	Earthworks)		0	0	1		223
R	ECA	G-01345		1900-01-01		Petton Castle Mound (Timber Castle)	Shropshire	52.83072		0	0	1		223
R	ECA	G-01346		1900-01-01		Pickthorne Castle (Timber Castle)	Shropshire	52.45315		0	0	1		223
R	ECA	G-01347		1900-01-01		Plaish Hall (Fortified Manor House)	Shropshire	52.56398		0	0	1		223
R	ECA	G-01348		1900-01-01		Plowden Mill Ringwork (Timber Castle)	Shropshire	52.47832		0	0	1		223
R	ECA	G-01349		1900-01-01		Pontesbury Castle (Timber Castle	Masonry Castle)	Shropshire		0	0	1		223
R	ECA	G-01350		1900-01-01		Pontfadog (Timber Castle	Earthworks)	Shropshire		0	0	1		223
R	ECA	G-01351		1900-01-01		Pool Hall Moated Site (Fortified Manor House)	Shropshire	52.45101		0	0	1		223
R	ECA	G-01352		1900-01-01		Queen Eleanors Bower	Haughmond (Timber Castle)	Shropshire		0	0	1		223
R	ECA	G-01353		1900-01-01		Rabbit Berries (Timber Castle	Earthworks)	Shropshire		0	0	1		223
R	ECA	G-01354		1900-01-01		Red Castle (Masonry Ruins)	Shropshire	52.86094		0	0	1		223
R	ECA	G-01355		1900-01-01		Ritton Castle (Timber Castle)	Shropshire	52.57287		0	0	1		223
R	ECA	G-01356		1900-01-01		Rorrington	Chirbury (Timber Castle)	Shropshire		0	0	1		223
R	ECA	G-01357		1900-01-01		Loton Park	Shropshire	52.722765		0	0	1		223
R	ECA	G-01358		1900-01-01		Ryton Castle Hillfield (Timber Castle)	Shropshire	52.62350		0	0	1		223
R	ECA	G-01359		1900-01-01		Sandford Castle Mound (Timber Castle)	Shropshire	52.90459		0	0	1		223
R	ECA	G-01360		1900-01-01		Shrewsbury Castle (Timber Castle	Masonry Castle	Palace)		0	0	1		223
R	ECA	G-01361		1900-01-01		Shrewsbury English Bridge (Fortified)	Shropshire	52.70655		0	0	1		223
R	ECA	G-01362		1900-01-01		Shrewsbury Town Wall (Urban Defence)	Shropshire	52.70506		0	0	1		223
R	ECA	G-01363		1900-01-01		Shrewsbury Welsh Bridge (Fortified)	Shropshire	52.71049		0	0	1		223
R	ECA	G-01364		1900-01-01		Shutes Place	Shrewsbury (Fortified Town House)	Shropshire		0	0	1		223
R	ECA	G-01365		1900-01-01		Cleeve Abbey (Grade 1 Listed Building	Scheduled Ancient Monument)	Somerset		0	0	1		223
R	ECA	G-01366		1900-01-01		Sutton Hall Moat (Timber Castle)	Shropshire	52.86854		0	0	1		223
R	ECA	G-01367		1900-01-01		St	Martins Oaklands Moat (Timber Castle)	Shropshire		0	0	1		223
R	ECA	G-01368		1900-01-01		Stapleton Moat Farm (Fortified Manor House)	Shropshire	52.62658		0	0	1		223
R	ECA	G-01369		1900-01-01		Buildwas Abbey	Shropshire	52.635414		0	0	1		223
R	ECA	G-01370		1900-01-01		Stoke Upon Tern (Crop Mark	Earthworks	Fortified Manor House)		0	0	1		223
R	ECA	G-01371		1900-01-01		Tempeston	The Moat (Timber Castle	Masonry Castle)		0	0	1		223
R	ECA	G-01372		1900-01-01		Tenbury Wells Castle Tump (Timber Castle)	Shropshire	52.31418		0	0	1		223
R	ECA	G-01373		1900-01-01		Tong Castle (Timber Castle	Masonry Castle	Fortified Manor House)		0	0	1		223
R	ECA	G-01374		1900-01-01		Tong Castle Hill (Timber Castle)	Shropshire	52.66931		0	0	1		223
R	ECA	G-01375		1900-01-01		Upper Gwarthlow Motte (Timber Castle)	Shropshire	52.55179		0	0	1		223
R	ECA	G-01376		1900-01-01		Upper Millichope Foresters Lodge (Pele Tower)	Shropshire	52.49949		0	0	1		223
R	ECA	G-01377		1900-01-01		Warandashale (Fortified Manor House	Crop works	Earthworks)		0	0	1		223
R	ECA	G-01378		1900-01-01		Warfield Bank (Timber Castle)	Shropshire	52.39100		0	0	1		223
R	ECA	G-01379		1900-01-01		Wattlesborough Hall (Masonry Castle)	Shropshire	52.70735		0	0	1		223
R	ECA	G-01380		1900-01-01		Wem Castle (Timber Castle	Masonry Castle)	Shropshire		0	0	1		223
R	ECA	G-01381		1900-01-01		West Felton Motte (Timber Castle)	Shropshire	52.82064		0	0	1		223
R	ECA	G-01382		1900-01-01		West Felton Village Enclosure (Urban Defence)	Shropshire	52.82051		0	0	1		223
R	ECA	G-01383		1900-01-01		Weston Under Redcastle	The Mount (Timber Castle)	Shropshire		0	0	1		223
R	ECA	G-01384		1900-01-01		Whattal	The Castle (Timber Castle)	Shropshire		0	0	1		223
R	ECA	G-01385		1900-01-01		Whitsburm Hall (Timber Castle	Earthworks)	Shropshire		0	0	1		223
R	ECA	G-01386		1900-01-01		Whittington Castle (Timber Castle	Masonry Castle)	Shropshire		0	0	1		223
R	ECA	G-01387		1900-01-01		Willaston Castle Mound (Timber Castle)	Shropshire	52.91882		0	0	1		223
R	ECA	G-01388		1900-01-01		Wilmington	The Mount (Timber Castle	Masonry Castle		0	0	1		223
R	ECA	G-01389		1900-01-01		Woolstaston Castle Bank (Timber Castle)	Shropshire	52.58107		0	0	1		223
R	ECA	G-01390		1900-01-01		Worsley Castle Hill (Timber Castle)	Shropshire	52.55853		0	0	1		223
R	ECA	G-01391		1900-01-01		Wotherton Castle Mound (Timber Castle)	Shropshire	52.59908		0	0	1		223
R	ECA	G-01392		1900-01-01		Croxden Abbey	Staffordshire	52.954722		0	0	1		223
R	ECA	G-01393		1900-01-01		Audley Castle Hill	Staffordshire	53.05621		0	0	1		223
R	ECA	G-01394		1900-01-01		Heighley Castle	Staffordshire	53.01745		0	0	1		223
R	ECA	G-01395		1900-01-01		Alton Castle	Staffordshire	52.97946		0	0	1		223
R	ECA	G-01396		1900-01-01		Caverswall Castle	Staffordshire	52.98254		0	0	1		223
R	ECA	G-01397		1900-01-01		Chartley Castle	Staffordshire	52.85410		0	0	1		223
R	ECA	G-01398		1900-01-01		Eccleshall Castle	Staffordshire	52.86337		0	0	1		223
R	ECA	G-01399		1900-01-01		Stourton Castle	Staffordshire	52.46213		0	0	1		223
R	ECA	G-01400		1900-01-01		Abbey House	Staffordshire	52.815631		0	0	1		223
R	ECA	G-01401		1900-01-01		Ashcombe Park	Staffordshire	53.058218		0	0	1		223
R	ECA	G-01402		1900-01-01		Barlaston Hall	Staffordshire	52.949416		0	0	1		223
R	ECA	G-01403		1900-01-01		Eccleston Hall	Staffordshire	53.449632		0	0	1		223
R	ECA	G-01404		1900-01-01		Biddulph Grange	Staffordshire	53.129902		0	0	1		223
R	ECA	G-01405		1900-01-01		Blithfield Hall	Staffordshire	52.813327		0	0	1		223
R	ECA	G-01406		1900-01-01		Broughton Hall (Eccleshall)	Staffordshire	52.902255		0	0	1		223
R	ECA	G-01407		1900-01-01		Brocton Hall	Staffordshire	52.775555		0	0	1		223
R	ECA	G-01408		1900-01-01		Chillington Hall	Staffordshire	52.658702		0	0	1		223
R	ECA	G-01409		1900-01-01		Cliffe Park Hall	Staffordshire	53.136618		0	0	1		223
R	ECA	G-01410		1900-01-01		Croxhall Hall	Staffordshire	52.721605		0	0	1		223
R	ECA	G-01411		1900-01-01		Dovecliff Hall	Staffordshire	52.844086		0	0	1		223
R	ECA	G-01412		1900-01-01		Dunstan Hall	Staffordshire	52.756154		0	0	1		223
R	ECA	G-01413		1900-01-01		Enville Hall	Staffordshire	52.473325		0	0	1		223
R	ECA	G-01414		1900-01-01		Etruria Hall	Staffordshire	53.026192		0	0	1		223
R	ECA	G-01415		1900-01-01		Ford Green Hall	Staffordshire	53.054852		0	0	1		223
R	ECA	G-01416		1900-01-01		Forton Hall	Staffordshire	52.787586		0	0	1		223
R	ECA	G-01417		1900-01-01		Himley Hall	Staffordshire	52.521003		0	0	1		223
R	ECA	G-01418		1900-01-01		Hoar Cross Hall	Staffordshire	52.805659		0	0	1		223
R	ECA	G-01419		1900-01-01		Ingestre Hall	Staffordshire	52.819744		0	0	1		223
R	ECA	G-01420		1900-01-01		Maer Hall	Staffordshire	52.942031		0	0	1		223
R	ECA	G-01421		1900-01-01		Sinai Park House	Staffordshire	52.808832		0	0	1		223
R	ECA	G-01422		1900-01-01		Oakley Hall	Staffordshire	52.929166		0	0	1		223
R	ECA	G-01423		1900-01-01		Okeover Hall	Staffordshire	53.030327		0	0	1		223
R	ECA	G-01424		1900-01-01		Berth Hill (Iron Age Hillfort)	Staffordshire	52.948056		0	0	1		223
R	ECA	G-01425		1900-01-01		Patshull Hall	Staffordshire	52.605975		0	0	1		223
R	ECA	G-01426		1900-01-01		Castle Ring (Hillfort)	Staffordshire	52.71284		0	0	1		223
R	ECA	G-01427		1900-01-01		Sandon Hall	Staffordshire	52.855885		0	0	1		223
R	ECA	G-01428		1900-01-01		Somerford Hall	Staffordshire	52.671402		0	0	1		223
R	ECA	G-01429		1900-01-01		Stretton Hall	Staffordshire	52.702951		0	0	1		223
R	ECA	G-01430		1900-01-01		Swynnerton Hall	Staffordshire	52.916290		0	0	1		223
R	ECA	G-01431		1900-01-01		The Ashes	Endon	Staffordshire		0	0	1		223
R	ECA	G-01432		1900-01-01		Throwley Old Hall	Staffordshire	53.069924		0	0	1		223
R	ECA	G-01433		1900-01-01		Trentham Estate (Hall)	Staffordshire	52.965391		0	0	1		223
R	ECA	G-01434		1900-01-01		Whitmore Hall	Staffordshire	52.968400		0	0	1		223
R	ECA	G-01435		1900-01-01		Whittington Old Hall	Staffordshire	52.6716		0	0	1		223
R	ECA	G-01436		1900-01-01		Woodhead Hall	Staffordshire	53.000528		0	0	1		223
R	ECA	G-01437		1900-01-01		Wootton Lodge	Staffordshire	52.991577		0	0	1		223
R	ECA	G-01438		1900-01-01		Wrottesley Hall	Staffordshire	52.612760		0	0	1		223
R	ECA	G-01439		1900-01-01		Wynchor Hall	Staffordshire	52.748205		0	0	1		223
R	ECA	G-01440		1900-01-01		Holt Castle	Worcestershire	53.077995		0	0	1		223
R	ECA	G-01441		1900-01-01		Abberton Hall	Worcestershire	52.179821		0	0	1		223
R	ECA	G-01442		1900-01-01		Little Malvern Court	Worcestershire	52.061287		0	0	1		223
R	ECA	G-01443		1900-01-01		Berry Mound	Worcestershire	52.398864		0	0	1		223
R	ECA	G-01444		1900-01-01		Bredon Hill Fort	Worcestershire	52.059796		0	0	1		223
R	ECA	G-01445		1900-01-01		Dunstall Castle	Worcestershire	52.084251		0	0	1		223
R	ECA	G-01446		1900-01-01		Wychbury Ring	Worcestershire	52.434027		0	0	1		223
R	ECA	G-01447		1900-01-01		Woodbury Hill Camp Hillfort	Worcestershire	52.278241		0	0	1		223
R	ECA	G-01448		1900-01-01		Abberley Hall	Worcestershire	52.295986		0	0	1		223
R	ECA	G-01449		1900-01-01		Badge Court	Worcestershire	52.326505		0	0	1		223
R	ECA	G-01450		1900-01-01		Astley Hall (Stourport-on-Severn)	Worcestershire	52.307650		0	0	1		223
R	ECA	G-01451		1900-01-01		Muchelney Abbey	Somerset	51.020160		0	0	1		223
R	ECA	G-01452		1900-01-01		Bredon School (Formerly Pull Court)	Worcestershire	52.023393		0	0	1		223
R	ECA	G-01453		1900-01-01		Chateau Impney	Worcestershire	52.273826		0	0	1		223
R	ECA	G-01454		1900-01-01		Cofton Hall	Worcestershire	52.373149		0	0	1		223
R	ECA	G-01455		1900-01-01		Croome Court	Worcestershire	52.099809		0	0	1		223
R	ECA	G-01456		1900-01-01		Grafton Manor	Worcestershire	52.320800		0	0	1		223
R	ECA	G-01457		1900-01-01		Hagley Hall	Worcestershire	52.424152		0	0	1		223
R	ECA	G-01458		1900-01-01		Hanbury Hall	Worcestershire	52.271839		0	0	1		223
R	ECA	G-01459		1900-01-01		Harvington Hall	Worcestershire	52.367943		0	0	1		223
R	ECA	G-01460		1900-01-01		Hewell Grange	Worcestershire	52.319229		0	0	1		223
R	ECA	G-01461		1900-01-01		Overbury Court	Worcestershire	52.035849		0	0	1		223
R	ECA	G-01462		1900-01-01		Huddlington Court	Worcestershire	52.213989		0	0	1		223
R	ECA	G-01463		1900-01-01		Kemerton Court	Worcestershire	52.028499		0	0	1		223
R	ECA	G-01464		1900-01-01		Madresfield Court	Worcestershire	52.125454		0	0	1		223
R	ECA	G-01465		1900-01-01		Bury Bank (Iron Age Hillfort) (Scheduled Monument)	Staffordshire	52		0	0	1		223
R	ECA	G-01466		1900-01-01		Bury Ring (Iron Age Hillfort)	Staffordshire	52.7879		0	0	1		223
R	ECA	G-01467		1900-01-01		Kinver Edge Univallate Iron Age Hillfort	Staffordshire	52.447222		0	0	1		223
R	ECA	G-01468		1900-01-01		Ribbesford House	Worcestershire	52.362903		0	0	1		223
R	ECA	G-01469		1900-01-01		Sodington Hall	Worcestershire	55.336344		0	0	1		223
R	ECA	G-01470		1900-01-01		Spetchley Park	Worcestershire	52.182736		0	0	1		223
R	ECA	G-01471		1900-01-01		Westwood House	Worcestershire	52.273797		0	0	1		223
R	ECA	G-01472		1900-01-01		Wickhamford Manor	Worcestershire	52.078317		0	0	1		223
R	ECA	G-01473		1900-01-01		Witley Court	Worcestershire	52.282204		0	0	1		223
R	ECA	G-01474		1900-01-01		Winterbourne House	West Midlands	52.453062		0	0	1		223
R	ECA	G-01475		1900-01-01		Wightwick Manor	West Midlands	52.582346		0	0	1		223
R	ECA	G-01476		1900-01-01		Castle Old Fort	West Midlands	52.627164		0	0	1		223
R	ECA	G-01477		1900-01-01		Nadbury Camp	Warwickshire	52.130828		0	0	1		223
R	ECA	G-01478		1900-01-01		Wappenbury Camp	Warwickshire	52.3208		0	0	1		223
R	ECA	G-01479		1900-01-01		Meon Hill Hillfort	Warwickshire	52.106131		0	0	1		223
R	ECA	G-01480		1900-01-01		Oldbury Camp	Warwickshire	51.284248		0	0	1		223
R	ECA	G-01481		1900-01-01		Oakley Wood Camp Hillfort	Warwickshire	52.233891		0	0	1		223
R	ECA	G-01482		1900-01-01		Stoneleigh Abbey	Warwickshire	52.338513		0	0	1		223
R	ECA	G-01483		1900-01-01		Brandon Castle	Warwickshire	52.379722		0	0	1		223
R	ECA	G-01484		1900-01-01		King Johns Mound	Warwickshire	52.155950		0	0	1		223
R	ECA	G-01485		1900-01-01		Alscot Park	Warwickshire	52.151640		0	0	1		223
R	ECA	G-01486		1900-01-01		Ansty Hall	Warwickshire	52.449684		0	0	1		223
R	ECA	G-01487		1900-01-01		Arbury Hall	Warwickshire	52.500893		0	0	1		223
R	ECA	G-01488		1900-01-01		Ardencote Manor	Warwickshire	52.290994		0	0	1		223
R	ECA	G-01489		1900-01-01		Bilton Hall	Warwickshire	52.35974		0	0	1		223
R	ECA	G-01490		1900-01-01		Birdingbury Hall	Warwickshire	52.3146		0	0	1		223
R	ECA	G-01491		1900-01-01		Blyth Hall	Warwickshire	52.508999		0	0	1		223
R	ECA	G-01492		1900-01-01		Brownsover Hall	Warwickshire	52.393624		0	0	1		223
R	ECA	G-01493		1900-01-01		Charlecote Park	Warwickshire	52.205223		0	0	1		223
R	ECA	G-01494		1900-01-01		Clopton Park House	Warwickshire	52.208710		0	0	1		223
R	ECA	G-01495		1900-01-01		Clopton Tower	Warwickshire	52.205896		0	0	1		223
R	ECA	G-01496		1900-01-01		Compton Verney House Venue	Warwickshire	52.173248		0	0	1		223
R	ECA	G-01497		1900-01-01		Compton Wynyates (Fortified Manor House)	Warwickshire	52.07381		0	0	1		223
R	ECA	G-01498		1900-01-01		Coombe Abbey	Warwickshire	52.414316		0	0	1		223
R	ECA	G-01499		1900-01-01		Coughton Court	Warwickshire	52.243866		0	0	1		223
R	ECA	G-01500		1900-01-01		Ettington Park	Warwickshire	52.123743		0	0	1		223
R	ECA	G-01501		1900-01-01		Farnbrough Hall	Warwickshire	52.141409		0	0	1		223
R	ECA	G-01502		1900-01-01		Foxcote House	Warwickshire	52.074166		0	0	1		223
R	ECA	G-01503		1900-01-01		Guy's Cliffe House	Warwickshire	52.297911		0	0	1		223
R	ECA	G-01504		1900-01-01		Honington Hall	Warwickshire	52.081921		0	0	1		223
R	ECA	G-01505		1900-01-01		Merevale Hall	Warwickshire	52.573012		0	0	1		223
R	ECA	G-01506		1900-01-01		Middleton Hall	Warwickshire	52.580608		0	0	1		223
R	ECA	G-01507		1900-01-01		Moxhull Hall	Warwickshire	52.562517		0	0	1		223
R	ECA	G-01508		1900-01-01		Newbold Revel	Warwickshire	52.423506		0	0	1		223
R	ECA	G-01509		1900-01-01		Barrells Hall	Warwickshire	52.298013		0	0	1		223
R	ECA	G-01510		1900-01-01		Packwood Hall	Warwickshire	52.347992		0	0	1		223
R	ECA	G-01511		1900-01-01		Ragley Hall	Warwickshire	52.19767		0	0	1		223
R	ECA	G-01512		1900-01-01		Shuckborough Hall (Upper Shuckborough)	Warwickshire	52.344407		0	0	1		223
R	ECA	G-01513		1900-01-01		Umberslade Hall	Warwickshire	52.344407		0	0	1		223
R	ECA	G-01514		1900-01-01		Upton House	Warwickshire	52.108335		0	0	1		223
R	ECA	G-01515		1900-01-01		Walton Hall	Warwickshire	52.168786		0	0	1		223
R	ECA	G-01516		1900-01-01		Wroxhall Abbey	Warwickshire	52.334253		0	0	1		223
R	ECA	G-01517		1900-01-01		Bishops Palace	Wells	Somerset		0	0	1		223
R	ECA	G-01518		1900-01-01		Walton Castle	Somerset	51.452301		0	0	1		223
R	ECA	G-01519		1900-01-01		Audley's Moat	Endon (Fortified Manor House)	Staffordshire		0	0	1		223
R	ECA	G-01520		1900-01-01		Bescot Hall (Fortified Manor House)	Staffordshire	52.56777		0	0	1		223
R	ECA	G-01521		1900-01-01		Biddulph Lea Forge (Timber Castle)	Staffordshire	53.13242		0	0	1		223
R	ECA	G-01522		1900-01-01		Blithewood Moat	Checkley (Fortified Manor House)	Staffordshire		0	0	1		223
R	ECA	G-01523		1900-01-01		Cannock Castle Ring (Palace	Fortified Manor House)	Staffordshire		0	0	1		223
R	ECA	G-01524		1900-01-01		Coppenhall Gorse (Earthwork	Fortified Manor House)	Staffordshire		0	0	1		223
R	ECA	G-01525		1900-01-01		Litchfield Cathedral Close and Bishop's Palace (Masonry Castle	Palace	Fortified Ecclesiastical Site)		0	0	1		223
R	ECA	G-01526		1900-01-01		Littywood Moat (Timber Castle	Fortified Manor House)	Staffordshire		0	0	1		223
R	ECA	G-01527		1900-01-01		Loggerheads Auctioneers Mound (Timber Castle)	Staffordshire	52.92547		0	0	1		223
R	ECA	G-01528		1900-01-01		Mavesyn Ridward Old Hall (Fortified Manor House)	Staffordshire	52.74867		0	0	1		223
R	ECA	G-01529		1900-01-01		Newcastle Under Lyme (Timber Castle	Masonry Castle)	Staffordshire		0	0	1		223
R	ECA	G-01530		1900-01-01		Norbury Hall (Fortified Manor House)	Staffordshire	52.80687		0	0	1		223
R	ECA	G-01531		1900-01-01		Old Madeley Manor (Masonry Ruins	Fortified)	Staffordshire		0	0	1		223
R	ECA	G-01532		1900-01-01		Radmore (Fortified Manor House	Timber Castle	Earthworks)		0	0	1		223
R	ECA	G-01533		1900-01-01		Rodbaston Old Hall (Fortified Manor House	Earthwork)	Staffordshire		0	0	1		223
R	ECA	G-01534		1900-01-01		Shortwood Motte	Standon (Timber Castle)	Staffordshire		0	0	1		223
R	ECA	G-01535		1900-01-01		Rushall Hall (Fortified Manor House)	Staffordshire	52.70260		0	0	1		223
R	ECA	G-01536		1900-01-01		Stafford Town Defences (Urban Defence)	Staffordshire	52.80640		0	0	1		223
R	ECA	G-01537		1900-01-01		Swan Bank	Caverswall	Deadmans Hill (Timber Castle		0	0	1		223
R	ECA	G-01538		1900-01-01		Tixhall	The Gatehouse (Fortified Manor House)	Staffordshire		0	0	1		223
R	ECA	G-01539		1900-01-01		Tyrley Castle (Timber Castle	Masonry Castle)	Staffordshire		0	0	1		223
R	ECA	G-01540		1900-01-01		Weston Jones Motte (Timber Castle)	Staffordshire	52.81553		0	0	1		223
R	ECA	G-01541		1900-01-01		Castlemorton Motte (Castle Morton)	Worcestershire	52.03178		0	0	1		223
R	ECA	G-01542		1900-01-01		Hanley Castle	Worcestershire	52.07096		0	0	1		223
R	ECA	G-01543		1900-01-01		Homme Castle	Clifton Upon Teme	Worcestershire		0	0	1		223
R	ECA	G-01544		1900-01-01		Inkberrow Castle & Moat	Worcestershire	52.21383		0	0	1		223
R	ECA	G-01545		1900-01-01		Alvechurch Moat (Earthwork remains)	Worcestershire	52.35191		0	0	1		223
R	ECA	G-01546		1900-01-01		Birtsmorton Court (Fortified Manor House)	Worcestershire	52.01703		0	0	1		223
R	ECA	G-01547		1900-01-01		Beoley	The Mount (Timber Castle and Fortified Manor House)	Worcestershire		0	0	1		223
R	ECA	G-01548		1900-01-01		Crookbarrow Hill (Timber Castle)	Worcestershire	52.156870		0	0	1		223
R	ECA	G-01549		1900-01-01		Feckingham Castle (Timber Castle	Palace)	Worcestershire		0	0	1		223
R	ECA	G-01550		1900-01-01		Evesham Abbey (Fortified Ecclesiastical Site)	Worcestershire	52.09115		0	0	1		223
R	ECA	G-01551		1900-01-01		Elmley Lovett (Timber Castle	Fortified Manor House)	Worcestershire		0	0	1		223
R	ECA	G-01552		1900-01-01		Dormston Manor (Fortified Manor House)	Worcestershire	52.21387		0	0	1		223
R	ECA	G-01553		1900-01-01		Halesowen Abbey (Fortified Ecclesiastical Site)	Worcestershire	52.44327		0	0	1		223
R	ECA	G-01554		1900-01-01		Gannow Green Moat (Fortified Manor House)	Worcestershire	52.40352		0	0	1		223
R	ECA	G-01555		1900-01-01		Kyre Park (Masonry Ruins)	Worcestershire	52.26871		0	0	1		223
R	ECA	G-01556		1900-01-01		Leigh Castle Green (Timber Castle)	Worcestershire	52.16557		0	0	1		223
R	ECA	G-01557		1900-01-01		Byland Abbey	Yorkshire	54.203167		0	0	1		223
R	ECA	G-01558		1900-01-01		Olivers Mount	(Timber Castle Fortified Manor House)	Worcestershire		0	0	1		223
R	ECA	G-01559		1900-01-01		Rochford Motte	(Timber Castle)	Worcestershire		0	0	1		223
R	ECA	G-01560		1900-01-01		Strensham Castle (Fortified Manor House)	Worcestershire	52.06273		0	0	1		223
R	ECA	G-01561		1900-01-01		Tickenhill Manor (Palace)	Worcestershire	52.37334		0	0	1		223
R	ECA	G-01562		1900-01-01		Timberlake	Bayton (Fortified Manor House)	Worcestershire		0	0	1		223
R	ECA	G-01563		1900-01-01		Tredington Manor of the Bishop of Worcester (Palace)	Worcestershire	52.08913		0	0	1		223
R	ECA	G-01564		1900-01-01		Weoley Castle (Fortified Manor House)	Worcestershire	52.44272		0	0	1		223
R	ECA	G-01565		1900-01-01		Worcester City Wall (Urban Defence)	Worcestershire	52.19247		0	0	1		223
R	ECA	G-01566		1900-01-01		Worcester Cathedral Priory (Fortified Ecclesiastical Site)	Worcestershire	52.18806		0	0	1		223
R	ECA	G-01567		1900-01-01		Worcester Bridge (Fortified Bridge)	Worcestershire	52.19185		0	0	1		223
R	ECA	G-01568		1900-01-01		Worcester Bishop's Palace (Palace)	Worcestershire	52.18962		0	0	1		223
R	ECA	G-01569		1900-01-01		Woodmanton Moat (Fortified Manor House)	Worcestershire	52.24170		0	0	1		223
R	ECA	G-01570		1900-01-01		Allesley Ringwork (Timber Castle)	Warwickshire	52.41769		0	0	1		223
R	ECA	G-01571		1900-01-01		St Botolphs Priory	Essex	51.887400		0	0	1		223
R	ECA	G-01572		1900-01-01		Beauchamps Court	Alcester (Fortified Manor House)	Warwickshire		0	0	1		223
R	ECA	G-01573		1900-01-01		Botelers Castle	Oversley (Timber Castle)	Warwickshire		0	0	1		223
R	ECA	G-01574		1900-01-01		Brailes Castle Hill Motte (Timber Castle)	Warwickshire	52.05820		0	0	1		223
R	ECA	G-01575		1900-01-01		Castle Bromwich Castle Hill (Timber Castle)	Warwickshire	52.50816		0	0	1		223
R	ECA	G-01576		1900-01-01		Coleshill (Timber Castle	Fortified Manor House)	Warwickshire		0	0	1		223
R	ECA	G-01577		1900-01-01		Coventry Caesers Tower (Fortified Town House)	Warwickshire	52.40748		0	0	1		223
R	ECA	G-01578		1900-01-01		Coventry City Wall (Urban Defence)	Warwickshire	52.41089		0	0	1		223
R	ECA	G-01579		1900-01-01		Fillongley Castle Yard (Timber Castle	Masonry Castle Scheduled Monument)	Warwickshire		0	0	1		223
R	ECA	G-01580		1900-01-01		Fulbrook Castle Masonry Castle	(Fortified Manor House)	Warwickshire		0	0	1		223
R	ECA	G-01581		1900-01-01		Hobs Moat	Solihull (Fortified Manor House)	Warwickshire		0	0	1		223
R	ECA	G-01582		1900-01-01		Kingsbury Hall (Masonry Castle	Fortified Manor House)	Warwickshire		0	0	1		223
R	ECA	G-01583		1900-01-01		Kingshurst Hall (Timber Castle	Fortified Manor House)	Warwickshire		0	0	1		223
R	ECA	G-01584		1900-01-01		Langley (Fortified Manor House)	Warwickshire	52.55776		0	0	1		223
R	ECA	G-01585		1900-01-01		Morton Bagot Castle (Timber Castle)	Warwickshire	52.27960		0	0	1		223
R	ECA	G-01586		1900-01-01		Overseley Village Defences (Urban Defence)	Warwickshire	52.20038		0	0	1		223
R	ECA	G-01587		1900-01-01		Warwick Old Castle Bridge (Fortified Bridge)	Warwickshire	52.79135		0	0	1		223
R	ECA	G-01588		1900-01-01		Warwick Town Hall (Urban Defence)	Warwickshire	52.27978		0	0	1		223
R	ECA	G-01589		1900-01-01		Whichford Castle (Timber Castle	Masonry Castle	Fortified Manor Farm)		0	0	1		223
R	ECA	G-01590		1900-01-01		Whitacre Hall (Fortified Manor House)	Warwickshire	52.54063		0	0	1		223
R	ECA	G-01591		1900-01-01		Wooten Waven (Timber Castle)	Warwickshire	52.26462		0	0	1		223
R	ECA	G-01592		1900-01-01		Hunstanton Hall (Fortified Manor House)	Norfolk	52.94703		0	0	1		223
R	ECA	G-01593		1900-01-01		Hevingham Bishop's Palace (Palace)	Norfolk	52.73916		0	0	1		223
R	ECA	G-01594		1900-01-01		Hautbois Castle (Fortified Manor House)	Norfolk	52.73290		0	0	1		223
R	ECA	G-01595		1900-01-01		Hales Hall	Loddon (Fortified Manor House)	Norfolk		0	0	1		223
R	ECA	G-01596		1900-01-01		Great Yarmouth	The Tolhouse (Fortified Town House)	Norfolk		0	0	1		223
R	ECA	G-01597		1900-01-01		Great Yarmouth Town Wall (Urban Defence)	Norfolk	52.59956		0	0	1		223
R	ECA	G-01598		1900-01-01		Great Yarmouth New Mount (Artillery Fort)	Norfolk	52.60498		0	0	1		223
R	ECA	G-01599		1900-01-01		Giants Moat	Mileham (Fortified Manor House)	Norfolk		0	0	1		223
R	ECA	G-01600		1900-01-01		Fincham Hall (Fortified Manor House)	Norfolk	52.62985		0	0	1		223
R	ECA	G-01601		1900-01-01		Falstoff's Moat (Fortified Manor House)	Norfolk	52.59196		0	0	1		223
R	ECA	G-01602		1900-01-01		Erpingham Old Hall (Fortified Manor House)	Norfolk	52.84075		0	0	1		223
R	ECA	G-01603		1900-01-01		Elsing Hall (Fortified Manor House)	Norfolk	52.70333		0	0	1		223
R	ECA	G-01604		1900-01-01		Edgefield Hall (Fortified Manor House)	Norfolk	52.88064		0	0	1		223
R	ECA	G-01605		1900-01-01		East Harling Hall (Fortified Manor House)	Norfolk	52.44297		0	0	1		223
R	ECA	G-01606		1900-01-01		East Barsham Manor (Fortifed Manor House)	Norfolk	52.86839		0	0	1		223
R	ECA	G-01607		1900-01-01		Drayton Lodge (Tower House)	Norfolk	52.67212		0	0	1		223
R	ECA	G-01608		1900-01-01		Anmer Hall	Norfolk	52.834301		0	0	1		223
R	ECA	G-01609		1900-01-01		Crabbs Castle (Timber Castle)	Norfolk	52.92139		0	0	1		223
R	ECA	G-01610		1900-01-01		Castle Acre Town Defences (Urban Defences)	Norfolk	52.70351		0	0	1		223
R	ECA	G-01611		1900-01-01		Burgh Next Aylsham (Timber Castle	Fortified Manor House)	Norfolk		0	0	1		223
R	ECA	G-01612		1900-01-01		Blackborough End (Fortified Manor House)	Norfolk	52.70614		0	0	1		223
R	ECA	G-01613		1900-01-01		Black Joy Fort (Artillery Fort)	Norfolk	52.96462		0	0	1		223
R	ECA	G-01614		1900-01-01		Berry Hall (Fortified Manor House)	Norfolk	52.90096		0	0	1		223
R	ECA	G-01615		1900-01-01		Berdewell Hall (Fortified Manor House)	Norfolk	52.42961		0	0	1		223
R	ECA	G-01616		1900-01-01		Kenninghall East Hall (Timber Castle	Palace	Fortified Manor House)		0	0	1		223
R	ECA	G-01617		1900-01-01		Kenningham Place (Palace)	Norfolk	52.42938		0	0	1		223
R	ECA	G-01618		1900-01-01		Kings Lynn Town Hall (Urban Defence)	Norfolk	52.74571		0	0	1		223
R	ECA	G-01619		1900-01-01		Kings Lynn	The Red Mount (Timber Castle)	Norfolk		0	0	1		223
R	ECA	G-01620		1900-01-01		Langley Abbey (Fortified Ecclesiastical Site)	Norfolk	52.57220		0	0	1		223
R	ECA	G-01621		1900-01-01		Lyng Hall (Fortified Manor House)	Norfolk	52.81993		0	0	1		223
R	ECA	G-01622		1900-01-01		Leiston Abbey	Suffolk	52.221712		0	0	1		223
R	ECA	G-01623		1900-01-01		Marham Castle (Fortified Manor House)	Norfolk	52.65667		0	0	1		223
R	ECA	G-01624		1900-01-01		Mekil Hall (Fortified Manor House)	Norfolk	52.83745		0	0	1		223
R	ECA	G-01625		1900-01-01		Castle Howe	Kendal (Motte & Bailey)	Cumbria		0	0	1		223
R	ECA	G-01626		1900-01-01		Middleton Towers (Fortified Manor House)	Norfolk	52.72978		0	0	1		223
R	ECA	G-01627		1900-01-01		Mileham Village Enclosure (Masonry Castle)	Norfolk	52.73894		0	0	1		223
R	ECA	G-01628		1900-01-01		Morley Castle	Swanton Morley (Masonry Castle	Fortified Manor House)		0	0	1		223
R	ECA	G-01629		1900-01-01		Music House	Norwich (Fortified Town House)	Norfolk		0	0	1		223
R	ECA	G-01630		1900-01-01		Grimspound (Bronze Age Settlement)	Devon	50.613464		0	0	1		223
R	ECA	G-01631		1900-01-01		Hound Tor (Medieval Village Ruins)	Devon	50.59516		0	0	1		223
R	ECA	G-01632		1900-01-01		New Buckenham Town Defences (Urban Defence)	Norfolk	52.47267		0	0	1		223
R	ECA	G-01633		1900-01-01		Norwich Bishop Bridge (Fortified Bridge)	Norfolk	52.63241		0	0	1		223
R	ECA	G-01634		1900-01-01		Norwich Bishop's Palace (Timber Castle	Masonry Castle	Palace)		0	0	1		223
R	ECA	G-01635		1900-01-01		Norwich City Wall (Artillery Fort)	Norfolk	52		0	0	1		223
R	ECA	G-01636		1900-01-01		Old Hythe Battery (Artillery Fort)	Norfolk	52.94598		0	0	1		223
R	ECA	G-01637		1900-01-01		Quidenham Bishop's Palace (Palace)	Norfolk	52		0	0	1		223
R	ECA	G-01638		1900-01-01		Quidenham Vikings Mound (Timber Castle)	Norfolk	52.45078		0	0	1		223
R	ECA	G-01639		1900-01-01		Raveningham Hill Mount (Timber Castle)	Norfolk	52.50205		0	0	1		223
R	ECA	G-01640		1900-01-01		Roydon Hall (Fortified Manor House)	Norfolk	52.77939		0	0	1		223
R	ECA	G-01641		1900-01-01		Scoulton Moat (Timber Castle	Fortified Manor House)	Norfolk		0	0	1		223
R	ECA	G-01642		1900-01-01		Shelton Hall (Fortified Manor House)	Norfolk	52.46658		0	0	1		223
R	ECA	G-01643		1900-01-01		St Anns Fort (Artillery Fort)	Norfolk	52.57874		0	0	1		223
R	ECA	G-01644		1900-01-01		St Benets Abbey	Holm (Fortified Ecclesiastical Site)	Norfolk		0	0	1		223
R	ECA	G-01645		1900-01-01		Stiffkey Old Hall (Fortified Manor House)	Norfolk	52.94759		0	0	1		223
R	ECA	G-01646		1900-01-01		The Crutch	Kings Lynn (Artillery Fort)	Norfolk		0	0	1		223
R	ECA	G-01647		1900-01-01		Thetford Town Defences (Urban Defence)	Norfolk	52.41145		0	0	1		223
R	ECA	G-01648		1900-01-01		Thetford Red Castle (Timber Castle)	Norfolk	52.41389		0	0	1		223
R	ECA	G-01649		1900-01-01		Thetford Warren Lodge (Pele Tower)	Norfolk	52.42362		0	0	1		223
R	ECA	G-01650		1900-01-01		Thornage Hall Palace	(Fortified Manor House)	Norfolk		0	0	1		223
R	ECA	G-01651		1900-01-01		Waxham Hall (Fortified Manor House)	Norfolk	52.77950		0	0	1		223
R	ECA	G-01652		1900-01-01		Wighton Moat (Fortified Manor House)	Norfolk	52.91375		0	0	1		223
R	ECA	G-01653		1900-01-01		Wodehouse Tower	Kimberley (Fortified Manor House)	Norfolk		0	0	1		223
R	ECA	G-01654		1900-01-01		Merrivale Prehistoric Settlement (Bronze Age Settlement)	Devon	50.554773		0	0	1		223
R	ECA	G-01655		1900-01-01		Wymondham Moot Hill (Timber Castle)	Norfolk	52.57286		0	0	1		223
R	ECA	G-01656		1900-01-01		Chingle Hall - The White Goddess (Moated Site)	Lancashire	53.816244		0	0	1		223
R	ECA	G-01657		1900-01-01		Browsholme Hall	Lancashire	53.902539		0	0	1		223
R	ECA	G-01658		1900-01-01		Hailes Abbey (Grade 1 Listed Building	Scheduled Monument)	Gloucestershire		0	0	1		223
R	ECA	G-01659		1900-01-01		Lytham Hall	Lancashire	53.744376		0	0	1		223
R	ECA	G-01660		1900-01-01		Samlesbury Hall	Lancashire	53.769523		0	0	1		223
R	ECA	G-01661		1900-01-01		Smithills Hall	Lancashire	53.602498		0	0	1		223
R	ECA	G-01662		1900-01-01		Stonyhurst College	Lancashire	53.847162		0	0	1		223
R	ECA	G-01663		1900-01-01		Towneley Hall	Lancashire	53.773831		0	0	1		223
R	ECA	G-01664		1900-01-01		Portfield Hillfort (Planes Wood Camp) (Iron Age Hillfort)	Lancashire	53.8151		0	0	1		223
R	ECA	G-01665		1900-01-01		Adlington Hall	Lancashire	53.606735		0	0	1		223
R	ECA	G-01666		1900-01-01		Alston Hall	Lancashire	53.800249 -2.595683		0	0	1		223
R	ECA	G-01667		1900-01-01		Ashton Hall	Lancashire	54.046896		0	0	1		223
R	ECA	G-01668		1900-01-01		Bank Hall	Lancashire	53.675737		0	0	1		223
R	ECA	G-01669		1900-01-01		Blythe Hall	Lathom	Lancashire		0	0	1		223
R	ECA	G-01670		1900-01-01		Burrow Hall	Lancashire	54.177690		0	0	1		223
R	ECA	G-01671		1900-01-01		Carr House (Bretherton)	Lancashire	53.686706		0	0	1		223
R	ECA	G-01672		1900-01-01		Downham Hall	Lancashire	53.894673		0	0	1		223
R	ECA	G-01673		1900-01-01		Warton Crag (Small Multivallate Hillfort)	Lancashire	54.1476		0	0	1		223
R	ECA	G-01674		1900-01-01		Gawthorpe Hall	Lancashire	53.802289		0	0	1		223
R	ECA	G-01675		1900-01-01		Gisburne Park	Lancashire	53.938792		0	0	1		223
R	ECA	G-01676		1900-01-01		Abbeystead House	Lancashire	53.984852		0	0	1		223
R	ECA	G-01677		1900-01-01		Hazelwood Hall	Lancashire	54.167000		0	0	1		223
R	ECA	G-01678		1900-01-01		Heskin Hall	Lancashire	53.635404		0	0	1		223
R	ECA	G-01679		1900-01-01		Holme Hall	Cliviger	Lancashire		0	0	1		223
R	ECA	G-01680		1900-01-01		Huntroyde Hall	Lancashire	53.812263		0	0	1		223
R	ECA	G-01681		1900-01-01		Lathom House	Lancashire	53.576110		0	0	1		223
R	ECA	G-01682		1900-01-01		Leck Hall	Lancashire	54.185923		0	0	1		223
R	ECA	G-01683		1900-01-01		Leignton Hall	Lancashire	54.163057		0	0	1		223
R	ECA	G-01684		1900-01-01		Martholme Manor House	Lancashire	53.799990		0	0	1		223
R	ECA	G-01685		1900-01-01		Mawdesley Hall	Lancashire	53.630114		0	0	1		223
R	ECA	G-01686		1900-01-01		Quernmore Park	Lancashire	54.058534		0	0	1		223
R	ECA	G-01687		1900-01-01		Read Hall	Lancashire	53.809016		0	0	1		223
R	ECA	G-01688		1900-01-01		Rivington Hall	Lancashire	53.625185		0	0	1		223
R	ECA	G-01689		1900-01-01		Rufford New Hall	Lancashire	53.640812		0	0	1		223
R	ECA	G-01690		1900-01-01		Rufford Old Hall	Lancashire	53.637871		0	0	1		223
R	ECA	G-01691		1900-01-01		Capernwray Hall	Lancashire	54.143720		0	0	1		223
R	ECA	G-01692		1900-01-01		Scarisbrick Hall	Lancashire	53.606447		0	0	1		223
R	ECA	G-01693		1900-01-01		Shaw Hill	Lancashire	53.682741		0	0	1		223
R	ECA	G-01694		1900-01-01		Shuttleworth Hall	Lancashire	53.786144		0	0	1		223
R	ECA	G-01695		1900-01-01		Thurnham Hall	Lancashire	53.984208		0	0	1		223
R	ECA	G-01696		1900-01-01		Turton Tower	Lancashire	53.632819		0	0	1		223
R	ECA	G-01697		1900-01-01		Waddow Hall	Lancashire	53.879754		0	0	1		223
R	ECA	G-01698		1900-01-01		Cuerden Hall	Lancashire	53.709985		0	0	1		223
R	ECA	G-01699		1900-01-01		Wennington Hall	Lancashire	54.128818		0	0	1		223
R	ECA	G-01700		1900-01-01		Whittington Hall	Lancashire	54.180543		0	0	1		223
R	ECA	G-01701		1900-01-01		Winmarleigh Hall	Lancashire	53.920962		0	0	1		223
R	ECA	G-01702		1900-01-01		Wyresdale Park	Lancashire	53.936130		0	0	1		223
R	ECA	G-01703		1900-01-01		Arkholme with Cawood Chapel Hill (Timber Castle	Scheduled Monument)	Lancashire		0	0	1		223
R	ECA	G-01704		1900-01-01		Castle Stede	Lancashire	54.121930		0	0	1		223
R	ECA	G-01705		1900-01-01		Greenhalgh Castle	Lancashire	53.89970		0	0	1		223
R	ECA	G-01706		1900-01-01		Halton Castle Hill	Lancashire	54.07688		0	0	1		223
R	ECA	G-01707		1900-01-01		Hapton Castle	Lancashire	53.77913		0	0	1		223
R	ECA	G-01708		1900-01-01		Melling with Wrayton Castle Mount	Lancashire	54.13478		0	0	1		223
R	ECA	G-01709		1900-01-01		Penwortham Castle Hill	Lancashire	53.75581		0	0	1		223
R	ECA	G-01710		1900-01-01		Borwick Hall	Lancashire	54.15082		0	0	1		223
R	ECA	G-01711		1900-01-01		Clitheroe Castle	Lancashire	53.870164		0	0	1		223
R	ECA	G-01712		1900-01-01		Lancaster Castle	Lancashire	54.049890		0	0	1		223
R	ECA	G-01713		1900-01-01		Escowbeck House	Lancashire	54.072142		0	0	1		223
R	ECA	G-01714		1900-01-01		Sawley Abbey (Sceduled Ancient Monument	Grade 1 Listed Building)	Lancashire		0	0	1		223
R	ECA	G-01715		1900-01-01		Warton Old Rectory (Scheduled Ancient Monument	Grade 1 Listed Building)	Lancashire		0	0	1		223
R	ECA	G-01716		1900-01-01		Monk Bretton Priory	Yorkshire	53.554714		0	0	1		223
R	ECA	G-01717		1900-01-01		Blackrod Castle Croft	Lancashire	53.59122		0	0	1		223
R	ECA	G-01718		1900-01-01		Bradlegh Old Hall	Lancashire	53.43994		0	0	1		223
R	ECA	G-01719		1900-01-01		Broughton In Amounderness	Lancashire	53.79587		0	0	1		223
R	ECA	G-01720		1900-01-01		Buckton Castle	Lancashire	53.51118		0	0	1		223
R	ECA	G-01721		1900-01-01		Bury Castle	Lancashire	53.59388		0	0	1		223
R	ECA	G-01722		1900-01-01		Coniston Hall	Lancashire	54.35783		0	0	1		223
R	ECA	G-01723		1900-01-01		Dalton in Furness	Lancashire	54.15540		0	0	1		223
R	ECA	G-01724		1900-01-01		Dolpinholme Castle Hill	Lancashire	53.97632		0	0	1		223
R	ECA	G-01725		1900-01-01		Farleton Castle	Lancashire	54.10205		0	0	1		223
R	ECA	G-01726		1900-01-01		Newton Le Willows Castle Hill	Lancashire	53.46072		0	0	1		223
R	ECA	G-01727		1900-01-01		Wycoller Hall (Ruins	Scheduled Monument	Grade II Listed Building)		0	0	1		223
R	ECA	G-01728		1900-01-01		Manchester Hanging Bridge and Town Defences	Lancashire	53.48473		0	0	1		223
R	ECA	G-01729		1900-01-01		Ightenhill Park Manor	Lancashire	53.80243		0	0	1		223
R	ECA	G-01730		1900-01-01		Faversham Stone Chapel (Our Lady of Elverton)	Kent	51.316104		0	0	1		223
R	ECA	G-01731		1900-01-01		Hawkshead Old Hall	Lancashire	54.38034		0	0	1		223
R	ECA	G-01732		1900-01-01		Hampsfield Hall Pele	Lancashire	54.21647		0	0	1		223
R	ECA	G-01733		1900-01-01		Gresgarth Hall	Lancashire	54.06369		0	0	1		223
R	ECA	G-01734		1900-01-01		Gleaston Castle	Aldingham	Lancashire		0	0	1		223
R	ECA	G-01735		1900-01-01		Radcliffe Tower	Lancashire	53.56381		0	0	1		223
R	ECA	G-01736		1900-01-01		West Derby Castle	Lancashire	53.43454		0	0	1		223
R	ECA	G-01737		1900-01-01		Whalley Abbey	Lancashire	53.82043		0	0	1		223
R	ECA	G-01738		1900-01-01		Croxteth Hall	Merseyside	53.442595		0	0	1		223
R	ECA	G-01739		1900-01-01		Brimstage Hall	Merseyside	53.336117		0	0	1		223
R	ECA	G-01740		1900-01-01		Leasowe Castle	Merseyside	53.418342		0	0	1		223
R	ECA	G-01741		1900-01-01		Allerton Hall	Liverpool	Merseyside		0	0	1		223
R	ECA	G-01742		1900-01-01		Knowsley Hall	Merseyside	53.438192		0	0	1		223
R	ECA	G-01743		1900-01-01		Speke Hall	Merseyside	53.336584		0	0	1		223
R	ECA	G-01744		1900-01-01		Greenbank House	Merseyside	53.385153		0	0	1		223
R	ECA	G-01745		1900-01-01		Meols Hall	Merseyside	53.657064		0	0	1		223
R	ECA	G-01746		1900-01-01		Burradon Tower	Tyne and Wear	55.051114		0	0	1		223
R	ECA	G-01747		1900-01-01		Old Hollinside (Fortified Manor House)	Tyne and Wear	54.933809		0	0	1		223
R	ECA	G-01748		1900-01-01		Newcastle Castle	Tyne and Wear	54.968817		0	0	1		223
R	ECA	G-01749		1900-01-01		Redworth Hall	County Durham	54.603084		0	0	1		223
R	ECA	G-01750		1900-01-01		Hardwick Hall	County Durham	54.657844		0	0	1		223
R	ECA	G-01751		1900-01-01		Ramside Hall	County Durham	54.794821		0	0	1		223
R	ECA	G-01752		1900-01-01		Rokeby Park	County Durham	54.522842		0	0	1		223
R	ECA	G-01753		1900-01-01		Crook Hall	County Durham	54.782778		0	0	1		223
R	ECA	G-01754		1900-01-01		Mortham Tower	County Durham	54.523065		0	0	1		223
R	ECA	G-01755		1900-01-01		Raby Old Lodge	County Durham	54.59474		0	0	1		223
R	ECA	G-01756		1900-01-01		Scargill Castle	County Durham	54.491973		0	0	1		223
R	ECA	G-01757		1900-01-01		Cockersand Premonstratensian Abbey (The Chapter House)	Lancashire	53.976760		0	0	1		223
R	ECA	G-01758		1900-01-01		Rivington Pike Tower	Lancashire	53.619389		0	0	1		223
R	ECA	G-01759		1900-01-01		Ribchester Roman Fort	Lancashire	53.810676		0	0	1		223
R	ECA	G-01760		1900-01-01		Ludworth Tower (Pele Tower)	County Durham	54.765272		0	0	1		223
R	ECA	G-01761		1900-01-01		Streatlam Castle (Masonry Castle)	County Durham	54.57399		0	0	1		223
R	ECA	G-01762		1900-01-01		Gateshead Bridge Gate (Fortified Bridge)	County Durham	54.96724		0	0	1		223
R	ECA	G-01763		1900-01-01		Gate Castle	Stanhope (Pele Tower)	County Durham		0	0	1		223
R	ECA	G-01764		1900-01-01		Evenwood	The Barony (Palace	Tower House)		0	0	1		223
R	ECA	G-01765		1900-01-01		Durham Framwellgate Bridge (Fortified Bridge)	County Durham	54.77605		0	0	1		223
R	ECA	G-01766		1900-01-01		Durham Elvet Bridge (Fortified Bridge)	County Durham	54.77597		0	0	1		223
R	ECA	G-01767		1900-01-01		Durham City Wall (Urban Defence)	County Durham	54.77039		0	0	1		223
R	ECA	G-01768		1900-01-01		Durham City Church of St Giles (Siege Work)	County Durham	54.77797		0	0	1		223
R	ECA	G-01769		1900-01-01		Cowshill Bridge End Bastle (Foritifed Farmhouse)	County Durham	54.76105		0	0	1		223
R	ECA	G-01770		1900-01-01		Castle Steads	Rowley Farm	ESH Winning (Fortified Manor House)		0	0	1		223
R	ECA	G-01771		1900-01-01		Buckshott Farmhouse (Fortified Farmhouse)	County Durham	54.84201		0	0	1		223
R	ECA	G-01772		1900-01-01		Great Witcombe Roman Villa (Remains)	Gloucestershire	51.826700		0	0	1		223
R	ECA	G-01773		1900-01-01		Bradley Hall	Wolsingham (Fortified Manor House)	County Durham		0	0	1		223
R	ECA	G-01774		1900-01-01		Bonnymoor Cottage & Harthopeburn Cottage	St Johns Chapel (Fortified Farmhouse)	County Durham		0	0	1		223
R	ECA	G-01775		1900-01-01		Blackwell Castle Hill	Darlington (Timber Castle)	County Durham		0	0	1		223
R	ECA	G-01776		1900-01-01		Bishop Middleham Castle (Palace	Fortified Manor House)	County Durham		0	0	1		223
R	ECA	G-01777		1900-01-01		Bishop Auckland Castle (Masonry Castle	Palace)	County Durham		0	0	1		223
R	ECA	G-01778		1900-01-01		Belasis Hall (Fortified Manor House)	County Durham	54.60027		0	0	1		223
R	ECA	G-01779		1900-01-01		Bearpark Priors House (Palace)	County Durham	54.78946		0	0	1		223
R	ECA	G-01780		1900-01-01		Bale Hill House	Wolsingham (Palace	Pele Tower		0	0	1		223
R	ECA	G-01781		1900-01-01		Archdeacon Newton Manor (Fortified Manor House)	County Durham	54.54877		0	0	1		223
R	ECA	G-01782		1900-01-01		Amrita Cottage	Ireshopeburn (Fortified Farmhouse)	County Durham		0	0	1		223
R	ECA	G-01783		1900-01-01		Wolsingham Manor of the Bishop of Durham (Fortified Palace)	County Durham	54.73413		0	0	1		223
R	ECA	G-01784		1900-01-01		Witton Tower	Witton-Le-Wear (Pele Tower)	County Durham		0	0	1		223
R	ECA	G-01785		1900-01-01		Wardley Hall (Fortified Manor House)	County Durham	54.95072		0	0	1		223
R	ECA	G-01786		1900-01-01		Swinhopeburn Bastle	Westgate (Fortified Farmhouse)	County Durham		0	0	1		223
R	ECA	G-01787		1900-01-01		Summer House Moat (Fortified Manor House)	County Durham	54.56484		0	0	1		223
R	ECA	G-01788		1900-01-01		Stone House	Stanhope (Pele Tower	Fortified Farmhouse)		0	0	1		223
R	ECA	G-01789		1900-01-01		Sockburn Castle (Fortified Manor House)	County Durham	54.45768		0	0	1		223
R	ECA	G-01790		1900-01-01		Snotterton Hall	Staindrop (Fortified Manor House)	County Durham		0	0	1		223
R	ECA	G-01791		1900-01-01		Seaton Holme	Easington (Palace)	County Durham		0	0	1		223
R	ECA	G-01792		1900-01-01		Ryton (Timber Castle)	County Durham	54.97830		0	0	1		223
R	ECA	G-01793		1900-01-01		Reading Room Bastle	Newhouse (Fortified Farm House)	County Durham		0	0	1		223
R	ECA	G-01794		1900-01-01		Pockerley Pele	Beamish (Pele Tower)	County Durham		0	0	1		223
R	ECA	G-01795		1900-01-01		Newton Cap Bridge (Fortified Bridge)	County Durham	54.66672		0	0	1		223
R	ECA	G-01796		1900-01-01		Middleton St George Tower Hill (Timber Castle)	County Durham	54.50502		0	0	1		223
R	ECA	G-01797		1900-01-01		Low Dinsdale Manor House (Fortified Manor House)	County Durham	54.49340		0	0	1		223
R	ECA	G-01798		1900-01-01		Low Coniscliffe Tower (Tower House	Pele Tower)	County Durham		0	0	1		223
R	ECA	G-01799		1900-01-01		Low Butterby Manor House	Croxley (Fortified Manor House)	County Durham		0	0	1		223
R	ECA	G-01800		1900-01-01		Langley Old Hall (Fortified Manor House)	County Durham	54.81427		0	0	1		223
R	ECA	G-01801		1900-01-01		Killhopeburn Shieling (Fortified Farmhouse)	County Durham	54.77049		0	0	1		223
R	ECA	G-01802		1900-01-01		Island House East Blackdene Bastle (Fortified Farmhouse)	County Durham	54.74058		0	0	1		223
R	ECA	G-01803		1900-01-01		Hunstanworth Tower (Pele Tower)	County Durham	54.83587		0	0	1		223
R	ECA	G-01804		1900-01-01		Houghton Le Spring Rectory (Pele Tower)	County Durham	54.84216		0	0	1		223
R	ECA	G-01805		1900-01-01		Houghall (Fortified Manor House)	County Durham	54.75643		0	0	1		223
R	ECA	G-01806		1900-01-01		Horden Hall (Fortified Manor House	Pele Tower)	County Durham		0	0	1		223
R	ECA	G-01807		1900-01-01		Holmside Hall (Fortified Manor House)	County Durham	54.84118		0	0	1		223
R	ECA	G-01808		1900-01-01		High Coniscliffe	The Old Hall (Fortified Farmhouse)	County Durham		0	0	1		223
R	ECA	G-01809		1900-01-01		Hartlepool Town Wall (Urban Defence)	County Durham	54.69474		0	0	1		223
R	ECA	G-01810		1900-01-01		Finchale Priory	County Durham	54.818250		0	0	1		223
R	ECA	G-01811		1900-01-01		Beeston Castle (Masonry Castle and Urban Defence)	Cheshire	53.12870		0	0	1		223
R	ECA	G-01812		1900-01-01		Doddington Castle (Delves Hall)	Cheshire	53.01970		0	0	1		223
R	ECA	G-01813		1900-01-01		Frodsham Castle Park	Cheshire	53.29262		0	0	1		223
R	ECA	G-01814		1900-01-01		Kingsley Castle (Castle Cob)	Cheshire	53.255831		0	0	1		223
R	ECA	G-01815		1900-01-01		Macclesfield Castle Field	Cheshire	53.25014		0	0	1		223
R	ECA	G-01816		1900-01-01		Malpas Castle Hill	Cheshire	53.01998		0	0	1		223
R	ECA	G-01817		1900-01-01		Nantwich Castle	Cheshire	53.06515		0	0	1		223
R	ECA	G-01818		1900-01-01		Newhall Tower	Cheshire	53.00535		0	0	1		223
R	ECA	G-01819		1900-01-01		Dodleston Castle (Timber Castle)	Cheshire	53.14107		0	0	1		223
R	ECA	G-01820		1900-01-01		Oldcastle Hill (Timber Castle)	Cheshire	52.99174		0	0	1		223
R	ECA	G-01821		1900-01-01		Pulford Castle	Cheshire	53.12176		0	0	1		223
R	ECA	G-01822		1900-01-01		Chester Roman Amphitheatre	Cheshire	53.189319		0	0	1		223
R	ECA	G-01823		1900-01-01		Shocklach Castle	Cheshire	53.05185		0	0	1		223
R	ECA	G-01824		1900-01-01		Shotwick Castle	Cheshire	53.22685		0	0	1		223
R	ECA	G-01825		1900-01-01		Bradley Hillfort (Iron Age Hillfort	Scheduled Monument)	Cheshire		0	0	1		223
R	ECA	G-01826		1900-01-01		Victoria Tower	City of London	51.499084		0	0	1		223
R	ECA	G-01827		1900-01-01		Peckforton Castle	Cheshire	53.117680		0	0	1		223
R	ECA	G-01828		1900-01-01		Adlington Hall	Cheshire	53.320989		0	0	1		223
R	ECA	G-01829		1900-01-01		Capesthorne Hall	Cheshire	53.251764		0	0	1		223
R	ECA	G-01830		1900-01-01		Gawsworth Hall	Cheshire	53.223921		0	0	1		223
R	ECA	G-01831		1900-01-01		Tabley House	Cheshire	53.296178		0	0	1		223
R	ECA	G-01832		1900-01-01		Walton Hall	Cheshire	53.361467		0	0	1		223
R	ECA	G-01833		1900-01-01		Wybunbury Manor of Bishop of Coventry and Litchfield (Palace and Fortified Manor House)	Cheshire	53.04508		0	0	1		223
R	ECA	G-01834		1900-01-01		Warmingham Manor House	Cheshire	53.145776		0	0	1		223
R	ECA	G-01835		1900-01-01		Ullerswood (Timber Castle and Masonry Castle)	Cheshire	53.35040		0	0	1		223
R	ECA	G-01836		1900-01-01		The Chamber in the Forest (Palace and Fortified Manor House)	Cheshire	53.21820		0	0	1		223
R	ECA	G-01837		1900-01-01		Stockport Castle	Cheshire	53.41346		0	0	1		223
R	ECA	G-01838		1900-01-01		Marden Henge (Hatfield Earthworks)	Wiltshire	51.323649		0	0	1		223
R	ECA	G-01839		1900-01-01		Saighton Grange (Fortified Manor House)	Cheshire	53.15033		0	0	1		223
R	ECA	G-01840		1900-01-01		Peel Moat (Pele Tower)	Cheshire	53.42903		0	0	1		223
R	ECA	G-01841		1900-01-01		Oakmere Harthhill Bank (Timber Castle)	Cheshire	53.24207		0	0	1		223
R	ECA	G-01842		1900-01-01		Mottram Old Hall (Fortified Manor House)	Cheshire	53.30928		0	0	1		223
R	ECA	G-01843		1900-01-01		Ince Grange (Fortified Manor House)	Cheshire	53.28222		0	0	1		223
R	ECA	G-01844		1900-01-01		Creake Abbey (Grade 1 Listed Building	Scheduled Monument)	Norfolk		0	0	1		223
R	ECA	G-01845		1900-01-01		Eccleston Mound (Timber Castle)	Cheshire	53.15896		0	0	1		223
R	ECA	G-01846		1900-01-01		Dunham Massey	The Mount (Timber Castle)	Cheshire		0	0	1		223
R	ECA	G-01847		1900-01-01		Chester Dee Bridge (Fortified Bridge)	Cheshire	53.18523		0	0	1		223
R	ECA	G-01848		1900-01-01		Chester City Wall (Urban Defence)	Cheshire	53.18699		0	0	1		223
R	ECA	G-01849		1900-01-01		Chester Abbey of St Werburgh (Fortified Ecclesiastical Site)	Cheshire	53.19213		0	0	1		223
R	ECA	G-01850		1900-01-01		Brereton Hall (Fortified Manor House)	Cheshire	53.18030		0	0	1		223
R	ECA	G-01851		1900-01-01		Bowden Watch Hill (Timber Castle)	Cheshire	53.37005		0	0	1		223
R	ECA	G-01852		1900-01-01		Ashton Motte (Timber Castle)	Cheshire	53.21602		0	0	1		223
R	ECA	G-01853		1900-01-01		Aldford Blobb Hill (Masonry Castle)	Cheshire	53.13001		0	0	1		223
R	ECA	G-01854		1900-01-01		Bywell Church of St Peter (Fortified Ecclesiastical Site)	Northumberland	54.94747		0	0	1		223
R	ECA	G-01855		1900-01-01		Butterknowes Farmhouse Bastle (Fortified Farmhouse)	Northumberland	55.28654		0	0	1		223
R	ECA	G-01856		1900-01-01		Butlesdon House (Fortified Farmhouse)	Northumberland	55.36043		0	0	1		223
R	ECA	G-01857		1900-01-01		Burnt Walls Bastle (Fortified Farmhouse)	Northumberland	54.92585		0	0	1		223
R	ECA	G-01858		1900-01-01		Burnmouth Bastle 1 (Fortified Farmhouse)	Northumberland	55.18612		0	0	1		223
R	ECA	G-01859		1900-01-01		Burnmouth Bastle 2 (Fortified Farmhouse)	Northumberland	55.18628		0	0	1		223
R	ECA	G-01860		1900-01-01		Burnlaw Farmhouse	Allendale (Fortified Farmhouse)	Northumberland		0	0	1		223
R	ECA	G-01861		1900-01-01		Broomhaugh Farmhouse (Fortified Farmhouse)	Northumberland	54.94944		0	0	1		223
R	ECA	G-01862		1900-01-01		Brockley Hall	Hesleyhurst (Fortified Farmhouse)	Northumberland		0	0	1		223
R	ECA	G-01863		1900-01-01		Brinkheugh Farmhouse (Fortified Farmhouse)	Northumberland	55.28005		0	0	1		223
R	ECA	G-01864		1900-01-01		Brinkburn Priory (Fortified Ecclesiastical Site)	Northumberland	55.27891		0	0	1		223
R	ECA	G-01865		1900-01-01		Brig Bastle (Fortified Farmhouse)	Northumberland	55.20152		0	0	1		223
R	ECA	G-01866		1900-01-01		Burnbank Bastle	Tarset (Fortified Farmhouse and Pele Tower)	Northumberland		0	0	1		223
R	ECA	G-01867		1900-01-01		Broughthill Bastle (Fortified Farmhouse)	Northumberland	55.17862		0	0	1		223
R	ECA	G-01868		1900-01-01		Broomhaugh	The Dower House (Fortified Farmhouse)	Northumberland		0	0	1		223
R	ECA	G-01869		1900-01-01		Branshaw Bastle (Fortified Farmhouse)	Northumberland	55.29103		0	0	1		223
R	ECA	G-01870		1900-01-01		Bradley Greenbyre	Bardon Mill (Fortified Farmhouse)	Northumberland		0	0	1		223
R	ECA	G-01871		1900-01-01		Boweshill Bastle	Bellingham (Fortified Farmhouse)	Northumberland		0	0	1		223
R	ECA	G-01872		1900-01-01		Brainshaugh Priory	Acklington (Fortified Ecclesiastical Site)	Northumberland		0	0	1		223
R	ECA	G-01873		1900-01-01		Bolton Hospital (Pele Tower and Fortified Ecclesiastical Site)	Northumberland	55.41925		0	0	1		223
R	ECA	G-01874		1900-01-01		Bolam Castle (Timber Castle and Masonry Castle)	Northumberland	55.13503		0	0	1		223
R	ECA	G-01875		1900-01-01		Bog Head Bastle	Thorneyburn (Fortified Farmhouse)	Northumberland		0	0	1		223
R	ECA	G-01876		1900-01-01		Blackecleugh Bastle	Allendale (Fortified Farmhouse)	Northumberland		0	0	1		223
R	ECA	G-01877		1900-01-01		Black Middens Bastle 1 (Fortified Farmhouse)	Northumberland	55.20364		0	0	1		223
R	ECA	G-01878		1900-01-01		Black Middens Bastle 2 (Fortified Farmhouse)	Northumberland	55.20383		0	0	1		223
R	ECA	G-01879		1900-01-01		Black Heatherwick Bastle (Fortified Farmhouse)	Northumberland	55.22489		0	0	1		223
R	ECA	G-01880		1900-01-01		Birtley Castle	Northumberland	55.09507		0	0	1		223
R	ECA	G-01881		1900-01-01		Birkshaw House Bastle (Fortified Farmhouse)	Northumberland	54.98564		0	0	1		223
R	ECA	G-01882		1900-01-01		Biddlestone Harm Farm Hemmel (Fortified Farmhouse)	Northumberland	55.36846		0	0	1		223
R	ECA	G-01883		1900-01-01		Biddlestone Hall Tower	Northumberland	55.36879		0	0	1		223
R	ECA	G-01884		1900-01-01		Bickerton Bastles (Fortified Farmhouse)	Northumberland	55.29631		0	0	1		223
R	ECA	G-01885		1900-01-01		Berwick Town Wall	Spades Mire & Lords Mount (Artillery Fort and Urban Defence)	Northumberland		0	0	1		223
R	ECA	G-01886		1900-01-01		Bellingham Castle	Northumberland	55.14366		0	0	1		223
R	ECA	G-01887		1900-01-01		Belford Chapel of St Mary (Timber Castle and Fortified Ecclesiastical Site)	Northumberland	55.60415		0	0	1		223
R	ECA	G-01888		1900-01-01		Bebside Old Hall	Northumberland	55.12266		0	0	1		223
R	ECA	G-01889		1900-01-01		Bastle East of Stone Hall Farm	Henshaw (Fortified Farmhouse)	Northumberland		0	0	1		223
R	ECA	G-01890		1900-01-01		Beadnell	The Craster Arms (Pele Tower)	Northumberland		0	0	1		223
R	ECA	G-01891		1900-01-01		Barrow Peel (Pele Tower)	Northumberland	55.34873		0	0	1		223
R	ECA	G-01892		1900-01-01		Barn Leenook	Lee (Fortified Farmhouse)	Northumberland		0	0	1		223
R	ECA	G-01893		1900-01-01		Bamburgh Tower	Northumberland	55.60790		0	0	1		223
R	ECA	G-01894		1900-01-01		Bamburgh Friary (Fortified Manor House & Fortified Ecclesiastical Site)	Northumberland	55.60677		0	0	1		223
R	ECA	G-01895		1900-01-01		Belford Hall	Northumberland	55.6017736		0	0	1		223
R	ECA	G-01896		1900-01-01		Ayle Well Bastle (Fortified Farmhouse)	Northumberland	54.83883		0	0	1		223
R	ECA	G-01897		1900-01-01		Asheybank Farmhouse	Allendale (Fortified Farmhouse)	Northumberland		0	0	1		223
R	ECA	G-01898		1900-01-01		Ashcroft Bastle (Fortified Farmhouse)	Northumberland	54.97508		0	0	1		223
R	ECA	G-01899		1900-01-01		Ash Cleugh Farmhouse (Fortified Farmhouse)	Northumberland	54.94496		0	0	1		223
R	ECA	G-01900		1900-01-01		Ancroft Church of St Ann (Fortified Ecclesiastical Site)	Northumberland	55.70004		0	0	1		223
R	ECA	G-01901		1900-01-01		Alton Side Bastles (Fortified Farmhouse)	Northumberland	54.98076		0	0	1		223
R	ECA	G-01902		1900-01-01		Alnwick Abbey (Fortified Ecclesiastical Site)	Northumberland	55.42025		0	0	1		223
R	ECA	G-01903		1900-01-01		Alnwick Town Wall (Urban Defence)	Northumberland	55.41263		0	0	1		223
R	ECA	G-01904		1900-01-01		Alnwick Church of St Mary & St Michael (Fortified Ecclesiastical Site)	Northumberland	55.41690		0	0	1		223
R	ECA	G-01905		1900-01-01		Alnham Vicars Pele (Pele Tower)	Northumberland	55.39273		0	0	1		223
R	ECA	G-01906		1900-01-01		Alnham Earls Pele (Tower House)	Northumberland	55.39125		0	0	1		223
R	ECA	G-01907		1900-01-01		Allensford Mill Farmhouse (Fortified Farmhouse)	Northumberland	54.84762		0	0	1		223
R	ECA	G-01908		1900-01-01		Akeld Bastle (Fortified Farmhouse)	Northumberland	55.55835		0	0	1		223
R	ECA	G-01909		1900-01-01		Abberwick Tower (Pele Tower)	Northumberland	55.41209		0	0	1		223
R	ECA	G-01910		1900-01-01		Greater Cursus	Wiltshire	51.186721		0	0	1		223
R	ECA	G-01911		1900-01-01		Lesser Curcus	Wiltshire	51.185109		0	0	1		223
R	ECA	G-01912		1900-01-01		Woodhenge (Neolithic Class II Henge & Timber Circle Monument)	Wiltshire	51.189524		0	0	1		223
R	ECA	G-01913		1900-01-01		Durrington Walls (Neolithic Settlement Henge Enclosure)	Wiltshire	51.192857		0	0	1		223
R	ECA	G-01914		1900-01-01		The Cuckoo Stone (Neolithic Bronze Age Standing Stone)	Wiltshire	51.189490		0	0	1		223
R	ECA	G-01915		1900-01-01		Larkhill Causewayed Enclosure (Pre-Historic Monument)	Wiltshire	51.195581		0	0	1		223
R	ECA	G-01916		1900-01-01		Whitby Abbey	Yorkshire	54.488446		0	0	1		223
R	ECA	G-01917		1900-01-01		Cotehele Manor	Cornwall	50.495687		0	0	1		223
R	ECA	G-01918		1900-01-01		Chesterwood West Farm Cottage (Fortified Farmhouse & Urban Defence)	Northumberland	54.98075		0	0	1		223
R	ECA	G-01919		1900-01-01		Dunstan Hall (Pele Tower)	Northumberland	55.47410		0	0	1		223
R	ECA	G-01920		1900-01-01		Duddo Tower (Pele Tower)	Northumberland	55.67677		0	0	1		223
R	ECA	G-01921		1900-01-01		Donkleywood Bastle (Fortified Farmhouse)	Northumberland	55.17104		0	0	1		223
R	ECA	G-01922		1900-01-01		Doddington Bastle (Fortified Farmhouse)	Northumberland	55.58621		0	0	1		223
R	ECA	G-01923		1900-01-01		Davyshiel Bastle	Otterburn (Fortified Farmhouse)	Northumberland		0	0	1		223
R	ECA	G-01924		1900-01-01		Dargues Bastle	Rochester (Fortified Farmhouse)	Northumberland		0	0	1		223
R	ECA	G-01925		1900-01-01		Dally Castle (Tower House)	Northumberland	55.15326		0	0	1		223
R	ECA	G-01926		1900-01-01		Dale House and Dale Cottage	Humshaugh (Fortified Farmhouse)	Northumberland		0	0	1		223
R	ECA	G-01927		1900-01-01		Curtain House	Catton (Fortified Farmhouse)	Northumberland		0	0	1		223
R	ECA	G-01928		1900-01-01		Cross House	Allendale (Fortified Farmhouse)	Northumberland		0	0	1		223
R	ECA	G-01929		1900-01-01		Crawley Tower (Fortified Manor House	Tower House	Pele Tower)		0	0	1		223
R	ECA	G-01930		1900-01-01		Corsenside Church of St. Cuthbert (Fortified Ecclesiastical Site)	Northumberland	55.19754		0	0	1		223
R	ECA	G-01931		1900-01-01		Corbridge Vicars Pele (Pele Tower)	Northumberland	54.97429		0	0	1		223
R	ECA	G-01932		1900-01-01		Corbridge Low Hall (Pele Tower)	Northumberland	54.9735		0	0	1		223
R	ECA	G-01933		1900-01-01		Coquet Island Tower (Fortified Ecclesiastical Site)	Northumberland	55.33387		0	0	1		223
R	ECA	G-01934		1900-01-01		Combhill Farmhouse (Fortified Farmhouse)	Northumberland	55.22986		0	0	1		223
R	ECA	G-01935		1900-01-01		Colwell Manor House	Chollerton (Fortified Farmhouse)	Northumberland		0	0	1		223
R	ECA	G-01936		1900-01-01		Colwell Demense Bastle	Chollerton (Fortified Farmhouse)	Northumberland		0	0	1		223
R	ECA	G-01937		1900-01-01		Coldtown Bastle (Fortified Farmhouse)	Northumberland	55.19034		0	0	1		223
R	ECA	G-01938		1900-01-01		Cockle Park Tower (Tower House)	Northumberland	55.21424		0	0	1		223
R	ECA	G-01939		1900-01-01		Cocklaw Tower	Wall (Fortified Manor House	Pele Tower)		0	0	1		223
R	ECA	G-01940		1900-01-01		Cocklaw Peel	Adderstone (Pele Tower	Fortified Farmhouse)		0	0	1		223
R	ECA	G-01941		1900-01-01		Coathill Bastle	West Ealingham (Fortified Farmhouse)	Northumberland		0	0	1		223
R	ECA	G-01942		1900-01-01		Coanwood Stonehouse Bastle (Fortified Farmhouse)	Northumberland	54.92171		0	0	1		223
R	ECA	G-01943		1900-01-01		Coanwood Castle Hill (Timber Castle)	Northumberland	54.92088		0	0	1		223
R	ECA	G-01944		1900-01-01		Clennell Street Cross Dyke 1 (Linear Defence or Dyke)	Northumberland	55.37359		0	0	1		223
R	ECA	G-01945		1900-01-01		Clennell Street Cross Dyke 2 (Linear Defence or Dyke)	Northumberland	55.37810		0	0	1		223
R	ECA	G-01946		1900-01-01		Clennell Street Cross Dyke 3 (Linear Defence or Dyke)	Northumberland	55.37307		0	0	1		223
R	ECA	G-01947		1900-01-01		Clennell Street Cross Dyke 4 (Linear Defence or Dyke)	Northumberland	55.37031		0	0	1		223
R	ECA	G-01948		1900-01-01		Clennell Street Cross Dyke 6 (Linear Defence or Dyke)	Northumberland	55.36616		0	0	1		223
R	ECA	G-01949		1900-01-01		Clennell Hall (Pele Tower)	Northumberland	55.35844		0	0	1		223
R	ECA	G-01950		1900-01-01		Chesterwood	The Golf House (Urban Defence	Fortified Farmhouse)		0	0	1		223
R	ECA	G-01951		1900-01-01		Chesterwood Farmhouse (Urban Defence	Fortified Farmhouse)	Northumberland		0	0	1		223
R	ECA	G-01952		1900-01-01		Chesterwood 6 Bastle (Urban Defence	Fortified Farmhouse)	Northumberland		0	0	1		223
R	ECA	G-01953		1900-01-01		Chesterwood 1 & 2 Bastles (Urban Defence	Fortified Farmhouse)	Northumberland		0	0	1		223
R	ECA	G-01954		1900-01-01		Castle Heaton Castle (Masonry Castle	Fortified Farmhouse)	Northumberland		0	0	1		223
R	ECA	G-01955		1900-01-01		Carrycoats Hall (Fortified Farmhouse)	Northumberland	55.11401		0	0	1		223
R	ECA	G-01956		1900-01-01		Cherry Trees Bastle	Corsenside (Fortified Farmhouse)	Northumberland		0	0	1		223
R	ECA	G-01957		1900-01-01		Causey Park House (Pele Tower)	Northumberland	55.24852		0	0	1		223
R	ECA	G-01958		1900-01-01		Catraw Bastle Stannington (Fortified Farmhouse)	Northumberland	55.10912		0	0	1		223
R	ECA	G-01959		1900-01-01		Catcherside Cottage Bastle (Fortified Farmhouse)	Northumberland	55.18282		0	0	1		223
R	ECA	G-01960		1900-01-01		Camp Cottage	Thorneyburn (Pele Tower	Fortified Farmhouse)		0	0	1		223
R	ECA	G-01961		1900-01-01		Cambo Pele (Fortified Farmhouse)	Northumberland	55.16528		0	0	1		223
R	ECA	G-01962		1900-01-01		Furnace House	West Allen (Fortified Farmhouse)	Northumberland		0	0	1		223
R	ECA	G-01963		1900-01-01		Fowberry Tower Chatton (Pele Tower)	Northumberland	55.55767		0	0	1		223
R	ECA	G-01964		1900-01-01		Ford Parsons Tower (Pele Tower)	Northumberland	55.63035		0	0	1		223
R	ECA	G-01965		1900-01-01		Mow Cap Castle	Northumberland	53.113085		0	0	1		223
R	ECA	G-01966		1900-01-01		Flodden Hill Gun Platforms (Artillery Fort)	Northumberland	55.64179		0	0	1		223
R	ECA	G-01967		1900-01-01		Fenwick Tower	Matfen (Pele Tower)	Northumberland		0	0	1		223
R	ECA	G-01968		1900-01-01		Fenham Tower and Castle (Timber Castle	Pele Tower)	Northumberland		0	0	1		223
R	ECA	G-01969		1900-01-01		Farnham Tower	Hepple (Pele Tower)	Northumberland		0	0	1		223
R	ECA	G-01970		1900-01-01		Fell Foot & Fell Foot Cottage	Wall (Urban Defence	Fortified Farmhouse)		0	0	1		223
R	ECA	G-01971		1900-01-01		Farnalees Bastle (Fortified Farmhouse)	Northumberland	54.95147		0	0	1		223
R	ECA	G-01972		1900-01-01		Falstone Farmhouse (Fortified Farmhouse)	Northumberland	55.17995		0	0	1		223
R	ECA	G-01973		1900-01-01		Fallowlees Bastle (Fortified Farmhouse)	Northumberland	55.24330		0	0	1		223
R	ECA	G-01974		1900-01-01		Eshott Castle (Fortified Manor House)	Northumberland	55.28108		0	0	1		223
R	ECA	G-01975		1900-01-01		Embleton Tower (Pele Tower)	Northumberland	55.49518		0	0	1		223
R	ECA	G-01976		1900-01-01		Embleton Church of the Holy Trinity (Fortified Ecclesiastical Site)	Northumberland	55.49554		0	0	1		223
R	ECA	G-01977		1900-01-01		Eltringham House	Prudhoe (Fortified Farmhouse)	Northumberland		0	0	1		223
R	ECA	G-01978		1900-01-01		Elsdon Tower (Tower House	Pele Tower)	Northumberland		0	0	1		223
R	ECA	G-01979		1900-01-01		Elsdon Mote Hills (Timber Castle	Masonry Castle)	Northumberland		0	0	1		223
R	ECA	G-01980		1900-01-01		Eglingham Hall (Pele Tower	Fortified Farmhouse)	Northumberland		0	0	1		223
R	ECA	G-01981		1900-01-01		Eglingham Church of St. Maurice (Pele Tower	Fortified Ecclesiastical Site)	Northumberland		0	0	1		223
R	ECA	G-01982		1900-01-01		Edlingham Church of St John The Bapist (Fortified Ecclesiastical Site)	Northumberland	55.37594		0	0	1		223
R	ECA	G-01983		1900-01-01		Eastwood House	Healey (Fortified Farmhouse)	Northumberland		0	0	1		223
R	ECA	G-01984		1900-01-01		East Wodburn Townhead (Fortified Farmhouse)	Northumberland	55.17602		0	0	1		223
R	ECA	G-01985		1900-01-01		East Shaftoe Hall (Pele Tower	Fortified Farmhouse)	Northumberland		0	0	1		223
R	ECA	G-01986		1900-01-01		East Haydon Bastle (Fortified Farmhouse)	Northumberland	54.98478		0	0	1		223
R	ECA	G-01987		1900-01-01		Harewalls Bastle	Corenside (Fortified Farmhouse)	Northumberland		0	0	1		223
R	ECA	G-01988		1900-01-01		High Bowershield Bastle (Fortified Farmhouse)	Northumberland	55.24771		0	0	1		223
R	ECA	G-01989		1900-01-01		Hexham Priory (Fortified Ecclesiastical Site)	Northumberland	54.97158		0	0	1		223
R	ECA	G-01990		1900-01-01		Hexham Moot Hall and Old Gaol (Masonry Castle	Palace)	Northumberland		0	0	1		223
R	ECA	G-01991		1900-01-01		Hetton Hall	Chatton (Pele Tower)	Northumberland		0	0	1		223
R	ECA	G-01992		1900-01-01		Hethpool Tower (Pele Tower	Fortified Farmhouse)	Northumberland		0	0	1		223
R	ECA	G-01993		1900-01-01		Hesleywell Bastle (Fortified Farmhouse)	Northumberland	54.86893		0	0	1		223
R	ECA	G-01994		1900-01-01		Hesleyside Tower (Pele Tower)	Northumberland	55.14752		0	0	1		223
R	ECA	G-01995		1900-01-01		Hesley Hirst Bastles (Fortified Farmhouse)	Northumberland	55.10499		0	0	1		223
R	ECA	G-01996		1900-01-01		Hepscott Tower (Pele Tower)	Northumberland	55.15143		0	0	1		223
R	ECA	G-01997		1900-01-01		Hepple Tower (Pele Tower)	Northumberland	55.30000		0	0	1		223
R	ECA	G-01998		1900-01-01		Hepburn Bastle	Chillingham (Fortified Farmhouse)	Northumberland		0	0	1		223
R	ECA	G-01999		1900-01-01		Heiferlaw Tower (Pele Tower)	Northumberland	55.45295		0	0	1		223
R	ECA	G-02000		1900-01-01		Heaton	Alan De Jesmonds House (Fortified Manor House)	Northumberland		0	0	1		223
R	ECA	G-02001		1900-01-01		Healey Bastle (Fortified Farmhouse)	Northumberland	55.22175		0	0	1		223
R	ECA	G-02002		1900-01-01		Hazelrigg Tower (Pele Tower)	Northumberland	55.5195		0	0	1		223
R	ECA	G-02003		1900-01-01		Hayrake Bastles (Fortified Farmhouse)	Northumberland	54.86592		0	0	1		223
R	ECA	G-02004		1900-01-01		Hawkhope Bastle (Fortified Farmhouse)	Northumberland	55.18668		0	0	1		223
R	ECA	G-02005		1900-01-01		Hartington Hall	Rothley (Fortified Farmhouse)	Northumberland		0	0	1		223
R	ECA	G-02006		1900-01-01		Hanging Shaw Bastle 1 (Fortified Farmhouse)	Northumberland	54.86420		0	0	1		223
R	ECA	G-02007		1900-01-01		Hanging Shaw Bastle 2 (Fortified Farmhouse)	Northumberland	54.86399		0	0	1		223
R	ECA	G-02008		1900-01-01		Haltwhistle Castle Hill (Timber Castle)	Northumberland	54.97123		0	0	1		223
R	ECA	G-02009		1900-01-01		Haltwhistle Bastle 5	No 1 Golden Square (Fortified Farmhouse)	Northumberland		0	0	1		223
R	ECA	G-02010		1900-01-01		Gatehouse North Bastle	Tarset (Fortified Farmhouse)	Northumberland		0	0	1		223
R	ECA	G-02011		1900-01-01		Haltwhistle Bastle 1 (Fortified Farmhouse)	Northumberland	54.97063		0	0	1		223
R	ECA	G-02012		1900-01-01		Haltwhistle Bastle 2	The Diary Shop (Fortified Farmhouse)	Northumberland		0	0	1		223
R	ECA	G-02013		1900-01-01		Haltwhistle Bastle 4	Archway Cottage (Fortified Farmhouse)	Northumberland		0	0	1		223
R	ECA	G-02014		1900-01-01		Halton Lea Farmhouse	Hartleyburn (Fortified Farmhouse)	Northumberland		0	0	1		223
R	ECA	G-02015		1900-01-01		Haggburn Gate Bastle	Allendale (Fortified Farmhouse)	Northumberland		0	0	1		223
R	ECA	G-02016		1900-01-01		Hadrian Cottages	Wall (Fortified Farmhouse	Urban Defence)		0	0	1		223
R	ECA	G-02017		1900-01-01		Gunnerton Money Hill (Timber Castle)	Northumberland	55.07611		0	0	1		223
R	ECA	G-02018		1900-01-01		Greenhead House	Wall (Fortified Farmhouse	Urban Defence)		0	0	1		223
R	ECA	G-02019		1900-01-01		Greenhaugh Farmhouse (Fortified Farmhouse)	Northumberland	54.86531		0	0	1		223
R	ECA	G-02020		1900-01-01		Green Castle	Wooler (Timber Castle)	Northumberland		0	0	1		223
R	ECA	G-02021		1900-01-01		Great Tosson Tower (Pele Tower)	Northumberland	55.29876		0	0	1		223
R	ECA	G-02022		1900-01-01		Great Swinburne Castle (Tower House)	Northumberland	55.07269		0	0	1		223
R	ECA	G-02023		1900-01-01		Grasslees Farmhouse (Fortified Farmhouse)	Northumberland	55.27334		0	0	1		223
R	ECA	G-02024		1900-01-01		Gordons Walls	Kielder Water (Fortified Farmhouse)	Northumberland		0	0	1		223
R	ECA	G-02025		1900-01-01		Glenwhelt Bastle	Greenhead (Fortified Farmhouse)	Northumberland		0	0	1		223
R	ECA	G-02026		1900-01-01		Girsonfield Burn (Fortified Farmhouse)	Northumberland	55.24218		0	0	1		223
R	ECA	G-02027		1900-01-01		Gatehouse South Bastle	Tarset (Fortified Farmhouse)	Northumberland		0	0	1		223
R	ECA	G-02028		1900-01-01		Gatehouse Farm	Tarset (Fortified Farmhouse)	Northumberland		0	0	1		223
R	ECA	G-02029		1900-01-01		Gatehouse Bastles 4 & 5	Tarset (Fortified Farmhouse)	Northumberland		0	0	1		223
R	ECA	G-02030		1900-01-01		High Oustley Bastle	Allendale (Fortified Farmhouse)	Northumberland		0	0	1		223
R	ECA	G-02031		1900-01-01		High Close Bastle	Allendale (Fortified Farmhouse)	Northumberland		0	0	1		223
R	ECA	G-02032		1900-01-01		High Holms Bastle (Fortified Farmhouse)	Northumberland	54.91009		0	0	1		223
R	ECA	G-02033		1900-01-01		High Ramshaw Bastle (Fortified Farmhouse)	Northumberland	54.93458		0	0	1		223
R	ECA	G-02034		1900-01-01		High Eals Bastle 1	Greystead (Fortified Farmhouse)	Northumberland		0	0	1		223
R	ECA	G-02035		1900-01-01		High Eals Bastle 2	Greystead (Fortified Farmhouse)	Northumberland		0	0	1		223
R	ECA	G-02036		1900-01-01		Highfield Ruined Bastle 1	Tarset (Fortified Farmhouse)	Northumberland		0	0	1		223
R	ECA	G-02037		1900-01-01		Highcleughs	Corsenside (Fortified Farmhouse)	Northumberland		0	0	1		223
R	ECA	G-02038		1900-01-01		High Shaw Bastle (Fortified Farmhouse)	Northumberland	55.27845		0	0	1		223
R	ECA	G-02039		1900-01-01		High Rochester South West Bastle (Fortified Farmhouse)	Northumberland	55.28102		0	0	1		223
R	ECA	G-02040		1900-01-01		High Row Bastle	Kirkhaugh (Fortified Farmhouse)	Northumberland		0	0	1		223
R	ECA	G-02041		1900-01-01		High Rochester North Bastle (Fortified Farmhouse)	Northumberland	55.28172		0	0	1		223
R	ECA	G-02042		1900-01-01		Lane Head Bastle	Allendale (Fortified Farmhouse)	Northumberland		0	0	1		223
R	ECA	G-02043		1900-01-01		Lambley Farm Bastle (Fortified Farmhouse)	Northumberland	54.92828		0	0	1		223
R	ECA	G-02044		1900-01-01		Kyloe Tower (Pele Tower)	Northumberland	55.65125		0	0	1		223
R	ECA	G-02045		1900-01-01		Knockburn Farmhouse (Fortified Farmhouse)	Northumberland	54.85242		0	0	1		223
R	ECA	G-02046		1900-01-01		Kirkwhelpington	The Fawns Castle (Timber Castle	Fortified Manor House		0	0	1		223
R	ECA	G-02047		1900-01-01		Kirkwhelpington Vicars Pele (Pele Tower)	Northumberland	55.15413		0	0	1		223
R	ECA	G-02048		1900-01-01		Kirkheaton Manor House (Pele Tower	Fortified Farmhouse)	Northumberland		0	0	1		223
R	ECA	G-02049		1900-01-01		Kirkhaugh Farm Bastle 1 (Fortified Farmhouse)	Northumberland	54.84352		0	0	1		223
R	ECA	G-02050		1900-01-01		Kirkhaugh Farm Bastle 2 (Fortified Farmhouse)	Northumberland	54.84334		0	0	1		223
R	ECA	G-02051		1900-01-01		Kielder Head Bastle (Fortified Farmhouse)	Northumberland	55.27515		0	0	1		223
R	ECA	G-02052		1900-01-01		Kershope Castle (Timber Castle	Tower House)	Northumberland		0	0	1		223
R	ECA	G-02053		1900-01-01		Ivy Cottage	Ridley (Fortified Farmhouse)	Northumberland		0	0	1		223
R	ECA	G-02054		1900-01-01		Iron House	Highshaw (Fortified Farmhouse)	Northumberland		0	0	1		223
R	ECA	G-02055		1900-01-01		Humshaugh House	Humshaugh (Pele Tower	Fortified Farmhouse)		0	0	1		223
R	ECA	G-02056		1900-01-01		Hulne Friary (Pele Tower	Fortified Ecclesiastical Site)	Northumberland		0	0	1		223
R	ECA	G-02057		1900-01-01		Housty Bastles (Fortified Farmhouse)	Northumberland	54.90941		0	0	1		223
R	ECA	G-02058		1900-01-01		Housesteads Bastle (Fortified Farmhouse)	Northumberland	55.01286		0	0	1		223
R	ECA	G-02059		1900-01-01		Horton Castle	Blyth (Fortified Manor House)	Northumberland		0	0	1		223
R	ECA	G-02060		1900-01-01		Horsley Tower	Longhorsley (Tower House	Pele Tower)		0	0	1		223
R	ECA	G-02061		1900-01-01		Horneystead Bastle (Pele Tower	Fortified Farmhouse)	Northumberland		0	0	1		223
R	ECA	G-02062		1900-01-01		Hope Head Bastle (Fortified Farmhouse)	Northumberland	54.82072		0	0	1		223
R	ECA	G-02063		1900-01-01		Hope Farmhouse	Brinkburn (Fortified Farmhouse)	Northumberland		0	0	1		223
R	ECA	G-02064		1900-01-01		Holymire Bastle	Kirkhaugh (Fortified Farmhouse)	Northumberland		0	0	1		223
R	ECA	G-02065		1900-01-01		Hollybush Farm Bastle (Fortified Farmhouse)	Northumberland	54.90424		0	0	1		223
R	ECA	G-02066		1900-01-01		Hole Bastle	Bellingham (Fortified Farmhouse)	Northumberland		0	0	1		223
R	ECA	G-02067		1900-01-01		Hindleyhill Bastle (Fortified Farmhouse)	Northumberland	54.91386		0	0	1		223
R	ECA	G-02068		1900-01-01		Hill House Bastle	Thorngrafton (Fortified Farmhouse)	Northumberland		0	0	1		223
R	ECA	G-02069		1900-01-01		Hill House Bastle	Tarset (Fortified Farmhouse)	Northumberland		0	0	1		223
R	ECA	G-02070		1900-01-01		Hill House Bastle	Haydon (Fortified Farmhouse)	Northumberland		0	0	1		223
R	ECA	G-02071		1900-01-01		Highfield Ruined Bastle 2	Tarset (Fortified Farmhouse)	Northumberland		0	0	1		223
R	ECA	G-02072		1900-01-01		Morpeth Haw Hill (Timber Castle	Masonry Castle)	Northumberland		0	0	1		223
R	ECA	G-02073		1900-01-01		Moor Houses Bastle (Fortified Farmhouse)	Northumberland	54.90307		0	0	1		223
R	ECA	G-02074		1900-01-01		Monkridge Old Hall	Heatherwick (Pele Tower	Fortified Farmhouse)		0	0	1		223
R	ECA	G-02075		1900-01-01		Monk Farm Bastles	Allenndale (Pele Tower	Fortified Farmhouse)		0	0	1		223
R	ECA	G-02076		1900-01-01		Millhouse Grange	Bardon Mill (Fortified Farmhouse)	Northumberland		0	0	1		223
R	ECA	G-02077		1900-01-01		Midgeholm Bastle (Fortified Farmhouse)	Northumberland	54.94879		0	0	1		223
R	ECA	G-02078		1900-01-01		Middle Row Bastle (Fortified Farmhouse)	Northumberland	54.84240		0	0	1		223
R	ECA	G-02079		1900-01-01		Meldon Tower (Pele Tower)	Northumberland	55.14840		0	0	1		223
R	ECA	G-02080		1900-01-01		Maple Lodge	Birkshaw (Fortified Farmhouse)	Northumberland		0	0	1		223
R	ECA	G-02081		1900-01-01		Lowick Motte (Timber Castle)	Northumberland	55.64957		0	0	1		223
R	ECA	G-02082		1900-01-01		Lower Stobbylee	West Ealingham (Fortified Farmhouse)	Northumberland		0	0	1		223
R	ECA	G-02083		1900-01-01		Hillborough Iron Age Hillfort	Hillsborough	Devon		0	0	1		223
R	ECA	G-02084		1900-01-01		Watermouth Castle	Devon	51.213141		0	0	1		223
R	ECA	G-02085		1900-01-01		St Michael's Tower (Glastonbury Tor)	Gloucestershire	51.144730		0	0	1		223
R	ECA	G-02086		1900-01-01		Low Trewhitt (Pele Tower)	Northumberland	55.33716		0	0	1		223
R	ECA	G-02087		1900-01-01		Low Swinhope Shield Bastles (Fortified Farmhouse)	Northumberland	54.83769		0	0	1		223
R	ECA	G-02088		1900-01-01		Low Stead Bastles (Fortified Farmhouse)	Northumberland	55.09956		0	0	1		223
R	ECA	G-02089		1900-01-01		Low Row Bastle	Kirkhaugh (Fortified Farmhouse)	Northumberland		0	0	1		223
R	ECA	G-02090		1900-01-01		Low Roses Bower Bastle	Wark (Fortified Farmhouse)	Northumberland		0	0	1		223
R	ECA	G-02091		1900-01-01		Low Rawgreen Bastle (Fortified Farmhouse)	Northumberland	54.90358		0	0	1		223
R	ECA	G-02092		1900-01-01		Low Old Shield Farmhouse	Greenhead (Fortified Farmhouse)	Northumberland		0	0	1		223
R	ECA	G-02093		1900-01-01		Low Moralee Bastle (Fortified Farmhouse)	Northumberland	55.07970		0	0	1		223
R	ECA	G-02094		1900-01-01		Low Limestone Brae (Fortified Farmhouse)	Northumberland	54.84428		0	0	1		223
R	ECA	G-02095		1900-01-01		Low Leam Farm Bastle	Corsenside (Fortified Farmhouse)	Northumberland		0	0	1		223
R	ECA	G-02096		1900-01-01		Low Hayrake Farmhouse (Fortified Farmhouse)	Northumberland	54.82630		0	0	1		223
R	ECA	G-02097		1900-01-01		Low Hartleycleugh Bastle(s) (Fortified Farmhouse)	Northumberland	54.83309		0	0	1		223
R	ECA	G-02098		1900-01-01		Low Fairnley Bastle	Rothley (Fortified Farmhouse)	Northumberland		0	0	1		223
R	ECA	G-02099		1900-01-01		Low Cleughs Bastle	Corsenside (Fortified Farmhouse)	Northumberland		0	0	1		223
R	ECA	G-02100		1900-01-01		Low Chibburn Hospitallers Preceptory (Fortified Ecclesiastical Site)	Northumberland	55.26227		0	0	1		223
R	ECA	G-02101		1900-01-01		Low Broadwood Hall (Fortified Farmhouse)	Northumberland	54.89506		0	0	1		223
R	ECA	G-02102		1900-01-01		Low Bishopside Bastle (Fortified Farmhouse)	Northumberland	54.91812		0	0	1		223
R	ECA	G-02103		1900-01-01		Low Angerton Hall (Fortified Farmhouse)	Northumberland	55.15334		0	0	1		223
R	ECA	G-02104		1900-01-01		Longhoughton Hall Farmhouse (Fortified Farmhouse)	Northumberland	55.42878		0	0	1		223
R	ECA	G-02105		1900-01-01		Longhoughton Church of St Peter & St Paul (Fortified Ecclesiastical Site)	Northumberland	55.42919		0	0	1		223
R	ECA	G-02106		1900-01-01		Longheughshields Bastle	Bellingham (Fortified Farmhouse)	Northumberland		0	0	1		223
R	ECA	G-02107		1900-01-01		Littlehoughton Hall Tower (Pele Tower)	Northumberland	55.44157		0	0	1		223
R	ECA	G-02108		1900-01-01		Little Swinburne Tower (Pele Tower)	Northumberland	55.09496		0	0	1		223
R	ECA	G-02109		1900-01-01		Little Ryle Bastle	Alnham (Fortified Farmhouse)	Northumberland		0	0	1		223
R	ECA	G-02110		1900-01-01		Little Harle Tower (Pele Tower)	Northumberland	55.14560		0	0	1		223
R	ECA	G-02111		1900-01-01		Linn View (Fortified Farmhouse)	Northumberland	54.84124		0	0	1		223
R	ECA	G-02112		1900-01-01		Lingyclose Bastles (Fortified Farmhouse)	Northumberland	54.91228		0	0	1		223
R	ECA	G-02113		1900-01-01		Lindisfarne Steel End (Artillery Fort)	Northumberland	55.66819		0	0	1		223
R	ECA	G-02114		1900-01-01		Lindisfarne Priory (Fortified Ecclesiastical Site)	Northumberland	55.66912		0	0	1		223
R	ECA	G-02115		1900-01-01		Linden House	Humshaugh (Fortified Farmhouse)	Northumberland		0	0	1		223
R	ECA	G-02116		1900-01-01		Lemmington Hall (Pele Tower)	Northumberland	55.39547		0	0	1		223
R	ECA	G-02117		1900-01-01		Lee Hall (Pele Tower)	Northumberland	55.11204		0	0	1		223
R	ECA	G-02118		1900-01-01		Lanton Towers (Pele Towers)	Northumberland	55.57399		0	0	1		223
R	ECA	G-02119		1900-01-01		Sewingshields Castle (Tower House & Pele Tower)	Northumberland	55.02914		0	0	1		223
R	ECA	G-02120		1900-01-01		Riding Hill Bastle (Fortified Farmhouse)	Northumberland	54.90293		0	0	1		223
R	ECA	G-02121		1900-01-01		Rock Hall	Rennington (Pele Tower)	Northumberland		0	0	1		223
R	ECA	G-02122		1900-01-01		Scrainwood Tower (Pele Tower)	Northumberland	55.37909		0	0	1		223
R	ECA	G-02123		1900-01-01		Rudchester Hall (Pele Tower)	Northumberland	55.00074		0	0	1		223
R	ECA	G-02124		1900-01-01		Rowantree Stob	Allendale (Fortified Farmhouse)	Northumberland		0	0	1		223
R	ECA	G-02125		1900-01-01		Rothbury Haa Hill (Timber Castle	Masonry Castle)	Northumberland		0	0	1		223
R	ECA	G-02126		1900-01-01		Ridge End Bastle	Falstone (Fortified Farmhouse)	Northumberland		0	0	1		223
R	ECA	G-02127		1900-01-01		Riddlehamhope Hall Bastle (Fortified Farmhouse)	Northumberland	54.84447		0	0	1		223
R	ECA	G-02128		1900-01-01		Redheugh Bastle (Fortified Farmhouse)	Northumberland	55.19029		0	0	1		223
R	ECA	G-02129		1900-01-01		Rebellion House	High Callerton (Fortified Farmhouse	Pele Tower)		0	0	1		223
R	ECA	G-02130		1900-01-01		Ray Cottages	Kirkwhelpington (Fortified Farmhouse)	Northumberland		0	0	1		223
R	ECA	G-02131		1900-01-01		Little Sodbury Hillfort	Wiltshire	51.541596		0	0	1		223
R	ECA	G-02132		1900-01-01		Priddy Circles (Ancient Neolithic Monument)	Somerset	51.270318		0	0	1		223
R	ECA	G-02133		1900-01-01		Rattenshaw Bastle	Otternurn (Fortified Farmhouse)	Northumberland		0	0	1		223
R	ECA	G-02134		1900-01-01		Prior Castell's Tower	Inner Farne Island (Pele Tower	Artillery Fort)		0	0	1		223
R	ECA	G-02135		1900-01-01		Preston Tower	Ellingham (Tower House)	Northumberland		0	0	1		223
R	ECA	G-02136		1900-01-01		Pressen	The Bastle (Fortified Farmhouse)	Northumberland		0	0	1		223
R	ECA	G-02137		1900-01-01		Ponteland Vicarage Tower (Pele Tower)	Northumberland	55.04976		0	0	1		223
R	ECA	G-02138		1900-01-01		Plessey Hall (Fortified Manor House)	Northumberland	55.10534		0	0	1		223
R	ECA	G-02139		1900-01-01		Penryn	Wall (Fortified Farmhouse	Urban Defence)		0	0	1		223
R	ECA	G-02140		1900-01-01		Penpeugh Bastle (Fortified Farmhouse)	Northumberland	54.95176		0	0	1		223
R	ECA	G-02141		1900-01-01		Penchford Bastle (Fortified Farmhouse)	Northumberland	55.27182		0	0	1		223
R	ECA	G-02142		1900-01-01		Peel Crag (Pele Tower)	Northumberland	55.00189		0	0	1		223
R	ECA	G-02143		1900-01-01		Peasemeadows Cottage and Ruined Bastle (Fortified Farmhouse)	Northumberland	54.81904		0	0	1		223
R	ECA	G-02144		1900-01-01		Peartree Cottages	Wall (Fortified Farmhouse	Urban Defence)		0	0	1		223
R	ECA	G-02145		1900-01-01		Pawston Tower (Pele Tower)	Northumberland	55.58851		0	0	1		223
R	ECA	G-02146		1900-01-01		Page Croft Bastles (Fortified Farmhouse)	Northumberland	54.98228		0	0	1		223
R	ECA	G-02147		1900-01-01		Overgrass Tower (Pele Tower)	Northumberland	55.32410		0	0	1		223
R	ECA	G-02148		1900-01-01		Ottercops Bastles (Fortified Farmhouse)	Northumberland	55.19479		0	0	1		223
R	ECA	G-02149		1900-01-01		Ordley Bastle (Fortified Farmhouse)	Northumberland	54.92892		0	0	1		223
R	ECA	G-02150		1900-01-01		Orchard House	Wall (Fortified Farmhouse	Urban Defence)		0	0	1		223
R	ECA	G-02151		1900-01-01		Old Town Bastles	Allenndale (Fortified Farmhouse)	Northumberland		0	0	1		223
R	ECA	G-02152		1900-01-01		Old Schoolhouse Bastle	Snitter (Fortified Farmhouse)	Northumberland		0	0	1		223
R	ECA	G-02153		1900-01-01		Old Peacock House (Fortified Farmhouse)	Northumberland	54.88995		0	0	1		223
R	ECA	G-02154		1900-01-01		Old Man's Sheel	Bellingham (Pele Tower	Fortified Farmhouse)		0	0	1		223
R	ECA	G-02155		1900-01-01		Old Hall Farm (Fortified Farmhouse)	Northumberland	55.17094		0	0	1		223
R	ECA	G-02156		1900-01-01		Old Evistones Peels and Defended Village (Fortified Farmhouse)	Northumberland	55.26483		0	0	1		223
R	ECA	G-02157		1900-01-01		Avebury Stone Circles and Henge	Wiltshire	51.427402		0	0	1		223
R	ECA	G-02158		1900-01-01		Old Wardour Castle	Wiltshire	51.036446		0	0	1		223
R	ECA	G-02159		1900-01-01		Durlston Castle	Dorset	50.595141		0	0	1		223
R	ECA	G-02160		1900-01-01		Hardy Monument	Dorset	50.686913		0	0	1		223
R	ECA	G-02161		1900-01-01		Seaton Delaval Hall	Northumberland	55.082318		0	0	1		223
R	ECA	G-02162		1900-01-01		Marble Hill House	City of London	51.449700		0	0	1		223
R	ECA	G-02163		1900-01-01		Bywell Hall	Northumberland	54.947967		0	0	1		223
R	ECA	G-02164		1900-01-01		Roche Abbey	Yorkshire	53.402494		0	0	1		223
R	ECA	G-02165		1900-01-01		Cragside (Tudor Mansion)	Northumberland	55.313822		0	0	1		223
R	ECA	G-02166		1900-01-01		Budle hall	Northumberland	55.608359		0	0	1		223
R	ECA	G-02167		1900-01-01		Adderstone Hall	Northumberland	55.566706		0	0	1		223
R	ECA	G-02168		1900-01-01		Belsay Hall	Northumberland	55.099638		0	0	1		223
R	ECA	G-02169		1900-01-01		Beaufront Castle (Pele Tower	Grade 1 Listed Building)	Northumberland		0	0	1		223
R	ECA	G-02170		1900-01-01		Blagdon Hall	Northumberland	55.087956		0	0	1		223
R	ECA	G-02171		1900-01-01		Blenkinsop Hall	Northumberland	54.970867		0	0	1		223
R	ECA	G-02172		1900-01-01		Capheaton Hall	Northumberland	55.119331		0	0	1		223
R	ECA	G-02173		1900-01-01		Charlton Hall	Northumberland	55.494993		0	0	1		223
R	ECA	G-02174		1900-01-01		Chesters (Humshaugh)	Northumberland	55.026691		0	0	1		223
R	ECA	G-02175		1900-01-01		Craster Tower (Pele Tower	Grade II Listed Building)	Northumberland		0	0	1		223
R	ECA	G-02176		1900-01-01		Southwick Priory	Hampshire	50.872012		0	0	1		223
R	ECA	G-02177		1900-01-01		Dissington Hall (Grade II Listed Building)	Northumberland	55.039		0	0	1		223
R	ECA	G-02178		1900-01-01		Ogle Castle (Scheduled Ancient Monument	Grade 1 Listed Building)	Northumberland		0	0	1		223
R	ECA	G-02179		1900-01-01		Ellingham Hall	Northumberland	55.526024		0	0	1		223
R	ECA	G-02180		1900-01-01		Ilderton Hall (Grade II Listed Building)	Northumberland	55.4899		0	0	1		223
R	ECA	G-02181		1900-01-01		Eshott Hall	Northumberland	55.273889		0	0	1		223
R	ECA	G-02182		1900-01-01		Minsteracres (Grade II Listed Building)	Northumberland	54.895278		0	0	1		223
R	ECA	G-02183		1900-01-01		Hesleyside Hall	Northumberland	55.147843		0	0	1		223
R	ECA	G-02184		1900-01-01		Howick Hall	Northumberland	55.450641		0	0	1		223
R	ECA	G-02185		1900-01-01		Kirkley Hall	Northumberland	55.088927		0	0	1		223
R	ECA	G-02186		1900-01-01		Lilburn Tower	Northumberland	55.512835		0	0	1		223
R	ECA	G-02187		1900-01-01		Linden Hall	Longhorsley	Northumberland		0	0	1		223
R	ECA	G-02188		1900-01-01		Marshall Meadows House	Northumberland	55.802942		0	0	1		223
R	ECA	G-02189		1900-01-01		Matfen Hall	Northumberland	55.039641		0	0	1		223
R	ECA	G-02190		1900-01-01		Middleton Hall Estate	Northumberland	Northumberland		0	0	1		223
R	ECA	G-02191		1900-01-01		Milbourne Hall	Northumberland	55.064035		0	0	1		223
R	ECA	G-02192		1900-01-01		Mitford Hall	Northumberland	55.163170		0	0	1		223
R	ECA	G-02193		1900-01-01		Mitford Old Manor House	Northumberland	55.164230		0	0	1		223
R	ECA	G-02194		1900-01-01		Netherwitton Hall	Northumberland	55.208575		0	0	1		223
R	ECA	G-02195		1900-01-01		Newbrough Hall	Northumberland	55.008383		0	0	1		223
R	ECA	G-02196		1900-01-01		Nunnykirk Hall	Northumberland	55.227825		0	0	1		223
R	ECA	G-02197		1900-01-01		Otterburn Hall	Northumberland	55.242928		0	0	1		223
R	ECA	G-02198		1900-01-01		Otterburn Tower	Northumberland	55.232485		0	0	1		223
R	ECA	G-02199		1900-01-01		Shawdon Hall	Northumberland	55.422503		0	0	1		223
R	ECA	G-02200		1900-01-01		Unthank Hall	Northumberland	54.961060		0	0	1		223
R	ECA	G-02201		1900-01-01		Newminster Abbey (Scheduled Ancient Monument	Grade II Listed Building)	Northumberland		0	0	1		223
R	ECA	G-02202		1900-01-01		Ridley Hall	Northumberland	54.971128		0	0	1		223
R	ECA	G-02203		1900-01-01		Little Moreton Hall	Cheshire	53.127181		0	0	1		223
R	ECA	G-02204		1900-01-01		Jordan Hill Roman Temple	Dorset	50.637604		0	0	1		223
R	ECA	G-02205		1900-01-01		Bramall Hall	Cheshire	53.374169		0	0	1		223
R	ECA	G-02206		1900-01-01		Abbot of Vale Royal	Cheshire	53.224726		0	0	1		223
R	ECA	G-02207		1900-01-01		Burton Point (Iron Age Promontory Fort	Scheduled Monument)	Cheshire		0	0	1		223
R	ECA	G-02208		1900-01-01		Broxton Old Hall	Cheshire	53.074259		0	0	1		223
R	ECA	G-02209		1900-01-01		Eddisbury Hillfort (Castle Ditch) (Iron Age Hillfort)	Cheshire	53.220214		0	0	1		223
R	ECA	G-02210		1900-01-01		Alvanley Hall	Cheshire	53.257588		0	0	1		223
R	ECA	G-02211		1900-01-01		Helsby Hillfort (Iron Age Hillfort	Scheduled Ancient Monument)	Cheshire		0	0	1		223
R	ECA	G-02212		1900-01-01		Arley Hall	Cheshire	53.323995		0	0	1		223
R	ECA	G-02213		1900-01-01		Ashley Hall	Cheshire	53.360760		0	0	1		223
R	ECA	G-02214		1900-01-01		Kelsbarrow Castle (Iron Age Hillfort	Scheduled Ancient Monument)	Cheshire		0	0	1		223
R	ECA	G-02215		1900-01-01		Moss Hall	Cheshire	52.992801		0	0	1		223
R	ECA	G-02216		1900-01-01		Austerson Old Hall	Cheshire	53.255792		0	0	1		223
R	ECA	G-02217		1900-01-01		Maiden Castle (Iron Age Hillfort	Scheduled Ancient Monument)	Cheshire		0	0	1		223
R	ECA	G-02218		1900-01-01		Oakmere Hillfort (Iron Age Hillfort	Scheduled Ancient Monument)	Cheshire		0	0	1		223
R	ECA	G-02219		1900-01-01		Baddiley Hall	Cheshire	53.049171		0	0	1		223
R	ECA	G-02220		1900-01-01		Belmont Hall	Cheshire	53.301040		0	0	1		223
R	ECA	G-02221		1900-01-01		Woodhouse Hillfort (Iron Age Hillfort	Scheduled Ancient Monument)	Cheshire		0	0	1		223
R	ECA	G-02222		1900-01-01		Bexton Hall	Cheshire	53.289150		0	0	1		223
R	ECA	G-02223		1900-01-01		Birtles Hall Estate	Cheshire	53.26824		0	0	1		223
R	ECA	G-02224		1900-01-01		Blackden Manor	Cheshire	53.223524		0	0	1		223
R	ECA	G-02225		1900-01-01		Castle Knowle (Clinch Castle) (Iron Age Hillfort	Scheduled Monument)	Northumberland		0	0	1		223
R	ECA	G-02226		1900-01-01		Bolesworth Castle	Cheshire	53.098512		0	0	1		223
R	ECA	G-02227		1900-01-01		Bonis Hall	Cheshire	53.307715		0	0	1		223
R	ECA	G-02228		1900-01-01		Bostock Hall	Cheshire	53.210987		0	0	1		223
R	ECA	G-02229		1900-01-01		Buglawton Hall	Cheshire	53.177509		0	0	1		223
R	ECA	G-02230		1900-01-01		Bulkeley Grange	Cheshire	53.081764		0	0	1		223
R	ECA	G-02231		1900-01-01		Burton Hall	Cheshire	53.170413		0	0	1		223
R	ECA	G-02232		1900-01-01		Butley Hall	Cheshire	52.292225		0	0	1		223
R	ECA	G-02233		1900-01-01		Calveley Hall	Cheshire	53.121638		0	0	1		223
R	ECA	G-02234		1900-01-01		Castle Park House	Cheshire	53.292626		0	0	1		223
R	ECA	G-02235		1900-01-01		Chelford Manor House	Cheshire	53.264393		0	0	1		223
R	ECA	G-02236		1900-01-01		Chorley Old Hall	Cheshire	53.299990		0	0	1		223
R	ECA	G-02237		1900-01-01		Chorlton Hall	Backford	Cheshire		0	0	1		223
R	ECA	G-02238		1900-01-01		Chorlton Hall	Malpas	Cheshire		0	0	1		223
R	ECA	G-02239		1900-01-01		Christleton Old Hall	Cheshire	53.1856		0	0	1		223
R	ECA	G-02240		1900-01-01		Hatton Grange	Shropshire	52.635994		0	0	1		223
R	ECA	G-02241		1900-01-01		Cogshall Hall	Cheshire	53.297244		0	0	1		223
R	ECA	G-02242		1900-01-01		Colshaw Hall Estate	Cheshire	53.266250		0	0	1		223
R	ECA	G-02243		1900-01-01		Crabwell Manor	Cheshire	53.218707		0	0	1		223
R	ECA	G-02244		1900-01-01		Crag Hall	Cheshire	53.218365		0	0	1		223
R	ECA	G-02245		1900-01-01		Cranage Hall	Cheshire	53.212424		0	0	1		223
R	ECA	G-02246		1900-01-01		Crewe Hall	Cheshire	53.082684		0	0	1		223
R	ECA	G-02247		1900-01-01		Crewood Hall	Cheshire	53.280604		0	0	1		223
R	ECA	G-02248		1900-01-01		Poulton Hall	Cheshire	53.327322		0	0	1		223
R	ECA	G-02249		1900-01-01		Davenham Hall	Cheshire	53.232431		0	0	1		223
R	ECA	G-02250		1900-01-01		Dorfold Hall	Cheshire	53.068616		0	0	1		223
R	ECA	G-02251		1900-01-01		Iscoyd Park	Shropshire	52.973224		0	0	1		223
R	ECA	G-02252		1900-01-01		Eaton Hall		Cheshire		0	0	1		223
R	ECA	G-02253		1900-01-01		Eccleston Paddocks	Cheshire	53.155330		0	0	1		223
R	ECA	G-02254		1900-01-01		Edge Hall	Cheshire	53.047509		0	0	1		223
R	ECA	G-02255		1900-01-01		Combermere Abbey	Shropshire	52.993968		0	0	1		223
R	ECA	G-02256		1900-01-01		Great Moreton Hall	Cheshire	53.132427		0	0	1		223
R	ECA	G-02257		1900-01-01		Hampton Old Hall	Cheshire	53.037292		0	0	1		223
R	ECA	G-02258		1900-01-01		Handforth Hall	Cheshire	53.346529		0	0	1		223
R	ECA	G-02259		1900-01-01		Hankelow Hall	Cheshire	53.0127		0	0	1		223
R	ECA	G-02260		1900-01-01		Hartford Manor	Cheshire	53.248241		0	0	1		223
R	ECA	G-02261		1900-01-01		Haslington Hall	Cheshire	53.099965		0	0	1		223
R	ECA	G-02262		1900-01-01		Hassall Hall	Cheshire	53.1125		0	0	1		223
R	ECA	G-02263		1900-01-01		Haughton Hall	Cheshire	53.103491		0	0	1		223
R	ECA	G-02264		1900-01-01		Heawood Hall	Cheshire	53.2772		0	0	1		223
R	ECA	G-02265		1900-01-01		Hefferston Grange	Cheshire	53.256807		0	0	1		223
R	ECA	G-02266		1900-01-01		Henbury Hall	Cheshire	53.253501		0	0	1		223
R	ECA	G-02267		1900-01-01		Castle House	Shropshire	52.367313		0	0	1		223
R	ECA	G-02268		1900-01-01		Higher Huxley Hall	Cheshire	53.147672		0	0	1		223
R	ECA	G-02269		1900-01-01		Hinderton Hall	Cheshire	53.298173		0	0	1		223
R	ECA	G-02270		1900-01-01		Hockenhull Hall	Cheshire	53.189557		0	0	1		223
R	ECA	G-02271		1900-01-01		Holford Hall	Cheshire	53.275186		0	0	1		223
R	ECA	G-02272		1900-01-01		Hollin Old Hall	Cheshire	53.294407		0	0	1		223
R	ECA	G-02273		1900-01-01		Minsterley Hall	Shropshire	52.638985		0	0	1		223
R	ECA	G-02274		1900-01-01		Acton Scott Hall	Shropshire	52.501239		0	0	1		223
R	ECA	G-02275		1900-01-01		Inglewood Manor	Cheshire	53.274720		0	0	1		223
R	ECA	G-02276		1900-01-01		Langley Hall	Cheshire	53.2414		0	0	1		223
R	ECA	G-02277		1900-01-01		Lawton Hall	Cheshire	53.097550		0	0	1		223
R	ECA	G-02278		1900-01-01		Lower Carden Hall	Cheshire	53.0646		0	0	1		223
R	ECA	G-02279		1900-01-01		NT - Lyme	Cheshire	53.338283		0	0	1		223
R	ECA	G-02280		1900-01-01		Stokesay Court	Shropshire	52.403043		0	0	1		223
R	ECA	G-02281		1900-01-01		Manley Knoll	Cheshire	53.247554		0	0	1		223
R	ECA	G-02282		1900-01-01		Mere Old Hall	Cheshire	53.3306		0	0	1		223
R	ECA	G-02283		1900-01-01		Haddon Hall	Derbyshire	53.194240		0	0	1		223
R	ECA	G-02284		1900-01-01		Mobberley Old Hall	Cheshire	53.313950		0	0	1		223
R	ECA	G-02285		1900-01-01		Newton Hall	Mobberley	Cheshire		0	0	1		223
R	ECA	G-02286		1900-01-01		Moore Hall	Cheshire	53.3536		0	0	1		223
R	ECA	G-02287		1900-01-01		Norcliffe Hall	Cheshire	53.348175		0	0	1		223
R	ECA	G-02288		1900-01-01		Ogston Hall	Derbyshire	53.133537		0	0	1		223
R	ECA	G-02289		1900-01-01		Oakfield Manor	Cheshire	53.225108		0	0	1		223
R	ECA	G-02290		1900-01-01		Ollerton End and Ollerton Hall	Cheshire	53.2812		0	0	1		223
R	ECA	G-02291		1900-01-01		Over Tabley Hall	Cheshire	53.314647		0	0	1		223
R	ECA	G-02292		1900-01-01		Tissington Hall	Derbyshire	53.068037		0	0	1		223
R	ECA	G-02293		1900-01-01		Tissington Ringwork	Derbyshire	53.068167		0	0	1		223
R	ECA	G-02294		1900-01-01		Peel Hall	Cheshire	53.2225		0	0	1		223
R	ECA	G-02295		1900-01-01		Peover Hall	Cheshire	52.258072		0	0	1		223
R	ECA	G-02296		1900-01-01		Poole Hall	Cheshire	53.092245		0	0	1		223
R	ECA	G-02297		1900-01-01		Pownall Hall	Cheshire	53.333988		0	0	1		223
R	ECA	G-02298		1900-01-01		Radbroke Hall	Cheshire	53.271637		0	0	1		223
R	ECA	G-02299		1900-01-01		Ravenscroft Hall	Cheshire	53.204734		0	0	1		223
R	ECA	G-02300		1900-01-01		Ushaw (Historic House & Chapels)	County Durham	54.788133		0	0	1		223
R	ECA	G-02301		1900-01-01		Rode Hall	Cheshire	53.113074		0	0	1		223
R	ECA	G-02302		1900-01-01		Hackthorn Hall	Lincolnshire	53.335310		0	0	1		223
R	ECA	G-02303		1900-01-01		Rowton Hall Hotel	Cheshire	53.172583		0	0	1		223
R	ECA	G-02304		1900-01-01		Shrigley Hall	Cheshire	53.315307		0	0	1		223
R	ECA	G-02305		1900-01-01		Stanthorne Hall	Cheshire	53.195347		0	0	1		223
R	ECA	G-02306		1900-01-01		Stapeley House	Cheshire	53.05014		0	0	1		223
R	ECA	G-02307		1900-01-01		The Exton Estates	Leicestershire	52.693235		0	0	1		223
R	ECA	G-02308		1900-01-01		Swettenham Hall	Cheshire	53.195541		0	0	1		223
R	ECA	G-02309		1900-01-01		Swineyard House	Cheshire	53.350324		0	0	1		223
R	ECA	G-02310		1900-01-01		Rydal Hall	Cumbria	54.448701		0	0	1		223
R	ECA	G-02311		1900-01-01		Tatton Hall	Cheshire	53.330428		0	0	1		223
R	ECA	G-02312		1900-01-01		Tilstone Lodge	Cheshire	53.144918		0	0	1		223
R	ECA	G-02313		1900-01-01		Toft Hall	Cheshire	53.282861		0	0	1		223
R	ECA	G-02314		1900-01-01		Castletown House	Cumbria	54.951618		0	0	1		223
R	ECA	G-02315		1900-01-01		Tushingham Hall	Cheshire	53.000720		0	0	1		223
R	ECA	G-02316		1900-01-01		Kirklinton Hall	Cumbria	54.998316		0	0	1		223
R	ECA	G-02317		1900-01-01		Crackenthorpe Hall	Cumbria	54.590762		0	0	1		223
R	ECA	G-02318		1900-01-01		Morland House	Cumbria	54.596276		0	0	1		223
R	ECA	G-02319		1900-01-01		Warford Hall	Cheshire	53.287165		0	0	1		223
R	ECA	G-02320		1900-01-01		Weaver Hall	Darnhall	Cheshire		0	0	1		223
R	ECA	G-02321		1900-01-01		Whatcroft Hall	Cheshire	53.224787		0	0	1		223
R	ECA	G-02322		1900-01-01		Whirley Hall	Cheshire	53.268298		0	0	1		223
R	ECA	G-02323		1900-01-01		Rayrigg Hall	Cumbria	54.374870		0	0	1		223
R	ECA	G-02324		1900-01-01		Willaston Old Hall	Cheshire	53.291768		0	0	1		223
R	ECA	G-02325		1900-01-01		Willington Hall	Cheshire	53.188855		0	0	1		223
R	ECA	G-02326		1900-01-01		Lea Hall Wimboldsley	Cheshire	53.036865		0	0	1		223
R	ECA	G-02327		1900-01-01		Winnington Hall	Cheshire	53.268584		0	0	1		223
R	ECA	G-02328		1900-01-01		Halecat House	Cumbria	54.247274		0	0	1		223
R	ECA	G-02329		1900-01-01		Holme Cultram Abbey	Cumbria	54.845480		0	0	1		223
R	ECA	G-02330		1900-01-01		Buckden Towers	Cambridgeshire	52.294683		0	0	1		223
R	ECA	G-02331		1900-01-01		Wetheral Priory Gatehouse	Cumbria	54.878962		0	0	1		223
R	ECA	G-02332		1900-01-01		Cherry Hinton Hall	Cambridgeshire	52.165376		0	0	1		223
R	ECA	G-02333		1900-01-01		Chippenham Park	Cambridgeshire	52.296809		0	0	1		223
R	ECA	G-02334		1900-01-01		Fulbourn Manor	Cambridgeshire	52.182751		0	0	1		223
R	ECA	G-02335		1900-01-01		Gaynes Hall	Cambridgeshire	52.282207		0	0	1		223
R	ECA	G-02336		1900-01-01		Hilton Hall	Cambridgeshire	52.644415		0	0	1		223
R	ECA	G-02337		1900-01-01		Hinchingbrooke House	Cambridgeshire	52.327838		0	0	1		223
R	ECA	G-02338		1900-01-01		Leverington Hall	Cambridgeshire	52.679816		0	0	1		223
R	ECA	G-02339		1900-01-01		Milton Hall	Cambridgeshire	52.244715		0	0	1		223
R	ECA	G-02340		1900-01-01		The Old Hall	Ely	Cambridgeshire		0	0	1		223
R	ECA	G-02341		1900-01-01		Thorpe Hall (Peterborough)	Cambridgeshire	52.572639		0	0	1		223
R	ECA	G-02342		1900-01-01		Anglesey Abbey	Cambridgeshire	52.236682		0	0	1		223
R	ECA	G-02343		1900-01-01		Elton Hall	Cambridgeshire	52.523559		0	0	1		223
R	ECA	G-02344		1900-01-01		Peckover House	Cambridgeshire	52.665137		0	0	1		223
R	ECA	G-02345		1900-01-01		Wimpole Hall	Cambridgeshire	52.140498		0	0	1		223
R	ECA	G-02346		1900-01-01		Kimbolton Castle	Cambridgeshire	52.296504		0	0	1		223
R	ECA	G-02347		1900-01-01		Northborough Manor	Cambridgeshire	52.655979		0	0	1		223
R	ECA	G-02348		1900-01-01		Pottergate Tower	Northumberland	55.414941		0	0	1		223
R	ECA	G-02349		1900-01-01		Bassingbourne	John Of Gaunts House (Timber Castle	Masonry Castle and Fortified Manor House)		0	0	1		223
R	ECA	G-02350		1900-01-01		Biggin Abbey Bishops Palace (Palace)	Cambridgeshire	52.23392		0	0	1		223
R	ECA	G-02351		1900-01-01		Bourn Hall Ringwork (Timber Castle)	Cambridgeshire	52.18783		0	0	1		223
R	ECA	G-02352		1900-01-01		Castle Camps (Timber Castle	Masonry Castle)	Cambridgeshire		0	0	1		223
R	ECA	G-02353		1900-01-01		Castle Camps Village Defences (Urban Defence)	Cambridgeshire	52.05659		0	0	1		223
R	ECA	G-02354		1900-01-01		Caxton Moats (Timber Castle	Fortified Manor House)	Cambridgeshire		0	0	1		223
R	ECA	G-02355		1900-01-01		Cheveley Castle (Fortified Manor House)	Cambridgeshire	52.22441		0	0	1		223
R	ECA	G-02356		1900-01-01		Doddington Bishops Palace (Palace)	Cambridgeshire	52.49624		0	0	1		223
R	ECA	G-02357		1900-01-01		Ely Cherry Hill (Timber Castle)	Cambridgeshire	52.39594		0	0	1		223
R	ECA	G-02358		1900-01-01		Ely Old Bishops Palace (Palace)	Cambridgeshire	52.39851		0	0	1		223
R	ECA	G-02359		1900-01-01		Fowlmere	The Round Moat (Timber Castle)	Cambridgeshire		0	0	1		223
R	ECA	G-02360		1900-01-01		Kirtling Towers (Timber Castle	Masonry Castle	Fortified Manor House)		0	0	1		223
R	ECA	G-02361		1900-01-01		Knapwell Overhall Grove (Timber Castle)	Cambridgeshire	52.25037		0	0	1		223
R	ECA	G-02362		1900-01-01		Little Downham Bishops Palace (Palace)	Cambridgeshire	52.43450		0	0	1		223
R	ECA	G-02363		1900-01-01		Lophams Hall	Carlton (Fortified Manor House)	Cambridgeshire		0	0	1		223
R	ECA	G-02364		1900-01-01		Lordship Lane	Cottenham (Fortified Manor House)	Cambridgeshire		0	0	1		223
R	ECA	G-02365		1900-01-01		Rampton Giants Hill (Timber Castle	Siege Work)	Cambridgeshire		0	0	1		223
R	ECA	G-02366		1900-01-01		Swaffham Bullbeck (Timber Castle)	Cambridgeshire	52.21434		0	0	1		223
R	ECA	G-02367		1900-01-01		Swavesey Castle Hill (Timber Castle)	Cambridgeshire	52.30617		0	0	1		223
R	ECA	G-02368		1900-01-01		Swavesey Town Defences (Urban Defence)	Cambridgeshire	52.30381		0	0	1		223
R	ECA	G-02369		1900-01-01		Ampthill Park House	Bedfordshire	52.040373		0	0	1		223
R	ECA	G-02370		1900-01-01		Aspley House	Bedfordshire	52.015318		0	0	1		223
R	ECA	G-02371		1900-01-01		Eggington House	Bedfordshire	51.918324		0	0	1		223
R	ECA	G-02372		1900-01-01		Harlington Manor	Bedfordshire	51.963005		0	0	1		223
R	ECA	G-02373		1900-01-01		Haynes Park	Bedfordshire	52.063308		0	0	1		223
R	ECA	G-02374		1900-01-01		Champneys Henlow	Bedfordshire	52.0312		0	0	1		223
R	ECA	G-02375		1900-01-01		Hinwick House	Bedfordshire	52.248122		0	0	1		223
R	ECA	G-02376		1900-01-01		Luton Hoo Manor	Bedfordshire	51.854585		0	0	1		223
R	ECA	G-02377		1900-01-01		Milton Ernest Hall	Bedfordshire	52.190743		0	0	1		223
R	ECA	G-02378		1900-01-01		Shortmead House	Bedfordshire	52.098330		0	0	1		223
R	ECA	G-02379		1900-01-01		Southill Park House	Bedfordshire	52.064824		0	0	1		223
R	ECA	G-02380		1900-01-01		Tempsford Old Hall	Bedfordshire	52.167539		0	0	1		223
R	ECA	G-02381		1900-01-01		Wrest Park	Bedfordshire	52.007981		0	0	1		223
R	ECA	G-02382		1900-01-01		Turvey House	Bedfordshire	52.165530		0	0	1		223
R	ECA	G-02383		1900-01-01		Moggerhanger House	Bedfordshire	52.124760		0	0	1		223
R	ECA	G-02384		1900-01-01		Houghton House	Bedfordshire	52.044205		0	0	1		223
R	ECA	G-02385		1900-01-01		Bedford Town Bank and The Kings Ditch (Urban Defence)	Bedfordshire	52.13075		0	0	1		223
R	ECA	G-02386		1900-01-01		Biggleswade Ringwork (Timber Castle)	Bedfordshire	52.08595		0	0	1		223
R	ECA	G-02387		1900-01-01		Cainhoe Castle	Clophill (Timber Castle)	Bedfordshire		0	0	1		223
R	ECA	G-02388		1900-01-01		Chalgrave Motte (Timber Castle)	Bedfordshire	51.93553		0	0	1		223
R	ECA	G-02389		1900-01-01		Colmworth Manor and Motte (Fortified Manor House)	Bedfordshire	52.21396		0	0	1		223
R	ECA	G-02390		1900-01-01		Eastcotts Motte (Timber Castle)	Bedfordshire	52.08579		0	0	1		223
R	ECA	G-02391		1900-01-01		Eaton Bray Manor (Fortified Manor House)	Bedfordshire	51.87917		0	0	1		223
R	ECA	G-02392		1900-01-01		Etonbury	Arlesey (Timber Castle	Fortified Manor House)		0	0	1		223
R	ECA	G-02393		1900-01-01		Flitwick Mount Hills (Timber Castle)	Bedfordshire	51.99752		0	0	1		223
R	ECA	G-02394		1900-01-01		Gannocks Castle	Tempsford (Fortified Manor House)	Bedfordshire		0	0	1		223
R	ECA	G-02395		1900-01-01		Hockliffe Manor (Fortified Manor House)	Bedfordshire	51.93189		0	0	1		223
R	ECA	G-02396		1900-01-01		Meppershall Village Defences (Urban Defence)	Bedfordshire	52.01016		0	0	1		223
R	ECA	G-02397		1900-01-01		Mappershall	The Hills (Timber Castle)	Bedfordshire		0	0	1		223
R	ECA	G-02398		1900-01-01		Old Warden Quince Hill (Timber Castle)	Bedfordshire	52.08740		0	0	1		223
R	ECA	G-02399		1900-01-01		Marmion Tower (Tanfield Castle) 15th Century Gatehouse	Yorkshire	54.203536		0	0	1		223
R	ECA	G-02400		1900-01-01		Renhold Ring (Timber Castle)	Bedfordshire	52.14888		0	0	1		223
R	ECA	G-02401		1900-01-01		Ridgmont	The Round House (Timber Castle)	Bedfordshire		0	0	1		223
R	ECA	G-02402		1900-01-01		Risinghoe Castle (Timber Castle)	Bedfordshire	52.14565		0	0	1		223
R	ECA	G-02403		1900-01-01		Roxton Palaceyard Wood (Fortified Manor House)	Bedfordshire	52.17683		0	0	1		223
R	ECA	G-02404		1900-01-01		Shillington Church Panel (Fortified Manor House)	Bedfordshire	52.00220		0	0	1		223
R	ECA	G-02405		1900-01-01		Someries Castle (Fortified Manor House	Tower House)	Bedfordshire		0	0	1		223
R	ECA	G-02406		1900-01-01		Stanfordbury Farm (Fortified Manor House)	Bedfordshire	52.05293		0	0	1		223
R	ECA	G-02407		1900-01-01		Thurleigh Bury Hills (Timber Castle)	Bedfordshire	52.21416		0	0	1		223
R	ECA	G-02408		1900-01-01		Thurleigh Village Defence (Urban Defence)	Bedfordshire	52.21437		0	0	1		223
R	ECA	G-02409		1900-01-01		Tilsworth Warren Knoll (Timber Castle)	Bedfordshire	51.90931		0	0	1		223
R	ECA	G-02410		1900-01-01		Lincoln Medieval Bishops Palace	Lincolnshire	53.233549		0	0	1		223
R	ECA	G-02411		1900-01-01		Totternhoe Castle (Timber Castle)	Bedfordshire	51.88876		0	0	1		223
R	ECA	G-02412		1900-01-01		Bilsington Priory	Kent	51.083465		0	0	1		223
R	ECA	G-02413		1900-01-01		Ascott House	Buckinghamshire	51.898645		0	0	1		223
R	ECA	G-02414		1900-01-01		Chicheley Hall	Buckinghamshire	52.103662		0	0	1		223
R	ECA	G-02415		1900-01-01		Chenies Manor House	Buckinghamshire	51.674589		0	0	1		223
R	ECA	G-02416		1900-01-01		Claydon House	Buckinghamshire	51.921784		0	0	1		223
R	ECA	G-02417		1900-01-01		Cliveden (Historic House)	Buckinghamshire	51.558217		0	0	1		223
R	ECA	G-02418		1900-01-01		Dorney Court (Tudor Manor)	Buckinghamshire	51.502770		0	0	1		223
R	ECA	G-02419		1900-01-01		Hughendon Manor	Buckinghamshire	51.650311		0	0	1		223
R	ECA	G-02420		1900-01-01		The Abbey	Ditcheat (The Priory)	Somerset		0	0	1		223
R	ECA	G-02421		1900-01-01		Nether Winchendon House	Buckinghamshire	51.802886		0	0	1		223
R	ECA	G-02422		1900-01-01		Hamswell House	Gloucestershhire	51.441844		0	0	1		223
R	ECA	G-02423		1900-01-01		Bletchley Park	Buckinghamshire	51.997672		0	0	1		223
R	ECA	G-02424		1900-01-01		Boarstall Tower	Buckinghamshire	51.823350		0	0	1		223
R	ECA	G-02425		1900-01-01		Chequers	Buckinghamshire	51.743454		0	0	1		223
R	ECA	G-02426		1900-01-01		Coppins	Buckinghamshire	51.525678		0	0	1		223
R	ECA	G-02427		1900-01-01		Court Garden House	Marlow	Buckinghamshire		0	0	1		223
R	ECA	G-02428		1900-01-01		Danesfield House	Buckinghamshire	51.552636		0	0	1		223
R	ECA	G-02429		1900-01-01		Dorton House	Buckinghamshire	51.819673		0	0	1		223
R	ECA	G-02430		1900-01-01		Dropmore Park	Buckinghamshire	51.565619		0	0	1		223
R	ECA	G-02431		1900-01-01		Eythrope House	Buckinghamshire	51.820427		0	0	1		223
R	ECA	G-02432		1900-01-01		Fawley Court	Buckinghamshire	51.55221		0	0	1		223
R	ECA	G-02433		1900-01-01		Gayhurst House	Buckinghamshire	52.10848		0	0	1		223
R	ECA	G-02434		1900-01-01		Bury St Edmunds Abbey	Suffolk	52.244325		0	0	1		223
R	ECA	G-02435		1900-01-01		Hall Barn	Buckinghamshire	51.593978		0	0	1		223
R	ECA	G-02436		1900-01-01		Halton House	Buckinghamshire	51.782534		0	0	1		223
R	ECA	G-02437		1900-01-01		Hampden House	Buckinghamshire	51.714485		0	0	1		223
R	ECA	G-02438		1900-01-01		Harleyford Manor	Buckinghamshire	51.553312		0	0	1		223
R	ECA	G-02439		1900-01-01		Hartwell House	Buckinghamshire	51.805219		0	0	1		223
R	ECA	G-02440		1900-01-01		Heatherden Hall	Buckinghamshire	51.546335		0	0	1		223
R	ECA	G-02441		1900-01-01		Hedsor House	Buckinghamshire	51.565669		0	0	1		223
R	ECA	G-02442		1900-01-01		Iver Grove	Buckinghamshire	51.519628		0	0	1		223
R	ECA	G-02443		1900-01-01		Langley Park House	Buckinghamshire	51.524300		0	0	1		223
R	ECA	G-02444		1900-01-01		De Vere Latimer House	Buckinghamshire	51.679425		0	0	1		223
R	ECA	G-02445		1900-01-01		Marlow Place	Buckinghamshire	51.570006		0	0	1		223
R	ECA	G-02446		1900-01-01		Mentmore Towers	Buckinghamshire	51.868244		0	0	1		223
R	ECA	G-02447		1900-01-01		Missenden Abbey	Buckinghamshire	51.700554		0	0	1		223
R	ECA	G-02448		1900-01-01		Nashdom Abbey	Buckinghamshire	51.550008		0	0	1		223
R	ECA	G-02449		1900-01-01		Shardeloes	Buckinghamshire	51.671520		0	0	1		223
R	ECA	G-02450		1900-01-01		Stoke Place	Buckinghamshire	51.531587		0	0	1		223
R	ECA	G-02451		1900-01-01		Taplow Court	Buckinghamshire	51.531589		0	0	1		223
R	ECA	G-02452		1900-01-01		Tyringham Hall	Buckinghamshire	52.113813		0	0	1		223
R	ECA	G-02453		1900-01-01		Tythrop Park	Buckinghamshire	51.756944		0	0	1		223
R	ECA	G-02454		1900-01-01		Waddesdon Manor	Buckinghamshire	51.842386		0	0	1		223
R	ECA	G-02455		1900-01-01		Welders House	Buckinghamshire	51.608799		0	0	1		223
R	ECA	G-02456		1900-01-01		Bramfield Castle Yard (Ringwork)	Suffolk	52.3069		0	0	1		223
R	ECA	G-02457		1900-01-01		Venta Icenorum	Norfolk	52.581228 1.293230		0	0	1		223
R	ECA	G-02458		1900-01-01		Greyfriars	Dunwich (Greyfriars Priory Remains)	Suffolk		0	0	1		223
R	ECA	G-02459		1900-01-01		St Olaves Priory	Norfolk	52.538126		0	0	1		223
R	ECA	G-02460		1900-01-01		Bungay Priory Ruins (at St Marys Church)	Suffolk	52.455590		0	0	1		223
R	ECA	G-02461		1900-01-01		Wotton House	Buckinghamshire	51.840027		0	0	1		223
R	ECA	G-02462		1900-01-01		Ashley Green Grove Farm (Fortified Manor House)	Buckinghamshire	51.72850		0	0	1		223
R	ECA	G-02463		1900-01-01		Aston Mullins (Fortified Manor House)	Buckinghamshire	51.77214		0	0	1		223
R	ECA	G-02464		1900-01-01		Bolbec Castle	Whitchurch (Fortified Manor House)	Buckinghamshire		0	0	1		223
R	ECA	G-02465		1900-01-01		Bradwell Motte (Timber Castle)	Buckinghamshire	52.04796		0	0	1		223
R	ECA	G-02466		1900-01-01		Brill Hunting Lodge (Timber Castle	Palace)	Buckinghamshire		0	0	1		223
R	ECA	G-02467		1900-01-01		Broughton Old Manor Farm (Fortified Manor House)	Buckinghamshire	51.81331		0	0	1		223
R	ECA	G-02468		1900-01-01		Castle Thorpe	Castlethorpe (Timber Castle	Fortified Manor House)		0	0	1		223
R	ECA	G-02469		1900-01-01		Cippenham Moat (Fortified Manor House	Palace)	Buckinghamshire		0	0	1		223
R	ECA	G-02470		1900-01-01		Cublington	The Beacon (Timber Castle)	Buckinghamshire		0	0	1		223
R	ECA	G-02471		1900-01-01		Desborough Castle	High Wycombe (Timber Castle	Siege Work)		0	0	1		223
R	ECA	G-02472		1900-01-01		Ellesborough Cymbelines Mount (Timber Castle)	Buckinghamshire	51.74977		0	0	1		223
R	ECA	G-02473		1900-01-01		Fingest Bishops Palace (Palace)	Buckinghamshire	51.61453		0	0	1		223
R	ECA	G-02474		1900-01-01		Frith Hill	Great Missenden (Timber Castle)	Buckinghamshire		0	0	1		223
R	ECA	G-02475		1900-01-01		Great Missenden	The Castle (Timber Castle)	Buckinghamshire		0	0	1		223
R	ECA	G-02476		1900-01-01		Hampden Danes Camp (Timber Caste)	Buckinghamshire	51.71071		0	0	1		223
R	ECA	G-02477		1900-01-01		Haversham Manor (Fortified Manor House)	Buckinghamshire	52.07545		0	0	1		223
R	ECA	G-02478		1900-01-01		Hawridge Court (Timber Castle)	Buckinghamshire	51.74321		0	0	1		223
R	ECA	G-02479		1900-01-01		St Johns Abbey Gate	Essex	51.885570		0	0	1		223
R	ECA	G-02480		1900-01-01		Little Kimble Motte (Timber Castle)	Buckinghamshire	51.75015		0	0	1		223
R	ECA	G-02481		1900-01-01		Little Missenden Castle Tower (Timber Castle)	Buckinghamshire	51.68712		0	0	1		223
R	ECA	G-02482		1900-01-01		Old Dashwood Hill Village Defences (Urban Defence)	Buckinghamshire	51.64621		0	0	1		223
R	ECA	G-02483		1900-01-01		Shenley Church End	The Toot (Timber Castle)	Buckinghamshire		0	0	1		223
R	ECA	G-02484		1900-01-01		Stoke Mandeville (Fortified Manor House)	Buckinghamshire	51.77727		0	0	1		223
R	ECA	G-02485		1900-01-01		West Wycombe Manor Of The Bishop Of Winchester (Palace)	Buckinghamshire	51.64329		0	0	1		223
R	ECA	G-02486		1900-01-01		Weston Turville	The Mount (Timber Castle	Fortified Manor House)		0	0	1		223
R	ECA	G-02487		1900-01-01		Weston Underwood Moated Site (Timber Castle)	Buckinghamshire	52.14359		0	0	1		223
R	ECA	G-02488		1900-01-01		Wing Castle Hill (Timber Castle)	Buckinghamshire	51.89673		0	0	1		223
R	ECA	G-02489		1900-01-01		Wolverton (Timber Castle)	Buckinghamshire	52.06428		0	0	1		223
R	ECA	G-02490		1900-01-01		Broxbournebury Manor	Hertfordshire	51.747001		0	0	1		223
R	ECA	G-02491		1900-01-01		Sibton Abbey	Suffolk	52.275348		0	0	1		223
R	ECA	G-02492		1900-01-01		Childwickbury Manor	Hertfordshire	51.779259		0	0	1		223
R	ECA	G-02493		1900-01-01		Chorleywood House Estate	Hertfordshire	51.659649		0	0	1		223
R	ECA	G-02494		1900-01-01		Dancers Hill House	Hertfordshire	51.679654		0	0	1		223
R	ECA	G-02495		1900-01-01		Fanhams Hall	Hertfordshire	51.822598		0	0	1		223
R	ECA	G-02496		1900-01-01		Blythburgh Priory Ruins	Hertfordshire	52.321186		0	0	1		223
R	ECA	G-02497		1900-01-01		Gaddesden Place	Hertfordshire	51.788756		0	0	1		223
R	ECA	G-02498		1900-01-01		Old Gorhambury House	Hertfordshire	51.756371		0	0	1		223
R	ECA	G-02499		1900-01-01		The Grove	Watford	Hertfordshire		0	0	1		223
R	ECA	G-02500		1900-01-01		South Elmham Minster	Suffolk	52.393315		0	0	1		223
R	ECA	G-02501		1900-01-01		Hanbury Manor	Hertfordshire	51.828884		0	0	1		223
R	ECA	G-02502		1900-01-01		Hanstead Park House	Hertfordshire	51.702618		0	0	1		223
R	ECA	G-02503		1900-01-01		Hatfield House	Hertfordshire	51.761173		0	0	1		223
R	ECA	G-02504		1900-01-01		High Elms Manor	Hertfordshire	51.701968		0	0	1		223
R	ECA	G-02505		1900-01-01		Hilfield Castle	Hertfordshire	51.653601		0	0	1		223
R	ECA	G-02506		1900-01-01		Hinxworth Place	Hertfordshire	52.0409		0	0	1		223
R	ECA	G-02507		1900-01-01		Hunsdon House	Hertfordshire	51.795162		0	0	1		223
R	ECA	G-02508		1900-01-01		Hunton Park	Hertfordshire	51.692965		0	0	1		223
R	ECA	G-02509		1900-01-01		Knebworth House	Hertfordshire	51.872919		0	0	1		223
R	ECA	G-02510		1900-01-01		The Manor House	Chipperfield	Hertfordshire		0	0	1		223
R	ECA	G-02511		1900-01-01		Manor of Groves	Hertfordshire	51.872905		0	0	1		223
R	ECA	G-02512		1900-01-01		Marden Hill	Hertfordshire	51.809909		0	0	1		223
R	ECA	G-02513		1900-01-01		Moor Park (House)	Hertfordshire	51.628259		0	0	1		223
R	ECA	G-02514		1900-01-01		Munden House	Hertfordshire	51.689285		0	0	1		223
R	ECA	G-02515		1900-01-01		Newsells Park	Hertfordshire	52.026906		0	0	1		223
R	ECA	G-02516		1900-01-01		Pendley Manor	Hertfordshire	51.797165		0	0	1		223
R	ECA	G-02517		1900-01-01		Putteridge Bury	Hertfordshire	51.910440		0	0	1		223
R	ECA	G-02518		1900-01-01		Rossway	Hertfordshire	51.756170		0	0	1		223
R	ECA	G-02519		1900-01-01		Rothamstead Manor	Hertfordshire	51.806087		0	0	1		223
R	ECA	G-02520		1900-01-01		Rowneybury	Hertfordshire	51.798371		0	0	1		223
R	ECA	G-02521		1900-01-01		Shendish Manor	Hertfordshire	51.728140		0	0	1		223
R	ECA	G-02522		1900-01-01		Shenley Hall	Hertfordshire	51.694906		0	0	1		223
R	ECA	G-02523		1900-01-01		Stocks House	Hertfordshire	51.810610		0	0	1		223
R	ECA	G-02524		1900-01-01		The Mansion	Berkhamsted	Hertfordshire		0	0	1		223
R	ECA	G-02525		1900-01-01		Tolmers Park	Hertfordshire	51.726416		0	0	1		223
R	ECA	G-02526		1900-01-01		Tring Park Mansion	Hertfordshire	51.791768		0	0	1		223
R	ECA	G-02527		1900-01-01		Tyttenhanger House	Hertfordshire	51.728047		0	0	1		223
R	ECA	G-02528		1900-01-01		Wall Hall	Hertfordshire	51.682844		0	0	1		223
R	ECA	G-02529		1900-01-01		Woodhall Park	Hertfordshire	51.852866		0	0	1		223
R	ECA	G-02530		1900-01-01		Wormleybury Manor	Hertfordshire	51.734474		0	0	1		223
R	ECA	G-02531		1900-01-01		Wrotham Park House	Hertfordshire	51.677602		0	0	1		223
R	ECA	G-02532		1900-01-01		Glastonbury Abbey Ruins	Somerset	51.146160		0	0	1		223
R	ECA	G-02533		1900-01-01		Brocket Hall	Hertfordshire	51.802717		0	0	1		223
R	ECA	G-02534		1900-01-01		Anstey Castle (Timber Castle	Masonry Castle)	Hertfordshire		0	0	1		223
R	ECA	G-02535		1900-01-01		Anstey Village Defences (Urban Defence)	Hertfordshire	51.97777		0	0	1		223
R	ECA	G-02536		1900-01-01		Ashridge Palace (Palace)	Hertfordshire	51.79949		0	0	1		223
R	ECA	G-02537		1900-01-01		Benington Castle (Timber Castle	Masonry Castle)	Hertfordshire		0	0	1		223
R	ECA	G-02538		1900-01-01		Apethorpe Palace	Northumberland	52.547943		0	0	1		223
R	ECA	G-02539		1900-01-01		Berkhamsted Siegeworks (Siegework)	Hertfordshire	51.76500		0	0	1		223
R	ECA	G-02540		1900-01-01		Buckland Moat (Timber Castle	Fortified Manor House)	Hertfordshire		0	0	1		223
R	ECA	G-02541		1900-01-01		Clothall Castle (Fortified Manor House)	Hertfordshire	51.96745		0	0	1		223
R	ECA	G-02542		1900-01-01		Hatfield Old Palace (Palace)	Hertfordshire	51.76121		0	0	1		223
R	ECA	G-02543		1900-01-01		Hertford Castle (Timber Castle	Masonry Castle	Palace)		0	0	1		223
R	ECA	G-02544		1900-01-01		Kings Langley Hunting Lodge (Palace)	Hertfordshire	51.70416		0	0	1		223
R	ECA	G-02545		1900-01-01		Kings Langley Royal Palace (Palace)	Hertfordshire	51.71111		0	0	1		223
R	ECA	G-02546		1900-01-01		Much Hadham The Palace (Palace)	Hertfordshire	51.85772		0	0	1		223
R	ECA	G-02547		1900-01-01		Pirton Toot Hill (Timber Castle)	Hertfordshire	51.97107		0	0	1		223
R	ECA	G-02548		1900-01-01		Pirton Village Defence (Urban Defence)	Hertfordshire	51.97152		0	0	1		223
R	ECA	G-02549		1900-01-01		Rye House	Stanstead Abbots (Fortified Manor House)	Hertfordshire		0	0	1		223
R	ECA	G-02550		1900-01-01		St. Albans Abbey (Palace	Fortified Ecclesiastical House)	Hertfordshire		0	0	1		223
R	ECA	G-02551		1900-01-01		Standon Lordship (Fortified Manor House)	Hertfordshire	51.87424		0	0	1		223
R	ECA	G-02552		1900-01-01		Therfield Castle (Timber Castle)	Hertfordshire	52.01697		0	0	1		223
R	ECA	G-02553		1900-01-01		Therfield Village Defences (Urban Defence)	Hertfordshire	52.01884		0	0	1		223
R	ECA	G-02554		1900-01-01		Walkern Bury (Timber Castle	Masonry Castle)	Hertfordshire		0	0	1		223
R	ECA	G-02555		1900-01-01		Wymondley Castle (Timber Castle)	Hertfordshire	51.94147		0	0	1		223
R	ECA	G-02556		1900-01-01		Widford Barrow Hill (Timber Castle)	Hertfordshire	51.83220		0	0	1		223
R	ECA	G-02557		1900-01-01		Well and Chapel Woods	Watton (Timber Castle	Fortified Manor House)		0	0	1		223
R	ECA	G-02558		1900-01-01		Ashlyns Hall	Hertfordshire	51.750129		0	0	1		223
R	ECA	G-02559		1900-01-01		Heveningham Hall	Suffolk	52.308817		0	0	1		223
R	ECA	G-02560		1900-01-01		Astonbury Manor	Hertfordshire	51.879329		0	0	1		223
R	ECA	G-02561		1900-01-01		Ayot House	Hertfordshire	51.838775		0	0	1		223
R	ECA	G-02562		1900-01-01		Batchwood Hall	Hertfordshire	51.766844		0	0	1		223
R	ECA	G-02563		1900-01-01		Bayfordbury Mansion	Hertfordshire	51.777380		0	0	1		223
R	ECA	G-02564		1900-01-01		Beechwood Park (Mansion)	Hertfordshire	51.819055		0	0	1		223
R	ECA	G-02565		1900-01-01		Bhaktivedanta Manor	Hertfordshire	51.665497		0	0	1		223
R	ECA	G-02566		1900-01-01		Heugh Gun Battery	County Durham	54.696789		0	0	1		223
R	ECA	G-02567		1900-01-01		Copped Hall	Essex	51.694243		0	0	1		223
R	ECA	G-02568		1900-01-01		Hill Hall	Essex	51.674286		0	0	1		223
R	ECA	G-02569		1900-01-01		Hylands House	Essex	51.711282		0	0	1		223
R	ECA	G-02570		1900-01-01		Ingatestone Hall	Essex	51.661634		0	0	1		223
R	ECA	G-02571		1900-01-01		Valentines Mansion & Gardens	Essex	51.5702068		0	0	1		223
R	ECA	G-02572		1900-01-01		Layer Marney Tower	Essex	51.822618		0	0	1		223
R	ECA	G-02573		1900-01-01		Eastbury Manor House	Essex	51.534445		0	0	1		223
R	ECA	G-02574		1900-01-01		Audley End House	Essex	52.020822		0	0	1		223
R	ECA	G-02575		1900-01-01		Barrington Hall	Essex	51.8359		0	0	1		223
R	ECA	G-02576		1900-01-01		Beeleigh Abbey	Essex	51.738		0	0	1		223
R	ECA	G-02577		1900-01-01		Belchamp Hall	Essex	52.034469		0	0	1		223
R	ECA	G-02578		1900-01-01		Braxted Park	Essex	51.805722		0	0	1		223
R	ECA	G-02579		1900-01-01		Chigwell Hall	Essex	51.624889		0	0	1		223
R	ECA	G-02580		1900-01-01		Copford Hall	Essex	51.869666		0	0	1		223
R	ECA	G-02581		1900-01-01		Down Hall	Essex	51.796124		0	0	1		223
R	ECA	G-02582		1900-01-01		Faulkbourne Hall	Essex	51.817535		0	0	1		223
R	ECA	G-02583		1900-01-01		Gosfield Hall	Essex	51.938000		0	0	1		223
R	ECA	G-02584		1900-01-01		Leez Priory	Essex	51.839332		0	0	1		223
R	ECA	G-02585		1900-01-01		Loughton Hall	Essex	51.648491		0	0	1		223
R	ECA	G-02586		1900-01-01		Pennard House	Somerset	51.136415		0	0	1		223
R	ECA	G-02587		1900-01-01		Moyns Park	Essex	52.038032		0	0	1		223
R	ECA	G-02588		1900-01-01		Hemerdon House	Devon	50.399829		0	0	1		223
R	ECA	G-02589		1900-01-01		Palace of Beaulieu House	Essex	50.820373		0	0	1		223
R	ECA	G-02590		1900-01-01		Rochford Hall	Essex	51.5808		0	0	1		223
R	ECA	G-02591		1900-01-01		Spains Hall	Essex	51.979214		0	0	1		223
R	ECA	G-02592		1900-01-01		Sturgeons House	Essex	51.736520		0	0	1		223
R	ECA	G-02593		1900-01-01		Terling Place	Essex	51.802052		0	0	1		223
R	ECA	G-02594		1900-01-01		Heale House	Wiltshire	51.126841		0	0	1		223
R	ECA	G-02595		1900-01-01		Apechilde (Fortified Manor House)	Essex	51.84847		0	0	1		223
R	ECA	G-02596		1900-01-01		Beckingham Hall (Fortified Manor House)	Essex	51.76743		0	0	1		223
R	ECA	G-02597		1900-01-01		Berden	The Crump (Timber Castle)	Essex		0	0	1		223
R	ECA	G-02598		1900-01-01		Birch Castle (Timber Castle)	Essex	51.84348		0	0	1		223
R	ECA	G-02599		1900-01-01		Brymshoo (Fortified Manor House)	Essex	51.69469		0	0	1		223
R	ECA	G-02600		1900-01-01		Bulmer Tye Pepper Mill Hill (Timber Castle)	Essex	52.01849		0	0	1		223
R	ECA	G-02601		1900-01-01		Canfield Castle	Great Canfield (Timber Castle)	Essex		0	0	1		223
R	ECA	G-02602		1900-01-01		Castle Hedingham Town Ditch (Urban Defence)	Essex	51.98950		0	0	1		223
R	ECA	G-02603		1900-01-01		Chipping Ongar Town Defences (Urban Defence)	Essex	51.70386		0	0	1		223
R	ECA	G-02604		1900-01-01		Chrishall Park Wood (Timber Castle)	Essex	52.02789		0	0	1		223
R	ECA	G-02605		1900-01-01		Clavering Castle (Timber Castle	Masonry Castle)	Essex		0	0	1		223
R	ECA	G-02606		1900-01-01		Down Hall Motte (Timber Castle)	Essex	51.79513		0	0	1		223
R	ECA	G-02607		1900-01-01		East Tilbury Blockhouse	Coalhouse Point (Artillery Fort)	Essex		0	0	1		223
R	ECA	G-02608		1900-01-01		Elmdon Castle Grove (Timber Castle)	Essex	52.03915		0	0	1		223
R	ECA	G-02609		1900-01-01		Fortification Wood	Navestock (Scheduled Monument)	Essex		0	0	1		223
R	ECA	G-02610		1900-01-01		Great Easton Castle (Timber Castle)	Essex	51.90420		0	0	1		223
R	ECA	G-02611		1900-01-01		Great Stambridge South Church Hall (Fortified Manor House)	Essex	51.58365		0	0	1		223
R	ECA	G-02612		1900-01-01		Harlowbury Abbots Palace (Palace)	Essex	51.78798		0	0	1		223
R	ECA	G-02613		1900-01-01		Henham Hall (Fortified Manor House)	Essex	51.93584		0	0	1		223
R	ECA	G-02614		1900-01-01		Heron Hall	East Horndon (Fortified Manor House)	Essex		0	0	1		223
R	ECA	G-02615		1900-01-01		Kelvedon Abbots Palace (Palace)	Essex	51.83348		0	0	1		223
R	ECA	G-02616		1900-01-01		Killegrews	Margaretting (Fortified Manor House)	Essex		0	0	1		223
R	ECA	G-02617		1900-01-01		King Johns Palace	Writtle (Palace	Fortified Manor House)		0	0	1		223
R	ECA	G-02618		1900-01-01		Little Easton Moat (Timber Castle)	Essex	51.88772		0	0	1		223
R	ECA	G-02619		1900-01-01		Maldon Moot Hall (Fortified Town House)	Essex	51.73162		0	0	1		223
R	ECA	G-02620		1900-01-01		Manningtree Town Defences (Urban Defence)	Essex	51.94602		0	0	1		223
R	ECA	G-02621		1900-01-01		Mersea Stone	East Mersea (Artillery Fort)	Essex		0	0	1		223
R	ECA	G-02622		1900-01-01		Mount Bures Village Enclosure (Urban Defence)	Essex	51.95815		0	0	1		223
R	ECA	G-02623		1900-01-01		Netherhall	Roydon (Fortified Manor House)	Essex		0	0	1		223
R	ECA	G-02624		1900-01-01		Ongar Castle (Timber Castle	Masonry Castle)	Essex		0	0	1		223
R	ECA	G-02625		1900-01-01		Orsett	Bishop Bonners Palace (Timber Castle	Palace)		0	0	1		223
R	ECA	G-02626		1900-01-01		Plash Wood	Arkesden (Timber Castle)	Essex		0	0	1		223
R	ECA	G-02627		1900-01-01		Pleshey Castle (Timber Castle	Masonry Castle)	Essex		0	0	1		223
R	ECA	G-02628		1900-01-01		Pleshey Town Defences (Urban Defence)	Essex	51.80526		0	0	1		223
R	ECA	G-02629		1900-01-01		Plumberow Mount	Hockley (Timber Castle)	Essex		0	0	1		223
R	ECA	G-02630		1900-01-01		Purleigh Mount (Timber Castle)	Essex	51.68398		0	0	1		223
R	ECA	G-02631		1900-01-01		Rayleigh Mount (Timber Castle	Masonry Castle)	Essex		0	0	1		223
R	ECA	G-02632		1900-01-01		Rickling Hall Motte (Timber Castle)	Essex	51.94955		0	0	1		223
R	ECA	G-02633		1900-01-01		Westwood Manor	Wiltshire	51.330134		0	0	1		223
R	ECA	G-02634		1900-01-01		Saffron Walden Town Defences (Urban Defence)	Essex	52.01945		0	0	1		223
R	ECA	G-02635		1900-01-01		Sheering Hall Ringwork (Timber Castle)	Essex	51.79401		0	0	1		223
R	ECA	G-02636		1900-01-01		South Ockendon Old Hall (Fortified Manor House)	Essex	51.52456		0	0	1		223
R	ECA	G-02637		1900-01-01		Stebbing	The Mount (Timber Castle)	Essex		0	0	1		223
R	ECA	G-02638		1900-01-01		Thorndon Old Hall	West Horndon (Fortified Manor House)	Essex		0	0	1		223
R	ECA	G-02639		1900-01-01		Waltham Abbey (Fortified Ecclesiastical Site)	Essex	51.68766		0	0	1		223
R	ECA	G-02640		1900-01-01		Wickham Bishops Palace (Palace)	Essex	51.76366		0	0	1		223
R	ECA	G-02641		1900-01-01		Witham Blunts Hall (Timber Castle	Fortified Manor House)	Essex		0	0	1		223
R	ECA	G-02642		1900-01-01		Ardington House	Oxfordshire	51.591735		0	0	1		223
R	ECA	G-02643		1900-01-01		Buscot Park	Oxfordshire	51.669591		0	0	1		223
R	ECA	G-02644		1900-01-01		Chastleton House	Oxfordshire	51.959786		0	0	1		223
R	ECA	G-02645		1900-01-01		Cotswold Manor House	Oxfordshire	51.772963		0	0	1		223
R	ECA	G-02646		1900-01-01		Greys Castle	Rotherfield	Oxfordshire		0	0	1		223
R	ECA	G-02647		1900-01-01		Mapledurham House	Oxfordshire	51.484831		0	0	1		223
R	ECA	G-02648		1900-01-01		Milton Manor House	Oxfordshire	51.628321		0	0	1		223
R	ECA	G-02649		1900-01-01		Adwell House	Oxfordshire	51.691222		0	0	1		223
R	ECA	G-02650		1900-01-01		Ashdown House	Oxfordshire	51.536210		0	0	1		223
R	ECA	G-02651		1900-01-01		Asthall Manor	Oxfordshire	51.800189		0	0	1		223
R	ECA	G-02652		1900-01-01		Badgemore Park House	Oxfordshire	51.542545		0	0	1		223
R	ECA	G-02653		1900-01-01		Braziers Park	Oxfordshire	51.554613		0	0	1		223
R	ECA	G-02654		1900-01-01		Buckland House	Oxfordshire	51.681796		0	0	1		223
R	ECA	G-02655		1900-01-01		Burford Priory	Oxfordshire	51.809393		0	0	1		223
R	ECA	G-02656		1900-01-01		Carswell Manor (St. Hughes)	Oxfordshire	51.677162		0	0	1		223
R	ECA	G-02657		1900-01-01		Charney Manor	Oxfordshire	51.647659		0	0	1		223
R	ECA	G-02658		1900-01-01		Cornbury Park Estate	Oxfordshire	51.869719		0	0	1		223
R	ECA	G-02659		1900-01-01		Crowsley Park	Oxfordshire	51.5132		0	0	1		223
R	ECA	G-02660		1900-01-01		Ditchley Park	Oxfordshire	51.887731		0	0	1		223
R	ECA	G-02661		1900-01-01		Eynsham Hall	Oxfordshire	51.807922		0	0	1		223
R	ECA	G-02662		1900-01-01		Faringdon House	Oxfordshire	51.661161		0	0	1		223
R	ECA	G-02663		1900-01-01		Friar Park	Oxfordshire	51.540183		0	0	1		223
R	ECA	G-02664		1900-01-01		Garsington Manor	Oxfordshire	51.713440		0	0	1		223
R	ECA	G-02665		1900-01-01		Glympton Park	Oxfordshire	51.893062		0	0	1		223
R	ECA	G-02666		1900-01-01		Hardwick House Estate	Oxfordshire	51.494798		0	0	1		223
R	ECA	G-02667		1900-01-01		Headington Hill Hall	Oxfordshire	51.755322		0	0	1		223
R	ECA	G-02668		1900-01-01		Henley Park	Oxfordshire	51.556911		0	0	1		223
R	ECA	G-02669		1900-01-01		Heythrop Park	Oxfordshire	51.935175		0	0	1		223
R	ECA	G-02670		1900-01-01		Joyce Grove	Oxfordshire	51.573733		0	0	1		223
R	ECA	G-02671		1900-01-01		Kelmscott Manor	Oxfordshire	51.688216		0	0	1		223
R	ECA	G-02672		1900-01-01		KIddington Hall	Oxfordshire	51.902688		0	0	1		223
R	ECA	G-02673		1900-01-01		Kingston Lisle Park	Oxfordshire	51.585405		0	0	1		223
R	ECA	G-02674		1900-01-01		Mattersey Priory	Nottinghamshire	53.398410		0	0	1		223
R	ECA	G-02675		1900-01-01		Nuneham House	Oxfordshire	51.679093		0	0	1		223
R	ECA	G-02676		1900-01-01		Rycote House	Oxfordshire	51.73741		0	0	1		223
R	ECA	G-02677		1900-01-01		Sarsden House	Oxfordshire	51.904917		0	0	1		223
R	ECA	G-02678		1900-01-01		Watlington Park House	Oxfordshire	51.627331		0	0	1		223
R	ECA	G-02679		1900-01-01		Woodperry House	Oxfordshire	51.789791		0	0	1		223
R	ECA	G-02680		1900-01-01		Chippinghurst Manor	Oxfordshire	51.7064		0	0	1		223
R	ECA	G-02681		1900-01-01		Kingston Bagpuize House	Oxfordshire	51.678481		0	0	1		223
R	ECA	G-02682		1900-01-01		Nuffield Place	Oxfordshire	51.584906		0	0	1		223
R	ECA	G-02683		1900-01-01		Rousham House	Oxfordshire	51.914378		0	0	1		223
R	ECA	G-02684		1900-01-01		Stonor Park	Oxfordshire	51.596957		0	0	1		223
R	ECA	G-02685		1900-01-01		Ardley (Timber Castle)	Oxfordshire	51.94218		0	0	1		223
R	ECA	G-02686		1900-01-01		Ascott D'Oilly Village Defences (Urban Defence)	Oxfordshire	51.86913		0	0	1		223
R	ECA	G-02687		1900-01-01		Ascott Earl (Timber Castle)	Oxfordshire	51.86392		0	0	1		223
R	ECA	G-02688		1900-01-01		Bampton Ham Court (Masonry Castle	Fortified Manor House)	Oxfordshire		0	0	1		223
R	ECA	G-02689		1900-01-01		Banbury Bridge (Fortified Bridge)	Oxfordshire	52.06183		0	0	1		223
R	ECA	G-02690		1900-01-01		Barfod St John (Fortified Manor House)	Oxfordshire	51.99395		0	0	1		223
R	ECA	G-02691		1900-01-01		Beaumont Castle	Mixbury (Timber Castle	Masonry Castle)		0	0	1		223
R	ECA	G-02692		1900-01-01		Camoys Court (Fortified Manor House)	Oxfordshire	51.68296		0	0	1		223
R	ECA	G-02693		1900-01-01		Cogges (Fortified Manor House)	Oxfordshire	51.78328		0	0	1		223
R	ECA	G-02694		1900-01-01		Kengham (Fortified Manor House)	Oxfordshire	51.91573		0	0	1		223
R	ECA	G-02695		1900-01-01		Leafield Barrow (Timber Castle	Masonry Castle)	Oxfordshire		0	0	1		223
R	ECA	G-02696		1900-01-01		Oxford Town Wall (Urban Defence)	Oxfordshire	51.75457		0	0	1		223
R	ECA	G-02697		1900-01-01		Radcot	The Garrison	Oxfordshire		0	0	1		223
R	ECA	G-02698		1900-01-01		St. Michael at the Northgate Tower (Fortified Town House	Urban Defence)	Oxfordshire		0	0	1		223
R	ECA	G-02699		1900-01-01		Stratton Audley Court Close (Fortified Manor House)	Oxfordshire	51.92856		0	0	1		223
R	ECA	G-02700		1900-01-01		Witney Bishop of Winchesters Palace (Masonry Castle	Palace)	Oxfordshire		0	0	1		223
R	ECA	G-02701		1900-01-01		Jewel Tower	Greater London	51.498610		0	0	1		223
R	ECA	G-02702		1900-01-01		Apsley House	Greater London	51.503378		0	0	1		223
R	ECA	G-02703		1900-01-01		Chiswick House	Greater London	51.483816		0	0	1		223
R	ECA	G-02704		1900-01-01		Syon House	Greater London	51.476817		0	0	1		223
R	ECA	G-02705		1900-01-01		Eltham Palace	Greater London	51.446724		0	0	1		223
R	ECA	G-02706		1900-01-01		Prince Hill House	Wiltshire	51.315927		0	0	1		223
R	ECA	G-02707		1900-01-01		Kensington Palace	Greater London	51.505061		0	0	1		223
R	ECA	G-02708		1900-01-01		Two Temple Place	Greater London	51.511558		0	0	1		223
R	ECA	G-02709		1900-01-01		Strawberry Hill House	Greater London	51.438218		0	0	1		223
R	ECA	G-02710		1900-01-01		Osterley House	Greater London	51.489508		0	0	1		223
R	ECA	G-02711		1900-01-01		Spencer House	Greater London	51.505249		0	0	1		223
R	ECA	G-02712		1900-01-01		Ham House	Greater London	51.444355		0	0	1		223
R	ECA	G-02713		1900-01-01		Basildon Park	Berkshire	51.499151		0	0	1		223
R	ECA	G-02714		1900-01-01		Membury Camp Hillfort	Berkshire	51.476519		0	0	1		223
R	ECA	G-02715		1900-01-01		Englefield House	Berkshire	51.443367		0	0	1		223
R	ECA	G-02716		1900-01-01		Bucklebury Manor	Berkshire	51.426879		0	0	1		223
R	ECA	G-02717		1900-01-01		Shaw House	Berkshire	51.412420		0	0	1		223
R	ECA	G-02718		1900-01-01		Aldermaston Court	Berkshire	51.379998		0	0	1		223
R	ECA	G-02719		1900-01-01		Beaulieu	Hampshire	50.816850		0	0	1		223
R	ECA	G-02720		1900-01-01		Bearwood House	Sindlesham	Berkshire		0	0	1		223
R	ECA	G-02721		1900-01-01		Benham Valence Houses	Berkshire	51.407016		0	0	1		223
R	ECA	G-02722		1900-01-01		Calcot Park	Berkshire	51.445413		0	0	1		223
R	ECA	G-02723		1900-01-01		Caversham Park	Berkshire	51.480826		0	0	1		223
R	ECA	G-02724		1900-01-01		Cumberland Lodge	Berkshire	51.433932		0	0	1		223
R	ECA	G-02725		1900-01-01		Donnington Grove	Berkshire	51.417673		0	0	1		223
R	ECA	G-02726		1900-01-01		Easthampstead Park	Berkshire	51.398535		0	0	1		223
R	ECA	G-02727		1900-01-01		Fort Henry (Grade II Listed WW2 Observation Bunker)	Dorset	50.645432		0	0	1		223
R	ECA	G-02728		1900-01-01		Shuttleworth House	Bedfordshire	52.084699		0	0	1		223
R	ECA	G-02729		1900-01-01		Oakley Court	Berkshire	51.490399		0	0	1		223
R	ECA	G-02730		1900-01-01		Hames Hall	Cumbria	54.669443		0	0	1		223
R	ECA	G-02731		1900-01-01		Silwood Park	Berkshire	51.409147		0	0	1		223
R	ECA	G-02732		1900-01-01		Sulhamstead House	Berkshire	54.416608		0	0	1		223
R	ECA	G-02733		1900-01-01		Higham Hall	Cumbria	54.672361		0	0	1		223
R	ECA	G-02734		1900-01-01		Welford Park	Berkshire	51.456154		0	0	1		223
R	ECA	G-02735		1900-01-01		Beaumys Castle (Fortified Manor House)	Berkshire	51.37620		0	0	1		223
R	ECA	G-02736		1900-01-01		Faringdon Castle (Timber Castle)	Berkshire	51.65887		0	0	1		223
R	ECA	G-02737		1900-01-01		Finchampstead Mound (Timber Castle)	Berkshire	51.37479		0	0	1		223
R	ECA	G-02738		1900-01-01		Fitzharris. Abingdon (Timber Castle)	Berkshire	51.67471		0	0	1		223
R	ECA	G-02739		1900-01-01		Hamstead Marshall 1 - Siege Castle (Timber Castle	Siege Work)	Berkshire		0	0	1		223
R	ECA	G-02740		1900-01-01		Hamstead Marshall 3 - Conquest Castle (Timber Castle)	Berkshire	51.39978		0	0	1		223
R	ECA	G-02741		1900-01-01		Reading Abbey (Palace)	Berkshire	51.45642		0	0	1		223
R	ECA	G-02742		1900-01-01		Reading Forbury Hill (Timber Castle)	Berkshire	51.45717		0	0	1		223
R	ECA	G-02743		1900-01-01		South Moreton Castle (Timber Castle	Siege Work)	Berkshire		0	0	1		223
R	ECA	G-02744		1900-01-01		Wallingford Bridge (Fortified Bridge)	Berkshire	51.60054		0	0	1		223
R	ECA	G-02745		1900-01-01		Wallingford Town Defences (Urban Defence)	Berkshire	51.59795		0	0	1		223
R	ECA	G-02746		1900-01-01		Yattendon Manor (Fortified Manor House)	Berkshire	51.46779		0	0	1		223
R	ECA	G-02747		1900-01-01		Titsey Place	Surrey	51.277339		0	0	1		223
R	ECA	G-02748		1900-01-01		Polesden Lacey	Surrey	51.258884		0	0	1		223
R	ECA	G-02749		1900-01-01		Loseley Park	Surrey	51.215839		0	0	1		223
R	ECA	G-02750		1900-01-01		Hatchlands Park	Surrey	51.257064		0	0	1		223
R	ECA	G-02751		1900-01-01		Clandon Park	Surrey	51.250730		0	0	1		223
R	ECA	G-02752		1900-01-01		Albury Park Mansion	Surrey	51.218698		0	0	1		223
R	ECA	G-02753		1900-01-01		Ashtead Park House	Surrey	51.307811		0	0	1		223
R	ECA	G-02754		1900-01-01		Botleys Mansion	Surrey	51.373939		0	0	1		223
R	ECA	G-02755		1900-01-01		Broome Hall	Surrey	51.170520		0	0	1		223
R	ECA	G-02756		1900-01-01		The Moot Hall	Keswick (Grade II Listed Building)	Cumbria		0	0	1		223
R	ECA	G-02757		1900-01-01		Castle Hill	Englefield Green	Surrey		0	0	1		223
R	ECA	G-02758		1900-01-01		Cherkley Court	Surrey	51.277045		0	0	1		223
R	ECA	G-02759		1900-01-01		Chilworth Manor	Surrey	51.220510		0	0	1		223
R	ECA	G-02760		1900-01-01		Cobham Park	Surrey	51.321106		0	0	1		223
R	ECA	G-02761		1900-01-01		Esher Place	Surrey	51.371963		0	0	1		223
R	ECA	G-02762		1900-01-01		Fetcham Park House	Surrey	51.288598		0	0	1		223
R	ECA	G-02763		1900-01-01		Fort Belvedere	Surrey	51.403855		0	0	1		223
R	ECA	G-02764		1900-01-01		Foxwarren Park	Surrey	51.328688		0	0	1		223
R	ECA	G-02765		1900-01-01		Gatton Hall	Surrey	51.260253		0	0	1		223
R	ECA	G-02766		1900-01-01		Great Fosters	Surrey	51.417241		0	0	1		223
R	ECA	G-02767		1900-01-01		Greathed Manor	Surrey	51.162533		0	0	1		223
R	ECA	G-02768		1900-01-01		Hascombe Court	Surrey	51.150374		0	0	1		223
R	ECA	G-02769		1900-01-01		Horsley Towers	Surrey	51.265429		0	0	1		223
R	ECA	G-02770		1900-01-01		Juniper Hall	Surrey	51.261464		0	0	1		223
R	ECA	G-02771		1900-01-01		Milton Court	Surrey	51.232218		0	0	1		223
R	ECA	G-02772		1900-01-01		Nonsuch Mansion	Surrey	51.358323		0	0	1		223
R	ECA	G-02773		1900-01-01		Peper Harow	Surrey	51.1867		0	0	1		223
R	ECA	G-02774		1900-01-01		Sutton Place	Surrey	51.271756		0	0	1		223
R	ECA	G-02775		1900-01-01		Wotton House	Surrey	51.211024		0	0	1		223
R	ECA	G-02776		1900-01-01		Abinger Motte (Timber Castle)	Surrey	51.20209		0	0	1		223
R	ECA	G-02777		1900-01-01		Ash Manor (Palace	Fortified Manor House)	Surrey		0	0	1		223
R	ECA	G-02778		1900-01-01		Beddington Place (Palace	Fortified Manor House)	Surrey		0	0	1		223
R	ECA	G-02779		1900-01-01		Betchworth Castle (Timber Castle	Fortified Manor House)	Surrey		0	0	1		223
R	ECA	G-02780		1900-01-01		Bletchingley Castle (Timber Castle	Masonry Castle	Scheduled Monument)		0	0	1		223
R	ECA	G-02781		1900-01-01		Broomhall Copse (Timber Castle)	Surrey	51.09933		0	0	1		223
R	ECA	G-02782		1900-01-01		Chessington Castle Hill (Timber Castle)	Surrey	51.35784		0	0	1		223
R	ECA	G-02783		1900-01-01		Croydon Archbishops Palace (Palace)	Surrey	51.37233		0	0	1		223
R	ECA	G-02784		1900-01-01		Lagham Manor (Fortified Manor House)	Surrey	51.21538		0	0	1		223
R	ECA	G-02785		1900-01-01		Lambeth Palace (Palace	Tower House)	Surrey		0	0	1		223
R	ECA	G-02786		1900-01-01		Oatlands Palace (Palace)	Surrey	51.37507		0	0	1		223
R	ECA	G-02787		1900-01-01		Oxted Barrow Green (Timber Castle)	Surrey	51.25706		0	0	1		223
R	ECA	G-02788		1900-01-01		Pachenesham Magna	Leatherhead (Fortified Manor House)	Surrey		0	0	1		223
R	ECA	G-02789		1900-01-01		Preston Hawe (Fortified Manor House)	Surrey	51.30088		0	0	1		223
R	ECA	G-02790		1900-01-01		Reigate Castle (Timber Castle	Masonry Castle)	Surrey		0	0	1		223
R	ECA	G-02791		1900-01-01		Richmond Palace (Palace)	Surrey	51.46117		0	0	1		223
R	ECA	G-02792		1900-01-01		Starborough Castle (Masonry Castle)	Surrey	51.17828		0	0	1		223
R	ECA	G-02793		1900-01-01		Thunderfield Castle	Horley (Timber Castle	Fortified Manor House)		0	0	1		223
R	ECA	G-02794		1900-01-01		Walton on the Hill	Leatherhead (Timber Castle)	Surrey		0	0	1		223
R	ECA	G-02795		1900-01-01		Waynefletes Tower	Esher (Palace	Masonry Castle)		0	0	1		223
R	ECA	G-02796		1900-01-01		West Horsley Place (Palace)	Surrey	51.26590		0	0	1		223
R	ECA	G-02797		1900-01-01		Winchester Bishops Palace	Southwark (Palace)	Surrey		0	0	1		223
R	ECA	G-02798		1900-01-01		Woking Palace (Palace)	Surrey	51.30347		0	0	1		223
R	ECA	G-02799		1900-01-01		Acrise Place	Kent	51.136786		0	0	1		223
R	ECA	G-02800		1900-01-01		Allington Castle	Kent	51.293385		0	0	1		223
R	ECA	G-02801		1900-01-01		Archbishop's Palace	Maidstone	Kent		0	0	1		223
R	ECA	G-02802		1900-01-01		Barham Court	Kent	51.256679		0	0	1		223
R	ECA	G-02803		1900-01-01		Beachborough Manor	Kent	51.101270		0	0	1		223
R	ECA	G-02804		1900-01-01		Belmont House	Kent	51.271748		0	0	1		223
R	ECA	G-02805		1900-01-01		Bourne Park House	Kent	51.235623		0	0	1		223
R	ECA	G-02806		1900-01-01		Bradbourne House	Kent	51.295055		0	0	1		223
R	ECA	G-02807		1900-01-01		Broome Park	Kent	51.190590		0	0	1		223
R	ECA	G-02808		1900-01-01		Chevening House	Kent	51.299115		0	0	1		223
R	ECA	G-02809		1900-01-01		Chilston Park	Kent	51.219123		0	0	1		223
R	ECA	G-02810		1900-01-01		Dorton House	Kent	51.285672		0	0	1		223
R	ECA	G-02811		1900-01-01		Eastwell Manor	Kent	51.191722		0	0	1		223
R	ECA	G-02812		1900-01-01		Eastwell Tower Gatehouse	Kent	51.177141		0	0	1		223
R	ECA	G-02813		1900-01-01		Finchcocks	Kent	51.102207		0	0	1		223
R	ECA	G-02814		1900-01-01		Franks Hall	Kent	51.388057		0	0	1		223
R	ECA	G-02815		1900-01-01		Gads Hill Place	Kent	51.411075		0	0	1		223
R	ECA	G-02816		1900-01-01		Goodnestone Park	Kent	51.243626		0	0	1		223
R	ECA	G-02817		1900-01-01		The Grange	Ramsgate	Kent		0	0	1		223
R	ECA	G-02818		1900-01-01		Great Maytham Hall	Kent	51.046100		0	0	1		223
R	ECA	G-02819		1900-01-01		Bleak House (Fort House)	Kent	51.359827		0	0	1		223
R	ECA	G-02820		1900-01-01		Hollingbourne Manor	Kent	51.266900		0	0	1		223
R	ECA	G-02821		1900-01-01		Knowlton Court	Kent	51.233848		0	0	1		223
R	ECA	G-02822		1900-01-01		Linton Park	Kent	51.221823		0	0	1		223
R	ECA	G-02823		1900-01-01		Long Barn	Kent	51.272156		0	0	1		223
R	ECA	G-02824		1900-01-01		Loring Hall	Kent	51.430963		0	0	1		223
R	ECA	G-02825		1900-01-01		Mereworth Castle	Kent	51.25381		0	0	1		223
R	ECA	G-02826		1900-01-01		Milgate House	Thurnham	Kent		0	0	1		223
R	ECA	G-02827		1900-01-01		Mote House	Kent	51.266259		0	0	1		223
R	ECA	G-02828		1900-01-01		Old Soar Manor	Kent	51.263181		0	0	1		223
R	ECA	G-02829		1900-01-01		Oxon Hoath	Kent	51.245150		0	0	1		223
R	ECA	G-02830		1900-01-01		Preston Hall	Aylesford	Kent		0	0	1		223
R	ECA	G-02831		1900-01-01		Provender House	Kent	51.312094		0	0	1		223
R	ECA	G-02832		1900-01-01		Restoration House	Kent	51.386271		0	0	1		223
R	ECA	G-02833		1900-01-01		Riverhill House	Kent	51.247633		0	0	1		223
R	ECA	G-02834		1900-01-01		Sharsted Court	Kent	51.2893		0	0	1		223
R	ECA	G-02835		1900-01-01		Squerryes Court	Kent	51.261665		0	0	1		223
R	ECA	G-02836		1900-01-01		St Clere	Kent	51.3092292		0	0	1		223
R	ECA	G-02837		1900-01-01		Woldingham Fort	Kent	51.275003		0	0	1		223
R	ECA	G-02838		1900-01-01		Knole House	Sevenoaks	Kent		0	0	1		223
R	ECA	G-02839		1900-01-01		Chartwell	Westerham	Kent		0	0	1		223
R	ECA	G-02840		1900-01-01		Chiddingstone Castle	Kent	51.18577		0	0	1		223
R	ECA	G-02841		1900-01-01		Boughton Monchelsea Place	Kent	51.221410		0	0	1		223
R	ECA	G-02842		1900-01-01		Cobham Hall	Kent	51.394402		0	0	1		223
R	ECA	G-02843		1900-01-01		Danson House	Kent	51.456402		0	0	1		223
R	ECA	G-02844		1900-01-01		Ightham Mote	Kent	51.258527		0	0	1		223
R	ECA	G-02845		1900-01-01		Hall Place	Kent	51.447119		0	0	1		223
R	ECA	G-02846		1900-01-01		Godinton House	Kent	51.159886		0	0	1		223
R	ECA	G-02847		1900-01-01		Aldington Court Lodge (Palace)	Kent	51.08755		0	0	1		223
R	ECA	G-02848		1900-01-01		Bekesborne Archbishops Palace (Palace)	Kent	51.25672		0	0	1		223
R	ECA	G-02849		1900-01-01		Brenchley Castle Hill (Timber Castle)	Kent	51.15934		0	0	1		223
R	ECA	G-02850		1900-01-01		Broadstairs York Gate (Urban Defence)	Kent	51.35930		0	0	1		223
R	ECA	G-02851		1900-01-01		Canterbury Archbishops Palace (Palace)	Kent	51.28036		0	0	1		223
R	ECA	G-02852		1900-01-01		Canterbury City Wall (Urban Defence)	Kent	51.28142		0	0	1		223
R	ECA	G-02853		1900-01-01		Canterbury	The Dane John (Timber Castle)	Kent		0	0	1		223
R	ECA	G-02854		1900-01-01		Castle Rough (Fortified Manor House)	Kent	51.36040		0	0	1		223
R	ECA	G-02855		1900-01-01		Castle Toll	Newenden (Timber Castle)	Kent		0	0	1		223
R	ECA	G-02856		1900-01-01		Charing Palace (Palace)	Kent	51.21054		0	0	1		223
R	ECA	G-02857		1900-01-01		Coldbridge Castle (Fortified Manor House)	Kent	51.19903		0	0	1		223
R	ECA	G-02858		1900-01-01		Dent de Lion	Margate (Fortified Manor House)	Kent		0	0	1		223
R	ECA	G-02859		1900-01-01		Eynsford Castle (Masonry Castle)	Kent	51.37051		0	0	1		223
R	ECA	G-02860		1900-01-01		Eythorne Court (Fortified Manor House)	Kent	51.19829		0	0	1		223
R	ECA	G-02861		1900-01-01		Brean Down Fort	Somerset	51.328231		0	0	1		223
R	ECA	G-02862		1900-01-01		Ford Archbishops Palace (Palace)	Kent	51.34757		0	0	1		223
R	ECA	G-02863		1900-01-01		Groombridge Place (Fortified Manor House)	Kent	51.11735		0	0	1		223
R	ECA	G-02864		1900-01-01		Halden Place (Fortified Manor House)	Kent	51.07237		0	0	1		223
R	ECA	G-02865		1900-01-01		Halling Bishops Palace (Palace)	Kent	51.34854		0	0	1		223
R	ECA	G-02866		1900-01-01		Horton Kirby Court Lodge (Fortified Manor House)	Kent	51.39488		0	0	1		223
R	ECA	G-02867		1900-01-01		Langdon Abbey (Fortified Ecclesiastical Site)	Kent	51.17453		0	0	1		223
R	ECA	G-02868		1900-01-01		Milton Blockhouse (Artillery Fort)	Kent	51.44348		0	0	1		223
R	ECA	G-02869		1900-01-01		Eastry Court (Palace)	Kent	51.24562		0	0	1		223
R	ECA	G-02870		1900-01-01		Minster Court (Fortified Ecclesiastical Site)	Kent	51.33114		0	0	1		223
R	ECA	G-02871		1900-01-01		Newnham Castle (Timber Castle	Masonry Castle)	Kent		0	0	1		223
R	ECA	G-02872		1900-01-01		Nurstead Court	Meopham (Fortified Manor House)	Kent		0	0	1		223
R	ECA	G-02873		1900-01-01		Old Warmer Court (Fortified Manor House)	Kent	51.20337		0	0	1		223
R	ECA	G-02874		1900-01-01		Otford Palace (Palace	Fortified Manor House)	Kent		0	0	1		223
R	ECA	G-02875		1900-01-01		Polton Manor (Fortified Manor House)	Kent	51.27340		0	0	1		223
R	ECA	G-02876		1900-01-01		Queenborough Castle (Masonry Castle	Palace	Artillery Fort)		0	0	1		223
R	ECA	G-02877		1900-01-01		Rochester City Wall (Urban Defence)	Kent	51.38853		0	0	1		223
R	ECA	G-02878		1900-01-01		Rochester Medway Bridge (Fortified Bridge)	Kent	51.39165		0	0	1		223
R	ECA	G-02879		1900-01-01		Sandwich Town Wall and Great Bulwark (Urban Defence)	Kent	51.27571		0	0	1		223
R	ECA	G-02880		1900-01-01		Shoreham Castle (Masonry Castle	Fortified Manor House)	Kent		0	0	1		223
R	ECA	G-02881		1900-01-01		Shurland Castle (Masonry Castle)	Kent	51.40784		0	0	1		223
R	ECA	G-02882		1900-01-01		St. Augustines Abbey	Canterbury (Palace	Fortified Ecclesiastical Site)		0	0	1		223
R	ECA	G-02883		1900-01-01		St Leonards Tower	West Malling (Masonry Castle	Palace)		0	0	1		223
R	ECA	G-02884		1900-01-01		Stockbury Castle (Timber Castle)	Kent	51.32385		0	0	1		223
R	ECA	G-02885		1900-01-01		Stowting Castle (Timber Castle)	Kent	51.13791		0	0	1		223
R	ECA	G-02886		1900-01-01		Hadlow Tower	Kent	51.222561		0	0	1		223
R	ECA	G-02887		1900-01-01		Tonford Mano	Thanington Without (Fortified Manor House)	Kent		0	0	1		223
R	ECA	G-02888		1900-01-01		Brean Down Iron Age Hillfort (Earthworks)	Somerset	51.327581		0	0	1		223
R	ECA	G-02889		1900-01-01		Wickham Court (Fortified Manor House)	Kent	51.36508		0	0	1		223
R	ECA	G-02890		1900-01-01		Wrotham Archbishops (Palace)	Kent	51.30880		0	0	1		223
R	ECA	G-02891		1900-01-01		Michelham Priory House	East Sussex	50.862714		0	0	1		223
R	ECA	G-02892		1900-01-01		Saint Hill Manor	West Sussex	51.105655		0	0	1		223
R	ECA	G-02893		1900-01-01		The Royal Pavilion	East Sussex	50.822369		0	0	1		223
R	ECA	G-02894		1900-01-01		Standen House	West Sussex	51.103416		0	0	1		223
R	ECA	G-02895		1900-01-01		Petworth House	West Sussex	50.988026		0	0	1		223
R	ECA	G-02896		1900-01-01		Arundel Castle	Sussex	50.856809		0	0	1		223
R	ECA	G-02897		1900-01-01		Firle Place	Sussex	50.845039		0	0	1		223
R	ECA	G-02898		1900-01-01		Glynde Place	Sussex	50.864854		0	0	1		223
R	ECA	G-02899		1900-01-01		Goodwood House		Sussex		0	0	1		223
R	ECA	G-02900		1900-01-01		Hammerwood Park		Sussex		0	0	1		223
R	ECA	G-02901		1900-01-01		Parham House	Sussex	50.918751		0	0	1		223
R	ECA	G-02902		1900-01-01		Aldingbourne Tote Copse Castle (Timber Castle	Masonry Castle)	West Sussex		0	0	1		223
R	ECA	G-02903		1900-01-01		Arlington Castle (Timber Castle)	East Sussex	50.81512		0	0	1		223
R	ECA	G-02904		1900-01-01		Amberley Castle (Masonry Castle	Palace)	West Sussex		0	0	1		223
R	ECA	G-02905		1900-01-01		Arundel Town Defences (Urban Defence)	West Sussex	50.85640		0	0	1		223
R	ECA	G-02906		1900-01-01		Boarzell House	Ticehurst (Fortified Manor House)	East Sussex		0	0	1		223
R	ECA	G-02907		1900-01-01		Bramber Castle (Timber Castle	Masonry Castle)	West Sussex		0	0	1		223
R	ECA	G-02908		1900-01-01		Burpham Burh (Urban Defence)	West Sussex	50.86712		0	0	1		223
R	ECA	G-02909		1900-01-01		Cakeham Manor House (Palace)	West Sussex	50.77247		0	0	1		223
R	ECA	G-02910		1900-01-01		Camber Castle (Artillery Fort)	East Sussex	50.93355		0	0	1		223
R	ECA	G-02911		1900-01-01		Chennells Brook Farm	North Horsham (Timber Castle)	West Sussex		0	0	1		223
R	ECA	G-02912		1900-01-01		Chichester Bishops Palace (Palace)	West Sussex	50.83578		0	0	1		223
R	ECA	G-02913		1900-01-01		Chichester Castle (Timber Castle	Masonry Castle)	West Sussex		0	0	1		223
R	ECA	G-02914		1900-01-01		Chichester City Wall (Urban Defence)	West Sussex	50.83581		0	0	1		223
R	ECA	G-02915		1900-01-01		Church Norton	The Mound (Timber Castle	Masonry Castle		0	0	1		223
R	ECA	G-02916		1900-01-01		Dedisham Manor (Fortified Manor House)	West Sussex	51.08440		0	0	1		223
R	ECA	G-02917		1900-01-01		Drungewick Manor	Loxwood (Palace	Fortified Manor House)		0	0	1		223
R	ECA	G-02918		1900-01-01		Edburton Castle Ring (Timber Castle)	West Sussex	50.88506		0	0	1		223
R	ECA	G-02919		1900-01-01		Ewhurst Manor	Shermanbury (Fortified Manor House)	West Sussex		0	0	1		223
R	ECA	G-02920		1900-01-01		Glottenham Castle	Mountfield (Fortified Manor House)	East Sussex		0	0	1		223
R	ECA	G-02921		1900-01-01		Great Dixter (Fortified Manor House)	East Sussex	50.99663		0	0	1		223
R	ECA	G-02922		1900-01-01		Halnaker House	Boxgrove (Palace	Fortified Manor House)		0	0	1		223
R	ECA	G-02923		1900-01-01		Hartfield Motte (Timber Castle)	East Sussex	51.10453		0	0	1		223
R	ECA	G-02924		1900-01-01		Hastings Town Wall (Urban Defence)	East Sussex	50.85649		0	0	1		223
R	ECA	G-02925		1900-01-01		Iden Moat (Fortified Manor House)	East Sussex	50.98338		0	0	1		223
R	ECA	G-02926		1900-01-01		Isfield Motte (Timber Castle)	East Sussex	50.94327		0	0	1		223
R	ECA	G-02927		1900-01-01		Knepp Castle (Timber Castle	Masonry Castle	Fortified Manor House)		0	0	1		223
R	ECA	G-02928		1900-01-01		Laughton Place (Fortified Manor House)	East Sussex	50.88306		0	0	1		223
R	ECA	G-02929		1900-01-01		Lewes Priory (Fortified Ecclesiastical Site)	East Sussex	50.86815		0	0	1		223
R	ECA	G-02930		1900-01-01		Lewes Town Wall (Urban Defence)	East Sussex	50.87139		0	0	1		223
R	ECA	G-02931		1900-01-01		Lindfield Pims Lock (Timber Castle)	West Sussex	51.01829		0	0	1		223
R	ECA	G-02932		1900-01-01		Lodsworth Castle (Timber Castle)	West Sussex	50.98121		0	0	1		223
R	ECA	G-02933		1900-01-01		Mayfield	The Old Palace (Palace)	East Sussex		0	0	1		223
R	ECA	G-02934		1900-01-01		Midhurst Castle (Timber Castle	Masonry Castle)	West Sussex		0	0	1		223
R	ECA	G-02935		1900-01-01		New Winchelsea Town Wall (Urban Defence)	East Sussex	50.92681		0	0	1		223
R	ECA	G-02936		1900-01-01		Old Erringham Ringwork	Shoreham By Sea (Timber Castle)	West Sussex		0	0	1		223
R	ECA	G-02937		1900-01-01		Pevensey Battery 1 (Artillery Fort)	East Sussex	50.81846 0.33246		0	0	1		223
R	ECA	G-02938		1900-01-01		Pevensey Battery 2 (Artillery Fort)	East Sussex	50.82194		0	0	1		223
R	ECA	G-02939		1900-01-01		Burleigh Dolts	Malborough (Iron Age Hillfort)	Devon		0	0	1		223
R	ECA	G-02940		1900-01-01		Pulborough Park Mount (Timber Castle)	West Sussex	50.96056		0	0	1		223
R	ECA	G-02941		1900-01-01		Ringmer	The Mount (Timber Castle)	East Sussex		0	0	1		223
R	ECA	G-02942		1900-01-01		Rye Town Wall	(Urban Defence)	East Sussex		0	0	1		223
R	ECA	G-02943		1900-01-01		Rye Ypres Tower (Tower House	Fortified Town House	Urban Defence)		0	0	1		223
R	ECA	G-02944		1900-01-01		Rymans	Appledram (Pele Tower)	West Sussex		0	0	1		223
R	ECA	G-02945		1900-01-01		Slindon House (Palace)	West Sussex	50.86868		0	0	1		223
R	ECA	G-02946		1900-01-01		Udimore Court Lodge (Fortified Manor House)	East Sussex	50.93942		0	0	1		223
R	ECA	G-02947		1900-01-01		Waldron Middle Wood Moat (Timber Castle)	East Sussex	50.95154		0	0	1		223
R	ECA	G-02948		1900-01-01		Warningcamp Siege Castle (Siege Work)	West Sussex	50.85155		0	0	1		223
R	ECA	G-02949		1900-01-01		West Tarring Archbishops Palace (Palace)	West Sussex	50.82454		0	0	1		223
R	ECA	G-02950		1900-01-01		Wilmington Priory (Fortified Ecclesiastical Site)	East Sussex	50.81678		0	0	1		223
R	ECA	G-02951		1900-01-01		Dyrham Park (National Trust)	Gloucestershire	51.480218		0	0	1		223
R	ECA	G-02952		1900-01-01		Chavenage House	Gloucestershire	51.655383		0	0	1		223
R	ECA	G-02953		1900-01-01		Owlpen Manor	Gloucestershire	51.683678		0	0	1		223
R	ECA	G-02954		1900-01-01		Rodmarton Manor	Gloucestershire	51.678409		0	0	1		223
R	ECA	G-02955		1900-01-01		Sezincote	Gloucestershire	51.976484		0	0	1		223
R	ECA	G-02956		1900-01-01		Snowshill Manor	Gloucestershire	52.005945		0	0	1		223
R	ECA	G-02957		1900-01-01		Stanway House	Gloucestershire	51.990093		0	0	1		223
R	ECA	G-02958		1900-01-01		Newark Park	Gloucestershire	51.636475		0	0	1		223
R	ECA	G-02959		1900-01-01		Lodge Park	Gloucestershire	51.808850		0	0	1		223
R	ECA	G-02960		1900-01-01		Abbotswood	Gloucestershire	51.934970		0	0	1		223
R	ECA	G-02961		1900-01-01		Ablington Manor	Gloucestershire	51.766989		0	0	1		223
R	ECA	G-02962		1900-01-01		Ballowall Barrow (Carn Gluze Barrow) (Neolithic & Bronze Age Site	Scheduled Monument)	Cornwall		0	0	1		223
R	ECA	G-02963		1900-01-01		Caer Bran Hillfort (Iron Age Hillfort)	Cornwall	50.104764		0	0	1		223
R	ECA	G-02964		1900-01-01		Badminton House	Gloucestershire	51.544894		0	0	1		223
R	ECA	G-02965		1900-01-01		Barnsley Park	Gloucestershire	51.751100		0	0	1		223
R	ECA	G-02966		1900-01-01		Barrington Park	Gloucestershire	51.820331		0	0	1		223
R	ECA	G-02967		1900-01-01		Bibury Court	Gloucestershire	51.756997		0	0	1		223
R	ECA	G-02968		1900-01-01		Boxwell Court	Gloucestershire	51.632922		0	0	1		223
R	ECA	G-02969		1900-01-01		Calcot Manor	Gloucestershire	51.653392		0	0	1		223
R	ECA	G-02970		1900-01-01		Dupath Well (Grade 1 Listed)	Cornwall	50.500297		0	0	1		223
R	ECA	G-02971		1900-01-01		Clearwell Castle	Gloucestershire	51.766784		0	0	1		223
R	ECA	G-02972		1900-01-01		Daylesford House	Gloucestershire	51.936037		0	0	1		223
R	ECA	G-02973		1900-01-01		Waverley Abbey Ruins	Surrey	51.200084		0	0	1		223
R	ECA	G-02974		1900-01-01		Ebrington Manor	Gloucestershire	52.0575		0	0	1		223
R	ECA	G-02975		1900-01-01		Edgeworth Manor	Gloucestershire	51.752018		0	0	1		223
R	ECA	G-02976		1900-01-01		Ellenborough Park Hotel	Gloucestershire	51.926648		0	0	1		223
R	ECA	G-02977		1900-01-01		Elmore Court	Gloucestershire	51.836163		0	0	1		223
R	ECA	G-02978		1900-01-01		Flaxley Abbey	Gloucestershire	51.836494		0	0	1		223
R	ECA	G-02979		1900-01-01		Caister Roman Fort	Norfolk	52.650053		0	0	1		223
R	ECA	G-02980		1900-01-01		Frampton Court	Gloucestershire	51.768717		0	0	1		223
R	ECA	G-02981		1900-01-01		Gatcombe Park	Gloucestershire	51.693288		0	0	1		223
R	ECA	G-02982		1900-01-01		Hawkwood College	Gloucestershire	51.757229		0	0	1		223
R	ECA	G-02983		1900-01-01		Hawling Manor	Gloucestershire	51.904662		0	0	1		223
R	ECA	G-02984		1900-01-01		Highgrove House	Gloucestershire	51.623172		0	0	1		223
R	ECA	G-02985		1900-01-01		Highnam Court	Gloucestershire	51.872437		0	0	1		223
R	ECA	G-02986		1900-01-01		Horton Court	Gloucestershire	51.563630		0	0	1		223
R	ECA	G-02987		1900-01-01		Icomb Place	Gloucestershire	51.900161		0	0	1		223
R	ECA	G-02988		1900-01-01		Castle Acre Priory	Norfolk	52.701156		0	0	1		223
R	ECA	G-02989		1900-01-01		Leckhampton Court	Gloucestershire	51.872637		0	0	1		223
R	ECA	G-02990		1900-01-01		Little Sodbury Manor	Gloucestershire	51.544690		0	0	1		223
R	ECA	G-02991		1900-01-01		Lydney Park	Gloucestershire	51.720832		0	0	1		223
R	ECA	G-02992		1900-01-01		Lypiatt Park	Gloucestershire	51.751063		0	0	1		223
R	ECA	G-02993		1900-01-01		Nether Lypiatt Manor	Gloucestershire	51.732713		0	0	1		223
R	ECA	G-02994		1900-01-01		Rendcomb College	Gloucestershire	51.787531		0	0	1		223
R	ECA	G-02995		1900-01-01		Wiggenhall Saint Peter (Ruins)	Norfolk	52.69609833		0	0	1		223
R	ECA	G-02996		1900-01-01		Sherborne House	Gloucestershire	51.830790		0	0	1		223
R	ECA	G-02997		1900-01-01		Stonehouse Court	Gloucestershire	51.744237		0	0	1		223
R	ECA	G-02998		1900-01-01		King Alfreds Tower	Somerset	51.114867		0	0	1		223
R	ECA	G-02999		1900-01-01		Stouts Hilll	Gloucestershire	51.678444		0	0	1		223
R	ECA	G-03000		1900-01-01		Swangrove House	Gloucestershire	51.570290		0	0	1		223
R	ECA	G-03001		1900-01-01		Fiddleford Manor (Fiddleford Mill)	Somerset	50.921258		0	0	1		223
R	ECA	G-03002		1900-01-01		Dillington House	Somerset	50.936199		0	0	1		223
R	ECA	G-03003		1900-01-01		Tortworth Court	Gloucestershire	51.630812		0	0	1		223
R	ECA	G-03004		1900-01-01		Wallsworth Hall	Gloucestershire	51.905252		0	0	1		223
R	ECA	G-03005		1900-01-01		Westonbirt House	Gloucestershire	51.605332		0	0	1		223
R	ECA	G-03006		1900-01-01		Whittington Court	Gloucestershire	51.884550		0	0	1		223
R	ECA	G-03007		1900-01-01		Woodchester Mansion	Gloucestershire	51.710688		0	0	1		223
R	ECA	G-03008		1900-01-01		Wormington Grange	Gloucestershire	52.012300		0	0	1		223
R	ECA	G-03009		1900-01-01		Dixton Hill Castle	Gloucestershire	51.974166		0	0	1		223
R	ECA	G-03010		1900-01-01		Almondsbury Court Farm (Fortified Manor House)	Gloucestershire	51.55456		0	0	1		223
R	ECA	G-03011		1900-01-01		Barrs Court (Fortified Manor House)	Gloucestershire	51.44611		0	0	1		223
R	ECA	G-03012		1900-01-01		Berkeley Castle (Timber Castle	Masonry Castle)	Gloucestershire		0	0	1		223
R	ECA	G-03013		1900-01-01		Brimpsfield Castle (Timber Castle	Masonry Castle)	Gloucestershire		0	0	1		223
R	ECA	G-03014		1900-01-01		Brimpsfield	The Rokery (Timber Castle)	Gloucestershire		0	0	1		223
R	ECA	G-03015		1900-01-01		Bristol Castle (Timber Castle	Masonry Castle)	Gloucestershire		0	0	1		223
R	ECA	G-03016		1900-01-01		Bristol Town Wall (Urban Defence)	Gloucestershire	51.45586		0	0	1		223
R	ECA	G-03017		1900-01-01		Circencester Town Hall (Urban Defence)	Gloucestershire	51.71885		0	0	1		223
R	ECA	G-03018		1900-01-01		Cleeve Hall (Palace)	Gloucestershire	51.94715		0	0	1		223
R	ECA	G-03019		1900-01-01		Damery Old Castle	Alkington (Timber Castle)	Gloucestershire		0	0	1		223
R	ECA	G-03020		1900-01-01		Dymock Castle Tump (Timber Castle)	Gloucestershire	51.96175		0	0	1		223
R	ECA	G-03021		1900-01-01		English Bicknor Castle (Timber Castle	Masonry Castle)	Gloucestershire		0	0	1		223
R	ECA	G-03022		1900-01-01		English Bicknor Village Defences (Urban Defences)	Gloucestershire	51.83959		0	0	1		223
R	ECA	G-03023		1900-01-01		Gloucester Bishops Place (Palace)	Gloucestershire	51.86842		0	0	1		223
R	ECA	G-03024		1900-01-01		Gloucester City Wall (Urban Defence)	Gloucestershire	51.86327		0	0	1		223
R	ECA	G-03025		1900-01-01		Hailes Castle (Timber Castle)	Gloucestershire	51.97006		0	0	1		223
R	ECA	G-03026		1900-01-01		Haresfield Mount (Timber Castle)	Gloucestershire	51.79282		0	0	1		223
R	ECA	G-03027		1900-01-01		Hartpury Abbots Court (Fortified Manor House	Palace)	Gloucestershire		0	0	1		223
R	ECA	G-03028		1900-01-01		King Johns Castle	Tewkesbury (Fortified Manor House)	Gloucestershire		0	0	1		223
R	ECA	G-03029		1900-01-01		Little Camp Hill	Lydney (Masonry Castle)	Gloucestershire		0	0	1		223
R	ECA	G-03030		1900-01-01		Littledean Camp (Timber Castle)	Gloucestershire	51.81910		0	0	1		223
R	ECA	G-03031		1900-01-01		Miserden Castle (Timber Castle	Masonry Castle)	Gloucestershire		0	0	1		223
R	ECA	G-03032		1900-01-01		Moreton Valence Moat (Fortified Manor House)	Gloucestershire	51.78606		0	0	1		223
R	ECA	G-03033		1900-01-01		Newington Bagpath Motte	Kingscote (Timber Castle	Masonry Castle)		0	0	1		223
R	ECA	G-03034		1900-01-01		Newnham on Severn Castle House (Timber Castle)	Gloucestershire	51.80137		0	0	1		223
R	ECA	G-03035		1900-01-01		Olveston Court (Fortified Manor House)	Gloucestershire	51.58111		0	0	1		223
R	ECA	G-03036		1900-01-01		Over	The Vineyard (Palace)	Gloucestershire		0	0	1		223
R	ECA	G-03037		1900-01-01		Prestbury Moat (Palace)	Gloucestershire	51.92010		0	0	1		223
R	ECA	G-03038		1900-01-01		Pucklechurch Moat House (Palace)	Gloucestershire	51.48851		0	0	1		223
R	ECA	G-03039		1900-01-01		Quedgeley Manor (Fortified Manor House)	Gloucestershire	51.82099		0	0	1		223
R	ECA	G-03040		1900-01-01		Quenington Court (Fortified Ecclesiastical Site)	Gloucestershire	51.73425		0	0	1		223
R	ECA	G-03041		1900-01-01		Ruardean Castle (Fortified Manor House)	Gloucestershire	51.85767		0	0	1		223
R	ECA	G-03042		1900-01-01		Lesnes Abbey (Ruins)	City of London	51.488922		0	0	1		223
R	ECA	G-03043		1900-01-01		St. Briavels Stow Green (Timber Castle)	Gloucestershire	51.75493		0	0	1		223
R	ECA	G-03044		1900-01-01		Stanley Pontlarge	The Cottage (Fortified Manor House)	Gloucestershire		0	0	1		223
R	ECA	G-03045		1900-01-01		Sudeley Castle (Timber Castle	Masonry Castle)	Gloucestershire		0	0	1		223
R	ECA	G-03046		1900-01-01		Taynton Castle Wood (Timber Castle)	Gloucestershire	51.88800		0	0	1		223
R	ECA	G-03047		1900-01-01		Taynton Parva (Timber Castle)	Gloucestershire	51.90389		0	0	1		223
R	ECA	G-03048		1900-01-01		Tetbury Castle (Timber Castle	Fortified Manor House)	Gloucestershire		0	0	1		223
R	ECA	G-03049		1900-01-01		Thornbury Castle (Masonry Castle	Palace)	Gloucestershire		0	0	1		223
R	ECA	G-03050		1900-01-01		Upper Slaughter Castle (Timber Castle)	Gloucestershire	51.90771		0	0	1		223
R	ECA	G-03051		1900-01-01		Wanswell Court (Fortified Manor House)	Gloucestershire	51.70728		0	0	1		223
R	ECA	G-03052		1900-01-01		Westbury Old Ley Court (Fortified Manor House)	Gloucestershire	51.85889		0	0	1		223
R	ECA	G-03053		1900-01-01		Weston-sub-Edge Giffards Manor (Fortified Manor House)	Gloucestershire	52.06316		0	0	1		223
R	ECA	G-03054		1900-01-01		Whitminster House (Fortified Manor House)	Gloucestershire	51.77960		0	0	1		223
R	ECA	G-03055		1900-01-01		Winchcombe Town Defences (Urban Defence)	Gloucestershire	51.95037		0	0	1		223
R	ECA	G-03056		1900-01-01		Whitington Manor (Palace	Fortified Manor House)	Gloucestershire		0	0	1		223
R	ECA	G-03057		1900-01-01		Yate Court (Fortified Manor House)	Gloucestershire	51.57186		0	0	1		223
R	ECA	G-03058		1900-01-01		Downes House	Devon	50.786187		0	0	1		223
R	ECA	G-03059		1900-01-01		Ash Barton Estate	Devon	51.115968		0	0	1		223
R	ECA	G-03060		1900-01-01		Buckland House	Devon	50.861888		0	0	1		223
R	ECA	G-03061		1900-01-01		Bolehyde Manor	Wiltshire	51.479877		0	0	1		223
R	ECA	G-03062		1900-01-01		Bowden Hall	Wiltshire	51.834020		0	0	1		223
R	ECA	G-03063		1900-01-01		Bradley House	Wiltshire	51.147034		0	0	1		223
R	ECA	G-03064		1900-01-01		Buredrop Park	Wiltshire	51.519189		0	0	1		223
R	ECA	G-03065		1900-01-01		Charlton Park House	Wiltshire	51.601544		0	0	1		223
R	ECA	G-03066		1900-01-01		Clarendon House	Wiltshire	51.055492		0	0	1		223
R	ECA	G-03067		1900-01-01		Clouds House	Wiltshire	51.078190		0	0	1		223
R	ECA	G-03068		1900-01-01		Cole Park	Wiltshire	51.566228		0	0	1		223
R	ECA	G-03069		1900-01-01		Delamore	Devon	50.424361		0	0	1		223
R	ECA	G-03070		1900-01-01		Hallsannery House	Devon	50.999453		0	0	1		223
R	ECA	G-03071		1900-01-01		Ferne House	Wiltshire	51.000167		0	0	1		223
R	ECA	G-03072		1900-01-01		Great Chalfield Manor	Wiltshire	51.367628		0	0	1		223
R	ECA	G-03073		1900-01-01		Guyers House	Wiltshire	51.435835		0	0	1		223
R	ECA	G-03074		1900-01-01		Colehayes Park	Devon	51.447279		0	0	1		223
R	ECA	G-03075		1900-01-01		Hartham Park	Wiltshire	51.414049		0	0	1		223
R	ECA	G-03076		1900-01-01		Hazelbury Manor	Wiltshire	51.41388		0	0	1		223
R	ECA	G-03077		1900-01-01		Iford Manor	Wiltshire	51.329140		0	0	1		223
R	ECA	G-03078		1900-01-01		Lake House	Wiltshire	51.1498		0	0	1		223
R	ECA	G-03079		1900-01-01		Little Durnford Manor	Wiltshire	51.107394		0	0	1		223
R	ECA	G-03080		1900-01-01		Littlecote House	Wiltshire	51.431786		0	0	1		223
R	ECA	G-03081		1900-01-01		Manor House	Wiltshire	51.493453		0	0	1		223
R	ECA	G-03082		1900-01-01		Neston House	Wiltshire	51.403120		0	0	1		223
R	ECA	G-03083		1900-01-01		New Wardour Castle	Wiltshire	51.041816		0	0	1		223
R	ECA	G-03084		1900-01-01		Norrington Manor	Wiltshire	51.013650		0	0	1		223
R	ECA	G-03085		1900-01-01		Oare House	Wiltshire	51.365867		0	0	1		223
R	ECA	G-03086		1900-01-01		Pythouse	Wiltshire	51.056327		0	0	1		223
R	ECA	G-03087		1900-01-01		Ramsbury Manor	Wiltshire	51.4374		0	0	1		223
R	ECA	G-03088		1900-01-01		Sheldon Manor	Wiltshire	51.466409		0	0	1		223
R	ECA	G-03089		1900-01-01		South Wraxall Manor	Wiltshire	51.388134		0	0	1		223
R	ECA	G-03090		1900-01-01		Tedworth House	Wiltshire	51.226809		0	0	1		223
R	ECA	G-03091		1900-01-01		Tottenham Court House	Wiltshire	51.373866		0	0	1		223
R	ECA	G-03092		1900-01-01		Trafalgar Park	Wiltshire	51.013120		0	0	1		223
R	ECA	G-03093		1900-01-01		Wilbury House	Wiltshire	51.171306		0	0	1		223
R	ECA	G-03094		1900-01-01		Wilton House	Wiltshire	51.078642		0	0	1		223
R	ECA	G-03095		1900-01-01		Treasurers House	Martock (National Trust)	Somerset		0	0	1		223
R	ECA	G-03096		1900-01-01		Arundells	Wiltshire	51.065994		0	0	1		223
R	ECA	G-03097		1900-01-01		Avebury Manor	Wiltshire	51.428948		0	0	1		223
R	ECA	G-03098		1900-01-01		Bowood House	Wiltshire	51.428677		0	0	1		223
R	ECA	G-03099		1900-01-01		Corsham Court	Wiltshire	51.435018		0	0	1		223
R	ECA	G-03100		1900-01-01		Lacock Abbey	Wiltshire	51.414766		0	0	1		223
R	ECA	G-03101		1900-01-01		Longleat House	Wiltshire	51.185763		0	0	1		223
R	ECA	G-03102		1900-01-01		Lydiard House	Wiltshire	51.561575		0	0	1		223
R	ECA	G-03103		1900-01-01		Mompesson House	Wiltshire	51.066764		0	0	1		223
R	ECA	G-03104		1900-01-01		Philipps House and Dinton Park	Wiltshire	51.086500		0	0	1		223
R	ECA	G-03105		1900-01-01		Dauntsey Park House	Wiltshire	51.541699		0	0	1		223
R	ECA	G-03106		1900-01-01		The Moonraker	Wiltshire	51.32701		0	0	1		223
R	ECA	G-03107		1900-01-01		Stanton Manor	Wiltshire	51.5172828		0	0	1		223
R	ECA	G-03108		1900-01-01		Grittleton House	Wiltshire	51.518502		0	0	1		223
R	ECA	G-03109		1900-01-01		Ashton Keynes Halls Close (Timber Castle)	Wiltshire	51.64928		0	0	1		223
R	ECA	G-03110		1900-01-01		Bincknoll Castle	Broad Hinton (Timber Castle)	Wiltshire		0	0	1		223
R	ECA	G-03111		1900-01-01		Castle Combe (Timber Castle	Masonry Castle)	Wiltshire		0	0	1		223
R	ECA	G-03112		1900-01-01		Castle Orchard (Timber Castle	Masonry Castle)	Wiltshire		0	0	1		223
R	ECA	G-03113		1900-01-01		Clarendon Palace (Palace)	Wiltshire	51.07067		0	0	1		223
R	ECA	G-03114		1900-01-01		Cricklade Town Hall (Urban Defence)	Wiltshire	51.63908		0	0	1		223
R	ECA	G-03115		1900-01-01		Devizes Castle (Timber Castle	Masonry Castle	Palace)		0	0	1		223
R	ECA	G-03116		1900-01-01		Downton Moot Close (Timber Castle	Palace)	Wiltshire		0	0	1		223
R	ECA	G-03117		1900-01-01		Edington Priory (Palace	Fortified Ecclesiastical Site)	Wiltshire		0	0	1		223
R	ECA	G-03118		1900-01-01		Fallardeston (Fortified Manor House)	Wiltshire	51.02999		0	0	1		223
R	ECA	G-03119		1900-01-01		Great Somerford	The Mound (Timber Castle	Siege Works)		0	0	1		223
R	ECA	G-03120		1900-01-01		King Johns House	Tollard Royal (Palace)	Wiltshire		0	0	1		223
R	ECA	G-03121		1900-01-01		Lewisham Castle	Aldbourne Chase (Timber Castle)	Wiltshire		0	0	1		223
R	ECA	G-03122		1900-01-01		Longford Castle (Fortified Manor House)	Wiltshire	51.03923		0	0	1		223
R	ECA	G-03123		1900-01-01		Ludgershall Castle (Timber Castle	Masonry Castle	Palace)		0	0	1		223
R	ECA	G-03124		1900-01-01		Ludgershall Town Defences (Urban Defence)	Wiltshire	51.25837		0	0	1		223
R	ECA	G-03125		1900-01-01		Malmesbury Cams Hill (Siege Work)	Wiltshire	51.57077		0	0	1		223
R	ECA	G-03126		1900-01-01		Malmesbury Castle (Timber Castle	Masonry Castle)	Wiltshire		0	0	1		223
R	ECA	G-03127		1900-01-01		Malmesbury Town Defences (Urban Defences)	Wiltshire	51.58314		0	0	1		223
R	ECA	G-03128		1900-01-01		Marlborough Castle (Timber Castle	Masonry Castle	Palace)		0	0	1		223
R	ECA	G-03129		1900-01-01		Mere Castle Hill (Masonry Castle)	Wiltshire	51.09194		0	0	1		223
R	ECA	G-03130		1900-01-01		Norwood Castle	Oaksey (Timber Castle)	Wiltshire		0	0	1		223
R	ECA	G-03131		1900-01-01		Oaksey Manor (Fortified Manor House	Pele Tower)	Wiltshire		0	0	1		223
R	ECA	G-03132		1900-01-01		Old Sarum Bishops Palace(s) (Palace)	Wiltshire	51.09475		0	0	1		223
R	ECA	G-03133		1900-01-01		Old Sarum City Defences (Urban Defence)	Wiltshire	51.09284		0	0	1		223
R	ECA	G-03134		1900-01-01		Salisbury Bishops Palace and Cathedral Close (Palace)	Wiltshire	51.06376		0	0	1		223
R	ECA	G-03135		1900-01-01		Salisbury City Defences (Urban Defence)	Wiltshire	51.07203		0	0	1		223
R	ECA	G-03136		1900-01-01		Sherrington Motte (Timber Castle)	Wiltshire	51.15232		0	0	1		223
R	ECA	G-03137		1900-01-01		Stapleford Castle (Timber Castle	Masonry Castle)	Wiltshire		0	0	1		223
R	ECA	G-03138		1900-01-01		Vastern Manor (Fortified Manor House	Palace)	Wiltshire		0	0	1		223
R	ECA	G-03139		1900-01-01		West Dean (Timber Castle)	Wiltshire	51.04592		0	0	1		223
R	ECA	G-03140		1900-01-01		Woodhouse Castle	Horningsham (Fortified Manor House)	Wiltshire		0	0	1		223
R	ECA	G-03141		1900-01-01		Osborne House	Isle Of Wight	50.750501		0	0	1		223
R	ECA	G-03142		1900-01-01		Nunwell House	Isle Of Wight	50.683408		0	0	1		223
R	ECA	G-03143		1900-01-01		Farringford	Isle Of Wight	50.674335		0	0	1		223
R	ECA	G-03144		1900-01-01		Appuldurcombe House	Isle Of Wight	50.617254		0	0	1		223
R	ECA	G-03145		1900-01-01		Appley Tower	Isle Of Wight	50.726967		0	0	1		223
R	ECA	G-03146		1900-01-01		Arreton Manor	Isle Of Wight	50.678280		0	0	1		223
R	ECA	G-03147		1900-01-01		Gatcombe Manor	Isle Of Wight	50.672707		0	0	1		223
R	ECA	G-03148		1900-01-01		Great Budbridge Manor	Isle Of Wight	50.6486		0	0	1		223
R	ECA	G-03149		1900-01-01		Great East Standen Manor	Isle Of Wight	50.682632		0	0	1		223
R	ECA	G-03150		1900-01-01		Haseley Manor	Isle Of Wight	50.668645		0	0	1		223
R	ECA	G-03151		1900-01-01		Cow Castle	Somerset	51.122761		0	0	1		223
R	ECA	G-03152		1900-01-01		Mounsey Castle	Somerset	51.054898		0	0	1		223
R	ECA	G-03153		1900-01-01		Cynwit Castle (Cannington Camp)	Somerset	51.158905		0	0	1		223
R	ECA	G-03154		1900-01-01		Kenwalch's Castle (Hillfort)	Somerset	51.00721		0	0	1		223
R	ECA	G-03155		1900-01-01		Compton Dundon Hillfort	Somerset	51.086773		0	0	1		223
R	ECA	G-03156		1900-01-01		Smedmore House	Dorset	50.609418		0	0	1		223
R	ECA	G-03157		1900-01-01		Moot Hall (Grade 1 Listed Building)	Tyne & Wear	54.968939		0	0	1		223
R	ECA	G-03158		1900-01-01		Block House Point (Artillery Fort)	Isles Of Scilly	49.93250		0	0	1		223
R	ECA	G-03159		1900-01-01		Castle Down Bastion (Artillery Fort)	Isles Of Scilly	49.96279		0	0	1		223
R	ECA	G-03160		1900-01-01		Ennor Castle (Masonry Castle	Artillery Fort)	Isles Of Scilly		0	0	1		223
R	ECA	G-03161		1900-01-01		Grimsby Old Blockhouse (Artillery Fort)	Isles Of Scilly	49.95852		0	0	1		223
R	ECA	G-03162		1900-01-01		Harrys Walls (Artillery Fort)	Isles Of Scilly	49.91836		0	0	1		223
R	ECA	G-03163		1900-01-01		St Marys	The Folly (Artillery Fort)	Isles Of Scilly		0	0	1		223
R	ECA	G-03164		1900-01-01		Bulls Paradise	Lundy Island	51.16688		0	0	1		223
R	ECA	G-03165		1900-01-01		Tallentire Hall	Cumbria	54.703690		0	0	1		223
R	ECA	G-03166		1900-01-01		Underscar Manor	Cumbria	54.620384		0	0	1		223
R	ECA	G-03167		1900-01-01		Carlisle Citadel	Cumbria	54.891804		0	0	1		223
R	ECA	G-03168		1900-01-01		Maidens Castle (Hillfort)	Cumbria	54.610930		0	0	1		223
R	ECA	G-03169		1900-01-01		Radford Bridge and Castle	Devon	50.357060		0	0	1		223
R	ECA	G-03170		1900-01-01		The Belvedere Tower (Powderham)	Devon	50.647945		0	0	1		223
R	ECA	G-03171		1900-01-01		Hayne Manor	Devon	50.655429		0	0	1		223
R	ECA	G-03172		1900-01-01		Oxton House	Devon	50.6332		0	0	1		223
R	ECA	G-03173		1900-01-01		Stonelands House	Devon	50.582105		0	0	1		223
R	ECA	G-03174		1900-01-01		Old Berry Castle	Devon	51.043061		0	0	1		223
R	ECA	G-03175		1900-01-01		Bradstone Manor Gatehouse and Flanking Walls	Devon	50.605211		0	0	1		223
R	ECA	G-03176		1900-01-01		Widworthy Barton	Devon	50.787477		0	0	1		223
R	ECA	G-03177		1900-01-01		Morwell Barton (House)	Devon	50.516280		0	0	1		223
R	ECA	G-03178		1900-01-01		The Devon Manor House	Devon	51.118460		0	0	1		223
R	ECA	G-03179		1900-01-01		High Peak Camp (Medieval Fortified Settlement)	Devon	50.666300		0	0	1		223
R	ECA	G-03180		1900-01-01		White Tor Camp	Devon	50.5895		0	0	1		223
R	ECA	G-03181		1900-01-01		Howley Farm Hillfort	Devon	50.8754		0	0	1		223
R	ECA	G-03182		1900-01-01		Brent Hill HIllfort	Devon	50.4406		0	0	1		223
R	ECA	G-03183		1900-01-01		Penton Park	Hampshire	51.224566		0	0	1		223
R	ECA	G-03184		1900-01-01		Stedcombe House	Devon	50.722732		0	0	1		223
R	ECA	G-03185		1900-01-01		Trendle Ring Hillfort	Somerset	51.146737		0	0	1		223
R	ECA	G-03186		1900-01-01		Dowsborough Hillfort	Somerset	51.145631		0	0	1		223
R	ECA	G-03187		1900-01-01		Warkworth Medieval Bridge (Fortified Bridge Tower)	Northumberland	55.349644		0	0	1		223
R	ECA	G-03188		1900-01-01		Brewers Castle	Somerset	51.056260		0	0	1		223
R	ECA	G-03189		1900-01-01		Grabbist Hill Hillfort	Somerset	51.1832		0	0	1		223
R	ECA	G-03190		1900-01-01		Bats Castle	Somerset	51.169754		0	0	1		223
R	ECA	G-03191		1900-01-01		Clatworthy Hillfort (Clatworthy Camp)	Somerset	51.074997		0	0	1		223
R	ECA	G-03192		1900-01-01		Bury Castle	Cornwall	50.496704		0	0	1		223
R	ECA	G-03193		1900-01-01		Lytes Cary Manor	Somerset	51.035832		0	0	1		223
R	ECA	G-03194		1900-01-01		Kings Weston House	Somerset	51.494437		0	0	1		223
R	ECA	G-03195		1900-01-01		Forde Abbey	Somerset	50.842862		0	0	1		223
R	ECA	G-03196		1900-01-01		Haughmond Abbey	Shropshire	52.732235		0	0	1		223
R	ECA	G-03197		1900-01-01		Cothelstone Manor	Somerset	51.079849		0	0	1		223
R	ECA	G-03198		1900-01-01		Combe Sydenham Hall	Somerset	51.121956		0	0	1		223
R	ECA	G-03199		1900-01-01		Clevedon Hall	Somerset	51.435808		0	0	1		223
R	ECA	G-03200		1900-01-01		Coombe Lodge	Somerset	51.332011		0	0	1		223
R	ECA	G-03201		1900-01-01		Ashton Court	Somerset	51.445468		0	0	1		223
R	ECA	G-03202		1900-01-01		Babington House	Somerset	51.257925		0	0	1		223
R	ECA	G-03203		1900-01-01		Backwell House	Somerset	51.419177		0	0	1		223
R	ECA	G-03204		1900-01-01		Barford House	Somerset	51.117091		0	0	1		223
R	ECA	G-03205		1900-01-01		Barrington Court	Somerset	50.960903		0	0	1		223
R	ECA	G-03206		1900-01-01		Barwick House	Somerset	50.926177		0	0	1		223
R	ECA	G-03207		1900-01-01		Bathealton Court	Somerset	51.011353		0	0	1		223
R	ECA	G-03208		1900-01-01		Brympton House	Somerset	50.936303		0	0	1		223
R	ECA	G-03209		1900-01-01		Burton Pynsent House	Somerset	51.016579		0	0	1		223
R	ECA	G-03210		1900-01-01		Burton Pynsent Monument	Somerset	51.022506		0	0	1		223
R	ECA	G-03211		1900-01-01		Charlton House	Charlton Mackrell	Somerset		0	0	1		223
R	ECA	G-03212		1900-01-01		Clapton Court	Somerset	51.457923		0	0	1		223
R	ECA	G-03213		1900-01-01		Claverton Manor	Somerset	51.375133		0	0	1		223
R	ECA	G-03214		1900-01-01		Tyntesfield	Somerset	51.440568		0	0	1		223
R	ECA	G-03215		1900-01-01		Cothay Manor	Somerset	50.983816		0	0	1		223
R	ECA	G-03216		1900-01-01		Trereife House	Cornwall	50.111461		0	0	1		223
R	ECA	G-03217		1900-01-01		Cricket St Thomas House	Somerset	50.871833		0	0	1		223
R	ECA	G-03218		1900-01-01		Crowe Hall	Somerset	51.374185		0	0	1		223
R	ECA	G-03219		1900-01-01		Overtown House	Wiltshire	51.515428		0	0	1		223
R	ECA	G-03220		1900-01-01		Dodington Hall	Somerset	51.158009		0	0	1		223
R	ECA	G-03221		1900-01-01		Gournay Court	Somerset	51.308775		0	0	1		223
R	ECA	G-03222		1900-01-01		Greenham Hall	Somerset	50.973173		0	0	1		223
R	ECA	G-03223		1900-01-01		Halsway Manor	Somerset	51.136606		0	0	1		223
R	ECA	G-03224		1900-01-01		Halswell Park House	Somerset	51.098846		0	0	1		223
R	ECA	G-03225		1900-01-01		Harptree Court	Somerset	51.300841		0	0	1		223
R	ECA	G-03226		1900-01-01		Hestercombe House	Somerset	51.053128		0	0	1		223
R	ECA	G-03227		1900-01-01		Hinton House	Somerset	50.908055		0	0	1		223
R	ECA	G-03228		1900-01-01		Kelston Knoll	Somerset	51.396154		0	0	1		223
R	ECA	G-03229		1900-01-01		Marston House	Marston Bigot Park	Somerset		0	0	1		223
R	ECA	G-03230		1900-01-01		Maunsel House	Somerset	51.065432		0	0	1		223
R	ECA	G-03231		1900-01-01		Midford Castle	Somerset	51.350584		0	0	1		223
R	ECA	G-03232		1900-01-01		Nettlecombe Court	Somerset	51.131230		0	0	1		223
R	ECA	G-03233		1900-01-01		Newton Surmaville	Somerset	50.934724		0	0	1		223
R	ECA	G-03234		1900-01-01		Orchardleigh House	Somerset	51.260364		0	0	1		223
R	ECA	G-03235		1900-01-01		Quantock Lodge	Somerset	51.132211		0	0	1		223
R	ECA	G-03236		1900-01-01		St Audries Park	Somerset	51.173316		0	0	1		223
R	ECA	G-03237		1900-01-01		Ston Easton Park	Somerset	51.284675		0	0	1		223
R	ECA	G-03238		1900-01-01		Sutton Court	Somerset	51.341810		0	0	1		223
R	ECA	G-03239		1900-01-01		Tetton House	Kingston St Mary	Somerset		0	0	1		223
R	ECA	G-03240		1900-01-01		Ballands Castle	Pen Selwood (Timber Castle)	Somerset		0	0	1		223
R	ECA	G-03241		1900-01-01		Banwell Court (Palace)	Somerset	51.32807		0	0	1		223
R	ECA	G-03242		1900-01-01		Bath Bishops Palace (Palace)	Somerset	51.38107		0	0	1		223
R	ECA	G-03243		1900-01-01		Bath City Wall (Urban Defence)	Somerset	51.38251		0	0	1		223
R	ECA	G-03244		1900-01-01		Blackford Bishops Palace (Palace)	Somerset	51.22705		0	0	1		223
R	ECA	G-03245		1900-01-01		Breach Wood Mound	Wanstrow (Timber Castle)	Somerset		0	0	1		223
R	ECA	G-03246		1900-01-01		Bridgwater Castle (Timber Castle	Masonry Castle)	Somerset		0	0	1		223
R	ECA	G-03247		1900-01-01		Burrow Mump (Timber Castle)	Somerset	51.07048		0	0	1		223
R	ECA	G-03248		1900-01-01		Bury Castle	Brompton Regis (Timber Castle)	Somerset		0	0	1		223
R	ECA	G-03249		1900-01-01		Castle Batch	Kewstoke (Timber Castle)	Somerset		0	0	1		223
R	ECA	G-03250		1900-01-01		Castle Batch	Worle (Timber Castle)	Somerset		0	0	1		223
R	ECA	G-03251		1900-01-01		Castle Cary (Timber Castle	Masonry Castle)	Somerset		0	0	1		223
R	ECA	G-03252		1900-01-01		Cheddar Palace (Palace)	Somerset	51.27478		0	0	1		223
R	ECA	G-03253		1900-01-01		Chew Court (Palace)	Somerset	51.36641		0	0	1		223
R	ECA	G-03254		1900-01-01		Chisley Mount	Down End (Timber Castle)	Somerset		0	0	1		223
R	ECA	G-03255		1900-01-01		Cockroad Wood Motte	Charlton Musgrove (Timber Castle)	Somerset		0	0	1		223
R	ECA	G-03256		1900-01-01		Combe Florey Manor House (Fortified Manor House)	Somerset	51.07341		0	0	1		223
R	ECA	G-03257		1900-01-01		Edithmead Motte	Burnham (Timber Castle)	Somerset		0	0	1		223
R	ECA	G-03258		1900-01-01		Culverhay Castle	Englishcombe (Timber Castle)	Somerset		0	0	1		223
R	ECA	G-03259		1900-01-01		Cudworth Moat (Fortified Manor House)	Somerset	50.89329		0	0	1		223
R	ECA	G-03260		1900-01-01		Croft Castle	Crewkerne (Timber Castle	Masonry Castle)		0	0	1		223
R	ECA	G-03261		1900-01-01		East Quantoxhead Court House (Pele Tower)	Somerset	51.18583		0	0	1		223
R	ECA	G-03262		1900-01-01		Enmore Castle (Fortified Manor House)	Somerset	51.11160		0	0	1		223
R	ECA	G-03263		1900-01-01		Fenny Castle (Timber Castle	Masonry Castle)	Somerset		0	0	1		223
R	ECA	G-03264		1900-01-01		Hales Castle	Selwood (Timber Castle)	Somerset		0	0	1		223
R	ECA	G-03265		1900-01-01		Ilchester Town Hall (Urban Defence)	Somerset	50.99995		0	0	1		223
R	ECA	G-03266		1900-01-01		Langport Town Defences (Urban Defence)	Somerset	51.03719		0	0	1		223
R	ECA	G-03267		1900-01-01		Locking Castle	Carberry Hill (Timber Castle)	Somerset		0	0	1		223
R	ECA	G-03268		1900-01-01		Lyng Burghal Defences (Urban Defence)	Somerset	51.05647		0	0	1		223
R	ECA	G-03269		1900-01-01		Montacute Castle (Timber Castle	Masonry Castle)	Somerset		0	0	1		223
R	ECA	G-03270		1900-01-01		Marsh Court	Wincanton (Fortified Manor House)	Somerset		0	0	1		223
R	ECA	G-03271		1900-01-01		Naish Priory (Fortified Manor House)	Somerset	50.92236		0	0	1		223
R	ECA	G-03272		1900-01-01		Newton St Loe (Fortified Manor House)	Somerset	51.37403		0	0	1		223
R	ECA	G-03273		1900-01-01		Over Stowey Mound (Timber Castle)	Somerset	51.13968		0	0	1		223
R	ECA	G-03274		1900-01-01		Richmont Castle	East Harptree (Timber Castle	Masonry Castle)		0	0	1		223
R	ECA	G-03275		1900-01-01		Slough Court	Stoke St Gregory (Fortified Manor House)	Somerset		0	0	1		223
R	ECA	G-03276		1900-01-01		Taunton Castle (Timber Castle	Masonry Castle	Palace)		0	0	1		223
R	ECA	G-03277		1900-01-01		Taunton Town Defences (Urban Defence)	Somerset	51.01636		0	0	1		223
R	ECA	G-03278		1900-01-01		Bawsey (The Ruins of St. James Church)	Norfolk	52.749731		0	0	1		223
R	ECA	G-03279		1900-01-01		Wells Cathedral Precinct (Fortified Ecclesiastical Site)	Somerset	51.21010		0	0	1		223
R	ECA	G-03280		1900-01-01		West Bower Manor House (Fortified Manor House)	Somerset	51.12225		0	0	1		223
R	ECA	G-03281		1900-01-01		Wiveliscombe Bishops Palace (Palace)	Somerset	51.04060		0	0	1		223
R	ECA	G-03282		1900-01-01		Wookey Court Farm (Palace)	Somerset	51.20854		0	0	1		223
R	ECA	G-03283		1900-01-01		Yatton Bishops Palace (Palace)	Somerset	51.38469		0	0	1		223
R	ECA	G-03284		1900-01-01		Wimble Toot Castle	Somerset	51.049747		0	0	1		223
R	ECA	G-03285		1900-01-01		Buckland Abbey	Devon	50.480517		0	0	1		223
R	ECA	G-03286		1900-01-01		Cadhay	Devon	50.758731		0	0	1		223
R	ECA	G-03287		1900-01-01		Coombe Trenchard House	Devon	50.654195		0	0	1		223
R	ECA	G-03288		1900-01-01		Torre Abbey	Devon	50.463840		0	0	1		223
R	ECA	G-03289		1900-01-01		Powderham Castle	Devon	50.643020		0	0	1		223
R	ECA	G-03290		1900-01-01		Coleton Fishacre	Devon	50.347209		0	0	1		223
R	ECA	G-03291		1900-01-01		Greenway House	Devon	50.381941		0	0	1		223
R	ECA	G-03292		1900-01-01		Saltram House	Devon	50.381256		0	0	1		223
R	ECA	G-03293		1900-01-01		Sharpham House	Devon	50.408974		0	0	1		223
R	ECA	G-03294		1900-01-01		Dartington Hall	Devon	50.451966		0	0	1		223
R	ECA	G-03295		1900-01-01		Lukesland Gardens House	Devon	50.405828		0	0	1		223
R	ECA	G-03296		1900-01-01		Bicton House	Devon	50.670135		0	0	1		223
R	ECA	G-03297		1900-01-01		Bovey Castle	Devon	50.646371		0	0	1		223
R	ECA	G-03298		1900-01-01		Bradfield House	Devon	50.881298		0	0	1		223
R	ECA	G-03299		1900-01-01		Brunel Manor	Devon	50.501278		0	0	1		223
R	ECA	G-03300		1900-01-01		Creedy	Sandford	Devon		0	0	1		223
R	ECA	G-03301		1900-01-01		Escot House	Talaton	Devon		0	0	1		223
R	ECA	G-03302		1900-01-01		Hall	Bishops Tawton	Devon		0	0	1		223
R	ECA	G-03303		1900-01-01		Hillersdon House	Devon	50.862084		0	0	1		223
R	ECA	G-03304		1900-01-01		Manor of Holcombe Rogus (Holcombe Court)	Devon	50.962974		0	0	1		223
R	ECA	G-03305		1900-01-01		Huntsham Court	Devon	50.976193		0	0	1		223
R	ECA	G-03306		1900-01-01		Kelly House	Devon	50.610305		0	0	1		223
R	ECA	G-03307		1900-01-01		Luscombe Castle	Devon	50.581465		0	0	1		223
R	ECA	G-03308		1900-01-01		Maristow House	Devon	50.46265		0	0	1		223
R	ECA	G-03309		1900-01-01		Mamhead House	Devon	50.619754		0	0	1		223
R	ECA	G-03310		1900-01-01		Moreton House	Bideford	Devon		0	0	1		223
R	ECA	G-03311		1900-01-01		Newnham Park	Devon	50.403515		0	0	1		223
R	ECA	G-03312		1900-01-01		Orleigh Court	Devon	50.978325		0	0	1		223
R	ECA	G-03313		1900-01-01		Kirkstall Abbey	Yorkshire	53.821741		0	0	1		223
R	ECA	G-03314		1900-01-01		Lewtrenchard Manor	Devon	50.653805		0	0	1		223
R	ECA	G-03315		1900-01-01		Pynes House	Devon	50.756580		0	0	1		223
R	ECA	G-03316		1900-01-01		Sandridge Park	Devon	50.3971		0	0	1		223
R	ECA	G-03317		1900-01-01		Shiphay Manor	Devon	50.475132		0	0	1		223
R	ECA	G-03318		1900-01-01		New Shute House	Devon	50.767836		0	0	1		223
R	ECA	G-03319		1900-01-01		Old Shute House (Shute Barton)	Devon	50.771520		0	0	1		223
R	ECA	G-03320		1900-01-01		Sidbury Manor	Devon	50.726815		0	0	1		223
R	ECA	G-03321		1900-01-01		Cockington Court	Devon	50.463933		0	0	1		223
R	ECA	G-03322		1900-01-01		Tapeley Park	Devon	51.040888		0	0	1		223
R	ECA	G-03323		1900-01-01		The Grange	Broadhembury	Devon		0	0	1		223
R	ECA	G-03324		1900-01-01		Whiteway House	Devon	50.635432		0	0	1		223
R	ECA	G-03325		1900-01-01		Arlington Court	Devon	51.149473		0	0	1		223
R	ECA	G-03326		1900-01-01		Bampton	The Mote (Timber Castle	Fortified Manor House)		0	0	1		223
R	ECA	G-03327		1900-01-01		Barnstaple Castle (Timber Castle	Masonry Castle)	Devon		0	0	1		223
R	ECA	G-03328		1900-01-01		Barnstaple Long Bridge (Fortified Bridge)	Devon	51.07762		0	0	1		223
R	ECA	G-03329		1900-01-01		Bere Barton	Bere Ferrers (Fortified Manor House	Pele Tower)		0	0	1		223
R	ECA	G-03330		1900-01-01		Bishops Tawton Bishops Palace (Palace)	Devon	51.05208		0	0	1		223
R	ECA	G-03331		1900-01-01		Bishopsteignton Bishops Palace (Palace)	Devon	50.55890		0	0	1		223
R	ECA	G-03332		1900-01-01		Blegberry (Fortified Farmhouse)	Devon	51.00803		0	0	1		223
R	ECA	G-03333		1900-01-01		Bratton Fleming Mound (Timber Castle)	Devon	51.12369		0	0	1		223
R	ECA	G-03334		1900-01-01		Bridestowe Burley Wood (Timber Castle)	Devon	50.66899		0	0	1		223
R	ECA	G-03335		1900-01-01		Castle Roborough	Loxhore (Timber Castle	Masonry Castle)		0	0	1		223
R	ECA	G-03336		1900-01-01		Chardstock Court (Palace	Fortified Manor House)	Devon		0	0	1		223
R	ECA	G-03337		1900-01-01		Chudleigh Bishops Palace (Palace	Fortified Manor House)	Devon		0	0	1		223
R	ECA	G-03338		1900-01-01		Colcombe Castle (Fortified Manor House)	Devon	50.74804		0	0	1		223
R	ECA	G-03339		1900-01-01		Crediton Bishops Palace (Palace)	Devon	50.79057		0	0	1		223
R	ECA	G-03340		1900-01-01		Dartington Ringwork (Fortified Manor House)	Devon	50.45869		0	0	1		223
R	ECA	G-03341		1900-01-01		Dartmouth Gommerock Harbour Chain (Chain Tower)	Devon	50.34383		0	0	1		223
R	ECA	G-03342		1900-01-01		Dartmouth Lamberds Bulwark (Artillery Fort)	Devon	50.34188		0	0	1		223
R	ECA	G-03343		1900-01-01		Dartmouth Hawleys Castle (Masonry Castle)	Devon	50.34173		0	0	1		223
R	ECA	G-03344		1900-01-01		Dartmouth	Paradise Point (Pele Tower)	Devon		0	0	1		223
R	ECA	G-03345		1900-01-01		Durpley Castle	Shebbear (Timber Castle)	Devon		0	0	1		223
R	ECA	G-03346		1900-01-01		Eggesford Castle	Wembworthy (Timber Castle)	Devon		0	0	1		223
R	ECA	G-03347		1900-01-01		Exebridge (Fortified Bridge)	Devon	50.71906		0	0	1		223
R	ECA	G-03348		1900-01-01		Exeter Bishops Palace and Cathedral Close (Palace	Fortified Ecclesiastical Site)	Devon		0	0	1		223
R	ECA	G-03349		1900-01-01		Exeter City Wall (Urban Defence)	Devon	50.72247		0	0	1		223
R	ECA	G-03350		1900-01-01		Exeter Danes Castle (Siegework)	Devon	50.72925		0	0	1		223
R	ECA	G-03351		1900-01-01		Exeter Rougemont Castle (Timber Castle	Masonry Castle)	Devon		0	0	1		223
R	ECA	G-03352		1900-01-01		Fort Charles	Salcombe (Artillery Fort)	Devon		0	0	1		223
R	ECA	G-03353		1900-01-01		Gommerock (Fortified Manor House)	Devon	50.34300		0	0	1		223
R	ECA	G-03354		1900-01-01		Hembury Castle	West Buckfastleigh (Timber Castle)	Devon		0	0	1		223
R	ECA	G-03355		1900-01-01		Heywood Castle (Wembworthy) (Timber Castle)	Devon	50.89656		0	0	1		223
R	ECA	G-03356		1900-01-01		Highweek Castle Dyke (Timber Castle)	Devon	50.53591		0	0	1		223
R	ECA	G-03357		1900-01-01		Holwell Castle	Perracombe (Timber Castle	Masonry Castle)		0	0	1		223
R	ECA	G-03358		1900-01-01		Ilton Castle	Marlborough (Fortified Manor House)	Devon		0	0	1		223
R	ECA	G-03359		1900-01-01		Kentisbury Barton (Fortified Manor House)	Devon	51.17724		0	0	1		223
R	ECA	G-03360		1900-01-01		Keynedon Barton (Fortified Manor House)	Devon	50.27677		0	0	1		223
R	ECA	G-03361		1900-01-01		Kingswear Castle (Artilllery Fort)	Devon	50.34198		0	0	1		223
R	ECA	G-03362		1900-01-01		Langford Barton	Ugborough (Timber Castle)	Devon		0	0	1		223
R	ECA	G-03363		1900-01-01		Leigh Barton Grange	Churchstow (Fortified Manor House)	Devon		0	0	1		223
R	ECA	G-03364		1900-01-01		Loddiswell Blackdown Rings (Timber Castle)	Devon	50.35469		0	0	1		223
R	ECA	G-03365		1900-01-01		Lydford Norman Ringwork (Timber Castle)	Devon	50.64288		0	0	1		223
R	ECA	G-03366		1900-01-01		Lydford Town Defences (Urban Defence)	Devon	50.64436		0	0	1		223
R	ECA	G-03367		1900-01-01		Millsome (Timber Castle)	Devon	50.83633		0	0	1		223
R	ECA	G-03368		1900-01-01		North Tawton Castle Court (Timber Castle)	Devon	50.79992		0	0	1		223
R	ECA	G-03369		1900-01-01		Nutwell Court	Woodbury (Fortified Manor House)	Devon		0	0	1		223
R	ECA	G-03370		1900-01-01		Paignton Bishops Palace (Palace)	Devon	50.43614		0	0	1		223
R	ECA	G-03371		1900-01-01		Plymouth Blockhouse	Devils Point (Artillery Fort)	Devon		0	0	1		223
R	ECA	G-03372		1900-01-01		Plymouth Blockhouse	Eastern Kings Point (Artillery Fort)	Devon		0	0	1		223
R	ECA	G-03373		1900-01-01		Plymouth Blockhouse	Firestone Bay (Artillery Fort)	Devon		0	0	1		223
R	ECA	G-03374		1900-01-01		Plymouth Blockhouse	Fishers Nose Tower (Artillery Fort)	Devon		0	0	1		223
R	ECA	G-03375		1900-01-01		Plymouth Drakes Island (Artillery Fort)	Devon	50.35570		0	0	1		223
R	ECA	G-03376		1900-01-01		Plymouh	The Royal Citadel (Artillery Fort)	Devon		0	0	1		223
R	ECA	G-03377		1900-01-01		Plymouth Castle Quadrate (Masonry Castle)	Devon	50.36589		0	0	1		223
R	ECA	G-03378		1900-01-01		Plympton Castle (Timber Castle	Masonry Castle)	Devon		0	0	1		223
R	ECA	G-03379		1900-01-01		Sampford Peverell (Fortified Manor House)	Devon	50.92122		0	0	1		223
R	ECA	G-03380		1900-01-01		Sowton Bishops Court (Palace)	Devon	50.71765		0	0	1		223
R	ECA	G-03381		1900-01-01		Stonehouse Town Defences (Artillery Fort	Urban Defence)	Devon		0	0	1		223
R	ECA	G-03382		1900-01-01		Torrington Castle	Great Torrington (Timber Castle	Masonry Castle)		0	0	1		223
R	ECA	G-03383		1900-01-01		Totnes Town Wall (Urban Defence)	Devon	50.43253		0	0	1		223
R	ECA	G-03384		1900-01-01		Wembury House (Fortified Manor House)	Devon	50.32408		0	0	1		223
R	ECA	G-03385		1900-01-01		Weycroft Hall	Axminster (Fortified Manor House)	Devon		0	0	1		223
R	ECA	G-03386		1900-01-01		Widworthy Castle Hill (Timber Castle)	Devon	50.78953		0	0	1		223
R	ECA	G-03387		1900-01-01		Winkleigh Court Castle (Timber Castle)	Devon	50.85731		0	0	1		223
R	ECA	G-03388		1900-01-01		Winkleigh Croft Castle (Timber Castle	Siegework	Fortified Manor House)		0	0	1		223
R	ECA	G-03389		1900-01-01		Woodford Wood Motte	Milton Damerel (Timber Castle)	Devon		0	0	1		223
R	ECA	G-03390		1900-01-01		Crownhill Fort	Devon	50.413570		0	0	1		223
R	ECA	G-03391		1900-01-01		Agaton Fort	Devon	50.415953		0	0	1		223
R	ECA	G-03392		1900-01-01		Fort Austin	Devon	50.399511		0	0	1		223
R	ECA	G-03393		1900-01-01		Bowden Battery	Devon	50.405311		0	0	1		223
R	ECA	G-03394		1900-01-01		Brownhill Battery	Devon	50.340302		0	0	1		223
R	ECA	G-03395		1900-01-01		Cawsand Fort	Cornwall	50.332305		0	0	1		223
R	ECA	G-03396		1900-01-01		Eggbuckland Keep (Fort)	Devon	50.403722		0	0	1		223
R	ECA	G-03397		1900-01-01		Ernesettle Fort	Devon	50.412524		0	0	1		223
R	ECA	G-03398		1900-01-01		Fort Bovisand	Devon	50.336594		0	0	1		223
R	ECA	G-03399		1900-01-01		Fort Efford	Devon	50.390339		0	0	1		223
R	ECA	G-03400		1900-01-01		Fort Staddon	Devon	50.346123		0	0	1		223
R	ECA	G-03401		1900-01-01		Fort Stamford	Devon	50.355154		0	0	1		223
R	ECA	G-03402		1900-01-01		Garden Battery (Fort) (Brixham)	Devon	50.402230		0	0	1		223
R	ECA	G-03403		1900-01-01		Laira Battery	Devon	50.387762		0	0	1		223
R	ECA	G-03404		1900-01-01		All Saints Garboldisham (Tower)	Norfolk	52.395948		0	0	1		223
R	ECA	G-03405		1900-01-01		Knowles Battery	Devon	50.416053		0	0	1		223
R	ECA	G-03406		1900-01-01		Lentney Battery	Devon	50.325407		0	0	1		223
R	ECA	G-03407		1900-01-01		Blockhouse Park Fort	Devon	50.381475		0	0	1		223
R	ECA	G-03408		1900-01-01		Picklecombe Fort	Cornwall	50.343447		0	0	1		223
R	ECA	G-03409		1900-01-01		Binham Priory	Norfolk	52.920201		0	0	1		223
R	ECA	G-03410		1900-01-01		Renney Point Battery	Devon	50.321487		0	0	1		223
R	ECA	G-03411		1900-01-01		Scraesdon Fort	Devon	50.372015		0	0	1		223
R	ECA	G-03412		1900-01-01		St Anthony Head Battery	Cornwall	50.142315		0	0	1		223
R	ECA	G-03413		1900-01-01		Whitsand Bay Battery (Fort)	Devon	50.341280		0	0	1		223
R	ECA	G-03414		1900-01-01		Staddon Point Battery	Devon	50.337024		0	0	1		223
R	ECA	G-03415		1900-01-01		Watch House Battery	Devon	50.338823		0	0	1		223
R	ECA	G-03416		1900-01-01		Woodlands Fort	Devon	50.413038		0	0	1		223
R	ECA	G-03417		1900-01-01		Tiverton Roman Fort	Bolham Hill (Scheduled Monument)	Devon		0	0	1		223
R	ECA	G-03418		1900-01-01		Barbury Castle (Iron Age Hillfort)	Wiltshire	51.485793		0	0	1		223
R	ECA	G-03419		1900-01-01		Bolham House	Devon	50.921283		0	0	1		223
R	ECA	G-03420		1900-01-01		Collipriest House	Devon	50.859322		0	0	1		223
R	ECA	G-03421		1900-01-01		Worden Hall	Worden Park	Lancashire		0	0	1		223
R	ECA	G-03422		1900-01-01		Chevithorne Barton	Devon	50.933191		0	0	1		223
R	ECA	G-03423		1900-01-01		Hensleigh House	Tiverton	Devon		0	0	1		223
R	ECA	G-03424		1900-01-01		Antony House	Cornwall	50.385808		0	0	1		223
R	ECA	G-03425		1900-01-01		Godolphin House	Cornwall	50.138030		0	0	1		223
R	ECA	G-03426		1900-01-01		Lanhydrock House	Cornwall	50.440972		0	0	1		223
R	ECA	G-03427		1900-01-01		Mount Edgecumbe House	Cornwall	50.354459		0	0	1		223
R	ECA	G-03428		1900-01-01		Pencarrow House	Cornwall	50.506755		0	0	1		223
R	ECA	G-03429		1900-01-01		Port Eliot House	Cornwall	50.397452		0	0	1		223
R	ECA	G-03430		1900-01-01		Prideaux Place	Cornwall	50.542622		0	0	1		223
R	ECA	G-03431		1900-01-01		Trerice Manor House	Cornwall	50.386806		0	0	1		223
R	ECA	G-03432		1900-01-01		Trewithen House	Cornwall	50.456829		0	0	1		223
R	ECA	G-03433		1900-01-01		Acton Castle	Cornwall	50.105575		0	0	1		223
R	ECA	G-03434		1900-01-01		Alverton Manor	Cornwall	50.266223 -5.044263		0	0	1		223
R	ECA	G-03435		1900-01-01		Glynn House	Cornwall	50.453922		0	0	1		223
R	ECA	G-03436		1900-01-01		Pentillie Castle	Cornwall	50.459313		0	0	1		223
R	ECA	G-03437		1900-01-01		Place House (Pele Tower)	Cornwall	50.33577		0	0	1		223
R	ECA	G-03438		1900-01-01		Tregenna Castle	Cornwall	50.20493		0	0	1		223
R	ECA	G-03439		1900-01-01		Tregothnan	Cornwall	50.235294		0	0	1		223
R	ECA	G-03440		1900-01-01		Trelissick Manor	Cornwall	50.215997		0	0	1		223
R	ECA	G-03441		1900-01-01		Trengwainton House	Cornwall	50.128183		0	0	1		223
R	ECA	G-03442		1900-01-01		Trewan Hall	Cornwall	50.444766		0	0	1		223
R	ECA	G-03443		1900-01-01		Arwenack Manor (Fortified Manor House)	Cornwall	50.15064		0	0	1		223
R	ECA	G-03444		1900-01-01		Binhamy (Fortified Manor House)	Cornwall	50.82390		0	0	1		223
R	ECA	G-03445		1900-01-01		Bossiney Castle (Timber Castle)	Cornwall	50.66620		0	0	1		223
R	ECA	G-03446		1900-01-01		Bottereaux Castle	Boscastle (Timber Castle)	Cornwall		0	0	1		223
R	ECA	G-03447		1900-01-01		Cardinham Castle (Timber Castle)	Cornwall	50.48184		0	0	1		223
R	ECA	G-03448		1900-01-01		Carn Brea Castle (Pele Tower)	Cornwall	50.22251		0	0	1		223
R	ECA	G-03449		1900-01-01		Castle Goff (Timber Castle)	Cornwall	50.61166		0	0	1		223
R	ECA	G-03450		1900-01-01		Eastleigh Berrys (Timber Castle)	Cornwall	50.83344		0	0	1		223
R	ECA	G-03451		1900-01-01		Fowey Blockhouse (Artillery Fort	Chain Tower)	Cornwall		0	0	1		223
R	ECA	G-03452		1900-01-01		Lanherne (Fortified Manor House)	Cornwall	50.45438		0	0	1		223
R	ECA	G-03453		1900-01-01		Lee Barton (Fortified Manor House)	Cornwall	50.88277		0	0	1		223
R	ECA	G-03454		1900-01-01		Lesingey Round	Penzance (Timber Castle)	Cornwall		0	0	1		223
R	ECA	G-03455		1900-01-01		Little Dennis Blockhouse (Artillery Fort)	Cornwall	50.14407		0	0	1		223
R	ECA	G-03456		1900-01-01		Lostwithiel Duchy Palace (Palace)	Cornwall	50.40660		0	0	1		223
R	ECA	G-03457		1900-01-01		Merthen Manor House	Constantine (Fortified Manor House)	Cornwall		0	0	1		223
R	ECA	G-03458		1900-01-01		Mount Edgcumbe Blockhouse (Artillery Fort)	Cornwall	50.35818		0	0	1		223
R	ECA	G-03459		1900-01-01		Pawton Palace (Palace)	Cornwall	50.49521		0	0	1		223
R	ECA	G-03460		1900-01-01		Penstowe Castle	Kilkhampton (Timber Castle)	Cornwall		0	0	1		223
R	ECA	G-03461		1900-01-01		Penhallam Manor	Jacobstow (Timber Castle	Fortified Manor House)		0	0	1		223
R	ECA	G-03462		1900-01-01		Pengersick Castle (Fortified Manor House)	Cornwall	50.10641		0	0	1		223
R	ECA	G-03463		1900-01-01		Polruan Blockhouse (Artillery Fort	Chain Tower)	Cornwall		0	0	1		223
R	ECA	G-03464		1900-01-01		Poundstock Castle (Timber Castle)	Cornwall	50.76644		0	0	1		223
R	ECA	G-03465		1900-01-01		St Columb Major	The Old Rectory (Pele Tower)	Cornwall		0	0	1		223
R	ECA	G-03466		1900-01-01		Trematon Castle (Timber Castle	Masonry Castle)	Cornwall		0	0	1		223
R	ECA	G-03467		1900-01-01		Trematon Town Defences (Urban Defence)	Cornwall	50.40086		0	0	1		223
R	ECA	G-03468		1900-01-01		Trenethick Barton (Fortified Manor House)	Cornwall	50.11560		0	0	1		223
R	ECA	G-03469		1900-01-01		Upton Castle	Lewannick (Timber Castle	Fortified Manor House)		0	0	1		223
R	ECA	G-03470		1900-01-01		Week St Mary Castle Hill (Timber Castle)	Cornwall	50.75253		0	0	1		223
R	ECA	G-03471		1900-01-01		Rockbeare Manor	Devon	50.737921		0	0	1		223
R	ECA	G-03472		1900-01-01		Alston Hall Hill (Timber Castle	Fortified Manor House	Earthwork		0	0	1		223
R	ECA	G-03473		1900-01-01		Annat Walls Barn	Alston Moor (Annottwalles) (Bastle)	Cumbria		0	0	1		223
R	ECA	G-03474		1900-01-01		Antonstown (Bastle	Scheduled Monument)	Cumbria		0	0	1		223
R	ECA	G-03475		1900-01-01		Bankshead Bastle (Bastle	Masonry Ruins	Scheduled Monument)		0	0	1		223
R	ECA	G-03476		1900-01-01		Barons Dyke (Linear Defence or Dyke	Earthwork Remains)	Cumbria		0	0	1		223
R	ECA	G-03477		1900-01-01		Batonbush (Bastle	Earthwork Remains)	Cumbria		0	0	1		223
R	ECA	G-03478		1900-01-01		Bayles Hill House (Bastle	Building Remains)	Cumbria		0	0	1		223
R	ECA	G-03479		1900-01-01		Beaumont Motte (Timber Castlle	Scheduled Monument	Grade II Listed Building)		0	0	1		223
R	ECA	G-03480		1900-01-01		Birdoswald Bastles (Bastle	Scheduled Monument	Grade II Listed Building)		0	0	1		223
R	ECA	G-03481		1900-01-01		Birdoswald Tower (Pele Tower	Scheduled Monument)	Cumbria		0	0	1		223
R	ECA	G-03482		1900-01-01		Bishops Dyke	Dalston Barrs (Linear Defence or Dyke	Earthwork Remains		0	0	1		223
R	ECA	G-03483		1900-01-01		Blackpool Gate (Bastle	Masonry Remains)	Cumbria		0	0	1		223
R	ECA	G-03484		1900-01-01		Blagill Bastles and Tower (Bastles	Pele Tower	Masonry Remains)		0	0	1		223
R	ECA	G-03485		1900-01-01		Blencow Old Hall (Fortified Manor House	Pele Tower	Earthworks		0	0	1		223
R	ECA	G-03486		1900-01-01		Boltongate Rectory (Pele Tower	Masonry Remains	Grade II Listed Building)		0	0	1		223
R	ECA	G-03487		1900-01-01		Braes Tower (Pele Tower	Bastle	Masonry Remains		0	0	1		223
R	ECA	G-03488		1900-01-01		Brampton Church Of St Martin (Fortified Ecclesiastical Site	Scheduled Monument	Grade II Listed)		0	0	1		223
R	ECA	G-03489		1900-01-01		Brampton Motte (Timber Castle	Earthwork Remains	Scheduled Monument)		0	0	1		223
R	ECA	G-03490		1900-01-01		Brampton Old Church Farm (Pele Tower	Scheduled Monument	Grade II Listed Building)		0	0	1		223
R	ECA	G-03491		1900-01-01		Brampton Townfoot (Bastle	Masonry Remains)	Cumbria		0	0	1		223
R	ECA	G-03492		1900-01-01		Burgh by Sands Church of St Michael (Fortified Ecclesiastical Site	Pele Tower	Building Remains)		0	0	1		223
R	ECA	G-03493		1900-01-01		Burrow Walls Near Seaton (Fortified Manor House	Scheduled Monument	Masonry Remains)		0	0	1		223
R	ECA	G-03494		1900-01-01		Caernarvon Castle	Beckermet (Timber Castle	Fortified Manor House		0	0	1		223
R	ECA	G-03495		1900-01-01		Caldbeck Church of St Kentigern (Fortified Ecclesiastical Site	Building Remains)	Cumbria		0	0	1		223
R	ECA	G-03496		1900-01-01		Cardew Hall (Pele Tower	Bastle	Masonry Remains		0	0	1		223
R	ECA	G-03497		1900-01-01		Carlisle Cathedral Church and Priory of St Mary (Fortified Ecclesiastical Site	Building Remains)	Cumbria		0	0	1		223
R	ECA	G-03498		1900-01-01		Carlisle City Wall (Urban Defence	Scheduled Monument)	Cumbria		0	0	1		223
R	ECA	G-03499		1900-01-01		Carlisle Priors Tower (Pele Tower	Scheduled Monument)	Cumbria		0	0	1		223
R	ECA	G-03500		1900-01-01		Brantwood (Grade II Listed Building)	Cumbria	54.353646		0	0	1		223
R	ECA	G-03501		1900-01-01		Catterlen Old Hall	Newton Reigny (Pele Tower	Earthwork Remains		0	0	1		223
R	ECA	G-03502		1900-01-01		Clarghyll Hall (Bastle	Masonry Remains	Grade II Listed Building)		0	0	1		223
R	ECA	G-03503		1900-01-01		Cumwhitton (Bastle	Masonry Remains)	Cumbria		0	0	1		223
R	ECA	G-03504		1900-01-01		Cumcatch	Brampton (Bastle	Masonry Remains		0	0	1		223
R	ECA	G-03505		1900-01-01		Cote House ( Bastle	Masonry Remains	Grade II Listed Building)		0	0	1		223
R	ECA	G-03506		1900-01-01		Crewgarth (Fortified Manor House	Earthwork Remains)	Cumbria		0	0	1		223
R	ECA	G-03507		1900-01-01		Croglin Low Hall (Pele Tower	Building Remains	Grade II Listed Building)		0	0	1		223
R	ECA	G-03508		1900-01-01		Croglin Townhead Barn (Bastle	Building Remains)	Cumbria		0	0	1		223
R	ECA	G-03509		1900-01-01		Croglin Vicarage (Pele Tower	Masonry Remains	Grade II Listed Building)		0	0	1		223
R	ECA	G-03510		1900-01-01		Crookdake Hall (Pele Tower	Masonry Remains	Grade II Listed Building)		0	0	1		223
R	ECA	G-03511		1900-01-01		Crummock Water Manor House (Fortified Manor House	Masonry Remains	Scheduled Monument)		0	0	1		223
R	ECA	G-03512		1900-01-01		Cumrew Rectory (Masonry Remains)	Cumbria	54.84595		0	0	1		223
R	ECA	G-03513		1900-01-01		Cumrew	Joseph Iveson Tenemt (Bastle	Masonry Remains)		0	0	1		223
R	ECA	G-03514		1900-01-01		Cumrew	Thomas Pattenson Tenemt (Bastle	Masonry Remains)		0	0	1		223
R	ECA	G-03515		1900-01-01		Denton Foot (Bastle	Building Remains	Grade II Listed Building)		0	0	1		223
R	ECA	G-03516		1900-01-01		Denton Hall (Pele Tower	Fortified Manor House	Scheduled Monument		0	0	1		223
R	ECA	G-03517		1900-01-01		Dalemain Mansion (with Pele Tower	Masonry Remains)	Cumbria		0	0	1		223
R	ECA	G-03518		1900-01-01		Dean Church of St Oswald Vicars Tower (Pele Tower	Masonry Remains)	Cumbria		0	0	1		223
R	ECA	G-03519		1900-01-01		Dearham Church of St Mungo (Pele Tower	Fortified Ecclesiastical Site)	Cumbria		0	0	1		223
R	ECA	G-03520		1900-01-01		Dockray Hall (Fortified Town House	Pele Tower	Building Remains)		0	0	1		223
R	ECA	G-03521		1900-01-01		Dovenby Hall (Pele Tower	Building Remains	Grade II Listed Building)		0	0	1		223
R	ECA	G-03522		1900-01-01		Downhall	The Castles (Timber Castle	Masonry Castle		0	0	1		223
R	ECA	G-03523		1900-01-01		Sparkford Hall	Somerset	51.038942		0	0	1		223
R	ECA	G-03524		1900-01-01		Ewanrigg Hall	Maryport (Pele Tower	Slight Earthwork		0	0	1		223
R	ECA	G-03525		1900-01-01		Farlam Hall (Bastle	Masonry Remains	Grade II Listed Building)		0	0	1		223
R	ECA	G-03526		1900-01-01		Glasson Barracks	Bowness (Bastle	Masonry Remains		0	0	1		223
R	ECA	G-03527		1900-01-01		Great Crosthwaite	Church of St Kentigern (Fortified Ecclesiastical Site	Building Remains)		0	0	1		223
R	ECA	G-03528		1900-01-01		Great Salkeld Church of St Cuthbert (Fortified Ecclesiastical Site	Grade II Listed Building)	Cumbria		0	0	1		223
R	ECA	G-03529		1900-01-01		Great Salkeld Rectory (Pele Tower	Building Remains	Grade II Listed Building)		0	0	1		223
R	ECA	G-03530		1900-01-01		Haile Hall (Pele Tower	Builing Remains	Grade II Listed Builiding)		0	0	1		223
R	ECA	G-03531		1900-01-01		Hall Hills (Pele Tower	Bastle	Masonry Remains		0	0	1		223
R	ECA	G-03532		1900-01-01		Hardrigg Hall Tower	Skelton (Pele Tower	Masonry Remains		0	0	1		223
R	ECA	G-03533		1900-01-01		High Grains Bastle	Askerton (Bastle	Masonry Remains		0	0	1		223
R	ECA	G-03534		1900-01-01		Hutton Hall (Fortified Farmhouse	Building Remains	Grade II Listed)		0	0	1		223
R	ECA	G-03535		1900-01-01		Hutton In The Forest Hall (Pele Tower	Building Remains)	Cumbria		0	0	1		223
R	ECA	G-03536		1900-01-01		Irthington	The Nook (Timber Castle	Masonry Castle		0	0	1		223
R	ECA	G-03537		1900-01-01		Irton Hall (Pele Tower	Building Remains	Grade II Listed Building)		0	0	1		223
R	ECA	G-03538		1900-01-01		Johnby Hall (Pele tower	Masonry Remains	Grade II Listed Building)		0	0	1		223
R	ECA	G-03539		1900-01-01		Kershope Moat (Bastle	Cropwork/Earthwork Remains)	Cumbria		0	0	1		223
R	ECA	G-03540		1900-01-01		Kilnstown Bastle (Bastle	Masonry Footings Remains)	Cumbria		0	0	1		223
R	ECA	G-03541		1900-01-01		Lanercost Priory - King Edwards Tower (Pele Tower	Building Remains	Scheduled Monument)		0	0	1		223
R	ECA	G-03542		1900-01-01		Knowlton Church & Earthworks	Dorset	50.892104		0	0	1		223
R	ECA	G-03543		1900-01-01		Liddell Strength Tower (Pele Tower	Masonry Footings Remains	Scheduled Monument)		0	0	1		223
R	ECA	G-03544		1900-01-01		Low Grains Bastles (Bastle	Masonry Remains	Scheduled Monument		0	0	1		223
R	ECA	G-03545		1900-01-01		Loweswater Pele (Bastle	Masonry Remains	Scheduled Monument)		0	0	1		223
R	ECA	G-03546		1900-01-01		Lynestead (Bastle	Masonry Footings Remains	Scheduled Monument)		0	0	1		223
R	ECA	G-03547		1900-01-01		Millbeck Hall (Pele Tower	Masonry Remains	Grade II Listed Building		0	0	1		223
R	ECA	G-03548		1900-01-01		Millrigg (Bastle	Masonry Remains	Grade II Listed Building)		0	0	1		223
R	ECA	G-03549		1900-01-01		Naworth Castle (Masonry Castle	Masonry Remains)	Cumbria		0	0	1		223
R	ECA	G-03550		1900-01-01		Netherby Hall (Pele Tower	Masonry Remains	Grade II Listed Building)		0	0	1		223
R	ECA	G-03551		1900-01-01		Nettle Hall (Bastle	Masonry Remains)	Cumbria		0	0	1		223
R	ECA	G-03552		1900-01-01		Newton Reigny Manor (Fortified Manor House	Earthwork Remains	Scheduled Monument)		0	0	1		223
R	ECA	G-03553		1900-01-01		Peel O'Hill (Bastle	Masonry Remains	Grade II Listed Building)		0	0	1		223
R	ECA	G-03554		1900-01-01		Dymchurch Martello Tower	Kent	51.024722		0	0	1		223
R	ECA	G-03555		1900-01-01		Scaleby Church of All Saints (Building Remains	Grade II Listed Building)	Cumbria		0	0	1		223
R	ECA	G-03556		1900-01-01		Scots Dike (Linear Defence or Dyke	Earthwork Remains	Scheduled Monument)		0	0	1		223
R	ECA	G-03557		1900-01-01		Sella Park (Pele Tower	Masonry Remains	Grade II Listed Building)		0	0	1		223
R	ECA	G-03558		1900-01-01		Snittlegarth Moat (Fortified Manor House	Cropwork/Earthwork Remains	Scheduled Monument)		0	0	1		223
R	ECA	G-03559		1900-01-01		Sowerby Castle How (Timber Castle	Earthwork Remains)	Cumbria		0	0	1		223
R	ECA	G-03560		1900-01-01		Stonehaugh Tower (Bastle	Masonry Remains	Scheduled Monument)		0	0	1		223
R	ECA	G-03561		1900-01-01		Temon (Bastle	Building Remains	Grade II Listed Buildng)		0	0	1		223
R	ECA	G-03562		1900-01-01		The Crew (Bastle	Masonry Remans	Scheduled Monument		0	0	1		223
R	ECA	G-03563		1900-01-01		The Loan (Bastle	Masonry Remains	Scheduled Monument		0	0	1		223
R	ECA	G-03564		1900-01-01		The Stonehouse Naworth East Park (Bastle	Scheduled Monument	Grade II Listed Building)		0	0	1		223
R	ECA	G-03565		1900-01-01		Threapland Hall (Pele Tower	Building Remains	Grade II Listed Building)		0	0	1		223
R	ECA	G-03566		1900-01-01		Tindale Tarn House (Pele Tower	Masonry Remains	Grade II Listed Building)		0	0	1		223
R	ECA	G-03567		1900-01-01		Tower Tye (Timber Castle	Earthwork Remains	Scheduled Monument)		0	0	1		223
R	ECA	G-03568		1900-01-01		Upper Denton Moat (Cropwork/Slight Earthwork Remains	Scheduled Monmuent)	Cumbria		0	0	1		223
R	ECA	G-03569		1900-01-01		Upper Denton Vicarage (Bastle	Scheduled Monument	Grade II Listed Building)		0	0	1		223
R	ECA	G-03570		1900-01-01		Westnewton Castle (Fortified Manor House	Earthwork Remains	Scheduled Monument)		0	0	1		223
R	ECA	G-03571		1900-01-01		White House Farm	Glassonby (Bastle	Building Remains		0	0	1		223
R	ECA	G-03572		1900-01-01		Whitehall Moat	Allhallows (Fortified Manor House	Earthwork Remains		0	0	1		223
R	ECA	G-03573		1900-01-01		Wolstey Castle (Fortified Manor House	Masonry Remains	Scheduled Monument)		0	0	1		223
R	ECA	G-03574		1900-01-01		Woodhead (Bastle	Masonry Remains	Grade II Listed Building)		0	0	1		223
R	ECA	G-03575		1900-01-01		Bitterne Bishops Palace (Masonry Caslte	Palace)	Hampshire		0	0	1		223
R	ECA	G-03576		1900-01-01		Bolder Hunting Lodge (Palace	Earthwork)	Hampshire		0	0	1		223
R	ECA	G-03577		1900-01-01		Christchurch Town Wall (Urban Defence	Earthwork	Scheduled Monument)		0	0	1		223
R	ECA	G-03578		1900-01-01		Church Place	Ashurst (Palace	Earthwork		0	0	1		223
R	ECA	G-03579		1900-01-01		Church Place	Denny Wait (Palace	Earthhwork Remains		0	0	1		223
R	ECA	G-03580		1900-01-01		Bowry Walls Hillfort	Hampshire	51.307608		0	0	1		223
R	ECA	G-03581		1900-01-01		East Meon Court House (Palace)	Hampshire	50.99537		0	0	1		223
R	ECA	G-03582		1900-01-01		Farringdon (Palace	Masonry Ruin & Remains)	Hampshire		0	0	1		223
R	ECA	G-03583		1900-01-01		Gains Castle	Ashley (Timber Castle	Masonry Castle		0	0	1		223
R	ECA	G-03584		1900-01-01		Hambledon Bishops Palace (Palace	Masonry Ruins & Remains)	Hampshire		0	0	1		223
R	ECA	G-03585		1900-01-01		Holt Pond Motte	Blendworth (Seigeworks	Earthwork Remains		0	0	1		223
R	ECA	G-03586		1900-01-01		John of Gaunts Palace	Kings Somborne (Palace	Masonry Remains		0	0	1		223
R	ECA	G-03587		1900-01-01		Long Sutton	The Battery (Timber Castle	Earthwork Remains		0	0	1		223
R	ECA	G-03588		1900-01-01		Lyndhurst Park Hunting Lodge	Helmsley (Palace	Earthwork Remains)		0	0	1		223
R	ECA	G-03589		1900-01-01		Lyndhurst	The Queens House (Palace	Earthwork Remains)		0	0	1		223
R	ECA	G-03590		1900-01-01		Marwell Bishops Palace (Palace	Masonry Remains	Scheduled Monument)		0	0	1		223
R	ECA	G-03591		1900-01-01		Minstead Princes Lodge (Palace	Earthwork)	Hampshire		0	0	1		223
R	ECA	G-03592		1900-01-01		Motleys Castle	Idsworth (Timber Castle	Earthwork Remains		0	0	1		223
R	ECA	G-03593		1900-01-01		Grace Dieu Priory	Leicestershire	52.761052		0	0	1		223
R	ECA	G-03594		1900-01-01		Odiham Palace (Palace	Masonry Remains)	Hampshire		0	0	1		223
R	ECA	G-03595		1900-01-01		Pinsley Motte	Southwick & Widley (Cropworks/Earthwork)	Hampshire		0	0	1		223
R	ECA	G-03596		1900-01-01		Place Wood Motte	Southwick & Widley (Timber Castle	Earthwork Remains		0	0	1		223
R	ECA	G-03597		1900-01-01		Porchester Burghal Defences (Urban Defence	Building Remains	Scheduled Monument)		0	0	1		223
R	ECA	G-03598		1900-01-01		Quarr Abbey (Fortified Ecclesiastical Site	Scheduled Monument	Masonry Remains)		0	0	1		223
R	ECA	G-03599		1900-01-01		Queen Bower Hunting Lodge	Brockenhurst (Palace	Scheduled Monument		0	0	1		223
R	ECA	G-03600		1900-01-01		Romsey King John House (Palace	Earthwork Remains)	Hampshire		0	0	1		223
R	ECA	G-03601		1900-01-01		Silchester Amphitheatre (Timber Castle	Earthwork	Scheduled Monument)		0	0	1		223
R	ECA	G-03602		1900-01-01		Southampton Town Wall	Bargate & Gods House Tower (Urban Defence	Artillery Fort)		0	0	1		223
R	ECA	G-03603		1900-01-01		Steers Copse Mound	Bentley (Seigework	Earthwork Remains		0	0	1		223
R	ECA	G-03604		1900-01-01		Swainston Manor	Calbourne (Palace	Major Building Remains)		0	0	1		223
R	ECA	G-03605		1900-01-01		Thruxton Manor (Fortified Manor House	Earthwork Remains	Scheduled Monument)		0	0	1		223
R	ECA	G-03606		1900-01-01		Titchfield Abbey (Fortified Manor House	Major Building Remains	Scheduled Monument)		0	0	1		223
R	ECA	G-03607		1900-01-01		West Cowes (Artillery Fort	Masonry Remains)	Hampshire		0	0	1		223
R	ECA	G-03608		1900-01-01		Winchester City Wall (Urban Defence	Major Building Remains	Scheduled Monument)		0	0	1		223
R	ECA	G-03609		1900-01-01		Frithelstock Priory Ruins	Devon	50.956340		0	0	1		223
R	ECA	G-03610		1900-01-01		Portsmouth Round Tower (Artillery Fort	Chain Tower)	Hampshire		0	0	1		223
R	ECA	G-03611		1900-01-01		Portsmouth Square Tower (Artillery Fort)	Hampshire	50.78938		0	0	1		223
R	ECA	G-03612		1900-01-01		Portsmouth Town Defences (Urban Defence	Artillery Fort	Earthworks)		0	0	1		223
R	ECA	G-03613		1900-01-01		Ashley Village Defences (Urban Defence	Scheduled Monument)	Hampshire		0	0	1		223
R	ECA	G-03614		1900-01-01		Woodbury Camp	Stoke Fleming	Devon		0	0	1		223
R	ECA	G-03615		1900-01-01		Curdon Wood Camp (Iron Age Hillfort	Scheduled Monument)	Somerset		0	0	1		223
R	ECA	G-03616		1900-01-01		Elworthy Barrows Hillfort (Iron Age Hillfort	Scheduled Monument)	Somerset		0	0	1		223
R	ECA	G-03617		1900-01-01		Norton Camp (Bronze Age Hillfort)	Somerset	51.030123		0	0	1		223
R	ECA	G-03618		1900-01-01		Ruborough Camp (Iron Age Hillfort)	Somerset	51.095827		0	0	1		223
R	ECA	G-03619		1900-01-01		Hamdon Hill Camp Hillfort (Scheduled Monument)	Somerset	50.9464		0	0	1		223
R	ECA	G-03620		1900-01-01		Worlebury Camp (Iron Age Hillfort)	Somerset	51.357767		0	0	1		223
R	ECA	G-03621		1900-01-01		Cornworthy Priory Ruins	Devon	50.388561		0	0	1		223
R	ECA	G-03622		1900-01-01		Beaulieu Abbey	Hampshire	50.821327		0	0	1		223
R	ECA	G-03623		1900-01-01		Fountains Abbey	Yorkshire	54.109491		0	0	1		223
R	ECA	G-03624		1900-01-01		Brent Knoll Hillfort	Somerset	51.254297		0	0	1		223
R	ECA	G-03625		1900-01-01		Mamhead Castle	Devon	50.620133		0	0	1		223
R	ECA	G-03626		1900-01-01		Mamhead Obelisk	Devon	50.616544		0	0	1		223
R	ECA	G-03627		1900-01-01		Addington Palace	Surrey	51.357502		0	0	1		223
R	ECA	G-03628		1900-01-01		Ingleby Manor	Yorkshire	54.444095		0	0	1		223
R	ECA	G-03629		1900-01-01		Old Winchester Hill	Hampshire	50.980391		0	0	1		223
R	ECA	G-03630		1900-01-01		Raddon Hill Hillfort	Devon	50.81679916		0	0	1		223
R	ECA	G-03631		1900-01-01		Lordenshaws Hillfort	Northumberland	55.287548		0	0	1		223
R	ECA	G-03632		1900-01-01		Tosson Burgh Hillfort	Northumberland	55.298452		0	0	1		223
R	ECA	G-03633		1900-01-01		Witchy Neuk Hillfort	Northumberland	55.288069		0	0	1		223
R	ECA	G-03634		1900-01-01		Soldiers Fold Hillfort	Northumberland	55.289290		0	0	1		223
R	ECA	G-03635		1900-01-01		Harehaugh Multivallate Hillfort	Northumberland	55.292351		0	0	1		223
R	ECA	G-03636		1900-01-01		Campville Multivallate Hillfort	Northumberland	55.316659		0	0	1		223
R	ECA	G-03637		1900-01-01		Camp Knowe Univallate Hillfort	Northumberland	55.364340		0	0	1		223
R	ECA	G-03638		1900-01-01		Castle Hill Camp (Hillfort)	Northumberland	55.392410		0	0	1		223
R	ECA	G-03639		1900-01-01		Humbleton Hill (Iron Age Hillfort)	Northumberland	55.548250		0	0	1		223
R	ECA	G-03640		1900-01-01		Monday Cleugh Multivallate Hillfort & Prehistoric Trackway	Northumberland	55.550677		0	0	1		223
R	ECA	G-03641		1900-01-01		Richborough Castle (Richborough Roman Fort)	Kent	51.292512		0	0	1		223
R	ECA	G-03642		1900-01-01		Rutupiae Amphitheatre	Kent	51.290243		0	0	1		223
R	ECA	G-03643		1900-01-01		Ravenscar Manor	Yorkshire	54.402443		0	0	1		223
R	ECA	G-03644		1900-01-01		Queen Annes Battery	Devon	50.365153		0	0	1		223
R	ECA	G-03645		1900-01-01		Mount Batten Tower	Devon	50.359795		0	0	1		223
R	ECA	G-03646		1900-01-01		St. Michaels Hill Tower	Montacute	Somerset		0	0	1		223
R	ECA	G-03647		1900-01-01		Plumpton (Voreda) Roman Fort	Cumbria	54.738544		0	0	1		223
R	ECA	G-03648		1900-01-01		Brent Tor Hillfort (Earthworks)	Devon	50.603206		0	0	1		223
R	ECA	G-03649		1900-01-01		Blewburton Hill (Iron Age Hillfort)	Oxfordshire	51.572018		0	0	1		223
R	ECA	G-03650		1900-01-01		Holmbury Hill Hillfort	Surrey	51.175372		0	0	1		223
R	ECA	G-03651		1900-01-01		Hascombe Hill Hilfort	Surrey	51.138252		0	0	1		223
R	ECA	G-03652		1900-01-01		Fort Fareham	Hampshire	50.841321		0	0	1		223
R	ECA	G-03653		1900-01-01		Fort Brockhurst	Hampshire	50.815094		0	0	1		223
R	ECA	G-03654		1900-01-01		Fort Rowner	Hampshire	50.806625		0	0	1		223
R	ECA	G-03655		1900-01-01		Fort Grange	Hampshire	50.798443		0	0	1		223
R	ECA	G-03656		1900-01-01		Fort Wallington	Hampshire	50.858649		0	0	1		223
R	ECA	G-03657		1900-01-01		Fort Elson	Hampshire	50.823046		0	0	1		223
R	ECA	G-03658		1900-01-01		St Michael De Rupe Medieval Church Tower	Devon	50.603219		0	0	1		223
R	ECA	G-03659		1900-01-01		Perch Rock Fort	Cheshire	53.442829		0	0	1		223
R	ECA	G-03660		1900-01-01		Warbstow Bury (Iron Age Hillfort)	Cornwall	50.689032		0	0	1		223
R	ECA	G-03661		1900-01-01		Brean Down Celtic Roman Temple	Somerset	51.324398		0	0	1		223
R	ECA	G-03662		1900-01-01		Carn Brea Iron Age Hillfort	Cornwall	50.222617		0	0	1		223
R	ECA	G-03663		1900-01-01		Carn Brea Monument (Basset Monument)	Cornwall	50.221070		0	0	1		223
R	ECA	G-03664		1900-01-01		Padderbury Top Hillfort	Cornwall	50.424847		0	0	1		223
R	ECA	G-03665		1900-01-01		Edward Bliss Morsaleum	Suffolk	52.434275		0	0	1		223
R	ECA	G-03666		1900-01-01		Brandon Park House	Suffolk	52.434933		0	0	1		223
R	ECA	G-03667		1900-01-01		Grange Arch (Creech Folly)	Dorset	50.635613		0	0	1		223
R	ECA	G-03668		1900-01-01		Corfe Castle Ringwork & Bailey	(Scheduled Monument)	Dorset		0	0	1		223
R	ECA	G-03669		1900-01-01		Brownstone Battery (Kingswear)	Devon	50.336852		0	0	1		223
R	ECA	G-03670		1900-01-01		Penshaw Monument	County Durham	54.883057		0	0	1		223
R	ECA	G-03671		1900-01-01		Fort Gilkicker	Hampshire	50.774225		0	0	1		223
R	ECA	G-03672		1900-01-01		MOD Fort Monckton	Hampshire	50.77806		0	0	1		223
R	ECA	G-03673		1900-01-01		Browndown Battery	Hampshire	50.786965		0	0	1		223
R	ECA	G-03674		1900-01-01		Fort Blockhouse	Hampshire	50.789464		0	0	1		223
R	ECA	G-03675		1900-01-01		Fort Cumberland	Hampshire	50.788934		0	0	1		223
R	ECA	G-03676		1900-01-01		Lumps Fort	Hampshire	50.780840		0	0	1		223
R	ECA	G-03677		1900-01-01		Eastney Battery (East)	Hampshire	50.784993		0	0	1		223
R	ECA	G-03678		1900-01-01		Eastney Battery (West)	Hampshire	50.783262		0	0	1		223
R	ECA	G-03679		1900-01-01		Sherborne Castle & Gardens	Dorset	50.945832		0	0	1		223
R	ECA	G-03680		1900-01-01		The Roman Temple (Maiden Castle)	Dorset	50.694901		0	0	1		223
R	ECA	G-03681		1900-01-01		Chudleigh Fort	Devon	51.016067		0	0	1		223
R	ECA	G-03682		1900-01-01		Moreton Hall	Suffolk	52.246438		0	0	1		223
R	ECA	G-03683		1900-01-01		Stanhope Castle	County Durham	54.747400		0	0	1		223
R	ECA	G-03684		1900-01-01		Stanhope Old Hall	County Durham	54.749524		0	0	1		223
R	ECA	G-03685		1900-01-01		Caister Roman Wall	Lincolnshire	53.495944		0	0	1		223
R	ECA	G-03686		1900-01-01		Kirkham Priory	Yorkshire	54.082838		0	0	1		223
R	ECA	G-03687		1900-01-01		Spinsters Rock (Burial Chamber)	Devon	50.702142		0	0	1		223
R	ECA	G-03688		1900-01-01		Nine Maidens (Stone Circle)	Devon	50.718589		0	0	1		223
R	ECA	G-03689		1900-01-01		Scorhill (Stone Circle)	Devon	50.670630		0	0	1		223
R	ECA	G-03690		1900-01-01		Grey Wethers (Stone Circle)	Devon	50.632020		0	0	1		223
R	ECA	G-03691		1900-01-01		Fernworthy (Stone Circle)	Devon	50.641201		0	0	1		223
R	ECA	G-03692		1900-01-01		Slingsbury Castle	Yorkshire	54.165047		0	0	1		223
R	ECA	G-03693		1900-01-01		Cawthorn Roman Camp	Yorkshire	54.299457		0	0	1		223
R	ECA	G-03694		1900-01-01		Cawthorn Roman Fort (A)	Yorkshire	54.299171		0	0	1		223
R	ECA	G-03695		1900-01-01		Cawthorn Roman Fort (B)	Yorkshire	54.300650		0	0	1		223
R	ECA	G-03696		1900-01-01		Castle Dore	Cornwall	50.362707		0	0	1		223
R	ECA	G-03697		1900-01-01		Ince Castle House	Cornwall	50.386764		0	0	1		223
R	ECA	G-03698		1900-01-01		Kings Court Royal Palace (Earthworks)	Dorset	51.036011		0	0	1		223
R	ECA	G-03699		1900-01-01		Southwick House	Hampshire	50.874778		0	0	1		223
R	ECA	G-03700		1900-01-01		Scarrish Wood Cross Dyke	Yorkshire	54.144147		0	0	1		223
R	ECA	G-03701		1900-01-01		Coneysthorpe Banks Linear Dyke	Yorkshire	54.146016		0	0	1		223
R	ECA	G-03702		1900-01-01		Frynton West Linear Dyke	Yorkshire	54.149219		0	0	1		223
R	ECA	G-03703		1900-01-01		Crickley Hill Hillfort	Gloucestershire	51.843454		0	0	1		223
R	ECA	G-03704		1900-01-01		Longovicium Roman Fort	County Durham	54.816625		0	0	1		223
R	ECA	G-03705		1900-01-01		Littlehampton Fort	Hampshire	50.801174		0	0	1		223
R	ECA	G-03706		1900-01-01		Shoreham Fort	Hampshire	50.827334		0	0	1		223
R	ECA	G-03707		1900-01-01		Uffington Iron Age Hillfort	Hampshire	51.574955		0	0	1		223
R	ECA	G-03708		1900-01-01		Liddington Castle Hillfort	Wiltshire	51.515694		0	0	1		223
R	ECA	G-03709		1900-01-01		Hembury Castle Hillfort	Devon	50.50175		0	0	1		223
R	ECA	G-03710		1900-01-01		Buckfast Abbey	Devon	50.492740		0	0	1		223
R	ECA	G-03711		1900-01-01		Butser Hill Ancient Village and Defensive Earthworks	Hampshire	50.977689		0	0	1		223
R	ECA	G-03712		1900-01-01		WW2 US Assault Training Centre	Devon	51.071756		0	0	1		223
R	ECA	G-03713		1900-01-01		Sneaton Castle	North Yorkshire	54.483606		0	0	1		223
R	ECA	G-03714		1900-01-01		St. Hilda's Medieval Manor House	County Durham	54.69701		0	0	1		223
