# Referencias del diploma USA-CA. Generado; no se edita a mano.
R	USA-CA	AK-CENTRAL	AK,CENTRAL|AK CENTRAL|BETHEL|DENALI|FAIRBANKS NORTH STAR|SOUTHEAST FAIRBANKS|SAINT MATTHEW ISLAND|SAINT MATTEW|YUKON|HOYUKUK	1900-01-01	2100-12-31	Central Alaska				0	0	1		6,110,291
R	USA-CA	AK-NORTHWESTERN	AK,NORTHWESTERN|AK NORTHWESTERN|AK-NOME|NORTHWEST ARCTIC|NORTH SLOPE|WADE HAMPTON	1900-01-01	2100-12-31	Alaska Northwestern				0	0	1		6
R	USA-CA	AK-SOUTHCENTRAL	AK,SOUTHCENTRAL|AK SOUTHCENTRAL|ALEUTIANS EAST|ALEUTIANS WEST|ALEUTIANS|ANCHORAGE|BRISTOL BAY|DILLINGHAM|KENAI PENINSULA|KENAI|KODIAK|KODIAK ISLAND|LAKE AND PENINSULA|MATANUSKA|SUSITNA|PRIBILOF ISLANDS|PRIBILOF|VALDEZ|CORDOVA	1900-01-01	2100-12-31	South Central Alaska				0	0	1		6
R	USA-CA	AK-SOUTHEASTERN	AK,SOUTHEASTERN|AK SOUTHEASTERN|HAINES|JUNEAU|KETCHIKAN GATEWAY|PRINCE OF WALES|OUTER KETCHIKAN|SITKA|SKAGWAY|YAKUTAT|ANGOON|WRANGELL|PETERSBURG	1900-01-01	2100-12-31	Southeastern Alaska				0	0	1		6
R	USA-CA	AL-AUTAUGA	AL,AUTAUGA|AL AUTAUGA	1900-01-01	2100-12-31					0	0	1		291
R	USA-CA	AL-BALDWIN	AL,BALDWIN|AL BALDWIN	1900-01-01	2100-12-31					0	0	1		291
R	USA-CA	AL-BARBOUR	AL,BARBOUR|AL BARBOUR	1900-01-01	2100-12-31					0	0	1		291
R	USA-CA	AL-BIBB	AL,BIBB|AL BIBB	1900-01-01	2100-12-31					0	0	1		291
R	USA-CA	AL-BLOUNT	AL,BLOUNT|AL BLOUNT	1900-01-01	2100-12-31					0	0	1		291
R	USA-CA	AL-BULLOCK	AL,BULLOCK|AL BULLOCK	1900-01-01	2100-12-31					0	0	1		291
R	USA-CA	AL-BUTLER	AL,BUTLER|AL BUTLER	1900-01-01	2100-12-31					0	0	1		291
R	USA-CA	AL-CALHOUN	AL,CALHOUN|AL CALHOUN	1900-01-01	2100-12-31					0	0	1		291
R	USA-CA	AL-CHAMBERS	AL,CHAMBERS|AL CHAMBERS	1900-01-01	2100-12-31					0	0	1		291
R	USA-CA	AL-CHEROKEE	AL,CHEROKEE|AL CHEROKEE	1900-01-01	2100-12-31					0	0	1		291
R	USA-CA	AL-CHILTON	AL,CHILTON|AL CHILTON	1900-01-01	2100-12-31					0	0	1		291
R	USA-CA	AL-CHOCTAW	AL,CHOCTAW|AL CHOCTAW	1900-01-01	2100-12-31					0	0	1		291
R	USA-CA	AL-CLARKE	AL,CLARKE|AL CLARKE	1900-01-01	2100-12-31					0	0	1		291
R	USA-CA	AL-CLAY	AL,CLAY|AL CLAY	1900-01-01	2100-12-31					0	0	1		291
R	USA-CA	AL-CLEBURNE	AL,CLEBURNE|AL CLEBURNE	1900-01-01	2100-12-31					0	0	1		291
R	USA-CA	AL-COFFEE	AL,COFFEE|AL COFFEE	1900-01-01	2100-12-31					0	0	1		291
R	USA-CA	AL-COLBERT	AL,COLBERT|AL COLBERT	1900-01-01	2100-12-31					0	0	1		291
R	USA-CA	AL-CONECUH	AL,CONECUH|AL CONECUH	1900-01-01	2100-12-31					0	0	1		291
R	USA-CA	AL-COOSA	AL,COOSA|AL COOSA	1900-01-01	2100-12-31					0	0	1		291
R	USA-CA	AL-COVINGTON	AL,COVINGTON|AL COVINGTON	1900-01-01	2100-12-31					0	0	1		291
R	USA-CA	AL-CRENSHAW	AL,CRENSHAW|AL CRENSHAW	1900-01-01	2100-12-31					0	0	1		291
R	USA-CA	AL-CULLMAN	AL,CULLMAN|AL CULLMAN	1900-01-01	2100-12-31					0	0	1		291
R	USA-CA	AL-DALE	AL,DALE|AL DALE	1900-01-01	2100-12-31					0	0	1		291
R	USA-CA	AL-DALLAS	AL,DALLAS|AL DALLAS	1900-01-01	2100-12-31					0	0	1		291
R	USA-CA	AL-DEKALB	AL,DEKALB|AL DEKALB	1900-01-01	2100-12-31					0	0	1		291
R	USA-CA	AL-ELMORE	AL,ELMORE|AL ELMORE	1900-01-01	2100-12-31					0	0	1		291
R	USA-CA	AL-ESCAMBIA	AL,ESCAMBIA|AL ESCAMBIA	1900-01-01	2100-12-31					0	0	1		291
R	USA-CA	AL-ETOWAH	AL,ETOWAH|AL ETOWAH	1900-01-01	2100-12-31					0	0	1		291
R	USA-CA	AL-FAYETTE	AL,FAYETTE|AL FAYETTE	1900-01-01	2100-12-31					0	0	1		291
R	USA-CA	AL-FRANKLIN	AL,FRANKLIN|AL FRANKLIN	1900-01-01	2100-12-31					0	0	1		291
R	USA-CA	AL-GENEVA	AL,GENEVA|AL GENEVA	1900-01-01	2100-12-31					0	0	1		291
R	USA-CA	AL-GREENE	AL,GREENE|AL GREENE	1900-01-01	2100-12-31					0	0	1		291
R	USA-CA	AL-HALE	AL,HALE|AL HALE	1900-01-01	2100-12-31					0	0	1		291
R	USA-CA	AL-HENRY	AL,HENRY|AL HENRY	1900-01-01	2100-12-31					0	0	1		291
R	USA-CA	AL-HOUSTON	AL,HOUSTON|AL HOUSTON	1900-01-01	2100-12-31					0	0	1		291
R	USA-CA	AL-JACKSON	AL,JACKSON|AL JACKSON	1900-01-01	2100-12-31					0	0	1		291
R	USA-CA	AL-JEFFERSON	AL,JEFFERSON|AL JEFFERSON	1900-01-01	2100-12-31					0	0	1		291
R	USA-CA	AL-LAMAR	AL,LAMAR|AL LAMAR	1900-01-01	2100-12-31					0	0	1		291
R	USA-CA	AL-LAUDERDALE	AL,LAUDERDALE|AL LAUDERDALE	1900-01-01	2100-12-31					0	0	1		291
R	USA-CA	AL-LAWRENCE	AL,LAWRENCE|AL LAWRENCE	1900-01-01	2100-12-31					0	0	1		291
R	USA-CA	AL-LEE	AL,LEE|AL LEE	1900-01-01	2100-12-31					0	0	1		291
R	USA-CA	AL-LIMESTONE	AL,LIMESTONE|AL LIMESTONE	1900-01-01	2100-12-31					0	0	1		291
R	USA-CA	AL-LOWNDES	AL,LOWNDES|AL LOWNDES	1900-01-01	2100-12-31					0	0	1		291
R	USA-CA	AL-MACON	AL,MACON|AL MACON	1900-01-01	2100-12-31					0	0	1		291
R	USA-CA	AL-MADISON	AL,MADISON|AL MADISON	1900-01-01	2100-12-31					0	0	1		291
R	USA-CA	AL-MARENGO	AL,MARENGO|AL MARENGO	1900-01-01	2100-12-31					0	0	1		291
R	USA-CA	AL-MARION	AL,MARION|AL MARION	1900-01-01	2100-12-31					0	0	1		291
R	USA-CA	AL-MARSHALL	AL,MARSHALL|AL MARSHALL	1900-01-01	2100-12-31					0	0	1		291
R	USA-CA	AL-MOBILE	AL,MOBILE|AL MOBILE	1900-01-01	2100-12-31					0	0	1		291
R	USA-CA	AL-MONROE	AL,MONROE|AL MONROE	1900-01-01	2100-12-31					0	0	1		291
R	USA-CA	AL-MONTGOMERY	AL,MONTGOMERY|AL MONTGOMERY	1900-01-01	2100-12-31					0	0	1		291
R	USA-CA	AL-MORGAN	AL,MORGAN|AL MORGAN	1900-01-01	2100-12-31					0	0	1		291
R	USA-CA	AL-PERRY	AL,PERRY|AL PERRY	1900-01-01	2100-12-31					0	0	1		291
R	USA-CA	AL-PICKENS	AL,PICKENS|AL PICKENS	1900-01-01	2100-12-31					0	0	1		291
R	USA-CA	AL-PIKE	AL,PIKE|AL PIKE	1900-01-01	2100-12-31					0	0	1		291
R	USA-CA	AL-RANDOLPH	AL,RANDOLPH|AL RANDOLPH	1900-01-01	2100-12-31					0	0	1		291
R	USA-CA	AL-RUSSELL	AL,RUSSELL|AL RUSSELL	1900-01-01	2100-12-31					0	0	1		291
R	USA-CA	AL-SHELBY	AL,SHELBY|AL SHELBY	1900-01-01	2100-12-31					0	0	1		291
R	USA-CA	AL-ST.CLAIR	AL,ST.CLAIR|AL ST.CLAIR	1900-01-01	2100-12-31					0	0	1		291
R	USA-CA	AL-SUMTER	AL,SUMTER|AL SUMTER	1900-01-01	2100-12-31					0	0	1		291
R	USA-CA	AL-TALLADEGA	AL,TALLADEGA|AL TALLADEGA	1900-01-01	2100-12-31					0	0	1		291
R	USA-CA	AL-TALLAPOOSA	AL,TALLAPOOSA|AL TALLAPOOSA	1900-01-01	2100-12-31					0	0	1		291
R	USA-CA	AL-TUSCALOOSA	AL,TUSCALOOSA|AL TUSCALOOSA	1900-01-01	2100-12-31					0	0	1		291
R	USA-CA	AL-WALKER	AL,WALKER|AL WALKER	1900-01-01	2100-12-31					0	0	1		291
R	USA-CA	AL-WASHINGTON	AL,WASHINGTON|AL WASHINGTON	1900-01-01	2100-12-31					0	0	1		291
R	USA-CA	AL-WILCOX	AL,WILCOX|AL WILCOX	1900-01-01	2100-12-31					0	0	1		291
R	USA-CA	AL-WINSTON	AL,WINSTON|AL WINSTON	1900-01-01	2100-12-31					0	0	1		291
R	USA-CA	AR-ARKANSAS	AR,ARKANSAS|AR ARKANSAS	1900-01-01	2100-12-31					0	0	1		291
R	USA-CA	AR-ASHLEY	AR,ASHLEY|AR ASHLEY	1900-01-01	2100-12-31					0	0	1		291
R	USA-CA	AR-BAXTER	AR,BAXTER|AR BAXTER	1900-01-01	2100-12-31					0	0	1		291
R	USA-CA	AR-BENTON	AR,BENTON|AR BENTON	1900-01-01	2100-12-31					0	0	1		291
R	USA-CA	AR-BOONE	AR,BOONE|AR BOONE	1900-01-01	2100-12-31					0	0	1		291
R	USA-CA	AR-BRADLEY	AR,BRADLEY|AR BRADLEY	1900-01-01	2100-12-31					0	0	1		291
R	USA-CA	AR-CALHOUN	AR,CALHOUN|AR CALHOUN	1900-01-01	2100-12-31					0	0	1		291
R	USA-CA	AR-CARROLL	AR,CARROLL|AR CARROLL	1900-01-01	2100-12-31					0	0	1		291
R	USA-CA	AR-CHICOT	AR,CHICOT|AR CHICOT	1900-01-01	2100-12-31					0	0	1		291
R	USA-CA	AR-CLARK	AR,CLARK|AR CLARK	1900-01-01	2100-12-31					0	0	1		291
R	USA-CA	AR-CLAY	AR,CLAY|AR CLAY	1900-01-01	2100-12-31					0	0	1		291
R	USA-CA	AR-CLEBURNE	AR,CLEBURNE|AR CLEBURNE	1900-01-01	2100-12-31					0	0	1		291
R	USA-CA	AR-CLEVELAND	AR,CLEVELAND|AR CLEVELAND	1900-01-01	2100-12-31					0	0	1		291
R	USA-CA	AR-COLUMBIA	AR,COLUMBIA|AR COLUMBIA	1900-01-01	2100-12-31					0	0	1		291
R	USA-CA	AR-CONWAY	AR,CONWAY|AR CONWAY	1900-01-01	2100-12-31					0	0	1		291
R	USA-CA	AR-CRAIGHEAD	AR,CRAIGHEAD|AR CRAIGHEAD	1900-01-01	2100-12-31					0	0	1		291
R	USA-CA	AR-CRAWFORD	AR,CRAWFORD|AR CRAWFORD	1900-01-01	2100-12-31					0	0	1		291
R	USA-CA	AR-CRITTENDEN	AR,CRITTENDEN|AR CRITTENDEN	1900-01-01	2100-12-31					0	0	1		291
R	USA-CA	AR-CROSS	AR,CROSS|AR CROSS	1900-01-01	2100-12-31					0	0	1		291
R	USA-CA	AR-DALLAS	AR,DALLAS|AR DALLAS	1900-01-01	2100-12-31					0	0	1		291
R	USA-CA	AR-DESHA	AR,DESHA|AR DESHA	1900-01-01	2100-12-31					0	0	1		291
R	USA-CA	AR-DREW	AR,DREW|AR DREW	1900-01-01	2100-12-31					0	0	1		291
R	USA-CA	AR-FAULKNER	AR,FAULKNER|AR FAULKNER	1900-01-01	2100-12-31					0	0	1		291
R	USA-CA	AR-FRANKLIN	AR,FRANKLIN|AR FRANKLIN	1900-01-01	2100-12-31					0	0	1		291
R	USA-CA	AR-FULTON	AR,FULTON|AR FULTON	1900-01-01	2100-12-31					0	0	1		291
R	USA-CA	AR-GARLAND	AR,GARLAND|AR GARLAND	1900-01-01	2100-12-31					0	0	1		291
R	USA-CA	AR-GRANT	AR,GRANT|AR GRANT	1900-01-01	2100-12-31					0	0	1		291
R	USA-CA	AR-GREENE	AR,GREENE|AR GREENE	1900-01-01	2100-12-31					0	0	1		291
R	USA-CA	AR-HEMPSTEAD	AR,HEMPSTEAD|AR HEMPSTEAD	1900-01-01	2100-12-31					0	0	1		291
R	USA-CA	AR-HOTSPRING	AR,HOTSPRING|AR HOTSPRING	1900-01-01	2100-12-31					0	0	1		291
R	USA-CA	AR-HOWARD	AR,HOWARD|AR HOWARD	1900-01-01	2100-12-31					0	0	1		291
R	USA-CA	AR-INDEPENDENCE	AR,INDEPENDENCE|AR INDEPENDENCE	1900-01-01	2100-12-31					0	0	1		291
R	USA-CA	AR-IZARD	AR,IZARD|AR IZARD	1900-01-01	2100-12-31					0	0	1		291
R	USA-CA	AR-JACKSON	AR,JACKSON|AR JACKSON	1900-01-01	2100-12-31					0	0	1		291
R	USA-CA	AR-JEFFERSON	AR,JEFFERSON|AR JEFFERSON	1900-01-01	2100-12-31					0	0	1		291
R	USA-CA	AR-JOHNSON	AR,JOHNSON|AR JOHNSON	1900-01-01	2100-12-31					0	0	1		291
R	USA-CA	AR-LAFAYETTE	AR,LAFAYETTE|AR LAFAYETTE	1900-01-01	2100-12-31					0	0	1		291
R	USA-CA	AR-LAWRENCE	AR,LAWRENCE|AR LAWRENCE	1900-01-01	2100-12-31					0	0	1		291
R	USA-CA	AR-LEE	AR,LEE|AR LEE	1900-01-01	2100-12-31					0	0	1		291
R	USA-CA	AR-LINCOLN	AR,LINCOLN|AR LINCOLN	1900-01-01	2100-12-31					0	0	1		291
R	USA-CA	AR-LITTLERIVER	AR,LITTLERIVER|AR LITTLERIVER	1900-01-01	2100-12-31					0	0	1		291
R	USA-CA	AR-LOGAN	AR,LOGAN|AR LOGAN	1900-01-01	2100-12-31					0	0	1		291
R	USA-CA	AR-LONOKE	AR,LONOKE|AR LONOKE	1900-01-01	2100-12-31					0	0	1		291
R	USA-CA	AR-MADISON	AR,MADISON|AR MADISON	1900-01-01	2100-12-31					0	0	1		291
R	USA-CA	AR-MARION	AR,MARION|AR MARION	1900-01-01	2100-12-31					0	0	1		291
R	USA-CA	AR-MILLER	AR,MILLER|AR MILLER	1900-01-01	2100-12-31					0	0	1		291
R	USA-CA	AR-MISSISSIPPI	AR,MISSISSIPPI|AR MISSISSIPPI	1900-01-01	2100-12-31					0	0	1		291
R	USA-CA	AR-MONROE	AR,MONROE|AR MONROE	1900-01-01	2100-12-31					0	0	1		291
R	USA-CA	AR-MONTGOMERY	AR,MONTGOMERY|AR MONTGOMERY	1900-01-01	2100-12-31					0	0	1		291
R	USA-CA	AR-NEVADA	AR,NEVADA|AR NEVADA	1900-01-01	2100-12-31					0	0	1		291
R	USA-CA	AR-NEWTON	AR,NEWTON|AR NEWTON	1900-01-01	2100-12-31					0	0	1		291
R	USA-CA	AR-OUACHITA	AR,OUACHITA|AR OUACHITA	1900-01-01	2100-12-31					0	0	1		291
R	USA-CA	AR-PERRY	AR,PERRY|AR PERRY	1900-01-01	2100-12-31					0	0	1		291
R	USA-CA	AR-PHILLIPS	AR,PHILLIPS|AR PHILLIPS	1900-01-01	2100-12-31					0	0	1		291
R	USA-CA	AR-PIKE	AR,PIKE|AR PIKE	1900-01-01	2100-12-31					0	0	1		291
R	USA-CA	AR-POINSETT	AR,POINSETT|AR POINSETT	1900-01-01	2100-12-31					0	0	1		291
R	USA-CA	AR-POLK	AR,POLK|AR POLK	1900-01-01	2100-12-31					0	0	1		291
R	USA-CA	AR-POPE	AR,POPE|AR POPE	1900-01-01	2100-12-31					0	0	1		291
R	USA-CA	AR-PRAIRIE	AR,PRAIRIE|AR PRAIRIE	1900-01-01	2100-12-31					0	0	1		291
R	USA-CA	AR-PULASKI	AR,PULASKI|AR PULASKI	1900-01-01	2100-12-31					0	0	1		291
R	USA-CA	AR-RANDOLPH	AR,RANDOLPH|AR RANDOLPH	1900-01-01	2100-12-31					0	0	1		291
R	USA-CA	AR-SALINE	AR,SALINE|AR SALINE	1900-01-01	2100-12-31					0	0	1		291
R	USA-CA	AR-SCOTT	AR,SCOTT|AR SCOTT	1900-01-01	2100-12-31					0	0	1		291
R	USA-CA	AR-SEARCY	AR,SEARCY|AR SEARCY	1900-01-01	2100-12-31					0	0	1		291
R	USA-CA	AR-SEBASTIAN	AR,SEBASTIAN|AR SEBASTIAN	1900-01-01	2100-12-31					0	0	1		291
R	USA-CA	AR-SEVIER	AR,SEVIER|AR SEVIER	1900-01-01	2100-12-31					0	0	1		291
R	USA-CA	AR-SHARP	AR,SHARP|AR SHARP	1900-01-01	2100-12-31					0	0	1		291
R	USA-CA	AR-ST.FRANCIS	AR,ST.FRANCIS|AR ST.FRANCIS	1900-01-01	2100-12-31					0	0	1		291
R	USA-CA	AR-STONE	AR,STONE|AR STONE	1900-01-01	2100-12-31					0	0	1		291
R	USA-CA	AR-UNION	AR,UNION|AR UNION	1900-01-01	2100-12-31					0	0	1		291
R	USA-CA	AR-VANBUREN	AR,VANBUREN|AR VANBUREN	1900-01-01	2100-12-31					0	0	1		291
R	USA-CA	AR-WASHINGTON	AR,WASHINGTON|AR WASHINGTON	1900-01-01	2100-12-31					0	0	1		291
R	USA-CA	AR-WHITE	AR,WHITE|AR WHITE	1900-01-01	2100-12-31					0	0	1		291
R	USA-CA	AR-WOODRUFF	AR,WOODRUFF|AR WOODRUFF	1900-01-01	2100-12-31					0	0	1		291
R	USA-CA	AR-YELL	AR,YELL|AR YELL	1900-01-01	2100-12-31					0	0	1		291
R	USA-CA	AZ-APACHE	AZ,APACHE|AZ APACHE	1900-01-01	2100-12-31					0	0	1		291
R	USA-CA	AZ-COCHISE	AZ,COCHISE|AZ COCHISE	1900-01-01	2100-12-31					0	0	1		291
R	USA-CA	AZ-COCONINO	AZ,COCONINO|AZ COCONINO	1900-01-01	2100-12-31					0	0	1		291
R	USA-CA	AZ-GILA	AZ,GILA|AZ GILA	1900-01-01	2100-12-31					0	0	1		291
R	USA-CA	AZ-GRAHAM	AZ,GRAHAM|AZ GRAHAM	1900-01-01	2100-12-31					0	0	1		291
R	USA-CA	AZ-GREENLEE	AZ,GREENLEE|AZ GREENLEE	1900-01-01	2100-12-31					0	0	1		291
R	USA-CA	AZ-LAPAZ	AZ,LAPAZ|AZ LAPAZ	1900-01-01	2100-12-31					0	0	1		291
R	USA-CA	AZ-MARICOPA	AZ,MARICOPA|AZ MARICOPA	1900-01-01	2100-12-31					0	0	1		291
R	USA-CA	AZ-MOHAVE	AZ,MOHAVE|AZ MOHAVE	1900-01-01	2100-12-31					0	0	1		291
R	USA-CA	AZ-NAVAJO	AZ,NAVAJO|AZ NAVAJO	1900-01-01	2100-12-31					0	0	1		291
R	USA-CA	AZ-PIMA	AZ,PIMA|AZ PIMA	1900-01-01	2100-12-31					0	0	1		291
R	USA-CA	AZ-PINAL	AZ,PINAL|AZ PINAL	1900-01-01	2100-12-31					0	0	1		291
R	USA-CA	AZ-SANTACRUZ	AZ,SANTACRUZ|AZ SANTACRUZ	1900-01-01	2100-12-31					0	0	1		291
R	USA-CA	AZ-YAVAPAI	AZ,YAVAPAI|AZ YAVAPAI	1900-01-01	2100-12-31					0	0	1		291
R	USA-CA	AZ-YUMA	AZ,YUMA|AZ YUMA	1900-01-01	2100-12-31					0	0	1		291
R	USA-CA	CA-ALAMEDA	CA,ALAMEDA|CA ALAMEDA	1900-01-01	2100-12-31					0	0	1		291
R	USA-CA	CA-ALPINE	CA,ALPINE|CA ALPINE	1900-01-01	2100-12-31					0	0	1		291
R	USA-CA	CA-AMADOR	CA,AMADOR|CA AMADOR	1900-01-01	2100-12-31					0	0	1		291
R	USA-CA	CA-BUTTE	CA,BUTTE|CA BUTTE	1900-01-01	2100-12-31					0	0	1		291
R	USA-CA	CA-CALAVERAS	CA,CALAVERAS|CA CALAVERAS	1900-01-01	2100-12-31					0	0	1		291
R	USA-CA	CA-COLUSA	CA,COLUSA|CA COLUSA	1900-01-01	2100-12-31					0	0	1		291
R	USA-CA	CA-CONTRACOSTA	CA,CONTRACOSTA|CA CONTRACOSTA	1900-01-01	2100-12-31					0	0	1		291
R	USA-CA	CA-DELNORTE	CA,DELNORTE|CA DELNORTE	1900-01-01	2100-12-31					0	0	1		291
R	USA-CA	CA-ELDORADO	CA,ELDORADO|CA ELDORADO	1900-01-01	2100-12-31					0	0	1		291
R	USA-CA	CA-FRESNO	CA,FRESNO|CA FRESNO	1900-01-01	2100-12-31					0	0	1		291
R	USA-CA	CA-GLENN	CA,GLENN|CA GLENN	1900-01-01	2100-12-31					0	0	1		291
R	USA-CA	CA-HUMBOLDT	CA,HUMBOLDT|CA HUMBOLDT	1900-01-01	2100-12-31					0	0	1		291
R	USA-CA	CA-IMPERIAL	CA,IMPERIAL|CA IMPERIAL	1900-01-01	2100-12-31					0	0	1		291
R	USA-CA	CA-INYO	CA,INYO|CA INYO	1900-01-01	2100-12-31					0	0	1		291
R	USA-CA	CA-KERN	CA,KERN|CA KERN	1900-01-01	2100-12-31					0	0	1		291
R	USA-CA	CA-KINGS	CA,KINGS|CA KINGS	1900-01-01	2100-12-31					0	0	1		291
R	USA-CA	CA-LAKE	CA,LAKE|CA LAKE	1900-01-01	2100-12-31					0	0	1		291
R	USA-CA	CA-LASSEN	CA,LASSEN|CA LASSEN	1900-01-01	2100-12-31					0	0	1		291
R	USA-CA	CA-LOSANGELES	CA,LOSANGELES|CA LOSANGELES	1900-01-01	2100-12-31					0	0	1		291
R	USA-CA	CA-MADERA	CA,MADERA|CA MADERA	1900-01-01	2100-12-31					0	0	1		291
R	USA-CA	CA-MARIN	CA,MARIN|CA MARIN	1900-01-01	2100-12-31					0	0	1		291
R	USA-CA	CA-MARIPOSA	CA,MARIPOSA|CA MARIPOSA	1900-01-01	2100-12-31					0	0	1		291
R	USA-CA	CA-MENDOCINO	CA,MENDOCINO|CA MENDOCINO	1900-01-01	2100-12-31					0	0	1		291
R	USA-CA	CA-MERCED	CA,MERCED|CA MERCED	1900-01-01	2100-12-31					0	0	1		291
R	USA-CA	CA-MODOC	CA,MODOC|CA MODOC	1900-01-01	2100-12-31					0	0	1		291
R	USA-CA	CA-MONO	CA,MONO|CA MONO	1900-01-01	2100-12-31					0	0	1		291
R	USA-CA	CA-MONTEREY	CA,MONTEREY|CA MONTEREY	1900-01-01	2100-12-31					0	0	1		291
R	USA-CA	CA-NAPA	CA,NAPA|CA NAPA	1900-01-01	2100-12-31					0	0	1		291
R	USA-CA	CA-NEVADA	CA,NEVADA|CA NEVADA	1900-01-01	2100-12-31					0	0	1		291
R	USA-CA	CA-ORANGE	CA,ORANGE|CA ORANGE	1900-01-01	2100-12-31					0	0	1		291
R	USA-CA	CA-PLASCER	CA,PLASCER|CA PLASCER	1900-01-01	2100-12-31					0	0	1		291
R	USA-CA	CA-PLUMAS	CA,PLUMAS|CA PLUMAS	1900-01-01	2100-12-31					0	0	1		291
R	USA-CA	CA-RIVERSIDE	CA,RIVERSIDE|CA RIVERSIDE	1900-01-01	2100-12-31					0	0	1		291
R	USA-CA	CA-SACRAMENTO	CA,SACRAMENTO|CA SACRAMENTO	1900-01-01	2100-12-31					0	0	1		291
R	USA-CA	CA-SANBENITO	CA,SANBENITO|CA SANBENITO	1900-01-01	2100-12-31					0	0	1		291
R	USA-CA	CA-SANBERNARDINO	CA,SANBERNARDINO|CA SANBERNARDINO	1900-01-01	2100-12-31					0	0	1		291
R	USA-CA	CA-SANDIEGO	CA,SANDIEGO|CA SANDIEGO	1900-01-01	2100-12-31					0	0	1		291
R	USA-CA	CA-SANFRANCISCO	CA,SANFRANCISCO|CA SANFRANCISCO	1900-01-01	2100-12-31					0	0	1		291
R	USA-CA	CA-SANJOAQUIN	CA,SANJOAQUIN|CA SANJOAQUIN	1900-01-01	2100-12-31					0	0	1		291
R	USA-CA	CA-SANLUISOBISPO	CA,SANLUISOBISPO|CA SANLUISOBISPO	1900-01-01	2100-12-31					0	0	1		291
R	USA-CA	CA-SANMATEO	CA,SANMATEO|CA SANMATEO	1900-01-01	2100-12-31					0	0	1		291
R	USA-CA	CA-SANTABARBARA	CA,SANTABARBARA|CA SANTABARBARA	1900-01-01	2100-12-31					0	0	1		291
R	USA-CA	CA-SANTACLARA	CA,SANTACLARA|CA SANTACLARA	1900-01-01	2100-12-31					0	0	1		291
R	USA-CA	CA-SANTACRUZ	CA,SANTACRUZ|CA SANTACRUZ	1900-01-01	2100-12-31					0	0	1		291
R	USA-CA	CA-SHASTA	CA,SHASTA|CA SHASTA	1900-01-01	2100-12-31					0	0	1		291
R	USA-CA	CA-SIERRA	CA,SIERRA|CA SIERRA	1900-01-01	2100-12-31					0	0	1		291
R	USA-CA	CA-SISKIYOU	CA,SISKIYOU|CA SISKIYOU	1900-01-01	2100-12-31					0	0	1		291
R	USA-CA	CA-SOLANO	CA,SOLANO|CA SOLANO	1900-01-01	2100-12-31					0	0	1		291
R	USA-CA	CA-SONOMA	CA,SONOMA|CA SONOMA	1900-01-01	2100-12-31					0	0	1		291
R	USA-CA	CA-STANISLAUS	CA,STANISLAUS|CA STANISLAUS	1900-01-01	2100-12-31					0	0	1		291
R	USA-CA	CA-SUTTER	CA,SUTTER|CA SUTTER	1900-01-01	2100-12-31					0	0	1		291
R	USA-CA	CA-TEHAMA	CA,TEHAMA|CA TEHAMA	1900-01-01	2100-12-31					0	0	1		291
R	USA-CA	CA-TRINITY	CA,TRINITY|CA TRINITY	1900-01-01	2100-12-31					0	0	1		291
R	USA-CA	CA-TULARE	CA,TULARE|CA TULARE	1900-01-01	2100-12-31					0	0	1		291
R	USA-CA	CA-TUOLUMNE	CA,TUOLUMNE|CA TUOLUMNE	1900-01-01	2100-12-31					0	0	1		291
R	USA-CA	CA-VENTURA	CA,VENTURA|CA VENTURA	1900-01-01	2100-12-31					0	0	1		291
R	USA-CA	CA-YOLO	CA,YOLO|CA YOLO	1900-01-01	2100-12-31					0	0	1		291
R	USA-CA	CA-YUBA	CA,YUBA|CA YUBA	1900-01-01	2100-12-31					0	0	1		291
R	USA-CA	CO-ADAMS	CO,ADAMS|CO ADAMS	1900-01-01	2100-12-31					0	0	1		291
R	USA-CA	CO-ALAMOSA	CO,ALAMOSA|CO ALAMOSA	1900-01-01	2100-12-31					0	0	1		291
R	USA-CA	CO-ARAPAHOE	CO,ARAPAHOE|CO ARAPAHOE	1900-01-01	2100-12-31					0	0	1		291
R	USA-CA	CO-ARCHULETA	CO,ARCHULETA|CO ARCHULETA	1900-01-01	2100-12-31					0	0	1		291
R	USA-CA	CO-BACA	CO,BACA|CO BACA	1900-01-01	2100-12-31					0	0	1		291
R	USA-CA	CO-BENT	CO,BENT|CO BENT	1900-01-01	2100-12-31					0	0	1		291
R	USA-CA	CO-BOULDER	CO,BOULDER|CO BOULDER	1900-01-01	2100-12-31					0	0	1		291
R	USA-CA	CO-BROOMFIELD	CO,BROOMFIELD|CO BROOMFIELD	1900-01-01	2100-12-31					0	0	1		291
R	USA-CA	CO-CHAFFEE	CO,CHAFFEE|CO CHAFFEE	1900-01-01	2100-12-31					0	0	1		291
R	USA-CA	CO-CHEYENNE	CO,CHEYENNE|CO CHEYENNE	1900-01-01	2100-12-31					0	0	1		291
R	USA-CA	CO-CLEARCREEK	CO,CLEARCREEK|CO CLEARCREEK	1900-01-01	2100-12-31					0	0	1		291
R	USA-CA	CO-CONEJOS	CO,CONEJOS|CO CONEJOS	1900-01-01	2100-12-31					0	0	1		291
R	USA-CA	CO-COSTILLA	CO,COSTILLA|CO COSTILLA	1900-01-01	2100-12-31					0	0	1		291
R	USA-CA	CO-CROWLEY	CO,CROWLEY|CO CROWLEY	1900-01-01	2100-12-31					0	0	1		291
R	USA-CA	CO-CUSTER	CO,CUSTER|CO CUSTER	1900-01-01	2100-12-31					0	0	1		291
R	USA-CA	CO-DELTA	CO,DELTA|CO DELTA	1900-01-01	2100-12-31					0	0	1		291
R	USA-CA	CO-DENVER	CO,DENVER|CO DENVER	1900-01-01	2100-12-31					0	0	1		291
R	USA-CA	CO-DOLORES	CO,DOLORES|CO DOLORES	1900-01-01	2100-12-31					0	0	1		291
R	USA-CA	CO-DOUGLAS	CO,DOUGLAS|CO DOUGLAS	1900-01-01	2100-12-31					0	0	1		291
R	USA-CA	CO-EAGLE	CO,EAGLE|CO EAGLE	1900-01-01	2100-12-31					0	0	1		291
R	USA-CA	CO-ELBERT	CO,ELBERT|CO ELBERT	1900-01-01	2100-12-31					0	0	1		291
R	USA-CA	CO-ELPASO	CO,ELPASO|CO ELPASO	1900-01-01	2100-12-31					0	0	1		291
R	USA-CA	CO-FREMONT	CO,FREMONT|CO FREMONT	1900-01-01	2100-12-31					0	0	1		291
R	USA-CA	CO-GARFIELD	CO,GARFIELD|CO GARFIELD	1900-01-01	2100-12-31					0	0	1		291
R	USA-CA	CO-GILPIN	CO,GILPIN|CO GILPIN	1900-01-01	2100-12-31					0	0	1		291
R	USA-CA	CO-GRAND	CO,GRAND|CO GRAND	1900-01-01	2100-12-31					0	0	1		291
R	USA-CA	CO-GUNNISON	CO,GUNNISON|CO GUNNISON	1900-01-01	2100-12-31					0	0	1		291
R	USA-CA	CO-HINSDALE	CO,HINSDALE|CO HINSDALE	1900-01-01	2100-12-31					0	0	1		291
R	USA-CA	CO-HUERFANO	CO,HUERFANO|CO HUERFANO	1900-01-01	2100-12-31					0	0	1		291
R	USA-CA	CO-JACKSON	CO,JACKSON|CO JACKSON	1900-01-01	2100-12-31					0	0	1		291
R	USA-CA	CO-JEFFERSON	CO,JEFFERSON|CO JEFFERSON	1900-01-01	2100-12-31					0	0	1		291
R	USA-CA	CO-KIOWA	CO,KIOWA|CO KIOWA	1900-01-01	2100-12-31					0	0	1		291
R	USA-CA	CO-KITCARSON	CO,KITCARSON|CO KITCARSON	1900-01-01	2100-12-31					0	0	1		291
R	USA-CA	CO-LAKE	CO,LAKE|CO LAKE	1900-01-01	2100-12-31					0	0	1		291
R	USA-CA	CO-LAPLATA	CO,LAPLATA|CO LAPLATA	1900-01-01	2100-12-31					0	0	1		291
R	USA-CA	CO-LARIMER	CO,LARIMER|CO LARIMER	1900-01-01	2100-12-31					0	0	1		291
R	USA-CA	CO-LASANIMAS	CO,LASANIMAS|CO LASANIMAS	1900-01-01	2100-12-31					0	0	1		291
R	USA-CA	CO-LINCOLN	CO,LINCOLN|CO LINCOLN	1900-01-01	2100-12-31					0	0	1		291
R	USA-CA	CO-LOGAN	CO,LOGAN|CO LOGAN	1900-01-01	2100-12-31					0	0	1		291
R	USA-CA	CO-MESA	CO,MESA|CO MESA	1900-01-01	2100-12-31					0	0	1		291
R	USA-CA	CO-MINERAL	CO,MINERAL|CO MINERAL	1900-01-01	2100-12-31					0	0	1		291
R	USA-CA	CO-MOFFAT	CO,MOFFAT|CO MOFFAT	1900-01-01	2100-12-31					0	0	1		291
R	USA-CA	CO-MONTEZUMA	CO,MONTEZUMA|CO MONTEZUMA	1900-01-01	2100-12-31					0	0	1		291
R	USA-CA	CO-MONTROSE	CO,MONTROSE|CO MONTROSE	1900-01-01	2100-12-31					0	0	1		291
R	USA-CA	CO-MORGAN	CO,MORGAN|CO MORGAN	1900-01-01	2100-12-31					0	0	1		291
R	USA-CA	CO-OTERO	CO,OTERO|CO OTERO	1900-01-01	2100-12-31					0	0	1		291
R	USA-CA	CO-OURAY	CO,OURAY|CO OURAY	1900-01-01	2100-12-31					0	0	1		291
R	USA-CA	CO-PARK	CO,PARK|CO PARK	1900-01-01	2100-12-31					0	0	1		291
R	USA-CA	CO-PHILLIPS	CO,PHILLIPS|CO PHILLIPS	1900-01-01	2100-12-31					0	0	1		291
R	USA-CA	CO-PITKIN	CO,PITKIN|CO PITKIN	1900-01-01	2100-12-31					0	0	1		291
R	USA-CA	CO-PROWERS	CO,PROWERS|CO PROWERS	1900-01-01	2100-12-31					0	0	1		291
R	USA-CA	CO-PUEBLO	CO,PUEBLO|CO PUEBLO	1900-01-01	2100-12-31					0	0	1		291
R	USA-CA	CO-RIOBLANCO	CO,RIOBLANCO|CO RIOBLANCO	1900-01-01	2100-12-31					0	0	1		291
R	USA-CA	CO-RIOGRANDE	CO,RIOGRANDE|CO RIOGRANDE	1900-01-01	2100-12-31					0	0	1		291
R	USA-CA	CO-ROUTT	CO,ROUTT|CO ROUTT	1900-01-01	2100-12-31					0	0	1		291
R	USA-CA	CO-SAGUACHE	CO,SAGUACHE|CO SAGUACHE	1900-01-01	2100-12-31					0	0	1		291
R	USA-CA	CO-SANJUAN	CO,SANJUAN|CO SANJUAN	1900-01-01	2100-12-31					0	0	1		291
R	USA-CA	CO-SANMIGUEL	CO,SANMIGUEL|CO SANMIGUEL	1900-01-01	2100-12-31					0	0	1		291
R	USA-CA	CO-SEDGWICK	CO,SEDGWICK|CO SEDGWICK	1900-01-01	2100-12-31					0	0	1		291
R	USA-CA	CO-SUMMIT	CO,SUMMIT|CO SUMMIT	1900-01-01	2100-12-31					0	0	1		291
R	USA-CA	CO-TELLER	CO,TELLER|CO TELLER	1900-01-01	2100-12-31					0	0	1		291
R	USA-CA	CO-WASHINGTON	CO,WASHINGTON|CO WASHINGTON	1900-01-01	2100-12-31					0	0	1		291
R	USA-CA	CO-WELD	CO,WELD|CO WELD	1900-01-01	2100-12-31					0	0	1		291
R	USA-CA	CO-YUMA	CO,YUMA|CO YUMA	1900-01-01	2100-12-31					0	0	1		291
R	USA-CA	CT-FAIRFIELD	CT,FAIRFIELD|CT FAIRFIELD	1900-01-01	2100-12-31					0	0	1		291
R	USA-CA	CT-HARTFORD	CT,HARTFORD|CT HARTFORD	1900-01-01	2100-12-31					0	0	1		291
R	USA-CA	CT-LITCHFIELD	CT,LITCHFIELD|CT LITCHFIELD	1900-01-01	2100-12-31					0	0	1		291
R	USA-CA	CT-MIDDLESEX	CT,MIDDLESEX|CT MIDDLESEX	1900-01-01	2100-12-31					0	0	1		291
R	USA-CA	CT-NEWHAVEN	CT,NEWHAVEN|CT NEWHAVEN	1900-01-01	2100-12-31					0	0	1		291
R	USA-CA	CT-NEWLONDON	CT,NEWLONDON|CT NEWLONDON	1900-01-01	2100-12-31					0	0	1		291
R	USA-CA	CT-TOLLAND	CT,TOLLAND|CT TOLLAND	1900-01-01	2100-12-31					0	0	1		291
R	USA-CA	CT-WINDHAM	CT,WINDHAM|CT WINDHAM	1900-01-01	2100-12-31					0	0	1		291
R	USA-CA	DE-KENT	DE,KENT|DE KENT	1900-01-01	2100-12-31					0	0	1		291
R	USA-CA	DE-NEWCASTLE	DE,NEWCASTLE|DE NEWCASTLE	1900-01-01	2100-12-31					0	0	1		291
R	USA-CA	DE-SUSSEX	DE,SUSSEX|DE SUSSEX	1900-01-01	2100-12-31					0	0	1		291
R	USA-CA	FL-ALACHUA	FL,ALACHUA|FL ALACHUA	1900-01-01	2100-12-31					0	0	1		291
R	USA-CA	FL-BAKER	FL,BAKER|FL BAKER	1900-01-01	2100-12-31					0	0	1		291
R	USA-CA	FL-BAY	FL,BAY|FL BAY	1900-01-01	2100-12-31					0	0	1		291
R	USA-CA	FL-BRADFORD	FL,BRADFORD|FL BRADFORD	1900-01-01	2100-12-31					0	0	1		291
R	USA-CA	FL-BREVARD	FL,BREVARD|FL BREVARD	1900-01-01	2100-12-31					0	0	1		291
R	USA-CA	FL-BROWARD	FL,BROWARD|FL BROWARD	1900-01-01	2100-12-31					0	0	1		291
R	USA-CA	FL-CALHOUN	FL,CALHOUN|FL CALHOUN	1900-01-01	2100-12-31					0	0	1		291
R	USA-CA	FL-CHARLOTTE	FL,CHARLOTTE|FL CHARLOTTE	1900-01-01	2100-12-31					0	0	1		291
R	USA-CA	FL-CITRUS	FL,CITRUS|FL CITRUS	1900-01-01	2100-12-31					0	0	1		291
R	USA-CA	FL-CLAY	FL,CLAY|FL CLAY	1900-01-01	2100-12-31					0	0	1		291
R	USA-CA	FL-COLLIER	FL,COLLIER|FL COLLIER	1900-01-01	2100-12-31					0	0	1		291
R	USA-CA	FL-COLUMBIA	FL,COLUMBIA|FL COLUMBIA	1900-01-01	2100-12-31					0	0	1		291
R	USA-CA	FL-DADE	FL,DADE|FL DADE	1900-01-01	2100-12-31					0	0	1		291
R	USA-CA	FL-DESOTO	FL,DESOTO|FL DESOTO	1900-01-01	2100-12-31					0	0	1		291
R	USA-CA	FL-DIXIE	FL,DIXIE|FL DIXIE	1900-01-01	2100-12-31					0	0	1		291
R	USA-CA	FL-DUVAL	FL,DUVAL|FL DUVAL	1900-01-01	2100-12-31					0	0	1		291
R	USA-CA	FL-ESCAMBIA	FL,ESCAMBIA|FL ESCAMBIA	1900-01-01	2100-12-31					0	0	1		291
R	USA-CA	FL-FLAGLER	FL,FLAGLER|FL FLAGLER	1900-01-01	2100-12-31					0	0	1		291
R	USA-CA	FL-FRANKLIN	FL,FRANKLIN|FL FRANKLIN	1900-01-01	2100-12-31					0	0	1		291
R	USA-CA	FL-GADSDEN	FL,GADSDEN|FL GADSDEN	1900-01-01	2100-12-31					0	0	1		291
R	USA-CA	FL-GILCHRIST	FL,GILCHRIST|FL GILCHRIST	1900-01-01	2100-12-31					0	0	1		291
R	USA-CA	FL-GLADES	FL,GLADES|FL GLADES	1900-01-01	2100-12-31					0	0	1		291
R	USA-CA	FL-GULF	FL,GULF|FL GULF	1900-01-01	2100-12-31					0	0	1		291
R	USA-CA	FL-HAMILTON	FL,HAMILTON|FL HAMILTON	1900-01-01	2100-12-31					0	0	1		291
R	USA-CA	FL-HARDEE	FL,HARDEE|FL HARDEE	1900-01-01	2100-12-31					0	0	1		291
R	USA-CA	FL-HENDRY	FL,HENDRY|FL HENDRY	1900-01-01	2100-12-31					0	0	1		291
R	USA-CA	FL-HERNANDO	FL,HERNANDO|FL HERNANDO	1900-01-01	2100-12-31					0	0	1		291
R	USA-CA	FL-HIGHLANDS	FL,HIGHLANDS|FL HIGHLANDS	1900-01-01	2100-12-31					0	0	1		291
R	USA-CA	FL-HILLSBOROUGH	FL,HILLSBOROUGH|FL HILLSBOROUGH	1900-01-01	2100-12-31					0	0	1		291
R	USA-CA	FL-HOLMES	FL,HOLMES|FL HOLMES	1900-01-01	2100-12-31					0	0	1		291
R	USA-CA	FL-INDIANRIVER	FL,INDIANRIVER|FL INDIANRIVER	1900-01-01	2100-12-31					0	0	1		291
R	USA-CA	FL-JACKSON	FL,JACKSON|FL JACKSON	1900-01-01	2100-12-31					0	0	1		291
R	USA-CA	FL-JEFFERSON	FL,JEFFERSON|FL JEFFERSON	1900-01-01	2100-12-31					0	0	1		291
R	USA-CA	FL-LAFAYETTE	FL,LAFAYETTE|FL LAFAYETTE	1900-01-01	2100-12-31					0	0	1		291
R	USA-CA	FL-LAKE	FL,LAKE|FL LAKE	1900-01-01	2100-12-31					0	0	1		291
R	USA-CA	FL-LEE	FL,LEE|FL LEE	1900-01-01	2100-12-31					0	0	1		291
R	USA-CA	FL-LEON	FL,LEON|FL LEON	1900-01-01	2100-12-31					0	0	1		291
R	USA-CA	FL-LEVY	FL,LEVY|FL LEVY	1900-01-01	2100-12-31					0	0	1		291
R	USA-CA	FL-LIBERTY	FL,LIBERTY|FL LIBERTY	1900-01-01	2100-12-31					0	0	1		291
R	USA-CA	FL-MADISON	FL,MADISON|FL MADISON	1900-01-01	2100-12-31					0	0	1		291
R	USA-CA	FL-MANATEE	FL,MANATEE|FL MANATEE	1900-01-01	2100-12-31					0	0	1		291
R	USA-CA	FL-MARION	FL,MARION|FL MARION	1900-01-01	2100-12-31					0	0	1		291
R	USA-CA	FL-MARTIN	FL,MARTIN|FL MARTIN	1900-01-01	2100-12-31					0	0	1		291
R	USA-CA	FL-MONROE	FL,MONROE|FL MONROE	1900-01-01	2100-12-31					0	0	1		291
R	USA-CA	FL-NASSAU	FL,NASSAU|FL NASSAU	1900-01-01	2100-12-31					0	0	1		291
R	USA-CA	FL-OKALOOSA	FL,OKALOOSA|FL OKALOOSA	1900-01-01	2100-12-31					0	0	1		291
R	USA-CA	FL-OKEECHOBEE	FL,OKEECHOBEE|FL OKEECHOBEE	1900-01-01	2100-12-31					0	0	1		291
R	USA-CA	FL-ORANGE	FL,ORANGE|FL ORANGE	1900-01-01	2100-12-31					0	0	1		291
R	USA-CA	FL-OSCEOLA	FL,OSCEOLA|FL OSCEOLA	1900-01-01	2100-12-31					0	0	1		291
R	USA-CA	FL-PALMBEACH	FL,PALMBEACH|FL PALMBEACH	1900-01-01	2100-12-31					0	0	1		291
R	USA-CA	FL-PASCO	FL,PASCO|FL PASCO	1900-01-01	2100-12-31					0	0	1		291
R	USA-CA	FL-PINELLAS	FL,PINELLAS|FL PINELLAS	1900-01-01	2100-12-31					0	0	1		291
R	USA-CA	FL-POLK	FL,POLK|FL POLK	1900-01-01	2100-12-31					0	0	1		291
R	USA-CA	FL-PUTNAM	FL,PUTNAM|FL PUTNAM	1900-01-01	2100-12-31					0	0	1		291
R	USA-CA	FL-SANTAROSA	FL,SANTAROSA|FL SANTAROSA	1900-01-01	2100-12-31					0	0	1		291
R	USA-CA	FL-SARASOTA	FL,SARASOTA|FL SARASOTA	1900-01-01	2100-12-31					0	0	1		291
R	USA-CA	FL-SEMINOLE	FL,SEMINOLE|FL SEMINOLE	1900-01-01	2100-12-31					0	0	1		291
R	USA-CA	FL-ST.JOHNS	FL,ST.JOHNS|FL ST.JOHNS	1900-01-01	2100-12-31					0	0	1		291
R	USA-CA	FL-ST.LUCIE	FL,ST.LUCIE|FL ST.LUCIE	1900-01-01	2100-12-31					0	0	1		291
R	USA-CA	FL-SUMTER	FL,SUMTER|FL SUMTER	1900-01-01	2100-12-31					0	0	1		291
R	USA-CA	FL-SUWANNEE	FL,SUWANNEE|FL SUWANNEE	1900-01-01	2100-12-31					0	0	1		291
R	USA-CA	FL-TAYLOR	FL,TAYLOR|FL TAYLOR	1900-01-01	2100-12-31					0	0	1		291
R	USA-CA	FL-UNION	FL,UNION|FL UNION	1900-01-01	2100-12-31					0	0	1		291
R	USA-CA	FL-VOLUSIA	FL,VOLUSIA|FL VOLUSIA	1900-01-01	2100-12-31					0	0	1		291
R	USA-CA	FL-WAKULLA	FL,WAKULLA|FL WAKULLA	1900-01-01	2100-12-31					0	0	1		291
R	USA-CA	FL-WALTON	FL,WALTON|FL WALTON	1900-01-01	2100-12-31					0	0	1		291
R	USA-CA	FL-WASHINGTON	FL,WASHINGTON|FL WASHINGTON	1900-01-01	2100-12-31					0	0	1		291
R	USA-CA	GA-APPLING	GA,APPLING|GA APPLING	1900-01-01	2100-12-31					0	0	1		291
R	USA-CA	GA-ATKINSON	GA,ATKINSON|GA ATKINSON	1900-01-01	2100-12-31					0	0	1		291
R	USA-CA	GA-BACON	GA,BACON|GA BACON	1900-01-01	2100-12-31					0	0	1		291
R	USA-CA	GA-BAKER	GA,BAKER|GA BAKER	1900-01-01	2100-12-31					0	0	1		291
R	USA-CA	GA-BALDWIN	GA,BALDWIN|GA BALDWIN	1900-01-01	2100-12-31					0	0	1		291
R	USA-CA	GA-BANKS	GA,BANKS|GA BANKS	1900-01-01	2100-12-31					0	0	1		291
R	USA-CA	GA-BARROW	GA,BARROW|GA BARROW	1900-01-01	2100-12-31					0	0	1		291
R	USA-CA	GA-BARTOW	GA,BARTOW|GA BARTOW	1900-01-01	2100-12-31					0	0	1		291
R	USA-CA	GA-BENHILL	GA,BENHILL|GA BENHILL	1900-01-01	2100-12-31					0	0	1		291
R	USA-CA	GA-BERRIEN	GA,BERRIEN|GA BERRIEN	1900-01-01	2100-12-31					0	0	1		291
R	USA-CA	GA-BIBB	GA,BIBB|GA BIBB	1900-01-01	2100-12-31					0	0	1		291
R	USA-CA	GA-BLECKLEY	GA,BLECKLEY|GA BLECKLEY	1900-01-01	2100-12-31					0	0	1		291
R	USA-CA	GA-BRANTLEY	GA,BRANTLEY|GA BRANTLEY	1900-01-01	2100-12-31					0	0	1		291
R	USA-CA	GA-BROOKS	GA,BROOKS|GA BROOKS	1900-01-01	2100-12-31					0	0	1		291
R	USA-CA	GA-BRYAN	GA,BRYAN|GA BRYAN	1900-01-01	2100-12-31					0	0	1		291
R	USA-CA	GA-BULLOCH	GA,BULLOCH|GA BULLOCH	1900-01-01	2100-12-31					0	0	1		291
R	USA-CA	GA-BURKE	GA,BURKE|GA BURKE	1900-01-01	2100-12-31					0	0	1		291
R	USA-CA	GA-BUTTS	GA,BUTTS|GA BUTTS	1900-01-01	2100-12-31					0	0	1		291
R	USA-CA	GA-CALHOUN	GA,CALHOUN|GA CALHOUN	1900-01-01	2100-12-31					0	0	1		291
R	USA-CA	GA-CAMDEN	GA,CAMDEN|GA CAMDEN	1900-01-01	2100-12-31					0	0	1		291
R	USA-CA	GA-CANDLER	GA,CANDLER|GA CANDLER	1900-01-01	2100-12-31					0	0	1		291
R	USA-CA	GA-CARROLL	GA,CARROLL|GA CARROLL	1900-01-01	2100-12-31					0	0	1		291
R	USA-CA	GA-CATOOSA	GA,CATOOSA|GA CATOOSA	1900-01-01	2100-12-31					0	0	1		291
R	USA-CA	GA-CHARLTON	GA,CHARLTON|GA CHARLTON	1900-01-01	2100-12-31					0	0	1		291
R	USA-CA	GA-CHATHAM	GA,CHATHAM|GA CHATHAM	1900-01-01	2100-12-31					0	0	1		291
R	USA-CA	GA-CHATTAHOOCHEE	GA,CHATTAHOOCHEE|GA CHATTAHOOCHEE	1900-01-01	2100-12-31					0	0	1		291
R	USA-CA	GA-CHATTOOGA	GA,CHATTOOGA|GA CHATTOOGA	1900-01-01	2100-12-31					0	0	1		291
R	USA-CA	GA-CHEROKEE	GA,CHEROKEE|GA CHEROKEE	1900-01-01	2100-12-31					0	0	1		291
R	USA-CA	GA-CLARKE	GA,CLARKE|GA CLARKE	1900-01-01	2100-12-31					0	0	1		291
R	USA-CA	GA-CLAY	GA,CLAY|GA CLAY	1900-01-01	2100-12-31					0	0	1		291
R	USA-CA	GA-CLAYTON	GA,CLAYTON|GA CLAYTON	1900-01-01	2100-12-31					0	0	1		291
R	USA-CA	GA-CLINCH	GA,CLINCH|GA CLINCH	1900-01-01	2100-12-31					0	0	1		291
R	USA-CA	GA-COBB	GA,COBB|GA COBB	1900-01-01	2100-12-31					0	0	1		291
R	USA-CA	GA-COFFEE	GA,COFFEE|GA COFFEE	1900-01-01	2100-12-31					0	0	1		291
R	USA-CA	GA-COLQUIT	GA,COLQUIT|GA COLQUIT	1900-01-01	2100-12-31					0	0	1		291
R	USA-CA	GA-COLUMBIA	GA,COLUMBIA|GA COLUMBIA	1900-01-01	2100-12-31					0	0	1		291
R	USA-CA	GA-COOK	GA,COOK|GA COOK	1900-01-01	2100-12-31					0	0	1		291
R	USA-CA	GA-COWETA	GA,COWETA|GA COWETA	1900-01-01	2100-12-31					0	0	1		291
R	USA-CA	GA-CRAWFORD	GA,CRAWFORD|GA CRAWFORD	1900-01-01	2100-12-31					0	0	1		291
R	USA-CA	GA-CRISP	GA,CRISP|GA CRISP	1900-01-01	2100-12-31					0	0	1		291
R	USA-CA	GA-DADE	GA,DADE|GA DADE	1900-01-01	2100-12-31					0	0	1		291
R	USA-CA	GA-DAWSON	GA,DAWSON|GA DAWSON	1900-01-01	2100-12-31					0	0	1		291
R	USA-CA	GA-DECATUR	GA,DECATUR|GA DECATUR	1900-01-01	2100-12-31					0	0	1		291
R	USA-CA	GA-DEKALB	GA,DEKALB|GA DEKALB	1900-01-01	2100-12-31					0	0	1		291
R	USA-CA	GA-DODGE	GA,DODGE|GA DODGE	1900-01-01	2100-12-31					0	0	1		291
R	USA-CA	GA-DOOLY	GA,DOOLY|GA DOOLY	1900-01-01	2100-12-31					0	0	1		291
R	USA-CA	GA-DOUGHERTY	GA,DOUGHERTY|GA DOUGHERTY	1900-01-01	2100-12-31					0	0	1		291
R	USA-CA	GA-DOUGLAS	GA,DOUGLAS|GA DOUGLAS	1900-01-01	2100-12-31					0	0	1		291
R	USA-CA	GA-EARLY	GA,EARLY|GA EARLY	1900-01-01	2100-12-31					0	0	1		291
R	USA-CA	GA-ECHOLS	GA,ECHOLS|GA ECHOLS	1900-01-01	2100-12-31					0	0	1		291
R	USA-CA	GA-EFFINGHAM	GA,EFFINGHAM|GA EFFINGHAM	1900-01-01	2100-12-31					0	0	1		291
R	USA-CA	GA-ELBERT	GA,ELBERT|GA ELBERT	1900-01-01	2100-12-31					0	0	1		291
R	USA-CA	GA-EMANUEL	GA,EMANUEL|GA EMANUEL	1900-01-01	2100-12-31					0	0	1		291
R	USA-CA	GA-EVANS	GA,EVANS|GA EVANS	1900-01-01	2100-12-31					0	0	1		291
R	USA-CA	GA-FANNIN	GA,FANNIN|GA FANNIN	1900-01-01	2100-12-31					0	0	1		291
R	USA-CA	GA-FAYETTE	GA,FAYETTE|GA FAYETTE	1900-01-01	2100-12-31					0	0	1		291
R	USA-CA	GA-FLOYD	GA,FLOYD|GA FLOYD	1900-01-01	2100-12-31					0	0	1		291
R	USA-CA	GA-FORSYTH	GA,FORSYTH|GA FORSYTH	1900-01-01	2100-12-31					0	0	1		291
R	USA-CA	GA-FRANKLIN	GA,FRANKLIN|GA FRANKLIN	1900-01-01	2100-12-31					0	0	1		291
R	USA-CA	GA-FULTON	GA,FULTON|GA FULTON	1900-01-01	2100-12-31					0	0	1		291
R	USA-CA	GA-GILMER	GA,GILMER|GA GILMER	1900-01-01	2100-12-31					0	0	1		291
R	USA-CA	GA-GLASCOCK	GA,GLASCOCK|GA GLASCOCK	1900-01-01	2100-12-31					0	0	1		291
R	USA-CA	GA-GLYNN	GA,GLYNN|GA GLYNN	1900-01-01	2100-12-31					0	0	1		291
R	USA-CA	GA-GORDON	GA,GORDON|GA GORDON	1900-01-01	2100-12-31					0	0	1		291
R	USA-CA	GA-GRADY	GA,GRADY|GA GRADY	1900-01-01	2100-12-31					0	0	1		291
R	USA-CA	GA-GREENE	GA,GREENE|GA GREENE	1900-01-01	2100-12-31					0	0	1		291
R	USA-CA	GA-GWINNETT	GA,GWINNETT|GA GWINNETT	1900-01-01	2100-12-31					0	0	1		291
R	USA-CA	GA-HABERSHAM	GA,HABERSHAM|GA HABERSHAM	1900-01-01	2100-12-31					0	0	1		291
R	USA-CA	GA-HALL	GA,HALL|GA HALL	1900-01-01	2100-12-31					0	0	1		291
R	USA-CA	GA-HANCOCK	GA,HANCOCK|GA HANCOCK	1900-01-01	2100-12-31					0	0	1		291
R	USA-CA	GA-HARALSON	GA,HARALSON|GA HARALSON	1900-01-01	2100-12-31					0	0	1		291
R	USA-CA	GA-HARRIS	GA,HARRIS|GA HARRIS	1900-01-01	2100-12-31					0	0	1		291
R	USA-CA	GA-HART	GA,HART|GA HART	1900-01-01	2100-12-31					0	0	1		291
R	USA-CA	GA-HEARD	GA,HEARD|GA HEARD	1900-01-01	2100-12-31					0	0	1		291
R	USA-CA	GA-HENRY	GA,HENRY|GA HENRY	1900-01-01	2100-12-31					0	0	1		291
R	USA-CA	GA-HOUSTON	GA,HOUSTON|GA HOUSTON	1900-01-01	2100-12-31					0	0	1		291
R	USA-CA	GA-IRWIN	GA,IRWIN|GA IRWIN	1900-01-01	2100-12-31					0	0	1		291
R	USA-CA	GA-JACKSON	GA,JACKSON|GA JACKSON	1900-01-01	2100-12-31					0	0	1		291
R	USA-CA	GA-JASPER	GA,JASPER|GA JASPER	1900-01-01	2100-12-31					0	0	1		291
R	USA-CA	GA-JEFFDAVIS	GA,JEFFDAVIS|GA JEFFDAVIS	1900-01-01	2100-12-31					0	0	1		291
R	USA-CA	GA-JEFFERSON	GA,JEFFERSON|GA JEFFERSON	1900-01-01	2100-12-31					0	0	1		291
R	USA-CA	GA-JENKINS	GA,JENKINS|GA JENKINS	1900-01-01	2100-12-31					0	0	1		291
R	USA-CA	GA-JOHNSON	GA,JOHNSON|GA JOHNSON	1900-01-01	2100-12-31					0	0	1		291
R	USA-CA	GA-JONES	GA,JONES|GA JONES	1900-01-01	2100-12-31					0	0	1		291
R	USA-CA	GA-LAMAR	GA,LAMAR|GA LAMAR	1900-01-01	2100-12-31					0	0	1		291
R	USA-CA	GA-LANIER	GA,LANIER|GA LANIER	1900-01-01	2100-12-31					0	0	1		291
R	USA-CA	GA-LAURENS	GA,LAURENS|GA LAURENS	1900-01-01	2100-12-31					0	0	1		291
R	USA-CA	GA-LEE	GA,LEE|GA LEE	1900-01-01	2100-12-31					0	0	1		291
R	USA-CA	GA-LIBERTY	GA,LIBERTY|GA LIBERTY	1900-01-01	2100-12-31					0	0	1		291
R	USA-CA	GA-LINCOLN	GA,LINCOLN|GA LINCOLN	1900-01-01	2100-12-31					0	0	1		291
R	USA-CA	GA-LONG	GA,LONG|GA LONG	1900-01-01	2100-12-31					0	0	1		291
R	USA-CA	GA-LOWDNES	GA,LOWDNES|GA LOWDNES	1900-01-01	2100-12-31					0	0	1		291
R	USA-CA	GA-LUMPKIN	GA,LUMPKIN|GA LUMPKIN	1900-01-01	2100-12-31					0	0	1		291
R	USA-CA	GA-MACON	GA,MACON|GA MACON	1900-01-01	2100-12-31					0	0	1		291
R	USA-CA	GA-MADISON	GA,MADISON|GA MADISON	1900-01-01	2100-12-31					0	0	1		291
R	USA-CA	GA-MARION	GA,MARION|GA MARION	1900-01-01	2100-12-31					0	0	1		291
R	USA-CA	GA-MCDUFFIE	GA,MCDUFFIE|GA MCDUFFIE	1900-01-01	2100-12-31					0	0	1		291
R	USA-CA	GA-MCINTOSH	GA,MCINTOSH|GA MCINTOSH	1900-01-01	2100-12-31					0	0	1		291
R	USA-CA	GA-MERIWETHER	GA,MERIWETHER|GA MERIWETHER	1900-01-01	2100-12-31					0	0	1		291
R	USA-CA	GA-MILLER	GA,MILLER|GA MILLER	1900-01-01	2100-12-31					0	0	1		291
R	USA-CA	GA-MITCHELL	GA,MITCHELL|GA MITCHELL	1900-01-01	2100-12-31					0	0	1		291
R	USA-CA	GA-MONROE	GA,MONROE|GA MONROE	1900-01-01	2100-12-31					0	0	1		291
R	USA-CA	GA-MONTGOMERY	GA,MONTGOMERY|GA MONTGOMERY	1900-01-01	2100-12-31					0	0	1		291
R	USA-CA	GA-MORGAN	GA,MORGAN|GA MORGAN	1900-01-01	2100-12-31					0	0	1		291
R	USA-CA	GA-MURRAY	GA,MURRAY|GA MURRAY	1900-01-01	2100-12-31					0	0	1		291
R	USA-CA	GA-MUSCOGEE	GA,MUSCOGEE|GA MUSCOGEE	1900-01-01	2100-12-31					0	0	1		291
R	USA-CA	GA-NEWTON	GA,NEWTON|GA NEWTON	1900-01-01	2100-12-31					0	0	1		291
R	USA-CA	GA-OCONEE	GA,OCONEE|GA OCONEE	1900-01-01	2100-12-31					0	0	1		291
R	USA-CA	GA-OGLETHORPE	GA,OGLETHORPE|GA OGLETHORPE	1900-01-01	2100-12-31					0	0	1		291
R	USA-CA	GA-PAULDING	GA,PAULDING|GA PAULDING	1900-01-01	2100-12-31					0	0	1		291
R	USA-CA	GA-PEACH	GA,PEACH|GA PEACH	1900-01-01	2100-12-31					0	0	1		291
R	USA-CA	GA-PICKENS	GA,PICKENS|GA PICKENS	1900-01-01	2100-12-31					0	0	1		291
R	USA-CA	GA-PIERCE	GA,PIERCE|GA PIERCE	1900-01-01	2100-12-31					0	0	1		291
R	USA-CA	GA-PIKE	GA,PIKE|GA PIKE	1900-01-01	2100-12-31					0	0	1		291
R	USA-CA	GA-POLK	GA,POLK|GA POLK	1900-01-01	2100-12-31					0	0	1		291
R	USA-CA	GA-PULASKI	GA,PULASKI|GA PULASKI	1900-01-01	2100-12-31					0	0	1		291
R	USA-CA	GA-PUTNAM	GA,PUTNAM|GA PUTNAM	1900-01-01	2100-12-31					0	0	1		291
R	USA-CA	GA-QUITMAN	GA,QUITMAN|GA QUITMAN	1900-01-01	2100-12-31					0	0	1		291
R	USA-CA	GA-RABUN	GA,RABUN|GA RABUN	1900-01-01	2100-12-31					0	0	1		291
R	USA-CA	GA-RANDOLPH	GA,RANDOLPH|GA RANDOLPH	1900-01-01	2100-12-31					0	0	1		291
R	USA-CA	GA-RICHMOND	GA,RICHMOND|GA RICHMOND	1900-01-01	2100-12-31					0	0	1		291
R	USA-CA	GA-ROCKDALE	GA,ROCKDALE|GA ROCKDALE	1900-01-01	2100-12-31					0	0	1		291
R	USA-CA	GA-SCHLEY	GA,SCHLEY|GA SCHLEY	1900-01-01	2100-12-31					0	0	1		291
R	USA-CA	GA-SCREVEN	GA,SCREVEN|GA SCREVEN	1900-01-01	2100-12-31					0	0	1		291
R	USA-CA	GA-SEMINOLE	GA,SEMINOLE|GA SEMINOLE	1900-01-01	2100-12-31					0	0	1		291
R	USA-CA	GA-SPALDINGS	GA,SPALDINGS|GA SPALDINGS	1900-01-01	2100-12-31					0	0	1		291
R	USA-CA	GA-STEPHENS	GA,STEPHENS|GA STEPHENS	1900-01-01	2100-12-31					0	0	1		291
R	USA-CA	GA-STEWART	GA,STEWART|GA STEWART	1900-01-01	2100-12-31					0	0	1		291
R	USA-CA	GA-SUMTER	GA,SUMTER|GA SUMTER	1900-01-01	2100-12-31					0	0	1		291
R	USA-CA	GA-TALBOT	GA,TALBOT|GA TALBOT	1900-01-01	2100-12-31					0	0	1		291
R	USA-CA	GA-TALIAFERRO	GA,TALIAFERRO|GA TALIAFERRO	1900-01-01	2100-12-31					0	0	1		291
R	USA-CA	GA-TATNALL	GA,TATNALL|GA TATNALL	1900-01-01	2100-12-31					0	0	1		291
R	USA-CA	GA-TAYLOR	GA,TAYLOR|GA TAYLOR	1900-01-01	2100-12-31					0	0	1		291
R	USA-CA	GA-TELFAIR	GA,TELFAIR|GA TELFAIR	1900-01-01	2100-12-31					0	0	1		291
R	USA-CA	GA-TERRELL	GA,TERRELL|GA TERRELL	1900-01-01	2100-12-31					0	0	1		291
R	USA-CA	GA-THOMAS	GA,THOMAS|GA THOMAS	1900-01-01	2100-12-31					0	0	1		291
R	USA-CA	GA-TIFT	GA,TIFT|GA TIFT	1900-01-01	2100-12-31					0	0	1		291
R	USA-CA	GA-TOOMBS	GA,TOOMBS|GA TOOMBS	1900-01-01	2100-12-31					0	0	1		291
R	USA-CA	GA-TOWNS	GA,TOWNS|GA TOWNS	1900-01-01	2100-12-31					0	0	1		291
R	USA-CA	GA-TREUTLEN	GA,TREUTLEN|GA TREUTLEN	1900-01-01	2100-12-31					0	0	1		291
R	USA-CA	GA-TROUP	GA,TROUP|GA TROUP	1900-01-01	2100-12-31					0	0	1		291
R	USA-CA	GA-TURNER	GA,TURNER|GA TURNER	1900-01-01	2100-12-31					0	0	1		291
R	USA-CA	GA-TWIGGS	GA,TWIGGS|GA TWIGGS	1900-01-01	2100-12-31					0	0	1		291
R	USA-CA	GA-UNION	GA,UNION|GA UNION	1900-01-01	2100-12-31					0	0	1		291
R	USA-CA	GA-UPSON	GA,UPSON|GA UPSON	1900-01-01	2100-12-31					0	0	1		291
R	USA-CA	GA-WALKER	GA,WALKER|GA WALKER	1900-01-01	2100-12-31					0	0	1		291
R	USA-CA	GA-WALTON	GA,WALTON|GA WALTON	1900-01-01	2100-12-31					0	0	1		291
R	USA-CA	GA-WARE	GA,WARE|GA WARE	1900-01-01	2100-12-31					0	0	1		291
R	USA-CA	GA-WARREN	GA,WARREN|GA WARREN	1900-01-01	2100-12-31					0	0	1		291
R	USA-CA	GA-WASHINGTON	GA,WASHINGTON|GA WASHINGTON	1900-01-01	2100-12-31					0	0	1		291
R	USA-CA	GA-WAYNE	GA,WAYNE|GA WAYNE	1900-01-01	2100-12-31					0	0	1		291
R	USA-CA	GA-WEBSTER	GA,WEBSTER|GA WEBSTER	1900-01-01	2100-12-31					0	0	1		291
R	USA-CA	GA-WHEELER	GA,WHEELER|GA WHEELER	1900-01-01	2100-12-31					0	0	1		291
R	USA-CA	GA-WHITE	GA,WHITE|GA WHITE	1900-01-01	2100-12-31					0	0	1		291
R	USA-CA	GA-WHITFIELD	GA,WHITFIELD|GA WHITFIELD	1900-01-01	2100-12-31					0	0	1		291
R	USA-CA	GA-WILCOX	GA,WILCOX|GA WILCOX	1900-01-01	2100-12-31					0	0	1		291
R	USA-CA	GA-WILKES	GA,WILKES|GA WILKES	1900-01-01	2100-12-31					0	0	1		291
R	USA-CA	GA-WILKINSON	GA,WILKINSON|GA WILKINSON	1900-01-01	2100-12-31					0	0	1		291
R	USA-CA	GA-WORTH	GA,WORTH|GA WORTH	1900-01-01	2100-12-31					0	0	1		291
R	USA-CA	HI-HAWAII	HI,HAWAII|HI HAWAII	1900-01-01	2100-12-31					0	0	1		110
R	USA-CA	HI-HONOLULU	HI,HONOLULU|HI HONOLULU	1900-01-01	2100-12-31					0	0	1		110
R	USA-CA	HI-KALAWAO	HI,KALAWAO|HI KALAWAO	1900-01-01	2100-12-31					0	0	1		110
R	USA-CA	HI-KAUAI	HI,KAUAI|HI KAUAI	1900-01-01	2100-12-31					0	0	1		110
R	USA-CA	HI-MAUI	HI,MAUI|HI MAUI	1900-01-01	2100-12-31					0	0	1		110
R	USA-CA	IA-ADAIR	IA,ADAIR|IA ADAIR	1900-01-01	2100-12-31					0	0	1		291
R	USA-CA	IA-ADAMS	IA,ADAMS|IA ADAMS	1900-01-01	2100-12-31					0	0	1		291
R	USA-CA	IA-ALLAMAKEE	IA,ALLAMAKEE|IA ALLAMAKEE	1900-01-01	2100-12-31					0	0	1		291
R	USA-CA	IA-APPANOOSE	IA,APPANOOSE|IA APPANOOSE	1900-01-01	2100-12-31					0	0	1		291
R	USA-CA	IA-AUDUBON	IA,AUDUBON|IA AUDUBON	1900-01-01	2100-12-31					0	0	1		291
R	USA-CA	IA-BENTON	IA,BENTON|IA BENTON	1900-01-01	2100-12-31					0	0	1		291
R	USA-CA	IA-BLACKHAWK	IA,BLACKHAWK|IA BLACKHAWK	1900-01-01	2100-12-31					0	0	1		291
R	USA-CA	IA-BOONE	IA,BOONE|IA BOONE	1900-01-01	2100-12-31					0	0	1		291
R	USA-CA	IA-BREMER	IA,BREMER|IA BREMER	1900-01-01	2100-12-31					0	0	1		291
R	USA-CA	IA-BUCHANAN	IA,BUCHANAN|IA BUCHANAN	1900-01-01	2100-12-31					0	0	1		291
R	USA-CA	IA-BUENAVISTA	IA,BUENAVISTA|IA BUENAVISTA	1900-01-01	2100-12-31					0	0	1		291
R	USA-CA	IA-BUTLER	IA,BUTLER|IA BUTLER	1900-01-01	2100-12-31					0	0	1		291
R	USA-CA	IA-CALHOUN	IA,CALHOUN|IA CALHOUN	1900-01-01	2100-12-31					0	0	1		291
R	USA-CA	IA-CARROLL	IA,CARROLL|IA CARROLL	1900-01-01	2100-12-31					0	0	1		291
R	USA-CA	IA-CASS	IA,CASS|IA CASS	1900-01-01	2100-12-31					0	0	1		291
R	USA-CA	IA-CEDAR	IA,CEDAR|IA CEDAR	1900-01-01	2100-12-31					0	0	1		291
R	USA-CA	IA-CERROGORDO	IA,CERROGORDO|IA CERROGORDO	1900-01-01	2100-12-31					0	0	1		291
R	USA-CA	IA-CHEROKEE	IA,CHEROKEE|IA CHEROKEE	1900-01-01	2100-12-31					0	0	1		291
R	USA-CA	IA-CHICKASAW	IA,CHICKASAW|IA CHICKASAW	1900-01-01	2100-12-31					0	0	1		291
R	USA-CA	IA-CLARKE	IA,CLARKE|IA CLARKE	1900-01-01	2100-12-31					0	0	1		291
R	USA-CA	IA-CLAY	IA,CLAY|IA CLAY	1900-01-01	2100-12-31					0	0	1		291
R	USA-CA	IA-CLAYTON	IA,CLAYTON|IA CLAYTON	1900-01-01	2100-12-31					0	0	1		291
R	USA-CA	IA-CLINTON	IA,CLINTON|IA CLINTON	1900-01-01	2100-12-31					0	0	1		291
R	USA-CA	IA-CRAWFORD	IA,CRAWFORD|IA CRAWFORD	1900-01-01	2100-12-31					0	0	1		291
R	USA-CA	IA-DALLAS	IA,DALLAS|IA DALLAS	1900-01-01	2100-12-31					0	0	1		291
R	USA-CA	IA-DAVIS	IA,DAVIS|IA DAVIS	1900-01-01	2100-12-31					0	0	1		291
R	USA-CA	IA-DECATUR	IA,DECATUR|IA DECATUR	1900-01-01	2100-12-31					0	0	1		291
R	USA-CA	IA-DELAWARE	IA,DELAWARE|IA DELAWARE	1900-01-01	2100-12-31					0	0	1		291
R	USA-CA	IA-DESMOINES	IA,DESMOINES|IA DESMOINES	1900-01-01	2100-12-31					0	0	1		291
R	USA-CA	IA-DICKINSON	IA,DICKINSON|IA DICKINSON	1900-01-01	2100-12-31					0	0	1		291
R	USA-CA	IA-DUBUQUE	IA,DUBUQUE|IA DUBUQUE	1900-01-01	2100-12-31					0	0	1		291
R	USA-CA	IA-EMMET	IA,EMMET|IA EMMET	1900-01-01	2100-12-31					0	0	1		291
R	USA-CA	IA-FAYETTE	IA,FAYETTE|IA FAYETTE	1900-01-01	2100-12-31					0	0	1		291
R	USA-CA	IA-FLOYD	IA,FLOYD|IA FLOYD	1900-01-01	2100-12-31					0	0	1		291
R	USA-CA	IA-FRANKLIN	IA,FRANKLIN|IA FRANKLIN	1900-01-01	2100-12-31					0	0	1		291
R	USA-CA	IA-FREMONT	IA,FREMONT|IA FREMONT	1900-01-01	2100-12-31					0	0	1		291
R	USA-CA	IA-GREENE	IA,GREENE|IA GREENE	1900-01-01	2100-12-31					0	0	1		291
R	USA-CA	IA-GRUNDY	IA,GRUNDY|IA GRUNDY	1900-01-01	2100-12-31					0	0	1		291
R	USA-CA	IA-GUTHRIE	IA,GUTHRIE|IA GUTHRIE	1900-01-01	2100-12-31					0	0	1		291
R	USA-CA	IA-HAMILTON	IA,HAMILTON|IA HAMILTON	1900-01-01	2100-12-31					0	0	1		291
R	USA-CA	IA-HANCOCK	IA,HANCOCK|IA HANCOCK	1900-01-01	2100-12-31					0	0	1		291
R	USA-CA	IA-HARDIN	IA,HARDIN|IA HARDIN	1900-01-01	2100-12-31					0	0	1		291
R	USA-CA	IA-HARRISON	IA,HARRISON|IA HARRISON	1900-01-01	2100-12-31					0	0	1		291
R	USA-CA	IA-HENRY	IA,HENRY|IA HENRY	1900-01-01	2100-12-31					0	0	1		291
R	USA-CA	IA-HOWARD	IA,HOWARD|IA HOWARD	1900-01-01	2100-12-31					0	0	1		291
R	USA-CA	IA-HUMBOLDT	IA,HUMBOLDT|IA HUMBOLDT	1900-01-01	2100-12-31					0	0	1		291
R	USA-CA	IA-IDA	IA,IDA|IA IDA	1900-01-01	2100-12-31					0	0	1		291
R	USA-CA	IA-IOWA	IA,IOWA|IA IOWA	1900-01-01	2100-12-31					0	0	1		291
R	USA-CA	IA-JACKSON	IA,JACKSON|IA JACKSON	1900-01-01	2100-12-31					0	0	1		291
R	USA-CA	IA-JASPER	IA,JASPER|IA JASPER	1900-01-01	2100-12-31					0	0	1		291
R	USA-CA	IA-JEFFERSON	IA,JEFFERSON|IA JEFFERSON	1900-01-01	2100-12-31					0	0	1		291
R	USA-CA	IA-JOHNSON	IA,JOHNSON|IA JOHNSON	1900-01-01	2100-12-31					0	0	1		291
R	USA-CA	IA-JONES	IA,JONES|IA JONES	1900-01-01	2100-12-31					0	0	1		291
R	USA-CA	IA-KEOKUK	IA,KEOKUK|IA KEOKUK	1900-01-01	2100-12-31					0	0	1		291
R	USA-CA	IA-KOSSUTH	IA,KOSSUTH|IA KOSSUTH	1900-01-01	2100-12-31					0	0	1		291
R	USA-CA	IA-LEE	IA,LEE|IA LEE	1900-01-01	2100-12-31					0	0	1		291
R	USA-CA	IA-LINN	IA,LINN|IA LINN	1900-01-01	2100-12-31					0	0	1		291
R	USA-CA	IA-LOUISA	IA,LOUISA|IA LOUISA	1900-01-01	2100-12-31					0	0	1		291
R	USA-CA	IA-LUCAS	IA,LUCAS|IA LUCAS	1900-01-01	2100-12-31					0	0	1		291
R	USA-CA	IA-LYON	IA,LYON|IA LYON	1900-01-01	2100-12-31					0	0	1		291
R	USA-CA	IA-MADISON	IA,MADISON|IA MADISON	1900-01-01	2100-12-31					0	0	1		291
R	USA-CA	IA-MAHASKA	IA,MAHASKA|IA MAHASKA	1900-01-01	2100-12-31					0	0	1		291
R	USA-CA	IA-MARION	IA,MARION|IA MARION	1900-01-01	2100-12-31					0	0	1		291
R	USA-CA	IA-MARSHALL	IA,MARSHALL|IA MARSHALL	1900-01-01	2100-12-31					0	0	1		291
R	USA-CA	IA-MILLS	IA,MILLS|IA MILLS	1900-01-01	2100-12-31					0	0	1		291
R	USA-CA	IA-MITCHELL	IA,MITCHELL|IA MITCHELL	1900-01-01	2100-12-31					0	0	1		291
R	USA-CA	IA-MONONA	IA,MONONA|IA MONONA	1900-01-01	2100-12-31					0	0	1		291
R	USA-CA	IA-MONROE	IA,MONROE|IA MONROE	1900-01-01	2100-12-31					0	0	1		291
R	USA-CA	IA-MONTGOMERY	IA,MONTGOMERY|IA MONTGOMERY	1900-01-01	2100-12-31					0	0	1		291
R	USA-CA	IA-MUSCATINE	IA,MUSCATINE|IA MUSCATINE	1900-01-01	2100-12-31					0	0	1		291
R	USA-CA	IA-OBRIAN	IA,OBRIAN|IA OBRIAN	1900-01-01	2100-12-31					0	0	1		291
R	USA-CA	IA-OSCEOLA	IA,OSCEOLA|IA OSCEOLA	1900-01-01	2100-12-31					0	0	1		291
R	USA-CA	IA-PAGE	IA,PAGE|IA PAGE	1900-01-01	2100-12-31					0	0	1		291
R	USA-CA	IA-PALOALTO	IA,PALOALTO|IA PALOALTO	1900-01-01	2100-12-31					0	0	1		291
R	USA-CA	IA-PLYMOUTH	IA,PLYMOUTH|IA PLYMOUTH	1900-01-01	2100-12-31					0	0	1		291
R	USA-CA	IA-POCAHONTAS	IA,POCAHONTAS|IA POCAHONTAS	1900-01-01	2100-12-31					0	0	1		291
R	USA-CA	IA-POLK	IA,POLK|IA POLK	1900-01-01	2100-12-31					0	0	1		291
R	USA-CA	IA-POTTAWATTAMIE	IA,POTTAWATTAMIE|IA POTTAWATTAMIE	1900-01-01	2100-12-31					0	0	1		291
R	USA-CA	IA-POWESHIEK	IA,POWESHIEK|IA POWESHIEK	1900-01-01	2100-12-31					0	0	1		291
R	USA-CA	IA-RINGGOLD	IA,RINGGOLD|IA RINGGOLD	1900-01-01	2100-12-31					0	0	1		291
R	USA-CA	IA-SAC	IA,SAC|IA SAC	1900-01-01	2100-12-31					0	0	1		291
R	USA-CA	IA-SCOTT	IA,SCOTT|IA SCOTT	1900-01-01	2100-12-31					0	0	1		291
R	USA-CA	IA-SHELBY	IA,SHELBY|IA SHELBY	1900-01-01	2100-12-31					0	0	1		291
R	USA-CA	IA-SIOUX	IA,SIOUX|IA SIOUX	1900-01-01	2100-12-31					0	0	1		291
R	USA-CA	IA-STORY	IA,STORY|IA STORY	1900-01-01	2100-12-31					0	0	1		291
R	USA-CA	IA-TAMA	IA,TAMA|IA TAMA	1900-01-01	2100-12-31					0	0	1		291
R	USA-CA	IA-TAYLOR	IA,TAYLOR|IA TAYLOR	1900-01-01	2100-12-31					0	0	1		291
R	USA-CA	IA-UNION	IA,UNION|IA UNION	1900-01-01	2100-12-31					0	0	1		291
R	USA-CA	IA-VANBUREN	IA,VANBUREN|IA VANBUREN	1900-01-01	2100-12-31					0	0	1		291
R	USA-CA	IA-WAPELLO	IA,WAPELLO|IA WAPELLO	1900-01-01	2100-12-31					0	0	1		291
R	USA-CA	IA-WARREN	IA,WARREN|IA WARREN	1900-01-01	2100-12-31					0	0	1		291
R	USA-CA	IA-WASHINGTON	IA,WASHINGTON|IA WASHINGTON	1900-01-01	2100-12-31					0	0	1		291
R	USA-CA	IA-WAYNE	IA,WAYNE|IA WAYNE	1900-01-01	2100-12-31					0	0	1		291
R	USA-CA	IA-WEBSTER	IA,WEBSTER|IA WEBSTER	1900-01-01	2100-12-31					0	0	1		291
R	USA-CA	IA-WINNEBAGO	IA,WINNEBAGO|IA WINNEBAGO	1900-01-01	2100-12-31					0	0	1		291
R	USA-CA	IA-WINNESHIEK	IA,WINNESHIEK|IA WINNESHIEK	1900-01-01	2100-12-31					0	0	1		291
R	USA-CA	IA-WOODBURY	IA,WOODBURY|IA WOODBURY	1900-01-01	2100-12-31					0	0	1		291
R	USA-CA	IA-WORTH	IA,WORTH|IA WORTH	1900-01-01	2100-12-31					0	0	1		291
R	USA-CA	IA-WRIGHT	IA,WRIGHT|IA WRIGHT	1900-01-01	2100-12-31					0	0	1		291
R	USA-CA	ID-ADA	ID,ADA|ID ADA	1900-01-01	2100-12-31					0	0	1		291
R	USA-CA	ID-ADAMS	ID,ADAMS|ID ADAMS	1900-01-01	2100-12-31					0	0	1		291
R	USA-CA	ID-BANNOCK	ID,BANNOCK|ID BANNOCK	1900-01-01	2100-12-31					0	0	1		291
R	USA-CA	ID-BEARLAKE	ID,BEARLAKE|ID BEARLAKE	1900-01-01	2100-12-31					0	0	1		291
R	USA-CA	ID-BENEWAH	ID,BENEWAH|ID BENEWAH	1900-01-01	2100-12-31					0	0	1		291
R	USA-CA	ID-BINGHAM	ID,BINGHAM|ID BINGHAM	1900-01-01	2100-12-31					0	0	1		291
R	USA-CA	ID-BLAINE	ID,BLAINE|ID BLAINE	1900-01-01	2100-12-31					0	0	1		291
R	USA-CA	ID-BOISE	ID,BOISE|ID BOISE	1900-01-01	2100-12-31					0	0	1		291
R	USA-CA	ID-BONNER	ID,BONNER|ID BONNER	1900-01-01	2100-12-31					0	0	1		291
R	USA-CA	ID-BONNEVILLE	ID,BONNEVILLE|ID BONNEVILLE	1900-01-01	2100-12-31					0	0	1		291
R	USA-CA	ID-BOUNDARY	ID,BOUNDARY|ID BOUNDARY	1900-01-01	2100-12-31					0	0	1		291
R	USA-CA	ID-BUTTE	ID,BUTTE|ID BUTTE	1900-01-01	2100-12-31					0	0	1		291
R	USA-CA	ID-CAMAS	ID,CAMAS|ID CAMAS	1900-01-01	2100-12-31					0	0	1		291
R	USA-CA	ID-CANYON	ID,CANYON|ID CANYON	1900-01-01	2100-12-31					0	0	1		291
R	USA-CA	ID-CARIBOU	ID,CARIBOU|ID CARIBOU	1900-01-01	2100-12-31					0	0	1		291
R	USA-CA	ID-CASSIA	ID,CASSIA|ID CASSIA	1900-01-01	2100-12-31					0	0	1		291
R	USA-CA	ID-CLARK	ID,CLARK|ID CLARK	1900-01-01	2100-12-31					0	0	1		291
R	USA-CA	ID-CLEARWATER	ID,CLEARWATER|ID CLEARWATER	1900-01-01	2100-12-31					0	0	1		291
R	USA-CA	ID-CUSTER	ID,CUSTER|ID CUSTER	1900-01-01	2100-12-31					0	0	1		291
R	USA-CA	ID-ELMORE	ID,ELMORE|ID ELMORE	1900-01-01	2100-12-31					0	0	1		291
R	USA-CA	ID-FRANKLIN	ID,FRANKLIN|ID FRANKLIN	1900-01-01	2100-12-31					0	0	1		291
R	USA-CA	ID-FREMONT	ID,FREMONT|ID FREMONT	1900-01-01	2100-12-31					0	0	1		291
R	USA-CA	ID-GEM	ID,GEM|ID GEM	1900-01-01	2100-12-31					0	0	1		291
R	USA-CA	ID-GOODING	ID,GOODING|ID GOODING	1900-01-01	2100-12-31					0	0	1		291
R	USA-CA	ID-IDAHO	ID,IDAHO|ID IDAHO	1900-01-01	2100-12-31					0	0	1		291
R	USA-CA	ID-JEFFERSON	ID,JEFFERSON|ID JEFFERSON	1900-01-01	2100-12-31					0	0	1		291
R	USA-CA	ID-JEROME	ID,JEROME|ID JEROME	1900-01-01	2100-12-31					0	0	1		291
R	USA-CA	ID-KOOTENAI	ID,KOOTENAI|ID KOOTENAI	1900-01-01	2100-12-31					0	0	1		291
R	USA-CA	ID-LATAH	ID,LATAH|ID LATAH	1900-01-01	2100-12-31					0	0	1		291
R	USA-CA	ID-LEMHI	ID,LEMHI|ID LEMHI	1900-01-01	2100-12-31					0	0	1		291
R	USA-CA	ID-LEWIS	ID,LEWIS|ID LEWIS	1900-01-01	2100-12-31					0	0	1		291
R	USA-CA	ID-LINCOLN	ID,LINCOLN|ID LINCOLN	1900-01-01	2100-12-31					0	0	1		291
R	USA-CA	ID-MADISON	ID,MADISON|ID MADISON	1900-01-01	2100-12-31					0	0	1		291
R	USA-CA	ID-MINIDOKA	ID,MINIDOKA|ID MINIDOKA	1900-01-01	2100-12-31					0	0	1		291
R	USA-CA	ID-NEZPERCE	ID,NEZPERCE|ID NEZPERCE	1900-01-01	2100-12-31					0	0	1		291
R	USA-CA	ID-ONEIDA	ID,ONEIDA|ID ONEIDA	1900-01-01	2100-12-31					0	0	1		291
R	USA-CA	ID-OWYHEE	ID,OWYHEE|ID OWYHEE	1900-01-01	2100-12-31					0	0	1		291
R	USA-CA	ID-PAYETTE	ID,PAYETTE|ID PAYETTE	1900-01-01	2100-12-31					0	0	1		291
R	USA-CA	ID-POWER	ID,POWER|ID POWER	1900-01-01	2100-12-31					0	0	1		291
R	USA-CA	ID-SHOSHONE	ID,SHOSHONE|ID SHOSHONE	1900-01-01	2100-12-31					0	0	1		291
R	USA-CA	ID-TETON	ID,TETON|ID TETON	1900-01-01	2100-12-31					0	0	1		291
R	USA-CA	ID-TWINFALLS	ID,TWINFALLS|ID TWINFALLS	1900-01-01	2100-12-31					0	0	1		291
R	USA-CA	ID-VALLEY	ID,VALLEY|ID VALLEY	1900-01-01	2100-12-31					0	0	1		291
R	USA-CA	ID-WASHINGTON	ID,WASHINGTON|ID WASHINGTON	1900-01-01	2100-12-31					0	0	1		291
R	USA-CA	IL-ADAMS	IL,ADAMS|IL ADAMS	1900-01-01	2100-12-31					0	0	1		291
R	USA-CA	IL-ALEXANDER	IL,ALEXANDER|IL ALEXANDER	1900-01-01	2100-12-31					0	0	1		291
R	USA-CA	IL-BOND	IL,BOND|IL BOND	1900-01-01	2100-12-31					0	0	1		291
R	USA-CA	IL-BOONE	IL,BOONE|IL BOONE	1900-01-01	2100-12-31					0	0	1		291
R	USA-CA	IL-BROWN	IL,BROWN|IL BROWN	1900-01-01	2100-12-31					0	0	1		291
R	USA-CA	IL-BUREAU	IL,BUREAU|IL BUREAU	1900-01-01	2100-12-31					0	0	1		291
R	USA-CA	IL-CALHOUN	IL,CALHOUN|IL CALHOUN	1900-01-01	2100-12-31					0	0	1		291
R	USA-CA	IL-CARROLL	IL,CARROLL|IL CARROLL	1900-01-01	2100-12-31					0	0	1		291
R	USA-CA	IL-CASS	IL,CASS|IL CASS	1900-01-01	2100-12-31					0	0	1		291
R	USA-CA	IL-CHAMPAIGN	IL,CHAMPAIGN|IL CHAMPAIGN	1900-01-01	2100-12-31					0	0	1		291
R	USA-CA	IL-CHRISTIAN	IL,CHRISTIAN|IL CHRISTIAN	1900-01-01	2100-12-31					0	0	1		291
R	USA-CA	IL-CLARK	IL,CLARK|IL CLARK	1900-01-01	2100-12-31					0	0	1		291
R	USA-CA	IL-CLAY	IL,CLAY|IL CLAY	1900-01-01	2100-12-31					0	0	1		291
R	USA-CA	IL-CLINTON	IL,CLINTON|IL CLINTON	1900-01-01	2100-12-31					0	0	1		291
R	USA-CA	IL-COLES	IL,COLES|IL COLES	1900-01-01	2100-12-31					0	0	1		291
R	USA-CA	IL-COOK	IL,COOK|IL COOK	1900-01-01	2100-12-31					0	0	1		291
R	USA-CA	IL-CRAWFORD	IL,CRAWFORD|IL CRAWFORD	1900-01-01	2100-12-31					0	0	1		291
R	USA-CA	IL-CUMBERLAND	IL,CUMBERLAND|IL CUMBERLAND	1900-01-01	2100-12-31					0	0	1		291
R	USA-CA	IL-DEKALB	IL,DEKALB|IL DEKALB	1900-01-01	2100-12-31					0	0	1		291
R	USA-CA	IL-DEWITT	IL,DEWITT|IL DEWITT	1900-01-01	2100-12-31					0	0	1		291
R	USA-CA	IL-DOUGLAS	IL,DOUGLAS|IL DOUGLAS	1900-01-01	2100-12-31					0	0	1		291
R	USA-CA	IL-DUPAGE	IL,DUPAGE|IL DUPAGE	1900-01-01	2100-12-31					0	0	1		291
R	USA-CA	IL-EDGAR	IL,EDGAR|IL EDGAR	1900-01-01	2100-12-31					0	0	1		291
R	USA-CA	IL-EDWARDS	IL,EDWARDS|IL EDWARDS	1900-01-01	2100-12-31					0	0	1		291
R	USA-CA	IL-EFFINGHAM	IL,EFFINGHAM|IL EFFINGHAM	1900-01-01	2100-12-31					0	0	1		291
R	USA-CA	IL-FAYETTE	IL,FAYETTE|IL FAYETTE	1900-01-01	2100-12-31					0	0	1		291
R	USA-CA	IL-FORD	IL,FORD|IL FORD	1900-01-01	2100-12-31					0	0	1		291
R	USA-CA	IL-FRANKLIN	IL,FRANKLIN|IL FRANKLIN	1900-01-01	2100-12-31					0	0	1		291
R	USA-CA	IL-FULTON	IL,FULTON|IL FULTON	1900-01-01	2100-12-31					0	0	1		291
R	USA-CA	IL-GALLATIN	IL,GALLATIN|IL GALLATIN	1900-01-01	2100-12-31					0	0	1		291
R	USA-CA	IL-GREENE	IL,GREENE|IL GREENE	1900-01-01	2100-12-31					0	0	1		291
R	USA-CA	IL-GRUNDY	IL,GRUNDY|IL GRUNDY	1900-01-01	2100-12-31					0	0	1		291
R	USA-CA	IL-HAMILTON	IL,HAMILTON|IL HAMILTON	1900-01-01	2100-12-31					0	0	1		291
R	USA-CA	IL-HANCOCK	IL,HANCOCK|IL HANCOCK	1900-01-01	2100-12-31					0	0	1		291
R	USA-CA	IL-HARDIN	IL,HARDIN|IL HARDIN	1900-01-01	2100-12-31					0	0	1		291
R	USA-CA	IL-HENDERSON	IL,HENDERSON|IL HENDERSON	1900-01-01	2100-12-31					0	0	1		291
R	USA-CA	IL-HENRY	IL,HENRY|IL HENRY	1900-01-01	2100-12-31					0	0	1		291
R	USA-CA	IL-IROQUOIS	IL,IROQUOIS|IL IROQUOIS	1900-01-01	2100-12-31					0	0	1		291
R	USA-CA	IL-JACKSON	IL,JACKSON|IL JACKSON	1900-01-01	2100-12-31					0	0	1		291
R	USA-CA	IL-JASPER	IL,JASPER|IL JASPER	1900-01-01	2100-12-31					0	0	1		291
R	USA-CA	IL-JEFFERSON	IL,JEFFERSON|IL JEFFERSON	1900-01-01	2100-12-31					0	0	1		291
R	USA-CA	IL-JERSEY	IL,JERSEY|IL JERSEY	1900-01-01	2100-12-31					0	0	1		291
R	USA-CA	IL-JODAVIESS	IL,JODAVIESS|IL JODAVIESS	1900-01-01	2100-12-31					0	0	1		291
R	USA-CA	IL-JOHNSON	IL,JOHNSON|IL JOHNSON	1900-01-01	2100-12-31					0	0	1		291
R	USA-CA	IL-KANE	IL,KANE|IL KANE	1900-01-01	2100-12-31					0	0	1		291
R	USA-CA	IL-KANKAKEE	IL,KANKAKEE|IL KANKAKEE	1900-01-01	2100-12-31					0	0	1		291
R	USA-CA	IL-KENDALL	IL,KENDALL|IL KENDALL	1900-01-01	2100-12-31					0	0	1		291
R	USA-CA	IL-KNOX	IL,KNOX|IL KNOX	1900-01-01	2100-12-31					0	0	1		291
R	USA-CA	IL-LAKE	IL,LAKE|IL LAKE	1900-01-01	2100-12-31					0	0	1		291
R	USA-CA	IL-LASALLE	IL,LASALLE|IL LASALLE	1900-01-01	2100-12-31					0	0	1		291
R	USA-CA	IL-LAWRENCE	IL,LAWRENCE|IL LAWRENCE	1900-01-01	2100-12-31					0	0	1		291
R	USA-CA	IL-LEE	IL,LEE|IL LEE	1900-01-01	2100-12-31					0	0	1		291
R	USA-CA	IL-LIVINGSTON	IL,LIVINGSTON|IL LIVINGSTON	1900-01-01	2100-12-31					0	0	1		291
R	USA-CA	IL-LOGAN	IL,LOGAN|IL LOGAN	1900-01-01	2100-12-31					0	0	1		291
R	USA-CA	IL-MACON	IL,MACON|IL MACON	1900-01-01	2100-12-31					0	0	1		291
R	USA-CA	IL-MACOUPIN	IL,MACOUPIN|IL MACOUPIN	1900-01-01	2100-12-31					0	0	1		291
R	USA-CA	IL-MADISON	IL,MADISON|IL MADISON	1900-01-01	2100-12-31					0	0	1		291
R	USA-CA	IL-MARION	IL,MARION|IL MARION	1900-01-01	2100-12-31					0	0	1		291
R	USA-CA	IL-MARSHALL	IL,MARSHALL|IL MARSHALL	1900-01-01	2100-12-31					0	0	1		291
R	USA-CA	IL-MASON	IL,MASON|IL MASON	1900-01-01	2100-12-31					0	0	1		291
R	USA-CA	IL-MASSAC	IL,MASSAC|IL MASSAC	1900-01-01	2100-12-31					0	0	1		291
R	USA-CA	IL-MCCLEAN	IL,MCCLEAN|IL MCCLEAN	1900-01-01	2100-12-31					0	0	1		291
R	USA-CA	IL-MCDONOUGH	IL,MCDONOUGH|IL MCDONOUGH	1900-01-01	2100-12-31					0	0	1		291
R	USA-CA	IL-MCHENRY	IL,MCHENRY|IL MCHENRY	1900-01-01	2100-12-31					0	0	1		291
R	USA-CA	IL-MENARD	IL,MENARD|IL MENARD	1900-01-01	2100-12-31					0	0	1		291
R	USA-CA	IL-MERCER	IL,MERCER|IL MERCER	1900-01-01	2100-12-31					0	0	1		291
R	USA-CA	IL-MONROE	IL,MONROE|IL MONROE	1900-01-01	2100-12-31					0	0	1		291
R	USA-CA	IL-MONTGOMERY	IL,MONTGOMERY|IL MONTGOMERY	1900-01-01	2100-12-31					0	0	1		291
R	USA-CA	IL-MORGAN	IL,MORGAN|IL MORGAN	1900-01-01	2100-12-31					0	0	1		291
R	USA-CA	IL-MOULTRIE	IL,MOULTRIE|IL MOULTRIE	1900-01-01	2100-12-31					0	0	1		291
R	USA-CA	IL-OGLE	IL,OGLE|IL OGLE	1900-01-01	2100-12-31					0	0	1		291
R	USA-CA	IL-PEORIA	IL,PEORIA|IL PEORIA	1900-01-01	2100-12-31					0	0	1		291
R	USA-CA	IL-PERRY	IL,PERRY|IL PERRY	1900-01-01	2100-12-31					0	0	1		291
R	USA-CA	IL-PIATT	IL,PIATT|IL PIATT	1900-01-01	2100-12-31					0	0	1		291
R	USA-CA	IL-PIKE	IL,PIKE|IL PIKE	1900-01-01	2100-12-31					0	0	1		291
R	USA-CA	IL-POPE	IL,POPE|IL POPE	1900-01-01	2100-12-31					0	0	1		291
R	USA-CA	IL-PULASKI	IL,PULASKI|IL PULASKI	1900-01-01	2100-12-31					0	0	1		291
R	USA-CA	IL-PUTNAM	IL,PUTNAM|IL PUTNAM	1900-01-01	2100-12-31					0	0	1		291
R	USA-CA	IL-RANDOLPH	IL,RANDOLPH|IL RANDOLPH	1900-01-01	2100-12-31					0	0	1		291
R	USA-CA	IL-RICHLAND	IL,RICHLAND|IL RICHLAND	1900-01-01	2100-12-31					0	0	1		291
R	USA-CA	IL-ROCKISLAND	IL,ROCKISLAND|IL ROCKISLAND	1900-01-01	2100-12-31					0	0	1		291
R	USA-CA	IL-SALINE	IL,SALINE|IL SALINE	1900-01-01	2100-12-31					0	0	1		291
R	USA-CA	IL-SANGAMON	IL,SANGAMON|IL SANGAMON	1900-01-01	2100-12-31					0	0	1		291
R	USA-CA	IL-SCHUYLER	IL,SCHUYLER|IL SCHUYLER	1900-01-01	2100-12-31					0	0	1		291
R	USA-CA	IL-SCOTT	IL,SCOTT|IL SCOTT	1900-01-01	2100-12-31					0	0	1		291
R	USA-CA	IL-SHELBY	IL,SHELBY|IL SHELBY	1900-01-01	2100-12-31					0	0	1		291
R	USA-CA	IL-ST.CLAIR	IL,ST.CLAIR|IL ST.CLAIR	1900-01-01	2100-12-31					0	0	1		291
R	USA-CA	IL-STARK	IL,STARK|IL STARK	1900-01-01	2100-12-31					0	0	1		291
R	USA-CA	IL-STEPHENSON	IL,STEPHENSON|IL STEPHENSON	1900-01-01	2100-12-31					0	0	1		291
R	USA-CA	IL-TAZEWELL	IL,TAZEWELL|IL TAZEWELL	1900-01-01	2100-12-31					0	0	1		291
R	USA-CA	IL-UNION	IL,UNION|IL UNION	1900-01-01	2100-12-31					0	0	1		291
R	USA-CA	IL-VERMILION	IL,VERMILION|IL VERMILION	1900-01-01	2100-12-31					0	0	1		291
R	USA-CA	IL-WABASH	IL,WABASH|IL WABASH	1900-01-01	2100-12-31					0	0	1		291
R	USA-CA	IL-WARREN	IL,WARREN|IL WARREN	1900-01-01	2100-12-31					0	0	1		291
R	USA-CA	IL-WASHINGTON	IL,WASHINGTON|IL WASHINGTON	1900-01-01	2100-12-31					0	0	1		291
R	USA-CA	IL-WAYNE	IL,WAYNE|IL WAYNE	1900-01-01	2100-12-31					0	0	1		291
R	USA-CA	IL-WHITE	IL,WHITE|IL WHITE	1900-01-01	2100-12-31					0	0	1		291
R	USA-CA	IL-WHITESIDE	IL,WHITESIDE|IL WHITESIDE	1900-01-01	2100-12-31					0	0	1		291
R	USA-CA	IL-WILL	IL,WILL|IL WILL	1900-01-01	2100-12-31					0	0	1		291
R	USA-CA	IL-WILLIAMSON	IL,WILLIAMSON|IL WILLIAMSON	1900-01-01	2100-12-31					0	0	1		291
R	USA-CA	IL-WINNEBAGO	IL,WINNEBAGO|IL WINNEBAGO	1900-01-01	2100-12-31					0	0	1		291
R	USA-CA	IL-WOODFORD	IL,WOODFORD|IL WOODFORD	1900-01-01	2100-12-31					0	0	1		291
R	USA-CA	IN-ADAMS	IN,ADAMS|IN ADAMS	1900-01-01	2100-12-31					0	0	1		291
R	USA-CA	IN-ALLEN	IN,ALLEN|IN ALLEN	1900-01-01	2100-12-31					0	0	1		291
R	USA-CA	IN-BARTHOLOMEW	IN,BARTHOLOMEW|IN BARTHOLOMEW	1900-01-01	2100-12-31					0	0	1		291
R	USA-CA	IN-BENTON	IN,BENTON|IN BENTON	1900-01-01	2100-12-31					0	0	1		291
R	USA-CA	IN-BLACKFORD	IN,BLACKFORD|IN BLACKFORD	1900-01-01	2100-12-31					0	0	1		291
R	USA-CA	IN-BOONE	IN,BOONE|IN BOONE	1900-01-01	2100-12-31					0	0	1		291
R	USA-CA	IN-BROWN	IN,BROWN|IN BROWN	1900-01-01	2100-12-31					0	0	1		291
R	USA-CA	IN-CARROLL	IN,CARROLL|IN CARROLL	1900-01-01	2100-12-31					0	0	1		291
R	USA-CA	IN-CASS	IN,CASS|IN CASS	1900-01-01	2100-12-31					0	0	1		291
R	USA-CA	IN-CLARK	IN,CLARK|IN CLARK	1900-01-01	2100-12-31					0	0	1		291
R	USA-CA	IN-CLAY	IN,CLAY|IN CLAY	1900-01-01	2100-12-31					0	0	1		291
R	USA-CA	IN-CLINTON	IN,CLINTON|IN CLINTON	1900-01-01	2100-12-31					0	0	1		291
R	USA-CA	IN-CRAWFORD	IN,CRAWFORD|IN CRAWFORD	1900-01-01	2100-12-31					0	0	1		291
R	USA-CA	IN-DAVIESS	IN,DAVIESS|IN DAVIESS	1900-01-01	2100-12-31					0	0	1		291
R	USA-CA	IN-DEARBORN	IN,DEARBORN|IN DEARBORN	1900-01-01	2100-12-31					0	0	1		291
R	USA-CA	IN-DECATUR	IN,DECATUR|IN DECATUR	1900-01-01	2100-12-31					0	0	1		291
R	USA-CA	IN-DEKALB	IN,DEKALB|IN DEKALB	1900-01-01	2100-12-31					0	0	1		291
R	USA-CA	IN-DELAWARE	IN,DELAWARE|IN DELAWARE	1900-01-01	2100-12-31					0	0	1		291
R	USA-CA	IN-DUBOIS	IN,DUBOIS|IN DUBOIS	1900-01-01	2100-12-31					0	0	1		291
R	USA-CA	IN-ELKHART	IN,ELKHART|IN ELKHART	1900-01-01	2100-12-31					0	0	1		291
R	USA-CA	IN-FAYETTE	IN,FAYETTE|IN FAYETTE	1900-01-01	2100-12-31					0	0	1		291
R	USA-CA	IN-FLOYD	IN,FLOYD|IN FLOYD	1900-01-01	2100-12-31					0	0	1		291
R	USA-CA	IN-FOUNTAIN	IN,FOUNTAIN|IN FOUNTAIN	1900-01-01	2100-12-31					0	0	1		291
R	USA-CA	IN-FRANKLIN	IN,FRANKLIN|IN FRANKLIN	1900-01-01	2100-12-31					0	0	1		291
R	USA-CA	IN-FULTON	IN,FULTON|IN FULTON	1900-01-01	2100-12-31					0	0	1		291
R	USA-CA	IN-GIBSON	IN,GIBSON|IN GIBSON	1900-01-01	2100-12-31					0	0	1		291
R	USA-CA	IN-GRANT	IN,GRANT|IN GRANT	1900-01-01	2100-12-31					0	0	1		291
R	USA-CA	IN-GREENE	IN,GREENE|IN GREENE	1900-01-01	2100-12-31					0	0	1		291
R	USA-CA	IN-HAMILTON	IN,HAMILTON|IN HAMILTON	1900-01-01	2100-12-31					0	0	1		291
R	USA-CA	IN-HANCOCK	IN,HANCOCK|IN HANCOCK	1900-01-01	2100-12-31					0	0	1		291
R	USA-CA	IN-HARRISON	IN,HARRISON|IN HARRISON	1900-01-01	2100-12-31					0	0	1		291
R	USA-CA	IN-HENDRICKS	IN,HENDRICKS|IN HENDRICKS	1900-01-01	2100-12-31					0	0	1		291
R	USA-CA	IN-HENRY	IN,HENRY|IN HENRY	1900-01-01	2100-12-31					0	0	1		291
R	USA-CA	IN-HOWARD	IN,HOWARD|IN HOWARD	1900-01-01	2100-12-31					0	0	1		291
R	USA-CA	IN-HUNTINGTON	IN,HUNTINGTON|IN HUNTINGTON	1900-01-01	2100-12-31					0	0	1		291
R	USA-CA	IN-JACKSON	IN,JACKSON|IN JACKSON	1900-01-01	2100-12-31					0	0	1		291
R	USA-CA	IN-JASPER	IN,JASPER|IN JASPER	1900-01-01	2100-12-31					0	0	1		291
R	USA-CA	IN-JAY	IN,JAY|IN JAY	1900-01-01	2100-12-31					0	0	1		291
R	USA-CA	IN-JEFFERSON	IN,JEFFERSON|IN JEFFERSON	1900-01-01	2100-12-31					0	0	1		291
R	USA-CA	IN-JENNINGS	IN,JENNINGS|IN JENNINGS	1900-01-01	2100-12-31					0	0	1		291
R	USA-CA	IN-JOHNSON	IN,JOHNSON|IN JOHNSON	1900-01-01	2100-12-31					0	0	1		291
R	USA-CA	IN-KNOX	IN,KNOX|IN KNOX	1900-01-01	2100-12-31					0	0	1		291
R	USA-CA	IN-KOSCIUSKO	IN,KOSCIUSKO|IN KOSCIUSKO	1900-01-01	2100-12-31					0	0	1		291
R	USA-CA	IN-LAGRANGE	IN,LAGRANGE|IN LAGRANGE	1900-01-01	2100-12-31					0	0	1		291
R	USA-CA	IN-LAKE	IN,LAKE|IN LAKE	1900-01-01	2100-12-31					0	0	1		291
R	USA-CA	IN-LAPORTE	IN,LAPORTE|IN LAPORTE	1900-01-01	2100-12-31					0	0	1		291
R	USA-CA	IN-LAWRENCE	IN,LAWRENCE|IN LAWRENCE	1900-01-01	2100-12-31					0	0	1		291
R	USA-CA	IN-MADISON	IN,MADISON|IN MADISON	1900-01-01	2100-12-31					0	0	1		291
R	USA-CA	IN-MARION	IN,MARION|IN MARION	1900-01-01	2100-12-31					0	0	1		291
R	USA-CA	IN-MARSHALL	IN,MARSHALL|IN MARSHALL	1900-01-01	2100-12-31					0	0	1		291
R	USA-CA	IN-MARTIN	IN,MARTIN|IN MARTIN	1900-01-01	2100-12-31					0	0	1		291
R	USA-CA	IN-MIAMI	IN,MIAMI|IN MIAMI	1900-01-01	2100-12-31					0	0	1		291
R	USA-CA	IN-MONROE	IN,MONROE|IN MONROE	1900-01-01	2100-12-31					0	0	1		291
R	USA-CA	IN-MONTGOMERY	IN,MONTGOMERY|IN MONTGOMERY	1900-01-01	2100-12-31					0	0	1		291
R	USA-CA	IN-MORGAN	IN,MORGAN|IN MORGAN	1900-01-01	2100-12-31					0	0	1		291
R	USA-CA	IN-NEWTON	IN,NEWTON|IN NEWTON	1900-01-01	2100-12-31					0	0	1		291
R	USA-CA	IN-NOBLE	IN,NOBLE|IN NOBLE	1900-01-01	2100-12-31					0	0	1		291
R	USA-CA	IN-OHIO	IN,OHIO|IN OHIO	1900-01-01	2100-12-31					0	0	1		291
R	USA-CA	IN-ORANGE	IN,ORANGE|IN ORANGE	1900-01-01	2100-12-31					0	0	1		291
R	USA-CA	IN-OWEN	IN,OWEN|IN OWEN	1900-01-01	2100-12-31					0	0	1		291
R	USA-CA	IN-PARKE	IN,PARKE|IN PARKE	1900-01-01	2100-12-31					0	0	1		291
R	USA-CA	IN-PERRY	IN,PERRY|IN PERRY	1900-01-01	2100-12-31					0	0	1		291
R	USA-CA	IN-PIKE	IN,PIKE|IN PIKE	1900-01-01	2100-12-31					0	0	1		291
R	USA-CA	IN-PORTER	IN,PORTER|IN PORTER	1900-01-01	2100-12-31					0	0	1		291
R	USA-CA	IN-POSEY	IN,POSEY|IN POSEY	1900-01-01	2100-12-31					0	0	1		291
R	USA-CA	IN-PULASKI	IN,PULASKI|IN PULASKI	1900-01-01	2100-12-31					0	0	1		291
R	USA-CA	IN-PUTNAM	IN,PUTNAM|IN PUTNAM	1900-01-01	2100-12-31					0	0	1		291
R	USA-CA	IN-RANDOLPH	IN,RANDOLPH|IN RANDOLPH	1900-01-01	2100-12-31					0	0	1		291
R	USA-CA	IN-RIPLEY	IN,RIPLEY|IN RIPLEY	1900-01-01	2100-12-31					0	0	1		291
R	USA-CA	IN-RUSH	IN,RUSH|IN RUSH	1900-01-01	2100-12-31					0	0	1		291
R	USA-CA	IN-SCOTT	IN,SCOTT|IN SCOTT	1900-01-01	2100-12-31					0	0	1		291
R	USA-CA	IN-SHELBY	IN,SHELBY|IN SHELBY	1900-01-01	2100-12-31					0	0	1		291
R	USA-CA	IN-SPENCER	IN,SPENCER|IN SPENCER	1900-01-01	2100-12-31					0	0	1		291
R	USA-CA	IN-ST.JOSEPH	IN,ST.JOSEPH|IN ST.JOSEPH	1900-01-01	2100-12-31					0	0	1		291
R	USA-CA	IN-STARKE	IN,STARKE|IN STARKE	1900-01-01	2100-12-31					0	0	1		291
R	USA-CA	IN-STEUBEN	IN,STEUBEN|IN STEUBEN	1900-01-01	2100-12-31					0	0	1		291
R	USA-CA	IN-SULLIVAN	IN,SULLIVAN|IN SULLIVAN	1900-01-01	2100-12-31					0	0	1		291
R	USA-CA	IN-SWITZERLAND	IN,SWITZERLAND|IN SWITZERLAND	1900-01-01	2100-12-31					0	0	1		291
R	USA-CA	IN-TIPPECANOE	IN,TIPPECANOE|IN TIPPECANOE	1900-01-01	2100-12-31					0	0	1		291
R	USA-CA	IN-TIPTON	IN,TIPTON|IN TIPTON	1900-01-01	2100-12-31					0	0	1		291
R	USA-CA	IN-UNION	IN,UNION|IN UNION	1900-01-01	2100-12-31					0	0	1		291
R	USA-CA	IN-VANDERBURGH	IN,VANDERBURGH|IN VANDERBURGH	1900-01-01	2100-12-31					0	0	1		291
R	USA-CA	IN-VERMILLION	IN,VERMILLION|IN VERMILLION	1900-01-01	2100-12-31					0	0	1		291
R	USA-CA	IN-VIGO	IN,VIGO|IN VIGO	1900-01-01	2100-12-31					0	0	1		291
R	USA-CA	IN-WABASH	IN,WABASH|IN WABASH	1900-01-01	2100-12-31					0	0	1		291
R	USA-CA	IN-WARREN	IN,WARREN|IN WARREN	1900-01-01	2100-12-31					0	0	1		291
R	USA-CA	IN-WARRICK	IN,WARRICK|IN WARRICK	1900-01-01	2100-12-31					0	0	1		291
R	USA-CA	IN-WASHINGTON	IN,WASHINGTON|IN WASHINGTON	1900-01-01	2100-12-31					0	0	1		291
R	USA-CA	IN-WAYNE	IN,WAYNE|IN WAYNE	1900-01-01	2100-12-31					0	0	1		291
R	USA-CA	IN-WELLS	IN,WELLS|IN WELLS	1900-01-01	2100-12-31					0	0	1		291
R	USA-CA	IN-WHITE	IN,WHITE|IN WHITE	1900-01-01	2100-12-31					0	0	1		291
R	USA-CA	IN-WHITLEY	IN,WHITLEY|IN WHITLEY	1900-01-01	2100-12-31					0	0	1		291
R	USA-CA	KS-ALLEN	KS,ALLEN|KS ALLEN	1900-01-01	2100-12-31					0	0	1		291
R	USA-CA	KS-ANDERSON	KS,ANDERSON|KS ANDERSON	1900-01-01	2100-12-31					0	0	1		291
R	USA-CA	KS-ATCHISON	KS,ATCHISON|KS ATCHISON	1900-01-01	2100-12-31					0	0	1		291
R	USA-CA	KS-BARBER	KS,BARBER|KS BARBER	1900-01-01	2100-12-31					0	0	1		291
R	USA-CA	KS-BARTON	KS,BARTON|KS BARTON	1900-01-01	2100-12-31					0	0	1		291
R	USA-CA	KS-BOURBON	KS,BOURBON|KS BOURBON	1900-01-01	2100-12-31					0	0	1		291
R	USA-CA	KS-BROWN	KS,BROWN|KS BROWN	1900-01-01	2100-12-31					0	0	1		291
R	USA-CA	KS-BUTLER	KS,BUTLER|KS BUTLER	1900-01-01	2100-12-31					0	0	1		291
R	USA-CA	KS-CHASE	KS,CHASE|KS CHASE	1900-01-01	2100-12-31					0	0	1		291
R	USA-CA	KS-CHAUTAUQUA	KS,CHAUTAUQUA|KS CHAUTAUQUA	1900-01-01	2100-12-31					0	0	1		291
R	USA-CA	KS-CHEROKEE	KS,CHEROKEE|KS CHEROKEE	1900-01-01	2100-12-31					0	0	1		291
R	USA-CA	KS-CHEYENNE	KS,CHEYENNE|KS CHEYENNE	1900-01-01	2100-12-31					0	0	1		291
R	USA-CA	KS-CLARK	KS,CLARK|KS CLARK	1900-01-01	2100-12-31					0	0	1		291
R	USA-CA	KS-CLAY	KS,CLAY|KS CLAY	1900-01-01	2100-12-31					0	0	1		291
R	USA-CA	KS-CLOUD	KS,CLOUD|KS CLOUD	1900-01-01	2100-12-31					0	0	1		291
R	USA-CA	KS-COFFEY	KS,COFFEY|KS COFFEY	1900-01-01	2100-12-31					0	0	1		291
R	USA-CA	KS-COMANCHE	KS,COMANCHE|KS COMANCHE	1900-01-01	2100-12-31					0	0	1		291
R	USA-CA	KS-COWLEY	KS,COWLEY|KS COWLEY	1900-01-01	2100-12-31					0	0	1		291
R	USA-CA	KS-CRAWFORD	KS,CRAWFORD|KS CRAWFORD	1900-01-01	2100-12-31					0	0	1		291
R	USA-CA	KS-DECATUR	KS,DECATUR|KS DECATUR	1900-01-01	2100-12-31					0	0	1		291
R	USA-CA	KS-DICKINSON	KS,DICKINSON|KS DICKINSON	1900-01-01	2100-12-31					0	0	1		291
R	USA-CA	KS-DONIPHAN	KS,DONIPHAN|KS DONIPHAN	1900-01-01	2100-12-31					0	0	1		291
R	USA-CA	KS-DOUGLAS	KS,DOUGLAS|KS DOUGLAS	1900-01-01	2100-12-31					0	0	1		291
R	USA-CA	KS-EDWARDS	KS,EDWARDS|KS EDWARDS	1900-01-01	2100-12-31					0	0	1		291
R	USA-CA	KS-ELK	KS,ELK|KS ELK	1900-01-01	2100-12-31					0	0	1		291
R	USA-CA	KS-ELLIS	KS,ELLIS|KS ELLIS	1900-01-01	2100-12-31					0	0	1		291
R	USA-CA	KS-ELLSWORTH	KS,ELLSWORTH|KS ELLSWORTH	1900-01-01	2100-12-31					0	0	1		291
R	USA-CA	KS-FINNEY	KS,FINNEY|KS FINNEY	1900-01-01	2100-12-31					0	0	1		291
R	USA-CA	KS-FORD	KS,FORD|KS FORD	1900-01-01	2100-12-31					0	0	1		291
R	USA-CA	KS-FRANKLIN	KS,FRANKLIN|KS FRANKLIN	1900-01-01	2100-12-31					0	0	1		291
R	USA-CA	KS-GEARY	KS,GEARY|KS GEARY	1900-01-01	2100-12-31					0	0	1		291
R	USA-CA	KS-GOVE	KS,GOVE|KS GOVE	1900-01-01	2100-12-31					0	0	1		291
R	USA-CA	KS-GRAHAM	KS,GRAHAM|KS GRAHAM	1900-01-01	2100-12-31					0	0	1		291
R	USA-CA	KS-GRANT	KS,GRANT|KS GRANT	1900-01-01	2100-12-31					0	0	1		291
R	USA-CA	KS-GRAY	KS,GRAY|KS GRAY	1900-01-01	2100-12-31					0	0	1		291
R	USA-CA	KS-GREELY	KS,GREELY|KS GREELY	1900-01-01	2100-12-31					0	0	1		291
R	USA-CA	KS-GREENWOOD	KS,GREENWOOD|KS GREENWOOD	1900-01-01	2100-12-31					0	0	1		291
R	USA-CA	KS-HAMILTON	KS,HAMILTON|KS HAMILTON	1900-01-01	2100-12-31					0	0	1		291
R	USA-CA	KS-HARPER	KS,HARPER|KS HARPER	1900-01-01	2100-12-31					0	0	1		291
R	USA-CA	KS-HARVEY	KS,HARVEY|KS HARVEY	1900-01-01	2100-12-31					0	0	1		291
R	USA-CA	KS-HASKELL	KS,HASKELL|KS HASKELL	1900-01-01	2100-12-31					0	0	1		291
R	USA-CA	KS-HODGEMAN	KS,HODGEMAN|KS HODGEMAN	1900-01-01	2100-12-31					0	0	1		291
R	USA-CA	KS-JACKSON	KS,JACKSON|KS JACKSON	1900-01-01	2100-12-31					0	0	1		291
R	USA-CA	KS-JEFFERSON	KS,JEFFERSON|KS JEFFERSON	1900-01-01	2100-12-31					0	0	1		291
R	USA-CA	KS-JEWELL	KS,JEWELL|KS JEWELL	1900-01-01	2100-12-31					0	0	1		291
R	USA-CA	KS-JOHNSON	KS,JOHNSON|KS JOHNSON	1900-01-01	2100-12-31					0	0	1		291
R	USA-CA	KS-KEARNY	KS,KEARNY|KS KEARNY	1900-01-01	2100-12-31					0	0	1		291
R	USA-CA	KS-KINGMAN	KS,KINGMAN|KS KINGMAN	1900-01-01	2100-12-31					0	0	1		291
R	USA-CA	KS-KIOWA	KS,KIOWA|KS KIOWA	1900-01-01	2100-12-31					0	0	1		291
R	USA-CA	KS-LABETTE	KS,LABETTE|KS LABETTE	1900-01-01	2100-12-31					0	0	1		291
R	USA-CA	KS-LANE	KS,LANE|KS LANE	1900-01-01	2100-12-31					0	0	1		291
R	USA-CA	KS-LEAVENWORTH	KS,LEAVENWORTH|KS LEAVENWORTH	1900-01-01	2100-12-31					0	0	1		291
R	USA-CA	KS-LINCOLN	KS,LINCOLN|KS LINCOLN	1900-01-01	2100-12-31					0	0	1		291
R	USA-CA	KS-LINN	KS,LINN|KS LINN	1900-01-01	2100-12-31					0	0	1		291
R	USA-CA	KS-LOGAN	KS,LOGAN|KS LOGAN	1900-01-01	2100-12-31					0	0	1		291
R	USA-CA	KS-LYON	KS,LYON|KS LYON	1900-01-01	2100-12-31					0	0	1		291
R	USA-CA	KS-MARION	KS,MARION|KS MARION	1900-01-01	2100-12-31					0	0	1		291
R	USA-CA	KS-MARSHALL	KS,MARSHALL|KS MARSHALL	1900-01-01	2100-12-31					0	0	1		291
R	USA-CA	KS-MCPHERSON	KS,MCPHERSON|KS MCPHERSON	1900-01-01	2100-12-31					0	0	1		291
R	USA-CA	KS-MEADE	KS,MEADE|KS MEADE	1900-01-01	2100-12-31					0	0	1		291
R	USA-CA	KS-MIAMI	KS,MIAMI|KS MIAMI	1900-01-01	2100-12-31					0	0	1		291
R	USA-CA	KS-MITCHELL	KS,MITCHELL|KS MITCHELL	1900-01-01	2100-12-31					0	0	1		291
R	USA-CA	KS-MONTGOMERY	KS,MONTGOMERY|KS MONTGOMERY	1900-01-01	2100-12-31					0	0	1		291
R	USA-CA	KS-MORRIS	KS,MORRIS|KS MORRIS	1900-01-01	2100-12-31					0	0	1		291
R	USA-CA	KS-MORTON	KS,MORTON|KS MORTON	1900-01-01	2100-12-31					0	0	1		291
R	USA-CA	KS-NEMAHA	KS,NEMAHA|KS NEMAHA	1900-01-01	2100-12-31					0	0	1		291
R	USA-CA	KS-NEOSHO	KS,NEOSHO|KS NEOSHO	1900-01-01	2100-12-31					0	0	1		291
R	USA-CA	KS-NESS	KS,NESS|KS NESS	1900-01-01	2100-12-31					0	0	1		291
R	USA-CA	KS-NORTON	KS,NORTON|KS NORTON	1900-01-01	2100-12-31					0	0	1		291
R	USA-CA	KS-OSAGE	KS,OSAGE|KS OSAGE	1900-01-01	2100-12-31					0	0	1		291
R	USA-CA	KS-OSBORNE	KS,OSBORNE|KS OSBORNE	1900-01-01	2100-12-31					0	0	1		291
R	USA-CA	KS-OTTAWA	KS,OTTAWA|KS OTTAWA	1900-01-01	2100-12-31					0	0	1		291
R	USA-CA	KS-PAWNEE	KS,PAWNEE|KS PAWNEE	1900-01-01	2100-12-31					0	0	1		291
R	USA-CA	KS-PHILLIPS	KS,PHILLIPS|KS PHILLIPS	1900-01-01	2100-12-31					0	0	1		291
R	USA-CA	KS-POTTAWATOMIE	KS,POTTAWATOMIE|KS POTTAWATOMIE	1900-01-01	2100-12-31					0	0	1		291
R	USA-CA	KS-PRATT	KS,PRATT|KS PRATT	1900-01-01	2100-12-31					0	0	1		291
R	USA-CA	KS-RAWLINS	KS,RAWLINS|KS RAWLINS	1900-01-01	2100-12-31					0	0	1		291
R	USA-CA	KS-RENO	KS,RENO|KS RENO	1900-01-01	2100-12-31					0	0	1		291
R	USA-CA	KS-REPUBLIC	KS,REPUBLIC|KS REPUBLIC	1900-01-01	2100-12-31					0	0	1		291
R	USA-CA	KS-RICE	KS,RICE|KS RICE	1900-01-01	2100-12-31					0	0	1		291
R	USA-CA	KS-RILEY	KS,RILEY|KS RILEY	1900-01-01	2100-12-31					0	0	1		291
R	USA-CA	KS-ROOKS	KS,ROOKS|KS ROOKS	1900-01-01	2100-12-31					0	0	1		291
R	USA-CA	KS-RUSH	KS,RUSH|KS RUSH	1900-01-01	2100-12-31					0	0	1		291
R	USA-CA	KS-RUSSELL	KS,RUSSELL|KS RUSSELL	1900-01-01	2100-12-31					0	0	1		291
R	USA-CA	KS-SALINE	KS,SALINE|KS SALINE	1900-01-01	2100-12-31					0	0	1		291
R	USA-CA	KS-SCOTT	KS,SCOTT|KS SCOTT	1900-01-01	2100-12-31					0	0	1		291
R	USA-CA	KS-SEDGWICK	KS,SEDGWICK|KS SEDGWICK	1900-01-01	2100-12-31					0	0	1		291
R	USA-CA	KS-SEWARD	KS,SEWARD|KS SEWARD	1900-01-01	2100-12-31					0	0	1		291
R	USA-CA	KS-SHAWNEE	KS,SHAWNEE|KS SHAWNEE	1900-01-01	2100-12-31					0	0	1		291
R	USA-CA	KS-SHERIDAN	KS,SHERIDAN|KS SHERIDAN	1900-01-01	2100-12-31					0	0	1		291
R	USA-CA	KS-SHERMAN	KS,SHERMAN|KS SHERMAN	1900-01-01	2100-12-31					0	0	1		291
R	USA-CA	KS-SMITH	KS,SMITH|KS SMITH	1900-01-01	2100-12-31					0	0	1		291
R	USA-CA	KS-STAFFORD	KS,STAFFORD|KS STAFFORD	1900-01-01	2100-12-31					0	0	1		291
R	USA-CA	KS-STANTON	KS,STANTON|KS STANTON	1900-01-01	2100-12-31					0	0	1		291
R	USA-CA	KS-STEVENS	KS,STEVENS|KS STEVENS	1900-01-01	2100-12-31					0	0	1		291
R	USA-CA	KS-SUMNER	KS,SUMNER|KS SUMNER	1900-01-01	2100-12-31					0	0	1		291
R	USA-CA	KS-THOMAS	KS,THOMAS|KS THOMAS	1900-01-01	2100-12-31					0	0	1		291
R	USA-CA	KS-TREGO	KS,TREGO|KS TREGO	1900-01-01	2100-12-31					0	0	1		291
R	USA-CA	KS-WABAUNSEE	KS,WABAUNSEE|KS WABAUNSEE	1900-01-01	2100-12-31					0	0	1		291
R	USA-CA	KS-WALLACE	KS,WALLACE|KS WALLACE	1900-01-01	2100-12-31					0	0	1		291
R	USA-CA	KS-WASHINGTON	KS,WASHINGTON|KS WASHINGTON	1900-01-01	2100-12-31					0	0	1		291
R	USA-CA	KS-WICHITA	KS,WICHITA|KS WICHITA	1900-01-01	2100-12-31					0	0	1		291
R	USA-CA	KS-WILSON	KS,WILSON|KS WILSON	1900-01-01	2100-12-31					0	0	1		291
R	USA-CA	KS-WOODSON	KS,WOODSON|KS WOODSON	1900-01-01	2100-12-31					0	0	1		291
R	USA-CA	KS-WYANDOTTE	KS,WYANDOTTE|KS WYANDOTTE	1900-01-01	2100-12-31					0	0	1		291
R	USA-CA	KY-ADAIR	KY,ADAIR|KY ADAIR	1900-01-01	2100-12-31					0	0	1		291
R	USA-CA	KY-ALLEN	KY,ALLEN|KY ALLEN	1900-01-01	2100-12-31					0	0	1		291
R	USA-CA	KY-ANDERSON	KY,ANDERSON|KY ANDERSON	1900-01-01	2100-12-31					0	0	1		291
R	USA-CA	KY-BALLARD	KY,BALLARD|KY BALLARD	1900-01-01	2100-12-31					0	0	1		291
R	USA-CA	KY-BARREN	KY,BARREN|KY BARREN	1900-01-01	2100-12-31					0	0	1		291
R	USA-CA	KY-BATH	KY,BATH|KY BATH	1900-01-01	2100-12-31					0	0	1		291
R	USA-CA	KY-BELL	KY,BELL|KY BELL	1900-01-01	2100-12-31					0	0	1		291
R	USA-CA	KY-BOONE	KY,BOONE|KY BOONE	1900-01-01	2100-12-31					0	0	1		291
R	USA-CA	KY-BOURBON	KY,BOURBON|KY BOURBON	1900-01-01	2100-12-31					0	0	1		291
R	USA-CA	KY-BOYD	KY,BOYD|KY BOYD	1900-01-01	2100-12-31					0	0	1		291
R	USA-CA	KY-BOYLE	KY,BOYLE|KY BOYLE	1900-01-01	2100-12-31					0	0	1		291
R	USA-CA	KY-BRACKEN	KY,BRACKEN|KY BRACKEN	1900-01-01	2100-12-31					0	0	1		291
R	USA-CA	KY-BREATHITT	KY,BREATHITT|KY BREATHITT	1900-01-01	2100-12-31					0	0	1		291
R	USA-CA	KY-BRECKENRIDGE	KY,BRECKENRIDGE|KY BRECKENRIDGE	1900-01-01	2100-12-31					0	0	1		291
R	USA-CA	KY-BULLITT	KY,BULLITT|KY BULLITT	1900-01-01	2100-12-31					0	0	1		291
R	USA-CA	KY-BUTLER	KY,BUTLER|KY BUTLER	1900-01-01	2100-12-31					0	0	1		291
R	USA-CA	KY-CALDWELL	KY,CALDWELL|KY CALDWELL	1900-01-01	2100-12-31					0	0	1		291
R	USA-CA	KY-CALLOWAY	KY,CALLOWAY|KY CALLOWAY	1900-01-01	2100-12-31					0	0	1		291
R	USA-CA	KY-CAMPBELL	KY,CAMPBELL|KY CAMPBELL	1900-01-01	2100-12-31					0	0	1		291
R	USA-CA	KY-CARLISLE	KY,CARLISLE|KY CARLISLE	1900-01-01	2100-12-31					0	0	1		291
R	USA-CA	KY-CARROLL	KY,CARROLL|KY CARROLL	1900-01-01	2100-12-31					0	0	1		291
R	USA-CA	KY-CARTER	KY,CARTER|KY CARTER	1900-01-01	2100-12-31					0	0	1		291
R	USA-CA	KY-CASEY	KY,CASEY|KY CASEY	1900-01-01	2100-12-31					0	0	1		291
R	USA-CA	KY-CHRISTIAN	KY,CHRISTIAN|KY CHRISTIAN	1900-01-01	2100-12-31					0	0	1		291
R	USA-CA	KY-CLARK	KY,CLARK|KY CLARK	1900-01-01	2100-12-31					0	0	1		291
R	USA-CA	KY-CLAY	KY,CLAY|KY CLAY	1900-01-01	2100-12-31					0	0	1		291
R	USA-CA	KY-CLINTON	KY,CLINTON|KY CLINTON	1900-01-01	2100-12-31					0	0	1		291
R	USA-CA	KY-CRITTENDEN	KY,CRITTENDEN|KY CRITTENDEN	1900-01-01	2100-12-31					0	0	1		291
R	USA-CA	KY-CUMBERLAND	KY,CUMBERLAND|KY CUMBERLAND	1900-01-01	2100-12-31					0	0	1		291
R	USA-CA	KY-DAVIESS	KY,DAVIESS|KY DAVIESS	1900-01-01	2100-12-31					0	0	1		291
R	USA-CA	KY-EDMONSON	KY,EDMONSON|KY EDMONSON	1900-01-01	2100-12-31					0	0	1		291
R	USA-CA	KY-ELLIOTT	KY,ELLIOTT|KY ELLIOTT	1900-01-01	2100-12-31					0	0	1		291
R	USA-CA	KY-ESTILL	KY,ESTILL|KY ESTILL	1900-01-01	2100-12-31					0	0	1		291
R	USA-CA	KY-FAYETTE	KY,FAYETTE|KY FAYETTE	1900-01-01	2100-12-31					0	0	1		291
R	USA-CA	KY-FLEMING	KY,FLEMING|KY FLEMING	1900-01-01	2100-12-31					0	0	1		291
R	USA-CA	KY-FLOYD	KY,FLOYD|KY FLOYD	1900-01-01	2100-12-31					0	0	1		291
R	USA-CA	KY-FRANKLIN	KY,FRANKLIN|KY FRANKLIN	1900-01-01	2100-12-31					0	0	1		291
R	USA-CA	KY-FULTON	KY,FULTON|KY FULTON	1900-01-01	2100-12-31					0	0	1		291
R	USA-CA	KY-GALLATIN	KY,GALLATIN|KY GALLATIN	1900-01-01	2100-12-31					0	0	1		291
R	USA-CA	KY-GARRARD	KY,GARRARD|KY GARRARD	1900-01-01	2100-12-31					0	0	1		291
R	USA-CA	KY-GRANT	KY,GRANT|KY GRANT	1900-01-01	2100-12-31					0	0	1		291
R	USA-CA	KY-GRAVES	KY,GRAVES|KY GRAVES	1900-01-01	2100-12-31					0	0	1		291
R	USA-CA	KY-GRAYSON	KY,GRAYSON|KY GRAYSON	1900-01-01	2100-12-31					0	0	1		291
R	USA-CA	KY-GREEN	KY,GREEN|KY GREEN	1900-01-01	2100-12-31					0	0	1		291
R	USA-CA	KY-GREENUP	KY,GREENUP|KY GREENUP	1900-01-01	2100-12-31					0	0	1		291
R	USA-CA	KY-HANCOCK	KY,HANCOCK|KY HANCOCK	1900-01-01	2100-12-31					0	0	1		291
R	USA-CA	KY-HARDIN	KY,HARDIN|KY HARDIN	1900-01-01	2100-12-31					0	0	1		291
R	USA-CA	KY-HARLAN	KY,HARLAN|KY HARLAN	1900-01-01	2100-12-31					0	0	1		291
R	USA-CA	KY-HARRISON	KY,HARRISON|KY HARRISON	1900-01-01	2100-12-31					0	0	1		291
R	USA-CA	KY-HART	KY,HART|KY HART	1900-01-01	2100-12-31					0	0	1		291
R	USA-CA	KY-HENDERSON	KY,HENDERSON|KY HENDERSON	1900-01-01	2100-12-31					0	0	1		291
R	USA-CA	KY-HENRY	KY,HENRY|KY HENRY	1900-01-01	2100-12-31					0	0	1		291
R	USA-CA	KY-HICKMAN	KY,HICKMAN|KY HICKMAN	1900-01-01	2100-12-31					0	0	1		291
R	USA-CA	KY-HOPKINS	KY,HOPKINS|KY HOPKINS	1900-01-01	2100-12-31					0	0	1		291
R	USA-CA	KY-JACKSON	KY,JACKSON|KY JACKSON	1900-01-01	2100-12-31					0	0	1		291
R	USA-CA	KY-JEFFERSON	KY,JEFFERSON|KY JEFFERSON	1900-01-01	2100-12-31					0	0	1		291
R	USA-CA	KY-JESSAMINE	KY,JESSAMINE|KY JESSAMINE	1900-01-01	2100-12-31					0	0	1		291
R	USA-CA	KY-JOHNSON	KY,JOHNSON|KY JOHNSON	1900-01-01	2100-12-31					0	0	1		291
R	USA-CA	KY-KENTON	KY,KENTON|KY KENTON	1900-01-01	2100-12-31					0	0	1		291
R	USA-CA	KY-KNOTT	KY,KNOTT|KY KNOTT	1900-01-01	2100-12-31					0	0	1		291
R	USA-CA	KY-KNOX	KY,KNOX|KY KNOX	1900-01-01	2100-12-31					0	0	1		291
R	USA-CA	KY-LARUE	KY,LARUE|KY LARUE	1900-01-01	2100-12-31					0	0	1		291
R	USA-CA	KY-LAUREL	KY,LAUREL|KY LAUREL	1900-01-01	2100-12-31					0	0	1		291
R	USA-CA	KY-LAWRENCE	KY,LAWRENCE|KY LAWRENCE	1900-01-01	2100-12-31					0	0	1		291
R	USA-CA	KY-LEE	KY,LEE|KY LEE	1900-01-01	2100-12-31					0	0	1		291
R	USA-CA	KY-LESLIE	KY,LESLIE|KY LESLIE	1900-01-01	2100-12-31					0	0	1		291
R	USA-CA	KY-LETSHER	KY,LETSHER|KY LETSHER	1900-01-01	2100-12-31					0	0	1		291
R	USA-CA	KY-LEWIS	KY,LEWIS|KY LEWIS	1900-01-01	2100-12-31					0	0	1		291
R	USA-CA	KY-LINCOLN	KY,LINCOLN|KY LINCOLN	1900-01-01	2100-12-31					0	0	1		291
R	USA-CA	KY-LIVINGSTON	KY,LIVINGSTON|KY LIVINGSTON	1900-01-01	2100-12-31					0	0	1		291
R	USA-CA	KY-LOGAN	KY,LOGAN|KY LOGAN	1900-01-01	2100-12-31					0	0	1		291
R	USA-CA	KY-LYON	KY,LYON|KY LYON	1900-01-01	2100-12-31					0	0	1		291
R	USA-CA	KY-MADISON	KY,MADISON|KY MADISON	1900-01-01	2100-12-31					0	0	1		291
R	USA-CA	KY-MAGOFFIN	KY,MAGOFFIN|KY MAGOFFIN	1900-01-01	2100-12-31					0	0	1		291
R	USA-CA	KY-MARION	KY,MARION|KY MARION	1900-01-01	2100-12-31					0	0	1		291
R	USA-CA	KY-MARSHALL	KY,MARSHALL|KY MARSHALL	1900-01-01	2100-12-31					0	0	1		291
R	USA-CA	KY-MARTIN	KY,MARTIN|KY MARTIN	1900-01-01	2100-12-31					0	0	1		291
R	USA-CA	KY-MASON	KY,MASON|KY MASON	1900-01-01	2100-12-31					0	0	1		291
R	USA-CA	KY-MCCRACKEN	KY,MCCRACKEN|KY MCCRACKEN	1900-01-01	2100-12-31					0	0	1		291
R	USA-CA	KY-MCCREARY	KY,MCCREARY|KY MCCREARY	1900-01-01	2100-12-31					0	0	1		291
R	USA-CA	KY-MCLEAN	KY,MCLEAN|KY MCLEAN	1900-01-01	2100-12-31					0	0	1		291
R	USA-CA	KY-MEADE	KY,MEADE|KY MEADE	1900-01-01	2100-12-31					0	0	1		291
R	USA-CA	KY-MENIFEE	KY,MENIFEE|KY MENIFEE	1900-01-01	2100-12-31					0	0	1		291
R	USA-CA	KY-MERCER	KY,MERCER|KY MERCER	1900-01-01	2100-12-31					0	0	1		291
R	USA-CA	KY-METCALFE	KY,METCALFE|KY METCALFE	1900-01-01	2100-12-31					0	0	1		291
R	USA-CA	KY-MONROE	KY,MONROE|KY MONROE	1900-01-01	2100-12-31					0	0	1		291
R	USA-CA	KY-MONTGOMERY	KY,MONTGOMERY|KY MONTGOMERY	1900-01-01	2100-12-31					0	0	1		291
R	USA-CA	KY-MORGAN	KY,MORGAN|KY MORGAN	1900-01-01	2100-12-31					0	0	1		291
R	USA-CA	KY-MUHLENBERG	KY,MUHLENBERG|KY MUHLENBERG	1900-01-01	2100-12-31					0	0	1		291
R	USA-CA	KY-NELSON	KY,NELSON|KY NELSON	1900-01-01	2100-12-31					0	0	1		291
R	USA-CA	KY-NICHOLAS	KY,NICHOLAS|KY NICHOLAS	1900-01-01	2100-12-31					0	0	1		291
R	USA-CA	KY-OHIO	KY,OHIO|KY OHIO	1900-01-01	2100-12-31					0	0	1		291
R	USA-CA	KY-OLDHAM	KY,OLDHAM|KY OLDHAM	1900-01-01	2100-12-31					0	0	1		291
R	USA-CA	KY-OWEN	KY,OWEN|KY OWEN	1900-01-01	2100-12-31					0	0	1		291
R	USA-CA	KY-OWSLEW	KY,OWSLEW|KY OWSLEW	1900-01-01	2100-12-31					0	0	1		291
R	USA-CA	KY-PENDLETON	KY,PENDLETON|KY PENDLETON	1900-01-01	2100-12-31					0	0	1		291
R	USA-CA	KY-PERRY	KY,PERRY|KY PERRY	1900-01-01	2100-12-31					0	0	1		291
R	USA-CA	KY-PIKE	KY,PIKE|KY PIKE	1900-01-01	2100-12-31					0	0	1		291
R	USA-CA	KY-POWELL	KY,POWELL|KY POWELL	1900-01-01	2100-12-31					0	0	1		291
R	USA-CA	KY-PULASKI	KY,PULASKI|KY PULASKI	1900-01-01	2100-12-31					0	0	1		291
R	USA-CA	KY-ROBERTSON	KY,ROBERTSON|KY ROBERTSON	1900-01-01	2100-12-31					0	0	1		291
R	USA-CA	KY-ROCKCASTLE	KY,ROCKCASTLE|KY ROCKCASTLE	1900-01-01	2100-12-31					0	0	1		291
R	USA-CA	KY-ROWAN	KY,ROWAN|KY ROWAN	1900-01-01	2100-12-31					0	0	1		291
R	USA-CA	KY-RUSSELL	KY,RUSSELL|KY RUSSELL	1900-01-01	2100-12-31					0	0	1		291
R	USA-CA	KY-SCOTT	KY,SCOTT|KY SCOTT	1900-01-01	2100-12-31					0	0	1		291
R	USA-CA	KY-SHELBY	KY,SHELBY|KY SHELBY	1900-01-01	2100-12-31					0	0	1		291
R	USA-CA	KY-SIMPSON	KY,SIMPSON|KY SIMPSON	1900-01-01	2100-12-31					0	0	1		291
R	USA-CA	KY-SPENCER	KY,SPENCER|KY SPENCER	1900-01-01	2100-12-31					0	0	1		291
R	USA-CA	KY-TAYLOR	KY,TAYLOR|KY TAYLOR	1900-01-01	2100-12-31					0	0	1		291
R	USA-CA	KY-TODD	KY,TODD|KY TODD	1900-01-01	2100-12-31					0	0	1		291
R	USA-CA	KY-TRIGG	KY,TRIGG|KY TRIGG	1900-01-01	2100-12-31					0	0	1		291
R	USA-CA	KY-TRIMBLE	KY,TRIMBLE|KY TRIMBLE	1900-01-01	2100-12-31					0	0	1		291
R	USA-CA	KY-UNION	KY,UNION|KY UNION	1900-01-01	2100-12-31					0	0	1		291
R	USA-CA	KY-WARREN	KY,WARREN|KY WARREN	1900-01-01	2100-12-31					0	0	1		291
R	USA-CA	KY-WASHINGTON	KY,WASHINGTON|KY WASHINGTON	1900-01-01	2100-12-31					0	0	1		291
R	USA-CA	KY-WAYNE	KY,WAYNE|KY WAYNE	1900-01-01	2100-12-31					0	0	1		291
R	USA-CA	KY-WEBSTER	KY,WEBSTER|KY WEBSTER	1900-01-01	2100-12-31					0	0	1		291
R	USA-CA	KY-WHITLEY	KY,WHITLEY|KY WHITLEY	1900-01-01	2100-12-31					0	0	1		291
R	USA-CA	KY-WOLF	KY,WOLF|KY WOLF	1900-01-01	2100-12-31					0	0	1		291
R	USA-CA	KY-WOODFORD	KY,WOODFORD|KY WOODFORD	1900-01-01	2100-12-31					0	0	1		291
R	USA-CA	LA-ACADIA	LA,ACADIA|LA ACADIA	1900-01-01	2100-12-31					0	0	1		291
R	USA-CA	LA-ALLEN	LA,ALLEN|LA ALLEN	1900-01-01	2100-12-31					0	0	1		291
R	USA-CA	LA-ASCENSION	LA,ASCENSION|LA ASCENSION	1900-01-01	2100-12-31					0	0	1		291
R	USA-CA	LA-ASSUMPTION	LA,ASSUMPTION|LA ASSUMPTION	1900-01-01	2100-12-31					0	0	1		291
R	USA-CA	LA-AVOYELLES	LA,AVOYELLES|LA AVOYELLES	1900-01-01	2100-12-31					0	0	1		291
R	USA-CA	LA-BEAUREGARD	LA,BEAUREGARD|LA BEAUREGARD	1900-01-01	2100-12-31					0	0	1		291
R	USA-CA	LA-BIENVILLE	LA,BIENVILLE|LA BIENVILLE	1900-01-01	2100-12-31					0	0	1		291
R	USA-CA	LA-BOSSIER	LA,BOSSIER|LA BOSSIER	1900-01-01	2100-12-31					0	0	1		291
R	USA-CA	LA-CADDO	LA,CADDO|LA CADDO	1900-01-01	2100-12-31					0	0	1		291
R	USA-CA	LA-CALCASIEU	LA,CALCASIEU|LA CALCASIEU	1900-01-01	2100-12-31					0	0	1		291
R	USA-CA	LA-CALDWELL	LA,CALDWELL|LA CALDWELL	1900-01-01	2100-12-31					0	0	1		291
R	USA-CA	LA-CAMERON	LA,CAMERON|LA CAMERON	1900-01-01	2100-12-31					0	0	1		291
R	USA-CA	LA-CATAHOULA	LA,CATAHOULA|LA CATAHOULA	1900-01-01	2100-12-31					0	0	1		291
R	USA-CA	LA-CLAIBORNE	LA,CLAIBORNE|LA CLAIBORNE	1900-01-01	2100-12-31					0	0	1		291
R	USA-CA	LA-CONCORDIA	LA,CONCORDIA|LA CONCORDIA	1900-01-01	2100-12-31					0	0	1		291
R	USA-CA	LA-DESOTO	LA,DESOTO|LA DESOTO	1900-01-01	2100-12-31					0	0	1		291
R	USA-CA	LA-EASTBATONROUGE	LA,EASTBATONROUGE|LA EASTBATONROUGE	1900-01-01	2100-12-31					0	0	1		291
R	USA-CA	LA-EASTCARROLL	LA,EASTCARROLL|LA EASTCARROLL	1900-01-01	2100-12-31					0	0	1		291
R	USA-CA	LA-EASTFELICIANA	LA,EASTFELICIANA|LA EASTFELICIANA	1900-01-01	2100-12-31					0	0	1		291
R	USA-CA	LA-EVANGELINE	LA,EVANGELINE|LA EVANGELINE	1900-01-01	2100-12-31					0	0	1		291
R	USA-CA	LA-FRANKLINE	LA,FRANKLINE|LA FRANKLINE	1900-01-01	2100-12-31					0	0	1		291
R	USA-CA	LA-GRANT	LA,GRANT|LA GRANT	1900-01-01	2100-12-31					0	0	1		291
R	USA-CA	LA-IBERIA	LA,IBERIA|LA IBERIA	1900-01-01	2100-12-31					0	0	1		291
R	USA-CA	LA-IBERVILLA	LA,IBERVILLA|LA IBERVILLA	1900-01-01	2100-12-31					0	0	1		291
R	USA-CA	LA-JACKSON	LA,JACKSON|LA JACKSON	1900-01-01	2100-12-31					0	0	1		291
R	USA-CA	LA-JEFFERSON	LA,JEFFERSON|LA JEFFERSON	1900-01-01	2100-12-31					0	0	1		291
R	USA-CA	LA-JEFFERSONDAVIS	LA,JEFFERSONDAVIS|LA JEFFERSONDAVIS	1900-01-01	2100-12-31					0	0	1		291
R	USA-CA	LA-LAFAYETTE	LA,LAFAYETTE|LA LAFAYETTE	1900-01-01	2100-12-31					0	0	1		291
R	USA-CA	LA-LAFOURCHE	LA,LAFOURCHE|LA LAFOURCHE	1900-01-01	2100-12-31					0	0	1		291
R	USA-CA	LA-LASALLE	LA,LASALLE|LA LASALLE	1900-01-01	2100-12-31					0	0	1		291
R	USA-CA	LA-LINCOLN	LA,LINCOLN|LA LINCOLN	1900-01-01	2100-12-31					0	0	1		291
R	USA-CA	LA-LIVINGSTON	LA,LIVINGSTON|LA LIVINGSTON	1900-01-01	2100-12-31					0	0	1		291
R	USA-CA	LA-MADISON	LA,MADISON|LA MADISON	1900-01-01	2100-12-31					0	0	1		291
R	USA-CA	LA-MOREHOUSE	LA,MOREHOUSE|LA MOREHOUSE	1900-01-01	2100-12-31					0	0	1		291
R	USA-CA	LA-NATCHITOCHES	LA,NATCHITOCHES|LA NATCHITOCHES	1900-01-01	2100-12-31					0	0	1		291
R	USA-CA	LA-ORLEANS	LA,ORLEANS|LA ORLEANS	1900-01-01	2100-12-31					0	0	1		291
R	USA-CA	LA-OUACHITA	LA,OUACHITA|LA OUACHITA	1900-01-01	2100-12-31					0	0	1		291
R	USA-CA	LA-PLAQUEMINES	LA,PLAQUEMINES|LA PLAQUEMINES	1900-01-01	2100-12-31					0	0	1		291
R	USA-CA	LA-POINTECHUPEE	LA,POINTECHUPEE|LA POINTECHUPEE	1900-01-01	2100-12-31					0	0	1		291
R	USA-CA	LA-RAPIDES	LA,RAPIDES|LA RAPIDES	1900-01-01	2100-12-31					0	0	1		291
R	USA-CA	LA-REDRIVER	LA,REDRIVER|LA REDRIVER	1900-01-01	2100-12-31					0	0	1		291
R	USA-CA	LA-RICHLAND	LA,RICHLAND|LA RICHLAND	1900-01-01	2100-12-31					0	0	1		291
R	USA-CA	LA-SABINE	LA,SABINE|LA SABINE	1900-01-01	2100-12-31					0	0	1		291
R	USA-CA	LA-ST.BERNARD	LA,ST.BERNARD|LA ST.BERNARD	1900-01-01	2100-12-31					0	0	1		291
R	USA-CA	LA-ST.CHARLES	LA,ST.CHARLES|LA ST.CHARLES	1900-01-01	2100-12-31					0	0	1		291
R	USA-CA	LA-ST.HELENA	LA,ST.HELENA|LA ST.HELENA	1900-01-01	2100-12-31					0	0	1		291
R	USA-CA	LA-ST.JAMES	LA,ST.JAMES|LA ST.JAMES	1900-01-01	2100-12-31					0	0	1		291
R	USA-CA	LA-ST.JOHNTHEBAPTIST	LA,ST.JOHNTHEBAPTIST|LA ST.JOHNTHEBAPTIST	1900-01-01	2100-12-31					0	0	1		291
R	USA-CA	LA-ST.LANDRY	LA,ST.LANDRY|LA ST.LANDRY	1900-01-01	2100-12-31					0	0	1		291
R	USA-CA	LA-ST.MARTIN	LA,ST.MARTIN|LA ST.MARTIN	1900-01-01	2100-12-31					0	0	1		291
R	USA-CA	LA-ST.MARY	LA,ST.MARY|LA ST.MARY	1900-01-01	2100-12-31					0	0	1		291
R	USA-CA	LA-ST.TAMMANY	LA,ST.TAMMANY|LA ST.TAMMANY	1900-01-01	2100-12-31					0	0	1		291
R	USA-CA	LA-TANGIPAHOA	LA,TANGIPAHOA|LA TANGIPAHOA	1900-01-01	2100-12-31					0	0	1		291
R	USA-CA	LA-TENSAS	LA,TENSAS|LA TENSAS	1900-01-01	2100-12-31					0	0	1		291
R	USA-CA	LA-TERREBONNE	LA,TERREBONNE|LA TERREBONNE	1900-01-01	2100-12-31					0	0	1		291
R	USA-CA	LA-UNION	LA,UNION|LA UNION	1900-01-01	2100-12-31					0	0	1		291
R	USA-CA	LA-VERMILION	LA,VERMILION|LA VERMILION	1900-01-01	2100-12-31					0	0	1		291
R	USA-CA	LA-VERNON	LA,VERNON|LA VERNON	1900-01-01	2100-12-31					0	0	1		291
R	USA-CA	LA-WASHINGTON	LA,WASHINGTON|LA WASHINGTON	1900-01-01	2100-12-31					0	0	1		291
R	USA-CA	LA-WEBSTER	LA,WEBSTER|LA WEBSTER	1900-01-01	2100-12-31					0	0	1		291
R	USA-CA	LA-WESTBATONROUGE	LA,WESTBATONROUGE|LA WESTBATONROUGE	1900-01-01	2100-12-31					0	0	1		291
R	USA-CA	LA-WESTCARROLL	LA,WESTCARROLL|LA WESTCARROLL	1900-01-01	2100-12-31					0	0	1		291
R	USA-CA	LA-WESTFELICIANA	LA,WESTFELICIANA|LA WESTFELICIANA	1900-01-01	2100-12-31					0	0	1		291
R	USA-CA	LA-WINN	LA,WINN|LA WINN	1900-01-01	2100-12-31					0	0	1		291
R	USA-CA	MA-BARNSTABLE	MA,BARNSTABLE|MA BARNSTABLE	1900-01-01	2100-12-31					0	0	1		291
R	USA-CA	MA-BERKSHIRE	MA,BERKSHIRE|MA BERKSHIRE	1900-01-01	2100-12-31					0	0	1		291
R	USA-CA	MA-BRISTOL	MA,BRISTOL|MA BRISTOL	1900-01-01	2100-12-31					0	0	1		291
R	USA-CA	MA-DUKES	MA,DUKES|MA DUKES	1900-01-01	2100-12-31					0	0	1		291
R	USA-CA	MA-ESSEX	MA,ESSEX|MA ESSEX	1900-01-01	2100-12-31					0	0	1		291
R	USA-CA	MA-FRANKLIN	MA,FRANKLIN|MA FRANKLIN	1900-01-01	2100-12-31					0	0	1		291
R	USA-CA	MA-HAMPDEN	MA,HAMPDEN|MA HAMPDEN	1900-01-01	2100-12-31					0	0	1		291
R	USA-CA	MA-HAMPSHIRE	MA,HAMPSHIRE|MA HAMPSHIRE	1900-01-01	2100-12-31					0	0	1		291
R	USA-CA	MA-MIDDLESEX	MA,MIDDLESEX|MA MIDDLESEX	1900-01-01	2100-12-31					0	0	1		291
R	USA-CA	MA-NANTUCKET	MA,NANTUCKET|MA NANTUCKET	1900-01-01	2100-12-31					0	0	1		291
R	USA-CA	MA-NORFOLK	MA,NORFOLK|MA NORFOLK	1900-01-01	2100-12-31					0	0	1		291
R	USA-CA	MA-PLYMOUTH	MA,PLYMOUTH|MA PLYMOUTH	1900-01-01	2100-12-31					0	0	1		291
R	USA-CA	MA-SUFFOLK	MA,SUFFOLK|MA SUFFOLK	1900-01-01	2100-12-31					0	0	1		291
R	USA-CA	MA-WORCESTER	MA,WORCESTER|MA WORCESTER	1900-01-01	2100-12-31					0	0	1		291
R	USA-CA	MD-ALLEGANY	MD,ALLEGANY|MD ALLEGANY	1900-01-01	2100-12-31					0	0	1		291
R	USA-CA	MD-ANNEARUNDEL	MD,ANNEARUNDEL|MD ANNEARUNDEL	1900-01-01	2100-12-31					0	0	1		291
R	USA-CA	MD-BALTIMORE	MD,BALTIMORE|MD BALTIMORE	1900-01-01	2100-12-31					0	0	1		291
R	USA-CA	MD-BALTIMORECITY	MD,BALTIMORECITY|MD BALTIMORECITY	1900-01-01	2100-12-31					0	0	1		291
R	USA-CA	MD-CALVERT	MD,CALVERT|MD CALVERT	1900-01-01	2100-12-31					0	0	1		291
R	USA-CA	MD-CAROLINE	MD,CAROLINE|MD CAROLINE	1900-01-01	2100-12-31					0	0	1		291
R	USA-CA	MD-CARROLL	MD,CARROLL|MD CARROLL	1900-01-01	2100-12-31					0	0	1		291
R	USA-CA	MD-CECIL	MD,CECIL|MD CECIL	1900-01-01	2100-12-31					0	0	1		291
R	USA-CA	MD-CHARLES	MD,CHARLES|MD CHARLES	1900-01-01	2100-12-31					0	0	1		291
R	USA-CA	MD-DORCHESTER	MD,DORCHESTER|MD DORCHESTER	1900-01-01	2100-12-31					0	0	1		291
R	USA-CA	MD-FREDERICK	MD,FREDERICK|MD FREDERICK	1900-01-01	2100-12-31					0	0	1		291
R	USA-CA	MD-GARRETT	MD,GARRETT|MD GARRETT	1900-01-01	2100-12-31					0	0	1		291
R	USA-CA	MD-HARFORD	MD,HARFORD|MD HARFORD	1900-01-01	2100-12-31					0	0	1		291
R	USA-CA	MD-HOWARD	MD,HOWARD|MD HOWARD	1900-01-01	2100-12-31					0	0	1		291
R	USA-CA	MD-KENT	MD,KENT|MD KENT	1900-01-01	2100-12-31					0	0	1		291
R	USA-CA	MD-MONTGOMERY	MD,MONTGOMERY|MD MONTGOMERY	1900-01-01	2100-12-31					0	0	1		291
R	USA-CA	MD-PRINCEGEORGES	MD,PRINCEGEORGES|MD PRINCEGEORGES	1900-01-01	2100-12-31					0	0	1		291
R	USA-CA	MD-QUEENANNES	MD,QUEENANNES|MD QUEENANNES	1900-01-01	2100-12-31					0	0	1		291
R	USA-CA	MD-SOMERSET	MD,SOMERSET|MD SOMERSET	1900-01-01	2100-12-31					0	0	1		291
R	USA-CA	MD-ST.MARYS	MD,ST.MARYS|MD ST.MARYS	1900-01-01	2100-12-31					0	0	1		291
R	USA-CA	MD-TALBOT	MD,TALBOT|MD TALBOT	1900-01-01	2100-12-31					0	0	1		291
R	USA-CA	MD-WASHINGTON	MD,WASHINGTON|MD WASHINGTON	1900-01-01	2100-12-31					0	0	1		291
R	USA-CA	MD-WICOMICO	MD,WICOMICO|MD WICOMICO	1900-01-01	2100-12-31					0	0	1		291
R	USA-CA	MD-WORCESTER	MD,WORCESTER|MD WORCESTER	1900-01-01	2100-12-31					0	0	1		291
R	USA-CA	ME-ANDROSCOGGIN	ME,ANDROSCOGGIN|ME ANDROSCOGGIN	1900-01-01	2100-12-31					0	0	1		291
R	USA-CA	ME-AROOSTOOK	ME,AROOSTOOK|ME AROOSTOOK	1900-01-01	2100-12-31					0	0	1		291
R	USA-CA	ME-CUMBERLAND	ME,CUMBERLAND|ME CUMBERLAND	1900-01-01	2100-12-31					0	0	1		291
R	USA-CA	ME-FRANKLIN	ME,FRANKLIN|ME FRANKLIN	1900-01-01	2100-12-31					0	0	1		291
R	USA-CA	ME-HANCOCK	ME,HANCOCK|ME HANCOCK	1900-01-01	2100-12-31					0	0	1		291
R	USA-CA	ME-KENNEBEC	ME,KENNEBEC|ME KENNEBEC	1900-01-01	2100-12-31					0	0	1		291
R	USA-CA	ME-KNOX	ME,KNOX|ME KNOX	1900-01-01	2100-12-31					0	0	1		291
R	USA-CA	ME-LINCOLN	ME,LINCOLN|ME LINCOLN	1900-01-01	2100-12-31					0	0	1		291
R	USA-CA	ME-OXFORD	ME,OXFORD|ME OXFORD	1900-01-01	2100-12-31					0	0	1		291
R	USA-CA	ME-PENOBSCOT	ME,PENOBSCOT|ME PENOBSCOT	1900-01-01	2100-12-31					0	0	1		291
R	USA-CA	ME-PISCATAQUIS	ME,PISCATAQUIS|ME PISCATAQUIS	1900-01-01	2100-12-31					0	0	1		291
R	USA-CA	ME-SAGADAHOC	ME,SAGADAHOC|ME SAGADAHOC	1900-01-01	2100-12-31					0	0	1		291
R	USA-CA	ME-SOMERSET	ME,SOMERSET|ME SOMERSET	1900-01-01	2100-12-31					0	0	1		291
R	USA-CA	ME-WALDO	ME,WALDO|ME WALDO	1900-01-01	2100-12-31					0	0	1		291
R	USA-CA	ME-WASHINGTON	ME,WASHINGTON|ME WASHINGTON	1900-01-01	2100-12-31					0	0	1		291
R	USA-CA	ME-YORK	ME,YORK|ME YORK	1900-01-01	2100-12-31					0	0	1		291
R	USA-CA	MI-ALCONA	MI,ALCONA|MI ALCONA	1900-01-01	2100-12-31					0	0	1		291
R	USA-CA	MI-ALGER	MI,ALGER|MI ALGER	1900-01-01	2100-12-31					0	0	1		291
R	USA-CA	MI-ALLEGAN	MI,ALLEGAN|MI ALLEGAN	1900-01-01	2100-12-31					0	0	1		291
R	USA-CA	MI-ALPENA	MI,ALPENA|MI ALPENA	1900-01-01	2100-12-31					0	0	1		291
R	USA-CA	MI-ANTRIM	MI,ANTRIM|MI ANTRIM	1900-01-01	2100-12-31					0	0	1		291
R	USA-CA	MI-ARENAC	MI,ARENAC|MI ARENAC	1900-01-01	2100-12-31					0	0	1		291
R	USA-CA	MI-BARAGA	MI,BARAGA|MI BARAGA	1900-01-01	2100-12-31					0	0	1		291
R	USA-CA	MI-BARRY	MI,BARRY|MI BARRY	1900-01-01	2100-12-31					0	0	1		291
R	USA-CA	MI-BAY	MI,BAY|MI BAY	1900-01-01	2100-12-31					0	0	1		291
R	USA-CA	MI-BENZIE	MI,BENZIE|MI BENZIE	1900-01-01	2100-12-31					0	0	1		291
R	USA-CA	MI-BERRIEN	MI,BERRIEN|MI BERRIEN	1900-01-01	2100-12-31					0	0	1		291
R	USA-CA	MI-BRANCH	MI,BRANCH|MI BRANCH	1900-01-01	2100-12-31					0	0	1		291
R	USA-CA	MI-CALHOUN	MI,CALHOUN|MI CALHOUN	1900-01-01	2100-12-31					0	0	1		291
R	USA-CA	MI-CASS	MI,CASS|MI CASS	1900-01-01	2100-12-31					0	0	1		291
R	USA-CA	MI-CHARLEVOIX	MI,CHARLEVOIX|MI CHARLEVOIX	1900-01-01	2100-12-31					0	0	1		291
R	USA-CA	MI-CHEBOYGAN	MI,CHEBOYGAN|MI CHEBOYGAN	1900-01-01	2100-12-31					0	0	1		291
R	USA-CA	MI-CHIPPEWA	MI,CHIPPEWA|MI CHIPPEWA	1900-01-01	2100-12-31					0	0	1		291
R	USA-CA	MI-CLARE	MI,CLARE|MI CLARE	1900-01-01	2100-12-31					0	0	1		291
R	USA-CA	MI-CLINTON	MI,CLINTON|MI CLINTON	1900-01-01	2100-12-31					0	0	1		291
R	USA-CA	MI-CRAWFORD	MI,CRAWFORD|MI CRAWFORD	1900-01-01	2100-12-31					0	0	1		291
R	USA-CA	MI-DELTA	MI,DELTA|MI DELTA	1900-01-01	2100-12-31					0	0	1		291
R	USA-CA	MI-DICKINSON	MI,DICKINSON|MI DICKINSON	1900-01-01	2100-12-31					0	0	1		291
R	USA-CA	MI-EATON	MI,EATON|MI EATON	1900-01-01	2100-12-31					0	0	1		291
R	USA-CA	MI-EMMET	MI,EMMET|MI EMMET	1900-01-01	2100-12-31					0	0	1		291
R	USA-CA	MI-GENESEE	MI,GENESEE|MI GENESEE	1900-01-01	2100-12-31					0	0	1		291
R	USA-CA	MI-GLADWIN	MI,GLADWIN|MI GLADWIN	1900-01-01	2100-12-31					0	0	1		291
R	USA-CA	MI-GOGEBIC	MI,GOGEBIC|MI GOGEBIC	1900-01-01	2100-12-31					0	0	1		291
R	USA-CA	MI-GRANDTRAVERSE	MI,GRANDTRAVERSE|MI GRANDTRAVERSE	1900-01-01	2100-12-31					0	0	1		291
R	USA-CA	MI-GRATIOT	MI,GRATIOT|MI GRATIOT	1900-01-01	2100-12-31					0	0	1		291
R	USA-CA	MI-HILLSDALE	MI,HILLSDALE|MI HILLSDALE	1900-01-01	2100-12-31					0	0	1		291
R	USA-CA	MI-HOUGHTON	MI,HOUGHTON|MI HOUGHTON	1900-01-01	2100-12-31					0	0	1		291
R	USA-CA	MI-HURON	MI,HURON|MI HURON	1900-01-01	2100-12-31					0	0	1		291
R	USA-CA	MI-INGHAM	MI,INGHAM|MI INGHAM	1900-01-01	2100-12-31					0	0	1		291
R	USA-CA	MI-IONIA	MI,IONIA|MI IONIA	1900-01-01	2100-12-31					0	0	1		291
R	USA-CA	MI-IOSCO	MI,IOSCO|MI IOSCO	1900-01-01	2100-12-31					0	0	1		291
R	USA-CA	MI-IRON	MI,IRON|MI IRON	1900-01-01	2100-12-31					0	0	1		291
R	USA-CA	MI-ISABELLA	MI,ISABELLA|MI ISABELLA	1900-01-01	2100-12-31					0	0	1		291
R	USA-CA	MI-JACKSON	MI,JACKSON|MI JACKSON	1900-01-01	2100-12-31					0	0	1		291
R	USA-CA	MI-KALAMAZOO	MI,KALAMAZOO|MI KALAMAZOO	1900-01-01	2100-12-31					0	0	1		291
R	USA-CA	MI-KALKASKA	MI,KALKASKA|MI KALKASKA	1900-01-01	2100-12-31					0	0	1		291
R	USA-CA	MI-KENT	MI,KENT|MI KENT	1900-01-01	2100-12-31					0	0	1		291
R	USA-CA	MI-KEWEENAW	MI,KEWEENAW|MI KEWEENAW	1900-01-01	2100-12-31					0	0	1		291
R	USA-CA	MI-LAKE	MI,LAKE|MI LAKE	1900-01-01	2100-12-31					0	0	1		291
R	USA-CA	MI-LAPEER	MI,LAPEER|MI LAPEER	1900-01-01	2100-12-31					0	0	1		291
R	USA-CA	MI-LEELANAU	MI,LEELANAU|MI LEELANAU	1900-01-01	2100-12-31					0	0	1		291
R	USA-CA	MI-LENAWEE	MI,LENAWEE|MI LENAWEE	1900-01-01	2100-12-31					0	0	1		291
R	USA-CA	MI-LIVINGSTON	MI,LIVINGSTON|MI LIVINGSTON	1900-01-01	2100-12-31					0	0	1		291
R	USA-CA	MI-LUCE	MI,LUCE|MI LUCE	1900-01-01	2100-12-31					0	0	1		291
R	USA-CA	MI-MACKINAC	MI,MACKINAC|MI MACKINAC	1900-01-01	2100-12-31					0	0	1		291
R	USA-CA	MI-MACOMB	MI,MACOMB|MI MACOMB	1900-01-01	2100-12-31					0	0	1		291
R	USA-CA	MI-MANISTEE	MI,MANISTEE|MI MANISTEE	1900-01-01	2100-12-31					0	0	1		291
R	USA-CA	MI-MARQUETTE	MI,MARQUETTE|MI MARQUETTE	1900-01-01	2100-12-31					0	0	1		291
R	USA-CA	MI-MASON	MI,MASON|MI MASON	1900-01-01	2100-12-31					0	0	1		291
R	USA-CA	MI-MECOSTA	MI,MECOSTA|MI MECOSTA	1900-01-01	2100-12-31					0	0	1		291
R	USA-CA	MI-MENOMINEE	MI,MENOMINEE|MI MENOMINEE	1900-01-01	2100-12-31					0	0	1		291
R	USA-CA	MI-MIDLAND	MI,MIDLAND|MI MIDLAND	1900-01-01	2100-12-31					0	0	1		291
R	USA-CA	MI-MISSAUKEE	MI,MISSAUKEE|MI MISSAUKEE	1900-01-01	2100-12-31					0	0	1		291
R	USA-CA	MI-MONROE	MI,MONROE|MI MONROE	1900-01-01	2100-12-31					0	0	1		291
R	USA-CA	MI-MONTCALM	MI,MONTCALM|MI MONTCALM	1900-01-01	2100-12-31					0	0	1		291
R	USA-CA	MI-MONTMORENCY	MI,MONTMORENCY|MI MONTMORENCY	1900-01-01	2100-12-31					0	0	1		291
R	USA-CA	MI-MUSKEGON	MI,MUSKEGON|MI MUSKEGON	1900-01-01	2100-12-31					0	0	1		291
R	USA-CA	MI-NEWAYGO	MI,NEWAYGO|MI NEWAYGO	1900-01-01	2100-12-31					0	0	1		291
R	USA-CA	MI-OAKLAND	MI,OAKLAND|MI OAKLAND	1900-01-01	2100-12-31					0	0	1		291
R	USA-CA	MI-OCEANA	MI,OCEANA|MI OCEANA	1900-01-01	2100-12-31					0	0	1		291
R	USA-CA	MI-OGEMAW	MI,OGEMAW|MI OGEMAW	1900-01-01	2100-12-31					0	0	1		291
R	USA-CA	MI-ONTONAGON	MI,ONTONAGON|MI ONTONAGON	1900-01-01	2100-12-31					0	0	1		291
R	USA-CA	MI-OSCEOLA	MI,OSCEOLA|MI OSCEOLA	1900-01-01	2100-12-31					0	0	1		291
R	USA-CA	MI-OSCODA	MI,OSCODA|MI OSCODA	1900-01-01	2100-12-31					0	0	1		291
R	USA-CA	MI-OTSEGO	MI,OTSEGO|MI OTSEGO	1900-01-01	2100-12-31					0	0	1		291
R	USA-CA	MI-OTTAWA	MI,OTTAWA|MI OTTAWA	1900-01-01	2100-12-31					0	0	1		291
R	USA-CA	MI-PRESQUEISLE	MI,PRESQUEISLE|MI PRESQUEISLE	1900-01-01	2100-12-31					0	0	1		291
R	USA-CA	MI-ROSCOMMON	MI,ROSCOMMON|MI ROSCOMMON	1900-01-01	2100-12-31					0	0	1		291
R	USA-CA	MI-SAGINAW	MI,SAGINAW|MI SAGINAW	1900-01-01	2100-12-31					0	0	1		291
R	USA-CA	MI-SANILAC	MI,SANILAC|MI SANILAC	1900-01-01	2100-12-31					0	0	1		291
R	USA-CA	MI-SCHOOLCRAFT	MI,SCHOOLCRAFT|MI SCHOOLCRAFT	1900-01-01	2100-12-31					0	0	1		291
R	USA-CA	MI-SHIAWASSEE	MI,SHIAWASSEE|MI SHIAWASSEE	1900-01-01	2100-12-31					0	0	1		291
R	USA-CA	MI-ST.CLAIR	MI,ST.CLAIR|MI ST.CLAIR	1900-01-01	2100-12-31					0	0	1		291
R	USA-CA	MI-ST.JOSEPH	MI,ST.JOSEPH|MI ST.JOSEPH	1900-01-01	2100-12-31					0	0	1		291
R	USA-CA	MI-TUSCOLA	MI,TUSCOLA|MI TUSCOLA	1900-01-01	2100-12-31					0	0	1		291
R	USA-CA	MI-VANBUREN	MI,VANBUREN|MI VANBUREN	1900-01-01	2100-12-31					0	0	1		291
R	USA-CA	MI-WASHTENAW	MI,WASHTENAW|MI WASHTENAW	1900-01-01	2100-12-31					0	0	1		291
R	USA-CA	MI-WAYNE	MI,WAYNE|MI WAYNE	1900-01-01	2100-12-31					0	0	1		291
R	USA-CA	MI-WEXFORD	MI,WEXFORD|MI WEXFORD	1900-01-01	2100-12-31					0	0	1		291
R	USA-CA	MN-AITKIN	MN,AITKIN|MN AITKIN	1900-01-01	2100-12-31					0	0	1		291
R	USA-CA	MN-ANOKA	MN,ANOKA|MN ANOKA	1900-01-01	2100-12-31					0	0	1		291
R	USA-CA	MN-BECKER	MN,BECKER|MN BECKER	1900-01-01	2100-12-31					0	0	1		291
R	USA-CA	MN-BELTRAMI	MN,BELTRAMI|MN BELTRAMI	1900-01-01	2100-12-31					0	0	1		291
R	USA-CA	MN-BENTON	MN,BENTON|MN BENTON	1900-01-01	2100-12-31					0	0	1		291
R	USA-CA	MN-BIGSTONE	MN,BIGSTONE|MN BIGSTONE	1900-01-01	2100-12-31					0	0	1		291
R	USA-CA	MN-BLUEEARTH	MN,BLUEEARTH|MN BLUEEARTH	1900-01-01	2100-12-31					0	0	1		291
R	USA-CA	MN-BROWN	MN,BROWN|MN BROWN	1900-01-01	2100-12-31					0	0	1		291
R	USA-CA	MN-CARLTON	MN,CARLTON|MN CARLTON	1900-01-01	2100-12-31					0	0	1		291
R	USA-CA	MN-CARVER	MN,CARVER|MN CARVER	1900-01-01	2100-12-31					0	0	1		291
R	USA-CA	MN-CASS	MN,CASS|MN CASS	1900-01-01	2100-12-31					0	0	1		291
R	USA-CA	MN-CHIPPEWA	MN,CHIPPEWA|MN CHIPPEWA	1900-01-01	2100-12-31					0	0	1		291
R	USA-CA	MN-CHISAGO	MN,CHISAGO|MN CHISAGO	1900-01-01	2100-12-31					0	0	1		291
R	USA-CA	MN-CLAY	MN,CLAY|MN CLAY	1900-01-01	2100-12-31					0	0	1		291
R	USA-CA	MN-CLEARWATER	MN,CLEARWATER|MN CLEARWATER	1900-01-01	2100-12-31					0	0	1		291
R	USA-CA	MN-COOK	MN,COOK|MN COOK	1900-01-01	2100-12-31					0	0	1		291
R	USA-CA	MN-COTTONWOOD	MN,COTTONWOOD|MN COTTONWOOD	1900-01-01	2100-12-31					0	0	1		291
R	USA-CA	MN-CROWWING	MN,CROWWING|MN CROWWING	1900-01-01	2100-12-31					0	0	1		291
R	USA-CA	MN-DAKOTA	MN,DAKOTA|MN DAKOTA	1900-01-01	2100-12-31					0	0	1		291
R	USA-CA	MN-DODGE	MN,DODGE|MN DODGE	1900-01-01	2100-12-31					0	0	1		291
R	USA-CA	MN-DOUGLAS	MN,DOUGLAS|MN DOUGLAS	1900-01-01	2100-12-31					0	0	1		291
R	USA-CA	MN-FARIBAULT	MN,FARIBAULT|MN FARIBAULT	1900-01-01	2100-12-31					0	0	1		291
R	USA-CA	MN-FILLMORE	MN,FILLMORE|MN FILLMORE	1900-01-01	2100-12-31					0	0	1		291
R	USA-CA	MN-FREEBORN	MN,FREEBORN|MN FREEBORN	1900-01-01	2100-12-31					0	0	1		291
R	USA-CA	MN-GOODHUE	MN,GOODHUE|MN GOODHUE	1900-01-01	2100-12-31					0	0	1		291
R	USA-CA	MN-GRANT	MN,GRANT|MN GRANT	1900-01-01	2100-12-31					0	0	1		291
R	USA-CA	MN-HENNEPIN	MN,HENNEPIN|MN HENNEPIN	1900-01-01	2100-12-31					0	0	1		291
R	USA-CA	MN-HOUSTON	MN,HOUSTON|MN HOUSTON	1900-01-01	2100-12-31					0	0	1		291
R	USA-CA	MN-HUBBARD	MN,HUBBARD|MN HUBBARD	1900-01-01	2100-12-31					0	0	1		291
R	USA-CA	MN-ISANTI	MN,ISANTI|MN ISANTI	1900-01-01	2100-12-31					0	0	1		291
R	USA-CA	MN-ITASCA	MN,ITASCA|MN ITASCA	1900-01-01	2100-12-31					0	0	1		291
R	USA-CA	MN-JACKSON	MN,JACKSON|MN JACKSON	1900-01-01	2100-12-31					0	0	1		291
R	USA-CA	MN-KAMABEC	MN,KAMABEC|MN KAMABEC	1900-01-01	2100-12-31					0	0	1		291
R	USA-CA	MN-KANDIYOHI	MN,KANDIYOHI|MN KANDIYOHI	1900-01-01	2100-12-31					0	0	1		291
R	USA-CA	MN-KIOOCHICHING	MN,KIOOCHICHING|MN KIOOCHICHING	1900-01-01	2100-12-31					0	0	1		291
R	USA-CA	MN-KITTSON	MN,KITTSON|MN KITTSON	1900-01-01	2100-12-31					0	0	1		291
R	USA-CA	MN-LACQUIPARLE	MN,LACQUIPARLE|MN LACQUIPARLE	1900-01-01	2100-12-31					0	0	1		291
R	USA-CA	MN-LAKE	MN,LAKE|MN LAKE	1900-01-01	2100-12-31					0	0	1		291
R	USA-CA	MN-LAKEOFTHEWOODS	MN,LAKEOFTHEWOODS|MN LAKEOFTHEWOODS	1900-01-01	2100-12-31					0	0	1		291
R	USA-CA	MN-LESUEUR	MN,LESUEUR|MN LESUEUR	1900-01-01	2100-12-31					0	0	1		291
R	USA-CA	MN-LINCOLN	MN,LINCOLN|MN LINCOLN	1900-01-01	2100-12-31					0	0	1		291
R	USA-CA	MN-LYON	MN,LYON|MN LYON	1900-01-01	2100-12-31					0	0	1		291
R	USA-CA	MN-MAHNOMEN	MN,MAHNOMEN|MN MAHNOMEN	1900-01-01	2100-12-31					0	0	1		291
R	USA-CA	MN-MARCHELL	MN,MARCHELL|MN MARCHELL	1900-01-01	2100-12-31					0	0	1		291
R	USA-CA	MN-MARTIN	MN,MARTIN|MN MARTIN	1900-01-01	2100-12-31					0	0	1		291
R	USA-CA	MN-MCLEOD	MN,MCLEOD|MN MCLEOD	1900-01-01	2100-12-31					0	0	1		291
R	USA-CA	MN-MEEKER	MN,MEEKER|MN MEEKER	1900-01-01	2100-12-31					0	0	1		291
R	USA-CA	MN-MILLELACS	MN,MILLELACS|MN MILLELACS	1900-01-01	2100-12-31					0	0	1		291
R	USA-CA	MN-MORRISON	MN,MORRISON|MN MORRISON	1900-01-01	2100-12-31					0	0	1		291
R	USA-CA	MN-MOWER	MN,MOWER|MN MOWER	1900-01-01	2100-12-31					0	0	1		291
R	USA-CA	MN-MURRAY	MN,MURRAY|MN MURRAY	1900-01-01	2100-12-31					0	0	1		291
R	USA-CA	MN-NICOLLET	MN,NICOLLET|MN NICOLLET	1900-01-01	2100-12-31					0	0	1		291
R	USA-CA	MN-NOBLES	MN,NOBLES|MN NOBLES	1900-01-01	2100-12-31					0	0	1		291
R	USA-CA	MN-NORMAN	MN,NORMAN|MN NORMAN	1900-01-01	2100-12-31					0	0	1		291
R	USA-CA	MN-OLMSTED	MN,OLMSTED|MN OLMSTED	1900-01-01	2100-12-31					0	0	1		291
R	USA-CA	MN-OTTERTAIL	MN,OTTERTAIL|MN OTTERTAIL	1900-01-01	2100-12-31					0	0	1		291
R	USA-CA	MN-PENNINGTON	MN,PENNINGTON|MN PENNINGTON	1900-01-01	2100-12-31					0	0	1		291
R	USA-CA	MN-PINE	MN,PINE|MN PINE	1900-01-01	2100-12-31					0	0	1		291
R	USA-CA	MN-PIPESTONE	MN,PIPESTONE|MN PIPESTONE	1900-01-01	2100-12-31					0	0	1		291
R	USA-CA	MN-POLK	MN,POLK|MN POLK	1900-01-01	2100-12-31					0	0	1		291
R	USA-CA	MN-POPE	MN,POPE|MN POPE	1900-01-01	2100-12-31					0	0	1		291
R	USA-CA	MN-RAMSEY	MN,RAMSEY|MN RAMSEY	1900-01-01	2100-12-31					0	0	1		291
R	USA-CA	MN-REDLAKE	MN,REDLAKE|MN REDLAKE	1900-01-01	2100-12-31					0	0	1		291
R	USA-CA	MN-REDWOOD	MN,REDWOOD|MN REDWOOD	1900-01-01	2100-12-31					0	0	1		291
R	USA-CA	MN-RENVILLE	MN,RENVILLE|MN RENVILLE	1900-01-01	2100-12-31					0	0	1		291
R	USA-CA	MN-RICE	MN,RICE|MN RICE	1900-01-01	2100-12-31					0	0	1		291
R	USA-CA	MN-ROCK	MN,ROCK|MN ROCK	1900-01-01	2100-12-31					0	0	1		291
R	USA-CA	MN-ROSEAU	MN,ROSEAU|MN ROSEAU	1900-01-01	2100-12-31					0	0	1		291
R	USA-CA	MN-SCOTT	MN,SCOTT|MN SCOTT	1900-01-01	2100-12-31					0	0	1		291
R	USA-CA	MN-SHERBURNE	MN,SHERBURNE|MN SHERBURNE	1900-01-01	2100-12-31					0	0	1		291
R	USA-CA	MN-SIBLEY	MN,SIBLEY|MN SIBLEY	1900-01-01	2100-12-31					0	0	1		291
R	USA-CA	MN-ST.LOUIS	MN,ST.LOUIS|MN ST.LOUIS	1900-01-01	2100-12-31					0	0	1		291
R	USA-CA	MN-STEARNS	MN,STEARNS|MN STEARNS	1900-01-01	2100-12-31					0	0	1		291
R	USA-CA	MN-STEELE	MN,STEELE|MN STEELE	1900-01-01	2100-12-31					0	0	1		291
R	USA-CA	MN-STEVENS	MN,STEVENS|MN STEVENS	1900-01-01	2100-12-31					0	0	1		291
R	USA-CA	MN-SWIFT	MN,SWIFT|MN SWIFT	1900-01-01	2100-12-31					0	0	1		291
R	USA-CA	MN-TODD	MN,TODD|MN TODD	1900-01-01	2100-12-31					0	0	1		291
R	USA-CA	MN-TRAVERSE	MN,TRAVERSE|MN TRAVERSE	1900-01-01	2100-12-31					0	0	1		291
R	USA-CA	MN-WABASHA	MN,WABASHA|MN WABASHA	1900-01-01	2100-12-31					0	0	1		291
R	USA-CA	MN-WADENA	MN,WADENA|MN WADENA	1900-01-01	2100-12-31					0	0	1		291
R	USA-CA	MN-WASECA	MN,WASECA|MN WASECA	1900-01-01	2100-12-31					0	0	1		291
R	USA-CA	MN-WASHINGTON	MN,WASHINGTON|MN WASHINGTON	1900-01-01	2100-12-31					0	0	1		291
R	USA-CA	MN-WATONWAN	MN,WATONWAN|MN WATONWAN	1900-01-01	2100-12-31					0	0	1		291
R	USA-CA	MN-WILKIN	MN,WILKIN|MN WILKIN	1900-01-01	2100-12-31					0	0	1		291
R	USA-CA	MN-WINONA	MN,WINONA|MN WINONA	1900-01-01	2100-12-31					0	0	1		291
R	USA-CA	MN-WRIGHT	MN,WRIGHT|MN WRIGHT	1900-01-01	2100-12-31					0	0	1		291
R	USA-CA	MN-YELLOWMEDICINE	MN,YELLOWMEDICINE|MN YELLOWMEDICINE	1900-01-01	2100-12-31					0	0	1		291
R	USA-CA	MO-ADAIR	MO,ADAIR|MO ADAIR	1900-01-01	2100-12-31					0	0	1		291
R	USA-CA	MO-ANDREW	MO,ANDREW|MO ANDREW	1900-01-01	2100-12-31					0	0	1		291
R	USA-CA	MO-ATCHISON	MO,ATCHISON|MO ATCHISON	1900-01-01	2100-12-31					0	0	1		291
R	USA-CA	MO-AUDRAIN	MO,AUDRAIN|MO AUDRAIN	1900-01-01	2100-12-31					0	0	1		291
R	USA-CA	MO-BARRY	MO,BARRY|MO BARRY	1900-01-01	2100-12-31					0	0	1		291
R	USA-CA	MO-BARTON	MO,BARTON|MO BARTON	1900-01-01	2100-12-31					0	0	1		291
R	USA-CA	MO-BATES	MO,BATES|MO BATES	1900-01-01	2100-12-31					0	0	1		291
R	USA-CA	MO-BENTON	MO,BENTON|MO BENTON	1900-01-01	2100-12-31					0	0	1		291
R	USA-CA	MO-BOLLINGER	MO,BOLLINGER|MO BOLLINGER	1900-01-01	2100-12-31					0	0	1		291
R	USA-CA	MO-BOONE	MO,BOONE|MO BOONE	1900-01-01	2100-12-31					0	0	1		291
R	USA-CA	MO-BUCHANAN	MO,BUCHANAN|MO BUCHANAN	1900-01-01	2100-12-31					0	0	1		291
R	USA-CA	MO-BUTLER	MO,BUTLER|MO BUTLER	1900-01-01	2100-12-31					0	0	1		291
R	USA-CA	MO-CALDWELL	MO,CALDWELL|MO CALDWELL	1900-01-01	2100-12-31					0	0	1		291
R	USA-CA	MO-CALLAWAY	MO,CALLAWAY|MO CALLAWAY	1900-01-01	2100-12-31					0	0	1		291
R	USA-CA	MO-CAMDEN	MO,CAMDEN|MO CAMDEN	1900-01-01	2100-12-31					0	0	1		291
R	USA-CA	MO-CAPEGIRARDEAU	MO,CAPEGIRARDEAU|MO CAPEGIRARDEAU	1900-01-01	2100-12-31					0	0	1		291
R	USA-CA	MO-CARROLL	MO,CARROLL|MO CARROLL	1900-01-01	2100-12-31					0	0	1		291
R	USA-CA	MO-CARTER	MO,CARTER|MO CARTER	1900-01-01	2100-12-31					0	0	1		291
R	USA-CA	MO-CASS	MO,CASS|MO CASS	1900-01-01	2100-12-31					0	0	1		291
R	USA-CA	MO-CEDAR	MO,CEDAR|MO CEDAR	1900-01-01	2100-12-31					0	0	1		291
R	USA-CA	MO-CHARITON	MO,CHARITON|MO CHARITON	1900-01-01	2100-12-31					0	0	1		291
R	USA-CA	MO-CHRISTIAN	MO,CHRISTIAN|MO CHRISTIAN	1900-01-01	2100-12-31					0	0	1		291
R	USA-CA	MO-CLARK	MO,CLARK|MO CLARK	1900-01-01	2100-12-31					0	0	1		291
R	USA-CA	MO-CLAY	MO,CLAY|MO CLAY	1900-01-01	2100-12-31					0	0	1		291
R	USA-CA	MO-CLINTON	MO,CLINTON|MO CLINTON	1900-01-01	2100-12-31					0	0	1		291
R	USA-CA	MO-COLE	MO,COLE|MO COLE	1900-01-01	2100-12-31					0	0	1		291
R	USA-CA	MO-COOPER	MO,COOPER|MO COOPER	1900-01-01	2100-12-31					0	0	1		291
R	USA-CA	MO-CRAWFORD	MO,CRAWFORD|MO CRAWFORD	1900-01-01	2100-12-31					0	0	1		291
R	USA-CA	MO-DADE	MO,DADE|MO DADE	1900-01-01	2100-12-31					0	0	1		291
R	USA-CA	MO-DALLAS	MO,DALLAS|MO DALLAS	1900-01-01	2100-12-31					0	0	1		291
R	USA-CA	MO-DAVIESS	MO,DAVIESS|MO DAVIESS	1900-01-01	2100-12-31					0	0	1		291
R	USA-CA	MO-DEKALB	MO,DEKALB|MO DEKALB	1900-01-01	2100-12-31					0	0	1		291
R	USA-CA	MO-DENT	MO,DENT|MO DENT	1900-01-01	2100-12-31					0	0	1		291
R	USA-CA	MO-DOUGLAS	MO,DOUGLAS|MO DOUGLAS	1900-01-01	2100-12-31					0	0	1		291
R	USA-CA	MO-DUNKLIN	MO,DUNKLIN|MO DUNKLIN	1900-01-01	2100-12-31					0	0	1		291
R	USA-CA	MO-FRANKLIN	MO,FRANKLIN|MO FRANKLIN	1900-01-01	2100-12-31					0	0	1		291
R	USA-CA	MO-GASCONADE	MO,GASCONADE|MO GASCONADE	1900-01-01	2100-12-31					0	0	1		291
R	USA-CA	MO-GENTRY	MO,GENTRY|MO GENTRY	1900-01-01	2100-12-31					0	0	1		291
R	USA-CA	MO-GREENE	MO,GREENE|MO GREENE	1900-01-01	2100-12-31					0	0	1		291
R	USA-CA	MO-GRUNDY	MO,GRUNDY|MO GRUNDY	1900-01-01	2100-12-31					0	0	1		291
R	USA-CA	MO-HARRISON	MO,HARRISON|MO HARRISON	1900-01-01	2100-12-31					0	0	1		291
R	USA-CA	MO-HENRY	MO,HENRY|MO HENRY	1900-01-01	2100-12-31					0	0	1		291
R	USA-CA	MO-HICKORY	MO,HICKORY|MO HICKORY	1900-01-01	2100-12-31					0	0	1		291
R	USA-CA	MO-HOLT	MO,HOLT|MO HOLT	1900-01-01	2100-12-31					0	0	1		291
R	USA-CA	MO-HOWARD	MO,HOWARD|MO HOWARD	1900-01-01	2100-12-31					0	0	1		291
R	USA-CA	MO-HOWELL	MO,HOWELL|MO HOWELL	1900-01-01	2100-12-31					0	0	1		291
R	USA-CA	MO-IRON	MO,IRON|MO IRON	1900-01-01	2100-12-31					0	0	1		291
R	USA-CA	MO-JACKSON	MO,JACKSON|MO JACKSON	1900-01-01	2100-12-31					0	0	1		291
R	USA-CA	MO-JASPER	MO,JASPER|MO JASPER	1900-01-01	2100-12-31					0	0	1		291
R	USA-CA	MO-JEFFERSON	MO,JEFFERSON|MO JEFFERSON	1900-01-01	2100-12-31					0	0	1		291
R	USA-CA	MO-JOHNSON	MO,JOHNSON|MO JOHNSON	1900-01-01	2100-12-31					0	0	1		291
R	USA-CA	MO-KNOX	MO,KNOX|MO KNOX	1900-01-01	2100-12-31					0	0	1		291
R	USA-CA	MO-LACLEDE	MO,LACLEDE|MO LACLEDE	1900-01-01	2100-12-31					0	0	1		291
R	USA-CA	MO-LAFAYETTE	MO,LAFAYETTE|MO LAFAYETTE	1900-01-01	2100-12-31					0	0	1		291
R	USA-CA	MO-LAWRENCE	MO,LAWRENCE|MO LAWRENCE	1900-01-01	2100-12-31					0	0	1		291
R	USA-CA	MO-LEWIS	MO,LEWIS|MO LEWIS	1900-01-01	2100-12-31					0	0	1		291
R	USA-CA	MO-LINCOLN	MO,LINCOLN|MO LINCOLN	1900-01-01	2100-12-31					0	0	1		291
R	USA-CA	MO-LINN	MO,LINN|MO LINN	1900-01-01	2100-12-31					0	0	1		291
R	USA-CA	MO-LIVINGSTON	MO,LIVINGSTON|MO LIVINGSTON	1900-01-01	2100-12-31					0	0	1		291
R	USA-CA	MO-MACON	MO,MACON|MO MACON	1900-01-01	2100-12-31					0	0	1		291
R	USA-CA	MO-MADISON	MO,MADISON|MO MADISON	1900-01-01	2100-12-31					0	0	1		291
R	USA-CA	MO-MARIES	MO,MARIES|MO MARIES	1900-01-01	2100-12-31					0	0	1		291
R	USA-CA	MO-MARION	MO,MARION|MO MARION	1900-01-01	2100-12-31					0	0	1		291
R	USA-CA	MO-MCDONALD	MO,MCDONALD|MO MCDONALD	1900-01-01	2100-12-31					0	0	1		291
R	USA-CA	MO-MERCER	MO,MERCER|MO MERCER	1900-01-01	2100-12-31					0	0	1		291
R	USA-CA	MO-MILLER	MO,MILLER|MO MILLER	1900-01-01	2100-12-31					0	0	1		291
R	USA-CA	MO-MISSISSIPPI	MO,MISSISSIPPI|MO MISSISSIPPI	1900-01-01	2100-12-31					0	0	1		291
R	USA-CA	MO-MONITEAU	MO,MONITEAU|MO MONITEAU	1900-01-01	2100-12-31					0	0	1		291
R	USA-CA	MO-MONROE	MO,MONROE|MO MONROE	1900-01-01	2100-12-31					0	0	1		291
R	USA-CA	MO-MONTGOMERY	MO,MONTGOMERY|MO MONTGOMERY	1900-01-01	2100-12-31					0	0	1		291
R	USA-CA	MO-MORGAN	MO,MORGAN|MO MORGAN	1900-01-01	2100-12-31					0	0	1		291
R	USA-CA	MO-NEWMADRID	MO,NEWMADRID|MO NEWMADRID	1900-01-01	2100-12-31					0	0	1		291
R	USA-CA	MO-NEWTON	MO,NEWTON|MO NEWTON	1900-01-01	2100-12-31					0	0	1		291
R	USA-CA	MO-NODAWAY	MO,NODAWAY|MO NODAWAY	1900-01-01	2100-12-31					0	0	1		291
R	USA-CA	MO-OREGON	MO,OREGON|MO OREGON	1900-01-01	2100-12-31					0	0	1		291
R	USA-CA	MO-OSAGE	MO,OSAGE|MO OSAGE	1900-01-01	2100-12-31					0	0	1		291
R	USA-CA	MO-OZARK	MO,OZARK|MO OZARK	1900-01-01	2100-12-31					0	0	1		291
R	USA-CA	MO-PEMISCOT	MO,PEMISCOT|MO PEMISCOT	1900-01-01	2100-12-31					0	0	1		291
R	USA-CA	MO-PERRY	MO,PERRY|MO PERRY	1900-01-01	2100-12-31					0	0	1		291
R	USA-CA	MO-PETTIS	MO,PETTIS|MO PETTIS	1900-01-01	2100-12-31					0	0	1		291
R	USA-CA	MO-PHELPS	MO,PHELPS|MO PHELPS	1900-01-01	2100-12-31					0	0	1		291
R	USA-CA	MO-PIKE	MO,PIKE|MO PIKE	1900-01-01	2100-12-31					0	0	1		291
R	USA-CA	MO-PLATTE	MO,PLATTE|MO PLATTE	1900-01-01	2100-12-31					0	0	1		291
R	USA-CA	MO-POLK	MO,POLK|MO POLK	1900-01-01	2100-12-31					0	0	1		291
R	USA-CA	MO-PULASKI	MO,PULASKI|MO PULASKI	1900-01-01	2100-12-31					0	0	1		291
R	USA-CA	MO-PUTNAM	MO,PUTNAM|MO PUTNAM	1900-01-01	2100-12-31					0	0	1		291
R	USA-CA	MO-RALLS	MO,RALLS|MO RALLS	1900-01-01	2100-12-31					0	0	1		291
R	USA-CA	MO-RANDOLPH	MO,RANDOLPH|MO RANDOLPH	1900-01-01	2100-12-31					0	0	1		291
R	USA-CA	MO-RAY	MO,RAY|MO RAY	1900-01-01	2100-12-31					0	0	1		291
R	USA-CA	MO-REYNOLDS	MO,REYNOLDS|MO REYNOLDS	1900-01-01	2100-12-31					0	0	1		291
R	USA-CA	MO-RIPLEY	MO,RIPLEY|MO RIPLEY	1900-01-01	2100-12-31					0	0	1		291
R	USA-CA	MO-SALINE	MO,SALINE|MO SALINE	1900-01-01	2100-12-31					0	0	1		291
R	USA-CA	MO-SCHUYLER	MO,SCHUYLER|MO SCHUYLER	1900-01-01	2100-12-31					0	0	1		291
R	USA-CA	MO-SCOTLAND	MO,SCOTLAND|MO SCOTLAND	1900-01-01	2100-12-31					0	0	1		291
R	USA-CA	MO-SCOTT	MO,SCOTT|MO SCOTT	1900-01-01	2100-12-31					0	0	1		291
R	USA-CA	MO-SHANNON	MO,SHANNON|MO SHANNON	1900-01-01	2100-12-31					0	0	1		291
R	USA-CA	MO-SHELBY	MO,SHELBY|MO SHELBY	1900-01-01	2100-12-31					0	0	1		291
R	USA-CA	MO-ST.CHARLES	MO,ST.CHARLES|MO ST.CHARLES	1900-01-01	2100-12-31					0	0	1		291
R	USA-CA	MO-ST.CLAIR	MO,ST.CLAIR|MO ST.CLAIR	1900-01-01	2100-12-31					0	0	1		291
R	USA-CA	MO-ST.FRANCOIS	MO,ST.FRANCOIS|MO ST.FRANCOIS	1900-01-01	2100-12-31					0	0	1		291
R	USA-CA	MO-ST.LOUIS	MO,ST.LOUIS|MO ST.LOUIS	1900-01-01	2100-12-31					0	0	1		291
R	USA-CA	MO-ST.LOUISECITY	MO,ST.LOUISECITY|MO ST.LOUISECITY	1900-01-01	2100-12-31					0	0	1		291
R	USA-CA	MO-STE.GENEVIEVE	MO,STE.GENEVIEVE|MO STE.GENEVIEVE	1900-01-01	2100-12-31					0	0	1		291
R	USA-CA	MO-STODDARD	MO,STODDARD|MO STODDARD	1900-01-01	2100-12-31					0	0	1		291
R	USA-CA	MO-STONE	MO,STONE|MO STONE	1900-01-01	2100-12-31					0	0	1		291
R	USA-CA	MO-SULLIVAN	MO,SULLIVAN|MO SULLIVAN	1900-01-01	2100-12-31					0	0	1		291
R	USA-CA	MO-TANEY	MO,TANEY|MO TANEY	1900-01-01	2100-12-31					0	0	1		291
R	USA-CA	MO-TEXAS	MO,TEXAS|MO TEXAS	1900-01-01	2100-12-31					0	0	1		291
R	USA-CA	MO-VERNON	MO,VERNON|MO VERNON	1900-01-01	2100-12-31					0	0	1		291
R	USA-CA	MO-WARREN	MO,WARREN|MO WARREN	1900-01-01	2100-12-31					0	0	1		291
R	USA-CA	MO-WASHINGTON	MO,WASHINGTON|MO WASHINGTON	1900-01-01	2100-12-31					0	0	1		291
R	USA-CA	MO-WAYNE	MO,WAYNE|MO WAYNE	1900-01-01	2100-12-31					0	0	1		291
R	USA-CA	MO-WEBSTER	MO,WEBSTER|MO WEBSTER	1900-01-01	2100-12-31					0	0	1		291
R	USA-CA	MO-WORTH	MO,WORTH|MO WORTH	1900-01-01	2100-12-31					0	0	1		291
R	USA-CA	MO-WRIGHT	MO,WRIGHT|MO WRIGHT	1900-01-01	2100-12-31					0	0	1		291
R	USA-CA	MS-ADAMS	MS,ADAMS|MS ADAMS	1900-01-01	2100-12-31					0	0	1		291
R	USA-CA	MS-ALCORN	MS,ALCORN|MS ALCORN	1900-01-01	2100-12-31					0	0	1		291
R	USA-CA	MS-AMITE	MS,AMITE|MS AMITE	1900-01-01	2100-12-31					0	0	1		291
R	USA-CA	MS-ATTALA	MS,ATTALA|MS ATTALA	1900-01-01	2100-12-31					0	0	1		291
R	USA-CA	MS-BENTON	MS,BENTON|MS BENTON	1900-01-01	2100-12-31					0	0	1		291
R	USA-CA	MS-BOLIVAR	MS,BOLIVAR|MS BOLIVAR	1900-01-01	2100-12-31					0	0	1		291
R	USA-CA	MS-CALHOUN	MS,CALHOUN|MS CALHOUN	1900-01-01	2100-12-31					0	0	1		291
R	USA-CA	MS-CARROLL	MS,CARROLL|MS CARROLL	1900-01-01	2100-12-31					0	0	1		291
R	USA-CA	MS-CHICKASAW	MS,CHICKASAW|MS CHICKASAW	1900-01-01	2100-12-31					0	0	1		291
R	USA-CA	MS-CHOCTAW	MS,CHOCTAW|MS CHOCTAW	1900-01-01	2100-12-31					0	0	1		291
R	USA-CA	MS-CLAIBORNE	MS,CLAIBORNE|MS CLAIBORNE	1900-01-01	2100-12-31					0	0	1		291
R	USA-CA	MS-CLARKE	MS,CLARKE|MS CLARKE	1900-01-01	2100-12-31					0	0	1		291
R	USA-CA	MS-CLAY	MS,CLAY|MS CLAY	1900-01-01	2100-12-31					0	0	1		291
R	USA-CA	MS-COAHOMA	MS,COAHOMA|MS COAHOMA	1900-01-01	2100-12-31					0	0	1		291
R	USA-CA	MS-COPIAH	MS,COPIAH|MS COPIAH	1900-01-01	2100-12-31					0	0	1		291
R	USA-CA	MS-COVINGTON	MS,COVINGTON|MS COVINGTON	1900-01-01	2100-12-31					0	0	1		291
R	USA-CA	MS-DESOTO	MS,DESOTO|MS DESOTO	1900-01-01	2100-12-31					0	0	1		291
R	USA-CA	MS-FORESTT	MS,FORESTT|MS FORESTT	1900-01-01	2100-12-31					0	0	1		291
R	USA-CA	MS-FRANKLIN	MS,FRANKLIN|MS FRANKLIN	1900-01-01	2100-12-31					0	0	1		291
R	USA-CA	MS-GEORGE	MS,GEORGE|MS GEORGE	1900-01-01	2100-12-31					0	0	1		291
R	USA-CA	MS-GREENE	MS,GREENE|MS GREENE	1900-01-01	2100-12-31					0	0	1		291
R	USA-CA	MS-GRENADA	MS,GRENADA|MS GRENADA	1900-01-01	2100-12-31					0	0	1		291
R	USA-CA	MS-HANCOCK	MS,HANCOCK|MS HANCOCK	1900-01-01	2100-12-31					0	0	1		291
R	USA-CA	MS-HARRISON	MS,HARRISON|MS HARRISON	1900-01-01	2100-12-31					0	0	1		291
R	USA-CA	MS-HINDS	MS,HINDS|MS HINDS	1900-01-01	2100-12-31					0	0	1		291
R	USA-CA	MS-HOLMES	MS,HOLMES|MS HOLMES	1900-01-01	2100-12-31					0	0	1		291
R	USA-CA	MS-HUMPHREYS	MS,HUMPHREYS|MS HUMPHREYS	1900-01-01	2100-12-31					0	0	1		291
R	USA-CA	MS-ISSAQUENA	MS,ISSAQUENA|MS ISSAQUENA	1900-01-01	2100-12-31					0	0	1		291
R	USA-CA	MS-ITAWAMBA	MS,ITAWAMBA|MS ITAWAMBA	1900-01-01	2100-12-31					0	0	1		291
R	USA-CA	MS-JACKSON	MS,JACKSON|MS JACKSON	1900-01-01	2100-12-31					0	0	1		291
R	USA-CA	MS-JASPER	MS,JASPER|MS JASPER	1900-01-01	2100-12-31					0	0	1		291
R	USA-CA	MS-JEFFERSON	MS,JEFFERSON|MS JEFFERSON	1900-01-01	2100-12-31					0	0	1		291
R	USA-CA	MS-JEFFERSONDAVIS	MS,JEFFERSONDAVIS|MS JEFFERSONDAVIS	1900-01-01	2100-12-31					0	0	1		291
R	USA-CA	MS-JONES	MS,JONES|MS JONES	1900-01-01	2100-12-31					0	0	1		291
R	USA-CA	MS-KEMPER	MS,KEMPER|MS KEMPER	1900-01-01	2100-12-31					0	0	1		291
R	USA-CA	MS-LAFAYETTE	MS,LAFAYETTE|MS LAFAYETTE	1900-01-01	2100-12-31					0	0	1		291
R	USA-CA	MS-LAMAR	MS,LAMAR|MS LAMAR	1900-01-01	2100-12-31					0	0	1		291
R	USA-CA	MS-LAUDERDALE	MS,LAUDERDALE|MS LAUDERDALE	1900-01-01	2100-12-31					0	0	1		291
R	USA-CA	MS-LAWRENCE	MS,LAWRENCE|MS LAWRENCE	1900-01-01	2100-12-31					0	0	1		291
R	USA-CA	MS-LEAKE	MS,LEAKE|MS LEAKE	1900-01-01	2100-12-31					0	0	1		291
R	USA-CA	MS-LEE	MS,LEE|MS LEE	1900-01-01	2100-12-31					0	0	1		291
R	USA-CA	MS-LEFLORE	MS,LEFLORE|MS LEFLORE	1900-01-01	2100-12-31					0	0	1		291
R	USA-CA	MS-LINCOLN	MS,LINCOLN|MS LINCOLN	1900-01-01	2100-12-31					0	0	1		291
R	USA-CA	MS-LOWNDES	MS,LOWNDES|MS LOWNDES	1900-01-01	2100-12-31					0	0	1		291
R	USA-CA	MS-MADISON	MS,MADISON|MS MADISON	1900-01-01	2100-12-31					0	0	1		291
R	USA-CA	MS-MARION	MS,MARION|MS MARION	1900-01-01	2100-12-31					0	0	1		291
R	USA-CA	MS-MARSHALL	MS,MARSHALL|MS MARSHALL	1900-01-01	2100-12-31					0	0	1		291
R	USA-CA	MS-MONROE	MS,MONROE|MS MONROE	1900-01-01	2100-12-31					0	0	1		291
R	USA-CA	MS-MONTGOMERY	MS,MONTGOMERY|MS MONTGOMERY	1900-01-01	2100-12-31					0	0	1		291
R	USA-CA	MS-NESHOBA	MS,NESHOBA|MS NESHOBA	1900-01-01	2100-12-31					0	0	1		291
R	USA-CA	MS-NEWTON	MS,NEWTON|MS NEWTON	1900-01-01	2100-12-31					0	0	1		291
R	USA-CA	MS-NOXUBEE	MS,NOXUBEE|MS NOXUBEE	1900-01-01	2100-12-31					0	0	1		291
R	USA-CA	MS-OKTIBBEHA	MS,OKTIBBEHA|MS OKTIBBEHA	1900-01-01	2100-12-31					0	0	1		291
R	USA-CA	MS-PANOLA	MS,PANOLA|MS PANOLA	1900-01-01	2100-12-31					0	0	1		291
R	USA-CA	MS-PEARLRIVER	MS,PEARLRIVER|MS PEARLRIVER	1900-01-01	2100-12-31					0	0	1		291
R	USA-CA	MS-PERRY	MS,PERRY|MS PERRY	1900-01-01	2100-12-31					0	0	1		291
R	USA-CA	MS-PIKE	MS,PIKE|MS PIKE	1900-01-01	2100-12-31					0	0	1		291
R	USA-CA	MS-POMTOTOC	MS,POMTOTOC|MS POMTOTOC	1900-01-01	2100-12-31					0	0	1		291
R	USA-CA	MS-PRENTISS	MS,PRENTISS|MS PRENTISS	1900-01-01	2100-12-31					0	0	1		291
R	USA-CA	MS-QUITMAN	MS,QUITMAN|MS QUITMAN	1900-01-01	2100-12-31					0	0	1		291
R	USA-CA	MS-RANKIN	MS,RANKIN|MS RANKIN	1900-01-01	2100-12-31					0	0	1		291
R	USA-CA	MS-SCOTT	MS,SCOTT|MS SCOTT	1900-01-01	2100-12-31					0	0	1		291
R	USA-CA	MS-SHARKEY	MS,SHARKEY|MS SHARKEY	1900-01-01	2100-12-31					0	0	1		291
R	USA-CA	MS-SIMPSON	MS,SIMPSON|MS SIMPSON	1900-01-01	2100-12-31					0	0	1		291
R	USA-CA	MS-SMITH	MS,SMITH|MS SMITH	1900-01-01	2100-12-31					0	0	1		291
R	USA-CA	MS-STONE	MS,STONE|MS STONE	1900-01-01	2100-12-31					0	0	1		291
R	USA-CA	MS-SUNFLOWER	MS,SUNFLOWER|MS SUNFLOWER	1900-01-01	2100-12-31					0	0	1		291
R	USA-CA	MS-TALLAHATCHIE	MS,TALLAHATCHIE|MS TALLAHATCHIE	1900-01-01	2100-12-31					0	0	1		291
R	USA-CA	MS-TATE	MS,TATE|MS TATE	1900-01-01	2100-12-31					0	0	1		291
R	USA-CA	MS-TIPPAH	MS,TIPPAH|MS TIPPAH	1900-01-01	2100-12-31					0	0	1		291
R	USA-CA	MS-TISHOMINGO	MS,TISHOMINGO|MS TISHOMINGO	1900-01-01	2100-12-31					0	0	1		291
R	USA-CA	MS-TUNICA	MS,TUNICA|MS TUNICA	1900-01-01	2100-12-31					0	0	1		291
R	USA-CA	MS-UNION	MS,UNION|MS UNION	1900-01-01	2100-12-31					0	0	1		291
R	USA-CA	MS-WALTHALL	MS,WALTHALL|MS WALTHALL	1900-01-01	2100-12-31					0	0	1		291
R	USA-CA	MS-WARREN	MS,WARREN|MS WARREN	1900-01-01	2100-12-31					0	0	1		291
R	USA-CA	MS-WASHINGTON	MS,WASHINGTON|MS WASHINGTON	1900-01-01	2100-12-31					0	0	1		291
R	USA-CA	MS-WAYNE	MS,WAYNE|MS WAYNE	1900-01-01	2100-12-31					0	0	1		291
R	USA-CA	MS-WEBSTER	MS,WEBSTER|MS WEBSTER	1900-01-01	2100-12-31					0	0	1		291
R	USA-CA	MS-WILKINSON	MS,WILKINSON|MS WILKINSON	1900-01-01	2100-12-31					0	0	1		291
R	USA-CA	MS-WINSTON	MS,WINSTON|MS WINSTON	1900-01-01	2100-12-31					0	0	1		291
R	USA-CA	MS-YALOBUSHA	MS,YALOBUSHA|MS YALOBUSHA	1900-01-01	2100-12-31					0	0	1		291
R	USA-CA	MS-YAZOO	MS,YAZOO|MS YAZOO	1900-01-01	2100-12-31					0	0	1		291
R	USA-CA	MT-BEAVERHEAD	MT,BEAVERHEAD|MT BEAVERHEAD	1900-01-01	2100-12-31					0	0	1		291
R	USA-CA	MT-BIGHORN	MT,BIGHORN|MT BIGHORN	1900-01-01	2100-12-31					0	0	1		291
R	USA-CA	MT-BLAINE	MT,BLAINE|MT BLAINE	1900-01-01	2100-12-31					0	0	1		291
R	USA-CA	MT-BROADWATER	MT,BROADWATER|MT BROADWATER	1900-01-01	2100-12-31					0	0	1		291
R	USA-CA	MT-CARBON	MT,CARBON|MT CARBON	1900-01-01	2100-12-31					0	0	1		291
R	USA-CA	MT-CARTER	MT,CARTER|MT CARTER	1900-01-01	2100-12-31					0	0	1		291
R	USA-CA	MT-CASCADE	MT,CASCADE|MT CASCADE	1900-01-01	2100-12-31					0	0	1		291
R	USA-CA	MT-CHOUTEAU	MT,CHOUTEAU|MT CHOUTEAU	1900-01-01	2100-12-31					0	0	1		291
R	USA-CA	MT-CUSTER	MT,CUSTER|MT CUSTER	1900-01-01	2100-12-31					0	0	1		291
R	USA-CA	MT-DANIELS	MT,DANIELS|MT DANIELS	1900-01-01	2100-12-31					0	0	1		291
R	USA-CA	MT-DAWSON	MT,DAWSON|MT DAWSON	1900-01-01	2100-12-31					0	0	1		291
R	USA-CA	MT-DEERLODGE	MT,DEERLODGE|MT DEERLODGE	1900-01-01	2100-12-31					0	0	1		291
R	USA-CA	MT-FALLON	MT,FALLON|MT FALLON	1900-01-01	2100-12-31					0	0	1		291
R	USA-CA	MT-FERGUS	MT,FERGUS|MT FERGUS	1900-01-01	2100-12-31					0	0	1		291
R	USA-CA	MT-FLATHEAD	MT,FLATHEAD|MT FLATHEAD	1900-01-01	2100-12-31					0	0	1		291
R	USA-CA	MT-GALLATIN	MT,GALLATIN|MT GALLATIN	1900-01-01	2100-12-31					0	0	1		291
R	USA-CA	MT-GARFIELD	MT,GARFIELD|MT GARFIELD	1900-01-01	2100-12-31					0	0	1		291
R	USA-CA	MT-GLACIER	MT,GLACIER|MT GLACIER	1900-01-01	2100-12-31					0	0	1		291
R	USA-CA	MT-GOLDENVALLEY	MT,GOLDENVALLEY|MT GOLDENVALLEY	1900-01-01	2100-12-31					0	0	1		291
R	USA-CA	MT-GRANITE	MT,GRANITE|MT GRANITE	1900-01-01	2100-12-31					0	0	1		291
R	USA-CA	MT-HILL	MT,HILL|MT HILL	1900-01-01	2100-12-31					0	0	1		291
R	USA-CA	MT-JEFFERSON	MT,JEFFERSON|MT JEFFERSON	1900-01-01	2100-12-31					0	0	1		291
R	USA-CA	MT-JUDITHBASIN	MT,JUDITHBASIN|MT JUDITHBASIN	1900-01-01	2100-12-31					0	0	1		291
R	USA-CA	MT-LAKE	MT,LAKE|MT LAKE	1900-01-01	2100-12-31					0	0	1		291
R	USA-CA	MT-LEWISANDCLARK	MT,LEWISANDCLARK|MT LEWISANDCLARK	1900-01-01	2100-12-31					0	0	1		291
R	USA-CA	MT-LIBERTY	MT,LIBERTY|MT LIBERTY	1900-01-01	2100-12-31					0	0	1		291
R	USA-CA	MT-LINCOLN	MT,LINCOLN|MT LINCOLN	1900-01-01	2100-12-31					0	0	1		291
R	USA-CA	MT-MADISON	MT,MADISON|MT MADISON	1900-01-01	2100-12-31					0	0	1		291
R	USA-CA	MT-MCCONE	MT,MCCONE|MT MCCONE	1900-01-01	2100-12-31					0	0	1		291
R	USA-CA	MT-MEAGHER	MT,MEAGHER|MT MEAGHER	1900-01-01	2100-12-31					0	0	1		291
R	USA-CA	MT-MINERAL	MT,MINERAL|MT MINERAL	1900-01-01	2100-12-31					0	0	1		291
R	USA-CA	MT-MISSOULA	MT,MISSOULA|MT MISSOULA	1900-01-01	2100-12-31					0	0	1		291
R	USA-CA	MT-MUSSELSHELL	MT,MUSSELSHELL|MT MUSSELSHELL	1900-01-01	2100-12-31					0	0	1		291
R	USA-CA	MT-PARK	MT,PARK|MT PARK	1900-01-01	2100-12-31					0	0	1		291
R	USA-CA	MT-PETROLEUM	MT,PETROLEUM|MT PETROLEUM	1900-01-01	2100-12-31					0	0	1		291
R	USA-CA	MT-PHILLIPS	MT,PHILLIPS|MT PHILLIPS	1900-01-01	2100-12-31					0	0	1		291
R	USA-CA	MT-PONDERA	MT,PONDERA|MT PONDERA	1900-01-01	2100-12-31					0	0	1		291
R	USA-CA	MT-POWDERRIVER	MT,POWDERRIVER|MT POWDERRIVER	1900-01-01	2100-12-31					0	0	1		291
R	USA-CA	MT-POWELL	MT,POWELL|MT POWELL	1900-01-01	2100-12-31					0	0	1		291
R	USA-CA	MT-PRAIRIE	MT,PRAIRIE|MT PRAIRIE	1900-01-01	2100-12-31					0	0	1		291
R	USA-CA	MT-RAVALLI	MT,RAVALLI|MT RAVALLI	1900-01-01	2100-12-31					0	0	1		291
R	USA-CA	MT-RICHLAND	MT,RICHLAND|MT RICHLAND	1900-01-01	2100-12-31					0	0	1		291
R	USA-CA	MT-ROOSEVELT	MT,ROOSEVELT|MT ROOSEVELT	1900-01-01	2100-12-31					0	0	1		291
R	USA-CA	MT-ROSEBUD	MT,ROSEBUD|MT ROSEBUD	1900-01-01	2100-12-31					0	0	1		291
R	USA-CA	MT-SANDERS	MT,SANDERS|MT SANDERS	1900-01-01	2100-12-31					0	0	1		291
R	USA-CA	MT-SHERIDAN	MT,SHERIDAN|MT SHERIDAN	1900-01-01	2100-12-31					0	0	1		291
R	USA-CA	MT-SILVERBOW	MT,SILVERBOW|MT SILVERBOW	1900-01-01	2100-12-31					0	0	1		291
R	USA-CA	MT-STILLWATER	MT,STILLWATER|MT STILLWATER	1900-01-01	2100-12-31					0	0	1		291
R	USA-CA	MT-SWEETGRASS	MT,SWEETGRASS|MT SWEETGRASS	1900-01-01	2100-12-31					0	0	1		291
R	USA-CA	MT-TETON	MT,TETON|MT TETON	1900-01-01	2100-12-31					0	0	1		291
R	USA-CA	MT-TOOLE	MT,TOOLE|MT TOOLE	1900-01-01	2100-12-31					0	0	1		291
R	USA-CA	MT-TREASURE	MT,TREASURE|MT TREASURE	1900-01-01	2100-12-31					0	0	1		291
R	USA-CA	MT-VALLEY	MT,VALLEY|MT VALLEY	1900-01-01	2100-12-31					0	0	1		291
R	USA-CA	MT-WHEATLAND	MT,WHEATLAND|MT WHEATLAND	1900-01-01	2100-12-31					0	0	1		291
R	USA-CA	MT-WIBAUX	MT,WIBAUX|MT WIBAUX	1900-01-01	2100-12-31					0	0	1		291
R	USA-CA	MT-YELLOWSTONE	MT,YELLOWSTONE|MT YELLOWSTONE	1900-01-01	2100-12-31					0	0	1		291
R	USA-CA	NC-ALAMANCE	NC,ALAMANCE|NC ALAMANCE	1900-01-01	2100-12-31					0	0	1		291
R	USA-CA	NC-ALEXANDER	NC,ALEXANDER|NC ALEXANDER	1900-01-01	2100-12-31					0	0	1		291
R	USA-CA	NC-ALLEGHANY	NC,ALLEGHANY|NC ALLEGHANY	1900-01-01	2100-12-31					0	0	1		291
R	USA-CA	NC-ANSON	NC,ANSON|NC ANSON	1900-01-01	2100-12-31					0	0	1		291
R	USA-CA	NC-ASHE	NC,ASHE|NC ASHE	1900-01-01	2100-12-31					0	0	1		291
R	USA-CA	NC-AVERY	NC,AVERY|NC AVERY	1900-01-01	2100-12-31					0	0	1		291
R	USA-CA	NC-BEAUFORT	NC,BEAUFORT|NC BEAUFORT	1900-01-01	2100-12-31					0	0	1		291
R	USA-CA	NC-BERTIE	NC,BERTIE|NC BERTIE	1900-01-01	2100-12-31					0	0	1		291
R	USA-CA	NC-BLADEN	NC,BLADEN|NC BLADEN	1900-01-01	2100-12-31					0	0	1		291
R	USA-CA	NC-BRUNSWICK	NC,BRUNSWICK|NC BRUNSWICK	1900-01-01	2100-12-31					0	0	1		291
R	USA-CA	NC-BUNCOMBE	NC,BUNCOMBE|NC BUNCOMBE	1900-01-01	2100-12-31					0	0	1		291
R	USA-CA	NC-BURKE	NC,BURKE|NC BURKE	1900-01-01	2100-12-31					0	0	1		291
R	USA-CA	NC-CABARRUS	NC,CABARRUS|NC CABARRUS	1900-01-01	2100-12-31					0	0	1		291
R	USA-CA	NC-CALDWELL	NC,CALDWELL|NC CALDWELL	1900-01-01	2100-12-31					0	0	1		291
R	USA-CA	NC-CAMDEN	NC,CAMDEN|NC CAMDEN	1900-01-01	2100-12-31					0	0	1		291
R	USA-CA	NC-CARTERET	NC,CARTERET|NC CARTERET	1900-01-01	2100-12-31					0	0	1		291
R	USA-CA	NC-CASWELL	NC,CASWELL|NC CASWELL	1900-01-01	2100-12-31					0	0	1		291
R	USA-CA	NC-CATAWBA	NC,CATAWBA|NC CATAWBA	1900-01-01	2100-12-31					0	0	1		291
R	USA-CA	NC-CHATHAM	NC,CHATHAM|NC CHATHAM	1900-01-01	2100-12-31					0	0	1		291
R	USA-CA	NC-CHEROKEE	NC,CHEROKEE|NC CHEROKEE	1900-01-01	2100-12-31					0	0	1		291
R	USA-CA	NC-CHOWAN	NC,CHOWAN|NC CHOWAN	1900-01-01	2100-12-31					0	0	1		291
R	USA-CA	NC-CLAY	NC,CLAY|NC CLAY	1900-01-01	2100-12-31					0	0	1		291
R	USA-CA	NC-CLEVELAND	NC,CLEVELAND|NC CLEVELAND	1900-01-01	2100-12-31					0	0	1		291
R	USA-CA	NC-COLUMBUS	NC,COLUMBUS|NC COLUMBUS	1900-01-01	2100-12-31					0	0	1		291
R	USA-CA	NC-CRAVEN	NC,CRAVEN|NC CRAVEN	1900-01-01	2100-12-31					0	0	1		291
R	USA-CA	NC-CUMBERLAND	NC,CUMBERLAND|NC CUMBERLAND	1900-01-01	2100-12-31					0	0	1		291
R	USA-CA	NC-CURRITUCK	NC,CURRITUCK|NC CURRITUCK	1900-01-01	2100-12-31					0	0	1		291
R	USA-CA	NC-DARE	NC,DARE|NC DARE	1900-01-01	2100-12-31					0	0	1		291
R	USA-CA	NC-DAVIDSON	NC,DAVIDSON|NC DAVIDSON	1900-01-01	2100-12-31					0	0	1		291
R	USA-CA	NC-DAVIE	NC,DAVIE|NC DAVIE	1900-01-01	2100-12-31					0	0	1		291
R	USA-CA	NC-DUPLIN	NC,DUPLIN|NC DUPLIN	1900-01-01	2100-12-31					0	0	1		291
R	USA-CA	NC-DURHAM	NC,DURHAM|NC DURHAM	1900-01-01	2100-12-31					0	0	1		291
R	USA-CA	NC-EDGECOMBE	NC,EDGECOMBE|NC EDGECOMBE	1900-01-01	2100-12-31					0	0	1		291
R	USA-CA	NC-FORSYTH	NC,FORSYTH|NC FORSYTH	1900-01-01	2100-12-31					0	0	1		291
R	USA-CA	NC-FRANKLIN	NC,FRANKLIN|NC FRANKLIN	1900-01-01	2100-12-31					0	0	1		291
R	USA-CA	NC-GASTON	NC,GASTON|NC GASTON	1900-01-01	2100-12-31					0	0	1		291
R	USA-CA	NC-GATES	NC,GATES|NC GATES	1900-01-01	2100-12-31					0	0	1		291
R	USA-CA	NC-GRAHAM	NC,GRAHAM|NC GRAHAM	1900-01-01	2100-12-31					0	0	1		291
R	USA-CA	NC-GRANVILLE	NC,GRANVILLE|NC GRANVILLE	1900-01-01	2100-12-31					0	0	1		291
R	USA-CA	NC-GREENE	NC,GREENE|NC GREENE	1900-01-01	2100-12-31					0	0	1		291
R	USA-CA	NC-GUILFORD	NC,GUILFORD|NC GUILFORD	1900-01-01	2100-12-31					0	0	1		291
R	USA-CA	NC-HALIFAX	NC,HALIFAX|NC HALIFAX	1900-01-01	2100-12-31					0	0	1		291
R	USA-CA	NC-HARNETT	NC,HARNETT|NC HARNETT	1900-01-01	2100-12-31					0	0	1		291
R	USA-CA	NC-HAYWOOD	NC,HAYWOOD|NC HAYWOOD	1900-01-01	2100-12-31					0	0	1		291
R	USA-CA	NC-HENDERSON	NC,HENDERSON|NC HENDERSON	1900-01-01	2100-12-31					0	0	1		291
R	USA-CA	NC-HERTFORD	NC,HERTFORD|NC HERTFORD	1900-01-01	2100-12-31					0	0	1		291
R	USA-CA	NC-HOKE	NC,HOKE|NC HOKE	1900-01-01	2100-12-31					0	0	1		291
R	USA-CA	NC-HYDE	NC,HYDE|NC HYDE	1900-01-01	2100-12-31					0	0	1		291
R	USA-CA	NC-IREDELL	NC,IREDELL|NC IREDELL	1900-01-01	2100-12-31					0	0	1		291
R	USA-CA	NC-JACKSON	NC,JACKSON|NC JACKSON	1900-01-01	2100-12-31					0	0	1		291
R	USA-CA	NC-JOHNSON	NC,JOHNSON|NC JOHNSON	1900-01-01	2100-12-31					0	0	1		291
R	USA-CA	NC-JONES	NC,JONES|NC JONES	1900-01-01	2100-12-31					0	0	1		291
R	USA-CA	NC-LEE	NC,LEE|NC LEE	1900-01-01	2100-12-31					0	0	1		291
R	USA-CA	NC-LENOIR	NC,LENOIR|NC LENOIR	1900-01-01	2100-12-31					0	0	1		291
R	USA-CA	NC-LINCOLN	NC,LINCOLN|NC LINCOLN	1900-01-01	2100-12-31					0	0	1		291
R	USA-CA	NC-MACON	NC,MACON|NC MACON	1900-01-01	2100-12-31					0	0	1		291
R	USA-CA	NC-MADISON	NC,MADISON|NC MADISON	1900-01-01	2100-12-31					0	0	1		291
R	USA-CA	NC-MARTIN	NC,MARTIN|NC MARTIN	1900-01-01	2100-12-31					0	0	1		291
R	USA-CA	NC-MCDOWELL	NC,MCDOWELL|NC MCDOWELL	1900-01-01	2100-12-31					0	0	1		291
R	USA-CA	NC-MECKLENBURG	NC,MECKLENBURG|NC MECKLENBURG	1900-01-01	2100-12-31					0	0	1		291
R	USA-CA	NC-MITCHELL	NC,MITCHELL|NC MITCHELL	1900-01-01	2100-12-31					0	0	1		291
R	USA-CA	NC-MONTGOMERY	NC,MONTGOMERY|NC MONTGOMERY	1900-01-01	2100-12-31					0	0	1		291
R	USA-CA	NC-MOORE	NC,MOORE|NC MOORE	1900-01-01	2100-12-31					0	0	1		291
R	USA-CA	NC-NASH	NC,NASH|NC NASH	1900-01-01	2100-12-31					0	0	1		291
R	USA-CA	NC-NEWHANOVER	NC,NEWHANOVER|NC NEWHANOVER	1900-01-01	2100-12-31					0	0	1		291
R	USA-CA	NC-NORTHAMPTON	NC,NORTHAMPTON|NC NORTHAMPTON	1900-01-01	2100-12-31					0	0	1		291
R	USA-CA	NC-ONSLOW	NC,ONSLOW|NC ONSLOW	1900-01-01	2100-12-31					0	0	1		291
R	USA-CA	NC-ORANGE	NC,ORANGE|NC ORANGE	1900-01-01	2100-12-31					0	0	1		291
R	USA-CA	NC-PAMLICO	NC,PAMLICO|NC PAMLICO	1900-01-01	2100-12-31					0	0	1		291
R	USA-CA	NC-PASCQUOTANK	NC,PASCQUOTANK|NC PASCQUOTANK	1900-01-01	2100-12-31					0	0	1		291
R	USA-CA	NC-PENDER	NC,PENDER|NC PENDER	1900-01-01	2100-12-31					0	0	1		291
R	USA-CA	NC-PERQUIMANS	NC,PERQUIMANS|NC PERQUIMANS	1900-01-01	2100-12-31					0	0	1		291
R	USA-CA	NC-PERSON	NC,PERSON|NC PERSON	1900-01-01	2100-12-31					0	0	1		291
R	USA-CA	NC-PITT	NC,PITT|NC PITT	1900-01-01	2100-12-31					0	0	1		291
R	USA-CA	NC-POLK	NC,POLK|NC POLK	1900-01-01	2100-12-31					0	0	1		291
R	USA-CA	NC-RANDOLPH	NC,RANDOLPH|NC RANDOLPH	1900-01-01	2100-12-31					0	0	1		291
R	USA-CA	NC-RICHMOND	NC,RICHMOND|NC RICHMOND	1900-01-01	2100-12-31					0	0	1		291
R	USA-CA	NC-ROBESON	NC,ROBESON|NC ROBESON	1900-01-01	2100-12-31					0	0	1		291
R	USA-CA	NC-ROCKINGHAM	NC,ROCKINGHAM|NC ROCKINGHAM	1900-01-01	2100-12-31					0	0	1		291
R	USA-CA	NC-ROWAN	NC,ROWAN|NC ROWAN	1900-01-01	2100-12-31					0	0	1		291
R	USA-CA	NC-RUTHERFORD	NC,RUTHERFORD|NC RUTHERFORD	1900-01-01	2100-12-31					0	0	1		291
R	USA-CA	NC-SAMPSON	NC,SAMPSON|NC SAMPSON	1900-01-01	2100-12-31					0	0	1		291
R	USA-CA	NC-SCOTLAND	NC,SCOTLAND|NC SCOTLAND	1900-01-01	2100-12-31					0	0	1		291
R	USA-CA	NC-STANLY	NC,STANLY|NC STANLY	1900-01-01	2100-12-31					0	0	1		291
R	USA-CA	NC-STOKES	NC,STOKES|NC STOKES	1900-01-01	2100-12-31					0	0	1		291
R	USA-CA	NC-SURRY	NC,SURRY|NC SURRY	1900-01-01	2100-12-31					0	0	1		291
R	USA-CA	NC-SWAIN	NC,SWAIN|NC SWAIN	1900-01-01	2100-12-31					0	0	1		291
R	USA-CA	NC-TRANSYLVANIA	NC,TRANSYLVANIA|NC TRANSYLVANIA	1900-01-01	2100-12-31					0	0	1		291
R	USA-CA	NC-TYRRELL	NC,TYRRELL|NC TYRRELL	1900-01-01	2100-12-31					0	0	1		291
R	USA-CA	NC-UNION	NC,UNION|NC UNION	1900-01-01	2100-12-31					0	0	1		291
R	USA-CA	NC-VANCE	NC,VANCE|NC VANCE	1900-01-01	2100-12-31					0	0	1		291
R	USA-CA	NC-WAKE	NC,WAKE|NC WAKE	1900-01-01	2100-12-31					0	0	1		291
R	USA-CA	NC-WARREN	NC,WARREN|NC WARREN	1900-01-01	2100-12-31					0	0	1		291
R	USA-CA	NC-WASHINGTON	NC,WASHINGTON|NC WASHINGTON	1900-01-01	2100-12-31					0	0	1		291
R	USA-CA	NC-WATAUGA	NC,WATAUGA|NC WATAUGA	1900-01-01	2100-12-31					0	0	1		291
R	USA-CA	NC-WAYNE	NC,WAYNE|NC WAYNE	1900-01-01	2100-12-31					0	0	1		291
R	USA-CA	NC-WILKES	NC,WILKES|NC WILKES	1900-01-01	2100-12-31					0	0	1		291
R	USA-CA	NC-WILSON	NC,WILSON|NC WILSON	1900-01-01	2100-12-31					0	0	1		291
R	USA-CA	NC-YADKIN	NC,YADKIN|NC YADKIN	1900-01-01	2100-12-31					0	0	1		291
R	USA-CA	NC-YANCEY	NC,YANCEY|NC YANCEY	1900-01-01	2100-12-31					0	0	1		291
R	USA-CA	ND-ADAMS	ND,ADAMS|ND ADAMS	1900-01-01	2100-12-31					0	0	1		291
R	USA-CA	ND-BARNES	ND,BARNES|ND BARNES	1900-01-01	2100-12-31					0	0	1		291
R	USA-CA	ND-BENSON	ND,BENSON|ND BENSON	1900-01-01	2100-12-31					0	0	1		291
R	USA-CA	ND-BILLINGS	ND,BILLINGS|ND BILLINGS	1900-01-01	2100-12-31					0	0	1		291
R	USA-CA	ND-BOTTINEAU	ND,BOTTINEAU|ND BOTTINEAU	1900-01-01	2100-12-31					0	0	1		291
R	USA-CA	ND-BOWMAN	ND,BOWMAN|ND BOWMAN	1900-01-01	2100-12-31					0	0	1		291
R	USA-CA	ND-BURKE	ND,BURKE|ND BURKE	1900-01-01	2100-12-31					0	0	1		291
R	USA-CA	ND-BURLEIGH	ND,BURLEIGH|ND BURLEIGH	1900-01-01	2100-12-31					0	0	1		291
R	USA-CA	ND-CASS	ND,CASS|ND CASS	1900-01-01	2100-12-31					0	0	1		291
R	USA-CA	ND-CAVALIER	ND,CAVALIER|ND CAVALIER	1900-01-01	2100-12-31					0	0	1		291
R	USA-CA	ND-DICKEY	ND,DICKEY|ND DICKEY	1900-01-01	2100-12-31					0	0	1		291
R	USA-CA	ND-DIVIDE	ND,DIVIDE|ND DIVIDE	1900-01-01	2100-12-31					0	0	1		291
R	USA-CA	ND-DUNN	ND,DUNN|ND DUNN	1900-01-01	2100-12-31					0	0	1		291
R	USA-CA	ND-EDDY	ND,EDDY|ND EDDY	1900-01-01	2100-12-31					0	0	1		291
R	USA-CA	ND-EMMONS	ND,EMMONS|ND EMMONS	1900-01-01	2100-12-31					0	0	1		291
R	USA-CA	ND-FOSTER	ND,FOSTER|ND FOSTER	1900-01-01	2100-12-31					0	0	1		291
R	USA-CA	ND-GOLDENVALLEY	ND,GOLDENVALLEY|ND GOLDENVALLEY	1900-01-01	2100-12-31					0	0	1		291
R	USA-CA	ND-GRANDFORKS	ND,GRANDFORKS|ND GRANDFORKS	1900-01-01	2100-12-31					0	0	1		291
R	USA-CA	ND-GRANT	ND,GRANT|ND GRANT	1900-01-01	2100-12-31					0	0	1		291
R	USA-CA	ND-GRIGGS	ND,GRIGGS|ND GRIGGS	1900-01-01	2100-12-31					0	0	1		291
R	USA-CA	ND-HETTINGER	ND,HETTINGER|ND HETTINGER	1900-01-01	2100-12-31					0	0	1		291
R	USA-CA	ND-KIDDER	ND,KIDDER|ND KIDDER	1900-01-01	2100-12-31					0	0	1		291
R	USA-CA	ND-LAMOURE	ND,LAMOURE|ND LAMOURE	1900-01-01	2100-12-31					0	0	1		291
R	USA-CA	ND-LOGAN	ND,LOGAN|ND LOGAN	1900-01-01	2100-12-31					0	0	1		291
R	USA-CA	ND-MCCLEAN	ND,MCCLEAN|ND MCCLEAN	1900-01-01	2100-12-31					0	0	1		291
R	USA-CA	ND-MCHENRY	ND,MCHENRY|ND MCHENRY	1900-01-01	2100-12-31					0	0	1		291
R	USA-CA	ND-MCINTOSH	ND,MCINTOSH|ND MCINTOSH	1900-01-01	2100-12-31					0	0	1		291
R	USA-CA	ND-MCKENZIE	ND,MCKENZIE|ND MCKENZIE	1900-01-01	2100-12-31					0	0	1		291
R	USA-CA	ND-MERCER	ND,MERCER|ND MERCER	1900-01-01	2100-12-31					0	0	1		291
R	USA-CA	ND-MORTON	ND,MORTON|ND MORTON	1900-01-01	2100-12-31					0	0	1		291
R	USA-CA	ND-MOUNTRAIL	ND,MOUNTRAIL|ND MOUNTRAIL	1900-01-01	2100-12-31					0	0	1		291
R	USA-CA	ND-NELSON	ND,NELSON|ND NELSON	1900-01-01	2100-12-31					0	0	1		291
R	USA-CA	ND-OLIVER	ND,OLIVER|ND OLIVER	1900-01-01	2100-12-31					0	0	1		291
R	USA-CA	ND-PEMBINA	ND,PEMBINA|ND PEMBINA	1900-01-01	2100-12-31					0	0	1		291
R	USA-CA	ND-PIERCE	ND,PIERCE|ND PIERCE	1900-01-01	2100-12-31					0	0	1		291
R	USA-CA	ND-RAMSEY	ND,RAMSEY|ND RAMSEY	1900-01-01	2100-12-31					0	0	1		291
R	USA-CA	ND-RANSOM	ND,RANSOM|ND RANSOM	1900-01-01	2100-12-31					0	0	1		291
R	USA-CA	ND-RENVILLE	ND,RENVILLE|ND RENVILLE	1900-01-01	2100-12-31					0	0	1		291
R	USA-CA	ND-RICHLAND	ND,RICHLAND|ND RICHLAND	1900-01-01	2100-12-31					0	0	1		291
R	USA-CA	ND-ROLETTE	ND,ROLETTE|ND ROLETTE	1900-01-01	2100-12-31					0	0	1		291
R	USA-CA	ND-SARGENT	ND,SARGENT|ND SARGENT	1900-01-01	2100-12-31					0	0	1		291
R	USA-CA	ND-SHERIDON	ND,SHERIDON|ND SHERIDON	1900-01-01	2100-12-31					0	0	1		291
R	USA-CA	ND-SIOUX	ND,SIOUX|ND SIOUX	1900-01-01	2100-12-31					0	0	1		291
R	USA-CA	ND-SLOPE	ND,SLOPE|ND SLOPE	1900-01-01	2100-12-31					0	0	1		291
R	USA-CA	ND-STARK	ND,STARK|ND STARK	1900-01-01	2100-12-31					0	0	1		291
R	USA-CA	ND-STEELE	ND,STEELE|ND STEELE	1900-01-01	2100-12-31					0	0	1		291
R	USA-CA	ND-STUTSMAN	ND,STUTSMAN|ND STUTSMAN	1900-01-01	2100-12-31					0	0	1		291
R	USA-CA	ND-TOWNER	ND,TOWNER|ND TOWNER	1900-01-01	2100-12-31					0	0	1		291
R	USA-CA	ND-TRAILL	ND,TRAILL|ND TRAILL	1900-01-01	2100-12-31					0	0	1		291
R	USA-CA	ND-WALSH	ND,WALSH|ND WALSH	1900-01-01	2100-12-31					0	0	1		291
R	USA-CA	ND-WARD	ND,WARD|ND WARD	1900-01-01	2100-12-31					0	0	1		291
R	USA-CA	ND-WELLS	ND,WELLS|ND WELLS	1900-01-01	2100-12-31					0	0	1		291
R	USA-CA	ND-WILLIAMS	ND,WILLIAMS|ND WILLIAMS	1900-01-01	2100-12-31					0	0	1		291
R	USA-CA	NE-ADAMS	NE,ADAMS|NE ADAMS	1900-01-01	2100-12-31					0	0	1		291
R	USA-CA	NE-ANTELOPE	NE,ANTELOPE|NE ANTELOPE	1900-01-01	2100-12-31					0	0	1		291
R	USA-CA	NE-ARTHUR	NE,ARTHUR|NE ARTHUR	1900-01-01	2100-12-31					0	0	1		291
R	USA-CA	NE-BANNER	NE,BANNER|NE BANNER	1900-01-01	2100-12-31					0	0	1		291
R	USA-CA	NE-BLAINE	NE,BLAINE|NE BLAINE	1900-01-01	2100-12-31					0	0	1		291
R	USA-CA	NE-BOONE	NE,BOONE|NE BOONE	1900-01-01	2100-12-31					0	0	1		291
R	USA-CA	NE-BOXBUTTE	NE,BOXBUTTE|NE BOXBUTTE	1900-01-01	2100-12-31					0	0	1		291
R	USA-CA	NE-BOYD	NE,BOYD|NE BOYD	1900-01-01	2100-12-31					0	0	1		291
R	USA-CA	NE-BROWN	NE,BROWN|NE BROWN	1900-01-01	2100-12-31					0	0	1		291
R	USA-CA	NE-BUFFALO	NE,BUFFALO|NE BUFFALO	1900-01-01	2100-12-31					0	0	1		291
R	USA-CA	NE-BURT	NE,BURT|NE BURT	1900-01-01	2100-12-31					0	0	1		291
R	USA-CA	NE-BUTLER	NE,BUTLER|NE BUTLER	1900-01-01	2100-12-31					0	0	1		291
R	USA-CA	NE-CASS	NE,CASS|NE CASS	1900-01-01	2100-12-31					0	0	1		291
R	USA-CA	NE-CEDAR	NE,CEDAR|NE CEDAR	1900-01-01	2100-12-31					0	0	1		291
R	USA-CA	NE-CHASE	NE,CHASE|NE CHASE	1900-01-01	2100-12-31					0	0	1		291
R	USA-CA	NE-CHERRY	NE,CHERRY|NE CHERRY	1900-01-01	2100-12-31					0	0	1		291
R	USA-CA	NE-CHEYENNE	NE,CHEYENNE|NE CHEYENNE	1900-01-01	2100-12-31					0	0	1		291
R	USA-CA	NE-CLAY	NE,CLAY|NE CLAY	1900-01-01	2100-12-31					0	0	1		291
R	USA-CA	NE-COLFAX	NE,COLFAX|NE COLFAX	1900-01-01	2100-12-31					0	0	1		291
R	USA-CA	NE-CUMING	NE,CUMING|NE CUMING	1900-01-01	2100-12-31					0	0	1		291
R	USA-CA	NE-CUSTER	NE,CUSTER|NE CUSTER	1900-01-01	2100-12-31					0	0	1		291
R	USA-CA	NE-DAKOTA	NE,DAKOTA|NE DAKOTA	1900-01-01	2100-12-31					0	0	1		291
R	USA-CA	NE-DAWES	NE,DAWES|NE DAWES	1900-01-01	2100-12-31					0	0	1		291
R	USA-CA	NE-DAWSON	NE,DAWSON|NE DAWSON	1900-01-01	2100-12-31					0	0	1		291
R	USA-CA	NE-DEUEL	NE,DEUEL|NE DEUEL	1900-01-01	2100-12-31					0	0	1		291
R	USA-CA	NE-DIXON	NE,DIXON|NE DIXON	1900-01-01	2100-12-31					0	0	1		291
R	USA-CA	NE-DODGE	NE,DODGE|NE DODGE	1900-01-01	2100-12-31					0	0	1		291
R	USA-CA	NE-DOUGLAS	NE,DOUGLAS|NE DOUGLAS	1900-01-01	2100-12-31					0	0	1		291
R	USA-CA	NE-DUNDY	NE,DUNDY|NE DUNDY	1900-01-01	2100-12-31					0	0	1		291
R	USA-CA	NE-FILLMORE	NE,FILLMORE|NE FILLMORE	1900-01-01	2100-12-31					0	0	1		291
R	USA-CA	NE-FRANKLIN	NE,FRANKLIN|NE FRANKLIN	1900-01-01	2100-12-31					0	0	1		291
R	USA-CA	NE-FRONTIER	NE,FRONTIER|NE FRONTIER	1900-01-01	2100-12-31					0	0	1		291
R	USA-CA	NE-FURNAS	NE,FURNAS|NE FURNAS	1900-01-01	2100-12-31					0	0	1		291
R	USA-CA	NE-GAGE	NE,GAGE|NE GAGE	1900-01-01	2100-12-31					0	0	1		291
R	USA-CA	NE-GARDEN	NE,GARDEN|NE GARDEN	1900-01-01	2100-12-31					0	0	1		291
R	USA-CA	NE-GARFIELD	NE,GARFIELD|NE GARFIELD	1900-01-01	2100-12-31					0	0	1		291
R	USA-CA	NE-GOSPER	NE,GOSPER|NE GOSPER	1900-01-01	2100-12-31					0	0	1		291
R	USA-CA	NE-GRANT	NE,GRANT|NE GRANT	1900-01-01	2100-12-31					0	0	1		291
R	USA-CA	NE-GREELEY	NE,GREELEY|NE GREELEY	1900-01-01	2100-12-31					0	0	1		291
R	USA-CA	NE-HALL	NE,HALL|NE HALL	1900-01-01	2100-12-31					0	0	1		291
R	USA-CA	NE-HAMILTON	NE,HAMILTON|NE HAMILTON	1900-01-01	2100-12-31					0	0	1		291
R	USA-CA	NE-HARLAN	NE,HARLAN|NE HARLAN	1900-01-01	2100-12-31					0	0	1		291
R	USA-CA	NE-HAYES	NE,HAYES|NE HAYES	1900-01-01	2100-12-31					0	0	1		291
R	USA-CA	NE-HITCHCOCK	NE,HITCHCOCK|NE HITCHCOCK	1900-01-01	2100-12-31					0	0	1		291
R	USA-CA	NE-HOLT	NE,HOLT|NE HOLT	1900-01-01	2100-12-31					0	0	1		291
R	USA-CA	NE-HOOKER	NE,HOOKER|NE HOOKER	1900-01-01	2100-12-31					0	0	1		291
R	USA-CA	NE-HOWARD	NE,HOWARD|NE HOWARD	1900-01-01	2100-12-31					0	0	1		291
R	USA-CA	NE-JEFFERSON	NE,JEFFERSON|NE JEFFERSON	1900-01-01	2100-12-31					0	0	1		291
R	USA-CA	NE-JOHNSON	NE,JOHNSON|NE JOHNSON	1900-01-01	2100-12-31					0	0	1		291
R	USA-CA	NE-KEARNEY	NE,KEARNEY|NE KEARNEY	1900-01-01	2100-12-31					0	0	1		291
R	USA-CA	NE-KEITH	NE,KEITH|NE KEITH	1900-01-01	2100-12-31					0	0	1		291
R	USA-CA	NE-KEYAPAHA	NE,KEYAPAHA|NE KEYAPAHA	1900-01-01	2100-12-31					0	0	1		291
R	USA-CA	NE-KIMBALL	NE,KIMBALL|NE KIMBALL	1900-01-01	2100-12-31					0	0	1		291
R	USA-CA	NE-KNOX	NE,KNOX|NE KNOX	1900-01-01	2100-12-31					0	0	1		291
R	USA-CA	NE-LANCASTER	NE,LANCASTER|NE LANCASTER	1900-01-01	2100-12-31					0	0	1		291
R	USA-CA	NE-LINCOLN	NE,LINCOLN|NE LINCOLN	1900-01-01	2100-12-31					0	0	1		291
R	USA-CA	NE-LOGAN	NE,LOGAN|NE LOGAN	1900-01-01	2100-12-31					0	0	1		291
R	USA-CA	NE-LOUP	NE,LOUP|NE LOUP	1900-01-01	2100-12-31					0	0	1		291
R	USA-CA	NE-MADISON	NE,MADISON|NE MADISON	1900-01-01	2100-12-31					0	0	1		291
R	USA-CA	NE-MCPHERSON	NE,MCPHERSON|NE MCPHERSON	1900-01-01	2100-12-31					0	0	1		291
R	USA-CA	NE-MERRISK	NE,MERRISK|NE MERRISK	1900-01-01	2100-12-31					0	0	1		291
R	USA-CA	NE-MORRILL	NE,MORRILL|NE MORRILL	1900-01-01	2100-12-31					0	0	1		291
R	USA-CA	NE-NANCE	NE,NANCE|NE NANCE	1900-01-01	2100-12-31					0	0	1		291
R	USA-CA	NE-NEMAHA	NE,NEMAHA|NE NEMAHA	1900-01-01	2100-12-31					0	0	1		291
R	USA-CA	NE-NUCKOLLS	NE,NUCKOLLS|NE NUCKOLLS	1900-01-01	2100-12-31					0	0	1		291
R	USA-CA	NE-OTOE	NE,OTOE|NE OTOE	1900-01-01	2100-12-31					0	0	1		291
R	USA-CA	NE-PAWNEE	NE,PAWNEE|NE PAWNEE	1900-01-01	2100-12-31					0	0	1		291
R	USA-CA	NE-PERKINS	NE,PERKINS|NE PERKINS	1900-01-01	2100-12-31					0	0	1		291
R	USA-CA	NE-PHELPS	NE,PHELPS|NE PHELPS	1900-01-01	2100-12-31					0	0	1		291
R	USA-CA	NE-PIERCE	NE,PIERCE|NE PIERCE	1900-01-01	2100-12-31					0	0	1		291
R	USA-CA	NE-PLATTE	NE,PLATTE|NE PLATTE	1900-01-01	2100-12-31					0	0	1		291
R	USA-CA	NE-POLK	NE,POLK|NE POLK	1900-01-01	2100-12-31					0	0	1		291
R	USA-CA	NE-REDWILLOW	NE,REDWILLOW|NE REDWILLOW	1900-01-01	2100-12-31					0	0	1		291
R	USA-CA	NE-RICHARDSON	NE,RICHARDSON|NE RICHARDSON	1900-01-01	2100-12-31					0	0	1		291
R	USA-CA	NE-ROCK	NE,ROCK|NE ROCK	1900-01-01	2100-12-31					0	0	1		291
R	USA-CA	NE-SALINE	NE,SALINE|NE SALINE	1900-01-01	2100-12-31					0	0	1		291
R	USA-CA	NE-SARPY	NE,SARPY|NE SARPY	1900-01-01	2100-12-31					0	0	1		291
R	USA-CA	NE-SAUNDERS	NE,SAUNDERS|NE SAUNDERS	1900-01-01	2100-12-31					0	0	1		291
R	USA-CA	NE-SCOTTSBLUFF	NE,SCOTTSBLUFF|NE SCOTTSBLUFF	1900-01-01	2100-12-31					0	0	1		291
R	USA-CA	NE-SEWARD	NE,SEWARD|NE SEWARD	1900-01-01	2100-12-31					0	0	1		291
R	USA-CA	NE-SHERIDAN	NE,SHERIDAN|NE SHERIDAN	1900-01-01	2100-12-31					0	0	1		291
R	USA-CA	NE-SHERMAN	NE,SHERMAN|NE SHERMAN	1900-01-01	2100-12-31					0	0	1		291
R	USA-CA	NE-SIOUX	NE,SIOUX|NE SIOUX	1900-01-01	2100-12-31					0	0	1		291
R	USA-CA	NE-STANTON	NE,STANTON|NE STANTON	1900-01-01	2100-12-31					0	0	1		291
R	USA-CA	NE-THAYER	NE,THAYER|NE THAYER	1900-01-01	2100-12-31					0	0	1		291
R	USA-CA	NE-THOMAS	NE,THOMAS|NE THOMAS	1900-01-01	2100-12-31					0	0	1		291
R	USA-CA	NE-THURSTON	NE,THURSTON|NE THURSTON	1900-01-01	2100-12-31					0	0	1		291
R	USA-CA	NE-VALLEY	NE,VALLEY|NE VALLEY	1900-01-01	2100-12-31					0	0	1		291
R	USA-CA	NE-WASHINGTON	NE,WASHINGTON|NE WASHINGTON	1900-01-01	2100-12-31					0	0	1		291
R	USA-CA	NE-WAYNE	NE,WAYNE|NE WAYNE	1900-01-01	2100-12-31					0	0	1		291
R	USA-CA	NE-WEBSTER	NE,WEBSTER|NE WEBSTER	1900-01-01	2100-12-31					0	0	1		291
R	USA-CA	NE-WHEELER	NE,WHEELER|NE WHEELER	1900-01-01	2100-12-31					0	0	1		291
R	USA-CA	NE-YORK	NE,YORK|NE YORK	1900-01-01	2100-12-31					0	0	1		291
R	USA-CA	NH-BELKNAP	NH,BELKNAP|NH BELKNAP	1900-01-01	2100-12-31					0	0	1		291
R	USA-CA	NH-CARROLL	NH,CARROLL|NH CARROLL	1900-01-01	2100-12-31					0	0	1		291
R	USA-CA	NH-CHESHIRE	NH,CHESHIRE|NH CHESHIRE	1900-01-01	2100-12-31					0	0	1		291
R	USA-CA	NH-COOS	NH,COOS|NH COOS	1900-01-01	2100-12-31					0	0	1		291
R	USA-CA	NH-GRAFTON	NH,GRAFTON|NH GRAFTON	1900-01-01	2100-12-31					0	0	1		291
R	USA-CA	NH-HILLSBOROUGH	NH,HILLSBOROUGH|NH HILLSBOROUGH	1900-01-01	2100-12-31					0	0	1		291
R	USA-CA	NH-MERRIMACK	NH,MERRIMACK|NH MERRIMACK	1900-01-01	2100-12-31					0	0	1		291
R	USA-CA	NH-ROCKINGHAM	NH,ROCKINGHAM|NH ROCKINGHAM	1900-01-01	2100-12-31					0	0	1		291
R	USA-CA	NH-STRAFFORD	NH,STRAFFORD|NH STRAFFORD	1900-01-01	2100-12-31					0	0	1		291
R	USA-CA	NH-SULLIVAN	NH,SULLIVAN|NH SULLIVAN	1900-01-01	2100-12-31					0	0	1		291
R	USA-CA	NJ-ATLANTIC	NJ,ATLANTIC|NJ ATLANTIC	1900-01-01	2100-12-31					0	0	1		291
R	USA-CA	NJ-BERGEN	NJ,BERGEN|NJ BERGEN	1900-01-01	2100-12-31					0	0	1		291
R	USA-CA	NJ-BURLINGTON	NJ,BURLINGTON|NJ BURLINGTON	1900-01-01	2100-12-31					0	0	1		291
R	USA-CA	NJ-CAMDEN	NJ,CAMDEN|NJ CAMDEN	1900-01-01	2100-12-31					0	0	1		291
R	USA-CA	NJ-CAPEMAY	NJ,CAPEMAY|NJ CAPEMAY	1900-01-01	2100-12-31					0	0	1		291
R	USA-CA	NJ-CUMBERLAND	NJ,CUMBERLAND|NJ CUMBERLAND	1900-01-01	2100-12-31					0	0	1		291
R	USA-CA	NJ-ESSEX	NJ,ESSEX|NJ ESSEX	1900-01-01	2100-12-31					0	0	1		291
R	USA-CA	NJ-GLOUCESTER	NJ,GLOUCESTER|NJ GLOUCESTER	1900-01-01	2100-12-31					0	0	1		291
R	USA-CA	NJ-HUDSON	NJ,HUDSON|NJ HUDSON	1900-01-01	2100-12-31					0	0	1		291
R	USA-CA	NJ-HUNTERDON	NJ,HUNTERDON|NJ HUNTERDON	1900-01-01	2100-12-31					0	0	1		291
R	USA-CA	NJ-MERCER	NJ,MERCER|NJ MERCER	1900-01-01	2100-12-31					0	0	1		291
R	USA-CA	NJ-MIDDLESEX	NJ,MIDDLESEX|NJ MIDDLESEX	1900-01-01	2100-12-31					0	0	1		291
R	USA-CA	NJ-MONMOUTH	NJ,MONMOUTH|NJ MONMOUTH	1900-01-01	2100-12-31					0	0	1		291
R	USA-CA	NJ-MORRIS	NJ,MORRIS|NJ MORRIS	1900-01-01	2100-12-31					0	0	1		291
R	USA-CA	NJ-OCEAN	NJ,OCEAN|NJ OCEAN	1900-01-01	2100-12-31					0	0	1		291
R	USA-CA	NJ-PASSAIC	NJ,PASSAIC|NJ PASSAIC	1900-01-01	2100-12-31					0	0	1		291
R	USA-CA	NJ-SALEM	NJ,SALEM|NJ SALEM	1900-01-01	2100-12-31					0	0	1		291
R	USA-CA	NJ-SOMERSET	NJ,SOMERSET|NJ SOMERSET	1900-01-01	2100-12-31					0	0	1		291
R	USA-CA	NJ-SUSSEX	NJ,SUSSEX|NJ SUSSEX	1900-01-01	2100-12-31					0	0	1		291
R	USA-CA	NJ-UNION	NJ,UNION|NJ UNION	1900-01-01	2100-12-31					0	0	1		291
R	USA-CA	NJ-WARREN	NJ,WARREN|NJ WARREN	1900-01-01	2100-12-31					0	0	1		291
R	USA-CA	NM-BERNALILLO	NM,BERNALILLO|NM BERNALILLO	1900-01-01	2100-12-31					0	0	1		291
R	USA-CA	NM-CATRON	NM,CATRON|NM CATRON	1900-01-01	2100-12-31					0	0	1		291
R	USA-CA	NM-CHAVES	NM,CHAVES|NM CHAVES	1900-01-01	2100-12-31					0	0	1		291
R	USA-CA	NM-CIBOLA	NM,CIBOLA|NM CIBOLA	1900-01-01	2100-12-31					0	0	1		291
R	USA-CA	NM-COLFAX	NM,COLFAX|NM COLFAX	1900-01-01	2100-12-31					0	0	1		291
R	USA-CA	NM-CURRY	NM,CURRY|NM CURRY	1900-01-01	2100-12-31					0	0	1		291
R	USA-CA	NM-DEBACA	NM,DEBACA|NM DEBACA	1900-01-01	2100-12-31					0	0	1		291
R	USA-CA	NM-DONAANA	NM,DONAANA|NM DONAANA	1900-01-01	2100-12-31					0	0	1		291
R	USA-CA	NM-EDDY	NM,EDDY|NM EDDY	1900-01-01	2100-12-31					0	0	1		291
R	USA-CA	NM-GRANT	NM,GRANT|NM GRANT	1900-01-01	2100-12-31					0	0	1		291
R	USA-CA	NM-GUADALUPE	NM,GUADALUPE|NM GUADALUPE	1900-01-01	2100-12-31					0	0	1		291
R	USA-CA	NM-HARDING	NM,HARDING|NM HARDING	1900-01-01	2100-12-31					0	0	1		291
R	USA-CA	NM-HIDALGO	NM,HIDALGO|NM HIDALGO	1900-01-01	2100-12-31					0	0	1		291
R	USA-CA	NM-LEA	NM,LEA|NM LEA	1900-01-01	2100-12-31					0	0	1		291
R	USA-CA	NM-LINCOLN	NM,LINCOLN|NM LINCOLN	1900-01-01	2100-12-31					0	0	1		291
R	USA-CA	NM-LOSALAMOS	NM,LOSALAMOS|NM LOSALAMOS	1900-01-01	2100-12-31					0	0	1		291
R	USA-CA	NM-LUNA	NM,LUNA|NM LUNA	1900-01-01	2100-12-31					0	0	1		291
R	USA-CA	NM-MCKINLEY	NM,MCKINLEY|NM MCKINLEY	1900-01-01	2100-12-31					0	0	1		291
R	USA-CA	NM-MORA	NM,MORA|NM MORA	1900-01-01	2100-12-31					0	0	1		291
R	USA-CA	NM-OTERO	NM,OTERO|NM OTERO	1900-01-01	2100-12-31					0	0	1		291
R	USA-CA	NM-QUAY	NM,QUAY|NM QUAY	1900-01-01	2100-12-31					0	0	1		291
R	USA-CA	NM-RIOARRIBA	NM,RIOARRIBA|NM RIOARRIBA	1900-01-01	2100-12-31					0	0	1		291
R	USA-CA	NM-ROOSEVELT	NM,ROOSEVELT|NM ROOSEVELT	1900-01-01	2100-12-31					0	0	1		291
R	USA-CA	NM-SANDOVAL	NM,SANDOVAL|NM SANDOVAL	1900-01-01	2100-12-31					0	0	1		291
R	USA-CA	NM-SANJUAN	NM,SANJUAN|NM SANJUAN	1900-01-01	2100-12-31					0	0	1		291
R	USA-CA	NM-SANMIGUEL	NM,SANMIGUEL|NM SANMIGUEL	1900-01-01	2100-12-31					0	0	1		291
R	USA-CA	NM-SANTAFE	NM,SANTAFE|NM SANTAFE	1900-01-01	2100-12-31					0	0	1		291
R	USA-CA	NM-SIERRA	NM,SIERRA|NM SIERRA	1900-01-01	2100-12-31					0	0	1		291
R	USA-CA	NM-SOCORRO	NM,SOCORRO|NM SOCORRO	1900-01-01	2100-12-31					0	0	1		291
R	USA-CA	NM-TAOS	NM,TAOS|NM TAOS	1900-01-01	2100-12-31					0	0	1		291
R	USA-CA	NM-TORRANCE	NM,TORRANCE|NM TORRANCE	1900-01-01	2100-12-31					0	0	1		291
R	USA-CA	NM-UNION	NM,UNION|NM UNION	1900-01-01	2100-12-31					0	0	1		291
R	USA-CA	NM-VALENCIA	NM,VALENCIA|NM VALENCIA	1900-01-01	2100-12-31					0	0	1		291
R	USA-CA	NV-CHURCHILL	NV,CHURCHILL|NV CHURCHILL	1900-01-01	2100-12-31					0	0	1		291
R	USA-CA	NV-CLARK	NV,CLARK|NV CLARK	1900-01-01	2100-12-31					0	0	1		291
R	USA-CA	NV-DOUGLAS	NV,DOUGLAS|NV DOUGLAS	1900-01-01	2100-12-31					0	0	1		291
R	USA-CA	NV-ELKA	NV,ELKA|NV ELKA	1900-01-01	2100-12-31					0	0	1		291
R	USA-CA	NV-ESMERALDA	NV,ESMERALDA|NV ESMERALDA	1900-01-01	2100-12-31					0	0	1		291
R	USA-CA	NV-EUREKA	NV,EUREKA|NV EUREKA	1900-01-01	2100-12-31					0	0	1		291
R	USA-CA	NV-HUMBOLDT	NV,HUMBOLDT|NV HUMBOLDT	1900-01-01	2100-12-31					0	0	1		291
R	USA-CA	NV-LANDER	NV,LANDER|NV LANDER	1900-01-01	2100-12-31					0	0	1		291
R	USA-CA	NV-LINCOLN	NV,LINCOLN|NV LINCOLN	1900-01-01	2100-12-31					0	0	1		291
R	USA-CA	NV-LYON	NV,LYON|NV LYON	1900-01-01	2100-12-31					0	0	1		291
R	USA-CA	NV-MINERAL	NV,MINERAL|NV MINERAL	1900-01-01	2100-12-31					0	0	1		291
R	USA-CA	NV-NYE	NV,NYE|NV NYE	1900-01-01	2100-12-31					0	0	1		291
R	USA-CA	NV-PERSHING	NV,PERSHING|NV PERSHING	1900-01-01	2100-12-31					0	0	1		291
R	USA-CA	NV-STOREY	NV,STOREY|NV STOREY	1900-01-01	2100-12-31					0	0	1		291
R	USA-CA	NV-WASHOE	NV,WASHOE|NV WASHOE	1900-01-01	2100-12-31					0	0	1		291
R	USA-CA	NV-WHITEPINE	NV,WHITEPINE|NV WHITEPINE	1900-01-01	2100-12-31					0	0	1		291
R	USA-CA	NY-ALBANY	NY,ALBANY|NY ALBANY	1900-01-01	2100-12-31					0	0	1		291
R	USA-CA	NY-ALLEGANY	NY,ALLEGANY|NY ALLEGANY	1900-01-01	2100-12-31					0	0	1		291
R	USA-CA	NY-BRONX	NY,BRONX|NY BRONX	1900-01-01	2100-12-31					0	0	1		291
R	USA-CA	NY-BROOME	NY,BROOME|NY BROOME	1900-01-01	2100-12-31					0	0	1		291
R	USA-CA	NY-CATTARAUGUS	NY,CATTARAUGUS|NY CATTARAUGUS	1900-01-01	2100-12-31					0	0	1		291
R	USA-CA	NY-CAYUGA	NY,CAYUGA|NY CAYUGA	1900-01-01	2100-12-31					0	0	1		291
R	USA-CA	NY-CHAUTAUQUA	NY,CHAUTAUQUA|NY CHAUTAUQUA	1900-01-01	2100-12-31					0	0	1		291
R	USA-CA	NY-CHEMUNG	NY,CHEMUNG|NY CHEMUNG	1900-01-01	2100-12-31					0	0	1		291
R	USA-CA	NY-CHENANGO	NY,CHENANGO|NY CHENANGO	1900-01-01	2100-12-31					0	0	1		291
R	USA-CA	NY-CLINTON	NY,CLINTON|NY CLINTON	1900-01-01	2100-12-31					0	0	1		291
R	USA-CA	NY-COLUMBIA	NY,COLUMBIA|NY COLUMBIA	1900-01-01	2100-12-31					0	0	1		291
R	USA-CA	NY-CORTLAND	NY,CORTLAND|NY CORTLAND	1900-01-01	2100-12-31					0	0	1		291
R	USA-CA	NY-DELAWARE	NY,DELAWARE|NY DELAWARE	1900-01-01	2100-12-31					0	0	1		291
R	USA-CA	NY-DUTCHESS	NY,DUTCHESS|NY DUTCHESS	1900-01-01	2100-12-31					0	0	1		291
R	USA-CA	NY-ERIE	NY,ERIE|NY ERIE	1900-01-01	2100-12-31					0	0	1		291
R	USA-CA	NY-ESSEX	NY,ESSEX|NY ESSEX	1900-01-01	2100-12-31					0	0	1		291
R	USA-CA	NY-FRANKLIN	NY,FRANKLIN|NY FRANKLIN	1900-01-01	2100-12-31					0	0	1		291
R	USA-CA	NY-FULTON	NY,FULTON|NY FULTON	1900-01-01	2100-12-31					0	0	1		291
R	USA-CA	NY-GENESEE	NY,GENESEE|NY GENESEE	1900-01-01	2100-12-31					0	0	1		291
R	USA-CA	NY-GREENE	NY,GREENE|NY GREENE	1900-01-01	2100-12-31					0	0	1		291
R	USA-CA	NY-HAMILTON	NY,HAMILTON|NY HAMILTON	1900-01-01	2100-12-31					0	0	1		291
R	USA-CA	NY-HERKIMER	NY,HERKIMER|NY HERKIMER	1900-01-01	2100-12-31					0	0	1		291
R	USA-CA	NY-JEFFERSON	NY,JEFFERSON|NY JEFFERSON	1900-01-01	2100-12-31					0	0	1		291
R	USA-CA	NY-KINGS	NY,KINGS|NY KINGS	1900-01-01	2100-12-31					0	0	1		291
R	USA-CA	NY-LEWIS	NY,LEWIS|NY LEWIS	1900-01-01	2100-12-31					0	0	1		291
R	USA-CA	NY-LIVINGSTON	NY,LIVINGSTON|NY LIVINGSTON	1900-01-01	2100-12-31					0	0	1		291
R	USA-CA	NY-MADISON	NY,MADISON|NY MADISON	1900-01-01	2100-12-31					0	0	1		291
R	USA-CA	NY-MONROE	NY,MONROE|NY MONROE	1900-01-01	2100-12-31					0	0	1		291
R	USA-CA	NY-MONTGOMERY	NY,MONTGOMERY|NY MONTGOMERY	1900-01-01	2100-12-31					0	0	1		291
R	USA-CA	NY-NASSAU	NY,NASSAU|NY NASSAU	1900-01-01	2100-12-31					0	0	1		291
R	USA-CA	NY-NEWYORK	NY,NEWYORK|NY NEWYORK	1900-01-01	2100-12-31					0	0	1		291
R	USA-CA	NY-NIAGARA	NY,NIAGARA|NY NIAGARA	1900-01-01	2100-12-31					0	0	1		291
R	USA-CA	NY-ONEIDA	NY,ONEIDA|NY ONEIDA	1900-01-01	2100-12-31					0	0	1		291
R	USA-CA	NY-ONONDAGA	NY,ONONDAGA|NY ONONDAGA	1900-01-01	2100-12-31					0	0	1		291
R	USA-CA	NY-ONTARIO	NY,ONTARIO|NY ONTARIO	1900-01-01	2100-12-31					0	0	1		291
R	USA-CA	NY-ORANGE	NY,ORANGE|NY ORANGE	1900-01-01	2100-12-31					0	0	1		291
R	USA-CA	NY-ORLEANS	NY,ORLEANS|NY ORLEANS	1900-01-01	2100-12-31					0	0	1		291
R	USA-CA	NY-OSWEGO	NY,OSWEGO|NY OSWEGO	1900-01-01	2100-12-31					0	0	1		291
R	USA-CA	NY-OTSEGO	NY,OTSEGO|NY OTSEGO	1900-01-01	2100-12-31					0	0	1		291
R	USA-CA	NY-PUTNAM	NY,PUTNAM|NY PUTNAM	1900-01-01	2100-12-31					0	0	1		291
R	USA-CA	NY-QUEENS	NY,QUEENS|NY QUEENS	1900-01-01	2100-12-31					0	0	1		291
R	USA-CA	NY-RENSSELAER	NY,RENSSELAER|NY RENSSELAER	1900-01-01	2100-12-31					0	0	1		291
R	USA-CA	NY-RICHMOND	NY,RICHMOND|NY RICHMOND	1900-01-01	2100-12-31					0	0	1		291
R	USA-CA	NY-ROCKLAND	NY,ROCKLAND|NY ROCKLAND	1900-01-01	2100-12-31					0	0	1		291
R	USA-CA	NY-SARATOGA	NY,SARATOGA|NY SARATOGA	1900-01-01	2100-12-31					0	0	1		291
R	USA-CA	NY-SCHENECTADY	NY,SCHENECTADY|NY SCHENECTADY	1900-01-01	2100-12-31					0	0	1		291
R	USA-CA	NY-SCHOHARIE	NY,SCHOHARIE|NY SCHOHARIE	1900-01-01	2100-12-31					0	0	1		291
R	USA-CA	NY-SCHUYLER	NY,SCHUYLER|NY SCHUYLER	1900-01-01	2100-12-31					0	0	1		291
R	USA-CA	NY-SENECA	NY,SENECA|NY SENECA	1900-01-01	2100-12-31					0	0	1		291
R	USA-CA	NY-ST.LAWRENCE	NY,ST.LAWRENCE|NY ST.LAWRENCE	1900-01-01	2100-12-31					0	0	1		291
R	USA-CA	NY-STEUBEN	NY,STEUBEN|NY STEUBEN	1900-01-01	2100-12-31					0	0	1		291
R	USA-CA	NY-SUFFOLK	NY,SUFFOLK|NY SUFFOLK	1900-01-01	2100-12-31					0	0	1		291
R	USA-CA	NY-SULLIVAN	NY,SULLIVAN|NY SULLIVAN	1900-01-01	2100-12-31					0	0	1		291
R	USA-CA	NY-TIOGA	NY,TIOGA|NY TIOGA	1900-01-01	2100-12-31					0	0	1		291
R	USA-CA	NY-TOMPKINS	NY,TOMPKINS|NY TOMPKINS	1900-01-01	2100-12-31					0	0	1		291
R	USA-CA	NY-ULSTER	NY,ULSTER|NY ULSTER	1900-01-01	2100-12-31					0	0	1		291
R	USA-CA	NY-WARREN	NY,WARREN|NY WARREN	1900-01-01	2100-12-31					0	0	1		291
R	USA-CA	NY-WASHINGTON	NY,WASHINGTON|NY WASHINGTON	1900-01-01	2100-12-31					0	0	1		291
R	USA-CA	NY-WAYNE	NY,WAYNE|NY WAYNE	1900-01-01	2100-12-31					0	0	1		291
R	USA-CA	NY-WESTCHESTER	NY,WESTCHESTER|NY WESTCHESTER	1900-01-01	2100-12-31					0	0	1		291
R	USA-CA	NY-WYOMING	NY,WYOMING|NY WYOMING	1900-01-01	2100-12-31					0	0	1		291
R	USA-CA	NY-YATES	NY,YATES|NY YATES	1900-01-01	2100-12-31					0	0	1		291
R	USA-CA	OH-ADAMS	OH,ADAMS|OH ADAMS	1900-01-01	2100-12-31					0	0	1		291
R	USA-CA	OH-ALLEN	OH,ALLEN|OH ALLEN	1900-01-01	2100-12-31					0	0	1		291
R	USA-CA	OH-ASHLAND	OH,ASHLAND|OH ASHLAND	1900-01-01	2100-12-31					0	0	1		291
R	USA-CA	OH-ASHTABULA	OH,ASHTABULA|OH ASHTABULA	1900-01-01	2100-12-31					0	0	1		291
R	USA-CA	OH-ATHENS	OH,ATHENS|OH ATHENS	1900-01-01	2100-12-31					0	0	1		291
R	USA-CA	OH-AUGLAIZE	OH,AUGLAIZE|OH AUGLAIZE	1900-01-01	2100-12-31					0	0	1		291
R	USA-CA	OH-BELMONT	OH,BELMONT|OH BELMONT	1900-01-01	2100-12-31					0	0	1		291
R	USA-CA	OH-BROWN	OH,BROWN|OH BROWN	1900-01-01	2100-12-31					0	0	1		291
R	USA-CA	OH-BUTLER	OH,BUTLER|OH BUTLER	1900-01-01	2100-12-31					0	0	1		291
R	USA-CA	OH-CARROLL	OH,CARROLL|OH CARROLL	1900-01-01	2100-12-31					0	0	1		291
R	USA-CA	OH-CHAMPAIGN	OH,CHAMPAIGN|OH CHAMPAIGN	1900-01-01	2100-12-31					0	0	1		291
R	USA-CA	OH-CLARK	OH,CLARK|OH CLARK	1900-01-01	2100-12-31					0	0	1		291
R	USA-CA	OH-CLERMONT	OH,CLERMONT|OH CLERMONT	1900-01-01	2100-12-31					0	0	1		291
R	USA-CA	OH-CLINTON	OH,CLINTON|OH CLINTON	1900-01-01	2100-12-31					0	0	1		291
R	USA-CA	OH-COLUMBIANA	OH,COLUMBIANA|OH COLUMBIANA	1900-01-01	2100-12-31					0	0	1		291
R	USA-CA	OH-COSHOCTON	OH,COSHOCTON|OH COSHOCTON	1900-01-01	2100-12-31					0	0	1		291
R	USA-CA	OH-CRAWFORD	OH,CRAWFORD|OH CRAWFORD	1900-01-01	2100-12-31					0	0	1		291
R	USA-CA	OH-CUYAHOGA	OH,CUYAHOGA|OH CUYAHOGA	1900-01-01	2100-12-31					0	0	1		291
R	USA-CA	OH-DARKE	OH,DARKE|OH DARKE	1900-01-01	2100-12-31					0	0	1		291
R	USA-CA	OH-DEFIANCE	OH,DEFIANCE|OH DEFIANCE	1900-01-01	2100-12-31					0	0	1		291
R	USA-CA	OH-DELAWARE	OH,DELAWARE|OH DELAWARE	1900-01-01	2100-12-31					0	0	1		291
R	USA-CA	OH-ERIE	OH,ERIE|OH ERIE	1900-01-01	2100-12-31					0	0	1		291
R	USA-CA	OH-FAIRFIELD	OH,FAIRFIELD|OH FAIRFIELD	1900-01-01	2100-12-31					0	0	1		291
R	USA-CA	OH-FAYETTE	OH,FAYETTE|OH FAYETTE	1900-01-01	2100-12-31					0	0	1		291
R	USA-CA	OH-FRANKLIN	OH,FRANKLIN|OH FRANKLIN	1900-01-01	2100-12-31					0	0	1		291
R	USA-CA	OH-FULTON	OH,FULTON|OH FULTON	1900-01-01	2100-12-31					0	0	1		291
R	USA-CA	OH-GALLIA	OH,GALLIA|OH GALLIA	1900-01-01	2100-12-31					0	0	1		291
R	USA-CA	OH-GEAUGA	OH,GEAUGA|OH GEAUGA	1900-01-01	2100-12-31					0	0	1		291
R	USA-CA	OH-GREENE	OH,GREENE|OH GREENE	1900-01-01	2100-12-31					0	0	1		291
R	USA-CA	OH-GUERNSEY	OH,GUERNSEY|OH GUERNSEY	1900-01-01	2100-12-31					0	0	1		291
R	USA-CA	OH-HAMILTON	OH,HAMILTON|OH HAMILTON	1900-01-01	2100-12-31					0	0	1		291
R	USA-CA	OH-HANCOCK	OH,HANCOCK|OH HANCOCK	1900-01-01	2100-12-31					0	0	1		291
R	USA-CA	OH-HARDIN	OH,HARDIN|OH HARDIN	1900-01-01	2100-12-31					0	0	1		291
R	USA-CA	OH-HARRISON	OH,HARRISON|OH HARRISON	1900-01-01	2100-12-31					0	0	1		291
R	USA-CA	OH-HENRY	OH,HENRY|OH HENRY	1900-01-01	2100-12-31					0	0	1		291
R	USA-CA	OH-HIGHLAND	OH,HIGHLAND|OH HIGHLAND	1900-01-01	2100-12-31					0	0	1		291
R	USA-CA	OH-HOCKING	OH,HOCKING|OH HOCKING	1900-01-01	2100-12-31					0	0	1		291
R	USA-CA	OH-HOLMES	OH,HOLMES|OH HOLMES	1900-01-01	2100-12-31					0	0	1		291
R	USA-CA	OH-HURON	OH,HURON|OH HURON	1900-01-01	2100-12-31					0	0	1		291
R	USA-CA	OH-JACKSON	OH,JACKSON|OH JACKSON	1900-01-01	2100-12-31					0	0	1		291
R	USA-CA	OH-JEFFERSON	OH,JEFFERSON|OH JEFFERSON	1900-01-01	2100-12-31					0	0	1		291
R	USA-CA	OH-KNOX	OH,KNOX|OH KNOX	1900-01-01	2100-12-31					0	0	1		291
R	USA-CA	OH-LAKE	OH,LAKE|OH LAKE	1900-01-01	2100-12-31					0	0	1		291
R	USA-CA	OH-LAWRENCE	OH,LAWRENCE|OH LAWRENCE	1900-01-01	2100-12-31					0	0	1		291
R	USA-CA	OH-LICKING	OH,LICKING|OH LICKING	1900-01-01	2100-12-31					0	0	1		291
R	USA-CA	OH-LOGAN	OH,LOGAN|OH LOGAN	1900-01-01	2100-12-31					0	0	1		291
R	USA-CA	OH-LORAIN	OH,LORAIN|OH LORAIN	1900-01-01	2100-12-31					0	0	1		291
R	USA-CA	OH-LUCAS	OH,LUCAS|OH LUCAS	1900-01-01	2100-12-31					0	0	1		291
R	USA-CA	OH-MADISON	OH,MADISON|OH MADISON	1900-01-01	2100-12-31					0	0	1		291
R	USA-CA	OH-MAHONING	OH,MAHONING|OH MAHONING	1900-01-01	2100-12-31					0	0	1		291
R	USA-CA	OH-MARION	OH,MARION|OH MARION	1900-01-01	2100-12-31					0	0	1		291
R	USA-CA	OH-MEDINA	OH,MEDINA|OH MEDINA	1900-01-01	2100-12-31					0	0	1		291
R	USA-CA	OH-MEIGS	OH,MEIGS|OH MEIGS	1900-01-01	2100-12-31					0	0	1		291
R	USA-CA	OH-MERCER	OH,MERCER|OH MERCER	1900-01-01	2100-12-31					0	0	1		291
R	USA-CA	OH-MIAMI	OH,MIAMI|OH MIAMI	1900-01-01	2100-12-31					0	0	1		291
R	USA-CA	OH-MONROE	OH,MONROE|OH MONROE	1900-01-01	2100-12-31					0	0	1		291
R	USA-CA	OH-MONTGOMERY	OH,MONTGOMERY|OH MONTGOMERY	1900-01-01	2100-12-31					0	0	1		291
R	USA-CA	OH-MORGAN	OH,MORGAN|OH MORGAN	1900-01-01	2100-12-31					0	0	1		291
R	USA-CA	OH-MORROW	OH,MORROW|OH MORROW	1900-01-01	2100-12-31					0	0	1		291
R	USA-CA	OH-MUSKINGUM	OH,MUSKINGUM|OH MUSKINGUM	1900-01-01	2100-12-31					0	0	1		291
R	USA-CA	OH-NOBLE	OH,NOBLE|OH NOBLE	1900-01-01	2100-12-31					0	0	1		291
R	USA-CA	OH-OTTAWA	OH,OTTAWA|OH OTTAWA	1900-01-01	2100-12-31					0	0	1		291
R	USA-CA	OH-PAULDING	OH,PAULDING|OH PAULDING	1900-01-01	2100-12-31					0	0	1		291
R	USA-CA	OH-PERRY	OH,PERRY|OH PERRY	1900-01-01	2100-12-31					0	0	1		291
R	USA-CA	OH-PICKAWAY	OH,PICKAWAY|OH PICKAWAY	1900-01-01	2100-12-31					0	0	1		291
R	USA-CA	OH-PIKE	OH,PIKE|OH PIKE	1900-01-01	2100-12-31					0	0	1		291
R	USA-CA	OH-PORTAGE	OH,PORTAGE|OH PORTAGE	1900-01-01	2100-12-31					0	0	1		291
R	USA-CA	OH-PREBLE	OH,PREBLE|OH PREBLE	1900-01-01	2100-12-31					0	0	1		291
R	USA-CA	OH-PUTNAM	OH,PUTNAM|OH PUTNAM	1900-01-01	2100-12-31					0	0	1		291
R	USA-CA	OH-RICHLAND	OH,RICHLAND|OH RICHLAND	1900-01-01	2100-12-31					0	0	1		291
R	USA-CA	OH-ROSS	OH,ROSS|OH ROSS	1900-01-01	2100-12-31					0	0	1		291
R	USA-CA	OH-SANDUSKY	OH,SANDUSKY|OH SANDUSKY	1900-01-01	2100-12-31					0	0	1		291
R	USA-CA	OH-SCIOTO	OH,SCIOTO|OH SCIOTO	1900-01-01	2100-12-31					0	0	1		291
R	USA-CA	OH-SENECA	OH,SENECA|OH SENECA	1900-01-01	2100-12-31					0	0	1		291
R	USA-CA	OH-SHELBY	OH,SHELBY|OH SHELBY	1900-01-01	2100-12-31					0	0	1		291
R	USA-CA	OH-STARK	OH,STARK|OH STARK	1900-01-01	2100-12-31					0	0	1		291
R	USA-CA	OH-SUMMIT	OH,SUMMIT|OH SUMMIT	1900-01-01	2100-12-31					0	0	1		291
R	USA-CA	OH-TRUMBULL	OH,TRUMBULL|OH TRUMBULL	1900-01-01	2100-12-31					0	0	1		291
R	USA-CA	OH-TUSCARAWAS	OH,TUSCARAWAS|OH TUSCARAWAS	1900-01-01	2100-12-31					0	0	1		291
R	USA-CA	OH-UNION	OH,UNION|OH UNION	1900-01-01	2100-12-31					0	0	1		291
R	USA-CA	OH-VANWERT	OH,VANWERT|OH VANWERT	1900-01-01	2100-12-31					0	0	1		291
R	USA-CA	OH-VINTON	OH,VINTON|OH VINTON	1900-01-01	2100-12-31					0	0	1		291
R	USA-CA	OH-WARREN	OH,WARREN|OH WARREN	1900-01-01	2100-12-31					0	0	1		291
R	USA-CA	OH-WASHINGTON	OH,WASHINGTON|OH WASHINGTON	1900-01-01	2100-12-31					0	0	1		291
R	USA-CA	OH-WAYNE	OH,WAYNE|OH WAYNE	1900-01-01	2100-12-31					0	0	1		291
R	USA-CA	OH-WILLIAMS	OH,WILLIAMS|OH WILLIAMS	1900-01-01	2100-12-31					0	0	1		291
R	USA-CA	OH-WOOD	OH,WOOD|OH WOOD	1900-01-01	2100-12-31					0	0	1		291
R	USA-CA	OH-WYANDOT	OH,WYANDOT|OH WYANDOT	1900-01-01	2100-12-31					0	0	1		291
R	USA-CA	OK-ADAIR	OK,ADAIR|OK ADAIR	1900-01-01	2100-12-31					0	0	1		291
R	USA-CA	OK-ALFALFA	OK,ALFALFA|OK ALFALFA	1900-01-01	2100-12-31					0	0	1		291
R	USA-CA	OK-ATOKA	OK,ATOKA|OK ATOKA	1900-01-01	2100-12-31					0	0	1		291
R	USA-CA	OK-BEAVER	OK,BEAVER|OK BEAVER	1900-01-01	2100-12-31					0	0	1		291
R	USA-CA	OK-BECKHAM	OK,BECKHAM|OK BECKHAM	1900-01-01	2100-12-31					0	0	1		291
R	USA-CA	OK-BLAINE	OK,BLAINE|OK BLAINE	1900-01-01	2100-12-31					0	0	1		291
R	USA-CA	OK-BRYAN	OK,BRYAN|OK BRYAN	1900-01-01	2100-12-31					0	0	1		291
R	USA-CA	OK-CADDO	OK,CADDO|OK CADDO	1900-01-01	2100-12-31					0	0	1		291
R	USA-CA	OK-CANADIAN	OK,CANADIAN|OK CANADIAN	1900-01-01	2100-12-31					0	0	1		291
R	USA-CA	OK-CARTER	OK,CARTER|OK CARTER	1900-01-01	2100-12-31					0	0	1		291
R	USA-CA	OK-CHEROKEE	OK,CHEROKEE|OK CHEROKEE	1900-01-01	2100-12-31					0	0	1		291
R	USA-CA	OK-CHOCTAW	OK,CHOCTAW|OK CHOCTAW	1900-01-01	2100-12-31					0	0	1		291
R	USA-CA	OK-CIMARRON	OK,CIMARRON|OK CIMARRON	1900-01-01	2100-12-31					0	0	1		291
R	USA-CA	OK-CLEVELAND	OK,CLEVELAND|OK CLEVELAND	1900-01-01	2100-12-31					0	0	1		291
R	USA-CA	OK-COAL	OK,COAL|OK COAL	1900-01-01	2100-12-31					0	0	1		291
R	USA-CA	OK-COMANCHE	OK,COMANCHE|OK COMANCHE	1900-01-01	2100-12-31					0	0	1		291
R	USA-CA	OK-COTTON	OK,COTTON|OK COTTON	1900-01-01	2100-12-31					0	0	1		291
R	USA-CA	OK-CRAIG	OK,CRAIG|OK CRAIG	1900-01-01	2100-12-31					0	0	1		291
R	USA-CA	OK-CREEK	OK,CREEK|OK CREEK	1900-01-01	2100-12-31					0	0	1		291
R	USA-CA	OK-CUSTER	OK,CUSTER|OK CUSTER	1900-01-01	2100-12-31					0	0	1		291
R	USA-CA	OK-DELAWARE	OK,DELAWARE|OK DELAWARE	1900-01-01	2100-12-31					0	0	1		291
R	USA-CA	OK-DEWEY	OK,DEWEY|OK DEWEY	1900-01-01	2100-12-31					0	0	1		291
R	USA-CA	OK-ELLIS	OK,ELLIS|OK ELLIS	1900-01-01	2100-12-31					0	0	1		291
R	USA-CA	OK-GARFIELD	OK,GARFIELD|OK GARFIELD	1900-01-01	2100-12-31					0	0	1		291
R	USA-CA	OK-GARVIN	OK,GARVIN|OK GARVIN	1900-01-01	2100-12-31					0	0	1		291
R	USA-CA	OK-GRADY	OK,GRADY|OK GRADY	1900-01-01	2100-12-31					0	0	1		291
R	USA-CA	OK-GRANT	OK,GRANT|OK GRANT	1900-01-01	2100-12-31					0	0	1		291
R	USA-CA	OK-GREER	OK,GREER|OK GREER	1900-01-01	2100-12-31					0	0	1		291
R	USA-CA	OK-HARMON	OK,HARMON|OK HARMON	1900-01-01	2100-12-31					0	0	1		291
R	USA-CA	OK-HARPER	OK,HARPER|OK HARPER	1900-01-01	2100-12-31					0	0	1		291
R	USA-CA	OK-HASKELL	OK,HASKELL|OK HASKELL	1900-01-01	2100-12-31					0	0	1		291
R	USA-CA	OK-HUGHES	OK,HUGHES|OK HUGHES	1900-01-01	2100-12-31					0	0	1		291
R	USA-CA	OK-JACKSON	OK,JACKSON|OK JACKSON	1900-01-01	2100-12-31					0	0	1		291
R	USA-CA	OK-JEFFERSON	OK,JEFFERSON|OK JEFFERSON	1900-01-01	2100-12-31					0	0	1		291
R	USA-CA	OK-JOHNSTON	OK,JOHNSTON|OK JOHNSTON	1900-01-01	2100-12-31					0	0	1		291
R	USA-CA	OK-KAY	OK,KAY|OK KAY	1900-01-01	2100-12-31					0	0	1		291
R	USA-CA	OK-KINGFISHER	OK,KINGFISHER|OK KINGFISHER	1900-01-01	2100-12-31					0	0	1		291
R	USA-CA	OK-KIOWA	OK,KIOWA|OK KIOWA	1900-01-01	2100-12-31					0	0	1		291
R	USA-CA	OK-LATIMER	OK,LATIMER|OK LATIMER	1900-01-01	2100-12-31					0	0	1		291
R	USA-CA	OK-LEFLORE	OK,LEFLORE|OK LEFLORE	1900-01-01	2100-12-31					0	0	1		291
R	USA-CA	OK-LINCOLN	OK,LINCOLN|OK LINCOLN	1900-01-01	2100-12-31					0	0	1		291
R	USA-CA	OK-LOGAN	OK,LOGAN|OK LOGAN	1900-01-01	2100-12-31					0	0	1		291
R	USA-CA	OK-LOVE	OK,LOVE|OK LOVE	1900-01-01	2100-12-31					0	0	1		291
R	USA-CA	OK-MAJOR	OK,MAJOR|OK MAJOR	1900-01-01	2100-12-31					0	0	1		291
R	USA-CA	OK-MARSHALL	OK,MARSHALL|OK MARSHALL	1900-01-01	2100-12-31					0	0	1		291
R	USA-CA	OK-MAYES	OK,MAYES|OK MAYES	1900-01-01	2100-12-31					0	0	1		291
R	USA-CA	OK-MCCLAIN	OK,MCCLAIN|OK MCCLAIN	1900-01-01	2100-12-31					0	0	1		291
R	USA-CA	OK-MCCURTAIN	OK,MCCURTAIN|OK MCCURTAIN	1900-01-01	2100-12-31					0	0	1		291
R	USA-CA	OK-MCINTOSH	OK,MCINTOSH|OK MCINTOSH	1900-01-01	2100-12-31					0	0	1		291
R	USA-CA	OK-MURRAY	OK,MURRAY|OK MURRAY	1900-01-01	2100-12-31					0	0	1		291
R	USA-CA	OK-MUSKOGEE	OK,MUSKOGEE|OK MUSKOGEE	1900-01-01	2100-12-31					0	0	1		291
R	USA-CA	OK-NOBLE	OK,NOBLE|OK NOBLE	1900-01-01	2100-12-31					0	0	1		291
R	USA-CA	OK-NOWATA	OK,NOWATA|OK NOWATA	1900-01-01	2100-12-31					0	0	1		291
R	USA-CA	OK-OKFUSKEE	OK,OKFUSKEE|OK OKFUSKEE	1900-01-01	2100-12-31					0	0	1		291
R	USA-CA	OK-OKLAHOMA	OK,OKLAHOMA|OK OKLAHOMA	1900-01-01	2100-12-31					0	0	1		291
R	USA-CA	OK-OKMULGEE	OK,OKMULGEE|OK OKMULGEE	1900-01-01	2100-12-31					0	0	1		291
R	USA-CA	OK-OSAGE	OK,OSAGE|OK OSAGE	1900-01-01	2100-12-31					0	0	1		291
R	USA-CA	OK-OTTAWA	OK,OTTAWA|OK OTTAWA	1900-01-01	2100-12-31					0	0	1		291
R	USA-CA	OK-PAWNEE	OK,PAWNEE|OK PAWNEE	1900-01-01	2100-12-31					0	0	1		291
R	USA-CA	OK-PAYNE	OK,PAYNE|OK PAYNE	1900-01-01	2100-12-31					0	0	1		291
R	USA-CA	OK-PITTSBURG	OK,PITTSBURG|OK PITTSBURG	1900-01-01	2100-12-31					0	0	1		291
R	USA-CA	OK-PONTOTOC	OK,PONTOTOC|OK PONTOTOC	1900-01-01	2100-12-31					0	0	1		291
R	USA-CA	OK-POTTAWATOMIE	OK,POTTAWATOMIE|OK POTTAWATOMIE	1900-01-01	2100-12-31					0	0	1		291
R	USA-CA	OK-PUSHMATAHA	OK,PUSHMATAHA|OK PUSHMATAHA	1900-01-01	2100-12-31					0	0	1		291
R	USA-CA	OK-ROGERMILLS	OK,ROGERMILLS|OK ROGERMILLS	1900-01-01	2100-12-31					0	0	1		291
R	USA-CA	OK-ROGERS	OK,ROGERS|OK ROGERS	1900-01-01	2100-12-31					0	0	1		291
R	USA-CA	OK-SEMINOLE	OK,SEMINOLE|OK SEMINOLE	1900-01-01	2100-12-31					0	0	1		291
R	USA-CA	OK-SEQUOYAH	OK,SEQUOYAH|OK SEQUOYAH	1900-01-01	2100-12-31					0	0	1		291
R	USA-CA	OK-STEPHENS	OK,STEPHENS|OK STEPHENS	1900-01-01	2100-12-31					0	0	1		291
R	USA-CA	OK-TEXAS	OK,TEXAS|OK TEXAS	1900-01-01	2100-12-31					0	0	1		291
R	USA-CA	OK-TILLMAN	OK,TILLMAN|OK TILLMAN	1900-01-01	2100-12-31					0	0	1		291
R	USA-CA	OK-TULSA	OK,TULSA|OK TULSA	1900-01-01	2100-12-31					0	0	1		291
R	USA-CA	OK-WAGONER	OK,WAGONER|OK WAGONER	1900-01-01	2100-12-31					0	0	1		291
R	USA-CA	OK-WASHINGTON	OK,WASHINGTON|OK WASHINGTON	1900-01-01	2100-12-31					0	0	1		291
R	USA-CA	OK-WASHITA	OK,WASHITA|OK WASHITA	1900-01-01	2100-12-31					0	0	1		291
R	USA-CA	OK-WOODS	OK,WOODS|OK WOODS	1900-01-01	2100-12-31					0	0	1		291
R	USA-CA	OK-WOODWARD	OK,WOODWARD|OK WOODWARD	1900-01-01	2100-12-31					0	0	1		291
R	USA-CA	OR-BAKER	OR,BAKER|OR BAKER	1900-01-01	2100-12-31					0	0	1		291
R	USA-CA	OR-BENTON	OR,BENTON|OR BENTON	1900-01-01	2100-12-31					0	0	1		291
R	USA-CA	OR-CLACKAMAS	OR,CLACKAMAS|OR CLACKAMAS	1900-01-01	2100-12-31					0	0	1		291
R	USA-CA	OR-CLATSOP	OR,CLATSOP|OR CLATSOP	1900-01-01	2100-12-31					0	0	1		291
R	USA-CA	OR-COLUMBIA	OR,COLUMBIA|OR COLUMBIA	1900-01-01	2100-12-31					0	0	1		291
R	USA-CA	OR-COOS	OR,COOS|OR COOS	1900-01-01	2100-12-31					0	0	1		291
R	USA-CA	OR-CROOK	OR,CROOK|OR CROOK	1900-01-01	2100-12-31					0	0	1		291
R	USA-CA	OR-CURRY	OR,CURRY|OR CURRY	1900-01-01	2100-12-31					0	0	1		291
R	USA-CA	OR-DESCHUTES	OR,DESCHUTES|OR DESCHUTES	1900-01-01	2100-12-31					0	0	1		291
R	USA-CA	OR-DOUGLAS	OR,DOUGLAS|OR DOUGLAS	1900-01-01	2100-12-31					0	0	1		291
R	USA-CA	OR-GILLIAM	OR,GILLIAM|OR GILLIAM	1900-01-01	2100-12-31					0	0	1		291
R	USA-CA	OR-GRANT	OR,GRANT|OR GRANT	1900-01-01	2100-12-31					0	0	1		291
R	USA-CA	OR-HARNEY	OR,HARNEY|OR HARNEY	1900-01-01	2100-12-31					0	0	1		291
R	USA-CA	OR-HOODRIVER	OR,HOODRIVER|OR HOODRIVER	1900-01-01	2100-12-31					0	0	1		291
R	USA-CA	OR-JACKSON	OR,JACKSON|OR JACKSON	1900-01-01	2100-12-31					0	0	1		291
R	USA-CA	OR-JEFFERSON	OR,JEFFERSON|OR JEFFERSON	1900-01-01	2100-12-31					0	0	1		291
R	USA-CA	OR-JOSEPHINE	OR,JOSEPHINE|OR JOSEPHINE	1900-01-01	2100-12-31					0	0	1		291
R	USA-CA	OR-KLAMATH	OR,KLAMATH|OR KLAMATH	1900-01-01	2100-12-31					0	0	1		291
R	USA-CA	OR-LAKE	OR,LAKE|OR LAKE	1900-01-01	2100-12-31					0	0	1		291
R	USA-CA	OR-LANE	OR,LANE|OR LANE	1900-01-01	2100-12-31					0	0	1		291
R	USA-CA	OR-LINCOLN	OR,LINCOLN|OR LINCOLN	1900-01-01	2100-12-31					0	0	1		291
R	USA-CA	OR-LINN	OR,LINN|OR LINN	1900-01-01	2100-12-31					0	0	1		291
R	USA-CA	OR-MALHEUR	OR,MALHEUR|OR MALHEUR	1900-01-01	2100-12-31					0	0	1		291
R	USA-CA	OR-MARION	OR,MARION|OR MARION	1900-01-01	2100-12-31					0	0	1		291
R	USA-CA	OR-MORROW	OR,MORROW|OR MORROW	1900-01-01	2100-12-31					0	0	1		291
R	USA-CA	OR-MULTNOMAH	OR,MULTNOMAH|OR MULTNOMAH	1900-01-01	2100-12-31					0	0	1		291
R	USA-CA	OR-POLK	OR,POLK|OR POLK	1900-01-01	2100-12-31					0	0	1		291
R	USA-CA	OR-SHERMAN	OR,SHERMAN|OR SHERMAN	1900-01-01	2100-12-31					0	0	1		291
R	USA-CA	OR-TILLAMOOK	OR,TILLAMOOK|OR TILLAMOOK	1900-01-01	2100-12-31					0	0	1		291
R	USA-CA	OR-UMATILLA	OR,UMATILLA|OR UMATILLA	1900-01-01	2100-12-31					0	0	1		291
R	USA-CA	OR-UNION	OR,UNION|OR UNION	1900-01-01	2100-12-31					0	0	1		291
R	USA-CA	OR-WALLOWA	OR,WALLOWA|OR WALLOWA	1900-01-01	2100-12-31					0	0	1		291
R	USA-CA	OR-WASCO	OR,WASCO|OR WASCO	1900-01-01	2100-12-31					0	0	1		291
R	USA-CA	OR-WASHINGTON	OR,WASHINGTON|OR WASHINGTON	1900-01-01	2100-12-31					0	0	1		291
R	USA-CA	OR-WHEELER	OR,WHEELER|OR WHEELER	1900-01-01	2100-12-31					0	0	1		291
R	USA-CA	OR-YAMHILL	OR,YAMHILL|OR YAMHILL	1900-01-01	2100-12-31					0	0	1		291
R	USA-CA	PA-ADAMS	PA,ADAMS|PA ADAMS	1900-01-01	2100-12-31					0	0	1		291
R	USA-CA	PA-ALLEGHENY	PA,ALLEGHENY|PA ALLEGHENY	1900-01-01	2100-12-31					0	0	1		291
R	USA-CA	PA-ARMSTRONG	PA,ARMSTRONG|PA ARMSTRONG	1900-01-01	2100-12-31					0	0	1		291
R	USA-CA	PA-BEAVER	PA,BEAVER|PA BEAVER	1900-01-01	2100-12-31					0	0	1		291
R	USA-CA	PA-BEDFORD	PA,BEDFORD|PA BEDFORD	1900-01-01	2100-12-31					0	0	1		291
R	USA-CA	PA-BERKS	PA,BERKS|PA BERKS	1900-01-01	2100-12-31					0	0	1		291
R	USA-CA	PA-BLAIR	PA,BLAIR|PA BLAIR	1900-01-01	2100-12-31					0	0	1		291
R	USA-CA	PA-BRADFORD	PA,BRADFORD|PA BRADFORD	1900-01-01	2100-12-31					0	0	1		291
R	USA-CA	PA-BUCKS	PA,BUCKS|PA BUCKS	1900-01-01	2100-12-31					0	0	1		291
R	USA-CA	PA-BUTLER	PA,BUTLER|PA BUTLER	1900-01-01	2100-12-31					0	0	1		291
R	USA-CA	PA-CAMBRIA	PA,CAMBRIA|PA CAMBRIA	1900-01-01	2100-12-31					0	0	1		291
R	USA-CA	PA-CAMERON	PA,CAMERON|PA CAMERON	1900-01-01	2100-12-31					0	0	1		291
R	USA-CA	PA-CARBON	PA,CARBON|PA CARBON	1900-01-01	2100-12-31					0	0	1		291
R	USA-CA	PA-CENTRE	PA,CENTRE|PA CENTRE	1900-01-01	2100-12-31					0	0	1		291
R	USA-CA	PA-CHESTER	PA,CHESTER|PA CHESTER	1900-01-01	2100-12-31					0	0	1		291
R	USA-CA	PA-CLARION	PA,CLARION|PA CLARION	1900-01-01	2100-12-31					0	0	1		291
R	USA-CA	PA-CLEARFIELD	PA,CLEARFIELD|PA CLEARFIELD	1900-01-01	2100-12-31					0	0	1		291
R	USA-CA	PA-CLINTON	PA,CLINTON|PA CLINTON	1900-01-01	2100-12-31					0	0	1		291
R	USA-CA	PA-COLUMBIA	PA,COLUMBIA|PA COLUMBIA	1900-01-01	2100-12-31					0	0	1		291
R	USA-CA	PA-CRAWFORD	PA,CRAWFORD|PA CRAWFORD	1900-01-01	2100-12-31					0	0	1		291
R	USA-CA	PA-CUMBERLAND	PA,CUMBERLAND|PA CUMBERLAND	1900-01-01	2100-12-31					0	0	1		291
R	USA-CA	PA-DAUPHIN	PA,DAUPHIN|PA DAUPHIN	1900-01-01	2100-12-31					0	0	1		291
R	USA-CA	PA-DELAWARE	PA,DELAWARE|PA DELAWARE	1900-01-01	2100-12-31					0	0	1		291
R	USA-CA	PA-ELK	PA,ELK|PA ELK	1900-01-01	2100-12-31					0	0	1		291
R	USA-CA	PA-ERIE	PA,ERIE|PA ERIE	1900-01-01	2100-12-31					0	0	1		291
R	USA-CA	PA-FAYETTE	PA,FAYETTE|PA FAYETTE	1900-01-01	2100-12-31					0	0	1		291
R	USA-CA	PA-FOREST	PA,FOREST|PA FOREST	1900-01-01	2100-12-31					0	0	1		291
R	USA-CA	PA-FRANKLIN	PA,FRANKLIN|PA FRANKLIN	1900-01-01	2100-12-31					0	0	1		291
R	USA-CA	PA-FULTON	PA,FULTON|PA FULTON	1900-01-01	2100-12-31					0	0	1		291
R	USA-CA	PA-GREENE	PA,GREENE|PA GREENE	1900-01-01	2100-12-31					0	0	1		291
R	USA-CA	PA-HUNTINGDON	PA,HUNTINGDON|PA HUNTINGDON	1900-01-01	2100-12-31					0	0	1		291
R	USA-CA	PA-INDIANA	PA,INDIANA|PA INDIANA	1900-01-01	2100-12-31					0	0	1		291
R	USA-CA	PA-JEFFERSON	PA,JEFFERSON|PA JEFFERSON	1900-01-01	2100-12-31					0	0	1		291
R	USA-CA	PA-JUNIATA	PA,JUNIATA|PA JUNIATA	1900-01-01	2100-12-31					0	0	1		291
R	USA-CA	PA-LACKAWANNA	PA,LACKAWANNA|PA LACKAWANNA	1900-01-01	2100-12-31					0	0	1		291
R	USA-CA	PA-LANCASTER	PA,LANCASTER|PA LANCASTER	1900-01-01	2100-12-31					0	0	1		291
R	USA-CA	PA-LAWRENCE	PA,LAWRENCE|PA LAWRENCE	1900-01-01	2100-12-31					0	0	1		291
R	USA-CA	PA-LEBANON	PA,LEBANON|PA LEBANON	1900-01-01	2100-12-31					0	0	1		291
R	USA-CA	PA-LEHIGH	PA,LEHIGH|PA LEHIGH	1900-01-01	2100-12-31					0	0	1		291
R	USA-CA	PA-LUZERNE	PA,LUZERNE|PA LUZERNE	1900-01-01	2100-12-31					0	0	1		291
R	USA-CA	PA-LYCOMING	PA,LYCOMING|PA LYCOMING	1900-01-01	2100-12-31					0	0	1		291
R	USA-CA	PA-MCKEAN	PA,MCKEAN|PA MCKEAN	1900-01-01	2100-12-31					0	0	1		291
R	USA-CA	PA-MERCER	PA,MERCER|PA MERCER	1900-01-01	2100-12-31					0	0	1		291
R	USA-CA	PA-MIFFLIN	PA,MIFFLIN|PA MIFFLIN	1900-01-01	2100-12-31					0	0	1		291
R	USA-CA	PA-MONROE	PA,MONROE|PA MONROE	1900-01-01	2100-12-31					0	0	1		291
R	USA-CA	PA-MONTGOMERY	PA,MONTGOMERY|PA MONTGOMERY	1900-01-01	2100-12-31					0	0	1		291
R	USA-CA	PA-MONTOUR	PA,MONTOUR|PA MONTOUR	1900-01-01	2100-12-31					0	0	1		291
R	USA-CA	PA-NORTHAMPTON	PA,NORTHAMPTON|PA NORTHAMPTON	1900-01-01	2100-12-31					0	0	1		291
R	USA-CA	PA-NORTHUMBERLAND	PA,NORTHUMBERLAND|PA NORTHUMBERLAND	1900-01-01	2100-12-31					0	0	1		291
R	USA-CA	PA-PERRY	PA,PERRY|PA PERRY	1900-01-01	2100-12-31					0	0	1		291
R	USA-CA	PA-PHILADELPHIA	PA,PHILADELPHIA|PA PHILADELPHIA	1900-01-01	2100-12-31					0	0	1		291
R	USA-CA	PA-PIKE	PA,PIKE|PA PIKE	1900-01-01	2100-12-31					0	0	1		291
R	USA-CA	PA-POTTER	PA,POTTER|PA POTTER	1900-01-01	2100-12-31					0	0	1		291
R	USA-CA	PA-SCHUYLKILL	PA,SCHUYLKILL|PA SCHUYLKILL	1900-01-01	2100-12-31					0	0	1		291
R	USA-CA	PA-SNYDER	PA,SNYDER|PA SNYDER	1900-01-01	2100-12-31					0	0	1		291
R	USA-CA	PA-SOMERSET	PA,SOMERSET|PA SOMERSET	1900-01-01	2100-12-31					0	0	1		291
R	USA-CA	PA-SULLIVAN	PA,SULLIVAN|PA SULLIVAN	1900-01-01	2100-12-31					0	0	1		291
R	USA-CA	PA-SUSQUEHANNA	PA,SUSQUEHANNA|PA SUSQUEHANNA	1900-01-01	2100-12-31					0	0	1		291
R	USA-CA	PA-TIOGA	PA,TIOGA|PA TIOGA	1900-01-01	2100-12-31					0	0	1		291
R	USA-CA	PA-UNION	PA,UNION|PA UNION	1900-01-01	2100-12-31					0	0	1		291
R	USA-CA	PA-VENANGO	PA,VENANGO|PA VENANGO	1900-01-01	2100-12-31					0	0	1		291
R	USA-CA	PA-WARREN	PA,WARREN|PA WARREN	1900-01-01	2100-12-31					0	0	1		291
R	USA-CA	PA-WASHINGTON	PA,WASHINGTON|PA WASHINGTON	1900-01-01	2100-12-31					0	0	1		291
R	USA-CA	PA-WAYNE	PA,WAYNE|PA WAYNE	1900-01-01	2100-12-31					0	0	1		291
R	USA-CA	PA-WESTMORELAND	PA,WESTMORELAND|PA WESTMORELAND	1900-01-01	2100-12-31					0	0	1		291
R	USA-CA	PA-WYOMING	PA,WYOMING|PA WYOMING	1900-01-01	2100-12-31					0	0	1		291
R	USA-CA	PA-YORK	PA,YORK|PA YORK	1900-01-01	2100-12-31					0	0	1		291
R	USA-CA	RI-BRISTOL	RI,BRISTOL|RI BRISTOL	1900-01-01	2100-12-31					0	0	1		291
R	USA-CA	RI-KENT	RI,KENT|RI KENT	1900-01-01	2100-12-31					0	0	1		291
R	USA-CA	RI-NEWPORT	RI,NEWPORT|RI NEWPORT	1900-01-01	2100-12-31					0	0	1		291
R	USA-CA	RI-PROVIDENCE	RI,PROVIDENCE|RI PROVIDENCE	1900-01-01	2100-12-31					0	0	1		291
R	USA-CA	RI-WASHINGTON	RI,WASHINGTON|RI WASHINGTON	1900-01-01	2100-12-31					0	0	1		291
R	USA-CA	SC-ABBEVILLE	SC,ABBEVILLE|SC ABBEVILLE	1900-01-01	2100-12-31					0	0	1		291
R	USA-CA	SC-AIKEN	SC,AIKEN|SC AIKEN	1900-01-01	2100-12-31					0	0	1		291
R	USA-CA	SC-ALLENDALE	SC,ALLENDALE|SC ALLENDALE	1900-01-01	2100-12-31					0	0	1		291
R	USA-CA	SC-ANDERSON	SC,ANDERSON|SC ANDERSON	1900-01-01	2100-12-31					0	0	1		291
R	USA-CA	SC-BAMBERG	SC,BAMBERG|SC BAMBERG	1900-01-01	2100-12-31					0	0	1		291
R	USA-CA	SC-BARNWELL	SC,BARNWELL|SC BARNWELL	1900-01-01	2100-12-31					0	0	1		291
R	USA-CA	SC-BEAUFORT	SC,BEAUFORT|SC BEAUFORT	1900-01-01	2100-12-31					0	0	1		291
R	USA-CA	SC-BERKELEY	SC,BERKELEY|SC BERKELEY	1900-01-01	2100-12-31					0	0	1		291
R	USA-CA	SC-CALHOUN	SC,CALHOUN|SC CALHOUN	1900-01-01	2100-12-31					0	0	1		291
R	USA-CA	SC-CHARLESTON	SC,CHARLESTON|SC CHARLESTON	1900-01-01	2100-12-31					0	0	1		291
R	USA-CA	SC-CHEROKEE	SC,CHEROKEE|SC CHEROKEE	1900-01-01	2100-12-31					0	0	1		291
R	USA-CA	SC-CHESTER	SC,CHESTER|SC CHESTER	1900-01-01	2100-12-31					0	0	1		291
R	USA-CA	SC-CHESTERFIELD	SC,CHESTERFIELD|SC CHESTERFIELD	1900-01-01	2100-12-31					0	0	1		291
R	USA-CA	SC-CLARENDON	SC,CLARENDON|SC CLARENDON	1900-01-01	2100-12-31					0	0	1		291
R	USA-CA	SC-COLLETON	SC,COLLETON|SC COLLETON	1900-01-01	2100-12-31					0	0	1		291
R	USA-CA	SC-DARLINGTON	SC,DARLINGTON|SC DARLINGTON	1900-01-01	2100-12-31					0	0	1		291
R	USA-CA	SC-DILLON	SC,DILLON|SC DILLON	1900-01-01	2100-12-31					0	0	1		291
R	USA-CA	SC-DORCHESTER	SC,DORCHESTER|SC DORCHESTER	1900-01-01	2100-12-31					0	0	1		291
R	USA-CA	SC-EDGEFIELD	SC,EDGEFIELD|SC EDGEFIELD	1900-01-01	2100-12-31					0	0	1		291
R	USA-CA	SC-FAIRFIELD	SC,FAIRFIELD|SC FAIRFIELD	1900-01-01	2100-12-31					0	0	1		291
R	USA-CA	SC-FLORENCE	SC,FLORENCE|SC FLORENCE	1900-01-01	2100-12-31					0	0	1		291
R	USA-CA	SC-GEORGETOWN	SC,GEORGETOWN|SC GEORGETOWN	1900-01-01	2100-12-31					0	0	1		291
R	USA-CA	SC-GREENVILLE	SC,GREENVILLE|SC GREENVILLE	1900-01-01	2100-12-31					0	0	1		291
R	USA-CA	SC-GREENWOOD	SC,GREENWOOD|SC GREENWOOD	1900-01-01	2100-12-31					0	0	1		291
R	USA-CA	SC-HAMPTON	SC,HAMPTON|SC HAMPTON	1900-01-01	2100-12-31					0	0	1		291
R	USA-CA	SC-HORRY	SC,HORRY|SC HORRY	1900-01-01	2100-12-31					0	0	1		291
R	USA-CA	SC-JASPER	SC,JASPER|SC JASPER	1900-01-01	2100-12-31					0	0	1		291
R	USA-CA	SC-KERSHAW	SC,KERSHAW|SC KERSHAW	1900-01-01	2100-12-31					0	0	1		291
R	USA-CA	SC-LANCASTER	SC,LANCASTER|SC LANCASTER	1900-01-01	2100-12-31					0	0	1		291
R	USA-CA	SC-LAURENS	SC,LAURENS|SC LAURENS	1900-01-01	2100-12-31					0	0	1		291
R	USA-CA	SC-LEE	SC,LEE|SC LEE	1900-01-01	2100-12-31					0	0	1		291
R	USA-CA	SC-LEXINGTON	SC,LEXINGTON|SC LEXINGTON	1900-01-01	2100-12-31					0	0	1		291
R	USA-CA	SC-MARION	SC,MARION|SC MARION	1900-01-01	2100-12-31					0	0	1		291
R	USA-CA	SC-MARLBORO	SC,MARLBORO|SC MARLBORO	1900-01-01	2100-12-31					0	0	1		291
R	USA-CA	SC-MCCORMIC	SC,MCCORMIC|SC MCCORMIC	1900-01-01	2100-12-31					0	0	1		291
R	USA-CA	SC-NEWBERRY	SC,NEWBERRY|SC NEWBERRY	1900-01-01	2100-12-31					0	0	1		291
R	USA-CA	SC-OCONEE	SC,OCONEE|SC OCONEE	1900-01-01	2100-12-31					0	0	1		291
R	USA-CA	SC-ORANGEBURG	SC,ORANGEBURG|SC ORANGEBURG	1900-01-01	2100-12-31					0	0	1		291
R	USA-CA	SC-PICKENS	SC,PICKENS|SC PICKENS	1900-01-01	2100-12-31					0	0	1		291
R	USA-CA	SC-RICHLAND	SC,RICHLAND|SC RICHLAND	1900-01-01	2100-12-31					0	0	1		291
R	USA-CA	SC-SALUDA	SC,SALUDA|SC SALUDA	1900-01-01	2100-12-31					0	0	1		291
R	USA-CA	SC-SPARTANBURG	SC,SPARTANBURG|SC SPARTANBURG	1900-01-01	2100-12-31					0	0	1		291
R	USA-CA	SC-SUMTER	SC,SUMTER|SC SUMTER	1900-01-01	2100-12-31					0	0	1		291
R	USA-CA	SC-UNION	SC,UNION|SC UNION	1900-01-01	2100-12-31					0	0	1		291
R	USA-CA	SC-WILLIAMSBURG	SC,WILLIAMSBURG|SC WILLIAMSBURG	1900-01-01	2100-12-31					0	0	1		291
R	USA-CA	SC-YORK	SC,YORK|SC YORK	1900-01-01	2100-12-31					0	0	1		291
R	USA-CA	SD-AURORA	SD,AURORA|SD AURORA	1900-01-01	2100-12-31					0	0	1		291
R	USA-CA	SD-BEADLE	SD,BEADLE|SD BEADLE	1900-01-01	2100-12-31					0	0	1		291
R	USA-CA	SD-BENNETT	SD,BENNETT|SD BENNETT	1900-01-01	2100-12-31					0	0	1		291
R	USA-CA	SD-BONHOMME	SD,BONHOMME|SD BONHOMME	1900-01-01	2100-12-31					0	0	1		291
R	USA-CA	SD-BROOKINGS	SD,BROOKINGS|SD BROOKINGS	1900-01-01	2100-12-31					0	0	1		291
R	USA-CA	SD-BROWN	SD,BROWN|SD BROWN	1900-01-01	2100-12-31					0	0	1		291
R	USA-CA	SD-BRULE	SD,BRULE|SD BRULE	1900-01-01	2100-12-31					0	0	1		291
R	USA-CA	SD-BUFFALO	SD,BUFFALO|SD BUFFALO	1900-01-01	2100-12-31					0	0	1		291
R	USA-CA	SD-BUTTE	SD,BUTTE|SD BUTTE	1900-01-01	2100-12-31					0	0	1		291
R	USA-CA	SD-CAMPBELL	SD,CAMPBELL|SD CAMPBELL	1900-01-01	2100-12-31					0	0	1		291
R	USA-CA	SD-CHARLESMIX	SD,CHARLESMIX|SD CHARLESMIX	1900-01-01	2100-12-31					0	0	1		291
R	USA-CA	SD-CLARK	SD,CLARK|SD CLARK	1900-01-01	2100-12-31					0	0	1		291
R	USA-CA	SD-CLAY	SD,CLAY|SD CLAY	1900-01-01	2100-12-31					0	0	1		291
R	USA-CA	SD-CODINGTON	SD,CODINGTON|SD CODINGTON	1900-01-01	2100-12-31					0	0	1		291
R	USA-CA	SD-CORSON	SD,CORSON|SD CORSON	1900-01-01	2100-12-31					0	0	1		291
R	USA-CA	SD-CUSTER	SD,CUSTER|SD CUSTER	1900-01-01	2100-12-31					0	0	1		291
R	USA-CA	SD-DAVISON	SD,DAVISON|SD DAVISON	1900-01-01	2100-12-31					0	0	1		291
R	USA-CA	SD-DAY	SD,DAY|SD DAY	1900-01-01	2100-12-31					0	0	1		291
R	USA-CA	SD-DEUEL	SD,DEUEL|SD DEUEL	1900-01-01	2100-12-31					0	0	1		291
R	USA-CA	SD-DEWEY	SD,DEWEY|SD DEWEY	1900-01-01	2100-12-31					0	0	1		291
R	USA-CA	SD-DOUGLAS	SD,DOUGLAS|SD DOUGLAS	1900-01-01	2100-12-31					0	0	1		291
R	USA-CA	SD-EDMONDS	SD,EDMONDS|SD EDMONDS	1900-01-01	2100-12-31					0	0	1		291
R	USA-CA	SD-FALLRIVER	SD,FALLRIVER|SD FALLRIVER	1900-01-01	2100-12-31					0	0	1		291
R	USA-CA	SD-FAULK	SD,FAULK|SD FAULK	1900-01-01	2100-12-31					0	0	1		291
R	USA-CA	SD-GRANT	SD,GRANT|SD GRANT	1900-01-01	2100-12-31					0	0	1		291
R	USA-CA	SD-GREGORY	SD,GREGORY|SD GREGORY	1900-01-01	2100-12-31					0	0	1		291
R	USA-CA	SD-HAAKON	SD,HAAKON|SD HAAKON	1900-01-01	2100-12-31					0	0	1		291
R	USA-CA	SD-HAMLIN	SD,HAMLIN|SD HAMLIN	1900-01-01	2100-12-31					0	0	1		291
R	USA-CA	SD-HAND	SD,HAND|SD HAND	1900-01-01	2100-12-31					0	0	1		291
R	USA-CA	SD-HANDSON	SD,HANDSON|SD HANDSON	1900-01-01	2100-12-31					0	0	1		291
R	USA-CA	SD-HARDING	SD,HARDING|SD HARDING	1900-01-01	2100-12-31					0	0	1		291
R	USA-CA	SD-HUGHES	SD,HUGHES|SD HUGHES	1900-01-01	2100-12-31					0	0	1		291
R	USA-CA	SD-HUTCHINSON	SD,HUTCHINSON|SD HUTCHINSON	1900-01-01	2100-12-31					0	0	1		291
R	USA-CA	SD-HYDE	SD,HYDE|SD HYDE	1900-01-01	2100-12-31					0	0	1		291
R	USA-CA	SD-JACKSON	SD,JACKSON|SD JACKSON	1900-01-01	2100-12-31					0	0	1		291
R	USA-CA	SD-JERAULD	SD,JERAULD|SD JERAULD	1900-01-01	2100-12-31					0	0	1		291
R	USA-CA	SD-JONES	SD,JONES|SD JONES	1900-01-01	2100-12-31					0	0	1		291
R	USA-CA	SD-KINGSBURY	SD,KINGSBURY|SD KINGSBURY	1900-01-01	2100-12-31					0	0	1		291
R	USA-CA	SD-LAKE	SD,LAKE|SD LAKE	1900-01-01	2100-12-31					0	0	1		291
R	USA-CA	SD-LAWRENCE	SD,LAWRENCE|SD LAWRENCE	1900-01-01	2100-12-31					0	0	1		291
R	USA-CA	SD-LINCOLN	SD,LINCOLN|SD LINCOLN	1900-01-01	2100-12-31					0	0	1		291
R	USA-CA	SD-LYMAN	SD,LYMAN|SD LYMAN	1900-01-01	2100-12-31					0	0	1		291
R	USA-CA	SD-MARSHALL	SD,MARSHALL|SD MARSHALL	1900-01-01	2100-12-31					0	0	1		291
R	USA-CA	SD-MCCOOK	SD,MCCOOK|SD MCCOOK	1900-01-01	2100-12-31					0	0	1		291
R	USA-CA	SD-MCPHERSON	SD,MCPHERSON|SD MCPHERSON	1900-01-01	2100-12-31					0	0	1		291
R	USA-CA	SD-MEADE	SD,MEADE|SD MEADE	1900-01-01	2100-12-31					0	0	1		291
R	USA-CA	SD-MELLETTE	SD,MELLETTE|SD MELLETTE	1900-01-01	2100-12-31					0	0	1		291
R	USA-CA	SD-MINER	SD,MINER|SD MINER	1900-01-01	2100-12-31					0	0	1		291
R	USA-CA	SD-MINNEHAHA	SD,MINNEHAHA|SD MINNEHAHA	1900-01-01	2100-12-31					0	0	1		291
R	USA-CA	SD-MOODY	SD,MOODY|SD MOODY	1900-01-01	2100-12-31					0	0	1		291
R	USA-CA	SD-PENNINGTON	SD,PENNINGTON|SD PENNINGTON	1900-01-01	2100-12-31					0	0	1		291
R	USA-CA	SD-PERKINS	SD,PERKINS|SD PERKINS	1900-01-01	2100-12-31					0	0	1		291
R	USA-CA	SD-POTTER	SD,POTTER|SD POTTER	1900-01-01	2100-12-31					0	0	1		291
R	USA-CA	SD-ROBERTS	SD,ROBERTS|SD ROBERTS	1900-01-01	2100-12-31					0	0	1		291
R	USA-CA	SD-SANBORN	SD,SANBORN|SD SANBORN	1900-01-01	2100-12-31					0	0	1		291
R	USA-CA	SD-SHANNON	SD,SHANNON|SD SHANNON	1900-01-01	2100-12-31					0	0	1		291
R	USA-CA	SD-SPINK	SD,SPINK|SD SPINK	1900-01-01	2100-12-31					0	0	1		291
R	USA-CA	SD-STANLEY	SD,STANLEY|SD STANLEY	1900-01-01	2100-12-31					0	0	1		291
R	USA-CA	SD-SULLY	SD,SULLY|SD SULLY	1900-01-01	2100-12-31					0	0	1		291
R	USA-CA	SD-TODD	SD,TODD|SD TODD	1900-01-01	2100-12-31					0	0	1		291
R	USA-CA	SD-TRIPP	SD,TRIPP|SD TRIPP	1900-01-01	2100-12-31					0	0	1		291
R	USA-CA	SD-TURNER	SD,TURNER|SD TURNER	1900-01-01	2100-12-31					0	0	1		291
R	USA-CA	SD-UNION	SD,UNION|SD UNION	1900-01-01	2100-12-31					0	0	1		291
R	USA-CA	SD-WALWORTH	SD,WALWORTH|SD WALWORTH	1900-01-01	2100-12-31					0	0	1		291
R	USA-CA	SD-YANKTON	SD,YANKTON|SD YANKTON	1900-01-01	2100-12-31					0	0	1		291
R	USA-CA	SD-ZIEBACH	SD,ZIEBACH|SD ZIEBACH	1900-01-01	2100-12-31					0	0	1		291
R	USA-CA	TN-ANDERSON	TN,ANDERSON|TN ANDERSON	1900-01-01	2100-12-31					0	0	1		291
R	USA-CA	TN-BEDFORD	TN,BEDFORD|TN BEDFORD	1900-01-01	2100-12-31					0	0	1		291
R	USA-CA	TN-BENTON	TN,BENTON|TN BENTON	1900-01-01	2100-12-31					0	0	1		291
R	USA-CA	TN-BLEDSOE	TN,BLEDSOE|TN BLEDSOE	1900-01-01	2100-12-31					0	0	1		291
R	USA-CA	TN-BLOUNT	TN,BLOUNT|TN BLOUNT	1900-01-01	2100-12-31					0	0	1		291
R	USA-CA	TN-BRADLEY	TN,BRADLEY|TN BRADLEY	1900-01-01	2100-12-31					0	0	1		291
R	USA-CA	TN-CAMPBELL	TN,CAMPBELL|TN CAMPBELL	1900-01-01	2100-12-31					0	0	1		291
R	USA-CA	TN-CANNON	TN,CANNON|TN CANNON	1900-01-01	2100-12-31					0	0	1		291
R	USA-CA	TN-CARROLL	TN,CARROLL|TN CARROLL	1900-01-01	2100-12-31					0	0	1		291
R	USA-CA	TN-CARTER	TN,CARTER|TN CARTER	1900-01-01	2100-12-31					0	0	1		291
R	USA-CA	TN-CHEATHAM	TN,CHEATHAM|TN CHEATHAM	1900-01-01	2100-12-31					0	0	1		291
R	USA-CA	TN-CHESTER	TN,CHESTER|TN CHESTER	1900-01-01	2100-12-31					0	0	1		291
R	USA-CA	TN-CLAIBORNE	TN,CLAIBORNE|TN CLAIBORNE	1900-01-01	2100-12-31					0	0	1		291
R	USA-CA	TN-CLAY	TN,CLAY|TN CLAY	1900-01-01	2100-12-31					0	0	1		291
R	USA-CA	TN-COCKE	TN,COCKE|TN COCKE	1900-01-01	2100-12-31					0	0	1		291
R	USA-CA	TN-COFFEE	TN,COFFEE|TN COFFEE	1900-01-01	2100-12-31					0	0	1		291
R	USA-CA	TN-CROCKETT	TN,CROCKETT|TN CROCKETT	1900-01-01	2100-12-31					0	0	1		291
R	USA-CA	TN-CUMBERLAND	TN,CUMBERLAND|TN CUMBERLAND	1900-01-01	2100-12-31					0	0	1		291
R	USA-CA	TN-DAVIDSON	TN,DAVIDSON|TN DAVIDSON	1900-01-01	2100-12-31					0	0	1		291
R	USA-CA	TN-DECATUR	TN,DECATUR|TN DECATUR	1900-01-01	2100-12-31					0	0	1		291
R	USA-CA	TN-DEKALB	TN,DEKALB|TN DEKALB	1900-01-01	2100-12-31					0	0	1		291
R	USA-CA	TN-DICKSON	TN,DICKSON|TN DICKSON	1900-01-01	2100-12-31					0	0	1		291
R	USA-CA	TN-DYER	TN,DYER|TN DYER	1900-01-01	2100-12-31					0	0	1		291
R	USA-CA	TN-FAYETTE	TN,FAYETTE|TN FAYETTE	1900-01-01	2100-12-31					0	0	1		291
R	USA-CA	TN-FENTRESS	TN,FENTRESS|TN FENTRESS	1900-01-01	2100-12-31					0	0	1		291
R	USA-CA	TN-FRANKLIN	TN,FRANKLIN|TN FRANKLIN	1900-01-01	2100-12-31					0	0	1		291
R	USA-CA	TN-GIBSON	TN,GIBSON|TN GIBSON	1900-01-01	2100-12-31					0	0	1		291
R	USA-CA	TN-GILES	TN,GILES|TN GILES	1900-01-01	2100-12-31					0	0	1		291
R	USA-CA	TN-GRAINGER	TN,GRAINGER|TN GRAINGER	1900-01-01	2100-12-31					0	0	1		291
R	USA-CA	TN-GREENE	TN,GREENE|TN GREENE	1900-01-01	2100-12-31					0	0	1		291
R	USA-CA	TN-GRUNDY	TN,GRUNDY|TN GRUNDY	1900-01-01	2100-12-31					0	0	1		291
R	USA-CA	TN-HAMBLEN	TN,HAMBLEN|TN HAMBLEN	1900-01-01	2100-12-31					0	0	1		291
R	USA-CA	TN-HAMILTON	TN,HAMILTON|TN HAMILTON	1900-01-01	2100-12-31					0	0	1		291
R	USA-CA	TN-HANCOCK	TN,HANCOCK|TN HANCOCK	1900-01-01	2100-12-31					0	0	1		291
R	USA-CA	TN-HARDEMAN	TN,HARDEMAN|TN HARDEMAN	1900-01-01	2100-12-31					0	0	1		291
R	USA-CA	TN-HARDIN	TN,HARDIN|TN HARDIN	1900-01-01	2100-12-31					0	0	1		291
R	USA-CA	TN-HAWKINS	TN,HAWKINS|TN HAWKINS	1900-01-01	2100-12-31					0	0	1		291
R	USA-CA	TN-HAYWOOD	TN,HAYWOOD|TN HAYWOOD	1900-01-01	2100-12-31					0	0	1		291
R	USA-CA	TN-HENDERSON	TN,HENDERSON|TN HENDERSON	1900-01-01	2100-12-31					0	0	1		291
R	USA-CA	TN-HENRY	TN,HENRY|TN HENRY	1900-01-01	2100-12-31					0	0	1		291
R	USA-CA	TN-HICKMAN	TN,HICKMAN|TN HICKMAN	1900-01-01	2100-12-31					0	0	1		291
R	USA-CA	TN-HOUSTON	TN,HOUSTON|TN HOUSTON	1900-01-01	2100-12-31					0	0	1		291
R	USA-CA	TN-HUMPHREYS	TN,HUMPHREYS|TN HUMPHREYS	1900-01-01	2100-12-31					0	0	1		291
R	USA-CA	TN-JACKSON	TN,JACKSON|TN JACKSON	1900-01-01	2100-12-31					0	0	1		291
R	USA-CA	TN-JEFFERSON	TN,JEFFERSON|TN JEFFERSON	1900-01-01	2100-12-31					0	0	1		291
R	USA-CA	TN-JOHNSON	TN,JOHNSON|TN JOHNSON	1900-01-01	2100-12-31					0	0	1		291
R	USA-CA	TN-KNOX	TN,KNOX|TN KNOX	1900-01-01	2100-12-31					0	0	1		291
R	USA-CA	TN-LAKE	TN,LAKE|TN LAKE	1900-01-01	2100-12-31					0	0	1		291
R	USA-CA	TN-LAUDERDALE	TN,LAUDERDALE|TN LAUDERDALE	1900-01-01	2100-12-31					0	0	1		291
R	USA-CA	TN-LAWRENCE	TN,LAWRENCE|TN LAWRENCE	1900-01-01	2100-12-31					0	0	1		291
R	USA-CA	TN-LEWIS	TN,LEWIS|TN LEWIS	1900-01-01	2100-12-31					0	0	1		291
R	USA-CA	TN-LINCOLN	TN,LINCOLN|TN LINCOLN	1900-01-01	2100-12-31					0	0	1		291
R	USA-CA	TN-LOUDON	TN,LOUDON|TN LOUDON	1900-01-01	2100-12-31					0	0	1		291
R	USA-CA	TN-MACON	TN,MACON|TN MACON	1900-01-01	2100-12-31					0	0	1		291
R	USA-CA	TN-MADISON	TN,MADISON|TN MADISON	1900-01-01	2100-12-31					0	0	1		291
R	USA-CA	TN-MARION	TN,MARION|TN MARION	1900-01-01	2100-12-31					0	0	1		291
R	USA-CA	TN-MARSHALL	TN,MARSHALL|TN MARSHALL	1900-01-01	2100-12-31					0	0	1		291
R	USA-CA	TN-MAURY	TN,MAURY|TN MAURY	1900-01-01	2100-12-31					0	0	1		291
R	USA-CA	TN-MCMINN	TN,MCMINN|TN MCMINN	1900-01-01	2100-12-31					0	0	1		291
R	USA-CA	TN-MCNAIRY	TN,MCNAIRY|TN MCNAIRY	1900-01-01	2100-12-31					0	0	1		291
R	USA-CA	TN-MEIGS	TN,MEIGS|TN MEIGS	1900-01-01	2100-12-31					0	0	1		291
R	USA-CA	TN-MONROE	TN,MONROE|TN MONROE	1900-01-01	2100-12-31					0	0	1		291
R	USA-CA	TN-MONTGOMERY	TN,MONTGOMERY|TN MONTGOMERY	1900-01-01	2100-12-31					0	0	1		291
R	USA-CA	TN-MOORE	TN,MOORE|TN MOORE	1900-01-01	2100-12-31					0	0	1		291
R	USA-CA	TN-MORGAN	TN,MORGAN|TN MORGAN	1900-01-01	2100-12-31					0	0	1		291
R	USA-CA	TN-OBION	TN,OBION|TN OBION	1900-01-01	2100-12-31					0	0	1		291
R	USA-CA	TN-OVERTON	TN,OVERTON|TN OVERTON	1900-01-01	2100-12-31					0	0	1		291
R	USA-CA	TN-PERRY	TN,PERRY|TN PERRY	1900-01-01	2100-12-31					0	0	1		291
R	USA-CA	TN-PICKETT	TN,PICKETT|TN PICKETT	1900-01-01	2100-12-31					0	0	1		291
R	USA-CA	TN-POLK	TN,POLK|TN POLK	1900-01-01	2100-12-31					0	0	1		291
R	USA-CA	TN-PUTNAM	TN,PUTNAM|TN PUTNAM	1900-01-01	2100-12-31					0	0	1		291
R	USA-CA	TN-RHEA	TN,RHEA|TN RHEA	1900-01-01	2100-12-31					0	0	1		291
R	USA-CA	TN-ROANE	TN,ROANE|TN ROANE	1900-01-01	2100-12-31					0	0	1		291
R	USA-CA	TN-ROBERTSON	TN,ROBERTSON|TN ROBERTSON	1900-01-01	2100-12-31					0	0	1		291
R	USA-CA	TN-RUTHERFORD	TN,RUTHERFORD|TN RUTHERFORD	1900-01-01	2100-12-31					0	0	1		291
R	USA-CA	TN-SCOTT	TN,SCOTT|TN SCOTT	1900-01-01	2100-12-31					0	0	1		291
R	USA-CA	TN-SEQUATCHIE	TN,SEQUATCHIE|TN SEQUATCHIE	1900-01-01	2100-12-31					0	0	1		291
R	USA-CA	TN-SEVIER	TN,SEVIER|TN SEVIER	1900-01-01	2100-12-31					0	0	1		291
R	USA-CA	TN-SHELBY	TN,SHELBY|TN SHELBY	1900-01-01	2100-12-31					0	0	1		291
R	USA-CA	TN-SMITH	TN,SMITH|TN SMITH	1900-01-01	2100-12-31					0	0	1		291
R	USA-CA	TN-STEWART	TN,STEWART|TN STEWART	1900-01-01	2100-12-31					0	0	1		291
R	USA-CA	TN-SULLIVAN	TN,SULLIVAN|TN SULLIVAN	1900-01-01	2100-12-31					0	0	1		291
R	USA-CA	TN-SUMNER	TN,SUMNER|TN SUMNER	1900-01-01	2100-12-31					0	0	1		291
R	USA-CA	TN-TIPTON	TN,TIPTON|TN TIPTON	1900-01-01	2100-12-31					0	0	1		291
R	USA-CA	TN-TROUSDALE	TN,TROUSDALE|TN TROUSDALE	1900-01-01	2100-12-31					0	0	1		291
R	USA-CA	TN-UNICOI	TN,UNICOI|TN UNICOI	1900-01-01	2100-12-31					0	0	1		291
R	USA-CA	TN-UNION	TN,UNION|TN UNION	1900-01-01	2100-12-31					0	0	1		291
R	USA-CA	TN-VANBUREN	TN,VANBUREN|TN VANBUREN	1900-01-01	2100-12-31					0	0	1		291
R	USA-CA	TN-WARREN	TN,WARREN|TN WARREN	1900-01-01	2100-12-31					0	0	1		291
R	USA-CA	TN-WASHINGTON	TN,WASHINGTON|TN WASHINGTON	1900-01-01	2100-12-31					0	0	1		291
R	USA-CA	TN-WAYNE	TN,WAYNE|TN WAYNE	1900-01-01	2100-12-31					0	0	1		291
R	USA-CA	TN-WEAKLEY	TN,WEAKLEY|TN WEAKLEY	1900-01-01	2100-12-31					0	0	1		291
R	USA-CA	TN-WHITE	TN,WHITE|TN WHITE	1900-01-01	2100-12-31					0	0	1		291
R	USA-CA	TN-WILLIAMSON	TN,WILLIAMSON|TN WILLIAMSON	1900-01-01	2100-12-31					0	0	1		291
R	USA-CA	TN-WILSON	TN,WILSON|TN WILSON	1900-01-01	2100-12-31					0	0	1		291
R	USA-CA	TX-ANDERSON	TX,ANDERSON|TX ANDERSON	1900-01-01	2100-12-31					0	0	1		291
R	USA-CA	TX-ANDREWS	TX,ANDREWS|TX ANDREWS	1900-01-01	2100-12-31					0	0	1		291
R	USA-CA	TX-ANGELINA	TX,ANGELINA|TX ANGELINA	1900-01-01	2100-12-31					0	0	1		291
R	USA-CA	TX-ARANSAS	TX,ARANSAS|TX ARANSAS	1900-01-01	2100-12-31					0	0	1		291
R	USA-CA	TX-ARCHER	TX,ARCHER|TX ARCHER	1900-01-01	2100-12-31					0	0	1		291
R	USA-CA	TX-ARMSTRONG	TX,ARMSTRONG|TX ARMSTRONG	1900-01-01	2100-12-31					0	0	1		291
R	USA-CA	TX-ATASCOSA	TX,ATASCOSA|TX ATASCOSA	1900-01-01	2100-12-31					0	0	1		291
R	USA-CA	TX-AUSTIN	TX,AUSTIN|TX AUSTIN	1900-01-01	2100-12-31					0	0	1		291
R	USA-CA	TX-BAILEY	TX,BAILEY|TX BAILEY	1900-01-01	2100-12-31					0	0	1		291
R	USA-CA	TX-BANDERA	TX,BANDERA|TX BANDERA	1900-01-01	2100-12-31					0	0	1		291
R	USA-CA	TX-BASTROP	TX,BASTROP|TX BASTROP	1900-01-01	2100-12-31					0	0	1		291
R	USA-CA	TX-BAYLOR	TX,BAYLOR|TX BAYLOR	1900-01-01	2100-12-31					0	0	1		291
R	USA-CA	TX-BEE	TX,BEE|TX BEE	1900-01-01	2100-12-31					0	0	1		291
R	USA-CA	TX-BELL	TX,BELL|TX BELL	1900-01-01	2100-12-31					0	0	1		291
R	USA-CA	TX-BEXAR	TX,BEXAR|TX BEXAR	1900-01-01	2100-12-31					0	0	1		291
R	USA-CA	TX-BLANCO	TX,BLANCO|TX BLANCO	1900-01-01	2100-12-31					0	0	1		291
R	USA-CA	TX-BORDEN	TX,BORDEN|TX BORDEN	1900-01-01	2100-12-31					0	0	1		291
R	USA-CA	TX-BOSQUE	TX,BOSQUE|TX BOSQUE	1900-01-01	2100-12-31					0	0	1		291
R	USA-CA	TX-BOWIE	TX,BOWIE|TX BOWIE	1900-01-01	2100-12-31					0	0	1		291
R	USA-CA	TX-BRAZORIA	TX,BRAZORIA|TX BRAZORIA	1900-01-01	2100-12-31					0	0	1		291
R	USA-CA	TX-BRAZOS	TX,BRAZOS|TX BRAZOS	1900-01-01	2100-12-31					0	0	1		291
R	USA-CA	TX-BREWSTER	TX,BREWSTER|TX BREWSTER	1900-01-01	2100-12-31					0	0	1		291
R	USA-CA	TX-BRISCOE	TX,BRISCOE|TX BRISCOE	1900-01-01	2100-12-31					0	0	1		291
R	USA-CA	TX-BROOKS	TX,BROOKS|TX BROOKS	1900-01-01	2100-12-31					0	0	1		291
R	USA-CA	TX-BROWN	TX,BROWN|TX BROWN	1900-01-01	2100-12-31					0	0	1		291
R	USA-CA	TX-BURLESON	TX,BURLESON|TX BURLESON	1900-01-01	2100-12-31					0	0	1		291
R	USA-CA	TX-BURNET	TX,BURNET|TX BURNET	1900-01-01	2100-12-31					0	0	1		291
R	USA-CA	TX-CALDWELL	TX,CALDWELL|TX CALDWELL	1900-01-01	2100-12-31					0	0	1		291
R	USA-CA	TX-CALHOUN	TX,CALHOUN|TX CALHOUN	1900-01-01	2100-12-31					0	0	1		291
R	USA-CA	TX-CALLAHAN	TX,CALLAHAN|TX CALLAHAN	1900-01-01	2100-12-31					0	0	1		291
R	USA-CA	TX-CAMERON	TX,CAMERON|TX CAMERON	1900-01-01	2100-12-31					0	0	1		291
R	USA-CA	TX-CAMP	TX,CAMP|TX CAMP	1900-01-01	2100-12-31					0	0	1		291
R	USA-CA	TX-CARSON	TX,CARSON|TX CARSON	1900-01-01	2100-12-31					0	0	1		291
R	USA-CA	TX-CASS	TX,CASS|TX CASS	1900-01-01	2100-12-31					0	0	1		291
R	USA-CA	TX-CASTRO	TX,CASTRO|TX CASTRO	1900-01-01	2100-12-31					0	0	1		291
R	USA-CA	TX-CHAMBERS	TX,CHAMBERS|TX CHAMBERS	1900-01-01	2100-12-31					0	0	1		291
R	USA-CA	TX-CHEROKEE	TX,CHEROKEE|TX CHEROKEE	1900-01-01	2100-12-31					0	0	1		291
R	USA-CA	TX-CHILDRESS	TX,CHILDRESS|TX CHILDRESS	1900-01-01	2100-12-31					0	0	1		291
R	USA-CA	TX-CLAY	TX,CLAY|TX CLAY	1900-01-01	2100-12-31					0	0	1		291
R	USA-CA	TX-COCHRAN	TX,COCHRAN|TX COCHRAN	1900-01-01	2100-12-31					0	0	1		291
R	USA-CA	TX-COKE	TX,COKE|TX COKE	1900-01-01	2100-12-31					0	0	1		291
R	USA-CA	TX-COLEMAN	TX,COLEMAN|TX COLEMAN	1900-01-01	2100-12-31					0	0	1		291
R	USA-CA	TX-COLLIN	TX,COLLIN|TX COLLIN	1900-01-01	2100-12-31					0	0	1		291
R	USA-CA	TX-COLLINGSWORTH	TX,COLLINGSWORTH|TX COLLINGSWORTH	1900-01-01	2100-12-31					0	0	1		291
R	USA-CA	TX-COLORADO	TX,COLORADO|TX COLORADO	1900-01-01	2100-12-31					0	0	1		291
R	USA-CA	TX-COMAL	TX,COMAL|TX COMAL	1900-01-01	2100-12-31					0	0	1		291
R	USA-CA	TX-COMANCHE	TX,COMANCHE|TX COMANCHE	1900-01-01	2100-12-31					0	0	1		291
R	USA-CA	TX-CONCHO	TX,CONCHO|TX CONCHO	1900-01-01	2100-12-31					0	0	1		291
R	USA-CA	TX-COOKE	TX,COOKE|TX COOKE	1900-01-01	2100-12-31					0	0	1		291
R	USA-CA	TX-CORYELL	TX,CORYELL|TX CORYELL	1900-01-01	2100-12-31					0	0	1		291
R	USA-CA	TX-COTTLE	TX,COTTLE|TX COTTLE	1900-01-01	2100-12-31					0	0	1		291
R	USA-CA	TX-CRANE	TX,CRANE|TX CRANE	1900-01-01	2100-12-31					0	0	1		291
R	USA-CA	TX-CROCKETT	TX,CROCKETT|TX CROCKETT	1900-01-01	2100-12-31					0	0	1		291
R	USA-CA	TX-CROSBY	TX,CROSBY|TX CROSBY	1900-01-01	2100-12-31					0	0	1		291
R	USA-CA	TX-CULBERSON	TX,CULBERSON|TX CULBERSON	1900-01-01	2100-12-31					0	0	1		291
R	USA-CA	TX-DALLAM	TX,DALLAM|TX DALLAM	1900-01-01	2100-12-31					0	0	1		291
R	USA-CA	TX-DALLAS	TX,DALLAS|TX DALLAS	1900-01-01	2100-12-31					0	0	1		291
R	USA-CA	TX-DAWSON	TX,DAWSON|TX DAWSON	1900-01-01	2100-12-31					0	0	1		291
R	USA-CA	TX-DEAFSMITH	TX,DEAFSMITH|TX DEAFSMITH	1900-01-01	2100-12-31					0	0	1		291
R	USA-CA	TX-DELTA	TX,DELTA|TX DELTA	1900-01-01	2100-12-31					0	0	1		291
R	USA-CA	TX-DENTON	TX,DENTON|TX DENTON	1900-01-01	2100-12-31					0	0	1		291
R	USA-CA	TX-DEWITT	TX,DEWITT|TX DEWITT	1900-01-01	2100-12-31					0	0	1		291
R	USA-CA	TX-DICKENS	TX,DICKENS|TX DICKENS	1900-01-01	2100-12-31					0	0	1		291
R	USA-CA	TX-DIMMIT	TX,DIMMIT|TX DIMMIT	1900-01-01	2100-12-31					0	0	1		291
R	USA-CA	TX-DONLEY	TX,DONLEY|TX DONLEY	1900-01-01	2100-12-31					0	0	1		291
R	USA-CA	TX-DUVAL	TX,DUVAL|TX DUVAL	1900-01-01	2100-12-31					0	0	1		291
R	USA-CA	TX-EASTLAND	TX,EASTLAND|TX EASTLAND	1900-01-01	2100-12-31					0	0	1		291
R	USA-CA	TX-ECTOR	TX,ECTOR|TX ECTOR	1900-01-01	2100-12-31					0	0	1		291
R	USA-CA	TX-EDWARDS	TX,EDWARDS|TX EDWARDS	1900-01-01	2100-12-31					0	0	1		291
R	USA-CA	TX-ELLIS	TX,ELLIS|TX ELLIS	1900-01-01	2100-12-31					0	0	1		291
R	USA-CA	TX-ELPASO	TX,ELPASO|TX ELPASO	1900-01-01	2100-12-31					0	0	1		291
R	USA-CA	TX-ERATH	TX,ERATH|TX ERATH	1900-01-01	2100-12-31					0	0	1		291
R	USA-CA	TX-FALLS	TX,FALLS|TX FALLS	1900-01-01	2100-12-31					0	0	1		291
R	USA-CA	TX-FANNIN	TX,FANNIN|TX FANNIN	1900-01-01	2100-12-31					0	0	1		291
R	USA-CA	TX-FAYETTE	TX,FAYETTE|TX FAYETTE	1900-01-01	2100-12-31					0	0	1		291
R	USA-CA	TX-FISHER	TX,FISHER|TX FISHER	1900-01-01	2100-12-31					0	0	1		291
R	USA-CA	TX-FLOYD	TX,FLOYD|TX FLOYD	1900-01-01	2100-12-31					0	0	1		291
R	USA-CA	TX-FOARD	TX,FOARD|TX FOARD	1900-01-01	2100-12-31					0	0	1		291
R	USA-CA	TX-FORTBEND	TX,FORTBEND|TX FORTBEND	1900-01-01	2100-12-31					0	0	1		291
R	USA-CA	TX-FRANKLIN	TX,FRANKLIN|TX FRANKLIN	1900-01-01	2100-12-31					0	0	1		291
R	USA-CA	TX-FREESTONE	TX,FREESTONE|TX FREESTONE	1900-01-01	2100-12-31					0	0	1		291
R	USA-CA	TX-FRIO	TX,FRIO|TX FRIO	1900-01-01	2100-12-31					0	0	1		291
R	USA-CA	TX-GAINES	TX,GAINES|TX GAINES	1900-01-01	2100-12-31					0	0	1		291
R	USA-CA	TX-GALVESTON	TX,GALVESTON|TX GALVESTON	1900-01-01	2100-12-31					0	0	1		291
R	USA-CA	TX-GARZA	TX,GARZA|TX GARZA	1900-01-01	2100-12-31					0	0	1		291
R	USA-CA	TX-GILLESPIE	TX,GILLESPIE|TX GILLESPIE	1900-01-01	2100-12-31					0	0	1		291
R	USA-CA	TX-GLASSCOCK	TX,GLASSCOCK|TX GLASSCOCK	1900-01-01	2100-12-31					0	0	1		291
R	USA-CA	TX-GOLIAD	TX,GOLIAD|TX GOLIAD	1900-01-01	2100-12-31					0	0	1		291
R	USA-CA	TX-GONZALES	TX,GONZALES|TX GONZALES	1900-01-01	2100-12-31					0	0	1		291
R	USA-CA	TX-GRAY	TX,GRAY|TX GRAY	1900-01-01	2100-12-31					0	0	1		291
R	USA-CA	TX-GRAYSON	TX,GRAYSON|TX GRAYSON	1900-01-01	2100-12-31					0	0	1		291
R	USA-CA	TX-GREGG	TX,GREGG|TX GREGG	1900-01-01	2100-12-31					0	0	1		291
R	USA-CA	TX-GRIMES	TX,GRIMES|TX GRIMES	1900-01-01	2100-12-31					0	0	1		291
R	USA-CA	TX-GUADALUPE	TX,GUADALUPE|TX GUADALUPE	1900-01-01	2100-12-31					0	0	1		291
R	USA-CA	TX-HALE	TX,HALE|TX HALE	1900-01-01	2100-12-31					0	0	1		291
R	USA-CA	TX-HALL	TX,HALL|TX HALL	1900-01-01	2100-12-31					0	0	1		291
R	USA-CA	TX-HAMILTON	TX,HAMILTON|TX HAMILTON	1900-01-01	2100-12-31					0	0	1		291
R	USA-CA	TX-HANSFORD	TX,HANSFORD|TX HANSFORD	1900-01-01	2100-12-31					0	0	1		291
R	USA-CA	TX-HARDEMAN	TX,HARDEMAN|TX HARDEMAN	1900-01-01	2100-12-31					0	0	1		291
R	USA-CA	TX-HARDIN	TX,HARDIN|TX HARDIN	1900-01-01	2100-12-31					0	0	1		291
R	USA-CA	TX-HARRIS	TX,HARRIS|TX HARRIS	1900-01-01	2100-12-31					0	0	1		291
R	USA-CA	TX-HARRISON	TX,HARRISON|TX HARRISON	1900-01-01	2100-12-31					0	0	1		291
R	USA-CA	TX-HARTLEY	TX,HARTLEY|TX HARTLEY	1900-01-01	2100-12-31					0	0	1		291
R	USA-CA	TX-HASKELL	TX,HASKELL|TX HASKELL	1900-01-01	2100-12-31					0	0	1		291
R	USA-CA	TX-HAYS	TX,HAYS|TX HAYS	1900-01-01	2100-12-31					0	0	1		291
R	USA-CA	TX-HEMPHILL	TX,HEMPHILL|TX HEMPHILL	1900-01-01	2100-12-31					0	0	1		291
R	USA-CA	TX-HENDERSON	TX,HENDERSON|TX HENDERSON	1900-01-01	2100-12-31					0	0	1		291
R	USA-CA	TX-HIDALGO	TX,HIDALGO|TX HIDALGO	1900-01-01	2100-12-31					0	0	1		291
R	USA-CA	TX-HILL	TX,HILL|TX HILL	1900-01-01	2100-12-31					0	0	1		291
R	USA-CA	TX-HOCKLEY	TX,HOCKLEY|TX HOCKLEY	1900-01-01	2100-12-31					0	0	1		291
R	USA-CA	TX-HOOD	TX,HOOD|TX HOOD	1900-01-01	2100-12-31					0	0	1		291
R	USA-CA	TX-HOPKINS	TX,HOPKINS|TX HOPKINS	1900-01-01	2100-12-31					0	0	1		291
R	USA-CA	TX-HOUSTON	TX,HOUSTON|TX HOUSTON	1900-01-01	2100-12-31					0	0	1		291
R	USA-CA	TX-HOWARD	TX,HOWARD|TX HOWARD	1900-01-01	2100-12-31					0	0	1		291
R	USA-CA	TX-HUDSPETH	TX,HUDSPETH|TX HUDSPETH	1900-01-01	2100-12-31					0	0	1		291
R	USA-CA	TX-HUNT	TX,HUNT|TX HUNT	1900-01-01	2100-12-31					0	0	1		291
R	USA-CA	TX-HUTCHINSON	TX,HUTCHINSON|TX HUTCHINSON	1900-01-01	2100-12-31					0	0	1		291
R	USA-CA	TX-IRION	TX,IRION|TX IRION	1900-01-01	2100-12-31					0	0	1		291
R	USA-CA	TX-JACK	TX,JACK|TX JACK	1900-01-01	2100-12-31					0	0	1		291
R	USA-CA	TX-JACKSON	TX,JACKSON|TX JACKSON	1900-01-01	2100-12-31					0	0	1		291
R	USA-CA	TX-JASPER	TX,JASPER|TX JASPER	1900-01-01	2100-12-31					0	0	1		291
R	USA-CA	TX-JEFFDAVIS	TX,JEFFDAVIS|TX JEFFDAVIS	1900-01-01	2100-12-31					0	0	1		291
R	USA-CA	TX-JEFFERSON	TX,JEFFERSON|TX JEFFERSON	1900-01-01	2100-12-31					0	0	1		291
R	USA-CA	TX-JIMHOGG	TX,JIMHOGG|TX JIMHOGG	1900-01-01	2100-12-31					0	0	1		291
R	USA-CA	TX-JIMWELLS	TX,JIMWELLS|TX JIMWELLS	1900-01-01	2100-12-31					0	0	1		291
R	USA-CA	TX-JOHNSON	TX,JOHNSON|TX JOHNSON	1900-01-01	2100-12-31					0	0	1		291
R	USA-CA	TX-JONES	TX,JONES|TX JONES	1900-01-01	2100-12-31					0	0	1		291
R	USA-CA	TX-KARNES	TX,KARNES|TX KARNES	1900-01-01	2100-12-31					0	0	1		291
R	USA-CA	TX-KAUFMAN	TX,KAUFMAN|TX KAUFMAN	1900-01-01	2100-12-31					0	0	1		291
R	USA-CA	TX-KENDALL	TX,KENDALL|TX KENDALL	1900-01-01	2100-12-31					0	0	1		291
R	USA-CA	TX-KENNEDY	TX,KENNEDY|TX KENNEDY	1900-01-01	2100-12-31					0	0	1		291
R	USA-CA	TX-KENT	TX,KENT|TX KENT	1900-01-01	2100-12-31					0	0	1		291
R	USA-CA	TX-KERR	TX,KERR|TX KERR	1900-01-01	2100-12-31					0	0	1		291
R	USA-CA	TX-KIMBLE	TX,KIMBLE|TX KIMBLE	1900-01-01	2100-12-31					0	0	1		291
R	USA-CA	TX-KING	TX,KING|TX KING	1900-01-01	2100-12-31					0	0	1		291
R	USA-CA	TX-KINNEY	TX,KINNEY|TX KINNEY	1900-01-01	2100-12-31					0	0	1		291
R	USA-CA	TX-KLEBERG	TX,KLEBERG|TX KLEBERG	1900-01-01	2100-12-31					0	0	1		291
R	USA-CA	TX-KNOX	TX,KNOX|TX KNOX	1900-01-01	2100-12-31					0	0	1		291
R	USA-CA	TX-LAMAR	TX,LAMAR|TX LAMAR	1900-01-01	2100-12-31					0	0	1		291
R	USA-CA	TX-LAMB	TX,LAMB|TX LAMB	1900-01-01	2100-12-31					0	0	1		291
R	USA-CA	TX-LAMPASAS	TX,LAMPASAS|TX LAMPASAS	1900-01-01	2100-12-31					0	0	1		291
R	USA-CA	TX-LASALLE	TX,LASALLE|TX LASALLE	1900-01-01	2100-12-31					0	0	1		291
R	USA-CA	TX-LAVACA	TX,LAVACA|TX LAVACA	1900-01-01	2100-12-31					0	0	1		291
R	USA-CA	TX-LEE	TX,LEE|TX LEE	1900-01-01	2100-12-31					0	0	1		291
R	USA-CA	TX-LEON	TX,LEON|TX LEON	1900-01-01	2100-12-31					0	0	1		291
R	USA-CA	TX-LIBERTY	TX,LIBERTY|TX LIBERTY	1900-01-01	2100-12-31					0	0	1		291
R	USA-CA	TX-LIMESTONE	TX,LIMESTONE|TX LIMESTONE	1900-01-01	2100-12-31					0	0	1		291
R	USA-CA	TX-LIPSCOMB	TX,LIPSCOMB|TX LIPSCOMB	1900-01-01	2100-12-31					0	0	1		291
R	USA-CA	TX-LIVEOAK	TX,LIVEOAK|TX LIVEOAK	1900-01-01	2100-12-31					0	0	1		291
R	USA-CA	TX-LLANO	TX,LLANO|TX LLANO	1900-01-01	2100-12-31					0	0	1		291
R	USA-CA	TX-LOVING	TX,LOVING|TX LOVING	1900-01-01	2100-12-31					0	0	1		291
R	USA-CA	TX-LUBBOCK	TX,LUBBOCK|TX LUBBOCK	1900-01-01	2100-12-31					0	0	1		291
R	USA-CA	TX-LYNN	TX,LYNN|TX LYNN	1900-01-01	2100-12-31					0	0	1		291
R	USA-CA	TX-MADISON	TX,MADISON|TX MADISON	1900-01-01	2100-12-31					0	0	1		291
R	USA-CA	TX-MARION	TX,MARION|TX MARION	1900-01-01	2100-12-31					0	0	1		291
R	USA-CA	TX-MARTIN	TX,MARTIN|TX MARTIN	1900-01-01	2100-12-31					0	0	1		291
R	USA-CA	TX-MASON	TX,MASON|TX MASON	1900-01-01	2100-12-31					0	0	1		291
R	USA-CA	TX-MATAGORDA	TX,MATAGORDA|TX MATAGORDA	1900-01-01	2100-12-31					0	0	1		291
R	USA-CA	TX-MAVERICK	TX,MAVERICK|TX MAVERICK	1900-01-01	2100-12-31					0	0	1		291
R	USA-CA	TX-MCCULLOCH	TX,MCCULLOCH|TX MCCULLOCH	1900-01-01	2100-12-31					0	0	1		291
R	USA-CA	TX-MCLENNAN	TX,MCLENNAN|TX MCLENNAN	1900-01-01	2100-12-31					0	0	1		291
R	USA-CA	TX-MCMULLEN	TX,MCMULLEN|TX MCMULLEN	1900-01-01	2100-12-31					0	0	1		291
R	USA-CA	TX-MEDINA	TX,MEDINA|TX MEDINA	1900-01-01	2100-12-31					0	0	1		291
R	USA-CA	TX-MENARD	TX,MENARD|TX MENARD	1900-01-01	2100-12-31					0	0	1		291
R	USA-CA	TX-MIDLAND	TX,MIDLAND|TX MIDLAND	1900-01-01	2100-12-31					0	0	1		291
R	USA-CA	TX-MILAM	TX,MILAM|TX MILAM	1900-01-01	2100-12-31					0	0	1		291
R	USA-CA	TX-MILLS	TX,MILLS|TX MILLS	1900-01-01	2100-12-31					0	0	1		291
R	USA-CA	TX-MITCHELL	TX,MITCHELL|TX MITCHELL	1900-01-01	2100-12-31					0	0	1		291
R	USA-CA	TX-MONTAGUE	TX,MONTAGUE|TX MONTAGUE	1900-01-01	2100-12-31					0	0	1		291
R	USA-CA	TX-MONTGOMERY	TX,MONTGOMERY|TX MONTGOMERY	1900-01-01	2100-12-31					0	0	1		291
R	USA-CA	TX-MOORE	TX,MOORE|TX MOORE	1900-01-01	2100-12-31					0	0	1		291
R	USA-CA	TX-MORRIS	TX,MORRIS|TX MORRIS	1900-01-01	2100-12-31					0	0	1		291
R	USA-CA	TX-MOTLEY	TX,MOTLEY|TX MOTLEY	1900-01-01	2100-12-31					0	0	1		291
R	USA-CA	TX-NACOGDOCHES	TX,NACOGDOCHES|TX NACOGDOCHES	1900-01-01	2100-12-31					0	0	1		291
R	USA-CA	TX-NAVARRO	TX,NAVARRO|TX NAVARRO	1900-01-01	2100-12-31					0	0	1		291
R	USA-CA	TX-NEWTON	TX,NEWTON|TX NEWTON	1900-01-01	2100-12-31					0	0	1		291
R	USA-CA	TX-NOLAN	TX,NOLAN|TX NOLAN	1900-01-01	2100-12-31					0	0	1		291
R	USA-CA	TX-NUECES	TX,NUECES|TX NUECES	1900-01-01	2100-12-31					0	0	1		291
R	USA-CA	TX-OCHILTREE	TX,OCHILTREE|TX OCHILTREE	1900-01-01	2100-12-31					0	0	1		291
R	USA-CA	TX-OLDHAM	TX,OLDHAM|TX OLDHAM	1900-01-01	2100-12-31					0	0	1		291
R	USA-CA	TX-ORANGE	TX,ORANGE|TX ORANGE	1900-01-01	2100-12-31					0	0	1		291
R	USA-CA	TX-PALOPINTO	TX,PALOPINTO|TX PALOPINTO	1900-01-01	2100-12-31					0	0	1		291
R	USA-CA	TX-PANOLA	TX,PANOLA|TX PANOLA	1900-01-01	2100-12-31					0	0	1		291
R	USA-CA	TX-PARKER	TX,PARKER|TX PARKER	1900-01-01	2100-12-31					0	0	1		291
R	USA-CA	TX-PARMER	TX,PARMER|TX PARMER	1900-01-01	2100-12-31					0	0	1		291
R	USA-CA	TX-PECOS	TX,PECOS|TX PECOS	1900-01-01	2100-12-31					0	0	1		291
R	USA-CA	TX-POLK	TX,POLK|TX POLK	1900-01-01	2100-12-31					0	0	1		291
R	USA-CA	TX-POTTER	TX,POTTER|TX POTTER	1900-01-01	2100-12-31					0	0	1		291
R	USA-CA	TX-PRESIDIO	TX,PRESIDIO|TX PRESIDIO	1900-01-01	2100-12-31					0	0	1		291
R	USA-CA	TX-RAINS	TX,RAINS|TX RAINS	1900-01-01	2100-12-31					0	0	1		291
R	USA-CA	TX-RANDALL	TX,RANDALL|TX RANDALL	1900-01-01	2100-12-31					0	0	1		291
R	USA-CA	TX-REAGAN	TX,REAGAN|TX REAGAN	1900-01-01	2100-12-31					0	0	1		291
R	USA-CA	TX-REAL	TX,REAL|TX REAL	1900-01-01	2100-12-31					0	0	1		291
R	USA-CA	TX-REDRIVER	TX,REDRIVER|TX REDRIVER	1900-01-01	2100-12-31					0	0	1		291
R	USA-CA	TX-REEVES	TX,REEVES|TX REEVES	1900-01-01	2100-12-31					0	0	1		291
R	USA-CA	TX-REFUGIO	TX,REFUGIO|TX REFUGIO	1900-01-01	2100-12-31					0	0	1		291
R	USA-CA	TX-ROBERTS	TX,ROBERTS|TX ROBERTS	1900-01-01	2100-12-31					0	0	1		291
R	USA-CA	TX-ROBERTSON	TX,ROBERTSON|TX ROBERTSON	1900-01-01	2100-12-31					0	0	1		291
R	USA-CA	TX-ROCKWALL	TX,ROCKWALL|TX ROCKWALL	1900-01-01	2100-12-31					0	0	1		291
R	USA-CA	TX-RUNNELS	TX,RUNNELS|TX RUNNELS	1900-01-01	2100-12-31					0	0	1		291
R	USA-CA	TX-RUSK	TX,RUSK|TX RUSK	1900-01-01	2100-12-31					0	0	1		291
R	USA-CA	TX-SABINE	TX,SABINE|TX SABINE	1900-01-01	2100-12-31					0	0	1		291
R	USA-CA	TX-SANAUGUSTINE	TX,SANAUGUSTINE|TX SANAUGUSTINE	1900-01-01	2100-12-31					0	0	1		291
R	USA-CA	TX-SANJACINTO	TX,SANJACINTO|TX SANJACINTO	1900-01-01	2100-12-31					0	0	1		291
R	USA-CA	TX-SANPATRICIO	TX,SANPATRICIO|TX SANPATRICIO	1900-01-01	2100-12-31					0	0	1		291
R	USA-CA	TX-SANSABA	TX,SANSABA|TX SANSABA	1900-01-01	2100-12-31					0	0	1		291
R	USA-CA	TX-SCHLEICHER	TX,SCHLEICHER|TX SCHLEICHER	1900-01-01	2100-12-31					0	0	1		291
R	USA-CA	TX-SCURRY	TX,SCURRY|TX SCURRY	1900-01-01	2100-12-31					0	0	1		291
R	USA-CA	TX-SHACKELFORD	TX,SHACKELFORD|TX SHACKELFORD	1900-01-01	2100-12-31					0	0	1		291
R	USA-CA	TX-SHELBY	TX,SHELBY|TX SHELBY	1900-01-01	2100-12-31					0	0	1		291
R	USA-CA	TX-SHERMAN	TX,SHERMAN|TX SHERMAN	1900-01-01	2100-12-31					0	0	1		291
R	USA-CA	TX-SMITH	TX,SMITH|TX SMITH	1900-01-01	2100-12-31					0	0	1		291
R	USA-CA	TX-SOMERVELL	TX,SOMERVELL|TX SOMERVELL	1900-01-01	2100-12-31					0	0	1		291
R	USA-CA	TX-STARR	TX,STARR|TX STARR	1900-01-01	2100-12-31					0	0	1		291
R	USA-CA	TX-STEPHENS	TX,STEPHENS|TX STEPHENS	1900-01-01	2100-12-31					0	0	1		291
R	USA-CA	TX-STERLING	TX,STERLING|TX STERLING	1900-01-01	2100-12-31					0	0	1		291
R	USA-CA	TX-STONEWALL	TX,STONEWALL|TX STONEWALL	1900-01-01	2100-12-31					0	0	1		291
R	USA-CA	TX-SUTTON	TX,SUTTON|TX SUTTON	1900-01-01	2100-12-31					0	0	1		291
R	USA-CA	TX-SWISHER	TX,SWISHER|TX SWISHER	1900-01-01	2100-12-31					0	0	1		291
R	USA-CA	TX-TARRANT	TX,TARRANT|TX TARRANT	1900-01-01	2100-12-31					0	0	1		291
R	USA-CA	TX-TAYLOR	TX,TAYLOR|TX TAYLOR	1900-01-01	2100-12-31					0	0	1		291
R	USA-CA	TX-TERRELL	TX,TERRELL|TX TERRELL	1900-01-01	2100-12-31					0	0	1		291
R	USA-CA	TX-TERRY	TX,TERRY|TX TERRY	1900-01-01	2100-12-31					0	0	1		291
R	USA-CA	TX-THROCKMORTON	TX,THROCKMORTON|TX THROCKMORTON	1900-01-01	2100-12-31					0	0	1		291
R	USA-CA	TX-TITUS	TX,TITUS|TX TITUS	1900-01-01	2100-12-31					0	0	1		291
R	USA-CA	TX-TOMGREEN	TX,TOMGREEN|TX TOMGREEN	1900-01-01	2100-12-31					0	0	1		291
R	USA-CA	TX-TRAVIS	TX,TRAVIS|TX TRAVIS	1900-01-01	2100-12-31					0	0	1		291
R	USA-CA	TX-TRINITY	TX,TRINITY|TX TRINITY	1900-01-01	2100-12-31					0	0	1		291
R	USA-CA	TX-TYLER	TX,TYLER|TX TYLER	1900-01-01	2100-12-31					0	0	1		291
R	USA-CA	TX-UPSHUR	TX,UPSHUR|TX UPSHUR	1900-01-01	2100-12-31					0	0	1		291
R	USA-CA	TX-UPTON	TX,UPTON|TX UPTON	1900-01-01	2100-12-31					0	0	1		291
R	USA-CA	TX-UVALDE	TX,UVALDE|TX UVALDE	1900-01-01	2100-12-31					0	0	1		291
R	USA-CA	TX-VALVERDE	TX,VALVERDE|TX VALVERDE	1900-01-01	2100-12-31					0	0	1		291
R	USA-CA	TX-VANZANDT	TX,VANZANDT|TX VANZANDT	1900-01-01	2100-12-31					0	0	1		291
R	USA-CA	TX-VICTORIA	TX,VICTORIA|TX VICTORIA	1900-01-01	2100-12-31					0	0	1		291
R	USA-CA	TX-WALKER	TX,WALKER|TX WALKER	1900-01-01	2100-12-31					0	0	1		291
R	USA-CA	TX-WALLER	TX,WALLER|TX WALLER	1900-01-01	2100-12-31					0	0	1		291
R	USA-CA	TX-WARD	TX,WARD|TX WARD	1900-01-01	2100-12-31					0	0	1		291
R	USA-CA	TX-WASHINGTON	TX,WASHINGTON|TX WASHINGTON	1900-01-01	2100-12-31					0	0	1		291
R	USA-CA	TX-WEBB	TX,WEBB|TX WEBB	1900-01-01	2100-12-31					0	0	1		291
R	USA-CA	TX-WHARTON	TX,WHARTON|TX WHARTON	1900-01-01	2100-12-31					0	0	1		291
R	USA-CA	TX-WHEELER	TX,WHEELER|TX WHEELER	1900-01-01	2100-12-31					0	0	1		291
R	USA-CA	TX-WICHITA	TX,WICHITA|TX WICHITA	1900-01-01	2100-12-31					0	0	1		291
R	USA-CA	TX-WILBARGER	TX,WILBARGER|TX WILBARGER	1900-01-01	2100-12-31					0	0	1		291
R	USA-CA	TX-WILLACY	TX,WILLACY|TX WILLACY	1900-01-01	2100-12-31					0	0	1		291
R	USA-CA	TX-WILLIAMSON	TX,WILLIAMSON|TX WILLIAMSON	1900-01-01	2100-12-31					0	0	1		291
R	USA-CA	TX-WILSON	TX,WILSON|TX WILSON	1900-01-01	2100-12-31					0	0	1		291
R	USA-CA	TX-WINKLER	TX,WINKLER|TX WINKLER	1900-01-01	2100-12-31					0	0	1		291
R	USA-CA	TX-WISE	TX,WISE|TX WISE	1900-01-01	2100-12-31					0	0	1		291
R	USA-CA	TX-WOOD	TX,WOOD|TX WOOD	1900-01-01	2100-12-31					0	0	1		291
R	USA-CA	TX-YOAKUM	TX,YOAKUM|TX YOAKUM	1900-01-01	2100-12-31					0	0	1		291
R	USA-CA	TX-YOUNG	TX,YOUNG|TX YOUNG	1900-01-01	2100-12-31					0	0	1		291
R	USA-CA	TX-ZAPATA	TX,ZAPATA|TX ZAPATA	1900-01-01	2100-12-31					0	0	1		291
R	USA-CA	TX-ZAVALA	TX,ZAVALA|TX ZAVALA	1900-01-01	2100-12-31					0	0	1		291
R	USA-CA	UT-BEAVER	UT,BEAVER|UT BEAVER	1900-01-01	2100-12-31					0	0	1		291
R	USA-CA	UT-BOXELDER	UT,BOXELDER|UT BOXELDER	1900-01-01	2100-12-31					0	0	1		291
R	USA-CA	UT-CACHE	UT,CACHE|UT CACHE	1900-01-01	2100-12-31					0	0	1		291
R	USA-CA	UT-CARBON	UT,CARBON|UT CARBON	1900-01-01	2100-12-31					0	0	1		291
R	USA-CA	UT-DAGGETT	UT,DAGGETT|UT DAGGETT	1900-01-01	2100-12-31					0	0	1		291
R	USA-CA	UT-DAVIS	UT,DAVIS|UT DAVIS	1900-01-01	2100-12-31					0	0	1		291
R	USA-CA	UT-DUCHESNE	UT,DUCHESNE|UT DUCHESNE	1900-01-01	2100-12-31					0	0	1		291
R	USA-CA	UT-EMERY	UT,EMERY|UT EMERY	1900-01-01	2100-12-31					0	0	1		291
R	USA-CA	UT-GARFIELD	UT,GARFIELD|UT GARFIELD	1900-01-01	2100-12-31					0	0	1		291
R	USA-CA	UT-GRAND	UT,GRAND|UT GRAND	1900-01-01	2100-12-31					0	0	1		291
R	USA-CA	UT-IRON	UT,IRON|UT IRON	1900-01-01	2100-12-31					0	0	1		291
R	USA-CA	UT-JUAB	UT,JUAB|UT JUAB	1900-01-01	2100-12-31					0	0	1		291
R	USA-CA	UT-KANE	UT,KANE|UT KANE	1900-01-01	2100-12-31					0	0	1		291
R	USA-CA	UT-MILLARD	UT,MILLARD|UT MILLARD	1900-01-01	2100-12-31					0	0	1		291
R	USA-CA	UT-MORGAN	UT,MORGAN|UT MORGAN	1900-01-01	2100-12-31					0	0	1		291
R	USA-CA	UT-PIUTE	UT,PIUTE|UT PIUTE	1900-01-01	2100-12-31					0	0	1		291
R	USA-CA	UT-RICH	UT,RICH|UT RICH	1900-01-01	2100-12-31					0	0	1		291
R	USA-CA	UT-SALTLAKE	UT,SALTLAKE|UT SALTLAKE	1900-01-01	2100-12-31					0	0	1		291
R	USA-CA	UT-SANJUAN	UT,SANJUAN|UT SANJUAN	1900-01-01	2100-12-31					0	0	1		291
R	USA-CA	UT-SANPETE	UT,SANPETE|UT SANPETE	1900-01-01	2100-12-31					0	0	1		291
R	USA-CA	UT-SEVIER	UT,SEVIER|UT SEVIER	1900-01-01	2100-12-31					0	0	1		291
R	USA-CA	UT-SUMMIT	UT,SUMMIT|UT SUMMIT	1900-01-01	2100-12-31					0	0	1		291
R	USA-CA	UT-TOOELE	UT,TOOELE|UT TOOELE	1900-01-01	2100-12-31					0	0	1		291
R	USA-CA	UT-UINTAH	UT,UINTAH|UT UINTAH	1900-01-01	2100-12-31					0	0	1		291
R	USA-CA	UT-UTAH	UT,UTAH|UT UTAH	1900-01-01	2100-12-31					0	0	1		291
R	USA-CA	UT-WASATCH	UT,WASATCH|UT WASATCH	1900-01-01	2100-12-31					0	0	1		291
R	USA-CA	UT-WASHINGTON	UT,WASHINGTON|UT WASHINGTON	1900-01-01	2100-12-31					0	0	1		291
R	USA-CA	UT-WAYNE	UT,WAYNE|UT WAYNE	1900-01-01	2100-12-31					0	0	1		291
R	USA-CA	UT-WEBER	UT,WEBER|UT WEBER	1900-01-01	2100-12-31					0	0	1		291
R	USA-CA	VA-ACCOMACK	VA,ACCOMACK|VA ACCOMACK	1900-01-01	2100-12-31					0	0	1		291
R	USA-CA	VA-ALBEMARLE	VA,ALBEMARLE|VA ALBEMARLE	1900-01-01	2100-12-31					0	0	1		291
R	USA-CA	VA-ALLEGHANY	VA,ALLEGHANY|VA ALLEGHANY	1900-01-01	2100-12-31					0	0	1		291
R	USA-CA	VA-AMELIA	VA,AMELIA|VA AMELIA	1900-01-01	2100-12-31					0	0	1		291
R	USA-CA	VA-AMHERST	VA,AMHERST|VA AMHERST	1900-01-01	2100-12-31					0	0	1		291
R	USA-CA	VA-APPOMATTOX	VA,APPOMATTOX|VA APPOMATTOX	1900-01-01	2100-12-31					0	0	1		291
R	USA-CA	VA-ARLINGTON	VA,ARLINGTON|VA ARLINGTON	1900-01-01	2100-12-31					0	0	1		291
R	USA-CA	VA-AUGUSTA	VA,AUGUSTA|VA AUGUSTA	1900-01-01	2100-12-31					0	0	1		291
R	USA-CA	VA-BATH	VA,BATH|VA BATH	1900-01-01	2100-12-31					0	0	1		291
R	USA-CA	VA-BEDFORD	VA,BEDFORD|VA BEDFORD	1900-01-01	2100-12-31					0	0	1		291
R	USA-CA	VA-BLAND	VA,BLAND|VA BLAND	1900-01-01	2100-12-31					0	0	1		291
R	USA-CA	VA-BOTETOURT	VA,BOTETOURT|VA BOTETOURT	1900-01-01	2100-12-31					0	0	1		291
R	USA-CA	VA-BRUNSWICK	VA,BRUNSWICK|VA BRUNSWICK	1900-01-01	2100-12-31					0	0	1		291
R	USA-CA	VA-BUCHANAN	VA,BUCHANAN|VA BUCHANAN	1900-01-01	2100-12-31					0	0	1		291
R	USA-CA	VA-BUCKINGHAM	VA,BUCKINGHAM|VA BUCKINGHAM	1900-01-01	2100-12-31					0	0	1		291
R	USA-CA	VA-CAMPBELL	VA,CAMPBELL|VA CAMPBELL	1900-01-01	2100-12-31					0	0	1		291
R	USA-CA	VA-CAROLINE	VA,CAROLINE|VA CAROLINE	1900-01-01	2100-12-31					0	0	1		291
R	USA-CA	VA-CARROLL	VA,CARROLL|VA CARROLL	1900-01-01	2100-12-31					0	0	1		291
R	USA-CA	VA-CHARLESCITY	VA,CHARLESCITY|VA CHARLESCITY	1900-01-01	2100-12-31					0	0	1		291
R	USA-CA	VA-CHARLOTTE	VA,CHARLOTTE|VA CHARLOTTE	1900-01-01	2100-12-31					0	0	1		291
R	USA-CA	VA-CHARLOTTESVILLE	VA,CHARLOTTESVILLE|VA CHARLOTTESVILLE	1900-01-01	2100-12-31					0	0	1		291
R	USA-CA	VA-CHESTERFIELD	VA,CHESTERFIELD|VA CHESTERFIELD	1900-01-01	2100-12-31					0	0	1		291
R	USA-CA	VA-CLARKE	VA,CLARKE|VA CLARKE	1900-01-01	2100-12-31					0	0	1		291
R	USA-CA	VA-CRAIG	VA,CRAIG|VA CRAIG	1900-01-01	2100-12-31					0	0	1		291
R	USA-CA	VA-CULPEPPER	VA,CULPEPPER|VA CULPEPPER	1900-01-01	2100-12-31					0	0	1		291
R	USA-CA	VA-CUMBERLAND	VA,CUMBERLAND|VA CUMBERLAND	1900-01-01	2100-12-31					0	0	1		291
R	USA-CA	VA-DICKENSON	VA,DICKENSON|VA DICKENSON	1900-01-01	2100-12-31					0	0	1		291
R	USA-CA	VA-DINWIDDIE	VA,DINWIDDIE|VA DINWIDDIE	1900-01-01	2100-12-31					0	0	1		291
R	USA-CA	VA-ESSEX	VA,ESSEX|VA ESSEX	1900-01-01	2100-12-31					0	0	1		291
R	USA-CA	VA-FAIRFAX	VA,FAIRFAX|VA FAIRFAX	1900-01-01	2100-12-31					0	0	1		291
R	USA-CA	VA-FAUQUIER	VA,FAUQUIER|VA FAUQUIER	1900-01-01	2100-12-31					0	0	1		291
R	USA-CA	VA-FLOYD	VA,FLOYD|VA FLOYD	1900-01-01	2100-12-31					0	0	1		291
R	USA-CA	VA-FLUVANNA	VA,FLUVANNA|VA FLUVANNA	1900-01-01	2100-12-31					0	0	1		291
R	USA-CA	VA-FRANKLIN	VA,FRANKLIN|VA FRANKLIN	1900-01-01	2100-12-31					0	0	1		291
R	USA-CA	VA-FREDERICK	VA,FREDERICK|VA FREDERICK	1900-01-01	2100-12-31					0	0	1		291
R	USA-CA	VA-GILES	VA,GILES|VA GILES	1900-01-01	2100-12-31					0	0	1		291
R	USA-CA	VA-GLOUCESTER	VA,GLOUCESTER|VA GLOUCESTER	1900-01-01	2100-12-31					0	0	1		291
R	USA-CA	VA-GOOCHLAND	VA,GOOCHLAND|VA GOOCHLAND	1900-01-01	2100-12-31					0	0	1		291
R	USA-CA	VA-GRAYSON	VA,GRAYSON|VA GRAYSON	1900-01-01	2100-12-31					0	0	1		291
R	USA-CA	VA-GREENE	VA,GREENE|VA GREENE	1900-01-01	2100-12-31					0	0	1		291
R	USA-CA	VA-GREENSVILLE	VA,GREENSVILLE|VA GREENSVILLE	1900-01-01	2100-12-31					0	0	1		291
R	USA-CA	VA-HALIFAX	VA,HALIFAX|VA HALIFAX	1900-01-01	2100-12-31					0	0	1		291
R	USA-CA	VA-HANOVER	VA,HANOVER|VA HANOVER	1900-01-01	2100-12-31					0	0	1		291
R	USA-CA	VA-HENRICO	VA,HENRICO|VA HENRICO	1900-01-01	2100-12-31					0	0	1		291
R	USA-CA	VA-HENRY	VA,HENRY|VA HENRY	1900-01-01	2100-12-31					0	0	1		291
R	USA-CA	VA-HIGHLAND	VA,HIGHLAND|VA HIGHLAND	1900-01-01	2100-12-31					0	0	1		291
R	USA-CA	VA-ISLEOFWIGHT	VA,ISLEOFWIGHT|VA ISLEOFWIGHT	1900-01-01	2100-12-31					0	0	1		291
R	USA-CA	VA-JAMESCITY	VA,JAMESCITY|VA JAMESCITY	1900-01-01	2100-12-31					0	0	1		291
R	USA-CA	VA-KINGANDQUEEN	VA,KINGANDQUEEN|VA KINGANDQUEEN	1900-01-01	2100-12-31					0	0	1		291
R	USA-CA	VA-KINGGEORGE	VA,KINGGEORGE|VA KINGGEORGE	1900-01-01	2100-12-31					0	0	1		291
R	USA-CA	VA-KINGWILLIAM	VA,KINGWILLIAM|VA KINGWILLIAM	1900-01-01	2100-12-31					0	0	1		291
R	USA-CA	VA-LANCASTER	VA,LANCASTER|VA LANCASTER	1900-01-01	2100-12-31					0	0	1		291
R	USA-CA	VA-LEE	VA,LEE|VA LEE	1900-01-01	2100-12-31					0	0	1		291
R	USA-CA	VA-LOUDOUN	VA,LOUDOUN|VA LOUDOUN	1900-01-01	2100-12-31					0	0	1		291
R	USA-CA	VA-LOUISA	VA,LOUISA|VA LOUISA	1900-01-01	2100-12-31					0	0	1		291
R	USA-CA	VA-LUNENBURG	VA,LUNENBURG|VA LUNENBURG	1900-01-01	2100-12-31					0	0	1		291
R	USA-CA	VA-MADISON	VA,MADISON|VA MADISON	1900-01-01	2100-12-31					0	0	1		291
R	USA-CA	VA-MATHEWS	VA,MATHEWS|VA MATHEWS	1900-01-01	2100-12-31					0	0	1		291
R	USA-CA	VA-MECKLENBURG	VA,MECKLENBURG|VA MECKLENBURG	1900-01-01	2100-12-31					0	0	1		291
R	USA-CA	VA-MIDDLESEX	VA,MIDDLESEX|VA MIDDLESEX	1900-01-01	2100-12-31					0	0	1		291
R	USA-CA	VA-MONTGOMERY	VA,MONTGOMERY|VA MONTGOMERY	1900-01-01	2100-12-31					0	0	1		291
R	USA-CA	VA-NELSON	VA,NELSON|VA NELSON	1900-01-01	2100-12-31					0	0	1		291
R	USA-CA	VA-NEWKENT	VA,NEWKENT|VA NEWKENT	1900-01-01	2100-12-31					0	0	1		291
R	USA-CA	VA-NORTHAMPTON	VA,NORTHAMPTON|VA NORTHAMPTON	1900-01-01	2100-12-31					0	0	1		291
R	USA-CA	VA-NORTHUMBERLAND	VA,NORTHUMBERLAND|VA NORTHUMBERLAND	1900-01-01	2100-12-31					0	0	1		291
R	USA-CA	VA-NOTTOWAY	VA,NOTTOWAY|VA NOTTOWAY	1900-01-01	2100-12-31					0	0	1		291
R	USA-CA	VA-ORANGE	VA,ORANGE|VA ORANGE	1900-01-01	2100-12-31					0	0	1		291
R	USA-CA	VA-PAGE	VA,PAGE|VA PAGE	1900-01-01	2100-12-31					0	0	1		291
R	USA-CA	VA-PATRICK	VA,PATRICK|VA PATRICK	1900-01-01	2100-12-31					0	0	1		291
R	USA-CA	VA-PITTSYLVANIA	VA,PITTSYLVANIA|VA PITTSYLVANIA	1900-01-01	2100-12-31					0	0	1		291
R	USA-CA	VA-POWHATAN	VA,POWHATAN|VA POWHATAN	1900-01-01	2100-12-31					0	0	1		291
R	USA-CA	VA-PRINCEEDWARD	VA,PRINCEEDWARD|VA PRINCEEDWARD	1900-01-01	2100-12-31					0	0	1		291
R	USA-CA	VA-PRINCEGEORGE	VA,PRINCEGEORGE|VA PRINCEGEORGE	1900-01-01	2100-12-31					0	0	1		291
R	USA-CA	VA-PRINCEWILLIAM	VA,PRINCEWILLIAM|VA PRINCEWILLIAM	1900-01-01	2100-12-31					0	0	1		291
R	USA-CA	VA-PULASKI	VA,PULASKI|VA PULASKI	1900-01-01	2100-12-31					0	0	1		291
R	USA-CA	VA-RAPPAHANNOCK	VA,RAPPAHANNOCK|VA RAPPAHANNOCK	1900-01-01	2100-12-31					0	0	1		291
R	USA-CA	VA-RICHMOND	VA,RICHMOND|VA RICHMOND	1900-01-01	2100-12-31					0	0	1		291
R	USA-CA	VA-ROANOKE	VA,ROANOKE|VA ROANOKE	1900-01-01	2100-12-31					0	0	1		0
R	USA-CA	VA-ROCKBRIDGE	VA,ROCKBRIDGE|VA ROCKBRIDGE	1900-01-01	2100-12-31					0	0	1		291
R	USA-CA	VA-ROCKINGHAM	VA,ROCKINGHAM|VA ROCKINGHAM	1900-01-01	2100-12-31					0	0	1		291
R	USA-CA	VA-RUSSELL	VA,RUSSELL|VA RUSSELL	1900-01-01	2100-12-31					0	0	1		291
R	USA-CA	VA-SCOTT	VA,SCOTT|VA SCOTT	1900-01-01	2100-12-31					0	0	1		291
R	USA-CA	VA-SHENANDOAH	VA,SHENANDOAH|VA SHENANDOAH	1900-01-01	2100-12-31					0	0	1		291
R	USA-CA	VA-SMYTH	VA,SMYTH|VA SMYTH	1900-01-01	2100-12-31					0	0	1		291
R	USA-CA	VA-SOUTHAMPTON	VA,SOUTHAMPTON|VA SOUTHAMPTON	1900-01-01	2100-12-31					0	0	1		291
R	USA-CA	VA-SPOTSYLVANIA	VA,SPOTSYLVANIA|VA SPOTSYLVANIA	1900-01-01	2100-12-31					0	0	1		291
R	USA-CA	VA-STAFFORD	VA,STAFFORD|VA STAFFORD	1900-01-01	2100-12-31					0	0	1		291
R	USA-CA	VA-SURRY	VA,SURRY|VA SURRY	1900-01-01	2100-12-31					0	0	1		291
R	USA-CA	VA-SUSSEX	VA,SUSSEX|VA SUSSEX	1900-01-01	2100-12-31					0	0	1		291
R	USA-CA	VA-TAZEWELL	VA,TAZEWELL|VA TAZEWELL	1900-01-01	2100-12-31					0	0	1		291
R	USA-CA	VA-WARREN	VA,WARREN|VA WARREN	1900-01-01	2100-12-31					0	0	1		291
R	USA-CA	VA-WASHINGTON	VA,WASHINGTON|VA WASHINGTON	1900-01-01	2100-12-31					0	0	1		291
R	USA-CA	VA-WESTMORELAND	VA,WESTMORELAND|VA WESTMORELAND	1900-01-01	2100-12-31					0	0	1		291
R	USA-CA	VA-WISE	VA,WISE|VA WISE	1900-01-01	2100-12-31					0	0	1		291
R	USA-CA	VA-WYTHE	VA,WYTHE|VA WYTHE	1900-01-01	2100-12-31					0	0	1		291
R	USA-CA	VA-YORK	VA,YORK|VA YORK	1900-01-01	2100-12-31					0	0	1		291
R	USA-CA	VT-ADDISON	VT,ADDISON|VT ADDISON	1900-01-01	2100-12-31					0	0	1		291
R	USA-CA	VT-BENNINGTON	VT,BENNINGTON|VT BENNINGTON	1900-01-01	2100-12-31					0	0	1		291
R	USA-CA	VT-CALEDONIA	VT,CALEDONIA|VT CALEDONIA	1900-01-01	2100-12-31					0	0	1		291
R	USA-CA	VT-CHITTENDEN	VT,CHITTENDEN|VT CHITTENDEN	1900-01-01	2100-12-31					0	0	1		291
R	USA-CA	VT-ESSEX	VT,ESSEX|VT ESSEX	1900-01-01	2100-12-31					0	0	1		291
R	USA-CA	VT-FRANKLIN	VT,FRANKLIN|VT FRANKLIN	1900-01-01	2100-12-31					0	0	1		291
R	USA-CA	VT-GRANDISLE	VT,GRANDISLE|VT GRANDISLE	1900-01-01	2100-12-31					0	0	1		291
R	USA-CA	VT-LAMOILLE	VT,LAMOILLE|VT LAMOILLE	1900-01-01	2100-12-31					0	0	1		291
R	USA-CA	VT-ORANGE	VT,ORANGE|VT ORANGE	1900-01-01	2100-12-31					0	0	1		291
R	USA-CA	VT-ORLEANS	VT,ORLEANS|VT ORLEANS	1900-01-01	2100-12-31					0	0	1		291
R	USA-CA	VT-RUTLAND	VT,RUTLAND|VT RUTLAND	1900-01-01	2100-12-31					0	0	1		291
R	USA-CA	VT-WASHINGTON	VT,WASHINGTON|VT WASHINGTON	1900-01-01	2100-12-31					0	0	1		291
R	USA-CA	VT-WINDHAM	VT,WINDHAM|VT WINDHAM	1900-01-01	2100-12-31					0	0	1		291
R	USA-CA	VT-WINDSOR	VT,WINDSOR|VT WINDSOR	1900-01-01	2100-12-31					0	0	1		291
R	USA-CA	WA-ADAMS	WA,ADAMS|WA ADAMS	1900-01-01	2100-12-31					0	0	1		291
R	USA-CA	WA-ASOTIN	WA,ASOTIN|WA ASOTIN	1900-01-01	2100-12-31					0	0	1		291
R	USA-CA	WA-BENTON	WA,BENTON|WA BENTON	1900-01-01	2100-12-31					0	0	1		291
R	USA-CA	WA-CHELAN	WA,CHELAN|WA CHELAN	1900-01-01	2100-12-31					0	0	1		291
R	USA-CA	WA-CLALLAM	WA,CLALLAM|WA CLALLAM	1900-01-01	2100-12-31					0	0	1		291
R	USA-CA	WA-CLARK	WA,CLARK|WA CLARK	1900-01-01	2100-12-31					0	0	1		291
R	USA-CA	WA-COLUMBIA	WA,COLUMBIA|WA COLUMBIA	1900-01-01	2100-12-31					0	0	1		291
R	USA-CA	WA-COWLITZ	WA,COWLITZ|WA COWLITZ	1900-01-01	2100-12-31					0	0	1		291
R	USA-CA	WA-DOUGLAS	WA,DOUGLAS|WA DOUGLAS	1900-01-01	2100-12-31					0	0	1		291
R	USA-CA	WA-FERRY	WA,FERRY|WA FERRY	1900-01-01	2100-12-31					0	0	1		291
R	USA-CA	WA-FRANKLIN	WA,FRANKLIN|WA FRANKLIN	1900-01-01	2100-12-31					0	0	1		291
R	USA-CA	WA-GARFIELD	WA,GARFIELD|WA GARFIELD	1900-01-01	2100-12-31					0	0	1		291
R	USA-CA	WA-GRANT	WA,GRANT|WA GRANT	1900-01-01	2100-12-31					0	0	1		291
R	USA-CA	WA-GRAYSHARBOUR	WA,GRAYSHARBOUR|WA GRAYSHARBOUR	1900-01-01	2100-12-31					0	0	1		291
R	USA-CA	WA-ISLAND	WA,ISLAND|WA ISLAND	1900-01-01	2100-12-31					0	0	1		291
R	USA-CA	WA-JEFFERSON	WA,JEFFERSON|WA JEFFERSON	1900-01-01	2100-12-31					0	0	1		291
R	USA-CA	WA-KING	WA,KING|WA KING	1900-01-01	2100-12-31					0	0	1		291
R	USA-CA	WA-KITSAP	WA,KITSAP|WA KITSAP	1900-01-01	2100-12-31					0	0	1		291
R	USA-CA	WA-KITTITAS	WA,KITTITAS|WA KITTITAS	1900-01-01	2100-12-31					0	0	1		291
R	USA-CA	WA-KLICKITAT	WA,KLICKITAT|WA KLICKITAT	1900-01-01	2100-12-31					0	0	1		291
R	USA-CA	WA-LEWIS	WA,LEWIS|WA LEWIS	1900-01-01	2100-12-31					0	0	1		291
R	USA-CA	WA-LINCOLN	WA,LINCOLN|WA LINCOLN	1900-01-01	2100-12-31					0	0	1		291
R	USA-CA	WA-MASON	WA,MASON|WA MASON	1900-01-01	2100-12-31					0	0	1		291
R	USA-CA	WA-OKANOGAN	WA,OKANOGAN|WA OKANOGAN	1900-01-01	2100-12-31					0	0	1		291
R	USA-CA	WA-PACIFIC	WA,PACIFIC|WA PACIFIC	1900-01-01	2100-12-31					0	0	1		291
R	USA-CA	WA-PENDOREILLE	WA,PENDOREILLE|WA PENDOREILLE	1900-01-01	2100-12-31					0	0	1		291
R	USA-CA	WA-PIERCE	WA,PIERCE|WA PIERCE	1900-01-01	2100-12-31					0	0	1		291
R	USA-CA	WA-SANJUAN	WA,SANJUAN|WA SANJUAN	1900-01-01	2100-12-31					0	0	1		291
R	USA-CA	WA-SKAGIT	WA,SKAGIT|WA SKAGIT	1900-01-01	2100-12-31					0	0	1		291
R	USA-CA	WA-SKAMANIA	WA,SKAMANIA|WA SKAMANIA	1900-01-01	2100-12-31					0	0	1		291
R	USA-CA	WA-SNOHOMISH	WA,SNOHOMISH|WA SNOHOMISH	1900-01-01	2100-12-31					0	0	1		291
R	USA-CA	WA-SPOKANE	WA,SPOKANE|WA SPOKANE	1900-01-01	2100-12-31					0	0	1		291
R	USA-CA	WA-STEVENS	WA,STEVENS|WA STEVENS	1900-01-01	2100-12-31					0	0	1		291
R	USA-CA	WA-THURSTON	WA,THURSTON|WA THURSTON	1900-01-01	2100-12-31					0	0	1		291
R	USA-CA	WA-WAHKIAKUM	WA,WAHKIAKUM|WA WAHKIAKUM	1900-01-01	2100-12-31					0	0	1		291
R	USA-CA	WA-WALLAWALLA	WA,WALLAWALLA|WA WALLAWALLA	1900-01-01	2100-12-31					0	0	1		291
R	USA-CA	WA-WHATCOM	WA,WHATCOM|WA WHATCOM	1900-01-01	2100-12-31					0	0	1		291
R	USA-CA	WA-WHITMAN	WA,WHITMAN|WA WHITMAN	1900-01-01	2100-12-31					0	0	1		291
R	USA-CA	WA-YAKIMA	WA,YAKIMA|WA YAKIMA	1900-01-01	2100-12-31					0	0	1		291
R	USA-CA	WI-ADAMS	WI,ADAMS|WI ADAMS	1900-01-01	2100-12-31					0	0	1		291
R	USA-CA	WI-ASHLAND	WI,ASHLAND|WI ASHLAND	1900-01-01	2100-12-31					0	0	1		291
R	USA-CA	WI-BARRON	WI,BARRON|WI BARRON	1900-01-01	2100-12-31					0	0	1		291
R	USA-CA	WI-BAYFIELD	WI,BAYFIELD|WI BAYFIELD	1900-01-01	2100-12-31					0	0	1		291
R	USA-CA	WI-BROWN	WI,BROWN|WI BROWN	1900-01-01	2100-12-31					0	0	1		291
R	USA-CA	WI-BUFFALO	WI,BUFFALO|WI BUFFALO	1900-01-01	2100-12-31					0	0	1		291
R	USA-CA	WI-BURNETT	WI,BURNETT|WI BURNETT	1900-01-01	2100-12-31					0	0	1		291
R	USA-CA	WI-CALUMET	WI,CALUMET|WI CALUMET	1900-01-01	2100-12-31					0	0	1		291
R	USA-CA	WI-CHIPPEWA	WI,CHIPPEWA|WI CHIPPEWA	1900-01-01	2100-12-31					0	0	1		291
R	USA-CA	WI-CLARK	WI,CLARK|WI CLARK	1900-01-01	2100-12-31					0	0	1		291
R	USA-CA	WI-COLUMBIA	WI,COLUMBIA|WI COLUMBIA	1900-01-01	2100-12-31					0	0	1		291
R	USA-CA	WI-CRAWFORD	WI,CRAWFORD|WI CRAWFORD	1900-01-01	2100-12-31					0	0	1		291
R	USA-CA	WI-DANE	WI,DANE|WI DANE	1900-01-01	2100-12-31					0	0	1		291
R	USA-CA	WI-DODGE	WI,DODGE|WI DODGE	1900-01-01	2100-12-31					0	0	1		291
R	USA-CA	WI-DOOR	WI,DOOR|WI DOOR	1900-01-01	2100-12-31					0	0	1		291
R	USA-CA	WI-DOUGLAS	WI,DOUGLAS|WI DOUGLAS	1900-01-01	2100-12-31					0	0	1		291
R	USA-CA	WI-DUNN	WI,DUNN|WI DUNN	1900-01-01	2100-12-31					0	0	1		291
R	USA-CA	WI-EAUCLAIRE	WI,EAUCLAIRE|WI EAUCLAIRE	1900-01-01	2100-12-31					0	0	1		291
R	USA-CA	WI-FLORENCE	WI,FLORENCE|WI FLORENCE	1900-01-01	2100-12-31					0	0	1		291
R	USA-CA	WI-FONDDULAC	WI,FONDDULAC|WI FONDDULAC	1900-01-01	2100-12-31					0	0	1		291
R	USA-CA	WI-FOREST	WI,FOREST|WI FOREST	1900-01-01	2100-12-31					0	0	1		291
R	USA-CA	WI-GRANT	WI,GRANT|WI GRANT	1900-01-01	2100-12-31					0	0	1		291
R	USA-CA	WI-GREEN	WI,GREEN|WI GREEN	1900-01-01	2100-12-31					0	0	1		291
R	USA-CA	WI-GREENLAKE	WI,GREENLAKE|WI GREENLAKE	1900-01-01	2100-12-31					0	0	1		291
R	USA-CA	WI-IOWA	WI,IOWA|WI IOWA	1900-01-01	2100-12-31					0	0	1		291
R	USA-CA	WI-IRON	WI,IRON|WI IRON	1900-01-01	2100-12-31					0	0	1		291
R	USA-CA	WI-JACKSON	WI,JACKSON|WI JACKSON	1900-01-01	2100-12-31					0	0	1		291
R	USA-CA	WI-JEFFERSON	WI,JEFFERSON|WI JEFFERSON	1900-01-01	2100-12-31					0	0	1		291
R	USA-CA	WI-JUNEAU	WI,JUNEAU|WI JUNEAU	1900-01-01	2100-12-31					0	0	1		291
R	USA-CA	WI-KENOSHA	WI,KENOSHA|WI KENOSHA	1900-01-01	2100-12-31					0	0	1		291
R	USA-CA	WI-KEWAUNEE	WI,KEWAUNEE|WI KEWAUNEE	1900-01-01	2100-12-31					0	0	1		291
R	USA-CA	WI-LACROSSE	WI,LACROSSE|WI LACROSSE	1900-01-01	2100-12-31					0	0	1		291
R	USA-CA	WI-LAFAYETTE	WI,LAFAYETTE|WI LAFAYETTE	1900-01-01	2100-12-31					0	0	1		291
R	USA-CA	WI-LANGLADE	WI,LANGLADE|WI LANGLADE	1900-01-01	2100-12-31					0	0	1		291
R	USA-CA	WI-LINCOLN	WI,LINCOLN|WI LINCOLN	1900-01-01	2100-12-31					0	0	1		291
R	USA-CA	WI-MANITOWOC	WI,MANITOWOC|WI MANITOWOC	1900-01-01	2100-12-31					0	0	1		291
R	USA-CA	WI-MARATHON	WI,MARATHON|WI MARATHON	1900-01-01	2100-12-31					0	0	1		291
R	USA-CA	WI-MARINETTE	WI,MARINETTE|WI MARINETTE	1900-01-01	2100-12-31					0	0	1		291
R	USA-CA	WI-MARQUETTE	WI,MARQUETTE|WI MARQUETTE	1900-01-01	2100-12-31					0	0	1		291
R	USA-CA	WI-MENOMINEE	WI,MENOMINEE|WI MENOMINEE	1900-01-01	2100-12-31					0	0	1		291
R	USA-CA	WI-MILWAUKEE	WI,MILWAUKEE|WI MILWAUKEE	1900-01-01	2100-12-31					0	0	1		291
R	USA-CA	WI-MONROE	WI,MONROE|WI MONROE	1900-01-01	2100-12-31					0	0	1		291
R	USA-CA	WI-OCONTO	WI,OCONTO|WI OCONTO	1900-01-01	2100-12-31					0	0	1		291
R	USA-CA	WI-ONEIDA	WI,ONEIDA|WI ONEIDA	1900-01-01	2100-12-31					0	0	1		291
R	USA-CA	WI-OUTAGAMIE	WI,OUTAGAMIE|WI OUTAGAMIE	1900-01-01	2100-12-31					0	0	1		291
R	USA-CA	WI-OZAUKEE	WI,OZAUKEE|WI OZAUKEE	1900-01-01	2100-12-31					0	0	1		291
R	USA-CA	WI-PEPIN	WI,PEPIN|WI PEPIN	1900-01-01	2100-12-31					0	0	1		291
R	USA-CA	WI-PIERCE	WI,PIERCE|WI PIERCE	1900-01-01	2100-12-31					0	0	1		291
R	USA-CA	WI-POLK	WI,POLK|WI POLK	1900-01-01	2100-12-31					0	0	1		291
R	USA-CA	WI-PORTAGE	WI,PORTAGE|WI PORTAGE	1900-01-01	2100-12-31					0	0	1		291
R	USA-CA	WI-PRICE	WI,PRICE|WI PRICE	1900-01-01	2100-12-31					0	0	1		291
R	USA-CA	WI-RACINE	WI,RACINE|WI RACINE	1900-01-01	2100-12-31					0	0	1		291
R	USA-CA	WI-RICHLAND	WI,RICHLAND|WI RICHLAND	1900-01-01	2100-12-31					0	0	1		291
R	USA-CA	WI-ROCK	WI,ROCK|WI ROCK	1900-01-01	2100-12-31					0	0	1		291
R	USA-CA	WI-RUSK	WI,RUSK|WI RUSK	1900-01-01	2100-12-31					0	0	1		291
R	USA-CA	WI-SAUK	WI,SAUK|WI SAUK	1900-01-01	2100-12-31					0	0	1		291
R	USA-CA	WI-SAWYER	WI,SAWYER|WI SAWYER	1900-01-01	2100-12-31					0	0	1		291
R	USA-CA	WI-SHAWANO	WI,SHAWANO|WI SHAWANO	1900-01-01	2100-12-31					0	0	1		291
R	USA-CA	WI-SHEBOYGAN	WI,SHEBOYGAN|WI SHEBOYGAN	1900-01-01	2100-12-31					0	0	1		291
R	USA-CA	WI-ST.CROIX	WI,ST.CROIX|WI ST.CROIX	1900-01-01	2100-12-31					0	0	1		291
R	USA-CA	WI-TAYLOR	WI,TAYLOR|WI TAYLOR	1900-01-01	2100-12-31					0	0	1		291
R	USA-CA	WI-TREMPEALEAU	WI,TREMPEALEAU|WI TREMPEALEAU	1900-01-01	2100-12-31					0	0	1		291
R	USA-CA	WI-VERNON	WI,VERNON|WI VERNON	1900-01-01	2100-12-31					0	0	1		291
R	USA-CA	WI-VILAS	WI,VILAS|WI VILAS	1900-01-01	2100-12-31					0	0	1		291
R	USA-CA	WI-WALWORTH	WI,WALWORTH|WI WALWORTH	1900-01-01	2100-12-31					0	0	1		291
R	USA-CA	WI-WASHBURN	WI,WASHBURN|WI WASHBURN	1900-01-01	2100-12-31					0	0	1		291
R	USA-CA	WI-WASHINGTON	WI,WASHINGTON|WI WASHINGTON	1900-01-01	2100-12-31					0	0	1		291
R	USA-CA	WI-WAUKESHA	WI,WAUKESHA|WI WAUKESHA	1900-01-01	2100-12-31					0	0	1		291
R	USA-CA	WI-WAUPACA	WI,WAUPACA|WI WAUPACA	1900-01-01	2100-12-31					0	0	1		291
R	USA-CA	WI-WAUSHARA	WI,WAUSHARA|WI WAUSHARA	1900-01-01	2100-12-31					0	0	1		291
R	USA-CA	WI-WINNEBAGO	WI,WINNEBAGO|WI WINNEBAGO	1900-01-01	2100-12-31					0	0	1		291
R	USA-CA	WI-WOOD	WI,WOOD|WI WOOD	1900-01-01	2100-12-31					0	0	1		291
R	USA-CA	WV-BARBOUR	WV,BARBOUR|WV BARBOUR	1900-01-01	2100-12-31					0	0	1		291
R	USA-CA	WV-BERKELEY	WV,BERKELEY|WV BERKELEY	1900-01-01	2100-12-31					0	0	1		291
R	USA-CA	WV-BOONE	WV,BOONE|WV BOONE	1900-01-01	2100-12-31					0	0	1		291
R	USA-CA	WV-BRAXTON	WV,BRAXTON|WV BRAXTON	1900-01-01	2100-12-31					0	0	1		291
R	USA-CA	WV-BROOKE	WV,BROOKE|WV BROOKE	1900-01-01	2100-12-31					0	0	1		291
R	USA-CA	WV-CABELL	WV,CABELL|WV CABELL	1900-01-01	2100-12-31					0	0	1		291
R	USA-CA	WV-CALHOUN	WV,CALHOUN|WV CALHOUN	1900-01-01	2100-12-31					0	0	1		291
R	USA-CA	WV-CLAY	WV,CLAY|WV CLAY	1900-01-01	2100-12-31					0	0	1		291
R	USA-CA	WV-DODDRIDGE	WV,DODDRIDGE|WV DODDRIDGE	1900-01-01	2100-12-31					0	0	1		291
R	USA-CA	WV-FAYETTE	WV,FAYETTE|WV FAYETTE	1900-01-01	2100-12-31					0	0	1		291
R	USA-CA	WV-GILMER	WV,GILMER|WV GILMER	1900-01-01	2100-12-31					0	0	1		291
R	USA-CA	WV-GRANT	WV,GRANT|WV GRANT	1900-01-01	2100-12-31					0	0	1		291
R	USA-CA	WV-GREENBRIER	WV,GREENBRIER|WV GREENBRIER	1900-01-01	2100-12-31					0	0	1		291
R	USA-CA	WV-HAMPSHIRE	WV,HAMPSHIRE|WV HAMPSHIRE	1900-01-01	2100-12-31					0	0	1		291
R	USA-CA	WV-HANCOCK	WV,HANCOCK|WV HANCOCK	1900-01-01	2100-12-31					0	0	1		291
R	USA-CA	WV-HARDY	WV,HARDY|WV HARDY	1900-01-01	2100-12-31					0	0	1		291
R	USA-CA	WV-HARRISON	WV,HARRISON|WV HARRISON	1900-01-01	2100-12-31					0	0	1		291
R	USA-CA	WV-JACKSON	WV,JACKSON|WV JACKSON	1900-01-01	2100-12-31					0	0	1		291
R	USA-CA	WV-JEFFERSON	WV,JEFFERSON|WV JEFFERSON	1900-01-01	2100-12-31					0	0	1		291
R	USA-CA	WV-KANAWHA	WV,KANAWHA|WV KANAWHA	1900-01-01	2100-12-31					0	0	1		291
R	USA-CA	WV-LEWIS	WV,LEWIS|WV LEWIS	1900-01-01	2100-12-31					0	0	1		291
R	USA-CA	WV-LINCOLN	WV,LINCOLN|WV LINCOLN	1900-01-01	2100-12-31					0	0	1		291
R	USA-CA	WV-LOGAN	WV,LOGAN|WV LOGAN	1900-01-01	2100-12-31					0	0	1		291
R	USA-CA	WV-MARION	WV,MARION|WV MARION	1900-01-01	2100-12-31					0	0	1		291
R	USA-CA	WV-MARSHALL	WV,MARSHALL|WV MARSHALL	1900-01-01	2100-12-31					0	0	1		291
R	USA-CA	WV-MASON	WV,MASON|WV MASON	1900-01-01	2100-12-31					0	0	1		291
R	USA-CA	WV-MCDOWELL	WV,MCDOWELL|WV MCDOWELL	1900-01-01	2100-12-31					0	0	1		291
R	USA-CA	WV-MERCER	WV,MERCER|WV MERCER	1900-01-01	2100-12-31					0	0	1		291
R	USA-CA	WV-MINERAL	WV,MINERAL|WV MINERAL	1900-01-01	2100-12-31					0	0	1		291
R	USA-CA	WV-MINGO	WV,MINGO|WV MINGO	1900-01-01	2100-12-31					0	0	1		291
R	USA-CA	WV-MONONGALIA	WV,MONONGALIA|WV MONONGALIA	1900-01-01	2100-12-31					0	0	1		291
R	USA-CA	WV-MONROE	WV,MONROE|WV MONROE	1900-01-01	2100-12-31					0	0	1		291
R	USA-CA	WV-MORGAN	WV,MORGAN|WV MORGAN	1900-01-01	2100-12-31					0	0	1		291
R	USA-CA	WV-NICHOLAS	WV,NICHOLAS|WV NICHOLAS	1900-01-01	2100-12-31					0	0	1		291
R	USA-CA	WV-OHIO	WV,OHIO|WV OHIO	1900-01-01	2100-12-31					0	0	1		291
R	USA-CA	WV-PENDLETON	WV,PENDLETON|WV PENDLETON	1900-01-01	2100-12-31					0	0	1		291
R	USA-CA	WV-PLEASANTS	WV,PLEASANTS|WV PLEASANTS	1900-01-01	2100-12-31					0	0	1		291
R	USA-CA	WV-POCAHONTAS	WV,POCAHONTAS|WV POCAHONTAS	1900-01-01	2100-12-31					0	0	1		291
R	USA-CA	WV-PRESTON	WV,PRESTON|WV PRESTON	1900-01-01	2100-12-31					0	0	1		291
R	USA-CA	WV-PUTNAM	WV,PUTNAM|WV PUTNAM	1900-01-01	2100-12-31					0	0	1		291
R	USA-CA	WV-RALEIGH	WV,RALEIGH|WV RALEIGH	1900-01-01	2100-12-31					0	0	1		291
R	USA-CA	WV-RANDOLPH	WV,RANDOLPH|WV RANDOLPH	1900-01-01	2100-12-31					0	0	1		291
R	USA-CA	WV-RITCHIE	WV,RITCHIE|WV RITCHIE	1900-01-01	2100-12-31					0	0	1		291
R	USA-CA	WV-ROANE	WV,ROANE|WV ROANE	1900-01-01	2100-12-31					0	0	1		291
R	USA-CA	WV-SUMMERS	WV,SUMMERS|WV SUMMERS	1900-01-01	2100-12-31					0	0	1		291
R	USA-CA	WV-TAYLOR	WV,TAYLOR|WV TAYLOR	1900-01-01	2100-12-31					0	0	1		291
R	USA-CA	WV-TUCKER	WV,TUCKER|WV TUCKER	1900-01-01	2100-12-31					0	0	1		291
R	USA-CA	WV-TYLER	WV,TYLER|WV TYLER	1900-01-01	2100-12-31					0	0	1		291
R	USA-CA	WV-UPSHUR	WV,UPSHUR|WV UPSHUR	1900-01-01	2100-12-31					0	0	1		291
R	USA-CA	WV-WAYNE	WV,WAYNE|WV WAYNE	1900-01-01	2100-12-31					0	0	1		291
R	USA-CA	WV-WEBSTER	WV,WEBSTER|WV WEBSTER	1900-01-01	2100-12-31					0	0	1		291
R	USA-CA	WV-WETZEL	WV,WETZEL|WV WETZEL	1900-01-01	2100-12-31					0	0	1		291
R	USA-CA	WV-WIRT	WV,WIRT|WV WIRT	1900-01-01	2100-12-31					0	0	1		291
R	USA-CA	WV-WOOD	WV,WOOD|WV WOOD	1900-01-01	2100-12-31					0	0	1		291
R	USA-CA	WV-WYOMING	WV,WYOMING|WV WYOMING	1900-01-01	2100-12-31					0	0	1		291
R	USA-CA	WY-ALBANY	WY,ALBANY|WY ALBANY	1900-01-01	2100-12-31					0	0	1		291
R	USA-CA	WY-BIGHORN	WY,BIGHORN|WY BIGHORN	1900-01-01	2100-12-31					0	0	1		291
R	USA-CA	WY-CAMPBELL	WY,CAMPBELL|WY CAMPBELL	1900-01-01	2100-12-31					0	0	1		291
R	USA-CA	WY-CARBON	WY,CARBON|WY CARBON	1900-01-01	2100-12-31					0	0	1		291
R	USA-CA	WY-CONVERSE	WY,CONVERSE|WY CONVERSE	1900-01-01	2100-12-31					0	0	1		291
R	USA-CA	WY-CROOK	WY,CROOK|WY CROOK	1900-01-01	2100-12-31					0	0	1		291
R	USA-CA	WY-FREMONT	WY,FREMONT|WY FREMONT	1900-01-01	2100-12-31					0	0	1		291
R	USA-CA	WY-GOSHEN	WY,GOSHEN|WY GOSHEN	1900-01-01	2100-12-31					0	0	1		291
R	USA-CA	WY-HOTSPRINGS	WY,HOTSPRINGS|WY HOTSPRINGS	1900-01-01	2100-12-31					0	0	1		291
R	USA-CA	WY-JOHNSON	WY,JOHNSON|WY JOHNSON	1900-01-01	2100-12-31					0	0	1		291
R	USA-CA	WY-LARAMIE	WY,LARAMIE|WY LARAMIE	1900-01-01	2100-12-31					0	0	1		291
R	USA-CA	WY-LINCOLN	WY,LINCOLN|WY LINCOLN	1900-01-01	2100-12-31					0	0	1		291
R	USA-CA	WY-NATRONA	WY,NATRONA|WY NATRONA	1900-01-01	2100-12-31					0	0	1		291
R	USA-CA	WY-NIOBRARA	WY,NIOBRARA|WY NIOBRARA	1900-01-01	2100-12-31					0	0	1		291
R	USA-CA	WY-PARK	WY,PARK|WY PARK	1900-01-01	2100-12-31					0	0	1		291
R	USA-CA	WY-PLATTE	WY,PLATTE|WY PLATTE	1900-01-01	2100-12-31					0	0	1		291
R	USA-CA	WY-SHERIDAN	WY,SHERIDAN|WY SHERIDAN	1900-01-01	2100-12-31					0	0	1		291
R	USA-CA	WY-SUBLETTE	WY,SUBLETTE|WY SUBLETTE	1900-01-01	2100-12-31					0	0	1		291
R	USA-CA	WY-SWEETWATER	WY,SWEETWATER|WY SWEETWATER	1900-01-01	2100-12-31					0	0	1		291
R	USA-CA	WY-TETON	WY,TETON|WY TETON	1900-01-01	2100-12-31					0	0	1		291
R	USA-CA	WY-UINTA	WY,UINTA|WY UINTA	1900-01-01	2100-12-31					0	0	1		291
R	USA-CA	WY-WASHAKIE	WY,WASHAKIE|WY WASHAKIE	1900-01-01	2100-12-31					0	0	1		291
R	USA-CA	WY-WESTON	WY,WESTON|WY WESTON	1900-01-01	2100-12-31					0	0	1		291
