# Referencias del diploma USI. Generado; no se edita a mano.
R	USI	AK001		1994-01-01	2100-12-31	Prince of Wales	Alaska			0	0	1		6
R	USI	AK002		1994-01-01	2100-12-31	Chichagof	Alaska			0	0	1		6
R	USI	AK003		1994-01-01	2100-12-31	Montague	Alaska			0	0	1		6
R	USI	AK004		1994-01-01	2100-12-31	Kodiak	Alaska			0	0	1		6
R	USI	AK005		1994-01-01	2100-12-31	Unalaska	Alaska			0	0	1		6
R	USI	AK006		1994-01-01	2100-12-31	Unimak	Alaska			0	0	1		6
R	USI	AK007		1994-01-01	2100-12-31	Halleck	Alaska			0	0	1		6
R	USI	AK008		1994-01-01	2100-12-31	Adak	Alaska			0	0	1		6
R	USI	AK009		1994-01-01	2100-12-31	Attu	Alaska			0	0	1		6
R	USI	AK010		1994-01-01	2100-12-31	High	Alaska			0	0	1		6
R	USI	AK011		1994-01-01	2100-12-31	Cooper	Alaska			0	0	1		6
R	USI	AK012		1994-01-01	2100-12-31	Jones	Alaska			0	0	1		6
R	USI	AK013		1994-01-01	2100-12-31	Midway	Alaska			0	0	1		6
R	USI	AK014		1994-01-01	2100-12-31	Flaxman	Alaska			0	0	1		6
R	USI	AK015		1994-01-01	2100-12-31	St Lawrence	Alaska			0	0	1		6
R	USI	AK016		1994-01-01	2100-12-31	St Matthew	Alaska			0	0	1		6
R	USI	AK017		1994-01-01	2100-12-31	Coghlan	Alaska			0	0	1		6
R	USI	AK018		1994-01-01	2100-12-31	Douglas	Alaska			0	0	1		6
R	USI	AK019		1994-01-01	2100-12-31	Shemya	Alaska			0	0	1		6
R	USI	AK020		1994-01-01	2100-12-31	Nelson	Alaska			0	0	1		6
R	USI	AK021		1994-01-01	2100-12-31	Fire	Alaska			0	0	1		6
R	USI	AK022		1994-01-01	2100-12-31	Kalgin	Alaska			0	0	1		6
R	USI	AK023		1994-01-01	2100-12-31	Sarichef	Alaska			0	0	1		6
R	USI	AK024		1994-01-01	2100-12-31	Little Diomede	Alaska			0	0	1		6
R	USI	AK025		1994-01-01	2100-12-31	Round	Alaska			0	0	1		6
R	USI	AK026		1994-01-01	2100-12-31	Stuart	Alaska			0	0	1		6
R	USI	AK027		1994-01-01	2100-12-31	Nunivak	Alaska			0	0	1		6
R	USI	AK028		1994-01-01	2100-12-31	Atka	Alaska			0	0	1		6
R	USI	AK029		1994-01-01	2100-12-31	Amak	Alaska			0	0	1		6
R	USI	AK030		1994-01-01	2100-12-31	Long	Alaska			0	0	1		6
R	USI	AK031		1994-01-01	2100-12-31	Agattu	Alaska			0	0	1		6
R	USI	AK032		1994-01-01	2100-12-31	Rat	Alaska			0	0	1		6
R	USI	AK033		1994-01-01	2100-12-31	Nuka	Alaska			0	0	1		6
R	USI	AK034		1994-01-01	2100-12-31	Latouche	Alaska			0	0	1		6
R	USI	AK035		1994-01-01	2100-12-31	Chiachi	Alaska			0	0	1		6
R	USI	AK036		1994-01-01	2100-12-31	Mitrofania	Alaska			0	0	1		6
R	USI	AK037		1994-01-01	2100-12-31	Sutwik	Alaska			0	0	1		6
R	USI	AK039		1994-01-01	2100-12-31	Wrangell	Alaska			0	0	1		6
R	USI	AK040		1994-01-01	2100-12-31	Kwigluk	Alaska			0	0	1		6
R	USI	AK041		1994-01-01	2100-12-31	St Paul	Alaska			0	0	1		6
R	USI	AK042		1994-01-01	2100-12-31	Pleasant	Alaska			0	0	1		6
R	USI	AK043		1994-01-01	2100-12-31	Amchitka	Alaska			0	0	1		6
R	USI	AK044		1994-01-01	2100-12-31	Barter	Alaska			0	0	1		6
R	USI	AK045		1994-01-01	2100-12-31	Baranof	Alaska			0	0	1		6
R	USI	AK046		1994-01-01	2100-12-31	Endeavor aka Endicott	Alaska			0	0	1		6
R	USI	AK047		1994-01-01	2100-12-31	Crooked	Alaska			0	0	1		6
R	USI	AK048		1994-01-01	2100-12-31	Kuiu	Alaska			0	0	1		6
R	USI	AK049		1994-01-01	2100-12-31	Hawkins	Alaska			0	0	1		6
R	USI	AK050		1994-01-01	2100-12-31	St George	Alaska			0	0	1		6
R	USI	AK051		1994-01-01	2100-12-31	Popof	Alaska			0	0	1		6
R	USI	AK052		1994-01-01	2100-12-31	Esther	Alaska			0	0	1		6
R	USI	AK053		1994-01-01	2100-12-31	Kayak	Alaska			0	0	1		6
R	USI	AK054		1994-01-01	2100-12-31	Augustine	Alaska			0	0	1		6
R	USI	AK055		1994-01-01	2100-12-31	Duke	Alaska			0	0	1		6
R	USI	AK056		1994-01-01	2100-12-31	Forrester	Alaska			0	0	1		6
R	USI	AK057		1994-01-01	2100-12-31	Dall	Alaska			0	0	1		6
R	USI	AK058		1994-01-01	2100-12-31	Long	Alaska			0	0	1		6
R	USI	AK059		1994-01-01	2100-12-31	Coronation	Alaska			0	0	1		6
R	USI	AK060		1994-01-01	2100-12-31	Warren	Alaska			0	0	1		6
R	USI	AK061		1994-01-01	2100-12-31	Heceta	Alaska			0	0	1		6
R	USI	AK062		1994-01-01	2100-12-31	Noyes	Alaska			0	0	1		6
R	USI	AK063		1994-01-01	2100-12-31	Lulu	Alaska			0	0	1		6
R	USI	AK064		1994-01-01	2100-12-31	Baker	Alaska			0	0	1		6
R	USI	AK065		1994-01-01	2100-12-31	Suemez	Alaska			0	0	1		6
R	USI	AK066		1994-01-01	2100-12-31	Sukkwan	Alaska			0	0	1		6
R	USI	AK067		1994-01-01	2100-12-31	Betton	Alaska			0	0	1		6
R	USI	AK068		1994-01-01	2100-12-31	Annette	Alaska			0	0	1		6
R	USI	AK069		1994-01-01	2100-12-31	Gravina	Alaska			0	0	1		6
R	USI	AK070		1994-01-01	2100-12-31	Smeaton	Alaska			0	0	1		6
R	USI	AK071		1994-01-01	2100-12-31	Frying Pan	Alaska			0	0	1		6
R	USI	AK072		1994-01-01	2100-12-31	Caribou	Alaska			0	0	1		6
R	USI	AK073		1994-01-01	2100-12-31	Moose	Alaska			0	0	1		6
R	USI	AK074		1994-01-01	2100-12-31	Minook	Alaska			0	0	1		6
R	USI	AK075		1994-01-01	2100-12-31	Garnet	Alaska			0	0	1		6
R	USI	AK076		1994-01-01	2100-12-31	Seal	Alaska			0	0	1		6
R	USI	AK077		1994-01-01	2100-12-31	Flat	Alaska			0	0	1		6
R	USI	AK078		1994-01-01	2100-12-31	Triangle	Alaska			0	0	1		6
R	USI	AK079		1994-01-01	2100-12-31	Porcupine	Alaska			0	0	1		6
R	USI	AK080		1994-01-01	2100-12-31	Hat	Alaska			0	0	1		6
R	USI	AK081		1994-01-01	2100-12-31	Sixmile	Alaska			0	0	1		6
R	USI	AK082		1994-01-01	2100-12-31	Twelvemile	Alaska			0	0	1		6
R	USI	AK083		1994-01-01	2100-12-31	Sixteenmile	Alaska			0	0	1		6
R	USI	AK084		1994-01-01	2100-12-31	Eightmile	Alaska			0	0	1		6
R	USI	AK085		1994-01-01	2100-12-31	Tanana	Alaska			0	0	1		6
R	USI	AK086		1994-01-01	2100-12-31	Circle	Alaska			0	0	1		6
R	USI	AK087		1994-01-01	2100-12-31	Bligh	Alaska			0	0	1		6
R	USI	AK088		1994-01-01	2100-12-31	Hinchinbrook	Alaska			0	0	1		6
R	USI	AK089		1994-01-01	2100-12-31	Sumner	Alaska			0	0	1		6
R	USI	AK090		1994-01-01	2100-12-31	Keku	Alaska			0	0	1		6
R	USI	AK091		1994-01-01	2100-12-31	Hound	Alaska			0	0	1		6
R	USI	AK092		1994-01-01	2100-12-31	Conclusion	Alaska			0	0	1		6
R	USI	AK093		1994-01-01	2100-12-31	Barrier	Alaska			0	0	1		6
R	USI	AK094		1994-01-01	2100-12-31	Fox/Renard	Alaska			0	0	1		6
R	USI	AK095		1994-01-01	2100-12-31	Ushagat	Alaska			0	0	1		6
R	USI	AK096		1994-01-01	2100-12-31	King	Alaska			0	0	1		6
R	USI	AK097		1994-01-01	2100-12-31	Sledge	Alaska			0	0	1		6
R	USI	AK098		1994-01-01	2100-12-31	Deer	Alaska			0	0	1		6
R	USI	AK099		1994-01-01	2100-12-31	Unga	Alaska			0	0	1		6
R	USI	AK100		1994-01-01	2100-12-31	Sanak	Alaska			0	0	1		6
R	USI	AK101		1994-01-01	2100-12-31	Zarembo	Alaska			0	0	1		6
R	USI	AK102		1994-01-01	2100-12-31	Dry	Alaska			0	0	1		6
R	USI	AK103		1994-01-01	2100-12-31	Farm	Alaska			0	0	1		6
R	USI	AK104		1994-01-01	2100-12-31	Etolin	Alaska			0	0	1		6
R	USI	AK105		1994-01-01	2100-12-31	Woronkofski	Alaska			0	0	1		6
R	USI	AK106		1994-01-01	2100-12-31	Kruzof	Alaska			0	0	1		6
R	USI	AK107		1994-01-01	2100-12-31	Haines	Alaska			0	0	1		6
R	USI	AK108		1994-01-01	2100-12-31	East Brother	Alaska			0	0	1		6
R	USI	AK109		1994-01-01	2100-12-31	West Brother	Alaska			0	0	1		6
R	USI	AK110		1994-01-01	2100-12-31	Tugidak	Alaska			0	0	1		6
R	USI	AK111		1994-01-01	2100-12-31	Sitkinak	Alaska			0	0	1		6
R	USI	AK112		1994-01-01	2100-12-31	Sundstrom/Aiktalik	Alaska			0	0	1		6
R	USI	AK113		1994-01-01	2100-12-31	Goose	Alaska			0	0	1		6
R	USI	AK114		1994-01-01	2100-12-31	Lemesurier	Alaska			0	0	1		6
R	USI	AK115		1994-01-01	2100-12-31	Willoughby	Alaska			0	0	1		6
R	USI	AK116		1994-01-01	2100-12-31	Drake	Alaska			0	0	1		6
R	USI	AK117		1994-01-01	2100-12-31	Russell	Alaska			0	0	1		6
R	USI	AK118		1994-01-01	2100-12-31	Yakobi	Alaska			0	0	1		6
R	USI	AK119		1994-01-01	2100-12-31	Shelter	Alaska			0	0	1		6
R	USI	AK120		1994-01-01	2100-12-31	Admiralty	Alaska			0	0	1		6
R	USI	AK121		1994-01-01	2100-12-31	Knight	Alaska			0	0	1		6
R	USI	AK122		1994-01-01	2100-12-31	Hagemeister	Alaska			0	0	1		6
R	USI	AK123		1994-01-01	2100-12-31	Walrus	Alaska			0	0	1		6
R	USI	AK124		1994-01-01	2100-12-31	Afognak	Alaska			0	0	1		6
R	USI	AK125		1994-01-01	2100-12-31	Elizabeth	Alaska			0	0	1		6
R	USI	AK126		1994-01-01	2100-12-31	Perl	Alaska			0	0	1		6
R	USI	AK127		1994-01-01	2100-12-31	East Chugach	Alaska			0	0	1		6
R	USI	AK128		1994-01-01	2100-12-31	Rugged	Alaska			0	0	1		6
R	USI	AK129		1994-01-01	2100-12-31	Green	Alaska			0	0	1		6
R	USI	AK130		1994-01-01	2100-12-31	Meridan	Alaska			0	0	1		6
R	USI	AK131		1994-01-01	2100-12-31	Twoheaded	Alaska			0	0	1		6
R	USI	AK132		1994-01-01	2100-12-31	Middleton	Alaska			0	0	1		6
R	USI	AK133		1994-01-01	2100-12-31	West Amatuli	Alaska			0	0	1		6
R	USI	AK136		1994-01-01	2100-12-31	Catherine	Alaska			0	0	1		6
R	USI	AK137		1994-01-01	2100-12-31	Crooked	Alaska			0	0	1		6
R	USI	AK138		1994-01-01	2100-12-31	Round	Alaska			0	0	1		6
R	USI	AK139		1994-01-01	2100-12-31	The Twins	Alaska			0	0	1		6
R	USI	AK140		1994-01-01	2100-12-31	Summit	Alaska			0	0	1		6
R	USI	AK141		1994-01-01	2100-12-31	Revillagigedo	Alaska			0	0	1		6
R	USI	AK142		1994-01-01	2100-12-31	Kupreanof	Alaska			0	0	1		6
R	USI	AK144		1994-01-01	2100-12-31	Biorka	Alaska			0	0	1		6
R	USI	AK145		1994-01-01	2100-12-31	Mayflower/Juneau	Alaska			0	0	1		6
R	USI	AK146		1994-01-01	2100-12-31	North Twin	Alaska			0	0	1		6
R	USI	AK147		1994-01-01	2100-12-31	South Twin	Alaska			0	0	1		6
R	USI	AK148		1994-01-01	2100-12-31	The Sisters	Alaska			0	0	1		6
R	USI	AK149		1994-01-01	2100-12-31	Shepherd's	Alaska			0	0	1		6
R	USI	AK150		1994-01-01	2100-12-31	Bird	Alaska			0	0	1		6
R	USI	AK151		1994-01-01	2100-12-31	Burston	Alaska			0	0	1		6
R	USI	AK152		1994-01-01	2100-12-31	Saddleback	Alaska			0	0	1		6
R	USI	AK153		1994-01-01	2100-12-31	Alonis	Alaska			0	0	1		6
R	USI	AK154		1994-01-01	2100-12-31	Long	Alaska			0	0	1		6
R	USI	AK155		1994-01-01	2100-12-31	Mitkof	Alaska			0	0	1		6
R	USI	AK156		1994-01-01	2100-12-31	Skagway	Alaska			0	0	1		6
R	USI	AK157		1994-01-01	2100-12-31	Bird	Alaska			0	0	1		6
R	USI	AK158		1994-01-01	2100-12-31	Gull	Alaska			0	0	1		6
R	USI	AK159		1994-01-01	2100-12-31	Benjamin	Alaska			0	0	1		6
R	USI	AK160		1994-01-01	2100-12-31	Portland	Alaska			0	0	1		6
R	USI	AK161		1994-01-01	2100-12-31	Lincoln	Alaska			0	0	1		6
R	USI	AK162		1994-01-01	2100-12-31	Ralston	Alaska			0	0	1		6
R	USI	AK163		1994-01-01	2100-12-31	Little	Alaska			0	0	1		6
R	USI	AK164		1994-01-01	2100-12-31	Perry	Alaska			0	0	1		6
R	USI	AK165		1994-01-01	2100-12-31	Davis	Alaska			0	0	1		6
R	USI	AK166		1994-01-01	2100-12-31	Lucas	Alaska			0	0	1		6
R	USI	AK167		1994-01-01	2100-12-31	Woewodski	Alaska			0	0	1		6
R	USI	AK168		1994-01-01	2100-12-31	Keene	Alaska			0	0	1		6
R	USI	AK169		1994-01-01	2100-12-31	Northerly	Alaska			0	0	1		6
R	USI	AK170		1994-01-01	2100-12-31	Southerly	Alaska			0	0	1		6
R	USI	AK171		1994-01-01	2100-12-31	Sumner	Alaska			0	0	1		6
R	USI	AK172		1994-01-01	2100-12-31	Point Baker	Alaska			0	0	1		6
R	USI	AK173		1994-01-01	2100-12-31	Butterworth	Alaska			0	0	1		6
R	USI	AK174		1994-01-01	2100-12-31	Vank	Alaska			0	0	1		6
R	USI	AK175		1994-01-01	2100-12-31	Two Tree	Alaska			0	0	1		6
R	USI	AK176		1994-01-01	2100-12-31	Shakes Slough	Alaska			0	0	1		6
R	USI	AK177		1994-01-01	2100-12-31	Blind	Alaska			0	0	1		6
R	USI	AK178		1994-01-01	2100-12-31	Fair	Alaska			0	0	1		6
R	USI	AK179		1994-01-01	2100-12-31	Pearl	Alaska			0	0	1		6
R	USI	AK180		1994-01-01	2100-12-31	Kirsten	Alaska			0	0	1		6
R	USI	AK181		1994-01-01	2100-12-31	Kent	Alaska			0	0	1		6
R	USI	AK182		1994-01-01	2100-12-31	West Wilson	Alaska			0	0	1		6
R	USI	AK183		1994-01-01	2100-12-31	East Wilson	Alaska			0	0	1		6
R	USI	AK184		1994-01-01	2100-12-31	Cove	Alaska			0	0	1		6
R	USI	AK185		1994-01-01	2100-12-31	Chamisso	Alaska			0	0	1		6
R	USI	AK186		1994-01-01	2100-12-31	Cannon	Alaska			0	0	1		6
R	USI	AK188		1994-01-01	2100-12-31	Coney	Alaska			0	0	1		6
R	USI	AK189		1994-01-01	2100-12-31	Ruth	Alaska			0	0	1		6
R	USI	AK190		1994-01-01	2100-12-31	Emily	Alaska			0	0	1		6
R	USI	AK191		1994-01-01	2100-12-31	Little Level	Alaska			0	0	1		6
R	USI	AK192		1994-01-01	2100-12-31	Ugaiushak	Alaska			0	0	1		6
R	USI	AK193		1994-01-01	2100-12-31	Unavikshak	Alaska			0	0	1		6
R	USI	AK194		1994-01-01	2100-12-31	Neragon	Alaska			0	0	1		6
R	USI	AK195		1994-01-01	2100-12-31	Sentinel	Alaska			0	0	1		6
R	USI	AK196		1994-01-01	2100-12-31	Japonski	Alaska			0	0	1		6
R	USI	AK197		1994-01-01	2100-12-31	Kiska	Alaska			0	0	1		6
R	USI	AK198		1994-01-01	2100-12-31	Chuginadak	Alaska			0	0	1		6
R	USI	AK199		1994-01-01	2100-12-31	Ogliuga	Alaska			0	0	1		6
R	USI	AK200		1994-01-01	2100-12-31	Gareloi	Alaska			0	0	1		6
R	USI	AK201		1994-01-01	2100-12-31	Seal Southwest	Alaska			0	0	1		6
R	USI	AK202		1994-01-01	2100-12-31	Wosnesenski	Alaska			0	0	1		6
R	USI	AK203		1994-01-01	2100-12-31	Chirikof	Alaska			0	0	1		6
R	USI	AK204		1994-01-01	2100-12-31	Point Lay Barrier	Alaska			0	0	1		6
R	USI	AK205		1994-01-01	2100-12-31	Pingurbek	Alaska			0	0	1		6
R	USI	AK206		1994-01-01	2100-12-31	Amaknak	Alaska			0	0	1		6
R	USI	AK207		1994-01-01	2100-12-31	Umnak	Alaska			0	0	1		6
R	USI	AK208		1994-01-01	2100-12-31	Goose	Alaska			0	0	1		6
R	USI	AK209		1994-01-01	2100-12-31	Hills	Alaska			0	0	1		6
R	USI	AK210		1994-01-01	2100-12-31	Spangle	Alaska			0	0	1		6
R	USI	AK211		1994-01-01	2100-12-31	Ataku	Alaska			0	0	1		6
R	USI	AK212		1994-01-01	2100-12-31	Beauchamp	Alaska			0	0	1		6
R	USI	AK213		1994-01-01	2100-12-31	Tava	Alaska			0	0	1		6
R	USI	AK214		1994-01-01	2100-12-31	Rakov	Alaska			0	0	1		6
R	USI	AK215		1994-01-01	2100-12-31	Jacknife	Alaska			0	0	1		6
R	USI	AK216		1994-01-01	2100-12-31	Elovoi	Alaska			0	0	1		6
R	USI	AK217		1994-01-01	2100-12-31	South Taigud	Alaska			0	0	1		6
R	USI	AK218		1994-01-01	2100-12-31	Kagamil	Alaska			0	0	1		6
R	USI	AK219		1994-01-01	2100-12-31	Near	Alaska			0	0	1		6
R	USI	AK220		1994-01-01	2100-12-31	Khantaak	Alaska			0	0	1		6
R	USI	AK221		1994-01-01	2100-12-31	Galankin	Alaska			0	0	1		6
R	USI	AK222		1994-01-01	2100-12-31	Little Marshall	Alaska			0	0	1		6
R	USI	AK223		1994-01-01	2100-12-31	Charcoal	Alaska			0	0	1		6
R	USI	AK224		1994-01-01	2100-12-31	Harris	Alaska			0	0	1		6
R	USI	AK225		1994-01-01	2100-12-31	Marshall	Alaska			0	0	1		6
R	USI	AK226		1994-01-01	2100-12-31	Airport Dike	Alaska			0	0	1		6
R	USI	AK227		1994-01-01	2100-12-31	Shuyak	Alaska			0	0	1		6
R	USI	AK228		1994-01-01	2100-12-31	Katx	Alaska			0	0	1		6
R	USI	AL001		1994-01-01	2100-12-31	Mon Louis	Alabama			0	0	1		291
R	USI	AL002		1994-01-01	2100-12-31	Dauphin	Alabama			0	0	1		291
R	USI	AL003		1994-01-01	2100-12-31	Ono	Alabama			0	0	1		291
R	USI	AL004		1994-01-01	2100-12-31	Pinto	Alabama			0	0	1		291
R	USI	AL005		1994-01-01	2100-12-31	McDuffie	Alabama			0	0	1		291
R	USI	AL006		1994-01-01	2100-12-31	Blakeley	Alabama			0	0	1		291
R	USI	AL007		1994-01-01	2100-12-31	Wrights	Alabama			0	0	1		291
R	USI	AL008		1994-01-01	2100-12-31	Osceola	Alabama			0	0	1		291
R	USI	AL009		1994-01-01	2100-12-31	Godfreys	Alabama			0	0	1		291
R	USI	AL010		1994-01-01	2100-12-31	Cotton Patch	Alabama			0	0	1		291
R	USI	AL011		1994-01-01	2100-12-31	Pathkiller	Alabama			0	0	1		291
R	USI	AL012		1994-01-01	2100-12-31	Buffingtons	Alabama			0	0	1		291
R	USI	AL013		1994-01-01	2100-12-31	Byrams	Alabama			0	0	1		291
R	USI	AL014		1994-01-01	2100-12-31	Aubrey Isle	Alabama			0	0	1		291
R	USI	AL015		1994-01-01	2100-12-31	McKee	Alabama			0	0	1		291
R	USI	AL016		1994-01-01	2100-12-31	Buck	Alabama			0	0	1		291
R	USI	AL017		1994-01-01	2100-12-31	Pinedale	Alabama			0	0	1		291
R	USI	AL018		1994-01-01	2100-12-31	Riverwalk Marina	Alabama			0	0	1		291
R	USI	AL019		1994-01-01	2100-12-31	Real	Alabama			0	0	1		291
R	USI	AL020		1994-01-01	2100-12-31	Oyster	Alabama			0	0	1		291
R	USI	AL021		1994-01-01	2100-12-31	Memorial	Alabama			0	0	1		291
R	USI	AL022		1994-01-01	2100-12-31	Seven Mile	Alabama			0	0	1		291
R	USI	AL023		1994-01-01	2100-12-31	Gulf Shores & Orange Beach	Alabama			0	0	1		291
R	USI	AL024		1994-01-01	2100-12-31	Perdido Key	Alabama			0	0	1		291
R	USI	AL026		1994-01-01	2100-12-31	Big	Alabama			0	0	1		291
R	USI	AL027		1994-01-01	2100-12-31	Buzzard	Alabama			0	0	1		291
R	USI	AL028		1994-01-01	2100-12-31	Hog	Alabama			0	0	1		291
R	USI	AL029		1994-01-01	2100-12-31	Goat	Alabama			0	0	1		291
R	USI	AL030		1994-01-01	2100-12-31	Round	Alabama			0	0	1		291
R	USI	AL031		1994-01-01	2100-12-31	Hobbs	Alabama			0	0	1		291
R	USI	AL032		1994-01-01	2100-12-31	Finley	Alabama			0	0	1		291
R	USI	AL033		1994-01-01	2100-12-31	Robinson	Alabama			0	0	1		291
R	USI	AL034		1994-01-01	2100-12-31	Bird	Alabama			0	0	1		291
R	USI	AL035		1994-01-01	2100-12-31	Gilchrist	Alabama			0	0	1		291
R	USI	AL036		1994-01-01	2100-12-31	Woods	Alabama			0	0	1		291
R	USI	AL037		1994-01-01	2100-12-31	Goose Pond	Alabama			0	0	1		291
R	USI	AL038		1994-01-01	2100-12-31	Oyster	Alabama			0	0	1		291
R	USI	AL039		1994-01-01	2100-12-31	Shelbank	Alabama			0	0	1		291
R	USI	AL040		1994-01-01	2100-12-31	Chacaloochee	Alabama			0	0	1		291
R	USI	AL041		1994-01-01	2100-12-31	Doctors	Alabama			0	0	1		291
R	USI	AL042		1994-01-01	2100-12-31	Tucker	Alabama			0	0	1		291
R	USI	AL043		1994-01-01	2100-12-31	Mallard	Alabama			0	0	1		291
R	USI	AL044		1994-01-01	2100-12-31	Acapulco	Alabama			0	0	1		291
R	USI	AL045		1994-01-01	2100-12-31	Bottleneck	Alabama			0	0	1		291
R	USI	AL046		1994-01-01	2100-12-31	Chimney Rock	Alabama			0	0	1		291
R	USI	AL047		1994-01-01	2100-12-31	Fishbone	Alabama			0	0	1		291
R	USI	AL048		1994-01-01	2100-12-31	Goat	Alabama			0	0	1		291
R	USI	AL049		1994-01-01	2100-12-31	Governors	Alabama			0	0	1		291
R	USI	AL050		1994-01-01	2100-12-31	Midway	Alabama			0	0	1		291
R	USI	AL052		1994-01-01	2100-12-31	Snake	Alabama			0	0	1		291
R	USI	AL053		1994-01-01	2100-12-31	Camden Cove	Alabama			0	0	1		291
R	USI	AL054		1994-01-01	2100-12-31	Pineywood	Alabama			0	0	1		291
R	USI	AL056		1994-01-01	2100-12-31	Hamburger	Alabama			0	0	1		291
R	USI	AL057		1994-01-01	2100-12-31	Sandy Beach	Alabama			0	0	1		291
R	USI	AL058		1994-01-01	2100-12-31	Pirate	Alabama			0	0	1		291
R	USI	AR001		1994-01-01	2100-12-31	Island #39/Brandywine	Arkansas			0	0	1		291
R	USI	AR002		1994-01-01	2100-12-31	Dean	Arkansas			0	0	1		291
R	USI	AR003		1994-01-01	2100-12-31	Goat	Arkansas			0	0	1		291
R	USI	AR004		1994-01-01	2100-12-31	Shaddox	Arkansas			0	0	1		291
R	USI	AR005		1994-01-01	2100-12-31	Sheppard	Arkansas			0	0	1		291
R	USI	AR006		1994-01-01	2100-12-31	Black Rock	Arkansas			0	0	1		291
R	USI	AR007		1994-01-01	2100-12-31	Slate Gap	Arkansas			0	0	1		291
R	USI	AR008		1994-01-01	2100-12-31	DeGray	Arkansas			0	0	1		291
R	USI	AR009		1994-01-01	2100-12-31	Jordan	Arkansas			0	0	1		291
R	USI	AR010		1994-01-01	2100-12-31	Goat	Arkansas			0	0	1		291
R	USI	AR011		1994-01-01	2100-12-31	Goat	Arkansas			0	0	1		291
R	USI	AR012		1994-01-01	2100-12-31	Little Goat	Arkansas			0	0	1		291
R	USI	AR013		1994-01-01	2100-12-31	Goat	Arkansas			0	0	1		291
R	USI	AR014		1994-01-01	2100-12-31	Electric	Arkansas			0	0	1		291
R	USI	AR015		1994-01-01	2100-12-31	Horseshoe	Arkansas			0	0	1		291
R	USI	AR016		1994-01-01	2100-12-31	Gilligan's	Arkansas			0	0	1		291
R	USI	AR017		1994-01-01	2100-12-31	Sugar Loaf Mountain	Arkansas			0	0	1		291
R	USI	AR018		1994-01-01	2100-12-31	Deer	Arkansas			0	0	1		291
R	USI	AR019		1994-01-01	2100-12-31	Dam	Arkansas			0	0	1		291
R	USI	AR020		1994-01-01	2100-12-31	Grand	Arkansas			0	0	1		291
R	USI	AR021		1994-01-01	2100-12-31	Long	Arkansas			0	0	1		291
R	USI	AS001		1994-01-01	2100-12-31	Aunu'u	American Samoa			0	0	1		9
R	USI	AS002		1994-01-01	2100-12-31	Ofu	American Samoa			0	0	1		9
R	USI	AS003		1994-01-01	2100-12-31	Olosega	American Samoa			0	0	1		9
R	USI	AS004		1994-01-01	2100-12-31	Rose Atoll	American Samoa			0	0	1		9
R	USI	AS005		1994-01-01	2100-12-31	Swains	American Samoa			0	0	1		9
R	USI	AS006		1994-01-01	2100-12-31	Ta'u	American Samoa			0	0	1		9
R	USI	AS007		1994-01-01	2100-12-31	Tutuila	American Samoa			0	0	1		9
R	USI	AZ001		1994-01-01	2100-12-31	Rabbit	Arizona			0	0	1		291
R	USI	AZ002		1994-01-01	2100-12-31	Box	Arizona			0	0	1		291
R	USI	AZ003		1994-01-01	2100-12-31	Shelter	Arizona			0	0	1		291
R	USI	AZ004		1994-01-01	2100-12-31	Beaver aka Friendly	Arizona			0	0	1		291
R	USI	AZ005		1994-01-01	2100-12-31	Haystack	Arizona			0	0	1		291
R	USI	AZ006		1994-01-01	2100-12-31	Pit	Arizona			0	0	1		291
R	USI	AZ007		1994-01-01	2100-12-31	Turtle	Arizona			0	0	1		291
R	USI	AZ008		1994-01-01	2100-12-31	Three Mile	Arizona			0	0	1		291
R	USI	AZ009		1994-01-01	2100-12-31	Beehive	Arizona			0	0	1		291
R	USI	AZ010		1994-01-01	2100-12-31	Detrital Reefs	Arizona			0	0	1		291
R	USI	AZ011		1994-01-01	2100-12-31	Pool	Arizona			0	0	1		291
R	USI	AZ012		1994-01-01	2100-12-31	Gypsum Reefs	Arizona			0	0	1		291
R	USI	AZ013		1994-01-01	2100-12-31	Mushroom Reefs	Arizona			0	0	1		291
R	USI	AZ014		1994-01-01	2100-12-31	Houseboat	Arizona			0	0	1		291
R	USI	AZ015		1994-01-01	2100-12-31	Driftwood	Arizona			0	0	1		291
R	USI	AZ016		1994-01-01	2100-12-31	Balance Rock	Arizona			0	0	1		291
R	USI	AZ017		1994-01-01	2100-12-31	Horse	Arizona			0	0	1		291
R	USI	AZ018		1994-01-01	2100-12-31	Sunward	Arizona			0	0	1		291
R	USI	AZ019		1994-01-01	2100-12-31	The Islands	Arizona			0	0	1		291
R	USI	AZ020		1994-01-01	2100-12-31	Trail Rapids Bay	Arizona			0	0	1		291
R	USI	AZ021		1994-01-01	2100-12-31	Monkey Cove	Arizona			0	0	1		291
R	USI	AZ022		1994-01-01	2100-12-31	Plane Crash	Arizona			0	0	1		291
R	USI	AZ023		1994-01-01	2100-12-31	Antelope	Arizona			0	0	1		291
R	USI	AZ024		1994-01-01	2100-12-31	Parker Canyon Lake	Arizona			0	0	1		291
R	USI	AZ025		1994-01-01	2100-12-31	Patagonia East	Arizona			0	0	1		291
R	USI	AZ026		1994-01-01	2100-12-31	Patagonia West	Arizona			0	0	1		291
R	USI	AZ027		1994-01-01	2100-12-31	North Navajo	Arizona			0	0	1		291
R	USI	AZ028		1994-01-01	2100-12-31	South Navajo	Arizona			0	0	1		291
R	USI	AZ029		1994-01-01	2100-12-31	Many	Arizona			0	0	1		291
R	USI	CA001		1994-01-01	2100-12-31	Castle Rock	California			0	0	1		291
R	USI	CA002		1994-01-01	2100-12-31	Anacapa	California			0	0	1		291
R	USI	CA003		1994-01-01	2100-12-31	Lobos Rocks	California			0	0	1		291
R	USI	CA004		1994-01-01	2100-12-31	Ventura Rocks	California			0	0	1		291
R	USI	CA005		1994-01-01	2100-12-31	Alcatraz	California			0	0	1		291
R	USI	CA006		1994-01-01	2100-12-31	Angel	California			0	0	1		291
R	USI	CA007		1994-01-01	2100-12-31	Middle Farallon	California			0	0	1		291
R	USI	CA008		1994-01-01	2100-12-31	San Clemente	California			0	0	1		291
R	USI	CA009		1994-01-01	2100-12-31	San Nocolas	California			0	0	1		291
R	USI	CA010		1994-01-01	2100-12-31	Santa Barbara	California			0	0	1		291
R	USI	CA011		1994-01-01	2100-12-31	Santa Rosa	California			0	0	1		291
R	USI	CA012		1994-01-01	2100-12-31	Santa Cruz	California			0	0	1		291
R	USI	CA013		1994-01-01	2100-12-31	Treasure	California			0	0	1		291
R	USI	CA014		1994-01-01	2100-12-31	San Miguel	California			0	0	1		291
R	USI	CA015		1994-01-01	2100-12-31	Alameda	California			0	0	1		291
R	USI	CA016		1994-01-01	2100-12-31	Santa Catalina	California			0	0	1		291
R	USI	CA017		1994-01-01	2100-12-31	Bethel	California			0	0	1		291
R	USI	CA018		1994-01-01	2100-12-31	Southeast Farallon	California			0	0	1		291
R	USI	CA019		1994-01-01	2100-12-31	Yerba Buena	California			0	0	1		291
R	USI	CA020		1994-01-01	2100-12-31	North Farallon	California			0	0	1		291
R	USI	CA021		1994-01-01	2100-12-31	Sherman	California			0	0	1		291
R	USI	CA022		1994-01-01	2100-12-31	Twitchell	California			0	0	1		291
R	USI	CA023		1994-01-01	2100-12-31	Brannan/Andrus	California			0	0	1		291
R	USI	CA024		1994-01-01	2100-12-31	Grand	California			0	0	1		291
R	USI	CA025		1994-01-01	2100-12-31	Sutter	California			0	0	1		291
R	USI	CA026		1994-01-01	2100-12-31	Merritt	California			0	0	1		291
R	USI	CA027		1994-01-01	2100-12-31	Bouldin	California			0	0	1		291
R	USI	CA028		1994-01-01	2100-12-31	Perry's	California			0	0	1		291
R	USI	CA029		1994-01-01	2100-12-31	Staten	California			0	0	1		291
R	USI	CA030		1994-01-01	2100-12-31	Dead Horse	California			0	0	1		291
R	USI	CA031		1994-01-01	2100-12-31	Tyler	California			0	0	1		291
R	USI	CA032		1994-01-01	2100-12-31	King	California			0	0	1		291
R	USI	CA033		1994-01-01	2100-12-31	Ryer	California			0	0	1		291
R	USI	CA034		1994-01-01	2100-12-31	Rough/Ready	California			0	0	1		291
R	USI	CA035		1994-01-01	2100-12-31	Roberts	California			0	0	1		291
R	USI	CA036		1994-01-01	2100-12-31	Union	California			0	0	1		291
R	USI	CA037		1994-01-01	2100-12-31	Victoria	California			0	0	1		291
R	USI	CA038		1994-01-01	2100-12-31	Jersey	California			0	0	1		291
R	USI	CA039		1994-01-01	2100-12-31	Bradford	California			0	0	1		291
R	USI	CA040		1994-01-01	2100-12-31	Joice	California			0	0	1		291
R	USI	CA041		1994-01-01	2100-12-31	Mare/Island #1	California			0	0	1		291
R	USI	CA042		1994-01-01	2100-12-31	Skaggs	California			0	0	1		291
R	USI	CA043		1994-01-01	2100-12-31	Tubbs	California			0	0	1		291
R	USI	CA044		1994-01-01	2100-12-31	Vulcan	California			0	0	1		291
R	USI	CA045		1994-01-01	2100-12-31	Bacon	California			0	0	1		291
R	USI	CA046		1994-01-01	2100-12-31	Mandeville	California			0	0	1		291
R	USI	CA047		1994-01-01	2100-12-31	Grizzly	California			0	0	1		291
R	USI	CA048		1994-01-01	2100-12-31	Coast Guard Government	California			0	0	1		291
R	USI	CA049		1994-01-01	2100-12-31	Big	California			0	0	1		291
R	USI	CA050		1994-01-01	2100-12-31	Small	California			0	0	1		291
R	USI	CA051		1994-01-01	2100-12-31	Schoolhouse	California			0	0	1		291
R	USI	CA052		1994-01-01	2100-12-31	Indian	California			0	0	1		291
R	USI	CA053		1994-01-01	2100-12-31	White Rock	California			0	0	1		291
R	USI	CA054		1994-01-01	2100-12-31	Fiesta	California			0	0	1		291
R	USI	CA055		1994-01-01	2100-12-31	Vacation	California			0	0	1		291
R	USI	CA056		1994-01-01	2100-12-31	East	California			0	0	1		291
R	USI	CA057		1994-01-01	2100-12-31	Crown	California			0	0	1		291
R	USI	CA058		1994-01-01	2100-12-31	Red Bluff	California			0	0	1		291
R	USI	CA059		1994-01-01	2100-12-31	Terminal	California			0	0	1		291
R	USI	CA060		1994-01-01	2100-12-31	Naples	California			0	0	1		291
R	USI	CA061		1994-01-01	2100-12-31	Lido Isle	California			0	0	1		291
R	USI	CA062		1994-01-01	2100-12-31	Red	California			0	0	1		291
R	USI	CA063		1994-01-01	2100-12-31	Balboa	California			0	0	1		291
R	USI	CA064		1994-01-01	2100-12-31	St.George Reef/L.H.	California			0	0	1		291
R	USI	CA065		1994-01-01	2100-12-31	Mosley	California			0	0	1		291
R	USI	CA066		1994-01-01	2100-12-31	Cock Robin	California			0	0	1		291
R	USI	CA067		1994-01-01	2100-12-31	Cinnibal	California			0	0	1		291
R	USI	CA068		1994-01-01	2100-12-31	Indian	California			0	0	1		291
R	USI	CA069		1994-01-01	2100-12-31	East Brother	California			0	0	1		291
R	USI	CA070		1994-01-01	2100-12-31	Davis	California			0	0	1		291
R	USI	CA071		1994-01-01	2100-12-31	Brewer	California			0	0	1		291
R	USI	CA072		1994-01-01	2100-12-31	Tule	California			0	0	1		291
R	USI	CA073		1994-01-01	2100-12-31	Hog	California			0	0	1		291
R	USI	CA074		1994-01-01	2100-12-31	Gilbert	California			0	0	1		291
R	USI	CA075		1994-01-01	2100-12-31	Paoha	California			0	0	1		291
R	USI	CA076		1994-01-01	2100-12-31	Silver	California			0	0	1		291
R	USI	CA077		1994-01-01	2100-12-31	Battery Point	California			0	0	1		291
R	USI	CA078		1994-01-01	2100-12-31	Whaler	California			0	0	1		291
R	USI	CA079		1994-01-01	2100-12-31	Woodley	California			0	0	1		291
R	USI	CA080		1994-01-01	2100-12-31	Goat	California			0	0	1		291
R	USI	CA081		1994-01-01	2100-12-31	Bradmoor	California			0	0	1		291
R	USI	CA082		1994-01-01	2100-12-31	Deadman	California			0	0	1		291
R	USI	CA083		1994-01-01	2100-12-31	North Joice	California			0	0	1		291
R	USI	CA084		1994-01-01	2100-12-31	Bull	California			0	0	1		291
R	USI	CA085		1994-01-01	2100-12-31	Montezuma	California			0	0	1		291
R	USI	CA086		1994-01-01	2100-12-31	Chain	California			0	0	1		291
R	USI	CA087		1994-01-01	2100-12-31	West	California			0	0	1		291
R	USI	CA088		1994-01-01	2100-12-31	Daby	California			0	0	1		291
R	USI	CA089		1994-01-01	2100-12-31	Trinidad	California			0	0	1		291
R	USI	CA090		1994-01-01	2100-12-31	Kimball	California			0	0	1		291
R	USI	CA091		1994-01-01	2100-12-31	Long	California			0	0	1		291
R	USI	CA092		1994-01-01	2100-12-31	Davenport	California			0	0	1		291
R	USI	CO001		1994-01-01	2100-12-31	Skippers	Colorado			0	0	1		291
R	USI	CO002		1994-01-01	2100-12-31	Watson	Colorado			0	0	1		291
R	USI	CO003		1994-01-01	2100-12-31	Goose	Colorado			0	0	1		291
R	USI	CO004		1994-01-01	2100-12-31	Antero	Colorado			0	0	1		291
R	USI	CO005		1994-01-01	2100-12-31	Fishhook	Colorado			0	0	1		291
R	USI	CO006		1994-01-01	2100-12-31	Sentinel	Colorado			0	0	1		291
R	USI	CO007		1994-01-01	2100-12-31	Silver Dollar	Colorado			0	0	1		291
R	USI	CO008		1994-01-01	2100-12-31	Heron	Colorado			0	0	1		291
R	USI	CO009		1994-01-01	2100-12-31	West	Colorado			0	0	1		291
R	USI	CO010		1994-01-01	2100-12-31	Vallecito #1	Colorado			0	0	1		291
R	USI	CO011		1994-01-01	2100-12-31	Vallecito #2	Colorado			0	0	1		291
R	USI	CO012		1994-01-01	2100-12-31	Bridge	Colorado			0	0	1		291
R	USI	CO013		1994-01-01	2100-12-31	Deer	Colorado			0	0	1		291
R	USI	CO014		1994-01-01	2100-12-31	Harvey	Colorado			0	0	1		291
R	USI	CO016		1994-01-01	2100-12-31	Electra	Colorado			0	0	1		291
R	USI	CT001		1994-01-01	2100-12-31	Falkner	Connecticut			0	0	1		291
R	USI	CT002		1994-01-01	2100-12-31	Betts	Connecticut			0	0	1		291
R	USI	CT003		1994-01-01	2100-12-31	Grassy	Connecticut			0	0	1		291
R	USI	CT004		1994-01-01	2100-12-31	Chimon	Connecticut			0	0	1		291
R	USI	CT005		1994-01-01	2100-12-31	Shea/Ram	Connecticut			0	0	1		291
R	USI	CT006		1994-01-01	2100-12-31	Peach	Connecticut			0	0	1		291
R	USI	CT007		1994-01-01	2100-12-31	Tavern	Connecticut			0	0	1		291
R	USI	CT008		1994-01-01	2100-12-31	Sheffield	Connecticut			0	0	1		291
R	USI	CT009		1994-01-01	2100-12-31	Hoyt	Connecticut			0	0	1		291
R	USI	CT010		1994-01-01	2100-12-31	Charles	Connecticut			0	0	1		291
R	USI	CT011		1994-01-01	2100-12-31	Cockenoe	Connecticut			0	0	1		291
R	USI	CT012		1994-01-01	2100-12-31	Scraggy	Connecticut			0	0	1		291
R	USI	CT013		1994-01-01	2100-12-31	Mason	Connecticut			0	0	1		291
R	USI	CT014		1994-01-01	2100-12-31	Enders	Connecticut			0	0	1		291
R	USI	CT015		1994-01-01	2100-12-31	Holly Hock	Connecticut			0	0	1		291
R	USI	CT016		1994-01-01	2100-12-31	Deer	Connecticut			0	0	1		291
R	USI	CT017		1994-01-01	2100-12-31	Pot	Connecticut			0	0	1		291
R	USI	CT018		1994-01-01	2100-12-31	Canfield	Connecticut			0	0	1		291
R	USI	CT019		1994-01-01	2100-12-31	Gorham	Connecticut			0	0	1		291
R	USI	CT020		1994-01-01	2100-12-31	Nash	Connecticut			0	0	1		291
R	USI	CT021		1994-01-01	2100-12-31	Pratt#1	Connecticut			0	0	1		291
R	USI	CT022		1994-01-01	2100-12-31	Candlewood	Connecticut			0	0	1		291
R	USI	CT023		1994-01-01	2100-12-31	Contentment	Connecticut			0	0	1		291
R	USI	CT024		1994-01-01	2100-12-31	Bell	Connecticut			0	0	1		291
R	USI	CT025		1994-01-01	2100-12-31	Twomile	Connecticut			0	0	1		291
R	USI	CT026		1994-01-01	2100-12-31	Cove	Connecticut			0	0	1		291
R	USI	CT027		1994-01-01	2100-12-31	Calf	Connecticut			0	0	1		291
R	USI	CT028		1994-01-01	2100-12-31	Bridge	Connecticut			0	0	1		291
R	USI	CT029		1994-01-01	2100-12-31	Gildersleeve	Connecticut			0	0	1		291
R	USI	CT030		1994-01-01	2100-12-31	Wilcox	Connecticut			0	0	1		291
R	USI	CT031		1994-01-01	2100-12-31	Outer	Connecticut			0	0	1		291
R	USI	CT032		1994-01-01	2100-12-31	Fayerweather	Connecticut			0	0	1		291
R	USI	CT033		1994-01-01	2100-12-31	Johnson/Mother-in-Law	Connecticut			0	0	1		291
R	USI	CT034		1994-01-01	2100-12-31	Great Captain	Connecticut			0	0	1		291
R	USI	CT035		1994-01-01	2100-12-31	North Farms	Connecticut			0	0	1		291
R	USI	CT036		1994-01-01	2100-12-31	Turnip	Connecticut			0	0	1		291
R	USI	CT037		1994-01-01	2100-12-31	Fireworks	Connecticut			0	0	1		291
R	USI	CT038		1994-01-01	2100-12-31	Sherwood	Connecticut			0	0	1		291
R	USI	CT039		1994-01-01	2100-12-31	Sandy Point	Connecticut			0	0	1		291
R	USI	CT040		1994-01-01	2100-12-31	Minnie	Connecticut			0	0	1		291
R	USI	CT041		1994-01-01	2100-12-31	Selden Neck	Connecticut			0	0	1		291
R	USI	CT042		1994-01-01	2100-12-31	Haddam	Connecticut			0	0	1		291
R	USI	DC001		1994-01-01	2100-12-31	Columbia	Dist of Columbia			0	0	1		291
R	USI	DC002		1994-01-01	2100-12-31	East Potomac	Dist of Columbia			0	0	1		291
R	USI	DC003		1994-01-01	2100-12-31	Theodore Roosevelt	Dist of Columbia			0	0	1		291
R	USI	DC004		1994-01-01	2100-12-31	Kingman	Dist of Columbia			0	0	1		291
R	USI	DC005		1994-01-01	2100-12-31	Heritage	Dist of Columbia			0	0	1		291
R	USI	DC006		1994-01-01	2100-12-31	Browne	Dist of Columbia			0	0	1		291
R	USI	DE001		1994-01-01	2100-12-31	Reedy	Delaware			0	0	1		291
R	USI	DE002		1994-01-01	2100-12-31	Fenwick	Delaware			0	0	1		291
R	USI	DE003		1994-01-01	2100-12-31	Pea Patch	Delaware			0	0	1		291
R	USI	DE004		1994-01-01	2100-12-31	Big Cedar	Delaware			0	0	1		291
R	USI	DE005		1994-01-01	2100-12-31	Henlopen	Delaware			0	0	1		291
R	USI	DE006		1994-01-01	2100-12-31	Bombay Hook	Delaware			0	0	1		291
R	USI	DE007		1994-01-01	2100-12-31	Fort	Delaware			0	0	1		291
R	USI	DE008		1994-01-01	2100-12-31	Burton	Delaware			0	0	1		291
R	USI	DE011		1994-01-01	2100-12-31	Derby	Delaware			0	0	1		291
R	USI	DE012		1994-01-01	2100-12-31	Millsboro Pond	Delaware			0	0	1		291
R	USI	DE013		1994-01-01	2100-12-31	Millsboro Pond	Delaware			0	0	1		291
R	USI	DE014		1994-01-01	2100-12-31	Massey	Delaware			0	0	1		291
R	USI	DE015		1994-01-01	2100-12-31	Delmarva	Delaware			0	0	1		291
R	USI	DE016		1994-01-01	2100-12-31	Middle	Delaware			0	0	1		291
R	USI	DE017		1994-01-01	2100-12-31	Kelly	Delaware			0	0	1		291
R	USI	DE018		1994-01-01	2100-12-31	Rehoboth	Delaware			0	0	1		291
R	USI	DE019		1994-01-01	2100-12-31	Plum Beach	Delaware			0	0	1		291
R	USI	DE020		1994-01-01	2100-12-31	Woodland Beach	Delaware			0	0	1		291
R	USI	FL001		1994-01-01	2100-12-31	Torry	Florida			0	0	1		291
R	USI	FL002		1994-01-01	2100-12-31	Vaca Key	Florida			0	0	1		291
R	USI	FL003		1994-01-01	2100-12-31	Santa Rosa	Florida			0	0	1		291
R	USI	FL004		1994-01-01	2100-12-31	Sea	Florida			0	0	1		291
R	USI	FL005		1994-01-01	2100-12-31	Dog	Florida			0	0	1		291
R	USI	FL006		1994-01-01	2100-12-31	St Vincent	Florida			0	0	1		291
R	USI	FL007		1994-01-01	2100-12-31	St George	Florida			0	0	1		291
R	USI	FL008		1994-01-01	2100-12-31	Point	Florida			0	0	1		291
R	USI	FL009		1994-01-01	2100-12-31	Black	Florida			0	0	1		291
R	USI	FL010		1994-01-01	2100-12-31	Hog	Florida			0	0	1		291
R	USI	FL011		1994-01-01	2100-12-31	Clark	Florida			0	0	1		291
R	USI	FL012		1994-01-01	2100-12-31	Bahia Honda Key	Florida			0	0	1		291
R	USI	FL013		1994-01-01	2100-12-31	Garden Key	Florida			0	0	1		291
R	USI	FL014		1994-01-01	2100-12-31	Egmont Key	Florida			0	0	1		291
R	USI	FL015		1994-01-01	2100-12-31	Nettles	Florida			0	0	1		291
R	USI	FL016		1994-01-01	2100-12-31	Anna Maria	Florida			0	0	1		291
R	USI	FL017		1994-01-01	2100-12-31	Honeymoon	Florida			0	0	1		291
R	USI	FL018		1994-01-01	2100-12-31	Little St. George	Florida			0	0	1		291
R	USI	FL019		1994-01-01	2100-12-31	Anastasia	Florida			0	0	1		291
R	USI	FL020		1994-01-01	2100-12-31	Captiva	Florida			0	0	1		291
R	USI	FL021		1994-01-01	2100-12-31	Sanibel	Florida			0	0	1		291
R	USI	FL022		1994-01-01	2100-12-31	Tip Top Isles	Florida			0	0	1		291
R	USI	FL023		1994-01-01	2100-12-31	Bokeelia	Florida			0	0	1		291
R	USI	FL024		1994-01-01	2100-12-31	Chokoloskee	Florida			0	0	1		291
R	USI	FL025		1994-01-01	2100-12-31	Marco	Florida			0	0	1		291
R	USI	FL026		1994-01-01	2100-12-31	Duval	Florida			0	0	1		291
R	USI	FL027		1994-01-01	2100-12-31	Lido Key	Florida			0	0	1		291
R	USI	FL028		1994-01-01	2100-12-31	Bird Key	Florida			0	0	1		291
R	USI	FL029		1994-01-01	2100-12-31	Coon Key	Florida			0	0	1		291
R	USI	FL030		1994-01-01	2100-12-31	KeyBiscayne	Florida			0	0	1		291
R	USI	FL031		1994-01-01	2100-12-31	Long Key	Florida			0	0	1		291
R	USI	FL032		1994-01-01	2100-12-31	Amelia	Florida			0	0	1		291
R	USI	FL033		1994-01-01	2100-12-31	Pine	Florida			0	0	1		291
R	USI	FL034		1994-01-01	2100-12-31	Gasparilla	Florida			0	0	1		291
R	USI	FL035		1994-01-01	2100-12-31	Estero	Florida			0	0	1		291
R	USI	FL036		1994-01-01	2100-12-31	Bird Sanctuary	Florida			0	0	1		291
R	USI	FL037		1994-01-01	2100-12-31	North Hutchinson/Orchid	Florida			0	0	1		291
R	USI	FL038		1994-01-01	2100-12-31	Wabasso	Florida			0	0	1		291
R	USI	FL039		1994-01-01	2100-12-31	Hutchinson	Florida			0	0	1		291
R	USI	FL040		1994-01-01	2100-12-31	Key West	Florida			0	0	1		291
R	USI	FL041		1994-01-01	2100-12-31	Way Key	Florida			0	0	1		291
R	USI	FL042		1994-01-01	2100-12-31	Piney Point	Florida			0	0	1		291
R	USI	FL043		1994-01-01	2100-12-31	Merritt	Florida			0	0	1		291
R	USI	FL044		1994-01-01	2100-12-31	Big Torch Key	Florida			0	0	1		291
R	USI	FL045		1994-01-01	2100-12-31	Ramrod Key	Florida			0	0	1		291
R	USI	FL046		1994-01-01	2100-12-31	Mashta	Florida			0	0	1		291
R	USI	FL047		1994-01-01	2100-12-31	Plantation	Florida			0	0	1		291
R	USI	FL048		1994-01-01	2100-12-31	Ritta	Florida			0	0	1		291
R	USI	FL049		1994-01-01	2100-12-31	Key Largo	Florida			0	0	1		291
R	USI	FL050		1994-01-01	2100-12-31	Little Torch Key	Florida			0	0	1		291
R	USI	FL051		1994-01-01	2100-12-31	Windley Key	Florida			0	0	1		291
R	USI	FL052		1994-01-01	2100-12-31	St Armands Key	Florida			0	0	1		291
R	USI	FL053		1994-01-01	2100-12-31	Longboat Key	Florida			0	0	1		291
R	USI	FL054		1994-01-01	2100-12-31	Little Hickory	Florida			0	0	1		291
R	USI	FL055		1994-01-01	2100-12-31	Big Hickory	Florida			0	0	1		291
R	USI	FL056		1994-01-01	2100-12-31	Horrs	Florida			0	0	1		291
R	USI	FL057		1994-01-01	2100-12-31	Isles of Capri	Florida			0	0	1		291
R	USI	FL058		1994-01-01	2100-12-31	Plantation Key	Florida			0	0	1		291
R	USI	FL059		1994-01-01	2100-12-31	Tea Table Key	Florida			0	0	1		291
R	USI	FL060		1994-01-01	2100-12-31	Upper Matecombe Key	Florida			0	0	1		291
R	USI	FL061		1994-01-01	2100-12-31	Indian Key Fill	Florida			0	0	1		291
R	USI	FL062		1994-01-01	2100-12-31	Lower Matecombe Key	Florida			0	0	1		291
R	USI	FL063		1994-01-01	2100-12-31	Craig Key	Florida			0	0	1		291
R	USI	FL064		1994-01-01	2100-12-31	Fiesta Key	Florida			0	0	1		291
R	USI	FL065		1994-01-01	2100-12-31	Long Key	Florida			0	0	1		291
R	USI	FL066		1994-01-01	2100-12-31	Conch Key	Florida			0	0	1		291
R	USI	FL067		1994-01-01	2100-12-31	Duck Key	Florida			0	0	1		291
R	USI	FL068		1994-01-01	2100-12-31	Grassy Key	Florida			0	0	1		291
R	USI	FL069		1994-01-01	2100-12-31	Long Point Key	Florida			0	0	1		291
R	USI	FL070		1994-01-01	2100-12-31	Knight Key	Florida			0	0	1		291
R	USI	FL071		1994-01-01	2100-12-31	Little Duck Key	Florida			0	0	1		291
R	USI	FL072		1994-01-01	2100-12-31	Ohio Key	Florida			0	0	1		291
R	USI	FL073		1994-01-01	2100-12-31	Middle Torch Key	Florida			0	0	1		291
R	USI	FL074		1994-01-01	2100-12-31	Summerland Key	Florida			0	0	1		291
R	USI	FL075		1994-01-01	2100-12-31	Cudjoe Key	Florida			0	0	1		291
R	USI	FL076		1994-01-01	2100-12-31	Sugarloaf Key	Florida			0	0	1		291
R	USI	FL077		1994-01-01	2100-12-31	Lower Sugarloaf Key	Florida			0	0	1		291
R	USI	FL078		1994-01-01	2100-12-31	Saddlebunch Keys	Florida			0	0	1		291
R	USI	FL079		1994-01-01	2100-12-31	Big Coppitt Key	Florida			0	0	1		291
R	USI	FL080		1994-01-01	2100-12-31	East Rockland Key	Florida			0	0	1		291
R	USI	FL081		1994-01-01	2100-12-31	Stock	Florida			0	0	1		291
R	USI	FL082		1994-01-01	2100-12-31	No Name Key	Florida			0	0	1		291
R	USI	FL083		1994-01-01	2100-12-31	Big Pine Key	Florida			0	0	1		291
R	USI	FL084		1994-01-01	2100-12-31	Park Key	Florida			0	0	1		291
R	USI	FL085		1994-01-01	2100-12-31	Harris Key	Florida			0	0	1		291
R	USI	FL086		1994-01-01	2100-12-31	Rockland Key	Florida			0	0	1		291
R	USI	FL087		1994-01-01	2100-12-31	Boca Chica Key	Florida			0	0	1		291
R	USI	FL088		1994-01-01	2100-12-31	Raccoon Key	Florida			0	0	1		291
R	USI	FL089		1994-01-01	2100-12-31	Geiger Key	Florida			0	0	1		291
R	USI	FL090		1994-01-01	2100-12-31	Shark Key	Florida			0	0	1		291
R	USI	FL091		1994-01-01	2100-12-31	San Marco Isles	Florida			0	0	1		291
R	USI	FL092		1994-01-01	2100-12-31	Fat Deer Key	Florida			0	0	1		291
R	USI	FL093		1994-01-01	2100-12-31	Cross Key	Florida			0	0	1		291
R	USI	FL094		1994-01-01	2100-12-31	Porpoise Point	Florida			0	0	1		291
R	USI	FL095		1994-01-01	2100-12-31	West	Florida			0	0	1		291
R	USI	FL096		1994-01-01	2100-12-31	Little Pine	Florida			0	0	1		291
R	USI	FL097		1994-01-01	2100-12-31	Bay	Florida			0	0	1		291
R	USI	FL098		1994-01-01	2100-12-31	Siesta Key	Florida			0	0	1		291
R	USI	FL099		1994-01-01	2100-12-31	San Carlos	Florida			0	0	1		291
R	USI	FL100		1994-01-01	2100-12-31	Goose	Florida			0	0	1		291
R	USI	FL101		1994-01-01	2100-12-31	Rye Key	Florida			0	0	1		291
R	USI	FL102		1994-01-01	2100-12-31	Knights/Jackson	Florida			0	0	1		291
R	USI	FL103		1994-01-01	2100-12-31	Sunset Point/Middle Key	Florida			0	0	1		291
R	USI	FL104		1994-01-01	2100-12-31	Havens	Florida			0	0	1		291
R	USI	FL105		1994-01-01	2100-12-31	Hales Key	Florida			0	0	1		291
R	USI	FL106		1994-01-01	2100-12-31	South Creek	Florida			0	0	1		291
R	USI	FL107		1994-01-01	2100-12-31	Pine	Florida			0	0	1		291
R	USI	FL108		1994-01-01	2100-12-31	North Creek	Florida			0	0	1		291
R	USI	FL109		1994-01-01	2100-12-31	North Beach Causeway	Florida			0	0	1		291
R	USI	FL110		1994-01-01	2100-12-31	South Causeway	Florida			0	0	1		291
R	USI	FL111		1994-01-01	2100-12-31	Virginia Key	Florida			0	0	1		291
R	USI	FL112		1994-01-01	2100-12-31	Hobie	Florida			0	0	1		291
R	USI	FL113		1994-01-01	2100-12-31	Marina	Florida			0	0	1		291
R	USI	FL114		1994-01-01	2100-12-31	Pine	Florida			0	0	1		291
R	USI	FL115		1994-01-01	2100-12-31	Little Marsh	Florida			0	0	1		291
R	USI	FL116		1994-01-01	2100-12-31	Little Talbot	Florida			0	0	1		291
R	USI	FL117		1994-01-01	2100-12-31	Fanning	Florida			0	0	1		291
R	USI	FL118		1994-01-01	2100-12-31	Batten	Florida			0	0	1		291
R	USI	FL119		1994-01-01	2100-12-31	Fort George	Florida			0	0	1		291
R	USI	FL120		1994-01-01	2100-12-31	Long	Florida			0	0	1		291
R	USI	FL121		1994-01-01	2100-12-31	Talbot	Florida			0	0	1		291
R	USI	FL122		1994-01-01	2100-12-31	Tamarina	Florida			0	0	1		291
R	USI	FL123		1994-01-01	2100-12-31	Big Piney	Florida			0	0	1		291
R	USI	FL124		1994-01-01	2100-12-31	Pelican Isle	Florida			0	0	1		291
R	USI	FL125		1994-01-01	2100-12-31	Little Gasparilla	Florida			0	0	1		291
R	USI	FL126		1994-01-01	2100-12-31	Boca Brande Isles	Florida			0	0	1		291
R	USI	FL127		1994-01-01	2100-12-31	Gasper	Florida			0	0	1		291
R	USI	FL128		1994-01-01	2100-12-31	Cole Key	Florida			0	0	1		291
R	USI	FL129		1994-01-01	2100-12-31	Manasota Key	Florida			0	0	1		291
R	USI	FL130		1994-01-01	2100-12-31	Sandpiper Key	Florida			0	0	1		291
R	USI	FL131		1994-01-01	2100-12-31	Cabbage Key	Florida			0	0	1		291
R	USI	FL132		1994-01-01	2100-12-31	Mullet Key	Florida			0	0	1		291
R	USI	FL133		1994-01-01	2100-12-31	Pardee Key/Paradise	Florida			0	0	1		291
R	USI	FL134		1994-01-01	2100-12-31	Pine Key	Florida			0	0	1		291
R	USI	FL135		1994-01-01	2100-12-31	Isla Del Sol	Florida			0	0	1		291
R	USI	FL136		1994-01-01	2100-12-31	Isla Key	Florida			0	0	1		291
R	USI	FL137		1994-01-01	2100-12-31	Bayway Isles	Florida			0	0	1		291
R	USI	FL138		1994-01-01	2100-12-31	Long Key	Florida			0	0	1		291
R	USI	FL139		1994-01-01	2100-12-31	Boca Ciega Key	Florida			0	0	1		291
R	USI	FL140		1994-01-01	2100-12-31	Vina Del Mar	Florida			0	0	1		291
R	USI	FL141		1994-01-01	2100-12-31	Deadman Key	Florida			0	0	1		291
R	USI	FL142		1994-01-01	2100-12-31	Bay Islands	Florida			0	0	1		291
R	USI	FL143		1994-01-01	2100-12-31	Treasure	Florida			0	0	1		291
R	USI	FL144		1994-01-01	2100-12-31	Paradise	Florida			0	0	1		291
R	USI	FL145		1994-01-01	2100-12-31	Causeway Islands	Florida			0	0	1		291
R	USI	FL146		1994-01-01	2100-12-31	Lovers Key	Florida			0	0	1		291
R	USI	FL147		1994-01-01	2100-12-31	Ward	Florida			0	0	1		291
R	USI	FL148		1994-01-01	2100-12-31	Dunedin Isles	Florida			0	0	1		291
R	USI	FL149		1994-01-01	2100-12-31	Pasadees Key/Sea	Florida			0	0	1		291
R	USI	FL150		1994-01-01	2100-12-31	Leeward	Florida			0	0	1		291
R	USI	FL151		1994-01-01	2100-12-31	Midway	Florida			0	0	1		291
R	USI	FL152		1994-01-01	2100-12-31	Windward	Florida			0	0	1		291
R	USI	FL153		1994-01-01	2100-12-31	Palm	Florida			0	0	1		291
R	USI	FL154		1994-01-01	2100-12-31	Diamond	Florida			0	0	1		291
R	USI	FL155		1994-01-01	2100-12-31	Snug	Florida			0	0	1		291
R	USI	FL156		1994-01-01	2100-12-31	Harbor Isle	Florida			0	0	1		291
R	USI	FL157		1994-01-01	2100-12-31	Clearwater Beach	Florida			0	0	1		291
R	USI	FL158		1994-01-01	2100-12-31	Sand Key/Belleair	Florida			0	0	1		291
R	USI	FL159		1994-01-01	2100-12-31	Belle Isle	Florida			0	0	1		291
R	USI	FL160		1994-01-01	2100-12-31	Crystal	Florida			0	0	1		291
R	USI	FL161		1994-01-01	2100-12-31	Connie Mack	Florida			0	0	1		291
R	USI	FL162		1994-01-01	2100-12-31	Bay Harbor	Florida			0	0	1		291
R	USI	FL163		1994-01-01	2100-12-31	Miami Beach	Florida			0	0	1		291
R	USI	FL164		1994-01-01	2100-12-31	Biscayne Point	Florida			0	0	1		291
R	USI	FL165		1994-01-01	2100-12-31	Park View	Florida			0	0	1		291
R	USI	FL166		1994-01-01	2100-12-31	Normandy Isle	Florida			0	0	1		291
R	USI	FL167		1994-01-01	2100-12-31	Treasure	Florida			0	0	1		291
R	USI	FL169		1994-01-01	2100-12-31	North Bay	Florida			0	0	1		291
R	USI	FL170		1994-01-01	2100-12-31	Allison	Florida			0	0	1		291
R	USI	FL171		1994-01-01	2100-12-31	La Gorce	Florida			0	0	1		291
R	USI	FL172		1994-01-01	2100-12-31	Anclote	Florida			0	0	1		291
R	USI	FL173		1994-01-01	2100-12-31	Belle Isle	Florida			0	0	1		291
R	USI	FL174		1994-01-01	2100-12-31	Rivo Alto	Florida			0	0	1		291
R	USI	FL175		1994-01-01	2100-12-31	Di Lido	Florida			0	0	1		291
R	USI	FL176		1994-01-01	2100-12-31	San Marino Isles	Florida			0	0	1		291
R	USI	FL177		1994-01-01	2100-12-31	San Marco	Florida			0	0	1		291
R	USI	FL178		1994-01-01	2100-12-31	Biscayne	Florida			0	0	1		291
R	USI	FL179		1994-01-01	2100-12-31	Star	Florida			0	0	1		291
R	USI	FL180		1994-01-01	2100-12-31	Palm	Florida			0	0	1		291
R	USI	FL181		1994-01-01	2100-12-31	Hibiscus	Florida			0	0	1		291
R	USI	FL182		1994-01-01	2100-12-31	Three Islands	Florida			0	0	1		291
R	USI	FL183		1994-01-01	2100-12-31	Golden Isles	Florida			0	0	1		291
R	USI	FL184		1994-01-01	2100-12-31	Sunny Isles	Florida			0	0	1		291
R	USI	FL185		1994-01-01	2100-12-31	Keystone	Florida			0	0	1		291
R	USI	FL186		1994-01-01	2100-12-31	Indian Creek	Florida			0	0	1		291
R	USI	FL187		1994-01-01	2100-12-31	Watson	Florida			0	0	1		291
R	USI	FL188		1994-01-01	2100-12-31	Sunset Island #1	Florida			0	0	1		291
R	USI	FL189		1994-01-01	2100-12-31	Sunset Island #2	Florida			0	0	1		291
R	USI	FL190		1994-01-01	2100-12-31	Sunset Island #3	Florida			0	0	1		291
R	USI	FL191		1994-01-01	2100-12-31	Sunset Island #4	Florida			0	0	1		291
R	USI	FL192		1994-01-01	2100-12-31	Collins	Florida			0	0	1		291
R	USI	FL193		1994-01-01	2100-12-31	Dodge	Florida			0	0	1		291
R	USI	FL194		1994-01-01	2100-12-31	Brickell Key/Claug	Florida			0	0	1		291
R	USI	FL195		1994-01-01	2100-12-31	Grove Key/Fair	Florida			0	0	1		291
R	USI	FL196		1994-01-01	2100-12-31	Isla Bahia	Florida			0	0	1		291
R	USI	FL197		1994-01-01	2100-12-31	Sunset	Florida			0	0	1		291
R	USI	FL198		1994-01-01	2100-12-31	Alamanda	Florida			0	0	1		291
R	USI	FL199		1994-01-01	2100-12-31	Eau Gallie	Florida			0	0	1		291
R	USI	FL200		1994-01-01	2100-12-31	Pineda Causeway East	Florida			0	0	1		291
R	USI	FL201		1994-01-01	2100-12-31	Lauderdale/Pompano	Florida			0	0	1		291
R	USI	FL202		1994-01-01	2100-12-31	Nurmi Isle	Florida			0	0	1		291
R	USI	FL203		1994-01-01	2100-12-31	Riveria Isle	Florida			0	0	1		291
R	USI	FL204		1994-01-01	2100-12-31	Sunrise Key	Florida			0	0	1		291
R	USI	FL205		1994-01-01	2100-12-31	Wilton	Florida			0	0	1		291
R	USI	FL206		1994-01-01	2100-12-31	Terra Mar	Florida			0	0	1		291
R	USI	FL207		1994-01-01	2100-12-31	Hillsboro	Florida			0	0	1		291
R	USI	FL208		1994-01-01	2100-12-31	Key Palm	Florida			0	0	1		291
R	USI	FL209		1994-01-01	2100-12-31	Coconut Palm	Florida			0	0	1		291
R	USI	FL210		1994-01-01	2100-12-31	Alexander Palm	Florida			0	0	1		291
R	USI	FL211		1994-01-01	2100-12-31	Sabal	Florida			0	0	1		291
R	USI	FL212		1994-01-01	2100-12-31	Hypoluxo	Florida			0	0	1		291
R	USI	FL213		1994-01-01	2100-12-31	Palm Beach	Florida			0	0	1		291
R	USI	FL214		1994-01-01	2100-12-31	Ibis Isle	Florida			0	0	1		291
R	USI	FL215		1994-01-01	2100-12-31	Everglades	Florida			0	0	1		291
R	USI	FL216		1994-01-01	2100-12-31	Tarpon	Florida			0	0	1		291
R	USI	FL217		1994-01-01	2100-12-31	Singer	Florida			0	0	1		291
R	USI	FL218		1994-01-01	2100-12-31	Jupiter	Florida			0	0	1		291
R	USI	FL219		1994-01-01	2100-12-31	Biscayne Bay Isles	Florida			0	0	1		291
R	USI	FL220		1994-01-01	2100-12-31	Valhalla	Florida			0	0	1		291
R	USI	FL221		1994-01-01	2100-12-31	Little Crawl Key	Florida			0	0	1		291
R	USI	FL222		1994-01-01	2100-12-31	Crawl Key	Florida			0	0	1		291
R	USI	FL223		1994-01-01	2100-12-31	Lower Arsnicker Keys/Center Key Key	Florida			0	0	1		291
R	USI	FL224		1994-01-01	2100-12-31	Plantation	Florida			0	0	1		291
R	USI	FL225		1994-01-01	2100-12-31	Yacht Club	Florida			0	0	1		291
R	USI	FL226		1994-01-01	2100-12-31	Harbor	Florida			0	0	1		291
R	USI	FL227		1994-01-01	2100-12-31	Tom Harbor	Florida			0	0	1		291
R	USI	FL228		1994-01-01	2100-12-31	Walkers/Little	Florida			0	0	1		291
R	USI	FL230		1994-01-01	2100-12-31	Jenada Isles	Florida			0	0	1		291
R	USI	FL231		1994-01-01	2100-12-31	Pine	Florida			0	0	1		291
R	USI	FL232		1994-01-01	2100-12-31	Fort Royal	Florida			0	0	1		291
R	USI	FL233		1994-01-01	2100-12-31	Castilla	Florida			0	0	1		291
R	USI	FL234		1994-01-01	2100-12-31	Sea	Florida			0	0	1		291
R	USI	FL235		1994-01-01	2100-12-31	Pelican Isle	Florida			0	0	1		291
R	USI	FL236		1994-01-01	2100-12-31	Isle of Venice	Florida			0	0	1		291
R	USI	FL237		1994-01-01	2100-12-31	Hendricks	Florida			0	0	1		291
R	USI	FL238		1994-01-01	2100-12-31	Isle of Capri	Florida			0	0	1		291
R	USI	FL239		1994-01-01	2100-12-31	Coconut Isle	Florida			0	0	1		291
R	USI	FL240		1994-01-01	2100-12-31	Isle of Palms	Florida			0	0	1		291
R	USI	FL241		1994-01-01	2100-12-31	Thompson	Florida			0	0	1		291
R	USI	FL242		1994-01-01	2100-12-31	Solar Isle	Florida			0	0	1		291
R	USI	FL243		1994-01-01	2100-12-31	Jack	Florida			0	0	1		291
R	USI	FL244		1994-01-01	2100-12-31	Cache Cay	Florida			0	0	1		291
R	USI	FL245		1994-01-01	2100-12-31	Burt Reynolds Park	Florida			0	0	1		291
R	USI	FL246		1994-01-01	2100-12-31	Highland	Florida			0	0	1		291
R	USI	FL247		1994-01-01	2100-12-31	Bel Lido	Florida			0	0	1		291
R	USI	FL248		1994-01-01	2100-12-31	Camino	Florida			0	0	1		291
R	USI	FL249		1994-01-01	2100-12-31	Punta Gorda Isles	Florida			0	0	1		291
R	USI	FL250		1994-01-01	2100-12-31	Havana Key	Florida			0	0	1		291
R	USI	FL251		1994-01-01	2100-12-31	Enfield Key	Florida			0	0	1		291
R	USI	FL252		1994-01-01	2100-12-31	Dover Key	Florida			0	0	1		291
R	USI	FL253		1994-01-01	2100-12-31	Conventry Key	Florida			0	0	1		291
R	USI	FL254		1994-01-01	2100-12-31	Terminal/Coast Guard	Florida			0	0	1		291
R	USI	FL255		1994-01-01	2100-12-31	Inlet Cay	Florida			0	0	1		291
R	USI	FL256		1994-01-01	2100-12-31	McCormick	Florida			0	0	1		291
R	USI	FL257		1994-01-01	2100-12-31	Mainlands	Florida			0	0	1		291
R	USI	FL258		1994-01-01	2100-12-31	Tingler	Florida			0	0	1		291
R	USI	FL259		1994-01-01	2100-12-31	Missouri Key	Florida			0	0	1		291
R	USI	FL260		1994-01-01	2100-12-31	Circle	Florida			0	0	1		291
R	USI	FL261		1994-01-01	2100-12-31	Castle Harbor	Florida			0	0	1		291
R	USI	FL262		1994-01-01	2100-12-31	Fleming Key	Florida			0	0	1		291
R	USI	FL263		1994-01-01	2100-12-31	Dredgers Key	Florida			0	0	1		291
R	USI	FL264		1994-01-01	2100-12-31	Boot Key	Florida			0	0	1		291
R	USI	FL265		1994-01-01	2100-12-31	Ocean Blvd East	Florida			0	0	1		291
R	USI	FL266		1994-01-01	2100-12-31	The Archipelago	Florida			0	0	1		291
R	USI	FL267		1994-01-01	2100-12-31	Gordon River	Florida			0	0	1		291
R	USI	FL268		1994-01-01	2100-12-31	Caxambas	Florida			0	0	1		291
R	USI	FL269		1994-01-01	2100-12-31	Orange Harbor	Florida			0	0	1		291
R	USI	FL270		1994-01-01	2100-12-31	River Forest	Florida			0	0	1		291
R	USI	FL271		1994-01-01	2100-12-31	Siesta Isles	Florida			0	0	1		291
R	USI	FL272		1994-01-01	2100-12-31	Casey Key	Florida			0	0	1		291
R	USI	FL273		1994-01-01	2100-12-31	Elk/Nokomis Boat Ramp	Florida			0	0	1		291
R	USI	FL274		1994-01-01	2100-12-31	Blackburn Point	Florida			0	0	1		291
R	USI	FL275		1994-01-01	2100-12-31	Sanibel Causeway East	Florida			0	0	1		291
R	USI	FL276		1994-01-01	2100-12-31	Sanibel Causeway West	Florida			0	0	1		291
R	USI	FL277		1994-01-01	2100-12-31	Napels Cay	Florida			0	0	1		291
R	USI	FL278		1994-01-01	2100-12-31	Turnberry	Florida			0	0	1		291
R	USI	FL279		1994-01-01	2100-12-31	Goodland	Florida			0	0	1		291
R	USI	FL280		1994-01-01	2100-12-31	Bonne Fortune Key	Florida			0	0	1		291
R	USI	FL281		1994-01-01	2100-12-31	St Jean Key	Florida			0	0	1		291
R	USI	FL282		1994-01-01	2100-12-31	St Christopher Key	Florida			0	0	1		291
R	USI	FL283		1994-01-01	2100-12-31	Madelaine Key	Florida			0	0	1		291
R	USI	FL284		1994-01-01	2100-12-31	Cunningham Key	Florida			0	0	1		291
R	USI	FL285		1994-01-01	2100-12-31	Coquina Key	Florida			0	0	1		291
R	USI	FL286		1994-01-01	2100-12-31	New Smyrna Beach	Florida			0	0	1		291
R	USI	FL288		1994-01-01	2100-12-31	South Causeway Isles	Florida			0	0	1		291
R	USI	FL289		1994-01-01	2100-12-31	Isle of Palms	Florida			0	0	1		291
R	USI	FL290		1994-01-01	2100-12-31	Isle of Capri	Florida			0	0	1		291
R	USI	FL291		1994-01-01	2100-12-31	Julia Key	Florida			0	0	1		291
R	USI	FL292		1994-01-01	2100-12-31	Sea Bird	Florida			0	0	1		291
R	USI	FL293		1994-01-01	2100-12-31	Daytona Deach	Florida			0	0	1		291
R	USI	FL294		1994-01-01	2100-12-31	Dream	Florida			0	0	1		291
R	USI	FL295		1994-01-01	2100-12-31	Key Royale/School Key	Florida			0	0	1		291
R	USI	FL296		1994-01-01	2100-12-31	Palm	Florida			0	0	1		291
R	USI	FL297		1994-01-01	2100-12-31	City	Florida			0	0	1		291
R	USI	FL298		1994-01-01	2100-12-31	Siesta Isles	Florida			0	0	1		291
R	USI	FL299		1994-01-01	2100-12-31	Shell Point	Florida			0	0	1		291
R	USI	FL300		1994-01-01	2100-12-31	North Sunshine	Florida			0	0	1		291
R	USI	FL301		1994-01-01	2100-12-31	Demens Landing	Florida			0	0	1		291
R	USI	FL302		1994-01-01	2100-12-31	Spa Key	Florida			0	0	1		291
R	USI	FL303		1994-01-01	2100-12-31	Bay Point Key	Florida			0	0	1		291
R	USI	FL304		1994-01-01	2100-12-31	Eden Isle	Florida			0	0	1		291
R	USI	FL305		1994-01-01	2100-12-31	Shore Acres	Florida			0	0	1		291
R	USI	FL306		1994-01-01	2100-12-31	Venetian Isles	Florida			0	0	1		291
R	USI	FL307		1994-01-01	2100-12-31	Mermaid Key	Florida			0	0	1		291
R	USI	FL308		1994-01-01	2100-12-31	Tanglewood Key	Florida			0	0	1		291
R	USI	FL309		1994-01-01	2100-12-31	Sun Isles	Florida			0	0	1		291
R	USI	FL310		1994-01-01	2100-12-31	Treasure Key	Florida			0	0	1		291
R	USI	FL311		1994-01-01	2100-12-31	Cypress Lake	Florida			0	0	1		291
R	USI	FL312		1994-01-01	2100-12-31	Cal Cove Cay	Florida			0	0	1		291
R	USI	FL313		1994-01-01	2100-12-31	Bal	Florida			0	0	1		291
R	USI	FL314		1994-01-01	2100-12-31	Wittman	Florida			0	0	1		291
R	USI	FL316		1994-01-01	2100-12-31	Del Lago Key	Florida			0	0	1		291
R	USI	FL317		1994-01-01	2100-12-31	Lucille Key	Florida			0	0	1		291
R	USI	FL318		1994-01-01	2100-12-31	Mercedes Key	Florida			0	0	1		291
R	USI	FL320		1994-01-01	2100-12-31	Franklin Lock	Florida			0	0	1		291
R	USI	FL321		1994-01-01	2100-12-31	Yacht Club	Florida			0	0	1		291
R	USI	FL322		1994-01-01	2100-12-31	Bouchelle	Florida			0	0	1		291
R	USI	FL323		1994-01-01	2100-12-31	Ragged Key #3	Florida			0	0	1		291
R	USI	FL324		1994-01-01	2100-12-31	Marina Isles	Florida			0	0	1		291
R	USI	FL325		1994-01-01	2100-12-31	Johns	Florida			0	0	1		291
R	USI	FL326		1994-01-01	2100-12-31	Jenson Causeway West	Florida			0	0	1		291
R	USI	FL327		1994-01-01	2100-12-31	Jenson Causeway East	Florida			0	0	1		291
R	USI	FL328		1994-01-01	2100-12-31	Jacksonville Beach	Florida			0	0	1		291
R	USI	FL329		1994-01-01	2100-12-31	Jamaica Isles	Florida			0	0	1		291
R	USI	FL330		1994-01-01	2100-12-31	Hicks	Florida			0	0	1		291
R	USI	FL331		1994-01-01	2100-12-31	Withlapopka Islands	Florida			0	0	1		291
R	USI	FL332		1994-01-01	2100-12-31	Gospel	Florida			0	0	1		291
R	USI	FL333		1994-01-01	2100-12-31	Pumpkin	Florida			0	0	1		291
R	USI	FL334		1994-01-01	2100-12-31	Pine	Florida			0	0	1		291
R	USI	FL335		1994-01-01	2100-12-31	Terra Ceia	Florida			0	0	1		291
R	USI	FL336		1994-01-01	2100-12-31	Perico	Florida			0	0	1		291
R	USI	FL337		1994-01-01	2100-12-31	Snead	Florida			0	0	1		291
R	USI	FL338		1994-01-01	2100-12-31	Coconut	Florida			0	0	1		291
R	USI	FL339		1994-01-01	2100-12-31	Perdido Key	Florida			0	0	1		291
R	USI	FL340		1994-01-01	2100-12-31	Block	Florida			0	0	1		291
R	USI	FL341		1994-01-01	2100-12-31	Phil Foster	Florida			0	0	1		291
R	USI	FL342		1994-01-01	2100-12-31	Palm Beach Isles	Florida			0	0	1		291
R	USI	FL343		1994-01-01	2100-12-31	44 Causeway West	Florida			0	0	1		291
R	USI	FL344		1994-01-01	2100-12-31	44 Causeway East	Florida			0	0	1		291
R	USI	FL345		1994-01-01	2100-12-31	Cocoa Beach	Florida			0	0	1		291
R	USI	FL346		1994-01-01	2100-12-31	Everglades City	Florida			0	0	1		291
R	USI	FL347		1994-01-01	2100-12-31	Rodman Dam	Florida			0	0	1		291
R	USI	FL348		1994-01-01	2100-12-31	Davis	Florida			0	0	1		291
R	USI	FL349		1994-01-01	2100-12-31	Riviera	Florida			0	0	1		291
R	USI	FL350		1994-01-01	2100-12-31	Harbour/Seddon	Florida			0	0	1		291
R	USI	FL351		1994-01-01	2100-12-31	Turnbull North	Florida			0	0	1		291
R	USI	FL352		1994-01-01	2100-12-31	Turnbull South	Florida			0	0	1		291
R	USI	FL353		1994-01-01	2100-12-31	Aqua	Florida			0	0	1		291
R	USI	FL354		1994-01-01	2100-12-31	Windstar/Gulfstar	Florida			0	0	1		291
R	USI	FL355		1994-01-01	2100-12-31	Cape Haze	Florida			0	0	1		291
R	USI	FL356		1994-01-01	2100-12-31	Englewood Isles	Florida			0	0	1		291
R	USI	FL358		1994-01-01	2100-12-31	Andrews	Florida			0	0	1		291
R	USI	FL359		1994-01-01	2100-12-31	North Gordon Isle	Florida			0	0	1		291
R	USI	FL360		1994-01-01	2100-12-31	Flamingo Isle	Florida			0	0	1		291
R	USI	FL361		1994-01-01	2100-12-31	Navarro/South Gordon	Florida			0	0	1		291
R	USI	FL362		1994-01-01	2100-12-31	Belle Meade	Florida			0	0	1		291
R	USI	FL363		1994-01-01	2100-12-31	Delmar Isle	Florida			0	0	1		291
R	USI	FL364		1994-01-01	2100-12-31	Barcelona Isle	Florida			0	0	1		291
R	USI	FL365		1994-01-01	2100-12-31	Aquavista Isle	Florida			0	0	1		291
R	USI	FL366		1994-01-01	2100-12-31	Royal Palm Isle	Florida			0	0	1		291
R	USI	FL367		1994-01-01	2100-12-31	Fiesta Way Isle	Florida			0	0	1		291
R	USI	FL368		1994-01-01	2100-12-31	The Harborage	Florida			0	0	1		291
R	USI	FL369		1994-01-01	2100-12-31	Center	Florida			0	0	1		291
R	USI	FL370		1994-01-01	2100-12-31	South	Florida			0	0	1		291
R	USI	FL371		1994-01-01	2100-12-31	Atlantic Island Grp	Florida			0	0	1		291
R	USI	FL372		1994-01-01	2100-12-31	Poinciana	Florida			0	0	1		291
R	USI	FL373		1994-01-01	2100-12-31	Mainsail Isle	Florida			0	0	1		291
R	USI	FL374		1994-01-01	2100-12-31	HalyardsIsle/Cape Island	Florida			0	0	1		291
R	USI	FL375		1994-01-01	2100-12-31	Longshore	Florida			0	0	1		291
R	USI	FL376		1994-01-01	2100-12-31	Paradise	Florida			0	0	1		291
R	USI	FL377		1994-01-01	2100-12-31	Williams	Florida			0	0	1		291
R	USI	FL378		1994-01-01	2100-12-31	Pelican Harbor	Florida			0	0	1		291
R	USI	FL379		1994-01-01	2100-12-31	Sinai/Nautilus	Florida			0	0	1		291
R	USI	FL380		1994-01-01	2100-12-31	Bay Colony	Florida			0	0	1		291
R	USI	FL381		1994-01-01	2100-12-31	Cypress	Florida			0	0	1		291
R	USI	FL383		1994-01-01	2100-12-31	Florian Isle	Florida			0	0	1		291
R	USI	FL384		1994-01-01	2100-12-31	Argonaut Isle	Florida			0	0	1		291
R	USI	FL385		1994-01-01	2100-12-31	Nautilus Isle	Florida			0	0	1		291
R	USI	FL386		1994-01-01	2100-12-31	Southeast 7th St.	Florida			0	0	1		291
R	USI	FL387		1994-01-01	2100-12-31	Southeast 8th St.	Florida			0	0	1		291
R	USI	FL388		1994-01-01	2100-12-31	Southeast 9th St.	Florida			0	0	1		291
R	USI	FL389		1994-01-01	2100-12-31	Southeast 14th St.	Florida			0	0	1		291
R	USI	FL390		1994-01-01	2100-12-31	Southeast 13th St.	Florida			0	0	1		291
R	USI	FL391		1994-01-01	2100-12-31	Southeast 12th Ct.	Florida			0	0	1		291
R	USI	FL392		1994-01-01	2100-12-31	Southeast 10th St.	Florida			0	0	1		291
R	USI	FL393		1994-01-01	2100-12-31	Southeast 11th St.	Florida			0	0	1		291
R	USI	FL394		1994-01-01	2100-12-31	Green Key	Florida			0	0	1		291
R	USI	FL395		1994-01-01	2100-12-31	Hibiscus	Florida			0	0	1		291
R	USI	FL396		1994-01-01	2100-12-31	Blount	Florida			0	0	1		291
R	USI	FL397		1994-01-01	2100-12-31	Little Piney	Florida			0	0	1		291
R	USI	FL398		1994-01-01	2100-12-31	Bay Point	Florida			0	0	1		291
R	USI	FL399		1994-01-01	2100-12-31	North	Florida			0	0	1		291
R	USI	FL400		1994-01-01	2100-12-31	Tropic Isle	Florida			0	0	1		291
R	USI	FL401		1994-01-01	2100-12-31	Shell	Florida			0	0	1		291
R	USI	FL402		1994-01-01	2100-12-31	Marquesas Keys	Florida			0	0	1		291
R	USI	FL403		1994-01-01	2100-12-31	Sawpit	Florida			0	0	1		291
R	USI	FL404		1994-01-01	2100-12-31	Comatchie	Florida			0	0	1		291
R	USI	FL405		1994-01-01	2100-12-31	Kurths	Florida			0	0	1		291
R	USI	FL406		1994-01-01	2100-12-31	Capos	Florida			0	0	1		291
R	USI	FL407		1994-01-01	2100-12-31	Medicis	Florida			0	0	1		291
R	USI	FL408		1994-01-01	2100-12-31	Mineola	Florida			0	0	1		291
R	USI	FL409		1994-01-01	2100-12-31	River Ridge	Florida			0	0	1		291
R	USI	FL410		1994-01-01	2100-12-31	High Point	Florida			0	0	1		291
R	USI	FL411		1994-01-01	2100-12-31	Mandalay	Florida			0	0	1		291
R	USI	FL412		1994-01-01	2100-12-31	Long Point	Florida			0	0	1		291
R	USI	FL413		1994-01-01	2100-12-31	Riomar	Florida			0	0	1		291
R	USI	FL414		1994-01-01	2100-12-31	Hog	Florida			0	0	1		291
R	USI	FL415		1994-01-01	2100-12-31	Jims	Florida			0	0	1		291
R	USI	FL416		1994-01-01	2100-12-31	Snapper Point	Florida			0	0	1		291
R	USI	FL417		1994-01-01	2100-12-31	Sunset Cay	Florida			0	0	1		291
R	USI	FL418		1994-01-01	2100-12-31	Channel Cay	Florida			0	0	1		291
R	USI	FL419		1994-01-01	2100-12-31	Ocean Reef	Florida			0	0	1		291
R	USI	FL420		1994-01-01	2100-12-31	Largo Sound	Florida			0	0	1		291
R	USI	FL421		1994-01-01	2100-12-31	Yellow Tail	Florida			0	0	1		291
R	USI	FL422		1994-01-01	2100-12-31	Sunrise Isle	Florida			0	0	1		291
R	USI	FL423		1994-01-01	2100-12-31	Ensenada Isle	Florida			0	0	1		291
R	USI	FL424		1994-01-01	2100-12-31	Flamingo Isle	Florida			0	0	1		291
R	USI	FL425		1994-01-01	2100-12-31	Spanish Harbor Key	Florida			0	0	1		291
R	USI	FL426		1994-01-01	2100-12-31	Picciola	Florida			0	0	1		291
R	USI	FL427		1994-01-01	2100-12-31	Emeralda	Florida			0	0	1		291
R	USI	FL428		1994-01-01	2100-12-31	Treasure	Florida			0	0	1		291
R	USI	FL429		1994-01-01	2100-12-31	Bird	Florida			0	0	1		291
R	USI	FL430		1994-01-01	2100-12-31	Hollywood Beach	Florida			0	0	1		291
R	USI	FL431		1994-01-01	2100-12-31	Lloyd Park	Florida			0	0	1		291
R	USI	FL432		1994-01-01	2100-12-31	Coco Plum	Florida			0	0	1		291
R	USI	FL433		1994-01-01	2100-12-31	Key Colony Beach	Florida			0	0	1		291
R	USI	FL434		1994-01-01	2100-12-31	Doctors Point	Florida			0	0	1		291
R	USI	FL435		1994-01-01	2100-12-31	Bahia Shores	Florida			0	0	1		291
R	USI	FL436		1994-01-01	2100-12-31	Bay Point	Florida			0	0	1		291
R	USI	FL437		1994-01-01	2100-12-31	Pigeon Key	Florida			0	0	1		291
R	USI	FL438		1994-01-01	2100-12-31	Big Towhead	Florida			0	0	1		291
R	USI	FL439		1994-01-01	2100-12-31	Bulkhead Shoal	Florida			0	0	1		291
R	USI	FL440		1994-01-01	2100-12-31	Valois	Florida			0	0	1		291
R	USI	FL441		1994-01-01	2100-12-31	Bahama	Florida			0	0	1		291
R	USI	FL443		1994-01-01	2100-12-31	Paradise	Florida			0	0	1		291
R	USI	FL444		1994-01-01	2100-12-31	Arvida	Florida			0	0	1		291
R	USI	FL445		1994-01-01	2100-12-31	NE 23rd Terrace Isl. Isl.	Florida			0	0	1		291
R	USI	FL446		1994-01-01	2100-12-31	Melbourne Causeway West	Florida			0	0	1		291
R	USI	FL447		1994-01-01	2100-12-31	Melbourne Causeway East	Florida			0	0	1		291
R	USI	FL448		1994-01-01	2100-12-31	Pineda Causeway West	Florida			0	0	1		291
R	USI	FL449		1994-01-01	2100-12-31	The Isle	Florida			0	0	1		291
R	USI	FL450		1994-01-01	2100-12-31	Howell Key	Florida			0	0	1		291
R	USI	FL452		1994-01-01	2100-12-31	Idabelle	Florida			0	0	1		291
R	USI	FL453		1994-01-01	2100-12-31	Marina	Florida			0	0	1		291
R	USI	FL454		1994-01-01	2100-12-31	Buck	Florida			0	0	1		291
R	USI	FL455		1994-01-01	2100-12-31	Cypress	Florida			0	0	1		291
R	USI	FL456		1994-01-01	2100-12-31	Somerset	Florida			0	0	1		291
R	USI	FL457		1994-01-01	2100-12-31	Poinciana	Florida			0	0	1		291
R	USI	FL458		1994-01-01	2100-12-31	Beaver	Florida			0	0	1		291
R	USI	FL459		1994-01-01	2100-12-31	Picnic	Florida			0	0	1		291
R	USI	FL460		1994-01-01	2100-12-31	Little Shell	Florida			0	0	1		291
R	USI	FL461		1994-01-01	2100-12-31	Big Shell	Florida			0	0	1		291
R	USI	FL462		1994-01-01	2100-12-31	Oleander	Florida			0	0	1		291
R	USI	FL463		1994-01-01	2100-12-31	Palm	Florida			0	0	1		291
R	USI	FL464		1994-01-01	2100-12-31	Cayo Costa	Florida			0	0	1		291
R	USI	FL465		1994-01-01	2100-12-31	Arcadia	Florida			0	0	1		291
R	USI	FL466		1994-01-01	2100-12-31	Seahorse Key	Florida			0	0	1		291
R	USI	FL467		1994-01-01	2100-12-31	Treasure	Florida			0	0	1		291
R	USI	FL468		1994-01-01	2100-12-31	Cape Florida	Florida			0	0	1		291
R	USI	FL469		1994-01-01	2100-12-31	Knollwood	Florida			0	0	1		291
R	USI	FL470		1994-01-01	2100-12-31	Loggerhead Key	Florida			0	0	1		291
R	USI	FL471		1994-01-01	2100-12-31	East Key	Florida			0	0	1		291
R	USI	FL474		1994-01-01	2100-12-31	Lake Kerr Key	Florida			0	0	1		291
R	USI	FL475		1994-01-01	2100-12-31	Stone	Florida			0	0	1		291
R	USI	FL476		1994-01-01	2100-12-31	Keewaydin	Florida			0	0	1		291
R	USI	FL477		1994-01-01	2100-12-31	Shell	Florida			0	0	1		291
R	USI	FL478		1994-01-01	2100-12-31	Boca Grande Key	Florida			0	0	1		291
R	USI	FL479		1994-01-01	2100-12-31	Peanut	Florida			0	0	1		291
R	USI	FL480		1994-01-01	2100-12-31	Innerarity	Florida			0	0	1		291
R	USI	FL481		1994-01-01	2100-12-31	Hontoon	Florida			0	0	1		291
R	USI	FL482		1994-01-01	2100-12-31	Noriegas	Florida			0	0	1		291
R	USI	FL483		1994-01-01	2100-12-31	Venice	Florida			0	0	1		291
R	USI	FL484		1994-01-01	2100-12-31	DEN	Florida			0	0	1		291
R	USI	FL485		1994-01-01	2100-12-31	Cedar Key	Florida			0	0	1		291
R	USI	FL486		1994-01-01	2100-12-31	Deleted	Florida			0	0	1		291
R	USI	FL487		1994-01-01	2100-12-31	Phillippi Creek	Florida			0	0	1		291
R	USI	FL488		1994-01-01	2100-12-31	Venetian Waterway Park/Caspersen	Florida			0	0	1		291
R	USI	FL489		1994-01-01	2100-12-31	Snake	Florida			0	0	1		291
R	USI	FL490		1994-01-01	2100-12-31	Whiskey	Florida			0	0	1		291
R	USI	FL491		1994-01-01	2100-12-31	Timber	Florida			0	0	1		291
R	USI	FL492		1994-01-01	2100-12-31	Big Grassy	Florida			0	0	1		291
R	USI	FL493		1994-01-01	2100-12-31	Little Grassy	Florida			0	0	1		291
R	USI	FL494		1994-01-01	2100-12-31	West Grassy	Florida			0	0	1		291
R	USI	FL495		1994-01-01	2100-12-31	Three Rooker	Florida			0	0	1		291
R	USI	FL496		1994-01-01	2100-12-31	Turkey	Florida			0	0	1		291
R	USI	FL497		1994-01-01	2100-12-31	Little Turkey	Florida			0	0	1		291
R	USI	FL498		1994-01-01	2100-12-31	Budd Keys	Florida			0	0	1		291
R	USI	FL499		1994-01-01	2100-12-31	Budd Keys	Florida			0	0	1		291
R	USI	FL500		1994-01-01	2100-12-31	Budd Keys	Florida			0	0	1		291
R	USI	FL501		1994-01-01	2100-12-31	Crab Key	Florida			0	0	1		291
R	USI	FL502		1994-01-01	2100-12-31	Gopher Key	Florida			0	0	1		291
R	USI	FL503		1994-01-01	2100-12-31	Knockemdown Key	Florida			0	0	1		291
R	USI	FL504		1994-01-01	2100-12-31	Lois Key/Key Lois	Florida			0	0	1		291
R	USI	FL505		1994-01-01	2100-12-31	Melody Key	Florida			0	0	1		291
R	USI	FL506		1994-01-01	2100-12-31	Out Key	Florida			0	0	1		291
R	USI	FL507		1994-01-01	2100-12-31	Pye Key	Florida			0	0	1		291
R	USI	FL508		1994-01-01	2100-12-31	Venture Key	Florida			0	0	1		291
R	USI	FL509		1994-01-01	2100-12-31	Pirates Cove	Florida			0	0	1		291
R	USI	FL510		1994-01-01	2100-12-31	Big Grass	Florida			0	0	1		291
R	USI	FL511		1994-01-01	2100-12-31	Big Grassy	Florida			0	0	1		291
R	USI	FL512		1994-01-01	2100-12-31	Bird	Florida			0	0	1		291
R	USI	FL513		1994-01-01	2100-12-31	Dark	Florida			0	0	1		291
R	USI	FL514		1994-01-01	2100-12-31	Lazy	Florida			0	0	1		291
R	USI	FL515		1994-01-01	2100-12-31	Little Grass	Florida			0	0	1		291
R	USI	FL516		1994-01-01	2100-12-31	Pine Log	Florida			0	0	1		291
R	USI	FL517		1994-01-01	2100-12-31	Rock	Florida			0	0	1		291
R	USI	FL518		1994-01-01	2100-12-31	Shired	Florida			0	0	1		291
R	USI	FL519		1994-01-01	2100-12-31	Ocean Blvd West	Florida			0	0	1		291
R	USI	FL520		1994-01-01	2100-12-31	North Interceptor	Florida			0	0	1		291
R	USI	FL521		1994-01-01	2100-12-31	South Interceptor	Florida			0	0	1		291
R	USI	FL522		1994-01-01	2100-12-31	Atsena Otis Key	Florida			0	0	1		291
R	USI	FL523		1994-01-01	2100-12-31	Tortoise	Florida			0	0	1		291
R	USI	FL524		1994-01-01	2100-12-31	Boy Scout	Florida			0	0	1		291
R	USI	FL525		1994-01-01	2100-12-31	Keaton Beach	Florida			0	0	1		291
R	USI	FL526		1994-01-01	2100-12-31	Lindsey	Florida			0	0	1		291
R	USI	FL527		1994-01-01	2100-12-31	Little Marco	Florida			0	0	1		291
R	USI	FL528		1994-01-01	2100-12-31	North Key	Florida			0	0	1		291
R	USI	FL529		1994-01-01	2100-12-31	Short Key	Florida			0	0	1		291
R	USI	FL530		1994-01-01	2100-12-31	Drayton	Florida			0	0	1		291
R	USI	FL531		1994-01-01	2100-12-31	Grass	Florida			0	0	1		291
R	USI	FL532		1994-01-01	2100-12-31	Makinson	Florida			0	0	1		291
R	USI	FL533		1994-01-01	2100-12-31	Paradise	Florida			0	0	1		291
R	USI	FL534		1994-01-01	2100-12-31	Cooy's	Florida			0	0	1		291
R	USI	FL535		1994-01-01	2100-12-31	Middle	Florida			0	0	1		291
R	USI	FL536		1994-01-01	2100-12-31	Pelican	Florida			0	0	1		291
R	USI	FL537		1994-01-01	2100-12-31	Isolation Key	Florida			0	0	1		291
R	USI	FL538		1994-01-01	2100-12-31	Jewel Key	Florida			0	0	1		291
R	USI	FL539		1994-01-01	2100-12-31	Panther Key	Florida			0	0	1		291
R	USI	FL540		1994-01-01	2100-12-31	Palm	Florida			0	0	1		291
R	USI	FL541		1994-01-01	2100-12-31	Robinson	Florida			0	0	1		291
R	USI	FL542		1994-01-01	2100-12-31	Spoil SL-7	Florida			0	0	1		291
R	USI	FL543		1994-01-01	2100-12-31	Spoil SL-13	Florida			0	0	1		291
R	USI	FL544		1994-01-01	2100-12-31	Fullerton	Florida			0	0	1		291
R	USI	FL545		1994-01-01	2100-12-31	Munyon	Florida			0	0	1		291
R	USI	FL546		1994-01-01	2100-12-31	Driggers	Florida			0	0	1		291
R	USI	FL547		1994-01-01	2100-12-31	Lungren	Florida			0	0	1		291
R	USI	FL548		1994-01-01	2100-12-31	Spoil SL1	Florida			0	0	1		291
R	USI	FL549		1994-01-01	2100-12-31	Coon	Florida			0	0	1		291
R	USI	FL550		1994-01-01	2100-12-31	Mangrove	Florida			0	0	1		291
R	USI	FL551		1994-01-01	2100-12-31	Spoil SL1A	Florida			0	0	1		291
R	USI	FL552		1994-01-01	2100-12-31	Spoil SL2	Florida			0	0	1		291
R	USI	FL553		1994-01-01	2100-12-31	Spoil SL3	Florida			0	0	1		291
R	USI	FL554		1994-01-01	2100-12-31	Spoil SL4	Florida			0	0	1		291
R	USI	FL555		1994-01-01	2100-12-31	Spoil SL5	Florida			0	0	1		291
R	USI	FL556		1994-01-01	2100-12-31	Spoil SL6	Florida			0	0	1		291
R	USI	FL557		1994-01-01	2100-12-31	Spoil SL8	Florida			0	0	1		291
R	USI	FL558		1994-01-01	2100-12-31	Spoil SL9	Florida			0	0	1		291
R	USI	FL559		1994-01-01	2100-12-31	Spoil SL10	Florida			0	0	1		291
R	USI	FL560		1994-01-01	2100-12-31	Spoil SL11	Florida			0	0	1		291
R	USI	FL561		1994-01-01	2100-12-31	Spoil SL12	Florida			0	0	1		291
R	USI	FL562		1994-01-01	2100-12-31	Spoil SL12C	Florida			0	0	1		291
R	USI	FL563		1994-01-01	2100-12-31	Spoil SL13A	Florida			0	0	1		291
R	USI	FL564		1994-01-01	2100-12-31	Spoil SL14	Florida			0	0	1		291
R	USI	FL565		1994-01-01	2100-12-31	Spoil SL14A	Florida			0	0	1		291
R	USI	FL566		1994-01-01	2100-12-31	Spoil SL14B	Florida			0	0	1		291
R	USI	FL567		1994-01-01	2100-12-31	Spoil SL15	Florida			0	0	1		291
R	USI	FL568		1994-01-01	2100-12-31	Spoil SL16	Florida			0	0	1		291
R	USI	FL569		1994-01-01	2100-12-31	Spoil SL17	Florida			0	0	1		291
R	USI	FL570		1994-01-01	2100-12-31	Spoil SL13 West	Florida			0	0	1		291
R	USI	FL571		1994-01-01	2100-12-31	Upper Sugarloaf Key	Florida			0	0	1		291
R	USI	FL572		1994-01-01	2100-12-31	Howard Park	Florida			0	0	1		291
R	USI	FL573		1994-01-01	2100-12-31	Bear	Florida			0	0	1		291
R	USI	FL575		1994-01-01	2100-12-31	Don Pedro	Florida			0	0	1		291
R	USI	FL576		1994-01-01	2100-12-31	Spoil IR35	Florida			0	0	1		291
R	USI	FL577		1994-01-01	2100-12-31	Spoil IR36	Florida			0	0	1		291
R	USI	FL578		1994-01-01	2100-12-31	Spoil IR37	Florida			0	0	1		291
R	USI	FL579		1994-01-01	2100-12-31	Spoil IR37A	Florida			0	0	1		291
R	USI	FL580		1994-01-01	2100-12-31	Spoil IR38	Florida			0	0	1		291
R	USI	FL581		1994-01-01	2100-12-31	Spoil IR39	Florida			0	0	1		291
R	USI	FL582		1994-01-01	2100-12-31	Spoil IR40	Florida			0	0	1		291
R	USI	FL583		1994-01-01	2100-12-31	Spoil IR41	Florida			0	0	1		291
R	USI	FL584		1994-01-01	2100-12-31	Spoil IR42	Florida			0	0	1		291
R	USI	FL585		1994-01-01	2100-12-31	Spoil IR43	Florida			0	0	1		291
R	USI	FL586		1994-01-01	2100-12-31	Indian Key	Florida			0	0	1		291
R	USI	FL587		1994-01-01	2100-12-31	Buzzards Roost	Florida			0	0	1		291
R	USI	FL589		1994-01-01	2100-12-31	No Name	Florida			0	0	1		291
R	USI	FL590		1994-01-01	2100-12-31	Passage Key	Florida			0	0	1		291
R	USI	FL591		1994-01-01	2100-12-31	Indian Key	Florida			0	0	1		291
R	USI	FL592		1994-01-01	2100-12-31	Camp Key	Florida			0	0	1		291
R	USI	FL593		1994-01-01	2100-12-31	Listen Key	Florida			0	0	1		291
R	USI	FL594		1994-01-01	2100-12-31	Mound Key	Florida			0	0	1		291
R	USI	FL595		1994-01-01	2100-12-31	Rock	Florida			0	0	1		291
R	USI	FL596		1994-01-01	2100-12-31	Mormon Key	Florida			0	0	1		291
R	USI	FL597		1994-01-01	2100-12-31	Crate Key	Florida			0	0	1		291
R	USI	FL598		1994-01-01	2100-12-31	Demijohn Key	Florida			0	0	1		291
R	USI	FL599		1994-01-01	2100-12-31	Lumber Key	Florida			0	0	1		291
R	USI	FL600		1994-01-01	2100-12-31	Rabbit Key	Florida			0	0	1		291
R	USI	FL601		1994-01-01	2100-12-31	Turtle Key	Florida			0	0	1		291
R	USI	FL602		1994-01-01	2100-12-31	Cabbage Key	Florida			0	0	1		291
R	USI	FL603		1994-01-01	2100-12-31	Pavilion Key	Florida			0	0	1		291
R	USI	FL604		1994-01-01	2100-12-31	Indian Key	Florida			0	0	1		291
R	USI	FL605		1994-01-01	2100-12-31	Rattlesnake	Florida			0	0	1		291
R	USI	FL606		1994-01-01	2100-12-31	Gallagher Key	Florida			0	0	1		291
R	USI	FL607		1994-01-01	2100-12-31	Hoagen Key	Florida			0	0	1		291
R	USI	FL608		1994-01-01	2100-12-31	Lignumvitae Key	Florida			0	0	1		291
R	USI	FL609		1994-01-01	2100-12-31	Hog Key	Florida			0	0	1		291
R	USI	FL610		1994-01-01	2100-12-31	White Horse Key	Florida			0	0	1		291
R	USI	FL611		1994-01-01	2100-12-31	Point Washington	Florida			0	0	1		291
R	USI	FL612		1994-01-01	2100-12-31	Navarre Beach Causeway	Florida			0	0	1		291
R	USI	FL613		1994-01-01	2100-12-31	Rodriguez Key	Florida			0	0	1		291
R	USI	FL614		1994-01-01	2100-12-31	Cape San Bias	Florida			0	0	1		291
R	USI	FL615		1994-01-01	2100-12-31	Tyndall	Florida			0	0	1		291
R	USI	FL616		1994-01-01	2100-12-31	Scale Key	Florida			0	0	1		291
R	USI	FL617		1994-01-01	2100-12-31	Riverbend Park	Florida			0	0	1		291
R	USI	GA001		1994-01-01	2100-12-31	Sea	Georgia			0	0	1		291
R	USI	GA002		1994-01-01	2100-12-31	Cumberland	Georgia			0	0	1		291
R	USI	GA003		1994-01-01	2100-12-31	St Simons	Georgia			0	0	1		291
R	USI	GA004		1994-01-01	2100-12-31	Little St. Simons	Georgia			0	0	1		291
R	USI	GA005		1994-01-01	2100-12-31	Colonels	Georgia			0	0	1		291
R	USI	GA006		1994-01-01	2100-12-31	Jekyll	Georgia			0	0	1		291
R	USI	GA007		1994-01-01	2100-12-31	Sapelo	Georgia			0	0	1		291
R	USI	GA008		1994-01-01	2100-12-31	Ossabaw	Georgia			0	0	1		291
R	USI	GA009		1994-01-01	2100-12-31	Tybee	Georgia			0	0	1		291
R	USI	GA010		1994-01-01	2100-12-31	St Catherines	Georgia			0	0	1		291
R	USI	GA011		1994-01-01	2100-12-31	Blythe	Georgia			0	0	1		291
R	USI	GA012		1994-01-01	2100-12-31	Little Crispen	Georgia			0	0	1		291
R	USI	GA013		1994-01-01	2100-12-31	Crispen	Georgia			0	0	1		291
R	USI	GA014		1994-01-01	2100-12-31	Lanier	Georgia			0	0	1		291
R	USI	GA015		1994-01-01	2100-12-31	Oatland	Georgia			0	0	1		291
R	USI	GA016		1994-01-01	2100-12-31	Skidway	Georgia			0	0	1		291
R	USI	GA017		1994-01-01	2100-12-31	Butler	Georgia			0	0	1		291
R	USI	GA018		1994-01-01	2100-12-31	Champney	Georgia			0	0	1		291
R	USI	GA019		1994-01-01	2100-12-31	Rhett's aka Generals	Georgia			0	0	1		291
R	USI	GA020		1994-01-01	2100-12-31	Andrews	Georgia			0	0	1		291
R	USI	GA021		1994-01-01	2100-12-31	Wylly	Georgia			0	0	1		291
R	USI	GA022		1994-01-01	2100-12-31	Hutchinson	Georgia			0	0	1		291
R	USI	GA023		1994-01-01	2100-12-31	Lake Lanier	Georgia			0	0	1		291
R	USI	GA024		1994-01-01	2100-12-31	Red Top'	Georgia			0	0	1		291
R	USI	GA025		1994-01-01	2100-12-31	Indian	Georgia			0	0	1		291
R	USI	GA026		1994-01-01	2100-12-31	Powers	Georgia			0	0	1		291
R	USI	GA027		1994-01-01	2100-12-31	West	Georgia			0	0	1		291
R	USI	GA028		1994-01-01	2100-12-31	Mary Alice	Georgia			0	0	1		291
R	USI	GA029		1994-01-01	2100-12-31	Cockspur	Georgia			0	0	1		291
R	USI	GA030		1994-01-01	2100-12-31	Isle of Hope	Georgia			0	0	1		291
R	USI	GA031		1994-01-01	2100-12-31	Pine	Georgia			0	0	1		291
R	USI	GA032		1994-01-01	2100-12-31	Deer	Georgia			0	0	1		291
R	USI	GA033		1994-01-01	2100-12-31	McQueens	Georgia			0	0	1		291
R	USI	GA034		1994-01-01	2100-12-31	Whitemarsh	Georgia			0	0	1		291
R	USI	GA035		1994-01-01	2100-12-31	Wilmington	Georgia			0	0	1		291
R	USI	GA036		1994-01-01	2100-12-31	Paradise	Georgia			0	0	1		291
R	USI	GA037		1994-01-01	2100-12-31	Burnside	Georgia			0	0	1		291
R	USI	GA038		1994-01-01	2100-12-31	Savage	Georgia			0	0	1		291
R	USI	GA039		1994-01-01	2100-12-31	Wassaw	Georgia			0	0	1		291
R	USI	GA040		1994-01-01	2100-12-31	Nix	Georgia			0	0	1		291
R	USI	GA041		1994-01-01	2100-12-31	Taylor Creek	Georgia			0	0	1		291
R	USI	GA042		1994-01-01	2100-12-31	Big Junction	Georgia			0	0	1		291
R	USI	GA043		1994-01-01	2100-12-31	Keith's Bridge	Georgia			0	0	1		291
R	USI	GA044		1994-01-01	2100-12-31	Latham	Georgia			0	0	1		291
R	USI	GA045		1994-01-01	2100-12-31	Little Junction	Georgia			0	0	1		291
R	USI	GA046		1994-01-01	2100-12-31	Brown's Bridge	Georgia			0	0	1		291
R	USI	GA047		1994-01-01	2100-12-31	Flat Creek	Georgia			0	0	1		291
R	USI	GA048		1994-01-01	2100-12-31	Three Sisters	Georgia			0	0	1		291
R	USI	GA049		1994-01-01	2100-12-31	Light's Ferrys	Georgia			0	0	1		291
R	USI	GA050		1994-01-01	2100-12-31	Gaines Ferrys	Georgia			0	0	1		291
R	USI	GA051		1994-01-01	2100-12-31	Four Mile	Georgia			0	0	1		291
R	USI	GA052		1994-01-01	2100-12-31	Wilderness Isle	Georgia			0	0	1		291
R	USI	GA053		1994-01-01	2100-12-31	Little Ridge	Georgia			0	0	1		291
R	USI	GA054		1994-01-01	2100-12-31	Robinson Crusoe's	Georgia			0	0	1		291
R	USI	GA055		1994-01-01	2100-12-31	Pirate's Adventure	Georgia			0	0	1		291
R	USI	GA056		1994-01-01	2100-12-31	Bridges	Georgia			0	0	1		291
R	USI	GA057		1994-01-01	2100-12-31	Island Bar Shoals	Georgia			0	0	1		291
R	USI	GA058		1994-01-01	2100-12-31	Middle	Georgia			0	0	1		291
R	USI	GA059		1994-01-01	2100-12-31	Webster's Ferry	Georgia			0	0	1		291
R	USI	GA060		1994-01-01	2100-12-31	Pork Chop	Georgia			0	0	1		291
R	USI	GA061		1994-01-01	2100-12-31	Bownmans Island Shoals	Georgia			0	0	1		291
R	USI	GA062		1994-01-01	2100-12-31	Little Tybee	Georgia			0	0	1		291
R	USI	GA063		1994-01-01	2100-12-31	Isla de Playa	Georgia			0	0	1		291
R	USI	GA064		1994-01-01	2100-12-31	Blue Ridge	Georgia			0	0	1		291
R	USI	GA065		1994-01-01	2100-12-31	Georgia	Georgia			0	0	1		291
R	USI	GA066		1994-01-01	2100-12-31	Hotel	Georgia			0	0	1		291
R	USI	GA067		1994-01-01	2100-12-31	Legacy	Georgia			0	0	1		291
R	USI	GA068		1994-01-01	2100-12-31	Cliatt	Georgia			0	0	1		291
R	USI	GA069		1994-01-01	2100-12-31	South Juliette	Georgia			0	0	1		291
R	USI	GA070		1994-01-01	2100-12-31	Whitewater	Georgia			0	0	1		291
R	USI	GA071		1994-01-01	2100-12-31	Ball	Georgia			0	0	1		291
R	USI	GA072		1994-01-01	2100-12-31	Onslow	Georgia			0	0	1		291
R	USI	GA073		1994-01-01	2100-12-31	Tayler	Georgia			0	0	1		291
R	USI	GA074		1994-01-01	2100-12-31	German	Georgia			0	0	1		291
R	USI	GA075		1994-01-01	2100-12-31	Blackbeard	Georgia			0	0	1		291
R	USI	GA076		1994-01-01	2100-12-31	Creighton	Georgia			0	0	1		291
R	USI	GA078		1994-01-01	2100-12-31	Eagle	Georgia			0	0	1		291
R	USI	GU001		1994-01-01	2100-12-31	Alutom	Guam			0	0	1		103
R	USI	GU002		1994-01-01	2100-12-31	Cocos	Guam			0	0	1		103
R	USI	GU003		1994-01-01	2100-12-31	Guam	Guam			0	0	1		103
R	USI	HI001		1994-01-01	2100-12-31	Ni'ihau	Hawaii			0	0	1		110
R	USI	HI002		1994-01-01	2100-12-31	Ka'ula	Hawaii			0	0	1		110
R	USI	HI003		1994-01-01	2100-12-31	Kaua'i	Hawaii			0	0	1		110
R	USI	HI004		1994-01-01	2100-12-31	Coconut	Hawaii			0	0	1		110
R	USI	HI005		1994-01-01	2100-12-31	Nihoa	Hawaii			0	0	1		110
R	USI	HI006		1994-01-01	2100-12-31	Necker	Hawaii			0	0	1		110
R	USI	HI007		1994-01-01	2100-12-31	Gardener Pinnacles	Hawaii			0	0	1		110
R	USI	HI008		1994-01-01	2100-12-31	O'ahu	Hawaii			0	0	1		110
R	USI	HI009		1994-01-01	2100-12-31	Manana/Rabbit Isl.	Hawaii			0	0	1		110
R	USI	HI010		1994-01-01	2100-12-31	Ahuolaka	Hawaii			0	0	1		110
R	USI	HI012		1994-01-01	2100-12-31	Laysan	Hawaii			0	0	1		110
R	USI	HI013		1994-01-01	2100-12-31	Lisianski	Hawaii			0	0	1		110
R	USI	HI014		1994-01-01	2100-12-31	Sand	Hawaii			0	0	1		110
R	USI	HI015		1994-01-01	2100-12-31	Moloka'i	Hawaii			0	0	1		110
R	USI	HI016		1994-01-01	2100-12-31	Green	Hawaii			0	0	1		110
R	USI	HI017		1994-01-01	2100-12-31	Lana'i	Hawaii			0	0	1		110
R	USI	HI018		1994-01-01	2100-12-31	Maui	Hawaii			0	0	1		110
R	USI	HI019		1994-01-01	2100-12-31	East Island F.F.S.	Hawaii			0	0	1		110
R	USI	HI020		1994-01-01	2100-12-31	Moku-o-Loe/Coconut	Hawaii			0	0	1		110
R	USI	HI021		1994-01-01	2100-12-31	Sand	Hawaii			0	0	1		110
R	USI	HI022		1994-01-01	2100-12-31	Ford	Hawaii			0	0	1		110
R	USI	HI023		1994-01-01	2100-12-31	Laulaunui	Hawaii			0	0	1		110
R	USI	HI024		1994-01-01	2100-12-31	Mokoli'i/Chinaman's Hat	Hawaii			0	0	1		110
R	USI	HI025		1994-01-01	2100-12-31	Hawaii	Hawaii			0	0	1		110
R	USI	HI026		1994-01-01	2100-12-31	Kaho'olawe	Hawaii			0	0	1		110
R	USI	HI027		1994-01-01	2100-12-31	Molokini	Hawaii			0	0	1		110
R	USI	HI028		1994-01-01	2100-12-31	Tern Island F.F.S.	Hawaii			0	0	1		110
R	USI	HI029		1994-01-01	2100-12-31	Ala Moana/Gilligan's	Hawaii			0	0	1		110
R	USI	HI030		1994-01-01	2100-12-31	Kure Atoll	Hawaii			0	0	1		110
R	USI	IA001		1994-01-01	2100-12-31	Credit	Iowa			0	0	1		291
R	USI	IA002		1994-01-01	2100-12-31	Rabbit	Iowa			0	0	1		291
R	USI	IA003		1994-01-01	2100-12-31	Horse/Enchanted	Iowa			0	0	1		291
R	USI	IA004		1994-01-01	2100-12-31	Hamm	Iowa			0	0	1		291
R	USI	IA005		1994-01-01	2100-12-31	Municipal	Iowa			0	0	1		291
R	USI	IA006		1994-01-01	2100-12-31	South Henserson	Iowa			0	0	1		291
R	USI	IA007		1994-01-01	2100-12-31	Henderson	Iowa			0	0	1		291
R	USI	IA008		1994-01-01	2100-12-31	Beaver	Iowa			0	0	1		291
R	USI	IA009		1994-01-01	2100-12-31	Dulin's	Iowa			0	0	1		291
R	USI	IA010		1994-01-01	2100-12-31	Turkey	Iowa			0	0	1		291
R	USI	IA011		1994-01-01	2100-12-31	Scott	Iowa			0	0	1		291
R	USI	IA012		1994-01-01	2100-12-31	Brushy Lake South	Iowa			0	0	1		291
R	USI	IA013		1994-01-01	2100-12-31	Otter	Iowa			0	0	1		291
R	USI	IA014		1994-01-01	2100-12-31	Nine Mile	Iowa			0	0	1		291
R	USI	IA015		1994-01-01	2100-12-31	Blackwood	Iowa			0	0	1		291
R	USI	IA016		1994-01-01	2100-12-31	Deadman	Iowa			0	0	1		291
R	USI	IA017		1994-01-01	2100-12-31	Robinson Crusoe	Iowa			0	0	1		291
R	USI	IA018		1994-01-01	2100-12-31	San Souci	Iowa			0	0	1		291
R	USI	IA020		1994-01-01	2100-12-31	Woodford	Iowa			0	0	1		291
R	USI	IA021		1994-01-01	2100-12-31	Hickory Grove	Iowa			0	0	1		291
R	USI	IA022		1994-01-01	2100-12-31	Abel	Iowa			0	0	1		291
R	USI	IA023		1994-01-01	2100-12-31	Rock Creek	Iowa			0	0	1		291
R	USI	ID001		1994-01-01	2100-12-31	Middle	Idaho			0	0	1		291
R	USI	ID002		1994-01-01	2100-12-31	South	Idaho			0	0	1		291
R	USI	ID003		1994-01-01	2100-12-31	North	Idaho			0	0	1		291
R	USI	ID004		1994-01-01	2100-12-31	Kellogg	Idaho			0	0	1		291
R	USI	ID005		1994-01-01	2100-12-31	Soda Springs	Idaho			0	0	1		291
R	USI	ID006		1994-01-01	2100-12-31	Sportsman's Park	Idaho			0	0	1		291
R	USI	ID007		1994-01-01	2100-12-31	Kalispell	Idaho			0	0	1		291
R	USI	ID008		1994-01-01	2100-12-31	Papoose	Idaho			0	0	1		291
R	USI	ID009		1994-01-01	2100-12-31	Bartoo	Idaho			0	0	1		291
R	USI	ID010		1994-01-01	2100-12-31	Fourmile	Idaho			0	0	1		291
R	USI	ID011		1994-01-01	2100-12-31	Eightmile	Idaho			0	0	1		291
R	USI	ID012		1994-01-01	2100-12-31	Derr	Idaho			0	0	1		291
R	USI	ID013		1994-01-01	2100-12-31	Butler	Idaho			0	0	1		291
R	USI	ID014		1994-01-01	2100-12-31	Goat	Idaho			0	0	1		291
R	USI	ID015		1994-01-01	2100-12-31	Crow	Idaho			0	0	1		291
R	USI	ID016		1994-01-01	2100-12-31	Custer	Idaho			0	0	1		291
R	USI	ID017		1994-01-01	2100-12-31	Parees/aka Frenchmans'	Idaho			0	0	1		291
R	USI	ID018		1994-01-01	2100-12-31	Rock	Idaho			0	0	1		291
R	USI	ID019		1994-01-01	2100-12-31	Warren	Idaho			0	0	1		291
R	USI	ID020		1994-01-01	2100-12-31	Big	Idaho			0	0	1		291
R	USI	ID021		1994-01-01	2100-12-31	Eagle	Idaho			0	0	1		291
R	USI	ID022		1994-01-01	2100-12-31	HOG	Idaho			0	0	1		291
R	USI	ID023		1994-01-01	2100-12-31	Blackwell	Idaho			0	0	1		291
R	USI	IL001		1994-01-01	2100-12-31	Mosenthein	Illinois			0	0	1		291
R	USI	IL002		1994-01-01	2100-12-31	Gabaret	Illinois			0	0	1		291
R	USI	IL003		1994-01-01	2100-12-31	Chouteau	Illinois			0	0	1		291
R	USI	IL004		1994-01-01	2100-12-31	Sylvan	Illinois			0	0	1		291
R	USI	IL005		1994-01-01	2100-12-31	Kaskaskia	Illinois			0	0	1		291
R	USI	IL006		1994-01-01	2100-12-31	Campbell's	Illinois			0	0	1		291
R	USI	IL007		1994-01-01	2100-12-31	Vandruff	Illinois			0	0	1		291
R	USI	IL008		1994-01-01	2100-12-31	Arsenal aka Rock	Illinois			0	0	1		291
R	USI	IL009		1994-01-01	2100-12-31	Bay/Quinsippi	Illinois			0	0	1		291
R	USI	IL010		1994-01-01	2100-12-31	Ward	Illinois			0	0	1		291
R	USI	IL011		1994-01-01	2100-12-31	Bull	Illinois			0	0	1		291
R	USI	IL012		1994-01-01	2100-12-31	Hurds	Illinois			0	0	1		291
R	USI	IL013		1994-01-01	2100-12-31	Spiers	Illinois			0	0	1		291
R	USI	IL014		1994-01-01	2100-12-31	Stolp	Illinois			0	0	1		291
R	USI	IL015		1994-01-01	2100-12-31	Goose	Illinois			0	0	1		291
R	USI	IL016		1994-01-01	2100-12-31	Isle A-La Cache	Illinois			0	0	1		291
R	USI	IL018		1994-01-01	2100-12-31	Brandon Locks	Illinois			0	0	1		291
R	USI	IL019		1994-01-01	2100-12-31	Walkers	Illinois			0	0	1		291
R	USI	IL020		1994-01-01	2100-12-31	Blackhawk	Illinois			0	0	1		291
R	USI	IL021		1994-01-01	2100-12-31	Island No.	Illinois			0	0	1		291
R	USI	IL022		1994-01-01	2100-12-31	Island Park	Illinois			0	0	1		291
R	USI	IL023		1994-01-01	2100-12-31	Skinner	Illinois			0	0	1		291
R	USI	IL024		1994-01-01	2100-12-31	Horseshoe Lake	Illinois			0	0	1		291
R	USI	IL025		1994-01-01	2100-12-31	Riverside	Illinois			0	0	1		291
R	USI	IL026		1994-01-01	2100-12-31	Marina	Illinois			0	0	1		291
R	USI	IL027		1994-01-01	2100-12-31	South/Park	Illinois			0	0	1		291
R	USI	IL028		1994-01-01	2100-12-31	North Aurora	Illinois			0	0	1		291
R	USI	IL029		1994-01-01	2100-12-31	Island Park	Illinois			0	0	1		291
R	USI	IL030		1994-01-01	2100-12-31	Vails	Illinois			0	0	1		291
R	USI	IL031		1994-01-01	2100-12-31	Sangamon	Illinois			0	0	1		291
R	USI	IL032		1994-01-01	2100-12-31	Fabyan	Illinois			0	0	1		291
R	USI	IL033		1994-01-01	2100-12-31	Thomson	Illinois			0	0	1		291
R	USI	IL034		1994-01-01	2100-12-31	Hakes	Illinois			0	0	1		291
R	USI	IL035		1994-01-01	2100-12-31	Buttermilk	Illinois			0	0	1		291
R	USI	IL036		1994-01-01	2100-12-31	Blarney	Illinois			0	0	1		291
R	USI	IL037		1994-01-01	2100-12-31	Grass	Illinois			0	0	1		291
R	USI	IL038		1994-01-01	2100-12-31	Lawrence Park	Illinois			0	0	1		291
R	USI	IL039		1994-01-01	2100-12-31	Wooded	Illinois			0	0	1		291
R	USI	IL040		1994-01-01	2100-12-31	Coopers	Illinois			0	0	1		291
R	USI	IL041		1994-01-01	2100-12-31	Chillicothe	Illinois			0	0	1		291
R	USI	IL042		1994-01-01	2100-12-31	Coon Hollow	Illinois			0	0	1		291
R	USI	IL043		1994-01-01	2100-12-31	Margaret Fuller	Illinois			0	0	1		291
R	USI	IL044		1994-01-01	2100-12-31	Leopold	Illinois			0	0	1		291
R	USI	IL045		1994-01-01	2100-12-31	Plum	Illinois			0	0	1		291
R	USI	IL046		1994-01-01	2100-12-31	Devils	Illinois			0	0	1		291
R	USI	IL047		1994-01-01	2100-12-31	Duck	Illinois			0	0	1		291
R	USI	IL048		1994-01-01	2100-12-31	Play	Illinois			0	0	1		291
R	USI	IL049		1994-01-01	2100-12-31	Rest	Illinois			0	0	1		291
R	USI	IL050		1994-01-01	2100-12-31	Snake	Illinois			0	0	1		291
R	USI	IL051		1994-01-01	2100-12-31	Hale	Illinois			0	0	1		291
R	USI	IL052		1994-01-01	2100-12-31	Perioa	Illinois			0	0	1		291
R	USI	IL053		1994-01-01	2100-12-31	Moose	Illinois			0	0	1		291
R	USI	IL054		1994-01-01	2100-12-31	Blanchard	Illinois			0	0	1		291
R	USI	IL055		1994-01-01	2100-12-31	Willow	Illinois			0	0	1		291
R	USI	IL056		1994-01-01	2100-12-31	Elm	Illinois			0	0	1		291
R	USI	IL057		1994-01-01	2100-12-31	Gilligan's	Illinois			0	0	1		291
R	USI	IL058		1994-01-01	2100-12-31	Macoupin	Illinois			0	0	1		291
R	USI	IL059		1994-01-01	2100-12-31	Gregory	Illinois			0	0	1		291
R	USI	IL060		1994-01-01	2100-12-31	Clark	Illinois			0	0	1		291
R	USI	IL061		1994-01-01	2100-12-31	Walton Island Park North North	Illinois			0	0	1		291
R	USI	IL062		1994-01-01	2100-12-31	Walton Island Park South South	Illinois			0	0	1		291
R	USI	IL063		1994-01-01	2100-12-31	Island 228	Illinois			0	0	1		291
R	USI	IN001		1994-01-01	2100-12-31	Biddle	Indiana			0	0	1		291
R	USI	IN002		1994-01-01	2100-12-31	Ribeyre	Indiana			0	0	1		291
R	USI	IN003		1994-01-01	2100-12-31	Island Park	Indiana			0	0	1		291
R	USI	IN004		1994-01-01	2100-12-31	Holmes	Indiana			0	0	1		291
R	USI	IN005		1994-01-01	2100-12-31	Monkey	Indiana			0	0	1		291
R	USI	IN006		1994-01-01	2100-12-31	Campground	Indiana			0	0	1		291
R	USI	IN007		1994-01-01	2100-12-31	Pleasure	Indiana			0	0	1		291
R	USI	IN008		1994-01-01	2100-12-31	Ernie Pyle	Indiana			0	0	1		291
R	USI	IN009		1994-01-01	2100-12-31	Leeper	Indiana			0	0	1		291
R	USI	IN010		1994-01-01	2100-12-31	Island Park	Indiana			0	0	1		291
R	USI	IN011		1994-01-01	2100-12-31	Cemetery	Indiana			0	0	1		291
R	USI	IN012		1994-01-01	2100-12-31	Mink	Indiana			0	0	1		291
R	USI	KS001		1994-01-01	2100-12-31	Nelson	Kansas			0	0	1		291
R	USI	KS002		1994-01-01	2100-12-31	Duck	Kansas			0	0	1		291
R	USI	KS003		1994-01-01	2100-12-31	Small Lakes	Kansas			0	0	1		291
R	USI	KS004		1994-01-01	2100-12-31	Spider	Kansas			0	0	1		291
R	USI	KS005		1994-01-01	2100-12-31	Hadley	Kansas			0	0	1		291
R	USI	KY001		1994-01-01	2100-12-31	Towhead	Kentucky			0	0	1		291
R	USI	KY002		1994-01-01	2100-12-31	Shippingport	Kentucky			0	0	1		291
R	USI	KY003		1994-01-01	2100-12-31	Sand	Kentucky			0	0	1		291
R	USI	KY004		1994-01-01	2100-12-31	Manchester #1	Kentucky			0	0	1		291
R	USI	KY005		1994-01-01	2100-12-31	Manchester #2	Kentucky			0	0	1		291
R	USI	KY006		1994-01-01	2100-12-31	Lake Cumberland #1	Kentucky			0	0	1		291
R	USI	KY007		1994-01-01	2100-12-31	Lake Cumberland #2	Kentucky			0	0	1		291
R	USI	KY008		1994-01-01	2100-12-31	Lake Cumberland #3	Kentucky			0	0	1		291
R	USI	KY009		1994-01-01	2100-12-31	Lake Cumbrland #4	Kentucky			0	0	1		291
R	USI	KY010		1994-01-01	2100-12-31	Owens	Kentucky			0	0	1		291
R	USI	KY011		1994-01-01	2100-12-31	Cumberland	Kentucky			0	0	1		291
R	USI	KY012		1994-01-01	2100-12-31	Towhead	Kentucky			0	0	1		291
R	USI	KY013		1994-01-01	2100-12-31	Elvis	Kentucky			0	0	1		291
R	USI	KY014		1994-01-01	2100-12-31	Barge/Graveyard	Kentucky			0	0	1		291
R	USI	KY015		1994-01-01	2100-12-31	Lowgap	Kentucky			0	0	1		291
R	USI	KY016		1994-01-01	2100-12-31	Goat	Kentucky			0	0	1		291
R	USI	KY017		1994-01-01	2100-12-31	Wabash	Kentucky			0	0	1		291
R	USI	KY018		1994-01-01	2100-12-31	South Livingston	Kentucky			0	0	1		291
R	USI	KY019		1994-01-01	2100-12-31	Trooper	Kentucky			0	0	1		291
R	USI	KY020		1994-01-01	2100-12-31	6 Mile Island	Kentucky			0	0	1		291
R	USI	KY021		1994-01-01	2100-12-31	Power House	Kentucky			0	0	1		291
R	USI	KY022		1994-01-01	2100-12-31	Yellow Bank	Kentucky			0	0	1		291
R	USI	KY023		1994-01-01	2100-12-31	French #1	Kentucky			0	0	1		291
R	USI	KY024		1994-01-01	2100-12-31	French #2	Kentucky			0	0	1		291
R	USI	KY025		1994-01-01	2100-12-31	Little Hurricane	Kentucky			0	0	1		291
R	USI	KY026		1994-01-01	2100-12-31	Owens	Kentucky			0	0	1		291
R	USI	KY027		1994-01-01	2100-12-31	Twelve Mile/Embry	Kentucky			0	0	1		291
R	USI	KY028		1994-01-01	2100-12-31	Rough River	Kentucky			0	0	1		291
R	USI	KY029		1994-01-01	2100-12-31	Devil's Elbow	Kentucky			0	0	1		291
R	USI	KY030		1994-01-01	2100-12-31	Six Mile	Kentucky			0	0	1		291
R	USI	KY031		1994-01-01	2100-12-31	General Burnside	Kentucky			0	0	1		291
R	USI	KY032		1994-01-01	2100-12-31	#8 Island/Cort Evans  Cort Evans	Kentucky			0	0	1		291
R	USI	LA001		1994-01-01	2100-12-31	Trinity	Louisiana			0	0	1		291
R	USI	LA002		1994-01-01	2100-12-31	Timbalier	Louisiana			0	0	1		291
R	USI	LA003		1994-01-01	2100-12-31	Grand Isle	Louisiana			0	0	1		291
R	USI	LA004		1994-01-01	2100-12-31	Grand Terre	Louisiana			0	0	1		291
R	USI	LA005		1994-01-01	2100-12-31	Grand Gosier	Louisiana			0	0	1		291
R	USI	LA006		1994-01-01	2100-12-31	Chandeleur Isl	Louisiana			0	0	1		291
R	USI	LA007		1994-01-01	2100-12-31	Breton	Louisiana			0	0	1		291
R	USI	LA008		1994-01-01	2100-12-31	Curlew	Louisiana			0	0	1		291
R	USI	LA009		1994-01-01	2100-12-31	Freemason	Louisiana			0	0	1		291
R	USI	LA010		1994-01-01	2100-12-31	Marsh	Louisiana			0	0	1		291
R	USI	LA011		1994-01-01	2100-12-31	Point Au Fer	Louisiana			0	0	1		291
R	USI	LA012		1994-01-01	2100-12-31	Casse-tete	Louisiana			0	0	1		291
R	USI	LA014		1994-01-01	2100-12-31	Shell	Louisiana			0	0	1		291
R	USI	LA015		1994-01-01	2100-12-31	Rabbit	Louisiana			0	0	1		291
R	USI	LA016		1994-01-01	2100-12-31	Sable	Louisiana			0	0	1		291
R	USI	LA017		1994-01-01	2100-12-31	Hog	Louisiana			0	0	1		291
R	USI	LA018		1994-01-01	2100-12-31	Comfort	Louisiana			0	0	1		291
R	USI	LA021		1994-01-01	2100-12-31	Pecan	Louisiana			0	0	1		291
R	USI	LA022		1994-01-01	2100-12-31	Monkey	Louisiana			0	0	1		291
R	USI	LA023		1994-01-01	2100-12-31	Pecan	Louisiana			0	0	1		291
R	USI	LA024		1994-01-01	2100-12-31	Jones	Louisiana			0	0	1		291
R	USI	LA025		1994-01-01	2100-12-31	Turnbull	Louisiana			0	0	1		291
R	USI	LA026		1994-01-01	2100-12-31	North Old River Structure Structure	Louisiana			0	0	1		291
R	USI	LA027		1994-01-01	2100-12-31	South Old River Structure Structure	Louisiana			0	0	1		291
R	USI	LA028		1994-01-01	2100-12-31	Head of Island	Louisiana			0	0	1		291
R	USI	LA029		1994-01-01	2100-12-31	Weeks	Louisiana			0	0	1		291
R	USI	LA030		1994-01-01	2100-12-31	Morgan City Beach	Louisiana			0	0	1		291
R	USI	LA031		1994-01-01	2100-12-31	Avery	Louisiana			0	0	1		291
R	USI	LA032		1994-01-01	2100-12-31	Black Prince/Isle du Prince de Noir Prince de Noir	Louisiana			0	0	1		291
R	USI	LA033		1994-01-01	2100-12-31	Amite River #1	Louisiana			0	0	1		291
R	USI	LA034		1994-01-01	2100-12-31	Amite River #2	Louisiana			0	0	1		291
R	USI	LA035		1994-01-01	2100-12-31	Amite River #3	Louisiana			0	0	1		291
R	USI	LA036		1994-01-01	2100-12-31	Amite River #4	Louisiana			0	0	1		291
R	USI	LA037		1994-01-01	2100-12-31	Fourchon	Louisiana			0	0	1		291
R	USI	LA038		1994-01-01	2100-12-31	Caminada	Louisiana			0	0	1		291
R	USI	LA039		1994-01-01	2100-12-31	Chico	Louisiana			0	0	1		291
R	USI	LA040		1994-01-01	2100-12-31	Leeville	Louisiana			0	0	1		291
R	USI	LA041		1994-01-01	2100-12-31	Lockport	Louisiana			0	0	1		291
R	USI	LA042		1994-01-01	2100-12-31	Gheens	Louisiana			0	0	1		291
R	USI	LA043		1994-01-01	2100-12-31	Larose	Louisiana			0	0	1		291
R	USI	LA044		1994-01-01	2100-12-31	Amite River #5	Louisiana			0	0	1		291
R	USI	LA045		1994-01-01	2100-12-31	Amite River #6	Louisiana			0	0	1		291
R	USI	LA046		1994-01-01	2100-12-31	Cote Blanche	Louisiana			0	0	1		291
R	USI	LA047		1994-01-01	2100-12-31	Cypremort Point	Louisiana			0	0	1		291
R	USI	LA049		1994-01-01	2100-12-31	Cypremort Pt Beach	Louisiana			0	0	1		291
R	USI	LA051		1994-01-01	2100-12-31	Honey	Louisiana			0	0	1		291
R	USI	LA052		1994-01-01	2100-12-31	Sword Point	Louisiana			0	0	1		291
R	USI	LA053		1994-01-01	2100-12-31	East Bend	Louisiana			0	0	1		291
R	USI	LA054		1994-01-01	2100-12-31	Cutoff	Louisiana			0	0	1		291
R	USI	LA055		1994-01-01	2100-12-31	Shell Point	Louisiana			0	0	1		291
R	USI	LA056		1994-01-01	2100-12-31	Shell	Louisiana			0	0	1		291
R	USI	LA057		1994-01-01	2100-12-31	Deer	Louisiana			0	0	1		291
R	USI	LA058		1994-01-01	2100-12-31	Plumb Point	Louisiana			0	0	1		291
R	USI	LA059		1994-01-01	2100-12-31	Delta Campground	Louisiana			0	0	1		291
R	USI	LA060		1994-01-01	2100-12-31	Bell	Louisiana			0	0	1		291
R	USI	LA061		1994-01-01	2100-12-31	Bell Island Point	Louisiana			0	0	1		291
R	USI	LA062		1994-01-01	2100-12-31	Grass	Louisiana			0	0	1		291
R	USI	LA063		1994-01-01	2100-12-31	Goat	Louisiana			0	0	1		291
R	USI	LA064		1994-01-01	2100-12-31	Coalboat	Louisiana			0	0	1		291
R	USI	LA067		1994-01-01	2100-12-31	Leopard Point	Louisiana			0	0	1		291
R	USI	LA068		1994-01-01	2100-12-31	Mosquito	Louisiana			0	0	1		291
R	USI	LA069		1994-01-01	2100-12-31	Rice	Louisiana			0	0	1		291
R	USI	LA070		1994-01-01	2100-12-31	Lost Bay	Louisiana			0	0	1		291
R	USI	LA071		1994-01-01	2100-12-31	Four League	Louisiana			0	0	1		291
R	USI	LA072		1994-01-01	2100-12-31	Eagle	Louisiana			0	0	1		291
R	USI	LA073		1994-01-01	2100-12-31	Hellhole	Louisiana			0	0	1		291
R	USI	LA074		1994-01-01	2100-12-31	Pelican	Louisiana			0	0	1		291
R	USI	LA075		1994-01-01	2100-12-31	East Bay	Louisiana			0	0	1		291
R	USI	LA076		1994-01-01	2100-12-31	Camp	Louisiana			0	0	1		291
R	USI	LA077		1994-01-01	2100-12-31	Long	Louisiana			0	0	1		291
R	USI	LA078		1994-01-01	2100-12-31	Lovell	Louisiana			0	0	1		291
R	USI	LA079		1994-01-01	2100-12-31	Hebert	Louisiana			0	0	1		291
R	USI	LA080		1994-01-01	2100-12-31	Biscuit	Louisiana			0	0	1		291
R	USI	LA081		1994-01-01	2100-12-31	Doirans	Louisiana			0	0	1		291
R	USI	LA082		1994-01-01	2100-12-31	Intracoastal 1	Louisiana			0	0	1		291
R	USI	LA083		1994-01-01	2100-12-31	Flat Lake	Louisiana			0	0	1		291
R	USI	LA084		1994-01-01	2100-12-31	Long	Louisiana			0	0	1		291
R	USI	LA085		1994-01-01	2100-12-31	Little Long	Louisiana			0	0	1		291
R	USI	LA086		1994-01-01	2100-12-31	Solar	Louisiana			0	0	1		291
R	USI	LA087		1994-01-01	2100-12-31	Middle Pass	Louisiana			0	0	1		291
R	USI	LA088		1994-01-01	2100-12-31	Croesus	Louisiana			0	0	1		291
R	USI	LA089		1994-01-01	2100-12-31	Drews	Louisiana			0	0	1		291
R	USI	LA090		1994-01-01	2100-12-31	Dog	Louisiana			0	0	1		291
R	USI	LA091		1994-01-01	2100-12-31	Little	Louisiana			0	0	1		291
R	USI	LA092		1994-01-01	2100-12-31	Middle	Louisiana			0	0	1		291
R	USI	LA093		1994-01-01	2100-12-31	Morgan	Louisiana			0	0	1		291
R	USI	LA094		1994-01-01	2100-12-31	American	Louisiana			0	0	1		291
R	USI	LA095		1994-01-01	2100-12-31	Virgin	Louisiana			0	0	1		291
R	USI	LA096		1994-01-01	2100-12-31	Shell	Louisiana			0	0	1		291
R	USI	LA097		1994-01-01	2100-12-31	South	Louisiana			0	0	1		291
R	USI	LA098		1994-01-01	2100-12-31	Rabbit	Louisiana			0	0	1		291
R	USI	LA099		1994-01-01	2100-12-31	Pearl River	Louisiana			0	0	1		291
R	USI	LA101		1994-01-01	2100-12-31	Half Moon/Grand	Louisiana			0	0	1		291
R	USI	LA102		1994-01-01	2100-12-31	Johnson	Louisiana			0	0	1		291
R	USI	LA103		1994-01-01	2100-12-31	Prevost	Louisiana			0	0	1		291
R	USI	LA104		1994-01-01	2100-12-31	Weems	Louisiana			0	0	1		291
R	USI	LA105		1994-01-01	2100-12-31	Burwood	Louisiana			0	0	1		291
R	USI	LA106		1994-01-01	2100-12-31	Toledo Bend/North	Louisiana			0	0	1		291
R	USI	LA107		1994-01-01	2100-12-31	Toledo Bend/South	Louisiana			0	0	1		291
R	USI	LA108		1994-01-01	2100-12-31	Scout	Louisiana			0	0	1		291
R	USI	LA109		1994-01-01	2100-12-31	Demourelles	Louisiana			0	0	1		291
R	USI	LA110		1994-01-01	2100-12-31	Isle Au Pitre	Louisiana			0	0	1		291
R	USI	LA111		1994-01-01	2100-12-31	Argyle	Louisiana			0	0	1		291
R	USI	LA112		1994-01-01	2100-12-31	Paul J. Rainey	Louisiana			0	0	1		291
R	USI	LA113		1994-01-01	2100-12-31	Queen Bess	Louisiana			0	0	1		291
R	USI	LA114		1994-01-01	2100-12-31	Bear	Louisiana			0	0	1		291
R	USI	MA001		1994-01-01	2100-12-31	Thacher	Massachusetts			0	0	1		291
R	USI	MA002		1994-01-01	2100-12-31	Plum	Massachusetts			0	0	1		291
R	USI	MA003		1994-01-01	2100-12-31	West	Massachusetts			0	0	1		291
R	USI	MA004		1994-01-01	2100-12-31	Chappaquiddick	Massachusetts			0	0	1		291
R	USI	MA005		1994-01-01	2100-12-31	Martha's Vineyard	Massachusetts			0	0	1		291
R	USI	MA006		1994-01-01	2100-12-31	Naushon	Massachusetts			0	0	1		291
R	USI	MA007		1994-01-01	2100-12-31	Nantucket	Massachusetts			0	0	1		291
R	USI	MA008		1994-01-01	2100-12-31	Hog/Spinnaker	Massachusetts			0	0	1		291
R	USI	MA009		1994-01-01	2100-12-31	Bakers	Massachusetts			0	0	1		291
R	USI	MA010		1994-01-01	2100-12-31	Spectacle	Massachusetts			0	0	1		291
R	USI	MA011		1994-01-01	2100-12-31	Long	Massachusetts			0	0	1		291
R	USI	MA012		1994-01-01	2100-12-31	Peddocks	Massachusetts			0	0	1		291
R	USI	MA013		1994-01-01	2100-12-31	Bumkin	Massachusetts			0	0	1		291
R	USI	MA014		1994-01-01	2100-12-31	Thompson	Massachusetts			0	0	1		291
R	USI	MA015		1994-01-01	2100-12-31	Pea	Massachusetts			0	0	1		291
R	USI	MA016		1994-01-01	2100-12-31	Monomoy North	Massachusetts			0	0	1		291
R	USI	MA017		1994-01-01	2100-12-31	Nashawena	Massachusetts			0	0	1		291
R	USI	MA018		1994-01-01	2100-12-31	Nonamesset	Massachusetts			0	0	1		291
R	USI	MA019		1994-01-01	2100-12-31	Pasque	Massachusetts			0	0	1		291
R	USI	MA020		1994-01-01	2100-12-31	Cuttyhunk	Massachusetts			0	0	1		291
R	USI	MA022		1994-01-01	2100-12-31	Popes	Massachusetts			0	0	1		291
R	USI	MA023		1994-01-01	2100-12-31	Fish	Massachusetts			0	0	1		291
R	USI	MA024		1994-01-01	2100-12-31	Deer	Massachusetts			0	0	1		291
R	USI	MA025		1994-01-01	2100-12-31	Gallops	Massachusetts			0	0	1		291
R	USI	MA026		1994-01-01	2100-12-31	Great/Shady Isle	Massachusetts			0	0	1		291
R	USI	MA027		1994-01-01	2100-12-31	Deer	Massachusetts			0	0	1		291
R	USI	MA028		1994-01-01	2100-12-31	Winter	Massachusetts			0	0	1		291
R	USI	MA029		1994-01-01	2100-12-31	Pearce	Massachusetts			0	0	1		291
R	USI	MA030		1994-01-01	2100-12-31	Osterville	Massachusetts			0	0	1		291
R	USI	MA031		1994-01-01	2100-12-31	George	Massachusetts			0	0	1		291
R	USI	MA032		1994-01-01	2100-12-31	Lieutenant	Massachusetts			0	0	1		291
R	USI	MA033		1994-01-01	2100-12-31	Castle Rock	Massachusetts			0	0	1		291
R	USI	MA034		1994-01-01	2100-12-31	Marblehead Neck	Massachusetts			0	0	1		291
R	USI	MA035		1994-01-01	2100-12-31	Little Brewster	Massachusetts			0	0	1		291
R	USI	MA036		1994-01-01	2100-12-31	Gooseberry	Massachusetts			0	0	1		291
R	USI	MA037		1994-01-01	2100-12-31	Coney	Massachusetts			0	0	1		291
R	USI	MA038		1994-01-01	2100-12-31	Long	Massachusetts			0	0	1		291
R	USI	MA039		1994-01-01	2100-12-31	Plantint	Massachusetts			0	0	1		291
R	USI	MA040		1994-01-01	2100-12-31	Cape Cod	Massachusetts			0	0	1		291
R	USI	MA041		1994-01-01	2100-12-31	Cape Ann	Massachusetts			0	0	1		291
R	USI	MA042		1994-01-01	2100-12-31	Lovell	Massachusetts			0	0	1		291
R	USI	MA043		1994-01-01	2100-12-31	Straitsmouth/Straits Mouths	Massachusetts			0	0	1		291
R	USI	MA044		1994-01-01	2100-12-31	Ten Pound	Massachusetts			0	0	1		291
R	USI	MA045		1994-01-01	2100-12-31	Monument	Massachusetts			0	0	1		291
R	USI	MA046		1994-01-01	2100-12-31	Elwell Island	Massachusetts			0	0	1		291
R	USI	MA047		1994-01-01	2100-12-31	First Island	Massachusetts			0	0	1		291
R	USI	MA048		1994-01-01	2100-12-31	Second Island	Massachusetts			0	0	1		291
R	USI	MA049		1994-01-01	2100-12-31	Third Island	Massachusetts			0	0	1		291
R	USI	MA050		1994-01-01	2100-12-31	Fourth Island	Massachusetts			0	0	1		291
R	USI	MA051		1994-01-01	2100-12-31	Marblehead Rock	Massachusetts			0	0	1		291
R	USI	MA052		1994-01-01	2100-12-31	Choate/Hog	Massachusetts			0	0	1		291
R	USI	MA053		1994-01-01	2100-12-31	Salt	Massachusetts			0	0	1		291
R	USI	MA054		1994-01-01	2100-12-31	Washburn	Massachusetts			0	0	1		291
R	USI	MA055		1994-01-01	2100-12-31	Conspiracy	Massachusetts			0	0	1		291
R	USI	MA056		1994-01-01	2100-12-31	Gooseberry	Massachusetts			0	0	1		291
R	USI	MA057		1994-01-01	2100-12-31	Bull	Massachusetts			0	0	1		291
R	USI	MA058		1994-01-01	2100-12-31	Slates	Massachusetts			0	0	1		291
R	USI	MA059		1994-01-01	2100-12-31	Gosnold	Massachusetts			0	0	1		291
R	USI	MA060		1994-01-01	2100-12-31	Penikese	Massachusetts			0	0	1		291
R	USI	MA061		1994-01-01	2100-12-31	Weepecket	Massachusetts			0	0	1		291
R	USI	MA062		1994-01-01	2100-12-31	Monomoy South	Massachusetts			0	0	1		291
R	USI	MA063		1994-01-01	2100-12-31	North Canal	Massachusetts			0	0	1		291
R	USI	MA064		1994-01-01	2100-12-31	Eagle	Massachusetts			0	0	1		291
R	USI	MD001		1994-01-01	2100-12-31	Assateague	Maryland			0	0	1		291
R	USI	MD003		1994-01-01	2100-12-31	Smith	Maryland			0	0	1		291
R	USI	MD004		1994-01-01	2100-12-31	Kent	Maryland			0	0	1		291
R	USI	MD005		1994-01-01	2100-12-31	Wye	Maryland			0	0	1		291
R	USI	MD006		1994-01-01	2100-12-31	St George	Maryland			0	0	1		291
R	USI	MD007		1994-01-01	2100-12-31	Taylors	Maryland			0	0	1		291
R	USI	MD008		1994-01-01	2100-12-31	Eastern Neck	Maryland			0	0	1		291
R	USI	MD009		1994-01-01	2100-12-31	South Marsh	Maryland			0	0	1		291
R	USI	MD010		1994-01-01	2100-12-31	Barren	Maryland			0	0	1		291
R	USI	MD011		1994-01-01	2100-12-31	James	Maryland			0	0	1		291
R	USI	MD013		1994-01-01	2100-12-31	Poplar	Maryland			0	0	1		291
R	USI	MD014		1994-01-01	2100-12-31	Deal	Maryland			0	0	1		291
R	USI	MD015		1994-01-01	2100-12-31	HartMiller	Maryland			0	0	1		291
R	USI	MD016		1994-01-01	2100-12-31	Middle Hooper	Maryland			0	0	1		291
R	USI	MD017		1994-01-01	2100-12-31	Tilghman	Maryland			0	0	1		291
R	USI	MD018		1994-01-01	2100-12-31	Upper Hooper/Gunners	Maryland			0	0	1		291
R	USI	MD019		1994-01-01	2100-12-31	Turkey Point	Maryland			0	0	1		291
R	USI	MD020		1994-01-01	2100-12-31	Cobb	Maryland			0	0	1		291
R	USI	MD021		1994-01-01	2100-12-31	Carroll	Maryland			0	0	1		291
R	USI	MD022		1994-01-01	2100-12-31	Spesutie	Maryland			0	0	1		291
R	USI	MD023		1994-01-01	2100-12-31	Isle of Wight	Maryland			0	0	1		291
R	USI	MD024		1994-01-01	2100-12-31	Selden	Maryland			0	0	1		291
R	USI	MD025		1994-01-01	2100-12-31	Paton	Maryland			0	0	1		291
R	USI	MD026		1994-01-01	2100-12-31	Little Heater	Maryland			0	0	1		291
R	USI	MD027		1994-01-01	2100-12-31	Dock	Maryland			0	0	1		291
R	USI	MD028		1994-01-01	2100-12-31	St Clements	Maryland			0	0	1		291
R	USI	MD029		1994-01-01	2100-12-31	Shepherd	Maryland			0	0	1		291
R	USI	MD030		1994-01-01	2100-12-31	Duck	Maryland			0	0	1		291
R	USI	MD031		1994-01-01	2100-12-31	Little Duck	Maryland			0	0	1		291
R	USI	MD032		1994-01-01	2100-12-31	Harrison	Maryland			0	0	1		291
R	USI	MD033		1994-01-01	2100-12-31	Sharpshin	Maryland			0	0	1		291
R	USI	MD034		1994-01-01	2100-12-31	St Pierre	Maryland			0	0	1		291
R	USI	MD035		1994-01-01	2100-12-31	Fenwick	Maryland			0	0	1		291
R	USI	MD036		1994-01-01	2100-12-31	Little Deal	Maryland			0	0	1		291
R	USI	MD037		1994-01-01	2100-12-31	Holland	Maryland			0	0	1		291
R	USI	MD038		1994-01-01	2100-12-31	Janes	Maryland			0	0	1		291
R	USI	MD039		1994-01-01	2100-12-31	Delmarva	Maryland			0	0	1		291
R	USI	MD040		1994-01-01	2100-12-31	Heaters	Maryland			0	0	1		291
R	USI	MD041		1994-01-01	2100-12-31	Mason	Maryland			0	0	1		291
R	USI	MD042		1994-01-01	2100-12-31	Nolands	Maryland			0	0	1		291
R	USI	MD043		1994-01-01	2100-12-31	Olmstead	Maryland			0	0	1		291
R	USI	MD044		1994-01-01	2100-12-31	Ma Leg/Molly's Legg Molly's Legg	Maryland			0	0	1		291
R	USI	MD045		1994-01-01	2100-12-31	Solomon's	Maryland			0	0	1		291
R	USI	MD046		1994-01-01	2100-12-31	Tenfoot	Maryland			0	0	1		291
R	USI	MD047		1994-01-01	2100-12-31	Van Deventer	Maryland			0	0	1		291
R	USI	MD048		1994-01-01	2100-12-31	North Harrison	Maryland			0	0	1		291
R	USI	MD049		1994-01-01	2100-12-31	Mason	Maryland			0	0	1		291
R	USI	MD050		1994-01-01	2100-12-31	Pleasure	Maryland			0	0	1		291
R	USI	MD051		1994-01-01	2100-12-31	Point Lookout	Maryland			0	0	1		291
R	USI	MD052		1994-01-01	2100-12-31	Goose	Maryland			0	0	1		291
R	USI	MD053		1994-01-01	2100-12-31	Prettyboy A	Maryland			0	0	1		291
R	USI	MD054		1994-01-01	2100-12-31	Prettyboy B	Maryland			0	0	1		291
R	USI	MD055		1994-01-01	2100-12-31	Battery	Maryland			0	0	1		291
R	USI	MD056		1994-01-01	2100-12-31	Meadow	Maryland			0	0	1		291
R	USI	MD057		1994-01-01	2100-12-31	Paradise	Maryland			0	0	1		291
R	USI	MD058		1994-01-01	2100-12-31	Birdsaw A	Maryland			0	0	1		291
R	USI	MD059		1994-01-01	2100-12-31	Birdsaw B	Maryland			0	0	1		291
R	USI	MD060		1994-01-01	2100-12-31	Cox	Maryland			0	0	1		291
R	USI	MD061		1994-01-01	2100-12-31	Mark 12	Maryland			0	0	1		291
R	USI	MD062		1994-01-01	2100-12-31	Swan	Maryland			0	0	1		291
R	USI	MD063		1994-01-01	2100-12-31	Jones	Maryland			0	0	1		291
R	USI	MD064		1994-01-01	2100-12-31	Oxley	Maryland			0	0	1		291
R	USI	ME001		1994-01-01	2100-12-31	Libby	Maine			0	0	1		291
R	USI	ME002		1994-01-01	2100-12-31	Roque	Maine			0	0	1		291
R	USI	ME003		1994-01-01	2100-12-31	Steele Harbor	Maine			0	0	1		291
R	USI	ME004		1994-01-01	2100-12-31	Great Wass	Maine			0	0	1		291
R	USI	ME005		1994-01-01	2100-12-31	Dyer	Maine			0	0	1		291
R	USI	ME006		1994-01-01	2100-12-31	Bois Bubert	Maine			0	0	1		291
R	USI	ME008		1994-01-01	2100-12-31	Baker	Maine			0	0	1		291
R	USI	ME009		1994-01-01	2100-12-31	Black	Maine			0	0	1		291
R	USI	ME010		1994-01-01	2100-12-31	Swans	Maine			0	0	1		291
R	USI	ME011		1994-01-01	2100-12-31	Great Duck	Maine			0	0	1		291
R	USI	ME012		1994-01-01	2100-12-31	Long	Maine			0	0	1		291
R	USI	ME013		1994-01-01	2100-12-31	Marshall	Maine			0	0	1		291
R	USI	ME014		1994-01-01	2100-12-31	Deer Isle	Maine			0	0	1		291
R	USI	ME015		1994-01-01	2100-12-31	Butter	Maine			0	0	1		291
R	USI	ME016		1994-01-01	2100-12-31	Vinalhaven	Maine			0	0	1		291
R	USI	ME017		1994-01-01	2100-12-31	Matinicus	Maine			0	0	1		291
R	USI	ME018		1994-01-01	2100-12-31	Ragged	Maine			0	0	1		291
R	USI	ME019		1994-01-01	2100-12-31	Monhegan	Maine			0	0	1		291
R	USI	ME020		1994-01-01	2100-12-31	Warren	Maine			0	0	1		291
R	USI	ME021		1994-01-01	2100-12-31	Mt Desert	Maine			0	0	1		291
R	USI	ME022		1994-01-01	2100-12-31	Bailey	Maine			0	0	1		291
R	USI	ME024		1994-01-01	2100-12-31	Little Deer Isle	Maine			0	0	1		291
R	USI	ME025		1994-01-01	2100-12-31	Great Chebeauque	Maine			0	0	1		291
R	USI	ME026		1994-01-01	2100-12-31	Cliff	Maine			0	0	1		291
R	USI	ME027		1994-01-01	2100-12-31	Great Cranberry	Maine			0	0	1		291
R	USI	ME028		1994-01-01	2100-12-31	Little Cranberry	Maine			0	0	1		291
R	USI	ME029		1994-01-01	2100-12-31	Sutton	Maine			0	0	1		291
R	USI	ME030		1994-01-01	2100-12-31	Doctor	Maine			0	0	1		291
R	USI	ME031		1994-01-01	2100-12-31	Alley	Maine			0	0	1		291
R	USI	ME032		1994-01-01	2100-12-31	Long Porcupine	Maine			0	0	1		291
R	USI	ME033		1994-01-01	2100-12-31	Moose	Maine			0	0	1		291
R	USI	ME034		1994-01-01	2100-12-31	Appledore	Maine			0	0	1		291
R	USI	ME035		1994-01-01	2100-12-31	Islesboro	Maine			0	0	1		291
R	USI	ME036		1994-01-01	2100-12-31	Arrowsic	Maine			0	0	1		291
R	USI	ME037		1994-01-01	2100-12-31	Georgetown	Maine			0	0	1		291
R	USI	ME038		1994-01-01	2100-12-31	Orr's	Maine			0	0	1		291
R	USI	ME039		1994-01-01	2100-12-31	North Haven	Maine			0	0	1		291
R	USI	ME040		1994-01-01	2100-12-31	Hupper/Hooper	Maine			0	0	1		291
R	USI	ME041		1994-01-01	2100-12-31	Cousins	Maine			0	0	1		291
R	USI	ME042		1994-01-01	2100-12-31	Badgers	Maine			0	0	1		291
R	USI	ME043		1994-01-01	2100-12-31	Outer Doctor	Maine			0	0	1		291
R	USI	ME044		1994-01-01	2100-12-31	Fire	Maine			0	0	1		291
R	USI	ME045		1994-01-01	2100-12-31	Inner Green	Maine			0	0	1		291
R	USI	ME046		1994-01-01	2100-12-31	Inner Birch	Maine			0	0	1		291
R	USI	ME047		1994-01-01	2100-12-31	Millstone	Maine			0	0	1		291
R	USI	ME048		1994-01-01	2100-12-31	Toothaker	Maine			0	0	1		291
R	USI	ME049		1994-01-01	2100-12-31	Outer Birch	Maine			0	0	1		291
R	USI	ME050		1994-01-01	2100-12-31	Blueberry	Maine			0	0	1		291
R	USI	ME051		1994-01-01	2100-12-31	Outer Green	Maine			0	0	1		291
R	USI	ME052		1994-01-01	2100-12-31	Sheep	Maine			0	0	1		291
R	USI	ME053		1994-01-01	2100-12-31	Dingley	Maine			0	0	1		291
R	USI	ME054		1994-01-01	2100-12-31	Sebascodegan	Maine			0	0	1		291
R	USI	ME055		1994-01-01	2100-12-31	Bragdon	Maine			0	0	1		291
R	USI	ME056		1994-01-01	2100-12-31	Harris	Maine			0	0	1		291
R	USI	ME057		1994-01-01	2100-12-31	Megquier	Maine			0	0	1		291
R	USI	ME058		1994-01-01	2100-12-31	Black	Maine			0	0	1		291
R	USI	ME059		1994-01-01	2100-12-31	Steamboat Station	Maine			0	0	1		291
R	USI	ME060		1994-01-01	2100-12-31	Mackworth	Maine			0	0	1		291
R	USI	ME061		1994-01-01	2100-12-31	Sprucehead	Maine			0	0	1		291
R	USI	ME062		1994-01-01	2100-12-31	Rackliff	Maine			0	0	1		291
R	USI	ME063		1994-01-01	2100-12-31	Clark	Maine			0	0	1		291
R	USI	ME064		1994-01-01	2100-12-31	Westport	Maine			0	0	1		291
R	USI	ME065		1994-01-01	2100-12-31	Littlejohn	Maine			0	0	1		291
R	USI	ME066		1994-01-01	2100-12-31	Pond Cove	Maine			0	0	1		291
R	USI	ME067		1994-01-01	2100-12-31	Outer Twin	Maine			0	0	1		291
R	USI	ME068		1994-01-01	2100-12-31	Frye	Maine			0	0	1		291
R	USI	ME069		1994-01-01	2100-12-31	Ring	Maine			0	0	1		291
R	USI	ME070		1994-01-01	2100-12-31	Inner	Maine			0	0	1		291
R	USI	ME071		1994-01-01	2100-12-31	Spider	Maine			0	0	1		291
R	USI	ME072		1994-01-01	2100-12-31	Indian	Maine			0	0	1		291
R	USI	ME073		1994-01-01	2100-12-31	South Seas	Maine			0	0	1		291
R	USI	ME074		1994-01-01	2100-12-31	Squirrel	Maine			0	0	1		291
R	USI	ME075		1994-01-01	2100-12-31	Turtle	Maine			0	0	1		291
R	USI	ME076		1994-01-01	2100-12-31	Cresent	Maine			0	0	1		291
R	USI	ME077		1994-01-01	2100-12-31	Tig's Ear	Maine			0	0	1		291
R	USI	ME078		1994-01-01	2100-12-31	Birch	Maine			0	0	1		291
R	USI	ME079		1994-01-01	2100-12-31	Battleship	Maine			0	0	1		291
R	USI	ME080		1994-01-01	2100-12-31	Student	Maine			0	0	1		291
R	USI	ME081		1994-01-01	2100-12-31	Seagull	Maine			0	0	1		291
R	USI	ME082		1994-01-01	2100-12-31	Round	Maine			0	0	1		291
R	USI	ME083		1994-01-01	2100-12-31	Long	Maine			0	0	1		291
R	USI	ME084		1994-01-01	2100-12-31	Rookies	Maine			0	0	1		291
R	USI	ME085		1994-01-01	2100-12-31	Papoose	Maine			0	0	1		291
R	USI	ME086		1994-01-01	2100-12-31	Beaver	Maine			0	0	1		291
R	USI	ME087		1994-01-01	2100-12-31	Southport	Maine			0	0	1		291
R	USI	ME088		1994-01-01	2100-12-31	Isle of Springs	Maine			0	0	1		291
R	USI	ME089		1994-01-01	2100-12-31	Sturdivant	Maine			0	0	1		291
R	USI	ME090		1994-01-01	2100-12-31	Peaks	Maine			0	0	1		291
R	USI	ME091		1994-01-01	2100-12-31	Verona	Maine			0	0	1		291
R	USI	ME092		1994-01-01	2100-12-31	Burnt	Maine			0	0	1		291
R	USI	ME093		1994-01-01	2100-12-31	Milton	Maine			0	0	1		291
R	USI	ME094		1994-01-01	2100-12-31	Louds	Maine			0	0	1		291
R	USI	ME095		1994-01-01	2100-12-31	Nash	Maine			0	0	1		291
R	USI	ME096		1994-01-01	2100-12-31	Little River	Maine			0	0	1		291
R	USI	ME097		1994-01-01	2100-12-31	Mistake	Maine			0	0	1		291
R	USI	ME098		1994-01-01	2100-12-31	Little Diamond	Maine			0	0	1		291
R	USI	ME099		1994-01-01	2100-12-31	Mash Harbor/Marsh Harbor	Maine			0	0	1		291
R	USI	ME100		1994-01-01	2100-12-31	Halfway Rock	Maine			0	0	1		291
R	USI	ME101		1994-01-01	2100-12-31	Smuttynose/Hayley's	Maine			0	0	1		291
R	USI	ME102		1994-01-01	2100-12-31	Malaga	Maine			0	0	1		291
R	USI	ME103		1994-01-01	2100-12-31	Wood	Maine			0	0	1		291
R	USI	ME104		1994-01-01	2100-12-31	Seguin	Maine			0	0	1		291
R	USI	ME105		1994-01-01	2100-12-31	LeClair	Maine			0	0	1		291
R	USI	ME107		1994-01-01	2100-12-31	Pinkham	Maine			0	0	1		291
R	USI	ME108		1994-01-01	2100-12-31	Pond	Maine			0	0	1		291
R	USI	ME109		1994-01-01	2100-12-31	Pond	Maine			0	0	1		291
R	USI	ME110		1994-01-01	2100-12-31	Mill	Maine			0	0	1		291
R	USI	ME111		1994-01-01	2100-12-31	Pigeon	Maine			0	0	1		291
R	USI	ME112		1994-01-01	2100-12-31	Sheephead	Maine			0	0	1		291
R	USI	ME113		1994-01-01	2100-12-31	Dog	Maine			0	0	1		291
R	USI	ME114		1994-01-01	2100-12-31	Swan	Maine			0	0	1		291
R	USI	ME115		1994-01-01	2100-12-31	Flint	Maine			0	0	1		291
R	USI	ME116		1994-01-01	2100-12-31	Bear	Maine			0	0	1		291
R	USI	ME117		1994-01-01	2100-12-31	Merritt	Maine			0	0	1		291
R	USI	ME118		1994-01-01	2100-12-31	Pole	Maine			0	0	1		291
R	USI	ME119		1994-01-01	2100-12-31	Ragged	Maine			0	0	1		291
R	USI	ME120		1994-01-01	2100-12-31	Snow	Maine			0	0	1		291
R	USI	ME121		1994-01-01	2100-12-31	Yarmouth	Maine			0	0	1		291
R	USI	ME122		1994-01-01	2100-12-31	Bush	Maine			0	0	1		291
R	USI	ME123		1994-01-01	2100-12-31	Flash	Maine			0	0	1		291
R	USI	ME124		1994-01-01	2100-12-31	Crowley	Maine			0	0	1		291
R	USI	ME125		1994-01-01	2100-12-31	Isle au Haut	Maine			0	0	1		291
R	USI	ME126		1994-01-01	2100-12-31	Bushy	Maine			0	0	1		291
R	USI	ME127		1994-01-01	2100-12-31	Center	Maine			0	0	1		291
R	USI	ME128		1994-01-01	2100-12-31	Little Snow	Maine			0	0	1		291
R	USI	ME129		1994-01-01	2100-12-31	Malaga	Maine			0	0	1		291
R	USI	ME130		1994-01-01	2100-12-31	Raspberry	Maine			0	0	1		291
R	USI	ME131		1994-01-01	2100-12-31	Cushing	Maine			0	0	1		291
R	USI	ME132		1994-01-01	2100-12-31	Mt. Kineo	Maine			0	0	1		291
R	USI	ME133		1994-01-01	2100-12-31	Catnip	Maine			0	0	1		291
R	USI	ME134		1994-01-01	2100-12-31	Bar	Maine			0	0	1		291
R	USI	ME135		1994-01-01	2100-12-31	Franklin	Maine			0	0	1		291
R	USI	ME136		1994-01-01	2100-12-31	Rutherford	Maine			0	0	1		291
R	USI	ME137		1994-01-01	2100-12-31	Hog Island Ledge	Maine			0	0	1		291
R	USI	ME138		1994-01-01	2100-12-31	Hay	Maine			0	0	1		291
R	USI	ME139		1994-01-01	2100-12-31	Buckle	Maine			0	0	1		291
R	USI	ME140		1994-01-01	2100-12-31	Burnt	Maine			0	0	1		291
R	USI	ME141		1994-01-01	2100-12-31	Calderwood	Maine			0	0	1		291
R	USI	ME142		1994-01-01	2100-12-31	Little Hen	Maine			0	0	1		291
R	USI	ME143		1994-01-01	2100-12-31	McGlathery	Maine			0	0	1		291
R	USI	ME144		1994-01-01	2100-12-31	Thompson	Maine			0	0	1		291
R	USI	ME145		1994-01-01	2100-12-31	Abbott	Maine			0	0	1		291
R	USI	ME146		1994-01-01	2100-12-31	Holbrook	Maine			0	0	1		291
R	USI	ME147		1994-01-01	2100-12-31	Monroe	Maine			0	0	1		291
R	USI	ME148		1994-01-01	2100-12-31	Birch	Maine			0	0	1		291
R	USI	ME149		1994-01-01	2100-12-31	Nettle	Maine			0	0	1		291
R	USI	ME150		1994-01-01	2100-12-31	Indian	Maine			0	0	1		291
R	USI	ME151		1994-01-01	2100-12-31	Hell's Half Acre	Maine			0	0	1		291
R	USI	ME152		1994-01-01	2100-12-31	Shivers	Maine			0	0	1		291
R	USI	ME153		1994-01-01	2100-12-31	Pond	Maine			0	0	1		291
R	USI	ME154		1994-01-01	2100-12-31	Torrey Lower	Maine			0	0	1		291
R	USI	ME155		1994-01-01	2100-12-31	Torrey Upper	Maine			0	0	1		291
R	USI	ME156		1994-01-01	2100-12-31	Sheep	Maine			0	0	1		291
R	USI	ME157		1994-01-01	2100-12-31	George Head	Maine			0	0	1		291
R	USI	ME158		1994-01-01	2100-12-31	Babson	Maine			0	0	1		291
R	USI	ME159		1994-01-01	2100-12-31	Wreck	Maine			0	0	1		291
R	USI	ME160		1994-01-01	2100-12-31	Round	Maine			0	0	1		291
R	USI	ME161		1994-01-01	2100-12-31	Thief	Maine			0	0	1		291
R	USI	MI001		1994-01-01	2100-12-31	Isle Royale	Michigan			0	0	1		291
R	USI	MI002		1994-01-01	2100-12-31	Celeron	Michigan			0	0	1		291
R	USI	MI003		1994-01-01	2100-12-31	Hickory	Michigan			0	0	1		291
R	USI	MI004		1994-01-01	2100-12-31	Belle Isle	Michigan			0	0	1		291
R	USI	MI005		1994-01-01	2100-12-31	Grosse Ile	Michigan			0	0	1		291
R	USI	MI006		1994-01-01	2100-12-31	Middle Ground	Michigan			0	0	1		291
R	USI	MI007		1994-01-01	2100-12-31	Manisou	Michigan			0	0	1		291
R	USI	MI008		1994-01-01	2100-12-31	Heisterman	Michigan			0	0	1		291
R	USI	MI009		1994-01-01	2100-12-31	North	Michigan			0	0	1		291
R	USI	MI010		1994-01-01	2100-12-31	Little Charity	Michigan			0	0	1		291
R	USI	MI011		1994-01-01	2100-12-31	Charity	Michigan			0	0	1		291
R	USI	MI012		1994-01-01	2100-12-31	Thunder Bay	Michigan			0	0	1		291
R	USI	MI013		1994-01-01	2100-12-31	Middle	Michigan			0	0	1		291
R	USI	MI014		1994-01-01	2100-12-31	Bois Blanc	Michigan			0	0	1		291
R	USI	MI015		1994-01-01	2100-12-31	Mackinac	Michigan			0	0	1		291
R	USI	MI016		1994-01-01	2100-12-31	Round	Michigan			0	0	1		291
R	USI	MI017		1994-01-01	2100-12-31	Drummond	Michigan			0	0	1		291
R	USI	MI018		1994-01-01	2100-12-31	Marquette	Michigan			0	0	1		291
R	USI	MI019		1994-01-01	2100-12-31	Neebish	Michigan			0	0	1		291
R	USI	MI020		1994-01-01	2100-12-31	Sugar	Michigan			0	0	1		291
R	USI	MI021		1994-01-01	2100-12-31	Grand	Michigan			0	0	1		291
R	USI	MI022		1994-01-01	2100-12-31	Wood	Michigan			0	0	1		291
R	USI	MI023		1994-01-01	2100-12-31	Au Train	Michigan			0	0	1		291
R	USI	MI024		1994-01-01	2100-12-31	Horseshoe	Michigan			0	0	1		291
R	USI	MI025		1994-01-01	2100-12-31	Garden	Michigan			0	0	1		291
R	USI	MI026		1994-01-01	2100-12-31	Whiskey	Michigan			0	0	1		291
R	USI	MI027		1994-01-01	2100-12-31	Trout	Michigan			0	0	1		291
R	USI	MI028		1994-01-01	2100-12-31	High	Michigan			0	0	1		291
R	USI	MI030		1994-01-01	2100-12-31	North Fox	Michigan			0	0	1		291
R	USI	MI031		1994-01-01	2100-12-31	South Fox	Michigan			0	0	1		291
R	USI	MI032		1994-01-01	2100-12-31	Beaver	Michigan			0	0	1		291
R	USI	MI033		1994-01-01	2100-12-31	Manitou	Michigan			0	0	1		291
R	USI	MI034		1994-01-01	2100-12-31	Traverse	Michigan			0	0	1		291
R	USI	MI035		1994-01-01	2100-12-31	Gull	Michigan			0	0	1		291
R	USI	MI036		1994-01-01	2100-12-31	Partridge	Michigan			0	0	1		291
R	USI	MI037		1994-01-01	2100-12-31	North Manitou	Michigan			0	0	1		291
R	USI	MI038		1994-01-01	2100-12-31	South Manitou	Michigan			0	0	1		291
R	USI	MI039		1994-01-01	2100-12-31	St Helena	Michigan			0	0	1		291
R	USI	MI040		1994-01-01	2100-12-31	St Martin	Michigan			0	0	1		291
R	USI	MI041		1994-01-01	2100-12-31	Harsens	Michigan			0	0	1		291
R	USI	MI042		1994-01-01	2100-12-31	Dickinson	Michigan			0	0	1		291
R	USI	MI043		1994-01-01	2100-12-31	Poverty	Michigan			0	0	1		291
R	USI	MI044		1994-01-01	2100-12-31	Summer	Michigan			0	0	1		291
R	USI	MI045		1994-01-01	2100-12-31	Little Summer	Michigan			0	0	1		291
R	USI	MI046		1994-01-01	2100-12-31	Power	Michigan			0	0	1		291
R	USI	MI047		1994-01-01	2100-12-31	Meso	Michigan			0	0	1		291
R	USI	MI048		1994-01-01	2100-12-31	Gibraltar	Michigan			0	0	1		291
R	USI	MI049		1994-01-01	2100-12-31	Gull	Michigan			0	0	1		291
R	USI	MI050		1994-01-01	2100-12-31	Seaway	Michigan			0	0	1		291
R	USI	MI051		1994-01-01	2100-12-31	Rattlesnake	Michigan			0	0	1		291
R	USI	MI052		1994-01-01	2100-12-31	Edmund	Michigan			0	0	1		291
R	USI	MI053		1994-01-01	2100-12-31	Point Drive	Michigan			0	0	1		291
R	USI	MI054		1994-01-01	2100-12-31	Swan	Michigan			0	0	1		291
R	USI	MI055		1994-01-01	2100-12-31	Sterling	Michigan			0	0	1		291
R	USI	MI056		1994-01-01	2100-12-31	Fordson	Michigan			0	0	1		291
R	USI	MI057		1994-01-01	2100-12-31	Stony Point	Michigan			0	0	1		291
R	USI	MI058		1994-01-01	2100-12-31	Elba	Michigan			0	0	1		291
R	USI	MI059		1994-01-01	2100-12-31	Grape	Michigan			0	0	1		291
R	USI	MI060		1994-01-01	2100-12-31	Diamond	Michigan			0	0	1		291
R	USI	MI061		1994-01-01	2100-12-31	Indian	Michigan			0	0	1		291
R	USI	MI062		1994-01-01	2100-12-31	Turtle	Michigan			0	0	1		291
R	USI	MI063		1994-01-01	2100-12-31	Millman	Michigan			0	0	1		291
R	USI	MI064		1994-01-01	2100-12-31	Gard	Michigan			0	0	1		291
R	USI	MI065		1994-01-01	2100-12-31	Horse	Michigan			0	0	1		291
R	USI	MI066		1994-01-01	2100-12-31	Maple	Michigan			0	0	1		291
R	USI	MI067		1994-01-01	2100-12-31	Government	Michigan			0	0	1		291
R	USI	MI068		1994-01-01	2100-12-31	Hill	Michigan			0	0	1		291
R	USI	MI069		1994-01-01	2100-12-31	Island #8 aka White Loon White Loon	Michigan			0	0	1		291
R	USI	MI070		1994-01-01	2100-12-31	Fire	Michigan			0	0	1		291
R	USI	MI071		1994-01-01	2100-12-31	Harbor	Michigan			0	0	1		291
R	USI	MI072		1994-01-01	2100-12-31	Bay	Michigan			0	0	1		291
R	USI	MI073		1994-01-01	2100-12-31	Eagle	Michigan			0	0	1		291
R	USI	MI075		1994-01-01	2100-12-31	Sturgis	Michigan			0	0	1		291
R	USI	MI076		1994-01-01	2100-12-31	Harbor	Michigan			0	0	1		291
R	USI	MI077		1994-01-01	2100-12-31	Second	Michigan			0	0	1		291
R	USI	MI078		1994-01-01	2100-12-31	Clarabelle	Michigan			0	0	1		291
R	USI	MI079		1994-01-01	2100-12-31	Marina aka Radio	Michigan			0	0	1		291
R	USI	MI080		1994-01-01	2100-12-31	Granite	Michigan			0	0	1		291
R	USI	MI081		1994-01-01	2100-12-31	Porter	Michigan			0	0	1		291
R	USI	MI082		1994-01-01	2100-12-31	Sugar	Michigan			0	0	1		291
R	USI	MI083		1994-01-01	2100-12-31	Sugar	Michigan			0	0	1		291
R	USI	MI084		1994-01-01	2100-12-31	Gull	Michigan			0	0	1		291
R	USI	MI085		1994-01-01	2100-12-31	Round	Michigan			0	0	1		291
R	USI	MI087		1994-01-01	2100-12-31	Park	Michigan			0	0	1		291
R	USI	MI088		1994-01-01	2100-12-31	Island Park	Michigan			0	0	1		291
R	USI	MI089		1994-01-01	2100-12-31	Murray Lake	Michigan			0	0	1		291
R	USI	MI090		1994-01-01	2100-12-31	Temperance	Michigan			0	0	1		291
R	USI	MI091		1994-01-01	2100-12-31	Waugoshance	Michigan			0	0	1		291
R	USI	MI092		1994-01-01	2100-12-31	Clark	Michigan			0	0	1		291
R	USI	MI093		1994-01-01	2100-12-31	Twin Lake	Michigan			0	0	1		291
R	USI	MI094		1994-01-01	2100-12-31	Sisters	Michigan			0	0	1		291
R	USI	MI095		1994-01-01	2100-12-31	Tanglewood	Michigan			0	0	1		291
R	USI	MI096		1994-01-01	2100-12-31	Copper	Michigan			0	0	1		291
R	USI	MI097		1994-01-01	2100-12-31	Lime	Michigan			0	0	1		291
R	USI	MI098		1994-01-01	2100-12-31	Big St. Martin	Michigan			0	0	1		291
R	USI	MI099		1994-01-01	2100-12-31	Port Huron	Michigan			0	0	1		291
R	USI	MI100		1994-01-01	2100-12-31	Sterling State Park	Michigan			0	0	1		291
R	USI	MI101		1994-01-01	2100-12-31	Huron	Michigan			0	0	1		291
R	USI	MI102		1994-01-01	2100-12-31	Big Ovid	Michigan			0	0	1		291
R	USI	MI103		1994-01-01	2100-12-31	Little Ovid	Michigan			0	0	1		291
R	USI	MI105		1994-01-01	2100-12-31	Pointe Mouillee	Michigan			0	0	1		291
R	USI	MN001		1994-01-01	2100-12-31	Island of Peace	Minnesota			0	0	1		291
R	USI	MN002		1994-01-01	2100-12-31	Phelps	Minnesota			0	0	1		291
R	USI	MN003		1994-01-01	2100-12-31	Minnesota Point	Minnesota			0	0	1		291
R	USI	MN004		1994-01-01	2100-12-31	Oak	Minnesota			0	0	1		291
R	USI	MN005		1994-01-01	2100-12-31	Lower Grey Cloud	Minnesota			0	0	1		291
R	USI	MN006		1994-01-01	2100-12-31	Nicolet	Minnesota			0	0	1		291
R	USI	MN007		1994-01-01	2100-12-31	Raspberry	Minnesota			0	0	1		291
R	USI	MN008		1994-01-01	2100-12-31	Upper Grey Cloud	Minnesota			0	0	1		291
R	USI	MN009		1994-01-01	2100-12-31	Gillette	Minnesota			0	0	1		291
R	USI	MN010		1994-01-01	2100-12-31	Knife	Minnesota			0	0	1		291
R	USI	MN011		1994-01-01	2100-12-31	Big Potato	Minnesota			0	0	1		291
R	USI	MN012		1994-01-01	2100-12-31	Cedar	Minnesota			0	0	1		291
R	USI	MN013		1994-01-01	2100-12-31	Little Potato	Minnesota			0	0	1		291
R	USI	MN014		1994-01-01	2100-12-31	Star	Minnesota			0	0	1		291
R	USI	MN015		1994-01-01	2100-12-31	Loon	Minnesota			0	0	1		291
R	USI	MN016		1994-01-01	2100-12-31	Sioux Pine	Minnesota			0	0	1		291
R	USI	MN017		1994-01-01	2100-12-31	Cemetery Island	Minnesota			0	0	1		291
R	USI	MN018		1994-01-01	2100-12-31	Fox Island	Minnesota			0	0	1		291
R	USI	MN019		1994-01-01	2100-12-31	Kubel Island	Minnesota			0	0	1		291
R	USI	MN020		1994-01-01	2100-12-31	McManus Island	Minnesota			0	0	1		291
R	USI	MN021		1994-01-01	2100-12-31	Namakan Island	Minnesota			0	0	1		291
R	USI	MN022		1994-01-01	2100-12-31	Wolf Pack East	Minnesota			0	0	1		291
R	USI	MN023		1994-01-01	2100-12-31	Wolf Pack North	Minnesota			0	0	1		291
R	USI	MN024		1994-01-01	2100-12-31	Wolf Pack West	Minnesota			0	0	1		291
R	USI	MN025		1994-01-01	2100-12-31	Center	Minnesota			0	0	1		291
R	USI	MN026		1994-01-01	2100-12-31	Gold	Minnesota			0	0	1		291
R	USI	MN027		1994-01-01	2100-12-31	Goodwill	Minnesota			0	0	1		291
R	USI	MN028		1994-01-01	2100-12-31	Treasure	Minnesota			0	0	1		291
R	USI	MN029		1994-01-01	2100-12-31	Stevens	Minnesota			0	0	1		291
R	USI	MN030		1994-01-01	2100-12-31	Williams	Minnesota			0	0	1		291
R	USI	MN031		1994-01-01	2100-12-31	Foote	Minnesota			0	0	1		291
R	USI	MN032		1994-01-01	2100-12-31	Nokomis	Minnesota			0	0	1		291
R	USI	MN033		1994-01-01	2100-12-31	Ziski	Minnesota			0	0	1		291
R	USI	MN034		1994-01-01	2100-12-31	Filla	Minnesota			0	0	1		291
R	USI	MN035		1994-01-01	2100-12-31	Sweetnose	Minnesota			0	0	1		291
R	USI	MN036		1994-01-01	2100-12-31	Wolf	Minnesota			0	0	1		291
R	USI	MN037		1994-01-01	2100-12-31	Big Sky	Minnesota			0	0	1		291
R	USI	MN038		1994-01-01	2100-12-31	Bivo	Minnesota			0	0	1		291
R	USI	MN039		1994-01-01	2100-12-31	Blunt	Minnesota			0	0	1		291
R	USI	MN040		1994-01-01	2100-12-31	Boblore	Minnesota			0	0	1		291
R	USI	MN041		1994-01-01	2100-12-31	Freedom	Minnesota			0	0	1		291
R	USI	MN042		1994-01-01	2100-12-31	Green	Minnesota			0	0	1		291
R	USI	MN043		1994-01-01	2100-12-31	Hamilton	Minnesota			0	0	1		291
R	USI	MN044		1994-01-01	2100-12-31	Jug	Minnesota			0	0	1		291
R	USI	MN045		1994-01-01	2100-12-31	Larkin	Minnesota			0	0	1		291
R	USI	MN046		1994-01-01	2100-12-31	Postage	Minnesota			0	0	1		291
R	USI	MN047		1994-01-01	2100-12-31	Magie	Minnesota			0	0	1		291
R	USI	MN048		1994-01-01	2100-12-31	Sexton	Minnesota			0	0	1		291
R	USI	MN049		1994-01-01	2100-12-31	Yoder	Minnesota			0	0	1		291
R	USI	MN050		1994-01-01	2100-12-31	Loon	Minnesota			0	0	1		291
R	USI	MN051		1994-01-01	2100-12-31	Island Lake	Minnesota			0	0	1		291
R	USI	MN052		1994-01-01	2100-12-31	Baylis Big Bear	Minnesota			0	0	1		291
R	USI	MN053		1994-01-01	2100-12-31	Piccard	Minnesota			0	0	1		291
R	USI	MN054		1994-01-01	2100-12-31	Ormonds	Minnesota			0	0	1		291
R	USI	MN055		1994-01-01	2100-12-31	Taylor	Minnesota			0	0	1		291
R	USI	MN056		1994-01-01	2100-12-31	Taylors	Minnesota			0	0	1		291
R	USI	MN057		1994-01-01	2100-12-31	Schmidts	Minnesota			0	0	1		291
R	USI	MN059		1994-01-01	2100-12-31	Staley	Minnesota			0	0	1		291
R	USI	MN060		1994-01-01	2100-12-31	White Fish	Minnesota			0	0	1		291
R	USI	MN061		1994-01-01	2100-12-31	Turtle	Minnesota			0	0	1		291
R	USI	MN063		1994-01-01	2100-12-31	First	Minnesota			0	0	1		291
R	USI	MN064		1994-01-01	2100-12-31	Second	Minnesota			0	0	1		291
R	USI	MN065		1994-01-01	2100-12-31	Ludlow	Minnesota			0	0	1		291
R	USI	MN066		1994-01-01	2100-12-31	Oak	Minnesota			0	0	1		291
R	USI	MN067		1994-01-01	2100-12-31	Hinsdale	Minnesota			0	0	1		291
R	USI	MN068		1994-01-01	2100-12-31	Hoyt	Minnesota			0	0	1		291
R	USI	MN069		1994-01-01	2100-12-31	ThirtySix	Minnesota			0	0	1		291
R	USI	MN070		1994-01-01	2100-12-31	Black Duck	Minnesota			0	0	1		291
R	USI	MN071		1994-01-01	2100-12-31	Alepo	Minnesota			0	0	1		291
R	USI	MN072		1994-01-01	2100-12-31	Saint Paul	Minnesota			0	0	1		291
R	USI	MN073		1994-01-01	2100-12-31	St Marys	Minnesota			0	0	1		291
R	USI	MN074		1994-01-01	2100-12-31	Isle of Pines	Minnesota			0	0	1		291
R	USI	MN075		1994-01-01	2100-12-31	Daisy	Minnesota			0	0	1		291
R	USI	MN076		1994-01-01	2100-12-31	Strawberry	Minnesota			0	0	1		291
R	USI	MN077		1994-01-01	2100-12-31	Moose	Minnesota			0	0	1		291
R	USI	MN078		1994-01-01	2100-12-31	Comet	Minnesota			0	0	1		291
R	USI	MN079		1994-01-01	2100-12-31	Potato	Minnesota			0	0	1		291
R	USI	MN080		1994-01-01	2100-12-31	Spider	Minnesota			0	0	1		291
R	USI	MN081		1994-01-01	2100-12-31	Stonich	Minnesota			0	0	1		291
R	USI	MN082		1994-01-01	2100-12-31	Birch	Minnesota			0	0	1		291
R	USI	MN083		1994-01-01	2100-12-31	Seven Sisters	Minnesota			0	0	1		291
R	USI	MN084		1994-01-01	2100-12-31	Long	Minnesota			0	0	1		291
R	USI	MN085		1994-01-01	2100-12-31	Hendrickson	Minnesota			0	0	1		291
R	USI	MN086		1994-01-01	2100-12-31	Raspberry	Minnesota			0	0	1		291
R	USI	MN087		1994-01-01	2100-12-31	Nyberg	Minnesota			0	0	1		291
R	USI	MN088		1994-01-01	2100-12-31	JB	Minnesota			0	0	1		291
R	USI	MN089		1994-01-01	2100-12-31	Birch	Minnesota			0	0	1		291
R	USI	MN090		1994-01-01	2100-12-31	Dog	Minnesota			0	0	1		291
R	USI	MN091		1994-01-01	2100-12-31	Duffy	Minnesota			0	0	1		291
R	USI	MN092		1994-01-01	2100-12-31	Whisky	Minnesota			0	0	1		291
R	USI	MN093		1994-01-01	2100-12-31	Jackrabbit	Minnesota			0	0	1		291
R	USI	MN094		1994-01-01	2100-12-31	Buzzard	Minnesota			0	0	1		291
R	USI	MN095		1994-01-01	2100-12-31	Matson	Minnesota			0	0	1		291
R	USI	MN096		1994-01-01	2100-12-31	Windy	Minnesota			0	0	1		291
R	USI	MN097		1994-01-01	2100-12-31	Timber	Minnesota			0	0	1		291
R	USI	MN098		1994-01-01	2100-12-31	Knotts	Minnesota			0	0	1		291
R	USI	MN099		1994-01-01	2100-12-31	Fire	Minnesota			0	0	1		291
R	USI	MN100		1994-01-01	2100-12-31	Pike	Minnesota			0	0	1		291
R	USI	MN101		1994-01-01	2100-12-31	Alden	Minnesota			0	0	1		291
R	USI	MN102		1994-01-01	2100-12-31	Gagnon	Minnesota			0	0	1		291
R	USI	MN103		1994-01-01	2100-12-31	Gold	Minnesota			0	0	1		291
R	USI	MN104		1994-01-01	2100-12-31	Mica	Minnesota			0	0	1		291
R	USI	MN105		1994-01-01	2100-12-31	Sheen	Minnesota			0	0	1		291
R	USI	MN106		1994-01-01	2100-12-31	Snake	Minnesota			0	0	1		291
R	USI	MN107		1994-01-01	2100-12-31	Strawberry	Minnesota			0	0	1		291
R	USI	MN108		1994-01-01	2100-12-31	Twin Alligator	Minnesota			0	0	1		291
R	USI	MN109		1994-01-01	2100-12-31	Wigwam	Minnesota			0	0	1		291
R	USI	MN110		1994-01-01	2100-12-31	Birch	Minnesota			0	0	1		291
R	USI	MN111		1994-01-01	2100-12-31	Center	Minnesota			0	0	1		291
R	USI	MN112		1994-01-01	2100-12-31	Burnt	Minnesota			0	0	1		291
R	USI	MN113		1994-01-01	2100-12-31	Harri	Minnesota			0	0	1		291
R	USI	MN114		1994-01-01	2100-12-31	Greenburg	Minnesota			0	0	1		291
R	USI	MN115		1994-01-01	2100-12-31	Prescott	Minnesota			0	0	1		291
R	USI	MN116		1994-01-01	2100-12-31	Simley	Minnesota			0	0	1		291
R	USI	MN117		1994-01-01	2100-12-31	Fish Hook	Minnesota			0	0	1		291
R	USI	MN118		1994-01-01	2100-12-31	Winther/Second	Minnesota			0	0	1		291
R	USI	MN119		1994-01-01	2100-12-31	Chase	Minnesota			0	0	1		291
R	USI	MN120		1994-01-01	2100-12-31	Cuculus	Minnesota			0	0	1		291
R	USI	MN121		1994-01-01	2100-12-31	Headlight	Minnesota			0	0	1		291
R	USI	MN122		1994-01-01	2100-12-31	Little Knox	Minnesota			0	0	1		291
R	USI	MN123		1994-01-01	2100-12-31	Little Richie	Minnesota			0	0	1		291
R	USI	MN124		1994-01-01	2100-12-31	Pine	Minnesota			0	0	1		291
R	USI	MN125		1994-01-01	2100-12-31	Richie	Minnesota			0	0	1		291
R	USI	MN126		1994-01-01	2100-12-31	Deer Point	Minnesota			0	0	1		291
R	USI	MN127		1994-01-01	2100-12-31	Coney	Minnesota			0	0	1		291
R	USI	MN128		1994-01-01	2100-12-31	Dresbach	Minnesota			0	0	1		291
R	USI	MN130		1994-01-01	2100-12-31	Richmond	Minnesota			0	0	1		291
R	USI	MN131		1994-01-01	2100-12-31	Pat Smith	Minnesota			0	0	1		291
R	USI	MN132		1994-01-01	2100-12-31	Pine	Minnesota			0	0	1		291
R	USI	MN133		1994-01-01	2100-12-31	Bungalow	Minnesota			0	0	1		291
R	USI	MN134		1994-01-01	2100-12-31	Myre-Big	Minnesota			0	0	1		291
R	USI	MN135		1994-01-01	2100-12-31	Garden	Minnesota			0	0	1		291
R	USI	MN136		1994-01-01	2100-12-31	Ludwick	Minnesota			0	0	1		291
R	USI	MN137		1994-01-01	2100-12-31	North Lizz	Minnesota			0	0	1		291
R	USI	MN138		1994-01-01	2100-12-31	South Lizz	Minnesota			0	0	1		291
R	USI	MN139		1994-01-01	2100-12-31	West Reipas	Minnesota			0	0	1		291
R	USI	MN140		1994-01-01	2100-12-31	East Reipas	Minnesota			0	0	1		291
R	USI	MN141		1994-01-01	2100-12-31	West Prune	Minnesota			0	0	1		291
R	USI	MN142		1994-01-01	2100-12-31	East Prune	Minnesota			0	0	1		291
R	USI	MN143		1994-01-01	2100-12-31	Egret	Minnesota			0	0	1		291
R	USI	MO001		1994-01-01	2100-12-31	Fox/Greys	Missouri			0	0	1		291
R	USI	MO002		1994-01-01	2100-12-31	Howell	Missouri			0	0	1		291
R	USI	MO003		1994-01-01	2100-12-31	Ellis	Missouri			0	0	1		291
R	USI	MO004		1994-01-01	2100-12-31	Dresser	Missouri			0	0	1		291
R	USI	MO005		1994-01-01	2100-12-31	Maple	Missouri			0	0	1		291
R	USI	MO006		1994-01-01	2100-12-31	Cora	Missouri			0	0	1		291
R	USI	MO007		1994-01-01	2100-12-31	Grand Tower	Missouri			0	0	1		291
R	USI	MO008		1994-01-01	2100-12-31	Bryan	Missouri			0	0	1		291
R	USI	MO009		1994-01-01	2100-12-31	Helds	Missouri			0	0	1		291
R	USI	MO010		1994-01-01	2100-12-31	Masters	Missouri			0	0	1		291
R	USI	MO011		1994-01-01	2100-12-31	Big	Missouri			0	0	1		291
R	USI	MO012		1994-01-01	2100-12-31	Hawaiian	Missouri			0	0	1		291
R	USI	MO013		1994-01-01	2100-12-31	Berry Bend	Missouri			0	0	1		291
R	USI	MO014		1994-01-01	2100-12-31	Edge/Snake	Missouri			0	0	1		291
R	USI	MO015		1994-01-01	2100-12-31	State Park	Missouri			0	0	1		291
R	USI	MO017		1994-01-01	2100-12-31	Dry Cut East	Missouri			0	0	1		291
R	USI	MO018		1994-01-01	2100-12-31	Dry Cut West	Missouri			0	0	1		291
R	USI	MO019		1994-01-01	2100-12-31	Liberty Park	Missouri			0	0	1		291
R	USI	MO020		1994-01-01	2100-12-31	Quarry	Missouri			0	0	1		291
R	USI	MO021		1994-01-01	2100-12-31	Tower Rock	Missouri			0	0	1		291
R	USI	MO106		1994-01-01	2100-12-31	Cuivre	Missouri			0	0	1		291
R	USI	MS001		1994-01-01	2100-12-31	Round	Mississippi			0	0	1		291
R	USI	MS002		1994-01-01	2100-12-31	Cat	Mississippi			0	0	1		291
R	USI	MS003		1994-01-01	2100-12-31	Horn	Mississippi			0	0	1		291
R	USI	MS004		1994-01-01	2100-12-31	Petit Bois	Mississippi			0	0	1		291
R	USI	MS005		1994-01-01	2100-12-31	West Ship	Mississippi			0	0	1		291
R	USI	MS006		1994-01-01	2100-12-31	Spanish Point	Mississippi			0	0	1		291
R	USI	MS007		1994-01-01	2100-12-31	Deep Point	Mississippi			0	0	1		291
R	USI	MS008		1994-01-01	2100-12-31	Bridge	Mississippi			0	0	1		291
R	USI	MS009		1994-01-01	2100-12-31	East Ship	Mississippi			0	0	1		291
R	USI	MS010		1994-01-01	2100-12-31	Singing River	Mississippi			0	0	1		291
R	USI	MS011		1994-01-01	2100-12-31	Deer	Mississippi			0	0	1		291
R	USI	MT001		1994-01-01	2100-12-31	Park	Montana			0	0	1		291
R	USI	MT002		1994-01-01	2100-12-31	Sacajawea/Gibson/Squaw	Montana			0	0	1		291
R	USI	MT004		1994-01-01	2100-12-31	Ralph's	Montana			0	0	1		291
R	USI	MT005		1994-01-01	2100-12-31	California	Montana			0	0	1		291
R	USI	MT006		1994-01-01	2100-12-31	Roosevelt #1	Montana			0	0	1		291
R	USI	MT007		1994-01-01	2100-12-31	Roosevelt #2	Montana			0	0	1		291
R	USI	MT008		1994-01-01	2100-12-31	Rock Point	Montana			0	0	1		291
R	USI	MT009		1994-01-01	2100-12-31	North Grass	Montana			0	0	1		291
R	USI	MT010		1994-01-01	2100-12-31	Leisure	Montana			0	0	1		291
R	USI	MT011		1994-01-01	2100-12-31	Cliff	Montana			0	0	1		291
R	USI	MT012		1994-01-01	2100-12-31	North	Montana			0	0	1		291
R	USI	MT013		1994-01-01	2100-12-31	Roosevelt	Montana			0	0	1		291
R	USI	MT014		1994-01-01	2100-12-31	Melita	Montana			0	0	1		291
R	USI	MT015		1994-01-01	2100-12-31	Wild Horse	Montana			0	0	1		291
R	USI	NC001		1994-01-01	2100-12-31	Ocracoke	North Carolina			0	0	1		291
R	USI	NC002		1994-01-01	2100-12-31	Harkers	North Carolina			0	0	1		291
R	USI	NC003		1994-01-01	2100-12-31	Smith/Bald Head	North Carolina			0	0	1		291
R	USI	NC004		1994-01-01	2100-12-31	Topsail	North Carolina			0	0	1		291
R	USI	NC005		1994-01-01	2100-12-31	Hatteras/Pea	North Carolina			0	0	1		291
R	USI	NC006		1994-01-01	2100-12-31	Oak	North Carolina			0	0	1		291
R	USI	NC007		1994-01-01	2100-12-31	Little Colington	North Carolina			0	0	1		291
R	USI	NC008		1994-01-01	2100-12-31	Holden Beach	North Carolina			0	0	1		291
R	USI	NC009		1994-01-01	2100-12-31	Portsmouth	North Carolina			0	0	1		291
R	USI	NC010		1994-01-01	2100-12-31	Bogue Banks/Emerald	North Carolina			0	0	1		291
R	USI	NC011		1994-01-01	2100-12-31	Ocean Isle Beach	North Carolina			0	0	1		291
R	USI	NC012		1994-01-01	2100-12-31	Sunset Beach/Bird	North Carolina			0	0	1		291
R	USI	NC013		1994-01-01	2100-12-31	Roanoke	North Carolina			0	0	1		291
R	USI	NC014		1994-01-01	2100-12-31	Pleasure	North Carolina			0	0	1		291
R	USI	NC015		1994-01-01	2100-12-31	Pond	North Carolina			0	0	1		291
R	USI	NC016		1994-01-01	2100-12-31	Cedar	North Carolina			0	0	1		291
R	USI	NC017		1994-01-01	2100-12-31	Knotts/Mackay Isl	North Carolina			0	0	1		291
R	USI	NC018		1994-01-01	2100-12-31	Bell's	North Carolina			0	0	1		291
R	USI	NC019		1994-01-01	2100-12-31	Big Colington	North Carolina			0	0	1		291
R	USI	NC020		1994-01-01	2100-12-31	Figure Eight	North Carolina			0	0	1		291
R	USI	NC021		1994-01-01	2100-12-31	Harbor	North Carolina			0	0	1		291
R	USI	NC022		1994-01-01	2100-12-31	Wrightsville Beach	North Carolina			0	0	1		291
R	USI	NC023		1994-01-01	2100-12-31	Walnut	North Carolina			0	0	1		291
R	USI	NC024		1994-01-01	2100-12-31	Goose Creek	North Carolina			0	0	1		291
R	USI	NC025		1994-01-01	2100-12-31	Cedar	North Carolina			0	0	1		291
R	USI	NC026		1994-01-01	2100-12-31	Eagle	North Carolina			0	0	1		291
R	USI	NC027		1994-01-01	2100-12-31	Masonboro	North Carolina			0	0	1		291
R	USI	NC028		1994-01-01	2100-12-31	Bear	North Carolina			0	0	1		291
R	USI	NC029		1994-01-01	2100-12-31	Pivers	North Carolina			0	0	1		291
R	USI	NC030		1994-01-01	2100-12-31	Radio	North Carolina			0	0	1		291
R	USI	NC031		1994-01-01	2100-12-31	Norman	North Carolina			0	0	1		291
R	USI	NC032		1994-01-01	2100-12-31	Copperhead	North Carolina			0	0	1		291
R	USI	NC033		1994-01-01	2100-12-31	Core Banks South	North Carolina			0	0	1		291
R	USI	NC035		1994-01-01	2100-12-31	Money	North Carolina			0	0	1		291
R	USI	NC036		1994-01-01	2100-12-31	Blennerhassett	North Carolina			0	0	1		291
R	USI	NC037		1994-01-01	2100-12-31	Belle Isle	North Carolina			0	0	1		291
R	USI	NC038		1994-01-01	2100-12-31	Little	North Carolina			0	0	1		291
R	USI	NC039		1994-01-01	2100-12-31	Dam	North Carolina			0	0	1		291
R	USI	NC041		1994-01-01	2100-12-31	East Dudley	North Carolina			0	0	1		291
R	USI	NC042		1994-01-01	2100-12-31	West Dudley	North Carolina			0	0	1		291
R	USI	NC043		1994-01-01	2100-12-31	Huggins	North Carolina			0	0	1		291
R	USI	NC044		1994-01-01	2100-12-31	Goat	North Carolina			0	0	1		291
R	USI	NC045		1994-01-01	2100-12-31	Cedar Spoil East	North Carolina			0	0	1		291
R	USI	NC046		1994-01-01	2100-12-31	Cedar Spoil West	North Carolina			0	0	1		291
R	USI	NC047		1994-01-01	2100-12-31	Penland	North Carolina			0	0	1		291
R	USI	NC048		1994-01-01	2100-12-31	Grassy	North Carolina			0	0	1		291
R	USI	NC049		1994-01-01	2100-12-31	Lea-Hutaff	North Carolina			0	0	1		291
R	USI	NC050		1994-01-01	2100-12-31	Core Banks Middle	North Carolina			0	0	1		291
R	USI	NC051		1994-01-01	2100-12-31	Core Banks North	North Carolina			0	0	1		291
R	USI	NC052		1994-01-01	2100-12-31	Island	North Carolina			0	0	1		291
R	USI	NC053		1994-01-01	2100-12-31	Island	North Carolina			0	0	1		291
R	USI	NC054		1994-01-01	2100-12-31	Long	North Carolina			0	0	1		291
R	USI	NC055		1994-01-01	2100-12-31	Gold Mine	North Carolina			0	0	1		291
R	USI	NC056		1994-01-01	2100-12-31	Island N-65	North Carolina			0	0	1		291
R	USI	NC057		1994-01-01	2100-12-31	Island N-68	North Carolina			0	0	1		291
R	USI	NC058		1994-01-01	2100-12-31	Kiser	North Carolina			0	0	1		291
R	USI	NC059		1994-01-01	2100-12-31	Island N-21	North Carolina			0	0	1		291
R	USI	NC060		1994-01-01	2100-12-31	Island N-23	North Carolina			0	0	1		291
R	USI	NC061		1994-01-01	2100-12-31	Island N-43	North Carolina			0	0	1		291
R	USI	NC062		1994-01-01	2100-12-31	Island N-44	North Carolina			0	0	1		291
R	USI	NC063		1994-01-01	2100-12-31	Shelly	North Carolina			0	0	1		291
R	USI	NC064		1994-01-01	2100-12-31	Fontana #1	North Carolina			0	0	1		291
R	USI	NC065		1994-01-01	2100-12-31	Shackleford Banks	North Carolina			0	0	1		291
R	USI	NC066		1994-01-01	2100-12-31	Carrot/Town Marsh	North Carolina			0	0	1		291
R	USI	NC067		1994-01-01	2100-12-31	Permuda	North Carolina			0	0	1		291
R	USI	NC068		1994-01-01	2100-12-31	Mattamuskeet	North Carolina			0	0	1		291
R	USI	NC069		1994-01-01	2100-12-31	Bird	North Carolina			0	0	1		291
R	USI	NC070		1994-01-01	2100-12-31	Winding Stairs	North Carolina			0	0	1		291
R	USI	NC071		1994-01-01	2100-12-31	Oconaluftee Island Park	North Carolina			0	0	1		291
R	USI	ND001		1994-01-01	2100-12-31	King	North Dakota			0	0	1		291
R	USI	ND002		1994-01-01	2100-12-31	North Schmidt	North Dakota			0	0	1		291
R	USI	ND003		1994-01-01	2100-12-31	South Schmidt	North Dakota			0	0	1		291
R	USI	ND004		1994-01-01	2100-12-31	Sugarloaf	North Dakota			0	0	1		291
R	USI	ND005		1994-01-01	2100-12-31	North Graner	North Dakota			0	0	1		291
R	USI	ND006		1994-01-01	2100-12-31	South Graner	North Dakota			0	0	1		291
R	USI	ND007		1994-01-01	2100-12-31	Huff	North Dakota			0	0	1		291
R	USI	ND008		1994-01-01	2100-12-31	Sweet Briar	North Dakota			0	0	1		291
R	USI	ND009		1994-01-01	2100-12-31	Townsend	North Dakota			0	0	1		291
R	USI	ND010		1994-01-01	2100-12-31	Refinery	North Dakota			0	0	1		291
R	USI	ND011		1994-01-01	2100-12-31	Beaver	North Dakota			0	0	1		291
R	USI	ND012		1994-01-01	2100-12-31	Carlson	North Dakota			0	0	1		291
R	USI	ND013		1994-01-01	2100-12-31	Boat	North Dakota			0	0	1		291
R	USI	ND014		1994-01-01	2100-12-31	Cottonwood	North Dakota			0	0	1		291
R	USI	ND015		1994-01-01	2100-12-31	Big Cottonwood	North Dakota			0	0	1		291
R	USI	ND016		1994-01-01	2100-12-31	South Cottonwood	North Dakota			0	0	1		291
R	USI	ND017		1994-01-01	2100-12-31	Refinery #2	North Dakota			0	0	1		291
R	USI	ND018		1994-01-01	2100-12-31	Refinery #3	North Dakota			0	0	1		291
R	USI	ND019		1994-01-01	2100-12-31	Governor	North Dakota			0	0	1		291
R	USI	ND020		1994-01-01	2100-12-31	Scoria	North Dakota			0	0	1		291
R	USI	ND021		1994-01-01	2100-12-31	Guy	North Dakota			0	0	1		291
R	USI	ND022		1994-01-01	2100-12-31	Moon Bay	North Dakota			0	0	1		291
R	USI	ND023		1994-01-01	2100-12-31	Scoria #2	North Dakota			0	0	1		291
R	USI	ND024		1994-01-01	2100-12-31	Big Scoria	North Dakota			0	0	1		291
R	USI	ND025		1994-01-01	2100-12-31	Highway 281	North Dakota			0	0	1		291
R	USI	ND026		1994-01-01	2100-12-31	Jim	North Dakota			0	0	1		291
R	USI	ND027		1994-01-01	2100-12-31	Doyle	North Dakota			0	0	1		291
R	USI	ND028		1994-01-01	2100-12-31	Grahams	North Dakota			0	0	1		291
R	USI	NE001		1994-01-01	2100-12-31	Cedar	Nebraska			0	0	1		291
R	USI	NE002		1994-01-01	2100-12-31	Mormon	Nebraska			0	0	1		291
R	USI	NE003		1994-01-01	2100-12-31	RusticIsle	Nebraska			0	0	1		291
R	USI	NE004		1994-01-01	2100-12-31	Platte/I-80	Nebraska			0	0	1		291
R	USI	NE005		1994-01-01	2100-12-31	Scout	Nebraska			0	0	1		291
R	USI	NE006		1994-01-01	2100-12-31	Oak	Nebraska			0	0	1		291
R	USI	NH001		1994-01-01	2100-12-31	Star	New Hampshire			0	0	1		291
R	USI	NH002		1994-01-01	2100-12-31	New Castle	New Hampshire			0	0	1		291
R	USI	NH003		1994-01-01	2100-12-31	Pierce	New Hampshire			0	0	1		291
R	USI	NH004		1994-01-01	2100-12-31	Island Park	New Hampshire			0	0	1		291
R	USI	NH005		1994-01-01	2100-12-31	Pierces	New Hampshire			0	0	1		291
R	USI	NH006		1994-01-01	2100-12-31	Shapleigh	New Hampshire			0	0	1		291
R	USI	NH007		1994-01-01	2100-12-31	Goat	New Hampshire			0	0	1		291
R	USI	NH008		1994-01-01	2100-12-31	Nobles	New Hampshire			0	0	1		291
R	USI	NH009		1994-01-01	2100-12-31	Great	New Hampshire			0	0	1		291
R	USI	NH010		1994-01-01	2100-12-31	Monkey	New Hampshire			0	0	1		291
R	USI	NH011		1994-01-01	2100-12-31	Little Monkey	New Hampshire			0	0	1		291
R	USI	NH012		1994-01-01	2100-12-31	Yankee	New Hampshire			0	0	1		291
R	USI	NH013		1994-01-01	2100-12-31	Walpole	New Hampshire			0	0	1		291
R	USI	NH014		1994-01-01	2100-12-31	Belle/Lady Isle	New Hampshire			0	0	1		291
R	USI	NH015		1994-01-01	2100-12-31	Bowman	New Hampshire			0	0	1		291
R	USI	NH016		1994-01-01	2100-12-31	Salmon	New Hampshire			0	0	1		291
R	USI	NH017		1994-01-01	2100-12-31	Bear	New Hampshire			0	0	1		291
R	USI	NH018		1994-01-01	2100-12-31	Eastman Pond	New Hampshire			0	0	1		291
R	USI	NH019		1994-01-01	2100-12-31	Loon	New Hampshire			0	0	1		291
R	USI	NH020		1994-01-01	2100-12-31	Three Mile	New Hampshire			0	0	1		291
R	USI	NH021		1994-01-01	2100-12-31	Gilman	New Hampshire			0	0	1		291
R	USI	NH022		1994-01-01	2100-12-31	White	New Hampshire			0	0	1		291
R	USI	NH023		1994-01-01	2100-12-31	Four Tree	New Hampshire			0	0	1		291
R	USI	NH024		1994-01-01	2100-12-31	Five Mile	New Hampshire			0	0	1		291
R	USI	NH025		1994-01-01	2100-12-31	Hawks Nest	New Hampshire			0	0	1		291
R	USI	NH026		1994-01-01	2100-12-31	Mooney	New Hampshire			0	0	1		291
R	USI	NH027		1994-01-01	2100-12-31	Browns	New Hampshire			0	0	1		291
R	USI	NH028		1994-01-01	2100-12-31	Loon	New Hampshire			0	0	1		291
R	USI	NH029		1994-01-01	2100-12-31	Three Islands East	New Hampshire			0	0	1		291
R	USI	NH030		1994-01-01	2100-12-31	Three Islands Middle	New Hampshire			0	0	1		291
R	USI	NH031		1994-01-01	2100-12-31	Three Islands West	New Hampshire			0	0	1		291
R	USI	NH032		1994-01-01	2100-12-31	Point	New Hampshire			0	0	1		291
R	USI	NH033		1994-01-01	2100-12-31	Governor's	New Hampshire			0	0	1		291
R	USI	NI001		1994-01-01	2100-12-31	Rota	Northern Mariana Islands			0	0	1		166
R	USI	NI002		1994-01-01	2100-12-31	Saipan	Northern Mariana Islands			0	0	1		166
R	USI	NI003		1994-01-01	2100-12-31	Tinian	Northern Mariana Islands			0	0	1		166
R	USI	NI004		1994-01-01	2100-12-31	Managaha	Northern Mariana Islands			0	0	1		166
R	USI	NJ001		1994-01-01	2100-12-31	Long Beach - Tucker	New Jersey			0	0	1		291
R	USI	NJ002		1994-01-01	2100-12-31	Soldiers	New Jersey			0	0	1		291
R	USI	NJ003		1994-01-01	2100-12-31	Absecon	New Jersey			0	0	1		291
R	USI	NJ004		1994-01-01	2100-12-31	Alex	New Jersey			0	0	1		291
R	USI	NJ005		1994-01-01	2100-12-31	Great	New Jersey			0	0	1		291
R	USI	NJ006		1994-01-01	2100-12-31	Whirlpool	New Jersey			0	0	1		291
R	USI	NJ007		1994-01-01	2100-12-31	Tom's	New Jersey			0	0	1		291
R	USI	NJ008		1994-01-01	2100-12-31	Ocean County Barrier	New Jersey			0	0	1		291
R	USI	NJ009		1994-01-01	2100-12-31	Pork	New Jersey			0	0	1		291
R	USI	NJ010		1994-01-01	2100-12-31	Petty	New Jersey			0	0	1		291
R	USI	NJ011		1994-01-01	2100-12-31	Bonnet	New Jersey			0	0	1		291
R	USI	NJ012		1994-01-01	2100-12-31	Cedar Bonnet	New Jersey			0	0	1		291
R	USI	NJ013		1994-01-01	2100-12-31	West Point	New Jersey			0	0	1		291
R	USI	NJ014		1994-01-01	2100-12-31	Pelican	New Jersey			0	0	1		291
R	USI	NJ015		1994-01-01	2100-12-31	Seven Mile	New Jersey			0	0	1		291
R	USI	NJ016		1994-01-01	2100-12-31	Five Mile - Wildwood	New Jersey			0	0	1		291
R	USI	NJ017		1994-01-01	2100-12-31	Treasure	New Jersey			0	0	1		291
R	USI	NJ018		1994-01-01	2100-12-31	Chadwick Beach Isl	New Jersey			0	0	1		291
R	USI	NJ020		1994-01-01	2100-12-31	Brigantine/Boot	New Jersey			0	0	1		291
R	USI	NJ021		1994-01-01	2100-12-31	Kiahs	New Jersey			0	0	1		291
R	USI	NJ022		1994-01-01	2100-12-31	Shark River	New Jersey			0	0	1		291
R	USI	NJ023		1994-01-01	2100-12-31	Liberty	New Jersey			0	0	1		291
R	USI	NJ024		1994-01-01	2100-12-31	Shellingers	New Jersey			0	0	1		291
R	USI	NJ025		1994-01-01	2100-12-31	Sassafras	New Jersey			0	0	1		291
R	USI	NJ026		1994-01-01	2100-12-31	West Wildwood	New Jersey			0	0	1		291
R	USI	NJ027		1994-01-01	2100-12-31	Anglesea Marsh	New Jersey			0	0	1		291
R	USI	NJ028		1994-01-01	2100-12-31	Raccoon	New Jersey			0	0	1		291
R	USI	NJ029		1994-01-01	2100-12-31	Cape May	New Jersey			0	0	1		291
R	USI	NJ030		1994-01-01	2100-12-31	Oyster Creek Isl	New Jersey			0	0	1		291
R	USI	NJ031		1994-01-01	2100-12-31	Venice Lagoon Isl	New Jersey			0	0	1		291
R	USI	NJ032		1994-01-01	2100-12-31	Penrose Channel Isl	New Jersey			0	0	1		291
R	USI	NJ033		1994-01-01	2100-12-31	Chelsea Harbor Isl	New Jersey			0	0	1		291
R	USI	NJ034		1994-01-01	2100-12-31	Ocean City Barrier	New Jersey			0	0	1		291
R	USI	NJ035		1994-01-01	2100-12-31	Burlington	New Jersey			0	0	1		291
R	USI	NJ036		1994-01-01	2100-12-31	Ellis	New Jersey			0	0	1		291
R	USI	NJ037		1994-01-01	2100-12-31	Game Creek	New Jersey			0	0	1		291
R	USI	NJ038		1994-01-01	2100-12-31	Chester	New Jersey			0	0	1		291
R	USI	NJ039		1994-01-01	2100-12-31	Halsey	New Jersey			0	0	1		291
R	USI	NJ040		1994-01-01	2100-12-31	Rainbow	New Jersey			0	0	1		291
R	USI	NJ041		1994-01-01	2100-12-31	Ludlam	New Jersey			0	0	1		291
R	USI	NJ042		1994-01-01	2100-12-31	Mystic	New Jersey			0	0	1		291
R	USI	NJ043		1994-01-01	2100-12-31	Osborn	New Jersey			0	0	1		291
R	USI	NJ044		1994-01-01	2100-12-31	Bulls	New Jersey			0	0	1		291
R	USI	NM001		1994-01-01	2100-12-31	Watson	New Mexico			0	0	1		291
R	USI	NM002		1994-01-01	2100-12-31	McGillicuddy	New Mexico			0	0	1		291
R	USI	NM003		1994-01-01	2100-12-31	Upper	New Mexico			0	0	1		291
R	USI	NM004		1994-01-01	2100-12-31	Bobs	New Mexico			0	0	1		291
R	USI	NM005		1994-01-01	2100-12-31	Elephant Butte	New Mexico			0	0	1		291
R	USI	NM006		1994-01-01	2100-12-31	Horse	New Mexico			0	0	1		291
R	USI	NM007		1994-01-01	2100-12-31	Big	New Mexico			0	0	1		291
R	USI	NM008		1994-01-01	2100-12-31	Rattlesnake	New Mexico			0	0	1		291
R	USI	NM009		1994-01-01	2100-12-31	Big	New Mexico			0	0	1		291
R	USI	NM010		1994-01-01	2100-12-31	Long Point	New Mexico			0	0	1		291
R	USI	NM011		1994-01-01	2100-12-31	North Deer	New Mexico			0	0	1		291
R	USI	NM012		1994-01-01	2100-12-31	Hotsprings Cover	New Mexico			0	0	1		291
R	USI	NM013		1994-01-01	2100-12-31	North Long Point	New Mexico			0	0	1		291
R	USI	NM014		1994-01-01	2100-12-31	Kettletop No 2	New Mexico			0	0	1		291
R	USI	NM015		1994-01-01	2100-12-31	Jungles	New Mexico			0	0	1		291
R	USI	NM016		1994-01-01	2100-12-31	Long ridge aka Chaney Rocks Chaney Rocks	New Mexico			0	0	1		291
R	USI	NM017		1994-01-01	2100-12-31	Three Sisters	New Mexico			0	0	1		291
R	USI	NM018		1994-01-01	2100-12-31	Kettletop No 3	New Mexico			0	0	1		291
R	USI	NM019		1994-01-01	2100-12-31	The Island	New Mexico			0	0	1		291
R	USI	NM020		1994-01-01	2100-12-31	Campers	New Mexico			0	0	1		291
R	USI	NM021		1994-01-01	2100-12-31	Watson #2	New Mexico			0	0	1		291
R	USI	NM022		1994-01-01	2100-12-31	Mine	New Mexico			0	0	1		291
R	USI	NM023		1994-01-01	2100-12-31	Sand Stone	New Mexico			0	0	1		291
R	USI	NM024		1994-01-01	2100-12-31	Red Rock	New Mexico			0	0	1		291
R	USI	NM025		1994-01-01	2100-12-31	Comanche	New Mexico			0	0	1		291
R	USI	NM026		1994-01-01	2100-12-31	Puerco	New Mexico			0	0	1		291
R	USI	NM027		1994-01-01	2100-12-31	Cerrito	New Mexico			0	0	1		291
R	USI	NM028		1994-01-01	2100-12-31	Quemado	New Mexico			0	0	1		291
R	USI	NM029		1994-01-01	2100-12-31	Rattlesnake	New Mexico			0	0	1		291
R	USI	NM030		1994-01-01	2100-12-31	Watson #4	New Mexico			0	0	1		291
R	USI	NM031		1994-01-01	2100-12-31	Watson #5	New Mexico			0	0	1		291
R	USI	NM032		1994-01-01	2100-12-31	Horseshoe	New Mexico			0	0	1		291
R	USI	NM033		1994-01-01	2100-12-31	Cow Springs	New Mexico			0	0	1		291
R	USI	NM034		1994-01-01	2100-12-31	Bobcat	New Mexico			0	0	1		291
R	USI	NM035		1994-01-01	2100-12-31	Dam	New Mexico			0	0	1		291
R	USI	NM036		1994-01-01	2100-12-31	Marina	New Mexico			0	0	1		291
R	USI	NM037		1994-01-01	2100-12-31	Navajo	New Mexico			0	0	1		291
R	USI	NM038		1994-01-01	2100-12-31	Watson #3	New Mexico			0	0	1		291
R	USI	NM039		1994-01-01	2100-12-31	Red	New Mexico			0	0	1		291
R	USI	NV001		1994-01-01	2100-12-31	Sentinel	Nevada			0	0	1		291
R	USI	NV002		1994-01-01	2100-12-31	Park	Nevada			0	0	1		291
R	USI	NV003		1994-01-01	2100-12-31	Big Boulder	Nevada			0	0	1		291
R	USI	NV004		1994-01-01	2100-12-31	Saddle	Nevada			0	0	1		291
R	USI	NV005		1994-01-01	2100-12-31	Black	Nevada			0	0	1		291
R	USI	NV007		1994-01-01	2100-12-31	Crescent	Nevada			0	0	1		291
R	USI	NV008		1994-01-01	2100-12-31	Sand	Nevada			0	0	1		291
R	USI	NV009		1994-01-01	2100-12-31	Beacon Rock	Nevada			0	0	1		291
R	USI	NV010		1994-01-01	2100-12-31	Deadman's	Nevada			0	0	1		291
R	USI	NV011		1994-01-01	2100-12-31	Middle Boulder	Nevada			0	0	1		291
R	USI	NV012		1994-01-01	2100-12-31	Little Boulder	Nevada			0	0	1		291
R	USI	NV013		1994-01-01	2100-12-31	Heron	Nevada			0	0	1		291
R	USI	NV014		1994-01-01	2100-12-31	Bighorn	Nevada			0	0	1		291
R	USI	NV015		1994-01-01	2100-12-31	Lamoille Creek	Nevada			0	0	1		291
R	USI	NV016		1994-01-01	2100-12-31	Pyramid	Nevada			0	0	1		291
R	USI	NV017		1994-01-01	2100-12-31	Black Bird	Nevada			0	0	1		291
R	USI	NV018		1994-01-01	2100-12-31	Gull	Nevada			0	0	1		291
R	USI	NY001		1994-01-01	2100-12-31	Grand	New York			0	0	1		291
R	USI	NY002		1994-01-01	2100-12-31	Fishers	New York			0	0	1		291
R	USI	NY003		1994-01-01	2100-12-31	Long	New York			0	0	1		291
R	USI	NY004		1994-01-01	2100-12-31	Staten	New York			0	0	1		291
R	USI	NY005		1994-01-01	2100-12-31	Shelter	New York			0	0	1		291
R	USI	NY006		1994-01-01	2100-12-31	Little Gulf	New York			0	0	1		291
R	USI	NY007		1994-01-01	2100-12-31	Middle	New York			0	0	1		291
R	USI	NY008		1994-01-01	2100-12-31	Barnhart	New York			0	0	1		291
R	USI	NY009		1994-01-01	2100-12-31	Wilson Hill	New York			0	0	1		291
R	USI	NY010		1994-01-01	2100-12-31	Wellesley	New York			0	0	1		291
R	USI	NY011		1994-01-01	2100-12-31	Manhattan	New York			0	0	1		291
R	USI	NY012		1994-01-01	2100-12-31	Governors	New York			0	0	1		291
R	USI	NY013		1994-01-01	2100-12-31	Fire	New York			0	0	1		291
R	USI	NY014		1994-01-01	2100-12-31	City	New York			0	0	1		291
R	USI	NY015		1994-01-01	2100-12-31	Twin	New York			0	0	1		291
R	USI	NY016		1994-01-01	2100-12-31	Glen	New York			0	0	1		291
R	USI	NY017		1994-01-01	2100-12-31	Captree	New York			0	0	1		291
R	USI	NY018		1994-01-01	2100-12-31	Jones Beach	New York			0	0	1		291
R	USI	NY019		1994-01-01	2100-12-31	Jones	New York			0	0	1		291
R	USI	NY020		1994-01-01	2100-12-31	Meadow	New York			0	0	1		291
R	USI	NY021		1994-01-01	2100-12-31	Long Beach	New York			0	0	1		291
R	USI	NY022		1994-01-01	2100-12-31	Iona	New York			0	0	1		291
R	USI	NY023		1994-01-01	2100-12-31	Fairy	New York			0	0	1		291
R	USI	NY024		1994-01-01	2100-12-31	Simmons	New York			0	0	1		291
R	USI	NY025		1994-01-01	2100-12-31	Starbuck	New York			0	0	1		291
R	USI	NY026		1994-01-01	2100-12-31	Van Schaick	New York			0	0	1		291
R	USI	NY027		1994-01-01	2100-12-31	Peebles	New York			0	0	1		291
R	USI	NY028		1994-01-01	2100-12-31	Goat	New York			0	0	1		291
R	USI	NY029		1994-01-01	2100-12-31	Roosevelt	New York			0	0	1		291
R	USI	NY030		1994-01-01	2100-12-31	Tonawanda	New York			0	0	1		291
R	USI	NY031		1994-01-01	2100-12-31	Cayuga	New York			0	0	1		291
R	USI	NY032		1994-01-01	2100-12-31	Unity	New York			0	0	1		291
R	USI	NY033		1994-01-01	2100-12-31	Harbor Isle	New York			0	0	1		291
R	USI	NY034		1994-01-01	2100-12-31	Fork	New York			0	0	1		291
R	USI	NY035		1994-01-01	2100-12-31	Ellicott aka Three Mile	New York			0	0	1		291
R	USI	NY037		1994-01-01	2100-12-31	South	New York			0	0	1		291
R	USI	NY038		1994-01-01	2100-12-31	Columbia	New York			0	0	1		291
R	USI	NY041		1994-01-01	2100-12-31	Schuyler	New York			0	0	1		291
R	USI	NY042		1994-01-01	2100-12-31	Valcour	New York			0	0	1		291
R	USI	NY043		1994-01-01	2100-12-31	Rogers	New York			0	0	1		291
R	USI	NY044		1994-01-01	2100-12-31	North	New York			0	0	1		291
R	USI	NY045		1994-01-01	2100-12-31	Beaver	New York			0	0	1		291
R	USI	NY046		1994-01-01	2100-12-31	Skenoh	New York			0	0	1		291
R	USI	NY047		1994-01-01	2100-12-31	Pollepel	New York			0	0	1		291
R	USI	NY048		1994-01-01	2100-12-31	Strawberry	New York			0	0	1		291
R	USI	NY049		1994-01-01	2100-12-31	Motor Island Pirate Island	New York			0	0	1		291
R	USI	NY050		1994-01-01	2100-12-31	Grass	New York			0	0	1		291
R	USI	NY051		1994-01-01	2100-12-31	Green	New York			0	0	1		291
R	USI	NY052		1994-01-01	2100-12-31	Luna	New York			0	0	1		291
R	USI	NY053		1994-01-01	2100-12-31	Asenath	New York			0	0	1		291
R	USI	NY054		1994-01-01	2100-12-31	Angeline	New York			0	0	1		291
R	USI	NY055		1994-01-01	2100-12-31	Hiawatha	New York			0	0	1		291
R	USI	NY056		1994-01-01	2100-12-31	Klein	New York			0	0	1		291
R	USI	NY057		1994-01-01	2100-12-31	Grenadier	New York			0	0	1		291
R	USI	NY058		1994-01-01	2100-12-31	Sand	New York			0	0	1		291
R	USI	NY059		1994-01-01	2100-12-31	Scout	New York			0	0	1		291
R	USI	NY060		1994-01-01	2100-12-31	Eagle	New York			0	0	1		291
R	USI	NY061		1994-01-01	2100-12-31	LeRoy	New York			0	0	1		291
R	USI	NY062		1994-01-01	2100-12-31	Newark	New York			0	0	1		291
R	USI	NY063		1994-01-01	2100-12-31	Murray Isle	New York			0	0	1		291
R	USI	NY064		1994-01-01	2100-12-31	Deauville	New York			0	0	1		291
R	USI	NY065		1994-01-01	2100-12-31	Frontenac	New York			0	0	1		291
R	USI	NY066		1994-01-01	2100-12-31	Howland	New York			0	0	1		291
R	USI	NY067		1994-01-01	2100-12-31	Casino	New York			0	0	1		291
R	USI	NY068		1994-01-01	2100-12-31	Esopus	New York			0	0	1		291
R	USI	NY069		1994-01-01	2100-12-31	Lock E29	New York			0	0	1		291
R	USI	NY070		1994-01-01	2100-12-31	Spy	New York			0	0	1		291
R	USI	NY071		1994-01-01	2100-12-31	Rock	New York			0	0	1		291
R	USI	NY072		1994-01-01	2100-12-31	Flat Hammock	New York			0	0	1		291
R	USI	NY073		1994-01-01	2100-12-31	Constitution	New York			0	0	1		291
R	USI	NY074		1994-01-01	2100-12-31	North Haven	New York			0	0	1		291
R	USI	NY075		1994-01-01	2100-12-31	Smith Point	New York			0	0	1		291
R	USI	NY076		1994-01-01	2100-12-31	The	New York			0	0	1		291
R	USI	NY077		1994-01-01	2100-12-31	Westhampton Beach/Rogers Beach	New York			0	0	1		291
R	USI	NY078		1994-01-01	2100-12-31	Green	New York			0	0	1		291
R	USI	NY079		1994-01-01	2100-12-31	Big Harrison	New York			0	0	1		291
R	USI	NY080		1994-01-01	2100-12-31	Clifford	New York			0	0	1		291
R	USI	NY081		1994-01-01	2100-12-31	Little Harrison	New York			0	0	1		291
R	USI	NY082		1994-01-01	2100-12-31	Croil	New York			0	0	1		291
R	USI	NY083		1994-01-01	2100-12-31	Grindstone	New York			0	0	1		291
R	USI	NY084		1994-01-01	2100-12-31	Glosky	New York			0	0	1		291
R	USI	NY085		1994-01-01	2100-12-31	Cedar	New York			0	0	1		291
R	USI	NY086		1994-01-01	2100-12-31	Middle Ground Flats	New York			0	0	1		291
R	USI	NY087		1994-01-01	2100-12-31	Haldeman	New York			0	0	1		291
R	USI	NY088		1994-01-01	2100-12-31	Rogers	New York			0	0	1		291
R	USI	NY089		1994-01-01	2100-12-31	Horseshoe	New York			0	0	1		291
R	USI	NY090		1994-01-01	2100-12-31	Lock 25	New York			0	0	1		291
R	USI	NY091		1994-01-01	2100-12-31	Macedon Canal Park	New York			0	0	1		291
R	USI	NY092		1994-01-01	2100-12-31	Haiti	New York			0	0	1		291
R	USI	NY093		1994-01-01	2100-12-31	Hudson Crossing	New York			0	0	1		291
R	USI	NY094		1994-01-01	2100-12-31	Moss	New York			0	0	1		291
R	USI	NY095		1994-01-01	2100-12-31	Rulers Bar Hassock/Broad Channel Channel	New York			0	0	1		291
R	USI	NY096		1994-01-01	2100-12-31	Crab	New York			0	0	1		291
R	USI	NY097		1994-01-01	2100-12-31	Galop shoemaker	New York			0	0	1		291
R	USI	NY098		1994-01-01	2100-12-31	Big	New York			0	0	1		291
R	USI	NY099		1994-01-01	2100-12-31	Bradford	New York			0	0	1		291
R	USI	NY100		1994-01-01	2100-12-31	Nichols Hill	New York			0	0	1		291
R	USI	NY101		1994-01-01	2100-12-31	Mary	New York			0	0	1		291
R	USI	NY102		1994-01-01	2100-12-31	Randalls and Wards	New York			0	0	1		291
R	USI	NY103		1994-01-01	2100-12-31	Anthony	New York			0	0	1		291
R	USI	NY104		1994-01-01	2100-12-31	Meadomere Park	New York			0	0	1		291
R	USI	NY105		1994-01-01	2100-12-31	Rockaway	New York			0	0	1		291
R	USI	NY106		1994-01-01	2100-12-31	Barnum	New York			0	0	1		291
R	USI	NY107		1994-01-01	2100-12-31	Wilson Hill	New York			0	0	1		291
R	USI	NY110		1994-01-01	2100-12-31	Ogden	New York			0	0	1		291
R	USI	NY111		1994-01-01	2100-12-31	Celinda	New York			0	0	1		291
R	USI	NY112		1994-01-01	2100-12-31	Stockport Middle Ground	New York			0	0	1		291
R	USI	NY113		1994-01-01	2100-12-31	Little	New York			0	0	1		291
R	USI	NY114		1994-01-01	2100-12-31	Morgan	New York			0	0	1		291
R	USI	NY115		1994-01-01	2100-12-31	Robert Moses	New York			0	0	1		291
R	USI	NY116		1994-01-01	2100-12-31	Massena Center	New York			0	0	1		291
R	USI	OH001		1994-01-01	2100-12-31	Kelley's	Ohio			0	0	1		291
R	USI	OH002		1994-01-01	2100-12-31	Gibraltar	Ohio			0	0	1		291
R	USI	OH003		1994-01-01	2100-12-31	Rattle Snake	Ohio			0	0	1		291
R	USI	OH004		1994-01-01	2100-12-31	Middle Bass	Ohio			0	0	1		291
R	USI	OH005		1994-01-01	2100-12-31	Sugar	Ohio			0	0	1		291
R	USI	OH006		1994-01-01	2100-12-31	North Bass	Ohio			0	0	1		291
R	USI	OH007		1994-01-01	2100-12-31	South Bass	Ohio			0	0	1		291
R	USI	OH008		1994-01-01	2100-12-31	Johnson	Ohio			0	0	1		291
R	USI	OH009		1994-01-01	2100-12-31	Buell	Ohio			0	0	1		291
R	USI	OH010		1994-01-01	2100-12-31	Island Park	Ohio			0	0	1		291
R	USI	OH011		1994-01-01	2100-12-31	Fisher	Ohio			0	0	1		291
R	USI	OH012		1994-01-01	2100-12-31	Liebs	Ohio			0	0	1		291
R	USI	OH013		1994-01-01	2100-12-31	Rip Rap	Ohio			0	0	1		291
R	USI	OH014		1994-01-01	2100-12-31	Rhodes	Ohio			0	0	1		291
R	USI	OH015		1994-01-01	2100-12-31	Lodge	Ohio			0	0	1		291
R	USI	OH016		1994-01-01	2100-12-31	Catawba	Ohio			0	0	1		291
R	USI	OH017		1994-01-01	2100-12-31	Ballast	Ohio			0	0	1		291
R	USI	OH018		1994-01-01	2100-12-31	Starve	Ohio			0	0	1		291
R	USI	OH019		1994-01-01	2100-12-31	Mouse	Ohio			0	0	1		291
R	USI	OH021		1994-01-01	2100-12-31	Turkeyfoot	Ohio			0	0	1		291
R	USI	OH022		1994-01-01	2100-12-31	Lake Alma	Ohio			0	0	1		291
R	USI	OH023		1994-01-01	2100-12-31	Fox	Ohio			0	0	1		291
R	USI	OH024		1994-01-01	2100-12-31	Orchard	Ohio			0	0	1		291
R	USI	OH025		1994-01-01	2100-12-31	Wolf	Ohio			0	0	1		291
R	USI	OH026		1994-01-01	2100-12-31	Dredgers	Ohio			0	0	1		291
R	USI	OH027		1994-01-01	2100-12-31	Lake Ridge	Ohio			0	0	1		291
R	USI	OH028		1994-01-01	2100-12-31	Shawnee	Ohio			0	0	1		291
R	USI	OH029		1994-01-01	2100-12-31	Winnewauken	Ohio			0	0	1		291
R	USI	OH030		1994-01-01	2100-12-31	Tecumseh	Ohio			0	0	1		291
R	USI	OH031		1994-01-01	2100-12-31	Crane Town	Ohio			0	0	1		291
R	USI	OH032		1994-01-01	2100-12-31	Seminole	Ohio			0	0	1		291
R	USI	OH033		1994-01-01	2100-12-31	Miami	Ohio			0	0	1		291
R	USI	OH034		1994-01-01	2100-12-31	Eastwood Park #1	Ohio			0	0	1		291
R	USI	OH035		1994-01-01	2100-12-31	Eastwood Park #2	Ohio			0	0	1		291
R	USI	OH036		1994-01-01	2100-12-31	Eastwood Park #3	Ohio			0	0	1		291
R	USI	OH037		1994-01-01	2100-12-31	Eastwood Park #4	Ohio			0	0	1		291
R	USI	OH038		1994-01-01	2100-12-31	Turtle	Ohio			0	0	1		291
R	USI	OH039		1994-01-01	2100-12-31	Indian/Country Club	Ohio			0	0	1		291
R	USI	OH040		1994-01-01	2100-12-31	North Twin	Ohio			0	0	1		291
R	USI	OH041		1994-01-01	2100-12-31	South Twin	Ohio			0	0	1		291
R	USI	OH042		1994-01-01	2100-12-31	Big	Ohio			0	0	1		291
R	USI	OH043		1994-01-01	2100-12-31	Little	Ohio			0	0	1		291
R	USI	OH044		1994-01-01	2100-12-31	Delaware	Ohio			0	0	1		291
R	USI	OH045		1994-01-01	2100-12-31	Horseshoe	Ohio			0	0	1		291
R	USI	OH046		1994-01-01	2100-12-31	Bar Harbor	Ohio			0	0	1		291
R	USI	OH047		1994-01-01	2100-12-31	Cedar Point	Ohio			0	0	1		291
R	USI	OH048		1994-01-01	2100-12-31	Tappan Lake	Ohio			0	0	1		291
R	USI	OH049		1994-01-01	2100-12-31	Mound	Ohio			0	0	1		291
R	USI	OH050		1994-01-01	2100-12-31	Briar	Ohio			0	0	1		291
R	USI	OH051		1994-01-01	2100-12-31	Pine	Ohio			0	0	1		291
R	USI	OH052		1994-01-01	2100-12-31	Snake	Ohio			0	0	1		291
R	USI	OH053		1994-01-01	2100-12-31	Blue Jacket	Ohio			0	0	1		291
R	USI	OH054		1994-01-01	2100-12-31	Tecumseh	Ohio			0	0	1		291
R	USI	OH055		1994-01-01	2100-12-31	Cherish	Ohio			0	0	1		291
R	USI	OH056		1994-01-01	2100-12-31	Briarwood	Ohio			0	0	1		291
R	USI	OH057		1994-01-01	2100-12-31	Eagle	Ohio			0	0	1		291
R	USI	OH058		1994-01-01	2100-12-31	Little Eagle	Ohio			0	0	1		291
R	USI	OH059		1994-01-01	2100-12-31	McConnells	Ohio			0	0	1		291
R	USI	OH060		1994-01-01	2100-12-31	Eagle Point	Ohio			0	0	1		291
R	USI	OH061		1994-01-01	2100-12-31	Mud	Ohio			0	0	1		291
R	USI	OH062		1994-01-01	2100-12-31	North Eagle	Ohio			0	0	1		291
R	USI	OH063		1994-01-01	2100-12-31	North Eagle Point	Ohio			0	0	1		291
R	USI	OH064		1994-01-01	2100-12-31	North Little Eagle	Ohio			0	0	1		291
R	USI	OH065		1994-01-01	2100-12-31	Sailing Club	Ohio			0	0	1		291
R	USI	OH066		1994-01-01	2100-12-31	West Eagle Point	Ohio			0	0	1		291
R	USI	OH067		1994-01-01	2100-12-31	Austin	Ohio			0	0	1		291
R	USI	OH068		1994-01-01	2100-12-31	Girty	Ohio			0	0	1		291
R	USI	OH069		1994-01-01	2100-12-31	Blackberry East	Ohio			0	0	1		291
R	USI	OH070		1994-01-01	2100-12-31	Blackberry West	Ohio			0	0	1		291
R	USI	OH071		1994-01-01	2100-12-31	Crawford	Ohio			0	0	1		291
R	USI	OH072		1994-01-01	2100-12-31	Earls	Ohio			0	0	1		291
R	USI	OH073		1994-01-01	2100-12-31	Little Crawford	Ohio			0	0	1		291
R	USI	OH074		1994-01-01	2100-12-31	Luthman Boat Ramp	Ohio			0	0	1		291
R	USI	OH075		1994-01-01	2100-12-31	Take a Minute	Ohio			0	0	1		291
R	USI	OH076		1994-01-01	2100-12-31	Walker's	Ohio			0	0	1		291
R	USI	OH077		1994-01-01	2100-12-31	Old Field	Ohio			0	0	1		291
R	USI	OH078		1994-01-01	2100-12-31	Pew	Ohio			0	0	1		291
R	USI	OH079		1994-01-01	2100-12-31	Toussaint	Ohio			0	0	1		291
R	USI	OI001		1994-01-01	2100-12-31	Baker	US Minor Outlying Islands			0	0	1		20
R	USI	OI002		1994-01-01	2100-12-31	Desecheo	US Minor Outlying Islands			0	0	1		43
R	USI	OI003		1994-01-01	2100-12-31	Eastern Midway	US Minor Outlying Islands			0	0	1		174
R	USI	OI004		1994-01-01	2100-12-31	Howland	US Minor Outlying Islands			0	0	1		20
R	USI	OI005		1994-01-01	2100-12-31	Jarvis	US Minor Outlying Islands			0	0	1		6,9,20,43,103,110,123,166,174,182,197,202,285,291,297
R	USI	OI006		1994-01-01	2100-12-31	Johnston Atoll	US Minor Outlying Islands			0	0	1		123
R	USI	OI007		1994-01-01	2100-12-31	Kingman Reef	US Minor Outlying Islands			0	0	1		6,9,20,43,103,110,123,166,174,182,197,202,285,291,297
R	USI	OI009		1994-01-01	2100-12-31	Navassa	US Minor Outlying Islands			0	0	1		182
R	USI	OI010		1994-01-01	2100-12-31	Palmyra Atoll	US Minor Outlying Islands			0	0	1		197
R	USI	OI011		1994-01-01	2100-12-31	Sand Midway	US Minor Outlying Islands			0	0	1		174
R	USI	OI012		1994-01-01	2100-12-31	Wake Atoll	US Minor Outlying Islands			0	0	1		297
R	USI	OI013		1994-01-01	2100-12-31	Sand Johnston Atoll	US Minor Outlying Islands			0	0	1		123
R	USI	OK001		1994-01-01	2100-12-31	Ski Island	Oklahoma			0	0	1		291
R	USI	OK002		1994-01-01	2100-12-31	Shuler Bend	Oklahoma			0	0	1		291
R	USI	OK003		1994-01-01	2100-12-31	Rogers Point	Oklahoma			0	0	1		291
R	USI	OK004		1994-01-01	2100-12-31	Monkey	Oklahoma			0	0	1		291
R	USI	OK005		1994-01-01	2100-12-31	Patricia	Oklahoma			0	0	1		291
R	USI	OK006		1994-01-01	2100-12-31	Treasure	Oklahoma			0	0	1		291
R	USI	OK007		1994-01-01	2100-12-31	North	Oklahoma			0	0	1		291
R	USI	OK008		1994-01-01	2100-12-31	Little	Oklahoma			0	0	1		291
R	USI	OK009		1994-01-01	2100-12-31	West	Oklahoma			0	0	1		291
R	USI	OK010		1994-01-01	2100-12-31	Wood	Oklahoma			0	0	1		291
R	USI	OK011		1994-01-01	2100-12-31	Hog	Oklahoma			0	0	1		291
R	USI	OK012		1994-01-01	2100-12-31	Rock Tower	Oklahoma			0	0	1		291
R	USI	OK013		1994-01-01	2100-12-31	Murray	Oklahoma			0	0	1		291
R	USI	OK014		1994-01-01	2100-12-31	Canal	Oklahoma			0	0	1		291
R	USI	OK015		1994-01-01	2100-12-31	Field Trial	Oklahoma			0	0	1		291
R	USI	OK016		1994-01-01	2100-12-31	North	Oklahoma			0	0	1		291
R	USI	OK017		1994-01-01	2100-12-31	Intake	Oklahoma			0	0	1		291
R	USI	OK018		1994-01-01	2100-12-31	Chisholm	Oklahoma			0	0	1		291
R	USI	OK019		1994-01-01	2100-12-31	Turtle	Oklahoma			0	0	1		291
R	USI	OK020		1994-01-01	2100-12-31	Beaver	Oklahoma			0	0	1		291
R	USI	OK021		1994-01-01	2100-12-31	Armadillo	Oklahoma			0	0	1		291
R	USI	OK022		1994-01-01	2100-12-31	Snake	Oklahoma			0	0	1		291
R	USI	OK023		1994-01-01	2100-12-31	Rabbit	Oklahoma			0	0	1		291
R	USI	OK024		1994-01-01	2100-12-31	Boot Hill	Oklahoma			0	0	1		291
R	USI	OK025		1994-01-01	2100-12-31	Osage	Oklahoma			0	0	1		291
R	USI	OK026		1994-01-01	2100-12-31	South	Oklahoma			0	0	1		291
R	USI	OK027		1994-01-01	2100-12-31	Duck	Oklahoma			0	0	1		291
R	USI	OK028		1994-01-01	2100-12-31	Quarry	Oklahoma			0	0	1		291
R	USI	OK029		1994-01-01	2100-12-31	Eastside Overholser	Oklahoma			0	0	1		291
R	USI	OK030		1994-01-01	2100-12-31	Treasure	Oklahoma			0	0	1		291
R	USI	OK031		1994-01-01	2100-12-31	Wolfpack	Oklahoma			0	0	1		291
R	USI	OK032		1994-01-01	2100-12-31	Carrizo	Oklahoma			0	0	1		291
R	USI	OR001		1994-01-01	2100-12-31	Tower Rock	Oregon			0	0	1		291
R	USI	OR002		1994-01-01	2100-12-31	Gull Rock	Oregon			0	0	1		291
R	USI	OR003		1994-01-01	2100-12-31	Pyramid Rock	Oregon			0	0	1		291
R	USI	OR004		1994-01-01	2100-12-31	Fox Rock	Oregon			0	0	1		291
R	USI	OR005		1994-01-01	2100-12-31	Island Rock	Oregon			0	0	1		291
R	USI	OR006		1994-01-01	2100-12-31	Hunters	Oregon			0	0	1		291
R	USI	OR007		1994-01-01	2100-12-31	Whalehead	Oregon			0	0	1		291
R	USI	OR008		1994-01-01	2100-12-31	Goat	Oregon			0	0	1		291
R	USI	OR009		1994-01-01	2100-12-31	Sand	Oregon			0	0	1		291
R	USI	OR010		1994-01-01	2100-12-31	Table Rock	Oregon			0	0	1		291
R	USI	OR011		1994-01-01	2100-12-31	Three Arch Rocks	Oregon			0	0	1		291
R	USI	OR012		1994-01-01	2100-12-31	Haystack Rock	Oregon			0	0	1		291
R	USI	OR013		1994-01-01	2100-12-31	Government	Oregon			0	0	1		291
R	USI	OR014		1994-01-01	2100-12-31	Hayden	Oregon			0	0	1		291
R	USI	OR015		1994-01-01	2100-12-31	Buck	Oregon			0	0	1		291
R	USI	OR016		1994-01-01	2100-12-31	Bare	Oregon			0	0	1		291
R	USI	OR017		1994-01-01	2100-12-31	Wizard	Oregon			0	0	1		291
R	USI	OR019		1994-01-01	2100-12-31	Valino	Oregon			0	0	1		291
R	USI	OR020		1994-01-01	2100-12-31	Steamboat	Oregon			0	0	1		291
R	USI	OR021		1994-01-01	2100-12-31	Cox	Oregon			0	0	1		291
R	USI	OR022		1994-01-01	2100-12-31	Gibson	Oregon			0	0	1		291
R	USI	OR023		1994-01-01	2100-12-31	Memaloose	Oregon			0	0	1		291
R	USI	OR024		1994-01-01	2100-12-31	Wells	Oregon			0	0	1		291
R	USI	OR025		1994-01-01	2100-12-31	Eighteenmile	Oregon			0	0	1		291
R	USI	OR026		1994-01-01	2100-12-31	Mott	Oregon			0	0	1		291
R	USI	OR027		1994-01-01	2100-12-31	Lois	Oregon			0	0	1		291
R	USI	OR028		1994-01-01	2100-12-31	McGregor	Oregon			0	0	1		291
R	USI	OR029		1994-01-01	2100-12-31	Green	Oregon			0	0	1		291
R	USI	OR030		1994-01-01	2100-12-31	Seal	Oregon			0	0	1		291
R	USI	OR031		1994-01-01	2100-12-31	Russian	Oregon			0	0	1		291
R	USI	OR032		1994-01-01	2100-12-31	Karlson	Oregon			0	0	1		291
R	USI	OR033		1994-01-01	2100-12-31	Marsh	Oregon			0	0	1		291
R	USI	OR034		1994-01-01	2100-12-31	Horseshoe	Oregon			0	0	1		291
R	USI	OR035		1994-01-01	2100-12-31	Grassy	Oregon			0	0	1		291
R	USI	OR036		1994-01-01	2100-12-31	Quinns	Oregon			0	0	1		291
R	USI	OR037		1994-01-01	2100-12-31	Tenasillahe	Oregon			0	0	1		291
R	USI	OR038		1994-01-01	2100-12-31	Goose	Oregon			0	0	1		291
R	USI	OR039		1994-01-01	2100-12-31	Tronson	Oregon			0	0	1		291
R	USI	OR040		1994-01-01	2100-12-31	Woody	Oregon			0	0	1		291
R	USI	OR041		1994-01-01	2100-12-31	Sandy	Oregon			0	0	1		291
R	USI	OR042		1994-01-01	2100-12-31	Jim Crow Sands	Oregon			0	0	1		291
R	USI	OR043		1994-01-01	2100-12-31	Miller Sands	Oregon			0	0	1		291
R	USI	OR044		1994-01-01	2100-12-31	Snag	Oregon			0	0	1		291
R	USI	OR045		1994-01-01	2100-12-31	Fitzpatrick	Oregon			0	0	1		291
R	USI	OR046		1994-01-01	2100-12-31	Welch	Oregon			0	0	1		291
R	USI	OR047		1994-01-01	2100-12-31	Wallace	Oregon			0	0	1		291
R	USI	OR048		1994-01-01	2100-12-31	Crims	Oregon			0	0	1		291
R	USI	OR049		1994-01-01	2100-12-31	Walker	Oregon			0	0	1		291
R	USI	OR050		1994-01-01	2100-12-31	Lord	Oregon			0	0	1		291
R	USI	OR051		1994-01-01	2100-12-31	Svensen	Oregon			0	0	1		291
R	USI	OR052		1994-01-01	2100-12-31	Long	Oregon			0	0	1		291
R	USI	OR053		1994-01-01	2100-12-31	Sweigert	Oregon			0	0	1		291
R	USI	OR054		1994-01-01	2100-12-31	Bradford	Oregon			0	0	1		291
R	USI	OR055		1994-01-01	2100-12-31	Robins	Oregon			0	0	1		291
R	USI	OR056		1994-01-01	2100-12-31	Tower	Oregon			0	0	1		291
R	USI	OR057		1994-01-01	2100-12-31	Sauvie	Oregon			0	0	1		291
R	USI	OR058		1994-01-01	2100-12-31	Long Walk	Oregon			0	0	1		291
R	USI	OR059		1994-01-01	2100-12-31	Tillamook Rock	Oregon			0	0	1		291
R	USI	OR060		1994-01-01	2100-12-31	Tomahawk	Oregon			0	0	1		291
R	USI	OR061		1994-01-01	2100-12-31	Goat Clackamette	Oregon			0	0	1		291
R	USI	OR062		1994-01-01	2100-12-31	Rock	Oregon			0	0	1		291
R	USI	OR063		1994-01-01	2100-12-31	Willow	Oregon			0	0	1		291
R	USI	OR064		1994-01-01	2100-12-31	Ross	Oregon			0	0	1		291
R	USI	OR065		1994-01-01	2100-12-31	Oak	Oregon			0	0	1		291
R	USI	OR066		1994-01-01	2100-12-31	Hog	Oregon			0	0	1		291
R	USI	OR067		1994-01-01	2100-12-31	Marshall	Oregon			0	0	1		291
R	USI	OR068		1994-01-01	2100-12-31	Whitcomb	Oregon			0	0	1		291
R	USI	OR069		1994-01-01	2100-12-31	Chiefs Lighthouse	Oregon			0	0	1		291
R	USI	OR070		1994-01-01	2100-12-31	Harvest Lane	Oregon			0	0	1		291
R	USI	OR071		1994-01-01	2100-12-31	Thunder	Oregon			0	0	1		291
R	USI	OR072		1994-01-01	2100-12-31	Cedar	Oregon			0	0	1		291
R	USI	OR073		1994-01-01	2100-12-31	Willamette International	Oregon			0	0	1		291
R	USI	OR074		1994-01-01	2100-12-31	Bolon	Oregon			0	0	1		291
R	USI	PA001		1994-01-01	2100-12-31	Packers	Pennsylvania			0	0	1		291
R	USI	PA002		1994-01-01	2100-12-31	City	Pennsylvania			0	0	1		291
R	USI	PA003		1994-01-01	2100-12-31	Pee Wee	Pennsylvania			0	0	1		291
R	USI	PA004		1994-01-01	2100-12-31	Milton St. Park	Pennsylvania			0	0	1		291
R	USI	PA005		1994-01-01	2100-12-31	Great	Pennsylvania			0	0	1		291
R	USI	PA006		1994-01-01	2100-12-31	Long	Pennsylvania			0	0	1		291
R	USI	PA007		1994-01-01	2100-12-31	Mattawana Cabins	Pennsylvania			0	0	1		291
R	USI	PA008		1994-01-01	2100-12-31	Hess	Pennsylvania			0	0	1		291
R	USI	PA009		1994-01-01	2100-12-31	Stucker	Pennsylvania			0	0	1		291
R	USI	PA010		1994-01-01	2100-12-31	Zimmerman	Pennsylvania			0	0	1		291
R	USI	PA011		1994-01-01	2100-12-31	Hoak	Pennsylvania			0	0	1		291
R	USI	PA012		1994-01-01	2100-12-31	Calver	Pennsylvania			0	0	1		291
R	USI	PA014		1994-01-01	2100-12-31	Redbuds	Pennsylvania			0	0	1		291
R	USI	PA015		1994-01-01	2100-12-31	Duncan	Pennsylvania			0	0	1		291
R	USI	PA016		1994-01-01	2100-12-31	Shawnee Lake	Pennsylvania			0	0	1		291
R	USI	PA017		1994-01-01	2100-12-31	Brunner	Pennsylvania			0	0	1		291
R	USI	PA018		1994-01-01	2100-12-31	Neville	Pennsylvania			0	0	1		291
R	USI	PA019		1994-01-01	2100-12-31	Threemile	Pennsylvania			0	0	1		291
R	USI	PA020		1994-01-01	2100-12-31	Scovell	Pennsylvania			0	0	1		291
R	USI	PA021		1994-01-01	2100-12-31	Millers	Pennsylvania			0	0	1		291
R	USI	PA022		1994-01-01	2100-12-31	Herrs	Pennsylvania			0	0	1		291
R	USI	PA023		1994-01-01	2100-12-31	Susquehanna River #56A	Pennsylvania			0	0	1		291
R	USI	PA024		1994-01-01	2100-12-31	Susquehanna River #55B	Pennsylvania			0	0	1		291
R	USI	PA025		1994-01-01	2100-12-31	Susquehanna River #55C	Pennsylvania			0	0	1		291
R	USI	PA026		1994-01-01	2100-12-31	Susquehanna River #55A	Pennsylvania			0	0	1		291
R	USI	PA027		1994-01-01	2100-12-31	Susquehanna River #55	Pennsylvania			0	0	1		291
R	USI	PA028		1994-01-01	2100-12-31	Little Scovell	Pennsylvania			0	0	1		291
R	USI	PA029		1994-01-01	2100-12-31	Wintermoot	Pennsylvania			0	0	1		291
R	USI	PA030		1994-01-01	2100-12-31	Gayble	Pennsylvania			0	0	1		291
R	USI	PA031		1994-01-01	2100-12-31	Goode	Pennsylvania			0	0	1		291
R	USI	PA032		1994-01-01	2100-12-31	Susquehanna River #51A	Pennsylvania			0	0	1		291
R	USI	PA033		1994-01-01	2100-12-31	Monocanock	Pennsylvania			0	0	1		291
R	USI	PA034		1994-01-01	2100-12-31	Susquehanna River #51B	Pennsylvania			0	0	1		291
R	USI	PA035		1994-01-01	2100-12-31	Culver	Pennsylvania			0	0	1		291
R	USI	PA036		1994-01-01	2100-12-31	Susquehanna River #50A	Pennsylvania			0	0	1		291
R	USI	PA037		1994-01-01	2100-12-31	Richard	Pennsylvania			0	0	1		291
R	USI	PA038		1994-01-01	2100-12-31	14-Mile	Pennsylvania			0	0	1		291
R	USI	PA039		1994-01-01	2100-12-31	Ford	Pennsylvania			0	0	1		291
R	USI	PA040		1994-01-01	2100-12-31	Kipp	Pennsylvania			0	0	1		291
R	USI	PA041		1994-01-01	2100-12-31	Burns	Pennsylvania			0	0	1		291
R	USI	PA042		1994-01-01	2100-12-31	Cairns	Pennsylvania			0	0	1		291
R	USI	PA043		1994-01-01	2100-12-31	Epply	Pennsylvania			0	0	1		291
R	USI	PA044		1994-01-01	2100-12-31	Long	Pennsylvania			0	0	1		291
R	USI	PA045		1994-01-01	2100-12-31	Little Tinicum	Pennsylvania			0	0	1		291
R	USI	PA046		1994-01-01	2100-12-31	Catfish	Pennsylvania			0	0	1		291
R	USI	PA047		1994-01-01	2100-12-31	Round	Pennsylvania			0	0	1		291
R	USI	PA048		1994-01-01	2100-12-31	Marshall	Pennsylvania			0	0	1		291
R	USI	PA049		1994-01-01	2100-12-31	Nicholson	Pennsylvania			0	0	1		291
R	USI	PA050		1994-01-01	2100-12-31	State Game Lands 324 324	Pennsylvania			0	0	1		291
R	USI	PA051		1994-01-01	2100-12-31	Haldeman	Pennsylvania			0	0	1		291
R	USI	PA052		1994-01-01	2100-12-31	Clark	Pennsylvania			0	0	1		291
R	USI	PA053		1994-01-01	2100-12-31	Harris	Pennsylvania			0	0	1		291
R	USI	PA054		1994-01-01	2100-12-31	Whaley	Pennsylvania			0	0	1		291
R	USI	PA055		1994-01-01	2100-12-31	Glenn	Pennsylvania			0	0	1		291
R	USI	PA056		1994-01-01	2100-12-31	Tuttle	Pennsylvania			0	0	1		291
R	USI	PR001		1994-01-01	2100-12-31	Caja de Muertos aka Coffin aka Coffin	Puerto Rico			0	0	1		202
R	USI	PR002		1994-01-01	2100-12-31	Culebra	Puerto Rico			0	0	1		202
R	USI	PR003		1994-01-01	2100-12-31	Culebrita	Puerto Rico			0	0	1		202
R	USI	PR004		1994-01-01	2100-12-31	Mona	Puerto Rico			0	0	1		202
R	USI	PR005		1994-01-01	2100-12-31	Monito	Puerto Rico			0	0	1		202
R	USI	PR006		1994-01-01	2100-12-31	Puerto Rico	Puerto Rico			0	0	1		202
R	USI	PR007		1994-01-01	2100-12-31	Vieques	Puerto Rico			0	0	1		202
R	USI	PR008		1994-01-01	2100-12-31	Cayo Icacos	Puerto Rico			0	0	1		202
R	USI	PR009		1994-01-01	2100-12-31	Isla Palominos	Puerto Rico			0	0	1		202
R	USI	PR010		1994-01-01	2100-12-31	Isla Palominitos	Puerto Rico			0	0	1		202
R	USI	PR012		1994-01-01	2100-12-31	Isla de Cabras	Puerto Rico			0	0	1		202
R	USI	PR013		1994-01-01	2100-12-31	San Juan Antiguo	Puerto Rico			0	0	1		202
R	USI	PR014		1994-01-01	2100-12-31	Cabeza de Perro	Puerto Rico			0	0	1		202
R	USI	PR015		1994-01-01	2100-12-31	Cayo Algodones	Puerto Rico			0	0	1		202
R	USI	PR016		1994-01-01	2100-12-31	Cayo Berberia	Puerto Rico			0	0	1		202
R	USI	PR017		1994-01-01	2100-12-31	Cayo Caribe	Puerto Rico			0	0	1		202
R	USI	PR018		1994-01-01	2100-12-31	Cayo Diablo	Puerto Rico			0	0	1		202
R	USI	PR019		1994-01-01	2100-12-31	Cayo Lobos	Puerto Rico			0	0	1		202
R	USI	PR020		1994-01-01	2100-12-31	Cayo Luis Pena	Puerto Rico			0	0	1		202
R	USI	PR021		1994-01-01	2100-12-31	Cayo Maria Langa	Puerto Rico			0	0	1		202
R	USI	PR022		1994-01-01	2100-12-31	Cayo Norte	Puerto Rico			0	0	1		202
R	USI	PR023		1994-01-01	2100-12-31	Cayo Palomas	Puerto Rico			0	0	1		202
R	USI	PR024		1994-01-01	2100-12-31	Cayo Parquera	Puerto Rico			0	0	1		202
R	USI	PR025		1994-01-01	2100-12-31	Cayo Don	Puerto Rico			0	0	1		202
R	USI	PR026		1994-01-01	2100-12-31	Isla Morrillito	Puerto Rico			0	0	1		202
R	USI	PR027		1994-01-01	2100-12-31	Cayo Ratones	Puerto Rico			0	0	1		202
R	USI	PR028		1994-01-01	2100-12-31	Cayo Ratones	Puerto Rico			0	0	1		202
R	USI	PR029		1994-01-01	2100-12-31	Cayo Santiago	Puerto Rico			0	0	1		202
R	USI	PR030		1994-01-01	2100-12-31	Gilligan's	Puerto Rico			0	0	1		202
R	USI	PR031		1994-01-01	2100-12-31	Isla Cabras	Puerto Rico			0	0	1		202
R	USI	PR032		1994-01-01	2100-12-31	Isla Cardona	Puerto Rico			0	0	1		202
R	USI	PR033		1994-01-01	2100-12-31	Isla Cerro Gordo	Puerto Rico			0	0	1		202
R	USI	PR035		1994-01-01	2100-12-31	Isla Cueva	Puerto Rico			0	0	1		202
R	USI	PR036		1994-01-01	2100-12-31	Isla de las Palomas	Puerto Rico			0	0	1		202
R	USI	PR037		1994-01-01	2100-12-31	Isla de Ramos	Puerto Rico			0	0	1		202
R	USI	PR038		1994-01-01	2100-12-31	Isla de Ratones	Puerto Rico			0	0	1		202
R	USI	PR039		1994-01-01	2100-12-31	Isla Guayacan	Puerto Rico			0	0	1		202
R	USI	PR040		1994-01-01	2100-12-31	Isla Magueyes	Puerto Rico			0	0	1		202
R	USI	PR041		1994-01-01	2100-12-31	Isla Matei	Puerto Rico			0	0	1		202
R	USI	PR042		1994-01-01	2100-12-31	Isla Pineros	Puerto Rico			0	0	1		202
R	USI	PR043		1994-01-01	2100-12-31	Isla Puerca	Puerto Rico			0	0	1		202
R	USI	PR044		1994-01-01	2100-12-31	Isla Yallis	Puerto Rico			0	0	1		202
R	USI	PR045		1994-01-01	2100-12-31	Islote Juan Perez	Puerto Rico			0	0	1		202
R	USI	PR046		1994-01-01	2100-12-31	Desecheo	Puerto Rico			0	0	1		202
R	USI	PR047		1994-01-01	2100-12-31	Cayo Afuera/Cayo Real	Puerto Rico			0	0	1		202
R	USI	PR048		1994-01-01	2100-12-31	Cayo de Tierra	Puerto Rico			0	0	1		202
R	USI	PR049		1994-01-01	2100-12-31	Isleta Marina	Puerto Rico			0	0	1		202
R	USI	PR050		1994-01-01	2100-12-31	Cayo Blanco	Puerto Rico			0	0	1		202
R	USI	PR051		1994-01-01	2100-12-31	Roca Alcatraz	Puerto Rico			0	0	1		202
R	USI	PR052		1994-01-01	2100-12-31	Cayo Conejos	Puerto Rico			0	0	1		202
R	USI	PR053		1994-01-01	2100-12-31	Alcarraza	Puerto Rico			0	0	1		202
R	USI	PR054		1994-01-01	2100-12-31	Cayo Ballena	Puerto Rico			0	0	1		202
R	USI	PR055		1994-01-01	2100-12-31	Cayo Botella	Puerto Rico			0	0	1		202
R	USI	PR056		1994-01-01	2100-12-31	Cayo del Agua	Puerto Rico			0	0	1		202
R	USI	PR057		1994-01-01	2100-12-31	Cayo El Mono	Puerto Rico			0	0	1		202
R	USI	PR058		1994-01-01	2100-12-31	Cayo Lobito	Puerto Rico			0	0	1		202
R	USI	PR059		1994-01-01	2100-12-31	Cayo Lobo	Puerto Rico			0	0	1		202
R	USI	PR060		1994-01-01	2100-12-31	Cayo Matojo	Puerto Rico			0	0	1		202
R	USI	PR061		1994-01-01	2100-12-31	Cayo Pirata	Puerto Rico			0	0	1		202
R	USI	PR062		1994-01-01	2100-12-31	Cayo Raton	Puerto Rico			0	0	1		202
R	USI	PR063		1994-01-01	2100-12-31	Cayo Sombrerito	Puerto Rico			0	0	1		202
R	USI	PR064		1994-01-01	2100-12-31	Cayo Tiburun	Puerto Rico			0	0	1		202
R	USI	PR065		1994-01-01	2100-12-31	Cayo Verde	Puerto Rico			0	0	1		202
R	USI	PR066		1994-01-01	2100-12-31	Cayo Yerba	Puerto Rico			0	0	1		202
R	USI	PR067		1994-01-01	2100-12-31	Cayos Genique	Puerto Rico			0	0	1		202
R	USI	PR068		1994-01-01	2100-12-31	El Ancon	Puerto Rico			0	0	1		202
R	USI	PR069		1994-01-01	2100-12-31	Los Gemelos	Puerto Rico			0	0	1		202
R	USI	PR070		1994-01-01	2100-12-31	Pelo	Puerto Rico			0	0	1		202
R	USI	PR071		1994-01-01	2100-12-31	Pelaota	Puerto Rico			0	0	1		202
R	USI	PR072		1994-01-01	2100-12-31	Piedra Steven	Puerto Rico			0	0	1		202
R	USI	PR073		1994-01-01	2100-12-31	Isla Balaju	Puerto Rico			0	0	1		202
R	USI	PR074		1994-01-01	2100-12-31	Cayo Cabuzaso	Puerto Rico			0	0	1		202
R	USI	PR075		1994-01-01	2100-12-31	Cayo Las Matas	Puerto Rico			0	0	1		202
R	USI	PR076		1994-01-01	2100-12-31	Cayo Alfenique	Puerto Rico			0	0	1		202
R	USI	PR077		1994-01-01	2100-12-31	Cayos de Caracoles	Puerto Rico			0	0	1		202
R	USI	PR078		1994-01-01	2100-12-31	La Blanquilla	Puerto Rico			0	0	1		202
R	USI	PR079		1994-01-01	2100-12-31	Cayo Batata	Puerto Rico			0	0	1		202
R	USI	PR080		1994-01-01	2100-12-31	Cayo Cabritas	Puerto Rico			0	0	1		202
R	USI	PR081		1994-01-01	2100-12-31	Cayo Chiva	Puerto Rico			0	0	1		202
R	USI	PR082		1994-01-01	2100-12-31	Cayo Mata La Gata	Puerto Rico			0	0	1		202
R	USI	PR083		1994-01-01	2100-12-31	Cayo Matias	Puerto Rico			0	0	1		202
R	USI	PR084		1994-01-01	2100-12-31	Cayo Morillo	Puerto Rico			0	0	1		202
R	USI	PR085		1994-01-01	2100-12-31	Cayo de Ratones	Puerto Rico			0	0	1		202
R	USI	PR086		1994-01-01	2100-12-31	Rode	Puerto Rico			0	0	1		202
R	USI	PR087		1994-01-01	2100-12-31	Cayo Pajaros	Puerto Rico			0	0	1		202
R	USI	PR088		1994-01-01	2100-12-31	Cayo Tres Palmas	Puerto Rico			0	0	1		202
R	USI	RI001		1994-01-01	2100-12-31	Block	Rhode Island			0	0	1		291
R	USI	RI002		1994-01-01	2100-12-31	Gooseberry	Rhode Island			0	0	1		291
R	USI	RI003		1994-01-01	2100-12-31	Goat	Rhode Island			0	0	1		291
R	USI	RI004		1994-01-01	2100-12-31	Rose	Rhode Island			0	0	1		291
R	USI	RI005		1994-01-01	2100-12-31	Coasters Harbor	Rhode Island			0	0	1		291
R	USI	RI006		1994-01-01	2100-12-31	Aquidneck	Rhode Island			0	0	1		291
R	USI	RI007		1994-01-01	2100-12-31	Conanicut	Rhode Island			0	0	1		291
R	USI	RI008		1994-01-01	2100-12-31	Prudence	Rhode Island			0	0	1		291
R	USI	RI010		1994-01-01	2100-12-31	Rock	Rhode Island			0	0	1		291
R	USI	RI011		1994-01-01	2100-12-31	Gould	Rhode Island			0	0	1		291
R	USI	RI012		1994-01-01	2100-12-31	Great/Potato	Rhode Island			0	0	1		291
R	USI	RI013		1994-01-01	2100-12-31	Little Comfort	Rhode Island			0	0	1		291
R	USI	RI014		1994-01-01	2100-12-31	South	Rhode Island			0	0	1		291
R	USI	RI015		1994-01-01	2100-12-31	Beach	Rhode Island			0	0	1		291
R	USI	RI016		1994-01-01	2100-12-31	Gardner	Rhode Island			0	0	1		291
R	USI	RI017		1994-01-01	2100-12-31	Dutch	Rhode Island			0	0	1		291
R	USI	RI018		1994-01-01	2100-12-31	Hope	Rhode Island			0	0	1		291
R	USI	RI019		1994-01-01	2100-12-31	Dyer	Rhode Island			0	0	1		291
R	USI	RI020		1994-01-01	2100-12-31	Despair	Rhode Island			0	0	1		291
R	USI	RI021		1994-01-01	2100-12-31	Spar	Rhode Island			0	0	1		291
R	USI	RI022		1994-01-01	2100-12-31	Cranberry	Rhode Island			0	0	1		291
R	USI	RI023		1994-01-01	2100-12-31	Hog	Rhode Island			0	0	1		291
R	USI	RI024		1994-01-01	2100-12-31	Patience	Rhode Island			0	0	1		291
R	USI	RI025		1994-01-01	2100-12-31	Fox	Rhode Island			0	0	1		291
R	USI	RI026		1994-01-01	2100-12-31	Cornelius	Rhode Island			0	0	1		291
R	USI	RI027		1994-01-01	2100-12-31	Rabbit	Rhode Island			0	0	1		291
R	USI	RI028		1994-01-01	2100-12-31	Spectacle	Rhode Island			0	0	1		291
R	USI	RI029		1994-01-01	2100-12-31	East	Rhode Island			0	0	1		291
R	USI	RI030		1994-01-01	2100-12-31	West	Rhode Island			0	0	1		291
R	USI	RI031		1994-01-01	2100-12-31	Little Gould	Rhode Island			0	0	1		291
R	USI	RI032		1994-01-01	2100-12-31	Hen	Rhode Island			0	0	1		291
R	USI	RI033		1994-01-01	2100-12-31	Clingstone	Rhode Island			0	0	1		291
R	USI	RI034		1994-01-01	2100-12-31	Gingerbread	Rhode Island			0	0	1		291
R	USI	RI035		1994-01-01	2100-12-31	Toms	Rhode Island			0	0	1		291
R	USI	RI036		1994-01-01	2100-12-31	Sandy Point	Rhode Island			0	0	1		291
R	USI	RI037		1994-01-01	2100-12-31	Ponham Rocks	Rhode Island			0	0	1		291
R	USI	RI038		1994-01-01	2100-12-31	Ruth	Rhode Island			0	0	1		291
R	USI	RI039		1994-01-01	2100-12-31	Crab	Rhode Island			0	0	1		291
R	USI	RI040		1994-01-01	2100-12-31	Lime Rock	Rhode Island			0	0	1		291
R	USI	SC001		1994-01-01	2100-12-31	Isle Of Palms	South Carolina			0	0	1		291
R	USI	SC002		1994-01-01	2100-12-31	Hilton Head	South Carolina			0	0	1		291
R	USI	SC003		1994-01-01	2100-12-31	Hunting	South Carolina			0	0	1		291
R	USI	SC004		1994-01-01	2100-12-31	Sullivan's	South Carolina			0	0	1		291
R	USI	SC005		1994-01-01	2100-12-31	James	South Carolina			0	0	1		291
R	USI	SC006		1994-01-01	2100-12-31	Edisto	South Carolina			0	0	1		291
R	USI	SC007		1994-01-01	2100-12-31	St Helena	South Carolina			0	0	1		291
R	USI	SC008		1994-01-01	2100-12-31	Fripp	South Carolina			0	0	1		291
R	USI	SC009		1994-01-01	2100-12-31	Harbor	South Carolina			0	0	1		291
R	USI	SC010		1994-01-01	2100-12-31	Port Royal	South Carolina			0	0	1		291
R	USI	SC011		1994-01-01	2100-12-31	Dataw/Datau	South Carolina			0	0	1		291
R	USI	SC012		1994-01-01	2100-12-31	Ladys/Ladies	South Carolina			0	0	1		291
R	USI	SC013		1994-01-01	2100-12-31	Parris	South Carolina			0	0	1		291
R	USI	SC014		1994-01-01	2100-12-31	Lemon	South Carolina			0	0	1		291
R	USI	SC015		1994-01-01	2100-12-31	Folly	South Carolina			0	0	1		291
R	USI	SC016		1994-01-01	2100-12-31	Kiawah	South Carolina			0	0	1		291
R	USI	SC017		1994-01-01	2100-12-31	Johns	South Carolina			0	0	1		291
R	USI	SC018		1994-01-01	2100-12-31	Myrtle Beach/Pawleys	South Carolina			0	0	1		291
R	USI	SC019		1994-01-01	2100-12-31	Judge/Coosaw	South Carolina			0	0	1		291
R	USI	SC020		1994-01-01	2100-12-31	Little Goat	South Carolina			0	0	1		291
R	USI	SC021		1994-01-01	2100-12-31	Wadmalaw	South Carolina			0	0	1		291
R	USI	SC022		1994-01-01	2100-12-31	Pinckney	South Carolina			0	0	1		291
R	USI	SC023		1994-01-01	2100-12-31	Desportes	South Carolina			0	0	1		291
R	USI	SC024		1994-01-01	2100-12-31	Dreher	South Carolina			0	0	1		291
R	USI	SC025		1994-01-01	2100-12-31	Amy	South Carolina			0	0	1		291
R	USI	SC026		1994-01-01	2100-12-31	Daniel	South Carolina			0	0	1		291
R	USI	SC027		1994-01-01	2100-12-31	Simpson	South Carolina			0	0	1		291
R	USI	SC028		1994-01-01	2100-12-31	Twin	South Carolina			0	0	1		291
R	USI	SC029		1994-01-01	2100-12-31	Long	South Carolina			0	0	1		291
R	USI	SC030		1994-01-01	2100-12-31	Polawana	South Carolina			0	0	1		291
R	USI	SC031		1994-01-01	2100-12-31	Pritchards	South Carolina			0	0	1		291
R	USI	SC032		1994-01-01	2100-12-31	Morris	South Carolina			0	0	1		291
R	USI	SC033		1994-01-01	2100-12-31	Daufuskie	South Carolina			0	0	1		291
R	USI	SC034		1994-01-01	2100-12-31	Bundrick	South Carolina			0	0	1		291
R	USI	SC035		1994-01-01	2100-12-31	Pine	South Carolina			0	0	1		291
R	USI	SC036		1994-01-01	2100-12-31	Shull	South Carolina			0	0	1		291
R	USI	SC037		1994-01-01	2100-12-31	Pleasure	South Carolina			0	0	1		291
R	USI	SC038		1994-01-01	2100-12-31	Flotilla	South Carolina			0	0	1		291
R	USI	SC039		1994-01-01	2100-12-31	Amenity	South Carolina			0	0	1		291
R	USI	SC040		1994-01-01	2100-12-31	Indian Fork	South Carolina			0	0	1		291
R	USI	SC041		1994-01-01	2100-12-31	Wind Song	South Carolina			0	0	1		291
R	USI	SC042		1994-01-01	2100-12-31	Dewees	South Carolina			0	0	1		291
R	USI	SC043		1994-01-01	2100-12-31	Saluda	South Carolina			0	0	1		291
R	USI	SC044		1994-01-01	2100-12-31	Goat	South Carolina			0	0	1		291
R	USI	SC045		1994-01-01	2100-12-31	Pine	South Carolina			0	0	1		291
R	USI	SC046		1994-01-01	2100-12-31	Fort Sumter	South Carolina			0	0	1		291
R	USI	SC047		1994-01-01	2100-12-31	Mink	South Carolina			0	0	1		291
R	USI	SC048		1994-01-01	2100-12-31	Goat	South Carolina			0	0	1		291
R	USI	SC049		1994-01-01	2100-12-31	Rock	South Carolina			0	0	1		291
R	USI	SC050		1994-01-01	2100-12-31	Nadine	South Carolina			0	0	1		291
R	USI	SC051		1994-01-01	2100-12-31	Doolittle	South Carolina			0	0	1		291
R	USI	SC052		1994-01-01	2100-12-31	Little Twin	South Carolina			0	0	1		291
R	USI	SC053		1994-01-01	2100-12-31	Tall	South Carolina			0	0	1		291
R	USI	SC054		1994-01-01	2100-12-31	Misty	South Carolina			0	0	1		291
R	USI	SC055		1994-01-01	2100-12-31	Counts	South Carolina			0	0	1		291
R	USI	SC056		1994-01-01	2100-12-31	Long	South Carolina			0	0	1		291
R	USI	SC057		1994-01-01	2100-12-31	Seay	South Carolina			0	0	1		291
R	USI	SC058		1994-01-01	2100-12-31	Bookman	South Carolina			0	0	1		291
R	USI	SC060		1994-01-01	2100-12-31	Deveaux Bank	South Carolina			0	0	1		291
R	USI	SC061		1994-01-01	2100-12-31	Seabrook	South Carolina			0	0	1		291
R	USI	SC062		1994-01-01	2100-12-31	Oak	South Carolina			0	0	1		291
R	USI	SC063		1994-01-01	2100-12-31	Goat	South Carolina			0	0	1		291
R	USI	SC064		1994-01-01	2100-12-31	Susie Ebert	South Carolina			0	0	1		291
R	USI	SC065		1994-01-01	2100-12-31	Keowee No.	South Carolina			0	0	1		291
R	USI	SC066		1994-01-01	2100-12-31	Keowee No.	South Carolina			0	0	1		291
R	USI	SC067		1994-01-01	2100-12-31	Keowee No.	South Carolina			0	0	1		291
R	USI	SC068		1994-01-01	2100-12-31	Keowee No.	South Carolina			0	0	1		291
R	USI	SC069		1994-01-01	2100-12-31	Keowee No.	South Carolina			0	0	1		291
R	USI	SC070		1994-01-01	2100-12-31	Keowee No.	South Carolina			0	0	1		291
R	USI	SC071		1994-01-01	2100-12-31	Old	South Carolina			0	0	1		291
R	USI	SC073		1994-01-01	2100-12-31	Baker	South Carolina			0	0	1		291
R	USI	SC074		1994-01-01	2100-12-31	Benningsfield	South Carolina			0	0	1		291
R	USI	SC075		1994-01-01	2100-12-31	Hawe	South Carolina			0	0	1		291
R	USI	SC076		1994-01-01	2100-12-31	Little	South Carolina			0	0	1		291
R	USI	SC077		1994-01-01	2100-12-31	W.J. Gooding Bridge	South Carolina			0	0	1		291
R	USI	SD001		1994-01-01	2100-12-31	Beaver Dam	South Dakota			0	0	1		291
R	USI	SD002		1994-01-01	2100-12-31	Bridge	South Dakota			0	0	1		291
R	USI	SD003		1994-01-01	2100-12-31	La Framboise	South Dakota			0	0	1		291
R	USI	SD004		1994-01-01	2100-12-31	Goat	South Dakota			0	0	1		291
R	USI	SD005		1994-01-01	2100-12-31	Rush	South Dakota			0	0	1		291
R	USI	SD006		1994-01-01	2100-12-31	Big Stone / Kite	South Dakota			0	0	1		291
R	USI	TN001		1994-01-01	2100-12-31	Island #40	Tennessee			0	0	1		291
R	USI	TN002		1994-01-01	2100-12-31	Mud	Tennessee			0	0	1		291
R	USI	TN003		1994-01-01	2100-12-31	Presidents	Tennessee			0	0	1		291
R	USI	TN004		1994-01-01	2100-12-31	Centennial	Tennessee			0	0	1		291
R	USI	TN005		1994-01-01	2100-12-31	Island #35	Tennessee			0	0	1		291
R	USI	TN006		1994-01-01	2100-12-31	Island #37	Tennessee			0	0	1		291
R	USI	TN007		1994-01-01	2100-12-31	Thief Neck	Tennessee			0	0	1		291
R	USI	TN008		1994-01-01	2100-12-31	Clinton	Tennessee			0	0	1		291
R	USI	TN009		1994-01-01	2100-12-31	Aulton	Tennessee			0	0	1		291
R	USI	TN010		1994-01-01	2100-12-31	Dickinson	Tennessee			0	0	1		291
R	USI	TN011		1994-01-01	2100-12-31	Dollar	Tennessee			0	0	1		291
R	USI	TN012		1994-01-01	2100-12-31	Gull	Tennessee			0	0	1		291
R	USI	TN013		1994-01-01	2100-12-31	Bear Hole	Tennessee			0	0	1		291
R	USI	TN014		1994-01-01	2100-12-31	Wood Duck	Tennessee			0	0	1		291
R	USI	TN015		1994-01-01	2100-12-31	Pilot	Tennessee			0	0	1		291
R	USI	TN016		1994-01-01	2100-12-31	Williams Bend	Tennessee			0	0	1		291
R	USI	TN017		1994-01-01	2100-12-31	Rankin	Tennessee			0	0	1		291
R	USI	TN018		1994-01-01	2100-12-31	Marion County Park	Tennessee			0	0	1		291
R	USI	TN019		1994-01-01	2100-12-31	Half Moon	Tennessee			0	0	1		291
R	USI	TN020		1994-01-01	2100-12-31	Bussell	Tennessee			0	0	1		291
R	USI	TN021		1994-01-01	2100-12-31	Harbour	Tennessee			0	0	1		291
R	USI	TN022		1994-01-01	2100-12-31	Pig	Tennessee			0	0	1		291
R	USI	TN023		1994-01-01	2100-12-31	Skull	Tennessee			0	0	1		291
R	USI	TN024		1994-01-01	2100-12-31	Looney	Tennessee			0	0	1		291
R	USI	TN025		1994-01-01	2100-12-31	Boyd	Tennessee			0	0	1		291
R	USI	TN026		1994-01-01	2100-12-31	Dallas	Tennessee			0	0	1		291
R	USI	TN027		1994-01-01	2100-12-31	Great	Tennessee			0	0	1		291
R	USI	TN028		1994-01-01	2100-12-31	Johnson	Tennessee			0	0	1		291
R	USI	TN029		1994-01-01	2100-12-31	Pleasant Grove	Tennessee			0	0	1		291
R	USI	TN030		1994-01-01	2100-12-31	Barton Hill	Tennessee			0	0	1		291
R	USI	TN031		1994-01-01	2100-12-31	Galbraith	Tennessee			0	0	1		291
R	USI	TN032		1994-01-01	2100-12-31	Fate Sanders Marina	Tennessee			0	0	1		291
R	USI	TN033		1994-01-01	2100-12-31	Dover Light	Tennessee			0	0	1		291
R	USI	TN034		1994-01-01	2100-12-31	Lock 4	Tennessee			0	0	1		291
R	USI	TN035		1994-01-01	2100-12-31	Hole In The Wall	Tennessee			0	0	1		291
R	USI	TN036		1994-01-01	2100-12-31	Goat	Tennessee			0	0	1		291
R	USI	TN037		1994-01-01	2100-12-31	Little Goat	Tennessee			0	0	1		291
R	USI	TN038		1994-01-01	2100-12-31	Devils Step	Tennessee			0	0	1		291
R	USI	TN039		1994-01-01	2100-12-31	Maple Bend	Tennessee			0	0	1		291
R	USI	TN040		1994-01-01	2100-12-31	Goose	Tennessee			0	0	1		291
R	USI	TN041		1994-01-01	2100-12-31	Leatherwood	Tennessee			0	0	1		291
R	USI	TN042		1994-01-01	2100-12-31	Elder	Tennessee			0	0	1		291
R	USI	TN043		1994-01-01	2100-12-31	Bear	Tennessee			0	0	1		291
R	USI	TN044		1994-01-01	2100-12-31	Trooper	Tennessee			0	0	1		291
R	USI	TN045		1994-01-01	2100-12-31	First	Tennessee			0	0	1		291
R	USI	TN046		1994-01-01	2100-12-31	Geiger	Tennessee			0	0	1		291
R	USI	TN047		1994-01-01	2100-12-31	Graveyard	Tennessee			0	0	1		291
R	USI	TN048		1994-01-01	2100-12-31	Opossum	Tennessee			0	0	1		291
R	USI	TN049		1994-01-01	2100-12-31	Coon Denton	Tennessee			0	0	1		291
R	USI	TN050		1994-01-01	2100-12-31	Workman	Tennessee			0	0	1		291
R	USI	TN051		1994-01-01	2100-12-31	Guinn	Tennessee			0	0	1		291
R	USI	TN052		1994-01-01	2100-12-31	McClary West	Tennessee			0	0	1		291
R	USI	TN053		1994-01-01	2100-12-31	McClary East	Tennessee			0	0	1		291
R	USI	TN054		1994-01-01	2100-12-31	Orrs	Tennessee			0	0	1		291
R	USI	TN055		1994-01-01	2100-12-31	Ponderosa	Tennessee			0	0	1		291
R	USI	TN056		1994-01-01	2100-12-31	Spring Creek	Tennessee			0	0	1		291
R	USI	TN057		1994-01-01	2100-12-31	River's Bend	Tennessee			0	0	1		291
R	USI	TN058		1994-01-01	2100-12-31	John A Patten	Tennessee			0	0	1		291
R	USI	TN059		1994-01-01	2100-12-31	Bailey	Tennessee			0	0	1		291
R	USI	TN060		1994-01-01	2100-12-31	Johnson	Tennessee			0	0	1		291
R	USI	TN061		1994-01-01	2100-12-31	Rock	Tennessee			0	0	1		291
R	USI	TN062		1994-01-01	2100-12-31	Davies	Tennessee			0	0	1		291
R	USI	TN063		1994-01-01	2100-12-31	Goose	Tennessee			0	0	1		291
R	USI	TN064		1994-01-01	2100-12-31	Maclellan	Tennessee			0	0	1		291
R	USI	TN065		1994-01-01	2100-12-31	Duck	Tennessee			0	0	1		291
R	USI	TN066		1994-01-01	2100-12-31	Newmans	Tennessee			0	0	1		291
R	USI	TN067		1994-01-01	2100-12-31	Panter	Tennessee			0	0	1		291
R	USI	TN068		1994-01-01	2100-12-31	Blythe Ferry Ramp	Tennessee			0	0	1		291
R	USI	TN069		1994-01-01	2100-12-31	Goodall	Tennessee			0	0	1		291
R	USI	TX001		1994-01-01	2100-12-31	Galveston	Texas			0	0	1		291
R	USI	TX002		1994-01-01	2100-12-31	Pleasure	Texas			0	0	1		291
R	USI	TX003		1994-01-01	2100-12-31	Goose	Texas			0	0	1		291
R	USI	TX004		1994-01-01	2100-12-31	Harbor	Texas			0	0	1		291
R	USI	TX005		1994-01-01	2100-12-31	San Jose	Texas			0	0	1		291
R	USI	TX006		1994-01-01	2100-12-31	Padre	Texas			0	0	1		291
R	USI	TX007		1994-01-01	2100-12-31	South Padre	Texas			0	0	1		291
R	USI	TX008		1994-01-01	2100-12-31	Pelican	Texas			0	0	1		291
R	USI	TX009		1994-01-01	2100-12-31	Long	Texas			0	0	1		291
R	USI	TX010		1994-01-01	2100-12-31	Matagorda	Texas			0	0	1		291
R	USI	TX011		1994-01-01	2100-12-31	Mustang	Texas			0	0	1		291
R	USI	TX012		1994-01-01	2100-12-31	Tiki	Texas			0	0	1		291
R	USI	TX013		1994-01-01	2100-12-31	Red Bud Is.	Texas			0	0	1		291
R	USI	TX014		1994-01-01	2100-12-31	Bay Harbor	Texas			0	0	1		291
R	USI	TX015		1994-01-01	2100-12-31	Stedman	Texas			0	0	1		291
R	USI	TX016		1994-01-01	2100-12-31	Spoil Bank	Texas			0	0	1		291
R	USI	TX017		1994-01-01	2100-12-31	Key Allegro	Texas			0	0	1		291
R	USI	TX018		1994-01-01	2100-12-31	Treasure	Texas			0	0	1		291
R	USI	TX019		1994-01-01	2100-12-31	Follets	Texas			0	0	1		291
R	USI	TX020		1994-01-01	2100-12-31	High	Texas			0	0	1		291
R	USI	TX021		1994-01-01	2100-12-31	Quintana	Texas			0	0	1		291
R	USI	TX022		1994-01-01	2100-12-31	Shaw	Texas			0	0	1		291
R	USI	TX023		1994-01-01	2100-12-31	Holiday Pine	Texas			0	0	1		291
R	USI	TX024		1994-01-01	2100-12-31	Pine	Texas			0	0	1		291
R	USI	TX025		1994-01-01	2100-12-31	Wolk	Texas			0	0	1		291
R	USI	TX026		1994-01-01	2100-12-31	Shallow	Texas			0	0	1		291
R	USI	TX027		1994-01-01	2100-12-31	Evans	Texas			0	0	1		291
R	USI	TX028		1994-01-01	2100-12-31	Isle Of View	Texas			0	0	1		291
R	USI	TX029		1994-01-01	2100-12-31	Benbow	Texas			0	0	1		291
R	USI	TX030		1994-01-01	2100-12-31	Mesquite	Texas			0	0	1		291
R	USI	TX031		1994-01-01	2100-12-31	Web Isle	Texas			0	0	1		291
R	USI	TX032		1994-01-01	2100-12-31	Beaver	Texas			0	0	1		291
R	USI	TX033		1994-01-01	2100-12-31	Nolte	Texas			0	0	1		291
R	USI	TX034		1994-01-01	2100-12-31	Ayer	Texas			0	0	1		291
R	USI	TX035		1994-01-01	2100-12-31	Rattlesnake	Texas			0	0	1		291
R	USI	TX036		1994-01-01	2100-12-31	The Island	Texas			0	0	1		291
R	USI	TX037		1994-01-01	2100-12-31	South Deer	Texas			0	0	1		291
R	USI	TX038		1994-01-01	2100-12-31	Port Isabel	Texas			0	0	1		291
R	USI	TX039		1994-01-01	2100-12-31	Arrowhead	Texas			0	0	1		291
R	USI	TX040		1994-01-01	2100-12-31	Little Arrowhead	Texas			0	0	1		291
R	USI	TX041		1994-01-01	2100-12-31	The Island	Texas			0	0	1		291
R	USI	TX042		1994-01-01	2100-12-31	South	Texas			0	0	1		291
R	USI	TX043		1994-01-01	2100-12-31	Deer	Texas			0	0	1		291
R	USI	TX044		1994-01-01	2100-12-31	Goat	Texas			0	0	1		291
R	USI	TX045		1994-01-01	2100-12-31	Cedar Mills	Texas			0	0	1		291
R	USI	TX046		1994-01-01	2100-12-31	Paradise	Texas			0	0	1		291
R	USI	TX047		1994-01-01	2100-12-31	North Deer	Texas			0	0	1		291
R	USI	TX048		1994-01-01	2100-12-31	Atkinson	Texas			0	0	1		291
R	USI	TX049		1994-01-01	2100-12-31	Starnes	Texas			0	0	1		291
R	USI	TX050		1994-01-01	2100-12-31	Pelican	Texas			0	0	1		291
R	USI	TX051		1994-01-01	2100-12-31	Cane Harbor	Texas			0	0	1		291
R	USI	TX052		1994-01-01	2100-12-31	Cedar Isle	Texas			0	0	1		291
R	USI	TX053		1994-01-01	2100-12-31	Isla Colon	Texas			0	0	1		291
R	USI	TX054		1994-01-01	2100-12-31	Lone Tree Point	Texas			0	0	1		291
R	USI	TX055		1994-01-01	2100-12-31	Snake	Texas			0	0	1		291
R	USI	TX056		1994-01-01	2100-12-31	Rock	Texas			0	0	1		291
R	USI	TX057		1994-01-01	2100-12-31	Deer	Texas			0	0	1		291
R	USI	TX058		1994-01-01	2100-12-31	Greer	Texas			0	0	1		291
R	USI	TX059		1994-01-01	2100-12-31	Campbell	Texas			0	0	1		291
R	USI	TX060		1994-01-01	2100-12-31	Goat	Texas			0	0	1		291
R	USI	TX061		1994-01-01	2100-12-31	Willow	Texas			0	0	1		291
R	USI	TX062		1994-01-01	2100-12-31	Goat	Texas			0	0	1		291
R	USI	TX063		1994-01-01	2100-12-31	Bolivar Peninsula	Texas			0	0	1		291
R	USI	TX064		1994-01-01	2100-12-31	Bayucos	Texas			0	0	1		291
R	USI	TX065		1994-01-01	2100-12-31	Blackberry	Texas			0	0	1		291
R	USI	TX066		1994-01-01	2100-12-31	Dewberry	Texas			0	0	1		291
R	USI	TX067		1994-01-01	2100-12-31	Farwell	Texas			0	0	1		291
R	USI	TX068		1994-01-01	2100-12-31	Grass East #1	Texas			0	0	1		291
R	USI	TX069		1994-01-01	2100-12-31	Grass West	Texas			0	0	1		291
R	USI	TX070		1994-01-01	2100-12-31	Long	Texas			0	0	1		291
R	USI	TX071		1994-01-01	2100-12-31	Steam Boat #1	Texas			0	0	1		291
R	USI	TX072		1994-01-01	2100-12-31	Vandever	Texas			0	0	1		291
R	USI	TX073		1994-01-01	2100-12-31	Bell	Texas			0	0	1		291
R	USI	TX074		1994-01-01	2100-12-31	Bartell	Texas			0	0	1		291
R	USI	TX075		1994-01-01	2100-12-31	Snake	Texas			0	0	1		291
R	USI	TX076		1994-01-01	2100-12-31	Mud	Texas			0	0	1		291
R	USI	TX077		1994-01-01	2100-12-31	Leroy Elmore	Texas			0	0	1		291
R	USI	TX078		1994-01-01	2100-12-31	Langley	Texas			0	0	1		291
R	USI	TX079		1994-01-01	2100-12-31	Pecan	Texas			0	0	1		291
R	USI	TX080		1994-01-01	2100-12-31	Tranquility	Texas			0	0	1		291
R	USI	TX081		1994-01-01	2100-12-31	The Island	Texas			0	0	1		291
R	USI	TX082		1994-01-01	2100-12-31	Chester	Texas			0	0	1		291
R	USI	TX083		1994-01-01	2100-12-31	First Chain of Islands #1	Texas			0	0	1		291
R	USI	TX084		1994-01-01	2100-12-31	First Chain of Islands #2	Texas			0	0	1		291
R	USI	TX085		1994-01-01	2100-12-31	First Chain of Islands #3	Texas			0	0	1		291
R	USI	TX086		1994-01-01	2100-12-31	First Chain of Islands #4	Texas			0	0	1		291
R	USI	TX087		1994-01-01	2100-12-31	Grass East #2	Texas			0	0	1		291
R	USI	TX088		1994-01-01	2100-12-31	South Pass #1	Texas			0	0	1		291
R	USI	TX089		1994-01-01	2100-12-31	South Pass #2	Texas			0	0	1		291
R	USI	TX090		1994-01-01	2100-12-31	Steam Boat #2	Texas			0	0	1		291
R	USI	TX091		1994-01-01	2100-12-31	Steam Boat #3	Texas			0	0	1		291
R	USI	TX092		1994-01-01	2100-12-31	Steam Boat #4	Texas			0	0	1		291
R	USI	TX093		1994-01-01	2100-12-31	Turnstake #1	Texas			0	0	1		291
R	USI	TX094		1994-01-01	2100-12-31	Turnstake #2	Texas			0	0	1		291
R	USI	TX095		1994-01-01	2100-12-31	Everett #1	Texas			0	0	1		291
R	USI	TX096		1994-01-01	2100-12-31	Everett #2	Texas			0	0	1		291
R	USI	TX097		1994-01-01	2100-12-31	Everett #3	Texas			0	0	1		291
R	USI	TX098		1994-01-01	2100-12-31	Mailboat #1	Texas			0	0	1		291
R	USI	TX099		1994-01-01	2100-12-31	Mailboat #2	Texas			0	0	1		291
R	USI	TX100		1994-01-01	2100-12-31	Mailboat #3	Texas			0	0	1		291
R	USI	TX101		1994-01-01	2100-12-31	Mailboat #4	Texas			0	0	1		291
R	USI	TX102		1994-01-01	2100-12-31	Mailboat #5	Texas			0	0	1		291
R	USI	TX103		1994-01-01	2100-12-31	Mailboat #6	Texas			0	0	1		291
R	USI	TX104		1994-01-01	2100-12-31	Ayres	Texas			0	0	1		291
R	USI	TX105		1994-01-01	2100-12-31	Ayres Dugout	Texas			0	0	1		291
R	USI	TX106		1994-01-01	2100-12-31	Dunham/Bludworth	Texas			0	0	1		291
R	USI	TX107		1994-01-01	2100-12-31	Grass	Texas			0	0	1		291
R	USI	TX108		1994-01-01	2100-12-31	Rattlesnake	Texas			0	0	1		291
R	USI	TX109		1994-01-01	2100-12-31	Roddy	Texas			0	0	1		291
R	USI	TX110		1994-01-01	2100-12-31	Lone Star Key	Texas			0	0	1		291
R	USI	UT001		1994-01-01	2100-12-31	Antelope	Utah			0	0	1		291
R	USI	UT002		1994-01-01	2100-12-31	Carrington	Utah			0	0	1		291
R	USI	UT003		1994-01-01	2100-12-31	Fremont	Utah			0	0	1		291
R	USI	UT004		1994-01-01	2100-12-31	Gunnison	Utah			0	0	1		291
R	USI	UT005		1994-01-01	2100-12-31	Dolphin	Utah			0	0	1		291
R	USI	UT006		1994-01-01	2100-12-31	Rainbow Point	Utah			0	0	1		291
R	USI	UT007		1994-01-01	2100-12-31	Cub	Utah			0	0	1		291
R	USI	UT008		1994-01-01	2100-12-31	Hat	Utah			0	0	1		291
R	USI	UT009		1994-01-01	2100-12-31	Amberly	Utah			0	0	1		291
R	USI	UT010		1994-01-01	2100-12-31	Antelope Causeway #1	Utah			0	0	1		291
R	USI	UT012		1994-01-01	2100-12-31	Stansbury	Utah			0	0	1		291
R	USI	UT013		1994-01-01	2100-12-31	Farley #1	Utah			0	0	1		291
R	USI	UT014		1994-01-01	2100-12-31	Trachyte	Utah			0	0	1		291
R	USI	UT015		1994-01-01	2100-12-31	Mile 135	Utah			0	0	1		291
R	USI	UT016		1994-01-01	2100-12-31	The Island	Utah			0	0	1		291
R	USI	UT017		1994-01-01	2100-12-31	Osprey	Utah			0	0	1		291
R	USI	UT018		1994-01-01	2100-12-31	Mile 19	Utah			0	0	1		291
R	USI	UT019		1994-01-01	2100-12-31	Padre Butte	Utah			0	0	1		291
R	USI	UT020		1994-01-01	2100-12-31	Padre Bay	Utah			0	0	1		291
R	USI	UT021		1994-01-01	2100-12-31	Lone Rock	Utah			0	0	1		291
R	USI	UT022		1994-01-01	2100-12-31	Padre Point	Utah			0	0	1		291
R	USI	UT023		1994-01-01	2100-12-31	Antelope	Utah			0	0	1		291
R	USI	UT024		1994-01-01	2100-12-31	Sand Hallow	Utah			0	0	1		291
R	USI	VA001		1994-01-01	2100-12-31	Tangier	Virginia			0	0	1		291
R	USI	VA002		1994-01-01	2100-12-31	Chincoteague	Virginia			0	0	1		291
R	USI	VA003		1994-01-01	2100-12-31	Fisherman's	Virginia			0	0	1		291
R	USI	VA004		1994-01-01	2100-12-31	Jerdone	Virginia			0	0	1		291
R	USI	VA005		1994-01-01	2100-12-31	Wallops	Virginia			0	0	1		291
R	USI	VA006		1994-01-01	2100-12-31	Turkey	Virginia			0	0	1		291
R	USI	VA007		1994-01-01	2100-12-31	New Point Comfort	Virginia			0	0	1		291
R	USI	VA008		1994-01-01	2100-12-31	Hatcher	Virginia			0	0	1		291
R	USI	VA009		1994-01-01	2100-12-31	Farrar	Virginia			0	0	1		291
R	USI	VA010		1994-01-01	2100-12-31	Gwynn	Virginia			0	0	1		291
R	USI	VA011		1994-01-01	2100-12-31	Melfa	Virginia			0	0	1		291
R	USI	VA012		1994-01-01	2100-12-31	Fleets	Virginia			0	0	1		291
R	USI	VA013		1994-01-01	2100-12-31	Jamestown	Virginia			0	0	1		291
R	USI	VA014		1994-01-01	2100-12-31	Paynes	Virginia			0	0	1		291
R	USI	VA015		1994-01-01	2100-12-31	Laucks	Virginia			0	0	1		291
R	USI	VA016		1994-01-01	2100-12-31	Belle Isle	Virginia			0	0	1		291
R	USI	VA017		1994-01-01	2100-12-31	Duerson	Virginia			0	0	1		291
R	USI	VA018		1994-01-01	2100-12-31	Ficklen	Virginia			0	0	1		291
R	USI	VA019		1994-01-01	2100-12-31	South Thimble	Virginia			0	0	1		291
R	USI	VA020		1994-01-01	2100-12-31	Fall Hill	Virginia			0	0	1		291
R	USI	VA021		1994-01-01	2100-12-31	Crank	Virginia			0	0	1		291
R	USI	VA022		1994-01-01	2100-12-31	Mayos	Virginia			0	0	1		291
R	USI	VA023		1994-01-01	2100-12-31	Goat	Virginia			0	0	1		291
R	USI	VA024		1994-01-01	2100-12-31	Assateague	Virginia			0	0	1		291
R	USI	VA025		1994-01-01	2100-12-31	Great Neck Pt.	Virginia			0	0	1		291
R	USI	VA026		1994-01-01	2100-12-31	Broad Bay	Virginia			0	0	1		291
R	USI	VA027		1994-01-01	2100-12-31	Byrd	Virginia			0	0	1		291
R	USI	VA028		1994-01-01	2100-12-31	Berrys	Virginia			0	0	1		291
R	USI	VA029		1994-01-01	2100-12-31	Christmas Tree	Virginia			0	0	1		291
R	USI	VA030		1994-01-01	2100-12-31	Kellys Ford	Virginia			0	0	1		291
R	USI	VA031		1994-01-01	2100-12-31	West Twin	Virginia			0	0	1		291
R	USI	VA032		1994-01-01	2100-12-31	Piney Branch	Virginia			0	0	1		291
R	USI	VA033		1994-01-01	2100-12-31	Marine Corps	Virginia			0	0	1		291
R	USI	VA034		1994-01-01	2100-12-31	Scotts	Virginia			0	0	1		291
R	USI	VA035		1994-01-01	2100-12-31	Daisy	Virginia			0	0	1		291
R	USI	VA036		1994-01-01	2100-12-31	Bay	Virginia			0	0	1		291
R	USI	VA037		1994-01-01	2100-12-31	Riverwood	Virginia			0	0	1		291
R	USI	VA038		1994-01-01	2100-12-31	Nimrod	Virginia			0	0	1		291
R	USI	VA039		1994-01-01	2100-12-31	Coffeepot	Virginia			0	0	1		291
R	USI	VA040		1994-01-01	2100-12-31	Buggs	Virginia			0	0	1		291
R	USI	VA042		1994-01-01	2100-12-31	Gilligans	Virginia			0	0	1		291
R	USI	VA043		1994-01-01	2100-12-31	Hog Pen	Virginia			0	0	1		291
R	USI	VA044		1994-01-01	2100-12-31	Little Hog Pen	Virginia			0	0	1		291
R	USI	VA045		1994-01-01	2100-12-31	North Hog Pen	Virginia			0	0	1		291
R	USI	VA046		1994-01-01	2100-12-31	Liberty Hill	Virginia			0	0	1		291
R	USI	VA047		1994-01-01	2100-12-31	North Bend	Virginia			0	0	1		291
R	USI	VA048		1994-01-01	2100-12-31	Phillis	Virginia			0	0	1		291
R	USI	VA050		1994-01-01	2100-12-31	Rockwall	Virginia			0	0	1		291
R	USI	VA052		1994-01-01	2100-12-31	Cobb	Virginia			0	0	1		291
R	USI	VA053		1994-01-01	2100-12-31	Hog	Virginia			0	0	1		291
R	USI	VA055		1994-01-01	2100-12-31	Rogue	Virginia			0	0	1		291
R	USI	VA057		1994-01-01	2100-12-31	Wreck	Virginia			0	0	1		291
R	USI	VA058		1994-01-01	2100-12-31	Percival's	Virginia			0	0	1		291
R	USI	VA059		1994-01-01	2100-12-31	Long	Virginia			0	0	1		291
R	USI	VA060		1994-01-01	2100-12-31	Fox	Virginia			0	0	1		291
R	USI	VA061		1994-01-01	2100-12-31	Delmarva	Virginia			0	0	1		291
R	USI	VA062		1994-01-01	2100-12-31	Smith	Virginia			0	0	1		291
R	USI	VA063		1994-01-01	2100-12-31	Cedar	Virginia			0	0	1		291
R	USI	VA064		1994-01-01	2100-12-31	Conrad	Virginia			0	0	1		291
R	USI	VA065		1994-01-01	2100-12-31	Berkley	Virginia			0	0	1		291
R	USI	VA066		1994-01-01	2100-12-31	Sharks Tooth	Virginia			0	0	1		291
R	USI	VA067		1994-01-01	2100-12-31	Mooney	Virginia			0	0	1		291
R	USI	VA068		1994-01-01	2100-12-31	Watts	Virginia			0	0	1		291
R	USI	VA069		1994-01-01	2100-12-31	Rocky Run	Virginia			0	0	1		291
R	USI	VA070		1994-01-01	2100-12-31	Marsh	Virginia			0	0	1		291
R	USI	VA072		1994-01-01	2100-12-31	Metompkin	Virginia			0	0	1		291
R	USI	VA073		1994-01-01	2100-12-31	Great	Virginia			0	0	1		291
R	USI	VA074		1994-01-01	2100-12-31	Long Grass	Virginia			0	0	1		291
R	USI	VA075		1994-01-01	2100-12-31	Eagle Point	Virginia			0	0	1		291
R	USI	VA076		1994-01-01	2100-12-31	Eastland	Virginia			0	0	1		291
R	USI	VA077		1994-01-01	2100-12-31	Eagle Point Landing	Virginia			0	0	1		291
R	USI	VA078		1994-01-01	2100-12-31	Rudds	Virginia			0	0	1		291
R	USI	VA079		1994-01-01	2100-12-31	Farm Creek	Virginia			0	0	1		291
R	USI	VA080		1994-01-01	2100-12-31	Carnes	Virginia			0	0	1		291
R	USI	VA081		1994-01-01	2100-12-31	Saunders	Virginia			0	0	1		291
R	USI	VA082		1994-01-01	2100-12-31	Dyke	Virginia			0	0	1		291
R	USI	VA083		1994-01-01	2100-12-31	H Island	Virginia			0	0	1		291
R	USI	VA084		1994-01-01	2100-12-31	Embrey Dam Silt	Virginia			0	0	1		291
R	USI	VA085		1994-01-01	2100-12-31	Port Isobel	Virginia			0	0	1		291
R	USI	VA086		1994-01-01	2100-12-31	Uppards	Virginia			0	0	1		291
R	USI	VA087		1994-01-01	2100-12-31	Hunting	Virginia			0	0	1		291
R	USI	VA088		1994-01-01	2100-12-31	Deputy Jason Mooney -	Virginia			0	0	1		291
R	USI	VA089		1994-01-01	2100-12-31	Marsh Point	Virginia			0	0	1		291
R	USI	VI001		1994-01-01	2100-12-31	Hassel	Virgin Islands			0	0	1		285
R	USI	VI002		1994-01-01	2100-12-31	St. Croix	Virgin Islands			0	0	1		285
R	USI	VI003		1994-01-01	2100-12-31	St. John	Virgin Islands			0	0	1		285
R	USI	VI004		1994-01-01	2100-12-31	St. Thomas	Virgin Islands			0	0	1		285
R	USI	VI005		1994-01-01	2100-12-31	Water	Virgin Islands			0	0	1		285
R	USI	VI006		1994-01-01	2100-12-31	Little Hans Lollik	Virgin Islands			0	0	1		285
R	USI	VI007		1994-01-01	2100-12-31	Lovango Cay	Virgin Islands			0	0	1		285
R	USI	VI008		1994-01-01	2100-12-31	Buck	Virgin Islands			0	0	1		285
R	USI	VI009		1994-01-01	2100-12-31	Green	Virgin Islands			0	0	1		285
R	USI	VI010		1994-01-01	2100-12-31	Protestant Cay aka Hotel on the Cay	Virgin Islands			0	0	1		285
R	USI	VI011		1994-01-01	2100-12-31	Ruth	Virgin Islands			0	0	1		285
R	USI	VT001		1994-01-01	2100-12-31	South Hero/Grand Isle	Vermont			0	0	1		291
R	USI	VT002		1994-01-01	2100-12-31	North Hero	Vermont			0	0	1		291
R	USI	VT003		1994-01-01	2100-12-31	Isle La Motte	Vermont			0	0	1		291
R	USI	VT004		1994-01-01	2100-12-31	Curtis	Vermont			0	0	1		291
R	USI	VT005		1994-01-01	2100-12-31	Picnic	Vermont			0	0	1		291
R	USI	VT006		1994-01-01	2100-12-31	Annie's	Vermont			0	0	1		291
R	USI	VT007		1994-01-01	2100-12-31	Bellows Falls	Vermont			0	0	1		291
R	USI	VT008		1994-01-01	2100-12-31	Coates	Vermont			0	0	1		291
R	USI	VT009		1994-01-01	2100-12-31	Retreat Island#1	Vermont			0	0	1		291
R	USI	VT010		1994-01-01	2100-12-31	Retreat Island#2	Vermont			0	0	1		291
R	USI	VT011		1994-01-01	2100-12-31	West Island#1	Vermont			0	0	1		291
R	USI	VT012		1994-01-01	2100-12-31	West Island#2	Vermont			0	0	1		291
R	USI	VT013		1994-01-01	2100-12-31	Juniper	Vermont			0	0	1		291
R	USI	VT014		1994-01-01	2100-12-31	Rock Dunder	Vermont			0	0	1		291
R	USI	VT015		1994-01-01	2100-12-31	Knight	Vermont			0	0	1		291
R	USI	VT016		1994-01-01	2100-12-31	Diamond	Vermont			0	0	1		291
R	USI	VT017		1994-01-01	2100-12-31	Woods	Vermont			0	0	1		291
R	USI	VT018		1994-01-01	2100-12-31	Sled Runner	Vermont			0	0	1		291
R	USI	VT019		1994-01-01	2100-12-31	Lily	Vermont			0	0	1		291
R	USI	VT020		1994-01-01	2100-12-31	Burton	Vermont			0	0	1		291
R	USI	VT021		1994-01-01	2100-12-31	Boyd Brook	Vermont			0	0	1		291
R	USI	VT022		1994-01-01	2100-12-31	Wilder Brook	Vermont			0	0	1		291
R	USI	WA001		1994-01-01	2100-12-31	Whidbey	Washington			0	0	1		291
R	USI	WA002		1994-01-01	2100-12-31	Fidalgo	Washington			0	0	1		291
R	USI	WA003		1994-01-01	2100-12-31	Camano	Washington			0	0	1		291
R	USI	WA004		1994-01-01	2100-12-31	San Juan	Washington			0	0	1		291
R	USI	WA005		1994-01-01	2100-12-31	Destruction	Washington			0	0	1		291
R	USI	WA006		1994-01-01	2100-12-31	Tatoosh	Washington			0	0	1		291
R	USI	WA007		1994-01-01	2100-12-31	Mercer	Washington			0	0	1		291
R	USI	WA008		1994-01-01	2100-12-31	Long	Washington			0	0	1		291
R	USI	WA009		1994-01-01	2100-12-31	Tunnel	Washington			0	0	1		291
R	USI	WA010		1994-01-01	2100-12-31	Split Rock	Washington			0	0	1		291
R	USI	WA011		1994-01-01	2100-12-31	Squaxin	Washington			0	0	1		291
R	USI	WA012		1994-01-01	2100-12-31	Harstine	Washington			0	0	1		291
R	USI	WA013		1994-01-01	2100-12-31	Anderson	Washington			0	0	1		291
R	USI	WA014		1994-01-01	2100-12-31	Mc Neil	Washington			0	0	1		291
R	USI	WA015		1994-01-01	2100-12-31	Fox	Washington			0	0	1		291
R	USI	WA016		1994-01-01	2100-12-31	Maury	Washington			0	0	1		291
R	USI	WA017		1994-01-01	2100-12-31	Raft	Washington			0	0	1		291
R	USI	WA018		1994-01-01	2100-12-31	Abbey	Washington			0	0	1		291
R	USI	WA019		1994-01-01	2100-12-31	North Rock	Washington			0	0	1		291
R	USI	WA020		1994-01-01	2100-12-31	South Rock	Washington			0	0	1		291
R	USI	WA021		1994-01-01	2100-12-31	Alexander	Washington			0	0	1		291
R	USI	WA022		1994-01-01	2100-12-31	Rounded	Washington			0	0	1		291
R	USI	WA023		1994-01-01	2100-12-31	Giants Graveyard	Washington			0	0	1		291
R	USI	WA024		1994-01-01	2100-12-31	James	Washington			0	0	1		291
R	USI	WA025		1994-01-01	2100-12-31	Jagged	Washington			0	0	1		291
R	USI	WA026		1994-01-01	2100-12-31	Carroll	Washington			0	0	1		291
R	USI	WA027		1994-01-01	2100-12-31	Sea Lion Rock	Washington			0	0	1		291
R	USI	WA028		1994-01-01	2100-12-31	Bainbridge	Washington			0	0	1		291
R	USI	WA029		1994-01-01	2100-12-31	Jones	Washington			0	0	1		291
R	USI	WA030		1994-01-01	2100-12-31	Burrows	Washington			0	0	1		291
R	USI	WA031		1994-01-01	2100-12-31	Bodelteh	Washington			0	0	1		291
R	USI	WA032		1994-01-01	2100-12-31	Allen	Washington			0	0	1		291
R	USI	WA033		1994-01-01	2100-12-31	Center	Washington			0	0	1		291
R	USI	WA034		1994-01-01	2100-12-31	Decatur	Washington			0	0	1		291
R	USI	WA035		1994-01-01	2100-12-31	Lopez	Washington			0	0	1		291
R	USI	WA037		1994-01-01	2100-12-31	Blake	Washington			0	0	1		291
R	USI	WA038		1994-01-01	2100-12-31	Blakely	Washington			0	0	1		291
R	USI	WA039		1994-01-01	2100-12-31	Indian	Washington			0	0	1		291
R	USI	WA040		1994-01-01	2100-12-31	Shaw	Washington			0	0	1		291
R	USI	WA042		1994-01-01	2100-12-31	Hope	Washington			0	0	1		291
R	USI	WA043		1994-01-01	2100-12-31	Sinclair	Washington			0	0	1		291
R	USI	WA044		1994-01-01	2100-12-31	Waldron	Washington			0	0	1		291
R	USI	WA045		1994-01-01	2100-12-31	Henry	Washington			0	0	1		291
R	USI	WA046		1994-01-01	2100-12-31	Sucia	Washington			0	0	1		291
R	USI	WA047		1994-01-01	2100-12-31	Patos	Washington			0	0	1		291
R	USI	WA048		1994-01-01	2100-12-31	Samish	Washington			0	0	1		291
R	USI	WA049		1994-01-01	2100-12-31	Orcas	Washington			0	0	1		291
R	USI	WA050		1994-01-01	2100-12-31	Lummi	Washington			0	0	1		291
R	USI	WA051		1994-01-01	2100-12-31	Portage	Washington			0	0	1		291
R	USI	WA052		1994-01-01	2100-12-31	Clover	Washington			0	0	1		291
R	USI	WA053		1994-01-01	2100-12-31	Guemes	Washington			0	0	1		291
R	USI	WA054		1994-01-01	2100-12-31	Lady	Washington			0	0	1		291
R	USI	WA055		1994-01-01	2100-12-31	Pearl	Washington			0	0	1		291
R	USI	WA056		1994-01-01	2100-12-31	Reed	Washington			0	0	1		291
R	USI	WA058		1994-01-01	2100-12-31	Brown	Washington			0	0	1		291
R	USI	WA059		1994-01-01	2100-12-31	Marrowstone	Washington			0	0	1		291
R	USI	WA060		1994-01-01	2100-12-31	Vashon	Washington			0	0	1		291
R	USI	WA061		1994-01-01	2100-12-31	Fir	Washington			0	0	1		291
R	USI	WA062		1994-01-01	2100-12-31	Pass	Washington			0	0	1		291
R	USI	WA063		1994-01-01	2100-12-31	Plymouth Park	Washington			0	0	1		291
R	USI	WA064		1994-01-01	2100-12-31	Crow Butte Park	Washington			0	0	1		291
R	USI	WA065		1994-01-01	2100-12-31	Whitcomb	Washington			0	0	1		291
R	USI	WA066		1994-01-01	2100-12-31	Bateman	Washington			0	0	1		291
R	USI	WA067		1994-01-01	2100-12-31	Harper	Washington			0	0	1		291
R	USI	WA068		1994-01-01	2100-12-31	Steamboat	Washington			0	0	1		291
R	USI	WA069		1994-01-01	2100-12-31	Stretch	Washington			0	0	1		291
R	USI	WA070		1994-01-01	2100-12-31	East Goose	Washington			0	0	1		291
R	USI	WA071		1994-01-01	2100-12-31	Johns	Washington			0	0	1		291
R	USI	WA072		1994-01-01	2100-12-31	Puget	Washington			0	0	1		291
R	USI	WA073		1994-01-01	2100-12-31	South Goose	Washington			0	0	1		291
R	USI	WA074		1994-01-01	2100-12-31	North Goose	Washington			0	0	1		291
R	USI	WA075		1994-01-01	2100-12-31	West Goose	Washington			0	0	1		291
R	USI	WA076		1994-01-01	2100-12-31	Southwest Goose	Washington			0	0	1		291
R	USI	WA077		1994-01-01	2100-12-31	Gilligans	Washington			0	0	1		291
R	USI	WA078		1994-01-01	2100-12-31	Silver Beach	Washington			0	0	1		291
R	USI	WA079		1994-01-01	2100-12-31	Skagit	Washington			0	0	1		291
R	USI	WA080		1994-01-01	2100-12-31	Huckleberry	Washington			0	0	1		291
R	USI	WA081		1994-01-01	2100-12-31	Saddlebag	Washington			0	0	1		291
R	USI	WA082		1994-01-01	2100-12-31	Little	Washington			0	0	1		291
R	USI	WA083		1994-01-01	2100-12-31	Cascades	Washington			0	0	1		291
R	USI	WA084		1994-01-01	2100-12-31	Interstate	Washington			0	0	1		291
R	USI	WA085		1994-01-01	2100-12-31	North Interstate	Washington			0	0	1		291
R	USI	WA086		1994-01-01	2100-12-31	South Interstate	Washington			0	0	1		291
R	USI	WA087		1994-01-01	2100-12-31	Marina	Washington			0	0	1		291
R	USI	WA088		1994-01-01	2100-12-31	Long	Washington			0	0	1		291
R	USI	WA089		1994-01-01	2100-12-31	Marsh # 1	Washington			0	0	1		291
R	USI	WA090		1994-01-01	2100-12-31	Marsh # 2	Washington			0	0	1		291
R	USI	WA091		1994-01-01	2100-12-31	Marsh # 3	Washington			0	0	1		291
R	USI	WA092		1994-01-01	2100-12-31	Marsh # 4	Washington			0	0	1		291
R	USI	WA093		1994-01-01	2100-12-31	Marsh # 5	Washington			0	0	1		291
R	USI	WA094		1994-01-01	2100-12-31	Marsh # 6	Washington			0	0	1		291
R	USI	WA095		1994-01-01	2100-12-31	Marsh # 7	Washington			0	0	1		291
R	USI	WA096		1994-01-01	2100-12-31	Marsh # 8	Washington			0	0	1		291
R	USI	WA097		1994-01-01	2100-12-31	Marsh # 9	Washington			0	0	1		291
R	USI	WA098		1994-01-01	2100-12-31	Marsh #10	Washington			0	0	1		291
R	USI	WA099		1994-01-01	2100-12-31	Marsh #11	Washington			0	0	1		291
R	USI	WA100		1994-01-01	2100-12-31	Marsh #12	Washington			0	0	1		291
R	USI	WA101		1994-01-01	2100-12-31	Marsh #13	Washington			0	0	1		291
R	USI	WA102		1994-01-01	2100-12-31	Marsh #14	Washington			0	0	1		291
R	USI	WA103		1994-01-01	2100-12-31	Marsh #15	Washington			0	0	1		291
R	USI	WA104		1994-01-01	2100-12-31	Yacht Club	Washington			0	0	1		291
R	USI	WA105		1994-01-01	2100-12-31	East Yacht Club	Washington			0	0	1		291
R	USI	WA106		1994-01-01	2100-12-31	Pot Hole Island #1	Washington			0	0	1		291
R	USI	WA107		1994-01-01	2100-12-31	Pot Hole Island #2	Washington			0	0	1		291
R	USI	WA108		1994-01-01	2100-12-31	Mud Hole	Washington			0	0	1		291
R	USI	WA110		1994-01-01	2100-12-31	Big Coulee	Washington			0	0	1		291
R	USI	WA111		1994-01-01	2100-12-31	Little Coulee	Washington			0	0	1		291
R	USI	WA112		1994-01-01	2100-12-31	Woodtick	Washington			0	0	1		291
R	USI	WA113		1994-01-01	2100-12-31	West Woodtick	Washington			0	0	1		291
R	USI	WA114		1994-01-01	2100-12-31	East Woodtick	Washington			0	0	1		291
R	USI	WA115		1994-01-01	2100-12-31	Elm Tree	Washington			0	0	1		291
R	USI	WA116		1994-01-01	2100-12-31	Ernie's	Washington			0	0	1		291
R	USI	WA117		1994-01-01	2100-12-31	Pussywillow	Washington			0	0	1		291
R	USI	WA118		1994-01-01	2100-12-31	Marsh	Washington			0	0	1		291
R	USI	WA119		1994-01-01	2100-12-31	Big Rock	Washington			0	0	1		291
R	USI	WA120		1994-01-01	2100-12-31	Little Rock	Washington			0	0	1		291
R	USI	WA121		1994-01-01	2100-12-31	Long Rock	Washington			0	0	1		291
R	USI	WA122		1994-01-01	2100-12-31	Grass Island #1	Washington			0	0	1		291
R	USI	WA123		1994-01-01	2100-12-31	Grass Island #2	Washington			0	0	1		291
R	USI	WA124		1994-01-01	2100-12-31	Grass Island #3	Washington			0	0	1		291
R	USI	WA125		1994-01-01	2100-12-31	Bush	Washington			0	0	1		291
R	USI	WA126		1994-01-01	2100-12-31	Big Bush	Washington			0	0	1		291
R	USI	WA127		1994-01-01	2100-12-31	Rock Island #1	Washington			0	0	1		291
R	USI	WA128		1994-01-01	2100-12-31	Rock Island #2	Washington			0	0	1		291
R	USI	WA129		1994-01-01	2100-12-31	Rock Island #3	Washington			0	0	1		291
R	USI	WA130		1994-01-01	2100-12-31	Rock Island #4	Washington			0	0	1		291
R	USI	WA131		1994-01-01	2100-12-31	Sand Dune #1	Washington			0	0	1		291
R	USI	WA132		1994-01-01	2100-12-31	Sand Dune #2	Washington			0	0	1		291
R	USI	WA133		1994-01-01	2100-12-31	Sand Dune #3	Washington			0	0	1		291
R	USI	WA134		1994-01-01	2100-12-31	Straight Six #1	Washington			0	0	1		291
R	USI	WA135		1994-01-01	2100-12-31	Straight Six #2	Washington			0	0	1		291
R	USI	WA136		1994-01-01	2100-12-31	Blalock Island #1	Washington			0	0	1		291
R	USI	WA137		1994-01-01	2100-12-31	Blalock Island #2	Washington			0	0	1		291
R	USI	WA138		1994-01-01	2100-12-31	Blalock Island #3	Washington			0	0	1		291
R	USI	WA139		1994-01-01	2100-12-31	Blalock Island #4	Washington			0	0	1		291
R	USI	WA140		1994-01-01	2100-12-31	Telegraph Island #1	Washington			0	0	1		291
R	USI	WA141		1994-01-01	2100-12-31	Telegraph Island #2	Washington			0	0	1		291
R	USI	WA142		1994-01-01	2100-12-31	Paterson Island #1	Washington			0	0	1		291
R	USI	WA143		1994-01-01	2100-12-31	Paterson Island #2	Washington			0	0	1		291
R	USI	WA144		1994-01-01	2100-12-31	Paterson Island #3	Washington			0	0	1		291
R	USI	WA145		1994-01-01	2100-12-31	North Riverview	Washington			0	0	1		291
R	USI	WA146		1994-01-01	2100-12-31	South Riverview	Washington			0	0	1		291
R	USI	WA147		1994-01-01	2100-12-31	Railroad Bridge #1	Washington			0	0	1		291
R	USI	WA148		1994-01-01	2100-12-31	Railroad Bridge #2	Washington			0	0	1		291
R	USI	WA149		1994-01-01	2100-12-31	Small	Washington			0	0	1		291
R	USI	WA150		1994-01-01	2100-12-31	Paterson Island #4	Washington			0	0	1		291
R	USI	WA151		1994-01-01	2100-12-31	Columbia Point Marina	Washington			0	0	1		291
R	USI	WA152		1994-01-01	2100-12-31	Daroga Tent	Washington			0	0	1		291
R	USI	WA153		1994-01-01	2100-12-31	Fishing Hole	Washington			0	0	1		291
R	USI	WA154		1994-01-01	2100-12-31	Campbell	Washington			0	0	1		291
R	USI	WA155		1994-01-01	2100-12-31	Flat Rock	Washington			0	0	1		291
R	USI	WA156		1994-01-01	2100-12-31	Kamloops	Washington			0	0	1		291
R	USI	WA157		1994-01-01	2100-12-31	Marcus	Washington			0	0	1		291
R	USI	WA158		1994-01-01	2100-12-31	Lions	Washington			0	0	1		291
R	USI	WA159		1994-01-01	2100-12-31	Silcott	Washington			0	0	1		291
R	USI	WA160		1994-01-01	2100-12-31	Chief Timothy	Washington			0	0	1		291
R	USI	WA162		1994-01-01	2100-12-31	Long John	Washington			0	0	1		291
R	USI	WA163		1994-01-01	2100-12-31	Ebey	Washington			0	0	1		291
R	USI	WA164		1994-01-01	2100-12-31	Smith	Washington			0	0	1		291
R	USI	WA165		1994-01-01	2100-12-31	Milltown	Washington			0	0	1		291
R	USI	WA166		1994-01-01	2100-12-31	Harbor	Washington			0	0	1		291
R	USI	WA167		1994-01-01	2100-12-31	Tapps	Washington			0	0	1		291
R	USI	WA168		1994-01-01	2100-12-31	Island#1	Washington			0	0	1		291
R	USI	WA169		1994-01-01	2100-12-31	Island#2	Washington			0	0	1		291
R	USI	WA170		1994-01-01	2100-12-31	Goose	Washington			0	0	1		291
R	USI	WA171		1994-01-01	2100-12-31	East Goose	Washington			0	0	1		291
R	USI	WA172		1994-01-01	2100-12-31	West Goose	Washington			0	0	1		291
R	USI	WA173		1994-01-01	2100-12-31	Matia	Washington			0	0	1		291
R	USI	WA174		1994-01-01	2100-12-31	Hart	Washington			0	0	1		291
R	USI	WA175		1994-01-01	2100-12-31	Spencer	Washington			0	0	1		291
R	USI	WA176		1994-01-01	2100-12-31	Inlet	Washington			0	0	1		291
R	USI	WA177		1994-01-01	2100-12-31	McMicken	Washington			0	0	1		291
R	USI	WA178		1994-01-01	2100-12-31	Hope	Washington			0	0	1		291
R	USI	WA179		1994-01-01	2100-12-31	Home	Washington			0	0	1		291
R	USI	WA180		1994-01-01	2100-12-31	Waadah	Washington			0	0	1		291
R	USI	WA181		1994-01-01	2100-12-31	Doe	Washington			0	0	1		291
R	USI	WA182		1994-01-01	2100-12-31	James	Washington			0	0	1		291
R	USI	WA183		1994-01-01	2100-12-31	Eagle	Washington			0	0	1		291
R	USI	WA184		1994-01-01	2100-12-31	Cypress	Washington			0	0	1		291
R	USI	WA185		1994-01-01	2100-12-31	Crane	Washington			0	0	1		291
R	USI	WA186		1994-01-01	2100-12-31	Resort	Washington			0	0	1		291
R	USI	WA187		1994-01-01	2100-12-31	Ketron	Washington			0	0	1		291
R	USI	WA188		1994-01-01	2100-12-31	Ballinger/Edmount/Goose	Washington			0	0	1		291
R	USI	WA189		1994-01-01	2100-12-31	Gedney/Hat	Washington			0	0	1		291
R	USI	WA190		1994-01-01	2100-12-31	Duck	Washington			0	0	1		291
R	USI	WA191		1994-01-01	2100-12-31	Eliza	Washington			0	0	1		291
R	USI	WA192		1994-01-01	2100-12-31	Dredge	Washington			0	0	1		291
R	USI	WA193		1994-01-01	2100-12-31	Ives	Washington			0	0	1		291
R	USI	WA194		1994-01-01	2100-12-31	Pierce	Washington			0	0	1		291
R	USI	WA195		1994-01-01	2100-12-31	Leque	Washington			0	0	1		291
R	USI	WA196		1994-01-01	2100-12-31	North Ebey	Washington			0	0	1		291
R	USI	WA197		1994-01-01	2100-12-31	North Spencer	Washington			0	0	1		291
R	USI	WA198		1994-01-01	2100-12-31	Florence	Washington			0	0	1		291
R	USI	WA199		1994-01-01	2100-12-31	Silvana	Washington			0	0	1		291
R	USI	WA200		1994-01-01	2100-12-31	Cutts	Washington			0	0	1		291
R	USI	WA201		1994-01-01	2100-12-31	Bankers	Washington			0	0	1		291
R	USI	WA202		1994-01-01	2100-12-31	Bankers Spit	Washington			0	0	1		291
R	USI	WA203		1994-01-01	2100-12-31	Deer	Washington			0	0	1		291
R	USI	WA204		1994-01-01	2100-12-31	Driftwood Point	Washington			0	0	1		291
R	USI	WA205		1994-01-01	2100-12-31	Interlake 1	Washington			0	0	1		291
R	USI	WA206		1994-01-01	2100-12-31	Interlake 2	Washington			0	0	1		291
R	USI	WA207		1994-01-01	2100-12-31	Island 21	Washington			0	0	1		291
R	USI	WA208		1994-01-01	2100-12-31	Stuart	Washington			0	0	1		291
R	USI	WA209		1994-01-01	2100-12-31	Johns	Washington			0	0	1		291
R	USI	WA210		1994-01-01	2100-12-31	Satellite	Washington			0	0	1		291
R	USI	WA211		1994-01-01	2100-12-31	Cemetery	Washington			0	0	1		291
R	USI	WA212		1994-01-01	2100-12-31	Gossip	Washington			0	0	1		291
R	USI	WA213		1994-01-01	2100-12-31	Kiket	Washington			0	0	1		291
R	USI	WA214		1994-01-01	2100-12-31	Lenore	Washington			0	0	1		291
R	USI	WA215		1994-01-01	2100-12-31	Jetty	Washington			0	0	1		291
R	USI	WA216		1994-01-01	2100-12-31	Posey	Washington			0	0	1		291
R	USI	WA217		1994-01-01	2100-12-31	Blind	Washington			0	0	1		291
R	USI	WA218		1994-01-01	2100-12-31	Skull	Washington			0	0	1		291
R	USI	WA219		1994-01-01	2100-12-31	Big Rock	Washington			0	0	1		291
R	USI	WA220		1994-01-01	2100-12-31	Clark	Washington			0	0	1		291
R	USI	WA221		1994-01-01	2100-12-31	Goat	Washington			0	0	1		291
R	USI	WA222		1994-01-01	2100-12-31	Strawberry	Washington			0	0	1		291
R	USI	WA223		1994-01-01	2100-12-31	Deception	Washington			0	0	1		291
R	USI	WA224		1994-01-01	2100-12-31	Blackbird	Washington			0	0	1		291
R	USI	WA225		1994-01-01	2100-12-31	Eden	Washington			0	0	1		291
R	USI	WA226		1994-01-01	2100-12-31	Cullen	Washington			0	0	1		291
R	USI	WA227		1994-01-01	2100-12-31	Ferry Baker	Washington			0	0	1		291
R	USI	WA228		1994-01-01	2100-12-31	Our	Washington			0	0	1		291
R	USI	WA229		1994-01-01	2100-12-31	Ika	Washington			0	0	1		291
R	USI	WA230		1994-01-01	2100-12-31	Craft	Washington			0	0	1		291
R	USI	WA231		1994-01-01	2100-12-31	Turn	Washington			0	0	1		291
R	USI	WA232		1994-01-01	2100-12-31	Washburn	Washington			0	0	1		291
R	USI	WI001		1994-01-01	2100-12-31	Washington	Wisconsin			0	0	1		291
R	USI	WI002		1994-01-01	2100-12-31	Chambers	Wisconsin			0	0	1		291
R	USI	WI003		1994-01-01	2100-12-31	Detroit	Wisconsin			0	0	1		291
R	USI	WI004		1994-01-01	2100-12-31	Outer	Wisconsin			0	0	1		291
R	USI	WI005		1994-01-01	2100-12-31	Hog	Wisconsin			0	0	1		291
R	USI	WI006		1994-01-01	2100-12-31	Madeline	Wisconsin			0	0	1		291
R	USI	WI007		1994-01-01	2100-12-31	Stockton	Wisconsin			0	0	1		291
R	USI	WI008		1994-01-01	2100-12-31	Michigan	Wisconsin			0	0	1		291
R	USI	WI009		1994-01-01	2100-12-31	Long	Wisconsin			0	0	1		291
R	USI	WI010		1994-01-01	2100-12-31	Oak	Wisconsin			0	0	1		291
R	USI	WI011		1994-01-01	2100-12-31	Hermit	Wisconsin			0	0	1		291
R	USI	WI012		1994-01-01	2100-12-31	Manitou	Wisconsin			0	0	1		291
R	USI	WI013		1994-01-01	2100-12-31	Otter	Wisconsin			0	0	1		291
R	USI	WI014		1994-01-01	2100-12-31	Rock	Wisconsin			0	0	1		291
R	USI	WI015		1994-01-01	2100-12-31	Devils	Wisconsin			0	0	1		291
R	USI	WI016		1994-01-01	2100-12-31	Bear	Wisconsin			0	0	1		291
R	USI	WI017		1994-01-01	2100-12-31	York	Wisconsin			0	0	1		291
R	USI	WI018		1994-01-01	2100-12-31	Sand	Wisconsin			0	0	1		291
R	USI	WI019		1994-01-01	2100-12-31	Raspberry	Wisconsin			0	0	1		291
R	USI	WI020		1994-01-01	2100-12-31	Adventure	Wisconsin			0	0	1		291
R	USI	WI021		1994-01-01	2100-12-31	Phantasy	Wisconsin			0	0	1		291
R	USI	WI022		1994-01-01	2100-12-31	West Lincoln Park	Wisconsin			0	0	1		291
R	USI	WI023		1994-01-01	2100-12-31	Kaukauna	Wisconsin			0	0	1		291
R	USI	WI024		1994-01-01	2100-12-31	Elm	Wisconsin			0	0	1		291
R	USI	WI025		1994-01-01	2100-12-31	Thilmany	Wisconsin			0	0	1		291
R	USI	WI026		1994-01-01	2100-12-31	Doty	Wisconsin			0	0	1		291
R	USI	WI027		1994-01-01	2100-12-31	Treasure	Wisconsin			0	0	1		291
R	USI	WI028		1994-01-01	2100-12-31	Big Banana	Wisconsin			0	0	1		291
R	USI	WI029		1994-01-01	2100-12-31	Black Bear	Wisconsin			0	0	1		291
R	USI	WI030		1994-01-01	2100-12-31	Picnic	Wisconsin			0	0	1		291
R	USI	WI031		1994-01-01	2100-12-31	Barkers	Wisconsin			0	0	1		291
R	USI	WI032		1994-01-01	2100-12-31	Plum	Wisconsin			0	0	1		291
R	USI	WI033		1994-01-01	2100-12-31	Pilot	Wisconsin			0	0	1		291
R	USI	WI034		1994-01-01	2100-12-31	Goose	Wisconsin			0	0	1		291
R	USI	WI035		1994-01-01	2100-12-31	La Plume	Wisconsin			0	0	1		291
R	USI	WI036		1994-01-01	2100-12-31	Hog	Wisconsin			0	0	1		291
R	USI	WI037		1994-01-01	2100-12-31	Rahr/Pig Farm	Wisconsin			0	0	1		291
R	USI	WI038		1994-01-01	2100-12-31	Hobo	Wisconsin			0	0	1		291
R	USI	WI039		1994-01-01	2100-12-31	Step-In	Wisconsin			0	0	1		291
R	USI	WI041		1994-01-01	2100-12-31	Blue Heron	Wisconsin			0	0	1		291
R	USI	WI042		1994-01-01	2100-12-31	Clark Mills	Wisconsin			0	0	1		291
R	USI	WI043		1994-01-01	2100-12-31	Door	Wisconsin			0	0	1		291
R	USI	WI044		1994-01-01	2100-12-31	Menasha	Wisconsin			0	0	1		291
R	USI	WI045		1994-01-01	2100-12-31	Strobe	Wisconsin			0	0	1		291
R	USI	WI046		1994-01-01	2100-12-31	The Flats	Wisconsin			0	0	1		291
R	USI	WI047		1994-01-01	2100-12-31	French	Wisconsin			0	0	1		291
R	USI	WI048		1994-01-01	2100-12-31	St. Feriole	Wisconsin			0	0	1		291
R	USI	WI049		1994-01-01	2100-12-31	Coumbe	Wisconsin			0	0	1		291
R	USI	WI050		1994-01-01	2100-12-31	Long	Wisconsin			0	0	1		291
R	USI	WI051		1994-01-01	2100-12-31	Long	Wisconsin			0	0	1		291
R	USI	WI052		1994-01-01	2100-12-31	Bowers	Wisconsin			0	0	1		291
R	USI	WI053		1994-01-01	2100-12-31	Island 205	Wisconsin			0	0	1		291
R	USI	WI054		1994-01-01	2100-12-31	Island 207	Wisconsin			0	0	1		291
R	USI	WI055		1994-01-01	2100-12-31	Appleton Locks #4	Wisconsin			0	0	1		291
R	USI	WI056		1994-01-01	2100-12-31	Rosebrook	Wisconsin			0	0	1		291
R	USI	WI057		1994-01-01	2100-12-31	Banta	Wisconsin			0	0	1		291
R	USI	WI058		1994-01-01	2100-12-31	Millpond	Wisconsin			0	0	1		291
R	USI	WI059		1994-01-01	2100-12-31	Barron	Wisconsin			0	0	1		291
R	USI	WI060		1994-01-01	2100-12-31	Horseshoe	Wisconsin			0	0	1		291
R	USI	WI061		1994-01-01	2100-12-31	Hurricane	Wisconsin			0	0	1		291
R	USI	WI062		1994-01-01	2100-12-31	Green	Wisconsin			0	0	1		291
R	USI	WI063		1994-01-01	2100-12-31	Monkey	Wisconsin			0	0	1		291
R	USI	WI064		1994-01-01	2100-12-31	Asylum Point	Wisconsin			0	0	1		291
R	USI	WI065		1994-01-01	2100-12-31	Cranberry	Wisconsin			0	0	1		291
R	USI	WI066		1994-01-01	2100-12-31	Goodspeed	Wisconsin			0	0	1		291
R	USI	WI067		1994-01-01	2100-12-31	Island 91	Wisconsin			0	0	1		291
R	USI	WI068		1994-01-01	2100-12-31	Pigeon	Wisconsin			0	0	1		291
R	USI	WI069		1994-01-01	2100-12-31	Chief Namakagon	Wisconsin			0	0	1		291
R	USI	WI070		1994-01-01	2100-12-31	Anderson	Wisconsin			0	0	1		291
R	USI	WI071		1994-01-01	2100-12-31	Stumpf	Wisconsin			0	0	1		291
R	USI	WI072		1994-01-01	2100-12-31	Brunet	Wisconsin			0	0	1		291
R	USI	WI073		1994-01-01	2100-12-31	Lighthouse	Wisconsin			0	0	1		291
R	USI	WI074		1994-01-01	2100-12-31	White Birch	Wisconsin			0	0	1		291
R	USI	WI075		1994-01-01	2100-12-31	High Bank	Wisconsin			0	0	1		291
R	USI	WI076		1994-01-01	2100-12-31	Muscoda	Wisconsin			0	0	1		291
R	USI	WI077		1994-01-01	2100-12-31	First	Wisconsin			0	0	1		291
R	USI	WI078		1994-01-01	2100-12-31	Scott Park	Wisconsin			0	0	1		291
R	USI	WV001		1994-01-01	2100-12-31	Wheeling	West Virginia			0	0	1		291
R	USI	WV002		1994-01-01	2100-12-31	Newberry	West Virginia			0	0	1		291
R	USI	WV003		1994-01-01	2100-12-31	Mustapha	West Virginia			0	0	1		291
R	USI	WV004		1994-01-01	2100-12-31	Muskingum	West Virginia			0	0	1		291
R	USI	WV005		1994-01-01	2100-12-31	Halfway	West Virginia			0	0	1		291
R	USI	WV006		1994-01-01	2100-12-31	Neal	West Virginia			0	0	1		291
R	USI	WV007		1994-01-01	2100-12-31	Blennerhassett	West Virginia			0	0	1		291
R	USI	WV008		1994-01-01	2100-12-31	Middle	West Virginia			0	0	1		291
R	USI	WV009		1994-01-01	2100-12-31	Gallipolis	West Virginia			0	0	1		291
R	USI	WV010		1994-01-01	2100-12-31	Buffington	West Virginia			0	0	1		291
R	USI	WV011		1994-01-01	2100-12-31	Eightmile	West Virginia			0	0	1		291
R	USI	WV012		1994-01-01	2100-12-31	Letart	West Virginia			0	0	1		291
R	USI	WV013		1994-01-01	2100-12-31	Buckley	West Virginia			0	0	1		291
R	USI	WV014		1994-01-01	2100-12-31	Broadback/Lower Brothers/Second Brother	West Virginia			0	0	1		291
R	USI	WV016		1994-01-01	2100-12-31	Bridge	West Virginia			0	0	1		291
R	USI	WV017		1994-01-01	2100-12-31	Babbs	West Virginia			0	0	1		291
R	USI	WV018		1994-01-01	2100-12-31	Browns	West Virginia			0	0	1		291
R	USI	WV019		1994-01-01	2100-12-31	Fish Creek	West Virginia			0	0	1		291
R	USI	WY001		1994-01-01	2100-12-31	Peale	West Virginia			0	0	1		291
R	USI	WY002		1994-01-01	2100-12-31	Dot	West Virginia			0	0	1		291
R	USI	WY003		1994-01-01	2100-12-31	Frank	West Virginia			0	0	1		291
R	USI	WY004		1994-01-01	2100-12-31	Elk	West Virginia			0	0	1		291
R	USI	WY005		1994-01-01	2100-12-31	Stevenson	West Virginia			0	0	1		291
R	USI	WY006		1994-01-01	2100-12-31	Arizona	West Virginia			0	0	1		291
R	USI	WY007		1994-01-01	2100-12-31	Grassy	West Virginia			0	0	1		291
R	USI	WY008		1994-01-01	2100-12-31	Marie	West Virginia			0	0	1		291
R	USI	WY009		1994-01-01	2100-12-31	Pacific North	West Virginia			0	0	1		291
R	USI	WY010		1994-01-01	2100-12-31	Pacific West	West Virginia			0	0	1		291
R	USI	WY011		1994-01-01	2100-12-31	Pacific South	West Virginia			0	0	1		291
R	USI	WY012		1994-01-01	2100-12-31	Antler	West Virginia			0	0	1		291
R	USI	WY013		1994-01-01	2100-12-31	Bend	West Virginia			0	0	1		291
R	USI	WY014		1994-01-01	2100-12-31	Bend 2	West Virginia			0	0	1		291
R	USI	WY015		1994-01-01	2100-12-31	Expedition/Island Park	West Virginia			0	0	1		291
R	USI	WY016		1994-01-01	2100-12-31	Gull Point	West Virginia			0	0	1		291
R	USI	WY017		1994-01-01	2100-12-31	Cow	West Virginia			0	0	1		291
R	USI	WY018		1994-01-01	2100-12-31	Donoho Point	West Virginia			0	0	1		291
R	USI	WY019		1994-01-01	2100-12-31	Moose	West Virginia			0	0	1		291
R	USI	WY020		1994-01-01	2100-12-31	Sheffield	West Virginia			0	0	1		291
R	USI	WY021		1994-01-01	2100-12-31	Dollar	West Virginia			0	0	1		291
R	USI	WY022		1994-01-01	2100-12-31	Tonganoxie	West Virginia			0	0	1		291
