# Referencias del diploma WAB. Generado; no se edita a mano.
R	WAB	C30 STR		1945-11-15	2100-12-31		Northern Ireland			0	0	1		265
R	WAB	C31 DER		1945-11-15	2100-12-31		Northern Ireland			0	0	1		265
R	WAB	C31 STR		1945-11-15	2100-12-31		Northern Ireland			0	0	1		265
R	WAB	C32 DER		1945-11-15	2100-12-31		Northern Ireland			0	0	1		265
R	WAB	C40 DER		1945-11-15	2100-12-31		Northern Ireland			0	0	1		265
R	WAB	C40 STR		1945-11-15	2100-12-31		Northern Ireland			0	0	1		265
R	WAB	C41 DER		1945-11-15	2100-12-31		Northern Ireland			0	0	1		265
R	WAB	C41 STR		1945-11-15	2100-12-31		Northern Ireland			0	0	1		265
R	WAB	C42 DER		1945-11-15	2100-12-31		Northern Ireland			0	0	1		265
R	WAB	C50 DER		1945-11-15	2100-12-31		Northern Ireland			0	0	1		265
R	WAB	C50 LIM		1945-11-15	2100-12-31		Northern Ireland			0	0	1		265
R	WAB	C50 STR		1945-11-15	2100-12-31		Northern Ireland			0	0	1		265
R	WAB	C51 DER		1945-11-15	2100-12-31		Northern Ireland			0	0	1		265
R	WAB	C51 LIM		1945-11-15	2100-12-31		Northern Ireland			0	0	1		265
R	WAB	C52 DER		1945-11-15	2100-12-31		Northern Ireland			0	0	1		265
R	WAB	C52 LIM		1945-11-15	2100-12-31		Northern Ireland			0	0	1		265
R	WAB	C60 DER		1945-11-15	2100-12-31		Northern Ireland			0	0	1		265
R	WAB	C60 LIM		1945-11-15	2100-12-31		Northern Ireland			0	0	1		265
R	WAB	C61 LIM		1945-11-15	2100-12-31		Northern Ireland			0	0	1		265
R	WAB	C62 LIM		1945-11-15	2100-12-31		Northern Ireland			0	0	1		265
R	WAB	C63 LIM		1945-11-15	2100-12-31		Northern Ireland			0	0	1		265
R	WAB	C70 CLR		1945-11-15	2100-12-31		Northern Ireland			0	0	1		265
R	WAB	C70 LIM		1945-11-15	2100-12-31		Northern Ireland			0	0	1		265
R	WAB	C70 MAG		1945-11-15	2100-12-31		Northern Ireland			0	0	1		265
R	WAB	C71 CLR		1945-11-15	2100-12-31		Northern Ireland			0	0	1		265
R	WAB	C71 LIM		1945-11-15	2100-12-31		Northern Ireland			0	0	1		265
R	WAB	C72 CLR		1945-11-15	2100-12-31		Northern Ireland			0	0	1		265
R	WAB	C72 LIM		1945-11-15	2100-12-31		Northern Ireland			0	0	1		265
R	WAB	C73 CLR		1945-11-15	2100-12-31		Northern Ireland			0	0	1		265
R	WAB	C73 LIM		1945-11-15	2100-12-31		Northern Ireland			0	0	1		265
R	WAB	C80 CLR		1945-11-15	2100-12-31		Northern Ireland			0	0	1		265
R	WAB	C80 MAG		1945-11-15	2100-12-31		Northern Ireland			0	0	1		265
R	WAB	C81 CLR		1945-11-15	2100-12-31		Northern Ireland			0	0	1		265
R	WAB	C81 MAG		1945-11-15	2100-12-31		Northern Ireland			0	0	1		265
R	WAB	C82 BMY		1945-11-15	2100-12-31		Northern Ireland			0	0	1		265
R	WAB	C82 CLR		1945-11-15	2100-12-31		Northern Ireland			0	0	1		265
R	WAB	C83 CLR		1945-11-15	2100-12-31		Northern Ireland			0	0	1		265
R	WAB	C84 CLR		1945-11-15	2100-12-31		Northern Ireland			0	0	1		265
R	WAB	C90 BMA		1945-11-15	2100-12-31		Northern Ireland			0	0	1		265
R	WAB	C90 BMY		1945-11-15	2100-12-31		Northern Ireland			0	0	1		265
R	WAB	C90 CLR		1945-11-15	2100-12-31		Northern Ireland			0	0	1		265
R	WAB	C90 MAG		1945-11-15	2100-12-31		Northern Ireland			0	0	1		265
R	WAB	C91 BMA		1945-11-15	2100-12-31		Northern Ireland			0	0	1		265
R	WAB	C91 BMY		1945-11-15	2100-12-31		Northern Ireland			0	0	1		265
R	WAB	C91 CLR		1945-11-15	2100-12-31		Northern Ireland			0	0	1		265
R	WAB	C91 MAG		1945-11-15	2100-12-31		Northern Ireland			0	0	1		265
R	WAB	C92 BMY		1945-11-15	2100-12-31		Northern Ireland			0	0	1		265
R	WAB	C92 CLR		1945-11-15	2100-12-31		Northern Ireland			0	0	1		265
R	WAB	C93 BMY		1945-11-15	2100-12-31		Northern Ireland			0	0	1		265
R	WAB	C93 CLR		1945-11-15	2100-12-31		Northern Ireland			0	0	1		265
R	WAB	C93 MOY		1945-11-15	2100-12-31		Northern Ireland			0	0	1		265
R	WAB	C94 CLR		1945-11-15	2100-12-31		Northern Ireland			0	0	1		265
R	WAB	C94 MOY		1945-11-15	2100-12-31		Northern Ireland			0	0	1		265
R	WAB	D00 BMA		1945-11-15	2100-12-31		Northern Ireland			0	0	1		265
R	WAB	D00 BMY		1945-11-15	2100-12-31		Northern Ireland			0	0	1		265
R	WAB	D01 BMA		1945-11-15	2100-12-31		Northern Ireland			0	0	1		265
R	WAB	D01 BMY		1945-11-15	2100-12-31		Northern Ireland			0	0	1		265
R	WAB	D02 BMY		1945-11-15	2100-12-31		Northern Ireland			0	0	1		265
R	WAB	D03 BMY		1945-11-15	2100-12-31		Northern Ireland			0	0	1		265
R	WAB	D03 MOY		1945-11-15	2100-12-31		Northern Ireland			0	0	1		265
R	WAB	D04 MOY		1945-11-15	2100-12-31		Northern Ireland			0	0	1		265
R	WAB	D05 MOY		1945-11-15	2100-12-31		Northern Ireland			0	0	1		265
R	WAB	D10 BMA		1945-11-15	2100-12-31		Northern Ireland			0	0	1		265
R	WAB	D11 BMA		1945-11-15	2100-12-31		Northern Ireland			0	0	1		265
R	WAB	D11 BMY		1945-11-15	2100-12-31		Northern Ireland			0	0	1		265
R	WAB	D11 MOY		1945-11-15	2100-12-31		Northern Ireland			0	0	1		265
R	WAB	D12 BMA		1945-11-15	2100-12-31		Northern Ireland			0	0	1		265
R	WAB	D12 BMY		1945-11-15	2100-12-31		Northern Ireland			0	0	1		265
R	WAB	D12 MOY		1945-11-15	2100-12-31		Northern Ireland			0	0	1		265
R	WAB	D13 BMY		1945-11-15	2100-12-31		Northern Ireland			0	0	1		265
R	WAB	D13 MOY		1945-11-15	2100-12-31		Northern Ireland			0	0	1		265
R	WAB	D14 MOY		1945-11-15	2100-12-31		Northern Ireland			0	0	1		265
R	WAB	D15 MOY		1945-11-15	2100-12-31		Northern Ireland			0	0	1		265
R	WAB	D20 BMA		1945-11-15	2100-12-31		Northern Ireland			0	0	1		265
R	WAB	D20 LAR		1945-11-15	2100-12-31		Northern Ireland			0	0	1		265
R	WAB	D21 BMA		1945-11-15	2100-12-31		Northern Ireland			0	0	1		265
R	WAB	D21 LAR		1945-11-15	2100-12-31		Northern Ireland			0	0	1		265
R	WAB	D21 MOY		1945-11-15	2100-12-31		Northern Ireland			0	0	1		265
R	WAB	D22 LAR		1945-11-15	2100-12-31		Northern Ireland			0	0	1		265
R	WAB	D22 MOY		1945-11-15	2100-12-31		Northern Ireland			0	0	1		265
R	WAB	D23 MOY		1945-11-15	2100-12-31		Northern Ireland			0	0	1		265
R	WAB	D24 MOY		1945-11-15	2100-12-31		Northern Ireland			0	0	1		265
R	WAB	D30 BMA		1945-11-15	2100-12-31		Northern Ireland			0	0	1		265
R	WAB	D30 LAR		1945-11-15	2100-12-31		Northern Ireland			0	0	1		265
R	WAB	D31 LAR		1945-11-15	2100-12-31		Northern Ireland			0	0	1		265
R	WAB	D32 LAR		1945-11-15	2100-12-31		Northern Ireland			0	0	1		265
R	WAB	D40 LAR		1945-11-15	2100-12-31		Northern Ireland			0	0	1		265
R	WAB	D41 LAR		1945-11-15	2100-12-31		Northern Ireland			0	0	1		265
R	WAB	G85 FER		1945-11-15	2100-12-31		Northern Ireland			0	0	1		265
R	WAB	G94 FER		1945-11-15	2100-12-31		Northern Ireland			0	0	1		265
R	WAB	G95 FER		1945-11-15	2100-12-31		Northern Ireland			0	0	1		265
R	WAB	G96 FER		1945-11-15	2100-12-31		Northern Ireland			0	0	1		265
R	WAB	H02 FER		1945-11-15	2100-12-31		Northern Ireland			0	0	1		265
R	WAB	H03 FER		1945-11-15	2100-12-31		Northern Ireland			0	0	1		265
R	WAB	H04 FER		1945-11-15	2100-12-31		Northern Ireland			0	0	1		265
R	WAB	H05 FER		1945-11-15	2100-12-31		Northern Ireland			0	0	1		265
R	WAB	H06 FER		1945-11-15	2100-12-31		Northern Ireland			0	0	1		265
R	WAB	H07 STR		1945-11-15	2100-12-31		Northern Ireland			0	0	1		265
R	WAB	H08 STR		1945-11-15	2100-12-31		Northern Ireland			0	0	1		265
R	WAB	H12 FER		1945-11-15	2100-12-31		Northern Ireland			0	0	1		265
R	WAB	H13 FER		1945-11-15	2100-12-31		Northern Ireland			0	0	1		265
R	WAB	H14 FER		1945-11-15	2100-12-31		Northern Ireland			0	0	1		265
R	WAB	H15 FER		1945-11-15	2100-12-31		Northern Ireland			0	0	1		265
R	WAB	H16 FER		1945-11-15	2100-12-31		Northern Ireland			0	0	1		265
R	WAB	H17 FER		1945-11-15	2100-12-31		Northern Ireland			0	0	1		265
R	WAB	H17 OMA		1945-11-15	2100-12-31		Northern Ireland			0	0	1		265
R	WAB	H17 STR		1945-11-15	2100-12-31		Northern Ireland			0	0	1		265
R	WAB	H18 STR		1945-11-15	2100-12-31		Northern Ireland			0	0	1		265
R	WAB	H21 FER		1945-11-15	2100-12-31		Northern Ireland			0	0	1		265
R	WAB	H22 FER		1945-11-15	2100-12-31		Northern Ireland			0	0	1		265
R	WAB	H23 FER		1945-11-15	2100-12-31		Northern Ireland			0	0	1		265
R	WAB	H24 FER		1945-11-15	2100-12-31		Northern Ireland			0	0	1		265
R	WAB	H25 FER		1945-11-15	2100-12-31		Northern Ireland			0	0	1		265
R	WAB	H25 OMA		1945-11-15	2100-12-31		Northern Ireland			0	0	1		265
R	WAB	H26 FER		1945-11-15	2100-12-31		Northern Ireland			0	0	1		265
R	WAB	H26 OMA		1945-11-15	2100-12-31		Northern Ireland			0	0	1		265
R	WAB	H27 FER		1945-11-15	2100-12-31		Northern Ireland			0	0	1		265
R	WAB	H27 OMA		1945-11-15	2100-12-31		Northern Ireland			0	0	1		265
R	WAB	H27 STR		1945-11-15	2100-12-31		Northern Ireland			0	0	1		265
R	WAB	H28 STR		1945-11-15	2100-12-31		Northern Ireland			0	0	1		265
R	WAB	H29 STR		1945-11-15	2100-12-31		Northern Ireland			0	0	1		265
R	WAB	H31 FER		1945-11-15	2100-12-31		Northern Ireland			0	0	1		265
R	WAB	H32 FER		1945-11-15	2100-12-31		Northern Ireland			0	0	1		265
R	WAB	H33 FER		1945-11-15	2100-12-31		Northern Ireland			0	0	1		265
R	WAB	H34 FER		1945-11-15	2100-12-31		Northern Ireland			0	0	1		265
R	WAB	H35 FER		1945-11-15	2100-12-31		Northern Ireland			0	0	1		265
R	WAB	H35 OMA		1945-11-15	2100-12-31		Northern Ireland			0	0	1		265
R	WAB	H36 FER		1945-11-15	2100-12-31		Northern Ireland			0	0	1		265
R	WAB	H36 OMA		1945-11-15	2100-12-31		Northern Ireland			0	0	1		265
R	WAB	H37 OMA		1945-11-15	2100-12-31		Northern Ireland			0	0	1		265
R	WAB	H37 STR		1945-11-15	2100-12-31		Northern Ireland			0	0	1		265
R	WAB	H38 OMA		1945-11-15	2100-12-31		Northern Ireland			0	0	1		265
R	WAB	H38 STR		1945-11-15	2100-12-31		Northern Ireland			0	0	1		265
R	WAB	H39 STR		1945-11-15	2100-12-31		Northern Ireland			0	0	1		265
R	WAB	H41 FER		1945-11-15	2100-12-31		Northern Ireland			0	0	1		265
R	WAB	H42 FER		1945-11-15	2100-12-31		Northern Ireland			0	0	1		265
R	WAB	H43 FER		1945-11-15	2100-12-31		Northern Ireland			0	0	1		265
R	WAB	H44 DGN		1945-11-15	2100-12-31		Northern Ireland			0	0	1		265
R	WAB	H44 FER		1945-11-15	2100-12-31		Northern Ireland			0	0	1		265
R	WAB	H45 DGN		1945-11-15	2100-12-31		Northern Ireland			0	0	1		265
R	WAB	H45 FER		1945-11-15	2100-12-31		Northern Ireland			0	0	1		265
R	WAB	H45 OMA		1945-11-15	2100-12-31		Northern Ireland			0	0	1		265
R	WAB	H46 OMA		1945-11-15	2100-12-31		Northern Ireland			0	0	1		265
R	WAB	H47 OMA		1945-11-15	2100-12-31		Northern Ireland			0	0	1		265
R	WAB	H48 OMA		1945-11-15	2100-12-31		Northern Ireland			0	0	1		265
R	WAB	H48 STR		1945-11-15	2100-12-31		Northern Ireland			0	0	1		265
R	WAB	H49 STR		1945-11-15	2100-12-31		Northern Ireland			0	0	1		265
R	WAB	H52 FER		1945-11-15	2100-12-31		Northern Ireland			0	0	1		265
R	WAB	H53 FER		1945-11-15	2100-12-31		Northern Ireland			0	0	1		265
R	WAB	H54 DGN		1945-11-15	2100-12-31		Northern Ireland			0	0	1		265
R	WAB	H54 FER		1945-11-15	2100-12-31		Northern Ireland			0	0	1		265
R	WAB	H55 DGN		1945-11-15	2100-12-31		Northern Ireland			0	0	1		265
R	WAB	H55 OMA		1945-11-15	2100-12-31		Northern Ireland			0	0	1		265
R	WAB	H56 DGN		1945-11-15	2100-12-31		Northern Ireland			0	0	1		265
R	WAB	H56 OMA		1945-11-15	2100-12-31		Northern Ireland			0	0	1		265
R	WAB	H57 OMA		1945-11-15	2100-12-31		Northern Ireland			0	0	1		265
R	WAB	H58 OMA		1945-11-15	2100-12-31		Northern Ireland			0	0	1		265
R	WAB	H58 STR		1945-11-15	2100-12-31		Northern Ireland			0	0	1		265
R	WAB	H59 DER		1945-11-15	2100-12-31		Northern Ireland			0	0	1		265
R	WAB	H59 OMA		1945-11-15	2100-12-31		Northern Ireland			0	0	1		265
R	WAB	H59 STR		1945-11-15	2100-12-31		Northern Ireland			0	0	1		265
R	WAB	H64 DGN		1945-11-15	2100-12-31		Northern Ireland			0	0	1		265
R	WAB	H65 DGN		1945-11-15	2100-12-31		Northern Ireland			0	0	1		265
R	WAB	H66 COO		1945-11-15	2100-12-31		Northern Ireland			0	0	1		265
R	WAB	H66 DGN		1945-11-15	2100-12-31		Northern Ireland			0	0	1		265
R	WAB	H66 OMA		1945-11-15	2100-12-31		Northern Ireland			0	0	1		265
R	WAB	H67 COO		1945-11-15	2100-12-31		Northern Ireland			0	0	1		265
R	WAB	H67 DGN		1945-11-15	2100-12-31		Northern Ireland			0	0	1		265
R	WAB	H67 OMA		1945-11-15	2100-12-31		Northern Ireland			0	0	1		265
R	WAB	H68 COO		1945-11-15	2100-12-31		Northern Ireland			0	0	1		265
R	WAB	H68 MAG		1945-11-15	2100-12-31		Northern Ireland			0	0	1		265
R	WAB	H68 OMA		1945-11-15	2100-12-31		Northern Ireland			0	0	1		265
R	WAB	H69 DER		1945-11-15	2100-12-31		Northern Ireland			0	0	1		265
R	WAB	H69 LIM		1945-11-15	2100-12-31		Northern Ireland			0	0	1		265
R	WAB	H69 MAG		1945-11-15	2100-12-31		Northern Ireland			0	0	1		265
R	WAB	H69 OMA		1945-11-15	2100-12-31		Northern Ireland			0	0	1		265
R	WAB	H69 STR		1945-11-15	2100-12-31		Northern Ireland			0	0	1		265
R	WAB	H72 AMH		1945-11-15	2100-12-31		Northern Ireland			0	0	1		265
R	WAB	H73 AMH		1945-11-15	2100-12-31		Northern Ireland			0	0	1		265
R	WAB	H74 AMH		1945-11-15	2100-12-31		Northern Ireland			0	0	1		265
R	WAB	H74 DGN		1945-11-15	2100-12-31		Northern Ireland			0	0	1		265
R	WAB	H75 AMH		1945-11-15	2100-12-31		Northern Ireland			0	0	1		265
R	WAB	H75 DGN		1945-11-15	2100-12-31		Northern Ireland			0	0	1		265
R	WAB	H76 COO		1945-11-15	2100-12-31		Northern Ireland			0	0	1		265
R	WAB	H76 DGN		1945-11-15	2100-12-31		Northern Ireland			0	0	1		265
R	WAB	H77 COO		1945-11-15	2100-12-31		Northern Ireland			0	0	1		265
R	WAB	H77 DGN		1945-11-15	2100-12-31		Northern Ireland			0	0	1		265
R	WAB	H78 COO		1945-11-15	2100-12-31		Northern Ireland			0	0	1		265
R	WAB	H78 MAG		1945-11-15	2100-12-31		Northern Ireland			0	0	1		265
R	WAB	H79 LIM		1945-11-15	2100-12-31		Northern Ireland			0	0	1		265
R	WAB	H79 MAG		1945-11-15	2100-12-31		Northern Ireland			0	0	1		265
R	WAB	H79 STR		1945-11-15	2100-12-31		Northern Ireland			0	0	1		265
R	WAB	H81 NMO		1945-11-15	2100-12-31		Northern Ireland			0	0	1		265
R	WAB	H82 AMH		1945-11-15	2100-12-31		Northern Ireland			0	0	1		265
R	WAB	H82 NMO		1945-11-15	2100-12-31		Northern Ireland			0	0	1		265
R	WAB	H83 AMH		1945-11-15	2100-12-31		Northern Ireland			0	0	1		265
R	WAB	H84 AMH		1945-11-15	2100-12-31		Northern Ireland			0	0	1		265
R	WAB	H85 AMH		1945-11-15	2100-12-31		Northern Ireland			0	0	1		265
R	WAB	H85 DGN		1945-11-15	2100-12-31		Northern Ireland			0	0	1		265
R	WAB	H86 COO		1945-11-15	2100-12-31		Northern Ireland			0	0	1		265
R	WAB	H86 DGN		1945-11-15	2100-12-31		Northern Ireland			0	0	1		265
R	WAB	H87 COO		1945-11-15	2100-12-31		Northern Ireland			0	0	1		265
R	WAB	H87 DGN		1945-11-15	2100-12-31		Northern Ireland			0	0	1		265
R	WAB	H88 COO		1945-11-15	2100-12-31		Northern Ireland			0	0	1		265
R	WAB	H88 MAG		1945-11-15	2100-12-31		Northern Ireland			0	0	1		265
R	WAB	H89 MAG		1945-11-15	2100-12-31		Northern Ireland			0	0	1		265
R	WAB	H91 NMO		1945-11-15	2100-12-31		Northern Ireland			0	0	1		265
R	WAB	H92 AMH		1945-11-15	2100-12-31		Northern Ireland			0	0	1		265
R	WAB	H92 NMO		1945-11-15	2100-12-31		Northern Ireland			0	0	1		265
R	WAB	H93 AMH		1945-11-15	2100-12-31		Northern Ireland			0	0	1		265
R	WAB	H93 NMO		1945-11-15	2100-12-31		Northern Ireland			0	0	1		265
R	WAB	H94 AMH		1945-11-15	2100-12-31		Northern Ireland			0	0	1		265
R	WAB	H94 CRA		1945-11-15	2100-12-31		Northern Ireland			0	0	1		265
R	WAB	H95 AMH		1945-11-15	2100-12-31		Northern Ireland			0	0	1		265
R	WAB	H95 CRA		1945-11-15	2100-12-31		Northern Ireland			0	0	1		265
R	WAB	H95 DGN		1945-11-15	2100-12-31		Northern Ireland			0	0	1		265
R	WAB	H96 COO		1945-11-15	2100-12-31		Northern Ireland			0	0	1		265
R	WAB	H96 CRA		1945-11-15	2100-12-31		Northern Ireland			0	0	1		265
R	WAB	H96 DGN		1945-11-15	2100-12-31		Northern Ireland			0	0	1		265
R	WAB	H97 COO		1945-11-15	2100-12-31		Northern Ireland			0	0	1		265
R	WAB	H98 ANT		1945-11-15	2100-12-31		Northern Ireland			0	0	1		265
R	WAB	H98 COO		1945-11-15	2100-12-31		Northern Ireland			0	0	1		265
R	WAB	H98 MAG		1945-11-15	2100-12-31		Northern Ireland			0	0	1		265
R	WAB	H99 ANT		1945-11-15	2100-12-31		Northern Ireland			0	0	1		265
R	WAB	H99 BMA		1945-11-15	2100-12-31		Northern Ireland			0	0	1		265
R	WAB	H99 MAG		1945-11-15	2100-12-31		Northern Ireland			0	0	1		265
R	WAB	HP40 SLD		1945-11-15	2100-12-31		Scotland			0	0	1		279
R	WAB	HP50 SLD		1945-11-15	2100-12-31		Scotland			0	0	1		279
R	WAB	HP51 SLD		1945-11-15	2100-12-31		Scotland			0	0	1		279
R	WAB	HP60 SLD		1945-11-15	2100-12-31		Scotland			0	0	1		279
R	WAB	HP61 SLD		1945-11-15	2100-12-31		Scotland			0	0	1		279
R	WAB	HP62 SLD		1945-11-15	2100-12-31		Scotland			0	0	1		279
R	WAB	HT93 SLD		1945-11-15	2100-12-31		Scotland			0	0	1		279
R	WAB	HT94 SLD		1945-11-15	2100-12-31		Scotland			0	0	1		279
R	WAB	HU06 SLD		1945-11-15	2100-12-31		Scotland			0	0	1		279
R	WAB	HU14 SLD		1945-11-15	2100-12-31		Scotland			0	0	1		279
R	WAB	HU15 SLD		1945-11-15	2100-12-31		Scotland			0	0	1		279
R	WAB	HU16 SLD		1945-11-15	2100-12-31		Scotland			0	0	1		279
R	WAB	HU24 SLD		1945-11-15	2100-12-31		Scotland			0	0	1		279
R	WAB	HU25 SLD		1945-11-15	2100-12-31		Scotland			0	0	1		279
R	WAB	HU26 SLD		1945-11-15	2100-12-31		Scotland			0	0	1		279
R	WAB	HU27 SLD		1945-11-15	2100-12-31		Scotland			0	0	1		279
R	WAB	HU28 SLD		1945-11-15	2100-12-31		Scotland			0	0	1		279
R	WAB	HU30 SLD		1945-11-15	2100-12-31		Scotland			0	0	1		279
R	WAB	HU31 SLD		1945-11-15	2100-12-31		Scotland			0	0	1		279
R	WAB	HU32 SLD		1945-11-15	2100-12-31		Scotland			0	0	1		279
R	WAB	HU33 SLD		1945-11-15	2100-12-31		Scotland			0	0	1		279
R	WAB	HU34 SLD		1945-11-15	2100-12-31		Scotland			0	0	1		279
R	WAB	HU35 SLD		1945-11-15	2100-12-31		Scotland			0	0	1		279
R	WAB	HU36 SLD		1945-11-15	2100-12-31		Scotland			0	0	1		279
R	WAB	HU37 SLD		1945-11-15	2100-12-31		Scotland			0	0	1		279
R	WAB	HU38 SLD		1945-11-15	2100-12-31		Scotland			0	0	1		279
R	WAB	HU39 SLD		1945-11-15	2100-12-31		Scotland			0	0	1		279
R	WAB	HU40 SLD		1945-11-15	2100-12-31		Scotland			0	0	1		279
R	WAB	HU41 SLD		1945-11-15	2100-12-31		Scotland			0	0	1		279
R	WAB	HU42 SLD		1945-11-15	2100-12-31		Scotland			0	0	1		279
R	WAB	HU43 SLD		1945-11-15	2100-12-31		Scotland			0	0	1		279
R	WAB	HU44 SLD		1945-11-15	2100-12-31		Scotland			0	0	1		279
R	WAB	HU45 SLD		1945-11-15	2100-12-31		Scotland			0	0	1		279
R	WAB	HU46 SLD		1945-11-15	2100-12-31		Scotland			0	0	1		279
R	WAB	HU47 SLD		1945-11-15	2100-12-31		Scotland			0	0	1		279
R	WAB	HU48 SLD		1945-11-15	2100-12-31		Scotland			0	0	1		279
R	WAB	HU49 SLD		1945-11-15	2100-12-31		Scotland			0	0	1		279
R	WAB	HU53 SLD		1945-11-15	2100-12-31		Scotland			0	0	1		279
R	WAB	HU54 SLD		1945-11-15	2100-12-31		Scotland			0	0	1		279
R	WAB	HU55 SLD		1945-11-15	2100-12-31		Scotland			0	0	1		279
R	WAB	HU56 SLD		1945-11-15	2100-12-31		Scotland			0	0	1		279
R	WAB	HU57 SLD		1945-11-15	2100-12-31		Scotland			0	0	1		279
R	WAB	HU58 SLD		1945-11-15	2100-12-31		Scotland			0	0	1		279
R	WAB	HU59 SLD		1945-11-15	2100-12-31		Scotland			0	0	1		279
R	WAB	HU66 SLD		1945-11-15	2100-12-31		Scotland			0	0	1		279
R	WAB	HU67 SLD		1945-11-15	2100-12-31		Scotland			0	0	1		279
R	WAB	HU68 SLD		1945-11-15	2100-12-31		Scotland			0	0	1		279
R	WAB	HU69 SLD		1945-11-15	2100-12-31		Scotland			0	0	1		279
R	WAB	HU77 SLD		1945-11-15	2100-12-31		Scotland			0	0	1		279
R	WAB	HW62 WIL		1945-11-15	2100-12-31		Scotland			0	0	1		279
R	WAB	HW63 WIL		1945-11-15	2100-12-31		Scotland			0	0	1		279
R	WAB	HW73 WIL		1945-11-15	2100-12-31		Scotland			0	0	1		279
R	WAB	HW83 WIL		1945-11-15	2100-12-31		Scotland			0	0	1		279
R	WAB	HX51 OKE		1945-11-15	2100-12-31		Scotland			0	0	1		279
R	WAB	HX62 OKE		1945-11-15	2100-12-31		Scotland			0	0	1		279
R	WAB	HY10 OKE		1945-11-15	2100-12-31		Scotland			0	0	1		279
R	WAB	HY20 OKE		1945-11-15	2100-12-31		Scotland			0	0	1		279
R	WAB	HY21 OKE		1945-11-15	2100-12-31		Scotland			0	0	1		279
R	WAB	HY22 OKE		1945-11-15	2100-12-31		Scotland			0	0	1		279
R	WAB	HY23 OKE		1945-11-15	2100-12-31		Scotland			0	0	1		279
R	WAB	HY30 OKE		1945-11-15	2100-12-31		Scotland			0	0	1		279
R	WAB	HY31 OKE		1945-11-15	2100-12-31		Scotland			0	0	1		279
R	WAB	HY32 OKE		1945-11-15	2100-12-31		Scotland			0	0	1		279
R	WAB	HY33 OKE		1945-11-15	2100-12-31		Scotland			0	0	1		279
R	WAB	HY34 OKE		1945-11-15	2100-12-31		Scotland			0	0	1		279
R	WAB	HY35 OKE		1945-11-15	2100-12-31		Scotland			0	0	1		279
R	WAB	HY40 OKE		1945-11-15	2100-12-31		Scotland			0	0	1		279
R	WAB	HY41 OKE		1945-11-15	2100-12-31		Scotland			0	0	1		279
R	WAB	HY42 OKE		1945-11-15	2100-12-31		Scotland			0	0	1		279
R	WAB	HY43 OKE		1945-11-15	2100-12-31		Scotland			0	0	1		279
R	WAB	HY44 OKE		1945-11-15	2100-12-31		Scotland			0	0	1		279
R	WAB	HY45 OKE		1945-11-15	2100-12-31		Scotland			0	0	1		279
R	WAB	HY50 OKE		1945-11-15	2100-12-31		Scotland			0	0	1		279
R	WAB	HY51 OKE		1945-11-15	2100-12-31		Scotland			0	0	1		279
R	WAB	HY52 OKE		1945-11-15	2100-12-31		Scotland			0	0	1		279
R	WAB	HY53 OKE		1945-11-15	2100-12-31		Scotland			0	0	1		279
R	WAB	HY54 OKE		1945-11-15	2100-12-31		Scotland			0	0	1		279
R	WAB	HY55 OKE		1945-11-15	2100-12-31		Scotland			0	0	1		279
R	WAB	HY60 OKE		1945-11-15	2100-12-31		Scotland			0	0	1		279
R	WAB	HY61 OKE		1945-11-15	2100-12-31		Scotland			0	0	1		279
R	WAB	HY62 OKE		1945-11-15	2100-12-31		Scotland			0	0	1		279
R	WAB	HY63 OKE		1945-11-15	2100-12-31		Scotland			0	0	1		279
R	WAB	HY64 OKE		1945-11-15	2100-12-31		Scotland			0	0	1		279
R	WAB	HY73 OKE		1945-11-15	2100-12-31		Scotland			0	0	1		279
R	WAB	HY74 OKE		1945-11-15	2100-12-31		Scotland			0	0	1		279
R	WAB	HY75 OKE		1945-11-15	2100-12-31		Scotland			0	0	1		279
R	WAB	HZ16 SLD		1945-11-15	2100-12-31		Scotland			0	0	1		279
R	WAB	HZ17 SLD		1945-11-15	2100-12-31		Scotland			0	0	1		279
R	WAB	HZ26 SLD		1945-11-15	2100-12-31		Scotland			0	0	1		279
R	WAB	HZ27 SLD		1945-11-15	2100-12-31		Scotland			0	0	1		279
R	WAB	J01 NMO		1945-11-15	2100-12-31		Northern Ireland			0	0	1		265
R	WAB	J02 NMO		1945-11-15	2100-12-31		Northern Ireland			0	0	1		265
R	WAB	J03 AMH		1945-11-15	2100-12-31		Northern Ireland			0	0	1		265
R	WAB	J03 BAN		1945-11-15	2100-12-31		Northern Ireland			0	0	1		265
R	WAB	J03 NMO		1945-11-15	2100-12-31		Northern Ireland			0	0	1		265
R	WAB	J04 AMH		1945-11-15	2100-12-31		Northern Ireland			0	0	1		265
R	WAB	J04 BAN		1945-11-15	2100-12-31		Northern Ireland			0	0	1		265
R	WAB	J04 CRA		1945-11-15	2100-12-31		Northern Ireland			0	0	1		265
R	WAB	J05 AMH		1945-11-15	2100-12-31		Northern Ireland			0	0	1		265
R	WAB	J05 BAN		1945-11-15	2100-12-31		Northern Ireland			0	0	1		265
R	WAB	J05 CRA		1945-11-15	2100-12-31		Northern Ireland			0	0	1		265
R	WAB	J06 CRA		1945-11-15	2100-12-31		Northern Ireland			0	0	1		265
R	WAB	J07 ANT		1945-11-15	2100-12-31		Northern Ireland			0	0	1		265
R	WAB	J07 CRA		1945-11-15	2100-12-31		Northern Ireland			0	0	1		265
R	WAB	J07 LIS		1945-11-15	2100-12-31		Northern Ireland			0	0	1		265
R	WAB	J08 ANT		1945-11-15	2100-12-31		Northern Ireland			0	0	1		265
R	WAB	J09 ANT		1945-11-15	2100-12-31		Northern Ireland			0	0	1		265
R	WAB	J09 BMA		1945-11-15	2100-12-31		Northern Ireland			0	0	1		265
R	WAB	J11 NMO		1945-11-15	2100-12-31		Northern Ireland			0	0	1		265
R	WAB	J12 NMO		1945-11-15	2100-12-31		Northern Ireland			0	0	1		265
R	WAB	J13 BAN		1945-11-15	2100-12-31		Northern Ireland			0	0	1		265
R	WAB	J13 NMO		1945-11-15	2100-12-31		Northern Ireland			0	0	1		265
R	WAB	J14 BAN		1945-11-15	2100-12-31		Northern Ireland			0	0	1		265
R	WAB	J15 BAN		1945-11-15	2100-12-31		Northern Ireland			0	0	1		265
R	WAB	J15 CRA		1945-11-15	2100-12-31		Northern Ireland			0	0	1		265
R	WAB	J15 LIS		1945-11-15	2100-12-31		Northern Ireland			0	0	1		265
R	WAB	J16 CRA		1945-11-15	2100-12-31		Northern Ireland			0	0	1		265
R	WAB	J16 LIS		1945-11-15	2100-12-31		Northern Ireland			0	0	1		265
R	WAB	J17 ANT		1945-11-15	2100-12-31		Northern Ireland			0	0	1		265
R	WAB	J17 CRA		1945-11-15	2100-12-31		Northern Ireland			0	0	1		265
R	WAB	J17 LIS		1945-11-15	2100-12-31		Northern Ireland			0	0	1		265
R	WAB	J18 ANT		1945-11-15	2100-12-31		Northern Ireland			0	0	1		265
R	WAB	J19 ANT		1945-11-15	2100-12-31		Northern Ireland			0	0	1		265
R	WAB	J19 BMA		1945-11-15	2100-12-31		Northern Ireland			0	0	1		265
R	WAB	J20 NMO		1945-11-15	2100-12-31		Northern Ireland			0	0	1		265
R	WAB	J21 NMO		1945-11-15	2100-12-31		Northern Ireland			0	0	1		265
R	WAB	J22 DOW		1945-11-15	2100-12-31		Northern Ireland			0	0	1		265
R	WAB	J22 NMO		1945-11-15	2100-12-31		Northern Ireland			0	0	1		265
R	WAB	J23 BAN		1945-11-15	2100-12-31		Northern Ireland			0	0	1		265
R	WAB	J23 DOW		1945-11-15	2100-12-31		Northern Ireland			0	0	1		265
R	WAB	J23 NMO		1945-11-15	2100-12-31		Northern Ireland			0	0	1		265
R	WAB	J24 BAN		1945-11-15	2100-12-31		Northern Ireland			0	0	1		265
R	WAB	J24 LIS		1945-11-15	2100-12-31		Northern Ireland			0	0	1		265
R	WAB	J25 BAN		1945-11-15	2100-12-31		Northern Ireland			0	0	1		265
R	WAB	J25 LIS		1945-11-15	2100-12-31		Northern Ireland			0	0	1		265
R	WAB	J26 BEL		1945-11-15	2100-12-31		Northern Ireland			0	0	1		265
R	WAB	J26 LIS		1945-11-15	2100-12-31		Northern Ireland			0	0	1		265
R	WAB	J27 ANT		1945-11-15	2100-12-31		Northern Ireland			0	0	1		265
R	WAB	J27 BEL		1945-11-15	2100-12-31		Northern Ireland			0	0	1		265
R	WAB	J27 LIS		1945-11-15	2100-12-31		Northern Ireland			0	0	1		265
R	WAB	J28 ANT		1945-11-15	2100-12-31		Northern Ireland			0	0	1		265
R	WAB	J28 BEL		1945-11-15	2100-12-31		Northern Ireland			0	0	1		265
R	WAB	J28 NTA		1945-11-15	2100-12-31		Northern Ireland			0	0	1		265
R	WAB	J29 ANT		1945-11-15	2100-12-31		Northern Ireland			0	0	1		265
R	WAB	J29 BMA		1945-11-15	2100-12-31		Northern Ireland			0	0	1		265
R	WAB	J29 LAR		1945-11-15	2100-12-31		Northern Ireland			0	0	1		265
R	WAB	J29 NTA		1945-11-15	2100-12-31		Northern Ireland			0	0	1		265
R	WAB	J31 NMO		1945-11-15	2100-12-31		Northern Ireland			0	0	1		265
R	WAB	J32 DOW		1945-11-15	2100-12-31		Northern Ireland			0	0	1		265
R	WAB	J32 NMO		1945-11-15	2100-12-31		Northern Ireland			0	0	1		265
R	WAB	J33 BAN		1945-11-15	2100-12-31		Northern Ireland			0	0	1		265
R	WAB	J33 DOW		1945-11-15	2100-12-31		Northern Ireland			0	0	1		265
R	WAB	J34 BAN		1945-11-15	2100-12-31		Northern Ireland			0	0	1		265
R	WAB	J34 DOW		1945-11-15	2100-12-31		Northern Ireland			0	0	1		265
R	WAB	J34 LIS		1945-11-15	2100-12-31		Northern Ireland			0	0	1		265
R	WAB	J35 BAN		1945-11-15	2100-12-31		Northern Ireland			0	0	1		265
R	WAB	J35 DOW		1945-11-15	2100-12-31		Northern Ireland			0	0	1		265
R	WAB	J35 LIS		1945-11-15	2100-12-31		Northern Ireland			0	0	1		265
R	WAB	J36 BEL		1945-11-15	2100-12-31		Northern Ireland			0	0	1		265
R	WAB	J36 CAS		1945-11-15	2100-12-31		Northern Ireland			0	0	1		265
R	WAB	J36 DOW		1945-11-15	2100-12-31		Northern Ireland			0	0	1		265
R	WAB	J36 LIS		1945-11-15	2100-12-31		Northern Ireland			0	0	1		265
R	WAB	J37 BEL		1945-11-15	2100-12-31		Northern Ireland			0	0	1		265
R	WAB	J37 CAS		1945-11-15	2100-12-31		Northern Ireland			0	0	1		265
R	WAB	J37 DNN		1945-11-15	2100-12-31		Northern Ireland			0	0	1		265
R	WAB	J37 NTA		1945-11-15	2100-12-31		Northern Ireland			0	0	1		265
R	WAB	J38 BEL		1945-11-15	2100-12-31		Northern Ireland			0	0	1		265
R	WAB	J38 CRF		1945-11-15	2100-12-31		Northern Ireland			0	0	1		265
R	WAB	J38 NTA		1945-11-15	2100-12-31		Northern Ireland			0	0	1		265
R	WAB	J39 BMA		1945-11-15	2100-12-31		Northern Ireland			0	0	1		265
R	WAB	J39 CRF		1945-11-15	2100-12-31		Northern Ireland			0	0	1		265
R	WAB	J39 LAR		1945-11-15	2100-12-31		Northern Ireland			0	0	1		265
R	WAB	J39 NTA		1945-11-15	2100-12-31		Northern Ireland			0	0	1		265
R	WAB	J43 DOW		1945-11-15	2100-12-31		Northern Ireland			0	0	1		265
R	WAB	J44 DOW		1945-11-15	2100-12-31		Northern Ireland			0	0	1		265
R	WAB	J45 ARD		1945-11-15	2100-12-31		Northern Ireland			0	0	1		265
R	WAB	J45 DOW		1945-11-15	2100-12-31		Northern Ireland			0	0	1		265
R	WAB	J46 ARD		1945-11-15	2100-12-31		Northern Ireland			0	0	1		265
R	WAB	J46 CAS		1945-11-15	2100-12-31		Northern Ireland			0	0	1		265
R	WAB	J46 DOW		1945-11-15	2100-12-31		Northern Ireland			0	0	1		265
R	WAB	J47 ARD		1945-11-15	2100-12-31		Northern Ireland			0	0	1		265
R	WAB	J47 BEL		1945-11-15	2100-12-31		Northern Ireland			0	0	1		265
R	WAB	J47 CAS		1945-11-15	2100-12-31		Northern Ireland			0	0	1		265
R	WAB	J47 DNN		1945-11-15	2100-12-31		Northern Ireland			0	0	1		265
R	WAB	J48 CRF		1945-11-15	2100-12-31		Northern Ireland			0	0	1		265
R	WAB	J48 DNN		1945-11-15	2100-12-31		Northern Ireland			0	0	1		265
R	WAB	J49 CRF		1945-11-15	2100-12-31		Northern Ireland			0	0	1		265
R	WAB	J49 LAR		1945-11-15	2100-12-31		Northern Ireland			0	0	1		265
R	WAB	J53 DOW		1945-11-15	2100-12-31		Northern Ireland			0	0	1		265
R	WAB	J54 ARD		1945-11-15	2100-12-31		Northern Ireland			0	0	1		265
R	WAB	J54 DOW		1945-11-15	2100-12-31		Northern Ireland			0	0	1		265
R	WAB	J55 ARD		1945-11-15	2100-12-31		Northern Ireland			0	0	1		265
R	WAB	J55 DOW		1945-11-15	2100-12-31		Northern Ireland			0	0	1		265
R	WAB	J56 ARD		1945-11-15	2100-12-31		Northern Ireland			0	0	1		265
R	WAB	J57 ARD		1945-11-15	2100-12-31		Northern Ireland			0	0	1		265
R	WAB	J57 DNN		1945-11-15	2100-12-31		Northern Ireland			0	0	1		265
R	WAB	J58 ARD		1945-11-15	2100-12-31		Northern Ireland			0	0	1		265
R	WAB	J58 DNN		1945-11-15	2100-12-31		Northern Ireland			0	0	1		265
R	WAB	J64 ARD		1945-11-15	2100-12-31		Northern Ireland			0	0	1		265
R	WAB	J64 DOW		1945-11-15	2100-12-31		Northern Ireland			0	0	1		265
R	WAB	J65 ARD		1945-11-15	2100-12-31		Northern Ireland			0	0	1		265
R	WAB	J66 ARD		1945-11-15	2100-12-31		Northern Ireland			0	0	1		265
R	WAB	J67 ARD		1945-11-15	2100-12-31		Northern Ireland			0	0	1		265
R	WAB	J68 ARD		1945-11-15	2100-12-31		Northern Ireland			0	0	1		265
R	WAB	NA00 WIL		1945-11-15	2100-12-31		Scotland			0	0	1		279
R	WAB	NA10 WIL		1945-11-15	2100-12-31		Scotland			0	0	1		279
R	WAB	NA64 WIL		1945-11-15	2100-12-31		Scotland			0	0	1		279
R	WAB	NA74 WIL		1945-11-15	2100-12-31		Scotland			0	0	1		279
R	WAB	NA81 WIL		1945-11-15	2100-12-31		Scotland			0	0	1		279
R	WAB	NA90 WIL		1945-11-15	2100-12-31		Scotland			0	0	1		279
R	WAB	NA91 WIL		1945-11-15	2100-12-31		Scotland			0	0	1		279
R	WAB	NA92 WIL		1945-11-15	2100-12-31		Scotland			0	0	1		279
R	WAB	NA93 WIL		1945-11-15	2100-12-31		Scotland			0	0	1		279
R	WAB	NB00 WIL		1945-11-15	2100-12-31		Scotland			0	0	1		279
R	WAB	NB01 WIL		1945-11-15	2100-12-31		Scotland			0	0	1		279
R	WAB	NB02 WIL		1945-11-15	2100-12-31		Scotland			0	0	1		279
R	WAB	NB03 WIL		1945-11-15	2100-12-31		Scotland			0	0	1		279
R	WAB	NB10 WIL		1945-11-15	2100-12-31		Scotland			0	0	1		279
R	WAB	NB11 WIL		1945-11-15	2100-12-31		Scotland			0	0	1		279
R	WAB	NB12 WIL		1945-11-15	2100-12-31		Scotland			0	0	1		279
R	WAB	NB13 WIL		1945-11-15	2100-12-31		Scotland			0	0	1		279
R	WAB	NB14 WIL		1945-11-15	2100-12-31		Scotland			0	0	1		279
R	WAB	NB20 WIL		1945-11-15	2100-12-31		Scotland			0	0	1		279
R	WAB	NB21 WIL		1945-11-15	2100-12-31		Scotland			0	0	1		279
R	WAB	NB22 WIL		1945-11-15	2100-12-31		Scotland			0	0	1		279
R	WAB	NB23 WIL		1945-11-15	2100-12-31		Scotland			0	0	1		279
R	WAB	NB24 WIL		1945-11-15	2100-12-31		Scotland			0	0	1		279
R	WAB	NB25 WIL		1945-11-15	2100-12-31		Scotland			0	0	1		279
R	WAB	NB30 WIL		1945-11-15	2100-12-31		Scotland			0	0	1		279
R	WAB	NB31 WIL		1945-11-15	2100-12-31		Scotland			0	0	1		279
R	WAB	NB32 WIL		1945-11-15	2100-12-31		Scotland			0	0	1		279
R	WAB	NB33 WIL		1945-11-15	2100-12-31		Scotland			0	0	1		279
R	WAB	NB34 WIL		1945-11-15	2100-12-31		Scotland			0	0	1		279
R	WAB	NB35 WIL		1945-11-15	2100-12-31		Scotland			0	0	1		279
R	WAB	NB40 WIL		1945-11-15	2100-12-31		Scotland			0	0	1		279
R	WAB	NB41 WIL		1945-11-15	2100-12-31		Scotland			0	0	1		279
R	WAB	NB42 WIL		1945-11-15	2100-12-31		Scotland			0	0	1		279
R	WAB	NB43 WIL		1945-11-15	2100-12-31		Scotland			0	0	1		279
R	WAB	NB44 WIL		1945-11-15	2100-12-31		Scotland			0	0	1		279
R	WAB	NB45 WIL		1945-11-15	2100-12-31		Scotland			0	0	1		279
R	WAB	NB46 WIL		1945-11-15	2100-12-31		Scotland			0	0	1		279
R	WAB	NB52 WIL		1945-11-15	2100-12-31		Scotland			0	0	1		279
R	WAB	NB53 WIL		1945-11-15	2100-12-31		Scotland			0	0	1		279
R	WAB	NB54 WIL		1945-11-15	2100-12-31		Scotland			0	0	1		279
R	WAB	NB55 WIL		1945-11-15	2100-12-31		Scotland			0	0	1		279
R	WAB	NB56 WIL		1945-11-15	2100-12-31		Scotland			0	0	1		279
R	WAB	NB90 HIG		1945-11-15	2100-12-31		Scotland			0	0	1		279
R	WAB	NB91 HIG		1945-11-15	2100-12-31		Scotland			0	0	1		279
R	WAB	NC00 HIG		1945-11-15	2100-12-31		Scotland			0	0	1		279
R	WAB	NC01 HIG		1945-11-15	2100-12-31		Scotland			0	0	1		279
R	WAB	NC02 HIG		1945-11-15	2100-12-31		Scotland			0	0	1		279
R	WAB	NC03 HIG		1945-11-15	2100-12-31		Scotland			0	0	1		279
R	WAB	NC10 HIG		1945-11-15	2100-12-31		Scotland			0	0	1		279
R	WAB	NC11 HIG		1945-11-15	2100-12-31		Scotland			0	0	1		279
R	WAB	NC12 HIG		1945-11-15	2100-12-31		Scotland			0	0	1		279
R	WAB	NC13 HIG		1945-11-15	2100-12-31		Scotland			0	0	1		279
R	WAB	NC14 HIG		1945-11-15	2100-12-31		Scotland			0	0	1		279
R	WAB	NC15 HIG		1945-11-15	2100-12-31		Scotland			0	0	1		279
R	WAB	NC16 HIG		1945-11-15	2100-12-31		Scotland			0	0	1		279
R	WAB	NC20 HIG		1945-11-15	2100-12-31		Scotland			0	0	1		279
R	WAB	NC21 HIG		1945-11-15	2100-12-31		Scotland			0	0	1		279
R	WAB	NC22 HIG		1945-11-15	2100-12-31		Scotland			0	0	1		279
R	WAB	NC23 HIG		1945-11-15	2100-12-31		Scotland			0	0	1		279
R	WAB	NC24 HIG		1945-11-15	2100-12-31		Scotland			0	0	1		279
R	WAB	NC25 HIG		1945-11-15	2100-12-31		Scotland			0	0	1		279
R	WAB	NC26 HIG		1945-11-15	2100-12-31		Scotland			0	0	1		279
R	WAB	NC27 HIG		1945-11-15	2100-12-31		Scotland			0	0	1		279
R	WAB	NC30 HIG		1945-11-15	2100-12-31		Scotland			0	0	1		279
R	WAB	NC31 HIG		1945-11-15	2100-12-31		Scotland			0	0	1		279
R	WAB	NC32 HIG		1945-11-15	2100-12-31		Scotland			0	0	1		279
R	WAB	NC33 HIG		1945-11-15	2100-12-31		Scotland			0	0	1		279
R	WAB	NC34 HIG		1945-11-15	2100-12-31		Scotland			0	0	1		279
R	WAB	NC35 HIG		1945-11-15	2100-12-31		Scotland			0	0	1		279
R	WAB	NC36 HIG		1945-11-15	2100-12-31		Scotland			0	0	1		279
R	WAB	NC37 HIG		1945-11-15	2100-12-31		Scotland			0	0	1		279
R	WAB	NC40 HIG		1945-11-15	2100-12-31		Scotland			0	0	1		279
R	WAB	NC41 HIG		1945-11-15	2100-12-31		Scotland			0	0	1		279
R	WAB	NC42 HIG		1945-11-15	2100-12-31		Scotland			0	0	1		279
R	WAB	NC43 HIG		1945-11-15	2100-12-31		Scotland			0	0	1		279
R	WAB	NC44 HIG		1945-11-15	2100-12-31		Scotland			0	0	1		279
R	WAB	NC45 HIG		1945-11-15	2100-12-31		Scotland			0	0	1		279
R	WAB	NC46 HIG		1945-11-15	2100-12-31		Scotland			0	0	1		279
R	WAB	NC47 HIG		1945-11-15	2100-12-31		Scotland			0	0	1		279
R	WAB	NC50 HIG		1945-11-15	2100-12-31		Scotland			0	0	1		279
R	WAB	NC51 HIG		1945-11-15	2100-12-31		Scotland			0	0	1		279
R	WAB	NC52 HIG		1945-11-15	2100-12-31		Scotland			0	0	1		279
R	WAB	NC53 HIG		1945-11-15	2100-12-31		Scotland			0	0	1		279
R	WAB	NC54 HIG		1945-11-15	2100-12-31		Scotland			0	0	1		279
R	WAB	NC55 HIG		1945-11-15	2100-12-31		Scotland			0	0	1		279
R	WAB	NC56 HIG		1945-11-15	2100-12-31		Scotland			0	0	1		279
R	WAB	NC60 HIG		1945-11-15	2100-12-31		Scotland			0	0	1		279
R	WAB	NC61 HIG		1945-11-15	2100-12-31		Scotland			0	0	1		279
R	WAB	NC62 HIG		1945-11-15	2100-12-31		Scotland			0	0	1		279
R	WAB	NC63 HIG		1945-11-15	2100-12-31		Scotland			0	0	1		279
R	WAB	NC64 HIG		1945-11-15	2100-12-31		Scotland			0	0	1		279
R	WAB	NC65 HIG		1945-11-15	2100-12-31		Scotland			0	0	1		279
R	WAB	NC66 HIG		1945-11-15	2100-12-31		Scotland			0	0	1		279
R	WAB	NC70 HIG		1945-11-15	2100-12-31		Scotland			0	0	1		279
R	WAB	NC71 HIG		1945-11-15	2100-12-31		Scotland			0	0	1		279
R	WAB	NC72 HIG		1945-11-15	2100-12-31		Scotland			0	0	1		279
R	WAB	NC73 HIG		1945-11-15	2100-12-31		Scotland			0	0	1		279
R	WAB	NC74 HIG		1945-11-15	2100-12-31		Scotland			0	0	1		279
R	WAB	NC75 HIG		1945-11-15	2100-12-31		Scotland			0	0	1		279
R	WAB	NC76 HIG		1945-11-15	2100-12-31		Scotland			0	0	1		279
R	WAB	NC80 HIG		1945-11-15	2100-12-31		Scotland			0	0	1		279
R	WAB	NC81 HIG		1945-11-15	2100-12-31		Scotland			0	0	1		279
R	WAB	NC82 HIG		1945-11-15	2100-12-31		Scotland			0	0	1		279
R	WAB	NC83 HIG		1945-11-15	2100-12-31		Scotland			0	0	1		279
R	WAB	NC84 HIG		1945-11-15	2100-12-31		Scotland			0	0	1		279
R	WAB	NC85 HIG		1945-11-15	2100-12-31		Scotland			0	0	1		279
R	WAB	NC86 HIG		1945-11-15	2100-12-31		Scotland			0	0	1		279
R	WAB	NC87 HIG		1945-11-15	2100-12-31		Scotland			0	0	1		279
R	WAB	NC90 HIG		1945-11-15	2100-12-31		Scotland			0	0	1		279
R	WAB	NC91 HIG		1945-11-15	2100-12-31		Scotland			0	0	1		279
R	WAB	NC92 HIG		1945-11-15	2100-12-31		Scotland			0	0	1		279
R	WAB	NC93 HIG		1945-11-15	2100-12-31		Scotland			0	0	1		279
R	WAB	NC94 HIG		1945-11-15	2100-12-31		Scotland			0	0	1		279
R	WAB	NC95 HIG		1945-11-15	2100-12-31		Scotland			0	0	1		279
R	WAB	NC96 HIG		1945-11-15	2100-12-31		Scotland			0	0	1		279
R	WAB	ND01 HIG		1945-11-15	2100-12-31		Scotland			0	0	1		279
R	WAB	ND02 HIG		1945-11-15	2100-12-31		Scotland			0	0	1		279
R	WAB	ND03 HIG		1945-11-15	2100-12-31		Scotland			0	0	1		279
R	WAB	ND04 HIG		1945-11-15	2100-12-31		Scotland			0	0	1		279
R	WAB	ND05 HIG		1945-11-15	2100-12-31		Scotland			0	0	1		279
R	WAB	ND06 HIG		1945-11-15	2100-12-31		Scotland			0	0	1		279
R	WAB	ND07 HIG		1945-11-15	2100-12-31		Scotland			0	0	1		279
R	WAB	ND12 HIG		1945-11-15	2100-12-31		Scotland			0	0	1		279
R	WAB	ND13 HIG		1945-11-15	2100-12-31		Scotland			0	0	1		279
R	WAB	ND14 HIG		1945-11-15	2100-12-31		Scotland			0	0	1		279
R	WAB	ND15 HIG		1945-11-15	2100-12-31		Scotland			0	0	1		279
R	WAB	ND16 HIG		1945-11-15	2100-12-31		Scotland			0	0	1		279
R	WAB	ND17 HIG		1945-11-15	2100-12-31		Scotland			0	0	1		279
R	WAB	ND19 OKE		1945-11-15	2100-12-31		Scotland			0	0	1		279
R	WAB	ND23 HIG		1945-11-15	2100-12-31		Scotland			0	0	1		279
R	WAB	ND24 HIG		1945-11-15	2100-12-31		Scotland			0	0	1		279
R	WAB	ND25 HIG		1945-11-15	2100-12-31		Scotland			0	0	1		279
R	WAB	ND26 HIG		1945-11-15	2100-12-31		Scotland			0	0	1		279
R	WAB	ND27 HIG		1945-11-15	2100-12-31		Scotland			0	0	1		279
R	WAB	ND28 OKE		1945-11-15	2100-12-31		Scotland			0	0	1		279
R	WAB	ND29 OKE		1945-11-15	2100-12-31		Scotland			0	0	1		279
R	WAB	ND33 HIG		1945-11-15	2100-12-31		Scotland			0	0	1		279
R	WAB	ND34 HIG		1945-11-15	2100-12-31		Scotland			0	0	1		279
R	WAB	ND35 HIG		1945-11-15	2100-12-31		Scotland			0	0	1		279
R	WAB	ND36 HIG		1945-11-15	2100-12-31		Scotland			0	0	1		279
R	WAB	ND37 HIG		1945-11-15	2100-12-31		Scotland			0	0	1		279
R	WAB	ND38 OKE		1945-11-15	2100-12-31		Scotland			0	0	1		279
R	WAB	ND39 OKE		1945-11-15	2100-12-31		Scotland			0	0	1		279
R	WAB	ND47 HIG		1945-11-15	2100-12-31		Scotland			0	0	1		279
R	WAB	ND47 OKE		1945-11-15	2100-12-31		Scotland			0	0	1		279
R	WAB	ND48 OKE		1945-11-15	2100-12-31		Scotland			0	0	1		279
R	WAB	ND49 OKE		1945-11-15	2100-12-31		Scotland			0	0	1		279
R	WAB	ND59 OKE		1945-11-15	2100-12-31		Scotland			0	0	1		279
R	WAB	NF09 WIL		1945-11-15	2100-12-31		Scotland			0	0	1		279
R	WAB	NF19 WIL		1945-11-15	2100-12-31		Scotland			0	0	1		279
R	WAB	NF56 WIL		1945-11-15	2100-12-31		Scotland			0	0	1		279
R	WAB	NF58 WIL		1945-11-15	2100-12-31		Scotland			0	0	1		279
R	WAB	NF60 WIL		1945-11-15	2100-12-31		Scotland			0	0	1		279
R	WAB	NF61 WIL		1945-11-15	2100-12-31		Scotland			0	0	1		279
R	WAB	NF66 WIL		1945-11-15	2100-12-31		Scotland			0	0	1		279
R	WAB	NF67 WIL		1945-11-15	2100-12-31		Scotland			0	0	1		279
R	WAB	NF68 WIL		1945-11-15	2100-12-31		Scotland			0	0	1		279
R	WAB	NF70 WIL		1945-11-15	2100-12-31		Scotland			0	0	1		279
R	WAB	NF71 WIL		1945-11-15	2100-12-31		Scotland			0	0	1		279
R	WAB	NF72 WIL		1945-11-15	2100-12-31		Scotland			0	0	1		279
R	WAB	NF73 WIL		1945-11-15	2100-12-31		Scotland			0	0	1		279
R	WAB	NF74 WIL		1945-11-15	2100-12-31		Scotland			0	0	1		279
R	WAB	NF75 WIL		1945-11-15	2100-12-31		Scotland			0	0	1		279
R	WAB	NF76 WIL		1945-11-15	2100-12-31		Scotland			0	0	1		279
R	WAB	NF77 WIL		1945-11-15	2100-12-31		Scotland			0	0	1		279
R	WAB	NF80 WIL		1945-11-15	2100-12-31		Scotland			0	0	1		279
R	WAB	NF81 WIL		1945-11-15	2100-12-31		Scotland			0	0	1		279
R	WAB	NF82 WIL		1945-11-15	2100-12-31		Scotland			0	0	1		279
R	WAB	NF83 WIL		1945-11-15	2100-12-31		Scotland			0	0	1		279
R	WAB	NF84 WIL		1945-11-15	2100-12-31		Scotland			0	0	1		279
R	WAB	NF85 WIL		1945-11-15	2100-12-31		Scotland			0	0	1		279
R	WAB	NF86 WIL		1945-11-15	2100-12-31		Scotland			0	0	1		279
R	WAB	NF87 WIL		1945-11-15	2100-12-31		Scotland			0	0	1		279
R	WAB	NF88 WIL		1945-11-15	2100-12-31		Scotland			0	0	1		279
R	WAB	NF89 WIL		1945-11-15	2100-12-31		Scotland			0	0	1		279
R	WAB	NF95 WIL		1945-11-15	2100-12-31		Scotland			0	0	1		279
R	WAB	NF96 WIL		1945-11-15	2100-12-31		Scotland			0	0	1		279
R	WAB	NF97 WIL		1945-11-15	2100-12-31		Scotland			0	0	1		279
R	WAB	NF98 WIL		1945-11-15	2100-12-31		Scotland			0	0	1		279
R	WAB	NF99 WIL		1945-11-15	2100-12-31		Scotland			0	0	1		279
R	WAB	NG07 WIL		1945-11-15	2100-12-31		Scotland			0	0	1		279
R	WAB	NG08 WIL		1945-11-15	2100-12-31		Scotland			0	0	1		279
R	WAB	NG09 WIL		1945-11-15	2100-12-31		Scotland			0	0	1		279
R	WAB	NG10 HIG		1945-11-15	2100-12-31		Scotland			0	0	1		279
R	WAB	NG13 HIG		1945-11-15	2100-12-31		Scotland			0	0	1		279
R	WAB	NG14 HIG		1945-11-15	2100-12-31		Scotland			0	0	1		279
R	WAB	NG15 HIG		1945-11-15	2100-12-31		Scotland			0	0	1		279
R	WAB	NG18 WIL		1945-11-15	2100-12-31		Scotland			0	0	1		279
R	WAB	NG19 WIL		1945-11-15	2100-12-31		Scotland			0	0	1		279
R	WAB	NG20 HIG		1945-11-15	2100-12-31		Scotland			0	0	1		279
R	WAB	NG23 HIG		1945-11-15	2100-12-31		Scotland			0	0	1		279
R	WAB	NG24 HIG		1945-11-15	2100-12-31		Scotland			0	0	1		279
R	WAB	NG25 HIG		1945-11-15	2100-12-31		Scotland			0	0	1		279
R	WAB	NG26 HIG		1945-11-15	2100-12-31		Scotland			0	0	1		279
R	WAB	NG29 WIL		1945-11-15	2100-12-31		Scotland			0	0	1		279
R	WAB	NG30 HIG		1945-11-15	2100-12-31		Scotland			0	0	1		279
R	WAB	NG31 HIG		1945-11-15	2100-12-31		Scotland			0	0	1		279
R	WAB	NG32 HIG		1945-11-15	2100-12-31		Scotland			0	0	1		279
R	WAB	NG33 HIG		1945-11-15	2100-12-31		Scotland			0	0	1		279
R	WAB	NG34 HIG		1945-11-15	2100-12-31		Scotland			0	0	1		279
R	WAB	NG35 HIG		1945-11-15	2100-12-31		Scotland			0	0	1		279
R	WAB	NG36 HIG		1945-11-15	2100-12-31		Scotland			0	0	1		279
R	WAB	NG37 HIG		1945-11-15	2100-12-31		Scotland			0	0	1		279
R	WAB	NG38 HIG		1945-11-15	2100-12-31		Scotland			0	0	1		279
R	WAB	NG39 WIL		1945-11-15	2100-12-31		Scotland			0	0	1		279
R	WAB	NG40 HIG		1945-11-15	2100-12-31		Scotland			0	0	1		279
R	WAB	NG41 HIG		1945-11-15	2100-12-31		Scotland			0	0	1		279
R	WAB	NG42 HIG		1945-11-15	2100-12-31		Scotland			0	0	1		279
R	WAB	NG43 HIG		1945-11-15	2100-12-31		Scotland			0	0	1		279
R	WAB	NG44 HIG		1945-11-15	2100-12-31		Scotland			0	0	1		279
R	WAB	NG45 HIG		1945-11-15	2100-12-31		Scotland			0	0	1		279
R	WAB	NG46 HIG		1945-11-15	2100-12-31		Scotland			0	0	1		279
R	WAB	NG47 HIG		1945-11-15	2100-12-31		Scotland			0	0	1		279
R	WAB	NG49 WIL		1945-11-15	2100-12-31		Scotland			0	0	1		279
R	WAB	NG50 HIG		1945-11-15	2100-12-31		Scotland			0	0	1		279
R	WAB	NG51 HIG		1945-11-15	2100-12-31		Scotland			0	0	1		279
R	WAB	NG52 HIG		1945-11-15	2100-12-31		Scotland			0	0	1		279
R	WAB	NG53 HIG		1945-11-15	2100-12-31		Scotland			0	0	1		279
R	WAB	NG54 HIG		1945-11-15	2100-12-31		Scotland			0	0	1		279
R	WAB	NG55 HIG		1945-11-15	2100-12-31		Scotland			0	0	1		279
R	WAB	NG56 HIG		1945-11-15	2100-12-31		Scotland			0	0	1		279
R	WAB	NG60 HIG		1945-11-15	2100-12-31		Scotland			0	0	1		279
R	WAB	NG61 HIG		1945-11-15	2100-12-31		Scotland			0	0	1		279
R	WAB	NG62 HIG		1945-11-15	2100-12-31		Scotland			0	0	1		279
R	WAB	NG63 HIG		1945-11-15	2100-12-31		Scotland			0	0	1		279
R	WAB	NG64 HIG		1945-11-15	2100-12-31		Scotland			0	0	1		279
R	WAB	NG65 HIG		1945-11-15	2100-12-31		Scotland			0	0	1		279
R	WAB	NG66 HIG		1945-11-15	2100-12-31		Scotland			0	0	1		279
R	WAB	NG70 HIG		1945-11-15	2100-12-31		Scotland			0	0	1		279
R	WAB	NG71 HIG		1945-11-15	2100-12-31		Scotland			0	0	1		279
R	WAB	NG72 HIG		1945-11-15	2100-12-31		Scotland			0	0	1		279
R	WAB	NG73 HIG		1945-11-15	2100-12-31		Scotland			0	0	1		279
R	WAB	NG74 HIG		1945-11-15	2100-12-31		Scotland			0	0	1		279
R	WAB	NG75 HIG		1945-11-15	2100-12-31		Scotland			0	0	1		279
R	WAB	NG76 HIG		1945-11-15	2100-12-31		Scotland			0	0	1		279
R	WAB	NG77 HIG		1945-11-15	2100-12-31		Scotland			0	0	1		279
R	WAB	NG78 HIG		1945-11-15	2100-12-31		Scotland			0	0	1		279
R	WAB	NG79 HIG		1945-11-15	2100-12-31		Scotland			0	0	1		279
R	WAB	NG80 HIG		1945-11-15	2100-12-31		Scotland			0	0	1		279
R	WAB	NG81 HIG		1945-11-15	2100-12-31		Scotland			0	0	1		279
R	WAB	NG82 HIG		1945-11-15	2100-12-31		Scotland			0	0	1		279
R	WAB	NG83 HIG		1945-11-15	2100-12-31		Scotland			0	0	1		279
R	WAB	NG84 HIG		1945-11-15	2100-12-31		Scotland			0	0	1		279
R	WAB	NG85 HIG		1945-11-15	2100-12-31		Scotland			0	0	1		279
R	WAB	NG86 HIG		1945-11-15	2100-12-31		Scotland			0	0	1		279
R	WAB	NG87 HIG		1945-11-15	2100-12-31		Scotland			0	0	1		279
R	WAB	NG88 HIG		1945-11-15	2100-12-31		Scotland			0	0	1		279
R	WAB	NG89 HIG		1945-11-15	2100-12-31		Scotland			0	0	1		279
R	WAB	NG90 HIG		1945-11-15	2100-12-31		Scotland			0	0	1		279
R	WAB	NG91 HIG		1945-11-15	2100-12-31		Scotland			0	0	1		279
R	WAB	NG92 HIG		1945-11-15	2100-12-31		Scotland			0	0	1		279
R	WAB	NG93 HIG		1945-11-15	2100-12-31		Scotland			0	0	1		279
R	WAB	NG94 HIG		1945-11-15	2100-12-31		Scotland			0	0	1		279
R	WAB	NG95 HIG		1945-11-15	2100-12-31		Scotland			0	0	1		279
R	WAB	NG96 HIG		1945-11-15	2100-12-31		Scotland			0	0	1		279
R	WAB	NG97 HIG		1945-11-15	2100-12-31		Scotland			0	0	1		279
R	WAB	NG98 HIG		1945-11-15	2100-12-31		Scotland			0	0	1		279
R	WAB	NG99 HIG		1945-11-15	2100-12-31		Scotland			0	0	1		279
R	WAB	NH00 HIG		1945-11-15	2100-12-31		Scotland			0	0	1		279
R	WAB	NH01 HIG		1945-11-15	2100-12-31		Scotland			0	0	1		279
R	WAB	NH02 HIG		1945-11-15	2100-12-31		Scotland			0	0	1		279
R	WAB	NH03 HIG		1945-11-15	2100-12-31		Scotland			0	0	1		279
R	WAB	NH04 HIG		1945-11-15	2100-12-31		Scotland			0	0	1		279
R	WAB	NH05 HIG		1945-11-15	2100-12-31		Scotland			0	0	1		279
R	WAB	NH06 HIG		1945-11-15	2100-12-31		Scotland			0	0	1		279
R	WAB	NH07 HIG		1945-11-15	2100-12-31		Scotland			0	0	1		279
R	WAB	NH08 HIG		1945-11-15	2100-12-31		Scotland			0	0	1		279
R	WAB	NH09 HIG		1945-11-15	2100-12-31		Scotland			0	0	1		279
R	WAB	NH10 HIG		1945-11-15	2100-12-31		Scotland			0	0	1		279
R	WAB	NH11 HIG		1945-11-15	2100-12-31		Scotland			0	0	1		279
R	WAB	NH12 HIG		1945-11-15	2100-12-31		Scotland			0	0	1		279
R	WAB	NH13 HIG		1945-11-15	2100-12-31		Scotland			0	0	1		279
R	WAB	NH14 HIG		1945-11-15	2100-12-31		Scotland			0	0	1		279
R	WAB	NH15 HIG		1945-11-15	2100-12-31		Scotland			0	0	1		279
R	WAB	NH16 HIG		1945-11-15	2100-12-31		Scotland			0	0	1		279
R	WAB	NH17 HIG		1945-11-15	2100-12-31		Scotland			0	0	1		279
R	WAB	NH18 HIG		1945-11-15	2100-12-31		Scotland			0	0	1		279
R	WAB	NH19 HIG		1945-11-15	2100-12-31		Scotland			0	0	1		279
R	WAB	NH20 HIG		1945-11-15	2100-12-31		Scotland			0	0	1		279
R	WAB	NH21 HIG		1945-11-15	2100-12-31		Scotland			0	0	1		279
R	WAB	NH22 HIG		1945-11-15	2100-12-31		Scotland			0	0	1		279
R	WAB	NH23 HIG		1945-11-15	2100-12-31		Scotland			0	0	1		279
R	WAB	NH24 HIG		1945-11-15	2100-12-31		Scotland			0	0	1		279
R	WAB	NH25 HIG		1945-11-15	2100-12-31		Scotland			0	0	1		279
R	WAB	NH26 HIG		1945-11-15	2100-12-31		Scotland			0	0	1		279
R	WAB	NH27 HIG		1945-11-15	2100-12-31		Scotland			0	0	1		279
R	WAB	NH28 HIG		1945-11-15	2100-12-31		Scotland			0	0	1		279
R	WAB	NH29 HIG		1945-11-15	2100-12-31		Scotland			0	0	1		279
R	WAB	NH30 HIG		1945-11-15	2100-12-31		Scotland			0	0	1		279
R	WAB	NH31 HIG		1945-11-15	2100-12-31		Scotland			0	0	1		279
R	WAB	NH32 HIG		1945-11-15	2100-12-31		Scotland			0	0	1		279
R	WAB	NH33 HIG		1945-11-15	2100-12-31		Scotland			0	0	1		279
R	WAB	NH34 HIG		1945-11-15	2100-12-31		Scotland			0	0	1		279
R	WAB	NH35 HIG		1945-11-15	2100-12-31		Scotland			0	0	1		279
R	WAB	NH36 HIG		1945-11-15	2100-12-31		Scotland			0	0	1		279
R	WAB	NH37 HIG		1945-11-15	2100-12-31		Scotland			0	0	1		279
R	WAB	NH38 HIG		1945-11-15	2100-12-31		Scotland			0	0	1		279
R	WAB	NH39 HIG		1945-11-15	2100-12-31		Scotland			0	0	1		279
R	WAB	NH40 HIG		1945-11-15	2100-12-31		Scotland			0	0	1		279
R	WAB	NH41 HIG		1945-11-15	2100-12-31		Scotland			0	0	1		279
R	WAB	NH42 HIG		1945-11-15	2100-12-31		Scotland			0	0	1		279
R	WAB	NH43 HIG		1945-11-15	2100-12-31		Scotland			0	0	1		279
R	WAB	NH44 HIG		1945-11-15	2100-12-31		Scotland			0	0	1		279
R	WAB	NH45 HIG		1945-11-15	2100-12-31		Scotland			0	0	1		279
R	WAB	NH46 HIG		1945-11-15	2100-12-31		Scotland			0	0	1		279
R	WAB	NH47 HIG		1945-11-15	2100-12-31		Scotland			0	0	1		279
R	WAB	NH48 HIG		1945-11-15	2100-12-31		Scotland			0	0	1		279
R	WAB	NH49 HIG		1945-11-15	2100-12-31		Scotland			0	0	1		279
R	WAB	NH50 HIG		1945-11-15	2100-12-31		Scotland			0	0	1		279
R	WAB	NH51 HIG		1945-11-15	2100-12-31		Scotland			0	0	1		279
R	WAB	NH52 HIG		1945-11-15	2100-12-31		Scotland			0	0	1		279
R	WAB	NH53 HIG		1945-11-15	2100-12-31		Scotland			0	0	1		279
R	WAB	NH54 HIG		1945-11-15	2100-12-31		Scotland			0	0	1		279
R	WAB	NH55 HIG		1945-11-15	2100-12-31		Scotland			0	0	1		279
R	WAB	NH56 HIG		1945-11-15	2100-12-31		Scotland			0	0	1		279
R	WAB	NH57 HIG		1945-11-15	2100-12-31		Scotland			0	0	1		279
R	WAB	NH58 HIG		1945-11-15	2100-12-31		Scotland			0	0	1		279
R	WAB	NH59 HIG		1945-11-15	2100-12-31		Scotland			0	0	1		279
R	WAB	NH60 HIG		1945-11-15	2100-12-31		Scotland			0	0	1		279
R	WAB	NH61 HIG		1945-11-15	2100-12-31		Scotland			0	0	1		279
R	WAB	NH62 HIG		1945-11-15	2100-12-31		Scotland			0	0	1		279
R	WAB	NH63 HIG		1945-11-15	2100-12-31		Scotland			0	0	1		279
R	WAB	NH64 HIG		1945-11-15	2100-12-31		Scotland			0	0	1		279
R	WAB	NH65 HIG		1945-11-15	2100-12-31		Scotland			0	0	1		279
R	WAB	NH66 HIG		1945-11-15	2100-12-31		Scotland			0	0	1		279
R	WAB	NH67 HIG		1945-11-15	2100-12-31		Scotland			0	0	1		279
R	WAB	NH68 HIG		1945-11-15	2100-12-31		Scotland			0	0	1		279
R	WAB	NH69 HIG		1945-11-15	2100-12-31		Scotland			0	0	1		279
R	WAB	NH70 HIG		1945-11-15	2100-12-31		Scotland			0	0	1		279
R	WAB	NH71 HIG		1945-11-15	2100-12-31		Scotland			0	0	1		279
R	WAB	NH72 HIG		1945-11-15	2100-12-31		Scotland			0	0	1		279
R	WAB	NH73 HIG		1945-11-15	2100-12-31		Scotland			0	0	1		279
R	WAB	NH74 HIG		1945-11-15	2100-12-31		Scotland			0	0	1		279
R	WAB	NH75 HIG		1945-11-15	2100-12-31		Scotland			0	0	1		279
R	WAB	NH76 HIG		1945-11-15	2100-12-31		Scotland			0	0	1		279
R	WAB	NH77 HIG		1945-11-15	2100-12-31		Scotland			0	0	1		279
R	WAB	NH78 HIG		1945-11-15	2100-12-31		Scotland			0	0	1		279
R	WAB	NH79 HIG		1945-11-15	2100-12-31		Scotland			0	0	1		279
R	WAB	NH80 HIG		1945-11-15	2100-12-31		Scotland			0	0	1		279
R	WAB	NH81 HIG		1945-11-15	2100-12-31		Scotland			0	0	1		279
R	WAB	NH82 HIG		1945-11-15	2100-12-31		Scotland			0	0	1		279
R	WAB	NH83 HIG		1945-11-15	2100-12-31		Scotland			0	0	1		279
R	WAB	NH84 HIG		1945-11-15	2100-12-31		Scotland			0	0	1		279
R	WAB	NH85 HIG		1945-11-15	2100-12-31		Scotland			0	0	1		279
R	WAB	NH86 HIG		1945-11-15	2100-12-31		Scotland			0	0	1		279
R	WAB	NH87 HIG		1945-11-15	2100-12-31		Scotland			0	0	1		279
R	WAB	NH88 HIG		1945-11-15	2100-12-31		Scotland			0	0	1		279
R	WAB	NH89 HIG		1945-11-15	2100-12-31		Scotland			0	0	1		279
R	WAB	NH90 ADS		1945-11-15	2100-12-31		Scotland			0	0	1		279
R	WAB	NH90 HIG		1945-11-15	2100-12-31		Scotland			0	0	1		279
R	WAB	NH90 MOR		1945-11-15	2100-12-31		Scotland			0	0	1		279
R	WAB	NH91 HIG		1945-11-15	2100-12-31		Scotland			0	0	1		279
R	WAB	NH92 HIG		1945-11-15	2100-12-31		Scotland			0	0	1		279
R	WAB	NH93 HIG		1945-11-15	2100-12-31		Scotland			0	0	1		279
R	WAB	NH93 MOR		1945-11-15	2100-12-31		Scotland			0	0	1		279
R	WAB	NH94 HIG		1945-11-15	2100-12-31		Scotland			0	0	1		279
R	WAB	NH94 MOR		1945-11-15	2100-12-31		Scotland			0	0	1		279
R	WAB	NH95 HIG		1945-11-15	2100-12-31		Scotland			0	0	1		279
R	WAB	NH95 MOR		1945-11-15	2100-12-31		Scotland			0	0	1		279
R	WAB	NH96 HIG		1945-11-15	2100-12-31		Scotland			0	0	1		279
R	WAB	NH96 MOR		1945-11-15	2100-12-31		Scotland			0	0	1		279
R	WAB	NH97 HIG		1945-11-15	2100-12-31		Scotland			0	0	1		279
R	WAB	NH98 HIG		1945-11-15	2100-12-31		Scotland			0	0	1		279
R	WAB	NJ00 ADS		1945-11-15	2100-12-31		Scotland			0	0	1		279
R	WAB	NJ00 HIG		1945-11-15	2100-12-31		Scotland			0	0	1		279
R	WAB	NJ00 MOR		1945-11-15	2100-12-31		Scotland			0	0	1		279
R	WAB	NJ01 HIG		1945-11-15	2100-12-31		Scotland			0	0	1		279
R	WAB	NJ01 MOR		1945-11-15	2100-12-31		Scotland			0	0	1		279
R	WAB	NJ02 HIG		1945-11-15	2100-12-31		Scotland			0	0	1		279
R	WAB	NJ02 MOR		1945-11-15	2100-12-31		Scotland			0	0	1		279
R	WAB	NJ03 HIG		1945-11-15	2100-12-31		Scotland			0	0	1		279
R	WAB	NJ03 MOR		1945-11-15	2100-12-31		Scotland			0	0	1		279
R	WAB	NJ04 HIG		1945-11-15	2100-12-31		Scotland			0	0	1		279
R	WAB	NJ04 MOR		1945-11-15	2100-12-31		Scotland			0	0	1		279
R	WAB	NJ05 MOR		1945-11-15	2100-12-31		Scotland			0	0	1		279
R	WAB	NJ06 MOR		1945-11-15	2100-12-31		Scotland			0	0	1		279
R	WAB	NJ10 ADS		1945-11-15	2100-12-31		Scotland			0	0	1		279
R	WAB	NJ10 MOR		1945-11-15	2100-12-31		Scotland			0	0	1		279
R	WAB	NJ11 ADS		1945-11-15	2100-12-31		Scotland			0	0	1		279
R	WAB	NJ11 HIG		1945-11-15	2100-12-31		Scotland			0	0	1		279
R	WAB	NJ11 MOR		1945-11-15	2100-12-31		Scotland			0	0	1		279
R	WAB	NJ12 HIG		1945-11-15	2100-12-31		Scotland			0	0	1		279
R	WAB	NJ12 MOR		1945-11-15	2100-12-31		Scotland			0	0	1		279
R	WAB	NJ13 HIG		1945-11-15	2100-12-31		Scotland			0	0	1		279
R	WAB	NJ13 MOR		1945-11-15	2100-12-31		Scotland			0	0	1		279
R	WAB	NJ14 HIG		1945-11-15	2100-12-31		Scotland			0	0	1		279
R	WAB	NJ14 MOR		1945-11-15	2100-12-31		Scotland			0	0	1		279
R	WAB	NJ15 MOR		1945-11-15	2100-12-31		Scotland			0	0	1		279
R	WAB	NJ16 MOR		1945-11-15	2100-12-31		Scotland			0	0	1		279
R	WAB	NJ17 MOR		1945-11-15	2100-12-31		Scotland			0	0	1		279
R	WAB	NJ20 ADS		1945-11-15	2100-12-31		Scotland			0	0	1		279
R	WAB	NJ20 MOR		1945-11-15	2100-12-31		Scotland			0	0	1		279
R	WAB	NJ21 ADS		1945-11-15	2100-12-31		Scotland			0	0	1		279
R	WAB	NJ21 MOR		1945-11-15	2100-12-31		Scotland			0	0	1		279
R	WAB	NJ22 MOR		1945-11-15	2100-12-31		Scotland			0	0	1		279
R	WAB	NJ23 MOR		1945-11-15	2100-12-31		Scotland			0	0	1		279
R	WAB	NJ24 MOR		1945-11-15	2100-12-31		Scotland			0	0	1		279
R	WAB	NJ25 MOR		1945-11-15	2100-12-31		Scotland			0	0	1		279
R	WAB	NJ26 MOR		1945-11-15	2100-12-31		Scotland			0	0	1		279
R	WAB	NJ27 MOR		1945-11-15	2100-12-31		Scotland			0	0	1		279
R	WAB	NJ30 ADS		1945-11-15	2100-12-31		Scotland			0	0	1		279
R	WAB	NJ31 ADS		1945-11-15	2100-12-31		Scotland			0	0	1		279
R	WAB	NJ31 MOR		1945-11-15	2100-12-31		Scotland			0	0	1		279
R	WAB	NJ32 ADS		1945-11-15	2100-12-31		Scotland			0	0	1		279
R	WAB	NJ32 MOR		1945-11-15	2100-12-31		Scotland			0	0	1		279
R	WAB	NJ33 ADS		1945-11-15	2100-12-31		Scotland			0	0	1		279
R	WAB	NJ33 MOR		1945-11-15	2100-12-31		Scotland			0	0	1		279
R	WAB	NJ34 ADS		1945-11-15	2100-12-31		Scotland			0	0	1		279
R	WAB	NJ34 MOR		1945-11-15	2100-12-31		Scotland			0	0	1		279
R	WAB	NJ35 MOR		1945-11-15	2100-12-31		Scotland			0	0	1		279
R	WAB	NJ36 MOR		1945-11-15	2100-12-31		Scotland			0	0	1		279
R	WAB	NJ40 ADS		1945-11-15	2100-12-31		Scotland			0	0	1		279
R	WAB	NJ41 ADS		1945-11-15	2100-12-31		Scotland			0	0	1		279
R	WAB	NJ42 ADS		1945-11-15	2100-12-31		Scotland			0	0	1		279
R	WAB	NJ42 MOR		1945-11-15	2100-12-31		Scotland			0	0	1		279
R	WAB	NJ43 ADS		1945-11-15	2100-12-31		Scotland			0	0	1		279
R	WAB	NJ43 MOR		1945-11-15	2100-12-31		Scotland			0	0	1		279
R	WAB	NJ44 ADS		1945-11-15	2100-12-31		Scotland			0	0	1		279
R	WAB	NJ44 MOR		1945-11-15	2100-12-31		Scotland			0	0	1		279
R	WAB	NJ45 ADS		1945-11-15	2100-12-31		Scotland			0	0	1		279
R	WAB	NJ45 MOR		1945-11-15	2100-12-31		Scotland			0	0	1		279
R	WAB	NJ46 MOR		1945-11-15	2100-12-31		Scotland			0	0	1		279
R	WAB	NJ50 ADS		1945-11-15	2100-12-31		Scotland			0	0	1		279
R	WAB	NJ51 ADS		1945-11-15	2100-12-31		Scotland			0	0	1		279
R	WAB	NJ52 ADS		1945-11-15	2100-12-31		Scotland			0	0	1		279
R	WAB	NJ53 ADS		1945-11-15	2100-12-31		Scotland			0	0	1		279
R	WAB	NJ54 ADS		1945-11-15	2100-12-31		Scotland			0	0	1		279
R	WAB	NJ54 MOR		1945-11-15	2100-12-31		Scotland			0	0	1		279
R	WAB	NJ55 ADS		1945-11-15	2100-12-31		Scotland			0	0	1		279
R	WAB	NJ55 MOR		1945-11-15	2100-12-31		Scotland			0	0	1		279
R	WAB	NJ56 ADS		1945-11-15	2100-12-31		Scotland			0	0	1		279
R	WAB	NJ56 MOR		1945-11-15	2100-12-31		Scotland			0	0	1		279
R	WAB	NJ60 ADS		1945-11-15	2100-12-31		Scotland			0	0	1		279
R	WAB	NJ61 ADS		1945-11-15	2100-12-31		Scotland			0	0	1		279
R	WAB	NJ62 ADS		1945-11-15	2100-12-31		Scotland			0	0	1		279
R	WAB	NJ63 ADS		1945-11-15	2100-12-31		Scotland			0	0	1		279
R	WAB	NJ64 ADS		1945-11-15	2100-12-31		Scotland			0	0	1		279
R	WAB	NJ64 MOR		1945-11-15	2100-12-31		Scotland			0	0	1		279
R	WAB	NJ65 ADS		1945-11-15	2100-12-31		Scotland			0	0	1		279
R	WAB	NJ66 ADS		1945-11-15	2100-12-31		Scotland			0	0	1		279
R	WAB	NJ70 ADN		1945-11-15	2100-12-31		Scotland			0	0	1		279
R	WAB	NJ70 ADS		1945-11-15	2100-12-31		Scotland			0	0	1		279
R	WAB	NJ71 ADS		1945-11-15	2100-12-31		Scotland			0	0	1		279
R	WAB	NJ72 ADS		1945-11-15	2100-12-31		Scotland			0	0	1		279
R	WAB	NJ73 ADS		1945-11-15	2100-12-31		Scotland			0	0	1		279
R	WAB	NJ74 ADS		1945-11-15	2100-12-31		Scotland			0	0	1		279
R	WAB	NJ75 ADS		1945-11-15	2100-12-31		Scotland			0	0	1		279
R	WAB	NJ76 ADS		1945-11-15	2100-12-31		Scotland			0	0	1		279
R	WAB	NJ80 ADN		1945-11-15	2100-12-31		Scotland			0	0	1		279
R	WAB	NJ80 ADS		1945-11-15	2100-12-31		Scotland			0	0	1		279
R	WAB	NJ81 ADN		1945-11-15	2100-12-31		Scotland			0	0	1		279
R	WAB	NJ81 ADS		1945-11-15	2100-12-31		Scotland			0	0	1		279
R	WAB	NJ82 ADS		1945-11-15	2100-12-31		Scotland			0	0	1		279
R	WAB	NJ83 ADS		1945-11-15	2100-12-31		Scotland			0	0	1		279
R	WAB	NJ84 ADS		1945-11-15	2100-12-31		Scotland			0	0	1		279
R	WAB	NJ85 ADS		1945-11-15	2100-12-31		Scotland			0	0	1		279
R	WAB	NJ86 ADS		1945-11-15	2100-12-31		Scotland			0	0	1		279
R	WAB	NJ90 ADN		1945-11-15	2100-12-31		Scotland			0	0	1		279
R	WAB	NJ90 ADS		1945-11-15	2100-12-31		Scotland			0	0	1		279
R	WAB	NJ91 ADN		1945-11-15	2100-12-31		Scotland			0	0	1		279
R	WAB	NJ91 ADS		1945-11-15	2100-12-31		Scotland			0	0	1		279
R	WAB	NJ92 ADS		1945-11-15	2100-12-31		Scotland			0	0	1		279
R	WAB	NJ93 ADS		1945-11-15	2100-12-31		Scotland			0	0	1		279
R	WAB	NJ94 ADS		1945-11-15	2100-12-31		Scotland			0	0	1		279
R	WAB	NJ95 ADS		1945-11-15	2100-12-31		Scotland			0	0	1		279
R	WAB	NJ96 ADS		1945-11-15	2100-12-31		Scotland			0	0	1		279
R	WAB	NK02 ADS		1945-11-15	2100-12-31		Scotland			0	0	1		279
R	WAB	NK03 ADS		1945-11-15	2100-12-31		Scotland			0	0	1		279
R	WAB	NK04 ADS		1945-11-15	2100-12-31		Scotland			0	0	1		279
R	WAB	NK05 ADS		1945-11-15	2100-12-31		Scotland			0	0	1		279
R	WAB	NK06 ADS		1945-11-15	2100-12-31		Scotland			0	0	1		279
R	WAB	NK13 ADS		1945-11-15	2100-12-31		Scotland			0	0	1		279
R	WAB	NK14 ADS		1945-11-15	2100-12-31		Scotland			0	0	1		279
R	WAB	NK15 ADS		1945-11-15	2100-12-31		Scotland			0	0	1		279
R	WAB	NL57 WIL		1945-11-15	2100-12-31		Scotland			0	0	1		279
R	WAB	NL58 WIL		1945-11-15	2100-12-31		Scotland			0	0	1		279
R	WAB	NL68 WIL		1945-11-15	2100-12-31		Scotland			0	0	1		279
R	WAB	NL69 WIL		1945-11-15	2100-12-31		Scotland			0	0	1		279
R	WAB	NL79 WIL		1945-11-15	2100-12-31		Scotland			0	0	1		279
R	WAB	NL82 ARB		1945-11-15	2100-12-31		Scotland			0	0	1		279
R	WAB	NL84 ARB		1945-11-15	2100-12-31		Scotland			0	0	1		279
R	WAB	NL93 ARB		1945-11-15	2100-12-31		Scotland			0	0	1		279
R	WAB	NL94 ARB		1945-11-15	2100-12-31		Scotland			0	0	1		279
R	WAB	NM04 ARB		1945-11-15	2100-12-31		Scotland			0	0	1		279
R	WAB	NM05 ARB		1945-11-15	2100-12-31		Scotland			0	0	1		279
R	WAB	NM10 ARB		1945-11-15	2100-12-31		Scotland			0	0	1		279
R	WAB	NM14 ARB		1945-11-15	2100-12-31		Scotland			0	0	1		279
R	WAB	NM15 ARB		1945-11-15	2100-12-31		Scotland			0	0	1		279
R	WAB	NM16 ARB		1945-11-15	2100-12-31		Scotland			0	0	1		279
R	WAB	NM19 HIG		1945-11-15	2100-12-31		Scotland			0	0	1		279
R	WAB	NM21 ARB		1945-11-15	2100-12-31		Scotland			0	0	1		279
R	WAB	NM22 ARB		1945-11-15	2100-12-31		Scotland			0	0	1		279
R	WAB	NM23 ARB		1945-11-15	2100-12-31		Scotland			0	0	1		279
R	WAB	NM24 ARB		1945-11-15	2100-12-31		Scotland			0	0	1		279
R	WAB	NM25 ARB		1945-11-15	2100-12-31		Scotland			0	0	1		279
R	WAB	NM26 ARB		1945-11-15	2100-12-31		Scotland			0	0	1		279
R	WAB	NM29 HIG		1945-11-15	2100-12-31		Scotland			0	0	1		279
R	WAB	NM31 ARB		1945-11-15	2100-12-31		Scotland			0	0	1		279
R	WAB	NM32 ARB		1945-11-15	2100-12-31		Scotland			0	0	1		279
R	WAB	NM33 ARB		1945-11-15	2100-12-31		Scotland			0	0	1		279
R	WAB	NM34 ARB		1945-11-15	2100-12-31		Scotland			0	0	1		279
R	WAB	NM35 ARB		1945-11-15	2100-12-31		Scotland			0	0	1		279
R	WAB	NM37 HIG		1945-11-15	2100-12-31		Scotland			0	0	1		279
R	WAB	NM38 HIG		1945-11-15	2100-12-31		Scotland			0	0	1		279
R	WAB	NM39 HIG		1945-11-15	2100-12-31		Scotland			0	0	1		279
R	WAB	NM40 ARB		1945-11-15	2100-12-31		Scotland			0	0	1		279
R	WAB	NM41 ARB		1945-11-15	2100-12-31		Scotland			0	0	1		279
R	WAB	NM42 ARB		1945-11-15	2100-12-31		Scotland			0	0	1		279
R	WAB	NM43 ARB		1945-11-15	2100-12-31		Scotland			0	0	1		279
R	WAB	NM44 ARB		1945-11-15	2100-12-31		Scotland			0	0	1		279
R	WAB	NM45 ARB		1945-11-15	2100-12-31		Scotland			0	0	1		279
R	WAB	NM46 HIG		1945-11-15	2100-12-31		Scotland			0	0	1		279
R	WAB	NM47 HIG		1945-11-15	2100-12-31		Scotland			0	0	1		279
R	WAB	NM48 HIG		1945-11-15	2100-12-31		Scotland			0	0	1		279
R	WAB	NM49 HIG		1945-11-15	2100-12-31		Scotland			0	0	1		279
R	WAB	NM51 ARB		1945-11-15	2100-12-31		Scotland			0	0	1		279
R	WAB	NM52 ARB		1945-11-15	2100-12-31		Scotland			0	0	1		279
R	WAB	NM53 ARB		1945-11-15	2100-12-31		Scotland			0	0	1		279
R	WAB	NM54 ARB		1945-11-15	2100-12-31		Scotland			0	0	1		279
R	WAB	NM54 HIG		1945-11-15	2100-12-31		Scotland			0	0	1		279
R	WAB	NM55 ARB		1945-11-15	2100-12-31		Scotland			0	0	1		279
R	WAB	NM55 HIG		1945-11-15	2100-12-31		Scotland			0	0	1		279
R	WAB	NM56 HIG		1945-11-15	2100-12-31		Scotland			0	0	1		279
R	WAB	NM57 HIG		1945-11-15	2100-12-31		Scotland			0	0	1		279
R	WAB	NM59 HIG		1945-11-15	2100-12-31		Scotland			0	0	1		279
R	WAB	NM60 ARB		1945-11-15	2100-12-31		Scotland			0	0	1		279
R	WAB	NM61 ARB		1945-11-15	2100-12-31		Scotland			0	0	1		279
R	WAB	NM62 ARB		1945-11-15	2100-12-31		Scotland			0	0	1		279
R	WAB	NM63 ARB		1945-11-15	2100-12-31		Scotland			0	0	1		279
R	WAB	NM64 ARB		1945-11-15	2100-12-31		Scotland			0	0	1		279
R	WAB	NM64 HIG		1945-11-15	2100-12-31		Scotland			0	0	1		279
R	WAB	NM65 HIG		1945-11-15	2100-12-31		Scotland			0	0	1		279
R	WAB	NM66 HIG		1945-11-15	2100-12-31		Scotland			0	0	1		279
R	WAB	NM67 HIG		1945-11-15	2100-12-31		Scotland			0	0	1		279
R	WAB	NM68 HIG		1945-11-15	2100-12-31		Scotland			0	0	1		279
R	WAB	NM69 HIG		1945-11-15	2100-12-31		Scotland			0	0	1		279
R	WAB	NM70 ARB		1945-11-15	2100-12-31		Scotland			0	0	1		279
R	WAB	NM71 ARB		1945-11-15	2100-12-31		Scotland			0	0	1		279
R	WAB	NM72 ARB		1945-11-15	2100-12-31		Scotland			0	0	1		279
R	WAB	NM73 ARB		1945-11-15	2100-12-31		Scotland			0	0	1		279
R	WAB	NM73 HIG		1945-11-15	2100-12-31		Scotland			0	0	1		279
R	WAB	NM74 HIG		1945-11-15	2100-12-31		Scotland			0	0	1		279
R	WAB	NM75 HIG		1945-11-15	2100-12-31		Scotland			0	0	1		279
R	WAB	NM76 HIG		1945-11-15	2100-12-31		Scotland			0	0	1		279
R	WAB	NM77 HIG		1945-11-15	2100-12-31		Scotland			0	0	1		279
R	WAB	NM78 HIG		1945-11-15	2100-12-31		Scotland			0	0	1		279
R	WAB	NM79 HIG		1945-11-15	2100-12-31		Scotland			0	0	1		279
R	WAB	NM80 ARB		1945-11-15	2100-12-31		Scotland			0	0	1		279
R	WAB	NM81 ARB		1945-11-15	2100-12-31		Scotland			0	0	1		279
R	WAB	NM82 ARB		1945-11-15	2100-12-31		Scotland			0	0	1		279
R	WAB	NM83 ARB		1945-11-15	2100-12-31		Scotland			0	0	1		279
R	WAB	NM84 ARB		1945-11-15	2100-12-31		Scotland			0	0	1		279
R	WAB	NM84 HIG		1945-11-15	2100-12-31		Scotland			0	0	1		279
R	WAB	NM85 HIG		1945-11-15	2100-12-31		Scotland			0	0	1		279
R	WAB	NM86 HIG		1945-11-15	2100-12-31		Scotland			0	0	1		279
R	WAB	NM87 HIG		1945-11-15	2100-12-31		Scotland			0	0	1		279
R	WAB	NM88 HIG		1945-11-15	2100-12-31		Scotland			0	0	1		279
R	WAB	NM89 HIG		1945-11-15	2100-12-31		Scotland			0	0	1		279
R	WAB	NM90 ARB		1945-11-15	2100-12-31		Scotland			0	0	1		279
R	WAB	NM91 ARB		1945-11-15	2100-12-31		Scotland			0	0	1		279
R	WAB	NM92 ARB		1945-11-15	2100-12-31		Scotland			0	0	1		279
R	WAB	NM93 ARB		1945-11-15	2100-12-31		Scotland			0	0	1		279
R	WAB	NM94 ARB		1945-11-15	2100-12-31		Scotland			0	0	1		279
R	WAB	NM94 HIG		1945-11-15	2100-12-31		Scotland			0	0	1		279
R	WAB	NM95 ARB		1945-11-15	2100-12-31		Scotland			0	0	1		279
R	WAB	NM95 HIG		1945-11-15	2100-12-31		Scotland			0	0	1		279
R	WAB	NM96 HIG		1945-11-15	2100-12-31		Scotland			0	0	1		279
R	WAB	NM97 HIG		1945-11-15	2100-12-31		Scotland			0	0	1		279
R	WAB	NM98 HIG		1945-11-15	2100-12-31		Scotland			0	0	1		279
R	WAB	NM99 HIG		1945-11-15	2100-12-31		Scotland			0	0	1		279
R	WAB	NN00 ARB		1945-11-15	2100-12-31		Scotland			0	0	1		279
R	WAB	NN01 ARB		1945-11-15	2100-12-31		Scotland			0	0	1		279
R	WAB	NN02 ARB		1945-11-15	2100-12-31		Scotland			0	0	1		279
R	WAB	NN03 ARB		1945-11-15	2100-12-31		Scotland			0	0	1		279
R	WAB	NN04 ARB		1945-11-15	2100-12-31		Scotland			0	0	1		279
R	WAB	NN04 HIG		1945-11-15	2100-12-31		Scotland			0	0	1		279
R	WAB	NN05 ARB		1945-11-15	2100-12-31		Scotland			0	0	1		279
R	WAB	NN05 HIG		1945-11-15	2100-12-31		Scotland			0	0	1		279
R	WAB	NN06 HIG		1945-11-15	2100-12-31		Scotland			0	0	1		279
R	WAB	NN07 HIG		1945-11-15	2100-12-31		Scotland			0	0	1		279
R	WAB	NN08 HIG		1945-11-15	2100-12-31		Scotland			0	0	1		279
R	WAB	NN09 HIG		1945-11-15	2100-12-31		Scotland			0	0	1		279
R	WAB	NN10 ARB		1945-11-15	2100-12-31		Scotland			0	0	1		279
R	WAB	NN11 ARB		1945-11-15	2100-12-31		Scotland			0	0	1		279
R	WAB	NN12 ARB		1945-11-15	2100-12-31		Scotland			0	0	1		279
R	WAB	NN13 ARB		1945-11-15	2100-12-31		Scotland			0	0	1		279
R	WAB	NN14 ARB		1945-11-15	2100-12-31		Scotland			0	0	1		279
R	WAB	NN14 HIG		1945-11-15	2100-12-31		Scotland			0	0	1		279
R	WAB	NN15 ARB		1945-11-15	2100-12-31		Scotland			0	0	1		279
R	WAB	NN15 HIG		1945-11-15	2100-12-31		Scotland			0	0	1		279
R	WAB	NN16 HIG		1945-11-15	2100-12-31		Scotland			0	0	1		279
R	WAB	NN17 HIG		1945-11-15	2100-12-31		Scotland			0	0	1		279
R	WAB	NN18 HIG		1945-11-15	2100-12-31		Scotland			0	0	1		279
R	WAB	NN19 HIG		1945-11-15	2100-12-31		Scotland			0	0	1		279
R	WAB	NN20 ARB		1945-11-15	2100-12-31		Scotland			0	0	1		279
R	WAB	NN21 ARB		1945-11-15	2100-12-31		Scotland			0	0	1		279
R	WAB	NN21 STI		1945-11-15	2100-12-31		Scotland			0	0	1		279
R	WAB	NN22 ARB		1945-11-15	2100-12-31		Scotland			0	0	1		279
R	WAB	NN22 STI		1945-11-15	2100-12-31		Scotland			0	0	1		279
R	WAB	NN23 ARB		1945-11-15	2100-12-31		Scotland			0	0	1		279
R	WAB	NN23 STI		1945-11-15	2100-12-31		Scotland			0	0	1		279
R	WAB	NN24 ARB		1945-11-15	2100-12-31		Scotland			0	0	1		279
R	WAB	NN24 HIG		1945-11-15	2100-12-31		Scotland			0	0	1		279
R	WAB	NN25 HIG		1945-11-15	2100-12-31		Scotland			0	0	1		279
R	WAB	NN26 HIG		1945-11-15	2100-12-31		Scotland			0	0	1		279
R	WAB	NN27 HIG		1945-11-15	2100-12-31		Scotland			0	0	1		279
R	WAB	NN28 HIG		1945-11-15	2100-12-31		Scotland			0	0	1		279
R	WAB	NN29 HIG		1945-11-15	2100-12-31		Scotland			0	0	1		279
R	WAB	NN30 ARB		1945-11-15	2100-12-31		Scotland			0	0	1		279
R	WAB	NN30 STI		1945-11-15	2100-12-31		Scotland			0	0	1		279
R	WAB	NN31 ARB		1945-11-15	2100-12-31		Scotland			0	0	1		279
R	WAB	NN31 STI		1945-11-15	2100-12-31		Scotland			0	0	1		279
R	WAB	NN32 STI		1945-11-15	2100-12-31		Scotland			0	0	1		279
R	WAB	NN33 ARB		1945-11-15	2100-12-31		Scotland			0	0	1		279
R	WAB	NN33 PEK		1945-11-15	2100-12-31		Scotland			0	0	1		279
R	WAB	NN33 STI		1945-11-15	2100-12-31		Scotland			0	0	1		279
R	WAB	NN34 ARB		1945-11-15	2100-12-31		Scotland			0	0	1		279
R	WAB	NN34 HIG		1945-11-15	2100-12-31		Scotland			0	0	1		279
R	WAB	NN34 PEK		1945-11-15	2100-12-31		Scotland			0	0	1		279
R	WAB	NN35 ARB		1945-11-15	2100-12-31		Scotland			0	0	1		279
R	WAB	NN35 HIG		1945-11-15	2100-12-31		Scotland			0	0	1		279
R	WAB	NN35 PEK		1945-11-15	2100-12-31		Scotland			0	0	1		279
R	WAB	NN36 HIG		1945-11-15	2100-12-31		Scotland			0	0	1		279
R	WAB	NN37 HIG		1945-11-15	2100-12-31		Scotland			0	0	1		279
R	WAB	NN38 HIG		1945-11-15	2100-12-31		Scotland			0	0	1		279
R	WAB	NN39 HIG		1945-11-15	2100-12-31		Scotland			0	0	1		279
R	WAB	NN40 STI		1945-11-15	2100-12-31		Scotland			0	0	1		279
R	WAB	NN41 STI		1945-11-15	2100-12-31		Scotland			0	0	1		279
R	WAB	NN42 STI		1945-11-15	2100-12-31		Scotland			0	0	1		279
R	WAB	NN43 PEK		1945-11-15	2100-12-31		Scotland			0	0	1		279
R	WAB	NN43 STI		1945-11-15	2100-12-31		Scotland			0	0	1		279
R	WAB	NN44 ARB		1945-11-15	2100-12-31		Scotland			0	0	1		279
R	WAB	NN44 PEK		1945-11-15	2100-12-31		Scotland			0	0	1		279
R	WAB	NN45 HIG		1945-11-15	2100-12-31		Scotland			0	0	1		279
R	WAB	NN45 PEK		1945-11-15	2100-12-31		Scotland			0	0	1		279
R	WAB	NN46 HIG		1945-11-15	2100-12-31		Scotland			0	0	1		279
R	WAB	NN46 PEK		1945-11-15	2100-12-31		Scotland			0	0	1		279
R	WAB	NN47 HIG		1945-11-15	2100-12-31		Scotland			0	0	1		279
R	WAB	NN47 PEK		1945-11-15	2100-12-31		Scotland			0	0	1		279
R	WAB	NN48 HIG		1945-11-15	2100-12-31		Scotland			0	0	1		279
R	WAB	NN49 HIG		1945-11-15	2100-12-31		Scotland			0	0	1		279
R	WAB	NN50 STI		1945-11-15	2100-12-31		Scotland			0	0	1		279
R	WAB	NN51 STI		1945-11-15	2100-12-31		Scotland			0	0	1		279
R	WAB	NN52 STI		1945-11-15	2100-12-31		Scotland			0	0	1		279
R	WAB	NN53 PEK		1945-11-15	2100-12-31		Scotland			0	0	1		279
R	WAB	NN53 STI		1945-11-15	2100-12-31		Scotland			0	0	1		279
R	WAB	NN54 PEK		1945-11-15	2100-12-31		Scotland			0	0	1		279
R	WAB	NN54 STI		1945-11-15	2100-12-31		Scotland			0	0	1		279
R	WAB	NN55 PEK		1945-11-15	2100-12-31		Scotland			0	0	1		279
R	WAB	NN56 HIG		1945-11-15	2100-12-31		Scotland			0	0	1		279
R	WAB	NN56 PEK		1945-11-15	2100-12-31		Scotland			0	0	1		279
R	WAB	NN57 HIG		1945-11-15	2100-12-31		Scotland			0	0	1		279
R	WAB	NN57 PEK		1945-11-15	2100-12-31		Scotland			0	0	1		279
R	WAB	NN58 HIG		1945-11-15	2100-12-31		Scotland			0	0	1		279
R	WAB	NN59 HIG		1945-11-15	2100-12-31		Scotland			0	0	1		279
R	WAB	NN60 STI		1945-11-15	2100-12-31		Scotland			0	0	1		279
R	WAB	NN61 PEK		1945-11-15	2100-12-31		Scotland			0	0	1		279
R	WAB	NN61 STI		1945-11-15	2100-12-31		Scotland			0	0	1		279
R	WAB	NN62 PEK		1945-11-15	2100-12-31		Scotland			0	0	1		279
R	WAB	NN62 STI		1945-11-15	2100-12-31		Scotland			0	0	1		279
R	WAB	NN63 PEK		1945-11-15	2100-12-31		Scotland			0	0	1		279
R	WAB	NN63 STI		1945-11-15	2100-12-31		Scotland			0	0	1		279
R	WAB	NN64 PEK		1945-11-15	2100-12-31		Scotland			0	0	1		279
R	WAB	NN65 PEK		1945-11-15	2100-12-31		Scotland			0	0	1		279
R	WAB	NN66 PEK		1945-11-15	2100-12-31		Scotland			0	0	1		279
R	WAB	NN67 HIG		1945-11-15	2100-12-31		Scotland			0	0	1		279
R	WAB	NN67 PEK		1945-11-15	2100-12-31		Scotland			0	0	1		279
R	WAB	NN68 HIG		1945-11-15	2100-12-31		Scotland			0	0	1		279
R	WAB	NN68 PEK		1945-11-15	2100-12-31		Scotland			0	0	1		279
R	WAB	NN69 HIG		1945-11-15	2100-12-31		Scotland			0	0	1		279
R	WAB	NN70 PEK		1945-11-15	2100-12-31		Scotland			0	0	1		279
R	WAB	NN70 STI		1945-11-15	2100-12-31		Scotland			0	0	1		279
R	WAB	NN71 PEK		1945-11-15	2100-12-31		Scotland			0	0	1		279
R	WAB	NN71 STI		1945-11-15	2100-12-31		Scotland			0	0	1		279
R	WAB	NN72 PEK		1945-11-15	2100-12-31		Scotland			0	0	1		279
R	WAB	NN73 PEK		1945-11-15	2100-12-31		Scotland			0	0	1		279
R	WAB	NN73 STI		1945-11-15	2100-12-31		Scotland			0	0	1		279
R	WAB	NN74 PEK		1945-11-15	2100-12-31		Scotland			0	0	1		279
R	WAB	NN75 PEK		1945-11-15	2100-12-31		Scotland			0	0	1		279
R	WAB	NN76 PEK		1945-11-15	2100-12-31		Scotland			0	0	1		279
R	WAB	NN77 HIG		1945-11-15	2100-12-31		Scotland			0	0	1		279
R	WAB	NN77 PEK		1945-11-15	2100-12-31		Scotland			0	0	1		279
R	WAB	NN78 HIG		1945-11-15	2100-12-31		Scotland			0	0	1		279
R	WAB	NN78 PEK		1945-11-15	2100-12-31		Scotland			0	0	1		279
R	WAB	NN79 HIG		1945-11-15	2100-12-31		Scotland			0	0	1		279
R	WAB	NN80 CLA		1945-11-15	2100-12-31		Scotland			0	0	1		279
R	WAB	NN80 PEK		1945-11-15	2100-12-31		Scotland			0	0	1		279
R	WAB	NN80 STI		1945-11-15	2100-12-31		Scotland			0	0	1		279
R	WAB	NN81 PEK		1945-11-15	2100-12-31		Scotland			0	0	1		279
R	WAB	NN82 PEK		1945-11-15	2100-12-31		Scotland			0	0	1		279
R	WAB	NN83 PEK		1945-11-15	2100-12-31		Scotland			0	0	1		279
R	WAB	NN84 PEK		1945-11-15	2100-12-31		Scotland			0	0	1		279
R	WAB	NN85 PEK		1945-11-15	2100-12-31		Scotland			0	0	1		279
R	WAB	NN86 PEK		1945-11-15	2100-12-31		Scotland			0	0	1		279
R	WAB	NN87 PEK		1945-11-15	2100-12-31		Scotland			0	0	1		279
R	WAB	NN88 HIG		1945-11-15	2100-12-31		Scotland			0	0	1		279
R	WAB	NN88 PEK		1945-11-15	2100-12-31		Scotland			0	0	1		279
R	WAB	NN89 HIG		1945-11-15	2100-12-31		Scotland			0	0	1		279
R	WAB	NN90 CLA		1945-11-15	2100-12-31		Scotland			0	0	1		279
R	WAB	NN90 PEK		1945-11-15	2100-12-31		Scotland			0	0	1		279
R	WAB	NN91 PEK		1945-11-15	2100-12-31		Scotland			0	0	1		279
R	WAB	NN92 PEK		1945-11-15	2100-12-31		Scotland			0	0	1		279
R	WAB	NN93 PEK		1945-11-15	2100-12-31		Scotland			0	0	1		279
R	WAB	NN94 PEK		1945-11-15	2100-12-31		Scotland			0	0	1		279
R	WAB	NN95 PEK		1945-11-15	2100-12-31		Scotland			0	0	1		279
R	WAB	NN96 PEK		1945-11-15	2100-12-31		Scotland			0	0	1		279
R	WAB	NN97 PEK		1945-11-15	2100-12-31		Scotland			0	0	1		279
R	WAB	NN98 ADS		1945-11-15	2100-12-31		Scotland			0	0	1		279
R	WAB	NN98 HIG		1945-11-15	2100-12-31		Scotland			0	0	1		279
R	WAB	NN98 PEK		1945-11-15	2100-12-31		Scotland			0	0	1		279
R	WAB	NN99 ADS		1945-11-15	2100-12-31		Scotland			0	0	1		279
R	WAB	NN99 HIG		1945-11-15	2100-12-31		Scotland			0	0	1		279
R	WAB	NN99 MOR		1945-11-15	2100-12-31		Scotland			0	0	1		279
R	WAB	NO00 CLA		1945-11-15	2100-12-31		Scotland			0	0	1		279
R	WAB	NO00 PEK		1945-11-15	2100-12-31		Scotland			0	0	1		279
R	WAB	NO01 PEK		1945-11-15	2100-12-31		Scotland			0	0	1		279
R	WAB	NO02 PEK		1945-11-15	2100-12-31		Scotland			0	0	1		279
R	WAB	NO03 PEK		1945-11-15	2100-12-31		Scotland			0	0	1		279
R	WAB	NO04 PEK		1945-11-15	2100-12-31		Scotland			0	0	1		279
R	WAB	NO05 PEK		1945-11-15	2100-12-31		Scotland			0	0	1		279
R	WAB	NO06 PEK		1945-11-15	2100-12-31		Scotland			0	0	1		279
R	WAB	NO07 ADS		1945-11-15	2100-12-31		Scotland			0	0	1		279
R	WAB	NO07 PEK		1945-11-15	2100-12-31		Scotland			0	0	1		279
R	WAB	NO08 ADS		1945-11-15	2100-12-31		Scotland			0	0	1		279
R	WAB	NO08 PEK		1945-11-15	2100-12-31		Scotland			0	0	1		279
R	WAB	NO09 ADS		1945-11-15	2100-12-31		Scotland			0	0	1		279
R	WAB	NO10 FIF		1945-11-15	2100-12-31		Scotland			0	0	1		279
R	WAB	NO10 PEK		1945-11-15	2100-12-31		Scotland			0	0	1		279
R	WAB	NO11 FIF		1945-11-15	2100-12-31		Scotland			0	0	1		279
R	WAB	NO11 PEK		1945-11-15	2100-12-31		Scotland			0	0	1		279
R	WAB	NO12 PEK		1945-11-15	2100-12-31		Scotland			0	0	1		279
R	WAB	NO13 PEK		1945-11-15	2100-12-31		Scotland			0	0	1		279
R	WAB	NO14 PEK		1945-11-15	2100-12-31		Scotland			0	0	1		279
R	WAB	NO15 AGS		1945-11-15	2100-12-31		Scotland			0	0	1		279
R	WAB	NO15 PEK		1945-11-15	2100-12-31		Scotland			0	0	1		279
R	WAB	NO16 AGS		1945-11-15	2100-12-31		Scotland			0	0	1		279
R	WAB	NO16 PEK		1945-11-15	2100-12-31		Scotland			0	0	1		279
R	WAB	NO17 ADS		1945-11-15	2100-12-31		Scotland			0	0	1		279
R	WAB	NO17 AGS		1945-11-15	2100-12-31		Scotland			0	0	1		279
R	WAB	NO17 PEK		1945-11-15	2100-12-31		Scotland			0	0	1		279
R	WAB	NO18 ADS		1945-11-15	2100-12-31		Scotland			0	0	1		279
R	WAB	NO19 ADS		1945-11-15	2100-12-31		Scotland			0	0	1		279
R	WAB	NO20 FIF		1945-11-15	2100-12-31		Scotland			0	0	1		279
R	WAB	NO20 PEK		1945-11-15	2100-12-31		Scotland			0	0	1		279
R	WAB	NO21 FIF		1945-11-15	2100-12-31		Scotland			0	0	1		279
R	WAB	NO21 PEK		1945-11-15	2100-12-31		Scotland			0	0	1		279
R	WAB	NO22 FIF		1945-11-15	2100-12-31		Scotland			0	0	1		279
R	WAB	NO22 PEK		1945-11-15	2100-12-31		Scotland			0	0	1		279
R	WAB	NO23 AGS		1945-11-15	2100-12-31		Scotland			0	0	1		279
R	WAB	NO23 PEK		1945-11-15	2100-12-31		Scotland			0	0	1		279
R	WAB	NO24 AGS		1945-11-15	2100-12-31		Scotland			0	0	1		279
R	WAB	NO24 PEK		1945-11-15	2100-12-31		Scotland			0	0	1		279
R	WAB	NO25 AGS		1945-11-15	2100-12-31		Scotland			0	0	1		279
R	WAB	NO25 PEK		1945-11-15	2100-12-31		Scotland			0	0	1		279
R	WAB	NO26 AGS		1945-11-15	2100-12-31		Scotland			0	0	1		279
R	WAB	NO27 ADS		1945-11-15	2100-12-31		Scotland			0	0	1		279
R	WAB	NO27 AGS		1945-11-15	2100-12-31		Scotland			0	0	1		279
R	WAB	NO28 ADS		1945-11-15	2100-12-31		Scotland			0	0	1		279
R	WAB	NO28 AGS		1945-11-15	2100-12-31		Scotland			0	0	1		279
R	WAB	NO29 ADS		1945-11-15	2100-12-31		Scotland			0	0	1		279
R	WAB	NO30 FIF		1945-11-15	2100-12-31		Scotland			0	0	1		279
R	WAB	NO31 FIF		1945-11-15	2100-12-31		Scotland			0	0	1		279
R	WAB	NO32 DUN		1945-11-15	2100-12-31		Scotland			0	0	1		279
R	WAB	NO32 FIF		1945-11-15	2100-12-31		Scotland			0	0	1		279
R	WAB	NO32 PEK		1945-11-15	2100-12-31		Scotland			0	0	1		279
R	WAB	NO33 AGS		1945-11-15	2100-12-31		Scotland			0	0	1		279
R	WAB	NO33 DUN		1945-11-15	2100-12-31		Scotland			0	0	1		279
R	WAB	NO33 PEK		1945-11-15	2100-12-31		Scotland			0	0	1		279
R	WAB	NO34 AGS		1945-11-15	2100-12-31		Scotland			0	0	1		279
R	WAB	NO34 PEK		1945-11-15	2100-12-31		Scotland			0	0	1		279
R	WAB	NO35 AGS		1945-11-15	2100-12-31		Scotland			0	0	1		279
R	WAB	NO36 AGS		1945-11-15	2100-12-31		Scotland			0	0	1		279
R	WAB	NO37 ADS		1945-11-15	2100-12-31		Scotland			0	0	1		279
R	WAB	NO37 AGS		1945-11-15	2100-12-31		Scotland			0	0	1		279
R	WAB	NO38 ADS		1945-11-15	2100-12-31		Scotland			0	0	1		279
R	WAB	NO38 AGS		1945-11-15	2100-12-31		Scotland			0	0	1		279
R	WAB	NO39 ADS		1945-11-15	2100-12-31		Scotland			0	0	1		279
R	WAB	NO40 FIF		1945-11-15	2100-12-31		Scotland			0	0	1		279
R	WAB	NO41 FIF		1945-11-15	2100-12-31		Scotland			0	0	1		279
R	WAB	NO42 DUN		1945-11-15	2100-12-31		Scotland			0	0	1		279
R	WAB	NO42 FIF		1945-11-15	2100-12-31		Scotland			0	0	1		279
R	WAB	NO43 AGS		1945-11-15	2100-12-31		Scotland			0	0	1		279
R	WAB	NO43 DUN		1945-11-15	2100-12-31		Scotland			0	0	1		279
R	WAB	NO44 AGS		1945-11-15	2100-12-31		Scotland			0	0	1		279
R	WAB	NO45 AGS		1945-11-15	2100-12-31		Scotland			0	0	1		279
R	WAB	NO46 AGS		1945-11-15	2100-12-31		Scotland			0	0	1		279
R	WAB	NO47 AGS		1945-11-15	2100-12-31		Scotland			0	0	1		279
R	WAB	NO48 ADS		1945-11-15	2100-12-31		Scotland			0	0	1		279
R	WAB	NO48 AGS		1945-11-15	2100-12-31		Scotland			0	0	1		279
R	WAB	NO49 ADS		1945-11-15	2100-12-31		Scotland			0	0	1		279
R	WAB	NO50 FIF		1945-11-15	2100-12-31		Scotland			0	0	1		279
R	WAB	NO51 FIF		1945-11-15	2100-12-31		Scotland			0	0	1		279
R	WAB	NO52 FIF		1945-11-15	2100-12-31		Scotland			0	0	1		279
R	WAB	NO53 AGS		1945-11-15	2100-12-31		Scotland			0	0	1		279
R	WAB	NO54 AGS		1945-11-15	2100-12-31		Scotland			0	0	1		279
R	WAB	NO55 AGS		1945-11-15	2100-12-31		Scotland			0	0	1		279
R	WAB	NO56 AGS		1945-11-15	2100-12-31		Scotland			0	0	1		279
R	WAB	NO57 ADS		1945-11-15	2100-12-31		Scotland			0	0	1		279
R	WAB	NO57 AGS		1945-11-15	2100-12-31		Scotland			0	0	1		279
R	WAB	NO58 ADS		1945-11-15	2100-12-31		Scotland			0	0	1		279
R	WAB	NO58 AGS		1945-11-15	2100-12-31		Scotland			0	0	1		279
R	WAB	NO59 ADS		1945-11-15	2100-12-31		Scotland			0	0	1		279
R	WAB	NO60 FIF		1945-11-15	2100-12-31		Scotland			0	0	1		279
R	WAB	NO61 FIF		1945-11-15	2100-12-31		Scotland			0	0	1		279
R	WAB	NO63 AGS		1945-11-15	2100-12-31		Scotland			0	0	1		279
R	WAB	NO64 AGS		1945-11-15	2100-12-31		Scotland			0	0	1		279
R	WAB	NO65 AGS		1945-11-15	2100-12-31		Scotland			0	0	1		279
R	WAB	NO66 ADS		1945-11-15	2100-12-31		Scotland			0	0	1		279
R	WAB	NO66 AGS		1945-11-15	2100-12-31		Scotland			0	0	1		279
R	WAB	NO67 ADS		1945-11-15	2100-12-31		Scotland			0	0	1		279
R	WAB	NO67 AGS		1945-11-15	2100-12-31		Scotland			0	0	1		279
R	WAB	NO68 ADS		1945-11-15	2100-12-31		Scotland			0	0	1		279
R	WAB	NO69 ADS		1945-11-15	2100-12-31		Scotland			0	0	1		279
R	WAB	NO72 AGS		1945-11-15	2100-12-31		Scotland			0	0	1		279
R	WAB	NO74 AGS		1945-11-15	2100-12-31		Scotland			0	0	1		279
R	WAB	NO75 AGS		1945-11-15	2100-12-31		Scotland			0	0	1		279
R	WAB	NO76 ADS		1945-11-15	2100-12-31		Scotland			0	0	1		279
R	WAB	NO76 AGS		1945-11-15	2100-12-31		Scotland			0	0	1		279
R	WAB	NO77 ADS		1945-11-15	2100-12-31		Scotland			0	0	1		279
R	WAB	NO78 ADS		1945-11-15	2100-12-31		Scotland			0	0	1		279
R	WAB	NO79 ADS		1945-11-15	2100-12-31		Scotland			0	0	1		279
R	WAB	NO86 ADS		1945-11-15	2100-12-31		Scotland			0	0	1		279
R	WAB	NO87 ADS		1945-11-15	2100-12-31		Scotland			0	0	1		279
R	WAB	NO88 ADS		1945-11-15	2100-12-31		Scotland			0	0	1		279
R	WAB	NO89 ADN		1945-11-15	2100-12-31		Scotland			0	0	1		279
R	WAB	NO89 ADS		1945-11-15	2100-12-31		Scotland			0	0	1		279
R	WAB	NO99 ADN		1945-11-15	2100-12-31		Scotland			0	0	1		279
R	WAB	NO99 ADS		1945-11-15	2100-12-31		Scotland			0	0	1		279
R	WAB	NR15 ARB		1945-11-15	2100-12-31		Scotland			0	0	1		279
R	WAB	NR16 ARB		1945-11-15	2100-12-31		Scotland			0	0	1		279
R	WAB	NR24 ARB		1945-11-15	2100-12-31		Scotland			0	0	1		279
R	WAB	NR25 ARB		1945-11-15	2100-12-31		Scotland			0	0	1		279
R	WAB	NR26 ARB		1945-11-15	2100-12-31		Scotland			0	0	1		279
R	WAB	NR27 ARB		1945-11-15	2100-12-31		Scotland			0	0	1		279
R	WAB	NR33 ARB		1945-11-15	2100-12-31		Scotland			0	0	1		279
R	WAB	NR34 ARB		1945-11-15	2100-12-31		Scotland			0	0	1		279
R	WAB	NR35 ARB		1945-11-15	2100-12-31		Scotland			0	0	1		279
R	WAB	NR36 ARB		1945-11-15	2100-12-31		Scotland			0	0	1		279
R	WAB	NR37 ARB		1945-11-15	2100-12-31		Scotland			0	0	1		279
R	WAB	NR38 ARB		1945-11-15	2100-12-31		Scotland			0	0	1		279
R	WAB	NR39 ARB		1945-11-15	2100-12-31		Scotland			0	0	1		279
R	WAB	NR44 ARB		1945-11-15	2100-12-31		Scotland			0	0	1		279
R	WAB	NR45 ARB		1945-11-15	2100-12-31		Scotland			0	0	1		279
R	WAB	NR46 ARB		1945-11-15	2100-12-31		Scotland			0	0	1		279
R	WAB	NR47 ARB		1945-11-15	2100-12-31		Scotland			0	0	1		279
R	WAB	NR48 ARB		1945-11-15	2100-12-31		Scotland			0	0	1		279
R	WAB	NR49 ARB		1945-11-15	2100-12-31		Scotland			0	0	1		279
R	WAB	NR50 ARB		1945-11-15	2100-12-31		Scotland			0	0	1		279
R	WAB	NR51 ARB		1945-11-15	2100-12-31		Scotland			0	0	1		279
R	WAB	NR56 ARB		1945-11-15	2100-12-31		Scotland			0	0	1		279
R	WAB	NR57 ARB		1945-11-15	2100-12-31		Scotland			0	0	1		279
R	WAB	NR58 ARB		1945-11-15	2100-12-31		Scotland			0	0	1		279
R	WAB	NR59 ARB		1945-11-15	2100-12-31		Scotland			0	0	1		279
R	WAB	NR60 ARB		1945-11-15	2100-12-31		Scotland			0	0	1		279
R	WAB	NR61 ARB		1945-11-15	2100-12-31		Scotland			0	0	1		279
R	WAB	NR62 ARB		1945-11-15	2100-12-31		Scotland			0	0	1		279
R	WAB	NR63 ARB		1945-11-15	2100-12-31		Scotland			0	0	1		279
R	WAB	NR64 ARB		1945-11-15	2100-12-31		Scotland			0	0	1		279
R	WAB	NR65 ARB		1945-11-15	2100-12-31		Scotland			0	0	1		279
R	WAB	NR67 ARB		1945-11-15	2100-12-31		Scotland			0	0	1		279
R	WAB	NR68 ARB		1945-11-15	2100-12-31		Scotland			0	0	1		279
R	WAB	NR69 ARB		1945-11-15	2100-12-31		Scotland			0	0	1		279
R	WAB	NR70 ARB		1945-11-15	2100-12-31		Scotland			0	0	1		279
R	WAB	NR71 ARB		1945-11-15	2100-12-31		Scotland			0	0	1		279
R	WAB	NR72 ARB		1945-11-15	2100-12-31		Scotland			0	0	1		279
R	WAB	NR73 ARB		1945-11-15	2100-12-31		Scotland			0	0	1		279
R	WAB	NR74 ARB		1945-11-15	2100-12-31		Scotland			0	0	1		279
R	WAB	NR75 ARB		1945-11-15	2100-12-31		Scotland			0	0	1		279
R	WAB	NR76 ARB		1945-11-15	2100-12-31		Scotland			0	0	1		279
R	WAB	NR77 ARB		1945-11-15	2100-12-31		Scotland			0	0	1		279
R	WAB	NR78 ARB		1945-11-15	2100-12-31		Scotland			0	0	1		279
R	WAB	NR79 ARB		1945-11-15	2100-12-31		Scotland			0	0	1		279
R	WAB	NR82 AYN		1945-11-15	2100-12-31		Scotland			0	0	1		279
R	WAB	NR83 ARB		1945-11-15	2100-12-31		Scotland			0	0	1		279
R	WAB	NR83 AYN		1945-11-15	2100-12-31		Scotland			0	0	1		279
R	WAB	NR84 ARB		1945-11-15	2100-12-31		Scotland			0	0	1		279
R	WAB	NR84 AYN		1945-11-15	2100-12-31		Scotland			0	0	1		279
R	WAB	NR85 ARB		1945-11-15	2100-12-31		Scotland			0	0	1		279
R	WAB	NR86 ARB		1945-11-15	2100-12-31		Scotland			0	0	1		279
R	WAB	NR87 ARB		1945-11-15	2100-12-31		Scotland			0	0	1		279
R	WAB	NR88 ARB		1945-11-15	2100-12-31		Scotland			0	0	1		279
R	WAB	NR89 ARB		1945-11-15	2100-12-31		Scotland			0	0	1		279
R	WAB	NR91 AYN		1945-11-15	2100-12-31		Scotland			0	0	1		279
R	WAB	NR92 AYN		1945-11-15	2100-12-31		Scotland			0	0	1		279
R	WAB	NR93 AYN		1945-11-15	2100-12-31		Scotland			0	0	1		279
R	WAB	NR94 AYN		1945-11-15	2100-12-31		Scotland			0	0	1		279
R	WAB	NR95 ARB		1945-11-15	2100-12-31		Scotland			0	0	1		279
R	WAB	NR95 AYN		1945-11-15	2100-12-31		Scotland			0	0	1		279
R	WAB	NR96 ARB		1945-11-15	2100-12-31		Scotland			0	0	1		279
R	WAB	NR97 ARB		1945-11-15	2100-12-31		Scotland			0	0	1		279
R	WAB	NR98 ARB		1945-11-15	2100-12-31		Scotland			0	0	1		279
R	WAB	NR99 ARB		1945-11-15	2100-12-31		Scotland			0	0	1		279
R	WAB	NS00 AYS		1945-11-15	2100-12-31		Scotland			0	0	1		279
R	WAB	NS01 AYN		1945-11-15	2100-12-31		Scotland			0	0	1		279
R	WAB	NS02 AYN		1945-11-15	2100-12-31		Scotland			0	0	1		279
R	WAB	NS03 AYN		1945-11-15	2100-12-31		Scotland			0	0	1		279
R	WAB	NS04 AYN		1945-11-15	2100-12-31		Scotland			0	0	1		279
R	WAB	NS05 ARB		1945-11-15	2100-12-31		Scotland			0	0	1		279
R	WAB	NS06 ARB		1945-11-15	2100-12-31		Scotland			0	0	1		279
R	WAB	NS07 ARB		1945-11-15	2100-12-31		Scotland			0	0	1		279
R	WAB	NS08 ARB		1945-11-15	2100-12-31		Scotland			0	0	1		279
R	WAB	NS09 ARB		1945-11-15	2100-12-31		Scotland			0	0	1		279
R	WAB	NS10 AYS		1945-11-15	2100-12-31		Scotland			0	0	1		279
R	WAB	NS14 AYN		1945-11-15	2100-12-31		Scotland			0	0	1		279
R	WAB	NS15 ARB		1945-11-15	2100-12-31		Scotland			0	0	1		279
R	WAB	NS15 AYN		1945-11-15	2100-12-31		Scotland			0	0	1		279
R	WAB	NS16 ARB		1945-11-15	2100-12-31		Scotland			0	0	1		279
R	WAB	NS16 AYN		1945-11-15	2100-12-31		Scotland			0	0	1		279
R	WAB	NS16 IVC		1945-11-15	2100-12-31		Scotland			0	0	1		279
R	WAB	NS17 ARB		1945-11-15	2100-12-31		Scotland			0	0	1		279
R	WAB	NS17 IVC		1945-11-15	2100-12-31		Scotland			0	0	1		279
R	WAB	NS18 ARB		1945-11-15	2100-12-31		Scotland			0	0	1		279
R	WAB	NS19 ARB		1945-11-15	2100-12-31		Scotland			0	0	1		279
R	WAB	NS20 AYS		1945-11-15	2100-12-31		Scotland			0	0	1		279
R	WAB	NS21 AYS		1945-11-15	2100-12-31		Scotland			0	0	1		279
R	WAB	NS22 AYS		1945-11-15	2100-12-31		Scotland			0	0	1		279
R	WAB	NS23 AYN		1945-11-15	2100-12-31		Scotland			0	0	1		279
R	WAB	NS24 AYN		1945-11-15	2100-12-31		Scotland			0	0	1		279
R	WAB	NS25 AYN		1945-11-15	2100-12-31		Scotland			0	0	1		279
R	WAB	NS26 AYN		1945-11-15	2100-12-31		Scotland			0	0	1		279
R	WAB	NS26 IVC		1945-11-15	2100-12-31		Scotland			0	0	1		279
R	WAB	NS26 REN		1945-11-15	2100-12-31		Scotland			0	0	1		279
R	WAB	NS27 AYN		1945-11-15	2100-12-31		Scotland			0	0	1		279
R	WAB	NS27 IVC		1945-11-15	2100-12-31		Scotland			0	0	1		279
R	WAB	NS28 ARB		1945-11-15	2100-12-31		Scotland			0	0	1		279
R	WAB	NS29 ARB		1945-11-15	2100-12-31		Scotland			0	0	1		279
R	WAB	NS30 AYE		1945-11-15	2100-12-31		Scotland			0	0	1		279
R	WAB	NS30 AYS		1945-11-15	2100-12-31		Scotland			0	0	1		279
R	WAB	NS31 AYE		1945-11-15	2100-12-31		Scotland			0	0	1		279
R	WAB	NS31 AYS		1945-11-15	2100-12-31		Scotland			0	0	1		279
R	WAB	NS32 AYS		1945-11-15	2100-12-31		Scotland			0	0	1		279
R	WAB	NS33 AYE		1945-11-15	2100-12-31		Scotland			0	0	1		279
R	WAB	NS33 AYN		1945-11-15	2100-12-31		Scotland			0	0	1		279
R	WAB	NS33 AYS		1945-11-15	2100-12-31		Scotland			0	0	1		279
R	WAB	NS34 AYE		1945-11-15	2100-12-31		Scotland			0	0	1		279
R	WAB	NS34 AYN		1945-11-15	2100-12-31		Scotland			0	0	1		279
R	WAB	NS35 AYE		1945-11-15	2100-12-31		Scotland			0	0	1		279
R	WAB	NS35 AYN		1945-11-15	2100-12-31		Scotland			0	0	1		279
R	WAB	NS35 REN		1945-11-15	2100-12-31		Scotland			0	0	1		279
R	WAB	NS36 AYN		1945-11-15	2100-12-31		Scotland			0	0	1		279
R	WAB	NS36 IVC		1945-11-15	2100-12-31		Scotland			0	0	1		279
R	WAB	NS36 REN		1945-11-15	2100-12-31		Scotland			0	0	1		279
R	WAB	NS37 ARB		1945-11-15	2100-12-31		Scotland			0	0	1		279
R	WAB	NS37 DUW		1945-11-15	2100-12-31		Scotland			0	0	1		279
R	WAB	NS37 IVC		1945-11-15	2100-12-31		Scotland			0	0	1		279
R	WAB	NS37 REN		1945-11-15	2100-12-31		Scotland			0	0	1		279
R	WAB	NS38 ARB		1945-11-15	2100-12-31		Scotland			0	0	1		279
R	WAB	NS38 DUW		1945-11-15	2100-12-31		Scotland			0	0	1		279
R	WAB	NS39 ARB		1945-11-15	2100-12-31		Scotland			0	0	1		279
R	WAB	NS39 STI		1945-11-15	2100-12-31		Scotland			0	0	1		279
R	WAB	NS40 AYE		1945-11-15	2100-12-31		Scotland			0	0	1		279
R	WAB	NS40 AYS		1945-11-15	2100-12-31		Scotland			0	0	1		279
R	WAB	NS41 AYE		1945-11-15	2100-12-31		Scotland			0	0	1		279
R	WAB	NS41 AYS		1945-11-15	2100-12-31		Scotland			0	0	1		279
R	WAB	NS42 AYE		1945-11-15	2100-12-31		Scotland			0	0	1		279
R	WAB	NS42 AYS		1945-11-15	2100-12-31		Scotland			0	0	1		279
R	WAB	NS43 AYE		1945-11-15	2100-12-31		Scotland			0	0	1		279
R	WAB	NS43 AYS		1945-11-15	2100-12-31		Scotland			0	0	1		279
R	WAB	NS44 AYE		1945-11-15	2100-12-31		Scotland			0	0	1		279
R	WAB	NS44 AYN		1945-11-15	2100-12-31		Scotland			0	0	1		279
R	WAB	NS44 REE		1945-11-15	2100-12-31		Scotland			0	0	1		279
R	WAB	NS45 AYE		1945-11-15	2100-12-31		Scotland			0	0	1		279
R	WAB	NS45 AYN		1945-11-15	2100-12-31		Scotland			0	0	1		279
R	WAB	NS45 REE		1945-11-15	2100-12-31		Scotland			0	0	1		279
R	WAB	NS45 REN		1945-11-15	2100-12-31		Scotland			0	0	1		279
R	WAB	NS46 DUW		1945-11-15	2100-12-31		Scotland			0	0	1		279
R	WAB	NS46 REE		1945-11-15	2100-12-31		Scotland			0	0	1		279
R	WAB	NS46 REN		1945-11-15	2100-12-31		Scotland			0	0	1		279
R	WAB	NS47 DUW		1945-11-15	2100-12-31		Scotland			0	0	1		279
R	WAB	NS47 REN		1945-11-15	2100-12-31		Scotland			0	0	1		279
R	WAB	NS47 STI		1945-11-15	2100-12-31		Scotland			0	0	1		279
R	WAB	NS48 DUW		1945-11-15	2100-12-31		Scotland			0	0	1		279
R	WAB	NS48 STI		1945-11-15	2100-12-31		Scotland			0	0	1		279
R	WAB	NS49 STI		1945-11-15	2100-12-31		Scotland			0	0	1		279
R	WAB	NS50 AYE		1945-11-15	2100-12-31		Scotland			0	0	1		279
R	WAB	NS50 DUM		1945-11-15	2100-12-31		Scotland			0	0	1		279
R	WAB	NS51 AYE		1945-11-15	2100-12-31		Scotland			0	0	1		279
R	WAB	NS52 AYE		1945-11-15	2100-12-31		Scotland			0	0	1		279
R	WAB	NS53 AYE		1945-11-15	2100-12-31		Scotland			0	0	1		279
R	WAB	NS53 LAS		1945-11-15	2100-12-31		Scotland			0	0	1		279
R	WAB	NS54 AYE		1945-11-15	2100-12-31		Scotland			0	0	1		279
R	WAB	NS54 LAS		1945-11-15	2100-12-31		Scotland			0	0	1		279
R	WAB	NS54 REE		1945-11-15	2100-12-31		Scotland			0	0	1		279
R	WAB	NS55 AYE		1945-11-15	2100-12-31		Scotland			0	0	1		279
R	WAB	NS55 GLA		1945-11-15	2100-12-31		Scotland			0	0	1		279
R	WAB	NS55 LAS		1945-11-15	2100-12-31		Scotland			0	0	1		279
R	WAB	NS55 REE		1945-11-15	2100-12-31		Scotland			0	0	1		279
R	WAB	NS56 DUE		1945-11-15	2100-12-31		Scotland			0	0	1		279
R	WAB	NS56 DUW		1945-11-15	2100-12-31		Scotland			0	0	1		279
R	WAB	NS56 GLA		1945-11-15	2100-12-31		Scotland			0	0	1		279
R	WAB	NS56 REE		1945-11-15	2100-12-31		Scotland			0	0	1		279
R	WAB	NS56 REN		1945-11-15	2100-12-31		Scotland			0	0	1		279
R	WAB	NS57 DUE		1945-11-15	2100-12-31		Scotland			0	0	1		279
R	WAB	NS57 DUW		1945-11-15	2100-12-31		Scotland			0	0	1		279
R	WAB	NS57 GLA		1945-11-15	2100-12-31		Scotland			0	0	1		279
R	WAB	NS57 STI		1945-11-15	2100-12-31		Scotland			0	0	1		279
R	WAB	NS58 DUE		1945-11-15	2100-12-31		Scotland			0	0	1		279
R	WAB	NS58 STI		1945-11-15	2100-12-31		Scotland			0	0	1		279
R	WAB	NS59 STI		1945-11-15	2100-12-31		Scotland			0	0	1		279
R	WAB	NS60 AYE		1945-11-15	2100-12-31		Scotland			0	0	1		279
R	WAB	NS60 DUM		1945-11-15	2100-12-31		Scotland			0	0	1		279
R	WAB	NS61 AYE		1945-11-15	2100-12-31		Scotland			0	0	1		279
R	WAB	NS61 DUM		1945-11-15	2100-12-31		Scotland			0	0	1		279
R	WAB	NS62 AYE		1945-11-15	2100-12-31		Scotland			0	0	1		279
R	WAB	NS63 AYE		1945-11-15	2100-12-31		Scotland			0	0	1		279
R	WAB	NS63 LAS		1945-11-15	2100-12-31		Scotland			0	0	1		279
R	WAB	NS64 AYE		1945-11-15	2100-12-31		Scotland			0	0	1		279
R	WAB	NS64 LAS		1945-11-15	2100-12-31		Scotland			0	0	1		279
R	WAB	NS64 REE		1945-11-15	2100-12-31		Scotland			0	0	1		279
R	WAB	NS65 GLA		1945-11-15	2100-12-31		Scotland			0	0	1		279
R	WAB	NS65 LAS		1945-11-15	2100-12-31		Scotland			0	0	1		279
R	WAB	NS65 REE		1945-11-15	2100-12-31		Scotland			0	0	1		279
R	WAB	NS66 DUE		1945-11-15	2100-12-31		Scotland			0	0	1		279
R	WAB	NS66 GLA		1945-11-15	2100-12-31		Scotland			0	0	1		279
R	WAB	NS66 LAN		1945-11-15	2100-12-31		Scotland			0	0	1		279
R	WAB	NS66 LAS		1945-11-15	2100-12-31		Scotland			0	0	1		279
R	WAB	NS67 DUE		1945-11-15	2100-12-31		Scotland			0	0	1		279
R	WAB	NS67 GLA		1945-11-15	2100-12-31		Scotland			0	0	1		279
R	WAB	NS67 LAN		1945-11-15	2100-12-31		Scotland			0	0	1		279
R	WAB	NS68 DUE		1945-11-15	2100-12-31		Scotland			0	0	1		279
R	WAB	NS68 LAN		1945-11-15	2100-12-31		Scotland			0	0	1		279
R	WAB	NS68 STI		1945-11-15	2100-12-31		Scotland			0	0	1		279
R	WAB	NS69 STI		1945-11-15	2100-12-31		Scotland			0	0	1		279
R	WAB	NS70 DUM		1945-11-15	2100-12-31		Scotland			0	0	1		279
R	WAB	NS71 AYE		1945-11-15	2100-12-31		Scotland			0	0	1		279
R	WAB	NS71 DUM		1945-11-15	2100-12-31		Scotland			0	0	1		279
R	WAB	NS71 LAS		1945-11-15	2100-12-31		Scotland			0	0	1		279
R	WAB	NS72 AYE		1945-11-15	2100-12-31		Scotland			0	0	1		279
R	WAB	NS72 DUM		1945-11-15	2100-12-31		Scotland			0	0	1		279
R	WAB	NS72 LAS		1945-11-15	2100-12-31		Scotland			0	0	1		279
R	WAB	NS73 AYE		1945-11-15	2100-12-31		Scotland			0	0	1		279
R	WAB	NS73 LAS		1945-11-15	2100-12-31		Scotland			0	0	1		279
R	WAB	NS74 LAS		1945-11-15	2100-12-31		Scotland			0	0	1		279
R	WAB	NS75 LAN		1945-11-15	2100-12-31		Scotland			0	0	1		279
R	WAB	NS75 LAS		1945-11-15	2100-12-31		Scotland			0	0	1		279
R	WAB	NS76 GLA		1945-11-15	2100-12-31		Scotland			0	0	1		279
R	WAB	NS76 LAN		1945-11-15	2100-12-31		Scotland			0	0	1		279
R	WAB	NS76 LAS		1945-11-15	2100-12-31		Scotland			0	0	1		279
R	WAB	NS77 DUE		1945-11-15	2100-12-31		Scotland			0	0	1		279
R	WAB	NS77 FAL		1945-11-15	2100-12-31		Scotland			0	0	1		279
R	WAB	NS77 LAN		1945-11-15	2100-12-31		Scotland			0	0	1		279
R	WAB	NS78 FAL		1945-11-15	2100-12-31		Scotland			0	0	1		279
R	WAB	NS78 LAN		1945-11-15	2100-12-31		Scotland			0	0	1		279
R	WAB	NS78 STI		1945-11-15	2100-12-31		Scotland			0	0	1		279
R	WAB	NS79 STI		1945-11-15	2100-12-31		Scotland			0	0	1		279
R	WAB	NS80 DUM		1945-11-15	2100-12-31		Scotland			0	0	1		279
R	WAB	NS80 LAS		1945-11-15	2100-12-31		Scotland			0	0	1		279
R	WAB	NS81 DUM		1945-11-15	2100-12-31		Scotland			0	0	1		279
R	WAB	NS81 LAS		1945-11-15	2100-12-31		Scotland			0	0	1		279
R	WAB	NS82 DUM		1945-11-15	2100-12-31		Scotland			0	0	1		279
R	WAB	NS82 LAS		1945-11-15	2100-12-31		Scotland			0	0	1		279
R	WAB	NS83 LAS		1945-11-15	2100-12-31		Scotland			0	0	1		279
R	WAB	NS84 LAS		1945-11-15	2100-12-31		Scotland			0	0	1		279
R	WAB	NS85 LAN		1945-11-15	2100-12-31		Scotland			0	0	1		279
R	WAB	NS85 LAS		1945-11-15	2100-12-31		Scotland			0	0	1		279
R	WAB	NS86 FAL		1945-11-15	2100-12-31		Scotland			0	0	1		279
R	WAB	NS86 LAN		1945-11-15	2100-12-31		Scotland			0	0	1		279
R	WAB	NS86 LOW		1945-11-15	2100-12-31		Scotland			0	0	1		279
R	WAB	NS87 FAL		1945-11-15	2100-12-31		Scotland			0	0	1		279
R	WAB	NS87 LAN		1945-11-15	2100-12-31		Scotland			0	0	1		279
R	WAB	NS87 LOW		1945-11-15	2100-12-31		Scotland			0	0	1		279
R	WAB	NS88 CLA		1945-11-15	2100-12-31		Scotland			0	0	1		279
R	WAB	NS88 FAL		1945-11-15	2100-12-31		Scotland			0	0	1		279
R	WAB	NS88 STI		1945-11-15	2100-12-31		Scotland			0	0	1		279
R	WAB	NS89 CLA		1945-11-15	2100-12-31		Scotland			0	0	1		279
R	WAB	NS89 FAL		1945-11-15	2100-12-31		Scotland			0	0	1		279
R	WAB	NS89 STI		1945-11-15	2100-12-31		Scotland			0	0	1		279
R	WAB	NS90 DUM		1945-11-15	2100-12-31		Scotland			0	0	1		279
R	WAB	NS90 LAS		1945-11-15	2100-12-31		Scotland			0	0	1		279
R	WAB	NS91 DUM		1945-11-15	2100-12-31		Scotland			0	0	1		279
R	WAB	NS91 LAS		1945-11-15	2100-12-31		Scotland			0	0	1		279
R	WAB	NS92 LAS		1945-11-15	2100-12-31		Scotland			0	0	1		279
R	WAB	NS93 LAS		1945-11-15	2100-12-31		Scotland			0	0	1		279
R	WAB	NS94 LAS		1945-11-15	2100-12-31		Scotland			0	0	1		279
R	WAB	NS95 LAN		1945-11-15	2100-12-31		Scotland			0	0	1		279
R	WAB	NS95 LAS		1945-11-15	2100-12-31		Scotland			0	0	1		279
R	WAB	NS95 LOW		1945-11-15	2100-12-31		Scotland			0	0	1		279
R	WAB	NS96 LAN		1945-11-15	2100-12-31		Scotland			0	0	1		279
R	WAB	NS96 LOW		1945-11-15	2100-12-31		Scotland			0	0	1		279
R	WAB	NS97 FAL		1945-11-15	2100-12-31		Scotland			0	0	1		279
R	WAB	NS97 LOW		1945-11-15	2100-12-31		Scotland			0	0	1		279
R	WAB	NS98 CLA		1945-11-15	2100-12-31		Scotland			0	0	1		279
R	WAB	NS98 FAL		1945-11-15	2100-12-31		Scotland			0	0	1		279
R	WAB	NS98 FIF		1945-11-15	2100-12-31		Scotland			0	0	1		279
R	WAB	NS99 CLA		1945-11-15	2100-12-31		Scotland			0	0	1		279
R	WAB	NS99 FIF		1945-11-15	2100-12-31		Scotland			0	0	1		279
R	WAB	NS99 PEK		1945-11-15	2100-12-31		Scotland			0	0	1		279
R	WAB	NT00 DUM		1945-11-15	2100-12-31		Scotland			0	0	1		279
R	WAB	NT00 LAS		1945-11-15	2100-12-31		Scotland			0	0	1		279
R	WAB	NT01 BOR		1945-11-15	2100-12-31		Scotland			0	0	1		279
R	WAB	NT01 DUM		1945-11-15	2100-12-31		Scotland			0	0	1		279
R	WAB	NT01 LAS		1945-11-15	2100-12-31		Scotland			0	0	1		279
R	WAB	NT02 BOR		1945-11-15	2100-12-31		Scotland			0	0	1		279
R	WAB	NT02 LAS		1945-11-15	2100-12-31		Scotland			0	0	1		279
R	WAB	NT03 BOR		1945-11-15	2100-12-31		Scotland			0	0	1		279
R	WAB	NT03 LAS		1945-11-15	2100-12-31		Scotland			0	0	1		279
R	WAB	NT04 BOR		1945-11-15	2100-12-31		Scotland			0	0	1		279
R	WAB	NT04 LAS		1945-11-15	2100-12-31		Scotland			0	0	1		279
R	WAB	NT05 BOR		1945-11-15	2100-12-31		Scotland			0	0	1		279
R	WAB	NT05 LAS		1945-11-15	2100-12-31		Scotland			0	0	1		279
R	WAB	NT05 LOW		1945-11-15	2100-12-31		Scotland			0	0	1		279
R	WAB	NT06 EDI		1945-11-15	2100-12-31		Scotland			0	0	1		279
R	WAB	NT06 LOW		1945-11-15	2100-12-31		Scotland			0	0	1		279
R	WAB	NT07 EDI		1945-11-15	2100-12-31		Scotland			0	0	1		279
R	WAB	NT07 FAL		1945-11-15	2100-12-31		Scotland			0	0	1		279
R	WAB	NT07 LOW		1945-11-15	2100-12-31		Scotland			0	0	1		279
R	WAB	NT08 FAL		1945-11-15	2100-12-31		Scotland			0	0	1		279
R	WAB	NT08 FIF		1945-11-15	2100-12-31		Scotland			0	0	1		279
R	WAB	NT08 LOW		1945-11-15	2100-12-31		Scotland			0	0	1		279
R	WAB	NT09 CLA		1945-11-15	2100-12-31		Scotland			0	0	1		279
R	WAB	NT09 FIF		1945-11-15	2100-12-31		Scotland			0	0	1		279
R	WAB	NT09 PEK		1945-11-15	2100-12-31		Scotland			0	0	1		279
R	WAB	NT10 BOR		1945-11-15	2100-12-31		Scotland			0	0	1		279
R	WAB	NT10 DUM		1945-11-15	2100-12-31		Scotland			0	0	1		279
R	WAB	NT11 BOR		1945-11-15	2100-12-31		Scotland			0	0	1		279
R	WAB	NT11 DUM		1945-11-15	2100-12-31		Scotland			0	0	1		279
R	WAB	NT12 BOR		1945-11-15	2100-12-31		Scotland			0	0	1		279
R	WAB	NT13 BOR		1945-11-15	2100-12-31		Scotland			0	0	1		279
R	WAB	NT14 BOR		1945-11-15	2100-12-31		Scotland			0	0	1		279
R	WAB	NT14 LAS		1945-11-15	2100-12-31		Scotland			0	0	1		279
R	WAB	NT15 BOR		1945-11-15	2100-12-31		Scotland			0	0	1		279
R	WAB	NT15 EDI		1945-11-15	2100-12-31		Scotland			0	0	1		279
R	WAB	NT15 LOM		1945-11-15	2100-12-31		Scotland			0	0	1		279
R	WAB	NT15 LOW		1945-11-15	2100-12-31		Scotland			0	0	1		279
R	WAB	NT16 EDI		1945-11-15	2100-12-31		Scotland			0	0	1		279
R	WAB	NT16 LOM		1945-11-15	2100-12-31		Scotland			0	0	1		279
R	WAB	NT16 LOW		1945-11-15	2100-12-31		Scotland			0	0	1		279
R	WAB	NT17 EDI		1945-11-15	2100-12-31		Scotland			0	0	1		279
R	WAB	NT17 FIF		1945-11-15	2100-12-31		Scotland			0	0	1		279
R	WAB	NT17 LOW		1945-11-15	2100-12-31		Scotland			0	0	1		279
R	WAB	NT18 FIF		1945-11-15	2100-12-31		Scotland			0	0	1		279
R	WAB	NT19 FIF		1945-11-15	2100-12-31		Scotland			0	0	1		279
R	WAB	NT19 PEK		1945-11-15	2100-12-31		Scotland			0	0	1		279
R	WAB	NT20 BOR		1945-11-15	2100-12-31		Scotland			0	0	1		279
R	WAB	NT20 DUM		1945-11-15	2100-12-31		Scotland			0	0	1		279
R	WAB	NT21 BOR		1945-11-15	2100-12-31		Scotland			0	0	1		279
R	WAB	NT21 DUM		1945-11-15	2100-12-31		Scotland			0	0	1		279
R	WAB	NT22 BOR		1945-11-15	2100-12-31		Scotland			0	0	1		279
R	WAB	NT23 BOR		1945-11-15	2100-12-31		Scotland			0	0	1		279
R	WAB	NT24 BOR		1945-11-15	2100-12-31		Scotland			0	0	1		279
R	WAB	NT24 LOM		1945-11-15	2100-12-31		Scotland			0	0	1		279
R	WAB	NT25 BOR		1945-11-15	2100-12-31		Scotland			0	0	1		279
R	WAB	NT25 LOM		1945-11-15	2100-12-31		Scotland			0	0	1		279
R	WAB	NT26 EDI		1945-11-15	2100-12-31		Scotland			0	0	1		279
R	WAB	NT26 LOM		1945-11-15	2100-12-31		Scotland			0	0	1		279
R	WAB	NT27 EDI		1945-11-15	2100-12-31		Scotland			0	0	1		279
R	WAB	NT28 EDI		1945-11-15	2100-12-31		Scotland			0	0	1		279
R	WAB	NT28 FIF		1945-11-15	2100-12-31		Scotland			0	0	1		279
R	WAB	NT29 FIF		1945-11-15	2100-12-31		Scotland			0	0	1		279
R	WAB	NT30 BOR		1945-11-15	2100-12-31		Scotland			0	0	1		279
R	WAB	NT30 DUM		1945-11-15	2100-12-31		Scotland			0	0	1		279
R	WAB	NT31 BOR		1945-11-15	2100-12-31		Scotland			0	0	1		279
R	WAB	NT32 BOR		1945-11-15	2100-12-31		Scotland			0	0	1		279
R	WAB	NT33 BOR		1945-11-15	2100-12-31		Scotland			0	0	1		279
R	WAB	NT34 BOR		1945-11-15	2100-12-31		Scotland			0	0	1		279
R	WAB	NT34 LOM		1945-11-15	2100-12-31		Scotland			0	0	1		279
R	WAB	NT35 BOR		1945-11-15	2100-12-31		Scotland			0	0	1		279
R	WAB	NT35 LOM		1945-11-15	2100-12-31		Scotland			0	0	1		279
R	WAB	NT36 EDI		1945-11-15	2100-12-31		Scotland			0	0	1		279
R	WAB	NT36 LOE		1945-11-15	2100-12-31		Scotland			0	0	1		279
R	WAB	NT36 LOM		1945-11-15	2100-12-31		Scotland			0	0	1		279
R	WAB	NT37 EDI		1945-11-15	2100-12-31		Scotland			0	0	1		279
R	WAB	NT37 LOE		1945-11-15	2100-12-31		Scotland			0	0	1		279
R	WAB	NT37 LOM		1945-11-15	2100-12-31		Scotland			0	0	1		279
R	WAB	NT38 FIF		1945-11-15	2100-12-31		Scotland			0	0	1		279
R	WAB	NT39 FIF		1945-11-15	2100-12-31		Scotland			0	0	1		279
R	WAB	NT40 BOR		1945-11-15	2100-12-31		Scotland			0	0	1		279
R	WAB	NT41 BOR		1945-11-15	2100-12-31		Scotland			0	0	1		279
R	WAB	NT42 BOR		1945-11-15	2100-12-31		Scotland			0	0	1		279
R	WAB	NT43 BOR		1945-11-15	2100-12-31		Scotland			0	0	1		279
R	WAB	NT44 BOR		1945-11-15	2100-12-31		Scotland			0	0	1		279
R	WAB	NT45 BOR		1945-11-15	2100-12-31		Scotland			0	0	1		279
R	WAB	NT45 LOE		1945-11-15	2100-12-31		Scotland			0	0	1		279
R	WAB	NT45 LOM		1945-11-15	2100-12-31		Scotland			0	0	1		279
R	WAB	NT46 BOR		1945-11-15	2100-12-31		Scotland			0	0	1		279
R	WAB	NT46 LOE		1945-11-15	2100-12-31		Scotland			0	0	1		279
R	WAB	NT46 LOM		1945-11-15	2100-12-31		Scotland			0	0	1		279
R	WAB	NT47 LOE		1945-11-15	2100-12-31		Scotland			0	0	1		279
R	WAB	NT48 LOE		1945-11-15	2100-12-31		Scotland			0	0	1		279
R	WAB	NT49 FIF		1945-11-15	2100-12-31		Scotland			0	0	1		279
R	WAB	NT50 BOR		1945-11-15	2100-12-31		Scotland			0	0	1		279
R	WAB	NT51 BOR		1945-11-15	2100-12-31		Scotland			0	0	1		279
R	WAB	NT52 BOR		1945-11-15	2100-12-31		Scotland			0	0	1		279
R	WAB	NT53 BOR		1945-11-15	2100-12-31		Scotland			0	0	1		279
R	WAB	NT54 BOR		1945-11-15	2100-12-31		Scotland			0	0	1		279
R	WAB	NT55 BOR		1945-11-15	2100-12-31		Scotland			0	0	1		279
R	WAB	NT55 LOE		1945-11-15	2100-12-31		Scotland			0	0	1		279
R	WAB	NT56 BOR		1945-11-15	2100-12-31		Scotland			0	0	1		279
R	WAB	NT56 LOE		1945-11-15	2100-12-31		Scotland			0	0	1		279
R	WAB	NT57 LOE		1945-11-15	2100-12-31		Scotland			0	0	1		279
R	WAB	NT58 LOE		1945-11-15	2100-12-31		Scotland			0	0	1		279
R	WAB	NT59 FIF		1945-11-15	2100-12-31		Scotland			0	0	1		279
R	WAB	NT60 BOR		1945-11-15	2100-12-31		Scotland			0	0	1		279
R	WAB	NT60 NLD		1945-11-15	2100-12-31		England			0	0	1		223
R	WAB	NT61 BOR		1945-11-15	2100-12-31		Scotland			0	0	1		279
R	WAB	NT62 BOR		1945-11-15	2100-12-31		Scotland			0	0	1		279
R	WAB	NT63 BOR		1945-11-15	2100-12-31		Scotland			0	0	1		279
R	WAB	NT64 BOR		1945-11-15	2100-12-31		Scotland			0	0	1		279
R	WAB	NT65 BOR		1945-11-15	2100-12-31		Scotland			0	0	1		279
R	WAB	NT65 LOE		1945-11-15	2100-12-31		Scotland			0	0	1		279
R	WAB	NT66 BOR		1945-11-15	2100-12-31		Scotland			0	0	1		279
R	WAB	NT66 LOE		1945-11-15	2100-12-31		Scotland			0	0	1		279
R	WAB	NT67 LOE		1945-11-15	2100-12-31		Scotland			0	0	1		279
R	WAB	NT68 LOE		1945-11-15	2100-12-31		Scotland			0	0	1		279
R	WAB	NT69 FIF		1945-11-15	2100-12-31		Scotland			0	0	1		279
R	WAB	NT70 BOR		1945-11-15	2100-12-31		Scotland			0	0	1		279
R	WAB	NT70 NLD		1945-11-15	2100-12-31		England			0	0	1		223
R	WAB	NT71 BOR		1945-11-15	2100-12-31		Scotland			0	0	1		279
R	WAB	NT71 NLD		1945-11-15	2100-12-31		England			0	0	1		223
R	WAB	NT72 BOR		1945-11-15	2100-12-31		Scotland			0	0	1		279
R	WAB	NT73 BOR		1945-11-15	2100-12-31		Scotland			0	0	1		279
R	WAB	NT73 NLD		1945-11-15	2100-12-31		England			0	0	1		223
R	WAB	NT74 BOR		1945-11-15	2100-12-31		Scotland			0	0	1		279
R	WAB	NT75 BOR		1945-11-15	2100-12-31		Scotland			0	0	1		279
R	WAB	NT76 BOR		1945-11-15	2100-12-31		Scotland			0	0	1		279
R	WAB	NT76 LOE		1945-11-15	2100-12-31		Scotland			0	0	1		279
R	WAB	NT77 BOR		1945-11-15	2100-12-31		Scotland			0	0	1		279
R	WAB	NT77 LOE		1945-11-15	2100-12-31		Scotland			0	0	1		279
R	WAB	NT80 NLD		1945-11-15	2100-12-31		England			0	0	1		223
R	WAB	NT81 BOR		1945-11-15	2100-12-31		Scotland			0	0	1		279
R	WAB	NT81 NLD		1945-11-15	2100-12-31		England			0	0	1		223
R	WAB	NT82 BOR		1945-11-15	2100-12-31		Scotland			0	0	1		279
R	WAB	NT82 NLD		1945-11-15	2100-12-31		England			0	0	1		223
R	WAB	NT83 BOR		1945-11-15	2100-12-31		Scotland			0	0	1		279
R	WAB	NT83 NLD		1945-11-15	2100-12-31		England			0	0	1		223
R	WAB	NT84 BOR		1945-11-15	2100-12-31		Scotland			0	0	1		279
R	WAB	NT84 NLD		1945-11-15	2100-12-31		England			0	0	1		223
R	WAB	NT85 BOR		1945-11-15	2100-12-31		Scotland			0	0	1		279
R	WAB	NT86 BOR		1945-11-15	2100-12-31		Scotland			0	0	1		279
R	WAB	NT87 BOR		1945-11-15	2100-12-31		Scotland			0	0	1		279
R	WAB	NT90 NLD		1945-11-15	2100-12-31		England			0	0	1		223
R	WAB	NT91 NLD		1945-11-15	2100-12-31		England			0	0	1		223
R	WAB	NT92 NLD		1945-11-15	2100-12-31		England			0	0	1		223
R	WAB	NT93 NLD		1945-11-15	2100-12-31		England			0	0	1		223
R	WAB	NT94 BOR		1945-11-15	2100-12-31		Scotland			0	0	1		279
R	WAB	NT94 NLD		1945-11-15	2100-12-31		England			0	0	1		223
R	WAB	NT95 BOR		1945-11-15	2100-12-31		Scotland			0	0	1		279
R	WAB	NT95 NLD		1945-11-15	2100-12-31		England			0	0	1		223
R	WAB	NT96 BOR		1945-11-15	2100-12-31		Scotland			0	0	1		279
R	WAB	NU00 NLD		1945-11-15	2100-12-31		England			0	0	1		223
R	WAB	NU01 NLD		1945-11-15	2100-12-31		England			0	0	1		223
R	WAB	NU02 NLD		1945-11-15	2100-12-31		England			0	0	1		223
R	WAB	NU03 NLD		1945-11-15	2100-12-31		England			0	0	1		223
R	WAB	NU04 NLD		1945-11-15	2100-12-31		England			0	0	1		223
R	WAB	NU05 NLD		1945-11-15	2100-12-31		England			0	0	1		223
R	WAB	NU10 NLD		1945-11-15	2100-12-31		England			0	0	1		223
R	WAB	NU11 NLD		1945-11-15	2100-12-31		England			0	0	1		223
R	WAB	NU12 NLD		1945-11-15	2100-12-31		England			0	0	1		223
R	WAB	NU13 NLD		1945-11-15	2100-12-31		England			0	0	1		223
R	WAB	NU14 NLD		1945-11-15	2100-12-31		England			0	0	1		223
R	WAB	NU20 NLD		1945-11-15	2100-12-31		England			0	0	1		223
R	WAB	NU21 NLD		1945-11-15	2100-12-31		England			0	0	1		223
R	WAB	NU22 NLD		1945-11-15	2100-12-31		England			0	0	1		223
R	WAB	NU23 NLD		1945-11-15	2100-12-31		England			0	0	1		223
R	WAB	NW95 DUM		1945-11-15	2100-12-31		Scotland			0	0	1		279
R	WAB	NW96 DUM		1945-11-15	2100-12-31		Scotland			0	0	1		279
R	WAB	NW97 DUM		1945-11-15	2100-12-31		Scotland			0	0	1		279
R	WAB	NX03 DUM		1945-11-15	2100-12-31		Scotland			0	0	1		279
R	WAB	NX04 DUM		1945-11-15	2100-12-31		Scotland			0	0	1		279
R	WAB	NX05 DUM		1945-11-15	2100-12-31		Scotland			0	0	1		279
R	WAB	NX06 DUM		1945-11-15	2100-12-31		Scotland			0	0	1		279
R	WAB	NX07 AYS		1945-11-15	2100-12-31		Scotland			0	0	1		279
R	WAB	NX07 DUM		1945-11-15	2100-12-31		Scotland			0	0	1		279
R	WAB	NX08 AYS		1945-11-15	2100-12-31		Scotland			0	0	1		279
R	WAB	NX09 AYS		1945-11-15	2100-12-31		Scotland			0	0	1		279
R	WAB	NX13 DUM		1945-11-15	2100-12-31		Scotland			0	0	1		279
R	WAB	NX14 DUM		1945-11-15	2100-12-31		Scotland			0	0	1		279
R	WAB	NX15 DUM		1945-11-15	2100-12-31		Scotland			0	0	1		279
R	WAB	NX16 DUM		1945-11-15	2100-12-31		Scotland			0	0	1		279
R	WAB	NX17 AYS		1945-11-15	2100-12-31		Scotland			0	0	1		279
R	WAB	NX17 DUM		1945-11-15	2100-12-31		Scotland			0	0	1		279
R	WAB	NX18 AYS		1945-11-15	2100-12-31		Scotland			0	0	1		279
R	WAB	NX19 AYS		1945-11-15	2100-12-31		Scotland			0	0	1		279
R	WAB	NX23 DUM		1945-11-15	2100-12-31		Scotland			0	0	1		279
R	WAB	NX24 DUM		1945-11-15	2100-12-31		Scotland			0	0	1		279
R	WAB	NX25 DUM		1945-11-15	2100-12-31		Scotland			0	0	1		279
R	WAB	NX26 DUM		1945-11-15	2100-12-31		Scotland			0	0	1		279
R	WAB	NX27 AYS		1945-11-15	2100-12-31		Scotland			0	0	1		279
R	WAB	NX27 DUM		1945-11-15	2100-12-31		Scotland			0	0	1		279
R	WAB	NX28 AYS		1945-11-15	2100-12-31		Scotland			0	0	1		279
R	WAB	NX29 AYS		1945-11-15	2100-12-31		Scotland			0	0	1		279
R	WAB	NX30 IOM		1945-11-15	2100-12-31		England			0	0	1		223
R	WAB	NX33 DUM		1945-11-15	2100-12-31		Scotland			0	0	1		279
R	WAB	NX34 DUM		1945-11-15	2100-12-31		Scotland			0	0	1		279
R	WAB	NX35 DUM		1945-11-15	2100-12-31		Scotland			0	0	1		279
R	WAB	NX36 DUM		1945-11-15	2100-12-31		Scotland			0	0	1		279
R	WAB	NX37 AYS		1945-11-15	2100-12-31		Scotland			0	0	1		279
R	WAB	NX37 DUM		1945-11-15	2100-12-31		Scotland			0	0	1		279
R	WAB	NX38 AYS		1945-11-15	2100-12-31		Scotland			0	0	1		279
R	WAB	NX38 DUM		1945-11-15	2100-12-31		Scotland			0	0	1		279
R	WAB	NX39 AYS		1945-11-15	2100-12-31		Scotland			0	0	1		279
R	WAB	NX40 IOM		1945-11-15	2100-12-31		England			0	0	1		223
R	WAB	NX43 DUM		1945-11-15	2100-12-31		Scotland			0	0	1		279
R	WAB	NX44 DUM		1945-11-15	2100-12-31		Scotland			0	0	1		279
R	WAB	NX45 DUM		1945-11-15	2100-12-31		Scotland			0	0	1		279
R	WAB	NX46 DUM		1945-11-15	2100-12-31		Scotland			0	0	1		279
R	WAB	NX47 DUM		1945-11-15	2100-12-31		Scotland			0	0	1		279
R	WAB	NX48 AYE		1945-11-15	2100-12-31		Scotland			0	0	1		279
R	WAB	NX48 AYS		1945-11-15	2100-12-31		Scotland			0	0	1		279
R	WAB	NX48 DUM		1945-11-15	2100-12-31		Scotland			0	0	1		279
R	WAB	NX49 AYE		1945-11-15	2100-12-31		Scotland			0	0	1		279
R	WAB	NX49 AYS		1945-11-15	2100-12-31		Scotland			0	0	1		279
R	WAB	NX49 DUM		1945-11-15	2100-12-31		Scotland			0	0	1		279
R	WAB	NX54 DUM		1945-11-15	2100-12-31		Scotland			0	0	1		279
R	WAB	NX55 DUM		1945-11-15	2100-12-31		Scotland			0	0	1		279
R	WAB	NX56 DUM		1945-11-15	2100-12-31		Scotland			0	0	1		279
R	WAB	NX57 DUM		1945-11-15	2100-12-31		Scotland			0	0	1		279
R	WAB	NX58 DUM		1945-11-15	2100-12-31		Scotland			0	0	1		279
R	WAB	NX59 AYE		1945-11-15	2100-12-31		Scotland			0	0	1		279
R	WAB	NX59 DUM		1945-11-15	2100-12-31		Scotland			0	0	1		279
R	WAB	NX64 DUM		1945-11-15	2100-12-31		Scotland			0	0	1		279
R	WAB	NX65 DUM		1945-11-15	2100-12-31		Scotland			0	0	1		279
R	WAB	NX66 DUM		1945-11-15	2100-12-31		Scotland			0	0	1		279
R	WAB	NX67 DUM		1945-11-15	2100-12-31		Scotland			0	0	1		279
R	WAB	NX68 DUM		1945-11-15	2100-12-31		Scotland			0	0	1		279
R	WAB	NX69 DUM		1945-11-15	2100-12-31		Scotland			0	0	1		279
R	WAB	NX74 DUM		1945-11-15	2100-12-31		Scotland			0	0	1		279
R	WAB	NX75 DUM		1945-11-15	2100-12-31		Scotland			0	0	1		279
R	WAB	NX76 DUM		1945-11-15	2100-12-31		Scotland			0	0	1		279
R	WAB	NX77 DUM		1945-11-15	2100-12-31		Scotland			0	0	1		279
R	WAB	NX78 DUM		1945-11-15	2100-12-31		Scotland			0	0	1		279
R	WAB	NX79 DUM		1945-11-15	2100-12-31		Scotland			0	0	1		279
R	WAB	NX84 DUM		1945-11-15	2100-12-31		Scotland			0	0	1		279
R	WAB	NX85 DUM		1945-11-15	2100-12-31		Scotland			0	0	1		279
R	WAB	NX86 DUM		1945-11-15	2100-12-31		Scotland			0	0	1		279
R	WAB	NX87 DUM		1945-11-15	2100-12-31		Scotland			0	0	1		279
R	WAB	NX88 DUM		1945-11-15	2100-12-31		Scotland			0	0	1		279
R	WAB	NX89 DUM		1945-11-15	2100-12-31		Scotland			0	0	1		279
R	WAB	NX90 CBA		1945-11-15	2100-12-31		England			0	0	1		223
R	WAB	NX91 CBA		1945-11-15	2100-12-31		England			0	0	1		223
R	WAB	NX92 CBA		1945-11-15	2100-12-31		England			0	0	1		223
R	WAB	NX93 CBA		1945-11-15	2100-12-31		England			0	0	1		223
R	WAB	NX95 DUM		1945-11-15	2100-12-31		Scotland			0	0	1		279
R	WAB	NX96 DUM		1945-11-15	2100-12-31		Scotland			0	0	1		279
R	WAB	NX97 DUM		1945-11-15	2100-12-31		Scotland			0	0	1		279
R	WAB	NX98 DUM		1945-11-15	2100-12-31		Scotland			0	0	1		279
R	WAB	NX99 DUM		1945-11-15	2100-12-31		Scotland			0	0	1		279
R	WAB	NY00 CBA		1945-11-15	2100-12-31		England			0	0	1		223
R	WAB	NY01 CBA		1945-11-15	2100-12-31		England			0	0	1		223
R	WAB	NY02 CBA		1945-11-15	2100-12-31		England			0	0	1		223
R	WAB	NY03 CBA		1945-11-15	2100-12-31		England			0	0	1		223
R	WAB	NY04 CBA		1945-11-15	2100-12-31		England			0	0	1		223
R	WAB	NY05 CBA		1945-11-15	2100-12-31		England			0	0	1		223
R	WAB	NY05 DUM		1945-11-15	2100-12-31		Scotland			0	0	1		279
R	WAB	NY06 DUM		1945-11-15	2100-12-31		Scotland			0	0	1		279
R	WAB	NY07 DUM		1945-11-15	2100-12-31		Scotland			0	0	1		279
R	WAB	NY08 DUM		1945-11-15	2100-12-31		Scotland			0	0	1		279
R	WAB	NY09 DUM		1945-11-15	2100-12-31		Scotland			0	0	1		279
R	WAB	NY10 CBA		1945-11-15	2100-12-31		England			0	0	1		223
R	WAB	NY11 CBA		1945-11-15	2100-12-31		England			0	0	1		223
R	WAB	NY12 CBA		1945-11-15	2100-12-31		England			0	0	1		223
R	WAB	NY13 CBA		1945-11-15	2100-12-31		England			0	0	1		223
R	WAB	NY14 CBA		1945-11-15	2100-12-31		England			0	0	1		223
R	WAB	NY15 CBA		1945-11-15	2100-12-31		England			0	0	1		223
R	WAB	NY16 CBA		1945-11-15	2100-12-31		England			0	0	1		223
R	WAB	NY16 DUM		1945-11-15	2100-12-31		Scotland			0	0	1		279
R	WAB	NY17 DUM		1945-11-15	2100-12-31		Scotland			0	0	1		279
R	WAB	NY18 DUM		1945-11-15	2100-12-31		Scotland			0	0	1		279
R	WAB	NY19 DUM		1945-11-15	2100-12-31		Scotland			0	0	1		279
R	WAB	NY20 CBA		1945-11-15	2100-12-31		England			0	0	1		223
R	WAB	NY21 CBA		1945-11-15	2100-12-31		England			0	0	1		223
R	WAB	NY22 CBA		1945-11-15	2100-12-31		England			0	0	1		223
R	WAB	NY23 CBA		1945-11-15	2100-12-31		England			0	0	1		223
R	WAB	NY24 CBA		1945-11-15	2100-12-31		England			0	0	1		223
R	WAB	NY25 CBA		1945-11-15	2100-12-31		England			0	0	1		223
R	WAB	NY26 CBA		1945-11-15	2100-12-31		England			0	0	1		223
R	WAB	NY26 DUM		1945-11-15	2100-12-31		Scotland			0	0	1		279
R	WAB	NY27 DUM		1945-11-15	2100-12-31		Scotland			0	0	1		279
R	WAB	NY28 DUM		1945-11-15	2100-12-31		Scotland			0	0	1		279
R	WAB	NY29 DUM		1945-11-15	2100-12-31		Scotland			0	0	1		279
R	WAB	NY30 CBA		1945-11-15	2100-12-31		England			0	0	1		223
R	WAB	NY31 CBA		1945-11-15	2100-12-31		England			0	0	1		223
R	WAB	NY32 CBA		1945-11-15	2100-12-31		England			0	0	1		223
R	WAB	NY33 CBA		1945-11-15	2100-12-31		England			0	0	1		223
R	WAB	NY34 CBA		1945-11-15	2100-12-31		England			0	0	1		223
R	WAB	NY35 CBA		1945-11-15	2100-12-31		England			0	0	1		223
R	WAB	NY36 CBA		1945-11-15	2100-12-31		England			0	0	1		223
R	WAB	NY36 DUM		1945-11-15	2100-12-31		Scotland			0	0	1		279
R	WAB	NY37 CBA		1945-11-15	2100-12-31		England			0	0	1		223
R	WAB	NY37 DUM		1945-11-15	2100-12-31		Scotland			0	0	1		279
R	WAB	NY38 DUM		1945-11-15	2100-12-31		Scotland			0	0	1		279
R	WAB	NY39 BOR		1945-11-15	2100-12-31		Scotland			0	0	1		279
R	WAB	NY39 DUM		1945-11-15	2100-12-31		Scotland			0	0	1		279
R	WAB	NY40 CBA		1945-11-15	2100-12-31		England			0	0	1		223
R	WAB	NY41 CBA		1945-11-15	2100-12-31		England			0	0	1		223
R	WAB	NY42 CBA		1945-11-15	2100-12-31		England			0	0	1		223
R	WAB	NY43 CBA		1945-11-15	2100-12-31		England			0	0	1		223
R	WAB	NY44 CBA		1945-11-15	2100-12-31		England			0	0	1		223
R	WAB	NY45 CBA		1945-11-15	2100-12-31		England			0	0	1		223
R	WAB	NY46 CBA		1945-11-15	2100-12-31		England			0	0	1		223
R	WAB	NY47 BOR		1945-11-15	2100-12-31		Scotland			0	0	1		279
R	WAB	NY47 CBA		1945-11-15	2100-12-31		England			0	0	1		223
R	WAB	NY47 DUM		1945-11-15	2100-12-31		Scotland			0	0	1		279
R	WAB	NY48 BOR		1945-11-15	2100-12-31		Scotland			0	0	1		279
R	WAB	NY48 CBA		1945-11-15	2100-12-31		England			0	0	1		223
R	WAB	NY48 DUM		1945-11-15	2100-12-31		Scotland			0	0	1		279
R	WAB	NY49 BOR		1945-11-15	2100-12-31		Scotland			0	0	1		279
R	WAB	NY49 DUM		1945-11-15	2100-12-31		Scotland			0	0	1		279
R	WAB	NY50 CBA		1945-11-15	2100-12-31		England			0	0	1		223
R	WAB	NY51 CBA		1945-11-15	2100-12-31		England			0	0	1		223
R	WAB	NY52 CBA		1945-11-15	2100-12-31		England			0	0	1		223
R	WAB	NY53 CBA		1945-11-15	2100-12-31		England			0	0	1		223
R	WAB	NY54 CBA		1945-11-15	2100-12-31		England			0	0	1		223
R	WAB	NY55 CBA		1945-11-15	2100-12-31		England			0	0	1		223
R	WAB	NY56 CBA		1945-11-15	2100-12-31		England			0	0	1		223
R	WAB	NY57 CBA		1945-11-15	2100-12-31		England			0	0	1		223
R	WAB	NY58 BOR		1945-11-15	2100-12-31		Scotland			0	0	1		279
R	WAB	NY58 CBA		1945-11-15	2100-12-31		England			0	0	1		223
R	WAB	NY58 NLD		1945-11-15	2100-12-31		England			0	0	1		223
R	WAB	NY59 BOR		1945-11-15	2100-12-31		Scotland			0	0	1		279
R	WAB	NY59 NLD		1945-11-15	2100-12-31		England			0	0	1		223
R	WAB	NY60 CBA		1945-11-15	2100-12-31		England			0	0	1		223
R	WAB	NY61 CBA		1945-11-15	2100-12-31		England			0	0	1		223
R	WAB	NY62 CBA		1945-11-15	2100-12-31		England			0	0	1		223
R	WAB	NY63 CBA		1945-11-15	2100-12-31		England			0	0	1		223
R	WAB	NY64 CBA		1945-11-15	2100-12-31		England			0	0	1		223
R	WAB	NY64 NLD		1945-11-15	2100-12-31		England			0	0	1		223
R	WAB	NY65 CBA		1945-11-15	2100-12-31		England			0	0	1		223
R	WAB	NY65 NLD		1945-11-15	2100-12-31		England			0	0	1		223
R	WAB	NY66 CBA		1945-11-15	2100-12-31		England			0	0	1		223
R	WAB	NY66 NLD		1945-11-15	2100-12-31		England			0	0	1		223
R	WAB	NY67 CBA		1945-11-15	2100-12-31		England			0	0	1		223
R	WAB	NY67 NLD		1945-11-15	2100-12-31		England			0	0	1		223
R	WAB	NY68 CBA		1945-11-15	2100-12-31		England			0	0	1		223
R	WAB	NY68 NLD		1945-11-15	2100-12-31		England			0	0	1		223
R	WAB	NY69 BOR		1945-11-15	2100-12-31		Scotland			0	0	1		279
R	WAB	NY69 NLD		1945-11-15	2100-12-31		England			0	0	1		223
R	WAB	NY70 CBA		1945-11-15	2100-12-31		England			0	0	1		223
R	WAB	NY71 CBA		1945-11-15	2100-12-31		England			0	0	1		223
R	WAB	NY72 CBA		1945-11-15	2100-12-31		England			0	0	1		223
R	WAB	NY72 DHM		1945-11-15	2100-12-31		England			0	0	1		223
R	WAB	NY73 CBA		1945-11-15	2100-12-31		England			0	0	1		223
R	WAB	NY73 DHM		1945-11-15	2100-12-31		England			0	0	1		223
R	WAB	NY74 CBA		1945-11-15	2100-12-31		England			0	0	1		223
R	WAB	NY74 DHM		1945-11-15	2100-12-31		England			0	0	1		223
R	WAB	NY74 NLD		1945-11-15	2100-12-31		England			0	0	1		223
R	WAB	NY75 CBA		1945-11-15	2100-12-31		England			0	0	1		223
R	WAB	NY75 NLD		1945-11-15	2100-12-31		England			0	0	1		223
R	WAB	NY76 NLD		1945-11-15	2100-12-31		England			0	0	1		223
R	WAB	NY77 NLD		1945-11-15	2100-12-31		England			0	0	1		223
R	WAB	NY78 NLD		1945-11-15	2100-12-31		England			0	0	1		223
R	WAB	NY79 NLD		1945-11-15	2100-12-31		England			0	0	1		223
R	WAB	NY80 CBA		1945-11-15	2100-12-31		England			0	0	1		223
R	WAB	NY80 DHM		1945-11-15	2100-12-31		England			0	0	1		223
R	WAB	NY80 YSN		1945-11-15	2100-12-31		England			0	0	1		223
R	WAB	NY81 CBA		1945-11-15	2100-12-31		England			0	0	1		223
R	WAB	NY81 DHM		1945-11-15	2100-12-31		England			0	0	1		223
R	WAB	NY82 CBA		1945-11-15	2100-12-31		England			0	0	1		223
R	WAB	NY82 DHM		1945-11-15	2100-12-31		England			0	0	1		223
R	WAB	NY83 CBA		1945-11-15	2100-12-31		England			0	0	1		223
R	WAB	NY83 DHM		1945-11-15	2100-12-31		England			0	0	1		223
R	WAB	NY84 CBA		1945-11-15	2100-12-31		England			0	0	1		223
R	WAB	NY84 DHM		1945-11-15	2100-12-31		England			0	0	1		223
R	WAB	NY84 NLD		1945-11-15	2100-12-31		England			0	0	1		223
R	WAB	NY85 NLD		1945-11-15	2100-12-31		England			0	0	1		223
R	WAB	NY86 NLD		1945-11-15	2100-12-31		England			0	0	1		223
R	WAB	NY87 NLD		1945-11-15	2100-12-31		England			0	0	1		223
R	WAB	NY88 NLD		1945-11-15	2100-12-31		England			0	0	1		223
R	WAB	NY89 NLD		1945-11-15	2100-12-31		England			0	0	1		223
R	WAB	NY90 DHM		1945-11-15	2100-12-31		England			0	0	1		223
R	WAB	NY90 YSN		1945-11-15	2100-12-31		England			0	0	1		223
R	WAB	NY91 DHM		1945-11-15	2100-12-31		England			0	0	1		223
R	WAB	NY92 DHM		1945-11-15	2100-12-31		England			0	0	1		223
R	WAB	NY93 DHM		1945-11-15	2100-12-31		England			0	0	1		223
R	WAB	NY94 DHM		1945-11-15	2100-12-31		England			0	0	1		223
R	WAB	NY94 NLD		1945-11-15	2100-12-31		England			0	0	1		223
R	WAB	NY95 DHM		1945-11-15	2100-12-31		England			0	0	1		223
R	WAB	NY95 NLD		1945-11-15	2100-12-31		England			0	0	1		223
R	WAB	NY96 NLD		1945-11-15	2100-12-31		England			0	0	1		223
R	WAB	NY97 NLD		1945-11-15	2100-12-31		England			0	0	1		223
R	WAB	NY98 NLD		1945-11-15	2100-12-31		England			0	0	1		223
R	WAB	NY99 NLD		1945-11-15	2100-12-31		England			0	0	1		223
R	WAB	NZ00 DHM		1945-11-15	2100-12-31		England			0	0	1		223
R	WAB	NZ00 YSN		1945-11-15	2100-12-31		England			0	0	1		223
R	WAB	NZ01 DHM		1945-11-15	2100-12-31		England			0	0	1		223
R	WAB	NZ01 YSN		1945-11-15	2100-12-31		England			0	0	1		223
R	WAB	NZ02 DHM		1945-11-15	2100-12-31		England			0	0	1		223
R	WAB	NZ03 DHM		1945-11-15	2100-12-31		England			0	0	1		223
R	WAB	NZ04 DHM		1945-11-15	2100-12-31		England			0	0	1		223
R	WAB	NZ04 NLD		1945-11-15	2100-12-31		England			0	0	1		223
R	WAB	NZ05 DHM		1945-11-15	2100-12-31		England			0	0	1		223
R	WAB	NZ05 GAT		1945-11-15	2100-12-31		England			0	0	1		223
R	WAB	NZ05 NLD		1945-11-15	2100-12-31		England			0	0	1		223
R	WAB	NZ06 NLD		1945-11-15	2100-12-31		England			0	0	1		223
R	WAB	NZ07 NLD		1945-11-15	2100-12-31		England			0	0	1		223
R	WAB	NZ08 NLD		1945-11-15	2100-12-31		England			0	0	1		223
R	WAB	NZ09 NLD		1945-11-15	2100-12-31		England			0	0	1		223
R	WAB	NZ10 DHM		1945-11-15	2100-12-31		England			0	0	1		223
R	WAB	NZ10 YSN		1945-11-15	2100-12-31		England			0	0	1		223
R	WAB	NZ11 DAR		1945-11-15	2100-12-31		England			0	0	1		223
R	WAB	NZ11 DHM		1945-11-15	2100-12-31		England			0	0	1		223
R	WAB	NZ11 YSN		1945-11-15	2100-12-31		England			0	0	1		223
R	WAB	NZ12 DAR		1945-11-15	2100-12-31		England			0	0	1		223
R	WAB	NZ12 DHM		1945-11-15	2100-12-31		England			0	0	1		223
R	WAB	NZ13 DHM		1945-11-15	2100-12-31		England			0	0	1		223
R	WAB	NZ14 DHM		1945-11-15	2100-12-31		England			0	0	1		223
R	WAB	NZ15 DHM		1945-11-15	2100-12-31		England			0	0	1		223
R	WAB	NZ15 GAT		1945-11-15	2100-12-31		England			0	0	1		223
R	WAB	NZ15 NLD		1945-11-15	2100-12-31		England			0	0	1		223
R	WAB	NZ16 GAT		1945-11-15	2100-12-31		England			0	0	1		223
R	WAB	NZ16 NLD		1945-11-15	2100-12-31		England			0	0	1		223
R	WAB	NZ16 NUT		1945-11-15	2100-12-31		England			0	0	1		223
R	WAB	NZ17 NLD		1945-11-15	2100-12-31		England			0	0	1		223
R	WAB	NZ17 NUT		1945-11-15	2100-12-31		England			0	0	1		223
R	WAB	NZ18 NLD		1945-11-15	2100-12-31		England			0	0	1		223
R	WAB	NZ19 NLD		1945-11-15	2100-12-31		England			0	0	1		223
R	WAB	NZ20 DAR		1945-11-15	2100-12-31		England			0	0	1		223
R	WAB	NZ20 YSN		1945-11-15	2100-12-31		England			0	0	1		223
R	WAB	NZ21 DAR		1945-11-15	2100-12-31		England			0	0	1		223
R	WAB	NZ21 DHM		1945-11-15	2100-12-31		England			0	0	1		223
R	WAB	NZ21 YSN		1945-11-15	2100-12-31		England			0	0	1		223
R	WAB	NZ22 DAR		1945-11-15	2100-12-31		England			0	0	1		223
R	WAB	NZ22 DHM		1945-11-15	2100-12-31		England			0	0	1		223
R	WAB	NZ23 DHM		1945-11-15	2100-12-31		England			0	0	1		223
R	WAB	NZ24 DHM		1945-11-15	2100-12-31		England			0	0	1		223
R	WAB	NZ25 DHM		1945-11-15	2100-12-31		England			0	0	1		223
R	WAB	NZ25 GAT		1945-11-15	2100-12-31		England			0	0	1		223
R	WAB	NZ25 SUN		1945-11-15	2100-12-31		England			0	0	1		223
R	WAB	NZ26 GAT		1945-11-15	2100-12-31		England			0	0	1		223
R	WAB	NZ26 NUT		1945-11-15	2100-12-31		England			0	0	1		223
R	WAB	NZ26 TNN		1945-11-15	2100-12-31		England			0	0	1		223
R	WAB	NZ26 TNS		1945-11-15	2100-12-31		England			0	0	1		223
R	WAB	NZ27 NLD		1945-11-15	2100-12-31		England			0	0	1		223
R	WAB	NZ27 NUT		1945-11-15	2100-12-31		England			0	0	1		223
R	WAB	NZ27 TNN		1945-11-15	2100-12-31		England			0	0	1		223
R	WAB	NZ28 NLD		1945-11-15	2100-12-31		England			0	0	1		223
R	WAB	NZ29 NLD		1945-11-15	2100-12-31		England			0	0	1		223
R	WAB	NZ30 DAR		1945-11-15	2100-12-31		England			0	0	1		223
R	WAB	NZ30 STO		1945-11-15	2100-12-31		England			0	0	1		223
R	WAB	NZ30 YSN		1945-11-15	2100-12-31		England			0	0	1		223
R	WAB	NZ31 DAR		1945-11-15	2100-12-31		England			0	0	1		223
R	WAB	NZ31 STO		1945-11-15	2100-12-31		England			0	0	1		223
R	WAB	NZ31 YSN		1945-11-15	2100-12-31		England			0	0	1		223
R	WAB	NZ32 DAR		1945-11-15	2100-12-31		England			0	0	1		223
R	WAB	NZ32 DHM		1945-11-15	2100-12-31		England			0	0	1		223
R	WAB	NZ32 HAR		1945-11-15	2100-12-31		England			0	0	1		223
R	WAB	NZ32 STO		1945-11-15	2100-12-31		England			0	0	1		223
R	WAB	NZ33 DHM		1945-11-15	2100-12-31		England			0	0	1		223
R	WAB	NZ34 DHM		1945-11-15	2100-12-31		England			0	0	1		223
R	WAB	NZ34 SUN		1945-11-15	2100-12-31		England			0	0	1		223
R	WAB	NZ35 DHM		1945-11-15	2100-12-31		England			0	0	1		223
R	WAB	NZ35 GAT		1945-11-15	2100-12-31		England			0	0	1		223
R	WAB	NZ35 SUN		1945-11-15	2100-12-31		England			0	0	1		223
R	WAB	NZ35 TNS		1945-11-15	2100-12-31		England			0	0	1		223
R	WAB	NZ36 GAT		1945-11-15	2100-12-31		England			0	0	1		223
R	WAB	NZ36 NUT		1945-11-15	2100-12-31		England			0	0	1		223
R	WAB	NZ36 SUN		1945-11-15	2100-12-31		England			0	0	1		223
R	WAB	NZ36 TNN		1945-11-15	2100-12-31		England			0	0	1		223
R	WAB	NZ36 TNS		1945-11-15	2100-12-31		England			0	0	1		223
R	WAB	NZ37 NLD		1945-11-15	2100-12-31		England			0	0	1		223
R	WAB	NZ37 TNN		1945-11-15	2100-12-31		England			0	0	1		223
R	WAB	NZ38 NLD		1945-11-15	2100-12-31		England			0	0	1		223
R	WAB	NZ39 NLD		1945-11-15	2100-12-31		England			0	0	1		223
R	WAB	NZ40 STO		1945-11-15	2100-12-31		England			0	0	1		223
R	WAB	NZ40 YSN		1945-11-15	2100-12-31		England			0	0	1		223
R	WAB	NZ41 MID		1945-11-15	2100-12-31		England			0	0	1		223
R	WAB	NZ41 STO		1945-11-15	2100-12-31		England			0	0	1		223
R	WAB	NZ41 YSN		1945-11-15	2100-12-31		England			0	0	1		223
R	WAB	NZ42 DHM		1945-11-15	2100-12-31		England			0	0	1		223
R	WAB	NZ42 HAR		1945-11-15	2100-12-31		England			0	0	1		223
R	WAB	NZ42 MID		1945-11-15	2100-12-31		England			0	0	1		223
R	WAB	NZ42 STO		1945-11-15	2100-12-31		England			0	0	1		223
R	WAB	NZ43 DHM		1945-11-15	2100-12-31		England			0	0	1		223
R	WAB	NZ43 HAR		1945-11-15	2100-12-31		England			0	0	1		223
R	WAB	NZ44 DHM		1945-11-15	2100-12-31		England			0	0	1		223
R	WAB	NZ45 DHM		1945-11-15	2100-12-31		England			0	0	1		223
R	WAB	NZ45 SUN		1945-11-15	2100-12-31		England			0	0	1		223
R	WAB	NZ46 SUN		1945-11-15	2100-12-31		England			0	0	1		223
R	WAB	NZ46 TNS		1945-11-15	2100-12-31		England			0	0	1		223
R	WAB	NZ50 YSN		1945-11-15	2100-12-31		England			0	0	1		223
R	WAB	NZ51 MID		1945-11-15	2100-12-31		England			0	0	1		223
R	WAB	NZ51 RED		1945-11-15	2100-12-31		England			0	0	1		223
R	WAB	NZ51 YSN		1945-11-15	2100-12-31		England			0	0	1		223
R	WAB	NZ52 HAR		1945-11-15	2100-12-31		England			0	0	1		223
R	WAB	NZ52 MID		1945-11-15	2100-12-31		England			0	0	1		223
R	WAB	NZ52 RED		1945-11-15	2100-12-31		England			0	0	1		223
R	WAB	NZ52 STO		1945-11-15	2100-12-31		England			0	0	1		223
R	WAB	NZ53 HAR		1945-11-15	2100-12-31		England			0	0	1		223
R	WAB	NZ60 YSN		1945-11-15	2100-12-31		England			0	0	1		223
R	WAB	NZ61 RED		1945-11-15	2100-12-31		England			0	0	1		223
R	WAB	NZ61 YSN		1945-11-15	2100-12-31		England			0	0	1		223
R	WAB	NZ62 RED		1945-11-15	2100-12-31		England			0	0	1		223
R	WAB	NZ70 YSN		1945-11-15	2100-12-31		England			0	0	1		223
R	WAB	NZ71 RED		1945-11-15	2100-12-31		England			0	0	1		223
R	WAB	NZ71 YSN		1945-11-15	2100-12-31		England			0	0	1		223
R	WAB	NZ72 RED		1945-11-15	2100-12-31		England			0	0	1		223
R	WAB	NZ80 YSN		1945-11-15	2100-12-31		England			0	0	1		223
R	WAB	NZ81 YSN		1945-11-15	2100-12-31		England			0	0	1		223
R	WAB	NZ90 YSN		1945-11-15	2100-12-31		England			0	0	1		223
R	WAB	NZ91 YSN		1945-11-15	2100-12-31		England			0	0	1		223
R	WAB	OV00 YSN		1945-11-15	2100-12-31		England			0	0	1		223
R	WAB	SC16 IOM		1945-11-15	2100-12-31	Isle of Man	I.O.M			0	0	1		114
R	WAB	SC17 IOM		1945-11-15	2100-12-31	Isle of Man	I.O.M			0	0	1		114
R	WAB	SC26 IOM		1945-11-15	2100-12-31	Isle of Man	I.O.M			0	0	1		114
R	WAB	SC27 IOM		1945-11-15	2100-12-31	Isle of Man	I.O.M			0	0	1		114
R	WAB	SC28 IOM		1945-11-15	2100-12-31	Isle of Man	I.O.M			0	0	1		114
R	WAB	SC36 IOM		1945-11-15	2100-12-31	Isle of Man	I.O.M			0	0	1		114
R	WAB	SC37 IOM		1945-11-15	2100-12-31	Isle of Man	I.O.M			0	0	1		114
R	WAB	SC38 IOM		1945-11-15	2100-12-31	Isle of Man	I.O.M			0	0	1		114
R	WAB	SC39 IOM		1945-11-15	2100-12-31	Isle of Man	I.O.M			0	0	1		114
R	WAB	SC47 IOM		1945-11-15	2100-12-31	Isle of Man	I.O.M			0	0	1		114
R	WAB	SC48 IOM		1945-11-15	2100-12-31	Isle of Man	I.O.M			0	0	1		114
R	WAB	SC49 IOM		1945-11-15	2100-12-31	Isle of Man	I.O.M			0	0	1		114
R	WAB	SD08 CBA		1945-11-15	2100-12-31		England			0	0	1		223
R	WAB	SD09 CBA		1945-11-15	2100-12-31		England			0	0	1		223
R	WAB	SD16 CBA		1945-11-15	2100-12-31		England			0	0	1		223
R	WAB	SD17 CBA		1945-11-15	2100-12-31		England			0	0	1		223
R	WAB	SD18 CBA		1945-11-15	2100-12-31		England			0	0	1		223
R	WAB	SD19 CBA		1945-11-15	2100-12-31		England			0	0	1		223
R	WAB	SD20 SEF		1945-11-15	2100-12-31		England			0	0	1		223
R	WAB	SD21 SEF		1945-11-15	2100-12-31		England			0	0	1		223
R	WAB	SD22 LNH		1945-11-15	2100-12-31		England			0	0	1		223
R	WAB	SD23 BPL		1945-11-15	2100-12-31		England			0	0	1		223
R	WAB	SD23 LNH		1945-11-15	2100-12-31		England			0	0	1		223
R	WAB	SD24 LNH		1945-11-15	2100-12-31		England			0	0	1		223
R	WAB	SD26 CBA		1945-11-15	2100-12-31		England			0	0	1		223
R	WAB	SD27 CBA		1945-11-15	2100-12-31		England			0	0	1		223
R	WAB	SD28 CBA		1945-11-15	2100-12-31		England			0	0	1		223
R	WAB	SD29 CBA		1945-11-15	2100-12-31		England			0	0	1		223
R	WAB	SD30 LNH		1945-11-15	2100-12-31		England			0	0	1		223
R	WAB	SD30 SEF		1945-11-15	2100-12-31		England			0	0	1		223
R	WAB	SD31 LNH		1945-11-15	2100-12-31		England			0	0	1		223
R	WAB	SD31 SEF		1945-11-15	2100-12-31		England			0	0	1		223
R	WAB	SD32 LNH		1945-11-15	2100-12-31		England			0	0	1		223
R	WAB	SD32 SEF		1945-11-15	2100-12-31		England			0	0	1		223
R	WAB	SD33 BPL		1945-11-15	2100-12-31		England			0	0	1		223
R	WAB	SD33 LNH		1945-11-15	2100-12-31		England			0	0	1		223
R	WAB	SD34 BPL		1945-11-15	2100-12-31		England			0	0	1		223
R	WAB	SD34 LNH		1945-11-15	2100-12-31		England			0	0	1		223
R	WAB	SD35 LNH		1945-11-15	2100-12-31		England			0	0	1		223
R	WAB	SD36 CBA		1945-11-15	2100-12-31		England			0	0	1		223
R	WAB	SD36 LNH		1945-11-15	2100-12-31		England			0	0	1		223
R	WAB	SD37 CBA		1945-11-15	2100-12-31		England			0	0	1		223
R	WAB	SD38 CBA		1945-11-15	2100-12-31		England			0	0	1		223
R	WAB	SD39 CBA		1945-11-15	2100-12-31		England			0	0	1		223
R	WAB	SD40 KNO		1945-11-15	2100-12-31		England			0	0	1		223
R	WAB	SD40 LNH		1945-11-15	2100-12-31		England			0	0	1		223
R	WAB	SD40 SEF		1945-11-15	2100-12-31		England			0	0	1		223
R	WAB	SD40 STH		1945-11-15	2100-12-31		England			0	0	1		223
R	WAB	SD41 LNH		1945-11-15	2100-12-31		England			0	0	1		223
R	WAB	SD42 LNH		1945-11-15	2100-12-31		England			0	0	1		223
R	WAB	SD43 LNH		1945-11-15	2100-12-31		England			0	0	1		223
R	WAB	SD44 LNH		1945-11-15	2100-12-31		England			0	0	1		223
R	WAB	SD45 LNH		1945-11-15	2100-12-31		England			0	0	1		223
R	WAB	SD46 LNH		1945-11-15	2100-12-31		England			0	0	1		223
R	WAB	SD47 CBA		1945-11-15	2100-12-31		England			0	0	1		223
R	WAB	SD47 LNH		1945-11-15	2100-12-31		England			0	0	1		223
R	WAB	SD48 CBA		1945-11-15	2100-12-31		England			0	0	1		223
R	WAB	SD49 CBA		1945-11-15	2100-12-31		England			0	0	1		223
R	WAB	SD50 LNH		1945-11-15	2100-12-31		England			0	0	1		223
R	WAB	SD50 STH		1945-11-15	2100-12-31		England			0	0	1		223
R	WAB	SD50 WIG		1945-11-15	2100-12-31		England			0	0	1		223
R	WAB	SD51 BOL		1945-11-15	2100-12-31		England			0	0	1		223
R	WAB	SD51 LNH		1945-11-15	2100-12-31		England			0	0	1		223
R	WAB	SD51 WIG		1945-11-15	2100-12-31		England			0	0	1		223
R	WAB	SD52 LNH		1945-11-15	2100-12-31		England			0	0	1		223
R	WAB	SD53 LNH		1945-11-15	2100-12-31		England			0	0	1		223
R	WAB	SD54 LNH		1945-11-15	2100-12-31		England			0	0	1		223
R	WAB	SD55 LNH		1945-11-15	2100-12-31		England			0	0	1		223
R	WAB	SD56 LNH		1945-11-15	2100-12-31		England			0	0	1		223
R	WAB	SD57 CBA		1945-11-15	2100-12-31		England			0	0	1		223
R	WAB	SD57 LNH		1945-11-15	2100-12-31		England			0	0	1		223
R	WAB	SD58 CBA		1945-11-15	2100-12-31		England			0	0	1		223
R	WAB	SD59 CBA		1945-11-15	2100-12-31		England			0	0	1		223
R	WAB	SD60 BOL		1945-11-15	2100-12-31		England			0	0	1		223
R	WAB	SD60 WIG		1945-11-15	2100-12-31		England			0	0	1		223
R	WAB	SD61 BLD		1945-11-15	2100-12-31		England			0	0	1		223
R	WAB	SD61 BOL		1945-11-15	2100-12-31		England			0	0	1		223
R	WAB	SD61 LNH		1945-11-15	2100-12-31		England			0	0	1		223
R	WAB	SD61 WIG		1945-11-15	2100-12-31		England			0	0	1		223
R	WAB	SD62 BLD		1945-11-15	2100-12-31		England			0	0	1		223
R	WAB	SD62 LNH		1945-11-15	2100-12-31		England			0	0	1		223
R	WAB	SD63 BLD		1945-11-15	2100-12-31		England			0	0	1		223
R	WAB	SD63 LNH		1945-11-15	2100-12-31		England			0	0	1		223
R	WAB	SD64 LNH		1945-11-15	2100-12-31		England			0	0	1		223
R	WAB	SD65 LNH		1945-11-15	2100-12-31		England			0	0	1		223
R	WAB	SD66 LNH		1945-11-15	2100-12-31		England			0	0	1		223
R	WAB	SD66 YSN		1945-11-15	2100-12-31		England			0	0	1		223
R	WAB	SD67 CBA		1945-11-15	2100-12-31		England			0	0	1		223
R	WAB	SD67 LNH		1945-11-15	2100-12-31		England			0	0	1		223
R	WAB	SD67 YSN		1945-11-15	2100-12-31		England			0	0	1		223
R	WAB	SD68 CBA		1945-11-15	2100-12-31		England			0	0	1		223
R	WAB	SD68 LNH		1945-11-15	2100-12-31		England			0	0	1		223
R	WAB	SD68 YSN		1945-11-15	2100-12-31		England			0	0	1		223
R	WAB	SD69 CBA		1945-11-15	2100-12-31		England			0	0	1		223
R	WAB	SD70 BOL		1945-11-15	2100-12-31		England			0	0	1		223
R	WAB	SD70 BUR		1945-11-15	2100-12-31		England			0	0	1		223
R	WAB	SD70 SAL		1945-11-15	2100-12-31		England			0	0	1		223
R	WAB	SD70 WIG		1945-11-15	2100-12-31		England			0	0	1		223
R	WAB	SD71 BLD		1945-11-15	2100-12-31		England			0	0	1		223
R	WAB	SD71 BOL		1945-11-15	2100-12-31		England			0	0	1		223
R	WAB	SD71 BUR		1945-11-15	2100-12-31		England			0	0	1		223
R	WAB	SD71 LNH		1945-11-15	2100-12-31		England			0	0	1		223
R	WAB	SD72 BLD		1945-11-15	2100-12-31		England			0	0	1		223
R	WAB	SD72 LNH		1945-11-15	2100-12-31		England			0	0	1		223
R	WAB	SD73 BLD		1945-11-15	2100-12-31		England			0	0	1		223
R	WAB	SD73 LNH		1945-11-15	2100-12-31		England			0	0	1		223
R	WAB	SD74 LNH		1945-11-15	2100-12-31		England			0	0	1		223
R	WAB	SD75 LNH		1945-11-15	2100-12-31		England			0	0	1		223
R	WAB	SD75 YSN		1945-11-15	2100-12-31		England			0	0	1		223
R	WAB	SD76 LNH		1945-11-15	2100-12-31		England			0	0	1		223
R	WAB	SD76 YSN		1945-11-15	2100-12-31		England			0	0	1		223
R	WAB	SD77 YSN		1945-11-15	2100-12-31		England			0	0	1		223
R	WAB	SD78 CBA		1945-11-15	2100-12-31		England			0	0	1		223
R	WAB	SD78 LNH		1945-11-15	2100-12-31		England			0	0	1		223
R	WAB	SD78 YSN		1945-11-15	2100-12-31		England			0	0	1		223
R	WAB	SD79 CBA		1945-11-15	2100-12-31		England			0	0	1		223
R	WAB	SD79 YSN		1945-11-15	2100-12-31		England			0	0	1		223
R	WAB	SD80 BUR		1945-11-15	2100-12-31		England			0	0	1		223
R	WAB	SD80 MAN		1945-11-15	2100-12-31		England			0	0	1		223
R	WAB	SD80 OLD		1945-11-15	2100-12-31		England			0	0	1		223
R	WAB	SD80 ROC		1945-11-15	2100-12-31		England			0	0	1		223
R	WAB	SD80 SAL		1945-11-15	2100-12-31		England			0	0	1		223
R	WAB	SD81 BUR		1945-11-15	2100-12-31		England			0	0	1		223
R	WAB	SD81 LNH		1945-11-15	2100-12-31		England			0	0	1		223
R	WAB	SD81 ROC		1945-11-15	2100-12-31		England			0	0	1		223
R	WAB	SD82 CAL		1945-11-15	2100-12-31		England			0	0	1		223
R	WAB	SD82 LNH		1945-11-15	2100-12-31		England			0	0	1		223
R	WAB	SD83 LNH		1945-11-15	2100-12-31		England			0	0	1		223
R	WAB	SD84 LNH		1945-11-15	2100-12-31		England			0	0	1		223
R	WAB	SD84 YSN		1945-11-15	2100-12-31		England			0	0	1		223
R	WAB	SD85 LNH		1945-11-15	2100-12-31		England			0	0	1		223
R	WAB	SD85 YSN		1945-11-15	2100-12-31		England			0	0	1		223
R	WAB	SD86 YSN		1945-11-15	2100-12-31		England			0	0	1		223
R	WAB	SD87 YSN		1945-11-15	2100-12-31		England			0	0	1		223
R	WAB	SD88 YSN		1945-11-15	2100-12-31		England			0	0	1		223
R	WAB	SD89 CBA		1945-11-15	2100-12-31		England			0	0	1		223
R	WAB	SD89 YSN		1945-11-15	2100-12-31		England			0	0	1		223
R	WAB	SD90 OLD		1945-11-15	2100-12-31		England			0	0	1		223
R	WAB	SD90 ROC		1945-11-15	2100-12-31		England			0	0	1		223
R	WAB	SD90 TAM		1945-11-15	2100-12-31		England			0	0	1		223
R	WAB	SD91 CAL		1945-11-15	2100-12-31		England			0	0	1		223
R	WAB	SD91 KIR		1945-11-15	2100-12-31		England			0	0	1		223
R	WAB	SD91 LNH		1945-11-15	2100-12-31		England			0	0	1		223
R	WAB	SD91 OLD		1945-11-15	2100-12-31		England			0	0	1		223
R	WAB	SD91 ROC		1945-11-15	2100-12-31		England			0	0	1		223
R	WAB	SD92 CAL		1945-11-15	2100-12-31		England			0	0	1		223
R	WAB	SD92 LNH		1945-11-15	2100-12-31		England			0	0	1		223
R	WAB	SD92 ROC		1945-11-15	2100-12-31		England			0	0	1		223
R	WAB	SD93 BRA		1945-11-15	2100-12-31		England			0	0	1		223
R	WAB	SD93 CAL		1945-11-15	2100-12-31		England			0	0	1		223
R	WAB	SD93 LNH		1945-11-15	2100-12-31		England			0	0	1		223
R	WAB	SD93 YSN		1945-11-15	2100-12-31		England			0	0	1		223
R	WAB	SD94 BRA		1945-11-15	2100-12-31		England			0	0	1		223
R	WAB	SD94 LNH		1945-11-15	2100-12-31		England			0	0	1		223
R	WAB	SD94 YSN		1945-11-15	2100-12-31		England			0	0	1		223
R	WAB	SD95 YSN		1945-11-15	2100-12-31		England			0	0	1		223
R	WAB	SD96 YSN		1945-11-15	2100-12-31		England			0	0	1		223
R	WAB	SD97 YSN		1945-11-15	2100-12-31		England			0	0	1		223
R	WAB	SD98 YSN		1945-11-15	2100-12-31		England			0	0	1		223
R	WAB	SD99 YSN		1945-11-15	2100-12-31		England			0	0	1		223
R	WAB	SE00 DYS		1945-11-15	2100-12-31		England			0	0	1		223
R	WAB	SE00 KIR		1945-11-15	2100-12-31		England			0	0	1		223
R	WAB	SE00 OLD		1945-11-15	2100-12-31		England			0	0	1		223
R	WAB	SE00 TAM		1945-11-15	2100-12-31		England			0	0	1		223
R	WAB	SE01 CAL		1945-11-15	2100-12-31		England			0	0	1		223
R	WAB	SE01 KIR		1945-11-15	2100-12-31		England			0	0	1		223
R	WAB	SE01 OLD		1945-11-15	2100-12-31		England			0	0	1		223
R	WAB	SE02 BRA		1945-11-15	2100-12-31		England			0	0	1		223
R	WAB	SE02 CAL		1945-11-15	2100-12-31		England			0	0	1		223
R	WAB	SE03 BRA		1945-11-15	2100-12-31		England			0	0	1		223
R	WAB	SE03 CAL		1945-11-15	2100-12-31		England			0	0	1		223
R	WAB	SE04 BRA		1945-11-15	2100-12-31		England			0	0	1		223
R	WAB	SE04 YSN		1945-11-15	2100-12-31		England			0	0	1		223
R	WAB	SE05 BRA		1945-11-15	2100-12-31		England			0	0	1		223
R	WAB	SE05 YSN		1945-11-15	2100-12-31		England			0	0	1		223
R	WAB	SE06 YSN		1945-11-15	2100-12-31		England			0	0	1		223
R	WAB	SE07 YSN		1945-11-15	2100-12-31		England			0	0	1		223
R	WAB	SE08 YSN		1945-11-15	2100-12-31		England			0	0	1		223
R	WAB	SE09 YSN		1945-11-15	2100-12-31		England			0	0	1		223
R	WAB	SE10 BAR		1945-11-15	2100-12-31		England			0	0	1		223
R	WAB	SE10 DYS		1945-11-15	2100-12-31		England			0	0	1		223
R	WAB	SE10 KIR		1945-11-15	2100-12-31		England			0	0	1		223
R	WAB	SE10 SHF		1945-11-15	2100-12-31		England			0	0	1		223
R	WAB	SE11 CAL		1945-11-15	2100-12-31		England			0	0	1		223
R	WAB	SE11 KIR		1945-11-15	2100-12-31		England			0	0	1		223
R	WAB	SE12 BRA		1945-11-15	2100-12-31		England			0	0	1		223
R	WAB	SE12 CAL		1945-11-15	2100-12-31		England			0	0	1		223
R	WAB	SE12 KIR		1945-11-15	2100-12-31		England			0	0	1		223
R	WAB	SE13 BRA		1945-11-15	2100-12-31		England			0	0	1		223
R	WAB	SE13 LEE		1945-11-15	2100-12-31		England			0	0	1		223
R	WAB	SE14 BRA		1945-11-15	2100-12-31		England			0	0	1		223
R	WAB	SE14 LEE		1945-11-15	2100-12-31		England			0	0	1		223
R	WAB	SE14 YSN		1945-11-15	2100-12-31		England			0	0	1		223
R	WAB	SE15 YSN		1945-11-15	2100-12-31		England			0	0	1		223
R	WAB	SE16 YSN		1945-11-15	2100-12-31		England			0	0	1		223
R	WAB	SE17 YSN		1945-11-15	2100-12-31		England			0	0	1		223
R	WAB	SE18 YSN		1945-11-15	2100-12-31		England			0	0	1		223
R	WAB	SE19 YSN		1945-11-15	2100-12-31		England			0	0	1		223
R	WAB	SE20 BAR		1945-11-15	2100-12-31		England			0	0	1		223
R	WAB	SE20 KIR		1945-11-15	2100-12-31		England			0	0	1		223
R	WAB	SE20 SHF		1945-11-15	2100-12-31		England			0	0	1		223
R	WAB	SE21 BAR		1945-11-15	2100-12-31		England			0	0	1		223
R	WAB	SE21 KIR		1945-11-15	2100-12-31		England			0	0	1		223
R	WAB	SE21 WAK		1945-11-15	2100-12-31		England			0	0	1		223
R	WAB	SE22 BRA		1945-11-15	2100-12-31		England			0	0	1		223
R	WAB	SE22 KIR		1945-11-15	2100-12-31		England			0	0	1		223
R	WAB	SE22 LEE		1945-11-15	2100-12-31		England			0	0	1		223
R	WAB	SE22 WAK		1945-11-15	2100-12-31		England			0	0	1		223
R	WAB	SE23 BRA		1945-11-15	2100-12-31		England			0	0	1		223
R	WAB	SE23 LEE		1945-11-15	2100-12-31		England			0	0	1		223
R	WAB	SE24 BRA		1945-11-15	2100-12-31		England			0	0	1		223
R	WAB	SE24 LEE		1945-11-15	2100-12-31		England			0	0	1		223
R	WAB	SE24 YSN		1945-11-15	2100-12-31		England			0	0	1		223
R	WAB	SE25 YSN		1945-11-15	2100-12-31		England			0	0	1		223
R	WAB	SE26 YSN		1945-11-15	2100-12-31		England			0	0	1		223
R	WAB	SE27 YSN		1945-11-15	2100-12-31		England			0	0	1		223
R	WAB	SE28 YSN		1945-11-15	2100-12-31		England			0	0	1		223
R	WAB	SE29 YSN		1945-11-15	2100-12-31		England			0	0	1		223
R	WAB	SE30 BAR		1945-11-15	2100-12-31		England			0	0	1		223
R	WAB	SE30 ROT		1945-11-15	2100-12-31		England			0	0	1		223
R	WAB	SE31 BAR		1945-11-15	2100-12-31		England			0	0	1		223
R	WAB	SE31 WAK		1945-11-15	2100-12-31		England			0	0	1		223
R	WAB	SE32 LEE		1945-11-15	2100-12-31		England			0	0	1		223
R	WAB	SE32 WAK		1945-11-15	2100-12-31		England			0	0	1		223
R	WAB	SE33 LEE		1945-11-15	2100-12-31		England			0	0	1		223
R	WAB	SE34 LEE		1945-11-15	2100-12-31		England			0	0	1		223
R	WAB	SE34 YSN		1945-11-15	2100-12-31		England			0	0	1		223
R	WAB	SE35 YSN		1945-11-15	2100-12-31		England			0	0	1		223
R	WAB	SE36 YSN		1945-11-15	2100-12-31		England			0	0	1		223
R	WAB	SE37 YSN		1945-11-15	2100-12-31		England			0	0	1		223
R	WAB	SE38 YSN		1945-11-15	2100-12-31		England			0	0	1		223
R	WAB	SE39 YSN		1945-11-15	2100-12-31		England			0	0	1		223
R	WAB	SE40 BAR		1945-11-15	2100-12-31		England			0	0	1		223
R	WAB	SE40 DON		1945-11-15	2100-12-31		England			0	0	1		223
R	WAB	SE40 ROT		1945-11-15	2100-12-31		England			0	0	1		223
R	WAB	SE40 WAK		1945-11-15	2100-12-31		England			0	0	1		223
R	WAB	SE41 BAR		1945-11-15	2100-12-31		England			0	0	1		223
R	WAB	SE41 DON		1945-11-15	2100-12-31		England			0	0	1		223
R	WAB	SE41 WAK		1945-11-15	2100-12-31		England			0	0	1		223
R	WAB	SE41 YSN		1945-11-15	2100-12-31		England			0	0	1		223
R	WAB	SE42 LEE		1945-11-15	2100-12-31		England			0	0	1		223
R	WAB	SE42 WAK		1945-11-15	2100-12-31		England			0	0	1		223
R	WAB	SE42 YSN		1945-11-15	2100-12-31		England			0	0	1		223
R	WAB	SE43 LEE		1945-11-15	2100-12-31		England			0	0	1		223
R	WAB	SE43 YSN		1945-11-15	2100-12-31		England			0	0	1		223
R	WAB	SE44 LEE		1945-11-15	2100-12-31		England			0	0	1		223
R	WAB	SE44 YSN		1945-11-15	2100-12-31		England			0	0	1		223
R	WAB	SE45 LEE		1945-11-15	2100-12-31		England			0	0	1		223
R	WAB	SE45 YSN		1945-11-15	2100-12-31		England			0	0	1		223
R	WAB	SE46 YSN		1945-11-15	2100-12-31		England			0	0	1		223
R	WAB	SE47 YSN		1945-11-15	2100-12-31		England			0	0	1		223
R	WAB	SE48 YSN		1945-11-15	2100-12-31		England			0	0	1		223
R	WAB	SE49 YSN		1945-11-15	2100-12-31		England			0	0	1		223
R	WAB	SE50 DON		1945-11-15	2100-12-31		England			0	0	1		223
R	WAB	SE51 DON		1945-11-15	2100-12-31		England			0	0	1		223
R	WAB	SE51 RIE		1945-11-15	2100-12-31		England			0	0	1		223
R	WAB	SE51 WAK		1945-11-15	2100-12-31		England			0	0	1		223
R	WAB	SE51 YSN		1945-11-15	2100-12-31		England			0	0	1		223
R	WAB	SE52 RIE		1945-11-15	2100-12-31		England			0	0	1		223
R	WAB	SE52 WAK		1945-11-15	2100-12-31		England			0	0	1		223
R	WAB	SE52 YSN		1945-11-15	2100-12-31		England			0	0	1		223
R	WAB	SE53 YSN		1945-11-15	2100-12-31		England			0	0	1		223
R	WAB	SE54 YOR		1945-11-15	2100-12-31		England			0	0	1		223
R	WAB	SE54 YSN		1945-11-15	2100-12-31		England			0	0	1		223
R	WAB	SE55 YOR		1945-11-15	2100-12-31		England			0	0	1		223
R	WAB	SE55 YSN		1945-11-15	2100-12-31		England			0	0	1		223
R	WAB	SE56 YOR		1945-11-15	2100-12-31		England			0	0	1		223
R	WAB	SE56 YSN		1945-11-15	2100-12-31		England			0	0	1		223
R	WAB	SE57 YSN		1945-11-15	2100-12-31		England			0	0	1		223
R	WAB	SE58 YSN		1945-11-15	2100-12-31		England			0	0	1		223
R	WAB	SE59 YSN		1945-11-15	2100-12-31		England			0	0	1		223
R	WAB	SE60 DON		1945-11-15	2100-12-31		England			0	0	1		223
R	WAB	SE60 LIN		1945-11-15	2100-12-31		England			0	0	1		223
R	WAB	SE61 DON		1945-11-15	2100-12-31		England			0	0	1		223
R	WAB	SE61 RIE		1945-11-15	2100-12-31		England			0	0	1		223
R	WAB	SE61 YSN		1945-11-15	2100-12-31		England			0	0	1		223
R	WAB	SE62 RIE		1945-11-15	2100-12-31		England			0	0	1		223
R	WAB	SE62 YSN		1945-11-15	2100-12-31		England			0	0	1		223
R	WAB	SE63 RIE		1945-11-15	2100-12-31		England			0	0	1		223
R	WAB	SE63 YSN		1945-11-15	2100-12-31		England			0	0	1		223
R	WAB	SE64 RIE		1945-11-15	2100-12-31		England			0	0	1		223
R	WAB	SE64 YOR		1945-11-15	2100-12-31		England			0	0	1		223
R	WAB	SE64 YSN		1945-11-15	2100-12-31		England			0	0	1		223
R	WAB	SE65 YOR		1945-11-15	2100-12-31		England			0	0	1		223
R	WAB	SE65 YSN		1945-11-15	2100-12-31		England			0	0	1		223
R	WAB	SE66 YOR		1945-11-15	2100-12-31		England			0	0	1		223
R	WAB	SE66 YSN		1945-11-15	2100-12-31		England			0	0	1		223
R	WAB	SE67 YSN		1945-11-15	2100-12-31		England			0	0	1		223
R	WAB	SE68 YSN		1945-11-15	2100-12-31		England			0	0	1		223
R	WAB	SE69 YSN		1945-11-15	2100-12-31		England			0	0	1		223
R	WAB	SE70 DON		1945-11-15	2100-12-31		England			0	0	1		223
R	WAB	SE70 LIN		1945-11-15	2100-12-31		England			0	0	1		223
R	WAB	SE70 NOT		1945-11-15	2100-12-31		England			0	0	1		223
R	WAB	SE71 DON		1945-11-15	2100-12-31		England			0	0	1		223
R	WAB	SE71 LIN		1945-11-15	2100-12-31		England			0	0	1		223
R	WAB	SE71 RIE		1945-11-15	2100-12-31		England			0	0	1		223
R	WAB	SE72 RIE		1945-11-15	2100-12-31		England			0	0	1		223
R	WAB	SE72 YSN		1945-11-15	2100-12-31		England			0	0	1		223
R	WAB	SE73 RIE		1945-11-15	2100-12-31		England			0	0	1		223
R	WAB	SE73 YSN		1945-11-15	2100-12-31		England			0	0	1		223
R	WAB	SE74 RIE		1945-11-15	2100-12-31		England			0	0	1		223
R	WAB	SE74 YOR		1945-11-15	2100-12-31		England			0	0	1		223
R	WAB	SE74 YSN		1945-11-15	2100-12-31		England			0	0	1		223
R	WAB	SE75 RIE		1945-11-15	2100-12-31		England			0	0	1		223
R	WAB	SE75 YOR		1945-11-15	2100-12-31		England			0	0	1		223
R	WAB	SE75 YSN		1945-11-15	2100-12-31		England			0	0	1		223
R	WAB	SE76 YSN		1945-11-15	2100-12-31		England			0	0	1		223
R	WAB	SE77 YSN		1945-11-15	2100-12-31		England			0	0	1		223
R	WAB	SE78 YSN		1945-11-15	2100-12-31		England			0	0	1		223
R	WAB	SE79 YSN		1945-11-15	2100-12-31		England			0	0	1		223
R	WAB	SE80 LCN		1945-11-15	2100-12-31		England			0	0	1		223
R	WAB	SE80 LIN		1945-11-15	2100-12-31		England			0	0	1		223
R	WAB	SE81 LIN		1945-11-15	2100-12-31		England			0	0	1		223
R	WAB	SE81 RIE		1945-11-15	2100-12-31		England			0	0	1		223
R	WAB	SE82 LIN		1945-11-15	2100-12-31		England			0	0	1		223
R	WAB	SE82 RIE		1945-11-15	2100-12-31		England			0	0	1		223
R	WAB	SE83 RIE		1945-11-15	2100-12-31		England			0	0	1		223
R	WAB	SE84 RIE		1945-11-15	2100-12-31		England			0	0	1		223
R	WAB	SE85 RIE		1945-11-15	2100-12-31		England			0	0	1		223
R	WAB	SE85 YSN		1945-11-15	2100-12-31		England			0	0	1		223
R	WAB	SE86 RIE		1945-11-15	2100-12-31		England			0	0	1		223
R	WAB	SE86 YSN		1945-11-15	2100-12-31		England			0	0	1		223
R	WAB	SE87 YSN		1945-11-15	2100-12-31		England			0	0	1		223
R	WAB	SE88 YSN		1945-11-15	2100-12-31		England			0	0	1		223
R	WAB	SE89 YSN		1945-11-15	2100-12-31		England			0	0	1		223
R	WAB	SE90 LCN		1945-11-15	2100-12-31		England			0	0	1		223
R	WAB	SE90 LIN		1945-11-15	2100-12-31		England			0	0	1		223
R	WAB	SE91 LIN		1945-11-15	2100-12-31		England			0	0	1		223
R	WAB	SE92 LIN		1945-11-15	2100-12-31		England			0	0	1		223
R	WAB	SE92 RIE		1945-11-15	2100-12-31		England			0	0	1		223
R	WAB	SE93 RIE		1945-11-15	2100-12-31		England			0	0	1		223
R	WAB	SE94 RIE		1945-11-15	2100-12-31		England			0	0	1		223
R	WAB	SE95 RIE		1945-11-15	2100-12-31		England			0	0	1		223
R	WAB	SE96 RIE		1945-11-15	2100-12-31		England			0	0	1		223
R	WAB	SE96 YSN		1945-11-15	2100-12-31		England			0	0	1		223
R	WAB	SE97 YSN		1945-11-15	2100-12-31		England			0	0	1		223
R	WAB	SE98 YSN		1945-11-15	2100-12-31		England			0	0	1		223
R	WAB	SE99 YSN		1945-11-15	2100-12-31		England			0	0	1		223
R	WAB	SH12 GWY		1945-11-15	2100-12-31		Wales			0	0	1		294
R	WAB	SH13 GWY		1945-11-15	2100-12-31		Wales			0	0	1		294
R	WAB	SH22 GWY		1945-11-15	2100-12-31		Wales			0	0	1		294
R	WAB	SH23 GWY		1945-11-15	2100-12-31		Wales			0	0	1		294
R	WAB	SH24 GWY		1945-11-15	2100-12-31		Wales			0	0	1		294
R	WAB	SH27 IOA		1945-11-15	2100-12-31		Wales			0	0	1		294
R	WAB	SH28 IOA		1945-11-15	2100-12-31		Wales			0	0	1		294
R	WAB	SH29 IOA		1945-11-15	2100-12-31		Wales			0	0	1		294
R	WAB	SH32 GWY		1945-11-15	2100-12-31		Wales			0	0	1		294
R	WAB	SH33 GWY		1945-11-15	2100-12-31		Wales			0	0	1		294
R	WAB	SH34 GWY		1945-11-15	2100-12-31		Wales			0	0	1		294
R	WAB	SH36 IOA		1945-11-15	2100-12-31		Wales			0	0	1		294
R	WAB	SH37 IOA		1945-11-15	2100-12-31		Wales			0	0	1		294
R	WAB	SH38 IOA		1945-11-15	2100-12-31		Wales			0	0	1		294
R	WAB	SH39 IOA		1945-11-15	2100-12-31		Wales			0	0	1		294
R	WAB	SH43 GWY		1945-11-15	2100-12-31		Wales			0	0	1		294
R	WAB	SH44 GWY		1945-11-15	2100-12-31		Wales			0	0	1		294
R	WAB	SH45 GWY		1945-11-15	2100-12-31		Wales			0	0	1		294
R	WAB	SH46 GWY		1945-11-15	2100-12-31		Wales			0	0	1		294
R	WAB	SH46 IOA		1945-11-15	2100-12-31		Wales			0	0	1		294
R	WAB	SH47 IOA		1945-11-15	2100-12-31		Wales			0	0	1		294
R	WAB	SH48 IOA		1945-11-15	2100-12-31		Wales			0	0	1		294
R	WAB	SH49 IOA		1945-11-15	2100-12-31		Wales			0	0	1		294
R	WAB	SH50 GWY		1945-11-15	2100-12-31		Wales			0	0	1		294
R	WAB	SH51 GWY		1945-11-15	2100-12-31		Wales			0	0	1		294
R	WAB	SH52 GWY		1945-11-15	2100-12-31		Wales			0	0	1		294
R	WAB	SH53 GWY		1945-11-15	2100-12-31		Wales			0	0	1		294
R	WAB	SH54 GWY		1945-11-15	2100-12-31		Wales			0	0	1		294
R	WAB	SH55 GWY		1945-11-15	2100-12-31		Wales			0	0	1		294
R	WAB	SH56 GWY		1945-11-15	2100-12-31		Wales			0	0	1		294
R	WAB	SH56 IOA		1945-11-15	2100-12-31		Wales			0	0	1		294
R	WAB	SH57 GWY		1945-11-15	2100-12-31		Wales			0	0	1		294
R	WAB	SH57 IOA		1945-11-15	2100-12-31		Wales			0	0	1		294
R	WAB	SH58 IOA		1945-11-15	2100-12-31		Wales			0	0	1		294
R	WAB	SH59 IOA		1945-11-15	2100-12-31		Wales			0	0	1		294
R	WAB	SH60 GWY		1945-11-15	2100-12-31		Wales			0	0	1		294
R	WAB	SH61 GWY		1945-11-15	2100-12-31		Wales			0	0	1		294
R	WAB	SH62 GWY		1945-11-15	2100-12-31		Wales			0	0	1		294
R	WAB	SH63 GWY		1945-11-15	2100-12-31		Wales			0	0	1		294
R	WAB	SH64 CON		1945-11-15	2100-12-31		Wales			0	0	1		294
R	WAB	SH64 GWY		1945-11-15	2100-12-31		Wales			0	0	1		294
R	WAB	SH65 CON		1945-11-15	2100-12-31		Wales			0	0	1		294
R	WAB	SH65 GWY		1945-11-15	2100-12-31		Wales			0	0	1		294
R	WAB	SH66 CON		1945-11-15	2100-12-31		Wales			0	0	1		294
R	WAB	SH66 GWY		1945-11-15	2100-12-31		Wales			0	0	1		294
R	WAB	SH67 CON		1945-11-15	2100-12-31		Wales			0	0	1		294
R	WAB	SH67 GWY		1945-11-15	2100-12-31		Wales			0	0	1		294
R	WAB	SH67 IOA		1945-11-15	2100-12-31		Wales			0	0	1		294
R	WAB	SH68 IOA		1945-11-15	2100-12-31		Wales			0	0	1		294
R	WAB	SH70 GWY		1945-11-15	2100-12-31		Wales			0	0	1		294
R	WAB	SH70 POW		1945-11-15	2100-12-31		Wales			0	0	1		294
R	WAB	SH71 GWY		1945-11-15	2100-12-31		Wales			0	0	1		294
R	WAB	SH71 POW		1945-11-15	2100-12-31		Wales			0	0	1		294
R	WAB	SH72 GWY		1945-11-15	2100-12-31		Wales			0	0	1		294
R	WAB	SH73 GWY		1945-11-15	2100-12-31		Wales			0	0	1		294
R	WAB	SH74 CON		1945-11-15	2100-12-31		Wales			0	0	1		294
R	WAB	SH74 GWY		1945-11-15	2100-12-31		Wales			0	0	1		294
R	WAB	SH75 CON		1945-11-15	2100-12-31		Wales			0	0	1		294
R	WAB	SH76 CON		1945-11-15	2100-12-31		Wales			0	0	1		294
R	WAB	SH76 GWY		1945-11-15	2100-12-31		Wales			0	0	1		294
R	WAB	SH77 CON		1945-11-15	2100-12-31		Wales			0	0	1		294
R	WAB	SH77 GWY		1945-11-15	2100-12-31		Wales			0	0	1		294
R	WAB	SH78 CON		1945-11-15	2100-12-31		Wales			0	0	1		294
R	WAB	SH80 GWY		1945-11-15	2100-12-31		Wales			0	0	1		294
R	WAB	SH80 POW		1945-11-15	2100-12-31		Wales			0	0	1		294
R	WAB	SH81 GWY		1945-11-15	2100-12-31		Wales			0	0	1		294
R	WAB	SH81 POW		1945-11-15	2100-12-31		Wales			0	0	1		294
R	WAB	SH82 GWY		1945-11-15	2100-12-31		Wales			0	0	1		294
R	WAB	SH83 GWY		1945-11-15	2100-12-31		Wales			0	0	1		294
R	WAB	SH84 CON		1945-11-15	2100-12-31		Wales			0	0	1		294
R	WAB	SH84 GWY		1945-11-15	2100-12-31		Wales			0	0	1		294
R	WAB	SH85 CON		1945-11-15	2100-12-31		Wales			0	0	1		294
R	WAB	SH86 CON		1945-11-15	2100-12-31		Wales			0	0	1		294
R	WAB	SH87 CON		1945-11-15	2100-12-31		Wales			0	0	1		294
R	WAB	SH88 CON		1945-11-15	2100-12-31		Wales			0	0	1		294
R	WAB	SH90 POW		1945-11-15	2100-12-31		Wales			0	0	1		294
R	WAB	SH91 GWY		1945-11-15	2100-12-31		Wales			0	0	1		294
R	WAB	SH91 POW		1945-11-15	2100-12-31		Wales			0	0	1		294
R	WAB	SH92 GWY		1945-11-15	2100-12-31		Wales			0	0	1		294
R	WAB	SH92 POW		1945-11-15	2100-12-31		Wales			0	0	1		294
R	WAB	SH93 DEN		1945-11-15	2100-12-31		Wales			0	0	1		294
R	WAB	SH93 GWY		1945-11-15	2100-12-31		Wales			0	0	1		294
R	WAB	SH93 POW		1945-11-15	2100-12-31		Wales			0	0	1		294
R	WAB	SH94 CON		1945-11-15	2100-12-31		Wales			0	0	1		294
R	WAB	SH94 GWY		1945-11-15	2100-12-31		Wales			0	0	1		294
R	WAB	SH95 CON		1945-11-15	2100-12-31		Wales			0	0	1		294
R	WAB	SH95 DEN		1945-11-15	2100-12-31		Wales			0	0	1		294
R	WAB	SH96 CON		1945-11-15	2100-12-31		Wales			0	0	1		294
R	WAB	SH96 DEN		1945-11-15	2100-12-31		Wales			0	0	1		294
R	WAB	SH97 CON		1945-11-15	2100-12-31		Wales			0	0	1		294
R	WAB	SH97 DEN		1945-11-15	2100-12-31		Wales			0	0	1		294
R	WAB	SH98 CON		1945-11-15	2100-12-31		Wales			0	0	1		294
R	WAB	SH98 DEN		1945-11-15	2100-12-31		Wales			0	0	1		294
R	WAB	SJ00 POW		1945-11-15	2100-12-31		Wales			0	0	1		294
R	WAB	SJ01 POW		1945-11-15	2100-12-31		Wales			0	0	1		294
R	WAB	SJ02 POW		1945-11-15	2100-12-31		Wales			0	0	1		294
R	WAB	SJ03 DEN		1945-11-15	2100-12-31		Wales			0	0	1		294
R	WAB	SJ03 GWY		1945-11-15	2100-12-31		Wales			0	0	1		294
R	WAB	SJ03 POW		1945-11-15	2100-12-31		Wales			0	0	1		294
R	WAB	SJ03 WRE		1945-11-15	2100-12-31		Wales			0	0	1		294
R	WAB	SJ04 CON		1945-11-15	2100-12-31		Wales			0	0	1		294
R	WAB	SJ04 DEN		1945-11-15	2100-12-31		Wales			0	0	1		294
R	WAB	SJ04 GWY		1945-11-15	2100-12-31		Wales			0	0	1		294
R	WAB	SJ05 CON		1945-11-15	2100-12-31		Wales			0	0	1		294
R	WAB	SJ05 DEN		1945-11-15	2100-12-31		Wales			0	0	1		294
R	WAB	SJ06 CON		1945-11-15	2100-12-31		Wales			0	0	1		294
R	WAB	SJ06 DEN		1945-11-15	2100-12-31		Wales			0	0	1		294
R	WAB	SJ07 CON		1945-11-15	2100-12-31		Wales			0	0	1		294
R	WAB	SJ07 DEN		1945-11-15	2100-12-31		Wales			0	0	1		294
R	WAB	SJ07 FLI		1945-11-15	2100-12-31		Wales			0	0	1		294
R	WAB	SJ08 DEN		1945-11-15	2100-12-31		Wales			0	0	1		294
R	WAB	SJ08 FLI		1945-11-15	2100-12-31		Wales			0	0	1		294
R	WAB	SJ10 POW		1945-11-15	2100-12-31		Wales			0	0	1		294
R	WAB	SJ11 POW		1945-11-15	2100-12-31		Wales			0	0	1		294
R	WAB	SJ12 POW		1945-11-15	2100-12-31		Wales			0	0	1		294
R	WAB	SJ13 DEN		1945-11-15	2100-12-31		Wales			0	0	1		294
R	WAB	SJ13 POW		1945-11-15	2100-12-31		Wales			0	0	1		294
R	WAB	SJ13 WRE		1945-11-15	2100-12-31		Wales			0	0	1		294
R	WAB	SJ14 DEN		1945-11-15	2100-12-31		Wales			0	0	1		294
R	WAB	SJ15 DEN		1945-11-15	2100-12-31		Wales			0	0	1		294
R	WAB	SJ16 DEN		1945-11-15	2100-12-31		Wales			0	0	1		294
R	WAB	SJ16 FLI		1945-11-15	2100-12-31		Wales			0	0	1		294
R	WAB	SJ17 DEN		1945-11-15	2100-12-31		Wales			0	0	1		294
R	WAB	SJ17 FLI		1945-11-15	2100-12-31		Wales			0	0	1		294
R	WAB	SJ18 FLI		1945-11-15	2100-12-31		Wales			0	0	1		294
R	WAB	SJ18 WIR		1945-11-15	2100-12-31		England			0	0	1		223
R	WAB	SJ19 WIR		1945-11-15	2100-12-31		England			0	0	1		223
R	WAB	SJ20 POW		1945-11-15	2100-12-31		Wales			0	0	1		294
R	WAB	SJ20 SPE		1945-11-15	2100-12-31		England			0	0	1		223
R	WAB	SJ21 POW		1945-11-15	2100-12-31		Wales			0	0	1		294
R	WAB	SJ21 SPE		1945-11-15	2100-12-31		England			0	0	1		223
R	WAB	SJ22 POW		1945-11-15	2100-12-31		Wales			0	0	1		294
R	WAB	SJ22 SPE		1945-11-15	2100-12-31		England			0	0	1		223
R	WAB	SJ23 DEN		1945-11-15	2100-12-31		Wales			0	0	1		294
R	WAB	SJ23 POW		1945-11-15	2100-12-31		Wales			0	0	1		294
R	WAB	SJ23 SPE		1945-11-15	2100-12-31		England			0	0	1		223
R	WAB	SJ23 WRE		1945-11-15	2100-12-31		Wales			0	0	1		294
R	WAB	SJ24 DEN		1945-11-15	2100-12-31		Wales			0	0	1		294
R	WAB	SJ24 WRE		1945-11-15	2100-12-31		Wales			0	0	1		294
R	WAB	SJ25 DEN		1945-11-15	2100-12-31		Wales			0	0	1		294
R	WAB	SJ25 FLI		1945-11-15	2100-12-31		Wales			0	0	1		294
R	WAB	SJ25 WRE		1945-11-15	2100-12-31		Wales			0	0	1		294
R	WAB	SJ26 DEN		1945-11-15	2100-12-31		Wales			0	0	1		294
R	WAB	SJ26 FLI		1945-11-15	2100-12-31		Wales			0	0	1		294
R	WAB	SJ27 CHS		1945-11-15	2100-12-31		England			0	0	1		223
R	WAB	SJ27 FLI		1945-11-15	2100-12-31		Wales			0	0	1		294
R	WAB	SJ27 WIR		1945-11-15	2100-12-31		England			0	0	1		223
R	WAB	SJ28 CHS		1945-11-15	2100-12-31		England			0	0	1		223
R	WAB	SJ28 WIR		1945-11-15	2100-12-31		England			0	0	1		223
R	WAB	SJ29 SEF		1945-11-15	2100-12-31		England			0	0	1		223
R	WAB	SJ29 WIR		1945-11-15	2100-12-31		England			0	0	1		223
R	WAB	SJ30 SPE		1945-11-15	2100-12-31		England			0	0	1		223
R	WAB	SJ31 POW		1945-11-15	2100-12-31		Wales			0	0	1		294
R	WAB	SJ31 SPE		1945-11-15	2100-12-31		England			0	0	1		223
R	WAB	SJ32 SPE		1945-11-15	2100-12-31		England			0	0	1		223
R	WAB	SJ33 SPE		1945-11-15	2100-12-31		England			0	0	1		223
R	WAB	SJ33 WRE		1945-11-15	2100-12-31		Wales			0	0	1		294
R	WAB	SJ34 SPE		1945-11-15	2100-12-31		England			0	0	1		223
R	WAB	SJ34 WRE		1945-11-15	2100-12-31		Wales			0	0	1		294
R	WAB	SJ35 CHS		1945-11-15	2100-12-31		England			0	0	1		223
R	WAB	SJ35 FLI		1945-11-15	2100-12-31		Wales			0	0	1		294
R	WAB	SJ35 WRE		1945-11-15	2100-12-31		Wales			0	0	1		294
R	WAB	SJ36 CHS		1945-11-15	2100-12-31		England			0	0	1		223
R	WAB	SJ36 FLI		1945-11-15	2100-12-31		Wales			0	0	1		294
R	WAB	SJ36 WRE		1945-11-15	2100-12-31		Wales			0	0	1		294
R	WAB	SJ37 CHS		1945-11-15	2100-12-31		England			0	0	1		223
R	WAB	SJ37 FLI		1945-11-15	2100-12-31		Wales			0	0	1		294
R	WAB	SJ37 WIR		1945-11-15	2100-12-31		England			0	0	1		223
R	WAB	SJ38 LIV		1945-11-15	2100-12-31		England			0	0	1		223
R	WAB	SJ38 WIR		1945-11-15	2100-12-31		England			0	0	1		223
R	WAB	SJ39 KNO		1945-11-15	2100-12-31		England			0	0	1		223
R	WAB	SJ39 LIV		1945-11-15	2100-12-31		England			0	0	1		223
R	WAB	SJ39 SEF		1945-11-15	2100-12-31		England			0	0	1		223
R	WAB	SJ39 WIR		1945-11-15	2100-12-31		England			0	0	1		223
R	WAB	SJ40 SPE		1945-11-15	2100-12-31		England			0	0	1		223
R	WAB	SJ41 SPE		1945-11-15	2100-12-31		England			0	0	1		223
R	WAB	SJ42 SPE		1945-11-15	2100-12-31		England			0	0	1		223
R	WAB	SJ43 SPE		1945-11-15	2100-12-31		England			0	0	1		223
R	WAB	SJ43 WRE		1945-11-15	2100-12-31		Wales			0	0	1		294
R	WAB	SJ44 CHS		1945-11-15	2100-12-31		England			0	0	1		223
R	WAB	SJ44 WRE		1945-11-15	2100-12-31		Wales			0	0	1		294
R	WAB	SJ45 CHS		1945-11-15	2100-12-31		England			0	0	1		223
R	WAB	SJ45 WRE		1945-11-15	2100-12-31		Wales			0	0	1		294
R	WAB	SJ46 CHS		1945-11-15	2100-12-31		England			0	0	1		223
R	WAB	SJ47 CHS		1945-11-15	2100-12-31		England			0	0	1		223
R	WAB	SJ48 HAL		1945-11-15	2100-12-31		England			0	0	1		223
R	WAB	SJ48 KNO		1945-11-15	2100-12-31		England			0	0	1		223
R	WAB	SJ48 LIV		1945-11-15	2100-12-31		England			0	0	1		223
R	WAB	SJ48 STH		1945-11-15	2100-12-31		England			0	0	1		223
R	WAB	SJ49 KNO		1945-11-15	2100-12-31		England			0	0	1		223
R	WAB	SJ49 LIV		1945-11-15	2100-12-31		England			0	0	1		223
R	WAB	SJ49 LNH		1945-11-15	2100-12-31		England			0	0	1		223
R	WAB	SJ49 SEF		1945-11-15	2100-12-31		England			0	0	1		223
R	WAB	SJ49 STH		1945-11-15	2100-12-31		England			0	0	1		223
R	WAB	SJ50 SPE		1945-11-15	2100-12-31		England			0	0	1		223
R	WAB	SJ51 SPE		1945-11-15	2100-12-31		England			0	0	1		223
R	WAB	SJ51 WRK		1945-11-15	2100-12-31		England			0	0	1		223
R	WAB	SJ52 SPE		1945-11-15	2100-12-31		England			0	0	1		223
R	WAB	SJ52 WRK		1945-11-15	2100-12-31		England			0	0	1		223
R	WAB	SJ53 SPE		1945-11-15	2100-12-31		England			0	0	1		223
R	WAB	SJ53 WRE		1945-11-15	2100-12-31		Wales			0	0	1		294
R	WAB	SJ54 CHS		1945-11-15	2100-12-31		England			0	0	1		223
R	WAB	SJ54 SPE		1945-11-15	2100-12-31		England			0	0	1		223
R	WAB	SJ54 WRE		1945-11-15	2100-12-31		Wales			0	0	1		294
R	WAB	SJ55 CHS		1945-11-15	2100-12-31		England			0	0	1		223
R	WAB	SJ56 CHS		1945-11-15	2100-12-31		England			0	0	1		223
R	WAB	SJ57 CHS		1945-11-15	2100-12-31		England			0	0	1		223
R	WAB	SJ57 HAL		1945-11-15	2100-12-31		England			0	0	1		223
R	WAB	SJ58 CHS		1945-11-15	2100-12-31		England			0	0	1		223
R	WAB	SJ58 HAL		1945-11-15	2100-12-31		England			0	0	1		223
R	WAB	SJ58 KNO		1945-11-15	2100-12-31		England			0	0	1		223
R	WAB	SJ58 STH		1945-11-15	2100-12-31		England			0	0	1		223
R	WAB	SJ58 WAR		1945-11-15	2100-12-31		England			0	0	1		223
R	WAB	SJ59 STH		1945-11-15	2100-12-31		England			0	0	1		223
R	WAB	SJ59 WAR		1945-11-15	2100-12-31		England			0	0	1		223
R	WAB	SJ59 WIG		1945-11-15	2100-12-31		England			0	0	1		223
R	WAB	SJ60 SPE		1945-11-15	2100-12-31		England			0	0	1		223
R	WAB	SJ60 WRK		1945-11-15	2100-12-31		England			0	0	1		223
R	WAB	SJ61 SPE		1945-11-15	2100-12-31		England			0	0	1		223
R	WAB	SJ61 WRK		1945-11-15	2100-12-31		England			0	0	1		223
R	WAB	SJ62 SPE		1945-11-15	2100-12-31		England			0	0	1		223
R	WAB	SJ62 WRK		1945-11-15	2100-12-31		England			0	0	1		223
R	WAB	SJ63 CHS		1945-11-15	2100-12-31		England			0	0	1		223
R	WAB	SJ63 SFD		1945-11-15	2100-12-31		England			0	0	1		223
R	WAB	SJ63 SPE		1945-11-15	2100-12-31		England			0	0	1		223
R	WAB	SJ64 CHS		1945-11-15	2100-12-31		England			0	0	1		223
R	WAB	SJ64 SPE		1945-11-15	2100-12-31		England			0	0	1		223
R	WAB	SJ65 CHS		1945-11-15	2100-12-31		England			0	0	1		223
R	WAB	SJ66 CHS		1945-11-15	2100-12-31		England			0	0	1		223
R	WAB	SJ67 CHS		1945-11-15	2100-12-31		England			0	0	1		223
R	WAB	SJ68 CHS		1945-11-15	2100-12-31		England			0	0	1		223
R	WAB	SJ68 HAL		1945-11-15	2100-12-31		England			0	0	1		223
R	WAB	SJ68 TRA		1945-11-15	2100-12-31		England			0	0	1		223
R	WAB	SJ68 WAR		1945-11-15	2100-12-31		England			0	0	1		223
R	WAB	SJ69 SAL		1945-11-15	2100-12-31		England			0	0	1		223
R	WAB	SJ69 STH		1945-11-15	2100-12-31		England			0	0	1		223
R	WAB	SJ69 TRA		1945-11-15	2100-12-31		England			0	0	1		223
R	WAB	SJ69 WAR		1945-11-15	2100-12-31		England			0	0	1		223
R	WAB	SJ69 WIG		1945-11-15	2100-12-31		England			0	0	1		223
R	WAB	SJ70 SFD		1945-11-15	2100-12-31		England			0	0	1		223
R	WAB	SJ70 SPE		1945-11-15	2100-12-31		England			0	0	1		223
R	WAB	SJ70 WRK		1945-11-15	2100-12-31		England			0	0	1		223
R	WAB	SJ71 SFD		1945-11-15	2100-12-31		England			0	0	1		223
R	WAB	SJ71 SPE		1945-11-15	2100-12-31		England			0	0	1		223
R	WAB	SJ71 WRK		1945-11-15	2100-12-31		England			0	0	1		223
R	WAB	SJ72 SFD		1945-11-15	2100-12-31		England			0	0	1		223
R	WAB	SJ72 SPE		1945-11-15	2100-12-31		England			0	0	1		223
R	WAB	SJ72 WRK		1945-11-15	2100-12-31		England			0	0	1		223
R	WAB	SJ73 SFD		1945-11-15	2100-12-31		England			0	0	1		223
R	WAB	SJ73 SPE		1945-11-15	2100-12-31		England			0	0	1		223
R	WAB	SJ74 CHS		1945-11-15	2100-12-31		England			0	0	1		223
R	WAB	SJ74 SFD		1945-11-15	2100-12-31		England			0	0	1		223
R	WAB	SJ74 SPE		1945-11-15	2100-12-31		England			0	0	1		223
R	WAB	SJ75 CHS		1945-11-15	2100-12-31		England			0	0	1		223
R	WAB	SJ75 SFD		1945-11-15	2100-12-31		England			0	0	1		223
R	WAB	SJ76 CHS		1945-11-15	2100-12-31		England			0	0	1		223
R	WAB	SJ77 CHS		1945-11-15	2100-12-31		England			0	0	1		223
R	WAB	SJ78 CHS		1945-11-15	2100-12-31		England			0	0	1		223
R	WAB	SJ78 MAN		1945-11-15	2100-12-31		England			0	0	1		223
R	WAB	SJ78 TRA		1945-11-15	2100-12-31		England			0	0	1		223
R	WAB	SJ78 WAR		1945-11-15	2100-12-31		England			0	0	1		223
R	WAB	SJ79 MAN		1945-11-15	2100-12-31		England			0	0	1		223
R	WAB	SJ79 SAL		1945-11-15	2100-12-31		England			0	0	1		223
R	WAB	SJ79 TRA		1945-11-15	2100-12-31		England			0	0	1		223
R	WAB	SJ79 WAR		1945-11-15	2100-12-31		England			0	0	1		223
R	WAB	SJ79 WIG		1945-11-15	2100-12-31		England			0	0	1		223
R	WAB	SJ80 SFD		1945-11-15	2100-12-31		England			0	0	1		223
R	WAB	SJ80 SPE		1945-11-15	2100-12-31		England			0	0	1		223
R	WAB	SJ80 WOL		1945-11-15	2100-12-31		England			0	0	1		223
R	WAB	SJ81 SFD		1945-11-15	2100-12-31		England			0	0	1		223
R	WAB	SJ82 SFD		1945-11-15	2100-12-31		England			0	0	1		223
R	WAB	SJ83 SFD		1945-11-15	2100-12-31		England			0	0	1		223
R	WAB	SJ83 SOT		1945-11-15	2100-12-31		England			0	0	1		223
R	WAB	SJ84 SFD		1945-11-15	2100-12-31		England			0	0	1		223
R	WAB	SJ84 SOT		1945-11-15	2100-12-31		England			0	0	1		223
R	WAB	SJ85 CHS		1945-11-15	2100-12-31		England			0	0	1		223
R	WAB	SJ85 SFD		1945-11-15	2100-12-31		England			0	0	1		223
R	WAB	SJ85 SOT		1945-11-15	2100-12-31		England			0	0	1		223
R	WAB	SJ86 CHS		1945-11-15	2100-12-31		England			0	0	1		223
R	WAB	SJ86 SFD		1945-11-15	2100-12-31		England			0	0	1		223
R	WAB	SJ87 CHS		1945-11-15	2100-12-31		England			0	0	1		223
R	WAB	SJ88 CHS		1945-11-15	2100-12-31		England			0	0	1		223
R	WAB	SJ88 MAN		1945-11-15	2100-12-31		England			0	0	1		223
R	WAB	SJ88 STP		1945-11-15	2100-12-31		England			0	0	1		223
R	WAB	SJ88 TRA		1945-11-15	2100-12-31		England			0	0	1		223
R	WAB	SJ89 MAN		1945-11-15	2100-12-31		England			0	0	1		223
R	WAB	SJ89 OLD		1945-11-15	2100-12-31		England			0	0	1		223
R	WAB	SJ89 SAL		1945-11-15	2100-12-31		England			0	0	1		223
R	WAB	SJ89 STP		1945-11-15	2100-12-31		England			0	0	1		223
R	WAB	SJ89 TAM		1945-11-15	2100-12-31		England			0	0	1		223
R	WAB	SJ89 TRA		1945-11-15	2100-12-31		England			0	0	1		223
R	WAB	SJ90 SFD		1945-11-15	2100-12-31		England			0	0	1		223
R	WAB	SJ90 WAL		1945-11-15	2100-12-31		England			0	0	1		223
R	WAB	SJ90 WOL		1945-11-15	2100-12-31		England			0	0	1		223
R	WAB	SJ91 SFD		1945-11-15	2100-12-31		England			0	0	1		223
R	WAB	SJ92 SFD		1945-11-15	2100-12-31		England			0	0	1		223
R	WAB	SJ93 SFD		1945-11-15	2100-12-31		England			0	0	1		223
R	WAB	SJ93 SOT		1945-11-15	2100-12-31		England			0	0	1		223
R	WAB	SJ94 SFD		1945-11-15	2100-12-31		England			0	0	1		223
R	WAB	SJ94 SOT		1945-11-15	2100-12-31		England			0	0	1		223
R	WAB	SJ95 SFD		1945-11-15	2100-12-31		England			0	0	1		223
R	WAB	SJ95 SOT		1945-11-15	2100-12-31		England			0	0	1		223
R	WAB	SJ96 CHS		1945-11-15	2100-12-31		England			0	0	1		223
R	WAB	SJ96 SFD		1945-11-15	2100-12-31		England			0	0	1		223
R	WAB	SJ97 CHS		1945-11-15	2100-12-31		England			0	0	1		223
R	WAB	SJ97 DYS		1945-11-15	2100-12-31		England			0	0	1		223
R	WAB	SJ98 CHS		1945-11-15	2100-12-31		England			0	0	1		223
R	WAB	SJ98 DYS		1945-11-15	2100-12-31		England			0	0	1		223
R	WAB	SJ98 STP		1945-11-15	2100-12-31		England			0	0	1		223
R	WAB	SJ99 DYS		1945-11-15	2100-12-31		England			0	0	1		223
R	WAB	SJ99 MAN		1945-11-15	2100-12-31		England			0	0	1		223
R	WAB	SJ99 OLD		1945-11-15	2100-12-31		England			0	0	1		223
R	WAB	SJ99 STP		1945-11-15	2100-12-31		England			0	0	1		223
R	WAB	SJ99 TAM		1945-11-15	2100-12-31		England			0	0	1		223
R	WAB	SK00 BIR		1945-11-15	2100-12-31		England			0	0	1		223
R	WAB	SK00 SFD		1945-11-15	2100-12-31		England			0	0	1		223
R	WAB	SK00 WAL		1945-11-15	2100-12-31		England			0	0	1		223
R	WAB	SK01 SFD		1945-11-15	2100-12-31		England			0	0	1		223
R	WAB	SK02 SFD		1945-11-15	2100-12-31		England			0	0	1		223
R	WAB	SK03 DYS		1945-11-15	2100-12-31		England			0	0	1		223
R	WAB	SK03 SFD		1945-11-15	2100-12-31		England			0	0	1		223
R	WAB	SK04 SFD		1945-11-15	2100-12-31		England			0	0	1		223
R	WAB	SK05 SFD		1945-11-15	2100-12-31		England			0	0	1		223
R	WAB	SK06 CHS		1945-11-15	2100-12-31		England			0	0	1		223
R	WAB	SK06 DYS		1945-11-15	2100-12-31		England			0	0	1		223
R	WAB	SK06 SFD		1945-11-15	2100-12-31		England			0	0	1		223
R	WAB	SK07 CHS		1945-11-15	2100-12-31		England			0	0	1		223
R	WAB	SK07 DYS		1945-11-15	2100-12-31		England			0	0	1		223
R	WAB	SK08 DYS		1945-11-15	2100-12-31		England			0	0	1		223
R	WAB	SK08 STP		1945-11-15	2100-12-31		England			0	0	1		223
R	WAB	SK09 DYS		1945-11-15	2100-12-31		England			0	0	1		223
R	WAB	SK09 STP		1945-11-15	2100-12-31		England			0	0	1		223
R	WAB	SK09 TAM		1945-11-15	2100-12-31		England			0	0	1		223
R	WAB	SK10 BIR		1945-11-15	2100-12-31		England			0	0	1		223
R	WAB	SK10 SFD		1945-11-15	2100-12-31		England			0	0	1		223
R	WAB	SK11 SFD		1945-11-15	2100-12-31		England			0	0	1		223
R	WAB	SK12 DYS		1945-11-15	2100-12-31		England			0	0	1		223
R	WAB	SK12 SFD		1945-11-15	2100-12-31		England			0	0	1		223
R	WAB	SK13 DYS		1945-11-15	2100-12-31		England			0	0	1		223
R	WAB	SK13 SFD		1945-11-15	2100-12-31		England			0	0	1		223
R	WAB	SK14 DYS		1945-11-15	2100-12-31		England			0	0	1		223
R	WAB	SK14 SFD		1945-11-15	2100-12-31		England			0	0	1		223
R	WAB	SK15 DYS		1945-11-15	2100-12-31		England			0	0	1		223
R	WAB	SK15 SFD		1945-11-15	2100-12-31		England			0	0	1		223
R	WAB	SK16 DYS		1945-11-15	2100-12-31		England			0	0	1		223
R	WAB	SK16 SFD		1945-11-15	2100-12-31		England			0	0	1		223
R	WAB	SK17 DYS		1945-11-15	2100-12-31		England			0	0	1		223
R	WAB	SK18 DYS		1945-11-15	2100-12-31		England			0	0	1		223
R	WAB	SK18 SHF		1945-11-15	2100-12-31		England			0	0	1		223
R	WAB	SK19 BAR		1945-11-15	2100-12-31		England			0	0	1		223
R	WAB	SK19 DYS		1945-11-15	2100-12-31		England			0	0	1		223
R	WAB	SK19 SHF		1945-11-15	2100-12-31		England			0	0	1		223
R	WAB	SK20 LEC		1945-11-15	2100-12-31		England			0	0	1		223
R	WAB	SK20 SFD		1945-11-15	2100-12-31		England			0	0	1		223
R	WAB	SK20 WKS		1945-11-15	2100-12-31		England			0	0	1		223
R	WAB	SK21 DYS		1945-11-15	2100-12-31		England			0	0	1		223
R	WAB	SK21 LEC		1945-11-15	2100-12-31		England			0	0	1		223
R	WAB	SK21 SFD		1945-11-15	2100-12-31		England			0	0	1		223
R	WAB	SK21 WKS		1945-11-15	2100-12-31		England			0	0	1		223
R	WAB	SK22 DYS		1945-11-15	2100-12-31		England			0	0	1		223
R	WAB	SK22 SFD		1945-11-15	2100-12-31		England			0	0	1		223
R	WAB	SK23 DBY		1945-11-15	2100-12-31		England			0	0	1		223
R	WAB	SK23 DYS		1945-11-15	2100-12-31		England			0	0	1		223
R	WAB	SK24 DYS		1945-11-15	2100-12-31		England			0	0	1		223
R	WAB	SK25 DYS		1945-11-15	2100-12-31		England			0	0	1		223
R	WAB	SK26 DYS		1945-11-15	2100-12-31		England			0	0	1		223
R	WAB	SK27 DYS		1945-11-15	2100-12-31		England			0	0	1		223
R	WAB	SK27 SHF		1945-11-15	2100-12-31		England			0	0	1		223
R	WAB	SK28 DYS		1945-11-15	2100-12-31		England			0	0	1		223
R	WAB	SK28 SHF		1945-11-15	2100-12-31		England			0	0	1		223
R	WAB	SK29 BAR		1945-11-15	2100-12-31		England			0	0	1		223
R	WAB	SK29 SHF		1945-11-15	2100-12-31		England			0	0	1		223
R	WAB	SK30 LEC		1945-11-15	2100-12-31		England			0	0	1		223
R	WAB	SK30 WKS		1945-11-15	2100-12-31		England			0	0	1		223
R	WAB	SK31 DYS		1945-11-15	2100-12-31		England			0	0	1		223
R	WAB	SK31 LEC		1945-11-15	2100-12-31		England			0	0	1		223
R	WAB	SK32 DBY		1945-11-15	2100-12-31		England			0	0	1		223
R	WAB	SK32 DYS		1945-11-15	2100-12-31		England			0	0	1		223
R	WAB	SK32 LEC		1945-11-15	2100-12-31		England			0	0	1		223
R	WAB	SK33 DBY		1945-11-15	2100-12-31		England			0	0	1		223
R	WAB	SK33 DYS		1945-11-15	2100-12-31		England			0	0	1		223
R	WAB	SK34 DBY		1945-11-15	2100-12-31		England			0	0	1		223
R	WAB	SK34 DYS		1945-11-15	2100-12-31		England			0	0	1		223
R	WAB	SK35 DYS		1945-11-15	2100-12-31		England			0	0	1		223
R	WAB	SK36 DYS		1945-11-15	2100-12-31		England			0	0	1		223
R	WAB	SK37 DYS		1945-11-15	2100-12-31		England			0	0	1		223
R	WAB	SK37 SHF		1945-11-15	2100-12-31		England			0	0	1		223
R	WAB	SK38 DYS		1945-11-15	2100-12-31		England			0	0	1		223
R	WAB	SK38 SHF		1945-11-15	2100-12-31		England			0	0	1		223
R	WAB	SK39 BAR		1945-11-15	2100-12-31		England			0	0	1		223
R	WAB	SK39 ROT		1945-11-15	2100-12-31		England			0	0	1		223
R	WAB	SK39 SHF		1945-11-15	2100-12-31		England			0	0	1		223
R	WAB	SK40 LEC		1945-11-15	2100-12-31		England			0	0	1		223
R	WAB	SK41 LEC		1945-11-15	2100-12-31		England			0	0	1		223
R	WAB	SK42 DYS		1945-11-15	2100-12-31		England			0	0	1		223
R	WAB	SK42 LEC		1945-11-15	2100-12-31		England			0	0	1		223
R	WAB	SK42 NOT		1945-11-15	2100-12-31		England			0	0	1		223
R	WAB	SK43 DBY		1945-11-15	2100-12-31		England			0	0	1		223
R	WAB	SK43 DYS		1945-11-15	2100-12-31		England			0	0	1		223
R	WAB	SK43 LEC		1945-11-15	2100-12-31		England			0	0	1		223
R	WAB	SK43 NOT		1945-11-15	2100-12-31		England			0	0	1		223
R	WAB	SK44 DYS		1945-11-15	2100-12-31		England			0	0	1		223
R	WAB	SK44 NOT		1945-11-15	2100-12-31		England			0	0	1		223
R	WAB	SK45 DYS		1945-11-15	2100-12-31		England			0	0	1		223
R	WAB	SK45 NOT		1945-11-15	2100-12-31		England			0	0	1		223
R	WAB	SK46 DYS		1945-11-15	2100-12-31		England			0	0	1		223
R	WAB	SK46 NOT		1945-11-15	2100-12-31		England			0	0	1		223
R	WAB	SK47 DYS		1945-11-15	2100-12-31		England			0	0	1		223
R	WAB	SK47 ROT		1945-11-15	2100-12-31		England			0	0	1		223
R	WAB	SK47 SHF		1945-11-15	2100-12-31		England			0	0	1		223
R	WAB	SK48 DYS		1945-11-15	2100-12-31		England			0	0	1		223
R	WAB	SK48 ROT		1945-11-15	2100-12-31		England			0	0	1		223
R	WAB	SK48 SHF		1945-11-15	2100-12-31		England			0	0	1		223
R	WAB	SK49 DON		1945-11-15	2100-12-31		England			0	0	1		223
R	WAB	SK49 ROT		1945-11-15	2100-12-31		England			0	0	1		223
R	WAB	SK49 SHF		1945-11-15	2100-12-31		England			0	0	1		223
R	WAB	SK50 LEC		1945-11-15	2100-12-31		England			0	0	1		223
R	WAB	SK50 LEI		1945-11-15	2100-12-31		England			0	0	1		223
R	WAB	SK51 LEC		1945-11-15	2100-12-31		England			0	0	1		223
R	WAB	SK51 LEI		1945-11-15	2100-12-31		England			0	0	1		223
R	WAB	SK52 LEC		1945-11-15	2100-12-31		England			0	0	1		223
R	WAB	SK52 NOT		1945-11-15	2100-12-31		England			0	0	1		223
R	WAB	SK53 DYS		1945-11-15	2100-12-31		England			0	0	1		223
R	WAB	SK53 NOT		1945-11-15	2100-12-31		England			0	0	1		223
R	WAB	SK53 NTM		1945-11-15	2100-12-31		England			0	0	1		223
R	WAB	SK54 NOT		1945-11-15	2100-12-31		England			0	0	1		223
R	WAB	SK54 NTM		1945-11-15	2100-12-31		England			0	0	1		223
R	WAB	SK55 NOT		1945-11-15	2100-12-31		England			0	0	1		223
R	WAB	SK56 DYS		1945-11-15	2100-12-31		England			0	0	1		223
R	WAB	SK56 NOT		1945-11-15	2100-12-31		England			0	0	1		223
R	WAB	SK57 DYS		1945-11-15	2100-12-31		England			0	0	1		223
R	WAB	SK57 NOT		1945-11-15	2100-12-31		England			0	0	1		223
R	WAB	SK57 ROT		1945-11-15	2100-12-31		England			0	0	1		223
R	WAB	SK58 NOT		1945-11-15	2100-12-31		England			0	0	1		223
R	WAB	SK58 ROT		1945-11-15	2100-12-31		England			0	0	1		223
R	WAB	SK59 DON		1945-11-15	2100-12-31		England			0	0	1		223
R	WAB	SK59 NOT		1945-11-15	2100-12-31		England			0	0	1		223
R	WAB	SK59 ROT		1945-11-15	2100-12-31		England			0	0	1		223
R	WAB	SK60 LEC		1945-11-15	2100-12-31		England			0	0	1		223
R	WAB	SK60 LEI		1945-11-15	2100-12-31		England			0	0	1		223
R	WAB	SK61 LEC		1945-11-15	2100-12-31		England			0	0	1		223
R	WAB	SK62 LEC		1945-11-15	2100-12-31		England			0	0	1		223
R	WAB	SK62 NOT		1945-11-15	2100-12-31		England			0	0	1		223
R	WAB	SK63 NOT		1945-11-15	2100-12-31		England			0	0	1		223
R	WAB	SK63 NTM		1945-11-15	2100-12-31		England			0	0	1		223
R	WAB	SK64 NOT		1945-11-15	2100-12-31		England			0	0	1		223
R	WAB	SK64 NTM		1945-11-15	2100-12-31		England			0	0	1		223
R	WAB	SK65 NOT		1945-11-15	2100-12-31		England			0	0	1		223
R	WAB	SK66 NOT		1945-11-15	2100-12-31		England			0	0	1		223
R	WAB	SK67 NOT		1945-11-15	2100-12-31		England			0	0	1		223
R	WAB	SK68 NOT		1945-11-15	2100-12-31		England			0	0	1		223
R	WAB	SK69 DON		1945-11-15	2100-12-31		England			0	0	1		223
R	WAB	SK69 NOT		1945-11-15	2100-12-31		England			0	0	1		223
R	WAB	SK70 LEC		1945-11-15	2100-12-31		England			0	0	1		223
R	WAB	SK70 RUT		1945-11-15	2100-12-31		England			0	0	1		223
R	WAB	SK71 LEC		1945-11-15	2100-12-31		England			0	0	1		223
R	WAB	SK71 RUT		1945-11-15	2100-12-31		England			0	0	1		223
R	WAB	SK72 LEC		1945-11-15	2100-12-31		England			0	0	1		223
R	WAB	SK72 NOT		1945-11-15	2100-12-31		England			0	0	1		223
R	WAB	SK73 LEC		1945-11-15	2100-12-31		England			0	0	1		223
R	WAB	SK73 NOT		1945-11-15	2100-12-31		England			0	0	1		223
R	WAB	SK74 LEC		1945-11-15	2100-12-31		England			0	0	1		223
R	WAB	SK74 NOT		1945-11-15	2100-12-31		England			0	0	1		223
R	WAB	SK75 NOT		1945-11-15	2100-12-31		England			0	0	1		223
R	WAB	SK76 NOT		1945-11-15	2100-12-31		England			0	0	1		223
R	WAB	SK77 NOT		1945-11-15	2100-12-31		England			0	0	1		223
R	WAB	SK78 NOT		1945-11-15	2100-12-31		England			0	0	1		223
R	WAB	SK79 DON		1945-11-15	2100-12-31		England			0	0	1		223
R	WAB	SK79 LCN		1945-11-15	2100-12-31		England			0	0	1		223
R	WAB	SK79 LIN		1945-11-15	2100-12-31		England			0	0	1		223
R	WAB	SK79 NOT		1945-11-15	2100-12-31		England			0	0	1		223
R	WAB	SK80 LEC		1945-11-15	2100-12-31		England			0	0	1		223
R	WAB	SK80 RUT		1945-11-15	2100-12-31		England			0	0	1		223
R	WAB	SK81 LCN		1945-11-15	2100-12-31		England			0	0	1		223
R	WAB	SK81 LEC		1945-11-15	2100-12-31		England			0	0	1		223
R	WAB	SK81 RUT		1945-11-15	2100-12-31		England			0	0	1		223
R	WAB	SK82 LCN		1945-11-15	2100-12-31		England			0	0	1		223
R	WAB	SK82 LEC		1945-11-15	2100-12-31		England			0	0	1		223
R	WAB	SK83 LCN		1945-11-15	2100-12-31		England			0	0	1		223
R	WAB	SK83 LEC		1945-11-15	2100-12-31		England			0	0	1		223
R	WAB	SK84 LCN		1945-11-15	2100-12-31		England			0	0	1		223
R	WAB	SK84 LEC		1945-11-15	2100-12-31		England			0	0	1		223
R	WAB	SK84 NOT		1945-11-15	2100-12-31		England			0	0	1		223
R	WAB	SK85 LCN		1945-11-15	2100-12-31		England			0	0	1		223
R	WAB	SK85 NOT		1945-11-15	2100-12-31		England			0	0	1		223
R	WAB	SK86 LCN		1945-11-15	2100-12-31		England			0	0	1		223
R	WAB	SK86 NOT		1945-11-15	2100-12-31		England			0	0	1		223
R	WAB	SK87 LCN		1945-11-15	2100-12-31		England			0	0	1		223
R	WAB	SK87 NOT		1945-11-15	2100-12-31		England			0	0	1		223
R	WAB	SK88 LCN		1945-11-15	2100-12-31		England			0	0	1		223
R	WAB	SK88 NOT		1945-11-15	2100-12-31		England			0	0	1		223
R	WAB	SK89 LCN		1945-11-15	2100-12-31		England			0	0	1		223
R	WAB	SK89 LIN		1945-11-15	2100-12-31		England			0	0	1		223
R	WAB	SK89 NOT		1945-11-15	2100-12-31		England			0	0	1		223
R	WAB	SK90 LCN		1945-11-15	2100-12-31		England			0	0	1		223
R	WAB	SK90 NHM		1945-11-15	2100-12-31		England			0	0	1		223
R	WAB	SK90 RUT		1945-11-15	2100-12-31		England			0	0	1		223
R	WAB	SK91 LCN		1945-11-15	2100-12-31		England			0	0	1		223
R	WAB	SK91 LEC		1945-11-15	2100-12-31		England			0	0	1		223
R	WAB	SK91 RUT		1945-11-15	2100-12-31		England			0	0	1		223
R	WAB	SK92 LCN		1945-11-15	2100-12-31		England			0	0	1		223
R	WAB	SK93 LCN		1945-11-15	2100-12-31		England			0	0	1		223
R	WAB	SK94 LCN		1945-11-15	2100-12-31		England			0	0	1		223
R	WAB	SK95 LCN		1945-11-15	2100-12-31		England			0	0	1		223
R	WAB	SK96 LCN		1945-11-15	2100-12-31		England			0	0	1		223
R	WAB	SK97 LCN		1945-11-15	2100-12-31		England			0	0	1		223
R	WAB	SK98 LCN		1945-11-15	2100-12-31		England			0	0	1		223
R	WAB	SK99 LCN		1945-11-15	2100-12-31		England			0	0	1		223
R	WAB	SK99 LIN		1945-11-15	2100-12-31		England			0	0	1		223
R	WAB	SM40 PEM		1945-11-15	2100-12-31		Wales			0	0	1		294
R	WAB	SM50 PEM		1945-11-15	2100-12-31		Wales			0	0	1		294
R	WAB	SM60 PEM		1945-11-15	2100-12-31		Wales			0	0	1		294
R	WAB	SM62 PEM		1945-11-15	2100-12-31		Wales			0	0	1		294
R	WAB	SM70 PEM		1945-11-15	2100-12-31		Wales			0	0	1		294
R	WAB	SM71 PEM		1945-11-15	2100-12-31		Wales			0	0	1		294
R	WAB	SM72 PEM		1945-11-15	2100-12-31		Wales			0	0	1		294
R	WAB	SM73 PEM		1945-11-15	2100-12-31		Wales			0	0	1		294
R	WAB	SM80 PEM		1945-11-15	2100-12-31		Wales			0	0	1		294
R	WAB	SM81 PEM		1945-11-15	2100-12-31		Wales			0	0	1		294
R	WAB	SM82 PEM		1945-11-15	2100-12-31		Wales			0	0	1		294
R	WAB	SM83 PEM		1945-11-15	2100-12-31		Wales			0	0	1		294
R	WAB	SM84 PEM		1945-11-15	2100-12-31		Wales			0	0	1		294
R	WAB	SM90 PEM		1945-11-15	2100-12-31		Wales			0	0	1		294
R	WAB	SM91 PEM		1945-11-15	2100-12-31		Wales			0	0	1		294
R	WAB	SM92 PEM		1945-11-15	2100-12-31		Wales			0	0	1		294
R	WAB	SM93 PEM		1945-11-15	2100-12-31		Wales			0	0	1		294
R	WAB	SM94 PEM		1945-11-15	2100-12-31		Wales			0	0	1		294
R	WAB	SN00 PEM		1945-11-15	2100-12-31		Wales			0	0	1		294
R	WAB	SN01 CRM		1945-11-15	2100-12-31		Wales			0	0	1		294
R	WAB	SN01 PEM		1945-11-15	2100-12-31		Wales			0	0	1		294
R	WAB	SN02 CRM		1945-11-15	2100-12-31		Wales			0	0	1		294
R	WAB	SN02 PEM		1945-11-15	2100-12-31		Wales			0	0	1		294
R	WAB	SN03 PEM		1945-11-15	2100-12-31		Wales			0	0	1		294
R	WAB	SN04 PEM		1945-11-15	2100-12-31		Wales			0	0	1		294
R	WAB	SN10 CRM		1945-11-15	2100-12-31		Wales			0	0	1		294
R	WAB	SN10 PEM		1945-11-15	2100-12-31		Wales			0	0	1		294
R	WAB	SN11 CRM		1945-11-15	2100-12-31		Wales			0	0	1		294
R	WAB	SN11 PEM		1945-11-15	2100-12-31		Wales			0	0	1		294
R	WAB	SN12 CRM		1945-11-15	2100-12-31		Wales			0	0	1		294
R	WAB	SN12 PEM		1945-11-15	2100-12-31		Wales			0	0	1		294
R	WAB	SN13 PEM		1945-11-15	2100-12-31		Wales			0	0	1		294
R	WAB	SN14 CER		1945-11-15	2100-12-31		Wales			0	0	1		294
R	WAB	SN14 PEM		1945-11-15	2100-12-31		Wales			0	0	1		294
R	WAB	SN15 CER		1945-11-15	2100-12-31		Wales			0	0	1		294
R	WAB	SN15 PEM		1945-11-15	2100-12-31		Wales			0	0	1		294
R	WAB	SN20 CRM		1945-11-15	2100-12-31		Wales			0	0	1		294
R	WAB	SN21 CRM		1945-11-15	2100-12-31		Wales			0	0	1		294
R	WAB	SN22 CRM		1945-11-15	2100-12-31		Wales			0	0	1		294
R	WAB	SN22 PEM		1945-11-15	2100-12-31		Wales			0	0	1		294
R	WAB	SN23 CRM		1945-11-15	2100-12-31		Wales			0	0	1		294
R	WAB	SN23 PEM		1945-11-15	2100-12-31		Wales			0	0	1		294
R	WAB	SN24 CER		1945-11-15	2100-12-31		Wales			0	0	1		294
R	WAB	SN24 CRM		1945-11-15	2100-12-31		Wales			0	0	1		294
R	WAB	SN24 PEM		1945-11-15	2100-12-31		Wales			0	0	1		294
R	WAB	SN25 CER		1945-11-15	2100-12-31		Wales			0	0	1		294
R	WAB	SN30 CRM		1945-11-15	2100-12-31		Wales			0	0	1		294
R	WAB	SN31 CRM		1945-11-15	2100-12-31		Wales			0	0	1		294
R	WAB	SN32 CRM		1945-11-15	2100-12-31		Wales			0	0	1		294
R	WAB	SN33 CER		1945-11-15	2100-12-31		Wales			0	0	1		294
R	WAB	SN33 CRM		1945-11-15	2100-12-31		Wales			0	0	1		294
R	WAB	SN34 CER		1945-11-15	2100-12-31		Wales			0	0	1		294
R	WAB	SN34 CRM		1945-11-15	2100-12-31		Wales			0	0	1		294
R	WAB	SN35 CER		1945-11-15	2100-12-31		Wales			0	0	1		294
R	WAB	SN36 CER		1945-11-15	2100-12-31		Wales			0	0	1		294
R	WAB	SN40 CRM		1945-11-15	2100-12-31		Wales			0	0	1		294
R	WAB	SN41 CRM		1945-11-15	2100-12-31		Wales			0	0	1		294
R	WAB	SN42 CRM		1945-11-15	2100-12-31		Wales			0	0	1		294
R	WAB	SN43 CRM		1945-11-15	2100-12-31		Wales			0	0	1		294
R	WAB	SN44 CER		1945-11-15	2100-12-31		Wales			0	0	1		294
R	WAB	SN44 CRM		1945-11-15	2100-12-31		Wales			0	0	1		294
R	WAB	SN45 CER		1945-11-15	2100-12-31		Wales			0	0	1		294
R	WAB	SN46 CER		1945-11-15	2100-12-31		Wales			0	0	1		294
R	WAB	SN50 CRM		1945-11-15	2100-12-31		Wales			0	0	1		294
R	WAB	SN50 SWA		1945-11-15	2100-12-31		Wales			0	0	1		294
R	WAB	SN51 CRM		1945-11-15	2100-12-31		Wales			0	0	1		294
R	WAB	SN52 CRM		1945-11-15	2100-12-31		Wales			0	0	1		294
R	WAB	SN53 CRM		1945-11-15	2100-12-31		Wales			0	0	1		294
R	WAB	SN54 CER		1945-11-15	2100-12-31		Wales			0	0	1		294
R	WAB	SN54 CRM		1945-11-15	2100-12-31		Wales			0	0	1		294
R	WAB	SN55 CER		1945-11-15	2100-12-31		Wales			0	0	1		294
R	WAB	SN56 CER		1945-11-15	2100-12-31		Wales			0	0	1		294
R	WAB	SN57 CER		1945-11-15	2100-12-31		Wales			0	0	1		294
R	WAB	SN58 CER		1945-11-15	2100-12-31		Wales			0	0	1		294
R	WAB	SN59 CER		1945-11-15	2100-12-31		Wales			0	0	1		294
R	WAB	SN59 GWY		1945-11-15	2100-12-31		Wales			0	0	1		294
R	WAB	SN60 CRM		1945-11-15	2100-12-31		Wales			0	0	1		294
R	WAB	SN60 NEA		1945-11-15	2100-12-31		Wales			0	0	1		294
R	WAB	SN60 SWA		1945-11-15	2100-12-31		Wales			0	0	1		294
R	WAB	SN61 CRM		1945-11-15	2100-12-31		Wales			0	0	1		294
R	WAB	SN61 NEA		1945-11-15	2100-12-31		Wales			0	0	1		294
R	WAB	SN61 SWA		1945-11-15	2100-12-31		Wales			0	0	1		294
R	WAB	SN62 CRM		1945-11-15	2100-12-31		Wales			0	0	1		294
R	WAB	SN63 CRM		1945-11-15	2100-12-31		Wales			0	0	1		294
R	WAB	SN64 CER		1945-11-15	2100-12-31		Wales			0	0	1		294
R	WAB	SN64 CRM		1945-11-15	2100-12-31		Wales			0	0	1		294
R	WAB	SN65 CER		1945-11-15	2100-12-31		Wales			0	0	1		294
R	WAB	SN65 CRM		1945-11-15	2100-12-31		Wales			0	0	1		294
R	WAB	SN66 CER		1945-11-15	2100-12-31		Wales			0	0	1		294
R	WAB	SN67 CER		1945-11-15	2100-12-31		Wales			0	0	1		294
R	WAB	SN68 CER		1945-11-15	2100-12-31		Wales			0	0	1		294
R	WAB	SN69 CER		1945-11-15	2100-12-31		Wales			0	0	1		294
R	WAB	SN69 GWY		1945-11-15	2100-12-31		Wales			0	0	1		294
R	WAB	SN69 POW		1945-11-15	2100-12-31		Wales			0	0	1		294
R	WAB	SN70 CRM		1945-11-15	2100-12-31		Wales			0	0	1		294
R	WAB	SN70 NEA		1945-11-15	2100-12-31		Wales			0	0	1		294
R	WAB	SN70 POW		1945-11-15	2100-12-31		Wales			0	0	1		294
R	WAB	SN70 SWA		1945-11-15	2100-12-31		Wales			0	0	1		294
R	WAB	SN71 CRM		1945-11-15	2100-12-31		Wales			0	0	1		294
R	WAB	SN71 NEA		1945-11-15	2100-12-31		Wales			0	0	1		294
R	WAB	SN71 POW		1945-11-15	2100-12-31		Wales			0	0	1		294
R	WAB	SN72 CRM		1945-11-15	2100-12-31		Wales			0	0	1		294
R	WAB	SN73 CRM		1945-11-15	2100-12-31		Wales			0	0	1		294
R	WAB	SN74 CER		1945-11-15	2100-12-31		Wales			0	0	1		294
R	WAB	SN74 CRM		1945-11-15	2100-12-31		Wales			0	0	1		294
R	WAB	SN74 POW		1945-11-15	2100-12-31		Wales			0	0	1		294
R	WAB	SN75 CER		1945-11-15	2100-12-31		Wales			0	0	1		294
R	WAB	SN75 CRM		1945-11-15	2100-12-31		Wales			0	0	1		294
R	WAB	SN76 CER		1945-11-15	2100-12-31		Wales			0	0	1		294
R	WAB	SN77 CER		1945-11-15	2100-12-31		Wales			0	0	1		294
R	WAB	SN78 CER		1945-11-15	2100-12-31		Wales			0	0	1		294
R	WAB	SN78 POW		1945-11-15	2100-12-31		Wales			0	0	1		294
R	WAB	SN79 CER		1945-11-15	2100-12-31		Wales			0	0	1		294
R	WAB	SN79 GWY		1945-11-15	2100-12-31		Wales			0	0	1		294
R	WAB	SN79 POW		1945-11-15	2100-12-31		Wales			0	0	1		294
R	WAB	SN80 NEA		1945-11-15	2100-12-31		Wales			0	0	1		294
R	WAB	SN80 POW		1945-11-15	2100-12-31		Wales			0	0	1		294
R	WAB	SN81 CRM		1945-11-15	2100-12-31		Wales			0	0	1		294
R	WAB	SN81 NEA		1945-11-15	2100-12-31		Wales			0	0	1		294
R	WAB	SN81 POW		1945-11-15	2100-12-31		Wales			0	0	1		294
R	WAB	SN82 CRM		1945-11-15	2100-12-31		Wales			0	0	1		294
R	WAB	SN82 POW		1945-11-15	2100-12-31		Wales			0	0	1		294
R	WAB	SN83 CRM		1945-11-15	2100-12-31		Wales			0	0	1		294
R	WAB	SN83 POW		1945-11-15	2100-12-31		Wales			0	0	1		294
R	WAB	SN84 CER		1945-11-15	2100-12-31		Wales			0	0	1		294
R	WAB	SN84 CRM		1945-11-15	2100-12-31		Wales			0	0	1		294
R	WAB	SN84 POW		1945-11-15	2100-12-31		Wales			0	0	1		294
R	WAB	SN85 CER		1945-11-15	2100-12-31		Wales			0	0	1		294
R	WAB	SN85 POW		1945-11-15	2100-12-31		Wales			0	0	1		294
R	WAB	SN86 CER		1945-11-15	2100-12-31		Wales			0	0	1		294
R	WAB	SN86 POW		1945-11-15	2100-12-31		Wales			0	0	1		294
R	WAB	SN87 CER		1945-11-15	2100-12-31		Wales			0	0	1		294
R	WAB	SN87 POW		1945-11-15	2100-12-31		Wales			0	0	1		294
R	WAB	SN88 CER		1945-11-15	2100-12-31		Wales			0	0	1		294
R	WAB	SN88 POW		1945-11-15	2100-12-31		Wales			0	0	1		294
R	WAB	SN89 CER		1945-11-15	2100-12-31		Wales			0	0	1		294
R	WAB	SN89 POW		1945-11-15	2100-12-31		Wales			0	0	1		294
R	WAB	SN90 MER		1945-11-15	2100-12-31		Wales			0	0	1		294
R	WAB	SN90 NEA		1945-11-15	2100-12-31		Wales			0	0	1		294
R	WAB	SN90 POW		1945-11-15	2100-12-31		Wales			0	0	1		294
R	WAB	SN90 RCT		1945-11-15	2100-12-31		Wales			0	0	1		294
R	WAB	SN91 POW		1945-11-15	2100-12-31		Wales			0	0	1		294
R	WAB	SN91 RCT		1945-11-15	2100-12-31		Wales			0	0	1		294
R	WAB	SN92 POW		1945-11-15	2100-12-31		Wales			0	0	1		294
R	WAB	SN93 POW		1945-11-15	2100-12-31		Wales			0	0	1		294
R	WAB	SN94 POW		1945-11-15	2100-12-31		Wales			0	0	1		294
R	WAB	SN95 POW		1945-11-15	2100-12-31		Wales			0	0	1		294
R	WAB	SN96 POW		1945-11-15	2100-12-31		Wales			0	0	1		294
R	WAB	SN97 POW		1945-11-15	2100-12-31		Wales			0	0	1		294
R	WAB	SN98 POW		1945-11-15	2100-12-31		Wales			0	0	1		294
R	WAB	SN99 POW		1945-11-15	2100-12-31		Wales			0	0	1		294
R	WAB	SO00 CAE		1945-11-15	2100-12-31		Wales			0	0	1		294
R	WAB	SO00 MER		1945-11-15	2100-12-31		Wales			0	0	1		294
R	WAB	SO00 RCT		1945-11-15	2100-12-31		Wales			0	0	1		294
R	WAB	SO01 BLG		1945-11-15	2100-12-31		Wales			0	0	1		294
R	WAB	SO01 CAE		1945-11-15	2100-12-31		Wales			0	0	1		294
R	WAB	SO01 MER		1945-11-15	2100-12-31		Wales			0	0	1		294
R	WAB	SO01 POW		1945-11-15	2100-12-31		Wales			0	0	1		294
R	WAB	SO01 RCT		1945-11-15	2100-12-31		Wales			0	0	1		294
R	WAB	SO02 POW		1945-11-15	2100-12-31		Wales			0	0	1		294
R	WAB	SO03 POW		1945-11-15	2100-12-31		Wales			0	0	1		294
R	WAB	SO04 POW		1945-11-15	2100-12-31		Wales			0	0	1		294
R	WAB	SO05 POW		1945-11-15	2100-12-31		Wales			0	0	1		294
R	WAB	SO06 POW		1945-11-15	2100-12-31		Wales			0	0	1		294
R	WAB	SO07 POW		1945-11-15	2100-12-31		Wales			0	0	1		294
R	WAB	SO08 POW		1945-11-15	2100-12-31		Wales			0	0	1		294
R	WAB	SO09 POW		1945-11-15	2100-12-31		Wales			0	0	1		294
R	WAB	SO10 BLG		1945-11-15	2100-12-31		Wales			0	0	1		294
R	WAB	SO10 CAE		1945-11-15	2100-12-31		Wales			0	0	1		294
R	WAB	SO10 MER		1945-11-15	2100-12-31		Wales			0	0	1		294
R	WAB	SO11 BLG		1945-11-15	2100-12-31		Wales			0	0	1		294
R	WAB	SO11 CAE		1945-11-15	2100-12-31		Wales			0	0	1		294
R	WAB	SO11 POW		1945-11-15	2100-12-31		Wales			0	0	1		294
R	WAB	SO12 POW		1945-11-15	2100-12-31		Wales			0	0	1		294
R	WAB	SO13 POW		1945-11-15	2100-12-31		Wales			0	0	1		294
R	WAB	SO14 POW		1945-11-15	2100-12-31		Wales			0	0	1		294
R	WAB	SO15 POW		1945-11-15	2100-12-31		Wales			0	0	1		294
R	WAB	SO16 POW		1945-11-15	2100-12-31		Wales			0	0	1		294
R	WAB	SO17 POW		1945-11-15	2100-12-31		Wales			0	0	1		294
R	WAB	SO17 SPE		1945-11-15	2100-12-31		England			0	0	1		223
R	WAB	SO18 POW		1945-11-15	2100-12-31		Wales			0	0	1		294
R	WAB	SO18 SPE		1945-11-15	2100-12-31		England			0	0	1		223
R	WAB	SO19 POW		1945-11-15	2100-12-31		Wales			0	0	1		294
R	WAB	SO20 BLG		1945-11-15	2100-12-31		Wales			0	0	1		294
R	WAB	SO20 CAE		1945-11-15	2100-12-31		Wales			0	0	1		294
R	WAB	SO20 MON		1945-11-15	2100-12-31		Wales			0	0	1		294
R	WAB	SO20 TOR		1945-11-15	2100-12-31		Wales			0	0	1		294
R	WAB	SO21 BLG		1945-11-15	2100-12-31		Wales			0	0	1		294
R	WAB	SO21 MON		1945-11-15	2100-12-31		Wales			0	0	1		294
R	WAB	SO21 POW		1945-11-15	2100-12-31		Wales			0	0	1		294
R	WAB	SO21 TOR		1945-11-15	2100-12-31		Wales			0	0	1		294
R	WAB	SO22 HER		1945-11-15	2100-12-31		England			0	0	1		223
R	WAB	SO22 MON		1945-11-15	2100-12-31		Wales			0	0	1		294
R	WAB	SO22 POW		1945-11-15	2100-12-31		Wales			0	0	1		294
R	WAB	SO23 HER		1945-11-15	2100-12-31		England			0	0	1		223
R	WAB	SO23 MON		1945-11-15	2100-12-31		Wales			0	0	1		294
R	WAB	SO23 POW		1945-11-15	2100-12-31		Wales			0	0	1		294
R	WAB	SO24 HER		1945-11-15	2100-12-31		England			0	0	1		223
R	WAB	SO24 POW		1945-11-15	2100-12-31		Wales			0	0	1		294
R	WAB	SO25 HER		1945-11-15	2100-12-31		England			0	0	1		223
R	WAB	SO25 POW		1945-11-15	2100-12-31		Wales			0	0	1		294
R	WAB	SO26 HER		1945-11-15	2100-12-31		England			0	0	1		223
R	WAB	SO26 POW		1945-11-15	2100-12-31		Wales			0	0	1		294
R	WAB	SO27 POW		1945-11-15	2100-12-31		Wales			0	0	1		294
R	WAB	SO27 SPE		1945-11-15	2100-12-31		England			0	0	1		223
R	WAB	SO28 POW		1945-11-15	2100-12-31		Wales			0	0	1		294
R	WAB	SO28 SPE		1945-11-15	2100-12-31		England			0	0	1		223
R	WAB	SO29 POW		1945-11-15	2100-12-31		Wales			0	0	1		294
R	WAB	SO29 SPE		1945-11-15	2100-12-31		England			0	0	1		223
R	WAB	SO30 MON		1945-11-15	2100-12-31		Wales			0	0	1		294
R	WAB	SO30 TOR		1945-11-15	2100-12-31		Wales			0	0	1		294
R	WAB	SO31 MON		1945-11-15	2100-12-31		Wales			0	0	1		294
R	WAB	SO32 HER		1945-11-15	2100-12-31		England			0	0	1		223
R	WAB	SO32 MON		1945-11-15	2100-12-31		Wales			0	0	1		294
R	WAB	SO33 HER		1945-11-15	2100-12-31		England			0	0	1		223
R	WAB	SO34 HER		1945-11-15	2100-12-31		England			0	0	1		223
R	WAB	SO35 HER		1945-11-15	2100-12-31		England			0	0	1		223
R	WAB	SO36 HER		1945-11-15	2100-12-31		England			0	0	1		223
R	WAB	SO36 POW		1945-11-15	2100-12-31		Wales			0	0	1		294
R	WAB	SO37 HER		1945-11-15	2100-12-31		England			0	0	1		223
R	WAB	SO37 POW		1945-11-15	2100-12-31		Wales			0	0	1		294
R	WAB	SO37 SPE		1945-11-15	2100-12-31		England			0	0	1		223
R	WAB	SO38 POW		1945-11-15	2100-12-31		Wales			0	0	1		294
R	WAB	SO38 SPE		1945-11-15	2100-12-31		England			0	0	1		223
R	WAB	SO39 POW		1945-11-15	2100-12-31		Wales			0	0	1		294
R	WAB	SO39 SPE		1945-11-15	2100-12-31		England			0	0	1		223
R	WAB	SO40 MON		1945-11-15	2100-12-31		Wales			0	0	1		294
R	WAB	SO41 HER		1945-11-15	2100-12-31		England			0	0	1		223
R	WAB	SO41 MON		1945-11-15	2100-12-31		Wales			0	0	1		294
R	WAB	SO42 HER		1945-11-15	2100-12-31		England			0	0	1		223
R	WAB	SO42 MON		1945-11-15	2100-12-31		Wales			0	0	1		294
R	WAB	SO43 HER		1945-11-15	2100-12-31		England			0	0	1		223
R	WAB	SO44 HER		1945-11-15	2100-12-31		England			0	0	1		223
R	WAB	SO45 HER		1945-11-15	2100-12-31		England			0	0	1		223
R	WAB	SO46 HER		1945-11-15	2100-12-31		England			0	0	1		223
R	WAB	SO46 SPE		1945-11-15	2100-12-31		England			0	0	1		223
R	WAB	SO47 HER		1945-11-15	2100-12-31		England			0	0	1		223
R	WAB	SO47 SPE		1945-11-15	2100-12-31		England			0	0	1		223
R	WAB	SO48 SPE		1945-11-15	2100-12-31		England			0	0	1		223
R	WAB	SO49 SPE		1945-11-15	2100-12-31		England			0	0	1		223
R	WAB	SO50 GLR		1945-11-15	2100-12-31		England			0	0	1		223
R	WAB	SO50 MON		1945-11-15	2100-12-31		Wales			0	0	1		294
R	WAB	SO51 GLR		1945-11-15	2100-12-31		England			0	0	1		223
R	WAB	SO51 HER		1945-11-15	2100-12-31		England			0	0	1		223
R	WAB	SO51 MON		1945-11-15	2100-12-31		Wales			0	0	1		294
R	WAB	SO52 HER		1945-11-15	2100-12-31		England			0	0	1		223
R	WAB	SO53 HER		1945-11-15	2100-12-31		England			0	0	1		223
R	WAB	SO54 HER		1945-11-15	2100-12-31		England			0	0	1		223
R	WAB	SO55 HER		1945-11-15	2100-12-31		England			0	0	1		223
R	WAB	SO56 HER		1945-11-15	2100-12-31		England			0	0	1		223
R	WAB	SO56 SPE		1945-11-15	2100-12-31		England			0	0	1		223
R	WAB	SO56 WOR		1945-11-15	2100-12-31		England			0	0	1		223
R	WAB	SO57 HER		1945-11-15	2100-12-31		England			0	0	1		223
R	WAB	SO57 SPE		1945-11-15	2100-12-31		England			0	0	1		223
R	WAB	SO58 SPE		1945-11-15	2100-12-31		England			0	0	1		223
R	WAB	SO59 SPE		1945-11-15	2100-12-31		England			0	0	1		223
R	WAB	SO60 GLR		1945-11-15	2100-12-31		England			0	0	1		223
R	WAB	SO61 GLR		1945-11-15	2100-12-31		England			0	0	1		223
R	WAB	SO61 HER		1945-11-15	2100-12-31		England			0	0	1		223
R	WAB	SO62 GLR		1945-11-15	2100-12-31		England			0	0	1		223
R	WAB	SO62 HER		1945-11-15	2100-12-31		England			0	0	1		223
R	WAB	SO63 GLR		1945-11-15	2100-12-31		England			0	0	1		223
R	WAB	SO63 HER		1945-11-15	2100-12-31		England			0	0	1		223
R	WAB	SO64 HER		1945-11-15	2100-12-31		England			0	0	1		223
R	WAB	SO65 HER		1945-11-15	2100-12-31		England			0	0	1		223
R	WAB	SO65 WOR		1945-11-15	2100-12-31		England			0	0	1		223
R	WAB	SO66 HER		1945-11-15	2100-12-31		England			0	0	1		223
R	WAB	SO66 SPE		1945-11-15	2100-12-31		England			0	0	1		223
R	WAB	SO66 WOR		1945-11-15	2100-12-31		England			0	0	1		223
R	WAB	SO67 SPE		1945-11-15	2100-12-31		England			0	0	1		223
R	WAB	SO67 WOR		1945-11-15	2100-12-31		England			0	0	1		223
R	WAB	SO68 SPE		1945-11-15	2100-12-31		England			0	0	1		223
R	WAB	SO69 SPE		1945-11-15	2100-12-31		England			0	0	1		223
R	WAB	SO70 GLR		1945-11-15	2100-12-31		England			0	0	1		223
R	WAB	SO71 GLR		1945-11-15	2100-12-31		England			0	0	1		223
R	WAB	SO72 GLR		1945-11-15	2100-12-31		England			0	0	1		223
R	WAB	SO72 WOR		1945-11-15	2100-12-31		England			0	0	1		223
R	WAB	SO73 GLR		1945-11-15	2100-12-31		England			0	0	1		223
R	WAB	SO73 HER		1945-11-15	2100-12-31		England			0	0	1		223
R	WAB	SO73 WOR		1945-11-15	2100-12-31		England			0	0	1		223
R	WAB	SO74 HER		1945-11-15	2100-12-31		England			0	0	1		223
R	WAB	SO74 WOR		1945-11-15	2100-12-31		England			0	0	1		223
R	WAB	SO75 HER		1945-11-15	2100-12-31		England			0	0	1		223
R	WAB	SO75 WOR		1945-11-15	2100-12-31		England			0	0	1		223
R	WAB	SO76 HER		1945-11-15	2100-12-31		England			0	0	1		223
R	WAB	SO76 WOR		1945-11-15	2100-12-31		England			0	0	1		223
R	WAB	SO77 SPE		1945-11-15	2100-12-31		England			0	0	1		223
R	WAB	SO77 WOR		1945-11-15	2100-12-31		England			0	0	1		223
R	WAB	SO78 SFD		1945-11-15	2100-12-31		England			0	0	1		223
R	WAB	SO78 SPE		1945-11-15	2100-12-31		England			0	0	1		223
R	WAB	SO78 WOR		1945-11-15	2100-12-31		England			0	0	1		223
R	WAB	SO79 SFD		1945-11-15	2100-12-31		England			0	0	1		223
R	WAB	SO79 SPE		1945-11-15	2100-12-31		England			0	0	1		223
R	WAB	SO80 GLR		1945-11-15	2100-12-31		England			0	0	1		223
R	WAB	SO81 GLR		1945-11-15	2100-12-31		England			0	0	1		223
R	WAB	SO82 GLR		1945-11-15	2100-12-31		England			0	0	1		223
R	WAB	SO82 WOR		1945-11-15	2100-12-31		England			0	0	1		223
R	WAB	SO83 GLR		1945-11-15	2100-12-31		England			0	0	1		223
R	WAB	SO83 WOR		1945-11-15	2100-12-31		England			0	0	1		223
R	WAB	SO84 WOR		1945-11-15	2100-12-31		England			0	0	1		223
R	WAB	SO85 WOR		1945-11-15	2100-12-31		England			0	0	1		223
R	WAB	SO86 WOR		1945-11-15	2100-12-31		England			0	0	1		223
R	WAB	SO87 WOR		1945-11-15	2100-12-31		England			0	0	1		223
R	WAB	SO88 DUD		1945-11-15	2100-12-31		England			0	0	1		223
R	WAB	SO88 SFD		1945-11-15	2100-12-31		England			0	0	1		223
R	WAB	SO88 SPE		1945-11-15	2100-12-31		England			0	0	1		223
R	WAB	SO88 WOR		1945-11-15	2100-12-31		England			0	0	1		223
R	WAB	SO89 DUD		1945-11-15	2100-12-31		England			0	0	1		223
R	WAB	SO89 SFD		1945-11-15	2100-12-31		England			0	0	1		223
R	WAB	SO89 SPE		1945-11-15	2100-12-31		England			0	0	1		223
R	WAB	SO89 WOL		1945-11-15	2100-12-31		England			0	0	1		223
R	WAB	SO90 GLR		1945-11-15	2100-12-31		England			0	0	1		223
R	WAB	SO91 GLR		1945-11-15	2100-12-31		England			0	0	1		223
R	WAB	SO92 GLR		1945-11-15	2100-12-31		England			0	0	1		223
R	WAB	SO93 GLR		1945-11-15	2100-12-31		England			0	0	1		223
R	WAB	SO93 WOR		1945-11-15	2100-12-31		England			0	0	1		223
R	WAB	SO94 WOR		1945-11-15	2100-12-31		England			0	0	1		223
R	WAB	SO95 WOR		1945-11-15	2100-12-31		England			0	0	1		223
R	WAB	SO96 WOR		1945-11-15	2100-12-31		England			0	0	1		223
R	WAB	SO97 BIR		1945-11-15	2100-12-31		England			0	0	1		223
R	WAB	SO97 WOR		1945-11-15	2100-12-31		England			0	0	1		223
R	WAB	SO98 BIR		1945-11-15	2100-12-31		England			0	0	1		223
R	WAB	SO98 DUD		1945-11-15	2100-12-31		England			0	0	1		223
R	WAB	SO98 SAN		1945-11-15	2100-12-31		England			0	0	1		223
R	WAB	SO98 WOR		1945-11-15	2100-12-31		England			0	0	1		223
R	WAB	SO99 DUD		1945-11-15	2100-12-31		England			0	0	1		223
R	WAB	SO99 SAN		1945-11-15	2100-12-31		England			0	0	1		223
R	WAB	SO99 SFD		1945-11-15	2100-12-31		England			0	0	1		223
R	WAB	SO99 WAL		1945-11-15	2100-12-31		England			0	0	1		223
R	WAB	SO99 WOL		1945-11-15	2100-12-31		England			0	0	1		223
R	WAB	SP00 GLR		1945-11-15	2100-12-31		England			0	0	1		223
R	WAB	SP01 GLR		1945-11-15	2100-12-31		England			0	0	1		223
R	WAB	SP02 GLR		1945-11-15	2100-12-31		England			0	0	1		223
R	WAB	SP03 GLR		1945-11-15	2100-12-31		England			0	0	1		223
R	WAB	SP03 WOR		1945-11-15	2100-12-31		England			0	0	1		223
R	WAB	SP04 GLR		1945-11-15	2100-12-31		England			0	0	1		223
R	WAB	SP04 WKS		1945-11-15	2100-12-31		England			0	0	1		223
R	WAB	SP04 WOR		1945-11-15	2100-12-31		England			0	0	1		223
R	WAB	SP05 WKS		1945-11-15	2100-12-31		England			0	0	1		223
R	WAB	SP05 WOR		1945-11-15	2100-12-31		England			0	0	1		223
R	WAB	SP06 WKS		1945-11-15	2100-12-31		England			0	0	1		223
R	WAB	SP06 WOR		1945-11-15	2100-12-31		England			0	0	1		223
R	WAB	SP07 BIR		1945-11-15	2100-12-31		England			0	0	1		223
R	WAB	SP07 SOL		1945-11-15	2100-12-31		England			0	0	1		223
R	WAB	SP07 WKS		1945-11-15	2100-12-31		England			0	0	1		223
R	WAB	SP07 WOR		1945-11-15	2100-12-31		England			0	0	1		223
R	WAB	SP08 BIR		1945-11-15	2100-12-31		England			0	0	1		223
R	WAB	SP08 SAN		1945-11-15	2100-12-31		England			0	0	1		223
R	WAB	SP08 WOR		1945-11-15	2100-12-31		England			0	0	1		223
R	WAB	SP09 BIR		1945-11-15	2100-12-31		England			0	0	1		223
R	WAB	SP09 SAN		1945-11-15	2100-12-31		England			0	0	1		223
R	WAB	SP09 SFD		1945-11-15	2100-12-31		England			0	0	1		223
R	WAB	SP09 WAL		1945-11-15	2100-12-31		England			0	0	1		223
R	WAB	SP10 GLR		1945-11-15	2100-12-31		England			0	0	1		223
R	WAB	SP10 OFE		1945-11-15	2100-12-31		England			0	0	1		223
R	WAB	SP10 WLT		1945-11-15	2100-12-31		England			0	0	1		223
R	WAB	SP11 GLR		1945-11-15	2100-12-31		England			0	0	1		223
R	WAB	SP12 GLR		1945-11-15	2100-12-31		England			0	0	1		223
R	WAB	SP13 GLR		1945-11-15	2100-12-31		England			0	0	1		223
R	WAB	SP13 WOR		1945-11-15	2100-12-31		England			0	0	1		223
R	WAB	SP14 GLR		1945-11-15	2100-12-31		England			0	0	1		223
R	WAB	SP14 WKS		1945-11-15	2100-12-31		England			0	0	1		223
R	WAB	SP14 WOR		1945-11-15	2100-12-31		England			0	0	1		223
R	WAB	SP15 WKS		1945-11-15	2100-12-31		England			0	0	1		223
R	WAB	SP15 WOR		1945-11-15	2100-12-31		England			0	0	1		223
R	WAB	SP16 WKS		1945-11-15	2100-12-31		England			0	0	1		223
R	WAB	SP17 BIR		1945-11-15	2100-12-31		England			0	0	1		223
R	WAB	SP17 SOL		1945-11-15	2100-12-31		England			0	0	1		223
R	WAB	SP17 WKS		1945-11-15	2100-12-31		England			0	0	1		223
R	WAB	SP17 WOR		1945-11-15	2100-12-31		England			0	0	1		223
R	WAB	SP18 BIR		1945-11-15	2100-12-31		England			0	0	1		223
R	WAB	SP18 SOL		1945-11-15	2100-12-31		England			0	0	1		223
R	WAB	SP18 WKS		1945-11-15	2100-12-31		England			0	0	1		223
R	WAB	SP19 BIR		1945-11-15	2100-12-31		England			0	0	1		223
R	WAB	SP19 SFD		1945-11-15	2100-12-31		England			0	0	1		223
R	WAB	SP19 SOL		1945-11-15	2100-12-31		England			0	0	1		223
R	WAB	SP19 WKS		1945-11-15	2100-12-31		England			0	0	1		223
R	WAB	SP20 GLR		1945-11-15	2100-12-31		England			0	0	1		223
R	WAB	SP20 OFE		1945-11-15	2100-12-31		England			0	0	1		223
R	WAB	SP21 GLR		1945-11-15	2100-12-31		England			0	0	1		223
R	WAB	SP21 OFE		1945-11-15	2100-12-31		England			0	0	1		223
R	WAB	SP22 GLR		1945-11-15	2100-12-31		England			0	0	1		223
R	WAB	SP22 OFE		1945-11-15	2100-12-31		England			0	0	1		223
R	WAB	SP22 WKS		1945-11-15	2100-12-31		England			0	0	1		223
R	WAB	SP23 GLR		1945-11-15	2100-12-31		England			0	0	1		223
R	WAB	SP23 OFE		1945-11-15	2100-12-31		England			0	0	1		223
R	WAB	SP23 WKS		1945-11-15	2100-12-31		England			0	0	1		223
R	WAB	SP24 GLR		1945-11-15	2100-12-31		England			0	0	1		223
R	WAB	SP24 WKS		1945-11-15	2100-12-31		England			0	0	1		223
R	WAB	SP25 WKS		1945-11-15	2100-12-31		England			0	0	1		223
R	WAB	SP26 WKS		1945-11-15	2100-12-31		England			0	0	1		223
R	WAB	SP27 COV		1945-11-15	2100-12-31		England			0	0	1		223
R	WAB	SP27 SOL		1945-11-15	2100-12-31		England			0	0	1		223
R	WAB	SP27 WKS		1945-11-15	2100-12-31		England			0	0	1		223
R	WAB	SP28 COV		1945-11-15	2100-12-31		England			0	0	1		223
R	WAB	SP28 SOL		1945-11-15	2100-12-31		England			0	0	1		223
R	WAB	SP28 WKS		1945-11-15	2100-12-31		England			0	0	1		223
R	WAB	SP29 LEC		1945-11-15	2100-12-31		England			0	0	1		223
R	WAB	SP29 SFD		1945-11-15	2100-12-31		England			0	0	1		223
R	WAB	SP29 WKS		1945-11-15	2100-12-31		England			0	0	1		223
R	WAB	SP30 OFE		1945-11-15	2100-12-31		England			0	0	1		223
R	WAB	SP31 OFE		1945-11-15	2100-12-31		England			0	0	1		223
R	WAB	SP32 OFE		1945-11-15	2100-12-31		England			0	0	1		223
R	WAB	SP33 OFE		1945-11-15	2100-12-31		England			0	0	1		223
R	WAB	SP33 WKS		1945-11-15	2100-12-31		England			0	0	1		223
R	WAB	SP34 OFE		1945-11-15	2100-12-31		England			0	0	1		223
R	WAB	SP34 WKS		1945-11-15	2100-12-31		England			0	0	1		223
R	WAB	SP35 WKS		1945-11-15	2100-12-31		England			0	0	1		223
R	WAB	SP36 WKS		1945-11-15	2100-12-31		England			0	0	1		223
R	WAB	SP37 COV		1945-11-15	2100-12-31		England			0	0	1		223
R	WAB	SP37 WKS		1945-11-15	2100-12-31		England			0	0	1		223
R	WAB	SP38 COV		1945-11-15	2100-12-31		England			0	0	1		223
R	WAB	SP38 WKS		1945-11-15	2100-12-31		England			0	0	1		223
R	WAB	SP39 LEC		1945-11-15	2100-12-31		England			0	0	1		223
R	WAB	SP39 WKS		1945-11-15	2100-12-31		England			0	0	1		223
R	WAB	SP40 OFE		1945-11-15	2100-12-31		England			0	0	1		223
R	WAB	SP41 OFE		1945-11-15	2100-12-31		England			0	0	1		223
R	WAB	SP42 OFE		1945-11-15	2100-12-31		England			0	0	1		223
R	WAB	SP43 NHM		1945-11-15	2100-12-31		England			0	0	1		223
R	WAB	SP43 OFE		1945-11-15	2100-12-31		England			0	0	1		223
R	WAB	SP44 NHM		1945-11-15	2100-12-31		England			0	0	1		223
R	WAB	SP44 OFE		1945-11-15	2100-12-31		England			0	0	1		223
R	WAB	SP44 WKS		1945-11-15	2100-12-31		England			0	0	1		223
R	WAB	SP45 NHM		1945-11-15	2100-12-31		England			0	0	1		223
R	WAB	SP45 OFE		1945-11-15	2100-12-31		England			0	0	1		223
R	WAB	SP45 WKS		1945-11-15	2100-12-31		England			0	0	1		223
R	WAB	SP46 NHM		1945-11-15	2100-12-31		England			0	0	1		223
R	WAB	SP46 WKS		1945-11-15	2100-12-31		England			0	0	1		223
R	WAB	SP47 WKS		1945-11-15	2100-12-31		England			0	0	1		223
R	WAB	SP48 LEC		1945-11-15	2100-12-31		England			0	0	1		223
R	WAB	SP48 WKS		1945-11-15	2100-12-31		England			0	0	1		223
R	WAB	SP49 LEC		1945-11-15	2100-12-31		England			0	0	1		223
R	WAB	SP49 WKS		1945-11-15	2100-12-31		England			0	0	1		223
R	WAB	SP50 OFE		1945-11-15	2100-12-31		England			0	0	1		223
R	WAB	SP51 BKS		1945-11-15	2100-12-31		England			0	0	1		223
R	WAB	SP51 OFE		1945-11-15	2100-12-31		England			0	0	1		223
R	WAB	SP52 OFE		1945-11-15	2100-12-31		England			0	0	1		223
R	WAB	SP53 BKS		1945-11-15	2100-12-31		England			0	0	1		223
R	WAB	SP53 NHM		1945-11-15	2100-12-31		England			0	0	1		223
R	WAB	SP53 OFE		1945-11-15	2100-12-31		England			0	0	1		223
R	WAB	SP54 NHM		1945-11-15	2100-12-31		England			0	0	1		223
R	WAB	SP54 OFE		1945-11-15	2100-12-31		England			0	0	1		223
R	WAB	SP55 NHM		1945-11-15	2100-12-31		England			0	0	1		223
R	WAB	SP55 WKS		1945-11-15	2100-12-31		England			0	0	1		223
R	WAB	SP56 NHM		1945-11-15	2100-12-31		England			0	0	1		223
R	WAB	SP56 WKS		1945-11-15	2100-12-31		England			0	0	1		223
R	WAB	SP57 LEC		1945-11-15	2100-12-31		England			0	0	1		223
R	WAB	SP57 NHM		1945-11-15	2100-12-31		England			0	0	1		223
R	WAB	SP57 WKS		1945-11-15	2100-12-31		England			0	0	1		223
R	WAB	SP58 LEC		1945-11-15	2100-12-31		England			0	0	1		223
R	WAB	SP58 NHM		1945-11-15	2100-12-31		England			0	0	1		223
R	WAB	SP58 WKS		1945-11-15	2100-12-31		England			0	0	1		223
R	WAB	SP59 LEC		1945-11-15	2100-12-31		England			0	0	1		223
R	WAB	SP59 LEI		1945-11-15	2100-12-31		England			0	0	1		223
R	WAB	SP60 BKS		1945-11-15	2100-12-31		England			0	0	1		223
R	WAB	SP60 OFE		1945-11-15	2100-12-31		England			0	0	1		223
R	WAB	SP61 BKS		1945-11-15	2100-12-31		England			0	0	1		223
R	WAB	SP61 OFE		1945-11-15	2100-12-31		England			0	0	1		223
R	WAB	SP62 BKS		1945-11-15	2100-12-31		England			0	0	1		223
R	WAB	SP62 OFE		1945-11-15	2100-12-31		England			0	0	1		223
R	WAB	SP63 BKS		1945-11-15	2100-12-31		England			0	0	1		223
R	WAB	SP63 NHM		1945-11-15	2100-12-31		England			0	0	1		223
R	WAB	SP63 OFE		1945-11-15	2100-12-31		England			0	0	1		223
R	WAB	SP64 BKS		1945-11-15	2100-12-31		England			0	0	1		223
R	WAB	SP64 NHM		1945-11-15	2100-12-31		England			0	0	1		223
R	WAB	SP65 NHM		1945-11-15	2100-12-31		England			0	0	1		223
R	WAB	SP66 NHM		1945-11-15	2100-12-31		England			0	0	1		223
R	WAB	SP67 NHM		1945-11-15	2100-12-31		England			0	0	1		223
R	WAB	SP68 LEC		1945-11-15	2100-12-31		England			0	0	1		223
R	WAB	SP68 NHM		1945-11-15	2100-12-31		England			0	0	1		223
R	WAB	SP69 LEC		1945-11-15	2100-12-31		England			0	0	1		223
R	WAB	SP70 BKS		1945-11-15	2100-12-31		England			0	0	1		223
R	WAB	SP70 OFE		1945-11-15	2100-12-31		England			0	0	1		223
R	WAB	SP71 BKS		1945-11-15	2100-12-31		England			0	0	1		223
R	WAB	SP72 BKS		1945-11-15	2100-12-31		England			0	0	1		223
R	WAB	SP73 BKS		1945-11-15	2100-12-31		England			0	0	1		223
R	WAB	SP73 MIK		1945-11-15	2100-12-31		England			0	0	1		223
R	WAB	SP73 NHM		1945-11-15	2100-12-31		England			0	0	1		223
R	WAB	SP74 BKS		1945-11-15	2100-12-31		England			0	0	1		223
R	WAB	SP74 MIK		1945-11-15	2100-12-31		England			0	0	1		223
R	WAB	SP74 NHM		1945-11-15	2100-12-31		England			0	0	1		223
R	WAB	SP75 NHM		1945-11-15	2100-12-31		England			0	0	1		223
R	WAB	SP76 NHM		1945-11-15	2100-12-31		England			0	0	1		223
R	WAB	SP77 NHM		1945-11-15	2100-12-31		England			0	0	1		223
R	WAB	SP78 LEC		1945-11-15	2100-12-31		England			0	0	1		223
R	WAB	SP78 NHM		1945-11-15	2100-12-31		England			0	0	1		223
R	WAB	SP79 LEC		1945-11-15	2100-12-31		England			0	0	1		223
R	WAB	SP79 NHM		1945-11-15	2100-12-31		England			0	0	1		223
R	WAB	SP80 BKS		1945-11-15	2100-12-31		England			0	0	1		223
R	WAB	SP81 BKS		1945-11-15	2100-12-31		England			0	0	1		223
R	WAB	SP81 HFD		1945-11-15	2100-12-31		England			0	0	1		223
R	WAB	SP82 BFD		1945-11-15	2100-12-31		England			0	0	1		223
R	WAB	SP82 BKS		1945-11-15	2100-12-31		England			0	0	1		223
R	WAB	SP83 BKS		1945-11-15	2100-12-31		England			0	0	1		223
R	WAB	SP83 MIK		1945-11-15	2100-12-31		England			0	0	1		223
R	WAB	SP84 MIK		1945-11-15	2100-12-31		England			0	0	1		223
R	WAB	SP84 NHM		1945-11-15	2100-12-31		England			0	0	1		223
R	WAB	SP85 MIK		1945-11-15	2100-12-31		England			0	0	1		223
R	WAB	SP85 NHM		1945-11-15	2100-12-31		England			0	0	1		223
R	WAB	SP86 NHM		1945-11-15	2100-12-31		England			0	0	1		223
R	WAB	SP87 NHM		1945-11-15	2100-12-31		England			0	0	1		223
R	WAB	SP88 NHM		1945-11-15	2100-12-31		England			0	0	1		223
R	WAB	SP89 LEC		1945-11-15	2100-12-31		England			0	0	1		223
R	WAB	SP89 NHM		1945-11-15	2100-12-31		England			0	0	1		223
R	WAB	SP89 RUT		1945-11-15	2100-12-31		England			0	0	1		223
R	WAB	SP90 BKS		1945-11-15	2100-12-31		England			0	0	1		223
R	WAB	SP90 HFD		1945-11-15	2100-12-31		England			0	0	1		223
R	WAB	SP91 BFD		1945-11-15	2100-12-31		England			0	0	1		223
R	WAB	SP91 BKS		1945-11-15	2100-12-31		England			0	0	1		223
R	WAB	SP91 HFD		1945-11-15	2100-12-31		England			0	0	1		223
R	WAB	SP92 BFD		1945-11-15	2100-12-31		England			0	0	1		223
R	WAB	SP92 BKS		1945-11-15	2100-12-31		England			0	0	1		223
R	WAB	SP93 BFD		1945-11-15	2100-12-31		England			0	0	1		223
R	WAB	SP93 BKS		1945-11-15	2100-12-31		England			0	0	1		223
R	WAB	SP93 MIK		1945-11-15	2100-12-31		England			0	0	1		223
R	WAB	SP94 BFD		1945-11-15	2100-12-31		England			0	0	1		223
R	WAB	SP94 MIK		1945-11-15	2100-12-31		England			0	0	1		223
R	WAB	SP95 BFD		1945-11-15	2100-12-31		England			0	0	1		223
R	WAB	SP95 MIK		1945-11-15	2100-12-31		England			0	0	1		223
R	WAB	SP95 NHM		1945-11-15	2100-12-31		England			0	0	1		223
R	WAB	SP96 BFD		1945-11-15	2100-12-31		England			0	0	1		223
R	WAB	SP96 NHM		1945-11-15	2100-12-31		England			0	0	1		223
R	WAB	SP97 NHM		1945-11-15	2100-12-31		England			0	0	1		223
R	WAB	SP98 NHM		1945-11-15	2100-12-31		England			0	0	1		223
R	WAB	SP99 NHM		1945-11-15	2100-12-31		England			0	0	1		223
R	WAB	SP99 RUT		1945-11-15	2100-12-31		England			0	0	1		223
R	WAB	SR89 PEM		1945-11-15	2100-12-31		Wales			0	0	1		294
R	WAB	SR99 PEM		1945-11-15	2100-12-31		Wales			0	0	1		294
R	WAB	SS09 PEM		1945-11-15	2100-12-31		Wales			0	0	1		294
R	WAB	SS10 CNL		1945-11-15	2100-12-31		England			0	0	1		223
R	WAB	SS11 CNL		1945-11-15	2100-12-31		England			0	0	1		223
R	WAB	SS14 DVN		1945-11-15	2100-12-31		England			0	0	1		223
R	WAB	SS19 PEM		1945-11-15	2100-12-31		Wales			0	0	1		294
R	WAB	SS20 CNL		1945-11-15	2100-12-31		England			0	0	1		223
R	WAB	SS20 DVN		1945-11-15	2100-12-31		England			0	0	1		223
R	WAB	SS21 CNL		1945-11-15	2100-12-31		England			0	0	1		223
R	WAB	SS21 DVN		1945-11-15	2100-12-31		England			0	0	1		223
R	WAB	SS22 DVN		1945-11-15	2100-12-31		England			0	0	1		223
R	WAB	SS30 CNL		1945-11-15	2100-12-31		England			0	0	1		223
R	WAB	SS30 DVN		1945-11-15	2100-12-31		England			0	0	1		223
R	WAB	SS31 DVN		1945-11-15	2100-12-31		England			0	0	1		223
R	WAB	SS32 DVN		1945-11-15	2100-12-31		England			0	0	1		223
R	WAB	SS38 SWA		1945-11-15	2100-12-31		Wales			0	0	1		294
R	WAB	SS39 CRM		1945-11-15	2100-12-31		Wales			0	0	1		294
R	WAB	SS39 SWA		1945-11-15	2100-12-31		Wales			0	0	1		294
R	WAB	SS40 DVN		1945-11-15	2100-12-31		England			0	0	1		223
R	WAB	SS41 DVN		1945-11-15	2100-12-31		England			0	0	1		223
R	WAB	SS42 DVN		1945-11-15	2100-12-31		England			0	0	1		223
R	WAB	SS43 DVN		1945-11-15	2100-12-31		England			0	0	1		223
R	WAB	SS44 DVN		1945-11-15	2100-12-31		England			0	0	1		223
R	WAB	SS48 SWA		1945-11-15	2100-12-31		Wales			0	0	1		294
R	WAB	SS49 CRM		1945-11-15	2100-12-31		Wales			0	0	1		294
R	WAB	SS49 SWA		1945-11-15	2100-12-31		Wales			0	0	1		294
R	WAB	SS50 DVN		1945-11-15	2100-12-31		England			0	0	1		223
R	WAB	SS51 DVN		1945-11-15	2100-12-31		England			0	0	1		223
R	WAB	SS52 DVN		1945-11-15	2100-12-31		England			0	0	1		223
R	WAB	SS53 DVN		1945-11-15	2100-12-31		England			0	0	1		223
R	WAB	SS54 DVN		1945-11-15	2100-12-31		England			0	0	1		223
R	WAB	SS58 SWA		1945-11-15	2100-12-31		Wales			0	0	1		294
R	WAB	SS59 CRM		1945-11-15	2100-12-31		Wales			0	0	1		294
R	WAB	SS59 SWA		1945-11-15	2100-12-31		Wales			0	0	1		294
R	WAB	SS60 DVN		1945-11-15	2100-12-31		England			0	0	1		223
R	WAB	SS61 DVN		1945-11-15	2100-12-31		England			0	0	1		223
R	WAB	SS62 DVN		1945-11-15	2100-12-31		England			0	0	1		223
R	WAB	SS63 DVN		1945-11-15	2100-12-31		England			0	0	1		223
R	WAB	SS64 DVN		1945-11-15	2100-12-31		England			0	0	1		223
R	WAB	SS68 SWA		1945-11-15	2100-12-31		Wales			0	0	1		294
R	WAB	SS69 NEA		1945-11-15	2100-12-31		Wales			0	0	1		294
R	WAB	SS69 SWA		1945-11-15	2100-12-31		Wales			0	0	1		294
R	WAB	SS70 DVN		1945-11-15	2100-12-31		England			0	0	1		223
R	WAB	SS71 DVN		1945-11-15	2100-12-31		England			0	0	1		223
R	WAB	SS72 DVN		1945-11-15	2100-12-31		England			0	0	1		223
R	WAB	SS73 DVN		1945-11-15	2100-12-31		England			0	0	1		223
R	WAB	SS73 SOM		1945-11-15	2100-12-31		England			0	0	1		223
R	WAB	SS74 DVN		1945-11-15	2100-12-31		England			0	0	1		223
R	WAB	SS74 SOM		1945-11-15	2100-12-31		England			0	0	1		223
R	WAB	SS75 DVN		1945-11-15	2100-12-31		England			0	0	1		223
R	WAB	SS77 BRI		1945-11-15	2100-12-31		Wales			0	0	1		294
R	WAB	SS78 BRI		1945-11-15	2100-12-31		Wales			0	0	1		294
R	WAB	SS78 NEA		1945-11-15	2100-12-31		Wales			0	0	1		294
R	WAB	SS79 NEA		1945-11-15	2100-12-31		Wales			0	0	1		294
R	WAB	SS79 SWA		1945-11-15	2100-12-31		Wales			0	0	1		294
R	WAB	SS80 DVN		1945-11-15	2100-12-31		England			0	0	1		223
R	WAB	SS81 DVN		1945-11-15	2100-12-31		England			0	0	1		223
R	WAB	SS82 DVN		1945-11-15	2100-12-31		England			0	0	1		223
R	WAB	SS82 SOM		1945-11-15	2100-12-31		England			0	0	1		223
R	WAB	SS83 DVN		1945-11-15	2100-12-31		England			0	0	1		223
R	WAB	SS83 SOM		1945-11-15	2100-12-31		England			0	0	1		223
R	WAB	SS84 DVN		1945-11-15	2100-12-31		England			0	0	1		223
R	WAB	SS84 SOM		1945-11-15	2100-12-31		England			0	0	1		223
R	WAB	SS87 BRI		1945-11-15	2100-12-31		Wales			0	0	1		294
R	WAB	SS87 VAG		1945-11-15	2100-12-31		Wales			0	0	1		294
R	WAB	SS88 BRI		1945-11-15	2100-12-31		Wales			0	0	1		294
R	WAB	SS88 NEA		1945-11-15	2100-12-31		Wales			0	0	1		294
R	WAB	SS89 BRI		1945-11-15	2100-12-31		Wales			0	0	1		294
R	WAB	SS89 NEA		1945-11-15	2100-12-31		Wales			0	0	1		294
R	WAB	SS90 DVN		1945-11-15	2100-12-31		England			0	0	1		223
R	WAB	SS91 DVN		1945-11-15	2100-12-31		England			0	0	1		223
R	WAB	SS92 DVN		1945-11-15	2100-12-31		England			0	0	1		223
R	WAB	SS92 SOM		1945-11-15	2100-12-31		England			0	0	1		223
R	WAB	SS93 SOM		1945-11-15	2100-12-31		England			0	0	1		223
R	WAB	SS94 SOM		1945-11-15	2100-12-31		England			0	0	1		223
R	WAB	SS96 VAG		1945-11-15	2100-12-31		Wales			0	0	1		294
R	WAB	SS97 BRI		1945-11-15	2100-12-31		Wales			0	0	1		294
R	WAB	SS97 RCT		1945-11-15	2100-12-31		Wales			0	0	1		294
R	WAB	SS97 VAG		1945-11-15	2100-12-31		Wales			0	0	1		294
R	WAB	SS98 BRI		1945-11-15	2100-12-31		Wales			0	0	1		294
R	WAB	SS98 RCT		1945-11-15	2100-12-31		Wales			0	0	1		294
R	WAB	SS98 VAG		1945-11-15	2100-12-31		Wales			0	0	1		294
R	WAB	SS99 BRI		1945-11-15	2100-12-31		Wales			0	0	1		294
R	WAB	SS99 NEA		1945-11-15	2100-12-31		Wales			0	0	1		294
R	WAB	SS99 RCT		1945-11-15	2100-12-31		Wales			0	0	1		294
R	WAB	ST00 DVN		1945-11-15	2100-12-31		England			0	0	1		223
R	WAB	ST01 DVN		1945-11-15	2100-12-31		England			0	0	1		223
R	WAB	ST01 SOM		1945-11-15	2100-12-31		England			0	0	1		223
R	WAB	ST02 DVN		1945-11-15	2100-12-31		England			0	0	1		223
R	WAB	ST02 SOM		1945-11-15	2100-12-31		England			0	0	1		223
R	WAB	ST03 SOM		1945-11-15	2100-12-31		England			0	0	1		223
R	WAB	ST04 SOM		1945-11-15	2100-12-31		England			0	0	1		223
R	WAB	ST06 VAG		1945-11-15	2100-12-31		Wales			0	0	1		294
R	WAB	ST07 CDF		1945-11-15	2100-12-31		Wales			0	0	1		294
R	WAB	ST07 RCT		1945-11-15	2100-12-31		Wales			0	0	1		294
R	WAB	ST07 VAG		1945-11-15	2100-12-31		Wales			0	0	1		294
R	WAB	ST08 CDF		1945-11-15	2100-12-31		Wales			0	0	1		294
R	WAB	ST08 RCT		1945-11-15	2100-12-31		Wales			0	0	1		294
R	WAB	ST08 VAG		1945-11-15	2100-12-31		Wales			0	0	1		294
R	WAB	ST09 CAE		1945-11-15	2100-12-31		Wales			0	0	1		294
R	WAB	ST09 MER		1945-11-15	2100-12-31		Wales			0	0	1		294
R	WAB	ST09 RCT		1945-11-15	2100-12-31		Wales			0	0	1		294
R	WAB	ST10 DVN		1945-11-15	2100-12-31		England			0	0	1		223
R	WAB	ST11 DVN		1945-11-15	2100-12-31		England			0	0	1		223
R	WAB	ST11 SOM		1945-11-15	2100-12-31		England			0	0	1		223
R	WAB	ST12 SOM		1945-11-15	2100-12-31		England			0	0	1		223
R	WAB	ST13 SOM		1945-11-15	2100-12-31		England			0	0	1		223
R	WAB	ST14 SOM		1945-11-15	2100-12-31		England			0	0	1		223
R	WAB	ST16 VAG		1945-11-15	2100-12-31		Wales			0	0	1		294
R	WAB	ST17 CDF		1945-11-15	2100-12-31		Wales			0	0	1		294
R	WAB	ST17 VAG		1945-11-15	2100-12-31		Wales			0	0	1		294
R	WAB	ST18 CAE		1945-11-15	2100-12-31		Wales			0	0	1		294
R	WAB	ST18 CDF		1945-11-15	2100-12-31		Wales			0	0	1		294
R	WAB	ST18 RCT		1945-11-15	2100-12-31		Wales			0	0	1		294
R	WAB	ST19 CAE		1945-11-15	2100-12-31		Wales			0	0	1		294
R	WAB	ST19 MER		1945-11-15	2100-12-31		Wales			0	0	1		294
R	WAB	ST19 RCT		1945-11-15	2100-12-31		Wales			0	0	1		294
R	WAB	ST20 DVN		1945-11-15	2100-12-31		England			0	0	1		223
R	WAB	ST20 SOM		1945-11-15	2100-12-31		England			0	0	1		223
R	WAB	ST21 DVN		1945-11-15	2100-12-31		England			0	0	1		223
R	WAB	ST21 SOM		1945-11-15	2100-12-31		England			0	0	1		223
R	WAB	ST22 SOM		1945-11-15	2100-12-31		England			0	0	1		223
R	WAB	ST23 SOM		1945-11-15	2100-12-31		England			0	0	1		223
R	WAB	ST24 SOM		1945-11-15	2100-12-31		England			0	0	1		223
R	WAB	ST25 SOM		1945-11-15	2100-12-31		England			0	0	1		223
R	WAB	ST25 SON		1945-11-15	2100-12-31		England			0	0	1		223
R	WAB	ST26 BSL		1945-11-15	2100-12-31		England			0	0	1		223
R	WAB	ST26 CDF		1945-11-15	2100-12-31		Wales			0	0	1		294
R	WAB	ST26 SON		1945-11-15	2100-12-31		England			0	0	1		223
R	WAB	ST27 CDF		1945-11-15	2100-12-31		Wales			0	0	1		294
R	WAB	ST27 NEW		1945-11-15	2100-12-31		Wales			0	0	1		294
R	WAB	ST28 CAE		1945-11-15	2100-12-31		Wales			0	0	1		294
R	WAB	ST28 CDF		1945-11-15	2100-12-31		Wales			0	0	1		294
R	WAB	ST28 NEW		1945-11-15	2100-12-31		Wales			0	0	1		294
R	WAB	ST29 BLG		1945-11-15	2100-12-31		Wales			0	0	1		294
R	WAB	ST29 CAE		1945-11-15	2100-12-31		Wales			0	0	1		294
R	WAB	ST29 NEW		1945-11-15	2100-12-31		Wales			0	0	1		294
R	WAB	ST29 TOR		1945-11-15	2100-12-31		Wales			0	0	1		294
R	WAB	ST30 DOR		1945-11-15	2100-12-31		England			0	0	1		223
R	WAB	ST30 DVN		1945-11-15	2100-12-31		England			0	0	1		223
R	WAB	ST30 SOM		1945-11-15	2100-12-31		England			0	0	1		223
R	WAB	ST31 SOM		1945-11-15	2100-12-31		England			0	0	1		223
R	WAB	ST32 SOM		1945-11-15	2100-12-31		England			0	0	1		223
R	WAB	ST33 SOM		1945-11-15	2100-12-31		England			0	0	1		223
R	WAB	ST34 SOM		1945-11-15	2100-12-31		England			0	0	1		223
R	WAB	ST35 SOM		1945-11-15	2100-12-31		England			0	0	1		223
R	WAB	ST35 SON		1945-11-15	2100-12-31		England			0	0	1		223
R	WAB	ST36 SON		1945-11-15	2100-12-31		England			0	0	1		223
R	WAB	ST37 SON		1945-11-15	2100-12-31		England			0	0	1		223
R	WAB	ST38 NEW		1945-11-15	2100-12-31		Wales			0	0	1		294
R	WAB	ST39 MON		1945-11-15	2100-12-31		Wales			0	0	1		294
R	WAB	ST39 NEW		1945-11-15	2100-12-31		Wales			0	0	1		294
R	WAB	ST39 TOR		1945-11-15	2100-12-31		Wales			0	0	1		294
R	WAB	ST40 DOR		1945-11-15	2100-12-31		England			0	0	1		223
R	WAB	ST40 SOM		1945-11-15	2100-12-31		England			0	0	1		223
R	WAB	ST41 SOM		1945-11-15	2100-12-31		England			0	0	1		223
R	WAB	ST42 SOM		1945-11-15	2100-12-31		England			0	0	1		223
R	WAB	ST43 SOM		1945-11-15	2100-12-31		England			0	0	1		223
R	WAB	ST44 SOM		1945-11-15	2100-12-31		England			0	0	1		223
R	WAB	ST45 SOM		1945-11-15	2100-12-31		England			0	0	1		223
R	WAB	ST45 SON		1945-11-15	2100-12-31		England			0	0	1		223
R	WAB	ST46 SON		1945-11-15	2100-12-31		England			0	0	1		223
R	WAB	ST47 BSL		1945-11-15	2100-12-31		England			0	0	1		223
R	WAB	ST47 SON		1945-11-15	2100-12-31		England			0	0	1		223
R	WAB	ST48 BSL		1945-11-15	2100-12-31		England			0	0	1		223
R	WAB	ST48 MON		1945-11-15	2100-12-31		Wales			0	0	1		294
R	WAB	ST48 NEW		1945-11-15	2100-12-31		Wales			0	0	1		294
R	WAB	ST49 MON		1945-11-15	2100-12-31		Wales			0	0	1		294
R	WAB	ST49 NEW		1945-11-15	2100-12-31		Wales			0	0	1		294
R	WAB	ST50 DOR		1945-11-15	2100-12-31		England			0	0	1		223
R	WAB	ST50 SOM		1945-11-15	2100-12-31		England			0	0	1		223
R	WAB	ST51 DOR		1945-11-15	2100-12-31		England			0	0	1		223
R	WAB	ST51 SOM		1945-11-15	2100-12-31		England			0	0	1		223
R	WAB	ST52 DOR		1945-11-15	2100-12-31		England			0	0	1		223
R	WAB	ST52 SOM		1945-11-15	2100-12-31		England			0	0	1		223
R	WAB	ST53 SOM		1945-11-15	2100-12-31		England			0	0	1		223
R	WAB	ST54 SOM		1945-11-15	2100-12-31		England			0	0	1		223
R	WAB	ST55 BNS		1945-11-15	2100-12-31		England			0	0	1		223
R	WAB	ST55 SOM		1945-11-15	2100-12-31		England			0	0	1		223
R	WAB	ST55 SON		1945-11-15	2100-12-31		England			0	0	1		223
R	WAB	ST56 BNS		1945-11-15	2100-12-31		England			0	0	1		223
R	WAB	ST56 BSL		1945-11-15	2100-12-31		England			0	0	1		223
R	WAB	ST56 SON		1945-11-15	2100-12-31		England			0	0	1		223
R	WAB	ST57 BSL		1945-11-15	2100-12-31		England			0	0	1		223
R	WAB	ST57 GLS		1945-11-15	2100-12-31		England			0	0	1		223
R	WAB	ST57 SON		1945-11-15	2100-12-31		England			0	0	1		223
R	WAB	ST58 BSL		1945-11-15	2100-12-31		England			0	0	1		223
R	WAB	ST58 GLR		1945-11-15	2100-12-31		England			0	0	1		223
R	WAB	ST58 GLS		1945-11-15	2100-12-31		England			0	0	1		223
R	WAB	ST58 MON		1945-11-15	2100-12-31		Wales			0	0	1		294
R	WAB	ST59 GLR		1945-11-15	2100-12-31		England			0	0	1		223
R	WAB	ST59 GLS		1945-11-15	2100-12-31		England			0	0	1		223
R	WAB	ST59 MON		1945-11-15	2100-12-31		Wales			0	0	1		294
R	WAB	ST60 DOR		1945-11-15	2100-12-31		England			0	0	1		223
R	WAB	ST61 DOR		1945-11-15	2100-12-31		England			0	0	1		223
R	WAB	ST61 SOM		1945-11-15	2100-12-31		England			0	0	1		223
R	WAB	ST62 DOR		1945-11-15	2100-12-31		England			0	0	1		223
R	WAB	ST62 SOM		1945-11-15	2100-12-31		England			0	0	1		223
R	WAB	ST63 SOM		1945-11-15	2100-12-31		England			0	0	1		223
R	WAB	ST64 SOM		1945-11-15	2100-12-31		England			0	0	1		223
R	WAB	ST65 BNS		1945-11-15	2100-12-31		England			0	0	1		223
R	WAB	ST65 SOM		1945-11-15	2100-12-31		England			0	0	1		223
R	WAB	ST66 BNS		1945-11-15	2100-12-31		England			0	0	1		223
R	WAB	ST66 BSL		1945-11-15	2100-12-31		England			0	0	1		223
R	WAB	ST66 GLS		1945-11-15	2100-12-31		England			0	0	1		223
R	WAB	ST67 BNS		1945-11-15	2100-12-31		England			0	0	1		223
R	WAB	ST67 BSL		1945-11-15	2100-12-31		England			0	0	1		223
R	WAB	ST67 GLS		1945-11-15	2100-12-31		England			0	0	1		223
R	WAB	ST68 GLS		1945-11-15	2100-12-31		England			0	0	1		223
R	WAB	ST69 GLR		1945-11-15	2100-12-31		England			0	0	1		223
R	WAB	ST69 GLS		1945-11-15	2100-12-31		England			0	0	1		223
R	WAB	ST70 DOR		1945-11-15	2100-12-31		England			0	0	1		223
R	WAB	ST71 DOR		1945-11-15	2100-12-31		England			0	0	1		223
R	WAB	ST71 SOM		1945-11-15	2100-12-31		England			0	0	1		223
R	WAB	ST72 DOR		1945-11-15	2100-12-31		England			0	0	1		223
R	WAB	ST72 SOM		1945-11-15	2100-12-31		England			0	0	1		223
R	WAB	ST73 DOR		1945-11-15	2100-12-31		England			0	0	1		223
R	WAB	ST73 SOM		1945-11-15	2100-12-31		England			0	0	1		223
R	WAB	ST73 WLT		1945-11-15	2100-12-31		England			0	0	1		223
R	WAB	ST74 SOM		1945-11-15	2100-12-31		England			0	0	1		223
R	WAB	ST74 WLT		1945-11-15	2100-12-31		England			0	0	1		223
R	WAB	ST75 BNS		1945-11-15	2100-12-31		England			0	0	1		223
R	WAB	ST75 SOM		1945-11-15	2100-12-31		England			0	0	1		223
R	WAB	ST75 WLT		1945-11-15	2100-12-31		England			0	0	1		223
R	WAB	ST76 BNS		1945-11-15	2100-12-31		England			0	0	1		223
R	WAB	ST76 GLS		1945-11-15	2100-12-31		England			0	0	1		223
R	WAB	ST76 WLT		1945-11-15	2100-12-31		England			0	0	1		223
R	WAB	ST77 BNS		1945-11-15	2100-12-31		England			0	0	1		223
R	WAB	ST77 GLS		1945-11-15	2100-12-31		England			0	0	1		223
R	WAB	ST77 WLT		1945-11-15	2100-12-31		England			0	0	1		223
R	WAB	ST78 GLR		1945-11-15	2100-12-31		England			0	0	1		223
R	WAB	ST78 GLS		1945-11-15	2100-12-31		England			0	0	1		223
R	WAB	ST79 GLR		1945-11-15	2100-12-31		England			0	0	1		223
R	WAB	ST79 GLS		1945-11-15	2100-12-31		England			0	0	1		223
R	WAB	ST80 DOR		1945-11-15	2100-12-31		England			0	0	1		223
R	WAB	ST81 DOR		1945-11-15	2100-12-31		England			0	0	1		223
R	WAB	ST82 DOR		1945-11-15	2100-12-31		England			0	0	1		223
R	WAB	ST82 WLT		1945-11-15	2100-12-31		England			0	0	1		223
R	WAB	ST83 DOR		1945-11-15	2100-12-31		England			0	0	1		223
R	WAB	ST83 WLT		1945-11-15	2100-12-31		England			0	0	1		223
R	WAB	ST84 SOM		1945-11-15	2100-12-31		England			0	0	1		223
R	WAB	ST84 WLT		1945-11-15	2100-12-31		England			0	0	1		223
R	WAB	ST85 BNS		1945-11-15	2100-12-31		England			0	0	1		223
R	WAB	ST85 SOM		1945-11-15	2100-12-31		England			0	0	1		223
R	WAB	ST85 WLT		1945-11-15	2100-12-31		England			0	0	1		223
R	WAB	ST86 BNS		1945-11-15	2100-12-31		England			0	0	1		223
R	WAB	ST86 WLT		1945-11-15	2100-12-31		England			0	0	1		223
R	WAB	ST87 GLS		1945-11-15	2100-12-31		England			0	0	1		223
R	WAB	ST87 WLT		1945-11-15	2100-12-31		England			0	0	1		223
R	WAB	ST88 GLR		1945-11-15	2100-12-31		England			0	0	1		223
R	WAB	ST88 GLS		1945-11-15	2100-12-31		England			0	0	1		223
R	WAB	ST88 WLT		1945-11-15	2100-12-31		England			0	0	1		223
R	WAB	ST89 GLR		1945-11-15	2100-12-31		England			0	0	1		223
R	WAB	ST90 DOR		1945-11-15	2100-12-31		England			0	0	1		223
R	WAB	ST91 DOR		1945-11-15	2100-12-31		England			0	0	1		223
R	WAB	ST91 WLT		1945-11-15	2100-12-31		England			0	0	1		223
R	WAB	ST92 DOR		1945-11-15	2100-12-31		England			0	0	1		223
R	WAB	ST92 WLT		1945-11-15	2100-12-31		England			0	0	1		223
R	WAB	ST93 WLT		1945-11-15	2100-12-31		England			0	0	1		223
R	WAB	ST94 WLT		1945-11-15	2100-12-31		England			0	0	1		223
R	WAB	ST95 WLT		1945-11-15	2100-12-31		England			0	0	1		223
R	WAB	ST96 WLT		1945-11-15	2100-12-31		England			0	0	1		223
R	WAB	ST97 WLT		1945-11-15	2100-12-31		England			0	0	1		223
R	WAB	ST98 GLR		1945-11-15	2100-12-31		England			0	0	1		223
R	WAB	ST98 WLT		1945-11-15	2100-12-31		England			0	0	1		223
R	WAB	ST99 GLR		1945-11-15	2100-12-31		England			0	0	1		223
R	WAB	ST99 WLT		1945-11-15	2100-12-31		England			0	0	1		223
R	WAB	SU00 DOR		1945-11-15	2100-12-31		England			0	0	1		223
R	WAB	SU01 DOR		1945-11-15	2100-12-31		England			0	0	1		223
R	WAB	SU01 HPH		1945-11-15	2100-12-31		England			0	0	1		223
R	WAB	SU01 WLT		1945-11-15	2100-12-31		England			0	0	1		223
R	WAB	SU02 DOR		1945-11-15	2100-12-31		England			0	0	1		223
R	WAB	SU02 HPH		1945-11-15	2100-12-31		England			0	0	1		223
R	WAB	SU02 WLT		1945-11-15	2100-12-31		England			0	0	1		223
R	WAB	SU03 WLT		1945-11-15	2100-12-31		England			0	0	1		223
R	WAB	SU04 WLT		1945-11-15	2100-12-31		England			0	0	1		223
R	WAB	SU05 WLT		1945-11-15	2100-12-31		England			0	0	1		223
R	WAB	SU06 WLT		1945-11-15	2100-12-31		England			0	0	1		223
R	WAB	SU07 WLT		1945-11-15	2100-12-31		England			0	0	1		223
R	WAB	SU08 SWI		1945-11-15	2100-12-31		England			0	0	1		223
R	WAB	SU08 WLT		1945-11-15	2100-12-31		England			0	0	1		223
R	WAB	SU09 GLR		1945-11-15	2100-12-31		England			0	0	1		223
R	WAB	SU09 WLT		1945-11-15	2100-12-31		England			0	0	1		223
R	WAB	SU10 DOR		1945-11-15	2100-12-31		England			0	0	1		223
R	WAB	SU10 HPH		1945-11-15	2100-12-31		England			0	0	1		223
R	WAB	SU11 DOR		1945-11-15	2100-12-31		England			0	0	1		223
R	WAB	SU11 HPH		1945-11-15	2100-12-31		England			0	0	1		223
R	WAB	SU11 WLT		1945-11-15	2100-12-31		England			0	0	1		223
R	WAB	SU12 HPH		1945-11-15	2100-12-31		England			0	0	1		223
R	WAB	SU12 WLT		1945-11-15	2100-12-31		England			0	0	1		223
R	WAB	SU13 WLT		1945-11-15	2100-12-31		England			0	0	1		223
R	WAB	SU14 WLT		1945-11-15	2100-12-31		England			0	0	1		223
R	WAB	SU15 WLT		1945-11-15	2100-12-31		England			0	0	1		223
R	WAB	SU16 WLT		1945-11-15	2100-12-31		England			0	0	1		223
R	WAB	SU17 SWI		1945-11-15	2100-12-31		England			0	0	1		223
R	WAB	SU17 WLT		1945-11-15	2100-12-31		England			0	0	1		223
R	WAB	SU18 SWI		1945-11-15	2100-12-31		England			0	0	1		223
R	WAB	SU18 WLT		1945-11-15	2100-12-31		England			0	0	1		223
R	WAB	SU19 GLR		1945-11-15	2100-12-31		England			0	0	1		223
R	WAB	SU19 SWI		1945-11-15	2100-12-31		England			0	0	1		223
R	WAB	SU19 WLT		1945-11-15	2100-12-31		England			0	0	1		223
R	WAB	SU20 HPH		1945-11-15	2100-12-31		England			0	0	1		223
R	WAB	SU21 HPH		1945-11-15	2100-12-31		England			0	0	1		223
R	WAB	SU21 WLT		1945-11-15	2100-12-31		England			0	0	1		223
R	WAB	SU22 HPH		1945-11-15	2100-12-31		England			0	0	1		223
R	WAB	SU22 WLT		1945-11-15	2100-12-31		England			0	0	1		223
R	WAB	SU23 HPH		1945-11-15	2100-12-31		England			0	0	1		223
R	WAB	SU23 WLT		1945-11-15	2100-12-31		England			0	0	1		223
R	WAB	SU24 HPH		1945-11-15	2100-12-31		England			0	0	1		223
R	WAB	SU24 WLT		1945-11-15	2100-12-31		England			0	0	1		223
R	WAB	SU25 HPH		1945-11-15	2100-12-31		England			0	0	1		223
R	WAB	SU25 WLT		1945-11-15	2100-12-31		England			0	0	1		223
R	WAB	SU26 BKW		1945-11-15	2100-12-31		England			0	0	1		223
R	WAB	SU26 WLT		1945-11-15	2100-12-31		England			0	0	1		223
R	WAB	SU27 BKW		1945-11-15	2100-12-31		England			0	0	1		223
R	WAB	SU27 SWI		1945-11-15	2100-12-31		England			0	0	1		223
R	WAB	SU27 WLT		1945-11-15	2100-12-31		England			0	0	1		223
R	WAB	SU28 BKW		1945-11-15	2100-12-31		England			0	0	1		223
R	WAB	SU28 OFE		1945-11-15	2100-12-31		England			0	0	1		223
R	WAB	SU28 SWI		1945-11-15	2100-12-31		England			0	0	1		223
R	WAB	SU29 GLR		1945-11-15	2100-12-31		England			0	0	1		223
R	WAB	SU29 OFE		1945-11-15	2100-12-31		England			0	0	1		223
R	WAB	SU29 SWI		1945-11-15	2100-12-31		England			0	0	1		223
R	WAB	SU30 HPH		1945-11-15	2100-12-31		England			0	0	1		223
R	WAB	SU31 HPH		1945-11-15	2100-12-31		England			0	0	1		223
R	WAB	SU31 STN		1945-11-15	2100-12-31		England			0	0	1		223
R	WAB	SU32 HPH		1945-11-15	2100-12-31		England			0	0	1		223
R	WAB	SU33 HPH		1945-11-15	2100-12-31		England			0	0	1		223
R	WAB	SU34 HPH		1945-11-15	2100-12-31		England			0	0	1		223
R	WAB	SU34 WLT		1945-11-15	2100-12-31		England			0	0	1		223
R	WAB	SU35 BKW		1945-11-15	2100-12-31		England			0	0	1		223
R	WAB	SU35 HPH		1945-11-15	2100-12-31		England			0	0	1		223
R	WAB	SU35 WLT		1945-11-15	2100-12-31		England			0	0	1		223
R	WAB	SU36 BKW		1945-11-15	2100-12-31		England			0	0	1		223
R	WAB	SU36 HPH		1945-11-15	2100-12-31		England			0	0	1		223
R	WAB	SU36 WLT		1945-11-15	2100-12-31		England			0	0	1		223
R	WAB	SU37 BKW		1945-11-15	2100-12-31		England			0	0	1		223
R	WAB	SU37 WLT		1945-11-15	2100-12-31		England			0	0	1		223
R	WAB	SU38 BKW		1945-11-15	2100-12-31		England			0	0	1		223
R	WAB	SU38 OFE		1945-11-15	2100-12-31		England			0	0	1		223
R	WAB	SU39 OFE		1945-11-15	2100-12-31		England			0	0	1		223
R	WAB	SU40 HPH		1945-11-15	2100-12-31		England			0	0	1		223
R	WAB	SU40 STN		1945-11-15	2100-12-31		England			0	0	1		223
R	WAB	SU41 HPH		1945-11-15	2100-12-31		England			0	0	1		223
R	WAB	SU41 STN		1945-11-15	2100-12-31		England			0	0	1		223
R	WAB	SU42 HPH		1945-11-15	2100-12-31		England			0	0	1		223
R	WAB	SU43 HPH		1945-11-15	2100-12-31		England			0	0	1		223
R	WAB	SU44 HPH		1945-11-15	2100-12-31		England			0	0	1		223
R	WAB	SU45 HPH		1945-11-15	2100-12-31		England			0	0	1		223
R	WAB	SU46 BKW		1945-11-15	2100-12-31		England			0	0	1		223
R	WAB	SU46 HPH		1945-11-15	2100-12-31		England			0	0	1		223
R	WAB	SU47 BKW		1945-11-15	2100-12-31		England			0	0	1		223
R	WAB	SU48 BKW		1945-11-15	2100-12-31		England			0	0	1		223
R	WAB	SU48 OFE		1945-11-15	2100-12-31		England			0	0	1		223
R	WAB	SU49 OFE		1945-11-15	2100-12-31		England			0	0	1		223
R	WAB	SU50 HPH		1945-11-15	2100-12-31		England			0	0	1		223
R	WAB	SU50 POR		1945-11-15	2100-12-31		England			0	0	1		223
R	WAB	SU51 HPH		1945-11-15	2100-12-31		England			0	0	1		223
R	WAB	SU52 HPH		1945-11-15	2100-12-31		England			0	0	1		223
R	WAB	SU53 HPH		1945-11-15	2100-12-31		England			0	0	1		223
R	WAB	SU54 HPH		1945-11-15	2100-12-31		England			0	0	1		223
R	WAB	SU55 HPH		1945-11-15	2100-12-31		England			0	0	1		223
R	WAB	SU56 BKW		1945-11-15	2100-12-31		England			0	0	1		223
R	WAB	SU56 HPH		1945-11-15	2100-12-31		England			0	0	1		223
R	WAB	SU57 BKW		1945-11-15	2100-12-31		England			0	0	1		223
R	WAB	SU57 OFE		1945-11-15	2100-12-31		England			0	0	1		223
R	WAB	SU58 BKW		1945-11-15	2100-12-31		England			0	0	1		223
R	WAB	SU58 OFE		1945-11-15	2100-12-31		England			0	0	1		223
R	WAB	SU59 OFE		1945-11-15	2100-12-31		England			0	0	1		223
R	WAB	SU60 HPH		1945-11-15	2100-12-31		England			0	0	1		223
R	WAB	SU60 POR		1945-11-15	2100-12-31		England			0	0	1		223
R	WAB	SU61 HPH		1945-11-15	2100-12-31		England			0	0	1		223
R	WAB	SU62 HPH		1945-11-15	2100-12-31		England			0	0	1		223
R	WAB	SU63 HPH		1945-11-15	2100-12-31		England			0	0	1		223
R	WAB	SU64 HPH		1945-11-15	2100-12-31		England			0	0	1		223
R	WAB	SU65 HPH		1945-11-15	2100-12-31		England			0	0	1		223
R	WAB	SU66 BKW		1945-11-15	2100-12-31		England			0	0	1		223
R	WAB	SU66 HPH		1945-11-15	2100-12-31		England			0	0	1		223
R	WAB	SU66 REA		1945-11-15	2100-12-31		England			0	0	1		223
R	WAB	SU66 WOK		1945-11-15	2100-12-31		England			0	0	1		223
R	WAB	SU67 BKW		1945-11-15	2100-12-31		England			0	0	1		223
R	WAB	SU67 OFE		1945-11-15	2100-12-31		England			0	0	1		223
R	WAB	SU67 REA		1945-11-15	2100-12-31		England			0	0	1		223
R	WAB	SU67 WOK		1945-11-15	2100-12-31		England			0	0	1		223
R	WAB	SU68 BKW		1945-11-15	2100-12-31		England			0	0	1		223
R	WAB	SU68 OFE		1945-11-15	2100-12-31		England			0	0	1		223
R	WAB	SU69 OFE		1945-11-15	2100-12-31		England			0	0	1		223
R	WAB	SU70 HPH		1945-11-15	2100-12-31		England			0	0	1		223
R	WAB	SU70 SXW		1945-11-15	2100-12-31		England			0	0	1		223
R	WAB	SU71 HPH		1945-11-15	2100-12-31		England			0	0	1		223
R	WAB	SU71 SXW		1945-11-15	2100-12-31		England			0	0	1		223
R	WAB	SU72 HPH		1945-11-15	2100-12-31		England			0	0	1		223
R	WAB	SU72 SXW		1945-11-15	2100-12-31		England			0	0	1		223
R	WAB	SU73 HPH		1945-11-15	2100-12-31		England			0	0	1		223
R	WAB	SU74 HPH		1945-11-15	2100-12-31		England			0	0	1		223
R	WAB	SU75 HPH		1945-11-15	2100-12-31		England			0	0	1		223
R	WAB	SU76 HPH		1945-11-15	2100-12-31		England			0	0	1		223
R	WAB	SU76 REA		1945-11-15	2100-12-31		England			0	0	1		223
R	WAB	SU76 WOK		1945-11-15	2100-12-31		England			0	0	1		223
R	WAB	SU77 OFE		1945-11-15	2100-12-31		England			0	0	1		223
R	WAB	SU77 REA		1945-11-15	2100-12-31		England			0	0	1		223
R	WAB	SU77 WOK		1945-11-15	2100-12-31		England			0	0	1		223
R	WAB	SU78 BKS		1945-11-15	2100-12-31		England			0	0	1		223
R	WAB	SU78 OFE		1945-11-15	2100-12-31		England			0	0	1		223
R	WAB	SU78 WIM		1945-11-15	2100-12-31		England			0	0	1		223
R	WAB	SU78 WOK		1945-11-15	2100-12-31		England			0	0	1		223
R	WAB	SU79 BKS		1945-11-15	2100-12-31		England			0	0	1		223
R	WAB	SU79 OFE		1945-11-15	2100-12-31		England			0	0	1		223
R	WAB	SU80 SXW		1945-11-15	2100-12-31		England			0	0	1		223
R	WAB	SU81 SXW		1945-11-15	2100-12-31		England			0	0	1		223
R	WAB	SU82 HPH		1945-11-15	2100-12-31		England			0	0	1		223
R	WAB	SU82 SXW		1945-11-15	2100-12-31		England			0	0	1		223
R	WAB	SU83 HPH		1945-11-15	2100-12-31		England			0	0	1		223
R	WAB	SU83 SRY		1945-11-15	2100-12-31		England			0	0	1		223
R	WAB	SU83 SXW		1945-11-15	2100-12-31		England			0	0	1		223
R	WAB	SU84 HPH		1945-11-15	2100-12-31		England			0	0	1		223
R	WAB	SU84 SRY		1945-11-15	2100-12-31		England			0	0	1		223
R	WAB	SU85 BRF		1945-11-15	2100-12-31		England			0	0	1		223
R	WAB	SU85 HPH		1945-11-15	2100-12-31		England			0	0	1		223
R	WAB	SU85 SRY		1945-11-15	2100-12-31		England			0	0	1		223
R	WAB	SU86 BRF		1945-11-15	2100-12-31		England			0	0	1		223
R	WAB	SU86 HPH		1945-11-15	2100-12-31		England			0	0	1		223
R	WAB	SU86 SRY		1945-11-15	2100-12-31		England			0	0	1		223
R	WAB	SU86 WOK		1945-11-15	2100-12-31		England			0	0	1		223
R	WAB	SU87 BRF		1945-11-15	2100-12-31		England			0	0	1		223
R	WAB	SU87 WIM		1945-11-15	2100-12-31		England			0	0	1		223
R	WAB	SU87 WOK		1945-11-15	2100-12-31		England			0	0	1		223
R	WAB	SU88 BKS		1945-11-15	2100-12-31		England			0	0	1		223
R	WAB	SU88 WIM		1945-11-15	2100-12-31		England			0	0	1		223
R	WAB	SU88 WOK		1945-11-15	2100-12-31		England			0	0	1		223
R	WAB	SU89 BKS		1945-11-15	2100-12-31		England			0	0	1		223
R	WAB	SU90 SXW		1945-11-15	2100-12-31		England			0	0	1		223
R	WAB	SU91 SXW		1945-11-15	2100-12-31		England			0	0	1		223
R	WAB	SU92 SXW		1945-11-15	2100-12-31		England			0	0	1		223
R	WAB	SU93 SRY		1945-11-15	2100-12-31		England			0	0	1		223
R	WAB	SU93 SXW		1945-11-15	2100-12-31		England			0	0	1		223
R	WAB	SU94 SRY		1945-11-15	2100-12-31		England			0	0	1		223
R	WAB	SU95 SRY		1945-11-15	2100-12-31		England			0	0	1		223
R	WAB	SU96 BRF		1945-11-15	2100-12-31		England			0	0	1		223
R	WAB	SU96 SRY		1945-11-15	2100-12-31		England			0	0	1		223
R	WAB	SU96 WIM		1945-11-15	2100-12-31		England			0	0	1		223
R	WAB	SU97 BKS		1945-11-15	2100-12-31		England			0	0	1		223
R	WAB	SU97 BRF		1945-11-15	2100-12-31		England			0	0	1		223
R	WAB	SU97 SLO		1945-11-15	2100-12-31		England			0	0	1		223
R	WAB	SU97 SRY		1945-11-15	2100-12-31		England			0	0	1		223
R	WAB	SU97 WIM		1945-11-15	2100-12-31		England			0	0	1		223
R	WAB	SU98 BKS		1945-11-15	2100-12-31		England			0	0	1		223
R	WAB	SU98 SLO		1945-11-15	2100-12-31		England			0	0	1		223
R	WAB	SU98 WIM		1945-11-15	2100-12-31		England			0	0	1		223
R	WAB	SU99 BKS		1945-11-15	2100-12-31		England			0	0	1		223
R	WAB	SV80 IOS		1945-11-15	2100-12-31		England			0	0	1		223
R	WAB	SV81 IOS		1945-11-15	2100-12-31		England			0	0	1		223
R	WAB	SV90 IOS		1945-11-15	2100-12-31		England			0	0	1		223
R	WAB	SV91 IOS		1945-11-15	2100-12-31		England			0	0	1		223
R	WAB	SW21 CNL		1945-11-15	2100-12-31		England			0	0	1		223
R	WAB	SW32 CNL		1945-11-15	2100-12-31		England			0	0	1		223
R	WAB	SW33 CNL		1945-11-15	2100-12-31		England			0	0	1		223
R	WAB	SW42 CNL		1945-11-15	2100-12-31		England			0	0	1		223
R	WAB	SW43 CNL		1945-11-15	2100-12-31		England			0	0	1		223
R	WAB	SW44 CNL		1945-11-15	2100-12-31		England			0	0	1		223
R	WAB	SW52 CNL		1945-11-15	2100-12-31		England			0	0	1		223
R	WAB	SW53 CNL		1945-11-15	2100-12-31		England			0	0	1		223
R	WAB	SW54 CNL		1945-11-15	2100-12-31		England			0	0	1		223
R	WAB	SW61 CNL		1945-11-15	2100-12-31		England			0	0	1		223
R	WAB	SW62 CNL		1945-11-15	2100-12-31		England			0	0	1		223
R	WAB	SW63 CNL		1945-11-15	2100-12-31		England			0	0	1		223
R	WAB	SW64 CNL		1945-11-15	2100-12-31		England			0	0	1		223
R	WAB	SW65 CNL		1945-11-15	2100-12-31		England			0	0	1		223
R	WAB	SW71 CNL		1945-11-15	2100-12-31		England			0	0	1		223
R	WAB	SW72 CNL		1945-11-15	2100-12-31		England			0	0	1		223
R	WAB	SW73 CNL		1945-11-15	2100-12-31		England			0	0	1		223
R	WAB	SW74 CNL		1945-11-15	2100-12-31		England			0	0	1		223
R	WAB	SW75 CNL		1945-11-15	2100-12-31		England			0	0	1		223
R	WAB	SW76 CNL		1945-11-15	2100-12-31		England			0	0	1		223
R	WAB	SW81 CNL		1945-11-15	2100-12-31		England			0	0	1		223
R	WAB	SW82 CNL		1945-11-15	2100-12-31		England			0	0	1		223
R	WAB	SW83 CNL		1945-11-15	2100-12-31		England			0	0	1		223
R	WAB	SW84 CNL		1945-11-15	2100-12-31		England			0	0	1		223
R	WAB	SW85 CNL		1945-11-15	2100-12-31		England			0	0	1		223
R	WAB	SW86 CNL		1945-11-15	2100-12-31		England			0	0	1		223
R	WAB	SW87 CNL		1945-11-15	2100-12-31		England			0	0	1		223
R	WAB	SW93 CNL		1945-11-15	2100-12-31		England			0	0	1		223
R	WAB	SW94 CNL		1945-11-15	2100-12-31		England			0	0	1		223
R	WAB	SW95 CNL		1945-11-15	2100-12-31		England			0	0	1		223
R	WAB	SW96 CNL		1945-11-15	2100-12-31		England			0	0	1		223
R	WAB	SW97 CNL		1945-11-15	2100-12-31		England			0	0	1		223
R	WAB	SW98 CNL		1945-11-15	2100-12-31		England			0	0	1		223
R	WAB	SX03 CNL		1945-11-15	2100-12-31		England			0	0	1		223
R	WAB	SX04 CNL		1945-11-15	2100-12-31		England			0	0	1		223
R	WAB	SX05 CNL		1945-11-15	2100-12-31		England			0	0	1		223
R	WAB	SX06 CNL		1945-11-15	2100-12-31		England			0	0	1		223
R	WAB	SX07 CNL		1945-11-15	2100-12-31		England			0	0	1		223
R	WAB	SX08 CNL		1945-11-15	2100-12-31		England			0	0	1		223
R	WAB	SX09 CNL		1945-11-15	2100-12-31		England			0	0	1		223
R	WAB	SX14 CNL		1945-11-15	2100-12-31		England			0	0	1		223
R	WAB	SX15 CNL		1945-11-15	2100-12-31		England			0	0	1		223
R	WAB	SX16 CNL		1945-11-15	2100-12-31		England			0	0	1		223
R	WAB	SX17 CNL		1945-11-15	2100-12-31		England			0	0	1		223
R	WAB	SX18 CNL		1945-11-15	2100-12-31		England			0	0	1		223
R	WAB	SX19 CNL		1945-11-15	2100-12-31		England			0	0	1		223
R	WAB	SX25 CNL		1945-11-15	2100-12-31		England			0	0	1		223
R	WAB	SX26 CNL		1945-11-15	2100-12-31		England			0	0	1		223
R	WAB	SX27 CNL		1945-11-15	2100-12-31		England			0	0	1		223
R	WAB	SX28 CNL		1945-11-15	2100-12-31		England			0	0	1		223
R	WAB	SX29 CNL		1945-11-15	2100-12-31		England			0	0	1		223
R	WAB	SX29 DVN		1945-11-15	2100-12-31		England			0	0	1		223
R	WAB	SX33 DVN		1945-11-15	2100-12-31		England			0	0	1		223
R	WAB	SX35 CNL		1945-11-15	2100-12-31		England			0	0	1		223
R	WAB	SX36 CNL		1945-11-15	2100-12-31		England			0	0	1		223
R	WAB	SX37 CNL		1945-11-15	2100-12-31		England			0	0	1		223
R	WAB	SX37 DVN		1945-11-15	2100-12-31		England			0	0	1		223
R	WAB	SX38 CNL		1945-11-15	2100-12-31		England			0	0	1		223
R	WAB	SX38 DVN		1945-11-15	2100-12-31		England			0	0	1		223
R	WAB	SX39 CNL		1945-11-15	2100-12-31		England			0	0	1		223
R	WAB	SX39 DVN		1945-11-15	2100-12-31		England			0	0	1		223
R	WAB	SX44 CNL		1945-11-15	2100-12-31		England			0	0	1		223
R	WAB	SX44 DVN		1945-11-15	2100-12-31		England			0	0	1		223
R	WAB	SX45 CNL		1945-11-15	2100-12-31		England			0	0	1		223
R	WAB	SX45 DVN		1945-11-15	2100-12-31		England			0	0	1		223
R	WAB	SX45 PLY		1945-11-15	2100-12-31		England			0	0	1		223
R	WAB	SX46 CNL		1945-11-15	2100-12-31		England			0	0	1		223
R	WAB	SX46 DVN		1945-11-15	2100-12-31		England			0	0	1		223
R	WAB	SX46 PLY		1945-11-15	2100-12-31		England			0	0	1		223
R	WAB	SX47 CNL		1945-11-15	2100-12-31		England			0	0	1		223
R	WAB	SX47 DVN		1945-11-15	2100-12-31		England			0	0	1		223
R	WAB	SX48 DVN		1945-11-15	2100-12-31		England			0	0	1		223
R	WAB	SX49 DVN		1945-11-15	2100-12-31		England			0	0	1		223
R	WAB	SX54 DVN		1945-11-15	2100-12-31		England			0	0	1		223
R	WAB	SX55 DVN		1945-11-15	2100-12-31		England			0	0	1		223
R	WAB	SX55 PLY		1945-11-15	2100-12-31		England			0	0	1		223
R	WAB	SX56 DVN		1945-11-15	2100-12-31		England			0	0	1		223
R	WAB	SX56 PLY		1945-11-15	2100-12-31		England			0	0	1		223
R	WAB	SX57 DVN		1945-11-15	2100-12-31		England			0	0	1		223
R	WAB	SX58 DVN		1945-11-15	2100-12-31		England			0	0	1		223
R	WAB	SX59 DVN		1945-11-15	2100-12-31		England			0	0	1		223
R	WAB	SX63 DVN		1945-11-15	2100-12-31		England			0	0	1		223
R	WAB	SX64 DVN		1945-11-15	2100-12-31		England			0	0	1		223
R	WAB	SX65 DVN		1945-11-15	2100-12-31		England			0	0	1		223
R	WAB	SX66 DVN		1945-11-15	2100-12-31		England			0	0	1		223
R	WAB	SX67 DVN		1945-11-15	2100-12-31		England			0	0	1		223
R	WAB	SX68 DVN		1945-11-15	2100-12-31		England			0	0	1		223
R	WAB	SX69 DVN		1945-11-15	2100-12-31		England			0	0	1		223
R	WAB	SX73 DVN		1945-11-15	2100-12-31		England			0	0	1		223
R	WAB	SX74 DVN		1945-11-15	2100-12-31		England			0	0	1		223
R	WAB	SX75 DVN		1945-11-15	2100-12-31		England			0	0	1		223
R	WAB	SX76 DVN		1945-11-15	2100-12-31		England			0	0	1		223
R	WAB	SX77 DVN		1945-11-15	2100-12-31		England			0	0	1		223
R	WAB	SX78 DVN		1945-11-15	2100-12-31		England			0	0	1		223
R	WAB	SX79 DVN		1945-11-15	2100-12-31		England			0	0	1		223
R	WAB	SX83 DVN		1945-11-15	2100-12-31		England			0	0	1		223
R	WAB	SX84 DVN		1945-11-15	2100-12-31		England			0	0	1		223
R	WAB	SX85 DVN		1945-11-15	2100-12-31		England			0	0	1		223
R	WAB	SX85 TBY		1945-11-15	2100-12-31		England			0	0	1		223
R	WAB	SX86 DVN		1945-11-15	2100-12-31		England			0	0	1		223
R	WAB	SX86 TBY		1945-11-15	2100-12-31		England			0	0	1		223
R	WAB	SX87 DVN		1945-11-15	2100-12-31		England			0	0	1		223
R	WAB	SX88 DVN		1945-11-15	2100-12-31		England			0	0	1		223
R	WAB	SX89 DVN		1945-11-15	2100-12-31		England			0	0	1		223
R	WAB	SX94 DVN		1945-11-15	2100-12-31		England			0	0	1		223
R	WAB	SX95 DVN		1945-11-15	2100-12-31		England			0	0	1		223
R	WAB	SX95 TBY		1945-11-15	2100-12-31		England			0	0	1		223
R	WAB	SX96 DVN		1945-11-15	2100-12-31		England			0	0	1		223
R	WAB	SX96 TBY		1945-11-15	2100-12-31		England			0	0	1		223
R	WAB	SX97 DVN		1945-11-15	2100-12-31		England			0	0	1		223
R	WAB	SX98 DVN		1945-11-15	2100-12-31		England			0	0	1		223
R	WAB	SX99 DVN		1945-11-15	2100-12-31		England			0	0	1		223
R	WAB	SY07 DVN		1945-11-15	2100-12-31		England			0	0	1		223
R	WAB	SY08 DVN		1945-11-15	2100-12-31		England			0	0	1		223
R	WAB	SY09 DVN		1945-11-15	2100-12-31		England			0	0	1		223
R	WAB	SY18 DVN		1945-11-15	2100-12-31		England			0	0	1		223
R	WAB	SY19 DVN		1945-11-15	2100-12-31		England			0	0	1		223
R	WAB	SY28 DVN		1945-11-15	2100-12-31		England			0	0	1		223
R	WAB	SY29 DVN		1945-11-15	2100-12-31		England			0	0	1		223
R	WAB	SY38 DVN		1945-11-15	2100-12-31		England			0	0	1		223
R	WAB	SY39 DOR		1945-11-15	2100-12-31		England			0	0	1		223
R	WAB	SY39 DVN		1945-11-15	2100-12-31		England			0	0	1		223
R	WAB	SY48 DOR		1945-11-15	2100-12-31		England			0	0	1		223
R	WAB	SY49 DOR		1945-11-15	2100-12-31		England			0	0	1		223
R	WAB	SY58 DOR		1945-11-15	2100-12-31		England			0	0	1		223
R	WAB	SY59 DOR		1945-11-15	2100-12-31		England			0	0	1		223
R	WAB	SY66 DOR		1945-11-15	2100-12-31		England			0	0	1		223
R	WAB	SY67 DOR		1945-11-15	2100-12-31		England			0	0	1		223
R	WAB	SY68 DOR		1945-11-15	2100-12-31		England			0	0	1		223
R	WAB	SY69 DOR		1945-11-15	2100-12-31		England			0	0	1		223
R	WAB	SY77 DOR		1945-11-15	2100-12-31		England			0	0	1		223
R	WAB	SY78 DOR		1945-11-15	2100-12-31		England			0	0	1		223
R	WAB	SY79 DOR		1945-11-15	2100-12-31		England			0	0	1		223
R	WAB	SY87 DOR		1945-11-15	2100-12-31		England			0	0	1		223
R	WAB	SY88 DOR		1945-11-15	2100-12-31		England			0	0	1		223
R	WAB	SY89 DOR		1945-11-15	2100-12-31		England			0	0	1		223
R	WAB	SY97 DOR		1945-11-15	2100-12-31		England			0	0	1		223
R	WAB	SY98 DOR		1945-11-15	2100-12-31		England			0	0	1		223
R	WAB	SY98 POO		1945-11-15	2100-12-31		England			0	0	1		223
R	WAB	SY99 DOR		1945-11-15	2100-12-31		England			0	0	1		223
R	WAB	SY99 POO		1945-11-15	2100-12-31		England			0	0	1		223
R	WAB	SZ07 DOR		1945-11-15	2100-12-31		England			0	0	1		223
R	WAB	SZ08 BMH		1945-11-15	2100-12-31		England			0	0	1		223
R	WAB	SZ08 DOR		1945-11-15	2100-12-31		England			0	0	1		223
R	WAB	SZ08 POO		1945-11-15	2100-12-31		England			0	0	1		223
R	WAB	SZ09 BMH		1945-11-15	2100-12-31		England			0	0	1		223
R	WAB	SZ09 DOR		1945-11-15	2100-12-31		England			0	0	1		223
R	WAB	SZ09 POO		1945-11-15	2100-12-31		England			0	0	1		223
R	WAB	SZ19 BMH		1945-11-15	2100-12-31		England			0	0	1		223
R	WAB	SZ19 DOR		1945-11-15	2100-12-31		England			0	0	1		223
R	WAB	SZ19 HPH		1945-11-15	2100-12-31		England			0	0	1		223
R	WAB	SZ28 IWI		1945-11-15	2100-12-31		England			0	0	1		223
R	WAB	SZ29 DOR		1945-11-15	2100-12-31		England			0	0	1		223
R	WAB	SZ29 HPH		1945-11-15	2100-12-31		England			0	0	1		223
R	WAB	SZ38 HPH		1945-11-15	2100-12-31		England			0	0	1		223
R	WAB	SZ38 IWI		1945-11-15	2100-12-31		England			0	0	1		223
R	WAB	SZ39 HPH		1945-11-15	2100-12-31		England			0	0	1		223
R	WAB	SZ39 IWI		1945-11-15	2100-12-31		England			0	0	1		223
R	WAB	SZ47 IWI		1945-11-15	2100-12-31		England			0	0	1		223
R	WAB	SZ48 IWI		1945-11-15	2100-12-31		England			0	0	1		223
R	WAB	SZ49 HPH		1945-11-15	2100-12-31		England			0	0	1		223
R	WAB	SZ49 IWI		1945-11-15	2100-12-31		England			0	0	1		223
R	WAB	SZ57 IWI		1945-11-15	2100-12-31		England			0	0	1		223
R	WAB	SZ58 IWI		1945-11-15	2100-12-31		England			0	0	1		223
R	WAB	SZ59 HPH		1945-11-15	2100-12-31		England			0	0	1		223
R	WAB	SZ59 IWI		1945-11-15	2100-12-31		England			0	0	1		223
R	WAB	SZ68 IWI		1945-11-15	2100-12-31		England			0	0	1		223
R	WAB	SZ69 HPH		1945-11-15	2100-12-31		England			0	0	1		223
R	WAB	SZ69 IWI		1945-11-15	2100-12-31		England			0	0	1		223
R	WAB	SZ69 POR		1945-11-15	2100-12-31		England			0	0	1		223
R	WAB	SZ79 HPH		1945-11-15	2100-12-31		England			0	0	1		223
R	WAB	SZ79 SXW		1945-11-15	2100-12-31		England			0	0	1		223
R	WAB	SZ89 SXW		1945-11-15	2100-12-31		England			0	0	1		223
R	WAB	SZ99 SXW		1945-11-15	2100-12-31		England			0	0	1		223
R	WAB	TA00 LCN		1945-11-15	2100-12-31		England			0	0	1		223
R	WAB	TA00 LIN		1945-11-15	2100-12-31		England			0	0	1		223
R	WAB	TA01 LIN		1945-11-15	2100-12-31		England			0	0	1		223
R	WAB	TA02 KUH		1945-11-15	2100-12-31		England			0	0	1		223
R	WAB	TA02 LIN		1945-11-15	2100-12-31		England			0	0	1		223
R	WAB	TA02 RIE		1945-11-15	2100-12-31		England			0	0	1		223
R	WAB	TA03 KUH		1945-11-15	2100-12-31		England			0	0	1		223
R	WAB	TA03 RIE		1945-11-15	2100-12-31		England			0	0	1		223
R	WAB	TA04 RIE		1945-11-15	2100-12-31		England			0	0	1		223
R	WAB	TA05 RIE		1945-11-15	2100-12-31		England			0	0	1		223
R	WAB	TA06 RIE		1945-11-15	2100-12-31		England			0	0	1		223
R	WAB	TA06 YSN		1945-11-15	2100-12-31		England			0	0	1		223
R	WAB	TA07 RIE		1945-11-15	2100-12-31		England			0	0	1		223
R	WAB	TA07 YSN		1945-11-15	2100-12-31		England			0	0	1		223
R	WAB	TA08 YSN		1945-11-15	2100-12-31		England			0	0	1		223
R	WAB	TA09 YSN		1945-11-15	2100-12-31		England			0	0	1		223
R	WAB	TA10 LCN		1945-11-15	2100-12-31		England			0	0	1		223
R	WAB	TA10 LIN		1945-11-15	2100-12-31		England			0	0	1		223
R	WAB	TA10 LNE		1945-11-15	2100-12-31		England			0	0	1		223
R	WAB	TA11 LCN		1945-11-15	2100-12-31		England			0	0	1		223
R	WAB	TA11 LIN		1945-11-15	2100-12-31		England			0	0	1		223
R	WAB	TA11 LNE		1945-11-15	2100-12-31		England			0	0	1		223
R	WAB	TA12 KUH		1945-11-15	2100-12-31		England			0	0	1		223
R	WAB	TA12 LIN		1945-11-15	2100-12-31		England			0	0	1		223
R	WAB	TA12 RIE		1945-11-15	2100-12-31		England			0	0	1		223
R	WAB	TA13 KUH		1945-11-15	2100-12-31		England			0	0	1		223
R	WAB	TA13 RIE		1945-11-15	2100-12-31		England			0	0	1		223
R	WAB	TA14 RIE		1945-11-15	2100-12-31		England			0	0	1		223
R	WAB	TA15 RIE		1945-11-15	2100-12-31		England			0	0	1		223
R	WAB	TA16 RIE		1945-11-15	2100-12-31		England			0	0	1		223
R	WAB	TA17 RIE		1945-11-15	2100-12-31		England			0	0	1		223
R	WAB	TA17 YSN		1945-11-15	2100-12-31		England			0	0	1		223
R	WAB	TA18 YSN		1945-11-15	2100-12-31		England			0	0	1		223
R	WAB	TA20 LCN		1945-11-15	2100-12-31		England			0	0	1		223
R	WAB	TA20 LNE		1945-11-15	2100-12-31		England			0	0	1		223
R	WAB	TA21 LNE		1945-11-15	2100-12-31		England			0	0	1		223
R	WAB	TA21 RIE		1945-11-15	2100-12-31		England			0	0	1		223
R	WAB	TA22 RIE		1945-11-15	2100-12-31		England			0	0	1		223
R	WAB	TA23 RIE		1945-11-15	2100-12-31		England			0	0	1		223
R	WAB	TA24 RIE		1945-11-15	2100-12-31		England			0	0	1		223
R	WAB	TA25 RIE		1945-11-15	2100-12-31		England			0	0	1		223
R	WAB	TA26 RIE		1945-11-15	2100-12-31		England			0	0	1		223
R	WAB	TA27 RIE		1945-11-15	2100-12-31		England			0	0	1		223
R	WAB	TA30 LCN		1945-11-15	2100-12-31		England			0	0	1		223
R	WAB	TA30 LNE		1945-11-15	2100-12-31		England			0	0	1		223
R	WAB	TA30 RIE		1945-11-15	2100-12-31		England			0	0	1		223
R	WAB	TA31 RIE		1945-11-15	2100-12-31		England			0	0	1		223
R	WAB	TA32 RIE		1945-11-15	2100-12-31		England			0	0	1		223
R	WAB	TA33 RIE		1945-11-15	2100-12-31		England			0	0	1		223
R	WAB	TA40 LCN		1945-11-15	2100-12-31		England			0	0	1		223
R	WAB	TA41 RIE		1945-11-15	2100-12-31		England			0	0	1		223
R	WAB	TA42 RIE		1945-11-15	2100-12-31		England			0	0	1		223
R	WAB	TF00 LCN		1945-11-15	2100-12-31		England			0	0	1		223
R	WAB	TF00 NHM		1945-11-15	2100-12-31		England			0	0	1		223
R	WAB	TF00 PET		1945-11-15	2100-12-31		England			0	0	1		223
R	WAB	TF00 RUT		1945-11-15	2100-12-31		England			0	0	1		223
R	WAB	TF01 LCN		1945-11-15	2100-12-31		England			0	0	1		223
R	WAB	TF01 RUT		1945-11-15	2100-12-31		England			0	0	1		223
R	WAB	TF02 LCN		1945-11-15	2100-12-31		England			0	0	1		223
R	WAB	TF03 LCN		1945-11-15	2100-12-31		England			0	0	1		223
R	WAB	TF04 LCN		1945-11-15	2100-12-31		England			0	0	1		223
R	WAB	TF05 LCN		1945-11-15	2100-12-31		England			0	0	1		223
R	WAB	TF06 LCN		1945-11-15	2100-12-31		England			0	0	1		223
R	WAB	TF07 LCN		1945-11-15	2100-12-31		England			0	0	1		223
R	WAB	TF08 LCN		1945-11-15	2100-12-31		England			0	0	1		223
R	WAB	TF09 LCN		1945-11-15	2100-12-31		England			0	0	1		223
R	WAB	TF09 LIN		1945-11-15	2100-12-31		England			0	0	1		223
R	WAB	TF10 LCN		1945-11-15	2100-12-31		England			0	0	1		223
R	WAB	TF10 PET		1945-11-15	2100-12-31		England			0	0	1		223
R	WAB	TF11 LCN		1945-11-15	2100-12-31		England			0	0	1		223
R	WAB	TF12 LCN		1945-11-15	2100-12-31		England			0	0	1		223
R	WAB	TF13 LCN		1945-11-15	2100-12-31		England			0	0	1		223
R	WAB	TF14 LCN		1945-11-15	2100-12-31		England			0	0	1		223
R	WAB	TF15 LCN		1945-11-15	2100-12-31		England			0	0	1		223
R	WAB	TF16 LCN		1945-11-15	2100-12-31		England			0	0	1		223
R	WAB	TF17 LCN		1945-11-15	2100-12-31		England			0	0	1		223
R	WAB	TF18 LCN		1945-11-15	2100-12-31		England			0	0	1		223
R	WAB	TF19 LCN		1945-11-15	2100-12-31		England			0	0	1		223
R	WAB	TF20 CBE		1945-11-15	2100-12-31		England			0	0	1		223
R	WAB	TF20 LCN		1945-11-15	2100-12-31		England			0	0	1		223
R	WAB	TF20 PET		1945-11-15	2100-12-31		England			0	0	1		223
R	WAB	TF21 LCN		1945-11-15	2100-12-31		England			0	0	1		223
R	WAB	TF22 LCN		1945-11-15	2100-12-31		England			0	0	1		223
R	WAB	TF23 LCN		1945-11-15	2100-12-31		England			0	0	1		223
R	WAB	TF24 LCN		1945-11-15	2100-12-31		England			0	0	1		223
R	WAB	TF25 LCN		1945-11-15	2100-12-31		England			0	0	1		223
R	WAB	TF26 LCN		1945-11-15	2100-12-31		England			0	0	1		223
R	WAB	TF27 LCN		1945-11-15	2100-12-31		England			0	0	1		223
R	WAB	TF28 LCN		1945-11-15	2100-12-31		England			0	0	1		223
R	WAB	TF29 LCN		1945-11-15	2100-12-31		England			0	0	1		223
R	WAB	TF29 LNE		1945-11-15	2100-12-31		England			0	0	1		223
R	WAB	TF30 CBE		1945-11-15	2100-12-31		England			0	0	1		223
R	WAB	TF30 LCN		1945-11-15	2100-12-31		England			0	0	1		223
R	WAB	TF30 PET		1945-11-15	2100-12-31		England			0	0	1		223
R	WAB	TF31 CBE		1945-11-15	2100-12-31		England			0	0	1		223
R	WAB	TF31 LCN		1945-11-15	2100-12-31		England			0	0	1		223
R	WAB	TF31 PET		1945-11-15	2100-12-31		England			0	0	1		223
R	WAB	TF32 LCN		1945-11-15	2100-12-31		England			0	0	1		223
R	WAB	TF33 LCN		1945-11-15	2100-12-31		England			0	0	1		223
R	WAB	TF34 LCN		1945-11-15	2100-12-31		England			0	0	1		223
R	WAB	TF35 LCN		1945-11-15	2100-12-31		England			0	0	1		223
R	WAB	TF36 LCN		1945-11-15	2100-12-31		England			0	0	1		223
R	WAB	TF37 LCN		1945-11-15	2100-12-31		England			0	0	1		223
R	WAB	TF38 LCN		1945-11-15	2100-12-31		England			0	0	1		223
R	WAB	TF39 LCN		1945-11-15	2100-12-31		England			0	0	1		223
R	WAB	TF40 CBE		1945-11-15	2100-12-31		England			0	0	1		223
R	WAB	TF40 NOR		1945-11-15	2100-12-31		England			0	0	1		223
R	WAB	TF41 CBE		1945-11-15	2100-12-31		England			0	0	1		223
R	WAB	TF41 LCN		1945-11-15	2100-12-31		England			0	0	1		223
R	WAB	TF41 NOR		1945-11-15	2100-12-31		England			0	0	1		223
R	WAB	TF42 LCN		1945-11-15	2100-12-31		England			0	0	1		223
R	WAB	TF43 LCN		1945-11-15	2100-12-31		England			0	0	1		223
R	WAB	TF44 LCN		1945-11-15	2100-12-31		England			0	0	1		223
R	WAB	TF45 LCN		1945-11-15	2100-12-31		England			0	0	1		223
R	WAB	TF46 LCN		1945-11-15	2100-12-31		England			0	0	1		223
R	WAB	TF47 LCN		1945-11-15	2100-12-31		England			0	0	1		223
R	WAB	TF48 LCN		1945-11-15	2100-12-31		England			0	0	1		223
R	WAB	TF49 LCN		1945-11-15	2100-12-31		England			0	0	1		223
R	WAB	TF50 CBE		1945-11-15	2100-12-31		England			0	0	1		223
R	WAB	TF50 NOR		1945-11-15	2100-12-31		England			0	0	1		223
R	WAB	TF51 LCN		1945-11-15	2100-12-31		England			0	0	1		223
R	WAB	TF51 NOR		1945-11-15	2100-12-31		England			0	0	1		223
R	WAB	TF52 LCN		1945-11-15	2100-12-31		England			0	0	1		223
R	WAB	TF52 NOR		1945-11-15	2100-12-31		England			0	0	1		223
R	WAB	TF55 LCN		1945-11-15	2100-12-31		England			0	0	1		223
R	WAB	TF56 LCN		1945-11-15	2100-12-31		England			0	0	1		223
R	WAB	TF57 LCN		1945-11-15	2100-12-31		England			0	0	1		223
R	WAB	TF58 LCN		1945-11-15	2100-12-31		England			0	0	1		223
R	WAB	TF60 NOR		1945-11-15	2100-12-31		England			0	0	1		223
R	WAB	TF61 NOR		1945-11-15	2100-12-31		England			0	0	1		223
R	WAB	TF62 NOR		1945-11-15	2100-12-31		England			0	0	1		223
R	WAB	TF63 NOR		1945-11-15	2100-12-31		England			0	0	1		223
R	WAB	TF64 NOR		1945-11-15	2100-12-31		England			0	0	1		223
R	WAB	TF70 NOR		1945-11-15	2100-12-31		England			0	0	1		223
R	WAB	TF71 NOR		1945-11-15	2100-12-31		England			0	0	1		223
R	WAB	TF72 NOR		1945-11-15	2100-12-31		England			0	0	1		223
R	WAB	TF73 NOR		1945-11-15	2100-12-31		England			0	0	1		223
R	WAB	TF74 NOR		1945-11-15	2100-12-31		England			0	0	1		223
R	WAB	TF80 NOR		1945-11-15	2100-12-31		England			0	0	1		223
R	WAB	TF81 NOR		1945-11-15	2100-12-31		England			0	0	1		223
R	WAB	TF82 NOR		1945-11-15	2100-12-31		England			0	0	1		223
R	WAB	TF83 NOR		1945-11-15	2100-12-31		England			0	0	1		223
R	WAB	TF84 NOR		1945-11-15	2100-12-31		England			0	0	1		223
R	WAB	TF90 NOR		1945-11-15	2100-12-31		England			0	0	1		223
R	WAB	TF91 NOR		1945-11-15	2100-12-31		England			0	0	1		223
R	WAB	TF92 NOR		1945-11-15	2100-12-31		England			0	0	1		223
R	WAB	TF93 NOR		1945-11-15	2100-12-31		England			0	0	1		223
R	WAB	TF94 NOR		1945-11-15	2100-12-31		England			0	0	1		223
R	WAB	TG00 NOR		1945-11-15	2100-12-31		England			0	0	1		223
R	WAB	TG01 NOR		1945-11-15	2100-12-31		England			0	0	1		223
R	WAB	TG02 NOR		1945-11-15	2100-12-31		England			0	0	1		223
R	WAB	TG03 NOR		1945-11-15	2100-12-31		England			0	0	1		223
R	WAB	TG04 NOR		1945-11-15	2100-12-31		England			0	0	1		223
R	WAB	TG10 NOR		1945-11-15	2100-12-31		England			0	0	1		223
R	WAB	TG11 NOR		1945-11-15	2100-12-31		England			0	0	1		223
R	WAB	TG12 NOR		1945-11-15	2100-12-31		England			0	0	1		223
R	WAB	TG13 NOR		1945-11-15	2100-12-31		England			0	0	1		223
R	WAB	TG14 NOR		1945-11-15	2100-12-31		England			0	0	1		223
R	WAB	TG20 NOR		1945-11-15	2100-12-31		England			0	0	1		223
R	WAB	TG21 NOR		1945-11-15	2100-12-31		England			0	0	1		223
R	WAB	TG22 NOR		1945-11-15	2100-12-31		England			0	0	1		223
R	WAB	TG23 NOR		1945-11-15	2100-12-31		England			0	0	1		223
R	WAB	TG24 NOR		1945-11-15	2100-12-31		England			0	0	1		223
R	WAB	TG30 NOR		1945-11-15	2100-12-31		England			0	0	1		223
R	WAB	TG31 NOR		1945-11-15	2100-12-31		England			0	0	1		223
R	WAB	TG32 NOR		1945-11-15	2100-12-31		England			0	0	1		223
R	WAB	TG33 NOR		1945-11-15	2100-12-31		England			0	0	1		223
R	WAB	TG40 NOR		1945-11-15	2100-12-31		England			0	0	1		223
R	WAB	TG40 SFK		1945-11-15	2100-12-31		England			0	0	1		223
R	WAB	TG41 NOR		1945-11-15	2100-12-31		England			0	0	1		223
R	WAB	TG42 NOR		1945-11-15	2100-12-31		England			0	0	1		223
R	WAB	TG50 NOR		1945-11-15	2100-12-31		England			0	0	1		223
R	WAB	TG50 SFK		1945-11-15	2100-12-31		England			0	0	1		223
R	WAB	TG51 NOR		1945-11-15	2100-12-31		England			0	0	1		223
R	WAB	TL00 BKS		1945-11-15	2100-12-31		England			0	0	1		223
R	WAB	TL00 HFD		1945-11-15	2100-12-31		England			0	0	1		223
R	WAB	TL01 BFD		1945-11-15	2100-12-31		England			0	0	1		223
R	WAB	TL01 BKS		1945-11-15	2100-12-31		England			0	0	1		223
R	WAB	TL01 HFD		1945-11-15	2100-12-31		England			0	0	1		223
R	WAB	TL01 LUT		1945-11-15	2100-12-31		England			0	0	1		223
R	WAB	TL02 BFD		1945-11-15	2100-12-31		England			0	0	1		223
R	WAB	TL02 HFD		1945-11-15	2100-12-31		England			0	0	1		223
R	WAB	TL02 LUT		1945-11-15	2100-12-31		England			0	0	1		223
R	WAB	TL03 BFD		1945-11-15	2100-12-31		England			0	0	1		223
R	WAB	TL03 HFD		1945-11-15	2100-12-31		England			0	0	1		223
R	WAB	TL04 BFD		1945-11-15	2100-12-31		England			0	0	1		223
R	WAB	TL05 BFD		1945-11-15	2100-12-31		England			0	0	1		223
R	WAB	TL06 BFD		1945-11-15	2100-12-31		England			0	0	1		223
R	WAB	TL06 CBE		1945-11-15	2100-12-31		England			0	0	1		223
R	WAB	TL06 NHM		1945-11-15	2100-12-31		England			0	0	1		223
R	WAB	TL07 BFD		1945-11-15	2100-12-31		England			0	0	1		223
R	WAB	TL07 CBE		1945-11-15	2100-12-31		England			0	0	1		223
R	WAB	TL07 NHM		1945-11-15	2100-12-31		England			0	0	1		223
R	WAB	TL08 CBE		1945-11-15	2100-12-31		England			0	0	1		223
R	WAB	TL08 NHM		1945-11-15	2100-12-31		England			0	0	1		223
R	WAB	TL09 CBE		1945-11-15	2100-12-31		England			0	0	1		223
R	WAB	TL09 NHM		1945-11-15	2100-12-31		England			0	0	1		223
R	WAB	TL09 PET		1945-11-15	2100-12-31		England			0	0	1		223
R	WAB	TL10 HFD		1945-11-15	2100-12-31		England			0	0	1		223
R	WAB	TL11 BFD		1945-11-15	2100-12-31		England			0	0	1		223
R	WAB	TL11 HFD		1945-11-15	2100-12-31		England			0	0	1		223
R	WAB	TL11 LUT		1945-11-15	2100-12-31		England			0	0	1		223
R	WAB	TL12 BFD		1945-11-15	2100-12-31		England			0	0	1		223
R	WAB	TL12 HFD		1945-11-15	2100-12-31		England			0	0	1		223
R	WAB	TL12 LUT		1945-11-15	2100-12-31		England			0	0	1		223
R	WAB	TL13 BFD		1945-11-15	2100-12-31		England			0	0	1		223
R	WAB	TL13 HFD		1945-11-15	2100-12-31		England			0	0	1		223
R	WAB	TL14 BFD		1945-11-15	2100-12-31		England			0	0	1		223
R	WAB	TL15 BFD		1945-11-15	2100-12-31		England			0	0	1		223
R	WAB	TL15 CBE		1945-11-15	2100-12-31		England			0	0	1		223
R	WAB	TL16 BFD		1945-11-15	2100-12-31		England			0	0	1		223
R	WAB	TL16 CBE		1945-11-15	2100-12-31		England			0	0	1		223
R	WAB	TL17 CBE		1945-11-15	2100-12-31		England			0	0	1		223
R	WAB	TL18 CBE		1945-11-15	2100-12-31		England			0	0	1		223
R	WAB	TL18 NHM		1945-11-15	2100-12-31		England			0	0	1		223
R	WAB	TL19 CBE		1945-11-15	2100-12-31		England			0	0	1		223
R	WAB	TL19 NHM		1945-11-15	2100-12-31		England			0	0	1		223
R	WAB	TL19 PET		1945-11-15	2100-12-31		England			0	0	1		223
R	WAB	TL20 ENF		1945-11-15	2100-12-31		England			0	0	1		223
R	WAB	TL20 HFD		1945-11-15	2100-12-31		England			0	0	1		223
R	WAB	TL21 HFD		1945-11-15	2100-12-31		England			0	0	1		223
R	WAB	TL22 HFD		1945-11-15	2100-12-31		England			0	0	1		223
R	WAB	TL23 BFD		1945-11-15	2100-12-31		England			0	0	1		223
R	WAB	TL23 CBE		1945-11-15	2100-12-31		England			0	0	1		223
R	WAB	TL23 HFD		1945-11-15	2100-12-31		England			0	0	1		223
R	WAB	TL24 BFD		1945-11-15	2100-12-31		England			0	0	1		223
R	WAB	TL24 CBE		1945-11-15	2100-12-31		England			0	0	1		223
R	WAB	TL24 HFD		1945-11-15	2100-12-31		England			0	0	1		223
R	WAB	TL25 BFD		1945-11-15	2100-12-31		England			0	0	1		223
R	WAB	TL25 CBE		1945-11-15	2100-12-31		England			0	0	1		223
R	WAB	TL26 CBE		1945-11-15	2100-12-31		England			0	0	1		223
R	WAB	TL27 CBE		1945-11-15	2100-12-31		England			0	0	1		223
R	WAB	TL28 CBE		1945-11-15	2100-12-31		England			0	0	1		223
R	WAB	TL29 CBE		1945-11-15	2100-12-31		England			0	0	1		223
R	WAB	TL29 PET		1945-11-15	2100-12-31		England			0	0	1		223
R	WAB	TL30 ENF		1945-11-15	2100-12-31		England			0	0	1		223
R	WAB	TL30 ESX		1945-11-15	2100-12-31		England			0	0	1		223
R	WAB	TL30 HFD		1945-11-15	2100-12-31		England			0	0	1		223
R	WAB	TL31 ESX		1945-11-15	2100-12-31		England			0	0	1		223
R	WAB	TL31 HFD		1945-11-15	2100-12-31		England			0	0	1		223
R	WAB	TL32 HFD		1945-11-15	2100-12-31		England			0	0	1		223
R	WAB	TL33 CBE		1945-11-15	2100-12-31		England			0	0	1		223
R	WAB	TL33 HFD		1945-11-15	2100-12-31		England			0	0	1		223
R	WAB	TL34 CBE		1945-11-15	2100-12-31		England			0	0	1		223
R	WAB	TL34 HFD		1945-11-15	2100-12-31		England			0	0	1		223
R	WAB	TL35 CBE		1945-11-15	2100-12-31		England			0	0	1		223
R	WAB	TL36 CBE		1945-11-15	2100-12-31		England			0	0	1		223
R	WAB	TL37 CBE		1945-11-15	2100-12-31		England			0	0	1		223
R	WAB	TL38 CBE		1945-11-15	2100-12-31		England			0	0	1		223
R	WAB	TL39 CBE		1945-11-15	2100-12-31		England			0	0	1		223
R	WAB	TL40 ESX		1945-11-15	2100-12-31		England			0	0	1		223
R	WAB	TL41 ESX		1945-11-15	2100-12-31		England			0	0	1		223
R	WAB	TL41 HFD		1945-11-15	2100-12-31		England			0	0	1		223
R	WAB	TL42 ESX		1945-11-15	2100-12-31		England			0	0	1		223
R	WAB	TL42 HFD		1945-11-15	2100-12-31		England			0	0	1		223
R	WAB	TL43 CBE		1945-11-15	2100-12-31		England			0	0	1		223
R	WAB	TL43 ESX		1945-11-15	2100-12-31		England			0	0	1		223
R	WAB	TL43 HFD		1945-11-15	2100-12-31		England			0	0	1		223
R	WAB	TL44 CBE		1945-11-15	2100-12-31		England			0	0	1		223
R	WAB	TL44 ESX		1945-11-15	2100-12-31		England			0	0	1		223
R	WAB	TL44 HFD		1945-11-15	2100-12-31		England			0	0	1		223
R	WAB	TL45 CBE		1945-11-15	2100-12-31		England			0	0	1		223
R	WAB	TL46 CBE		1945-11-15	2100-12-31		England			0	0	1		223
R	WAB	TL47 CBE		1945-11-15	2100-12-31		England			0	0	1		223
R	WAB	TL48 CBE		1945-11-15	2100-12-31		England			0	0	1		223
R	WAB	TL49 CBE		1945-11-15	2100-12-31		England			0	0	1		223
R	WAB	TL49 NOR		1945-11-15	2100-12-31		England			0	0	1		223
R	WAB	TL50 ESX		1945-11-15	2100-12-31		England			0	0	1		223
R	WAB	TL51 ESX		1945-11-15	2100-12-31		England			0	0	1		223
R	WAB	TL51 HFD		1945-11-15	2100-12-31		England			0	0	1		223
R	WAB	TL52 ESX		1945-11-15	2100-12-31		England			0	0	1		223
R	WAB	TL52 HFD		1945-11-15	2100-12-31		England			0	0	1		223
R	WAB	TL53 ESX		1945-11-15	2100-12-31		England			0	0	1		223
R	WAB	TL54 CBE		1945-11-15	2100-12-31		England			0	0	1		223
R	WAB	TL54 ESX		1945-11-15	2100-12-31		England			0	0	1		223
R	WAB	TL55 CBE		1945-11-15	2100-12-31		England			0	0	1		223
R	WAB	TL56 CBE		1945-11-15	2100-12-31		England			0	0	1		223
R	WAB	TL56 SFK		1945-11-15	2100-12-31		England			0	0	1		223
R	WAB	TL57 CBE		1945-11-15	2100-12-31		England			0	0	1		223
R	WAB	TL58 CBE		1945-11-15	2100-12-31		England			0	0	1		223
R	WAB	TL59 CBE		1945-11-15	2100-12-31		England			0	0	1		223
R	WAB	TL59 NOR		1945-11-15	2100-12-31		England			0	0	1		223
R	WAB	TL60 ESX		1945-11-15	2100-12-31		England			0	0	1		223
R	WAB	TL61 ESX		1945-11-15	2100-12-31		England			0	0	1		223
R	WAB	TL62 ESX		1945-11-15	2100-12-31		England			0	0	1		223
R	WAB	TL63 ESX		1945-11-15	2100-12-31		England			0	0	1		223
R	WAB	TL64 CBE		1945-11-15	2100-12-31		England			0	0	1		223
R	WAB	TL64 ESX		1945-11-15	2100-12-31		England			0	0	1		223
R	WAB	TL64 SFK		1945-11-15	2100-12-31		England			0	0	1		223
R	WAB	TL65 CBE		1945-11-15	2100-12-31		England			0	0	1		223
R	WAB	TL65 SFK		1945-11-15	2100-12-31		England			0	0	1		223
R	WAB	TL66 CBE		1945-11-15	2100-12-31		England			0	0	1		223
R	WAB	TL66 SFK		1945-11-15	2100-12-31		England			0	0	1		223
R	WAB	TL67 CBE		1945-11-15	2100-12-31		England			0	0	1		223
R	WAB	TL67 SFK		1945-11-15	2100-12-31		England			0	0	1		223
R	WAB	TL68 CBE		1945-11-15	2100-12-31		England			0	0	1		223
R	WAB	TL68 NOR		1945-11-15	2100-12-31		England			0	0	1		223
R	WAB	TL68 SFK		1945-11-15	2100-12-31		England			0	0	1		223
R	WAB	TL69 CBE		1945-11-15	2100-12-31		England			0	0	1		223
R	WAB	TL69 NOR		1945-11-15	2100-12-31		England			0	0	1		223
R	WAB	TL70 ESX		1945-11-15	2100-12-31		England			0	0	1		223
R	WAB	TL71 ESX		1945-11-15	2100-12-31		England			0	0	1		223
R	WAB	TL72 ESX		1945-11-15	2100-12-31		England			0	0	1		223
R	WAB	TL73 ESX		1945-11-15	2100-12-31		England			0	0	1		223
R	WAB	TL74 ESX		1945-11-15	2100-12-31		England			0	0	1		223
R	WAB	TL74 SFK		1945-11-15	2100-12-31		England			0	0	1		223
R	WAB	TL75 CBE		1945-11-15	2100-12-31		England			0	0	1		223
R	WAB	TL75 SFK		1945-11-15	2100-12-31		England			0	0	1		223
R	WAB	TL76 CBE		1945-11-15	2100-12-31		England			0	0	1		223
R	WAB	TL76 SFK		1945-11-15	2100-12-31		England			0	0	1		223
R	WAB	TL77 SFK		1945-11-15	2100-12-31		England			0	0	1		223
R	WAB	TL78 NOR		1945-11-15	2100-12-31		England			0	0	1		223
R	WAB	TL78 SFK		1945-11-15	2100-12-31		England			0	0	1		223
R	WAB	TL79 NOR		1945-11-15	2100-12-31		England			0	0	1		223
R	WAB	TL80 ESX		1945-11-15	2100-12-31		England			0	0	1		223
R	WAB	TL81 ESX		1945-11-15	2100-12-31		England			0	0	1		223
R	WAB	TL82 ESX		1945-11-15	2100-12-31		England			0	0	1		223
R	WAB	TL83 ESX		1945-11-15	2100-12-31		England			0	0	1		223
R	WAB	TL83 SFK		1945-11-15	2100-12-31		England			0	0	1		223
R	WAB	TL84 ESX		1945-11-15	2100-12-31		England			0	0	1		223
R	WAB	TL84 SFK		1945-11-15	2100-12-31		England			0	0	1		223
R	WAB	TL85 SFK		1945-11-15	2100-12-31		England			0	0	1		223
R	WAB	TL86 SFK		1945-11-15	2100-12-31		England			0	0	1		223
R	WAB	TL87 NOR		1945-11-15	2100-12-31		England			0	0	1		223
R	WAB	TL87 SFK		1945-11-15	2100-12-31		England			0	0	1		223
R	WAB	TL88 NOR		1945-11-15	2100-12-31		England			0	0	1		223
R	WAB	TL88 SFK		1945-11-15	2100-12-31		England			0	0	1		223
R	WAB	TL89 NOR		1945-11-15	2100-12-31		England			0	0	1		223
R	WAB	TL90 ESX		1945-11-15	2100-12-31		England			0	0	1		223
R	WAB	TL91 ESX		1945-11-15	2100-12-31		England			0	0	1		223
R	WAB	TL92 ESX		1945-11-15	2100-12-31		England			0	0	1		223
R	WAB	TL93 ESX		1945-11-15	2100-12-31		England			0	0	1		223
R	WAB	TL93 SFK		1945-11-15	2100-12-31		England			0	0	1		223
R	WAB	TL94 SFK		1945-11-15	2100-12-31		England			0	0	1		223
R	WAB	TL95 SFK		1945-11-15	2100-12-31		England			0	0	1		223
R	WAB	TL96 SFK		1945-11-15	2100-12-31		England			0	0	1		223
R	WAB	TL97 SFK		1945-11-15	2100-12-31		England			0	0	1		223
R	WAB	TL98 NOR		1945-11-15	2100-12-31		England			0	0	1		223
R	WAB	TL98 SFK		1945-11-15	2100-12-31		England			0	0	1		223
R	WAB	TL99 NOR		1945-11-15	2100-12-31		England			0	0	1		223
R	WAB	TM00 ESX		1945-11-15	2100-12-31		England			0	0	1		223
R	WAB	TM01 ESX		1945-11-15	2100-12-31		England			0	0	1		223
R	WAB	TM02 ESX		1945-11-15	2100-12-31		England			0	0	1		223
R	WAB	TM03 ESX		1945-11-15	2100-12-31		England			0	0	1		223
R	WAB	TM03 SFK		1945-11-15	2100-12-31		England			0	0	1		223
R	WAB	TM04 SFK		1945-11-15	2100-12-31		England			0	0	1		223
R	WAB	TM05 SFK		1945-11-15	2100-12-31		England			0	0	1		223
R	WAB	TM06 SFK		1945-11-15	2100-12-31		England			0	0	1		223
R	WAB	TM07 NOR		1945-11-15	2100-12-31		England			0	0	1		223
R	WAB	TM07 SFK		1945-11-15	2100-12-31		England			0	0	1		223
R	WAB	TM08 NOR		1945-11-15	2100-12-31		England			0	0	1		223
R	WAB	TM08 SFK		1945-11-15	2100-12-31		England			0	0	1		223
R	WAB	TM09 NOR		1945-11-15	2100-12-31		England			0	0	1		223
R	WAB	TM11 ESX		1945-11-15	2100-12-31		England			0	0	1		223
R	WAB	TM12 ESX		1945-11-15	2100-12-31		England			0	0	1		223
R	WAB	TM13 ESX		1945-11-15	2100-12-31		England			0	0	1		223
R	WAB	TM13 SFK		1945-11-15	2100-12-31		England			0	0	1		223
R	WAB	TM14 SFK		1945-11-15	2100-12-31		England			0	0	1		223
R	WAB	TM15 SFK		1945-11-15	2100-12-31		England			0	0	1		223
R	WAB	TM16 SFK		1945-11-15	2100-12-31		England			0	0	1		223
R	WAB	TM17 NOR		1945-11-15	2100-12-31		England			0	0	1		223
R	WAB	TM17 SFK		1945-11-15	2100-12-31		England			0	0	1		223
R	WAB	TM18 NOR		1945-11-15	2100-12-31		England			0	0	1		223
R	WAB	TM19 NOR		1945-11-15	2100-12-31		England			0	0	1		223
R	WAB	TM21 ESX		1945-11-15	2100-12-31		England			0	0	1		223
R	WAB	TM22 ESX		1945-11-15	2100-12-31		England			0	0	1		223
R	WAB	TM23 ESX		1945-11-15	2100-12-31		England			0	0	1		223
R	WAB	TM23 SFK		1945-11-15	2100-12-31		England			0	0	1		223
R	WAB	TM24 SFK		1945-11-15	2100-12-31		England			0	0	1		223
R	WAB	TM25 SFK		1945-11-15	2100-12-31		England			0	0	1		223
R	WAB	TM26 SFK		1945-11-15	2100-12-31		England			0	0	1		223
R	WAB	TM27 NOR		1945-11-15	2100-12-31		England			0	0	1		223
R	WAB	TM27 SFK		1945-11-15	2100-12-31		England			0	0	1		223
R	WAB	TM28 NOR		1945-11-15	2100-12-31		England			0	0	1		223
R	WAB	TM28 SFK		1945-11-15	2100-12-31		England			0	0	1		223
R	WAB	TM29 NOR		1945-11-15	2100-12-31		England			0	0	1		223
R	WAB	TM33 SFK		1945-11-15	2100-12-31		England			0	0	1		223
R	WAB	TM34 SFK		1945-11-15	2100-12-31		England			0	0	1		223
R	WAB	TM35 SFK		1945-11-15	2100-12-31		England			0	0	1		223
R	WAB	TM36 SFK		1945-11-15	2100-12-31		England			0	0	1		223
R	WAB	TM37 SFK		1945-11-15	2100-12-31		England			0	0	1		223
R	WAB	TM38 NOR		1945-11-15	2100-12-31		England			0	0	1		223
R	WAB	TM38 SFK		1945-11-15	2100-12-31		England			0	0	1		223
R	WAB	TM39 NOR		1945-11-15	2100-12-31		England			0	0	1		223
R	WAB	TM39 SFK		1945-11-15	2100-12-31		England			0	0	1		223
R	WAB	TM44 SFK		1945-11-15	2100-12-31		England			0	0	1		223
R	WAB	TM45 SFK		1945-11-15	2100-12-31		England			0	0	1		223
R	WAB	TM46 SFK		1945-11-15	2100-12-31		England			0	0	1		223
R	WAB	TM47 SFK		1945-11-15	2100-12-31		England			0	0	1		223
R	WAB	TM48 SFK		1945-11-15	2100-12-31		England			0	0	1		223
R	WAB	TM49 NOR		1945-11-15	2100-12-31		England			0	0	1		223
R	WAB	TM49 SFK		1945-11-15	2100-12-31		England			0	0	1		223
R	WAB	TM57 SFK		1945-11-15	2100-12-31		England			0	0	1		223
R	WAB	TM58 SFK		1945-11-15	2100-12-31		England			0	0	1		223
R	WAB	TM59 NOR		1945-11-15	2100-12-31		England			0	0	1		223
R	WAB	TM59 SFK		1945-11-15	2100-12-31		England			0	0	1		223
R	WAB	TQ00 SXW		1945-11-15	2100-12-31		England			0	0	1		223
R	WAB	TQ01 SXW		1945-11-15	2100-12-31		England			0	0	1		223
R	WAB	TQ02 SXW		1945-11-15	2100-12-31		England			0	0	1		223
R	WAB	TQ03 SRY		1945-11-15	2100-12-31		England			0	0	1		223
R	WAB	TQ03 SXW		1945-11-15	2100-12-31		England			0	0	1		223
R	WAB	TQ04 SRY		1945-11-15	2100-12-31		England			0	0	1		223
R	WAB	TQ05 SRY		1945-11-15	2100-12-31		England			0	0	1		223
R	WAB	TQ06 SRY		1945-11-15	2100-12-31		England			0	0	1		223
R	WAB	TQ07 BKS		1945-11-15	2100-12-31		England			0	0	1		223
R	WAB	TQ07 HIL		1945-11-15	2100-12-31		England			0	0	1		223
R	WAB	TQ07 HOU		1945-11-15	2100-12-31		England			0	0	1		223
R	WAB	TQ07 SLO		1945-11-15	2100-12-31		England			0	0	1		223
R	WAB	TQ07 SRY		1945-11-15	2100-12-31		England			0	0	1		223
R	WAB	TQ07 WIM		1945-11-15	2100-12-31		England			0	0	1		223
R	WAB	TQ08 BKS		1945-11-15	2100-12-31		England			0	0	1		223
R	WAB	TQ08 EAL		1945-11-15	2100-12-31		England			0	0	1		223
R	WAB	TQ08 HIL		1945-11-15	2100-12-31		England			0	0	1		223
R	WAB	TQ08 SLO		1945-11-15	2100-12-31		England			0	0	1		223
R	WAB	TQ09 BKS		1945-11-15	2100-12-31		England			0	0	1		223
R	WAB	TQ09 HFD		1945-11-15	2100-12-31		England			0	0	1		223
R	WAB	TQ09 HIL		1945-11-15	2100-12-31		England			0	0	1		223
R	WAB	TQ10 SXW		1945-11-15	2100-12-31		England			0	0	1		223
R	WAB	TQ11 SXW		1945-11-15	2100-12-31		England			0	0	1		223
R	WAB	TQ12 SXW		1945-11-15	2100-12-31		England			0	0	1		223
R	WAB	TQ13 SRY		1945-11-15	2100-12-31		England			0	0	1		223
R	WAB	TQ13 SXW		1945-11-15	2100-12-31		England			0	0	1		223
R	WAB	TQ14 SRY		1945-11-15	2100-12-31		England			0	0	1		223
R	WAB	TQ15 KIN		1945-11-15	2100-12-31		England			0	0	1		223
R	WAB	TQ15 SRY		1945-11-15	2100-12-31		England			0	0	1		223
R	WAB	TQ16 KIN		1945-11-15	2100-12-31		England			0	0	1		223
R	WAB	TQ16 RIC		1945-11-15	2100-12-31		England			0	0	1		223
R	WAB	TQ16 SRY		1945-11-15	2100-12-31		England			0	0	1		223
R	WAB	TQ17 EAL		1945-11-15	2100-12-31		England			0	0	1		223
R	WAB	TQ17 HIL		1945-11-15	2100-12-31		England			0	0	1		223
R	WAB	TQ17 HOU		1945-11-15	2100-12-31		England			0	0	1		223
R	WAB	TQ17 KIN		1945-11-15	2100-12-31		England			0	0	1		223
R	WAB	TQ17 RIC		1945-11-15	2100-12-31		England			0	0	1		223
R	WAB	TQ17 SRY		1945-11-15	2100-12-31		England			0	0	1		223
R	WAB	TQ18 BRE		1945-11-15	2100-12-31		England			0	0	1		223
R	WAB	TQ18 EAL		1945-11-15	2100-12-31		England			0	0	1		223
R	WAB	TQ18 HIL		1945-11-15	2100-12-31		England			0	0	1		223
R	WAB	TQ18 HRW		1945-11-15	2100-12-31		England			0	0	1		223
R	WAB	TQ19 BNT		1945-11-15	2100-12-31		England			0	0	1		223
R	WAB	TQ19 BRE		1945-11-15	2100-12-31		England			0	0	1		223
R	WAB	TQ19 HFD		1945-11-15	2100-12-31		England			0	0	1		223
R	WAB	TQ19 HIL		1945-11-15	2100-12-31		England			0	0	1		223
R	WAB	TQ19 HRW		1945-11-15	2100-12-31		England			0	0	1		223
R	WAB	TQ20 BRH		1945-11-15	2100-12-31		England			0	0	1		223
R	WAB	TQ20 SXW		1945-11-15	2100-12-31		England			0	0	1		223
R	WAB	TQ21 BRH		1945-11-15	2100-12-31		England			0	0	1		223
R	WAB	TQ21 SXW		1945-11-15	2100-12-31		England			0	0	1		223
R	WAB	TQ22 SXW		1945-11-15	2100-12-31		England			0	0	1		223
R	WAB	TQ23 SRY		1945-11-15	2100-12-31		England			0	0	1		223
R	WAB	TQ23 SXW		1945-11-15	2100-12-31		England			0	0	1		223
R	WAB	TQ24 SRY		1945-11-15	2100-12-31		England			0	0	1		223
R	WAB	TQ24 SXW		1945-11-15	2100-12-31		England			0	0	1		223
R	WAB	TQ25 CRO		1945-11-15	2100-12-31		England			0	0	1		223
R	WAB	TQ25 SRY		1945-11-15	2100-12-31		England			0	0	1		223
R	WAB	TQ25 SUT		1945-11-15	2100-12-31		England			0	0	1		223
R	WAB	TQ26 CRO		1945-11-15	2100-12-31		England			0	0	1		223
R	WAB	TQ26 KIN		1945-11-15	2100-12-31		England			0	0	1		223
R	WAB	TQ26 LAM		1945-11-15	2100-12-31		England			0	0	1		223
R	WAB	TQ26 MTN		1945-11-15	2100-12-31		England			0	0	1		223
R	WAB	TQ26 SRY		1945-11-15	2100-12-31		England			0	0	1		223
R	WAB	TQ26 SUT		1945-11-15	2100-12-31		England			0	0	1		223
R	WAB	TQ27 COW		1945-11-15	2100-12-31		England			0	0	1		223
R	WAB	TQ27 EAL		1945-11-15	2100-12-31		England			0	0	1		223
R	WAB	TQ27 HAM		1945-11-15	2100-12-31		England			0	0	1		223
R	WAB	TQ27 HOU		1945-11-15	2100-12-31		England			0	0	1		223
R	WAB	TQ27 KEN		1945-11-15	2100-12-31		England			0	0	1		223
R	WAB	TQ27 KIN		1945-11-15	2100-12-31		England			0	0	1		223
R	WAB	TQ27 LAM		1945-11-15	2100-12-31		England			0	0	1		223
R	WAB	TQ27 MTN		1945-11-15	2100-12-31		England			0	0	1		223
R	WAB	TQ27 RIC		1945-11-15	2100-12-31		England			0	0	1		223
R	WAB	TQ27 WAN		1945-11-15	2100-12-31		England			0	0	1		223
R	WAB	TQ28 BNT		1945-11-15	2100-12-31		England			0	0	1		223
R	WAB	TQ28 BRE		1945-11-15	2100-12-31		England			0	0	1		223
R	WAB	TQ28 CMD		1945-11-15	2100-12-31		England			0	0	1		223
R	WAB	TQ28 COW		1945-11-15	2100-12-31		England			0	0	1		223
R	WAB	TQ28 EAL		1945-11-15	2100-12-31		England			0	0	1		223
R	WAB	TQ28 HAM		1945-11-15	2100-12-31		England			0	0	1		223
R	WAB	TQ28 HGY		1945-11-15	2100-12-31		England			0	0	1		223
R	WAB	TQ28 ISL		1945-11-15	2100-12-31		England			0	0	1		223
R	WAB	TQ28 KEN		1945-11-15	2100-12-31		England			0	0	1		223
R	WAB	TQ29 BNT		1945-11-15	2100-12-31		England			0	0	1		223
R	WAB	TQ29 BRE		1945-11-15	2100-12-31		England			0	0	1		223
R	WAB	TQ29 ENF		1945-11-15	2100-12-31		England			0	0	1		223
R	WAB	TQ29 HFD		1945-11-15	2100-12-31		England			0	0	1		223
R	WAB	TQ29 HGY		1945-11-15	2100-12-31		England			0	0	1		223
R	WAB	TQ29 HRW		1945-11-15	2100-12-31		England			0	0	1		223
R	WAB	TQ30 BRH		1945-11-15	2100-12-31		England			0	0	1		223
R	WAB	TQ30 SXE		1945-11-15	2100-12-31		England			0	0	1		223
R	WAB	TQ31 BRH		1945-11-15	2100-12-31		England			0	0	1		223
R	WAB	TQ31 SXE		1945-11-15	2100-12-31		England			0	0	1		223
R	WAB	TQ31 SXW		1945-11-15	2100-12-31		England			0	0	1		223
R	WAB	TQ32 SXE		1945-11-15	2100-12-31		England			0	0	1		223
R	WAB	TQ32 SXW		1945-11-15	2100-12-31		England			0	0	1		223
R	WAB	TQ33 SRY		1945-11-15	2100-12-31		England			0	0	1		223
R	WAB	TQ33 SXE		1945-11-15	2100-12-31		England			0	0	1		223
R	WAB	TQ33 SXW		1945-11-15	2100-12-31		England			0	0	1		223
R	WAB	TQ34 SRY		1945-11-15	2100-12-31		England			0	0	1		223
R	WAB	TQ34 SXW		1945-11-15	2100-12-31		England			0	0	1		223
R	WAB	TQ35 BRO		1945-11-15	2100-12-31		England			0	0	1		223
R	WAB	TQ35 CRO		1945-11-15	2100-12-31		England			0	0	1		223
R	WAB	TQ35 SRY		1945-11-15	2100-12-31		England			0	0	1		223
R	WAB	TQ36 BRO		1945-11-15	2100-12-31		England			0	0	1		223
R	WAB	TQ36 CRO		1945-11-15	2100-12-31		England			0	0	1		223
R	WAB	TQ36 LAM		1945-11-15	2100-12-31		England			0	0	1		223
R	WAB	TQ36 MTN		1945-11-15	2100-12-31		England			0	0	1		223
R	WAB	TQ36 SRY		1945-11-15	2100-12-31		England			0	0	1		223
R	WAB	TQ36 SUT		1945-11-15	2100-12-31		England			0	0	1		223
R	WAB	TQ37 BRO		1945-11-15	2100-12-31		England			0	0	1		223
R	WAB	TQ37 COW		1945-11-15	2100-12-31		England			0	0	1		223
R	WAB	TQ37 CRO		1945-11-15	2100-12-31		England			0	0	1		223
R	WAB	TQ37 GRE		1945-11-15	2100-12-31		England			0	0	1		223
R	WAB	TQ37 LAM		1945-11-15	2100-12-31		England			0	0	1		223
R	WAB	TQ37 LEW		1945-11-15	2100-12-31		England			0	0	1		223
R	WAB	TQ37 SOU		1945-11-15	2100-12-31		England			0	0	1		223
R	WAB	TQ37 TOW		1945-11-15	2100-12-31		England			0	0	1		223
R	WAB	TQ37 WAN		1945-11-15	2100-12-31		England			0	0	1		223
R	WAB	TQ38 CMD		1945-11-15	2100-12-31		England			0	0	1		223
R	WAB	TQ38 COL		1945-11-15	2100-12-31		England			0	0	1		223
R	WAB	TQ38 COW		1945-11-15	2100-12-31		England			0	0	1		223
R	WAB	TQ38 GRE		1945-11-15	2100-12-31		England			0	0	1		223
R	WAB	TQ38 HAC		1945-11-15	2100-12-31		England			0	0	1		223
R	WAB	TQ38 HGY		1945-11-15	2100-12-31		England			0	0	1		223
R	WAB	TQ38 ISL		1945-11-15	2100-12-31		England			0	0	1		223
R	WAB	TQ38 LAM		1945-11-15	2100-12-31		England			0	0	1		223
R	WAB	TQ38 NWM		1945-11-15	2100-12-31		England			0	0	1		223
R	WAB	TQ38 RBG		1945-11-15	2100-12-31		England			0	0	1		223
R	WAB	TQ38 SOU		1945-11-15	2100-12-31		England			0	0	1		223
R	WAB	TQ38 TOW		1945-11-15	2100-12-31		England			0	0	1		223
R	WAB	TQ38 WLF		1945-11-15	2100-12-31		England			0	0	1		223
R	WAB	TQ39 ENF		1945-11-15	2100-12-31		England			0	0	1		223
R	WAB	TQ39 ESX		1945-11-15	2100-12-31		England			0	0	1		223
R	WAB	TQ39 HFD		1945-11-15	2100-12-31		England			0	0	1		223
R	WAB	TQ39 HGY		1945-11-15	2100-12-31		England			0	0	1		223
R	WAB	TQ39 RBG		1945-11-15	2100-12-31		England			0	0	1		223
R	WAB	TQ39 WLF		1945-11-15	2100-12-31		England			0	0	1		223
R	WAB	TQ40 SXE		1945-11-15	2100-12-31		England			0	0	1		223
R	WAB	TQ41 SXE		1945-11-15	2100-12-31		England			0	0	1		223
R	WAB	TQ42 SXE		1945-11-15	2100-12-31		England			0	0	1		223
R	WAB	TQ42 SXW		1945-11-15	2100-12-31		England			0	0	1		223
R	WAB	TQ43 KNT		1945-11-15	2100-12-31		England			0	0	1		223
R	WAB	TQ43 SRY		1945-11-15	2100-12-31		England			0	0	1		223
R	WAB	TQ43 SXE		1945-11-15	2100-12-31		England			0	0	1		223
R	WAB	TQ43 SXW		1945-11-15	2100-12-31		England			0	0	1		223
R	WAB	TQ44 KNT		1945-11-15	2100-12-31		England			0	0	1		223
R	WAB	TQ44 SRY		1945-11-15	2100-12-31		England			0	0	1		223
R	WAB	TQ44 SXE		1945-11-15	2100-12-31		England			0	0	1		223
R	WAB	TQ45 BRO		1945-11-15	2100-12-31		England			0	0	1		223
R	WAB	TQ45 KNT		1945-11-15	2100-12-31		England			0	0	1		223
R	WAB	TQ45 SRY		1945-11-15	2100-12-31		England			0	0	1		223
R	WAB	TQ46 BEX		1945-11-15	2100-12-31		England			0	0	1		223
R	WAB	TQ46 BRO		1945-11-15	2100-12-31		England			0	0	1		223
R	WAB	TQ46 KNT		1945-11-15	2100-12-31		England			0	0	1		223
R	WAB	TQ47 BEX		1945-11-15	2100-12-31		England			0	0	1		223
R	WAB	TQ47 BRO		1945-11-15	2100-12-31		England			0	0	1		223
R	WAB	TQ47 GRE		1945-11-15	2100-12-31		England			0	0	1		223
R	WAB	TQ47 KNT		1945-11-15	2100-12-31		England			0	0	1		223
R	WAB	TQ47 LEW		1945-11-15	2100-12-31		England			0	0	1		223
R	WAB	TQ47 NWM		1945-11-15	2100-12-31		England			0	0	1		223
R	WAB	TQ48 BEX		1945-11-15	2100-12-31		England			0	0	1		223
R	WAB	TQ48 BKD		1945-11-15	2100-12-31		England			0	0	1		223
R	WAB	TQ48 GRE		1945-11-15	2100-12-31		England			0	0	1		223
R	WAB	TQ48 HAV		1945-11-15	2100-12-31		England			0	0	1		223
R	WAB	TQ48 NWM		1945-11-15	2100-12-31		England			0	0	1		223
R	WAB	TQ48 RBG		1945-11-15	2100-12-31		England			0	0	1		223
R	WAB	TQ48 WLF		1945-11-15	2100-12-31		England			0	0	1		223
R	WAB	TQ49 BKD		1945-11-15	2100-12-31		England			0	0	1		223
R	WAB	TQ49 ESX		1945-11-15	2100-12-31		England			0	0	1		223
R	WAB	TQ49 HAV		1945-11-15	2100-12-31		England			0	0	1		223
R	WAB	TQ49 RBG		1945-11-15	2100-12-31		England			0	0	1		223
R	WAB	TQ49 WLF		1945-11-15	2100-12-31		England			0	0	1		223
R	WAB	TQ50 SXE		1945-11-15	2100-12-31		England			0	0	1		223
R	WAB	TQ51 SXE		1945-11-15	2100-12-31		England			0	0	1		223
R	WAB	TQ52 SXE		1945-11-15	2100-12-31		England			0	0	1		223
R	WAB	TQ53 KNT		1945-11-15	2100-12-31		England			0	0	1		223
R	WAB	TQ53 SXE		1945-11-15	2100-12-31		England			0	0	1		223
R	WAB	TQ54 KNT		1945-11-15	2100-12-31		England			0	0	1		223
R	WAB	TQ54 SXE		1945-11-15	2100-12-31		England			0	0	1		223
R	WAB	TQ55 KNT		1945-11-15	2100-12-31		England			0	0	1		223
R	WAB	TQ56 BRO		1945-11-15	2100-12-31		England			0	0	1		223
R	WAB	TQ56 KNT		1945-11-15	2100-12-31		England			0	0	1		223
R	WAB	TQ57 BEX		1945-11-15	2100-12-31		England			0	0	1		223
R	WAB	TQ57 HAV		1945-11-15	2100-12-31		England			0	0	1		223
R	WAB	TQ57 KNT		1945-11-15	2100-12-31		England			0	0	1		223
R	WAB	TQ57 THU		1945-11-15	2100-12-31		England			0	0	1		223
R	WAB	TQ58 BEX		1945-11-15	2100-12-31		England			0	0	1		223
R	WAB	TQ58 BKD		1945-11-15	2100-12-31		England			0	0	1		223
R	WAB	TQ58 ESX		1945-11-15	2100-12-31		England			0	0	1		223
R	WAB	TQ58 HAV		1945-11-15	2100-12-31		England			0	0	1		223
R	WAB	TQ58 THU		1945-11-15	2100-12-31		England			0	0	1		223
R	WAB	TQ59 ESX		1945-11-15	2100-12-31		England			0	0	1		223
R	WAB	TQ59 HAV		1945-11-15	2100-12-31		England			0	0	1		223
R	WAB	TQ60 SXE		1945-11-15	2100-12-31		England			0	0	1		223
R	WAB	TQ61 SXE		1945-11-15	2100-12-31		England			0	0	1		223
R	WAB	TQ62 SXE		1945-11-15	2100-12-31		England			0	0	1		223
R	WAB	TQ63 KNT		1945-11-15	2100-12-31		England			0	0	1		223
R	WAB	TQ63 SXE		1945-11-15	2100-12-31		England			0	0	1		223
R	WAB	TQ64 KNT		1945-11-15	2100-12-31		England			0	0	1		223
R	WAB	TQ65 KNT		1945-11-15	2100-12-31		England			0	0	1		223
R	WAB	TQ66 KNT		1945-11-15	2100-12-31		England			0	0	1		223
R	WAB	TQ66 MED		1945-11-15	2100-12-31		England			0	0	1		223
R	WAB	TQ67 KNT		1945-11-15	2100-12-31		England			0	0	1		223
R	WAB	TQ67 THU		1945-11-15	2100-12-31		England			0	0	1		223
R	WAB	TQ68 ESX		1945-11-15	2100-12-31		England			0	0	1		223
R	WAB	TQ68 HAV		1945-11-15	2100-12-31		England			0	0	1		223
R	WAB	TQ68 THU		1945-11-15	2100-12-31		England			0	0	1		223
R	WAB	TQ69 ESX		1945-11-15	2100-12-31		England			0	0	1		223
R	WAB	TQ70 SXE		1945-11-15	2100-12-31		England			0	0	1		223
R	WAB	TQ71 SXE		1945-11-15	2100-12-31		England			0	0	1		223
R	WAB	TQ72 KNT		1945-11-15	2100-12-31		England			0	0	1		223
R	WAB	TQ72 SXE		1945-11-15	2100-12-31		England			0	0	1		223
R	WAB	TQ73 KNT		1945-11-15	2100-12-31		England			0	0	1		223
R	WAB	TQ73 SXE		1945-11-15	2100-12-31		England			0	0	1		223
R	WAB	TQ74 KNT		1945-11-15	2100-12-31		England			0	0	1		223
R	WAB	TQ75 KNT		1945-11-15	2100-12-31		England			0	0	1		223
R	WAB	TQ76 KNT		1945-11-15	2100-12-31		England			0	0	1		223
R	WAB	TQ76 MED		1945-11-15	2100-12-31		England			0	0	1		223
R	WAB	TQ77 KNT		1945-11-15	2100-12-31		England			0	0	1		223
R	WAB	TQ77 MED		1945-11-15	2100-12-31		England			0	0	1		223
R	WAB	TQ78 ESX		1945-11-15	2100-12-31		England			0	0	1		223
R	WAB	TQ78 THU		1945-11-15	2100-12-31		England			0	0	1		223
R	WAB	TQ79 ESX		1945-11-15	2100-12-31		England			0	0	1		223
R	WAB	TQ80 SXE		1945-11-15	2100-12-31		England			0	0	1		223
R	WAB	TQ81 SXE		1945-11-15	2100-12-31		England			0	0	1		223
R	WAB	TQ82 KNT		1945-11-15	2100-12-31		England			0	0	1		223
R	WAB	TQ82 SXE		1945-11-15	2100-12-31		England			0	0	1		223
R	WAB	TQ83 KNT		1945-11-15	2100-12-31		England			0	0	1		223
R	WAB	TQ84 KNT		1945-11-15	2100-12-31		England			0	0	1		223
R	WAB	TQ85 KNT		1945-11-15	2100-12-31		England			0	0	1		223
R	WAB	TQ86 KNT		1945-11-15	2100-12-31		England			0	0	1		223
R	WAB	TQ86 MED		1945-11-15	2100-12-31		England			0	0	1		223
R	WAB	TQ87 KNT		1945-11-15	2100-12-31		England			0	0	1		223
R	WAB	TQ87 MED		1945-11-15	2100-12-31		England			0	0	1		223
R	WAB	TQ88 ESX		1945-11-15	2100-12-31		England			0	0	1		223
R	WAB	TQ88 SND		1945-11-15	2100-12-31		England			0	0	1		223
R	WAB	TQ89 ESX		1945-11-15	2100-12-31		England			0	0	1		223
R	WAB	TQ91 KNT		1945-11-15	2100-12-31		England			0	0	1		223
R	WAB	TQ91 SXE		1945-11-15	2100-12-31		England			0	0	1		223
R	WAB	TQ92 KNT		1945-11-15	2100-12-31		England			0	0	1		223
R	WAB	TQ92 SXE		1945-11-15	2100-12-31		England			0	0	1		223
R	WAB	TQ93 KNT		1945-11-15	2100-12-31		England			0	0	1		223
R	WAB	TQ94 KNT		1945-11-15	2100-12-31		England			0	0	1		223
R	WAB	TQ95 KNT		1945-11-15	2100-12-31		England			0	0	1		223
R	WAB	TQ96 KNT		1945-11-15	2100-12-31		England			0	0	1		223
R	WAB	TQ97 KNT		1945-11-15	2100-12-31		England			0	0	1		223
R	WAB	TQ98 ESX		1945-11-15	2100-12-31		England			0	0	1		223
R	WAB	TQ98 SND		1945-11-15	2100-12-31		England			0	0	1		223
R	WAB	TQ99 ESX		1945-11-15	2100-12-31		England			0	0	1		223
R	WAB	TR01 KNT		1945-11-15	2100-12-31		England			0	0	1		223
R	WAB	TR01 SXE		1945-11-15	2100-12-31		England			0	0	1		223
R	WAB	TR02 KNT		1945-11-15	2100-12-31		England			0	0	1		223
R	WAB	TR02 SXE		1945-11-15	2100-12-31		England			0	0	1		223
R	WAB	TR03 KNT		1945-11-15	2100-12-31		England			0	0	1		223
R	WAB	TR04 KNT		1945-11-15	2100-12-31		England			0	0	1		223
R	WAB	TR05 KNT		1945-11-15	2100-12-31		England			0	0	1		223
R	WAB	TR06 KNT		1945-11-15	2100-12-31		England			0	0	1		223
R	WAB	TR07 KNT		1945-11-15	2100-12-31		England			0	0	1		223
R	WAB	TR08 ESX		1945-11-15	2100-12-31		England			0	0	1		223
R	WAB	TR09 ESX		1945-11-15	2100-12-31		England			0	0	1		223
R	WAB	TR12 KNT		1945-11-15	2100-12-31		England			0	0	1		223
R	WAB	TR13 KNT		1945-11-15	2100-12-31		England			0	0	1		223
R	WAB	TR14 KNT		1945-11-15	2100-12-31		England			0	0	1		223
R	WAB	TR15 KNT		1945-11-15	2100-12-31		England			0	0	1		223
R	WAB	TR16 KNT		1945-11-15	2100-12-31		England			0	0	1		223
R	WAB	TR23 KNT		1945-11-15	2100-12-31		England			0	0	1		223
R	WAB	TR24 KNT		1945-11-15	2100-12-31		England			0	0	1		223
R	WAB	TR25 KNT		1945-11-15	2100-12-31		England			0	0	1		223
R	WAB	TR26 KNT		1945-11-15	2100-12-31		England			0	0	1		223
R	WAB	TR27 KNT		1945-11-15	2100-12-31		England			0	0	1		223
R	WAB	TR33 KNT		1945-11-15	2100-12-31		England			0	0	1		223
R	WAB	TR34 KNT		1945-11-15	2100-12-31		England			0	0	1		223
R	WAB	TR35 KNT		1945-11-15	2100-12-31		England			0	0	1		223
R	WAB	TR36 KNT		1945-11-15	2100-12-31		England			0	0	1		223
R	WAB	TR37 KNT		1945-11-15	2100-12-31		England			0	0	1		223
R	WAB	TR46 KNT		1945-11-15	2100-12-31		England			0	0	1		223
R	WAB	TR47 KNT		1945-11-15	2100-12-31		England			0	0	1		223
R	WAB	TV49 SXE		1945-11-15	2100-12-31		England			0	0	1		223
R	WAB	TV59 SXE		1945-11-15	2100-12-31		England			0	0	1		223
R	WAB	TV69 SXE		1945-11-15	2100-12-31		England			0	0	1		223
R	WAB	TV79 SXE		1945-11-15	2100-12-31		England			0	0	1		223
R	WAB	WA40 ALD		1945-11-15	2100-12-31	Alderney	Chanel Islands			0	0	1		106
R	WAB	WA50 ALD		1945-11-15	2100-12-31	Alderney	Chanel Islands			0	0	1		106
R	WAB	WA51 ALD		1945-11-15	2100-12-31	Alderney	Chanel Islands			0	0	1		106
R	WAB	WA60 ALD		1945-11-15	2100-12-31	Alderney	Chanel Islands			0	0	1		106
R	WAB	WV27 GUR		1945-11-15	2100-12-31	Gurnsey	Chanel Islands			0	0	1		106
R	WAB	WV28 GUR		1945-11-15	2100-12-31	Gurnsey	Chanel Islands			0	0	1		106
R	WAB	WV37 GUR		1945-11-15	2100-12-31	Gurnsey	Chanel Islands			0	0	1		106
R	WAB	WV38 GUR		1945-11-15	2100-12-31	Gurnsey	Chanel Islands			0	0	1		106
R	WAB	WV47 GUR		1945-11-15	2100-12-31	Gurnsey	Chanel Islands			0	0	1		106
R	WAB	WV47 SRK		1945-11-15	2100-12-31	Sark	Chanel Islands			0	0	1		106
R	WAB	WV48 GUR		1945-11-15	2100-12-31	Gurnsey	Chanel Islands			0	0	1		106
R	WAB	WV54 JER		1945-11-15	2100-12-31	Jersey	Chanel Islands			0	0	1		122
R	WAB	WV55 JER		1945-11-15	2100-12-31	Jersey	Chanel Islands			0	0	1		122
R	WAB	WV64 JER		1945-11-15	2100-12-31	Jersey	Chanel Islands			0	0	1		122
R	WAB	WV65 JER		1945-11-15	2100-12-31	Jersey	Chanel Islands			0	0	1		122
R	WAB	WV74 JER		1945-11-15	2100-12-31	Jersey	Chanel Islands			0	0	1		122
R	WAB	WV75 JER		1945-11-15	2100-12-31	Jersey	Chanel Islands			0	0	1		122
