# Referencias del diploma WWBOTA. Generado; no se edita a mano.
R	WWBOTA	B/F-0001		2024-10-01		B4 - Les DUNES 4	FBOTA			0	0	1		227
R	WWBOTA	B/F-0002		2024-10-01		B3 - Les DUNES 3	FBOTA			0	0	1		227
R	WWBOTA	B/F-0003		2024-10-01		B5 - Les DUNES 5	FBOTA			0	0	1		227
R	WWBOTA	B/F-0004		2024-10-01		B2 - Les DUNES 2	FBOTA			0	0	1		227
R	WWBOTA	B/F-0005		2024-10-01		B6 - Les DUNES 6	FBOTA			0	0	1		227
R	WWBOTA	B/F-0006		2024-10-01		B1 - L'OBSERVATOIRE	FBOTA			0	0	1		227
R	WWBOTA	B/F-0007		2024-10-01		B9 - Les DUNES 9	FBOTA			0	0	1		227
R	WWBOTA	B/F-0008		2024-10-01		9bis - Les DUNES 9bis	FBOTA			0	0	1		227
R	WWBOTA	B/F-0009		2024-10-01		B1bis - La ROCHELLE	FBOTA			0	0	1		227
R	WWBOTA	B/F-0010		2024-10-01		B10bis - Les DUNES 10bis	FBOTA			0	0	1		227
R	WWBOTA	B/F-0011		2024-10-01		B1ter - Les DUNES 1	FBOTA			0	0	1		227
R	WWBOTA	B/F-0012		2024-10-01		B12 - Les DUNES 12	FBOTA			0	0	1		227
R	WWBOTA	B/F-0013		2024-10-01		B11 - MELUN	FBOTA			0	0	1		227
R	WWBOTA	B/F-0014		2024-10-01		B10 - Les DUNES 10	FBOTA			0	0	1		227
R	WWBOTA	B/F-0015		2024-10-01		B15 - Les DUNES 15	FBOTA			0	0	1		227
R	WWBOTA	B/F-0016		2024-10-01		B14 - Les DUNES 14	FBOTA			0	0	1		227
R	WWBOTA	B/F-0017		2024-10-01		B16 - Les DUNES 16	FBOTA			0	0	1		227
R	WWBOTA	B/F-0018		2024-10-01		B13 - Les DUNES 13	FBOTA			0	0	1		227
R	WWBOTA	B/F-0019		2024-10-01		DUNES Centre	FBOTA			0	0	1		227
R	WWBOTA	B/F-0020		2024-10-01		B17 - BORDEAUX	FBOTA			0	0	1		227
R	WWBOTA	B/F-0021		2024-10-01		21 - ORLEANS	FBOTA			0	0	1		227
R	WWBOTA	B/F-0022		2024-10-01		B22 - MOULINS	FBOTA			0	0	1		227
R	WWBOTA	B/F-0023		2024-10-01		B24 - BAR-LE-DUC	FBOTA			0	0	1		227
R	WWBOTA	B/F-0024		2024-10-01		B23 - NANCY	FBOTA			0	0	1		227
R	WWBOTA	B/F-0025		2024-10-01		B20 - LYON	FBOTA			0	0	1		227
R	WWBOTA	B/F-0026		2024-10-01		B19 - Les DUNES 19	FBOTA			0	0	1		227
R	WWBOTA	B/F-0027		2024-10-01		B26 - VESOUL	FBOTA			0	0	1		227
R	WWBOTA	B/F-0028		2024-10-01		B34 - BASSE PLAINE 5	FBOTA			0	0	1		227
R	WWBOTA	B/F-0029		2024-10-01		B35 - MOEREHOF Nord	FBOTA			0	0	1		227
R	WWBOTA	B/F-0030		2024-10-01		B36 - MOEREHOF Sud	FBOTA			0	0	1		227
R	WWBOTA	B/F-0031		2024-10-01		B41 - BASSE PLAINE 12	FBOTA			0	0	1		227
R	WWBOTA	B/F-0032		2024-10-01		B42 - BASSE PLAINE 13	FBOTA			0	0	1		227
R	WWBOTA	B/F-0033		2024-10-01		B45 - FERME SAINTE FOY	FBOTA			0	0	1		227
R	WWBOTA	B/F-0034		2024-10-01		B46 - MOERES GRACHT	FBOTA			0	0	1		227
R	WWBOTA	B/F-0035		2024-10-01		B48 - MOULIN du RHIN 1	FBOTA			0	0	1		227
R	WWBOTA	B/F-0036		2024-10-01		B49 - MOULIN du RHIN 2	FBOTA			0	0	1		227
R	WWBOTA	B/F-0037		2024-10-01		B50 - MOULIN du RHIN 3	FBOTA			0	0	1		227
R	WWBOTA	B/F-0038		2024-10-01		B51 - MOULIN du RHIN 4	FBOTA			0	0	1		227
R	WWBOTA	B/F-0039		2024-10-01		B53 - CAESTERHOF Nord	FBOTA			0	0	1		227
R	WWBOTA	B/F-0040		2024-10-01		B55 - Les GRANDES MOERES	FBOTA			0	0	1		227
R	WWBOTA	B/F-0041		2024-10-01		A1 - TROIS ROIS	FBOTA			0	0	1		227
R	WWBOTA	B/F-0042		2024-10-01		B56 - TROIS ROIS Nord	FBOTA			0	0	1		227
R	WWBOTA	B/F-0043		2024-10-01		A2 - HONDSCHOOTE	FBOTA			0	0	1		227
R	WWBOTA	B/F-0044		2024-10-01		B64 - MAISON des PAUVRES	FBOTA			0	0	1		227
R	WWBOTA	B/F-0045		2024-10-01		A3 - FERME de l'ETOILE	FBOTA			0	0	1		227
R	WWBOTA	B/F-0046		2024-10-01		B73 - VUYLEKEEL HOUCK	FBOTA			0	0	1		227
R	WWBOTA	B/F-0047		2024-10-01		A4 - OOST CAPPEL	FBOTA			0	0	1		227
R	WWBOTA	B/F-0048		2024-10-01		B87 - HARINGHE	FBOTA			0	0	1		227
R	WWBOTA	B/F-0049		2024-10-01		B88 - QUATRE EXTREMITES	FBOTA			0	0	1		227
R	WWBOTA	B/F-0050		2024-10-01		B89 - WYNGARD	FBOTA			0	0	1		227
R	WWBOTA	B/F-0051		2024-10-01		B91 - HOUTKERQUE Nord	FBOTA			0	0	1		227
R	WWBOTA	B/F-0052		2024-10-01		A5 - PONT de WATOU	FBOTA			0	0	1		227
R	WWBOTA	B/F-0053		2024-10-01		WARANDE HOUCK	FBOTA			0	0	1		227
R	WWBOTA	B/F-0054		2024-10-01		C5 - La CHAPELLE de FER Nord	FBOTA			0	0	1		227
R	WWBOTA	B/F-0055		2024-10-01		C7 - La CHAPELLE de FER Sud	FBOTA			0	0	1		227
R	WWBOTA	B/F-0056		2024-10-01		ROUTE de WATOU	FBOTA			0	0	1		227
R	WWBOTA	B/F-0057		2024-10-01		CEZF-E - ZERMEZEELE	FBOTA			0	0	1		227
R	WWBOTA	B/F-0058		2024-10-01		CEZF-D - ARNEKE	FBOTA			0	0	1		227
R	WWBOTA	B/F-0059		2024-10-01		CEZF-F - HARDIFORT	FBOTA			0	0	1		227
R	WWBOTA	B/F-0060		2024-10-01		CEZF-G - RYVELD Ouest	FBOTA			0	0	1		227
R	WWBOTA	B/F-0061		2024-10-01		CEZF-H - RYVELD Est	FBOTA			0	0	1		227
R	WWBOTA	B/F-0062		2024-10-01		B106 - SAINT ELOI	FBOTA			0	0	1		227
R	WWBOTA	B/F-0063		2024-10-01		CEZF-C - OCHTEZEELE	FBOTA			0	0	1		227
R	WWBOTA	B/F-0064		2024-10-01		CEZF-B - Les HUIT MESURES	FBOTA			0	0	1		227
R	WWBOTA	B/F-0065		2024-10-01		B109 - CONSTANTINE	FBOTA			0	0	1		227
R	WWBOTA	B/F-0066		2024-10-01		B110 - STEENVOORDE Nord	FBOTA			0	0	1		227
R	WWBOTA	B/F-0067		2024-10-01		CEZF-A - BALEMBERG	FBOTA			0	0	1		227
R	WWBOTA	B/F-0068		2024-10-01		B112 - STEENVOORDE Est	FBOTA			0	0	1		227
R	WWBOTA	B/F-0069		2024-10-01		KLOSTERMEULIN	FBOTA			0	0	1		227
R	WWBOTA	B/F-0070		2024-10-01		B115 - ROMMEL BECQUE	FBOTA			0	0	1		227
R	WWBOTA	B/F-0071		2024-10-01		B114 - STEENVOORDE Sud	FBOTA			0	0	1		227
R	WWBOTA	B/F-0072		2024-10-01		B116 - STEENVOORDE Sud-Est	FBOTA			0	0	1		227
R	WWBOTA	B/F-0073		2024-10-01		C9 - EECKE Nord	FBOTA			0	0	1		227
R	WWBOTA	B/F-0074		2024-10-01		B120 - EECKE	FBOTA			0	0	1		227
R	WWBOTA	B/F-0075		2024-10-01		C10 - QUEUE de VACHE	FBOTA			0	0	1		227
R	WWBOTA	B/F-0076		2024-10-01		CEZF - OOST HOUCK Sud	FBOTA			0	0	1		227
R	WWBOTA	B/F-0077		2024-10-01		B123 - QUEUE de VACHE Nord	FBOTA			0	0	1		227
R	WWBOTA	B/F-0078		2024-10-01		C11 - KEYSELAERE Sud	FBOTA			0	0	1		227
R	WWBOTA	B/F-0079		2024-10-01		B122 - QUEUE de VACHE	FBOTA			0	0	1		227
R	WWBOTA	B/F-0080		2024-10-01		A6 - EPI de BLE	FBOTA			0	0	1		227
R	WWBOTA	B/F-0081		2024-10-01		B166 - USINE de BOESCHEPE	FBOTA			0	0	1		227
R	WWBOTA	B/F-0082		2024-10-01		B167 - BOESCHEPE	FBOTA			0	0	1		227
R	WWBOTA	B/F-0083		2024-10-01		B145 - FOCQUEMPREZ Est	FBOTA			0	0	1		227
R	WWBOTA	B/F-0084		2024-10-01		B165 - MONT de BOESCHEPE	FBOTA			0	0	1		227
R	WWBOTA	B/F-0085		2024-10-01		B142 - GODEWAERSVELDE Sud	FBOTA			0	0	1		227
R	WWBOTA	B/F-0086		2024-10-01		B168 - SPATTERKEN	FBOTA			0	0	1		227
R	WWBOTA	B/F-0087		2024-10-01		B170 - VLENINKHOF Est	FBOTA			0	0	1		227
R	WWBOTA	B/F-0088		2024-10-01		B169 - MONT KOKEREEL	FBOTA			0	0	1		227
R	WWBOTA	B/F-0089		2024-10-01		B171 - VLENINKHOF Sud	FBOTA			0	0	1		227
R	WWBOTA	B/F-0090		2024-10-01		B251 - Les QUATRE MONDES Nord	FBOTA			0	0	1		227
R	WWBOTA	B/F-0091		2024-10-01		B246bis - MENIN	FBOTA			0	0	1		227
R	WWBOTA	B/F-0092		2024-10-01		B172 - PURGATOIRE	FBOTA			0	0	1		227
R	WWBOTA	B/F-0093		2024-10-01		B246 - Le MOLINEL	FBOTA			0	0	1		227
R	WWBOTA	B/F-0094		2024-10-01		B175 - LEVRETTE	FBOTA			0	0	1		227
R	WWBOTA	B/F-0095		2024-10-01		B253 - HALLUIN	FBOTA			0	0	1		227
R	WWBOTA	B/F-0096		2024-10-01		A7 - PUDEFORT Ouest	FBOTA			0	0	1		227
R	WWBOTA	B/F-0097		2024-10-01		B184 - PUDEFORT	FBOTA			0	0	1		227
R	WWBOTA	B/F-0098		2024-10-01		A9 - MONT NOIR GAUCHE	FBOTA			0	0	1		227
R	WWBOTA	B/F-0099		2024-10-01		B254 - Les MEURINS	FBOTA			0	0	1		227
R	WWBOTA	B/F-0100		2024-10-01		B185 - MONT NOIR	FBOTA			0	0	1		227
R	WWBOTA	B/F-0101		2024-10-01		A10 - MONT NOIR DROITE	FBOTA			0	0	1		227
R	WWBOTA	B/F-0102		2024-10-01		A11 - ERMITAGE Nord	FBOTA			0	0	1		227
R	WWBOTA	B/F-0103		2024-10-01		A12 - ERMITAGE Sud	FBOTA			0	0	1		227
R	WWBOTA	B/F-0104		2024-10-01		B247 - FERME CALLENS	FBOTA			0	0	1		227
R	WWBOTA	B/F-0105		2024-10-01		B250 - NOUVEAU MONDE	FBOTA			0	0	1		227
R	WWBOTA	B/F-0106		2024-10-01		B255 - TRIEZ CAILLOUX	FBOTA			0	0	1		227
R	WWBOTA	B/F-0107		2024-10-01		B241 - WERVICQ Ouest	FBOTA			0	0	1		227
R	WWBOTA	B/F-0108		2024-10-01		B248 - MAISONS CATTEAU	FBOTA			0	0	1		227
R	WWBOTA	B/F-0109		2024-10-01		B256 - La GRANDE BARBE	FBOTA			0	0	1		227
R	WWBOTA	B/F-0110		2024-10-01		A13 - CROIX de POPERINGHE	FBOTA			0	0	1		227
R	WWBOTA	B/F-0111		2024-10-01		B249 - La GRANDE PATURE	FBOTA			0	0	1		227
R	WWBOTA	B/F-0112		2024-10-01		B257 - DRONKAERT	FBOTA			0	0	1		227
R	WWBOTA	B/F-0113		2024-10-01		B263 - Le VERTUQUET	FBOTA			0	0	1		227
R	WWBOTA	B/F-0114		2024-10-01		B254bis - PONT du FORET	FBOTA			0	0	1		227
R	WWBOTA	B/F-0115		2024-10-01		B258 - MONT d'HALLUIN	FBOTA			0	0	1		227
R	WWBOTA	B/F-0116		2024-10-01		B261 - RONCQ-MOVIAIRE	FBOTA			0	0	1		227
R	WWBOTA	B/F-0117		2024-10-01		B240 - HOCART	FBOTA			0	0	1		227
R	WWBOTA	B/F-0118		2024-10-01		B196 - COIN du MOULIN	FBOTA			0	0	1		227
R	WWBOTA	B/F-0119		2024-10-01		B262 - FERME du FORET	FBOTA			0	0	1		227
R	WWBOTA	B/F-0120		2024-10-01		A14 - DRANAUTHE	FBOTA			0	0	1		227
R	WWBOTA	B/F-0121		2024-10-01		B240bis - HOCART Ouest	FBOTA			0	0	1		227
R	WWBOTA	B/F-0122		2024-10-01		B264 - Le BILEMONT	FBOTA			0	0	1		227
R	WWBOTA	B/F-0123		2024-10-01		B200 - La HILLE	FBOTA			0	0	1		227
R	WWBOTA	B/F-0124		2024-10-01		B271 - NEUVILLE en FERRAIN	FBOTA			0	0	1		227
R	WWBOTA	B/F-0125		2024-10-01		B270 - BETHLEEM	FBOTA			0	0	1		227
R	WWBOTA	B/F-0126		2024-10-01		B239bis - La FERME BLANCHE	FBOTA			0	0	1		227
R	WWBOTA	B/F-0127		2024-10-01		B265 - Le PLAT-VINAGE	FBOTA			0	0	1		227
R	WWBOTA	B/F-0128		2024-10-01		B199 - CHAMPS SAINT ANTOINE	FBOTA			0	0	1		227
R	WWBOTA	B/F-0129		2024-10-01		B201 - CHAMPS SAINT ANTOINE Est	FBOTA			0	0	1		227
R	WWBOTA	B/F-0130		2024-10-01		B204 - RAVENSBERG	FBOTA			0	0	1		227
R	WWBOTA	B/F-0131		2024-10-01		B266 - LIAGRE	FBOTA			0	0	1		227
R	WWBOTA	B/F-0132		2024-10-01		B239 - WARNETON	FBOTA			0	0	1		227
R	WWBOTA	B/F-0133		2024-10-01		B272 - Le STAND	FBOTA			0	0	1		227
R	WWBOTA	B/F-0134		2024-10-01		B205 - SEBASTOPOL	FBOTA			0	0	1		227
R	WWBOTA	B/F-0135		2024-10-01		B273 - RISQUONS-TOUT	FBOTA			0	0	1		227
R	WWBOTA	B/F-0136		2024-10-01		B212 - SYEKELINDE	FBOTA			0	0	1		227
R	WWBOTA	B/F-0137		2024-10-01		B207 - RAVENSBERG Sud	FBOTA			0	0	1		227
R	WWBOTA	B/F-0138		2024-10-01		B267 - Les ORIONS	FBOTA			0	0	1		227
R	WWBOTA	B/F-0139		2024-10-01		B209 - FORCEVILLE	FBOTA			0	0	1		227
R	WWBOTA	B/F-0140		2024-10-01		B274 - CHENE HOUPLINE	FBOTA			0	0	1		227
R	WWBOTA	B/F-0141		2024-10-01		B275 - CROIX ROUGE Nord	FBOTA			0	0	1		227
R	WWBOTA	B/F-0142		2024-10-01		B216 - SAINT ELOI	FBOTA			0	0	1		227
R	WWBOTA	B/F-0143		2024-10-01		B211 - Le BERTHOF	FBOTA			0	0	1		227
R	WWBOTA	B/F-0144		2024-10-01		B276 - CROIX ROUGE Sud	FBOTA			0	0	1		227
R	WWBOTA	B/F-0145		2024-10-01		B218 - NOUVEAU MONDE Sud	FBOTA			0	0	1		227
R	WWBOTA	B/F-0146		2024-10-01		B277 - FLEURY Nord	FBOTA			0	0	1		227
R	WWBOTA	B/F-0147		2024-10-01		B219 - Les COURTS-PAYEUX	FBOTA			0	0	1		227
R	WWBOTA	B/F-0148		2024-10-01		B223 - Le BERTHOF Sud-Est	FBOTA			0	0	1		227
R	WWBOTA	B/F-0149		2024-10-01		B277bis - FLEURY Sud	FBOTA			0	0	1		227
R	WWBOTA	B/F-0150		2024-10-01		B220 - La CRECHE	FBOTA			0	0	1		227
R	WWBOTA	B/F-0151		2024-10-01		B221 - FERME SALOME	FBOTA			0	0	1		227
R	WWBOTA	B/F-0152		2024-10-01		B278 - SAPIN-VERT	FBOTA			0	0	1		227
R	WWBOTA	B/F-0153		2024-10-01		B228 - Le RABOT	FBOTA			0	0	1		227
R	WWBOTA	B/F-0154		2024-10-01		B229 - Le PAPOT	FBOTA			0	0	1		227
R	WWBOTA	B/F-0155		2024-10-01		B227 - STATION de STEENWERCK	FBOTA			0	0	1		227
R	WWBOTA	B/F-0156		2024-10-01		B279 - TRAMWAY	FBOTA			0	0	1		227
R	WWBOTA	B/F-0157		2024-10-01		B230 - Les TROIS ROIS	FBOTA			0	0	1		227
R	WWBOTA	B/F-0158		2024-10-01		B283 - La BOUTILLERIE	FBOTA			0	0	1		227
R	WWBOTA	B/F-0159		2024-10-01		B280 - L'ESPIERRE	FBOTA			0	0	1		227
R	WWBOTA	B/F-0160		2024-10-01		B231 - La BRUNE GAYE	FBOTA			0	0	1		227
R	WWBOTA	B/F-0161		2024-10-01		B234 - Le ROSSIGNOL	FBOTA			0	0	1		227
R	WWBOTA	B/F-0162		2024-10-01		B282 - WATTRELOS Est	FBOTA			0	0	1		227
R	WWBOTA	B/F-0163		2024-10-01		B281 - WATTRELOS Ouest	FBOTA			0	0	1		227
R	WWBOTA	B/F-0164		2024-10-01		B284 - BEAULIEU Nord	FBOTA			0	0	1		227
R	WWBOTA	B/F-0165		2024-10-01		B237 - Le GIBET	FBOTA			0	0	1		227
R	WWBOTA	B/F-0166		2024-10-01		B285 - BEAULIEU Sud	FBOTA			0	0	1		227
R	WWBOTA	B/F-0167		2024-10-01		B237bis - Le PERROQUET	FBOTA			0	0	1		227
R	WWBOTA	B/F-0168		2024-10-01		B238 - La FILATURE	FBOTA			0	0	1		227
R	WWBOTA	B/F-0169		2024-10-01		B286 - GRIMONPONT Nord	FBOTA			0	0	1		227
R	WWBOTA	B/F-0170		2024-10-01		B287 - GRIMONPONT Sud	FBOTA			0	0	1		227
R	WWBOTA	B/F-0171		2024-10-01		B288 - Le CANAL	FBOTA			0	0	1		227
R	WWBOTA	B/F-0172		2024-10-01		B289 - Le MUR	FBOTA			0	0	1		227
R	WWBOTA	B/F-0173		2024-10-01		B290 - La MOTELETTE	FBOTA			0	0	1		227
R	WWBOTA	B/F-0174		2024-10-01		B291 - Le BUISSON Sud	FBOTA			0	0	1		227
R	WWBOTA	B/F-0175		2024-10-01		B292 - VERT-BOIS	FBOTA			0	0	1		227
R	WWBOTA	B/F-0176		2024-10-01		B293 - Le FRESNOY	FBOTA			0	0	1		227
R	WWBOTA	B/F-0177		2024-10-01		B294 - LYS lez LANNOY	FBOTA			0	0	1		227
R	WWBOTA	B/F-0178		2024-10-01		B295 - TOUFFLERS Nord	FBOTA			0	0	1		227
R	WWBOTA	B/F-0179		2024-10-01		B296 - CHAPELLE MADAME	FBOTA			0	0	1		227
R	WWBOTA	B/F-0180		2024-10-01		B297 - TOUFFLERS Sud	FBOTA			0	0	1		227
R	WWBOTA	B/F-0181		2024-10-01		B298 - VIEUX-SAILLY	FBOTA			0	0	1		227
R	WWBOTA	B/F-0182		2024-10-01		B299 - La VALLEE	FBOTA			0	0	1		227
R	WWBOTA	B/F-0183		2024-10-01		B301 - Le CAMBUIS	FBOTA			0	0	1		227
R	WWBOTA	B/F-0184		2024-10-01		B300 - HEM Est	FBOTA			0	0	1		227
R	WWBOTA	B/F-0185		2024-10-01		B302 - La PASSERELLE	FBOTA			0	0	1		227
R	WWBOTA	B/F-0186		2024-10-01		B303 - Le FOREST	FBOTA			0	0	1		227
R	WWBOTA	B/F-0187		2024-10-01		B304 - PETIT MARAIS	FBOTA			0	0	1		227
R	WWBOTA	B/F-0188		2024-10-01		B305 - GRESSART	FBOTA			0	0	1		227
R	WWBOTA	B/F-0189		2024-10-01		B306 - ROCH Est	FBOTA			0	0	1		227
R	WWBOTA	B/F-0190		2024-10-01		B307 - ROCH Ouest	FBOTA			0	0	1		227
R	WWBOTA	B/F-0191		2024-10-01		B308 - PONT A  TRESSIN Nord	FBOTA			0	0	1		227
R	WWBOTA	B/F-0192		2024-10-01		B310 - PONT A  TRESSIN	FBOTA			0	0	1		227
R	WWBOTA	B/F-0193		2024-10-01		B309 - PONT A  TRESSIN Sud	FBOTA			0	0	1		227
R	WWBOTA	B/F-0194		2024-10-01		B312 - ANSTAING	FBOTA			0	0	1		227
R	WWBOTA	B/F-0195		2024-10-01		B313 - GRUSON Nord-Ouest	FBOTA			0	0	1		227
R	WWBOTA	B/F-0196		2024-10-01		B314bis - GRUSON Nord	FBOTA			0	0	1		227
R	WWBOTA	B/F-0197		2024-10-01		B314 - GRUSON Sud	FBOTA			0	0	1		227
R	WWBOTA	B/F-0198		2024-10-01		B316 - NOYELLE	FBOTA			0	0	1		227
R	WWBOTA	B/F-0199		2024-10-01		B311 - La COUTURE	FBOTA			0	0	1		227
R	WWBOTA	B/F-0200		2024-10-01		B317 - La COURTE	FBOTA			0	0	1		227
R	WWBOTA	B/F-0201		2024-10-01		B320 - CAMPHIN	FBOTA			0	0	1		227
R	WWBOTA	B/F-0202		2024-10-01		B318 - BOUVINES	FBOTA			0	0	1		227
R	WWBOTA	B/F-0203		2024-10-01		B321 - MELCHAMEZ Ouest	FBOTA			0	0	1		227
R	WWBOTA	B/F-0204		2024-10-01		B330 - MOULIN MATHON	FBOTA			0	0	1		227
R	WWBOTA	B/F-0205		2024-10-01		B323 - LOUVIL	FBOTA			0	0	1		227
R	WWBOTA	B/F-0206		2024-10-01		B322 - MELCHAMEZ Sud	FBOTA			0	0	1		227
R	WWBOTA	B/F-0207		2024-10-01		B331 - Les RECREUILS Nord	FBOTA			0	0	1		227
R	WWBOTA	B/F-0208		2024-10-01		B324 - CYSOING	FBOTA			0	0	1		227
R	WWBOTA	B/F-0209		2024-10-01		B332 - Les RECREUILS Sud	FBOTA			0	0	1		227
R	WWBOTA	B/F-0210		2024-10-01		B326 - QUENNAUMONT	FBOTA			0	0	1		227
R	WWBOTA	B/F-0211		2024-10-01		B334 - La PLAINE Nord	FBOTA			0	0	1		227
R	WWBOTA	B/F-0212		2024-10-01		B335 - La PLAINE Sud	FBOTA			0	0	1		227
R	WWBOTA	B/F-0213		2024-10-01		B333 - Le PARC	FBOTA			0	0	1		227
R	WWBOTA	B/F-0214		2024-10-01		B327 - BOIS du SARTEAU	FBOTA			0	0	1		227
R	WWBOTA	B/F-0215		2024-10-01		B328 - COBRIEUX Nord	FBOTA			0	0	1		227
R	WWBOTA	B/F-0216		2024-10-01		B329 - COBRIEUX Sud	FBOTA			0	0	1		227
R	WWBOTA	B/F-0217		2024-10-01		B336 - SARTAINE	FBOTA			0	0	1		227
R	WWBOTA	B/F-0218		2024-10-01		B337 - FAY	FBOTA			0	0	1		227
R	WWBOTA	B/F-0219		2024-10-01		B338 - CHATEAU du FAY	FBOTA			0	0	1		227
R	WWBOTA	B/F-0220		2024-10-01		B341 - HAMEAU de l'HOTEL	FBOTA			0	0	1		227
R	WWBOTA	B/F-0221		2024-10-01		B339 - CENSE de COBRIEUX	FBOTA			0	0	1		227
R	WWBOTA	B/F-0222		2024-10-01		B340 - RUE de l'HOTEL	FBOTA			0	0	1		227
R	WWBOTA	B/F-0223		2024-10-01		B342 - MARAIS de BERCU	FBOTA			0	0	1		227
R	WWBOTA	B/F-0224		2024-10-01		B345 - BERCU PONT d'OR	FBOTA			0	0	1		227
R	WWBOTA	B/F-0225		2024-10-01		B348 - PONT de FRANCE	FBOTA			0	0	1		227
R	WWBOTA	B/F-0226		2024-10-01		B349 - MONTURY	FBOTA			0	0	1		227
R	WWBOTA	B/F-0227		2024-10-01		B343 - BOIS de BERCU Nord	FBOTA			0	0	1		227
R	WWBOTA	B/F-0228		2024-10-01		B344 - BOIS de VARLET Nord	FBOTA			0	0	1		227
R	WWBOTA	B/F-0229		2024-10-01		B355 - MOUCHIN Est	FBOTA			0	0	1		227
R	WWBOTA	B/F-0230		2024-10-01		B354 - BAS-PREAU	FBOTA			0	0	1		227
R	WWBOTA	B/F-0231		2024-10-01		B353 - MOUCHIN Ouest	FBOTA			0	0	1		227
R	WWBOTA	B/F-0232		2024-10-01		B356 - PONT du CHATEAU	FBOTA			0	0	1		227
R	WWBOTA	B/F-0233		2024-10-01		B350 - RUE du MOULIN	FBOTA			0	0	1		227
R	WWBOTA	B/F-0234		2024-10-01		B347 - BOIS de VARLET Sud 2	FBOTA			0	0	1		227
R	WWBOTA	B/F-0235		2024-10-01		B346 - BOIS de VARLET Sud 1	FBOTA			0	0	1		227
R	WWBOTA	B/F-0236		2024-10-01		B357 - PONT du BROCHET	FBOTA			0	0	1		227
R	WWBOTA	B/F-0237		2024-10-01		B352 - LANNAY Nord	FBOTA			0	0	1		227
R	WWBOTA	B/F-0238		2024-10-01		B351 - LANNAY Sud	FBOTA			0	0	1		227
R	WWBOTA	B/F-0239		2024-10-01		B358 - La BOUGRIE Ouest	FBOTA			0	0	1		227
R	WWBOTA	B/F-0240		2024-10-01		B359 - La BOUGRIE Est	FBOTA			0	0	1		227
R	WWBOTA	B/F-0241		2024-10-01		B360 - CUL du FOUR Ouest	FBOTA			0	0	1		227
R	WWBOTA	B/F-0242		2024-10-01		B361 - CUL du FOUR Est	FBOTA			0	0	1		227
R	WWBOTA	B/F-0243		2024-10-01		B362 - RUE PRIERE	FBOTA			0	0	1		227
R	WWBOTA	B/F-0244		2024-10-01		A21 - MAULDE Sud	FBOTA			0	0	1		227
R	WWBOTA	B/F-0245		2024-10-01		B397 - ECLUSE de RODIGNIES	FBOTA			0	0	1		227
R	WWBOTA	B/F-0246		2024-10-01		A17 - MAULDE Sud Ouest Droite (2)	FBOTA			0	0	1		227
R	WWBOTA	B/F-0247		2024-10-01		A22 - TRINQUETTE	FBOTA			0	0	1		227
R	WWBOTA	B/F-0248		2024-10-01		A16 - MAULDE Sud Ouest  Gauche (1)	FBOTA			0	0	1		227
R	WWBOTA	B/F-0249		2024-10-01		A19 - FORT de MAULDE	FBOTA			0	0	1		227
R	WWBOTA	B/F-0250		2024-10-01		B363 - CASERNE des DOUANES	FBOTA			0	0	1		227
R	WWBOTA	B/F-0251		2024-10-01		A20 - FORT de MAULDE Est	FBOTA			0	0	1		227
R	WWBOTA	B/F-0252		2024-10-01		A18 - FORT de MAULDE Ouest	FBOTA			0	0	1		227
R	WWBOTA	B/F-0253		2024-10-01		A15 - MAULDE Sud Ouest 3 - AMETHYSTE	FBOTA			0	0	1		227
R	WWBOTA	B/F-0254		2024-10-01		B368 - CENSE de CHOQUES	FBOTA			0	0	1		227
R	WWBOTA	B/F-0255		2024-10-01		B396 - RODIGNIES Ouest	FBOTA			0	0	1		227
R	WWBOTA	B/F-0256		2024-10-01		A25 - RODIGNIES Est	FBOTA			0	0	1		227
R	WWBOTA	B/F-0257		2024-10-01		A20bis - B381 - FORT de MAULDE - Casemate de 155	FBOTA			0	0	1		227
R	WWBOTA	B/F-0258		2024-10-01		A23 - MONT de la JUSTICE	FBOTA			0	0	1		227
R	WWBOTA	B/F-0259		2024-10-01		B367 - RUE DAMBRIE	FBOTA			0	0	1		227
R	WWBOTA	B/F-0260		2024-10-01		B365 - BOIS de WABENPRE	FBOTA			0	0	1		227
R	WWBOTA	B/F-0261		2024-10-01		B378 - BOIS MONTOIR (PdS)	FBOTA			0	0	1		227
R	WWBOTA	B/F-0262		2024-10-01		B395 - PONT de  L'IMBECILE	FBOTA			0	0	1		227
R	WWBOTA	B/F-0263		2024-10-01		A26 - CHATEAU L'ABBAYE	FBOTA			0	0	1		227
R	WWBOTA	B/F-0264		2024-10-01		B386 - L'ALOUETTE	FBOTA			0	0	1		227
R	WWBOTA	B/F-0265		2024-10-01		B384 - L'ALOUETTE	FBOTA			0	0	1		227
R	WWBOTA	B/F-0266		2024-10-01		B394 - GRAND MANOIR (PdS)	FBOTA			0	0	1		227
R	WWBOTA	B/F-0267		2024-10-01		B364 - Le MORTIER	FBOTA			0	0	1		227
R	WWBOTA	B/F-0268		2024-10-01		A24 - ARDOISE	FBOTA			0	0	1		227
R	WWBOTA	B/F-0269		2024-10-01		A27bis - CHARBON	FBOTA			0	0	1		227
R	WWBOTA	B/F-0270		2024-10-01		B366bis - LE ROTELEUX	FBOTA			0	0	1		227
R	WWBOTA	B/F-0271		2024-10-01		A27 - PETIT MARAIS	FBOTA			0	0	1		227
R	WWBOTA	B/F-0272		2024-10-01		B366 - BOIS BRULE	FBOTA			0	0	1		227
R	WWBOTA	B/F-0273		2024-10-01		B392 - THUN (PdS)	FBOTA			0	0	1		227
R	WWBOTA	B/F-0274		2024-10-01		B387 - COUTURE de REUMEZ	FBOTA			0	0	1		227
R	WWBOTA	B/F-0275		2024-10-01		B369 - RUE des FEVES	FBOTA			0	0	1		227
R	WWBOTA	B/F-0276		2024-10-01		B376 - RUE du CORBEAU	FBOTA			0	0	1		227
R	WWBOTA	B/F-0277		2024-10-01		B388 - FRESNOY	FBOTA			0	0	1		227
R	WWBOTA	B/F-0278		2024-10-01		371 - RUE BOUCHARD	FBOTA			0	0	1		227
R	WWBOTA	B/F-0279		2024-10-01		A28 - LONG BUHOT	FBOTA			0	0	1		227
R	WWBOTA	B/F-0280		2024-10-01		B391 - NIVELLE Nord	FBOTA			0	0	1		227
R	WWBOTA	B/F-0281		2024-10-01		B398 - BURIDON Nord	FBOTA			0	0	1		227
R	WWBOTA	B/F-0282		2024-10-01		A29 -  DIAMANT	FBOTA			0	0	1		227
R	WWBOTA	B/F-0283		2024-10-01		B399 - BURIDON Sud	FBOTA			0	0	1		227
R	WWBOTA	B/F-0284		2024-10-01		B404 - NORD de BRUILLE	FBOTA			0	0	1		227
R	WWBOTA	B/F-0285		2024-10-01		A30 - BRUILLE Nord	FBOTA			0	0	1		227
R	WWBOTA	B/F-0286		2024-10-01		A31 - BRUILLE Sud	FBOTA			0	0	1		227
R	WWBOTA	B/F-0287		2024-10-01		B403 - HAUTERIVE Est	FBOTA			0	0	1		227
R	WWBOTA	B/F-0288		2024-10-01		B416 - CHATEAU de FOREST	FBOTA			0	0	1		227
R	WWBOTA	B/F-0289		2024-10-01		B405 - SUD de BRUILLE	FBOTA			0	0	1		227
R	WWBOTA	B/F-0290		2024-10-01		B413 - MAIRIE de BRUILLE	FBOTA			0	0	1		227
R	WWBOTA	B/F-0291		2024-10-01		A32 - EMERAUDE	FBOTA			0	0	1		227
R	WWBOTA	B/F-0292		2024-10-01		HAUTE RIVE - C5	FBOTA			0	0	1		227
R	WWBOTA	B/F-0293		2024-10-01		B415 - TOUR du MOULIN	FBOTA			0	0	1		227
R	WWBOTA	B/F-0294		2024-10-01		MARLIERES - C4	FBOTA			0	0	1		227
R	WWBOTA	B/F-0295		2024-10-01		ROSIERES - C3	FBOTA			0	0	1		227
R	WWBOTA	B/F-0296		2024-10-01		B425 - CONDE 1	FBOTA			0	0	1		227
R	WWBOTA	B/F-0297		2024-10-01		A33 - GRANIT	FBOTA			0	0	1		227
R	WWBOTA	B/F-0298		2024-10-01		B420 - ODOMEZ	FBOTA			0	0	1		227
R	WWBOTA	B/F-0299		2024-10-01		B428bis - CONDE 7	FBOTA			0	0	1		227
R	WWBOTA	B/F-0300		2024-10-01		B426 - CONDE 3	FBOTA			0	0	1		227
R	WWBOTA	B/F-0301		2024-10-01		DREVE SAINT ANTOINE - C6	FBOTA			0	0	1		227
R	WWBOTA	B/F-0302		2024-10-01		B421 - FOSSE du SARTEAU - TOUR CARREE	FBOTA			0	0	1		227
R	WWBOTA	B/F-0303		2024-10-01		B427 - CONDE 5	FBOTA			0	0	1		227
R	WWBOTA	B/F-0304		2024-10-01		B428 - CONDE 6	FBOTA			0	0	1		227
R	WWBOTA	B/F-0305		2024-10-01		B417 - HAUTE VILLE	FBOTA			0	0	1		227
R	WWBOTA	B/F-0306		2024-10-01		B429 - CONDE 8	FBOTA			0	0	1		227
R	WWBOTA	B/F-0307		2024-10-01		418 - FERME BAR	FBOTA			0	0	1		227
R	WWBOTA	B/F-0308		2024-10-01		B431 - CONDE 11	FBOTA			0	0	1		227
R	WWBOTA	B/F-0309		2024-10-01		B435 - CONDE 16	FBOTA			0	0	1		227
R	WWBOTA	B/F-0310		2024-10-01		B432bis - CONDE 13	FBOTA			0	0	1		227
R	WWBOTA	B/F-0311		2024-10-01		B432 - CONDE 12	FBOTA			0	0	1		227
R	WWBOTA	B/F-0312		2024-10-01		B436 - CONDE 17	FBOTA			0	0	1		227
R	WWBOTA	B/F-0313		2024-10-01		B419 - FRESNES Ouest	FBOTA			0	0	1		227
R	WWBOTA	B/F-0314		2024-10-01		LIEVRE Ouest - C7	FBOTA			0	0	1		227
R	WWBOTA	B/F-0315		2024-10-01		LIEVRE Est - C8	FBOTA			0	0	1		227
R	WWBOTA	B/F-0316		2024-10-01		A35 - RUBIS	FBOTA			0	0	1		227
R	WWBOTA	B/F-0317		2024-10-01		CIMETIERE du MONT des BRUYERES - C2	FBOTA			0	0	1		227
R	WWBOTA	B/F-0318		2024-10-01		B439 - FORT MASSY	FBOTA			0	0	1		227
R	WWBOTA	B/F-0319		2024-10-01		B400 - COLINIERE	FBOTA			0	0	1		227
R	WWBOTA	B/F-0320		2024-10-01		TRIEUX d'ESCAUPONT Ouest - C9	FBOTA			0	0	1		227
R	WWBOTA	B/F-0321		2024-10-01		TRIEUX d'ESCAUPONT Est - C10	FBOTA			0	0	1		227
R	WWBOTA	B/F-0322		2024-10-01		NOTRE DAME d'AMOUR - C1	FBOTA			0	0	1		227
R	WWBOTA	B/F-0323		2024-10-01		CIMETIERE d'ESCAUPONT Ouest - C11	FBOTA			0	0	1		227
R	WWBOTA	B/F-0324		2024-10-01		B441 - L'ATELIER	FBOTA			0	0	1		227
R	WWBOTA	B/F-0325		2024-10-01		CIMETIERE d'ESCAUPONT Est - C12	FBOTA			0	0	1		227
R	WWBOTA	B/F-0326		2024-10-01		B442 - VOIE-FERREE	FBOTA			0	0	1		227
R	WWBOTA	B/F-0327		2024-10-01		VICQ  Nord	FBOTA			0	0	1		227
R	WWBOTA	B/F-0328		2024-10-01		VICQ Est	FBOTA			0	0	1		227
R	WWBOTA	B/F-0329		2024-10-01		B444 - FOSSE CUVINOT	FBOTA			0	0	1		227
R	WWBOTA	B/F-0330		2024-10-01		B445 - La VOIE-NOIRE	FBOTA			0	0	1		227
R	WWBOTA	B/F-0331		2024-10-01		BEGONIA	FBOTA			0	0	1		227
R	WWBOTA	B/F-0332		2024-10-01		B448 - QUATRE CHASSES (PdS)	FBOTA			0	0	1		227
R	WWBOTA	B/F-0333		2024-10-01		B451 - CIMETIÃˆRE d'ONNAING (PdS)	FBOTA			0	0	1		227
R	WWBOTA	B/F-0334		2024-10-01		CAMELIA	FBOTA			0	0	1		227
R	WWBOTA	B/F-0335		2024-10-01		B453 - STADE d'ONNAING	FBOTA			0	0	1		227
R	WWBOTA	B/F-0336		2024-10-01		B454 - QUAROUBLE (PdS - PC S/s-Quartier Onnaing)	FBOTA			0	0	1		227
R	WWBOTA	B/F-0337		2024-10-01		B457 - STADE d'ONNAING (PdS)	FBOTA			0	0	1		227
R	WWBOTA	B/F-0338		2024-10-01		B461 - RESERVOIR d'ONNAING	FBOTA			0	0	1		227
R	WWBOTA	B/F-0339		2024-10-01		B464 - BARAQUE des CHASSEURS (PdS)	FBOTA			0	0	1		227
R	WWBOTA	B/F-0340		2024-10-01		B460 - RESERVOIR d'ONNAING (PdS)	FBOTA			0	0	1		227
R	WWBOTA	B/F-0341		2024-10-01		B465 - BARAQUE des CHASSEURS	FBOTA			0	0	1		227
R	WWBOTA	B/F-0342		2024-10-01		B477 - ESTREUX Nord	FBOTA			0	0	1		227
R	WWBOTA	B/F-0343		2024-10-01		CAP d'AINE	FBOTA			0	0	1		227
R	WWBOTA	B/F-0344		2024-10-01		B478 - ESTREUX (PdS)	FBOTA			0	0	1		227
R	WWBOTA	B/F-0345		2024-10-01		B479 - ESTREUX Sud	FBOTA			0	0	1		227
R	WWBOTA	B/F-0346		2024-10-01		A45 - ROUEN	FBOTA			0	0	1		227
R	WWBOTA	B/F-0347		2024-10-01		A46 - GLAIEUL	FBOTA			0	0	1		227
R	WWBOTA	B/F-0348		2024-10-01		B481 - FERME du MOULIN	FBOTA			0	0	1		227
R	WWBOTA	B/F-0349		2024-10-01		A47 - PAON	FBOTA			0	0	1		227
R	WWBOTA	B/F-0350		2024-10-01		B482 - SAINT DRUON (PdS)	FBOTA			0	0	1		227
R	WWBOTA	B/F-0351		2024-10-01		B483 - CALVAIRE SAINT DRUON	FBOTA			0	0	1		227
R	WWBOTA	B/F-0352		2024-10-01		A48 - CHATEAU de SAULTAIN	FBOTA			0	0	1		227
R	WWBOTA	B/F-0353		2024-10-01		A49 - GLYCINE	FBOTA			0	0	1		227
R	WWBOTA	B/F-0354		2024-10-01		B484 - STATION de CURGIES	FBOTA			0	0	1		227
R	WWBOTA	B/F-0355		2024-10-01		B487 - CURGIES (PdS)	FBOTA			0	0	1		227
R	WWBOTA	B/F-0356		2024-10-01		B488 - CIMETIERE de CURGIES	FBOTA			0	0	1		227
R	WWBOTA	B/F-0357		2024-10-01		TALANDIER - C13	FBOTA			0	0	1		227
R	WWBOTA	B/F-0358		2024-10-01		A50 - NICE	FBOTA			0	0	1		227
R	WWBOTA	B/F-0359		2024-10-01		A51 - CHAPELLE de SAULTAIN	FBOTA			0	0	1		227
R	WWBOTA	B/F-0360		2024-10-01		A53 - CEDRE	FBOTA			0	0	1		227
R	WWBOTA	B/F-0361		2024-10-01		B600 - BOIS des ECOLIERS Est	FBOTA			0	0	1		227
R	WWBOTA	B/F-0362		2024-10-01		BERSILLIES B1	FBOTA			0	0	1		227
R	WWBOTA	B/F-0363		2024-10-01		A54 - LILAS	FBOTA			0	0	1		227
R	WWBOTA	B/F-0364		2024-10-01		B599 - BOIS des ECOLIERS Ouest	FBOTA			0	0	1		227
R	WWBOTA	B/F-0365		2024-10-01		A55 - HORTENSIA	FBOTA			0	0	1		227
R	WWBOTA	B/F-0366		2024-10-01		B490 - CURGIES Sud-Est	FBOTA			0	0	1		227
R	WWBOTA	B/F-0367		2024-10-01		A52 - CURGIES Sud	FBOTA			0	0	1		227
R	WWBOTA	B/F-0368		2024-10-01		B598 - CORON d'AMOUR	FBOTA			0	0	1		227
R	WWBOTA	B/F-0369		2024-10-01		B601 - CHAPELLE SAINT JOSEPH Nord	FBOTA			0	0	1		227
R	WWBOTA	B/F-0370		2024-10-01		CREVECOEUR	FBOTA			0	0	1		227
R	WWBOTA	B/F-0371		2024-10-01		B597 - BOIS des LANIERES 9	FBOTA			0	0	1		227
R	WWBOTA	B/F-0372		2024-10-01		B491 - NOTRE DAME	FBOTA			0	0	1		227
R	WWBOTA	B/F-0373		2024-10-01		A56 - Le LYS	FBOTA			0	0	1		227
R	WWBOTA	B/F-0374		2024-10-01		B604 - Le PAVILLON Ouest	FBOTA			0	0	1		227
R	WWBOTA	B/F-0375		2024-10-01		B605 - Le PAVILLON Est	FBOTA			0	0	1		227
R	WWBOTA	B/F-0376		2024-10-01		B602 - CHAPELLE SAINT JOSEPH (poste de tir)	FBOTA			0	0	1		227
R	WWBOTA	B/F-0377		2024-10-01		B593 - BOIS des LANIERES 5	FBOTA			0	0	1		227
R	WWBOTA	B/F-0378		2024-10-01		B500 - CHAMP d'en-BAS	FBOTA			0	0	1		227
R	WWBOTA	B/F-0379		2024-10-01		B596 - BOIS des LANIERES 8	FBOTA			0	0	1		227
R	WWBOTA	B/F-0380		2024-10-01		B589 - BOIS des LANIERES 2	FBOTA			0	0	1		227
R	WWBOTA	B/F-0381		2024-10-01		B590 - BOIS des LANIERES 3	FBOTA			0	0	1		227
R	WWBOTA	B/F-0382		2024-10-01		B595 - BOIS des LANIERES 7	FBOTA			0	0	1		227
R	WWBOTA	B/F-0383		2024-10-01		B592 - BOIS des LANIERES 4	FBOTA			0	0	1		227
R	WWBOTA	B/F-0384		2024-10-01		La SALMAGNE Bloc	FBOTA			0	0	1		227
R	WWBOTA	B/F-0385		2024-10-01		B594 - BOIS des LANIERES 6	FBOTA			0	0	1		227
R	WWBOTA	B/F-0386		2024-10-01		B493 - TALANDIER Sud-Est (PdS)	FBOTA			0	0	1		227
R	WWBOTA	B/F-0387		2024-10-01		B492 - JENLAIN Nord	FBOTA			0	0	1		227
R	WWBOTA	B/F-0388		2024-10-01		B588 - BOIS des LANIERES 1	FBOTA			0	0	1		227
R	WWBOTA	B/F-0389		2024-10-01		LANIERE Ouest	FBOTA			0	0	1		227
R	WWBOTA	B/F-0390		2024-10-01		SAINT PIERRE d'HAUMONT	FBOTA			0	0	1		227
R	WWBOTA	B/F-0391		2024-10-01		B587 - MALPLAQUET Est	FBOTA			0	0	1		227
R	WWBOTA	B/F-0392		2024-10-01		Les SARTS B1	FBOTA			0	0	1		227
R	WWBOTA	B/F-0393		2024-10-01		JENLAIN - C14	FBOTA			0	0	1		227
R	WWBOTA	B/F-0394		2024-10-01		B499 - PETITE AUNELLE	FBOTA			0	0	1		227
R	WWBOTA	B/F-0395		2024-10-01		B586 - MALPLAQUET Ouest	FBOTA			0	0	1		227
R	WWBOTA	B/F-0396		2024-10-01		A58 - JENLAIN Ouest	FBOTA			0	0	1		227
R	WWBOTA	B/F-0397		2024-10-01		B606 - ROTELEUX	FBOTA			0	0	1		227
R	WWBOTA	B/F-0398		2024-10-01		ETH B1	FBOTA			0	0	1		227
R	WWBOTA	B/F-0399		2024-10-01		B585 - RIEZ de l'ERELLE	FBOTA			0	0	1		227
R	WWBOTA	B/F-0400		2024-10-01		B498 - JENLAIN Nord-Ouest	FBOTA			0	0	1		227
R	WWBOTA	B/F-0401		2024-10-01		HERONFONTAINE	FBOTA			0	0	1		227
R	WWBOTA	B/F-0402		2024-10-01		CIMETIERE de MAIRIEUX	FBOTA			0	0	1		227
R	WWBOTA	B/F-0403		2024-10-01		B584 - TAISNIERES	FBOTA			0	0	1		227
R	WWBOTA	B/F-0404		2024-10-01		FEIGNIES Nord	FBOTA			0	0	1		227
R	WWBOTA	B/F-0405		2024-10-01		A60 - MIMOSA	FBOTA			0	0	1		227
R	WWBOTA	B/F-0406		2024-10-01		B545 - SAINT WAAST la VALLEE	FBOTA			0	0	1		227
R	WWBOTA	B/F-0407		2024-10-01		B567 - La CARLOTTE	FBOTA			0	0	1		227
R	WWBOTA	B/F-0408		2024-10-01		JEAN BART	FBOTA			0	0	1		227
R	WWBOTA	B/F-0409		2024-10-01		A59 - PRESEAU Est	FBOTA			0	0	1		227
R	WWBOTA	B/F-0410		2024-10-01		CIMETIERE d'ELESMES	FBOTA			0	0	1		227
R	WWBOTA	B/F-0411		2024-10-01		ELESMES	FBOTA			0	0	1		227
R	WWBOTA	B/F-0412		2024-10-01		B583 - HAMEAU sur HON	FBOTA			0	0	1		227
R	WWBOTA	B/F-0413		2024-10-01		B543 - SAINT WAAST	FBOTA			0	0	1		227
R	WWBOTA	B/F-0414		2024-10-01		CHAMP de MALPRE	FBOTA			0	0	1		227
R	WWBOTA	B/F-0415		2024-10-01		B562 - CHEMIN de FER Est	FBOTA			0	0	1		227
R	WWBOTA	B/F-0416		2024-10-01		HOUDAIN	FBOTA			0	0	1		227
R	WWBOTA	B/F-0417		2024-10-01		B513 - WARGNIES le GRAND	FBOTA			0	0	1		227
R	WWBOTA	B/F-0418		2024-10-01		B542 - FERME de la TOUR	FBOTA			0	0	1		227
R	WWBOTA	B/F-0419		2024-10-01		B546 - La TALPIETTE	FBOTA			0	0	1		227
R	WWBOTA	B/F-0420		2024-10-01		B636 - BOIS d'ELESMES	FBOTA			0	0	1		227
R	WWBOTA	B/F-0421		2024-10-01		La RAGUEULE	FBOTA			0	0	1		227
R	WWBOTA	B/F-0422		2024-10-01		MOULIN-RICHARD	FBOTA			0	0	1		227
R	WWBOTA	B/F-0423		2024-10-01		CHEMIN de FER Ouest	FBOTA			0	0	1		227
R	WWBOTA	B/F-0424		2024-10-01		B544 - L'HOGNEAU	FBOTA			0	0	1		227
R	WWBOTA	B/F-0425		2024-10-01		B563 - PETIT CHENE	FBOTA			0	0	1		227
R	WWBOTA	B/F-0426		2024-10-01		B512 - WARGNIES le GRAND Ouest	FBOTA			0	0	1		227
R	WWBOTA	B/F-0427		2024-10-01		B541 - PERCHE ROMPUE	FBOTA			0	0	1		227
R	WWBOTA	B/F-0428		2024-10-01		La GAILLARDISE	FBOTA			0	0	1		227
R	WWBOTA	B/F-0429		2024-10-01		B566 - CROIX-CRAPOUILLEZ Nord	FBOTA			0	0	1		227
R	WWBOTA	B/F-0430		2024-10-01		Le BLAVIER	FBOTA			0	0	1		227
R	WWBOTA	B/F-0431		2024-10-01		B540 - RUAINCE	FBOTA			0	0	1		227
R	WWBOTA	B/F-0432		2024-10-01		A61 - NOYER - Le PHILANTHROPE	FBOTA			0	0	1		227
R	WWBOTA	B/F-0433		2024-10-01		B560 - QUESNE-LUQUET	FBOTA			0	0	1		227
R	WWBOTA	B/F-0434		2024-10-01		B517 - BRY	FBOTA			0	0	1		227
R	WWBOTA	B/F-0435		2024-10-01		B582 - La BERLIERE	FBOTA			0	0	1		227
R	WWBOTA	B/F-0436		2024-10-01		A59bis - FERME de WULT	FBOTA			0	0	1		227
R	WWBOTA	B/F-0437		2024-10-01		B559 - La BELLE-HOTESSE	FBOTA			0	0	1		227
R	WWBOTA	B/F-0438		2024-10-01		A62 - MUGUET	FBOTA			0	0	1		227
R	WWBOTA	B/F-0439		2024-10-01		B581 - La MAIN du BOIS	FBOTA			0	0	1		227
R	WWBOTA	B/F-0440		2024-10-01		MOULIN-RICHARD Est	FBOTA			0	0	1		227
R	WWBOTA	B/F-0441		2024-10-01		B516 - STATION de WARGNIES	FBOTA			0	0	1		227
R	WWBOTA	B/F-0442		2024-10-01		A68 - OEILLET	FBOTA			0	0	1		227
R	WWBOTA	B/F-0443		2024-10-01		FERME JEAN ANSART	FBOTA			0	0	1		227
R	WWBOTA	B/F-0444		2024-10-01		B577 - Le GROS CHENE	FBOTA			0	0	1		227
R	WWBOTA	B/F-0445		2024-10-01		C34 - L'EPINETTE	FBOTA			0	0	1		227
R	WWBOTA	B/F-0446		2024-10-01		B514 - MURAT	FBOTA			0	0	1		227
R	WWBOTA	B/F-0447		2024-10-01		B539 - La SCIERIE (PdS)	FBOTA			0	0	1		227
R	WWBOTA	B/F-0448		2024-10-01		B579 - La QUEUE de LANIERE	FBOTA			0	0	1		227
R	WWBOTA	B/F-0449		2024-10-01		B537 - La FLAMENGRIE	FBOTA			0	0	1		227
R	WWBOTA	B/F-0450		2024-10-01		A69 - PAVOT	FBOTA			0	0	1		227
R	WWBOTA	B/F-0451		2024-10-01		B638 - PETIT BOSQUET	FBOTA			0	0	1		227
R	WWBOTA	B/F-0452		2024-10-01		Les ENVIOTS	FBOTA			0	0	1		227
R	WWBOTA	B/F-0453		2024-10-01		B564 - CROIX-CRAPOUILLEZ Sud	FBOTA			0	0	1		227
R	WWBOTA	B/F-0454		2024-10-01		B637 - CHEMIN de BOUSSOIS	FBOTA			0	0	1		227
R	WWBOTA	B/F-0455		2024-10-01		B538 - Le PLAT du BOIS	FBOTA			0	0	1		227
R	WWBOTA	B/F-0456		2024-10-01		B521 - STATION de WARGNIES	FBOTA			0	0	1		227
R	WWBOTA	B/F-0457		2024-10-01		B520 - CHAPELLE SAINT ROCH	FBOTA			0	0	1		227
R	WWBOTA	B/F-0458		2024-10-01		B519 - GENIETTE	FBOTA			0	0	1		227
R	WWBOTA	B/F-0459		2024-10-01		B536 - La TOURNICHETTE	FBOTA			0	0	1		227
R	WWBOTA	B/F-0460		2024-10-01		B554 - CIMETIERE de SAINT-WAAST	FBOTA			0	0	1		227
R	WWBOTA	B/F-0461		2024-10-01		B535 - BOIS-CRETE	FBOTA			0	0	1		227
R	WWBOTA	B/F-0462		2024-10-01		La ROUILLIE	FBOTA			0	0	1		227
R	WWBOTA	B/F-0463		2024-10-01		PLANTIS	FBOTA			0	0	1		227
R	WWBOTA	B/F-0464		2024-10-01		B566bis - Le LOUVION	FBOTA			0	0	1		227
R	WWBOTA	B/F-0465		2024-10-01		MOULIN DU BOIS	FBOTA			0	0	1		227
R	WWBOTA	B/F-0466		2024-10-01		B603 - La CERAMIQUE	FBOTA			0	0	1		227
R	WWBOTA	B/F-0467		2024-10-01		B618 - FERME des SARTS	FBOTA			0	0	1		227
R	WWBOTA	B/F-0468		2024-10-01		Fort LEVEAU	FBOTA			0	0	1		227
R	WWBOTA	B/F-0469		2024-10-01		GARE de BAVAY	FBOTA			0	0	1		227
R	WWBOTA	B/F-0470		2024-10-01		B555 - Le PISSOTIAU	FBOTA			0	0	1		227
R	WWBOTA	B/F-0471		2024-10-01		B568bis - PRE-AULNOIS	FBOTA			0	0	1		227
R	WWBOTA	B/F-0472		2024-10-01		B557 - MOULIN de RAMETZ	FBOTA			0	0	1		227
R	WWBOTA	B/F-0473		2024-10-01		B522 - L'AUNELLE Nord	FBOTA			0	0	1		227
R	WWBOTA	B/F-0474		2024-10-01		B556 - Le PISSOTIAU 2	FBOTA			0	0	1		227
R	WWBOTA	B/F-0475		2024-10-01		B568 - La CRASCOTTE Est	FBOTA			0	0	1		227
R	WWBOTA	B/F-0476		2024-10-01		B613 - La PISSELOTTE	FBOTA			0	0	1		227
R	WWBOTA	B/F-0477		2024-10-01		A63bis - VILLERS POL Nord	FBOTA			0	0	1		227
R	WWBOTA	B/F-0478		2024-10-01		B641 - EPINETTE Sud	FBOTA			0	0	1		227
R	WWBOTA	B/F-0479		2024-10-01		La CRASCOTTE Ouest	FBOTA			0	0	1		227
R	WWBOTA	B/F-0480		2024-10-01		B612 - FERME LEPERS	FBOTA			0	0	1		227
R	WWBOTA	B/F-0481		2024-10-01		B575 - CHEMIN de BOIS-MADAME	FBOTA			0	0	1		227
R	WWBOTA	B/F-0482		2024-10-01		MAISON ROUGE	FBOTA			0	0	1		227
R	WWBOTA	B/F-0483		2024-10-01		BOUSSOIS B1	FBOTA			0	0	1		227
R	WWBOTA	B/F-0484		2024-10-01		GRAND CAMP PERDU	FBOTA			0	0	1		227
R	WWBOTA	B/F-0485		2024-10-01		B524 - WARGNIES le PETIT	FBOTA			0	0	1		227
R	WWBOTA	B/F-0486		2024-10-01		B525 - MOULIN d'en BAS Nord	FBOTA			0	0	1		227
R	WWBOTA	B/F-0487		2024-10-01		BOUSSOIS B2	FBOTA			0	0	1		227
R	WWBOTA	B/F-0488		2024-10-01		B527 - MOULIN d'en BAS Sud	FBOTA			0	0	1		227
R	WWBOTA	B/F-0489		2024-10-01		A63 - La FABRIQUE	FBOTA			0	0	1		227
R	WWBOTA	B/F-0490		2024-10-01		B553 - FERME CAMBRON	FBOTA			0	0	1		227
R	WWBOTA	B/F-0491		2024-10-01		B630 - FAUBOURG de MONS Est	FBOTA			0	0	1		227
R	WWBOTA	B/F-0492		2024-10-01		B631 - FAUBOURG de MONS Ouest	FBOTA			0	0	1		227
R	WWBOTA	B/F-0493		2024-10-01		B528 - BOIS de la FERRIERE Nord	FBOTA			0	0	1		227
R	WWBOTA	B/F-0494		2024-10-01		B529 - BOIS de la FERRIERE Sud	FBOTA			0	0	1		227
R	WWBOTA	B/F-0495		2024-10-01		B570 - LOUVIGNIES	FBOTA			0	0	1		227
R	WWBOTA	B/F-0496		2024-10-01		La LONGUEVILLE	FBOTA			0	0	1		227
R	WWBOTA	B/F-0497		2024-10-01		B647 - RECQUIGNIES	FBOTA			0	0	1		227
R	WWBOTA	B/F-0498		2024-10-01		B530 - QUELIPONT Est	FBOTA			0	0	1		227
R	WWBOTA	B/F-0499		2024-10-01		B571 - FERME FREHART	FBOTA			0	0	1		227
R	WWBOTA	B/F-0500		2024-10-01		B531 - QUELIPONT Sud	FBOTA			0	0	1		227
R	WWBOTA	B/F-0501		2024-10-01		A64 - QUATRE VENTS	FBOTA			0	0	1		227
R	WWBOTA	B/F-0502		2024-10-01		B534 - La WARPE Nord	FBOTA			0	0	1		227
R	WWBOTA	B/F-0503		2024-10-01		B532 - La WARPE Sud	FBOTA			0	0	1		227
R	WWBOTA	B/F-0504		2024-10-01		B533 - RUISSEAU du BULTIAU Sud	FBOTA			0	0	1		227
R	WWBOTA	B/F-0505		2024-10-01		B627 - PONT d'ALLANT Nord	FBOTA			0	0	1		227
R	WWBOTA	B/F-0506		2024-10-01		B573 - BOIS de LOUVIGNIES	FBOTA			0	0	1		227
R	WWBOTA	B/F-0507		2024-10-01		B574 - BOIS du FRENE	FBOTA			0	0	1		227
R	WWBOTA	B/F-0508		2024-10-01		B550 - La BOETE	FBOTA			0	0	1		227
R	WWBOTA	B/F-0509		2024-10-01		A65 - Les TOURELLES Sud	FBOTA			0	0	1		227
R	WWBOTA	B/F-0510		2024-10-01		A85 - PONT-ALLANT Sud	FBOTA			0	0	1		227
R	WWBOTA	B/F-0511		2024-10-01		B626 - FAUBOURG d'ASSEVENT	FBOTA			0	0	1		227
R	WWBOTA	B/F-0512		2024-10-01		C36 - ROCQ	FBOTA			0	0	1		227
R	WWBOTA	B/F-0513		2024-10-01		B580 - Les MOTTES	FBOTA			0	0	1		227
R	WWBOTA	B/F-0514		2024-10-01		B549 - AMFROIPRET	FBOTA			0	0	1		227
R	WWBOTA	B/F-0515		2024-10-01		B649 - BUCHELOTTE	FBOTA			0	0	1		227
R	WWBOTA	B/F-0516		2024-10-01		La WARPE	FBOTA			0	0	1		227
R	WWBOTA	B/F-0517		2024-10-01		PREUX au SART	FBOTA			0	0	1		227
R	WWBOTA	B/F-0518		2024-10-01		C37 - MARPENT Nord	FBOTA			0	0	1		227
R	WWBOTA	B/F-0519		2024-10-01		B648 - Les FOYAUX	FBOTA			0	0	1		227
R	WWBOTA	B/F-0520		2024-10-01		B547 - CHAPELLE SAINT HUBERT	FBOTA			0	0	1		227
R	WWBOTA	B/F-0521		2024-10-01		C38 - MARPENT Sud	FBOTA			0	0	1		227
R	WWBOTA	B/F-0522		2024-10-01		MANDENNE	FBOTA			0	0	1		227
R	WWBOTA	B/F-0523		2024-10-01		B548 - La RAPERIE	FBOTA			0	0	1		227
R	WWBOTA	B/F-0524		2024-10-01		C39 - OSTERGNIES	FBOTA			0	0	1		227
R	WWBOTA	B/F-0525		2024-10-01		B657 - HAIES de MARPENT	FBOTA			0	0	1		227
R	WWBOTA	B/F-0526		2024-10-01		C16 - GOMMEGNIES Ouest	FBOTA			0	0	1		227
R	WWBOTA	B/F-0527		2024-10-01		C17 - GOMMEGNIES Est	FBOTA			0	0	1		227
R	WWBOTA	B/F-0528		2024-10-01		B652 - REDOUTE de ROCQ Sud	FBOTA			0	0	1		227
R	WWBOTA	B/F-0529		2024-10-01		B653 - L'ESCRIERE	FBOTA			0	0	1		227
R	WWBOTA	B/F-0530		2024-10-01		B670 - OSTERGNIES Est	FBOTA			0	0	1		227
R	WWBOTA	B/F-0531		2024-10-01		A94 - WATISSART	FBOTA			0	0	1		227
R	WWBOTA	B/F-0532		2024-10-01		B672 - TOUS-VENTS Nord	FBOTA			0	0	1		227
R	WWBOTA	B/F-0533		2024-10-01		C18 - CHEVAL BLANC	FBOTA			0	0	1		227
R	WWBOTA	B/F-0534		2024-10-01		B673 - TOUS-VENTS Sud	FBOTA			0	0	1		227
R	WWBOTA	B/F-0535		2024-10-01		A93 - Le FIEF	FBOTA			0	0	1		227
R	WWBOTA	B/F-0536		2024-10-01		C19 - TRECHON	FBOTA			0	0	1		227
R	WWBOTA	B/F-0537		2024-10-01		B674 - PETIT BRANLEUX	FBOTA			0	0	1		227
R	WWBOTA	B/F-0538		2024-10-01		B671 - Le NOISIER	FBOTA			0	0	1		227
R	WWBOTA	B/F-0539		2024-10-01		B675 - COLLERET Nord	FBOTA			0	0	1		227
R	WWBOTA	B/F-0540		2024-10-01		C20 - CLARE	FBOTA			0	0	1		227
R	WWBOTA	B/F-0541		2024-10-01		B678 - Le CAYAUT	FBOTA			0	0	1		227
R	WWBOTA	B/F-0542		2024-10-01		B676 - COLLERET Sud	FBOTA			0	0	1		227
R	WWBOTA	B/F-0543		2024-10-01		C21 - OBIES	FBOTA			0	0	1		227
R	WWBOTA	B/F-0544		2024-10-01		B680 - FAUQUEMONT Nord	FBOTA			0	0	1		227
R	WWBOTA	B/F-0545		2024-10-01		B683 - Le PAVE	FBOTA			0	0	1		227
R	WWBOTA	B/F-0546		2024-10-01		B681 - QUATRE-BRAS	FBOTA			0	0	1		227
R	WWBOTA	B/F-0547		2024-10-01		B682 - FAUQUEMONT Sud	FBOTA			0	0	1		227
R	WWBOTA	B/F-0548		2024-10-01		C22 - BON WEZ	FBOTA			0	0	1		227
R	WWBOTA	B/F-0549		2024-10-01		A95 - PASSAGE A  NIVEAU d'AIBES	FBOTA			0	0	1		227
R	WWBOTA	B/F-0550		2024-10-01		BOIS MONSIEUR Nord	FBOTA			0	0	1		227
R	WWBOTA	B/F-0551		2024-10-01		C23 - VIVIER NUTHIAU Ouest	FBOTA			0	0	1		227
R	WWBOTA	B/F-0552		2024-10-01		C24 - VIVIER NUTHIAU Est	FBOTA			0	0	1		227
R	WWBOTA	B/F-0553		2024-10-01		B688 - COULMIE HAUT	FBOTA			0	0	1		227
R	WWBOTA	B/F-0554		2024-10-01		BOIS MONSIEUR Sud	FBOTA			0	0	1		227
R	WWBOTA	B/F-0555		2024-10-01		B689 - COULMIE HAUT Sud	FBOTA			0	0	1		227
R	WWBOTA	B/F-0556		2024-10-01		A95bis - COULMIE HAUT Ouest	FBOTA			0	0	1		227
R	WWBOTA	B/F-0557		2024-10-01		GODELOT	FBOTA			0	0	1		227
R	WWBOTA	B/F-0558		2024-10-01		C25 - HAUTE RUE	FBOTA			0	0	1		227
R	WWBOTA	B/F-0559		2024-10-01		B696 - CIMETIERE d'AIBES	FBOTA			0	0	1		227
R	WWBOTA	B/F-0560		2024-10-01		C26 - PORQUERIE Ouest	FBOTA			0	0	1		227
R	WWBOTA	B/F-0561		2024-10-01		C27 - PORQUERIE Est	FBOTA			0	0	1		227
R	WWBOTA	B/F-0562		2024-10-01		CEZF-1 - CROIX SAINT HUBERT	FBOTA			0	0	1		227
R	WWBOTA	B/F-0563		2024-10-01		B697 - BOUT d'en-HAUT Nord	FBOTA			0	0	1		227
R	WWBOTA	B/F-0564		2024-10-01		A96 - Le MESNIL Nord	FBOTA			0	0	1		227
R	WWBOTA	B/F-0565		2024-10-01		B698 - BOUT d'en-HAUT Sud	FBOTA			0	0	1		227
R	WWBOTA	B/F-0566		2024-10-01		CEZF-1a CROIX SAINT HUBERT	FBOTA			0	0	1		227
R	WWBOTA	B/F-0567		2024-10-01		A97 - Le MESNIL Sud	FBOTA			0	0	1		227
R	WWBOTA	B/F-0568		2024-10-01		C28 - HURTEBISE	FBOTA			0	0	1		227
R	WWBOTA	B/F-0569		2024-10-01		B700 - BERELLES	FBOTA			0	0	1		227
R	WWBOTA	B/F-0570		2024-10-01		A98 - BELLEVUE	FBOTA			0	0	1		227
R	WWBOTA	B/F-0571		2024-10-01		A98bis - BELLEVUE Sud	FBOTA			0	0	1		227
R	WWBOTA	B/F-0572		2024-10-01		A99 - SOLRINNES	FBOTA			0	0	1		227
R	WWBOTA	B/F-0573		2024-10-01		B702 - FERME de la FOLIE	FBOTA			0	0	1		227
R	WWBOTA	B/F-0574		2024-10-01		B703 - La PREE	FBOTA			0	0	1		227
R	WWBOTA	B/F-0575		2024-10-01		B704 - CHAMPS-ELYSEES	FBOTA			0	0	1		227
R	WWBOTA	B/F-0576		2024-10-01		CEZF-2 - SAINT VAAST en CAMBRESIS	FBOTA			0	0	1		227
R	WWBOTA	B/F-0577		2024-10-01		A100 - BOIS des NIELLES	FBOTA			0	0	1		227
R	WWBOTA	B/F-0578		2024-10-01		A101 - GROEZ	FBOTA			0	0	1		227
R	WWBOTA	B/F-0579		2024-10-01		A103 - MALAKOFF Est	FBOTA			0	0	1		227
R	WWBOTA	B/F-0580		2024-10-01		B708 - Le QUARTIER	FBOTA			0	0	1		227
R	WWBOTA	B/F-0581		2024-10-01		L'ECREVISSE	FBOTA			0	0	1		227
R	WWBOTA	B/F-0582		2024-10-01		A104 - MALAKOFF Ouest	FBOTA			0	0	1		227
R	WWBOTA	B/F-0583		2024-10-01		A102 - Les GARENNES	FBOTA			0	0	1		227
R	WWBOTA	B/F-0584		2024-10-01		B709 - Les JONCS	FBOTA			0	0	1		227
R	WWBOTA	B/F-0585		2024-10-01		CEZF-3 - SAINT HILAIRE	FBOTA			0	0	1		227
R	WWBOTA	B/F-0586		2024-10-01		B711 - SOLRE le CHATEAU	FBOTA			0	0	1		227
R	WWBOTA	B/F-0587		2024-10-01		CEZF-4 - QUIEVY	FBOTA			0	0	1		227
R	WWBOTA	B/F-0588		2024-10-01		B712 - Le TRIANON	FBOTA			0	0	1		227
R	WWBOTA	B/F-0589		2024-10-01		CEZF-5 - FONTAINE au TERTRE	FBOTA			0	0	1		227
R	WWBOTA	B/F-0590		2024-10-01		A105bis - SOLRE Sud	FBOTA			0	0	1		227
R	WWBOTA	B/F-0591		2024-10-01		A105 - MON-PLAISIR	FBOTA			0	0	1		227
R	WWBOTA	B/F-0592		2024-10-01		B713 - La PERCHE A  l'OISEAU	FBOTA			0	0	1		227
R	WWBOTA	B/F-0593		2024-10-01		B715 - Les PIERRES SAINT MARTIN	FBOTA			0	0	1		227
R	WWBOTA	B/F-0594		2024-10-01		B714 - SAINT MARTIN Sud	FBOTA			0	0	1		227
R	WWBOTA	B/F-0595		2024-10-01		A106 - GOBINETTE	FBOTA			0	0	1		227
R	WWBOTA	B/F-0596		2024-10-01		B716 - Les HERELLES	FBOTA			0	0	1		227
R	WWBOTA	B/F-0597		2024-10-01		B720 - Le QUARTIER	FBOTA			0	0	1		227
R	WWBOTA	B/F-0598		2024-10-01		B719 - L'EPINE	FBOTA			0	0	1		227
R	WWBOTA	B/F-0599		2024-10-01		B721 - TRIEUX du CHENEAU	FBOTA			0	0	1		227
R	WWBOTA	B/F-0600		2024-10-01		B723 - FERME aux PUCES	FBOTA			0	0	1		227
R	WWBOTA	B/F-0601		2024-10-01		B724 - AUNIAUX	FBOTA			0	0	1		227
R	WWBOTA	B/F-0602		2024-10-01		A107 - BELLEUX	FBOTA			0	0	1		227
R	WWBOTA	B/F-0603		2024-10-01		B726 - FERME MIQUET	FBOTA			0	0	1		227
R	WWBOTA	B/F-0604		2024-10-01		B727 - FILS de FER	FBOTA			0	0	1		227
R	WWBOTA	B/F-0605		2024-10-01		B730 - FERME CLAVON	FBOTA			0	0	1		227
R	WWBOTA	B/F-0606		2024-10-01		B731 - TRIEUX d'ANICOLE	FBOTA			0	0	1		227
R	WWBOTA	B/F-0607		2024-10-01		B732 - GARDE de WILLIES	FBOTA			0	0	1		227
R	WWBOTA	B/F-0608		2024-10-01		CEZF-6 - FERME des TILLEULS	FBOTA			0	0	1		227
R	WWBOTA	B/F-0609		2024-10-01		108 - BEAUX SARTS	FBOTA			0	0	1		227
R	WWBOTA	B/F-0610		2024-10-01		B735 - BEUMONT	FBOTA			0	0	1		227
R	WWBOTA	B/F-0611		2024-10-01		B736 - PATURE aux BOEUFS	FBOTA			0	0	1		227
R	WWBOTA	B/F-0612		2024-10-01		B737 - BEAUX MONTS	FBOTA			0	0	1		227
R	WWBOTA	B/F-0613		2024-10-01		B739 - PONT de la VILLE	FBOTA			0	0	1		227
R	WWBOTA	B/F-0614		2024-10-01		B738 - LIESSIES	FBOTA			0	0	1		227
R	WWBOTA	B/F-0615		2024-10-01		B740 - TRIEUX HANNOY	FBOTA			0	0	1		227
R	WWBOTA	B/F-0616		2024-10-01		B741 - La PERRIERE	FBOTA			0	0	1		227
R	WWBOTA	B/F-0617		2024-10-01		TRIEUX HANNOY bis	FBOTA			0	0	1		227
R	WWBOTA	B/F-0618		2024-10-01		B742 - FONTAINE JACQUOT	FBOTA			0	0	1		227
R	WWBOTA	B/F-0619		2024-10-01		B744 - BERNATEMONT	FBOTA			0	0	1		227
R	WWBOTA	B/F-0620		2024-10-01		B746 - CROIX de TRELON Est	FBOTA			0	0	1		227
R	WWBOTA	B/F-0621		2024-10-01		B747 - Le CHAMPIAU	FBOTA			0	0	1		227
R	WWBOTA	B/F-0622		2024-10-01		B748 - HELIPRE	FBOTA			0	0	1		227
R	WWBOTA	B/F-0623		2024-10-01		B750 - SAINTE HILTRUDE	FBOTA			0	0	1		227
R	WWBOTA	B/F-0624		2024-10-01		B751 - BEAU CHENE	FBOTA			0	0	1		227
R	WWBOTA	B/F-0625		2024-10-01		B754 - FOND SAINT JEAN	FBOTA			0	0	1		227
R	WWBOTA	B/F-0626		2024-10-01		B755 - ROUTE de WILLIES	FBOTA			0	0	1		227
R	WWBOTA	B/F-0627		2024-10-01		B756 - FOND MADAME	FBOTA			0	0	1		227
R	WWBOTA	B/F-0628		2024-10-01		B757 - FOND SAINT JEAN	FBOTA			0	0	1		227
R	WWBOTA	B/F-0629		2024-10-01		B758 - CARREFOUR FABERT	FBOTA			0	0	1		227
R	WWBOTA	B/F-0630		2024-10-01		B759 - CARREFOUR HOLSTEIN	FBOTA			0	0	1		227
R	WWBOTA	B/F-0631		2024-10-01		A109 - ROUTE d'EPPE-SAUVAGE	FBOTA			0	0	1		227
R	WWBOTA	B/F-0632		2024-10-01		B760 - CARREFOUR GRAMMONT	FBOTA			0	0	1		227
R	WWBOTA	B/F-0633		2024-10-01		B761 - ROUTE d'EPPE SAUVAGE	FBOTA			0	0	1		227
R	WWBOTA	B/F-0634		2024-10-01		A110 - PETIT MAUVAIS PAS	FBOTA			0	0	1		227
R	WWBOTA	B/F-0635		2024-10-01		B766 - CARREFOUR de BLOIS	FBOTA			0	0	1		227
R	WWBOTA	B/F-0636		2024-10-01		B765 - ROUTE de MOUSTIERS	FBOTA			0	0	1		227
R	WWBOTA	B/F-0637		2024-10-01		A111 - FOUR A  CENDRE	FBOTA			0	0	1		227
R	WWBOTA	B/F-0638		2024-10-01		B767 - MAISON FORESTIERE de la FOLIE	FBOTA			0	0	1		227
R	WWBOTA	B/F-0639		2024-10-01		B764 - Le FOURNEAU	FBOTA			0	0	1		227
R	WWBOTA	B/F-0640		2024-10-01		A112 - ETANG de la FOLIE	FBOTA			0	0	1		227
R	WWBOTA	B/F-0641		2024-10-01		FERME SECHE CENSE - CHAMP de l'ASILE	FBOTA			0	0	1		227
R	WWBOTA	B/F-0642		2024-10-01		B769 - ETANG de la FOLIE Sud	FBOTA			0	0	1		227
R	WWBOTA	B/F-0643		2024-10-01		B770 - TRELON	FBOTA			0	0	1		227
R	WWBOTA	B/F-0644		2024-10-01		B771 - La COULONNIERE Nord	FBOTA			0	0	1		227
R	WWBOTA	B/F-0645		2024-10-01		B775 - BOIS des AUVENELLES	FBOTA			0	0	1		227
R	WWBOTA	B/F-0646		2024-10-01		B772 - La COULONNIERE Sud	FBOTA			0	0	1		227
R	WWBOTA	B/F-0647		2024-10-01		B774 - Le ROND-BOIS	FBOTA			0	0	1		227
R	WWBOTA	B/F-0648		2024-10-01		B776 - Les ROLIVEAUX	FBOTA			0	0	1		227
R	WWBOTA	B/F-0649		2024-10-01		B777 - FERME DELANNOY	FBOTA			0	0	1		227
R	WWBOTA	B/F-0650		2024-10-01		A113 - DEMI LIEUE	FBOTA			0	0	1		227
R	WWBOTA	B/F-0651		2024-10-01		B773 - MORENRIEUX	FBOTA			0	0	1		227
R	WWBOTA	B/F-0652		2024-10-01		B778 - FERME HEFSTEIN	FBOTA			0	0	1		227
R	WWBOTA	B/F-0653		2024-10-01		B779 - FERME de L'ETOILE Nord	FBOTA			0	0	1		227
R	WWBOTA	B/F-0654		2024-10-01		B782 - MORANRIEUX Sud	FBOTA			0	0	1		227
R	WWBOTA	B/F-0655		2024-10-01		B788 - MOULIN de BOURGES	FBOTA			0	0	1		227
R	WWBOTA	B/F-0656		2024-10-01		B785 - La BRIQUETERIE	FBOTA			0	0	1		227
R	WWBOTA	B/F-0657		2024-10-01		B787 - CHAMP le LIEVRE	FBOTA			0	0	1		227
R	WWBOTA	B/F-0658		2024-10-01		B789 - La MARLIERE	FBOTA			0	0	1		227
R	WWBOTA	B/F-0659		2024-10-01		B790 - CHANT des OISEAUX	FBOTA			0	0	1		227
R	WWBOTA	B/F-0660		2024-10-01		B792 - La VAUTE	FBOTA			0	0	1		227
R	WWBOTA	B/F-0661		2024-10-01		B797 - FERME du LANDY	FBOTA			0	0	1		227
R	WWBOTA	B/F-0662		2024-10-01		B794 - ARMAND DEQUESNE	FBOTA			0	0	1		227
R	WWBOTA	B/F-0663		2024-10-01		A114 - L'ALOUETTE	FBOTA			0	0	1		227
R	WWBOTA	B/F-0664		2024-10-01		B799 - L'ANGOUNERIE Sud	FBOTA			0	0	1		227
R	WWBOTA	B/F-0665		2024-10-01		B800 - MOMIGNIES	FBOTA			0	0	1		227
R	WWBOTA	B/F-0666		2024-10-01		B804 - TRIEUX de BIEFONTAINE	FBOTA			0	0	1		227
R	WWBOTA	B/F-0667		2024-10-01		B802 - Le PACHY	FBOTA			0	0	1		227
R	WWBOTA	B/F-0668		2024-10-01		B803 - Le TRIEUX-MELSART	FBOTA			0	0	1		227
R	WWBOTA	B/F-0669		2024-10-01		B801 - Les CULEES Nord	FBOTA			0	0	1		227
R	WWBOTA	B/F-0670		2024-10-01		A115 - Les CULEES Sud	FBOTA			0	0	1		227
R	WWBOTA	B/F-0671		2024-10-01		B806 - La CARNAILLE	FBOTA			0	0	1		227
R	WWBOTA	B/F-0672		2024-10-01		B807 - HAIE d'ANOR	FBOTA			0	0	1		227
R	WWBOTA	B/F-0673		2024-10-01		B808 - BOIS des AISEMENTS	FBOTA			0	0	1		227
R	WWBOTA	B/F-0674		2024-10-01		B817 - La GALOPERIE Nord	FBOTA			0	0	1		227
R	WWBOTA	B/F-0675		2024-10-01		B810 - MARIGOT	FBOTA			0	0	1		227
R	WWBOTA	B/F-0676		2024-10-01		B818 - La TAILLE LAMBEAUX	FBOTA			0	0	1		227
R	WWBOTA	B/F-0677		2024-10-01		B811 - SAINT LAURENT	FBOTA			0	0	1		227
R	WWBOTA	B/F-0678		2024-10-01		B819 - BEAUWELTZ	FBOTA			0	0	1		227
R	WWBOTA	B/F-0679		2024-10-01		A116 - Les ANORELLES	FBOTA			0	0	1		227
R	WWBOTA	B/F-0680		2024-10-01		B812 - PAR DELA l'ETANG	FBOTA			0	0	1		227
R	WWBOTA	B/F-0681		2024-10-01		A117 - PASSE d'ANOR	FBOTA			0	0	1		227
R	WWBOTA	B/F-0682		2024-10-01		B814 - Le CIMETIERE	FBOTA			0	0	1		227
R	WWBOTA	B/F-0683		2024-10-01		A118 - CHAPELLE BLANCHE	FBOTA			0	0	1		227
R	WWBOTA	B/F-0684		2024-10-01		B815 - La FILATURE	FBOTA			0	0	1		227
R	WWBOTA	B/F-0685		2024-10-01		B822 - SAINT HUBERT	FBOTA			0	0	1		227
R	WWBOTA	B/F-0686		2024-10-01		B816 - La MALTERIE	FBOTA			0	0	1		227
R	WWBOTA	B/F-0687		2024-10-01		Ba6 - La LOBIETTE	FBOTA			0	0	1		227
R	WWBOTA	B/F-0688		2024-10-01		Le GLACIS Bas	FBOTA			0	0	1		227
R	WWBOTA	B/F-0689		2024-10-01		Ba7 - Le GLACIS Nord	FBOTA			0	0	1		227
R	WWBOTA	B/F-0690		2024-10-01		Ba1 - MILOURD	FBOTA			0	0	1		227
R	WWBOTA	B/F-0691		2024-10-01		A1 - Le GLACIS Sud	FBOTA			0	0	1		227
R	WWBOTA	B/F-0692		2024-10-01		Ba2 - ETANG de NEUVE-FORGE	FBOTA			0	0	1		227
R	WWBOTA	B/F-0693		2024-10-01		A2 - MACQUENOISE Nord	FBOTA			0	0	1		227
R	WWBOTA	B/F-0694		2024-10-01		A3 - MACQUENOISE Sud	FBOTA			0	0	1		227
R	WWBOTA	B/F-0695		2024-10-01		Ba3 - NEUVE-FORGE	FBOTA			0	0	1		227
R	WWBOTA	B/F-0696		2024-10-01		A4 - Le PLATEAU	FBOTA			0	0	1		227
R	WWBOTA	B/F-0697		2024-10-01		Ba9 - LAIE SYLVIE	FBOTA			0	0	1		227
R	WWBOTA	B/F-0698		2024-10-01		A5 - Le DEBOUCHE	FBOTA			0	0	1		227
R	WWBOTA	B/F-0699		2024-10-01		Ba12 - ROUTE du CONSERVATEUR Ouest	FBOTA			0	0	1		227
R	WWBOTA	B/F-0700		2024-10-01		A6 - La CROUPE	FBOTA			0	0	1		227
R	WWBOTA	B/F-0701		2024-10-01		Ba4 - ROUTE de NEUVE FORGE	FBOTA			0	0	1		227
R	WWBOTA	B/F-0702		2024-10-01		Ba8 - Le MAMELON	FBOTA			0	0	1		227
R	WWBOTA	B/F-0703		2024-10-01		A11 - ACCOTEMENT Ouest	FBOTA			0	0	1		227
R	WWBOTA	B/F-0704		2024-10-01		ETANG de PAS BAYARD	FBOTA			0	0	1		227
R	WWBOTA	B/F-0705		2024-10-01		A7 - Le MAMELON Ouest	FBOTA			0	0	1		227
R	WWBOTA	B/F-0706		2024-10-01		Ba13 - LAIE BLANCHE	FBOTA			0	0	1		227
R	WWBOTA	B/F-0707		2024-10-01		A12 - ACCOTEMENT Est	FBOTA			0	0	1		227
R	WWBOTA	B/F-0708		2024-10-01		A8 - Le MAMELON Est	FBOTA			0	0	1		227
R	WWBOTA	B/F-0709		2024-10-01		A13 - SAINT MICHEL	FBOTA			0	0	1		227
R	WWBOTA	B/F-0710		2024-10-01		A14 - Le CHARBONNIER	FBOTA			0	0	1		227
R	WWBOTA	B/F-0711		2024-10-01		A15 - Le BUCHERON	FBOTA			0	0	1		227
R	WWBOTA	B/F-0712		2024-10-01		A16 - SCIEUR	FBOTA			0	0	1		227
R	WWBOTA	B/F-0713		2024-10-01		Ba14 - La CANTINE Nord	FBOTA			0	0	1		227
R	WWBOTA	B/F-0714		2024-10-01		A17 - Le CHARRETIER	FBOTA			0	0	1		227
R	WWBOTA	B/F-0715		2024-10-01		A10 - La LIMITE	FBOTA			0	0	1		227
R	WWBOTA	B/F-0716		2024-10-01		A9 - Le SAILLANT	FBOTA			0	0	1		227
R	WWBOTA	B/F-0717		2024-10-01		Ba19 - La LIMITE Nord	FBOTA			0	0	1		227
R	WWBOTA	B/F-0718		2024-10-01		Ba20 - La LIMITE Sud	FBOTA			0	0	1		227
R	WWBOTA	B/F-0719		2024-10-01		A18 - CARREFOUR AMELIE Ouest	FBOTA			0	0	1		227
R	WWBOTA	B/F-0720		2024-10-01		A19 - CARREFOUR AMELIE Est	FBOTA			0	0	1		227
R	WWBOTA	B/F-0721		2024-10-01		A20 - PEUPLIER Ouest	FBOTA			0	0	1		227
R	WWBOTA	B/F-0722		2024-10-01		A21 - PEUPLIER Est	FBOTA			0	0	1		227
R	WWBOTA	B/F-0723		2024-10-01		A22 - ACCACIA	FBOTA			0	0	1		227
R	WWBOTA	B/F-0724		2024-10-01		AULNE Ouest	FBOTA			0	0	1		227
R	WWBOTA	B/F-0725		2024-10-01		A24 - FRENE	FBOTA			0	0	1		227
R	WWBOTA	B/F-0726		2024-10-01		Ba21 - CHARME BEAUDET	FBOTA			0	0	1		227
R	WWBOTA	B/F-0727		2024-10-01		A25 - PATTE D'OIE	FBOTA			0	0	1		227
R	WWBOTA	B/F-0728		2024-10-01		A26 - FURET	FBOTA			0	0	1		227
R	WWBOTA	B/F-0729		2024-10-01		A26-A - FONTAINE Ouest	FBOTA			0	0	1		227
R	WWBOTA	B/F-0730		2024-10-01		A26-B - FONTAINE Est	FBOTA			0	0	1		227
R	WWBOTA	B/F-0731		2024-10-01		Ba25 - ISAIE Ouest	FBOTA			0	0	1		227
R	WWBOTA	B/F-0732		2024-10-01		A26-C - FONTAINE Est	FBOTA			0	0	1		227
R	WWBOTA	B/F-0733		2024-10-01		Ba26 - ISAIE Est	FBOTA			0	0	1		227
R	WWBOTA	B/F-0734		2024-10-01		Ba17 - CARREFOUR ALEXANDRE	FBOTA			0	0	1		227
R	WWBOTA	B/F-0735		2024-10-01		A27 - ROUTE de l'INSPECTEUR Ouest	FBOTA			0	0	1		227
R	WWBOTA	B/F-0736		2024-10-01		A28 - ROUTE de l'INSPECTEUR Est	FBOTA			0	0	1		227
R	WWBOTA	B/F-0737		2024-10-01		A32 - La CARRIERE	FBOTA			0	0	1		227
R	WWBOTA	B/F-0738		2024-10-01		A33 - GRAVIER de l'AISNE	FBOTA			0	0	1		227
R	WWBOTA	B/F-0739		2024-10-01		Ba22 - ROUTE FORESTIERE MEUNIER Nord	FBOTA			0	0	1		227
R	WWBOTA	B/F-0740		2024-10-01		Ba23 - ROUTE FORESTIERE MEUNIER Sud	FBOTA			0	0	1		227
R	WWBOTA	B/F-0741		2024-10-01		Ba27 - WATIGNY Nord	FBOTA			0	0	1		227
R	WWBOTA	B/F-0742		2024-10-01		Ba29 - WATIGNY Est	FBOTA			0	0	1		227
R	WWBOTA	B/F-0743		2024-10-01		Ba28 - WATIGNY Ouest	FBOTA			0	0	1		227
R	WWBOTA	B/F-0744		2024-10-01		Ba24 - ROUTE du MILIEU	FBOTA			0	0	1		227
R	WWBOTA	B/F-0745		2024-10-01		Ba30 - ROUTE de CENDRON	FBOTA			0	0	1		227
R	WWBOTA	B/F-0746		2024-10-01		Ba31 - ROUTE des LOGETTES	FBOTA			0	0	1		227
R	WWBOTA	B/F-0747		2024-10-01		Ba33 - GRANDES FOSSES	FBOTA			0	0	1		227
R	WWBOTA	B/F-0748		2024-10-01		A40- La FOLIE	FBOTA			0	0	1		227
R	WWBOTA	B/F-0749		2024-10-01		A39bis - La FOLIE Nord	FBOTA			0	0	1		227
R	WWBOTA	B/F-0750		2024-10-01		Bray-Dunes B2	FBOTA			0	0	1		227
R	WWBOTA	B/F-0751		2024-10-01		Bray-Dunes B1	FBOTA			0	0	1		227
R	WWBOTA	B/F-0752		2024-10-01		Bray-Dunes B3	FBOTA			0	0	1		227
R	WWBOTA	B/F-0753		2024-10-01		Bray-Dunes B5 bis	FBOTA			0	0	1		227
R	WWBOTA	B/F-0754		2024-10-01		Bray-Dunes B5	FBOTA			0	0	1		227
R	WWBOTA	B/F-0755		2024-10-01		Bray-Dunes B4	FBOTA			0	0	1		227
R	WWBOTA	B/F-0756		2024-10-01		Bray-Dunes B8	FBOTA			0	0	1		227
R	WWBOTA	B/F-0757		2024-10-01		Bray-Dunes B9	FBOTA			0	0	1		227
R	WWBOTA	B/F-0758		2024-10-01		Bray-Dunes B6	FBOTA			0	0	1		227
R	WWBOTA	B/F-0759		2024-10-01		Bray-Dunes B7	FBOTA			0	0	1		227
R	WWBOTA	B/F-0760		2024-10-01		Bray-Dunes B11	FBOTA			0	0	1		227
R	WWBOTA	B/F-0761		2024-10-01		Bray-Dunes B12	FBOTA			0	0	1		227
R	WWBOTA	B/F-0762		2024-10-01		Zuydcoote	FBOTA			0	0	1		227
R	WWBOTA	B/F-0763		2024-10-01		Zuydcoote	FBOTA			0	0	1		227
R	WWBOTA	B/F-0764		2024-10-01		Leffrinckoucke2	FBOTA			0	0	1		227
R	WWBOTA	B/F-0765		2024-10-01		Leffrinckoucke1	FBOTA			0	0	1		227
R	WWBOTA	B/F-0766		2024-10-01		Leffrinckoucke3	FBOTA			0	0	1		227
R	WWBOTA	B/F-0767		2024-10-01		Leffrinckoucke4	FBOTA			0	0	1		227
R	WWBOTA	B/F-0768		2024-10-01		Leffrinckoucke9	FBOTA			0	0	1		227
R	WWBOTA	B/F-0769		2024-10-01		Leffrinckoucke5	FBOTA			0	0	1		227
R	WWBOTA	B/F-0770		2024-10-01		Leffrinckoucke6	FBOTA			0	0	1		227
R	WWBOTA	B/F-0771		2024-10-01		Leffrinckoucke8	FBOTA			0	0	1		227
R	WWBOTA	B/F-0772		2024-10-01		Leffrinckoucke7	FBOTA			0	0	1		227
R	WWBOTA	B/F-0773		2024-10-01		Leffrinckoucke10	FBOTA			0	0	1		227
R	WWBOTA	B/F-0774		2024-10-01		Leffrinckoucke	FBOTA			0	0	1		227
R	WWBOTA	B/F-0775		2024-10-01		Dunkerque3	FBOTA			0	0	1		227
R	WWBOTA	B/F-0776		2024-10-01		Dunkerque2	FBOTA			0	0	1		227
R	WWBOTA	B/F-0777		2024-10-01		Dunkerque1	FBOTA			0	0	1		227
R	WWBOTA	B/F-0778		2024-10-01		Gravelines1	FBOTA			0	0	1		227
R	WWBOTA	B/F-0779		2024-10-01		Gravelines2	FBOTA			0	0	1		227
R	WWBOTA	B/F-0780		2024-10-01		Gravelines3	FBOTA			0	0	1		227
R	WWBOTA	B/F-0781		2024-10-01		Gravelines4	FBOTA			0	0	1		227
R	WWBOTA	B/F-0782		2024-10-01		Gravelines5	FBOTA			0	0	1		227
R	WWBOTA	B/F-0783		2024-10-01		Escardines2	FBOTA			0	0	1		227
R	WWBOTA	B/F-0784		2024-10-01		Escardines1	FBOTA			0	0	1		227
R	WWBOTA	B/F-0785		2024-10-01		Escardines4	FBOTA			0	0	1		227
R	WWBOTA	B/F-0786		2024-10-01		Escardines3	FBOTA			0	0	1		227
R	WWBOTA	B/F-0787		2024-10-01		Grand-Fort-Philippe3	FBOTA			0	0	1		227
R	WWBOTA	B/F-0788		2024-10-01		Grand-Fort-Philippe2	FBOTA			0	0	1		227
R	WWBOTA	B/F-0789		2024-10-01		Les Dunes d'Oye2	FBOTA			0	0	1		227
R	WWBOTA	B/F-0790		2024-10-01		Grand-Fort-Philippe1	FBOTA			0	0	1		227
R	WWBOTA	B/F-0791		2024-10-01		Les Dunes d'Oye4	FBOTA			0	0	1		227
R	WWBOTA	B/F-0792		2024-10-01		Les Dunes d'Oye3	FBOTA			0	0	1		227
R	WWBOTA	B/F-0793		2024-10-01		Les Dunes d'Oye1	FBOTA			0	0	1		227
R	WWBOTA	B/F-0794		2024-10-01		Les Dunes d'Oye6	FBOTA			0	0	1		227
R	WWBOTA	B/F-0795		2024-10-01		Les Dunes d'Oye7	FBOTA			0	0	1		227
R	WWBOTA	B/F-0796		2024-10-01		Les Dunes d'Oye8	FBOTA			0	0	1		227
R	WWBOTA	B/F-0797		2024-10-01		Les Dunes d'Oye13	FBOTA			0	0	1		227
R	WWBOTA	B/F-0798		2024-10-01		Les Dunes d'Oye14	FBOTA			0	0	1		227
R	WWBOTA	B/F-0799		2024-10-01		Les Dunes d'Oye9	FBOTA			0	0	1		227
R	WWBOTA	B/F-0800		2024-10-01		Les Dunes d'Oye10	FBOTA			0	0	1		227
R	WWBOTA	B/F-0801		2024-10-01		Les Dunes d'Oye11	FBOTA			0	0	1		227
R	WWBOTA	B/F-0802		2024-10-01		Les Dunes d'Oye12	FBOTA			0	0	1		227
R	WWBOTA	B/F-0803		2024-10-01		Les Dunes d'Oye16	FBOTA			0	0	1		227
R	WWBOTA	B/F-0804		2024-10-01		Les Dunes d'Oye17	FBOTA			0	0	1		227
R	WWBOTA	B/F-0805		2024-10-01		Les Dunes d'Oye15	FBOTA			0	0	1		227
R	WWBOTA	B/F-0806		2024-10-01		Les Dunes d'Oye18	FBOTA			0	0	1		227
R	WWBOTA	B/F-0807		2024-10-01		Les Dunes d'Oye5	FBOTA			0	0	1		227
R	WWBOTA	B/F-0808		2024-10-01		Les Hemmes	FBOTA			0	0	1		227
R	WWBOTA	B/F-0809		2024-10-01		Les Hemmes	FBOTA			0	0	1		227
R	WWBOTA	B/F-0810		2024-10-01		Calais	FBOTA			0	0	1		227
R	WWBOTA	B/F-0811		2024-10-01		Calais	FBOTA			0	0	1		227
R	WWBOTA	B/F-0812		2024-10-01		Sangatte	FBOTA			0	0	1		227
R	WWBOTA	B/F-0813		2024-10-01		Sangatte	FBOTA			0	0	1		227
R	WWBOTA	B/F-0814		2024-10-01		Escalles1	FBOTA			0	0	1		227
R	WWBOTA	B/F-0815		2024-10-01		Escalles2	FBOTA			0	0	1		227
R	WWBOTA	B/F-0816		2024-10-01		Escalles4	FBOTA			0	0	1		227
R	WWBOTA	B/F-0817		2024-10-01		Escalles3	FBOTA			0	0	1		227
R	WWBOTA	B/F-0818		2024-10-01		Escalles6	FBOTA			0	0	1		227
R	WWBOTA	B/F-0819		2024-10-01		Escalles7	FBOTA			0	0	1		227
R	WWBOTA	B/F-0820		2024-10-01		Escalles5	FBOTA			0	0	1		227
R	WWBOTA	B/F-0821		2024-10-01		Escalles8	FBOTA			0	0	1		227
R	WWBOTA	B/F-0822		2024-10-01		Escalles9	FBOTA			0	0	1		227
R	WWBOTA	B/F-0823		2024-10-01		Escalles10	FBOTA			0	0	1		227
R	WWBOTA	B/F-0824		2024-10-01		Escalles12	FBOTA			0	0	1		227
R	WWBOTA	B/F-0825		2024-10-01		Escalles11	FBOTA			0	0	1		227
R	WWBOTA	B/F-0826		2024-10-01		Escalles16	FBOTA			0	0	1		227
R	WWBOTA	B/F-0827		2024-10-01		Escalles17	FBOTA			0	0	1		227
R	WWBOTA	B/F-0828		2024-10-01		Escalles18	FBOTA			0	0	1		227
R	WWBOTA	B/F-0829		2024-10-01		Escalles14	FBOTA			0	0	1		227
R	WWBOTA	B/F-0830		2024-10-01		Escalles13	FBOTA			0	0	1		227
R	WWBOTA	B/F-0831		2024-10-01		Escalles15	FBOTA			0	0	1		227
R	WWBOTA	B/F-0832		2024-10-01		Escalles20	FBOTA			0	0	1		227
R	WWBOTA	B/F-0833		2024-10-01		Escalles19	FBOTA			0	0	1		227
R	WWBOTA	B/F-0834		2024-10-01		Escalles21	FBOTA			0	0	1		227
R	WWBOTA	B/F-0835		2024-10-01		Escalles22	FBOTA			0	0	1		227
R	WWBOTA	B/F-0836		2024-10-01		Escalles23	FBOTA			0	0	1		227
R	WWBOTA	B/F-0837		2024-10-01		Sombre1	FBOTA			0	0	1		227
R	WWBOTA	B/F-0838		2024-10-01		Sombre2	FBOTA			0	0	1		227
R	WWBOTA	B/F-0839		2024-10-01		Sombre3	FBOTA			0	0	1		227
R	WWBOTA	B/F-0840		2024-10-01		Sombre4	FBOTA			0	0	1		227
R	WWBOTA	B/F-0841		2024-10-01		Sombre5	FBOTA			0	0	1		227
R	WWBOTA	B/F-0842		2024-10-01		Sombre6	FBOTA			0	0	1		227
R	WWBOTA	B/F-0843		2024-10-01		Sombre8	FBOTA			0	0	1		227
R	WWBOTA	B/F-0844		2024-10-01		Sombre7	FBOTA			0	0	1		227
R	WWBOTA	B/F-0845		2024-10-01		Sombre9	FBOTA			0	0	1		227
R	WWBOTA	B/F-0846		2024-10-01		Sombre10	FBOTA			0	0	1		227
R	WWBOTA	B/F-0847		2024-10-01		Sombre11	FBOTA			0	0	1		227
R	WWBOTA	B/F-0848		2024-10-01		Sombre12	FBOTA			0	0	1		227
R	WWBOTA	B/F-0849		2024-10-01		Wissant1	FBOTA			0	0	1		227
R	WWBOTA	B/F-0850		2024-10-01		Wissant2	FBOTA			0	0	1		227
R	WWBOTA	B/F-0851		2024-10-01		Wissant3	FBOTA			0	0	1		227
R	WWBOTA	B/F-0852		2024-10-01		Wissant5	FBOTA			0	0	1		227
R	WWBOTA	B/F-0853		2024-10-01		Wissant4	FBOTA			0	0	1		227
R	WWBOTA	B/F-0854		2024-10-01		Wissant6	FBOTA			0	0	1		227
R	WWBOTA	B/F-0855		2024-10-01		Wissant7	FBOTA			0	0	1		227
R	WWBOTA	B/F-0856		2024-10-01		Wissant8	FBOTA			0	0	1		227
R	WWBOTA	B/F-0857		2024-10-01		Gris Nez 1	FBOTA			0	0	1		227
R	WWBOTA	B/F-0858		2024-10-01		Gris Nez2	FBOTA			0	0	1		227
R	WWBOTA	B/F-0859		2024-10-01		Gris Nez3	FBOTA			0	0	1		227
R	WWBOTA	B/F-0860		2024-10-01		Gris Nez5	FBOTA			0	0	1		227
R	WWBOTA	B/F-0861		2024-10-01		Gris Nez4	FBOTA			0	0	1		227
R	WWBOTA	B/F-0862		2024-10-01		Gris Nez6	FBOTA			0	0	1		227
R	WWBOTA	B/F-0863		2024-10-01		Gris Nez7	FBOTA			0	0	1		227
R	WWBOTA	B/F-0864		2024-10-01		Gris Nez8	FBOTA			0	0	1		227
R	WWBOTA	B/F-0865		2024-10-01		Gris Nez10	FBOTA			0	0	1		227
R	WWBOTA	B/F-0866		2024-10-01		Gris Nez9	FBOTA			0	0	1		227
R	WWBOTA	B/F-0867		2024-10-01		Gris Nez11	FBOTA			0	0	1		227
R	WWBOTA	B/F-0868		2024-10-01		Gris Nez12	FBOTA			0	0	1		227
R	WWBOTA	B/F-0869		2024-10-01		Gris Nez13	FBOTA			0	0	1		227
R	WWBOTA	B/F-0870		2024-10-01		Gris Nez14	FBOTA			0	0	1		227
R	WWBOTA	B/F-0871		2024-10-01		Cran aux oeufs1	FBOTA			0	0	1		227
R	WWBOTA	B/F-0872		2024-10-01		Cran aux oeufs2	FBOTA			0	0	1		227
R	WWBOTA	B/F-0873		2024-10-01		Cran aux oeufs3	FBOTA			0	0	1		227
R	WWBOTA	B/F-0874		2024-10-01		Cran Mademoiselle	FBOTA			0	0	1		227
R	WWBOTA	B/F-0875		2024-10-01		Le Blockhaus d'Eperlecques	FBOTA			0	0	1		227
R	WWBOTA	B/F-0876		2024-10-01		Audresselles	FBOTA			0	0	1		227
R	WWBOTA	B/F-0877		2024-10-01		Ambleteuse1	FBOTA			0	0	1		227
R	WWBOTA	B/F-0878		2024-10-01		Ambleteuse2	FBOTA			0	0	1		227
R	WWBOTA	B/F-0879		2024-10-01		Wimereux1	FBOTA			0	0	1		227
R	WWBOTA	B/F-0880		2024-10-01		Wimereux2	FBOTA			0	0	1		227
R	WWBOTA	B/F-0881		2024-10-01		Wimereux3	FBOTA			0	0	1		227
R	WWBOTA	B/F-0882		2024-10-01		Wimereux4	FBOTA			0	0	1		227
R	WWBOTA	B/F-0883		2024-10-01		Honvault1	FBOTA			0	0	1		227
R	WWBOTA	B/F-0884		2024-10-01		Honvault2	FBOTA			0	0	1		227
R	WWBOTA	B/F-0885		2024-10-01		Honvault3	FBOTA			0	0	1		227
R	WWBOTA	B/F-0886		2024-10-01		Honvault4	FBOTA			0	0	1		227
R	WWBOTA	B/F-0887		2024-10-01		Honvault5	FBOTA			0	0	1		227
R	WWBOTA	B/F-0888		2024-10-01		Honvault6	FBOTA			0	0	1		227
R	WWBOTA	B/F-0889		2024-10-01		Fort de la Creche1	FBOTA			0	0	1		227
R	WWBOTA	B/F-0890		2024-10-01		Fort de la Creche2	FBOTA			0	0	1		227
R	WWBOTA	B/F-0891		2024-10-01		Terlincthun2	FBOTA			0	0	1		227
R	WWBOTA	B/F-0892		2024-10-01		Fort de la Creche3	FBOTA			0	0	1		227
R	WWBOTA	B/F-0893		2024-10-01		Terlincthun3	FBOTA			0	0	1		227
R	WWBOTA	B/F-0894		2024-10-01		Fort de la Creche5	FBOTA			0	0	1		227
R	WWBOTA	B/F-0895		2024-10-01		Fort de la Creche4	FBOTA			0	0	1		227
R	WWBOTA	B/F-0896		2024-10-01		Terlincthun1	FBOTA			0	0	1		227
R	WWBOTA	B/F-0897		2024-10-01		Boulogne-sur-Mer1	FBOTA			0	0	1		227
R	WWBOTA	B/F-0898		2024-10-01		Boulogne-sur-Mer	FBOTA			0	0	1		227
R	WWBOTA	B/F-0899		2024-10-01		Boulogne-sur-Mer3	FBOTA			0	0	1		227
R	WWBOTA	B/F-0900		2024-10-01		La Coupole d'Helfaut	FBOTA			0	0	1		227
R	WWBOTA	B/F-0901		2024-10-01		Outreau1	FBOTA			0	0	1		227
R	WWBOTA	B/F-0902		2024-10-01		Outreau2	FBOTA			0	0	1		227
R	WWBOTA	B/F-0903		2024-10-01		Equihen1	FBOTA			0	0	1		227
R	WWBOTA	B/F-0904		2024-10-01		Equihen2	FBOTA			0	0	1		227
R	WWBOTA	B/F-0905		2024-10-01		Equihen3	FBOTA			0	0	1		227
R	WWBOTA	B/F-0906		2024-10-01		Equihen5	FBOTA			0	0	1		227
R	WWBOTA	B/F-0907		2024-10-01		Equihen4	FBOTA			0	0	1		227
R	WWBOTA	B/F-0908		2024-10-01		Equihen6	FBOTA			0	0	1		227
R	WWBOTA	B/F-0909		2024-10-01		Equihen7	FBOTA			0	0	1		227
R	WWBOTA	B/F-0910		2024-10-01		Equihen8	FBOTA			0	0	1		227
R	WWBOTA	B/F-0911		2024-10-01		Ecault2	FBOTA			0	0	1		227
R	WWBOTA	B/F-0912		2024-10-01		Ecault1	FBOTA			0	0	1		227
R	WWBOTA	B/F-0913		2024-10-01		Ecault3	FBOTA			0	0	1		227
R	WWBOTA	B/F-0914		2024-10-01		Ecault4	FBOTA			0	0	1		227
R	WWBOTA	B/F-0915		2024-10-01		Hardelot	FBOTA			0	0	1		227
R	WWBOTA	B/F-0916		2024-10-01		Hardelot1	FBOTA			0	0	1		227
R	WWBOTA	B/F-0917		2024-10-01		Hardelot3	FBOTA			0	0	1		227
R	WWBOTA	B/F-0918		2024-10-01		Hardelot2	FBOTA			0	0	1		227
R	WWBOTA	B/F-0919		2024-10-01		Hardelot4	FBOTA			0	0	1		227
R	WWBOTA	B/F-0920		2024-10-01		Hardelot8	FBOTA			0	0	1		227
R	WWBOTA	B/F-0921		2024-10-01		Hardelot5	FBOTA			0	0	1		227
R	WWBOTA	B/F-0922		2024-10-01		Hardelot6	FBOTA			0	0	1		227
R	WWBOTA	B/F-0923		2024-10-01		Hardelot7	FBOTA			0	0	1		227
R	WWBOTA	B/F-0924		2024-10-01		Dannes1	FBOTA			0	0	1		227
R	WWBOTA	B/F-0925		2024-10-01		Dannes2	FBOTA			0	0	1		227
R	WWBOTA	B/F-0926		2024-10-01		Dannes3	FBOTA			0	0	1		227
R	WWBOTA	B/F-0927		2024-10-01		Dannes4	FBOTA			0	0	1		227
R	WWBOTA	B/F-0928		2024-10-01		Dannes5	FBOTA			0	0	1		227
R	WWBOTA	B/F-0929		2024-10-01		Dannes6	FBOTA			0	0	1		227
R	WWBOTA	B/F-0930		2024-10-01		Sainte Cecile1	FBOTA			0	0	1		227
R	WWBOTA	B/F-0931		2024-10-01		Camiers1	FBOTA			0	0	1		227
R	WWBOTA	B/F-0932		2024-10-01		Camiers2	FBOTA			0	0	1		227
R	WWBOTA	B/F-0933		2024-10-01		Camiers3	FBOTA			0	0	1		227
R	WWBOTA	B/F-0934		2024-10-01		Camiers4	FBOTA			0	0	1		227
R	WWBOTA	B/F-0935		2024-10-01		Camiers5	FBOTA			0	0	1		227
R	WWBOTA	B/F-0936		2024-10-01		Le Touquet2	FBOTA			0	0	1		227
R	WWBOTA	B/F-0937		2024-10-01		Le Touquet1	FBOTA			0	0	1		227
R	WWBOTA	B/F-0938		2024-10-01		Le Touquet3	FBOTA			0	0	1		227
R	WWBOTA	B/F-0939		2024-10-01		Le Touquet4	FBOTA			0	0	1		227
R	WWBOTA	B/F-0940		2024-10-01		Le Touquet5	FBOTA			0	0	1		227
R	WWBOTA	B/F-0941		2024-10-01		Le Touquet6	FBOTA			0	0	1		227
R	WWBOTA	B/F-0942		2024-10-01		Le Touquet7	FBOTA			0	0	1		227
R	WWBOTA	B/F-0943		2024-10-01		Le Touquet8	FBOTA			0	0	1		227
R	WWBOTA	B/F-0944		2024-10-01		Le Touquet9	FBOTA			0	0	1		227
R	WWBOTA	B/F-0945		2024-10-01		Le Touquet10	FBOTA			0	0	1		227
R	WWBOTA	B/F-0946		2024-10-01		Le Touquet11	FBOTA			0	0	1		227
R	WWBOTA	B/F-0947		2024-10-01		Cucq	FBOTA			0	0	1		227
R	WWBOTA	B/F-0948		2024-10-01		Merlimont1	FBOTA			0	0	1		227
R	WWBOTA	B/F-0949		2024-10-01		Merlimont2	FBOTA			0	0	1		227
R	WWBOTA	B/F-0950		2024-10-01		Merlimont3	FBOTA			0	0	1		227
R	WWBOTA	B/F-0951		2024-10-01		Berck1	FBOTA			0	0	1		227
R	WWBOTA	B/F-0952		2024-10-01		Berck2	FBOTA			0	0	1		227
R	WWBOTA	B/F-0953		2024-10-01		Berck3	FBOTA			0	0	1		227
R	WWBOTA	B/F-0954		2024-10-01		Berck4	FBOTA			0	0	1		227
R	WWBOTA	B/F-0955		2024-10-01		Berck5	FBOTA			0	0	1		227
R	WWBOTA	B/F-0956		2024-10-01		Berck6	FBOTA			0	0	1		227
R	WWBOTA	B/F-0957		2024-10-01		Berck7	FBOTA			0	0	1		227
R	WWBOTA	B/F-0958		2024-10-01		Berck8	FBOTA			0	0	1		227
R	WWBOTA	B/F-0959		2024-10-01		Berck10	FBOTA			0	0	1		227
R	WWBOTA	B/F-0960		2024-10-01		Berck9	FBOTA			0	0	1		227
R	WWBOTA	B/F-0961		2024-10-01		Berck11	FBOTA			0	0	1		227
R	WWBOTA	B/F-0962		2024-10-01		Berck12	FBOTA			0	0	1		227
R	WWBOTA	B/F-0963		2024-10-01		Berck13	FBOTA			0	0	1		227
R	WWBOTA	B/F-0964		2024-10-01		Berck15	FBOTA			0	0	1		227
R	WWBOTA	B/F-0965		2024-10-01		Berck14	FBOTA			0	0	1		227
R	WWBOTA	B/F-0966		2024-10-01		Berck16	FBOTA			0	0	1		227
R	WWBOTA	B/F-0967		2024-10-01		Berck17	FBOTA			0	0	1		227
R	WWBOTA	B/F-0968		2024-10-01		Berck18	FBOTA			0	0	1		227
R	WWBOTA	B/F-0969		2024-10-01		Berck19	FBOTA			0	0	1		227
R	WWBOTA	B/F-0970		2024-10-01		Grosffliers	FBOTA			0	0	1		227
R	WWBOTA	B/F-0971		2024-10-01		Fort-Mahon1	FBOTA			0	0	1		227
R	WWBOTA	B/F-0972		2024-10-01		Fort-Mahon2	FBOTA			0	0	1		227
R	WWBOTA	B/F-0973		2024-10-01		Fort-Mahon3	FBOTA			0	0	1		227
R	WWBOTA	B/F-0974		2024-10-01		Fort-Mahon4	FBOTA			0	0	1		227
R	WWBOTA	B/F-0975		2024-10-01		Fort-Mahon5	FBOTA			0	0	1		227
R	WWBOTA	B/F-0976		2024-10-01		Fort-Mahon6	FBOTA			0	0	1		227
R	WWBOTA	B/F-0977		2024-10-01		Fort-Mahon7	FBOTA			0	0	1		227
R	WWBOTA	B/F-0978		2024-10-01		Quend	FBOTA			0	0	1		227
R	WWBOTA	B/F-0979		2024-10-01		Saint Quentin en Tourmont1	FBOTA			0	0	1		227
R	WWBOTA	B/F-0980		2024-10-01		Saint Quentin en Tourmont2	FBOTA			0	0	1		227
R	WWBOTA	B/F-0981		2024-10-01		Saint Quentin en Tourmont3	FBOTA			0	0	1		227
R	WWBOTA	B/F-0982		2024-10-01		Saint Quentin en Tourmont4	FBOTA			0	0	1		227
R	WWBOTA	B/F-0983		2024-10-01		Saint Quentin en Tourmont5	FBOTA			0	0	1		227
R	WWBOTA	B/F-0984		2024-10-01		Saint Quentin en Tourmont6	FBOTA			0	0	1		227
R	WWBOTA	B/F-0985		2024-10-01		Saint Quentin en Tourmont7	FBOTA			0	0	1		227
R	WWBOTA	B/F-0986		2024-10-01		Cayeux-sur-Mer1	FBOTA			0	0	1		227
R	WWBOTA	B/F-0987		2024-10-01		Cayeux-sur-Mer3	FBOTA			0	0	1		227
R	WWBOTA	B/F-0988		2024-10-01		Cayeux-sur-Mer2	FBOTA			0	0	1		227
R	WWBOTA	B/F-0989		2024-10-01		Cayeux-sur-Mer4	FBOTA			0	0	1		227
R	WWBOTA	B/F-0990		2024-10-01		Cayeux-sur-Mer5	FBOTA			0	0	1		227
R	WWBOTA	B/F-0991		2024-10-01		Cayeux-sur-Mer6	FBOTA			0	0	1		227
R	WWBOTA	B/F-0992		2024-10-01		Cayeux-sur-Mer7	FBOTA			0	0	1		227
R	WWBOTA	B/F-0993		2024-10-01		Cayeux-sur-Mer8	FBOTA			0	0	1		227
R	WWBOTA	B/F-0994		2024-10-01		Cayeux-sur-Mer9	FBOTA			0	0	1		227
R	WWBOTA	B/G-0001		2024-10-01		ROC Post Pavenham	UKBOTA		IO92RE	0	0	1		223
R	WWBOTA	B/G-0002		2024-10-01		ROC Post Toddington	UKBOTA		IO91RW	0	0	1		223
R	WWBOTA	B/G-0003		2024-10-01		ROC Post Ampthill	UKBOTA		IO92RA	0	0	1		223
R	WWBOTA	B/G-0004		2024-10-01		ROC Post Riseley	UKBOTA		IO92SG	0	0	1		223
R	WWBOTA	B/G-0005		2024-10-01		ROC Post Ravensden	UKBOTA		IO92SE	0	0	1		223
R	WWBOTA	B/G-0006		2024-10-01		ROC Post Sandy	UKBOTA		IO92UD	0	0	1		223
R	WWBOTA	B/G-0007		2024-10-01		ROC Post Shefford	UKBOTA		IO92UA	0	0	1		223
R	WWBOTA	B/G-0008		2024-10-01		ROC Post Ashbury Master Post	UKBOTA		IO91EN	0	0	1		223
R	WWBOTA	B/G-0009		2024-10-01		ROC Post Great Shefford	UKBOTA		IO91GL	0	0	1		223
R	WWBOTA	B/G-0010		2024-10-01		ROC Post Wantage	UKBOTA		IO91GN	0	0	1		223
R	WWBOTA	B/G-0011		2024-10-01		ROC Post Longworth	UKBOTA		IO91HQ	0	0	1		223
R	WWBOTA	B/G-0012		2024-10-01		ROC Post Newbury	UKBOTA		IO91HJ	0	0	1		223
R	WWBOTA	B/G-0013		2024-10-01		ROC Post East Ilsley	UKBOTA		IO91IM	0	0	1		223
R	WWBOTA	B/G-0014		2024-10-01		ROC Post Cold Ash	UKBOTA		IO91IK	0	0	1		223
R	WWBOTA	B/G-0015		2024-10-01		ROC Post Streatley Master Post	UKBOTA		IO91JM	0	0	1		223
R	WWBOTA	B/G-0016		2024-10-01		ROC Post Bradfield	UKBOTA		IO91KK	0	0	1		223
R	WWBOTA	B/G-0017		2024-10-01		ROC Post Arborfield	UKBOTA		IO91NJ	0	0	1		223
R	WWBOTA	B/G-0018		2024-10-01		ROC Post Shurlock Row	UKBOTA		IO91OL	0	0	1		223
R	WWBOTA	B/G-0019		2024-10-01		ROC Post Crowthorne	UKBOTA		IO91OI	0	0	1		223
R	WWBOTA	B/G-0020		2024-10-01		ROC Post Ascot	UKBOTA		IO91PK	0	0	1		223
R	WWBOTA	B/G-0021		2024-10-01		ROC Post Windsor	UKBOTA		IO91QL	0	0	1		223
R	WWBOTA	B/G-0022		2024-10-01		ROC Post Buckingham	UKBOTA		IO91MX	0	0	1		223
R	WWBOTA	B/G-0023		2024-10-01		ROC Post Stony Stratford	UKBOTA		IO92NB	0	0	1		223
R	WWBOTA	B/G-0024		2024-10-01		ROC Post Whitchurch	UKBOTA		IO91NV	0	0	1		223
R	WWBOTA	B/G-0025		2024-10-01		ROC Post Princes Risborough	UKBOTA		IO91NQ	0	0	1		223
R	WWBOTA	B/G-0026		2024-10-01		ROC Post Weston Turville	UKBOTA		IO91OT	0	0	1		223
R	WWBOTA	B/G-0027		2024-10-01		ROC Post Bletchley	UKBOTA		IO91PX	0	0	1		223
R	WWBOTA	B/G-0028		2024-10-01		ROC Post Olney Master Post	UKBOTA		IO92PC	0	0	1		223
R	WWBOTA	B/G-0029		2024-10-01		ROC Post Cheddington	UKBOTA		IO91PU	0	0	1		223
R	WWBOTA	B/G-0030		2024-10-01		ROC Post Great Missenden	UKBOTA		IO91QR	0	0	1		223
R	WWBOTA	B/G-0031		2024-10-01		ROC Post Marlow	UKBOTA		IO91ON	0	0	1		223
R	WWBOTA	B/G-0032		2024-10-01		ROC Post Beaconsfield	UKBOTA		IO91PO	0	0	1		223
R	WWBOTA	B/G-0033		2024-10-01		ROC Post Parson Drove	UKBOTA		JO02AQ	0	0	1		223
R	WWBOTA	B/G-0034		2024-10-01		ROC Post Whittlesey	UKBOTA		IO92WN	0	0	1		223
R	WWBOTA	B/G-0035		2024-10-01		ROC Post Caxton	UKBOTA		IO92WF	0	0	1		223
R	WWBOTA	B/G-0036		2024-10-01		ROC Post Arrington	UKBOTA		IO92XD	0	0	1		223
R	WWBOTA	B/G-0037		2024-10-01		ROC Post Benwick	UKBOTA		IO92XL	0	0	1		223
R	WWBOTA	B/G-0038		2024-10-01		ROC Post March	UKBOTA		JO02AM	0	0	1		223
R	WWBOTA	B/G-0039		2024-10-01		ROC Post Willingham	UKBOTA		JO02AG	0	0	1		223
R	WWBOTA	B/G-0040		2024-10-01		ROC Post Harston	UKBOTA		JO02BD	0	0	1		223
R	WWBOTA	B/G-0041		2024-10-01		ROC Post Sutton Master Post	UKBOTA		JO02BJ	0	0	1		223
R	WWBOTA	B/G-0042		2024-10-01		ROC Post Manea	UKBOTA		JO02CL	0	0	1		223
R	WWBOTA	B/G-0043		2024-10-01		ROC Post Cherry Hinton	UKBOTA		JO02CE	0	0	1		223
R	WWBOTA	B/G-0044		2024-10-01		ROC Post Stretham	UKBOTA		JO02CI	0	0	1		223
R	WWBOTA	B/G-0045		2024-10-01		ROC Post Linton	UKBOTA		JO02DC	0	0	1		223
R	WWBOTA	B/G-0046		2024-10-01		ROC Post Bottisham	UKBOTA		JO02DF	0	0	1		223
R	WWBOTA	B/G-0047		2024-10-01		ROC Post Littleport	UKBOTA		JO02DK	0	0	1		223
R	WWBOTA	B/G-0048		2024-10-01		ROC Post Fordham	UKBOTA		JO02EI	0	0	1		223
R	WWBOTA	B/G-0049		2024-10-01		ROC Post Caldy	UKBOTA		IO83KJ	0	0	1		223
R	WWBOTA	B/G-0050		2024-10-01		ROC Post Neston	UKBOTA		IO83LH	0	0	1		223
R	WWBOTA	B/G-0051		2024-10-01		ROC Post Saughall	UKBOTA		IO83MF	0	0	1		223
R	WWBOTA	B/G-0052		2024-10-01		ROC Post Aldford	UKBOTA		IO83NC	0	0	1		223
R	WWBOTA	B/G-0053		2024-10-01		ROC Post Helsby Master Post	UKBOTA		IO83OG	0	0	1		223
R	WWBOTA	B/G-0054		2024-10-01		ROC Post Malpas	UKBOTA		IO83OA	0	0	1		223
R	WWBOTA	B/G-0055		2024-10-01		ROC Post Tarporley	UKBOTA		IO83PE	0	0	1		223
R	WWBOTA	B/G-0056		2024-10-01		ROC Post Preston on the Hill	UKBOTA		IO83QH	0	0	1		223
R	WWBOTA	B/G-0057		2024-10-01		ROC Post Faddiley	UKBOTA		IO83QB	0	0	1		223
R	WWBOTA	B/G-0058		2024-10-01		ROC Post Audlem	UKBOTA		IO82RX	0	0	1		223
R	WWBOTA	B/G-0059		2024-10-01		ROC Post Northwich	UKBOTA		IO83SF	0	0	1		223
R	WWBOTA	B/G-0060		2024-10-01		ROC Post Middlewich	UKBOTA		IO83SE	0	0	1		223
R	WWBOTA	B/G-0061		2024-10-01		ROC Post Altrincham	UKBOTA		IO83SJ	0	0	1		223
R	WWBOTA	B/G-0062		2024-10-01		ROC Post Crewe	UKBOTA		IO83TB	0	0	1		223
R	WWBOTA	B/G-0063		2024-10-01		ROC Post Knutsford	UKBOTA		IO83TH	0	0	1		223
R	WWBOTA	B/G-0064		2024-10-01		ROC Post Sandbach	UKBOTA		IO83TD	0	0	1		223
R	WWBOTA	B/G-0065		2024-10-01		ROC Post Macclesfield	UKBOTA		IO83WG	0	0	1		223
R	WWBOTA	B/G-0066		2024-10-01		ROC Post Poynton	UKBOTA		IO83WI	0	0	1		223
R	WWBOTA	B/G-0067		2024-10-01		ROC Post Hyde	UKBOTA		IO83XK	0	0	1		223
R	WWBOTA	B/G-0068		2024-10-01		ROC Post Kilkhampton Master Post	UKBOTA		IO70SV	0	0	1		223
R	WWBOTA	B/G-0069		2024-10-01		ROC Post Sennen	UKBOTA		IO70DB	0	0	1		223
R	WWBOTA	B/G-0070		2024-10-01		ROC Post Madron Master Post	UKBOTA		IO70ED	0	0	1		223
R	WWBOTA	B/G-0071		2024-10-01		ROC Post St. Ives - Cornwall	UKBOTA		IO70GE	0	0	1		223
R	WWBOTA	B/G-0072		2024-10-01		ROC Post Helston	UKBOTA		IO70IC	0	0	1		223
R	WWBOTA	B/G-0073		2024-10-01		ROC Post Praze-An-Beeble	UKBOTA		IO70IE	0	0	1		223
R	WWBOTA	B/G-0074		2024-10-01		ROC Post The Lizard	UKBOTA		IN79JX	0	0	1		223
R	WWBOTA	B/G-0075		2024-10-01		ROC Post Constantine	UKBOTA		IO70JC	0	0	1		223
R	WWBOTA	B/G-0076		2024-10-01		ROC Post St. Agnes	UKBOTA		IO70JH	0	0	1		223
R	WWBOTA	B/G-0077		2024-10-01		ROC Post Penryn Master Post	UKBOTA		IO70KE	0	0	1		223
R	WWBOTA	B/G-0078		2024-10-01		ROC Post Truro	UKBOTA		IO70LG	0	0	1		223
R	WWBOTA	B/G-0079		2024-10-01		ROC Post Mitchell	UKBOTA		IO70LI	0	0	1		223
R	WWBOTA	B/G-0080		2024-10-01		ROC Post Newquay	UKBOTA		IO70LK	0	0	1		223
R	WWBOTA	B/G-0081		2024-10-01		ROC Post St Anthony-in-Meneage	UKBOTA		IO70MD	0	0	1		223
R	WWBOTA	B/G-0082		2024-10-01		ROC Post Veryan	UKBOTA		IO70NE	0	0	1		223
R	WWBOTA	B/G-0083		2024-10-01		ROC Post St. Columb Major Master Post	UKBOTA		IO70MK	0	0	1		223
R	WWBOTA	B/G-0084		2024-10-01		ROC Post Trebetherick	UKBOTA		IO70NO	0	0	1		223
R	WWBOTA	B/G-0085		2024-10-01		ROC Post Nanpean	UKBOTA		IO70NI	0	0	1		223
R	WWBOTA	B/G-0086		2024-10-01		ROC Post Mevagissey	UKBOTA		IO70OF	0	0	1		223
R	WWBOTA	B/G-0087		2024-10-01		ROC Post Tintagel	UKBOTA		IO70OP	0	0	1		223
R	WWBOTA	B/G-0088		2024-10-01		ROC Post Bodmin	UKBOTA		IO70PL	0	0	1		223
R	WWBOTA	B/G-0089		2024-10-01		ROC Post St. Breward Master Post	UKBOTA		IO70PN	0	0	1		223
R	WWBOTA	B/G-0090		2024-10-01		ROC Post Par	UKBOTA		IO70PI	0	0	1		223
R	WWBOTA	B/G-0091		2024-10-01		ROC Post Otterham	UKBOTA		IO70QP	0	0	1		223
R	WWBOTA	B/G-0092		2024-10-01		ROC Post Polperro	UKBOTA		IO70RI	0	0	1		223
R	WWBOTA	B/G-0093		2024-10-01		ROC Post Week St. Mary	UKBOTA		IO70RS	0	0	1		223
R	WWBOTA	B/G-0094		2024-10-01		ROC Post Liskeard	UKBOTA		IO70SK	0	0	1		223
R	WWBOTA	B/G-0095		2024-10-01		ROC Post Coad's Green	UKBOTA		IO70TN	0	0	1		223
R	WWBOTA	B/G-0096		2024-10-01		ROC Post Downderry	UKBOTA		IO70TI	0	0	1		223
R	WWBOTA	B/G-0097		2024-10-01		ROC Post Launceston	UKBOTA		IO70TP	0	0	1		223
R	WWBOTA	B/G-0098		2024-10-01		ROC Post Callington	UKBOTA		IO70UL	0	0	1		223
R	WWBOTA	B/G-0099		2024-10-01		ROC Post Saltash	UKBOTA		IO70UJ	0	0	1		223
R	WWBOTA	B/G-0100		2024-10-01		ROC Post Millbrook Master Post	UKBOTA		IO70VI	0	0	1		223
R	WWBOTA	B/G-0101		2024-10-01		ROC Post Wadebridge	UKBOTA		IO70NM	0	0	1		223
R	WWBOTA	B/G-0103		2024-10-01		ROC Post Sacriston Master Post	UKBOTA		IO94ET	0	0	1		223
R	WWBOTA	B/G-0104		2024-10-01		ROC Post Stanhope	UKBOTA		IO84XS	0	0	1		223
R	WWBOTA	B/G-0105		2024-10-01		ROC Post Woodland	UKBOTA		IO94AO	0	0	1		223
R	WWBOTA	B/G-0106		2024-10-01		ROC Post Tow Law Master Post	UKBOTA		IO94CR	0	0	1		223
R	WWBOTA	B/G-0107		2024-10-01		ROC Post Tantobie	UKBOTA		IO94DV	0	0	1		223
R	WWBOTA	B/G-0108		2024-10-01		ROC Post Westerton	UKBOTA		IO94EQ	0	0	1		223
R	WWBOTA	B/G-0109		2024-10-01		ROC Post Springwell	UKBOTA		IO94FW	0	0	1		223
R	WWBOTA	B/G-0110		2024-10-01		ROC Post Sherburn Hill	UKBOTA		IO94GS	0	0	1		223
R	WWBOTA	B/G-0111		2024-10-01		ROC Post Sadberge	UKBOTA		IO94GN	0	0	1		223
R	WWBOTA	B/G-0112		2024-10-01		ROC Post Sedgefield	UKBOTA		IO94GP	0	0	1		223
R	WWBOTA	B/G-0113		2024-10-01		ROC Post Whitburn	UKBOTA		IO94HW	0	0	1		223
R	WWBOTA	B/G-0114		2024-10-01		ROC Post Wolviston	UKBOTA		IO94IO	0	0	1		223
R	WWBOTA	B/G-0115		2024-10-01		ROC Post Seaton Carew	UKBOTA		IO94JP	0	0	1		223
R	WWBOTA	B/G-0116		2024-10-01		ROC Post Wearhead	UKBOTA		IO84VR	0	0	1		223
R	WWBOTA	B/G-0117		2024-10-01		ROC Post Whitehaven	UKBOTA		IO84FN	0	0	1		223
R	WWBOTA	B/G-0118		2024-10-01		ROC Post Workington	UKBOTA		IO84FP	0	0	1		223
R	WWBOTA	B/G-0119		2024-10-01		ROC Post Seascale	UKBOTA		IO84GJ	0	0	1		223
R	WWBOTA	B/G-0120		2024-10-01		ROC Post Allonby Master Post	UKBOTA		IO84GS	0	0	1		223
R	WWBOTA	B/G-0121		2024-10-01		ROC Post Silloth	UKBOTA		IO84HU	0	0	1		223
R	WWBOTA	B/G-0122		2024-10-01		ROC Post Cockermouth	UKBOTA		IO84HQ	0	0	1		223
R	WWBOTA	B/G-0123		2024-10-01		ROC Post Kirkbride	UKBOTA		IO84JV	0	0	1		223
R	WWBOTA	B/G-0124		2024-10-01		ROC Post Bassenthwaite	UKBOTA		IO84JQ	0	0	1		223
R	WWBOTA	B/G-0125		2024-10-01		ROC Post Wigton	UKBOTA		IO84JT	0	0	1		223
R	WWBOTA	B/G-0126		2024-10-01		ROC Post Threlkeld	UKBOTA		IO84LO	0	0	1		223
R	WWBOTA	B/G-0127		2024-10-01		ROC Post Caldbeck	UKBOTA		IO84LR	0	0	1		223
R	WWBOTA	B/G-0128		2024-10-01		ROC Post Dalston	UKBOTA		IO84MT	0	0	1		223
R	WWBOTA	B/G-0129		2024-10-01		ROC Post Carlisle	UKBOTA		IO84MW	0	0	1		223
R	WWBOTA	B/G-0130		2024-10-01		ROC Post Greystoke	UKBOTA		IO84NQ	0	0	1		223
R	WWBOTA	B/G-0131		2024-10-01		ROC Post Armathwaite	UKBOTA		IO84OT	0	0	1		223
R	WWBOTA	B/G-0132		2024-10-01		ROC Post Penrith Master Post	UKBOTA		IO84OP	0	0	1		223
R	WWBOTA	B/G-0133		2024-10-01		ROC Post Roadhead Master Post	UKBOTA		IO85OB	0	0	1		223
R	WWBOTA	B/G-0134		2024-10-01		ROC Post Brampton	UKBOTA		IO84PW	0	0	1		223
R	WWBOTA	B/G-0135		2024-10-01		ROC Post Culgaith	UKBOTA		IO84QP	0	0	1		223
R	WWBOTA	B/G-0136		2024-10-01		ROC Post Alston	UKBOTA		IO84ST	0	0	1		223
R	WWBOTA	B/G-0137		2024-10-01		ROC Post Bootle	UKBOTA		IO84HG	0	0	1		223
R	WWBOTA	B/G-0138		2024-10-01		ROC Post Eskdale	UKBOTA		IO84IJ	0	0	1		223
R	WWBOTA	B/G-0139		2024-10-01		ROC Post Millom	UKBOTA		IO84IE	0	0	1		223
R	WWBOTA	B/G-0140		2024-10-01		ROC Post Sedbergh	UKBOTA		IO84RH	0	0	1		223
R	WWBOTA	B/G-0141		2024-10-01		ROC Post Glossop	UKBOTA		IO93AK	0	0	1		223
R	WWBOTA	B/G-0142		2024-10-01		ROC Post Buxton Master Post	UKBOTA		IO93BG	0	0	1		223
R	WWBOTA	B/G-0143		2024-10-01		ROC Post Uttoxeter Master Post	UKBOTA		IO92BW	0	0	1		223
R	WWBOTA	B/G-0144		2024-10-01		ROC Post Hartington	UKBOTA		IO93CD	0	0	1		223
R	WWBOTA	B/G-0145		2024-10-01		ROC Post Hope	UKBOTA		IO93CH	0	0	1		223
R	WWBOTA	B/G-0146		2024-10-01		ROC Post Brassington	UKBOTA		IO93EC	0	0	1		223
R	WWBOTA	B/G-0147		2024-10-01		ROC Post Baslow	UKBOTA		IO93EF	0	0	1		223
R	WWBOTA	B/G-0148		2024-10-01		ROC Post Church Gresley	UKBOTA		IO92ES	0	0	1		223
R	WWBOTA	B/G-0149		2024-10-01		ROC Post Hulland	UKBOTA		IO93EA	0	0	1		223
R	WWBOTA	B/G-0150		2024-10-01		ROC Post Etwall	UKBOTA		IO92FV	0	0	1		223
R	WWBOTA	B/G-0151		2024-10-01		ROC Post Ambergate Master Post	UKBOTA		IO93GB	0	0	1		223
R	WWBOTA	B/G-0152		2024-10-01		ROC Post Ashover Master Post	UKBOTA		IO93GE	0	0	1		223
R	WWBOTA	B/G-0153		2024-10-01		ROC Post Melbourne	UKBOTA		IO92GT	0	0	1		223
R	WWBOTA	B/G-0154		2024-10-01		ROC Post Ripley Site 2	UKBOTA		IO93GB	0	0	1		223
R	WWBOTA	B/G-0155		2024-10-01		ROC Post Spondon	UKBOTA		IO92HW	0	0	1		223
R	WWBOTA	B/G-0156		2024-10-01		ROC Post Staveley	UKBOTA		IO93HG	0	0	1		223
R	WWBOTA	B/G-0157		2024-10-01		ROC Post Whitwell	UKBOTA		IO93JG	0	0	1		223
R	WWBOTA	B/G-0160		2024-10-01		ROC Post Holsworthy	UKBOTA		IO70TT	0	0	1		223
R	WWBOTA	B/G-0161		2024-10-01		ROC Post Horns Cross	UKBOTA		IO70UX	0	0	1		223
R	WWBOTA	B/G-0162		2024-10-01		ROC Post Woolacombe	UKBOTA		IO71VD	0	0	1		223
R	WWBOTA	B/G-0163		2024-10-01		ROC Post Great Torrington	UKBOTA		IO70WX	0	0	1		223
R	WWBOTA	B/G-0165		2024-10-01		ROC Post Hatherleigh	UKBOTA		IO70XU	0	0	1		223
R	WWBOTA	B/G-0166		2024-10-01		ROC Post Shirwell	UKBOTA		IO71XD	0	0	1		223
R	WWBOTA	B/G-0167		2024-10-01		ROC Post High Bickington	UKBOTA		IO80AX	0	0	1		223
R	WWBOTA	B/G-0168		2024-10-01		ROC Post Winkleigh Master Post	UKBOTA		IO80AU	0	0	1		223
R	WWBOTA	B/G-0169		2024-10-01		ROC Post South Molton	UKBOTA		IO81BA	0	0	1		223
R	WWBOTA	B/G-0170		2024-10-01		ROC Post Witheridge	UKBOTA		IO80CV	0	0	1		223
R	WWBOTA	B/G-0171		2024-10-01		ROC Post Stockleigh Pomeroy Master Post	UKBOTA		IO80ET	0	0	1		223
R	WWBOTA	B/G-0172		2024-10-01		ROC Post Tiverton	UKBOTA		IO80FV	0	0	1		223
R	WWBOTA	B/G-0173		2024-10-01		ROC Post Kentisbeare	UKBOTA		IO80HU	0	0	1		223
R	WWBOTA	B/G-0174		2024-10-01		ROC Post Feniton	UKBOTA		IO81ID	0	0	1		223
R	WWBOTA	B/G-0175		2024-10-01		ROC Post Tavistock	UKBOTA		IO70WN	0	0	1		223
R	WWBOTA	B/G-0176		2024-10-01		ROC Post Sharpitor	UKBOTA		IO70XM	0	0	1		223
R	WWBOTA	B/G-0177		2024-10-01		ROC Post Holbeton	UKBOTA		IO80AH	0	0	1		223
R	WWBOTA	B/G-0178		2024-10-01		ROC Post Gara Bridge	UKBOTA		IO80DI	0	0	1		223
R	WWBOTA	B/G-0179		2024-10-01		ROC Post Start Point	UKBOTA		IO80EF	0	0	1		223
R	WWBOTA	B/G-0180		2024-10-01		ROC Post Strete	UKBOTA		IO80EH	0	0	1		223
R	WWBOTA	B/G-0181		2024-10-01		ROC Post Torquay	UKBOTA		IO80FM	0	0	1		223
R	WWBOTA	B/G-0182		2024-10-01		ROC Post Teignmouth	UKBOTA		IO80FN	0	0	1		223
R	WWBOTA	B/G-0183		2024-10-01		ROC Post Farway Common	UKBOTA		IO80JS	0	0	1		223
R	WWBOTA	B/G-0184		2024-10-01		ROC Post Seaton	UKBOTA		IO80KR	0	0	1		223
R	WWBOTA	B/G-0188		2024-10-01		ROC Post Croyde	UKBOTA		IO71VC	0	0	1		223
R	WWBOTA	B/G-0189		2024-10-01		ROC Post Barnstaple	UKBOTA		IO71XB	0	0	1		223
R	WWBOTA	B/G-0190		2024-10-01		ROC Post Combe Martin	UKBOTA		IO81AE	0	0	1		223
R	WWBOTA	B/G-0191		2024-10-01		ROC Post Lynton Master Post	UKBOTA		IO81CF	0	0	1		223
R	WWBOTA	B/G-0192		2024-10-01		ROC Post Bow	UKBOTA		IO80CT	0	0	1		223
R	WWBOTA	B/G-0193		2024-10-01		ROC Post Bampton	UKBOTA		IO80GX	0	0	1		223
R	WWBOTA	B/G-0194		2024-10-01		ROC Post Axminster	UKBOTA		IO80LT	0	0	1		223
R	WWBOTA	B/G-0195		2024-10-01		ROC Post Bere Alston	UKBOTA		IO70VL	0	0	1		223
R	WWBOTA	B/G-0196		2024-10-01		ROC Post Plymstock	UKBOTA		IO70WI	0	0	1		223
R	WWBOTA	B/G-0197		2024-10-01		ROC Post Lydford	UKBOTA		IO70WP	0	0	1		223
R	WWBOTA	B/G-0198		2024-10-01		ROC Post Plympton	UKBOTA		IO70XJ	0	0	1		223
R	WWBOTA	B/G-0199		2024-10-01		ROC Post Okehampton	UKBOTA		IO70XR	0	0	1		223
R	WWBOTA	B/G-0200		2024-10-01		ROC Post Modbury Master Post	UKBOTA		IO80BJ	0	0	1		223
R	WWBOTA	B/G-0201		2024-10-01		ROC Post Malborough	UKBOTA		IO80CG	0	0	1		223
R	WWBOTA	B/G-0202		2024-10-01		ROC Post Drewsteignton	UKBOTA		IO80CQ	0	0	1		223
R	WWBOTA	B/G-0203		2024-10-01		ROC Post Moretonhampstead	UKBOTA		IO80CP	0	0	1		223
R	WWBOTA	B/G-0204		2024-10-01		ROC Post Ashburton	UKBOTA		IO80CM	0	0	1		223
R	WWBOTA	B/G-0205		2024-10-01		ROC Post Manaton	UKBOTA		IO80DO	0	0	1		223
R	WWBOTA	B/G-0206		2024-10-01		ROC Post Christow	UKBOTA		IO80EP	0	0	1		223
R	WWBOTA	B/G-0207		2024-10-01		ROC Post Newton Abbot	UKBOTA		IO80EM	0	0	1		223
R	WWBOTA	B/G-0208		2024-10-01		ROC Post Paignton	UKBOTA		IO80EK	0	0	1		223
R	WWBOTA	B/G-0209		2024-10-01		ROC Post Exminster	UKBOTA		IO80FP	0	0	1		223
R	WWBOTA	B/G-0210		2024-10-01		ROC Post Brixham	UKBOTA		IO80GJ	0	0	1		223
R	WWBOTA	B/G-0211		2024-10-01		ROC Post Pinhoe Master Post	UKBOTA		IO80GR	0	0	1		223
R	WWBOTA	B/G-0212		2024-10-01		ROC Post Exmouth	UKBOTA		IO80HO	0	0	1		223
R	WWBOTA	B/G-0213		2024-10-01		ROC Post Yetminster Master Post	UKBOTA		IO80RV	0	0	1		223
R	WWBOTA	B/G-0214		2024-10-01		ROC Post Evershot	UKBOTA		IO80RT	0	0	1		223
R	WWBOTA	B/G-0215		2024-10-01		ROC Post Buckland Newton Master Post	UKBOTA		IO80SU	0	0	1		223
R	WWBOTA	B/G-0216		2024-10-01		ROC Post East Stour	UKBOTA		IO81UA	0	0	1		223
R	WWBOTA	B/G-0217		2024-10-01		ROC Post Sturminster Newton	UKBOTA		IO80UV	0	0	1		223
R	WWBOTA	B/G-0218		2024-10-01		ROC Post Fontmell Magna	UKBOTA		IO80VX	0	0	1		223
R	WWBOTA	B/G-0219		2024-10-01		ROC Post Blandford Forum	UKBOTA		IO80VU	0	0	1		223
R	WWBOTA	B/G-0220		2024-10-01		ROC Post Sixpenny Handley	UKBOTA		IO80XW	0	0	1		223
R	WWBOTA	B/G-0221		2024-10-01		ROC Post Witchampton	UKBOTA		IO90AU	0	0	1		223
R	WWBOTA	B/G-0222		2024-10-01		ROC Post Verwood	UKBOTA		IO90BV	0	0	1		223
R	WWBOTA	B/G-0223		2024-10-01		ROC Post Burton Bradstock	UKBOTA		IO80PR	0	0	1		223
R	WWBOTA	B/G-0224		2024-10-01		ROC Post Abbotsbury	UKBOTA		IO80QQ	0	0	1		223
R	WWBOTA	B/G-0225		2024-10-01		ROC Post Dorchester	UKBOTA		IO80SR	0	0	1		223
R	WWBOTA	B/G-0226		2024-10-01		ROC Post Portland Bill	UKBOTA		IO80SM	0	0	1		223
R	WWBOTA	B/G-0227		2024-10-01		ROC Post Preston	UKBOTA		IO80TP	0	0	1		223
R	WWBOTA	B/G-0228		2024-10-01		ROC Post West Lulworth	UKBOTA		IO80UO	0	0	1		223
R	WWBOTA	B/G-0229		2024-10-01		ROC Post Bere Regis	UKBOTA		IO80VS	0	0	1		223
R	WWBOTA	B/G-0230		2024-10-01		ROC Post Wareham	UKBOTA		IO80WQ	0	0	1		223
R	WWBOTA	B/G-0231		2024-10-01		ROC Post Worth Matravers	UKBOTA		IO80XO	0	0	1		223
R	WWBOTA	B/G-0232		2024-10-01		ROC Post Canford Cliffs	UKBOTA		IO90AQ	0	0	1		223
R	WWBOTA	B/G-0233		2024-10-01		ROC Post Castleside	UKBOTA		IO94BT	0	0	1		223
R	WWBOTA	B/G-0234		2024-10-01		ROC Post Pit House	UKBOTA		IO94DS	0	0	1		223
R	WWBOTA	B/G-0235		2024-10-01		ROC Post Brusselton	UKBOTA		IO94DO	0	0	1		223
R	WWBOTA	B/G-0236		2024-10-01		ROC Post Piercebridge	UKBOTA		IO94EM	0	0	1		223
R	WWBOTA	B/G-0237		2024-10-01		ROC Post Aycliffe Village	UKBOTA		IO94FO	0	0	1		223
R	WWBOTA	B/G-0238		2024-10-01		ROC Post Hastings Hill	UKBOTA		IO94GV	0	0	1		223
R	WWBOTA	B/G-0239		2024-10-01		ROC Post Easington	UKBOTA		IO94IT	0	0	1		223
R	WWBOTA	B/G-0240		2024-10-01		ROC Post Hartlepool	UKBOTA		IO94JQ	0	0	1		223
R	WWBOTA	B/G-0242		2024-10-01		ROC Post Nazeing	UKBOTA		JO01AR	0	0	1		223
R	WWBOTA	B/G-0243		2024-10-01		ROC Post Ickleton	UKBOTA		JO02BB	0	0	1		223
R	WWBOTA	B/G-0244		2024-10-01		ROC Post Hatfield Broad Oak	UKBOTA		JO01CT	0	0	1		223
R	WWBOTA	B/G-0245		2024-10-01		ROC Post Henham	UKBOTA		JO01DW	0	0	1		223
R	WWBOTA	B/G-0246		2024-10-01		ROC Post Chipping Ongar Master Post	UKBOTA		JO01DR	0	0	1		223
R	WWBOTA	B/G-0247		2024-10-01		ROC Post Good Easter	UKBOTA		JO01ES	0	0	1		223
R	WWBOTA	B/G-0248		2024-10-01		ROC Post Great Dunmow	UKBOTA		JO01EV	0	0	1		223
R	WWBOTA	B/G-0249		2024-10-01		ROC Post Finchingfield	UKBOTA		JO01FX	0	0	1		223
R	WWBOTA	B/G-0250		2024-10-01		ROC Post Little Waltham	UKBOTA		JO01FT	0	0	1		223
R	WWBOTA	B/G-0251		2024-10-01		ROC Post Great Baddow	UKBOTA		JO01GR	0	0	1		223
R	WWBOTA	B/G-0252		2024-10-01		ROC Post Clare	UKBOTA		JO02GB	0	0	1		223
R	WWBOTA	B/G-0253		2024-10-01		ROC Post Braintree	UKBOTA		JO01HV	0	0	1		223
R	WWBOTA	B/G-0254		2024-10-01		ROC Post Castle Hedingham	UKBOTA		JO01HX	0	0	1		223
R	WWBOTA	B/G-0255		2024-10-01		ROC Post Hatfield Peverel	UKBOTA		JO01HS	0	0	1		223
R	WWBOTA	B/G-0256		2024-10-01		ROC Post Maldon	UKBOTA		JO01HR	0	0	1		223
R	WWBOTA	B/G-0257		2024-10-01		ROC Post Wickham Bishops	UKBOTA		JO01IS	0	0	1		223
R	WWBOTA	B/G-0258		2024-10-01		ROC Post Kelvedon	UKBOTA		JO01IU	0	0	1		223
R	WWBOTA	B/G-0259		2024-10-01		ROC Post Earls Colne	UKBOTA		JO01IW	0	0	1		223
R	WWBOTA	B/G-0260		2024-10-01		ROC Post Latchingdon	UKBOTA		JO01IQ	0	0	1		223
R	WWBOTA	B/G-0261		2024-10-01		ROC Post Tolleshunt d'Arcy	UKBOTA		JO01JS	0	0	1		223
R	WWBOTA	B/G-0262		2024-10-01		ROC Post Lexden	UKBOTA		JO01KU	0	0	1		223
R	WWBOTA	B/G-0263		2024-10-01		ROC Post Langham Master Post	UKBOTA		JO01LW	0	0	1		223
R	WWBOTA	B/G-0264		2024-10-01		ROC Post Bradwell-on-Sea	UKBOTA		JO01KR	0	0	1		223
R	WWBOTA	B/G-0265		2024-10-01		ROC Post West Mersea	UKBOTA		JO01LS	0	0	1		223
R	WWBOTA	B/G-0266		2024-10-01		ROC Post Brightlingsea	UKBOTA		JO01LT	0	0	1		223
R	WWBOTA	B/G-0267		2024-10-01		ROC Post Manningtree	UKBOTA		JO01MW	0	0	1		223
R	WWBOTA	B/G-0268		2024-10-01		ROC Post Tendring	UKBOTA		JO01NV	0	0	1		223
R	WWBOTA	B/G-0269		2024-10-01		ROC Post Clacton	UKBOTA		JO01NS	0	0	1		223
R	WWBOTA	B/G-0270		2024-10-01		ROC Post Walton-on-the-Naze	UKBOTA		JO01PU	0	0	1		223
R	WWBOTA	B/G-0271		2024-10-01		ROC Post Chigwell	UKBOTA		JO01AP	0	0	1		223
R	WWBOTA	B/G-0272		2024-10-01		ROC Post Harold Wood	UKBOTA		JO01CO	0	0	1		223
R	WWBOTA	B/G-0273		2024-10-01		ROC Post Rainham - Essex	UKBOTA		JO01CM	0	0	1		223
R	WWBOTA	B/G-0274		2024-10-01		ROC Post Orsett	UKBOTA		JO01EM	0	0	1		223
R	WWBOTA	B/G-0275		2024-10-01		ROC Post Billericay	UKBOTA		JO01EO	0	0	1		223
R	WWBOTA	B/G-0276		2024-10-01		ROC Post Vange	UKBOTA		JO01FN	0	0	1		223
R	WWBOTA	B/G-0277		2024-10-01		ROC Post Canvey Island	UKBOTA		JO01GM	0	0	1		223
R	WWBOTA	B/G-0278		2024-10-01		ROC Post Woodham Ferrers	UKBOTA		JO01HP	0	0	1		223
R	WWBOTA	B/G-0279		2024-10-01		ROC Post Leigh-on-Sea	UKBOTA		JO01HN	0	0	1		223
R	WWBOTA	B/G-0280		2024-10-01		ROC Post Rochford	UKBOTA		JO01IO	0	0	1		223
R	WWBOTA	B/G-0281		2024-10-01		ROC Post Great Wakering	UKBOTA		JO01JN	0	0	1		223
R	WWBOTA	B/G-0282		2024-10-01		ROC Post Southminster	UKBOTA		JO01KP	0	0	1		223
R	WWBOTA	B/G-0283		2024-10-01		ROC Post Foulness	UKBOTA		JO01KO	0	0	1		223
R	WWBOTA	B/G-0284		2024-10-01		ROC Post St. Briavels	UKBOTA		IO81QR	0	0	1		223
R	WWBOTA	B/G-0285		2024-10-01		ROC Post Blakeney	UKBOTA		IO81SS	0	0	1		223
R	WWBOTA	B/G-0286		2024-10-01		ROC Post Westbury-on-Severn	UKBOTA		IO81TT	0	0	1		223
R	WWBOTA	B/G-0287		2024-10-01		ROC Post Tirley	UKBOTA		IO81UW	0	0	1		223
R	WWBOTA	B/G-0288		2024-10-01		ROC Post Stroud	UKBOTA		IO81VS	0	0	1		223
R	WWBOTA	B/G-0289		2024-10-01		ROC Post Barnwood	UKBOTA		IO81VT	0	0	1		223
R	WWBOTA	B/G-0290		2024-10-01		ROC Post Stoke Orchard	UKBOTA		IO81WW	0	0	1		223
R	WWBOTA	B/G-0291		2024-10-01		ROC Post North Cerney	UKBOTA		IO91AS	0	0	1		223
R	WWBOTA	B/G-0292		2024-10-01		ROC Post Andoversford	UKBOTA		IO91AV	0	0	1		223
R	WWBOTA	B/G-0293		2024-10-01		ROC Post Northleach	UKBOTA		IO91BT	0	0	1		223
R	WWBOTA	B/G-0294		2024-10-01		ROC Post Poulton	UKBOTA		IO91BR	0	0	1		223
R	WWBOTA	B/G-0295		2024-10-01		ROC Post Stow-on-the-Wold	UKBOTA		IO91DW	0	0	1		223
R	WWBOTA	B/G-0296		2024-10-01		ROC Post Hallen	UKBOTA		IO81QM	0	0	1		223
R	WWBOTA	B/G-0297		2024-10-01		ROC Post Hill	UKBOTA		IO81RP	0	0	1		223
R	WWBOTA	B/G-0298		2024-10-01		ROC Post Thornbury	UKBOTA		IO81RO	0	0	1		223
R	WWBOTA	B/G-0299		2024-10-01		ROC Post Dursley	UKBOTA		IO81TQ	0	0	1		223
R	WWBOTA	B/G-0300		2024-10-01		ROC Post Little Sodbury Master Post	UKBOTA		IO81TN	0	0	1		223
R	WWBOTA	B/G-0301		2024-10-01		ROC Post Marshfield	UKBOTA		IO81UK	0	0	1		223
R	WWBOTA	B/G-0302		2024-10-01		ROC Post Leighterton	UKBOTA		IO81VO	0	0	1		223
R	WWBOTA	B/G-0303		2024-10-01		ROC Post Shaw	UKBOTA		IO83WO	0	0	1		223
R	WWBOTA	B/G-0304		2024-10-01		ROC Post Fordingbridge Master Post	UKBOTA		IO90CW	0	0	1		223
R	WWBOTA	B/G-0305		2024-10-01		ROC Post Ringwood	UKBOTA		IO90CT	0	0	1		223
R	WWBOTA	B/G-0306		2024-10-01		ROC Post Grateley	UKBOTA		IO91ED	0	0	1		223
R	WWBOTA	B/G-0307		2024-10-01		ROC Post Lyndhurst	UKBOTA		IO90EV	0	0	1		223
R	WWBOTA	B/G-0308		2024-10-01		ROC Post Lockerley	UKBOTA		IO91FA	0	0	1		223
R	WWBOTA	B/G-0309		2024-10-01		ROC Post Copythorne	UKBOTA		IO90FW	0	0	1		223
R	WWBOTA	B/G-0310		2024-10-01		ROC Post Hurstbourne Tarrant	UKBOTA		IO91GG	0	0	1		223
R	WWBOTA	B/G-0311		2024-10-01		ROC Post Stockbridge Master Post	UKBOTA		IO91GC	0	0	1		223
R	WWBOTA	B/G-0312		2024-10-01		ROC Post Marchwood	UKBOTA		IO90GV	0	0	1		223
R	WWBOTA	B/G-0313		2024-10-01		ROC Post Chandlers Ford	UKBOTA		IO90HX	0	0	1		223
R	WWBOTA	B/G-0314		2024-10-01		ROC Post Longparish	UKBOTA		IO91HE	0	0	1		223
R	WWBOTA	B/G-0315		2024-10-01		ROC Post Kings Worthy	UKBOTA		IO91IC	0	0	1		223
R	WWBOTA	B/G-0316		2024-10-01		ROC Post Botley Master Post	UKBOTA		IO90IV	0	0	1		223
R	WWBOTA	B/G-0317		2024-10-01		ROC Post Overton - Hampshire	UKBOTA		IO91IF	0	0	1		223
R	WWBOTA	B/G-0318		2024-10-01		ROC Post Hill Head	UKBOTA		IO90IT	0	0	1		223
R	WWBOTA	B/G-0319		2024-10-01		ROC Post Kingsclere	UKBOTA		IO91JH	0	0	1		223
R	WWBOTA	B/G-0320		2024-10-01		ROC Post Upham	UKBOTA		IO90JX	0	0	1		223
R	WWBOTA	B/G-0321		2024-10-01		ROC Post Cheriton	UKBOTA		IO91JB	0	0	1		223
R	WWBOTA	B/G-0322		2024-10-01		ROC Post Hambledon	UKBOTA		IO90LW	0	0	1		223
R	WWBOTA	B/G-0323		2024-10-01		ROC Post Medstead	UKBOTA		IO91LC	0	0	1		223
R	WWBOTA	B/G-0324		2024-10-01		ROC Post Herriard	UKBOTA		IO91LE	0	0	1		223
R	WWBOTA	B/G-0325		2024-10-01		ROC Post Havant	UKBOTA		IO90LU	0	0	1		223
R	WWBOTA	B/G-0326		2024-10-01		ROC Post Stratfield Turgis Master Post	UKBOTA		IO91MH	0	0	1		223
R	WWBOTA	B/G-0327		2024-10-01		ROC Post Froxfield Green (Stoner Hill)	UKBOTA		IO91MA	0	0	1		223
R	WWBOTA	B/G-0328		2024-10-01		ROC Post Hayling Island	UKBOTA		IO90MT	0	0	1		223
R	WWBOTA	B/G-0329		2024-10-01		ROC Post Odiham	UKBOTA		IO91MF	0	0	1		223
R	WWBOTA	B/G-0330		2024-10-01		ROC Post Selbourne	UKBOTA		IO91MC	0	0	1		223
R	WWBOTA	B/G-0331		2024-10-01		ROC Post Bordon	UKBOTA		IO91NC	0	0	1		223
R	WWBOTA	B/G-0332		2024-10-01		ROC Post Christchurch	UKBOTA		IO90CS	0	0	1		223
R	WWBOTA	B/G-0333		2024-10-01		ROC Post New Milton	UKBOTA		IO90DR	0	0	1		223
R	WWBOTA	B/G-0334		2024-10-01		ROC Post Sway	UKBOTA		IO90ES	0	0	1		223
R	WWBOTA	B/G-0335		2024-10-01		ROC Post Freshwater Master Post	UKBOTA		IO90FQ	0	0	1		223
R	WWBOTA	B/G-0336		2024-10-01		ROC Post Stone Point	UKBOTA		IO90HS	0	0	1		223
R	WWBOTA	B/G-0337		2024-10-01		ROC Post Newport 1 - Hampshire	UKBOTA		IO90IQ	0	0	1		223
R	WWBOTA	B/G-0338		2024-10-01		ROC Post Niton IOW	UKBOTA		IO90IN	0	0	1		223
R	WWBOTA	B/G-0339		2024-10-01		ROC Post Newport 2 - Hampshire	UKBOTA		IO90IQ	0	0	1		223
R	WWBOTA	B/G-0340		2024-10-01		ROC Post Seaview	UKBOTA		IO90KR	0	0	1		223
R	WWBOTA	B/G-0341		2024-10-01		ROC Post Sandown - IOW	UKBOTA		IO90KP	0	0	1		223
R	WWBOTA	B/G-0342		2024-10-01		ROC Post Southsea	UKBOTA		IO90KS	0	0	1		223
R	WWBOTA	B/G-0343		2024-10-01		ROC Post Wigmore	UKBOTA		IO82NH	0	0	1		223
R	WWBOTA	B/G-0344		2024-10-01		ROC Post Whitchurch - Herefordshire	UKBOTA		IO81QU	0	0	1		223
R	WWBOTA	B/G-0345		2024-10-01		ROC Post Pencombe Master Post	UKBOTA		IO82RE	0	0	1		223
R	WWBOTA	B/G-0346		2024-10-01		ROC Post Trumpet Master Post	UKBOTA		IO82SA	0	0	1		223
R	WWBOTA	B/G-0347		2024-10-01		ROC Post Lyonshall	UKBOTA		IO82ME	0	0	1		223
R	WWBOTA	B/G-0348		2024-10-01		ROC Post Peterchurch Master Post	UKBOTA		IO82MB	0	0	1		223
R	WWBOTA	B/G-0349		2024-10-01		ROC Post Pontrilas	UKBOTA		IO81NW	0	0	1		223
R	WWBOTA	B/G-0350		2024-10-01		ROC Post Burghill Master Post	UKBOTA		IO82OC	0	0	1		223
R	WWBOTA	B/G-0351		2024-10-01		ROC Post Leominster Master Post	UKBOTA		IO82PF	0	0	1		223
R	WWBOTA	B/G-0352		2024-10-01		ROC Post Harewood End	UKBOTA		IO81PW	0	0	1		223
R	WWBOTA	B/G-0353		2024-10-01		ROC Post Fownhope	UKBOTA		IO82QA	0	0	1		223
R	WWBOTA	B/G-0354		2024-10-01		ROC Post Lea	UKBOTA		IO81SV	0	0	1		223
R	WWBOTA	B/G-0355		2024-10-01		ROC Post Ridgway Cross	UKBOTA		IO82TC	0	0	1		223
R	WWBOTA	B/G-0356		2024-10-01		ROC Post Berkhamstead	UKBOTA		IO91RS	0	0	1		223
R	WWBOTA	B/G-0357		2024-10-01		ROC Post Markyate	UKBOTA		IO91ST	0	0	1		223
R	WWBOTA	B/G-0358		2024-10-01		ROC Post Kings Langley Master Post	UKBOTA		IO91SQ	0	0	1		223
R	WWBOTA	B/G-0359		2024-10-01		ROC Post Great Offley Master Post	UKBOTA		IO91TW	0	0	1		223
R	WWBOTA	B/G-0360		2024-10-01		DELETED - Not valid after 30 Oct 2024	UKBOTA		IO91TW	0	0	1		223
R	WWBOTA	B/G-0361		2024-10-01		ROC Post Park Street Master Post	UKBOTA		IO91UR	0	0	1		223
R	WWBOTA	B/G-0362		2024-10-01		ROC Post Kimpton	UKBOTA		IO91UU	0	0	1		223
R	WWBOTA	B/G-0363		2024-10-01		ROC Post Letchworth	UKBOTA		IO91UX	0	0	1		223
R	WWBOTA	B/G-0364		2024-10-01		ROC Post Welwyn	UKBOTA		IO91US	0	0	1		223
R	WWBOTA	B/G-0365		2024-10-01		ROC Post Ashwell	UKBOTA		IO92WA	0	0	1		223
R	WWBOTA	B/G-0366		2024-10-01		ROC Post Hertford	UKBOTA		IO91WT	0	0	1		223
R	WWBOTA	B/G-0367		2024-10-01		ROC Post Walkern	UKBOTA		IO91WW	0	0	1		223
R	WWBOTA	B/G-0368		2024-10-01		ROC Post Brent Pelham	UKBOTA		JO01AX	0	0	1		223
R	WWBOTA	B/G-0369		2024-10-01		ROC Post Much Hadham	UKBOTA		JO01BU	0	0	1		223
R	WWBOTA	B/G-0370		2024-10-01		ROC Post Chorleywood	UKBOTA		IO91RP	0	0	1		223
R	WWBOTA	B/G-0371		2024-10-01		ROC Post Elstree	UKBOTA		IO91UP	0	0	1		223
R	WWBOTA	B/G-0372		2024-10-01		ROC Post Sawtry	UKBOTA		IO92UK	0	0	1		223
R	WWBOTA	B/G-0373		2024-10-01		ROC Post Eaton Socon	UKBOTA		IO92UA	0	0	1		223
R	WWBOTA	B/G-0374		2024-10-01		ROC Post Abbots Ripton	UKBOTA		IO92UJ	0	0	1		223
R	WWBOTA	B/G-0375		2024-10-01		ROC Post Buckden	UKBOTA		IO92VH	0	0	1		223
R	WWBOTA	B/G-0376		2024-10-01		ROC Post Ramsey - Cambridgeshire Master Post	UKBOTA		IO92WK	0	0	1		223
R	WWBOTA	B/G-0377		2024-10-01		ROC Post St. Ives - Huntingdonshire	UKBOTA		IO92WH	0	0	1		223
R	WWBOTA	B/G-0378		2024-10-01		ROC Post Eltham	UKBOTA		JO01AK	0	0	1		223
R	WWBOTA	B/G-0379		2024-10-01		ROC Post Edenbridge	UKBOTA		JO01BE	0	0	1		223
R	WWBOTA	B/G-0380		2024-10-01		ROC Post Brasted	UKBOTA		JO01BG	0	0	1		223
R	WWBOTA	B/G-0381		2024-10-01		ROC Post Penshurst	UKBOTA		JO01CE	0	0	1		223
R	WWBOTA	B/G-0382		2024-10-01		ROC Post Farningham	UKBOTA		JO01CJ	0	0	1		223
R	WWBOTA	B/G-0383		2024-10-01		ROC Post Greenhithe	UKBOTA		JO01DK	0	0	1		223
R	WWBOTA	B/G-0384		2024-10-01		ROC Post Borough Green	UKBOTA		JO01DH	0	0	1		223
R	WWBOTA	B/G-0385		2024-10-01		ROC Post Wateringbury	UKBOTA		JO01EF	0	0	1		223
R	WWBOTA	B/G-0386		2024-10-01		ROC Post Snodland	UKBOTA		JO01FH	0	0	1		223
R	WWBOTA	B/G-0387		2024-10-01		ROC Post Horsmonden	UKBOTA		JO01FC	0	0	1		223
R	WWBOTA	B/G-0388		2024-10-01		ROC Post Cliffe	UKBOTA		JO01FL	0	0	1		223
R	WWBOTA	B/G-0389		2024-10-01		ROC Post Cranbrook	UKBOTA		JO01GC	0	0	1		223
R	WWBOTA	B/G-0390		2024-10-01		ROC Post Linton - Kent	UKBOTA		JO01GF	0	0	1		223
R	WWBOTA	B/G-0391		2024-10-01		ROC Post Hoo Master Post	UKBOTA		JO01GK	0	0	1		223
R	WWBOTA	B/G-0392		2024-10-01		ROC Post Bearsted	UKBOTA		JO01GG	0	0	1		223
R	WWBOTA	B/G-0393		2024-10-01		ROC Post Rainham - Kent Master Post	UKBOTA		JO01HI	0	0	1		223
R	WWBOTA	B/G-0394		2024-10-01		ROC Post Headcorn	UKBOTA		JO01HE	0	0	1		223
R	WWBOTA	B/G-0395		2024-10-01		ROC Post Allhallows	UKBOTA		JO01HL	0	0	1		223
R	WWBOTA	B/G-0396		2024-10-01		ROC Post Tenterden	UKBOTA		JO01IB	0	0	1		223
R	WWBOTA	B/G-0397		2024-10-01		ROC Post Rodmersham Green	UKBOTA		JO01IH	0	0	1		223
R	WWBOTA	B/G-0398		2024-10-01		ROC Post Lenham	UKBOTA		JO01IG	0	0	1		223
R	WWBOTA	B/G-0399		2024-10-01		ROC Post Pluckley	UKBOTA		JO01IE	0	0	1		223
R	WWBOTA	B/G-0400		2024-10-01		ROC Post Sheerness	UKBOTA		JO01JJ	0	0	1		223
R	WWBOTA	B/G-0401		2024-10-01		ROC Post Bethersden	UKBOTA		JO01JD	0	0	1		223
R	WWBOTA	B/G-0402		2024-10-01		ROC Post Brookland	UKBOTA		JO00JX	0	0	1		223
R	WWBOTA	B/G-0403		2024-10-01		ROC Post Eastchurch	UKBOTA		JO01KJ	0	0	1		223
R	WWBOTA	B/G-0404		2024-10-01		ROC Post Oare	UKBOTA		JO01KH	0	0	1		223
R	WWBOTA	B/G-0405		2024-10-01		ROC Post Hamstreet	UKBOTA		JO01KB	0	0	1		223
R	WWBOTA	B/G-0406		2024-10-01		ROC Post Sheldwich Lees	UKBOTA		JO01KG	0	0	1		223
R	WWBOTA	B/G-0407		2024-10-01		ROC Post Dungeness	UKBOTA		JO00KW	0	0	1		223
R	WWBOTA	B/G-0408		2024-10-01		ROC Post Sevington	UKBOTA		JO01LD	0	0	1		223
R	WWBOTA	B/G-0409		2024-10-01		ROC Post Wye	UKBOTA		JO01LE	0	0	1		223
R	WWBOTA	B/G-0410		2024-10-01		ROC Post Blean	UKBOTA		JO01MH	0	0	1		223
R	WWBOTA	B/G-0411		2024-10-01		ROC Post Dymchurch	UKBOTA		JO01MB	0	0	1		223
R	WWBOTA	B/G-0412		2024-10-01		ROC Post Canterbury	UKBOTA		JO01NG	0	0	1		223
R	WWBOTA	B/G-0413		2024-10-01		ROC Post Lyminge	UKBOTA		JO01ND	0	0	1		223
R	WWBOTA	B/G-0414		2024-10-01		ROC Post Herne Bay Master Post	UKBOTA		JO01NI	0	0	1		223
R	WWBOTA	B/G-0415		2024-10-01		ROC Post Folkestone Master Post	UKBOTA		JO01NC	0	0	1		223
R	WWBOTA	B/G-0416		2024-10-01		ROC Post Barham	UKBOTA		JO01OF	0	0	1		223
R	WWBOTA	B/G-0417		2024-10-01		ROC Post Upstreet	UKBOTA		JO01OH	0	0	1		223
R	WWBOTA	B/G-0418		2024-10-01		ROC Post Folkestone	UKBOTA		JO01OC	0	0	1		223
R	WWBOTA	B/G-0419		2024-10-01		ROC Post Birchington	UKBOTA		JO01PJ	0	0	1		223
R	WWBOTA	B/G-0420		2024-10-01		ROC Post Eythorne	UKBOTA		JO01PE	0	0	1		223
R	WWBOTA	B/G-0421		2024-10-01		ROC Post Ash	UKBOTA		JO01PG	0	0	1		223
R	WWBOTA	B/G-0422		2024-10-01		ROC Post Minster	UKBOTA		JO01PI	0	0	1		223
R	WWBOTA	B/G-0423		2024-10-01		ROC Post Dover	UKBOTA		JO01QD	0	0	1		223
R	WWBOTA	B/G-0424		2024-10-01		ROC Post Kingsdown	UKBOTA		JO01QE	0	0	1		223
R	WWBOTA	B/G-0425		2024-10-01		ROC Post Kingsgate	UKBOTA		JO01RJ	0	0	1		223
R	WWBOTA	B/G-0428		2024-10-01		ROC Post Lytham	UKBOTA		IO83LR	0	0	1		223
R	WWBOTA	B/G-0429		2024-10-01		ROC Post Barrow-in-Furness Master Post	UKBOTA		IO84IC	0	0	1		223
R	WWBOTA	B/G-0430		2024-10-01		ROC Post Broughton-in-Furness Master Post	UKBOTA		IO84JG	0	0	1		223
R	WWBOTA	B/G-0431		2024-10-01		ROC Post Formby	UKBOTA		IO83KM	0	0	1		223
R	WWBOTA	B/G-0432		2024-10-01		ROC Post Great Crosby	UKBOTA		IO83LL	0	0	1		223
R	WWBOTA	B/G-0433		2024-10-01		ROC Post Woodvale	UKBOTA		IO83LN	0	0	1		223
R	WWBOTA	B/G-0434		2024-10-01		ROC Post Southport	UKBOTA		IO83LP	0	0	1		223
R	WWBOTA	B/G-0435		2024-10-01		ROC Post Fleetwood	UKBOTA		IO83LW	0	0	1		223
R	WWBOTA	B/G-0436		2024-10-01		ROC Post Hawkshead	UKBOTA		IO84MI	0	0	1		223
R	WWBOTA	B/G-0437		2024-10-01		ROC Post Backbarrow	UKBOTA		IO84MF	0	0	1		223
R	WWBOTA	B/G-0438		2024-10-01		ROC Post Flookburgh Master Post	UKBOTA		IO84ME	0	0	1		223
R	WWBOTA	B/G-0439		2024-10-01		ROC Post Weeton	UKBOTA		IO83MT	0	0	1		223
R	WWBOTA	B/G-0440		2024-10-01		ROC Post Heysham	UKBOTA		IO84NA	0	0	1		223
R	WWBOTA	B/G-0441		2024-10-01		ROC Post Burscough Master Post	UKBOTA		IO83NO	0	0	1		223
R	WWBOTA	B/G-0442		2024-10-01		ROC Post Catforth	UKBOTA		IO83OT	0	0	1		223
R	WWBOTA	B/G-0443		2024-10-01		ROC Post Longton - Lancashire	UKBOTA		IO83OR	0	0	1		223
R	WWBOTA	B/G-0444		2024-10-01		ROC Post Forton	UKBOTA		IO83OW	0	0	1		223
R	WWBOTA	B/G-0445		2024-10-01		ROC Post Billinge Hill	UKBOTA		IO83PM	0	0	1		223
R	WWBOTA	B/G-0446		2024-10-01		ROC Post Parbold	UKBOTA		IO83PO	0	0	1		223
R	WWBOTA	B/G-0447		2024-10-01		ROC Post Caton	UKBOTA		IO84PB	0	0	1		223
R	WWBOTA	B/G-0448		2024-10-01		ROC Post Brinscall Master Post	UKBOTA		IO83QQ	0	0	1		223
R	WWBOTA	B/G-0449		2024-10-01		ROC Post Longridge	UKBOTA		IO83RU	0	0	1		223
R	WWBOTA	B/G-0450		2024-10-01		ROC Post Mellor	UKBOTA		IO83RS	0	0	1		223
R	WWBOTA	B/G-0451		2024-10-01		ROC Post Atherton	UKBOTA		IO83SM	0	0	1		223
R	WWBOTA	B/G-0452		2024-10-01		ROC Post Turton	UKBOTA		IO83SO	0	0	1		223
R	WWBOTA	B/G-0453		2024-10-01		ROC Post Padiham Master Post	UKBOTA		IO83UT	0	0	1		223
R	WWBOTA	B/G-0454		2024-10-01		ROC Post Prestwich	UKBOTA		IO83UM	0	0	1		223
R	WWBOTA	B/G-0455		2024-10-01		ROC Post Bacup Master Post	UKBOTA		IO83VQ	0	0	1		223
R	WWBOTA	B/G-0456		2024-10-01		ROC Post Speke	UKBOTA		IO83NI	0	0	1		223
R	WWBOTA	B/G-0457		2024-10-01		ROC Post St. Helens	UKBOTA		IO83OK	0	0	1		223
R	WWBOTA	B/G-0458		2024-10-01		ROC Post Warrington	UKBOTA		IO83RJ	0	0	1		223
R	WWBOTA	B/G-0459		2024-10-01		ROC Post Chorlton-cum-Hardy	UKBOTA		IO83UK	0	0	1		223
R	WWBOTA	B/G-0460		2024-10-01		ROC Post Twycross	UKBOTA		IO92FP	0	0	1		223
R	WWBOTA	B/G-0461		2024-10-01		ROC Post Coleorton	UKBOTA		IO92GR	0	0	1		223
R	WWBOTA	B/G-0462		2024-10-01		ROC Post Markfield	UKBOTA		IO92IQ	0	0	1		223
R	WWBOTA	B/G-0463		2024-10-01		ROC Post Shepshed	UKBOTA		IO92IT	0	0	1		223
R	WWBOTA	B/G-0464		2024-10-01		ROC Post Birstall	UKBOTA		IO92KQ	0	0	1		223
R	WWBOTA	B/G-0465		2024-10-01		ROC Post Wymeswold	UKBOTA		IO92KT	0	0	1		223
R	WWBOTA	B/G-0466		2024-10-01		ROC Post Rearsby	UKBOTA		IO92LR	0	0	1		223
R	WWBOTA	B/G-0467		2024-10-01		ROC Post Billesdon	UKBOTA		IO92MO	0	0	1		223
R	WWBOTA	B/G-0468		2024-10-01		ROC Post Melton Mowbray	UKBOTA		IO92NS	0	0	1		223
R	WWBOTA	B/G-0469		2024-10-01		ROC Post Harby	UKBOTA		IO92NU	0	0	1		223
R	WWBOTA	B/G-0470		2024-10-01		ROC Post Cold Overton	UKBOTA		IO92OQ	0	0	1		223
R	WWBOTA	B/G-0471		2024-10-01		ROC Post Bottesford	UKBOTA		IO92OW	0	0	1		223
R	WWBOTA	B/G-0472		2024-10-01		ROC Post Buckminster	UKBOTA		IO92PS	0	0	1		223
R	WWBOTA	B/G-0473		2024-10-01		ROC Post Stoke Golding Master Post	UKBOTA		IO92HN	0	0	1		223
R	WWBOTA	B/G-0474		2024-10-01		ROC Post Thurlaston	UKBOTA		IO92IO	0	0	1		223
R	WWBOTA	B/G-0475		2024-10-01		ROC Post Lutterworth	UKBOTA		IO92JL	0	0	1		223
R	WWBOTA	B/G-0476		2024-10-01		ROC Post Fleckney	UKBOTA		IO92LM	0	0	1		223
R	WWBOTA	B/G-0477		2024-10-01		ROC Post Epworth	UKBOTA		IO93OM	0	0	1		223
R	WWBOTA	B/G-0478		2024-10-01		ROC Post Eastoft	UKBOTA		IO93OP	0	0	1		223
R	WWBOTA	B/G-0479		2024-10-01		ROC Post Scotter	UKBOTA		IO93QL	0	0	1		223
R	WWBOTA	B/G-0480		2024-10-01		ROC Post Winterton	UKBOTA		IO93QP	0	0	1		223
R	WWBOTA	B/G-0481		2024-10-01		ROC Post Scawby	UKBOTA		IO93RM	0	0	1		223
R	WWBOTA	B/G-0482		2024-10-01		ROC Post Gainsborough	UKBOTA		IO93OJ	0	0	1		223
R	WWBOTA	B/G-0483		2024-10-01		ROC Post Dunham-on-Trent	UKBOTA		IO93OG	0	0	1		223
R	WWBOTA	B/G-0484		2024-10-01		ROC Post Claypole	UKBOTA		IO93PA	0	0	1		223
R	WWBOTA	B/G-0485		2024-10-01		ROC Post Sturton by Stow	UKBOTA		IO93PH	0	0	1		223
R	WWBOTA	B/G-0486		2024-10-01		ROC Post Grantham	UKBOTA		IO92QV	0	0	1		223
R	WWBOTA	B/G-0487		2024-10-01		ROC Post Honington - Lincs	UKBOTA		IO92QX	0	0	1		223
R	WWBOTA	B/G-0488		2024-10-01		ROC Post Bishop Norton	UKBOTA		IO93RK	0	0	1		223
R	WWBOTA	B/G-0489		2024-10-01		ROC Post Navenby	UKBOTA		IO93RB	0	0	1		223
R	WWBOTA	B/G-0490		2024-10-01		ROC Post Castle Bytham	UKBOTA		IO92RR	0	0	1		223
R	WWBOTA	B/G-0491		2024-10-01		ROC Post Hackthorn	UKBOTA		IO93RH	0	0	1		223
R	WWBOTA	B/G-0492		2024-10-01		ROC Post Barton-upon-Humber	UKBOTA		IO93SQ	0	0	1		223
R	WWBOTA	B/G-0493		2024-10-01		ROC Post North Kelsey	UKBOTA		IO93TL	0	0	1		223
R	WWBOTA	B/G-0494		2024-10-01		ROC Wootton	UKBOTA		IO93TO	0	0	1		223
R	WWBOTA	B/G-0495		2024-10-01		ROC Post Swallow	UKBOTA		IO93VM	0	0	1		223
R	WWBOTA	B/G-0496		2024-10-01		ROC Post Roxton	UKBOTA		IO93VO	0	0	1		223
R	WWBOTA	B/G-0497		2024-10-01		ROC Post Humberston	UKBOTA		IO93XM	0	0	1		223
R	WWBOTA	B/G-0498		2024-10-01		ROC Post Canwick	UKBOTA		IO93RF	0	0	1		223
R	WWBOTA	B/G-0499		2024-10-01		ROC Post Ingoldsby	UKBOTA		IO92SU	0	0	1		223
R	WWBOTA	B/G-0500		2024-10-01		ROC Post Sleaford	UKBOTA		IO93TA	0	0	1		223
R	WWBOTA	B/G-0501		2024-10-01		ROC Post Market Rasen	UKBOTA		IO93TJ	0	0	1		223
R	WWBOTA	B/G-0502		2024-10-01		ROC Post Bourne	UKBOTA		IO92TS	0	0	1		223
R	WWBOTA	B/G-0503		2024-10-01		ROC Post Billingborough	UKBOTA		IO92TV	0	0	1		223
R	WWBOTA	B/G-0504		2024-10-01		ROC Post Bardney	UKBOTA		IO93UE	0	0	1		223
R	WWBOTA	B/G-0505		2024-10-01		ROC Post Billinghay	UKBOTA		IO93UC	0	0	1		223
R	WWBOTA	B/G-0506		2024-10-01		ROC Post Market Deeping	UKBOTA		IO92UP	0	0	1		223
R	WWBOTA	B/G-0507		2024-10-01		ROC Post Heckington	UKBOTA		IO92VX	0	0	1		223
R	WWBOTA	B/G-0508		2024-10-01		ROC Post Burgh-on-Bain	UKBOTA		IO93VI	0	0	1		223
R	WWBOTA	B/G-0509		2024-10-01		ROC Post Binbrook	UKBOTA		IO93WK	0	0	1		223
R	WWBOTA	B/G-0510		2024-10-01		ROC Post Baumber	UKBOTA		IO93WF	0	0	1		223
R	WWBOTA	B/G-0511		2024-10-01		ROC Post Crowland	UKBOTA		IO92VQ	0	0	1		223
R	WWBOTA	B/G-0512		2024-10-01		ROC Post Quadring Eaudyke	UKBOTA		IO92WV	0	0	1		223
R	WWBOTA	B/G-0513		2024-10-01		ROC Post Coningsby	UKBOTA		IO93WC	0	0	1		223
R	WWBOTA	B/G-0514		2024-10-01		ROC PostSpalding	UKBOTA		IO92WS	0	0	1		223
R	WWBOTA	B/G-0515		2024-10-01		ROC Post Fosdyke	UKBOTA		IO92XV	0	0	1		223
R	WWBOTA	B/G-0516		2024-10-01		ROC Post Moulton Chapel	UKBOTA		IO92XR	0	0	1		223
R	WWBOTA	B/G-0517		2024-10-01		ROC Post East Kirkby	UKBOTA		IO93XD	0	0	1		223
R	WWBOTA	B/G-0518		2024-10-01		ROC Post Boston	UKBOTA		IO93XA	0	0	1		223
R	WWBOTA	B/G-0519		2024-10-01		ROC Post Tetford	UKBOTA		IO93XG	0	0	1		223
R	WWBOTA	B/G-0520		2024-10-01		ROC Post Louth	UKBOTA		JO03AI	0	0	1		223
R	WWBOTA	B/G-0521		2024-10-01		ROC Post Fulstow	UKBOTA		JO03AK	0	0	1		223
R	WWBOTA	B/G-0522		2024-10-01		ROC Post Holbeach	UKBOTA		JO02AT	0	0	1		223
R	WWBOTA	B/G-0523		2024-10-01		ROC Post Alford	UKBOTA		JO03BF	0	0	1		223
R	WWBOTA	B/G-0524		2024-10-01		ROC Post Little Steeping	UKBOTA		JO03BD	0	0	1		223
R	WWBOTA	B/G-0525		2024-10-01		ROC Post Long Sutton	UKBOTA		JO02BT	0	0	1		223
R	WWBOTA	B/G-0526		2024-10-01		ROC Post North Somercotes	UKBOTA		JO03CK	0	0	1		223
R	WWBOTA	B/G-0527		2024-10-01		ROC Post Old Leake	UKBOTA		JO03BA	0	0	1		223
R	WWBOTA	B/G-0528		2024-10-01		ROC Post Friskney	UKBOTA		JO03CB	0	0	1		223
R	WWBOTA	B/G-0529		2024-10-01		ROC Post Mablethorpe	UKBOTA		JO03DI	0	0	1		223
R	WWBOTA	B/G-0530		2024-10-01		ROC Post Skegness	UKBOTA		JO03DD	0	0	1		223
R	WWBOTA	B/G-0531		2024-10-01		ROC Post Chapel St. Leonards	UKBOTA		JO03EF	0	0	1		223
R	WWBOTA	B/G-0532		2024-10-01		ROC Post Hounslow	UKBOTA		IO91SL	0	0	1		223
R	WWBOTA	B/G-0533		2024-10-01		ROC Post Northolt	UKBOTA		IO91SN	0	0	1		223
R	WWBOTA	B/G-0534		2024-10-01		ROC Post Acton	UKBOTA		IO91UM	0	0	1		223
R	WWBOTA	B/G-0535		2024-10-01		ROC Post Colindale	UKBOTA		IO91UN	0	0	1		223
R	WWBOTA	B/G-0536		2024-10-01		ROC Post Enfield	UKBOTA		IO91WQ	0	0	1		223
R	WWBOTA	B/G-0537		2024-10-01		ROC Post Bowes Park	UKBOTA		IO91WO	0	0	1		223
R	WWBOTA	B/G-0538		2024-10-01		ROC Post Dulwich	UKBOTA		IO91XK	0	0	1		223
R	WWBOTA	B/G-0539		2024-10-01		ROC Post Stratford	UKBOTA		JO01AM	0	0	1		223
R	WWBOTA	B/G-0540		2024-10-01		ROC Post Melton Constable	UKBOTA		JO02MV	0	0	1		223
R	WWBOTA	B/G-0541		2024-10-01		ROC Post Cley-next-the-Sea	UKBOTA		JO02MW	0	0	1		223
R	WWBOTA	B/G-0542		2024-10-01		ROC Post West Walton	UKBOTA		JO02CQ	0	0	1		223
R	WWBOTA	B/G-0543		2024-10-01		ROC Post Upwell	UKBOTA		JO02CO	0	0	1		223
R	WWBOTA	B/G-0544		2024-10-01		ROC Post Wiggenhall St Germans	UKBOTA		JO02EQ	0	0	1		223
R	WWBOTA	B/G-0545		2024-10-01		ROC Post Downham Market	UKBOTA		JO02EO	0	0	1		223
R	WWBOTA	B/G-0546		2024-10-01		ROC Post King's Lynn	UKBOTA		JO02ES	0	0	1		223
R	WWBOTA	B/G-0547		2024-10-01		ROC Post Middleton	UKBOTA		JO02FR	0	0	1		223
R	WWBOTA	B/G-0548		2024-10-01		ROC Post Hunstanton	UKBOTA		JO02FW	0	0	1		223
R	WWBOTA	B/G-0549		2024-10-01		ROC Post Dersingham	UKBOTA		JO02GU	0	0	1		223
R	WWBOTA	B/G-0550		2024-10-01		ROC Post Stoke Ferry	UKBOTA		JO02GN	0	0	1		223
R	WWBOTA	B/G-0551		2024-10-01		ROC Post Narborough	UKBOTA		JO02GP	0	0	1		223
R	WWBOTA	B/G-0552		2024-10-01		ROC Post Docking	UKBOTA		JO02HV	0	0	1		223
R	WWBOTA	B/G-0553		2024-10-01		ROC Post Brancaster	UKBOTA		JO02HW	0	0	1		223
R	WWBOTA	B/G-0554		2024-10-01		ROC Post Swaffham	UKBOTA		JO02IQ	0	0	1		223
R	WWBOTA	B/G-0555		2024-10-01		ROC Post South Creake	UKBOTA		JO02IV	0	0	1		223
R	WWBOTA	B/G-0556		2024-10-01		ROC Post West Raynham	UKBOTA		JO02JS	0	0	1		223
R	WWBOTA	B/G-0557		2024-10-01		ROC Post Wells-next-the-Sea	UKBOTA		JO02KW	0	0	1		223
R	WWBOTA	B/G-0558		2024-10-01		ROC Post Watton	UKBOTA		JO02KO	0	0	1		223
R	WWBOTA	B/G-0559		2024-10-01		ROC Post Gressenhall	UKBOTA		JO02KR	0	0	1		223
R	WWBOTA	B/G-0560		2024-10-01		ROC Post Fakenham	UKBOTA		JO02KT	0	0	1		223
R	WWBOTA	B/G-0561		2024-10-01		ROC Post East Dereham	UKBOTA		JO02LP	0	0	1		223
R	WWBOTA	B/G-0562		2024-10-01		ROC Post Guist	UKBOTA		JO02LT	0	0	1		223
R	WWBOTA	B/G-0563		2024-10-01		ROC Post Hingham	UKBOTA		JO02MN	0	0	1		223
R	WWBOTA	B/G-0564		2024-10-01		ROC Post Reepham	UKBOTA		JO02NR	0	0	1		223
R	WWBOTA	B/G-0565		2024-10-01		ROC Post Honingham	UKBOTA		JO02NP	0	0	1		223
R	WWBOTA	B/G-0566		2024-10-01		ROC Post Saxthorpe	UKBOTA		JO02NT	0	0	1		223
R	WWBOTA	B/G-0567		2024-10-01		ROC Post West Beckham	UKBOTA		JO02OV	0	0	1		223
R	WWBOTA	B/G-0568		2024-10-01		ROC Post Aylsham	UKBOTA		JO02OS	0	0	1		223
R	WWBOTA	B/G-0569		2024-10-01		ROC Post Hellesdon	UKBOTA		JO02PP	0	0	1		223
R	WWBOTA	B/G-0570		2024-10-01		ROC Post Cromer	UKBOTA		JO02PW	0	0	1		223
R	WWBOTA	B/G-0571		2024-10-01		ROC Post North Walsham	UKBOTA		JO02PU	0	0	1		223
R	WWBOTA	B/G-0572		2024-10-01		ROC Post Framingham Earl	UKBOTA		JO02PN	0	0	1		223
R	WWBOTA	B/G-0573		2024-10-01		ROC Post Coltishall[3]	UKBOTA		JO02QR	0	0	1		223
R	WWBOTA	B/G-0574		2024-10-01		ROC Post Mundesley	UKBOTA		JO02RV	0	0	1		223
R	WWBOTA	B/G-0575		2024-10-01		ROC Post Brundall	UKBOTA		JO02RO	0	0	1		223
R	WWBOTA	B/G-0576		2024-10-01		ROC Post Walcott	UKBOTA		JO02ST	0	0	1		223
R	WWBOTA	B/G-0577		2024-10-01		ROC Post Stalham	UKBOTA		JO02SS	0	0	1		223
R	WWBOTA	B/G-0578		2024-10-01		ROC Post Freethorpe	UKBOTA		JO02SO	0	0	1		223
R	WWBOTA	B/G-0579		2024-10-01		ROC Post Martham	UKBOTA		JO02TQ	0	0	1		223
R	WWBOTA	B/G-0580		2024-10-01		ROC Post Fleggburgh	UKBOTA		JO02TP	0	0	1		223
R	WWBOTA	B/G-0581		2024-10-01		ROC Post Winterton Ness	UKBOTA		JO02UR	0	0	1		223
R	WWBOTA	B/G-0582		2024-10-01		ROC Post Caister	UKBOTA		JO02UP	0	0	1		223
R	WWBOTA	B/G-0583		2024-10-01		ROC Post Southery	UKBOTA		JO02EM	0	0	1		223
R	WWBOTA	B/G-0584		2024-10-01		ROC Post Mundford	UKBOTA		JO02HM	0	0	1		223
R	WWBOTA	B/G-0585		2024-10-01		ROC Post Thetford	UKBOTA		JO02IK	0	0	1		223
R	WWBOTA	B/G-0586		2024-10-01		ROC Post Great Hockham	UKBOTA		JO02KL	0	0	1		223
R	WWBOTA	B/G-0587		2024-10-01		ROC Post Garboldisham	UKBOTA		JO02LJ	0	0	1		223
R	WWBOTA	B/G-0588		2024-10-01		ROC Post New Buckenham	UKBOTA		JO02NL	0	0	1		223
R	WWBOTA	B/G-0589		2024-10-01		ROC Post Diss	UKBOTA		JO02NJ	0	0	1		223
R	WWBOTA	B/G-0590		2024-10-01		ROC Post Wymondham	UKBOTA		JO02NN	0	0	1		223
R	WWBOTA	B/G-0591		2024-10-01		ROC Post Long Stratton	UKBOTA		JO02OL	0	0	1		223
R	WWBOTA	B/G-0592		2024-10-01		ROC Post Harleston (Norfolk)	UKBOTA		JO02PJ	0	0	1		223
R	WWBOTA	B/G-0593		2024-10-01		ROC Post Loddon	UKBOTA		JO02RM	0	0	1		223
R	WWBOTA	B/G-0594		2024-10-01		ROC Post Aldeby	UKBOTA		JO02SL	0	0	1		223
R	WWBOTA	B/G-0595		2024-10-01		ROC Post Duddington	UKBOTA		IO92RO	0	0	1		223
R	WWBOTA	B/G-0596		2024-10-01		ROC Post Chipping Warden	UKBOTA		IO92ID	0	0	1		223
R	WWBOTA	B/G-0597		2024-10-01		ROC Post Crick	UKBOTA		IO92KI	0	0	1		223
R	WWBOTA	B/G-0598		2024-10-01		ROC Post Brackley	UKBOTA		IO92KA	0	0	1		223
R	WWBOTA	B/G-0599		2024-10-01		ROC Post Daventry	UKBOTA		IO92KG	0	0	1		223
R	WWBOTA	B/G-0600		2024-10-01		ROC Post Blakesley	UKBOTA		IO92KD	0	0	1		223
R	WWBOTA	B/G-0601		2024-10-01		ROC Post East Haddon	UKBOTA		IO92LH	0	0	1		223
R	WWBOTA	B/G-0602		2024-10-01		ROC Post Clipston	UKBOTA		IO92MK	0	0	1		223
R	WWBOTA	B/G-0603		2024-10-01		ROC Post Duston	UKBOTA		IO92MF	0	0	1		223
R	WWBOTA	B/G-0604		2024-10-01		ROC Post Roade	UKBOTA		IO92ND	0	0	1		223
R	WWBOTA	B/G-0605		2024-10-01		ROC Post Brixworth Master Post	UKBOTA		IO92NH	0	0	1		223
R	WWBOTA	B/G-0606		2024-10-01		ROC Post Sutton Bassett	UKBOTA		IO92NM	0	0	1		223
R	WWBOTA	B/G-0607		2024-10-01		ROC Post Cogenhoe	UKBOTA		IO92OE	0	0	1		223
R	WWBOTA	B/G-0608		2024-10-01		ROC Post East Carlton	UKBOTA		IO92OL	0	0	1		223
R	WWBOTA	B/G-0609		2024-10-01		ROC Post Corby	UKBOTA		IO92PL	0	0	1		223
R	WWBOTA	B/G-0610		2024-10-01		ROC Post Kettering	UKBOTA		IO92PI	0	0	1		223
R	WWBOTA	B/G-0611		2024-10-01		ROC Post Earls Barton	UKBOTA		IO92PG	0	0	1		223
R	WWBOTA	B/G-0612		2024-10-01		ROC Post Benefield	UKBOTA		IO92QL	0	0	1		223
R	WWBOTA	B/G-0613		2024-10-01		ROC Post Raunds	UKBOTA		IO92RI	0	0	1		223
R	WWBOTA	B/G-0614		2024-10-01		ROC Post Wansford	UKBOTA		IO92TN	0	0	1		223
R	WWBOTA	B/G-0615		2024-10-01		ROC Post Oundle	UKBOTA		IO92TL	0	0	1		223
R	WWBOTA	B/G-0616		2024-10-01		ROC Post Castor	UKBOTA		IO92UN	0	0	1		223
R	WWBOTA	B/G-0617		2024-10-01		ROC Post Byrness	UKBOTA		IO85TH	0	0	1		223
R	WWBOTA	B/G-0618		2024-10-01		ROC Post Norham-on-Tweed	UKBOTA		IO85WR	0	0	1		223
R	WWBOTA	B/G-0619		2024-10-01		ROC Post Milfield	UKBOTA		IO85WO	0	0	1		223
R	WWBOTA	B/G-0620		2024-10-01		ROC Post Harbottle	UKBOTA		IO85WI	0	0	1		223
R	WWBOTA	B/G-0621		2024-10-01		ROC Post Hart Heugh	UKBOTA		IO85XM	0	0	1		223
R	WWBOTA	B/G-0622		2024-10-01		ROC Post Whittingham	UKBOTA		IO95BJ	0	0	1		223
R	WWBOTA	B/G-0623		2024-10-01		ROC Post Fenham Hill	UKBOTA		IO95BQ	0	0	1		223
R	WWBOTA	B/G-0624		2024-10-01		ROC Post Bamburgh	UKBOTA		IO95DO	0	0	1		223
R	WWBOTA	B/G-0625		2024-10-01		ROC Post Shilbottle	UKBOTA		IO95DI	0	0	1		223
R	WWBOTA	B/G-0626		2024-10-01		ROC Post Embleton	UKBOTA		IO95EL	0	0	1		223
R	WWBOTA	B/G-0627		2024-10-01		ROC Post Longhoughton	UKBOTA		IO95EK	0	0	1		223
R	WWBOTA	B/G-0628		2024-10-01		ROC Post Redrow	UKBOTA		IO95FH	0	0	1		223
R	WWBOTA	B/G-0629		2024-10-01		ROC Post Kielder	UKBOTA		IO85RF	0	0	1		223
R	WWBOTA	B/G-0630		2024-10-01		ROC Post Gilsland	UKBOTA		IO84RX	0	0	1		223
R	WWBOTA	B/G-0631		2024-10-01		ROC Post Whitfield	UKBOTA		IO84TV	0	0	1		223
R	WWBOTA	B/G-0632		2024-10-01		ROC Post Haydon Bridge	UKBOTA		IO84UX	0	0	1		223
R	WWBOTA	B/G-0633		2024-10-01		ROC Post Bellingham	UKBOTA		IO85VD	0	0	1		223
R	WWBOTA	B/G-0634		2024-10-01		ROC Post Otterburn	UKBOTA		IO85WF	0	0	1		223
R	WWBOTA	B/G-0635		2024-10-01		ROC Post Slaley	UKBOTA		IO84XV	0	0	1		223
R	WWBOTA	B/G-0636		2024-10-01		ROC Post Great Whittington	UKBOTA		IO95AA	0	0	1		223
R	WWBOTA	B/G-0637		2024-10-01		ROC Post Prudhoe	UKBOTA		IO94BW	0	0	1		223
R	WWBOTA	B/G-0638		2024-10-01		ROC Post Hartburn	UKBOTA		IO95BD	0	0	1		223
R	WWBOTA	B/G-0639		2024-10-01		ROC Post Longhorsley	UKBOTA		IO95CF	0	0	1		223
R	WWBOTA	B/G-0640		2024-10-01		ROC Post Ponteland	UKBOTA		IO95CA	0	0	1		223
R	WWBOTA	B/G-0641		2024-10-01		ROC Post Stannington	UKBOTA		IO95DC	0	0	1		223
R	WWBOTA	B/G-0642		2024-10-01		ROC Post Kenton	UKBOTA		IO95EA	0	0	1		223
R	WWBOTA	B/G-0643		2024-10-01		ROC Post Ellington	UKBOTA		IO95FF	0	0	1		223
R	WWBOTA	B/G-0644		2024-10-01		ROC Post Blyth	UKBOTA		IO95GC	0	0	1		223
R	WWBOTA	B/G-0645		2024-10-01		ROC Post Whitley Bay	UKBOTA		IO95GA	0	0	1		223
R	WWBOTA	B/G-0648		2024-10-01		ROC Post Pleasley Hill	UKBOTA		IO93JE	0	0	1		223
R	WWBOTA	B/G-0649		2024-10-01		ROC Post Hucknall	UKBOTA		IO93JA	0	0	1		223
R	WWBOTA	B/G-0650		2024-10-01		ROC Post Clifton	UKBOTA		IO92JV	0	0	1		223
R	WWBOTA	B/G-0651		2024-10-01		ROC Post Edwinstowe	UKBOTA		IO93LE	0	0	1		223
R	WWBOTA	B/G-0652		2024-10-01		ROC Post Cotgrave	UKBOTA		IO92LV	0	0	1		223
R	WWBOTA	B/G-0653		2024-10-01		ROC Post Blyth	UKBOTA		IO93LI	0	0	1		223
R	WWBOTA	B/G-0654		2024-10-01		ROC Post Farnsfield	UKBOTA		IO93LC	0	0	1		223
R	WWBOTA	B/G-0655		2024-10-01		ROC Post Burton Joyce	UKBOTA		IO92LX	0	0	1		223
R	WWBOTA	B/G-0656		2024-10-01		ROC Post East Markham	UKBOTA		IO93NG	0	0	1		223
R	WWBOTA	B/G-0657		2024-10-01		ROC Post Clarborough	UKBOTA		IO93NI	0	0	1		223
R	WWBOTA	B/G-0658		2024-10-01		ROC Post Newark-on-Trent	UKBOTA		IO93NC	0	0	1		223
R	WWBOTA	B/G-0659		2024-10-01		ROC Post Wiseton	UKBOTA		IO93NK	0	0	1		223
R	WWBOTA	B/G-0660		2024-10-01		ROC Post Collingham	UKBOTA		IO93PD	0	0	1		223
R	WWBOTA	B/G-0661		2024-10-01		ROC Post Carterton	UKBOTA		IO91ES	0	0	1		223
R	WWBOTA	B/G-0662		2024-10-01		ROC Post Shipton-under-Wychwood	UKBOTA		IO91EU	0	0	1		223
R	WWBOTA	B/G-0663		2024-10-01		ROC Post Hailey	UKBOTA		IO91GT	0	0	1		223
R	WWBOTA	B/G-0664		2024-10-01		ROC Post Enstone	UKBOTA		IO91GV	0	0	1		223
R	WWBOTA	B/G-0665		2024-10-01		ROC Post Swalcliffe	UKBOTA		IO92GA	0	0	1		223
R	WWBOTA	B/G-0666		2024-10-01		ROC Post Bloxham	UKBOTA		IO92HA	0	0	1		223
R	WWBOTA	B/G-0667		2024-10-01		ROC Post Boars Hill	UKBOTA		IO91IR	0	0	1		223
R	WWBOTA	B/G-0668		2024-10-01		ROC Post Kidlington	UKBOTA		IO91IT	0	0	1		223
R	WWBOTA	B/G-0669		2024-10-01		ROC Post Middleton Stoney	UKBOTA		IO91JV	0	0	1		223
R	WWBOTA	B/G-0670		2024-10-01		ROC Post Brill	UKBOTA		IO91LT	0	0	1		223
R	WWBOTA	B/G-0671		2024-10-01		ROC Post Thame	UKBOTA		IO91MR	0	0	1		223
R	WWBOTA	B/G-0672		2024-10-01		ROC Post Culham	UKBOTA		IO91IP	0	0	1		223
R	WWBOTA	B/G-0673		2024-10-01		ROC Post Stadhampton	UKBOTA		IO91KQ	0	0	1		223
R	WWBOTA	B/G-0674		2024-10-01		ROC Post Checkendon	UKBOTA		IO91LN	0	0	1		223
R	WWBOTA	B/G-0675		2024-10-01		ROC Post Watlington	UKBOTA		IO91MP	0	0	1		223
R	WWBOTA	B/G-0676		2024-10-01		ROC Post Shiplake	UKBOTA		IO91NL	0	0	1		223
R	WWBOTA	B/G-0677		2024-10-01		ROC Post Empingham	UKBOTA		IO92QQ	0	0	1		223
R	WWBOTA	B/G-0678		2024-10-01		ROC Post Uppingham	UKBOTA		IO92PN	0	0	1		223
R	WWBOTA	B/G-0679		2024-10-01		ROC Post Oswestry	UKBOTA		IO82LU	0	0	1		223
R	WWBOTA	B/G-0680		2024-10-01		ROC Post Minsterley	UKBOTA		IO82MP	0	0	1		223
R	WWBOTA	B/G-0681		2024-10-01		ROC Post Nesscliffe	UKBOTA		IO82NS	0	0	1		223
R	WWBOTA	B/G-0682		2024-10-01		ROC Post Cockshutt	UKBOTA		IO82NU	0	0	1		223
R	WWBOTA	B/G-0683		2024-10-01		ROC Post Bomere Heath	UKBOTA		IO82OS	0	0	1		223
R	WWBOTA	B/G-0684		2024-10-01		ROC Post Upton Magna	UKBOTA		IO82PR	0	0	1		223
R	WWBOTA	B/G-0685		2024-10-01		ROC Post Whitchurch - Shropshire	UKBOTA		IO82QX	0	0	1		223
R	WWBOTA	B/G-0686		2024-10-01		ROC Post Prees	UKBOTA		IO82QV	0	0	1		223
R	WWBOTA	B/G-0687		2024-10-01		ROC Post Great Bolas	UKBOTA		IO82RS	0	0	1		223
R	WWBOTA	B/G-0688		2024-10-01		ROC Post Market Drayton	UKBOTA		IO82RV	0	0	1		223
R	WWBOTA	B/G-0689		2024-10-01		ROC Post Oakengates	UKBOTA		IO82SQ	0	0	1		223
R	WWBOTA	B/G-0690		2024-10-01		ROC Post Sambrook	UKBOTA		IO82ST	0	0	1		223
R	WWBOTA	B/G-0691		2024-10-01		ROC Post Dorrington	UKBOTA		IO82TO	0	0	1		223
R	WWBOTA	B/G-0692		2024-10-01		ROC Post Boscobel	UKBOTA		IO82UQ	0	0	1		223
R	WWBOTA	B/G-0693		2024-10-01		ROC Post Lydbury North	UKBOTA		IO82ML	0	0	1		223
R	WWBOTA	B/G-0694		2024-10-01		ROC Post Craven Arms	UKBOTA		IO82NK	0	0	1		223
R	WWBOTA	B/G-0695		2024-10-01		ROC Post Church Stretton	UKBOTA		IO82OM	0	0	1		223
R	WWBOTA	B/G-0696		2024-10-01		ROC Post Ludlow	UKBOTA		IO82PI	0	0	1		223
R	WWBOTA	B/G-0697		2024-10-01		ROC Post Tenbury Wells	UKBOTA		IO82QH	0	0	1		223
R	WWBOTA	B/G-0698		2024-10-01		ROC Post Ditton Priors	UKBOTA		IO82RL	0	0	1		223
R	WWBOTA	B/G-0699		2024-10-01		ROC Post Much Wenlock	UKBOTA		IO82RO	0	0	1		223
R	WWBOTA	B/G-0700		2024-10-01		ROC Post Stottesdon	UKBOTA		IO82SK	0	0	1		223
R	WWBOTA	B/G-0701		2024-10-01		ROC Post Bridgnorth	UKBOTA		IO82TM	0	0	1		223
R	WWBOTA	B/G-0702		2024-10-01		ROC Post Pattingham	UKBOTA		IO82UN	0	0	1		223
R	WWBOTA	B/G-0704		2024-10-01		ROC Post Exford	UKBOTA		IO81ED	0	0	1		223
R	WWBOTA	B/G-0705		2024-10-01		ROC Post Dulverton	UKBOTA		IO81EA	0	0	1		223
R	WWBOTA	B/G-0706		2024-10-01		ROC Post Dunster	UKBOTA		IO81GE	0	0	1		223
R	WWBOTA	B/G-0707		2024-10-01		ROC Post Lydeard St. Lawrence	UKBOTA		IO81IB	0	0	1		223
R	WWBOTA	B/G-0708		2024-10-01		ROC Post Wellington	UKBOTA		IO81JA	0	0	1		223
R	WWBOTA	B/G-0709		2024-10-01		ROC Post Holford	UKBOTA		IO81JE	0	0	1		223
R	WWBOTA	B/G-0710		2024-10-01		ROC Post Kingston St. Mary	UKBOTA		IO81KB	0	0	1		223
R	WWBOTA	B/G-0711		2024-10-01		ROC Post Puriton	UKBOTA		IO81LE	0	0	1		223
R	WWBOTA	B/G-0712		2024-10-01		ROC Post Chard	UKBOTA		IO80MV	0	0	1		223
R	WWBOTA	B/G-0713		2024-10-01		ROC Post Hatch Beauchamp	UKBOTA		IO80MX	0	0	1		223
R	WWBOTA	B/G-0714		2024-10-01		ROC Post Bleadon	UKBOTA		IO81MH	0	0	1		223
R	WWBOTA	B/G-0715		2024-10-01		ROC Post Chilton Polden	UKBOTA		IO81ND	0	0	1		223
R	WWBOTA	B/G-0716		2024-10-01		ROC Post Clevedon	UKBOTA		IO81NK	0	0	1		223
R	WWBOTA	B/G-0717		2024-10-01		ROC Post Langport	UKBOTA		IO81OB	0	0	1		223
R	WWBOTA	B/G-0718		2024-10-01		ROC Post Crewkerne	UKBOTA		IO80OU	0	0	1		223
R	WWBOTA	B/G-0719		2024-10-01		ROC Post Portishead	UKBOTA		IO81OL	0	0	1		223
R	WWBOTA	B/G-0720		2024-10-01		ROC Post Stoke-under-Ham also known as Hamhill	UKBOTA		IO80PW	0	0	1		223
R	WWBOTA	B/G-0721		2024-10-01		ROC Post Glastonbury	UKBOTA		IO81PD	0	0	1		223
R	WWBOTA	B/G-0722		2024-10-01		ROC Post Westbury-sub-Mendip	UKBOTA		IO81PG	0	0	1		223
R	WWBOTA	B/G-0723		2024-10-01		ROC Post Long Ashton	UKBOTA		IO81QK	0	0	1		223
R	WWBOTA	B/G-0724		2024-10-01		ROC Post West Harptree	UKBOTA		IO81QH	0	0	1		223
R	WWBOTA	B/G-0725		2024-10-01		ROC Post Marston Magna	UKBOTA		IO81QA	0	0	1		223
R	WWBOTA	B/G-0726		2024-10-01		ROC Post Shepton Mallett	UKBOTA		IO81RE	0	0	1		223
R	WWBOTA	B/G-0727		2024-10-01		ROC Post Clutton Master Post	UKBOTA		IO81RI	0	0	1		223
R	WWBOTA	B/G-0728		2024-10-01		ROC Post Keynsham	UKBOTA		IO81SJ	0	0	1		223
R	WWBOTA	B/G-0729		2024-10-01		ROC Post Bruton	UKBOTA		IO81SC	0	0	1		223
R	WWBOTA	B/G-0730		2024-10-01		ROC Post Radstock	UKBOTA		IO81SG	0	0	1		223
R	WWBOTA	B/G-0731		2024-10-01		ROC Post Templecombe	UKBOTA		IO80SX	0	0	1		223
R	WWBOTA	B/G-0732		2024-10-01		ROC Post Frome	UKBOTA		IO81TF	0	0	1		223
R	WWBOTA	B/G-0735		2024-10-01		ROC Post Silverdale	UKBOTA		IO83UA	0	0	1		223
R	WWBOTA	B/G-0736		2024-10-01		ROC Post Standon	UKBOTA		IO82UV	0	0	1		223
R	WWBOTA	B/G-0737		2024-10-01		ROC Post Gnosall	UKBOTA		IO82VS	0	0	1		223
R	WWBOTA	B/G-0738		2024-10-01		ROC Post Endon	UKBOTA		IO83WC	0	0	1		223
R	WWBOTA	B/G-0739		2024-10-01		ROC Post Longton - Staffordshire	UKBOTA		IO82WX	0	0	1		223
R	WWBOTA	B/G-0740		2024-10-01		ROC Post Rushton Spencer	UKBOTA		IO83WD	0	0	1		223
R	WWBOTA	B/G-0741		2024-10-01		ROC Post Cheslyn Hay	UKBOTA		IO82XQ	0	0	1		223
R	WWBOTA	B/G-0742		2024-10-01		ROC Post Weston-on-Trent	UKBOTA		IO82XU	0	0	1		223
R	WWBOTA	B/G-0743		2024-10-01		ROC Post Walsall	UKBOTA		IO82XO	0	0	1		223
R	WWBOTA	B/G-0744		2024-10-01		ROC Post Ipstones	UKBOTA		IO93AB	0	0	1		223
R	WWBOTA	B/G-0745		2024-10-01		ROC Post Rugeley	UKBOTA		IO92BS	0	0	1		223
R	WWBOTA	B/G-0746		2024-10-01		ROC Post Shenstone	UKBOTA		IO92CP	0	0	1		223
R	WWBOTA	B/G-0747		2024-10-01		ROC Post Hoar Cross	UKBOTA		IO92CT	0	0	1		223
R	WWBOTA	B/G-0748		2024-10-01		ROC Post Harlaston (Staffs)	UKBOTA		IO92DQ	0	0	1		223
R	WWBOTA	B/G-0749		2024-10-01		ROC Post Polesworth	UKBOTA		IO92EO	0	0	1		223
R	WWBOTA	B/G-0750		2024-10-01		ROC Post Bobbington	UKBOTA		IO82UM	0	0	1		223
R	WWBOTA	B/G-0751		2024-10-01		ROC Post Brierley Hill	UKBOTA		IO82WM	0	0	1		223
R	WWBOTA	B/G-0752		2024-10-01		ROC Post Hopton	UKBOTA		JO02UM	0	0	1		223
R	WWBOTA	B/G-0753		2024-10-01		ROC Post Haverhill	UKBOTA		JO02FC	0	0	1		223
R	WWBOTA	B/G-0754		2024-10-01		ROC Post Isleham	UKBOTA		JO02FI	0	0	1		223
R	WWBOTA	B/G-0755		2024-10-01		ROC Post Cheveley	UKBOTA		JO02FF	0	0	1		223
R	WWBOTA	B/G-0756		2024-10-01		ROC Post Kentford	UKBOTA		JO02GG	0	0	1		223
R	WWBOTA	B/G-0757		2024-10-01		ROC Post Lakenheath	UKBOTA		JO02GJ	0	0	1		223
R	WWBOTA	B/G-0758		2024-10-01		ROC Post Wickhambrook	UKBOTA		JO02GD	0	0	1		223
R	WWBOTA	B/G-0759		2024-10-01		ROC Post Bury St. Edmunds	UKBOTA		JO02IF	0	0	1		223
R	WWBOTA	B/G-0760		2024-10-01		ROC Post Hartest	UKBOTA		JO02ID	0	0	1		223
R	WWBOTA	B/G-0761		2024-10-01		ROC Post Culford	UKBOTA		JO02IH	0	0	1		223
R	WWBOTA	B/G-0762		2024-10-01		ROC Post Sudbury	UKBOTA		JO02IB	0	0	1		223
R	WWBOTA	B/G-0763		2024-10-01		ROC Post Lavenham	UKBOTA		JO02JC	0	0	1		223
R	WWBOTA	B/G-0764		2024-10-01		ROC Post Beyton	UKBOTA		JO02KF	0	0	1		223
R	WWBOTA	B/G-0765		2024-10-01		ROC Post Honington - Suffolk	UKBOTA		JO02KH	0	0	1		223
R	WWBOTA	B/G-0766		2024-10-01		ROC Post Hadleigh	UKBOTA		JO02LB	0	0	1		223
R	WWBOTA	B/G-0767		2024-10-01		ROC Post Coombes	UKBOTA		JO02LE	0	0	1		223
R	WWBOTA	B/G-0768		2024-10-01		ROC Post Botesdale	UKBOTA		JO02MH	0	0	1		223
R	WWBOTA	B/G-0769		2024-10-01		ROC Post Bacton	UKBOTA		JO02MG	0	0	1		223
R	WWBOTA	B/G-0770		2024-10-01		ROC Post Claydon	UKBOTA		JO02NC	0	0	1		223
R	WWBOTA	B/G-0771		2024-10-01		ROC Post Crowfield	UKBOTA		JO02ND	0	0	1		223
R	WWBOTA	B/G-0772		2024-10-01		ROC Post Debenham	UKBOTA		JO02OF	0	0	1		223
R	WWBOTA	B/G-0773		2024-10-01		ROC Post Woolverstone	UKBOTA		JO01OX	0	0	1		223
R	WWBOTA	B/G-0774		2024-10-01		ROC Post Grundisburgh	UKBOTA		JO02PC	0	0	1		223
R	WWBOTA	B/G-0775		2024-10-01		ROC Post Stradbroke	UKBOTA		JO02PH	0	0	1		223
R	WWBOTA	B/G-0776		2024-10-01		ROC Post Felixstowe	UKBOTA		JO01QW	0	0	1		223
R	WWBOTA	B/G-0777		2024-10-01		ROC Post Wickham Market	UKBOTA		JO02QD	0	0	1		223
R	WWBOTA	B/G-0778		2024-10-01		ROC Post Badingham	UKBOTA		JO02QG	0	0	1		223
R	WWBOTA	B/G-0779		2024-10-01		ROC Post Bungay	UKBOTA		JO02QK	0	0	1		223
R	WWBOTA	B/G-0780		2024-10-01		ROC Post Alderton	UKBOTA		JO02RA	0	0	1		223
R	WWBOTA	B/G-0781		2024-10-01		ROC Post Saxmundham	UKBOTA		JO02SF	0	0	1		223
R	WWBOTA	B/G-0782		2024-10-01		ROC Post Halesworth	UKBOTA		JO02SI	0	0	1		223
R	WWBOTA	B/G-0783		2024-10-01		ROC Post Orford	UKBOTA		JO02SC	0	0	1		223
R	WWBOTA	B/G-0784		2024-10-01		ROC Post Westleton	UKBOTA		JO02SG	0	0	1		223
R	WWBOTA	B/G-0785		2024-10-01		ROC Post Barnby	UKBOTA		JO02TK	0	0	1		223
R	WWBOTA	B/G-0786		2024-10-01		ROC Post Aldeburgh	UKBOTA		JO02TE	0	0	1		223
R	WWBOTA	B/G-0787		2024-10-01		ROC Post Southwold	UKBOTA		JO02UI	0	0	1		223
R	WWBOTA	B/G-0788		2024-10-01		ROC Post Kessingland	UKBOTA		JO02UJ	0	0	1		223
R	WWBOTA	B/G-0789		2024-10-01		ROC Post Pakefield	UKBOTA		JO02UK	0	0	1		223
R	WWBOTA	B/G-0790		2024-10-01		ROC Post Lowestoft	UKBOTA		JO02VM	0	0	1		223
R	WWBOTA	B/G-0791		2024-10-01		ROC Post Farnham	UKBOTA		IO91OF	0	0	1		223
R	WWBOTA	B/G-0792		2024-10-01		ROC Post Camberley	UKBOTA		IO91PH	0	0	1		223
R	WWBOTA	B/G-0793		2024-10-01		ROC Post Milford	UKBOTA		IO91QE	0	0	1		223
R	WWBOTA	B/G-0794		2024-10-01		ROC Post Wormley	UKBOTA		IO91QC	0	0	1		223
R	WWBOTA	B/G-0795		2024-10-01		ROC Post Hog's Back	UKBOTA		IO91QF	0	0	1		223
R	WWBOTA	B/G-0796		2024-10-01		ROC Post Cranleigh	UKBOTA		IO91RC	0	0	1		223
R	WWBOTA	B/G-0797		2024-10-01		ROC Post Clandon	UKBOTA		IO91SF	0	0	1		223
R	WWBOTA	B/G-0798		2024-10-01		ROC Post Weybridge	UKBOTA		IO91SJ	0	0	1		223
R	WWBOTA	B/G-0799		2024-10-01		ROC Post Oxshott	UKBOTA		IO91TI	0	0	1		223
R	WWBOTA	B/G-0800		2024-10-01		ROC Post Holmwood	UKBOTA		IO91UE	0	0	1		223
R	WWBOTA	B/G-0801		2024-10-01		ROC Post Headley	UKBOTA		IO91UG	0	0	1		223
R	WWBOTA	B/G-0802		2024-10-01		ROC Post Mortlake	UKBOTA		IO91UL	0	0	1		223
R	WWBOTA	B/G-0803		2024-10-01		ROC Post New Malden	UKBOTA		IO91UJ	0	0	1		223
R	WWBOTA	B/G-0804		2024-10-01		ROC Post Wallington	UKBOTA		IO91WI	0	0	1		223
R	WWBOTA	B/G-0805		2024-10-01		ROC Post Redhill	UKBOTA		IO91WF	0	0	1		223
R	WWBOTA	B/G-0806		2024-10-01		ROC Post Compton	UKBOTA		IO90NW	0	0	1		223
R	WWBOTA	B/G-0807		2024-10-01		ROC Post Rogate	UKBOTA		IO91NA	0	0	1		223
R	WWBOTA	B/G-0808		2024-10-01		ROC Post Chichester	UKBOTA		IO90OT	0	0	1		223
R	WWBOTA	B/G-0809		2024-10-01		ROC Post Midhurst	UKBOTA		IO90OX	0	0	1		223
R	WWBOTA	B/G-0810		2024-10-01		ROC Post Singleton	UKBOTA		IO90PV	0	0	1		223
R	WWBOTA	B/G-0811		2024-10-01		ROC Post Pagham	UKBOTA		IO90PT	0	0	1		223
R	WWBOTA	B/G-0812		2024-10-01		ROC Post Fernhurst	UKBOTA		IO91PB	0	0	1		223
R	WWBOTA	B/G-0813		2024-10-01		ROC Post Petworth	UKBOTA		IO90QW	0	0	1		223
R	WWBOTA	B/G-0814		2024-10-01		ROC Post Littlehampton	UKBOTA		IO90QT	0	0	1		223
R	WWBOTA	B/G-0815		2024-10-01		ROC Post Selsey	UKBOTA		IO90OR	0	0	1		223
R	WWBOTA	B/G-0816		2024-10-01		ROC Post Pulborough	UKBOTA		IO90SX	0	0	1		223
R	WWBOTA	B/G-0817		2024-10-01		ROC Post Billingshurst	UKBOTA		IO91SA	0	0	1		223
R	WWBOTA	B/G-0818		2024-10-01		ROC Post Lancing	UKBOTA		IO90TT	0	0	1		223
R	WWBOTA	B/G-0819		2024-10-01		ROC Post Steyning	UKBOTA		IO90UV	0	0	1		223
R	WWBOTA	B/G-0820		2024-10-01		ROC Post Horsham	UKBOTA		IO91UB	0	0	1		223
R	WWBOTA	B/G-0821		2024-10-01		ROC Post Henfield	UKBOTA		IO90UW	0	0	1		223
R	WWBOTA	B/G-0822		2024-10-01		ROC Post Southwick	UKBOTA		IO90VU	0	0	1		223
R	WWBOTA	B/G-0823		2024-10-01		ROC Post Crawley	UKBOTA		IO91VD	0	0	1		223
R	WWBOTA	B/G-0824		2024-10-01		ROC Post Cuckfield	UKBOTA		IO91WA	0	0	1		223
R	WWBOTA	B/G-0825		2024-10-01		ROC Post Ditchling	UKBOTA		IO90WW	0	0	1		223
R	WWBOTA	B/G-0826		2024-10-01		ROC Post Brighton	UKBOTA		IO90WT	0	0	1		223
R	WWBOTA	B/G-0827		2024-10-01		ROC Post West Hoathly	UKBOTA		IO91XB	0	0	1		223
R	WWBOTA	B/G-0828		2024-10-01		ROC Post Lewes	UKBOTA		IO90XV	0	0	1		223
R	WWBOTA	B/G-0829		2024-10-01		ROC Post Peacehaven	UKBOTA		JO00AS	0	0	1		223
R	WWBOTA	B/G-0830		2024-10-01		ROC Post Newick	UKBOTA		JO00AX	0	0	1		223
R	WWBOTA	B/G-0831		2024-10-01		ROC Post Newhaven	UKBOTA		JO00AS	0	0	1		223
R	WWBOTA	B/G-0832		2024-10-01		ROC Post Hartfield	UKBOTA		JO01BC	0	0	1		223
R	WWBOTA	B/G-0833		2024-10-01		ROC Post Crowborough	UKBOTA		JO01BB	0	0	1		223
R	WWBOTA	B/G-0834		2024-10-01		ROC Post Framfield	UKBOTA		JO00BX	0	0	1		223
R	WWBOTA	B/G-0835		2024-10-01		ROC Post Chiddingly	UKBOTA		JO00CV	0	0	1		223
R	WWBOTA	B/G-0836		2024-10-01		ROC Post Rotherfield	UKBOTA		JO01DA	0	0	1		223
R	WWBOTA	B/G-0837		2024-10-01		ROC Post Frant	UKBOTA		JO01DC	0	0	1		223
R	WWBOTA	B/G-0838		2024-10-01		ROC Post Rushlake Green	UKBOTA		JO00DX	0	0	1		223
R	WWBOTA	B/G-0839		2024-10-01		ROC Post Herstmonceux	UKBOTA		JO00DV	0	0	1		223
R	WWBOTA	B/G-0840		2024-10-01		ROC Post Pevensey	UKBOTA		JO00ET	0	0	1		223
R	WWBOTA	B/G-0841		2024-10-01		ROC Post Ticehurst	UKBOTA		JO01EA	0	0	1		223
R	WWBOTA	B/G-0842		2024-10-01		ROC Post Ninfield	UKBOTA		JO00EV	0	0	1		223
R	WWBOTA	B/G-0843		2024-10-01		ROC Post Robertsbridge	UKBOTA		JO01FA	0	0	1		223
R	WWBOTA	B/G-0844		2024-10-01		ROC Post Cooden	UKBOTA		JO00FU	0	0	1		223
R	WWBOTA	B/G-0845		2024-10-01		ROC Post Sedlescombe	UKBOTA		JO00GW	0	0	1		223
R	WWBOTA	B/G-0846		2024-10-01		ROC Post Northiam	UKBOTA		JO00HX	0	0	1		223
R	WWBOTA	B/G-0847		2024-10-01		ROC Post Fairlight	UKBOTA		JO00HU	0	0	1		223
R	WWBOTA	B/G-0848		2024-10-01		ROC Post Rye Harbour	UKBOTA		JO00IW	0	0	1		223
R	WWBOTA	B/G-0849		2024-10-01		ROC Post Cuckmere Haven	UKBOTA		JO00BS	0	0	1		223
R	WWBOTA	B/G-0850		2024-10-01		ROC Post Erdington	UKBOTA		IO92BM	0	0	1		223
R	WWBOTA	B/G-0851		2024-10-01		ROC Post Bidford-on-Avon	UKBOTA		IO92BE	0	0	1		223
R	WWBOTA	B/G-0852		2024-10-01		ROC Post Shirley	UKBOTA		IO92CJ	0	0	1		223
R	WWBOTA	B/G-0853		2024-10-01		ROC Post Henley-in-Arden	UKBOTA		IO92CH	0	0	1		223
R	WWBOTA	B/G-0854		2024-10-01		ROC Post Curdworth	UKBOTA		IO92CM	0	0	1		223
R	WWBOTA	B/G-0855		2024-10-01		ROC Post Alderminster	UKBOTA		IO92EC	0	0	1		223
R	WWBOTA	B/G-0856		2024-10-01		ROC Post Haseley Knob	UKBOTA		IO92EI	0	0	1		223
R	WWBOTA	B/G-0857		2024-10-01		ROC Post Meriden	UKBOTA		IO92EK	0	0	1		223
R	WWBOTA	B/G-0858		2024-10-01		ROC Post Barford	UKBOTA		IO92FF	0	0	1		223
R	WWBOTA	B/G-0859		2024-10-01		ROC Post Long Compton	UKBOTA		IO91FX	0	0	1		223
R	WWBOTA	B/G-0860		2024-10-01		ROC Post Harbury	UKBOTA		IO92GF	0	0	1		223
R	WWBOTA	B/G-0861		2024-10-01		ROC Post Edge Hill	UKBOTA		IO92GC	0	0	1		223
R	WWBOTA	B/G-0862		2024-10-01		ROC Post Bedworth	UKBOTA		IO92GL	0	0	1		223
R	WWBOTA	B/G-0863		2024-10-01		ROC Post Wolston	UKBOTA		IO92HI	0	0	1		223
R	WWBOTA	B/G-0864		2024-10-01		ROC Post Napton-on-the-Hill	UKBOTA		IO92IF	0	0	1		223
R	WWBOTA	B/G-0865		2024-10-01		ROC Post Grasmere	UKBOTA		IO84LL	0	0	1		223
R	WWBOTA	B/G-0866		2024-10-01		ROC Post Bampton	UKBOTA		IO84PN	0	0	1		223
R	WWBOTA	B/G-0867		2024-10-01		ROC Post Tebay	UKBOTA		IO84QK	0	0	1		223
R	WWBOTA	B/G-0868		2024-10-01		ROC Post Appleby-in-Westmorland	UKBOTA		IO84RN	0	0	1		223
R	WWBOTA	B/G-0869		2024-10-01		ROC Post Kirkby Stephen	UKBOTA		IO85TF	0	0	1		223
R	WWBOTA	B/G-0870		2024-10-01		ROC Post Milnthorpe	UKBOTA		IO84OF	0	0	1		223
R	WWBOTA	B/G-0871		2024-10-01		ROC Post Kendal	UKBOTA		IO84PH	0	0	1		223
R	WWBOTA	B/G-0872		2024-10-01		ROC Post Kirkby Lonsdale	UKBOTA		IO84QE	0	0	1		223
R	WWBOTA	B/G-0874		2024-10-01		ROC Post Mere	UKBOTA		IO81UC	0	0	1		223
R	WWBOTA	B/G-0875		2024-10-01		ROC Post Bradford-on-Avon	UKBOTA		IO81UI	0	0	1		223
R	WWBOTA	B/G-0876		2024-10-01		ROC Post Sutton Veney	UKBOTA		IO81WE	0	0	1		223
R	WWBOTA	B/G-0877		2024-10-01		ROC Post Chippenham	UKBOTA		IO81WK	0	0	1		223
R	WWBOTA	B/G-0878		2024-10-01		ROC Post Bratton	UKBOTA		IO81WG	0	0	1		223
R	WWBOTA	B/G-0879		2024-10-01		ROC Post Tisbury	UKBOTA		IO81WB	0	0	1		223
R	WWBOTA	B/G-0880		2024-10-01		ROC Post Malmesbury	UKBOTA		IO81XN	0	0	1		223
R	WWBOTA	B/G-0881		2024-10-01		ROC Post Kemble	UKBOTA		IO81XP	0	0	1		223
R	WWBOTA	B/G-0882		2024-10-01		ROC Post Wylye	UKBOTA		IO91AD	0	0	1		223
R	WWBOTA	B/G-0883		2024-10-01		ROC Post Broad Chalke	UKBOTA		IO91AA	0	0	1		223
R	WWBOTA	B/G-0884		2024-10-01		ROC Post Devizes	UKBOTA		IO91AI	0	0	1		223
R	WWBOTA	B/G-0885		2024-10-01		ROC Post Shrewton	UKBOTA		IO91AE	0	0	1		223
R	WWBOTA	B/G-0886		2024-10-01		ROC Post Cricklade	UKBOTA		IO91BP	0	0	1		223
R	WWBOTA	B/G-0887		2024-10-01		ROC Post Avebury	UKBOTA		IO91BK	0	0	1		223
R	WWBOTA	B/G-0888		2024-10-01		ROC Post Swindon	UKBOTA		IO91CN	0	0	1		223
R	WWBOTA	B/G-0889		2024-10-01		ROC Post Enford	UKBOTA		IO91CG	0	0	1		223
R	WWBOTA	B/G-0890		2024-10-01		ROC Post Wroughton	UKBOTA		IO91CM	0	0	1		223
R	WWBOTA	B/G-0891		2024-10-01		ROC Post Amesbury	UKBOTA		IO91CD	0	0	1		223
R	WWBOTA	B/G-0892		2024-10-01		ROC Post Highworth	UKBOTA		IO91DP	0	0	1		223
R	WWBOTA	B/G-0893		2024-10-01		ROC Post Alderbury	UKBOTA		IO91DA	0	0	1		223
R	WWBOTA	B/G-0894		2024-10-01		ROC Post Ogbourne St George	UKBOTA		IO91DL	0	0	1		223
R	WWBOTA	B/G-0895		2024-10-01		ROC Post Collingbourne Ducis	UKBOTA		IO91DG	0	0	1		223
R	WWBOTA	B/G-0896		2024-10-01		ROC Post Great Bedwyn	UKBOTA		IO91EJ	0	0	1		223
R	WWBOTA	B/G-0897		2024-10-01		ROC Post Upper Sapey	UKBOTA		IO82SG	0	0	1		223
R	WWBOTA	B/G-0898		2024-10-01		ROC Post Clows Top	UKBOTA		IO82SI	0	0	1		223
R	WWBOTA	B/G-0899		2024-10-01		ROC Post Upper Arley	UKBOTA		IO82UK	0	0	1		223
R	WWBOTA	B/G-0900		2024-10-01		ROC Post Powick	UKBOTA		IO82UD	0	0	1		223
R	WWBOTA	B/G-0901		2024-10-01		ROC Post Ombersley	UKBOTA		IO82VG	0	0	1		223
R	WWBOTA	B/G-0902		2024-10-01		ROC Post Upton-on-Severn	UKBOTA		IO82VB	0	0	1		223
R	WWBOTA	B/G-0903		2024-10-01		ROC Post Crowle	UKBOTA		IO82WF	0	0	1		223
R	WWBOTA	B/G-0904		2024-10-01		ROC Post Pershore	UKBOTA		IO82WC	0	0	1		223
R	WWBOTA	B/G-0905		2024-10-01		ROC Post Bromsgrove	UKBOTA		IO82XI	0	0	1		223
R	WWBOTA	B/G-0906		2024-10-01		ROC Post Frankley	UKBOTA		IO91AW	0	0	1		223
R	WWBOTA	B/G-0907		2024-10-01		ROC Post Inkberrow	UKBOTA		IO92AF	0	0	1		223
R	WWBOTA	B/G-0908		2024-10-01		ROC Post Evesham	UKBOTA		IO92AB	0	0	1		223
R	WWBOTA	B/G-0909		2024-10-01		ROC Post Redditch	UKBOTA		IO92AH	0	0	1		223
R	WWBOTA	B/G-0910		2024-10-01		ROC Post Broadway	UKBOTA		IO92CA	0	0	1		223
R	WWBOTA	B/G-0911		2024-10-01		ROC Post Cotherstone	UKBOTA		IO84XN	0	0	1		223
R	WWBOTA	B/G-0912		2024-10-01		ROC Post Barningham	UKBOTA		IO94BL	0	0	1		223
R	WWBOTA	B/G-0913		2024-10-01		ROC Post Richmond	UKBOTA		IO94DJ	0	0	1		223
R	WWBOTA	B/G-0914		2024-10-01		ROC Post Croft-on-Tees	UKBOTA		IO94FK	0	0	1		223
R	WWBOTA	B/G-0915		2024-10-01		ROC Post Great Ayton	UKBOTA		IO94KM	0	0	1		223
R	WWBOTA	B/G-0916		2024-10-01		ROC Post Eston	UKBOTA		IO94KN	0	0	1		223
R	WWBOTA	B/G-0917		2024-10-01		ROC Post Redcar	UKBOTA		IO94KO	0	0	1		223
R	WWBOTA	B/G-0918		2024-10-01		ROC Post Saltburn	UKBOTA		IO94MN	0	0	1		223
R	WWBOTA	B/G-0919		2024-10-01		ROC Post Castleton	UKBOTA		IO94MK	0	0	1		223
R	WWBOTA	B/G-0920		2024-10-01		ROC Post Loftus	UKBOTA		IO94NN	0	0	1		223
R	WWBOTA	B/G-0921		2024-10-01		ROC Post Hinderwell	UKBOTA		IO94ON	0	0	1		223
R	WWBOTA	B/G-0922		2024-10-01		ROC Post Goathland	UKBOTA		IO94PJ	0	0	1		223
R	WWBOTA	B/G-0923		2024-10-01		ROC Post Whitby	UKBOTA		IO94QL	0	0	1		223
R	WWBOTA	B/G-0924		2024-10-01		ROC Post Robin Hood's Bay	UKBOTA		IO94RK	0	0	1		223
R	WWBOTA	B/G-0925		2024-10-01		ROC Post Dunsop Bridge	UKBOTA		IO83RW	0	0	1		223
R	WWBOTA	B/G-0926		2024-10-01		ROC Post Bentham	UKBOTA		IO84SC	0	0	1		223
R	WWBOTA	B/G-0927		2024-10-01		ROC Post Dent	UKBOTA		IO84TG	0	0	1		223
R	WWBOTA	B/G-0928		2024-10-01		ROC Post Bolton-by-Bowland	UKBOTA		IO83TW	0	0	1		223
R	WWBOTA	B/G-0929		2024-10-01		ROC Post Horton-in-Ribblesdale	UKBOTA		IO84UD	0	0	1		223
R	WWBOTA	B/G-0930		2024-10-01		ROC Post Settle	UKBOTA		IO84UB	0	0	1		223
R	WWBOTA	B/G-0931		2024-10-01		ROC Post Hawes	UKBOTA		IO84VH	0	0	1		223
R	WWBOTA	B/G-0932		2024-10-01		ROC Post Todmorden	UKBOTA		IO83WR	0	0	1		223
R	WWBOTA	B/G-0933		2024-10-01		ROC Post Buckden	UKBOTA		IO84WE	0	0	1		223
R	WWBOTA	B/G-0934		2024-10-01		ROC Post Gargrave	UKBOTA		IO83WX	0	0	1		223
R	WWBOTA	B/G-0935		2024-10-01		ROC Post Cowling	UKBOTA		IO83XV	0	0	1		223
R	WWBOTA	B/G-0936		2024-10-01		ROC Post Grassington	UKBOTA		IO84XB	0	0	1		223
R	WWBOTA	B/G-0937		2024-10-01		ROC Post Aysgarth	UKBOTA		IO94AG	0	0	1		223
R	WWBOTA	B/G-0938		2024-10-01		ROC Post Keighley	UKBOTA		IO93AV	0	0	1		223
R	WWBOTA	B/G-0939		2024-10-01		ROC Post Reeth	UKBOTA		IO94AJ	0	0	1		223
R	WWBOTA	B/G-0940		2024-10-01		ROC Post Sowerby Bridge	UKBOTA		IO93BQ	0	0	1		223
R	WWBOTA	B/G-0941		2024-10-01		ROC Post Bewerley	UKBOTA		IO93BX	0	0	1		223
R	WWBOTA	B/G-0942		2024-10-01		ROC Post Middlesmoor	UKBOTA		IO94BE	0	0	1		223
R	WWBOTA	B/G-0943		2024-10-01		ROC Post Thornton	UKBOTA		IO93BT	0	0	1		223
R	WWBOTA	B/G-0944		2024-10-01		ROC Post Crossland Moor	UKBOTA		IO93BO	0	0	1		223
R	WWBOTA	B/G-0945		2024-10-01		ROC Post Leyburn	UKBOTA		IO94CH	0	0	1		223
R	WWBOTA	B/G-0946		2024-10-01		ROC Post Greenhow Hill	UKBOTA		IO94CB	0	0	1		223
R	WWBOTA	B/G-0947		2024-10-01		ROC Post Holmfirth	UKBOTA		IO93CM	0	0	1		223
R	WWBOTA	B/G-0948		2024-10-01		ROC Post Guiseley	UKBOTA		IO93DV	0	0	1		223
R	WWBOTA	B/G-0949		2024-10-01		ROC Post Heckmondwike	UKBOTA		IO93DR	0	0	1		223
R	WWBOTA	B/G-0950		2024-10-01		ROC Post Darley	UKBOTA		IO94DA	0	0	1		223
R	WWBOTA	B/G-0951		2024-10-01		ROC Post Bramley	UKBOTA		IO93ET	0	0	1		223
R	WWBOTA	B/G-0952		2024-10-01		ROC Post Sawley	UKBOTA		IO94EC	0	0	1		223
R	WWBOTA	B/G-0953		2024-10-01		ROC Post North Stainley	UKBOTA		IO94EE	0	0	1		223
R	WWBOTA	B/G-0954		2024-10-01		ROC Post Bedale	UKBOTA		IO94EH	0	0	1		223
R	WWBOTA	B/G-0955		2024-10-01		ROC Post Darton	UKBOTA		IO93FO	0	0	1		223
R	WWBOTA	B/G-0956		2024-10-01		ROC Post Harewood	UKBOTA		IO93FV	0	0	1		223
R	WWBOTA	B/G-0957		2024-10-01		ROC Post Knaresborough	UKBOTA		IO94GA	0	0	1		223
R	WWBOTA	B/G-0958		2024-10-01		ROC Post Kirby Hill	UKBOTA		IO94GC	0	0	1		223
R	WWBOTA	B/G-0959		2024-10-01		ROC Post Northallerton	UKBOTA		IO94HH	0	0	1		223
R	WWBOTA	B/G-0960		2024-10-01		ROC Post Barwick-in-Elmet	UKBOTA		IO93HT	0	0	1		223
R	WWBOTA	B/G-0961		2024-10-01		ROC Post Topcliffe	UKBOTA		IO94HE	0	0	1		223
R	WWBOTA	B/G-0962		2024-10-01		ROC Post Thirsk	UKBOTA		IO94HF	0	0	1		223
R	WWBOTA	B/G-0963		2024-10-01		ROC Post Boston Spa	UKBOTA		IO93IV	0	0	1		223
R	WWBOTA	B/G-0964		2024-10-01		ROC Post Tockwith	UKBOTA		IO93IX	0	0	1		223
R	WWBOTA	B/G-0965		2024-10-01		ROC Post Goldthorpe	UKBOTA		IO93IM	0	0	1		223
R	WWBOTA	B/G-0966		2024-10-01		ROC Post Upsall	UKBOTA		IO94IG	0	0	1		223
R	WWBOTA	B/G-0967		2024-10-01		ROC Post Osmotherley	UKBOTA		IO94II	0	0	1		223
R	WWBOTA	B/G-0968		2024-10-01		ROC Post Upton	UKBOTA		IO93IP	0	0	1		223
R	WWBOTA	B/G-0969		2024-10-01		ROC Post Barkston Ash	UKBOTA		IO93IT	0	0	1		223
R	WWBOTA	B/G-0970		2024-10-01		ROC Post Tollerton	UKBOTA		IO94JB	0	0	1		223
R	WWBOTA	B/G-0971		2024-10-01		ROC Post Chop Gate	UKBOTA		IO94KJ	0	0	1		223
R	WWBOTA	B/G-0972		2024-10-01		ROC Post Whitley Bridge	UKBOTA		IO93KR	0	0	1		223
R	WWBOTA	B/G-0973		2024-10-01		ROC Post Brandsby	UKBOTA		IO94KD	0	0	1		223
R	WWBOTA	B/G-0974		2024-10-01		ROC Post Askern	UKBOTA		IO93KO	0	0	1		223
R	WWBOTA	B/G-0975		2024-10-01		ROC Post Helmsley	UKBOTA		IO94KF	0	0	1		223
R	WWBOTA	B/G-0976		2024-10-01		ROC Post Cawood	UKBOTA		IO93KU	0	0	1		223
R	WWBOTA	B/G-0977		2024-10-01		ROC Post Fulford Site 1	UKBOTA		IO93LW	0	0	1		223
R	WWBOTA	B/G-0978		2024-10-01		ROC Post Fulford Site 2	UKBOTA		IO93LW	0	0	1		223
R	WWBOTA	B/G-0979		2024-10-01		ROC Post Strensall	UKBOTA		IO94LA	0	0	1		223
R	WWBOTA	B/G-0980		2024-10-01		ROC Post Camblesforth	UKBOTA		IO93LR	0	0	1		223
R	WWBOTA	B/G-0981		2024-10-01		ROC Post Hovingham	UKBOTA		IO94MD	0	0	1		223
R	WWBOTA	B/G-0982		2024-10-01		ROC Post Kirby Moorside	UKBOTA		IO94MH	0	0	1		223
R	WWBOTA	B/G-0983		2024-10-01		ROC Post Thorne	UKBOTA		IO93MP	0	0	1		223
R	WWBOTA	B/G-0984		2024-10-01		ROC Post Stamford Bridge	UKBOTA		IO93MX	0	0	1		223
R	WWBOTA	B/G-0985		2024-10-01		ROC Post Lindholme	UKBOTA		IO93MN	0	0	1		223
R	WWBOTA	B/G-0986		2024-10-01		ROC Post Bubwith	UKBOTA		IO93MT	0	0	1		223
R	WWBOTA	B/G-0987		2024-10-01		ROC Post Rosedale	UKBOTA		IO94NI	0	0	1		223
R	WWBOTA	B/G-0988		2024-10-01		ROC Post Howden	UKBOTA		IO93NR	0	0	1		223
R	WWBOTA	B/G-0989		2024-10-01		ROC Post Malton	UKBOTA		IO94OD	0	0	1		223
R	WWBOTA	B/G-0990		2024-10-01		ROC Post Pickering	UKBOTA		IO94OF	0	0	1		223
R	WWBOTA	B/G-0991		2024-10-01		ROC Post Holme-on-Spalding-Moor	UKBOTA		IO93OU	0	0	1		223
R	WWBOTA	B/G-0992		2024-10-01		ROC Post Gilberdyke	UKBOTA		IO93PR	0	0	1		223
R	WWBOTA	B/G-0993		2024-10-01		ROC Post Pocklington	UKBOTA		IO93PW	0	0	1		223
R	WWBOTA	B/G-0994		2024-10-01		ROC Post Lockton	UKBOTA		IO94PH	0	0	1		223
R	WWBOTA	B/G-0995		2024-10-01		ROC Post Birdsall	UKBOTA		IO94PC	0	0	1		223
R	WWBOTA	B/G-0996		2024-10-01		ROC Post Market Weighton	UKBOTA		IO93QU	0	0	1		223
R	WWBOTA	B/G-0997		2024-10-01		ROC Post Wetwang	UKBOTA		IO94QA	0	0	1		223
R	WWBOTA	B/G-0998		2024-10-01		ROC Post Middleton on the Wolds	UKBOTA		IO93RW	0	0	1		223
R	WWBOTA	B/G-0999		2024-10-01		ROC Post Elloughton	UKBOTA		IO93RR	0	0	1		223
R	WWBOTA	B/G-1000		2024-10-01		ROC Post Wykeham	UKBOTA		IO94RF	0	0	1		223
R	WWBOTA	B/G-1001		2024-10-01		ROC Post Sherburn	UKBOTA		IO94RE	0	0	1		223
R	WWBOTA	B/G-1002		2024-10-01		ROC Post Stocksbridge	UKBOTA		IO93EL	0	0	1		223
R	WWBOTA	B/G-1003		2024-10-01		ROC Post Beauchief	UKBOTA		IO93FH	0	0	1		223
R	WWBOTA	B/G-1004		2024-10-01		ROC Post Ecclesfield-Hoyland	UKBOTA		IO93GL	0	0	1		223
R	WWBOTA	B/G-1005		2024-10-01		ROC Post Wickersley	UKBOTA		IO93IK	0	0	1		223
R	WWBOTA	B/G-1006		2024-10-01		ROC Post Rossington	UKBOTA		IO93LL	0	0	1		223
R	WWBOTA	B/G-1007		2024-10-01		ROC Post Langtoft	UKBOTA		IO94SC	0	0	1		223
R	WWBOTA	B/G-1008		2024-10-01		ROC Post Cloughton	UKBOTA		IO94SI	0	0	1		223
R	WWBOTA	B/G-1009		2024-10-01		ROC Post Beverley	UKBOTA		IO93ST	0	0	1		223
R	WWBOTA	B/G-1010		2024-10-01		ROC Post Driffield	UKBOTA		IO94SA	0	0	1		223
R	WWBOTA	B/G-1011		2024-10-01		ROC Post Deepdale	UKBOTA		IO94TG	0	0	1		223
R	WWBOTA	B/G-1012		2024-10-01		ROC Post Scarborough	UKBOTA		IO94TG	0	0	1		223
R	WWBOTA	B/G-1013		2024-10-01		ROC Post Hunmanby	UKBOTA		IO94TE	0	0	1		223
R	WWBOTA	B/G-1014		2024-10-01		ROC Post Burton Agnes	UKBOTA		IO94UB	0	0	1		223
R	WWBOTA	B/G-1015		2024-10-01		ROC Post Brandesburton	UKBOTA		IO93UV	0	0	1		223
R	WWBOTA	B/G-1016		2024-10-01		ROC Post Skirlaugh	UKBOTA		IO93UU	0	0	1		223
R	WWBOTA	B/G-1017		2024-10-01		ROC Post Bridlington	UKBOTA		IO94VC	0	0	1		223
R	WWBOTA	B/G-1018		2024-10-01		ROC Post Wilsthorpe	UKBOTA		IO94VB	0	0	1		223
R	WWBOTA	B/G-1019		2024-10-01		ROC Post Skipsea	UKBOTA		IO93VX	0	0	1		223
R	WWBOTA	B/G-1020		2024-10-01		ROC Post Saltend	UKBOTA		IO93VQ	0	0	1		223
R	WWBOTA	B/G-1021		2024-10-01		ROC Post Hornsea	UKBOTA		IO93VW	0	0	1		223
R	WWBOTA	B/G-1022		2024-10-01		ROC Post Burton Pidsea	UKBOTA		IO93WS	0	0	1		223
R	WWBOTA	B/G-1023		2024-10-01		ROC Post Flamborough	UKBOTA		IO94WC	0	0	1		223
R	WWBOTA	B/G-1024		2024-10-01		ROC Post Keyingham	UKBOTA		IO93WQ	0	0	1		223
R	WWBOTA	B/G-1025		2024-10-01		ROC Post Aldbrough	UKBOTA		IO93XT	0	0	1		223
R	WWBOTA	B/G-1026		2024-10-01		ROC Post Sunk Island	UKBOTA		IO93XP	0	0	1		223
R	WWBOTA	B/G-1027		2024-10-01		ROC Post Tunstall	UKBOTA		IO93XS	0	0	1		223
R	WWBOTA	B/G-1028		2024-10-01		ROC Post Out Newton	UKBOTA		JO03AQ	0	0	1		223
R	WWBOTA	B/G-1029		2024-10-01		ROC Post Kilnsea	UKBOTA		JO03BO	0	0	1		223
R	WWBOTA	B/G-1030		2024-10-01		ROC Post Sandholme Bank	UKBOTA		JO02AW	0	0	1		223
R	WWBOTA	B/G-1031		2024-10-01		ROC Group HQ No 1 - Maidstone	UKBOTA		JO01GG	0	0	1		223
R	WWBOTA	B/G-1032		2024-10-01		ROC Group HQ No 2 - Horsham	UKBOTA		IO91UB	0	0	1		223
R	WWBOTA	B/G-1033		2024-10-01		ROC Group HQ No 3 - Oxford	UKBOTA		IO91JR	0	0	1		223
R	WWBOTA	B/G-1034		2024-10-01		ROC Group HQ No 4 - Colchester	UKBOTA		JO01KV	0	0	1		223
R	WWBOTA	B/G-1035		2024-10-01		ROC Group HQ No 5 - Watford	UKBOTA		IO91SQ	0	0	1		223
R	WWBOTA	B/G-1036		2024-10-01		ROC Group HQ No 6 - Norwich	UKBOTA		JO02PP	0	0	1		223
R	WWBOTA	B/G-1037		2024-10-01		ROC Group HQ No 7 - Bedford	UKBOTA		IO92SD	0	0	1		223
R	WWBOTA	B/G-1038		2024-10-01		ROC Group HQ No 8 - Coventry	UKBOTA		IO92II	0	0	1		223
R	WWBOTA	B/G-1039		2024-10-01		ROC Group HQ No 9 - Yeovil	UKBOTA		IO80QW	0	0	1		223
R	WWBOTA	B/G-1040		2024-10-01		ROC Group HQ No 10 - Exeter (Poltimore Park)	UKBOTA		IO80GS	0	0	1		223
R	WWBOTA	B/G-1041		2024-10-01		ROC Group HQ No 11 - Truro	UKBOTA		IO70LG	0	0	1		223
R	WWBOTA	B/G-1042		2024-10-01		ROC Group HQ No 12 - Bristol	UKBOTA		IO81TK	0	0	1		223
R	WWBOTA	B/G-1043		2024-10-01		ROC Group HQ N0 14 - Winchester	UKBOTA		IO91IB	0	0	1		223
R	WWBOTA	B/G-1044		2024-10-01		ROC Group HQ No 15 - Lincoln	UKBOTA		IO93SF	0	0	1		223
R	WWBOTA	B/G-1045		2024-10-01		ROC Group HQ No 16 - Shrewsbury	UKBOTA		IO82PR	0	0	1		223
R	WWBOTA	B/G-1046		2024-10-01		ROC Group HQ No 18 - Leeds (Yeadon)	UKBOTA		IO93DU	0	0	1		223
R	WWBOTA	B/G-1047		2024-10-01		ROC Group HQ No 19 - Manchester	UKBOTA		IO83VK	0	0	1		223
R	WWBOTA	B/G-1048		2024-10-01		ROC Group HQ No 20 - York	UKBOTA		IO93KW	0	0	1		223
R	WWBOTA	B/G-1049		2024-10-01		ROC Group HQ No 21 - Preston	UKBOTA		IO83PT	0	0	1		223
R	WWBOTA	B/G-1050		2024-10-01		ROC Group HQ No 22 - Carlisle	UKBOTA		IO84MW	0	0	1		223
R	WWBOTA	B/G-1051		2024-10-01		ROC Group HQ No 23 - Durham	UKBOTA		IO94FS	0	0	1		223
R	WWBOTA	B/G-1052		2024-10-01		ROC HQ - Bentley Priory	UKBOTA		IO91TP	0	0	1		223
R	WWBOTA	B/G-1053		2024-10-01		ROC Post Minehead	UKBOTA		IO81FF	0	0	1		223
R	WWBOTA	B/G-1054		2024-10-01		ROC Post Five Barrows	UKBOTA		IO81CC	0	0	1		223
R	WWBOTA	B/G-1055		2024-10-01		AAOR Abbottswood	UKBOTA		IO84JD	0	0	1		223
R	WWBOTA	B/G-1056		2024-10-01		AAOR Birkenshaw	UKBOTA		IO93DR	0	0	1		223
R	WWBOTA	B/G-1057		2024-10-01		AAOR Conisbrough	UKBOTA		IO93IL	0	0	1		223
R	WWBOTA	B/G-1058		2024-10-01		AAOR Crownhill Fort	UKBOTA		IO70WJ	0	0	1		223
R	WWBOTA	B/G-1059		2024-10-01		AAOR Dover Castle (and Dover WW2 Tunnels)	UKBOTA		JO01PD	0	0	1		223
R	WWBOTA	B/G-1060		2024-10-01		AAOR Elvaston	UKBOTA		IO92HV	0	0	1		223
R	WWBOTA	B/G-1061		2024-10-01		AAOR Fort Bridgewoods	UKBOTA		JO01FI	0	0	1		223
R	WWBOTA	B/G-1062		2024-10-01		AAOR Fort Fareham	UKBOTA		IO90JU	0	0	1		223
R	WWBOTA	B/G-1063		2024-10-01		AAOR Frodsham	UKBOTA		IO83PG	0	0	1		223
R	WWBOTA	B/G-1064		2024-10-01		AAOR Gosforth	UKBOTA		IO95GA	0	0	1		223
R	WWBOTA	B/G-1065		2024-10-01		AAOR Kirklevington Hall	UKBOTA		IO94HL	0	0	1		223
R	WWBOTA	B/G-1066		2024-10-01		AAOR Lansdown	UKBOTA		IO81TK	0	0	1		223
R	WWBOTA	B/G-1067		2024-10-01		AAOR Lippetts Hill	UKBOTA		JO01AP	0	0	1		223
R	WWBOTA	B/G-1068		2024-10-01		AAOR Mistley Heath	UKBOTA		JO01NW	0	0	1		223
R	WWBOTA	B/G-1069		2024-10-01		AAOR Pendell Camp	UKBOTA		IO91WG	0	0	1		223
R	WWBOTA	B/G-1070		2024-10-01		AAOR Ridgeway Hill	UKBOTA		IO80SQ	0	0	1		223
R	WWBOTA	B/G-1071		2024-10-01		AAOR Stoneleigh Park	UKBOTA		IO92FI	0	0	1		223
R	WWBOTA	B/G-1072		2024-10-01		AAOR Ullenwood	UKBOTA		IO81WU	0	0	1		223
R	WWBOTA	B/G-1073		2024-10-01		AAOR Uxbridge	UKBOTA		IO91SN	0	0	1		223
R	WWBOTA	B/G-1074		2024-10-01		AAOR Vange	UKBOTA		JO01FN	0	0	1		223
R	WWBOTA	B/G-1075		2024-10-01		AAOR Wawne	UKBOTA		IO93TT	0	0	1		223
R	WWBOTA	B/G-1076		2024-10-01		AAOR Worsley	UKBOTA		IO83TM	0	0	1		223
R	WWBOTA	B/G-1077		2024-10-01		AAOR Wylde Green	UKBOTA		IO92CN	0	0	1		223
R	WWBOTA	B/G-1078		2024-10-01		Chain Home - Canewdon	UKBOTA		JO01IO	0	0	1		223
R	WWBOTA	B/G-1079		2024-10-01		Chain Home - Danby Beacon	UKBOTA		IO94NL	0	0	1		223
R	WWBOTA	B/G-1080		2024-10-01		Chain Home - Darsham	UKBOTA		JO02SG	0	0	1		223
R	WWBOTA	B/G-1081		2024-10-01		Chain Home - Dengie	UKBOTA		JO01KQ	0	0	1		223
R	WWBOTA	B/G-1082		2024-10-01		Chain Home - Dover (Swingate)	UKBOTA		JO01QD	0	0	1		223
R	WWBOTA	B/G-1083		2024-10-01		Chain Home - Downderry	UKBOTA		IO70TI	0	0	1		223
R	WWBOTA	B/G-1084		2024-10-01		Chain Home - Drytree	UKBOTA		IO70JB	0	0	1		223
R	WWBOTA	B/G-1085		2024-10-01		Chain Home - Dunkirk	UKBOTA		JO01LH	0	0	1		223
R	WWBOTA	B/G-1086		2024-10-01		Chain Home - Great Bromley	UKBOTA		JO01MV	0	0	1		223
R	WWBOTA	B/G-1087		2024-10-01		Chain Home - Hawks Tor	UKBOTA		IO70XK	0	0	1		223
R	WWBOTA	B/G-1089		2024-10-01		Chain Home - Northam	UKBOTA		IO71VB	0	0	1		223
R	WWBOTA	B/G-1090		2024-10-01		Chain Home - Ottercops Moss	UKBOTA		IO85WE	0	0	1		223
R	WWBOTA	B/G-1091		2024-10-01		Chain Home - Pevensey	UKBOTA		JO00EU	0	0	1		223
R	WWBOTA	B/G-1092		2024-10-01		Chain Home - Poling	UKBOTA		IO90RU	0	0	1		223
R	WWBOTA	B/G-1093		2024-10-01		Chain Home - RAF Clee Hill	UKBOTA		IO82QJ	0	0	1		223
R	WWBOTA	B/G-1094		2024-10-01		Chain Home - Ravenscar	UKBOTA		IO94SJ	0	0	1		223
R	WWBOTA	B/G-1095		2024-10-01		Chain Home - Renscombe Down (Worth Matravers)	UKBOTA		IO80XO	0	0	1		223
R	WWBOTA	B/G-1096		2024-10-01		Chain Home - Ringstead	UKBOTA		IO80TP	0	0	1		223
R	WWBOTA	B/G-1097		2024-10-01		Chain Home - Rye	UKBOTA		JO00JX	0	0	1		223
R	WWBOTA	B/G-1098		2024-10-01		Chain Home - Saxmundham	UKBOTA		JO02SH	0	0	1		223
R	WWBOTA	B/G-1099		2024-10-01		Chain Home - Sennen	UKBOTA		IO70DB	0	0	1		223
R	WWBOTA	B/G-1100		2024-10-01		Chain Home - Southbourne	UKBOTA		IO90CR	0	0	1		223
R	WWBOTA	B/G-1101		2024-10-01		Chain Home - St. Lawrence	UKBOTA		IO90IN	0	0	1		223
R	WWBOTA	B/G-1102		2024-10-01		Chain Home - Staxton Wold	UKBOTA		IO94SE	0	0	1		223
R	WWBOTA	B/G-1103		2024-10-01		Chain Home - Stenigot	UKBOTA		IO93WH	0	0	1		223
R	WWBOTA	B/G-1104		2024-10-01		Chain Home - Stoke Holy Cross	UKBOTA		JO02PN	0	0	1		223
R	WWBOTA	B/G-1105		2024-10-01		Chain Home - Tower	UKBOTA		IO83LT	0	0	1		223
R	WWBOTA	B/G-1106		2024-10-01		Chain Home - Trelanvean	UKBOTA		IO70KA	0	0	1		223
R	WWBOTA	B/G-1107		2024-10-01		Chain Home - Trerew	UKBOTA		IO70LJ	0	0	1		223
R	WWBOTA	B/G-1108		2024-10-01		Chain Home - West Beckham	UKBOTA		JO02OV	0	0	1		223
R	WWBOTA	B/G-1109		2024-10-01		Chain Home - West Prawle	UKBOTA		IO80DF	0	0	1		223
R	WWBOTA	B/G-1110		2024-10-01		1950s War Room Birmingham (Shirley) - Region 9	UKBOTA		IO92CJ	0	0	1		223
R	WWBOTA	B/G-1111		2024-10-01		1950s War Room Bristol (Brislington) - Region 7	UKBOTA		IO81RK	0	0	1		223
R	WWBOTA	B/G-1112		2024-10-01		1950s War Room Cambridge - Region 4	UKBOTA		JO02BE	0	0	1		223
R	WWBOTA	B/G-1113		2024-10-01		1950s War Room Gravesend - Region 6	UKBOTA		JO01EK	0	0	1		223
R	WWBOTA	B/G-1114		2024-10-01		1950s War Room Leeds - Region 2	UKBOTA		IO93EU	0	0	1		223
R	WWBOTA	B/G-1115		2024-10-01		1950s War Room London NE - Wanstead - Region 5	UKBOTA		JO01AN	0	0	1		223
R	WWBOTA	B/G-1116		2024-10-01		1950s War Room London NW - Mill Hill - Region 5	UKBOTA		IO91VO	0	0	1		223
R	WWBOTA	B/G-1117		2024-10-01		1950s War Room London SE - Chislehurst - Region 5	UKBOTA		JO01AK	0	0	1		223
R	WWBOTA	B/G-1118		2024-10-01		1950s War Room London SW - Cheam- Region 5	UKBOTA		IO91VI	0	0	1		223
R	WWBOTA	B/G-1119		2024-10-01		1950s War Room Manchester (Cheadle) - Region 10	UKBOTA		IO83VJ	0	0	1		223
R	WWBOTA	B/G-1120		2024-10-01		1950s War Room Newcastle (Kenton Bar) - Region 1	UKBOTA		IO95EA	0	0	1		223
R	WWBOTA	B/G-1121		2024-10-01		1950s War Room Nottingham - Region 3	UKBOTA		IO92JX	0	0	1		223
R	WWBOTA	B/G-1122		2024-10-01		1950s War Room Reading - Region 6	UKBOTA		IO91MK	0	0	1		223
R	WWBOTA	B/G-1123		2024-10-01		1950s War Room Tunbridge Wells - Region 12	UKBOTA		JO01DD	0	0	1		223
R	WWBOTA	B/G-1124		2024-10-01		1960s SRHQ - South East - Region 12 - Dover (tunnels)	UKBOTA		JO01PD	0	0	1		223
R	WWBOTA	B/G-1125		2024-10-01		1960s SRHQ - South East - Region 5 - Guildford	UKBOTA		IO91QG	0	0	1		223
R	WWBOTA	B/G-1126		2024-10-01		1960s SRHQ Eastern - Region 4 - Bawburgh	UKBOTA		JO02OP	0	0	1		223
R	WWBOTA	B/G-1127		2024-10-01		1960s SRHQ Eastern - Region 4 - Hertford	UKBOTA		JO01AT	0	0	1		223
R	WWBOTA	B/G-1128		2024-10-01		1960s SRHQ London - Region 5 - Kelvedon Hatch	UKBOTA		JO01DQ	0	0	1		223
R	WWBOTA	B/G-1129		2024-10-01		1960s SRHQ Midlands - Region 9 - Drakelow	UKBOTA		IO82UK	0	0	1		223
R	WWBOTA	B/G-1130		2024-10-01		1960s SRHQ Midlands - Region 9 - Swynnerton	UKBOTA		IO82VV	0	0	1		223
R	WWBOTA	B/G-1131		2024-10-01		1960s SRHQ North - Region 1 (Hexham)	UKBOTA		IO84WX	0	0	1		223
R	WWBOTA	B/G-1132		2024-10-01		1960s SRHQ North - Region 1 (Shipton)	UKBOTA		IO94JB	0	0	1		223
R	WWBOTA	B/G-1133		2024-10-01		1960s SRHQ North East - Region 2 - Conisbrough	UKBOTA		IO93IL	0	0	1		223
R	WWBOTA	B/G-1134		2024-10-01		1960s SRHQ North Midlands - Region 3 - Loughborough	UKBOTA		IO92JS	0	0	1		223
R	WWBOTA	B/G-1135		2024-10-01		1960s SRHQ North Midlands - Region 3- Skendleby	UKBOTA		JO03BF	0	0	1		223
R	WWBOTA	B/G-1136		2024-10-01		1960s SRHQ North West - Region 10 - Southport	UKBOTA		IO83LP	0	0	1		223
R	WWBOTA	B/G-1137		2024-10-01		1960s SRHQ South West - Region 7 - Hope Cove	UKBOTA		IO80CF	0	0	1		223
R	WWBOTA	B/G-1138		2024-10-01		1960s SRHQ South West - Region 7 - Ullenwood	UKBOTA		IO81WU	0	0	1		223
R	WWBOTA	B/G-1139		2024-10-01		1960s SRHQ Southern - Region 6 - Warren Row	UKBOTA		IO91OM	0	0	1		223
R	WWBOTA	B/G-1140		2024-10-01		1980s RGHQ - North West - Region 10 - Hack Green	UKBOTA		IO83RA	0	0	1		223
R	WWBOTA	B/G-1141		2024-10-01		1980s RGHQ - South East - Basingstoke	UKBOTA		IO91KG	0	0	1		223
R	WWBOTA	B/G-1142		2024-10-01		1980s RGHQ - South East - Crowborough	UKBOTA		JO01BB	0	0	1		223
R	WWBOTA	B/G-1143		2024-10-01		1980s RGHQ - South West - Region 7 - Bolt Head	UKBOTA		IO80CF	0	0	1		223
R	WWBOTA	B/G-1144		2024-10-01		1980s RGHQ - South West - Region 7 - Chilmark	UKBOTA		IO81XB	0	0	1		223
R	WWBOTA	B/G-1145		2024-10-01		1980s RGHQ - South West - Region 7 - Ullenwood	UKBOTA		IO81WU	0	0	1		223
R	WWBOTA	B/G-1146		2024-10-01		ROTOR Radar - Bawburgh (WRK)	UKBOTA		JO02OP	0	0	1		223
R	WWBOTA	B/G-1147		2024-10-01		ROTOR Radar - Bawdsey (PKD)	UKBOTA		JO01RX	0	0	1		223
R	WWBOTA	B/G-1148		2024-10-01		ROTOR Radar - Beachy Head (HEB)	UKBOTA		JO00DR	0	0	1		223
R	WWBOTA	B/G-1149		2024-10-01		ROTOR Radar - Bempton (RMF)	UKBOTA		IO94VD	0	0	1		223
R	WWBOTA	B/G-1150		2024-10-01		ROTOR Radar - Boulmer (EZS)	UKBOTA		IO95EJ	0	0	1		223
R	WWBOTA	B/G-1151		2024-10-01		ROTOR Radar - Box (XOB)	UKBOTA		IO81VK	0	0	1		223
R	WWBOTA	B/G-1152		2024-10-01		ROTOR Radar - Calvo (CAL)	UKBOTA		IO84HV	0	0	1		223
R	WWBOTA	B/G-1153		2024-10-01		ROTOR Radar - Charmy Down (CHA)	UKBOTA		IO81TK	0	0	1		223
R	WWBOTA	B/G-1154		2024-10-01		ROTOR Radar - Chenies (HAM)	UKBOTA		IO91RQ	0	0	1		223
R	WWBOTA	B/G-1155		2024-10-01		ROTOR Radar - Cold Hesledon (IDW)	UKBOTA		IO94HT	0	0	1		223
R	WWBOTA	B/G-1156		2024-10-01		ROTOR Radar - Comberton (COB)	UKBOTA		IO82XC	0	0	1		223
R	WWBOTA	B/G-1157		2024-10-01		ROTOR Radar - Fairlight (GWB)	UKBOTA		JO00HU	0	0	1		223
R	WWBOTA	B/G-1158		2024-10-01		ROTOR Radar - Foreness (WJW)	UKBOTA		JO01RJ	0	0	1		223
R	WWBOTA	B/G-1159		2024-10-01		ROTOR Radar - Goldsborough (JEX)	UKBOTA		IO94PM	0	0	1		223
R	WWBOTA	B/G-1160		2024-10-01		ROTOR Radar - Hack Green (HAK)	UKBOTA		IO83RA	0	0	1		223
R	WWBOTA	B/G-1161		2024-10-01		ROTOR Radar - Hartland Point (HAT)	UKBOTA		IO71RA	0	0	1		223
R	WWBOTA	B/G-1162		2024-10-01		ROTOR Radar - Holmpton (VQJ)	UKBOTA		JO03AQ	0	0	1		223
R	WWBOTA	B/G-1163		2024-10-01		ROTOR Radar - Hope Cove (HOP)	UKBOTA		IO80CF	0	0	1		223
R	WWBOTA	B/G-1164		2024-10-01		ROTOR Radar - Hopton (TOH)	UKBOTA		JO02UM	0	0	1		223
R	WWBOTA	B/G-1165		2024-10-01		ROTOR Radar - Kelvedon Hatch (XSL)	UKBOTA		JO01DQ	0	0	1		223
R	WWBOTA	B/G-1166		2024-10-01		ROTOR Radar - Langtoft (LAT)	UKBOTA		IO92UQ	0	0	1		223
R	WWBOTA	B/G-1167		2024-10-01		ROTOR Radar - Longley Lane (LOA)	UKBOTA		IO83PT	0	0	1		223
R	WWBOTA	B/G-1168		2024-10-01		ROTOR Radar - Neatishead (BWP)	UKBOTA		JO02RR	0	0	1		223
R	WWBOTA	B/G-1169		2024-10-01		ROTOR Radar - Portland (NIB)	UKBOTA		IO80SN	0	0	1		223
R	WWBOTA	B/G-1170		2024-10-01		ROTOR Radar - Sandwich (YTM)	UKBOTA		JO01PG	0	0	1		223
R	WWBOTA	B/G-1171		2024-10-01		ROTOR Radar - Seaton Snook (DYR)	UKBOTA		IO94JP	0	0	1		223
R	WWBOTA	B/G-1172		2024-10-01		ROTOR Radar - Shipton (KFY)	UKBOTA		IO94JB	0	0	1		223
R	WWBOTA	B/G-1173		2024-10-01		ROTOR Radar - Skendleby (UPI)	UKBOTA		JO03BF	0	0	1		223
R	WWBOTA	B/G-1174		2024-10-01		ROTOR Radar - Sopley (AVO)	UKBOTA		IO90CS	0	0	1		223
R	WWBOTA	B/G-1175		2024-10-01		ROTOR Radar - St Annes (SAN)	UKBOTA		IO83MS	0	0	1		223
R	WWBOTA	B/G-1176		2024-10-01		ROTOR Radar - St Margarets (AGC)	UKBOTA		JO01QD	0	0	1		223
R	WWBOTA	B/G-1178		2024-10-01		ROTOR Radar - Treleaver (TEL)	UKBOTA		IO70KA	0	0	1		223
R	WWBOTA	B/G-1179		2024-10-01		ROTOR Radar - Trimingham (QLE)	UKBOTA		JO02QV	0	0	1		223
R	WWBOTA	B/G-1180		2024-10-01		ROTOR Radar - Truleigh Hill (SNG)	UKBOTA		IO90UV	0	0	1		223
R	WWBOTA	B/G-1181		2024-10-01		ROTOR Radar - Ventnor (OJC)	UKBOTA		IO90JO	0	0	1		223
R	WWBOTA	B/G-1182		2024-10-01		ROTOR Radar - Wartling (ZUN)	UKBOTA		JO00EU	0	0	1		223
R	WWBOTA	B/G-1183		2024-10-01		BBC Broadcasting House Stronghold	UKBOTA		IO91WM	0	0	1		223
R	WWBOTA	B/G-1184		2024-10-01		Harpenden Air Raid Shelters	UKBOTA		IO91TT	0	0	1		223
R	WWBOTA	B/G-1185		2024-10-01		The Grove Air Raid Shelters	UKBOTA		IO91SQ	0	0	1		223
R	WWBOTA	B/G-1186		2024-10-01		Western Approaches Museum	UKBOTA		IO83MJ	0	0	1		223
R	WWBOTA	B/G-1187		2024-10-01		Wilton Park HQ - WW2 Eastern Command	UKBOTA		IO91QO	0	0	1		223
R	WWBOTA	B/G-1188		2024-10-01		WW2 Fighter Comd HQ - Battle of Britain Bunker (Uxbridge)	UKBOTA		IO91SM	0	0	1		223
R	WWBOTA	B/G-1189		2024-10-01		Airfield Battle HQ - Atcham	UKBOTA		IO82QQ	0	0	1		223
R	WWBOTA	B/G-1190		2024-10-01		Airfield Battle HQ - Acaster Malbis	UKBOTA		IO93KV	0	0	1		223
R	WWBOTA	B/G-1191		2024-10-01		Airfield Battle HQ - Akeman Street	UKBOTA		IO91FT	0	0	1		223
R	WWBOTA	B/G-1192		2024-10-01		Airfield Battle HQ - Alconbury	UKBOTA		IO92VI	0	0	1		223
R	WWBOTA	B/G-1193		2024-10-01		Airfield Battle HQ - Alton Barnes	UKBOTA		IO91BI	0	0	1		223
R	WWBOTA	B/G-1194		2024-10-01		Airfield Battle HQ - Ashbourne	UKBOTA		IO93DA	0	0	1		223
R	WWBOTA	B/G-1195		2024-10-01		Airfield Battle HQ - Attlebridge	UKBOTA		JO02NQ	0	0	1		223
R	WWBOTA	B/G-1196		2024-10-01		Airfield Battle HQ - Baginton	UKBOTA		IO92GI	0	0	1		223
R	WWBOTA	B/G-1197		2024-10-01		Airfield Battle HQ - Balderton	UKBOTA		IO93OA	0	0	1		223
R	WWBOTA	B/G-1198		2024-10-01		Airfield Battle HQ - Bardney	UKBOTA		IO93UF	0	0	1		223
R	WWBOTA	B/G-1199		2024-10-01		Airfield Battle HQ - Barford St John	UKBOTA		IO92HA	0	0	1		223
R	WWBOTA	B/G-1200		2024-10-01		Airfield Battle HQ - Barrow	UKBOTA		IO84IC	0	0	1		223
R	WWBOTA	B/G-1201		2024-10-01		Airfield Battle HQ - Beccles	UKBOTA		JO02TK	0	0	1		223
R	WWBOTA	B/G-1202		2024-10-01		Airfield Battle HQ - Benson	UKBOTA		IO91KO	0	0	1		223
R	WWBOTA	B/G-1203		2024-10-01		Airfield Battle HQ - Bicester	UKBOTA		IO91KV	0	0	1		223
R	WWBOTA	B/G-1204		2024-10-01		Airfield Battle HQ - Binbrook	UKBOTA		IO93VK	0	0	1		223
R	WWBOTA	B/G-1205		2024-10-01		Airfield Battle HQ - Blyton	UKBOTA		IO93PK	0	0	1		223
R	WWBOTA	B/G-1206		2024-10-01		Airfield Battle HQ - Bodney	UKBOTA		JO02IN	0	0	1		223
R	WWBOTA	B/G-1207		2024-10-01		Airfield Battle HQ - Bottisham	UKBOTA		JO02DF	0	0	1		223
R	WWBOTA	B/G-1208		2024-10-01		Airfield Battle HQ - Bourn	UKBOTA		IO92XF	0	0	1		223
R	WWBOTA	B/G-1209		2024-10-01		Airfield Battle HQ - Bovingdon	UKBOTA		IO91RR	0	0	1		223
R	WWBOTA	B/G-1210		2024-10-01		Airfield Battle HQ - Bradwell Bay	UKBOTA		JO01KR	0	0	1		223
R	WWBOTA	B/G-1211		2024-10-01		Airfield Battle HQ - Bramcote	UKBOTA		IO92HL	0	0	1		223
R	WWBOTA	B/G-1212		2024-10-01		Airfield Battle HQ - RAF Braunstone	UKBOTA		IO92lo	0	0	1		223
R	WWBOTA	B/G-1213		2024-10-01		Airfield Battle HQ - Burscough (HMS Ringtail)	UKBOTA		IO83NO	0	0	1		223
R	WWBOTA	B/G-1214		2024-10-01		Airfield Battle HQ - Caistor	UKBOTA		IO93TM	0	0	1		223
R	WWBOTA	B/G-1215		2024-10-01		Airfield Battle HQ - Cammeringham	UKBOTA		IO93RI	0	0	1		223
R	WWBOTA	B/G-1216		2024-10-01		Airfield Battle HQ - Cark	UKBOTA		IO84MD	0	0	1		223
R	WWBOTA	B/G-1217		2024-10-01		Airfield Battle HQ - Catfoss	UKBOTA		IO93UV	0	0	1		223
R	WWBOTA	B/G-1218		2024-10-01		Airfield Battle HQ - Charlton Horethorne	UKBOTA		IO81RA	0	0	1		223
R	WWBOTA	B/G-1219		2024-10-01		Airfield Battle HQ - Charmy Down	UKBOTA		IO81TK	0	0	1		223
R	WWBOTA	B/G-1220		2024-10-01		Airfield Battle HQ - Chedworth	UKBOTA		IO91AT	0	0	1		223
R	WWBOTA	B/G-1221		2024-10-01		Airfield Battle HQ - Chelveston	UKBOTA		IO92RH	0	0	1		223
R	WWBOTA	B/G-1222		2024-10-01		Airfield Battle HQ - Chilbolton	UKBOTA		IO91GD	0	0	1		223
R	WWBOTA	B/G-1223		2024-10-01		Airfield Battle HQ - Church Fenton	UKBOTA		IO93JU	0	0	1		223
R	WWBOTA	B/G-1224		2024-10-01		Airfield Battle HQ - Church Lawford	UKBOTA		IO92HI	0	0	1		223
R	WWBOTA	B/G-1225		2024-10-01		Airfield Battle HQ - Cleave	UKBOTA		IO70RV	0	0	1		223
R	WWBOTA	B/G-1226		2024-10-01		Airfield Battle HQ - Clyffe Pypard	UKBOTA		IO91BL	0	0	1		223
R	WWBOTA	B/G-1227		2024-10-01		Airfield Battle HQ - Condover	UKBOTA		IO82PP	0	0	1		223
R	WWBOTA	B/G-1228		2024-10-01		Airfield Battle HQ - Cranage	UKBOTA		IO83TF	0	0	1		223
R	WWBOTA	B/G-1229		2024-10-01		Airfield Battle HQ - Cranfield	UKBOTA		IO92QB	0	0	1		223
R	WWBOTA	B/G-1230		2024-10-01		Airfield Battle HQ - Croft	UKBOTA		IO94FL	0	0	1		223
R	WWBOTA	B/G-1231		2024-10-01		Airfield Battle HQ - Crosby on Eden	UKBOTA		IO84OW	0	0	1		223
R	WWBOTA	B/G-1232		2024-10-01		Airfield Battle HQ - Croughton	UKBOTA		IO91JX	0	0	1		223
R	WWBOTA	B/G-1233		2024-10-01		Airfield Battle HQ - Culmhead	UKBOTA		IO80KW	0	0	1		223
R	WWBOTA	B/G-1234		2024-10-01		Airfield Battle HQ - Derby	UKBOTA		IO92FU	0	0	1		223
R	WWBOTA	B/G-1235		2024-10-01		Airfield Battle HQ - Desborough	UKBOTA		IO92OL	0	0	1		223
R	WWBOTA	B/G-1236		2024-10-01		Airfield Battle HQ - Detling	UKBOTA		JO01HH	0	0	1		223
R	WWBOTA	B/G-1237		2024-10-01		Airfield Battle HQ - Digby	UKBOTA		IO93SC	0	0	1		223
R	WWBOTA	B/G-1238		2024-10-01		Airfield Battle HQ - Downham Market	UKBOTA		JO02EO	0	0	1		223
R	WWBOTA	B/G-1239		2024-10-01		Airfield Battle HQ - Dunkeswell	UKBOTA		IO80JU	0	0	1		223
R	WWBOTA	B/G-1240		2024-10-01		Airfield Battle HQ - Dunsfold	UKBOTA		IO91RC	0	0	1		223
R	WWBOTA	B/G-1241		2024-10-01		Airfield Battle HQ Duxford	UKBOTA		JO02BC	0	0	1		223
R	WWBOTA	B/G-1242		2024-10-01		Airfield Battle HQ - Earls Colne	UKBOTA		JO01IV	0	0	1		223
R	WWBOTA	B/G-1243		2024-10-01		Airfield Battle HQ - Eastchurch	UKBOTA		JO01KJ	0	0	1		223
R	WWBOTA	B/G-1244		2024-10-01		Airfield Battle HQ - Elmdon	UKBOTA		IO92CK	0	0	1		223
R	WWBOTA	B/G-1245		2024-10-01		Airfield Battle HQ - Exeter	UKBOTA		IO80HR	0	0	1		223
R	WWBOTA	B/G-1246		2024-10-01		Airfield Battle HQ - Fairlop	UKBOTA		JO01BO	0	0	1		223
R	WWBOTA	B/G-1247		2024-10-01		Airfield Battle HQ - Feltwell	UKBOTA		JO02GL	0	0	1		223
R	WWBOTA	B/G-1248		2024-10-01		Airfield Battle HQ - Filton	UKBOTA		IO81RM	0	0	1		223
R	WWBOTA	B/G-1249		2024-10-01		Airfield Battle HQ - Finmere	UKBOTA		IO91LX	0	0	1		223
R	WWBOTA	B/G-1250		2024-10-01		Airfield Battle HQ - Fiskerton	UKBOTA		IO93SF	0	0	1		223
R	WWBOTA	B/G-1251		2024-10-01		Airfield Battle HQ - Fowlmere	UKBOTA		JO02AB	0	0	1		223
R	WWBOTA	B/G-1252		2024-10-01		Airfield Battle HQ - Goxhill	UKBOTA		IO93UQ	0	0	1		223
R	WWBOTA	B/G-1253		2024-10-01		Airfield Battle HQ - Grafton Underwood	UKBOTA		IO92QK	0	0	1		223
R	WWBOTA	B/G-1254		2024-10-01		Airfield Battle HQ - Great Ashfield	UKBOTA		JO02LG	0	0	1		223
R	WWBOTA	B/G-1255		2024-10-01		Airfield Battle HQ - Grove	UKBOTA		IO91GO	0	0	1		223
R	WWBOTA	B/G-1256		2024-10-01		Airfield Battle HQ - Hamble	UKBOTA		IO90IU	0	0	1		223
R	WWBOTA	B/G-1257		2024-10-01		Airfield Battle HQ - Harrowbeer(1)	UKBOTA		IO70WL	0	0	1		223
R	WWBOTA	B/G-1258		2024-10-01		Airfield Battle HQ - Harrowbeer(2)	UKBOTA		IO70WL	0	0	1		223
R	WWBOTA	B/G-1259		2024-10-01		Airfield Battle HQ - Hawkinge(1)	UKBOTA		JO01NC	0	0	1		223
R	WWBOTA	B/G-1260		2024-10-01		Airfield Battle HQ - Hawkinge(2)	UKBOTA		JO01NC	0	0	1		223
R	WWBOTA	B/G-1261		2024-10-01		Airfield Battle HQ - Hawkinge(3)	UKBOTA		JO01NC	0	0	1		223
R	WWBOTA	B/G-1262		2024-10-01		Airfield Battle HQ - Hibaldstowe	UKBOTA		IO93RL	0	0	1		223
R	WWBOTA	B/G-1263		2024-10-01		Airfield Battle HQ - High Ercall	UKBOTA		IO82RS	0	0	1		223
R	WWBOTA	B/G-1264		2024-10-01		Airfield Battle HQ - Hinton in the Hedges	UKBOTA		IO92JA	0	0	1		223
R	WWBOTA	B/G-1265		2024-10-01		Airfield Battle HQ - Hixon	UKBOTA		IO92AU	0	0	1		223
R	WWBOTA	B/G-1266		2024-10-01		Airfield Battle HQ - Holmsley South	UKBOTA		IO90DT	0	0	1		223
R	WWBOTA	B/G-1267		2024-10-01		Airfield Battle HQ - Honeybourne	UKBOTA		IO92BC	0	0	1		223
R	WWBOTA	B/G-1268		2024-10-01		Airfield Battle HQ - Hooton Park	UKBOTA		IO83MH	0	0	1		223
R	WWBOTA	B/G-1269		2024-10-01		Airfield Battle HQ - Hornchurch	UKBOTA		JO01CM	0	0	1		223
R	WWBOTA	B/G-1270		2024-10-01		Airfield Battle HQ - Hucknall	UKBOTA		IO93JA	0	0	1		223
R	WWBOTA	B/G-1271		2024-10-01		Airfield Battle HQ - Hunmanby	UKBOTA		IO94UE	0	0	1		223
R	WWBOTA	B/G-1272		2024-10-01		Airfield Battle HQ - Hunsdon	UKBOTA		JO01AT	0	0	1		223
R	WWBOTA	B/G-1273		2024-10-01		Airfield Battle HQ - Hutton Cranswick	UKBOTA		IO93SW	0	0	1		223
R	WWBOTA	B/G-1274		2024-10-01		Airfield Battle HQ - Ibsley	UKBOTA		IO90CV	0	0	1		223
R	WWBOTA	B/G-1275		2024-10-01		Airfield Battle HQ - Keevil	UKBOTA		IO81WH	0	0	1		223
R	WWBOTA	B/G-1276		2024-10-01		Airfield Battle HQ - Kemble	UKBOTA		IO81XQ	0	0	1		223
R	WWBOTA	B/G-1277		2024-10-01		Airfield Battle HQ - Kidlington	UKBOTA		IO91IU	0	0	1		223
R	WWBOTA	B/G-1278		2024-10-01		Airfield Battle HQ - Kings Cliffe(1)	UKBOTA		IO92SN	0	0	1		223
R	WWBOTA	B/G-1279		2024-10-01		Airfield Battle HQ - Kings Cliffe(2)	UKBOTA		IO92SN	0	0	1		223
R	WWBOTA	B/G-1280		2024-10-01		Airfield Battle HQ - Kirmington	UKBOTA		IO93TN	0	0	1		223
R	WWBOTA	B/G-1281		2024-10-01		Airfield Battle HQ - Langham	UKBOTA		JO02LW	0	0	1		223
R	WWBOTA	B/G-1282		2024-10-01		Airfield Battle HQ - Little Horwood	UKBOTA		IO91NX	0	0	1		223
R	WWBOTA	B/G-1283		2024-10-01		Airfield Battle HQ - Little Snoring	UKBOTA		JO02KU	0	0	1		223
R	WWBOTA	B/G-1284		2024-10-01		Airfield Battle HQ - Little Staughton	UKBOTA		IO92TF	0	0	1		223
R	WWBOTA	B/G-1285		2024-10-01		Airfield Battle HQ - Long Marston	UKBOTA		IO92DD	0	0	1		223
R	WWBOTA	B/G-1286		2024-10-01		Airfield Battle HQ - Lulsgate Bottom	UKBOTA		IO81PJ	0	0	1		223
R	WWBOTA	B/G-1287		2024-10-01		Airfield Battle HQ - Luton	UKBOTA		IO91TV	0	0	1		223
R	WWBOTA	B/G-1288		2024-10-01		Airfield Battle HQ - Lympne	UKBOTA		JO01MC	0	0	1		223
R	WWBOTA	B/G-1289		2024-10-01		Airfield Battle HQ - Madley	UKBOTA		IO82NA	0	0	1		223
R	WWBOTA	B/G-1290		2024-10-01		Airfield Battle HQ - Manston	UKBOTA		JO01QI	0	0	1		223
R	WWBOTA	B/G-1291		2024-10-01		Airfield Battle HQ - Market Harbrough	UKBOTA		IO92ML	0	0	1		223
R	WWBOTA	B/G-1292		2024-10-01		Airfield Battle HQ - Martlesham Heath	UKBOTA		JO02PB	0	0	1		223
R	WWBOTA	B/G-1293		2024-10-01		Airfield Battle HQ - Matlaske	UKBOTA		JO02OU	0	0	1		223
R	WWBOTA	B/G-1294		2024-10-01		Airfield Battle HQ - Meir	UKBOTA		IO82WX	0	0	1		223
R	WWBOTA	B/G-1295		2024-10-01		Airfield Battle HQ - Merston	UKBOTA		IO90PT	0	0	1		223
R	WWBOTA	B/G-1296		2024-10-01		Airfield Battle HQ - Methwold	UKBOTA		JO02GM	0	0	1		223
R	WWBOTA	B/G-1297		2024-10-01		Airfield Battle HQ - Middleton St. George(1)	UKBOTA		IO94GM	0	0	1		223
R	WWBOTA	B/G-1298		2024-10-01		Airfield Battle HQ - Middleton St. George(2)	UKBOTA		IO94HM	0	0	1		223
R	WWBOTA	B/G-1299		2024-10-01		Airfield Battle HQ - Montford Bridge	UKBOTA		IO82NS	0	0	1		223
R	WWBOTA	B/G-1300		2024-10-01		Airfield Battle HQ - Mount Farm	UKBOTA		IO91KP	0	0	1		223
R	WWBOTA	B/G-1301		2024-10-01		Airfield Battle HQ - North Luffenham	UKBOTA		IO92QP	0	0	1		223
R	WWBOTA	B/G-1302		2024-10-01		Airfield Battle HQ - Oakington	UKBOTA		JO02AG	0	0	1		223
R	WWBOTA	B/G-1303		2024-10-01		Airfield Battle HQ - Oakley	UKBOTA		IO91LS	0	0	1		223
R	WWBOTA	B/G-1304		2024-10-01		Airfield Battle HQ - Old Sarum	UKBOTA		IO91CC	0	0	1		223
R	WWBOTA	B/G-1305		2024-10-01		Airfield Battle HQ - Ossington	UKBOTA		IO93NE	0	0	1		223
R	WWBOTA	B/G-1306		2024-10-01		Airfield Battle HQ - Pendeford	UKBOTA		IO82WP	0	0	1		223
R	WWBOTA	B/G-1307		2024-10-01		Airfield Battle HQ - Perranporth	UKBOTA		IO70JH	0	0	1		223
R	WWBOTA	B/G-1308		2024-10-01		Airfield Battle HQ - Pershore	UKBOTA		IO82XD	0	0	1		223
R	WWBOTA	B/G-1309		2024-10-01		Airfield Battle HQ - Peterborough	UKBOTA		IO92UO	0	0	1		223
R	WWBOTA	B/G-1310		2024-10-01		Airfield Battle HQ - Pocklington	UKBOTA		IO93OW	0	0	1		223
R	WWBOTA	B/G-1311		2024-10-01		Airfield Battle HQ - Podington	UKBOTA		IO92QF	0	0	1		223
R	WWBOTA	B/G-1312		2024-10-01		Airfield Battle HQ - Polebrook	UKBOTA		IO92TL	0	0	1		223
R	WWBOTA	B/G-1313		2024-10-01		Airfield Battle HQ - Predannack	UKBOTA		IN79JX	0	0	1		223
R	WWBOTA	B/G-1314		2024-10-01		Airfield Battle HQ - Ramsbury	UKBOTA		IO91EK	0	0	1		223
R	WWBOTA	B/G-1315		2024-10-01		Airfield Battle HQ - Redhill	UKBOTA		IO91WF	0	0	1		223
R	WWBOTA	B/G-1316		2024-10-01		Airfield Battle HQ - Rednal	UKBOTA		IO82MU	0	0	1		223
R	WWBOTA	B/G-1317		2024-10-01		Airfield Battle HQ - Rochford	UKBOTA		JO01IN	0	0	1		223
R	WWBOTA	B/G-1318		2024-10-01		Airfield Battle HQ - Rougham	UKBOTA		JO02JF	0	0	1		223
R	WWBOTA	B/G-1319		2024-10-01		Airfield Battle HQ - Sawbridgeworth	UKBOTA		JO01BU	0	0	1		223
R	WWBOTA	B/G-1320		2024-10-01		Airfield Battle HQ - Seighford	UKBOTA		IO82VT	0	0	1		223
R	WWBOTA	B/G-1321		2024-10-01		Airfield Battle HQ - Shawbury	UKBOTA		IO82PT	0	0	1		223
R	WWBOTA	B/G-1322		2024-10-01		Airfield Battle HQ - Shellingford	UKBOTA		IO91FP	0	0	1		223
R	WWBOTA	B/G-1323		2024-10-01		Airfield Battle HQ - Shobdon	UKBOTA		IO82NF	0	0	1		223
R	WWBOTA	B/G-1324		2024-10-01		Airfield Battle HQ - Shoreham	UKBOTA		IO90UU	0	0	1		223
R	WWBOTA	B/G-1325		2024-10-01		Airfield Battle HQ - Silloth	UKBOTA		IO84HV	0	0	1		223
R	WWBOTA	B/G-1326		2024-10-01		Airfield Battle HQ - Spittlegate	UKBOTA		IO92QV	0	0	1		223
R	WWBOTA	B/G-1327		2024-10-01		Airfield Battle HQ - Stapleford Tawney	UKBOTA		JO01BP	0	0	1		223
R	WWBOTA	B/G-1328		2024-10-01		Airfield Battle HQ - Stoke Orchard	UKBOTA		IO81WW	0	0	1		223
R	WWBOTA	B/G-1329		2024-10-01		Airfield Battle HQ - Stratford	UKBOTA		IO92DD	0	0	1		223
R	WWBOTA	B/G-1330		2024-10-01		Airfield Battle HQ - Stretton (HMS Blackcap)	UKBOTA		IO83RI	0	0	1		223
R	WWBOTA	B/G-1331		2024-10-01		Airfield Battle HQ - Swinderby	UKBOTA		IO93PD	0	0	1		223
R	WWBOTA	B/G-1332		2024-10-01		Airfield Battle HQ - Sywell	UKBOTA		IO92OH	0	0	1		223
R	WWBOTA	B/G-1333		2024-10-01		Airfield Battle HQ - Tatenhill	UKBOTA		IO92CT	0	0	1		223
R	WWBOTA	B/G-1334		2024-10-01		Airfield Battle HQ - Ternhill	UKBOTA		IO82QW	0	0	1		223
R	WWBOTA	B/G-1335		2024-10-01		Airfield Battle HQ - Thorpe Abbots	UKBOTA		JO02OJ	0	0	1		223
R	WWBOTA	B/G-1336		2024-10-01		Airfield Battle HQ - Tibenham	UKBOTA		JO02NK	0	0	1		223
R	WWBOTA	B/G-1337		2024-10-01		Airfield Battle HQ - Twinwood farm	UKBOTA		IO92SE	0	0	1		223
R	WWBOTA	B/G-1338		2024-10-01		Airfield Battle HQ - Warboys	UKBOTA		IO92WJ	0	0	1		223
R	WWBOTA	B/G-1339		2024-10-01		Airfield Battle HQ - Warton	UKBOTA		IO83NR	0	0	1		223
R	WWBOTA	B/G-1340		2024-10-01		Airfield Battle HQ - Waterbeach	UKBOTA		JO02CG	0	0	1		223
R	WWBOTA	B/G-1341		2024-10-01		Airfield Battle HQ - Wellesbourne Mountford	UKBOTA		IO92EE	0	0	1		223
R	WWBOTA	B/G-1342		2024-10-01		Airfield Battle HQ - Wellingore	UKBOTA		IO93RB	0	0	1		223
R	WWBOTA	B/G-1343		2024-10-01		Airfield Battle HQ - Wendling	UKBOTA		JO02KQ	0	0	1		223
R	WWBOTA	B/G-1344		2024-10-01		Airfield Battle HQ - West Malling	UKBOTA		JO01EG	0	0	1		223
R	WWBOTA	B/G-1345		2024-10-01		Airfield Battle HQ - West Raynham	UKBOTA		JO02JS	0	0	1		223
R	WWBOTA	B/G-1346		2024-10-01		Airfield Battle HQ - Wickenby	UKBOTA		IO93TH	0	0	1		223
R	WWBOTA	B/G-1347		2024-10-01		Airfield Battle HQ - Windrush	UKBOTA		IO91DT	0	0	1		223
R	WWBOTA	B/G-1348		2024-10-01		Airfield Battle HQ - Woodford(1)	UKBOTA		IO83WI	0	0	1		223
R	WWBOTA	B/G-1349		2024-10-01		Airfield Battle HQ - Woodford(2)	UKBOTA		IO83WH	0	0	1		223
R	WWBOTA	B/G-1350		2024-10-01		Airfield Battle HQ - Woodley	UKBOTA		IO91NK	0	0	1		223
R	WWBOTA	B/G-1351		2024-10-01		Airfield Battle HQ - Worthy Down	UKBOTA		IO91IC	0	0	1		223
R	WWBOTA	B/G-1352		2024-10-01		Airfield Battle HQ - Wymeswold	UKBOTA		IO92KT	0	0	1		223
R	WWBOTA	B/G-1353		2024-10-01		DELETED, incorrect coords for ABHQ	UKBOTA		IO92FG	0	0	1		223
R	WWBOTA	B/G-1354		2024-10-01		Fort Widley Civil Defence Bunker	UKBOTA		IO90LU	0	0	1		223
R	WWBOTA	B/G-1355		2024-10-01		BBC Bunker - Droitwich	UKBOTA		IO82WH	0	0	1		223
R	WWBOTA	B/G-1356		2024-10-01		BBC Bunker - Wooferton	UKBOTA		IO82PH	0	0	1		223
R	WWBOTA	B/G-1357		2024-10-01		Brede Southern Water Bunker	UKBOTA		JO00GW	0	0	1		223
R	WWBOTA	B/G-1358		2024-10-01		Paddock Standby Cabinet War Room	UKBOTA		IO91VN	0	0	1		223
R	WWBOTA	B/G-1362		2024-10-01		ROC Post Berwick-upon-Tweed	UKBOTA		IO85XS	0	0	1		223
R	WWBOTA	B/G-1363		2024-10-01		RAF Blakelaw 13 Group Filter Room	UKBOTA		IO94DX	0	0	1		223
R	WWBOTA	B/G-1364		2024-10-01		BT Repeater Station Winterton-on-sea	UKBOTA		JO02UR	0	0	1		223
R	WWBOTA	B/G-1365		2024-10-01		RRH Neatishead Transmission site	UKBOTA		JO02RR	0	0	1		223
R	WWBOTA	B/G-1366		2024-10-01		Blunsdon Thames Water Bunker	UKBOTA		IO91CO	0	0	1		223
R	WWBOTA	B/G-1367		2024-10-01		Hillingdon Borough Control	UKBOTA		IO91SN	0	0	1		223
R	WWBOTA	B/G-1368		2024-10-01		Middlesex County Control - Hatch End	UKBOTA		IO91TO	0	0	1		223
R	WWBOTA	B/G-1369		2024-10-01		Middlesex County Control - Wembley	UKBOTA		IO91UN	0	0	1		223
R	WWBOTA	B/G-1370		2024-10-01		Southend Borough Control	UKBOTA		JO01IN	0	0	1		223
R	WWBOTA	B/G-1371		2024-10-01		Donnington Thames Water Control Centre	UKBOTA		IO91DW	0	0	1		223
R	WWBOTA	B/G-1372		2024-10-01		Norwich County Emergency Headquarters	UKBOTA		JO02PP	0	0	1		223
R	WWBOTA	B/G-1373		2024-10-01		Burlington Emergency Government Bunker, Corsham	UKBOTA		IO81VK	0	0	1		223
R	WWBOTA	B/G-1374		2024-10-01		Aylesbury Buckinghamshire County Emergency Centre	UKBOTA		IO91OT	0	0	1		223
R	WWBOTA	B/G-1375		2024-10-01		Cherwell District Council Emergency Centre, Banbury	UKBOTA		IO92HB	0	0	1		223
R	WWBOTA	B/G-1376		2024-10-01		Exeter Borough Control	UKBOTA		IO80FR	0	0	1		223
R	WWBOTA	B/G-1377		2024-10-01		Great Yarmouth Telephone Exchange Bunker	UKBOTA		JO02UO	0	0	1		223
R	WWBOTA	B/G-1378		2024-10-01		Berkshire County Council Emergency Control Bunker	UKBOTA		IO91MJ	0	0	1		223
R	WWBOTA	B/G-1379		2024-10-01		Admiralty Citadel	UKBOTA		IO91WM	0	0	1		223
R	WWBOTA	B/G-1380		2024-10-01		Beaconsfield County Standby Emergency Centre	UKBOTA		IO91QO	0	0	1		223
R	WWBOTA	B/G-1381		2024-10-01		Bedminster Sub Control	UKBOTA		IO81QK	0	0	1		223
R	WWBOTA	B/G-1382		2024-10-01		Berkshire County Council Standby Control Bunker	UKBOTA		IO91IJ	0	0	1		223
R	WWBOTA	B/G-1383		2024-10-01		Bexley Emergency Centre	UKBOTA		JO01BK	0	0	1		223
R	WWBOTA	B/G-1384		2024-10-01		Birkenhead Wirral Metropolitan Borough Emergency Centre	UKBOTA		IO83LJ	0	0	1		223
R	WWBOTA	B/G-1385		2024-10-01		Birmingham Severn Trent Water Emergency Control Centre	UKBOTA		IO92AL	0	0	1		223
R	WWBOTA	B/G-1386		2024-10-01		Blyth Area Control	UKBOTA		IO95FC	0	0	1		223
R	WWBOTA	B/G-1387		2024-10-01		Bodmin District Council Emergency Centre	UKBOTA		IO70PL	0	0	1		223
R	WWBOTA	B/G-1388		2024-10-01		Bootle Merseyside County Main Emergency Centre	UKBOTA		IO83MK	0	0	1		223
R	WWBOTA	B/G-1390		2024-10-01		Brighouse West Yorkshire Sub County Control	UKBOTA		IO93CQ	0	0	1		223
R	WWBOTA	B/G-1391		2024-10-01		Brightlingsea Urban District Council Control	UKBOTA		JO01MT	0	0	1		223
R	WWBOTA	B/G-1392		2024-10-01		Bristol Waterworks Emergency Control Centre	UKBOTA		IO81SF	0	0	1		223
R	WWBOTA	B/G-1393		2024-10-01		South Cambridgeshire District Emergency Centre	UKBOTA		JO02BE	0	0	1		223
R	WWBOTA	B/G-1394		2024-10-01		Camden Borough Control	UKBOTA		IO91WN	0	0	1		223
R	WWBOTA	B/G-1395		2024-10-01		Castlepoint Borough Emergency Centre	UKBOTA		JO01HN	0	0	1		223
R	WWBOTA	B/G-1397		2024-10-01		Chelmsford Essex County Emergency Centre	UKBOTA		JO01FR	0	0	1		223
R	WWBOTA	B/G-1398		2024-10-01		Cheltenham Emergency Centre	UKBOTA		IO81XV	0	0	1		223
R	WWBOTA	B/G-1399		2024-10-01		Chiltern District Council Emergency Centre	UKBOTA		IO91QQ	0	0	1		223
R	WWBOTA	B/G-1400		2024-10-01		RAF Biggin Hill (Former) - Underground Air-Raid Shelter	UKBOTA		JO01AH	0	0	1		223
R	WWBOTA	B/G-1401		2024-10-01		County Borough of Bournemouth Area Control	UKBOTA		IO90CR	0	0	1		223
R	WWBOTA	B/G-1402		2024-10-01		Civil Defence Control Centre Gravesend	UKBOTA		JO01EK	0	0	1		223
R	WWBOTA	B/G-1403		2024-10-01		Coswarth South West Water Emergency Control Centre	UKBOTA		IO70LJ	0	0	1		223
R	WWBOTA	B/G-1404		2024-10-01		Cottingham Yorkshire Water Emergency Control Centre	UKBOTA		IO93TT	0	0	1		223
R	WWBOTA	B/G-1405		2024-10-01		Crawley Borough Emergency Centre	UKBOTA		IO91VC	0	0	1		223
R	WWBOTA	B/G-1406		2024-10-01		Dagenham Borough Control	UKBOTA		JO01BN	0	0	1		223
R	WWBOTA	B/G-1407		2024-10-01		Dagenham WW2 Civil Defence Control Centre	UKBOTA		JO01BN	0	0	1		223
R	WWBOTA	B/G-1408		2024-10-01		Doncaster Borough Control	UKBOTA		IO93KM	0	0	1		223
R	WWBOTA	B/G-1409		2024-10-01		East Dereham Breckland District Emergency Centre	UKBOTA		JO02LQ	0	0	1		223
R	WWBOTA	B/G-1410		2024-10-01		East Ham Borough Control	UKBOTA		JO01AN	0	0	1		223
R	WWBOTA	B/G-1411		2024-10-01		Edmonton Borough Control Site	UKBOTA		IO91XP	0	0	1		223
R	WWBOTA	B/G-1412		2024-10-01		Ellesmere Port Emergency Centre	UKBOTA		IO83NG	0	0	1		223
R	WWBOTA	B/G-1413		2024-10-01		Finsbury Borough Control	UKBOTA		IO91WM	0	0	1		223
R	WWBOTA	B/G-1414		2024-10-01		Gillingham Borough Control	UKBOTA		JO01GJ	0	0	1		223
R	WWBOTA	B/G-1415		2024-10-01		Hackney Borough Control	UKBOTA		IO91XN	0	0	1		223
R	WWBOTA	B/G-1416		2024-10-01		Halifax County Borough Control	UKBOTA		IO93BR	0	0	1		223
R	WWBOTA	B/G-1417		2024-10-01		Harrogate Civil Defence Centre	UKBOTA		IO94FA	0	0	1		223
R	WWBOTA	B/G-1418		2024-10-01		Hastings Borough Council Control	UKBOTA		JO00GV	0	0	1		223
R	WWBOTA	B/G-1419		2024-10-01		Hayes Sub Area Control	UKBOTA		IO91SL	0	0	1		223
R	WWBOTA	B/G-1420		2024-10-01		Huddersfield Civil Defence Control Centre	UKBOTA		IO93CP	0	0	1		223
R	WWBOTA	B/G-1421		2024-10-01		Lambeth Council Emergency Centre	UKBOTA		IO91WL	0	0	1		223
R	WWBOTA	B/G-1422		2024-10-01		Luton County Borough Control	UKBOTA		IO91SV	0	0	1		223
R	WWBOTA	B/G-1423		2024-10-01		Metropolitan Water Board Air Raid Shelter	UKBOTA		IO91WM	0	0	1		223
R	WWBOTA	B/G-1425		2024-10-01		Northolt Sub Control	UKBOTA		IO91TN	0	0	1		223
R	WWBOTA	B/G-1426		2024-10-01		Orpington Southern Railway Control Centre	UKBOTA		JO01BJ	0	0	1		223
R	WWBOTA	B/G-1427		2024-10-01		Portsmouth District Council Emergency Centre	UKBOTA		IO90LU	0	0	1		223
R	WWBOTA	B/G-1428		2024-10-01		Reading Thames Water Bunker	UKBOTA		IO91MK	0	0	1		223
R	WWBOTA	B/G-1429		2024-10-01		Rotherham County Borough Control	UKBOTA		IO93IK	0	0	1		223
R	WWBOTA	B/G-1430		2024-10-01		Rothwell Civil Defence Control	UKBOTA		IO93GR	0	0	1		223
R	WWBOTA	B/G-1431		2024-10-01		Stoke Newington Borough Control	UKBOTA		IO91WN	0	0	1		223
R	WWBOTA	B/G-1432		2024-10-01		Woking Borough Emergency Centre	UKBOTA		IO91RH	0	0	1		223
R	WWBOTA	B/G-1433		2024-10-01		Goodwood Auxiliary Unit Operational Base (OB)	UKBOTA		IO90PU	0	0	1		223
R	WWBOTA	B/G-1434		2024-10-01		Iden Auxiliary Unit Operational Base (OB)	UKBOTA		JO00IX	0	0	1		223
R	WWBOTA	B/G-1435		2024-10-01		Firle Auxiliary Unit Operational Base (OB)	UKBOTA		JO00BU	0	0	1		223
R	WWBOTA	B/G-1436		2024-10-01		Staplefield Auxiliary Unit Operational Base (OB)	UKBOTA		IO90VX	0	0	1		223
R	WWBOTA	B/G-1437		2024-10-01		Hurstpierpoint Auxiliary Unit Operational Base (OB)	UKBOTA		IO90VV	0	0	1		223
R	WWBOTA	B/G-1438		2024-10-01		Bathampton Auxiliary Unit Operational Base (OB)	UKBOTA		IO81UJ	0	0	1		223
R	WWBOTA	B/G-1439		2024-10-01		Stansted Auxiliary Unit Operational Base (OB)	UKBOTA		IO90MV	0	0	1		223
R	WWBOTA	B/G-1440		2024-10-01		Shipley Auxiliary Unit Operational Base (OB)	UKBOTA		IO90TX	0	0	1		223
R	WWBOTA	B/G-1441		2024-10-01		Middleton-on-the-Wolds Auxiliary Unit Operational Base (OB)	UKBOTA		IO93RW	0	0	1		223
R	WWBOTA	B/G-1442		2024-10-01		Alkham Auxiliary Unit Operational Base (OB)	UKBOTA		JO01OD	0	0	1		223
R	WWBOTA	B/G-1443		2024-10-01		Bishop Burton Auxiliary Unit Operational Base (OB)	UKBOTA		IO93RT	0	0	1		223
R	WWBOTA	B/G-1444		2024-10-01		Hornsea Auxiliary Unit Operational Base (OB)	UKBOTA		IO93VV	0	0	1		223
R	WWBOTA	B/G-1445		2024-10-01		Bewholme Auxiliary Unit Operational Base (OB)	UKBOTA		IO93VW	0	0	1		223
R	WWBOTA	B/G-1446		2024-10-01		Wedmore Auxiliary Unit Operational Base (OB)	UKBOTA		IO81OF	0	0	1		223
R	WWBOTA	B/G-1447		2024-10-01		Burrington Auxiliary Unit Operational Base (OB)	UKBOTA		IO81PH	0	0	1		223
R	WWBOTA	B/G-1448		2024-10-01		Wells Auxiliary Unit Operational Base (OB)	UKBOTA		IO81QE	0	0	1		223
R	WWBOTA	B/G-1449		2024-10-01		Compton Bishop Auxiliary Unit Operational Base (OB)	UKBOTA		IO81NG	0	0	1		223
R	WWBOTA	B/G-1450		2024-10-01		Winterborne Came Auxiliary Unit Operational Base (OB)	UKBOTA		IO81OH	0	0	1		223
R	WWBOTA	B/G-1451		2024-10-01		Churchill Auxiliary Unit Operational Base (OB)	UKBOTA		JO02TF	0	0	1		223
R	WWBOTA	B/G-1453		2024-10-01		Stratford St. Andrew Auxiliary Unit Operational Base (OB)	UKBOTA		JO02RE	0	0	1		223
R	WWBOTA	B/G-1454		2024-10-01		Swineshead Auxiliary Unit Operational Base (OB)	UKBOTA		IO92WW	0	0	1		223
R	WWBOTA	B/G-1455		2024-10-01		Holton Auxiliary Unit Operational Base (OB)	UKBOTA		JO02SI	0	0	1		223
R	WWBOTA	B/G-1456		2024-10-01		Upton Pyne Auxiliary Unit Operational Base (OB)	UKBOTA		IO80FS	0	0	1		223
R	WWBOTA	B/G-1457		2024-10-01		Snargate Auxiliary Unit Operational Base (OB)	UKBOTA		JO01JA	0	0	1		223
R	WWBOTA	B/G-1458		2024-10-01		Claverton Auxiliary Unit Operational Base (OB)	UKBOTA		IO81TI	0	0	1		223
R	WWBOTA	B/G-1459		2024-10-01		Ston Easton Auxiliary Unit Operational Base (OB)	UKBOTA		IO81RG	0	0	1		223
R	WWBOTA	B/G-1460		2024-10-01		St. Agnes Auxiliary Unit Operational Base (OB)	UKBOTA		IO70JI	0	0	1		223
R	WWBOTA	B/G-1461		2024-10-01		Bathampton Auxiliary Unit Operational Base (OB)	UKBOTA		IO81UJ	0	0	1		223
R	WWBOTA	B/G-1462		2024-10-01		Church Knowle Auxiliary Unit Operational Base (OB)	UKBOTA		IO80WP	0	0	1		223
R	WWBOTA	B/G-1463		2024-10-01		Abberley Auxiliary Unit Operational Base (OB)	UKBOTA		IO82TH	0	0	1		223
R	WWBOTA	B/G-1464		2024-10-01		Peopleton Auxiliary Unit Operational Base (OB)	UKBOTA		IO82WD	0	0	1		223
R	WWBOTA	B/G-1465		2024-10-01		Warenford Auxiliary Unit Operational Base (OB)	UKBOTA		IO95CN	0	0	1		223
R	WWBOTA	B/G-1466		2024-10-01		Belford Auxiliary Unit Operational Base (OB)	UKBOTA		IO95BO	0	0	1		223
R	WWBOTA	B/G-1467		2024-10-01		Bury Auxiliary Unit Operational Base (OB)	UKBOTA		IO90QV	0	0	1		223
R	WWBOTA	B/G-1468		2024-10-01		Kirkleatham Auxiliary Unit Operational Base (OB)	UKBOTA		IO94LN	0	0	1		223
R	WWBOTA	B/G-1469		2024-10-01		Fowey Auxiliary Unit Operational Base (OB)	UKBOTA		IO70QI	0	0	1		223
R	WWBOTA	B/G-1470		2024-10-01		Constantine Auxiliary Unit Operational Base (OB)	UKBOTA		IO70JD	0	0	1		223
R	WWBOTA	B/G-1471		2024-10-01		Bridgerule Auxiliary Unit Operational Base (OB)	UKBOTA		IO70SS	0	0	1		223
R	WWBOTA	B/G-1472		2024-10-01		Usk Auxiliary Unit Operational Base (OB)	UKBOTA		IO81NR	0	0	1		223
R	WWBOTA	B/G-1473		2024-10-01		Liskeard Auxiliary Unit Operational Base (OB)	UKBOTA		IO70SK	0	0	1		223
R	WWBOTA	B/G-1474		2024-10-01		Alfrick Auxiliary Unit Operational Base (OB)	UKBOTA		IO82TE	0	0	1		223
R	WWBOTA	B/G-1475		2024-10-01		St. Breward Auxiliary Unit Operational Base (OB)	UKBOTA		IO70PO	0	0	1		223
R	WWBOTA	B/G-1476		2024-10-01		St. Issey Auxiliary Unit Operational Base (OB)	UKBOTA		IO70NL	0	0	1		223
R	WWBOTA	B/G-1477		2024-10-01		St. Keyne Auxiliary Unit Operational Base (OB)	UKBOTA		IO70SK	0	0	1		223
R	WWBOTA	B/G-1478		2024-10-01		Kendal Emergency Centre	UKBOTA		IO84PH	0	0	1		223
R	WWBOTA	B/G-1479		2024-10-01		Crowle Auxiliary Unit Operational Base (OB)	UKBOTA		IO82WF	0	0	1		223
R	WWBOTA	B/G-1480		2024-10-01		Hepscott Auxiliary Unit Operational Base (OB)	UKBOTA		IO95ED	0	0	1		223
R	WWBOTA	B/G-1481		2024-10-01		Chelwood Auxiliary Unit Operational Base (OB)	UKBOTA		IO81SI	0	0	1		223
R	WWBOTA	B/G-1482		2024-10-01		Leigh Auxiliary Unit Operational Base (OB)	UKBOTA		JO01CE	0	0	1		223
R	WWBOTA	B/G-1483		2024-10-01		Polebrook Air Raid Shelter	UKBOTA		IO92TL	0	0	1		223
R	WWBOTA	B/G-1484		2024-10-01		Swanley Air Raid Shelter	UKBOTA		JO01CJ	0	0	1		223
R	WWBOTA	B/G-1485		2024-10-01		Southampton Air Raid Shelter	UKBOTA		IO90HV	0	0	1		223
R	WWBOTA	B/G-1486		2024-10-01		Solihull (Coppice Junior School) Air Raid Shelter	UKBOTA		IO92CK	0	0	1		223
R	WWBOTA	B/G-1487		2024-10-01		Sutton-upon-Tern Air Raid Shelter	UKBOTA		IO82RV	0	0	1		223
R	WWBOTA	B/G-1488		2024-10-01		Solihull (Lode Heath School) Air Raid Shelter	UKBOTA		IO92CK	0	0	1		223
R	WWBOTA	B/G-1489		2024-10-01		Chetwynd Rural, RAF Chetwyn Air Raid Shelter	UKBOTA		IO82TT	0	0	1		223
R	WWBOTA	B/G-1490		2024-10-01		Whitehaven Air Raid Shelter 1	UKBOTA		IO84EN	0	0	1		223
R	WWBOTA	B/G-1491		2024-10-01		Whitehaven Air Raid Shelter 2	UKBOTA		IO84EN	0	0	1		223
R	WWBOTA	B/G-1492		2024-10-01		Nursling Air Raid Shelter	UKBOTA		IO90GW	0	0	1		223
R	WWBOTA	B/G-1493		2024-10-01		Sarre Army HQ	UKBOTA		JO01OI	0	0	1		223
R	WWBOTA	B/G-1494		2024-10-01		Sigglesthorne Auxiliary Station	UKBOTA		IO93VV	0	0	1		223
R	WWBOTA	B/G-1495		2024-10-01		Battle Auxiliary Station	UKBOTA		JO00GV	0	0	1		223
R	WWBOTA	B/G-1496		2024-10-01		Ryehill Wood Auxiliary Station	UKBOTA		IO94KN	0	0	1		223
R	WWBOTA	B/G-1497		2024-10-01		Chardstock Auxiliary Station	UKBOTA		IO80LU	0	0	1		223
R	WWBOTA	B/G-1498		2024-10-01		Hamstreet Auxiliary Station	UKBOTA		JO01KB	0	0	1		223
R	WWBOTA	B/G-1499		2024-10-01		Hulleys Farm Auxiliary Station	UKBOTA		IO94SI	0	0	1		223
R	WWBOTA	B/G-1500		2024-10-01		Little Maplestead Auxiliary Station	UKBOTA		JO01HX	0	0	1		223
R	WWBOTA	B/G-1501		2024-10-01		Ardingly Auxiliary Station	UKBOTA		IO91WB	0	0	1		223
R	WWBOTA	B/G-1502		2024-10-01		RAF Ash bunker, Sandwich	UKBOTA		JO01PG	0	0	1		223
R	WWBOTA	B/G-1503		2024-10-01		St. Margarets's at Cliffe Coastal Defence Bunker	UKBOTA		JO01QD	0	0	1		223
R	WWBOTA	B/G-1504		2024-10-01		Atwick WW Command Post	UKBOTA		IO93VW	0	0	1		223
R	WWBOTA	B/G-1505		2024-10-01		Overbury Auxiliary Unit Operational Base (OB)	UKBOTA		IO82XB	0	0	1		223
R	WWBOTA	B/G-1507		2024-10-01		Porthcurno Telegraph Station tunnels	UKBOTA		IO70EB	0	0	1		223
R	WWBOTA	B/G-1508		2024-10-01		Seaford GPO Repeater Station (Chyngton Bunker)	UKBOTA		JO00BS	0	0	1		223
R	WWBOTA	B/G-1509		2024-10-01		Richmond WW2 Air Raid Shelter	UKBOTA		IO91UL	0	0	1		223
R	WWBOTA	B/G-1510		2024-10-01		Guardian Telephone Exchange	UKBOTA		IO83VL	0	0	1		223
R	WWBOTA	B/G-1511		2024-10-01		Warmley BT Repeater Bunker	UKBOTA		IO81SL	0	0	1		223
R	WWBOTA	B/G-1512		2024-10-01		Portsmouth BT Repeater Bunker	UKBOTA		IO90LU	0	0	1		223
R	WWBOTA	B/G-1513		2024-10-01		Stockport BT Repeater Bunker	UKBOTA		IO83WJ	0	0	1		223
R	WWBOTA	B/G-1514		2024-10-01		Lyndon Green BT Repeater Bunker	UKBOTA		IO92CK	0	0	1		223
R	WWBOTA	B/G-1515		2024-10-01		Queslett BT Repeater Bunker	UKBOTA		IO92AN	0	0	1		223
R	WWBOTA	B/G-1516		2024-10-01		RAF Coltishall - WW2 Operations Bunker	UKBOTA		JO02QS	0	0	1		223
R	WWBOTA	B/G-1517		2024-10-01		RAF Greenham Common - WW2/Cold War Bunker	UKBOTA		IO91II	0	0	1		223
R	WWBOTA	B/G-1518		2024-10-01		RAF Watton (Former) - Cold War Communications Bunker	UKBOTA		JO02KN	0	0	1		223
R	WWBOTA	B/G-1519		2024-10-01		RAF Chilmark (Former) - WW2 Ammunition Bunker	UKBOTA		IO81XB	0	0	1		223
R	WWBOTA	B/G-1520		2024-10-01		Paulsgrove Quarry WW2 Radio Station Bunker	UKBOTA		IO90KU	0	0	1		223
R	WWBOTA	B/G-1521		2024-10-01		Portland Underground Hospital (WW2)	UKBOTA		IO80SN	0	0	1		223
R	WWBOTA	B/G-1522		2024-10-01		RAF Bentwaters (Former) - Cold War Bunker	UKBOTA		JO02RD	0	0	1		223
R	WWBOTA	B/G-1523		2024-10-01		Chain Home - RAF Bawdsey (transmitter block)	UKBOTA		JO01QX	0	0	1		223
R	WWBOTA	B/G-1524		2024-10-01		RAF Eastbury Park WW2 HQ Coastal Command Bunker	UKBOTA		IO91TO	0	0	1		223
R	WWBOTA	B/G-1525		2024-10-01		RAF (USAF) Burtonwood (former) storage bunkers	UKBOTA		IO83QJ	0	0	1		223
R	WWBOTA	B/G-1526		2024-10-01		Brompton WW2 Underground Air-Raid Shelter	UKBOTA		JO01GJ	0	0	1		223
R	WWBOTA	B/G-1527		2024-10-01		Pollington WW2 Underground Air-Raid Shelter	UKBOTA		IO93LQ	0	0	1		223
R	WWBOTA	B/G-1528		2024-10-01		Middlewood WW2 Underground Air-Raid Shelter	UKBOTA		IO93FK	0	0	1		223
R	WWBOTA	B/G-1529		2024-10-01		Cambridge WW2 Underground Air-Raid Shelter (Coleridge Road)	UKBOTA		JO02BE	0	0	1		223
R	WWBOTA	B/G-1530		2024-10-01		Withington WW2 Underground Air-Raid Shelter	UKBOTA		IO91AT	0	0	1		223
R	WWBOTA	B/G-1531		2024-10-01		Birkenshaw WW2 Underground Air-Raid Shelter	UKBOTA		IO93DR	0	0	1		223
R	WWBOTA	B/G-1532		2024-10-01		Kenilworth WW2 Underground Air-Raid Shelter (Rosemary Hill)	UKBOTA		IO92FI	0	0	1		223
R	WWBOTA	B/G-1533		2024-10-01		East Mersea WW2 Auxiliary Command Bunker	UKBOTA		JO01LT	0	0	1		223
R	WWBOTA	B/G-1534		2024-10-01		Barrow-in-Furness WW2 Underground Air-Raid Shelter	UKBOTA		IO84JC	0	0	1		223
R	WWBOTA	B/G-1535		2024-10-01		Wrythe WW2 Underground Air-Raid Shelter	UKBOTA		IO91VI	0	0	1		223
R	WWBOTA	B/G-1536		2024-10-01		Brinksway WW2 Deep Level Air-Raid  Shelter	UKBOTA		IO83NJ	0	0	1		223
R	WWBOTA	B/G-1537		2024-10-01		Alfold WW2 Underground Air-Raid Shelter	UKBOTA		IO91RC	0	0	1		223
R	WWBOTA	B/G-1538		2024-10-01		Beeston WW2 Underground Air-Raid Shelter	UKBOTA		IO92JW	0	0	1		223
R	WWBOTA	B/G-1539		2024-10-01		Dover WW2 Underground Air-Raid Shelter	UKBOTA		JO01PC	0	0	1		223
R	WWBOTA	B/G-1540		2024-10-01		Grenoside WW2 Underground Air-Raid Shelter	UKBOTA		IO93FK	0	0	1		223
R	WWBOTA	B/G-1541		2024-10-01		Hamsptead Norreys WW2 Underground Air-Raid Shelter	UKBOTA		IO91JL	0	0	1		223
R	WWBOTA	B/G-1542		2024-10-01		RAF Kenley (Former) - WW2 Ammunition Bunker	UKBOTA		IO91WH	0	0	1		223
R	WWBOTA	B/G-1543		2024-10-01		RAF Biggin Hill (Former) - Operations Bunker	UKBOTA		JO01AH	0	0	1		223
R	WWBOTA	B/G-1544		2024-10-01		Swanley WW2 Air Raid Shelter	UKBOTA		JO01CJ	0	0	1		223
R	WWBOTA	B/G-1545		2024-10-01		Coulsdon WW2 Air Raid Shelter	UKBOTA		IO91VG	0	0	1		223
R	WWBOTA	B/G-1546		2024-10-01		Southampton WW2 Air Raid Shelter	UKBOTA		IO90HV	0	0	1		223
R	WWBOTA	B/G-1547		2024-10-01		St Helens (IOW), WW2 Air Raid Shelter	UKBOTA		IO90KQ	0	0	1		223
R	WWBOTA	B/G-1548		2024-10-01		WW2 Coastal Observation Bunker, Newhaven	UKBOTA		JO00AS	0	0	1		223
R	WWBOTA	B/G-1549		2024-10-01		WW2 Coastal Observation Bunker, Walney	UKBOTA		IO84IC	0	0	1		223
R	WWBOTA	B/G-1550		2024-10-01		WW2 Coastal Observation Post, Portland (1)	UKBOTA		IO80SN	0	0	1		223
R	WWBOTA	B/G-1551		2024-10-01		WW2 Coastal Observation Post, Portland (2)	UKBOTA		IO80SO	0	0	1		223
R	WWBOTA	B/G-1552		2024-10-01		WW2 Command Bunker (Starfish Decoy), Great Gidding	UKBOTA		IO92TK	0	0	1		223
R	WWBOTA	B/G-1553		2024-10-01		WW2 Command Bunker (Starfish Decoy), Hutton Moor	UKBOTA		IO94LM	0	0	1		223
R	WWBOTA	B/G-1554		2024-10-01		WW2 Command Bunker (Starfish Decoy), Osmotherley	UKBOTA		IO94II	0	0	1		223
R	WWBOTA	B/G-1555		2024-10-01		WW2 Command Bunker (Starfish Decoy), Wormegay	UKBOTA		JO02FQ	0	0	1		223
R	WWBOTA	B/G-1556		2024-10-01		WW2 Command Bunker, Wanstone	UKBOTA		JO01QD	0	0	1		223
R	WWBOTA	B/G-1557		2024-10-01		WW2 Command Post Bunker, Farthingloe	UKBOTA		JO01PC	0	0	1		223
R	WWBOTA	B/G-1560		2024-10-01		WW2 Command Post, Fairlight	UKBOTA		JO00IV	0	0	1		223
R	WWBOTA	B/G-1561		2024-10-01		WW2 Command Post, Falmouth	UKBOTA		IO70LD	0	0	1		223
R	WWBOTA	B/G-1562		2024-10-01		WW2 Command Post, Portland	UKBOTA		IO80SO	0	0	1		223
R	WWBOTA	B/G-1563		2024-10-01		WW2 Command Post, The Needles (IOW)	UKBOTA		IO90FP	0	0	1		223
R	WWBOTA	B/G-1564		2024-10-01		WW2 Observation Post	UKBOTA		JO02RA	0	0	1		223
R	WWBOTA	B/G-1565		2024-10-01		WW2 Observation Post Bunker, Audenshaw Reservoir	UKBOTA		IO83WL	0	0	1		223
R	WWBOTA	B/G-1566		2024-10-01		WW2 Observation Post Bunker, Farthingloe (1)	UKBOTA		JO01PC	0	0	1		223
R	WWBOTA	B/G-1567		2024-10-01		WW2 Observation Post Bunker, Farthingloe (2)	UKBOTA		JO01PC	0	0	1		223
R	WWBOTA	B/G-1568		2024-10-01		WW2 Observation Post Bunker, Hill Head (1)	UKBOTA		IO90IT	0	0	1		223
R	WWBOTA	B/G-1569		2024-10-01		WW2 Observation Post Bunker, Hill Head (2)	UKBOTA		IO90IT	0	0	1		223
R	WWBOTA	B/G-1571		2024-10-01		WW2 Observation Post Bunker, West Lulworth	UKBOTA		IO80VO	0	0	1		223
R	WWBOTA	B/G-1572		2024-10-01		RAF Cardington, WW2 defence bunker cluster	UKBOTA		IO92SC	0	0	1		223
R	WWBOTA	B/G-1573		2024-10-01		RAF Cranfield, WW2 ground defence bunker cluster	UKBOTA		IO92QB	0	0	1		223
R	WWBOTA	B/G-1574		2024-10-01		RAF Harwell, WW2 ground defence bunker cluster	UKBOTA		IO91IN	0	0	1		223
R	WWBOTA	B/G-1575		2024-10-01		RAF Membury, WW2 ground defence bunker cluster	UKBOTA		IO91FL	0	0	1		223
R	WWBOTA	B/G-1576		2024-10-01		RAF Finmere, WW2 bomb store bunker	UKBOTA		IO91LX	0	0	1		223
R	WWBOTA	B/G-1577		2024-10-01		RAF Turweston, WW2 bomb store bunker	UKBOTA		IO92KA	0	0	1		223
R	WWBOTA	B/G-1578		2024-10-01		RAF Turweston, WW2 ground defence bunker cluster	UKBOTA		IO92KA	0	0	1		223
R	WWBOTA	B/G-1579		2024-10-01		RAF Bassingbourn, WW2 ground defence bunker cluster	UKBOTA		IO92XC	0	0	1		223
R	WWBOTA	B/G-1580		2024-10-01		RAF Castle Camps, WW2 ground defence bunker cluster	UKBOTA		JO02EB	0	0	1		223
R	WWBOTA	B/G-1581		2024-10-01		RAF Duxford, WW2 air raid shelter	UKBOTA		JO02BC	0	0	1		223
R	WWBOTA	B/G-1582		2024-10-01		RAF Mepal, WW2 air raid shelter	UKBOTA		JO02BJ	0	0	1		223
R	WWBOTA	B/G-1583		2024-10-01		RAF Oakington, WW2 ground defence bunker cluster	UKBOTA		JO02AG	0	0	1		223
R	WWBOTA	B/G-1584		2024-10-01		RAF Snailwell, WW2 ground defence bunker cluster	UKBOTA		JO02FG	0	0	1		223
R	WWBOTA	B/G-1585		2024-10-01		RAF Wyton, WW2 ground defence bunker cluster	UKBOTA		IO92WI	0	0	1		223
R	WWBOTA	B/G-1586		2024-10-01		RAF Cranage, WW2 ground defence bunker cluster	UKBOTA		IO83TF	0	0	1		223
R	WWBOTA	B/G-1587		2024-10-01		Tranmere WW2 Deep Shelter / Tunnels	UKBOTA		IO83LJ	0	0	1		223
R	WWBOTA	B/G-1588		2024-10-01		Wallasey Town Hall Civil Defence bunker	UKBOTA		IO83LJ	0	0	1		223
R	WWBOTA	B/G-1589		2024-10-01		Portreath, Remote Radar Head, WW2 air raid shelter cluster	UKBOTA		IO70IG	0	0	1		223
R	WWBOTA	B/G-1590		2024-10-01		RAF Cleave, WW2 ground defence bunker cluster	UKBOTA		IO70RV	0	0	1		223
R	WWBOTA	B/G-1591		2024-10-01		RAF Perranpoth, WW2 air raid shelter	UKBOTA		IO70JH	0	0	1		223
R	WWBOTA	B/G-1592		2024-10-01		RAF St Mawgan (Trebelzue), WW2 bomb store bunker	UKBOTA		IO70LK	0	0	1		223
R	WWBOTA	B/G-1593		2024-10-01		RAF Brayton, WW2 ground defence bunker	UKBOTA		IO84IS	0	0	1		223
R	WWBOTA	B/G-1594		2024-10-01		RAF Great Orton, WW2 ground defences bunker cluster	UKBOTA		IO84LU	0	0	1		223
R	WWBOTA	B/G-1595		2024-10-01		RAF Kirkbride, WW2 air raid shelter	UKBOTA		IO84JV	0	0	1		223
R	WWBOTA	B/G-1596		2024-10-01		RAF Kirkbride, WW2 ground defence bunker cluster	UKBOTA		IO84JV	0	0	1		223
R	WWBOTA	B/G-1597		2024-10-01		RAF Silloth, WW2 ground defence bunker cluster	UKBOTA		IO84HV	0	0	1		223
R	WWBOTA	B/G-1598		2024-10-01		Siloth, Cumbria Coastal Defences	UKBOTA		IO84HV	0	0	1		223
R	WWBOTA	B/G-1599		2024-10-01		Stanwix, Carlisle WW2 Defences	UKBOTA		IO84MV	0	0	1		223
R	WWBOTA	B/G-1600		2024-10-01		RAF Ashbourne, WW2 blast shelter	UKBOTA		IO93DA	0	0	1		223
R	WWBOTA	B/G-1601		2024-10-01		ROC Chinley Post	UKBOTA		IO93AH	0	0	1		223
R	WWBOTA	B/G-1602		2024-10-01		RAF Culmhead, WW2 ground defence bunker cluster	UKBOTA		IO80KW	0	0	1		223
R	WWBOTA	B/G-1603		2024-10-01		RAF Driffield, WW2 ground defence bunker cluster	UKBOTA		IO93SX	0	0	1		223
R	WWBOTA	B/G-1604		2024-10-01		RAF Melbourne, WW2 ground defence bunker cluster	UKBOTA		IO93NU	0	0	1		223
R	WWBOTA	B/G-1605		2024-10-01		Spurn Head, Coastal Defence, Battery HQ Command Bunker	UKBOTA		JO03BN	0	0	1		223
R	WWBOTA	B/G-1606		2024-10-01		RAF Earls Cole, WW2 blast shelter	UKBOTA		JO01IV	0	0	1		223
R	WWBOTA	B/G-1607		2024-10-01		RAF Great Sampford, WW2 ground defence bunker cluster	UKBOTA		JO01EX	0	0	1		223
R	WWBOTA	B/G-1608		2024-10-01		RAF Hornchurch, WW2 ground defence bunker cluster	UKBOTA		JO01CN	0	0	1		223
R	WWBOTA	B/G-1609		2024-10-01		RAF North Weald (1), WW2 ground defence bunker cluster	UKBOTA		JO01BR	0	0	1		223
R	WWBOTA	B/G-1610		2024-10-01		RAF North Weald (2), WW2 ground defence bunker cluster	UKBOTA		JO01BR	0	0	1		223
R	WWBOTA	B/G-1611		2024-10-01		RAF North Weald Airfield, WW2 ground defence bunker cluster	UKBOTA		JO01BR	0	0	1		223
R	WWBOTA	B/G-1612		2024-10-01		RAF Rivenhall, WW2 blast shelter	UKBOTA		JO01HT	0	0	1		223
R	WWBOTA	B/G-1613		2024-10-01		RAF Rochford, WW2 ground defence bunker cluster	UKBOTA		JO01IN	0	0	1		223
R	WWBOTA	B/G-1614		2024-10-01		RAF Stapleford Tawney, WW2 ground defence bunker cluster	UKBOTA		JO01BP	0	0	1		223
R	WWBOTA	B/G-1615		2024-10-01		RAF Sealand (East Camp), WW2 blast shelter	UKBOTA		IO83MF	0	0	1		223
R	WWBOTA	B/G-1616		2024-10-01		RAF Kemble, WW2 ground defence bunker cluster	UKBOTA		IO81XP	0	0	1		223
R	WWBOTA	B/G-1617		2024-10-01		RAF Southrop, WW2 air raid shelter	UKBOTA		IO91DR	0	0	1		223
R	WWBOTA	B/G-1618		2024-10-01		RAF Staverton, WW2 ground defence bunker cluster	UKBOTA		IO81VV	0	0	1		223
R	WWBOTA	B/G-1619		2024-10-01		RAF Windrush, WW2 blast shelter	UKBOTA		IO91DT	0	0	1		223
R	WWBOTA	B/G-1620		2024-10-01		Marble Hill WW2 Air Raid Shelter	UKBOTA		IO91UK	0	0	1		223
R	WWBOTA	B/G-1621		2024-10-01		RAF Woodford (1), WW2 ground Defence bunker cluster	UKBOTA		IO83WH	0	0	1		223
R	WWBOTA	B/G-1622		2024-10-01		RAF Woodford (1), WW2 ground Defence bunker cluster	UKBOTA		IO83WI	0	0	1		223
R	WWBOTA	B/G-1623		2024-10-01		London Road (Cliddfale) Air Raid Shelter	UKBOTA		IO90LU	0	0	1		223
R	WWBOTA	B/G-1624		2024-10-01		Portsdown Hill Fuel Bunker	UKBOTA		IO90KU	0	0	1		223
R	WWBOTA	B/G-1625		2024-10-01		RAF Chilbolton, WW2 air raid shelter	UKBOTA		IO91GD	0	0	1		223
R	WWBOTA	B/G-1626		2024-10-01		RAF Middle Wallop, WW2 ground defence bunker cluster	UKBOTA		IO91FD	0	0	1		223
R	WWBOTA	B/G-1627		2024-10-01		RAF Stoney Cross, WW2 ground defence bunker cluster	UKBOTA		IO90EV	0	0	1		223
R	WWBOTA	B/G-1628		2024-10-01		Wymering Air Raid Shelter	UKBOTA		IO90LU	0	0	1		223
R	WWBOTA	B/G-1629		2024-10-01		RAF Bushey Hall, WW2 air raid shelter and HQ bunker	UKBOTA		IO91TP	0	0	1		223
R	WWBOTA	B/G-1630		2024-10-01		RAF Cheddington, WW2 air raid shelter	UKBOTA		IO91PT	0	0	1		223
R	WWBOTA	B/G-1631		2024-10-01		RAF Eastburch (1), WW2 air raid shelter (x2)	UKBOTA		JO01KJ	0	0	1		223
R	WWBOTA	B/G-1632		2024-10-01		RAF Lympne, WW2 air raid shelter	UKBOTA		JO01MB	0	0	1		223
R	WWBOTA	B/G-1633		2024-10-01		RAF Maston (1), WW2 ground defence bunker cluster	UKBOTA		JO01QI	0	0	1		223
R	WWBOTA	B/G-1634		2024-10-01		RAF Maston (2), WW2 ground defence bunker cluster	UKBOTA		JO01QI	0	0	1		223
R	WWBOTA	B/G-1635		2024-10-01		Ramsgate Tunnels (Entrance)	UKBOTA		JO01RI	0	0	1		223
R	WWBOTA	B/G-1636		2024-10-01		Barrow Docks Defences (3) Cluster	UKBOTA		IO84JC	0	0	1		223
R	WWBOTA	B/G-1637		2024-10-01		Barrow Docks Defences (1) Cluster	UKBOTA		IO84JC	0	0	1		223
R	WWBOTA	B/G-1638		2024-10-01		Barrow Docks Defences, (2) Cluster	UKBOTA		IO84JC	0	0	1		223
R	WWBOTA	B/G-1639		2024-10-01		Barrow Docks Defences,(4) Cluster	UKBOTA		IO84JC	0	0	1		223
R	WWBOTA	B/G-1640		2024-10-01		RAF Barrow (Walney Island), WW2 ground defence bunker	UKBOTA		IO84IC	0	0	1		223
R	WWBOTA	B/G-1641		2024-10-01		RAF Cark (1), WW2 ground defence bunker cluster	UKBOTA		IO84MD	0	0	1		223
R	WWBOTA	B/G-1642		2024-10-01		RAF Cark (2), WW2 ground defence bunker cluster	UKBOTA		IO84MD	0	0	1		223
R	WWBOTA	B/G-1643		2024-10-01		RAF Squires Gate (1), WW2 ground defence bunker cluster	UKBOTA		IO83LS	0	0	1		223
R	WWBOTA	B/G-1644		2024-10-01		RAF Squires Gate (2), WW2 ground defence bunker cluster	UKBOTA		IO83LS	0	0	1		223
R	WWBOTA	B/G-1645		2024-10-01		Scarth Bite, Cumbria Coastal Defences	UKBOTA		IO84JD	0	0	1		223
R	WWBOTA	B/G-1646		2024-10-01		RAF Castle Donnington, WW2 ground defence bunker cluster	UKBOTA		IO92HU	0	0	1		223
R	WWBOTA	B/G-1647		2024-10-01		RAF Husbands Bosworth, WW2 ground defences bunker cluster	UKBOTA		IO92LK	0	0	1		223
R	WWBOTA	B/G-1648		2024-10-01		RAF Saltby, WW2 air raid shelter cluster	UKBOTA		IO92PT	0	0	1		223
R	WWBOTA	B/G-1649		2024-10-01		RAF Wymeswold, WW2 blast shelter	UKBOTA		IO92KS	0	0	1		223
R	WWBOTA	B/G-1650		2024-10-01		RAF Barkston Heath, WW2 ground defence bunker cluster	UKBOTA		IO92RX	0	0	1		223
R	WWBOTA	B/G-1651		2024-10-01		RAF Bottesford, WW2 Blast Shelter (x2)	UKBOTA		IO92OX	0	0	1		223
R	WWBOTA	B/G-1652		2024-10-01		RAF Coleby Grange, WW2 ground defence bunker cluster	UKBOTA		IO93SD	0	0	1		223
R	WWBOTA	B/G-1653		2024-10-01		RAF Coninsby, WW2 ground defence bunker cluster	UKBOTA		IO93VC	0	0	1		223
R	WWBOTA	B/G-1654		2024-10-01		RAF Digby, WW2 ground defences bunker cluster	UKBOTA		IO93SC	0	0	1		223
R	WWBOTA	B/G-1655		2024-10-01		RAF Digby, WW2 Lima Sector Ops Room Bunker	UKBOTA		IO93SC	0	0	1		223
R	WWBOTA	B/G-1656		2024-10-01		RAF East Kirkby, WW2 blast shelter	UKBOTA		IO93XD	0	0	1		223
R	WWBOTA	B/G-1657		2024-10-01		RAF East Kirkby, WW2 ground defence bunker cluster	UKBOTA		IO93XD	0	0	1		223
R	WWBOTA	B/G-1658		2024-10-01		RAF Faldingworth, WW2 blast shelter	UKBOTA		IO93SI	0	0	1		223
R	WWBOTA	B/G-1659		2024-10-01		RAF Faldingworth, WW2 ground defence bunker cluster	UKBOTA		IO93SI	0	0	1		223
R	WWBOTA	B/G-1660		2024-10-01		RAF Hibaldstow,WW2 air raid shelter	UKBOTA		IO93RM	0	0	1		223
R	WWBOTA	B/G-1661		2024-10-01		RAF Metheringham, WW2 ground defence bunker cluster	UKBOTA		IO93TD	0	0	1		223
R	WWBOTA	B/G-1662		2024-10-01		RAF Methringham, WW2 blast shelter	UKBOTA		IO93TC	0	0	1		223
R	WWBOTA	B/G-1663		2024-10-01		RAF North Cotes, WW2 ground defence bunker cluster	UKBOTA		JO03AM	0	0	1		223
R	WWBOTA	B/G-1664		2024-10-01		RAF Sandtoft, WW2 blast shelter	UKBOTA		IO93NN	0	0	1		223
R	WWBOTA	B/G-1665		2024-10-01		RAF Sandtoft, WW2 ground defence bunker cluster	UKBOTA		IO93NN	0	0	1		223
R	WWBOTA	B/G-1666		2024-10-01		RAF Scampton, WW2 ground defence bunker cluster	UKBOTA		IO93RH	0	0	1		223
R	WWBOTA	B/G-1667		2024-10-01		RAF Spittlegate, WW2 ground defence bunker cluster	UKBOTA		IO92QV	0	0	1		223
R	WWBOTA	B/G-1668		2024-10-01		RAF Strubby, WW2 air raid shelter	UKBOTA		JO03CH	0	0	1		223
R	WWBOTA	B/G-1669		2024-10-01		RAF Waddington (N), WW2 ground defence bunker cluster	UKBOTA		IO93RE	0	0	1		223
R	WWBOTA	B/G-1670		2024-10-01		RAF Waddington (S), WW2 ground defence bunker cluster	UKBOTA		IO93RD	0	0	1		223
R	WWBOTA	B/G-1671		2024-10-01		RAF Woodall Spa, WW2 blast shelters (x3)	UKBOTA		IO93VC	0	0	1		223
R	WWBOTA	B/G-1672		2024-10-01		RAF Woodall Spa, WW2 ground defences cluster	UKBOTA		IO93VD	0	0	1		223
R	WWBOTA	B/G-1673		2024-10-01		Barton Bendish WW2 Bunker	UKBOTA		JO02GO	0	0	1		223
R	WWBOTA	B/G-1674		2024-10-01		Dereham WW2 Bunker	UKBOTA		JO02LQ	0	0	1		223
R	WWBOTA	B/G-1675		2024-10-01		Ellingham, WW2 Fuel Depot Bunker	UKBOTA		JO02RL	0	0	1		223
R	WWBOTA	B/G-1676		2024-10-01		Great Yarmouth Cold War Bunker	UKBOTA		JO02UO	0	0	1		223
R	WWBOTA	B/G-1677		2024-10-01		North Elmhalm WW2 Bunker	UKBOTA		JO02LR	0	0	1		223
R	WWBOTA	B/G-1678		2024-10-01		Poringland WW2 Bunker	UKBOTA		JO02QN	0	0	1		223
R	WWBOTA	B/G-1679		2024-10-01		RAF Attlebridge, WW2 blast shelter	UKBOTA		JO02NQ	0	0	1		223
R	WWBOTA	B/G-1680		2024-10-01		RAF Barton Bendish, WW2 ground defence bunker cluster	UKBOTA		JO02GO	0	0	1		223
R	WWBOTA	B/G-1681		2024-10-01		RAF Bircham Newton, WW2 ground defence bunker cluster	UKBOTA		JO02HU	0	0	1		223
R	WWBOTA	B/G-1682		2024-10-01		RAF Colishall, WW2 ground defence bunker cluster	UKBOTA		JO02QR	0	0	1		223
R	WWBOTA	B/G-1683		2024-10-01		RAF Coltishall, WW2 ground defence bunker cluster	UKBOTA		JO02QR	0	0	1		223
R	WWBOTA	B/G-1684		2024-10-01		RAF Docking, WW2 ground defence bunker cluster	UKBOTA		JO02HW	0	0	1		223
R	WWBOTA	B/G-1685		2024-10-01		RAF Fersfield, WW2 blast shelter  (x5)	UKBOTA		JO02MJ	0	0	1		223
R	WWBOTA	B/G-1686		2024-10-01		RAF Horsham St Faith, WW2 bomb store bunker	UKBOTA		JO02PQ	0	0	1		223
R	WWBOTA	B/G-1687		2024-10-01		RAF Ludham, WW2 ground defence bunker cluster	UKBOTA		JO02SR	0	0	1		223
R	WWBOTA	B/G-1688		2024-10-01		RAF Marham, WW2 ground defence bunker cluster	UKBOTA		JO02GP	0	0	1		223
R	WWBOTA	B/G-1689		2024-10-01		RAF Methwold, WW2 air raid shelter	UKBOTA		JO02GM	0	0	1		223
R	WWBOTA	B/G-1690		2024-10-01		RAF Oulton, WW2 ground defence bunker cluster	UKBOTA		JO02OT	0	0	1		223
R	WWBOTA	B/G-1691		2024-10-01		RAF Rackheath, WW2 blast shelter (x6)	UKBOTA		JO02QP	0	0	1		223
R	WWBOTA	B/G-1692		2024-10-01		RAF Sculthorpe, WW2 ground defence bunker cluster	UKBOTA		JO02JU	0	0	1		223
R	WWBOTA	B/G-1693		2024-10-01		RAF Snetterton Heath, WW2 air raid shelter	UKBOTA		JO02LL	0	0	1		223
R	WWBOTA	B/G-1694		2024-10-01		RAF Snetterton Heath, WW2 ground defence bunker cluster	UKBOTA		JO02LL	0	0	1		223
R	WWBOTA	B/G-1695		2024-10-01		RAF Swannington, WW2 air raid shelter	UKBOTA		JO02OR	0	0	1		223
R	WWBOTA	B/G-1696		2024-10-01		RAF Swanton Morely, WW2 ground defence bunker cluster	UKBOTA		JO02LR	0	0	1		223
R	WWBOTA	B/G-1697		2024-10-01		RAF Watton, WW2 ground defence bunker cluster	UKBOTA		JO02KN	0	0	1		223
R	WWBOTA	B/G-1698		2024-10-01		ROC Salthouse Post	UKBOTA		JO02MW	0	0	1		223
R	WWBOTA	B/G-1699		2024-10-01		South Wootton Civil Defence Bunker	UKBOTA		JO02FS	0	0	1		223
R	WWBOTA	B/G-1700		2024-10-01		Traverham Cold War Bunker	UKBOTA		JO02OQ	0	0	1		223
R	WWBOTA	B/G-1701		2024-10-01		Warham WW2 Bunker	UKBOTA		JO02KW	0	0	1		223
R	WWBOTA	B/G-1702		2024-10-01		RAF Acaster Malbis, WW2 bomb store bunker	UKBOTA		IO93KV	0	0	1		223
R	WWBOTA	B/G-1703		2024-10-01		RAF Croft, WW2 blast shelter	UKBOTA		IO94FK	0	0	1		223
R	WWBOTA	B/G-1704		2024-10-01		RAF Dalton, WW2 bomb store bunker	UKBOTA		IO94HE	0	0	1		223
R	WWBOTA	B/G-1705		2024-10-01		RAF Dishforth,  WW2 ground defence bunker cluster	UKBOTA		IO94GD	0	0	1		223
R	WWBOTA	B/G-1706		2024-10-01		RAF East Moor, WW2 bomb store bunker	UKBOTA		IO94LB	0	0	1		223
R	WWBOTA	B/G-1707		2024-10-01		RAF Elvington,WW2 ground defence bunker cluster	UKBOTA		IO93MW	0	0	1		223
R	WWBOTA	B/G-1708		2024-10-01		RAF Leeming, WW2 defence bunker cluster	UKBOTA		IO94FH	0	0	1		223
R	WWBOTA	B/G-1709		2024-10-01		RAF Riccall Airfield, WW2 bomb store bunker	UKBOTA		IO93LT	0	0	1		223
R	WWBOTA	B/G-1710		2024-10-01		RAF Rufforth, WW2 ground defence bunker cluster	UKBOTA		IO93JW	0	0	1		223
R	WWBOTA	B/G-1711		2024-10-01		RAF Tholthorpe, WW2 bomb store bunker	UKBOTA		IO94IC	0	0	1		223
R	WWBOTA	B/G-1712		2024-10-01		RAF Topcliffe, WW2 ground defence bunker cluster	UKBOTA		IO94HE	0	0	1		223
R	WWBOTA	B/G-1713		2024-10-01		Airfield Battle HQ, RAF Chipping Warden	UKBOTA		IO92ID	0	0	1		223
R	WWBOTA	B/G-1714		2024-10-01		RAF Croughton, WW2 bomb store bunker	UKBOTA		IO91JX	0	0	1		223
R	WWBOTA	B/G-1715		2024-10-01		RAF Desborough, WW2 air raid shelter	UKBOTA		IO92OL	0	0	1		223
R	WWBOTA	B/G-1716		2024-10-01		RAF Grafton Underwood, WW2 air raid shelter	UKBOTA		IO92QK	0	0	1		223
R	WWBOTA	B/G-1717		2024-10-01		RAF Hinton-in-the-hedges, WW2 air raid shelter	UKBOTA		IO92JA	0	0	1		223
R	WWBOTA	B/G-1718		2024-10-01		RAF Polebrook, WW2 blast shelter	UKBOTA		IO92TL	0	0	1		223
R	WWBOTA	B/G-1719		2024-10-01		RAF Sywell, WW2 blast shelter	UKBOTA		IO92OH	0	0	1		223
R	WWBOTA	B/G-1720		2024-10-01		RAF Wittering, WW2 ground defence bunker cluster	UKBOTA		IO92SO	0	0	1		223
R	WWBOTA	B/G-1721		2024-10-01		RAF Milfield, WW2 ground defence bunker cluster	UKBOTA		IO85WO	0	0	1		223
R	WWBOTA	B/G-1722		2024-10-01		RAF Ouston (1), WW2 Ground Defence bunker cluster	UKBOTA		IO95BA	0	0	1		223
R	WWBOTA	B/G-1723		2024-10-01		RAF Ouston (2), WW2 Ground Defence bunker cluster	UKBOTA		IO95BA	0	0	1		223
R	WWBOTA	B/G-1724		2024-10-01		RAF Finningley, WW2 ground defence bunker cluster	UKBOTA		IO93LL	0	0	1		223
R	WWBOTA	B/G-1725		2024-10-01		RAF Netwon, WW2 air raid shelter (x4)	UKBOTA		IO92MX	0	0	1		223
R	WWBOTA	B/G-1726		2024-10-01		RAF Ossington, WW2 blast shelter	UKBOTA		IO93NE	0	0	1		223
R	WWBOTA	B/G-1727		2024-10-01		RAF Tollerton, WW2 air raid shelter	UKBOTA		IO92LW	0	0	1		223
R	WWBOTA	B/G-1728		2024-10-01		RAF Wigsley, WW2 air raid shelter	UKBOTA		IO93PF	0	0	1		223
R	WWBOTA	B/G-1729		2024-10-01		RAF Croughton, WW2 ground defence bunker cluster	UKBOTA		IO91JX	0	0	1		223
R	WWBOTA	B/G-1730		2024-10-01		RAF Upper Heyford (N), WW2 ground defence bunker cluster	UKBOTA		IO91IW	0	0	1		223
R	WWBOTA	B/G-1731		2024-10-01		RAF Upper Heyford (S), WW2 ground defence bunker cluster	UKBOTA		IO91IW	0	0	1		223
R	WWBOTA	B/G-1732		2024-10-01		RAF North Luffenham, WW2 air raid shelter	UKBOTA		IO92QP	0	0	1		223
R	WWBOTA	B/G-1733		2024-10-01		RAF North Luffenham, WW2 ground defence bunker cluster	UKBOTA		IO92QP	0	0	1		223
R	WWBOTA	B/G-1734		2024-10-01		RAF Atcham, WW2 ground defence bunker cluster	UKBOTA		IO82QQ	0	0	1		223
R	WWBOTA	B/G-1735		2024-10-01		RAF High Ercall, WW2 ground defence bunker cluster	UKBOTA		IO82QS	0	0	1		223
R	WWBOTA	B/G-1736		2024-10-01		RAF Shawbury, WW2 air raid shelter	UKBOTA		IO82QT	0	0	1		223
R	WWBOTA	B/G-1737		2024-10-01		RAF Shawbury, WW2 ground defence bunker cluster	UKBOTA		IO82PT	0	0	1		223
R	WWBOTA	B/G-1738		2024-10-01		RAF Sleap, WW2 blast shelter	UKBOTA		IO82OT	0	0	1		223
R	WWBOTA	B/G-1739		2024-10-01		RAF Tilstock, WW2 blast shelter	UKBOTA		IO82QW	0	0	1		223
R	WWBOTA	B/G-1740		2024-10-01		RAF Pendeford, WW2 ground defence bunker cluster	UKBOTA		IO82UM	0	0	1		223
R	WWBOTA	B/G-1741		2024-10-01		Airfield Battle HQ, RAF Lakenheath	UKBOTA		JO02GJ	0	0	1		223
R	WWBOTA	B/G-1742		2024-10-01		Orford Ness, AWRE Bunker (Lab 1 and 2)	UKBOTA		JO02SB	0	0	1		223
R	WWBOTA	B/G-1743		2024-10-01		Orford Ness, Cobra Mist Command Bunker	UKBOTA		JO02SC	0	0	1		223
R	WWBOTA	B/G-1744		2024-10-01		RAF Barnham, weapons storage bunker	UKBOTA		JO02IJ	0	0	1		223
R	WWBOTA	B/G-1745		2024-10-01		RAF Barnham, WW2 ground defence bunker cluster	UKBOTA		JO02IJ	0	0	1		223
R	WWBOTA	B/G-1746		2024-10-01		RAF Bodney, WW2 ground defence bunker cluster	UKBOTA		JO02IN	0	0	1		223
R	WWBOTA	B/G-1747		2024-10-01		RAF Eye, WW2 blast shelter	UKBOTA		JO02NH	0	0	1		223
R	WWBOTA	B/G-1748		2024-10-01		RAF Honington, WW2 air raid shelter	UKBOTA		JO02JI	0	0	1		223
R	WWBOTA	B/G-1749		2024-10-01		RAF Honington, WW2 ground defence bunker cluster	UKBOTA		JO02JI	0	0	1		223
R	WWBOTA	B/G-1750		2024-10-01		RAF Horham, WW2 air raid shelter	UKBOTA		JO02OH	0	0	1		223
R	WWBOTA	B/G-1751		2024-10-01		RAF Snaith, WW2 air raid shelter	UKBOTA		IO93LQ	0	0	1		223
R	WWBOTA	B/G-1752		2024-10-01		RAF Knettishall, WW2 blast shleter (x5)	UKBOTA		JO02KJ	0	0	1		223
R	WWBOTA	B/G-1753		2024-10-01		RAF Martlesham Heath, WW2 blast shelter	UKBOTA		JO02PB	0	0	1		223
R	WWBOTA	B/G-1754		2024-10-01		RAF Brooklands, WW2 defence bunker cluster	UKBOTA		IO91SI	0	0	1		223
R	WWBOTA	B/G-1755		2024-10-01		RAF Bramcote, WW2 ground defence bunker cluster	UKBOTA		IO92HL	0	0	1		223
R	WWBOTA	B/G-1756		2024-10-01		RAF Long Marston, WW2 ground defence bunker cluster	UKBOTA		IO92DD	0	0	1		223
R	WWBOTA	B/G-1757		2024-10-01		RAF Thorney Island, WW2 ground defence bunker cluster	UKBOTA		IO90NT	0	0	1		223
R	WWBOTA	B/G-1758		2024-10-01		RAF Westhampnett (Goodwood), WW2 ground defence bunker cluster	UKBOTA		IO90OU	0	0	1		223
R	WWBOTA	B/G-1759		2024-10-01		RAF Old Sarum, WW2 ground defence bunker cluster	UKBOTA		IO91CC	0	0	1		223
R	WWBOTA	B/G-1760		2024-10-01		RAF Weston Zoyland, WW2 ground defence bunker cluster	UKBOTA		IO81NC	0	0	1		223
R	WWBOTA	B/G-1761		2024-10-01		Hougham/Lydden Spout Battery (plotting room bunker and deep shelter)	UKBOTA		JO01PC	0	0	1		223
R	WWBOTA	B/G-1762		2024-10-01		Capel Battery (plotting room bunker)	UKBOTA		JO01OC	0	0	1		223
R	WWBOTA	B/G-1763		2024-10-01		South Foreland Battery (deep shelter dug out) (also K147 CH Low)	UKBOTA		JO01QD	0	0	1		223
R	WWBOTA	B/G-1764		2024-10-01		Langdon Battery bunker	UKBOTA		JO01QD	0	0	1		223
R	WWBOTA	B/G-1765		2024-10-01		Chain Home - Bees Head	UKBOTA		IO84EM	0	0	1		223
R	WWBOTA	B/G-1766		2024-10-01		Bransty Cliffs, Coastal Defence Bunker	UKBOTA		IO84EN	0	0	1		223
R	WWBOTA	B/G-1767		2024-10-01		Hope's Nose, Coastal Observation Bunker	UKBOTA		IO80GL	0	0	1		223
R	WWBOTA	B/G-1768		2024-10-01		RAF Shoreham, Airfield Defence Bunker (cluster)	UKBOTA		IO90UU	0	0	1		223
R	WWBOTA	B/G-1769		2024-10-01		RAF/USAAF Harrington Airfield, WW2 Bomb store	UKBOTA		IO92JJ	0	0	1		223
R	WWBOTA	B/G-1770		2024-10-01		RAF/USAAF Harrington Airfield, Cold War Thor Bunker (cluster)	UKBOTA		IO92NJ	0	0	1		223
R	WWBOTA	B/G-1771		2024-10-01		WW2 Air Raid Shelter (cluster), Bradwell	UKBOTA		JO02un	0	0	1		223
R	WWBOTA	B/G-1772		2024-10-01		WW2 Air Raid Shelter (cluster), Great Yarmouth	UKBOTA		JO02uo	0	0	1		223
R	WWBOTA	B/G-1773		2024-10-01		RAF Braunstone, WW2 Blast shelter	UKBOTA		IO92lo	0	0	1		223
R	WWBOTA	B/G-1774		2024-10-01		Airfield Battle HQ - Bruntingthorpe	UKBOTA		IO92KL	0	0	1		223
R	WWBOTA	B/G-1775		2024-10-01		East Mersea, WW2 Decoy Command Bunker	UKBOTA		JO01LT	0	0	1		223
R	WWBOTA	B/G-1776		2024-10-01		RAF Boxted, WW2 Bomb storage Bunker	UKBOTA		JO01LW	0	0	1		223
R	WWBOTA	B/G-1777		2024-10-01		West Mersea, Coastal Observation Bunker	UKBOTA		JO01LS	0	0	1		223
R	WWBOTA	B/G-1778		2024-10-01		RAF Birch, WW2 Blast Shelter and Ground Defence (cluster)	UKBOTA		JO01JU	0	0	1		223
R	WWBOTA	B/G-1779		2024-10-01		RAF Bruntingthorpe, WW2 and cold war Bomb Storage Bunker	UKBOTA		IO92KL	0	0	1		223
R	WWBOTA	B/G-1780		2024-10-01		RAF Patrington, Northern Sector Radar Operations Centre	UKBOTA		IO93XP	0	0	1		223
R	WWBOTA	B/G-1781		2024-10-01		Barton Bridge, River Avon, WW2 defensive bunker cluster	UKBOTA		IO81UI	0	0	1		223
R	WWBOTA	B/G-1782		2024-10-01		Sennen, coastal defence bunkers (cluster)	UKBOTA		IO70DB	0	0	1		223
R	WWBOTA	B/G-1783		2024-10-01		Porthcurno Beach, coastal defence bunkers (cluster)	UKBOTA		IO70EB	0	0	1		223
R	WWBOTA	B/G-1784		2024-10-01		St. Michaels Mount, coastal defence bunkers (cluster)	UKBOTA		IO70GC	0	0	1		223
R	WWBOTA	B/G-1785		2024-10-01		ROC Post Marazion	UKBOTA		IO70GC	0	0	1		223
R	WWBOTA	B/G-1786		2024-10-01		Porth Kidney Sands 1, coastal defence bunkers (cluster)	UKBOTA		IO70GE	0	0	1		223
R	WWBOTA	B/G-1787		2024-10-01		Hayle Estuary, coastal defence bunkers (cluster)	UKBOTA		IO70GE	0	0	1		223
R	WWBOTA	B/G-1788		2024-10-01		Smeaton Pier (St.Ives), coastal defence bunkers (cluster)	UKBOTA		IO70GF	0	0	1		223
R	WWBOTA	B/G-1789		2024-10-01		Gwithian Beach, coastal defence bunker	UKBOTA		IO70HF	0	0	1		223
R	WWBOTA	B/G-1790		2024-10-01		Portleven Harbour, coastal defence bunkers (cluster)	UKBOTA		IO70IB	0	0	1		223
R	WWBOTA	B/G-1791		2024-10-01		Porthleven Sands, coastal defence bunker	UKBOTA		IO70IB	0	0	1		223
R	WWBOTA	B/G-1792		2024-10-01		Gunwalloe, coastal defence bunker	UKBOTA		IO70IB	0	0	1		223
R	WWBOTA	B/G-1793		2024-10-01		Kennack Sands, coastal defence bunker	UKBOTA		IO70KA	0	0	1		223
R	WWBOTA	B/G-1794		2024-10-01		Trebah Beach, coastal defence bunkers (cluster)	UKBOTA		IO70KC	0	0	1		223
R	WWBOTA	B/G-1795		2024-10-01		Porth Saxon Beach, coastal defence bunker	UKBOTA		IO70KC	0	0	1		223
R	WWBOTA	B/G-1796		2024-10-01		Maenporth Beach, coastal defence bunkers (cluster)	UKBOTA		IO70KD	0	0	1		223
R	WWBOTA	B/G-1797		2024-10-01		Perranporth beach, coastal defence bunker	UKBOTA		IO70KI	0	0	1		223
R	WWBOTA	B/G-1798		2024-10-01		Porthoustock Beach (The Lizard), coastal defence bunker	UKBOTA		IO70LB	0	0	1		223
R	WWBOTA	B/G-1799		2024-10-01		Swanpool Beach, coastal defence bunker	UKBOTA		IO70LD	0	0	1		223
R	WWBOTA	B/G-1800		2024-10-01		Mylor Yacht Harbour, coastal defence bunker	UKBOTA		IO70LE	0	0	1		223
R	WWBOTA	B/G-1801		2024-10-01		Pendower Beach, coastal defence bunker	UKBOTA		IO70ME	0	0	1		223
R	WWBOTA	B/G-1802		2024-10-01		Carne Beach, coastal defence bunkers (cluster)	UKBOTA		IO70ME	0	0	1		223
R	WWBOTA	B/G-1803		2024-10-01		Stepper Point (Padstow), coastal defence bunker	UKBOTA		IO70MN	0	0	1		223
R	WWBOTA	B/G-1804		2024-10-01		Padstow Harbour, coastal defence bunker	UKBOTA		IO70MN	0	0	1		223
R	WWBOTA	B/G-1805		2024-10-01		Porthluney Beach, coastal defence bunker	UKBOTA		IO70NF	0	0	1		223
R	WWBOTA	B/G-1806		2024-10-01		Sconhoe beach, coastal defence bunker	UKBOTA		IO70OG	0	0	1		223
R	WWBOTA	B/G-1807		2024-10-01		Polkerris, coastal defence bunker	UKBOTA		IO70PI	0	0	1		223
R	WWBOTA	B/G-1808		2024-10-01		Fowey Harbour #2, coastal defence bunkers (cluster)	UKBOTA		IO70QH	0	0	1		223
R	WWBOTA	B/G-1809		2024-10-01		Fowey Harbour#1, coastal defence bunker	UKBOTA		IO70QI	0	0	1		223
R	WWBOTA	B/G-1810		2024-10-01		Crooklets Beach (Bude), coastal defence bunker	UKBOTA		IO70RU	0	0	1		223
R	WWBOTA	B/G-1811		2024-10-01		Talland Bay beach, coastal defence bunker	UKBOTA		IO70SI	0	0	1		223
R	WWBOTA	B/G-1812		2024-10-01		Seaton beach, coastal defence bunker	UKBOTA		IO70TI	0	0	1		223
R	WWBOTA	B/G-1813		2024-10-01		Finnygook beach, coastal defence bunker	UKBOTA		IO70UI	0	0	1		223
R	WWBOTA	B/G-1814		2024-10-01		Cawsand Harbour, coastal defence bunker	UKBOTA		IO70VH	0	0	1		223
R	WWBOTA	B/G-1815		2024-10-01		Instow, coastal defence bunker	UKBOTA		IO71VB	0	0	1		223
R	WWBOTA	B/G-1816		2024-10-01		Mothercombe, coastal defence bunker	UKBOTA		IO80AH	0	0	1		223
R	WWBOTA	B/G-1817		2024-10-01		Burgh Island, coastal defence bunkers (cluster)	UKBOTA		IO80BG	0	0	1		223
R	WWBOTA	B/G-1818		2024-10-01		South Thurlestone, coastal defence bunker	UKBOTA		IO80BG	0	0	1		223
R	WWBOTA	B/G-1819		2024-10-01		Salcombe Harbour, coastal defence bunker	UKBOTA		IO80CF	0	0	1		223
R	WWBOTA	B/G-1820		2024-10-01		ROC Whitestone	UKBOTA		IO80ER	0	0	1		223
R	WWBOTA	B/G-1821		2024-10-01		Holcombe, coastal defence bunker	UKBOTA		IO80GN	0	0	1		223
R	WWBOTA	B/G-1822		2024-10-01		Dawlish Warren, coastal defence bunkers (cluster)	UKBOTA		IO80GO	0	0	1		223
R	WWBOTA	B/G-1823		2024-10-01		Blueberry Downs, coastal defence bunkers (cluster)	UKBOTA		IO80IP	0	0	1		223
R	WWBOTA	B/G-1824		2024-10-01		ROC Post Sidmouth	UKBOTA		IO80IQ	0	0	1		223
R	WWBOTA	B/G-1825		2024-10-01		Sidmouth, coastal defence bunker	UKBOTA		IO80JQ	0	0	1		223
R	WWBOTA	B/G-1826		2024-10-01		Branscombe Mouth, coastal defence bunker	UKBOTA		IO80KQ	0	0	1		223
R	WWBOTA	B/G-1827		2024-10-01		Beer, coastal defence bunker	UKBOTA		IO80KQ	0	0	1		223
R	WWBOTA	B/G-1828		2024-10-01		Seaton Harbour, coastal defence bunkers (cluster)	UKBOTA		IO80LQ	0	0	1		223
R	WWBOTA	B/G-1829		2024-10-01		Burton Beach, coastal defence bunker	UKBOTA		IO80PQ	0	0	1		223
R	WWBOTA	B/G-1830		2024-10-01		Chesters Hill, coastal defence bunkers (cluster)	UKBOTA		IO80QP	0	0	1		223
R	WWBOTA	B/G-1831		2024-10-01		Chesil Beach, coastal defence bunker	UKBOTA		IO80QQ	0	0	1		223
R	WWBOTA	B/G-1832		2024-10-01		East Fleet #2, coastal defence bunker	UKBOTA		IO80RO	0	0	1		223
R	WWBOTA	B/G-1833		2024-10-01		Chickerell Hive Point, coastal defence bunker	UKBOTA		IO80RO	0	0	1		223
R	WWBOTA	B/G-1834		2024-10-01		Langton Herring, coastal defence bunker	UKBOTA		IO80RP	0	0	1		223
R	WWBOTA	B/G-1835		2024-10-01		East Weare Camp, coastal defence bunkers (cluster)	UKBOTA		IO80SN	0	0	1		223
R	WWBOTA	B/G-1836		2024-10-01		Portland, coastal defence bunkers (cluster)	UKBOTA		IO80SN	0	0	1		223
R	WWBOTA	B/G-1837		2024-10-01		East Fleet #1, coastal defence bunker	UKBOTA		IO80SO	0	0	1		223
R	WWBOTA	B/G-1838		2024-10-01		Wyke Regis, coastal defence bunker	UKBOTA		IO80SO	0	0	1		223
R	WWBOTA	B/G-1839		2024-10-01		Ringstead Bay 2, coastal defence bunkers (cluster)	UKBOTA		IO80TP	0	0	1		223
R	WWBOTA	B/G-1840		2024-10-01		Ringstead Bay 1, coastal defence bunker	UKBOTA		IO80UP	0	0	1		223
R	WWBOTA	B/G-1841		2024-10-01		Seacombe, coastal defence bunker	UKBOTA		IO80XO	0	0	1		223
R	WWBOTA	B/G-1842		2024-10-01		Bossington Beach, coastal defence bunker	UKBOTA		IO81EF	0	0	1		223
R	WWBOTA	B/G-1843		2024-10-01		Minehead 2, coastal defence bunker	UKBOTA		IO81GE	0	0	1		223
R	WWBOTA	B/G-1844		2024-10-01		Dunster Beach, coastal defence bunkers (cluster)	UKBOTA		IO81GE	0	0	1		223
R	WWBOTA	B/G-1845		2024-10-01		Minehead, coastal defence bunker	UKBOTA		IO81GF	0	0	1		223
R	WWBOTA	B/G-1846		2024-10-01		Blue Anchor Beach, coastal defence bunkers (cluster)	UKBOTA		IO81HE	0	0	1		223
R	WWBOTA	B/G-1847		2024-10-01		Berrow Beach, coastal defence bunkers (cluster)	UKBOTA		IO81LG	0	0	1		223
R	WWBOTA	B/G-1848		2024-10-01		Weston-Super-Mare Beach, coastal defence bunkers (cluster)	UKBOTA		IO81MH	0	0	1		223
R	WWBOTA	B/G-1849		2024-10-01		Sand Bay, coastal defence bunkers (cluster)	UKBOTA		IO81MJ	0	0	1		223
R	WWBOTA	B/G-1850		2024-10-01		Wains Hill, coastal defence bunker	UKBOTA		IO81NK	0	0	1		223
R	WWBOTA	B/G-1852		2024-10-01		ROC Clun	UKBOTA		IO82LK	0	0	1		223
R	WWBOTA	B/G-1853		2024-10-01		New Brighton Palace Tunnels	UKBOTA		IO83LK	0	0	1		223
R	WWBOTA	B/G-1854		2024-10-01		Crosby, coastal defence bunkers (cluster)	UKBOTA		IO83LM	0	0	1		223
R	WWBOTA	B/G-1855		2024-10-01		Merseyside County Standby Emergency Centre, Southport	UKBOTA		IO83MP	0	0	1		223
R	WWBOTA	B/G-1856		2024-10-01		Garston Docks, coastal defence bunker	UKBOTA		IO83NI	0	0	1		223
R	WWBOTA	B/G-1857		2024-10-01		Sunderland Point, coastal defence bunkers (cluster)	UKBOTA		IO83NX	0	0	1		223
R	WWBOTA	B/G-1858		2024-10-01		Copperas Hill, coastal defence bunker	UKBOTA		IO84FO	0	0	1		223
R	WWBOTA	B/G-1859		2024-10-01		ROC Windermere	UKBOTA		IO84NJ	0	0	1		223
R	WWBOTA	B/G-1860		2024-10-01		ROC Kirkby Stephen	UKBOTA		IO84TL	0	0	1		223
R	WWBOTA	B/G-1861		2024-10-01		Milford-on-Sea, coastal defence bunker	UKBOTA		IO90ER	0	0	1		223
R	WWBOTA	B/G-1862		2024-10-01		Fawley, coastal defence bunker	UKBOTA		IO90IT	0	0	1		223
R	WWBOTA	B/G-1863		2024-10-01		Hayling Island (west), coastal defence bunkers (cluster)	UKBOTA		IO90LS	0	0	1		223
R	WWBOTA	B/G-1864		2024-10-01		South Hayling, coastal defence bunker	UKBOTA		IO90MS	0	0	1		223
R	WWBOTA	B/G-1865		2024-10-01		Hayling Island, coastal defence bunker	UKBOTA		IO90MT	0	0	1		223
R	WWBOTA	B/G-1866		2024-10-01		RAF Selsey Ground Defence Bunker Cluster	UKBOTA		IO90OS	0	0	1		223
R	WWBOTA	B/G-1867		2024-10-01		South Lancing, coastal defence bunker	UKBOTA		IO90UT	0	0	1		223
R	WWBOTA	B/G-1868		2024-10-01		Shoreham-by-Sea, coastal defence bunkers (cluster)	UKBOTA		IO90UT	0	0	1		223
R	WWBOTA	B/G-1869		2024-10-01		ROC Wootton Hall Park	UKBOTA		IO91NQ	0	0	1		223
R	WWBOTA	B/G-1870		2024-10-01		RAF Halton, WW2 Air raid shelter cluster #1	UKBOTA		IO91PS	0	0	1		223
R	WWBOTA	B/G-1871		2024-10-01		RAF Halton, WW2 Air raid shelter cluster #2	UKBOTA		IO91PS	0	0	1		223
R	WWBOTA	B/G-1872		2024-10-01		Batchworth, Grand Union Canal WW2 pillbox bunker	UKBOTA		IO91SP	0	0	1		223
R	WWBOTA	B/G-1873		2024-10-01		WW2 Grand Union Canal pillbox cluster	UKBOTA		IO91SP	0	0	1		223
R	WWBOTA	B/G-1874		2024-10-01		WW2 Air raid shelter, Rickmansworth	UKBOTA		IO91SP	0	0	1		223
R	WWBOTA	B/G-1875		2024-10-01		Bushey Viaduct, WW2 pillbox/observation bunker	UKBOTA		IO91TP	0	0	1		223
R	WWBOTA	B/G-1876		2024-10-01		Elstree Aerodrome, WW2 airfield defence bunker	UKBOTA		IO91TP	0	0	1		223
R	WWBOTA	B/G-1877		2024-10-01		ROC Eaton Socon	UKBOTA		IO92UF	0	0	1		223
R	WWBOTA	B/G-1878		2024-10-01		ROC Magic Mountain	UKBOTA		IO92VG	0	0	1		223
R	WWBOTA	B/G-1879		2024-10-01		ROC Ripley Site 1	UKBOTA		IO93HB	0	0	1		223
R	WWBOTA	B/G-1880		2024-10-01		RAF Ludford Magna Cold War storage bunker	UKBOTA		IO93VI	0	0	1		223
R	WWBOTA	B/G-1881		2024-10-01		RAF Ludford Magna WW2 bomb storage bunker	UKBOTA		IO93VI	0	0	1		223
R	WWBOTA	B/G-1882		2024-10-01		Hornsea #1, coastal defence bunker (cluster)	UKBOTA		IO93VV	0	0	1		223
R	WWBOTA	B/G-1883		2024-10-01		Atwick #1, coastal defence bunker (cluster)	UKBOTA		IO93VW	0	0	1		223
R	WWBOTA	B/G-1884		2024-10-01		Atwick #2, coastal defence bunker (cluster)	UKBOTA		IO93VW	0	0	1		223
R	WWBOTA	B/G-1885		2024-10-01		Skipsea #1, coastal defence bunker (cluster)	UKBOTA		IO93VX	0	0	1		223
R	WWBOTA	B/G-1886		2024-10-01		Skipsea #2, coastal defence bunker (cluster)	UKBOTA		IO93VX	0	0	1		223
R	WWBOTA	B/G-1887		2024-10-01		Aldbrough #1, coastal defence bunker (cluster)	UKBOTA		IO93WT	0	0	1		223
R	WWBOTA	B/G-1888		2024-10-01		Hornsea #2, coastal defence bunker	UKBOTA		IO93WV	0	0	1		223
R	WWBOTA	B/G-1889		2024-10-01		Mappleton, coastal defence bunker (cluster)	UKBOTA		IO93WV	0	0	1		223
R	WWBOTA	B/G-1890		2024-10-01		Tunstall, coastal defence bunker (cluster)	UKBOTA		IO93XS	0	0	1		223
R	WWBOTA	B/G-1891		2024-10-01		Aldbrough #2, coastal defence bunker (cluster)	UKBOTA		IO93XT	0	0	1		223
R	WWBOTA	B/G-1892		2024-10-01		Aldbrough #3, coastal defence bunker (cluster)	UKBOTA		IO93XT	0	0	1		223
R	WWBOTA	B/G-1893		2024-10-01		ROC Scariston	UKBOTA		IO94EJ	0	0	1		223
R	WWBOTA	B/G-1894		2024-10-01		WW2 Air radid shelter, Hutton Henry	UKBOTA		IO94HR	0	0	1		223
R	WWBOTA	B/G-1895		2024-10-01		ROC Horden	UKBOTA		IO94IR	0	0	1		223
R	WWBOTA	B/G-1896		2024-10-01		WW2 Hawthorn Dene, Coastal Defences	UKBOTA		IO94IT	0	0	1		223
R	WWBOTA	B/G-1897		2024-10-01		WW2 Seaham Harbour, Coastal Defences (x2)	UKBOTA		IO94IU	0	0	1		223
R	WWBOTA	B/G-1898		2024-10-01		WW2 South Gare, Redcar, Coastal Defences	UKBOTA		IO94KP	0	0	1		223
R	WWBOTA	B/G-1899		2024-10-01		Skinningrove Beach, Coastal Defences	UKBOTA		IO94NN	0	0	1		223
R	WWBOTA	B/G-1900		2024-10-01		Cayton Sands, Coastal defence bunker	UKBOTA		IO94TF	0	0	1		223
R	WWBOTA	B/G-1901		2024-10-01		WW2 Air raid shelter, St Thomas's School, Scarborough	UKBOTA		IO94TG	0	0	1		223
R	WWBOTA	B/G-1902		2024-10-01		Hunmanby Sands, coastal defence bunker	UKBOTA		IO94UE	0	0	1		223
R	WWBOTA	B/G-1903		2024-10-01		Reighton Moor, coastal defence bunker	UKBOTA		IO94UE	0	0	1		223
R	WWBOTA	B/G-1904		2024-10-01		Bramston #3, coastal defence bunker (cluster)	UKBOTA		IO94VA	0	0	1		223
R	WWBOTA	B/G-1905		2024-10-01		Bramston #2, coastal defence bunker (cluster)	UKBOTA		IO94VA	0	0	1		223
R	WWBOTA	B/G-1906		2024-10-01		Bramston #4, coastal defence bunker (cluster)	UKBOTA		IO94VA	0	0	1		223
R	WWBOTA	B/G-1907		2024-10-01		Carnaby, coastal defence bunker (cluster)	UKBOTA		IO94VB	0	0	1		223
R	WWBOTA	B/G-1908		2024-10-01		Bramston #1, coastal defence bunker (cluster)	UKBOTA		IO94VB	0	0	1		223
R	WWBOTA	B/G-1909		2024-10-01		Speeton Sands, coastal defence bunker	UKBOTA		IO94VD	0	0	1		223
R	WWBOTA	B/G-1910		2024-10-01		Bempton Grange, coast defence bunker (x2)	UKBOTA		IO94VD	0	0	1		223
R	WWBOTA	B/G-1911		2024-10-01		Flamborough Head #2, coastal defence bunker (x3)	UKBOTA		IO94WC	0	0	1		223
R	WWBOTA	B/G-1912		2024-10-01		Flamborough, coastal defence bunker	UKBOTA		IO94WC	0	0	1		223
R	WWBOTA	B/G-1913		2024-10-01		Flamborough Head #1, coastal defence bunker (x3)	UKBOTA		IO94WC	0	0	1		223
R	WWBOTA	B/G-1914		2024-10-01		Thornwick Bay, coastal defence bunker	UKBOTA		IO94WD	0	0	1		223
R	WWBOTA	B/G-1915		2024-10-01		ROC Rothbury	UKBOTA		IO95BG	0	0	1		223
R	WWBOTA	B/G-1916		2024-10-01		ROC Chatton	UKBOTA		IO95BN	0	0	1		223
R	WWBOTA	B/G-1917		2024-10-01		WW2 Air raid shelter, Hastings	UKBOTA		JO00HU	0	0	1		223
R	WWBOTA	B/G-1918		2024-10-01		RAF Hundson, WW2 base defence bunker cluster	UKBOTA		JO01AT	0	0	1		223
R	WWBOTA	B/G-1919		2024-10-01		ROC Knockholt	UKBOTA		JO01BI	0	0	1		223
R	WWBOTA	B/G-1920		2024-10-01		Erith Hospital Bunkers	UKBOTA		JO01CL	0	0	1		223
R	WWBOTA	B/G-1921		2024-10-01		Isle of Grain, coastal defence bunker	UKBOTA		JO01HL	0	0	1		223
R	WWBOTA	B/G-1922		2024-10-01		Two Tree Island, Leigh-on-Sea, coastal defence bunker	UKBOTA		JO01HM	0	0	1		223
R	WWBOTA	B/G-1923		2024-10-01		The Stone, Ramsey Marsh, coastal defence bunker	UKBOTA		JO01JR	0	0	1		223
R	WWBOTA	B/G-1924		2024-10-01		Bradwell-on-Sea, coastal defence bunker	UKBOTA		JO01KR	0	0	1		223
R	WWBOTA	B/G-1925		2024-10-01		Bradwell Waterside, coastal defence bunker	UKBOTA		JO01KR	0	0	1		223
R	WWBOTA	B/G-1926		2024-10-01		Foulness Island, coastal defence bunker	UKBOTA		JO01LO	0	0	1		223
R	WWBOTA	B/G-1927		2024-10-01		Bradwell-on-Sea., coastal defence bunkers (cluster)	UKBOTA		JO01LR	0	0	1		223
R	WWBOTA	B/G-1928		2024-10-01		Dymchurch, coastal defence bunker	UKBOTA		JO01MB	0	0	1		223
R	WWBOTA	B/G-1929		2024-10-01		Lee-over-Sands, coastal defence bunker	UKBOTA		JO01MS	0	0	1		223
R	WWBOTA	B/G-1930		2024-10-01		St. Osyth, coastal defence bunker	UKBOTA		JO01MS	0	0	1		223
R	WWBOTA	B/G-1931		2024-10-01		Mersea Island, coastal defence bunker	UKBOTA		JO01MT	0	0	1		223
R	WWBOTA	B/G-1932		2024-10-01		Jaywick, coastal defence bunkers (cluster)	UKBOTA		JO01NS	0	0	1		223
R	WWBOTA	B/G-1933		2024-10-01		Holland Haven, coastal defence bunkers (cluster)	UKBOTA		JO01OT	0	0	1		223
R	WWBOTA	B/G-1934		2024-10-01		Walton-on-the-Naze, coastal defence bunkers (cluster)	UKBOTA		JO01PU	0	0	1		223
R	WWBOTA	B/G-1935		2024-10-01		Irlams Beach, coastal defence bunkers (cluster)	UKBOTA		JO01PV	0	0	1		223
R	WWBOTA	B/G-1936		2024-10-01		Trimley St. Mary, coastal defence bunker	UKBOTA		JO01PX	0	0	1		223
R	WWBOTA	B/G-1937		2024-10-01		Cinque Ports, coastal defence bunker	UKBOTA		JO01QF	0	0	1		223
R	WWBOTA	B/G-1938		2024-10-01		Pegwell Bay, coastal defence bunker	UKBOTA		JO01QH	0	0	1		223
R	WWBOTA	B/G-1939		2024-10-01		Holbeach St. Marks, coastal defence bunker	UKBOTA		JO02AV	0	0	1		223
R	WWBOTA	B/G-1940		2024-10-01		The Haven, coastal defence bunkers (cluster)	UKBOTA		JO02AW	0	0	1		223
R	WWBOTA	B/G-1941		2024-10-01		Freiston Shore #3, coastal defence bunkers (cluster)	UKBOTA		JO02AW	0	0	1		223
R	WWBOTA	B/G-1942		2024-10-01		Freiston Shore #2, coastal defence bunker	UKBOTA		JO02AW	0	0	1		223
R	WWBOTA	B/G-1943		2024-10-01		Freiston Shore #1, coastal defence bunker	UKBOTA		JO02AX	0	0	1		223
R	WWBOTA	B/G-1944		2024-10-01		Holbeach St. Matthew, coastal defence bunkers (cluster)	UKBOTA		JO02BV	0	0	1		223
R	WWBOTA	B/G-1945		2024-10-01		Butterwick #3, coastal defence bunkers (cluster)	UKBOTA		JO02BX	0	0	1		223
R	WWBOTA	B/G-1946		2024-10-01		Butterwick #2, coastal defence bunkers (cluster)	UKBOTA		JO02BX	0	0	1		223
R	WWBOTA	B/G-1947		2024-10-01		Butterwick #1, coastal defence bunkers (cluster)	UKBOTA		JO02BX	0	0	1		223
R	WWBOTA	B/G-1948		2024-10-01		Gedney, coastal defence bunker	UKBOTA		JO02CT	0	0	1		223
R	WWBOTA	B/G-1949		2024-10-01		Titchwell Marsh, coastal defence bunkers (cluster)	UKBOTA		JO02HX	0	0	1		223
R	WWBOTA	B/G-1950		2024-10-01		Cley-next-the-Sea, coastal defence bunker	UKBOTA		JO02MW	0	0	1		223
R	WWBOTA	B/G-1951		2024-10-01		Cley Eye, coastal defence bunker	UKBOTA		JO02MX	0	0	1		223
R	WWBOTA	B/G-1952		2024-10-01		Weybourne Hope., coastal defence bunker	UKBOTA		JO02NW	0	0	1		223
R	WWBOTA	B/G-1953		2024-10-01		Weybourne Hope., coastal defence bunkers (cluster)	UKBOTA		JO02NW	0	0	1		223
R	WWBOTA	B/G-1954		2024-10-01		Beeston Regis., coastal defence bunker	UKBOTA		JO02OW	0	0	1		223
R	WWBOTA	B/G-1955		2024-10-01		Runton, coastal defence bunker	UKBOTA		JO02PW	0	0	1		223
R	WWBOTA	B/G-1956		2024-10-01		Bawdsey, coastal defence bunkers (cluster)	UKBOTA		JO02RA	0	0	1		223
R	WWBOTA	B/G-1957		2024-10-01		Alderton, coastal defence bunker	UKBOTA		JO02RA	0	0	1		223
R	WWBOTA	B/G-1958		2024-10-01		Oxley Marshes, coastal defence bunkers (cluster)	UKBOTA		JO02RB	0	0	1		223
R	WWBOTA	B/G-1959		2024-10-01		Barthorp's Creek, coastal defence bunkers (cluster)	UKBOTA		JO02RB	0	0	1		223
R	WWBOTA	B/G-1960		2024-10-01		Colony Marsh, coastal defence bunkers (cluster)	UKBOTA		JO02RB	0	0	1		223
R	WWBOTA	B/G-1961		2024-10-01		Bacton, coastal defence bunker	UKBOTA		JO02RU	0	0	1		223
R	WWBOTA	B/G-1962		2024-10-01		Happisburgh, coastal defence bunkers (cluster)	UKBOTA		JO02ST	0	0	1		223
R	WWBOTA	B/G-1963		2024-10-01		Sizewell, coastal defence bunkers (cluster)	UKBOTA		JO02TE	0	0	1		223
R	WWBOTA	B/G-1964		2024-10-01		Waxham, coastal defence bunkers (cluster)	UKBOTA		JO02TS	0	0	1		223
R	WWBOTA	B/G-1965		2024-10-01		Kessingland #2, coastal defence bunkers (cluster)	UKBOTA		JO02UJ	0	0	1		223
R	WWBOTA	B/G-1966		2024-10-01		Kessingland #1, coastal defence bunkers (cluster)	UKBOTA		JO02UK	0	0	1		223
R	WWBOTA	B/G-1967		2024-10-01		Great Yarmouth, WW2 Command Bunker	UKBOTA		JO02UN	0	0	1		223
R	WWBOTA	B/G-1968		2024-10-01		Mautby, WW2 Command Bunker	UKBOTA		JO02UP	0	0	1		223
R	WWBOTA	B/G-1969		2024-10-01		Gunton Sands, coastal defence bunker	UKBOTA		JO02VL	0	0	1		223
R	WWBOTA	B/G-1970		2024-10-01		Holmpton, coastal defence bunker (cluster)	UKBOTA		JO03AQ	0	0	1		223
R	WWBOTA	B/G-1971		2024-10-01		Waxholme, coastal defence bunker	UKBOTA		JO03AR	0	0	1		223
R	WWBOTA	B/G-1972		2024-10-01		Spurn Point, coastal defence bunker	UKBOTA		JO03BN	0	0	1		223
R	WWBOTA	B/G-1973		2024-10-01		Kilnsea #1, coastal defence bunker	UKBOTA		JO03BO	0	0	1		223
R	WWBOTA	B/G-1974		2024-10-01		Kilnsea #2, coastal defence bunker	UKBOTA		JO03BO	0	0	1		223
R	WWBOTA	B/G-1975		2024-10-01		Easington, coastal defence bunker (cluster)	UKBOTA		JO03BP	0	0	1		223
R	WWBOTA	B/G-1976		2024-10-01		Wrangle, coastal defence bunkers (cluster)	UKBOTA		JO03CB	0	0	1		223
R	WWBOTA	B/G-1977		2024-10-01		Theddlethorpe St. Helen #2, coastal defence bunker	UKBOTA		JO03CI	0	0	1		223
R	WWBOTA	B/G-1978		2024-10-01		Saltby, coastal defence bunker (cluster)	UKBOTA		JO03CJ	0	0	1		223
R	WWBOTA	B/G-1979		2024-10-01		Rimac, coastal defence bunker (cluster)	UKBOTA		JO03CJ	0	0	1		223
R	WWBOTA	B/G-1980		2024-10-01		Theddlethorpe St. Helen #1, coastal defence bunker (cluster)	UKBOTA		JO03CJ	0	0	1		223
R	WWBOTA	B/G-1981		2024-10-01		Gibraltar Point, coastal defence bunker (cluster)	UKBOTA		JO03DC	0	0	1		223
R	WWBOTA	B/G-1982		2024-10-01		Anderby Creek, coastal defence bunker (cluster)	UKBOTA		JO03DG	0	0	1		223
R	WWBOTA	B/G-1983		2024-10-01		Mablethorpe, coastal defence bunker (cluster)	UKBOTA		JO03DH	0	0	1		223
R	WWBOTA	B/G-1984		2024-10-01		Skegness, coastal defence bunker	UKBOTA		JO03ED	0	0	1		223
R	WWBOTA	B/G-1985		2024-10-01		Ingoldmells, coastal defence bunker	UKBOTA		JO03EE	0	0	1		223
R	WWBOTA	B/G-1986		2024-10-01		Barrow Brow, WW2 Pillbox Bunker	UKBOTA		IO84MU	0	0	1		223
R	WWBOTA	B/G-1987		2024-10-01		Black Riggs, WW2 Pillbox Bunker	UKBOTA		IO84VM	0	0	1		223
R	WWBOTA	B/G-1988		2024-10-01		Coastal Defence Bunker (Cluster), Crimdon Dene	UKBOTA		IO94JR	0	0	1		223
R	WWBOTA	B/G-1989		2024-10-01		Coastal Defence Bunker (cluster), Hempstead	UKBOTA		JO02TT	0	0	1		223
R	WWBOTA	B/G-1990		2024-10-01		Coastal Defence Bunker (cluster), Horsey	UKBOTA		JO02TS	0	0	1		223
R	WWBOTA	B/G-1991		2024-10-01		Coastal Defence Bunker (Cluster), Studland	UKBOTA		IO90AP	0	0	1		223
R	WWBOTA	B/G-1992		2024-10-01		Coastal Defence Bunker (Cluster), Totland	UKBOTA		IO90FQ	0	0	1		223
R	WWBOTA	B/G-1993		2024-10-01		Coastal Defence Bunker (Cluster), West Bexington	UKBOTA		IO80PQ	0	0	1		223
R	WWBOTA	B/G-1994		2024-10-01		Coastal Defence Bunker, Eype Mouth	UKBOTA		IO80OR	0	0	1		223
R	WWBOTA	B/G-1995		2024-10-01		Coastal Defence Bunker, Ferring	UKBOTA		IO90ST	0	0	1		223
R	WWBOTA	B/G-1996		2024-10-01		Coastal Defence Bunker, Horden Beach	UKBOTA		IO94IS	0	0	1		223
R	WWBOTA	B/G-1997		2024-10-01		Coastal Defence Bunker, Lyme Regis	UKBOTA		IO80MR	0	0	1		223
R	WWBOTA	B/G-1998		2024-10-01		Coastal Defence Bunker, Scratby	UKBOTA		JO02UQ	0	0	1		223
R	WWBOTA	B/G-1999		2024-10-01		Coastal Defence Bunker, Widmouth Bay	UKBOTA		IO70RS	0	0	1		223
R	WWBOTA	B/G-2000		2024-10-01		Coastal OP Bunker, Littlehampton	UKBOTA		IO90RT	0	0	1		223
R	WWBOTA	B/G-2001		2024-10-01		East Gun Battery, Happisburgh	UKBOTA		JO02ST	0	0	1		223
R	WWBOTA	B/G-2002		2024-10-01		WW2 Pillbox cluster, N of Hartlepool	UKBOTA		IO94JQ	0	0	1		223
R	WWBOTA	B/G-2003		2024-10-01		WW2 Pillbox cluster, West Leigh	UKBOTA		IO90MV	0	0	1		223
R	WWBOTA	B/G-2004		2024-10-01		Grasmere Dunmail Bunker (WW2 Pillbox) #1	UKBOTA		IO84LL	0	0	1		223
R	WWBOTA	B/G-2005		2024-10-01		Grasmere Dunmail Bunker (WW2 Pillbox) #2	UKBOTA		IO84LL	0	0	1		223
R	WWBOTA	B/G-2006		2024-10-01		Heugh Battery Bunker, Hartlepool	UKBOTA		IO94JQ	0	0	1		223
R	WWBOTA	B/G-2007		2024-10-01		Liddington Starfish Decoy Bunker	UKBOTA		IO91DM	0	0	1		223
R	WWBOTA	B/G-2008		2024-10-01		Munitions Storage Yardley Chase (1)	UKBOTA		IO92OE	0	0	1		223
R	WWBOTA	B/G-2009		2024-10-01		Munitions Storage Yardley Chase (2)	UKBOTA		IO92OE	0	0	1		223
R	WWBOTA	B/G-2010		2024-10-01		Mustard Gas Store, Riseley	UKBOTA		IO92SG	0	0	1		223
R	WWBOTA	B/G-2011		2024-10-01		RAF Thurleigh Bomb Store Bunker (WW2)	UKBOTA		IO92SF	0	0	1		223
R	WWBOTA	B/G-2012		2024-10-01		RCHQ Chilmark, RAF Chilmark	UKBOTA		IO81XB	0	0	1		223
R	WWBOTA	B/G-2013		2024-10-01		Ripon Civil Defence Bunker	UKBOTA		IO94FD	0	0	1		223
R	WWBOTA	B/G-2014		2024-10-01		ROC Post Hoylake (WW2)	UKBOTA		IO83JJ	0	0	1		223
R	WWBOTA	B/G-2015		2024-10-01		WW2 Airfield Defence Bunker, Greatham	UKBOTA		IO94JP	0	0	1		223
R	WWBOTA	B/G-2016		2024-10-01		WW2 Airfield Defence Bunker, RAF West Hartlepool	UKBOTA		IO94JP	0	0	1		223
R	WWBOTA	B/G-2017		2024-10-01		WW2 Bunker Cluster + tunnel, Oevn Stones Hill	UKBOTA		IO93DM	0	0	1		223
R	WWBOTA	B/G-2018		2024-10-01		WW2 Bunker Cluster, HMS Forward, Newhaven	UKBOTA		JO00AT	0	0	1		223
R	WWBOTA	B/G-2019		2024-10-01		WW2 Ground Defence Bunker,Greymoorhill	UKBOTA		IO84MW	0	0	1		223
R	WWBOTA	B/G-2020		2024-10-01		WW2 Ground Defence Pillbox, Market Drayton	UKBOTA		IO82SV	0	0	1		223
R	WWBOTA	B/G-2021		2024-10-01		WW2 Defence Bunker, Hampermill	UKBOTA		IO91TP	0	0	1		223
R	WWBOTA	B/G-2022		2024-10-01		WW2 Defence Bunker, Tolpitts Lane	UKBOTA		IO91SP	0	0	1		223
R	WWBOTA	B/G-2023		2024-10-01		Chistlehurst Caves, Bromley, WW1 Storage	UKBOTA		JO01AJ	0	0	1		223
R	WWBOTA	B/G-2024		2024-10-01		Chistlehurst Caves, Bromley, WW2 Large Air Raid Shelter	UKBOTA		JO01AJ	0	0	1		223
R	WWBOTA	B/G-2025		2024-10-01		RAF Bowes Moor, Cotherstone, North Pennines	UKBOTA		IO84XM	0	0	1		223
R	WWBOTA	B/G-2026		2024-10-01		RAF Fauld, Sudbury	UKBOTA		IO92DU	0	0	1		223
R	WWBOTA	B/GD-0001		2024-10-01		ROC Post Peel	UKBOTA		IO74PF	0	0	1		114
R	WWBOTA	B/GD-0002		2024-10-01		ROC Post Castletown	UKBOTA		IO74QC	0	0	1		114
R	WWBOTA	B/GD-0003		2024-10-01		ROC Post Douglas	UKBOTA		IO74SE	0	0	1		114
R	WWBOTA	B/GD-0004		2024-10-01		ROC Post Ramsey	UKBOTA		IO74TI	0	0	1		114
R	WWBOTA	B/GD-0005		2024-10-01		Chain Home - Bride	UKBOTA		IO74TJ	0	0	1		114
R	WWBOTA	B/GD-0006		2024-10-01		Chain Home - Dalby	UKBOTA		IO74PE	0	0	1		114
R	WWBOTA	B/GD-0007		2024-10-01		Chain Home - Scarlett	UKBOTA		IO74PB	0	0	1		114
R	WWBOTA	B/GD-0008		2024-10-01		ROTOR Radar - Snaefell (MOI)	UKBOTA		IO74SG	0	0	1		114
R	WWBOTA	B/GD-0009		2024-10-01		Airfield Battle HQ - Andreas	UKBOTA		IO74SI	0	0	1		114
R	WWBOTA	B/GD-0010		2024-10-01		Chain Home - Cregneash	UKBOTA		IO74OB	0	0	1		114
R	WWBOTA	B/GD-0011		2024-10-01		RAF Jurby, Airfield Defence Bunkers (cluster)	UKBOTA		IO74RI	0	0	1		114
R	WWBOTA	B/GI-0001		2024-10-01		ROC Post Bushmills	UKBOTA		IO65RF	0	0	1		265
R	WWBOTA	B/GI-0002		2024-10-01		ROC Post Ballymoney	UKBOTA		IO65SB	0	0	1		265
R	WWBOTA	B/GI-0003		2024-10-01		ROC Post Cloughmills Master Post	UKBOTA		IO65TA	0	0	1		265
R	WWBOTA	B/GI-0004		2024-10-01		ROC Post Ballycastle	UKBOTA		IO65UF	0	0	1		265
R	WWBOTA	B/GI-0005		2024-10-01		ROC Post Ballymena Master Post	UKBOTA		IO64UV	0	0	1		265
R	WWBOTA	B/GI-0006		2024-10-01		ROC PostCushendall	UKBOTA		IO65XC	0	0	1		265
R	WWBOTA	B/GI-0007		2024-10-01		ROC Post Glenarm	UKBOTA		IO74AW	0	0	1		265
R	WWBOTA	B/GI-0008		2024-10-01		ROC Post Larne	UKBOTA		IO74CU	0	0	1		265
R	WWBOTA	B/GI-0009		2024-10-01		ROC Post Randalstown	UKBOTA		IO64TS	0	0	1		265
R	WWBOTA	B/GI-0010		2024-10-01		ROC Post Templepatrick Master Post	UKBOTA		IO64WR	0	0	1		265
R	WWBOTA	B/GI-0011		2024-10-01		ROC Post Dundrod	UKBOTA		IO64WO	0	0	1		265
R	WWBOTA	B/GI-0012		2024-10-01		ROC Post Ballyclare	UKBOTA		IO74AS	0	0	1		265
R	WWBOTA	B/GI-0013		2024-10-01		ROC Post Whitehead	UKBOTA		IO74DS	0	0	1		265
R	WWBOTA	B/GI-0014		2024-10-01		ROC Post Armagh	UKBOTA		IO64QI	0	0	1		265
R	WWBOTA	B/GI-0015		2024-10-01		ROC Post Portadown Master Post	UKBOTA		IO64RK	0	0	1		265
R	WWBOTA	B/GI-0016		2024-10-01		ROC Post Lurgan	UKBOTA		IO64UL	0	0	1		265
R	WWBOTA	B/GI-0017		2024-10-01		ROC Post Jerretts Pass	UKBOTA		IO64TF	0	0	1		265
R	WWBOTA	B/GI-0018		2024-10-01		ROC Post Banbridge	UKBOTA		IO64VI	0	0	1		265
R	WWBOTA	B/GI-0019		2024-10-01		ROC Post Rathfriland	UKBOTA		IO64VG	0	0	1		265
R	WWBOTA	B/GI-0020		2024-10-01		ROC Post Hillsborough Master Post	UKBOTA		IO64WK	0	0	1		265
R	WWBOTA	B/GI-0021		2024-10-01		ROC Post Drumbo	UKBOTA		IO74AM	0	0	1		265
R	WWBOTA	B/GI-0022		2024-10-01		ROC Post Kilkeel	UKBOTA		IO74AB	0	0	1		265
R	WWBOTA	B/GI-0023		2024-10-01		ROC Post Ballynahinch	UKBOTA		IO74AI	0	0	1		265
R	WWBOTA	B/GI-0024		2024-10-01		ROC Post Carryduff	UKBOTA		IO74BL	0	0	1		265
R	WWBOTA	B/GI-0025		2024-10-01		ROC Post Dundrum	UKBOTA		IO74BF	0	0	1		265
R	WWBOTA	B/GI-0026		2024-10-01		ROC Post Holywood	UKBOTA		IO74CP	0	0	1		265
R	WWBOTA	B/GI-0027		2024-10-01		ROC Post Newtownards	UKBOTA		IO74DO	0	0	1		265
R	WWBOTA	B/GI-0028		2024-10-01		ROC Post Downpatrick	UKBOTA		IO74DH	0	0	1		265
R	WWBOTA	B/GI-0029		2024-10-01		ROC Post Groomsport Master Post	UKBOTA		IO74EQ	0	0	1		265
R	WWBOTA	B/GI-0030		2024-10-01		ROC Post Ardglass	UKBOTA		IO74EF	0	0	1		265
R	WWBOTA	B/GI-0031		2024-10-01		ROC Post Portaferry	UKBOTA		IO74FI	0	0	1		265
R	WWBOTA	B/GI-0032		2024-10-01		ROC Post Ballywalter	UKBOTA		IO74GM	0	0	1		265
R	WWBOTA	B/GI-0033		2024-10-01		ROC Post Springfield	UKBOTA		IO64DJ	0	0	1		265
R	WWBOTA	B/GI-0034		2024-10-01		ROC Post Kesh	UKBOTA		IO64DN	0	0	1		265
R	WWBOTA	B/GI-0035		2024-10-01		ROC Post Irvinestown	UKBOTA		IO64EL	0	0	1		265
R	WWBOTA	B/GI-0036		2024-10-01		ROC Post Enniskillen Master Post	UKBOTA		IO64EJ	0	0	1		265
R	WWBOTA	B/GI-0037		2024-10-01		ROC Post Lisnaskea	UKBOTA		IO64GG	0	0	1		265
R	WWBOTA	B/GI-0038		2024-10-01		ROC Post Derry	UKBOTA		IO65HA	0	0	1		265
R	WWBOTA	B/GI-0039		2024-10-01		ROC Post Claudy	UKBOTA		IO64KW	0	0	1		265
R	WWBOTA	B/GI-0040		2024-10-01		ROC Post Limavady	UKBOTA		IO65MA	0	0	1		265
R	WWBOTA	B/GI-0041		2024-10-01		ROC Post Dungiven	UKBOTA		IO64MV	0	0	1		265
R	WWBOTA	B/GI-0042		2024-10-01		ROC Post Coleraine	UKBOTA		IO65PD	0	0	1		265
R	WWBOTA	B/GI-0043		2024-10-01		ROC Post Kilrea	UKBOTA		IO64QW	0	0	1		265
R	WWBOTA	B/GI-0044		2024-10-01		ROC Post Draperstown	UKBOTA		IO64OS	0	0	1		265
R	WWBOTA	B/GI-0045		2024-10-01		ROC Post Castledawson	UKBOTA		IO64QS	0	0	1		265
R	WWBOTA	B/GI-0046		2024-10-01		ROC Post Castlederg	UKBOTA		IO64ER	0	0	1		265
R	WWBOTA	B/GI-0047		2024-10-01		ROC Post Kilskerry	UKBOTA		IO64FK	0	0	1		265
R	WWBOTA	B/GI-0048		2024-10-01		ROC Post Drumquin	UKBOTA		IO64GO	0	0	1		265
R	WWBOTA	B/GI-0049		2024-10-01		ROC Post Strabane	UKBOTA		IO64GT	0	0	1		265
R	WWBOTA	B/GI-0050		2024-10-01		ROC Post Newtownstewart	UKBOTA		IO64HR	0	0	1		265
R	WWBOTA	B/GI-0051		2024-10-01		ROC Post Fivemiletown	UKBOTA		IO64HJ	0	0	1		265
R	WWBOTA	B/GI-0052		2024-10-01		ROC Post Omagh	UKBOTA		IO64IO	0	0	1		265
R	WWBOTA	B/GI-0053		2024-10-01		ROC Post Beragh	UKBOTA		IO64JN	0	0	1		265
R	WWBOTA	B/GI-0054		2024-10-01		ROC Post Clogher	UKBOTA		IO64KK	0	0	1		265
R	WWBOTA	B/GI-0055		2024-10-01		ROC Post Pomeroy	UKBOTA		IO64NO	0	0	1		265
R	WWBOTA	B/GI-0056		2024-10-01		ROC Post Caledon	UKBOTA		IO64OH	0	0	1		265
R	WWBOTA	B/GI-0057		2024-10-01		ROC Post Dungannon	UKBOTA		IO64OM	0	0	1		265
R	WWBOTA	B/GI-0058		2024-10-01		ROC Post Cookstown	UKBOTA		IO64PP	0	0	1		265
R	WWBOTA	B/GI-0059		2024-10-01		ROC Group No 31 - Belfast	UKBOTA		IO64XM	0	0	1		265
R	WWBOTA	B/GI-0060		2024-10-01		AAOR Campsie	UKBOTA		IO65JA	0	0	1		265
R	WWBOTA	B/GI-0061		2024-10-01		Chain Home - Greystone	UKBOTA		IO74GN	0	0	1		265
R	WWBOTA	B/GI-0062		2024-10-01		Chain Home - Kilkeel	UKBOTA		IO74AB	0	0	1		265
R	WWBOTA	B/GI-0063		2024-10-01		1950s War Room Belfast (Mount Eden Park) - Region 13	UKBOTA		IO74AN	0	0	1		265
R	WWBOTA	B/GI-0064		2024-10-01		1960s SRHQ - Ulster - Region 11 - Mount Eden Park	UKBOTA		IO74AN	0	0	1		265
R	WWBOTA	B/GI-0065		2024-10-01		1980s RGHQ - Ulster - Ballymena	UKBOTA		IO64VU	0	0	1		265
R	WWBOTA	B/GI-0066		2024-10-01		ROTOR Radar - Killard Point/Bishops Court (DBW)	UKBOTA		IO74FH	0	0	1		265
R	WWBOTA	B/GI-0067		2024-10-01		ROTOR Radar - Murlough Bay (URB)	UKBOTA		IO65WE	0	0	1		265
R	WWBOTA	B/GI-0068		2024-10-01		Airfield Battle HQ - St Angelo	UKBOTA		IO64EJ	0	0	1		265
R	WWBOTA	B/GI-0069		2024-10-01		Lisnagarvey BBC Transmitter Bunker	UKBOTA		IO64XL	0	0	1		265
R	WWBOTA	B/GI-0070		2024-10-01		RAF Bishopscourt Cold War Linesman Radar CRP	UKBOTA		IO74FH	0	0	1		265
R	WWBOTA	B/GI-0071		2024-10-01		Belfast Stormont Sub Control	UKBOTA		IO74BO	0	0	1		265
R	WWBOTA	B/GI-0072		2024-10-01		RAF Ballykelly, WW2 bomb store bunker	UKBOTA		IO65LB	0	0	1		265
R	WWBOTA	B/GI-0073		2024-10-01		RAF Ballykelly, WW2 Airfield defence bunker cluster	UKBOTA		IO65LB	0	0	1		265
R	WWBOTA	B/GI-0074		2024-10-01		RAF Limavady, WW2 explosives bunker	UKBOTA		IO65MB	0	0	1		265
R	WWBOTA	B/GI-0075		2024-10-01		RAF Limavady, WW2 Airfield defence bunker (cluster)	UKBOTA		IO65MB	0	0	1		265
R	WWBOTA	B/GI-0076		2024-10-01		RAF Nutts Corner, WW2 explosives bunker	UKBOTA		IO64WP	0	0	1		265
R	WWBOTA	B/GI-0077		2024-10-01		RAF Long Kesh, WW2 Airfield defence bunker (cluster)	UKBOTA		IO64WL	0	0	1		265
R	WWBOTA	B/GI-0078		2024-10-01		RAF Cluntoe (USAAF Station 328), WW2 bomb store bunker	UKBOTA		IO64RO	0	0	1		265
R	WWBOTA	B/GI-0079		2024-10-01		RAF Ballyhalbert, WW2 Airfield defence bunker (cluster)	UKBOTA		IO74GL	0	0	1		265
R	WWBOTA	B/GI-0080		2024-10-01		RAF Castle Archdale (RAF Lough Erne), WW2 Blast Shelter	UKBOTA		IO64DL	0	0	1		265
R	WWBOTA	B/GI-0081		2024-10-01		RAF Castle Archdale (RAF Lough Erne), WW2 Bomb Store	UKBOTA		IO64DL	0	0	1		265
R	WWBOTA	B/GI-0082		2024-10-01		RAF St Angelo, WW2 Airfield Defence bunkers (cluster)	UKBOTA		IO64EJ	0	0	1		265
R	WWBOTA	B/GI-0083		2024-10-01		RAF Toome, WW2 storage bunker	UKBOTA		IO64RS	0	0	1		265
R	WWBOTA	B/GI-0084		2024-10-01		Belfast Air Raid Shelter	UKBOTA		IO74AO	0	0	1		265
R	WWBOTA	B/GI-0085		2024-10-01		Articlave, Coastal Defence Bunker	UKBOTA		IO65OD	0	0	1		265
R	WWBOTA	B/GI-0086		2024-10-01		Ballywoolen, Coastal Defence Bunker	UKBOTA		IO65OD	0	0	1		265
R	WWBOTA	B/GI-0087		2024-10-01		Portrush, Coastal Defence Bunker	UKBOTA		IO65QE	0	0	1		265
R	WWBOTA	B/GI-0088		2024-10-01		Tyrella, Coastal Defence Bunker	UKBOTA		IO74DG	0	0	1		265
R	WWBOTA	B/GI-0089		2024-10-01		Lough Neigh (North), WW2 defensive bunker (cluster)	UKBOTA		IO64UR	0	0	1		265
R	WWBOTA	B/GI-0090		2024-10-01		Rathfriland, WW2 defensive bunkers (cluster)	UKBOTA		IO64WF	0	0	1		265
R	WWBOTA	B/GI-0091		2024-10-01		WW2 Air rad shelter cluster, RAF Eglington	UKBOTA		IO65KB	0	0	1		265
R	WWBOTA	B/GI-0092		2024-10-01		Springvale Beach, coastal defence bunker	UKBOTA		IO74GM	0	0	1		265
R	WWBOTA	B/GJ-0001		2024-10-01		Gouray Monitoring Post	UKBOTA		IN89XE	0	0	1		122
R	WWBOTA	B/GJ-0002		2024-10-01		St Ouens Church Monitoring Post	UKBOTA		IN89VF	0	0	1		122
R	WWBOTA	B/GJ-0003		2024-10-01		WW2 Jersey - Strongpoint Corbiere	UKBOTA		IN89VE	0	0	1		122
R	WWBOTA	B/GJ-0004		2024-10-01		WW2 Battery Lothringen and Command Post	UKBOTA		IN89VE	0	0	1		122
R	WWBOTA	B/GJ-0005		2024-10-01		WW2 Battery Moltke	UKBOTA		IN89VF	0	0	1		122
R	WWBOTA	B/GJ-0006		2024-10-01		BBC Bunker - Les Platons	UKBOTA		IN89WF	0	0	1		122
R	WWBOTA	B/GM-0001		2024-10-01		ROC Post Kildrummy	UKBOTA		IO87NF	0	0	1		279
R	WWBOTA	B/GM-0002		2024-10-01		ROC Post Tarland Master Post	UKBOTA		IO87NC	0	0	1		279
R	WWBOTA	B/GM-0003		2024-10-01		ROC Post Huntly	UKBOTA		IO87OK	0	0	1		279
R	WWBOTA	B/GM-0004		2024-10-01		ROC Post Kennethmont	UKBOTA		IO87OI	0	0	1		279
R	WWBOTA	B/GM-0005		2024-10-01		ROC Post Alford	UKBOTA		IO87PF	0	0	1		279
R	WWBOTA	B/GM-0006		2024-10-01		ROC Post Pitcaple	UKBOTA		IO87SH	0	0	1		279
R	WWBOTA	B/GM-0007		2024-10-01		ROC Post Turriff	UKBOTA		IO87SN	0	0	1		279
R	WWBOTA	B/GM-0008		2024-10-01		ROC Post Echt Master Post	UKBOTA		IO87SD	0	0	1		279
R	WWBOTA	B/GM-0009		2024-10-01		ROC Post Fyvie	UKBOTA		IO87TK	0	0	1		279
R	WWBOTA	B/GM-0010		2024-10-01		ROC Post Kintore Master Post	UKBOTA		IO87TF	0	0	1		279
R	WWBOTA	B/GM-0011		2024-10-01		ROC Post Methlick Master Post	UKBOTA		IO87VK	0	0	1		279
R	WWBOTA	B/GM-0012		2024-10-01		ROC Post New Deer	UKBOTA		IO87VM	0	0	1		279
R	WWBOTA	B/GM-0013		2024-10-01		ROC Post Bucksburn	UKBOTA		IO87VE	0	0	1		279
R	WWBOTA	B/GM-0014		2024-10-01		ROC Post Udny StationMaster Post	UKBOTA		IO87WH	0	0	1		279
R	WWBOTA	B/GM-0015		2024-10-01		ROC Post Rosehearty	UKBOTA		IO87WQ	0	0	1		279
R	WWBOTA	B/GM-0016		2024-10-01		ROC Post Strichen	UKBOTA		IO87WO	0	0	1		279
R	WWBOTA	B/GM-0017		2024-10-01		ROC Post Newburgh - Aberdeenshire	UKBOTA		IO87XH	0	0	1		279
R	WWBOTA	B/GM-0018		2024-10-01		ROC Post Inverallochy	UKBOTA		IO97AQ	0	0	1		279
R	WWBOTA	B/GM-0019		2024-10-01		ROC Post Cruden Bay Master Post	UKBOTA		IO97BJ	0	0	1		279
R	WWBOTA	B/GM-0020		2024-10-01		ROC Post St. Fergus	UKBOTA		IO97CN	0	0	1		279
R	WWBOTA	B/GM-0021		2024-10-01		ROC Post Boddam	UKBOTA		IO97CL	0	0	1		279
R	WWBOTA	B/GM-0022		2024-10-01		ROC Post Braemar	UKBOTA		IO87HA	0	0	1		279
R	WWBOTA	B/GM-0023		2024-10-01		ROC Post Ballater	UKBOTA		IO87LB	0	0	1		279
R	WWBOTA	B/GM-0024		2024-10-01		ROC Post Drumoak	UKBOTA		IO87TC	0	0	1		279
R	WWBOTA	B/GM-0025		2024-10-01		ROC Post Glenisla	UKBOTA		IO86IR	0	0	1		279
R	WWBOTA	B/GM-0026		2024-10-01		ROC Post Newtyle	UKBOTA		IO86KN	0	0	1		279
R	WWBOTA	B/GM-0027		2024-10-01		ROC Post Lintrathen	UKBOTA		IO86KQ	0	0	1		279
R	WWBOTA	B/GM-0028		2024-10-01		ROC Post Clova	UKBOTA		IO86LT	0	0	1		279
R	WWBOTA	B/GM-0029		2024-10-01		ROC Post Glamis	UKBOTA		IO86LO	0	0	1		279
R	WWBOTA	B/GM-0030		2024-10-01		ROC Post Cortachy	UKBOTA		IO86LR	0	0	1		279
R	WWBOTA	B/GM-0031		2024-10-01		ROC Post Powrie Brae	UKBOTA		IO86MM	0	0	1		279
R	WWBOTA	B/GM-0032		2024-10-01		ROC Post Forfar	UKBOTA		IO86NP	0	0	1		279
R	WWBOTA	B/GM-0033		2024-10-01		ROC Post Fern	UKBOTA		IO86NR	0	0	1		279
R	WWBOTA	B/GM-0034		2024-10-01		ROC Post Tarfside	UKBOTA		IO86NV	0	0	1		279
R	WWBOTA	B/GM-0035		2024-10-01		ROC Post Newbigging Master Post	UKBOTA		IO86OM	0	0	1		279
R	WWBOTA	B/GM-0036		2024-10-01		ROC Post Aberlemno	UKBOTA		IO86OQ	0	0	1		279
R	WWBOTA	B/GM-0037		2024-10-01		ROC Post Letham Master Post	UKBOTA		IO86OP	0	0	1		279
R	WWBOTA	B/GM-0038		2024-10-01		ROC Post Carnoustie	UKBOTA		IO86PM	0	0	1		279
R	WWBOTA	B/GM-0039		2024-10-01		ROC Post Brechin	UKBOTA		IO86PR	0	0	1		279
R	WWBOTA	B/GM-0040		2024-10-01		ROC Post Edzell Master Post	UKBOTA		IO86PT	0	0	1		279
R	WWBOTA	B/GM-0041		2024-10-01		ROC Post Friockheim	UKBOTA		IO86QP	0	0	1		279
R	WWBOTA	B/GM-0042		2024-10-01		ROC Post Arbroath	UKBOTA		IO86QN	0	0	1		279
R	WWBOTA	B/GM-0043		2024-10-01		ROC Post Inverkeilor	UKBOTA		IO86RP	0	0	1		279
R	WWBOTA	B/GM-0044		2024-10-01		ROC Post Scarinish - Tiree	UKBOTA		IO66NL	0	0	1		279
R	WWBOTA	B/GM-0045		2024-10-01		ROC Post Tobermory - Isle of Mull	UKBOTA		IO66XO	0	0	1		279
R	WWBOTA	B/GM-0046		2024-10-01		ROC Post Lochaline Master Post	UKBOTA		IO76CM	0	0	1		279
R	WWBOTA	B/GM-0047		2024-10-01		ROC Post Salen	UKBOTA		IO76CR	0	0	1		279
R	WWBOTA	B/GM-0048		2024-10-01		ROC Post Seil Island	UKBOTA		IO76EH	0	0	1		279
R	WWBOTA	B/GM-0049		2024-10-01		ROC Post Strontian	UKBOTA		IO76FQ	0	0	1		279
R	WWBOTA	B/GM-0050		2024-10-01		ROC Post Arduaine Master Post	UKBOTA		IO76FE	0	0	1		279
R	WWBOTA	B/GM-0051		2024-10-01		ROC Post Oban	UKBOTA		IO76HL	0	0	1		279
R	WWBOTA	B/GM-0052		2024-10-01		ROC Post Appin Master Post	UKBOTA		IO76HN	0	0	1		279
R	WWBOTA	B/GM-0053		2024-10-01		ROC Post Dalavich	UKBOTA		IO76IG	0	0	1		279
R	WWBOTA	B/GM-0054		2024-10-01		ROC Post Taynuilt Master Post	UKBOTA		IO76JK	0	0	1		279
R	WWBOTA	B/GM-0055		2024-10-01		ROC Post Inveraray	UKBOTA		IO76KF	0	0	1		279
R	WWBOTA	B/GM-0056		2024-10-01		ROC Post Dalmally	UKBOTA		IO76LJ	0	0	1		279
R	WWBOTA	B/GM-0057		2024-10-01		ROC Post Bridge of Orchy	UKBOTA		IO76OM	0	0	1		279
R	WWBOTA	B/GM-0058		2024-10-01		ROC Post Port Ellen	UKBOTA		IO65UQ	0	0	1		279
R	WWBOTA	B/GM-0059		2024-10-01		ROC Post Machrihanish Master Post	UKBOTA		IO75DK	0	0	1		279
R	WWBOTA	B/GM-0060		2024-10-01		ROC Post Glenbarr	UKBOTA		IO75DN	0	0	1		279
R	WWBOTA	B/GM-0061		2024-10-01		ROC Post Clachan	UKBOTA		IO75FS	0	0	1		279
R	WWBOTA	B/GM-0062		2024-10-01		ROC Post Carradale	UKBOTA		IO75GO	0	0	1		279
R	WWBOTA	B/GM-0063		2024-10-01		ROC Post Lochgilphead Master Post	UKBOTA		IO76GA	0	0	1		279
R	WWBOTA	B/GM-0064		2024-10-01		ROC Post Tarbert	UKBOTA		IO75GU	0	0	1		279
R	WWBOTA	B/GM-0065		2024-10-01		ROC Post Tighnabruaich	UKBOTA		IO75IV	0	0	1		279
R	WWBOTA	B/GM-0066		2024-10-01		ROC Post Minard	UKBOTA		IO76IC	0	0	1		279
R	WWBOTA	B/GM-0067		2024-10-01		ROC Post Skelmorlie	UKBOTA		IO75NU	0	0	1		279
R	WWBOTA	B/GM-0068		2024-10-01		ROC Post West Kilbride	UKBOTA		IO75NQ	0	0	1		279
R	WWBOTA	B/GM-0069		2024-10-01		ROC Post Turnberry Master Post	UKBOTA		IO75OH	0	0	1		279
R	WWBOTA	B/GM-0070		2024-10-01		ROC Post Dunure	UKBOTA		IO75PJ	0	0	1		279
R	WWBOTA	B/GM-0071		2024-10-01		ROC Post Kilwinning	UKBOTA		IO75QP	0	0	1		279
R	WWBOTA	B/GM-0072		2024-10-01		ROC Post Beith	UKBOTA		IO75QS	0	0	1		279
R	WWBOTA	B/GM-0073		2024-10-01		ROC Post Prestwick	UKBOTA		IO75QL	0	0	1		279
R	WWBOTA	B/GM-0074		2024-10-01		ROC Post Straiton Master Post	UKBOTA		IO75RH	0	0	1		279
R	WWBOTA	B/GM-0075		2024-10-01		ROC Post Dunlop	UKBOTA		IO75RR	0	0	1		279
R	WWBOTA	B/GM-0076		2024-10-01		ROC Post Joppa Master Post	UKBOTA		IO75RK	0	0	1		279
R	WWBOTA	B/GM-0077		2024-10-01		ROC Post Kilmarnock Master Post	UKBOTA		IO75SP	0	0	1		279
R	WWBOTA	B/GM-0078		2024-10-01		ROC Post Dalmellington	UKBOTA		IO75SH	0	0	1		279
R	WWBOTA	B/GM-0079		2024-10-01		ROC Post Catrine	UKBOTA		IO75TM	0	0	1		279
R	WWBOTA	B/GM-0080		2024-10-01		ROC Post Darvel	UKBOTA		IO75UO	0	0	1		279
R	WWBOTA	B/GM-0081		2024-10-01		ROC Post New Cumnock	UKBOTA		IO75VJ	0	0	1		279
R	WWBOTA	B/GM-0082		2024-10-01		ROC Post Muirkirk Master Post	UKBOTA		IO75XM	0	0	1		279
R	WWBOTA	B/GM-0083		2024-10-01		ROC Post Ballantrae	UKBOTA		IO75LC	0	0	1		279
R	WWBOTA	B/GM-0084		2024-10-01		ROC Post Girvan	UKBOTA		IO75NF	0	0	1		279
R	WWBOTA	B/GM-0085		2024-10-01		ROC Post Barrhill	UKBOTA		IO75OC	0	0	1		279
R	WWBOTA	B/GM-0086		2024-10-01		ROC Post Barr	UKBOTA		IO75PE	0	0	1		279
R	WWBOTA	B/GM-0087		2024-10-01		ROC Post Tomintoul	UKBOTA		IO87HF	0	0	1		279
R	WWBOTA	B/GM-0088		2024-10-01		ROC Post Cabrach	UKBOTA		IO87LI	0	0	1		279
R	WWBOTA	B/GM-0089		2024-10-01		ROC Post Drummuir Master Post	UKBOTA		IO87LL	0	0	1		279
R	WWBOTA	B/GM-0090		2024-10-01		ROC Post Buckie	UKBOTA		IO87MQ	0	0	1		279
R	WWBOTA	B/GM-0091		2024-10-01		ROC Post Grange	UKBOTA		IO87ON	0	0	1		279
R	WWBOTA	B/GM-0092		2024-10-01		ROC Post Portsoy	UKBOTA		IO87QQ	0	0	1		279
R	WWBOTA	B/GM-0093		2024-10-01		ROC Post Aberchirder	UKBOTA		IO87QO	0	0	1		279
R	WWBOTA	B/GM-0094		2024-10-01		ROC Post Macduff	UKBOTA		IO87SQ	0	0	1		279
R	WWBOTA	B/GM-0095		2024-10-01		ROC Post Gardenstown	UKBOTA		IO87UQ	0	0	1		279
R	WWBOTA	B/GM-0096		2024-10-01		ROC Post Oxton Master Post	UKBOTA		IO85NT	0	0	1		279
R	WWBOTA	B/GM-0097		2024-10-01		ROC Post Lauder	UKBOTA		IO85OR	0	0	1		279
R	WWBOTA	B/GM-0098		2024-10-01		ROC Post Westruther	UKBOTA		IO85RR	0	0	1		279
R	WWBOTA	B/GM-0099		2024-10-01		ROC Post Longformacus	UKBOTA		IO85RT	0	0	1		279
R	WWBOTA	B/GM-0100		2024-10-01		ROC Post Gordon Master Post	UKBOTA		IO85SQ	0	0	1		279
R	WWBOTA	B/GM-0101		2024-10-01		ROC Post Cockburnspath Master Post	UKBOTA		IO85TW	0	0	1		279
R	WWBOTA	B/GM-0102		2024-10-01		ROC Post Duns Master Post	UKBOTA		IO85TS	0	0	1		279
R	WWBOTA	B/GM-0103		2024-10-01		ROC Post Grantshouse	UKBOTA		IO85UV	0	0	1		279
R	WWBOTA	B/GM-0104		2024-10-01		ROC Post Coldstream	UKBOTA		IO85UP	0	0	1		279
R	WWBOTA	B/GM-0105		2024-10-01		ROC Post St. Abbs Head Master Post	UKBOTA		IO85VV	0	0	1		279
R	WWBOTA	B/GM-0106		2024-10-01		ROC Post Chirnside	UKBOTA		IO85VT	0	0	1		279
R	WWBOTA	B/GM-0107		2024-10-01		ROC Post Eyemouth	UKBOTA		IO85WU	0	0	1		279
R	WWBOTA	B/GM-0108		2024-10-01		ROC Post Greenfield	UKBOTA		IO85WT	0	0	1		279
R	WWBOTA	B/GM-0110		2024-10-01		ROC Post Drumadoon	UKBOTA		IO75HM	0	0	1		279
R	WWBOTA	B/GM-0111		2024-10-01		ROC Post Brodick	UKBOTA		IO75KN	0	0	1		279
R	WWBOTA	B/GM-0112		2024-10-01		ROC Post Kildonan Master Post	UKBOTA		IO75KK	0	0	1		279
R	WWBOTA	B/GM-0113		2024-10-01		ROC Post Kilchattan Bay Master Post	UKBOTA		IO75LS	0	0	1		279
R	WWBOTA	B/GM-0114		2024-10-01		ROC Post Dunbeath Master Post	UKBOTA		IO88GE	0	0	1		279
R	WWBOTA	B/GM-0115		2024-10-01		ROC Post Halkirk	UKBOTA		IO88GL	0	0	1		279
R	WWBOTA	B/GM-0116		2024-10-01		ROC Post Latheron	UKBOTA		IO88HG	0	0	1		279
R	WWBOTA	B/GM-0117		2024-10-01		ROC Post Barrock Master Post	UKBOTA		IO88HQ	0	0	1		279
R	WWBOTA	B/GM-0118		2024-10-01		ROC Post Watten	UKBOTA		IO88IL	0	0	1		279
R	WWBOTA	B/GM-0119		2024-10-01		ROC Post Wick	UKBOTA		IO88KL	0	0	1		279
R	WWBOTA	B/GM-0120		2024-10-01		ROC Post John o' Groats	UKBOTA		IO88LP	0	0	1		279
R	WWBOTA	B/GM-0122		2024-10-01		ROC Post Lockerbie	UKBOTA		IO85HC	0	0	1		279
R	WWBOTA	B/GM-0123		2024-10-01		ROC Post Sanquhar Master Post	UKBOTA		IO85AI	0	0	1		279
R	WWBOTA	B/GM-0124		2024-10-01		ROC Post Beattock	UKBOTA		IO85GH	0	0	1		279
R	WWBOTA	B/GM-0125		2024-10-01		ROC Post Moniaive	UKBOTA		IO85AE	0	0	1		279
R	WWBOTA	B/GM-0126		2024-10-01		ROC Post Thornhill	UKBOTA		IO85CF	0	0	1		279
R	WWBOTA	B/GM-0127		2024-10-01		ROC Post Auldgirth	UKBOTA		IO85DE	0	0	1		279
R	WWBOTA	B/GM-0128		2024-10-01		ROC Post Dumfries	UKBOTA		IO85EB	0	0	1		279
R	WWBOTA	B/GM-0129		2024-10-01		ROC Post Parkgate	UKBOTA		IO85FE	0	0	1		279
R	WWBOTA	B/GM-0130		2024-10-01		ROC Post Cummertrees Master Post	UKBOTA		IO84HX	0	0	1		279
R	WWBOTA	B/GM-0131		2024-10-01		ROC Post Boreland	UKBOTA		IO85IF	0	0	1		279
R	WWBOTA	B/GM-0132		2024-10-01		ROC Post Kirtlebridge	UKBOTA		IO85JB	0	0	1		279
R	WWBOTA	B/GM-0133		2024-10-01		ROC Post Eskdalemuir	UKBOTA		IO85JG	0	0	1		279
R	WWBOTA	B/GM-0134		2024-10-01		ROC Post Bentpath	UKBOTA		IO85KE	0	0	1		279
R	WWBOTA	B/GM-0135		2024-10-01		ROC Post Langholm Master Post	UKBOTA		IO85MD	0	0	1		279
R	WWBOTA	B/GM-0136		2024-10-01		ROC Post Canobie	UKBOTA		IO85MC	0	0	1		279
R	WWBOTA	B/GM-0137		2024-10-01		ROC Post Arrochar	UKBOTA		IO76PF	0	0	1		279
R	WWBOTA	B/GM-0138		2024-10-01		ROC Post Garelochhead	UKBOTA		IO76NC	0	0	1		279
R	WWBOTA	B/GM-0139		2024-10-01		ROC Post Alexandria Master Post	UKBOTA		IO75RX	0	0	1		279
R	WWBOTA	B/GM-0140		2024-10-01		ROC Post Milngavie	UKBOTA		IO75UW	0	0	1		279
R	WWBOTA	B/GM-0141		2024-10-01		ROC Post Tranent	UKBOTA		IO85MW	0	0	1		279
R	WWBOTA	B/GM-0142		2024-10-01		ROC Post Humbie	UKBOTA		IO85NU	0	0	1		279
R	WWBOTA	B/GM-0143		2024-10-01		ROC Post Aberlady	UKBOTA		IO86NA	0	0	1		279
R	WWBOTA	B/GM-0144		2024-10-01		ROC Post Athelstaneford	UKBOTA		IO85OX	0	0	1		279
R	WWBOTA	B/GM-0145		2024-10-01		ROC Post Garvald	UKBOTA		IO85PW	0	0	1		279
R	WWBOTA	B/GM-0146		2024-10-01		ROC Post Dunbar	UKBOTA		IO85RX	0	0	1		279
R	WWBOTA	B/GM-0147		2024-10-01		ROC Post Newburgh - Fife	UKBOTA		IO86JI	0	0	1		279
R	WWBOTA	B/GM-0148		2024-10-01		ROC Post Leslie	UKBOTA		IO86JE	0	0	1		279
R	WWBOTA	B/GM-0149		2024-10-01		ROC Post Falkland	UKBOTA		IO86JG	0	0	1		279
R	WWBOTA	B/GM-0150		2024-10-01		ROC Post Gauldry	UKBOTA		IO86LJ	0	0	1		279
R	WWBOTA	B/GM-0151		2024-10-01		ROC Post Cupar	UKBOTA		IO86MH	0	0	1		279
R	WWBOTA	B/GM-0152		2024-10-01		ROC Post Leven	UKBOTA		IO86ME	0	0	1		279
R	WWBOTA	B/GM-0153		2024-10-01		ROC Post Tayport	UKBOTA		IO86NK	0	0	1		279
R	WWBOTA	B/GM-0154		2024-10-01		ROC Post Peat Inn	UKBOTA		IO86NG	0	0	1		279
R	WWBOTA	B/GM-0155		2024-10-01		ROC Post Elie	UKBOTA		IO86NE	0	0	1		279
R	WWBOTA	B/GM-0156		2024-10-01		ROC Post St. Andrews	UKBOTA		IO86OH	0	0	1		279
R	WWBOTA	B/GM-0157		2024-10-01		ROC Post Crail Master Post	UKBOTA		IO86QG	0	0	1		279
R	WWBOTA	B/GM-0158		2024-10-01		ROC Post New Mills/New Oakley	UKBOTA		IO86FC	0	0	1		279
R	WWBOTA	B/GM-0159		2024-10-01		ROC Post Inverkeithing	UKBOTA		IO86HA	0	0	1		279
R	WWBOTA	B/GM-0160		2024-10-01		ROC Post Kelty Master Post	UKBOTA		IO86HC	0	0	1		279
R	WWBOTA	B/GM-0161		2024-10-01		ROC Post Dysart	UKBOTA		IO86KD	0	0	1		279
R	WWBOTA	B/GM-0163		2024-10-01		ROC Post Lochboisdale	UKBOTA		IO67HD	0	0	1		279
R	WWBOTA	B/GM-0164		2024-10-01		ROC Post Lochmaddy	UKBOTA		IO67JO	0	0	1		279
R	WWBOTA	B/GM-0165		2024-10-01		ROC Post Cannich	UKBOTA		IO77OI	0	0	1		279
R	WWBOTA	B/GM-0166		2024-10-01		ROC Post Fort Augustus	UKBOTA		IO77PD	0	0	1		279
R	WWBOTA	B/GM-0167		2024-10-01		ROC Post Gorthleck	UKBOTA		IO77RE	0	0	1		279
R	WWBOTA	B/GM-0168		2024-10-01		ROC Post Drumnadrochit	UKBOTA		IO77SH	0	0	1		279
R	WWBOTA	B/GM-0169		2024-10-01		ROC Post Beauly Master Post	UKBOTA		IO77SL	0	0	1		279
R	WWBOTA	B/GM-0170		2024-10-01		ROC Post Inverness	UKBOTA		IO77VL	0	0	1		279
R	WWBOTA	B/GM-0171		2024-10-01		ROC Post Kingussie	UKBOTA		IO77XC	0	0	1		279
R	WWBOTA	B/GM-0172		2024-10-01		ROC Post Tomatin	UKBOTA		IO87AI	0	0	1		279
R	WWBOTA	B/GM-0173		2024-10-01		ROC Post Aviemore	UKBOTA		IO87CE	0	0	1		279
R	WWBOTA	B/GM-0174		2024-10-01		ROC Post Arisaig	UKBOTA		IO76BW	0	0	1		279
R	WWBOTA	B/GM-0175		2024-10-01		ROC Post Mallaig	UKBOTA		IO76CX	0	0	1		279
R	WWBOTA	B/GM-0176		2024-10-01		ROC Post Glenfinnan	UKBOTA		IO76GU	0	0	1		279
R	WWBOTA	B/GM-0177		2024-10-01		ROC Post Onich	UKBOTA		IO76JQ	0	0	1		279
R	WWBOTA	B/GM-0178		2024-10-01		ROC Post Fort William Master Post	UKBOTA		IO76KU	0	0	1		279
R	WWBOTA	B/GM-0179		2024-10-01		ROC Post Spean Bridge	UKBOTA		IO76MV	0	0	1		279
R	WWBOTA	B/GM-0180		2024-10-01		ROC Post Invergarry	UKBOTA		IO77OB	0	0	1		279
R	WWBOTA	B/GM-0181		2024-10-01		ROC Post Tulloch	UKBOTA		IO76PV	0	0	1		279
R	WWBOTA	B/GM-0182		2024-10-01		ROC Post Dalwhinnie	UKBOTA		IO76VW	0	0	1		279
R	WWBOTA	B/GM-0183		2024-10-01		ROC Post Broadford Master Post	UKBOTA		IO77BF	0	0	1		279
R	WWBOTA	B/GM-0184		2024-10-01		ROC Post Dunvegan	UKBOTA		IO67RK	0	0	1		279
R	WWBOTA	B/GM-0185		2024-10-01		ROC Post Uig	UKBOTA		IO67TO	0	0	1		279
R	WWBOTA	B/GM-0186		2024-10-01		ROC Post Portree	UKBOTA		IO67VK	0	0	1		279
R	WWBOTA	B/GM-0187		2024-10-01		ROC Post Ardvasar	UKBOTA		IO77BC	0	0	1		279
R	WWBOTA	B/GM-0188		2024-10-01		ROC Post Greg Ness	UKBOTA		IO87XC	0	0	1		279
R	WWBOTA	B/GM-0189		2024-10-01		ROC Post Feughside	UKBOTA		IO87QA	0	0	1		279
R	WWBOTA	B/GM-0190		2024-10-01		ROC Post Laurencekirk	UKBOTA		IO86SU	0	0	1		279
R	WWBOTA	B/GM-0191		2024-10-01		ROC PostAuchenblae	UKBOTA		IO86SV	0	0	1		279
R	WWBOTA	B/GM-0192		2024-10-01		ROC Post St. Cyrus	UKBOTA		IO86TS	0	0	1		279
R	WWBOTA	B/GM-0193		2024-10-01		ROC Post Inverbervie	UKBOTA		IO86UU	0	0	1		279
R	WWBOTA	B/GM-0194		2024-10-01		ROC Post Stonehaven Master Post	UKBOTA		IO86VW	0	0	1		279
R	WWBOTA	B/GM-0195		2024-10-01		ROC Post Portlethen	UKBOTA		IO87WB	0	0	1		279
R	WWBOTA	B/GM-0196		2024-10-01		ROC Post Milnathort	UKBOTA		IO86GF	0	0	1		279
R	WWBOTA	B/GM-0197		2024-10-01		ROC Post Creetown	UKBOTA		IO74TV	0	0	1		279
R	WWBOTA	B/GM-0198		2024-10-01		ROC Post Carsphairn Master Post	UKBOTA		IO75UF	0	0	1		279
R	WWBOTA	B/GM-0199		2024-10-01		ROC Post Gatehouse of Fleet	UKBOTA		IO74VV	0	0	1		279
R	WWBOTA	B/GM-0200		2024-10-01		ROC Post St. John's Town of Dalry	UKBOTA		IO75WC	0	0	1		279
R	WWBOTA	B/GM-0201		2024-10-01		ROC Post Parton	UKBOTA		IO75XA	0	0	1		279
R	WWBOTA	B/GM-0202		2024-10-01		ROC Post Kirkcudbright Master Post	UKBOTA		IO74XU	0	0	1		279
R	WWBOTA	B/GM-0203		2024-10-01		ROC Post Castle Douglas	UKBOTA		IO84AW	0	0	1		279
R	WWBOTA	B/GM-0204		2024-10-01		ROC Post Rockcliffe	UKBOTA		IO84CU	0	0	1		279
R	WWBOTA	B/GM-0205		2024-10-01		ROC Post Kirkgunzeon	UKBOTA		IO84CX	0	0	1		279
R	WWBOTA	B/GM-0206		2024-10-01		ROC Post Kirkbean	UKBOTA		IO84EW	0	0	1		279
R	WWBOTA	B/GM-0207		2024-10-01		ROC Post Glasgow	UKBOTA		IO75TU	0	0	1		279
R	WWBOTA	B/GM-0208		2024-10-01		ROC Post Gilbertfield	UKBOTA		IO75WT	0	0	1		279
R	WWBOTA	B/GM-0209		2024-10-01		ROC Post Stepps	UKBOTA		IO75WV	0	0	1		279
R	WWBOTA	B/GM-0210		2024-10-01		ROC Post Strathaven Master Post	UKBOTA		IO75XQ	0	0	1		279
R	WWBOTA	B/GM-0211		2024-10-01		ROC Post Airdrie	UKBOTA		IO85AV	0	0	1		279
R	WWBOTA	B/GM-0212		2024-10-01		ROC Post Lesmahagow	UKBOTA		IO85BO	0	0	1		279
R	WWBOTA	B/GM-0213		2024-10-01		ROC Post Douglas	UKBOTA		IO85BN	0	0	1		279
R	WWBOTA	B/GM-0214		2024-10-01		ROC Post Carluke	UKBOTA		IO85CR	0	0	1		279
R	WWBOTA	B/GM-0215		2024-10-01		ROC Post Shotts	UKBOTA		IO85CT	0	0	1		279
R	WWBOTA	B/GM-0216		2024-10-01		ROC Post Abington	UKBOTA		IO85DM	0	0	1		279
R	WWBOTA	B/GM-0217		2024-10-01		ROC Post Forth Master Post	UKBOTA		IO85DS	0	0	1		279
R	WWBOTA	B/GM-0218		2024-10-01		ROC Post Thankerton	UKBOTA		IO85EO	0	0	1		279
R	WWBOTA	B/GM-0219		2024-10-01		ROC Post Dunsyre	UKBOTA		IO85FQ	0	0	1		279
R	WWBOTA	B/GM-0220		2024-10-01		ROC Post North Berwick	UKBOTA		IO86PB	0	0	1		279
R	WWBOTA	B/GM-0221		2024-10-01		ROC Post Penicuik	UKBOTA		IO85JT	0	0	1		279
R	WWBOTA	B/GM-0222		2024-10-01		ROC Post Balerno	UKBOTA		IO85HU	0	0	1		279
R	WWBOTA	B/GM-0223		2024-10-01		ROC Post Turnhouse	UKBOTA		IO85IW	0	0	1		279
R	WWBOTA	B/GM-0224		2024-10-01		ROC Post Portobello	UKBOTA		IO85KW	0	0	1		279
R	WWBOTA	B/GM-0225		2024-10-01		ROC Post Dalkeith	UKBOTA		IO85LV	0	0	1		279
R	WWBOTA	B/GM-0226		2024-10-01		ROC Post Gorebridge	UKBOTA		IO85MT	0	0	1		279
R	WWBOTA	B/GM-0227		2024-10-01		ROC Post Stow of Wedale	UKBOTA		IO85NQ	0	0	1		279
R	WWBOTA	B/GM-0228		2024-10-01		ROC Post Findhorn	UKBOTA		IO87EP	0	0	1		279
R	WWBOTA	B/GM-0229		2024-10-01		ROC Post Grantown-on-Spey	UKBOTA		IO87EI	0	0	1		279
R	WWBOTA	B/GM-0230		2024-10-01		ROC Post Dallas	UKBOTA		IO87GN	0	0	1		279
R	WWBOTA	B/GM-0231		2024-10-01		ROC Post Elgin	UKBOTA		IO87HP	0	0	1		279
R	WWBOTA	B/GM-0232		2024-10-01		ROC Post Carron	UKBOTA		IO87IL	0	0	1		279
R	WWBOTA	B/GM-0233		2024-10-01		ROC Post Cawdor	UKBOTA		IO87BM	0	0	1		279
R	WWBOTA	B/GM-0234		2024-10-01		ROC Post Nairn	UKBOTA		IO87BO	0	0	1		279
R	WWBOTA	B/GM-0235		2024-10-01		ROC Post Glenferness	UKBOTA		IO87DL	0	0	1		279
R	WWBOTA	B/GM-0236		2024-10-01		ROC PostStromness	UKBOTA		IO88HX	0	0	1		279
R	WWBOTA	B/GM-0237		2024-10-01		ROC Post Kirkwall	UKBOTA		IO88LX	0	0	1		279
R	WWBOTA	B/GM-0238		2024-10-01		ROC Post Deerness	UKBOTA		IO88OW	0	0	1		279
R	WWBOTA	B/GM-0239		2024-10-01		ROC Post Tweedsmuir	UKBOTA		IO85GM	0	0	1		279
R	WWBOTA	B/GM-0240		2024-10-01		ROC Post West Linton	UKBOTA		IO85HS	0	0	1		279
R	WWBOTA	B/GM-0241		2024-10-01		ROC Post Peebles	UKBOTA		IO85JP	0	0	1		279
R	WWBOTA	B/GM-0242		2024-10-01		ROC Post Traquair	UKBOTA		IO85LO	0	0	1		279
R	WWBOTA	B/GM-0243		2024-10-01		ROC Post Crianlarich	UKBOTA		IO76QJ	0	0	1		279
R	WWBOTA	B/GM-0244		2024-10-01		ROC PostAberfoyle	UKBOTA		IO76TE	0	0	1		279
R	WWBOTA	B/GM-0245		2024-10-01		ROC Post Strathyre	UKBOTA		IO76UI	0	0	1		279
R	WWBOTA	B/GM-0246		2024-10-01		ROC Post Killin	UKBOTA		IO76UL	0	0	1		279
R	WWBOTA	B/GM-0247		2024-10-01		ROC Post Callander	UKBOTA		IO76VG	0	0	1		279
R	WWBOTA	B/GM-0248		2024-10-01		ROC Post Kinlochewe	UKBOTA		IO76VQ	0	0	1		279
R	WWBOTA	B/GM-0249		2024-10-01		ROC Post Doune	UKBOTA		IO76XE	0	0	1		279
R	WWBOTA	B/GM-0250		2024-10-01		ROC Post Comrie	UKBOTA		IO86AI	0	0	1		279
R	WWBOTA	B/GM-0251		2024-10-01		ROC Post Braco	UKBOTA		IO86BG	0	0	1		279
R	WWBOTA	B/GM-0252		2024-10-01		ROC Post Aberfeldy	UKBOTA		IO86BO	0	0	1		279
R	WWBOTA	B/GM-0253		2024-10-01		ROC Post Blair Atholl	UKBOTA		IO86BS	0	0	1		279
R	WWBOTA	B/GM-0254		2024-10-01		ROC Post Blackford	UKBOTA		IO86CG	0	0	1		279
R	WWBOTA	B/GM-0255		2024-10-01		ROC Post Muckhart	UKBOTA		IO86EE	0	0	1		279
R	WWBOTA	B/GM-0256		2024-10-01		ROC Post Methven	UKBOTA		IO86EK	0	0	1		279
R	WWBOTA	B/GM-0257		2024-10-01		ROC Post Dunning	UKBOTA		IO86EH	0	0	1		279
R	WWBOTA	B/GM-0258		2024-10-01		ROC Post Dunkeld	UKBOTA		IO86FN	0	0	1		279
R	WWBOTA	B/GM-0259		2024-10-01		ROC Post Bankfoot	UKBOTA		IO86GL	0	0	1		279
R	WWBOTA	B/GM-0260		2024-10-01		ROC Post Kirkmichael	UKBOTA		IO86GR	0	0	1		279
R	WWBOTA	B/GM-0261		2024-10-01		ROC Post Scone	UKBOTA		IO86HK	0	0	1		279
R	WWBOTA	B/GM-0262		2024-10-01		ROC Post Bridge of Earn	UKBOTA		IO86HI	0	0	1		279
R	WWBOTA	B/GM-0263		2024-10-01		ROC Post Meikleour	UKBOTA		IO86HM	0	0	1		279
R	WWBOTA	B/GM-0264		2024-10-01		ROC Post Alyth	UKBOTA		IO86JO	0	0	1		279
R	WWBOTA	B/GM-0265		2024-10-01		ROC Post Abernyte	UKBOTA		IO86JL	0	0	1		279
R	WWBOTA	B/GM-0267		2024-10-01		ROC Post Strathdon	UKBOTA		IO87LE	0	0	1		279
R	WWBOTA	B/GM-0268		2024-10-01		ROC Post Gourock	UKBOTA		IO75OW	0	0	1		279
R	WWBOTA	B/GM-0269		2024-10-01		ROC Post Bridge of Weir	UKBOTA		IO75QU	0	0	1		279
R	WWBOTA	B/GM-0270		2024-10-01		ROC Post Barrhead	UKBOTA		IO75TT	0	0	1		279
R	WWBOTA	B/GM-0271		2024-10-01		ROC Post Eaglesham	UKBOTA		IO75UR	0	0	1		279
R	WWBOTA	B/GM-0272		2024-10-01		ROC Post Harris	UKBOTA		IO67OV	0	0	1		279
R	WWBOTA	B/GM-0273		2024-10-01		ROC Post Stornoway - Isle of Lewis	UKBOTA		IO68TE	0	0	1		279
R	WWBOTA	B/GM-0274		2024-10-01		ROC Post Kyle of Lochalsh-2	UKBOTA		IO77DH	0	0	1		279
R	WWBOTA	B/GM-0275		2024-10-01		ROC Post Kyle of Lochalsh-1	UKBOTA		IO77DH	0	0	1		279
R	WWBOTA	B/GM-0276		2024-10-01		ROC Post Gairloch	UKBOTA		IO77DR	0	0	1		279
R	WWBOTA	B/GM-0277		2024-10-01		ROC Post Aultbea	UKBOTA		IO77EU	0	0	1		279
R	WWBOTA	B/GM-0278		2024-10-01		ROC Post Lochcarron	UKBOTA		IO77GK	0	0	1		279
R	WWBOTA	B/GM-0279		2024-10-01		ROC Post Kinloch Rannoch	UKBOTA		IO77IO	0	0	1		279
R	WWBOTA	B/GM-0280		2024-10-01		ROC Post Ullapool	UKBOTA		IO77JV	0	0	1		279
R	WWBOTA	B/GM-0281		2024-10-01		ROC Post Achnasheen	UKBOTA		IO77LN	0	0	1		279
R	WWBOTA	B/GM-0282		2024-10-01		ROC Post Garve	UKBOTA		IO77PP	0	0	1		279
R	WWBOTA	B/GM-0283		2024-10-01		ROC Post Dingwall	UKBOTA		IO77SO	0	0	1		279
R	WWBOTA	B/GM-0284		2024-10-01		ROC Post Ardgay	UKBOTA		IO77TV	0	0	1		279
R	WWBOTA	B/GM-0285		2024-10-01		ROC Post Invergordon	UKBOTA		IO77VQ	0	0	1		279
R	WWBOTA	B/GM-0286		2024-10-01		ROC Post Fortrose	UKBOTA		IO77WN	0	0	1		279
R	WWBOTA	B/GM-0287		2024-10-01		ROC Post Tain	UKBOTA		IO77XT	0	0	1		279
R	WWBOTA	B/GM-0288		2024-10-01		ROC Post Cromarty	UKBOTA		IO77XQ	0	0	1		279
R	WWBOTA	B/GM-0289		2024-10-01		ROC Post Fearn	UKBOTA		IO87BS	0	0	1		279
R	WWBOTA	B/GM-0290		2024-10-01		ROC Post Teviotdale	UKBOTA		IO85MH	0	0	1		279
R	WWBOTA	B/GM-0291		2024-10-01		ROC Post Ashkirk	UKBOTA		IO85OL	0	0	1		279
R	WWBOTA	B/GM-0292		2024-10-01		ROC Post Lilliesleaf	UKBOTA		IO85OM	0	0	1		279
R	WWBOTA	B/GM-0293		2024-10-01		ROC Post Jedburgh	UKBOTA		IO85RL	0	0	1		279
R	WWBOTA	B/GM-0294		2024-10-01		ROC Post Smailholme	UKBOTA		IO85RO	0	0	1		279
R	WWBOTA	B/GM-0295		2024-10-01		ROC Post Kelso	UKBOTA		IO85TP	0	0	1		279
R	WWBOTA	B/GM-0296		2024-10-01		ROC Post Morebattle	UKBOTA		IO85TM	0	0	1		279
R	WWBOTA	B/GM-0297		2024-10-01		ROC Post Liddesdale	UKBOTA		IO85OE	0	0	1		279
R	WWBOTA	B/GM-0298		2024-10-01		ROC Post Steele Road	UKBOTA		IO85OF	0	0	1		279
R	WWBOTA	B/GM-0299		2024-10-01		ROC Post Yarrow	UKBOTA		IO85KM	0	0	1		279
R	WWBOTA	B/GM-0300		2024-10-01		ROC Post Galashiels	UKBOTA		IO85OO	0	0	1		279
R	WWBOTA	B/GM-0301		2024-10-01		ROC Post Walls	UKBOTA		IP90FF	0	0	1		279
R	WWBOTA	B/GM-0302		2024-10-01		ROC Post Sumburgh Head	UKBOTA		IO99IV	0	0	1		279
R	WWBOTA	B/GM-0303		2024-10-01		ROC Post Voe	UKBOTA		IP90JK	0	0	1		279
R	WWBOTA	B/GM-0304		2024-10-01		ROC Post Lerwick	UKBOTA		IP90JD	0	0	1		279
R	WWBOTA	B/GM-0305		2024-10-01		ROC Post Killearn	UKBOTA		IO76TB	0	0	1		279
R	WWBOTA	B/GM-0306		2024-10-01		ROC Post Kippen	UKBOTA		IO76VC	0	0	1		279
R	WWBOTA	B/GM-0307		2024-10-01		ROC Post Kirkintilloch	UKBOTA		IO75WW	0	0	1		279
R	WWBOTA	B/GM-0308		2024-10-01		ROC Post Bonnybridge	UKBOTA		IO86BA	0	0	1		279
R	WWBOTA	B/GM-0309		2024-10-01		ROC Post Bannockburn	UKBOTA		IO86BC	0	0	1		279
R	WWBOTA	B/GM-0310		2024-10-01		ROC Post Slamannan	UKBOTA		IO85CW	0	0	1		279
R	WWBOTA	B/GM-0311		2024-10-01		ROC Post Stoer	UKBOTA		IO78IE	0	0	1		279
R	WWBOTA	B/GM-0312		2024-10-01		ROC Post Scourie	UKBOTA		IO78KI	0	0	1		279
R	WWBOTA	B/GM-0313		2024-10-01		ROC Post Elphin	UKBOTA		IO78LB	0	0	1		279
R	WWBOTA	B/GM-0314		2024-10-01		ROC Post Durness	UKBOTA		IO78ON	0	0	1		279
R	WWBOTA	B/GM-0315		2024-10-01		ROC Post Altnaharra	UKBOTA		IO78SG	0	0	1		279
R	WWBOTA	B/GM-0316		2024-10-01		ROC Post Lairg	UKBOTA		IO78TA	0	0	1		279
R	WWBOTA	B/GM-0317		2024-10-01		ROC Post Tongue	UKBOTA		IO78TL	0	0	1		279
R	WWBOTA	B/GM-0318		2024-10-01		ROC Post Bettyhill	UKBOTA		IO78VM	0	0	1		279
R	WWBOTA	B/GM-0319		2024-10-01		ROC Post Kinbrace	UKBOTA		IO88AG	0	0	1		279
R	WWBOTA	B/GM-0320		2024-10-01		ROC Post Melvich	UKBOTA		IO88AN	0	0	1		279
R	WWBOTA	B/GM-0321		2024-10-01		ROC Post Brora	UKBOTA		IO87BX	0	0	1		279
R	WWBOTA	B/GM-0322		2024-10-01		ROC Post Dornoch	UKBOTA		IO87AV	0	0	1		279
R	WWBOTA	B/GM-0323		2024-10-01		ROC Post Bathgate	UKBOTA		IO85EV	0	0	1		279
R	WWBOTA	B/GM-0324		2024-10-01		ROC Post Bo'ness	UKBOTA		IO85EX	0	0	1		279
R	WWBOTA	B/GM-0325		2024-10-01		ROC Post West Calder	UKBOTA		IO85FU	0	0	1		279
R	WWBOTA	B/GM-0326		2024-10-01		ROC Post Kirkliston	UKBOTA		IO85GW	0	0	1		279
R	WWBOTA	B/GM-0327		2024-10-01		ROC Post Portpatrick	UKBOTA		IO74KU	0	0	1		279
R	WWBOTA	B/GM-0328		2024-10-01		ROC Post Ervie	UKBOTA		IO74KX	0	0	1		279
R	WWBOTA	B/GM-0329		2024-10-01		ROC Post Sandhead	UKBOTA		IO74MT	0	0	1		279
R	WWBOTA	B/GM-0330		2024-10-01		ROC Post New Luce	UKBOTA		IO74NW	0	0	1		279
R	WWBOTA	B/GM-0331		2024-10-01		ROC Post Auchenmalg	UKBOTA		IO74OT	0	0	1		279
R	WWBOTA	B/GM-0332		2024-10-01		ROC Post Kirkcowan	UKBOTA		IO74QW	0	0	1		279
R	WWBOTA	B/GM-0333		2024-10-01		ROC Post Port William	UKBOTA		IO74RS	0	0	1		279
R	WWBOTA	B/GM-0334		2024-10-01		ROC Post Bargrennan	UKBOTA		IO75QB	0	0	1		279
R	WWBOTA	B/GM-0335		2024-10-01		ROC Post Newton Stewart	UKBOTA		IO74SW	0	0	1		279
R	WWBOTA	B/GM-0336		2024-10-01		ROC Post Garlieston	UKBOTA		IO74TS	0	0	1		279
R	WWBOTA	B/GM-0337		2024-10-01		ROC Group No 24 - Edinburgh (Turnhouse)	UKBOTA		IO85HW	0	0	1		279
R	WWBOTA	B/GM-0338		2024-10-01		ROC Group No 25 - Ayr	UKBOTA		IO75QL	0	0	1		279
R	WWBOTA	B/GM-0339		2024-10-01		ROC Group No 27 - Oban	UKBOTA		IO76HL	0	0	1		279
R	WWBOTA	B/GM-0340		2024-10-01		ROC Group No 28 - Dundee	UKBOTA		IO86NL	0	0	1		279
R	WWBOTA	B/GM-0341		2024-10-01		ROC Group No 29 - Aberdeen (Northfield)	UKBOTA		IO87WD	0	0	1		279
R	WWBOTA	B/GM-0342		2024-10-01		ROC Group No 30 - Inverness	UKBOTA		IO77VL	0	0	1		279
R	WWBOTA	B/GM-0343		2024-10-01		AAOR Craigiehall	UKBOTA		IO85HX	0	0	1		279
R	WWBOTA	B/GM-0344		2024-10-01		AAOR East Kilbride	UKBOTA		IO75WR	0	0	1		279
R	WWBOTA	B/GM-0345		2024-10-01		AAOR Gairloch	UKBOTA		IO77DR	0	0	1		279
R	WWBOTA	B/GM-0346		2024-10-01		AAOR Inverkip	UKBOTA		IO75NV	0	0	1		279
R	WWBOTA	B/GM-0347		2024-10-01		Chain Home - Brenish	UKBOTA		IO68KC	0	0	1		279
R	WWBOTA	B/GM-0348		2024-10-01		Chain Home - Broadbay	UKBOTA		IO68VF	0	0	1		279
R	WWBOTA	B/GM-0349		2024-10-01		Chain Home - Douglas Wood	UKBOTA		IO86NN	0	0	1		279
R	WWBOTA	B/GM-0350		2024-10-01		Chain Home - Drone Hill	UKBOTA		IO85VV	0	0	1		279
R	WWBOTA	B/GM-0351		2024-10-01		Chain Home - Hill Head	UKBOTA		IO87WP	0	0	1		279
R	WWBOTA	B/GM-0352		2024-10-01		Chain Home - Kilkenneth	UKBOTA		IO66MM	0	0	1		279
R	WWBOTA	B/GM-0353		2024-10-01		Chain Home - Loth	UKBOTA		IO88CB	0	0	1		279
R	WWBOTA	B/GM-0354		2024-10-01		Chain Home - Netherbutton	UKBOTA		IO88MW	0	0	1		279
R	WWBOTA	B/GM-0355		2024-10-01		Chain Home - North Cairn	UKBOTA		IO74JX	0	0	1		279
R	WWBOTA	B/GM-0356		2024-10-01		Chain Home - Noss Hill	UKBOTA		IO99HW	0	0	1		279
R	WWBOTA	B/GM-0357		2024-10-01		Chain Home - Saligo Bay	UKBOTA		IO65ST	0	0	1		279
R	WWBOTA	B/GM-0358		2024-10-01		Chain Home - Sango	UKBOTA		IO78PN	0	0	1		279
R	WWBOTA	B/GM-0359		2024-10-01		Chain Home - Schoolhill	UKBOTA		IO87WB	0	0	1		279
R	WWBOTA	B/GM-0360		2024-10-01		Chain Home - Skaw	UKBOTA		IP90OT	0	0	1		279
R	WWBOTA	B/GM-0361		2024-10-01		Chain Home - Tannach	UKBOTA		IO88KJ	0	0	1		279
R	WWBOTA	B/GM-0362		2024-10-01		Chain Home - Whale Head	UKBOTA		IO89SH	0	0	1		279
R	WWBOTA	B/GM-0363		2024-10-01		1950s War Room Edinburgh (East Kilbridge) - Region 11	UKBOTA		IO75WS	0	0	1		279
R	WWBOTA	B/GM-0364		2024-10-01		1950s War Room Edinburgh (Kirknewton) - Region 11	UKBOTA		IO85GV	0	0	1		279
R	WWBOTA	B/GM-0365		2024-10-01		1980s RGHQ - Scotland Central - Region 1 - Cultybraggen	UKBOTA		IO86AI	0	0	1		279
R	WWBOTA	B/GM-0366		2024-10-01		1980s RGHQ - Scotland North - Region 1 - Anstruther	UKBOTA		IO86PG	0	0	1		279
R	WWBOTA	B/GM-0367		2024-10-01		ROTOR Radar - Aird Uig (WIU)	UKBOTA		IO68LF	0	0	1		279
R	WWBOTA	B/GM-0368		2024-10-01		ROTOR Radar - Anstruther (FAT)	UKBOTA		IO86PG	0	0	1		279
R	WWBOTA	B/GM-0369		2024-10-01		ROTOR Radar - Barnton Quarry (MHA)	UKBOTA		IO85IX	0	0	1		279
R	WWBOTA	B/GM-0370		2024-10-01		ROTOR Radar - Buchan (GBU)	UKBOTA		IO97CK	0	0	1		279
R	WWBOTA	B/GM-0371		2024-10-01		ROTOR Radar - Crosslaw (HCV)	UKBOTA		IO85VV	0	0	1		279
R	WWBOTA	B/GM-0372		2024-10-01		ROTOR Radar - Faraid Head (RAI)	UKBOTA		IO78OO	0	0	1		279
R	WWBOTA	B/GM-0373		2024-10-01		ROTOR Radar - Gailes (FUL)	UKBOTA		IO75QO	0	0	1		279
R	WWBOTA	B/GM-0374		2024-10-01		ROTOR Radar - Inverbervie (LGZ)	UKBOTA		IO86UU	0	0	1		279
R	WWBOTA	B/GM-0375		2024-10-01		ROTOR Radar - Kilchiaran (ECK)	UKBOTA		IO65SS	0	0	1		279
R	WWBOTA	B/GM-0376		2024-10-01		ROTOR Radar - Saxa Vord (AXA)	UKBOTA		IP90NT	0	0	1		279
R	WWBOTA	B/GM-0377		2024-10-01		ROTOR Radar - Scarinish (FLY)	UKBOTA		IO66OM	0	0	1		279
R	WWBOTA	B/GM-0378		2024-10-01		ROTOR Radar - Wick (IKA)	UKBOTA		IO88KL	0	0	1		279
R	WWBOTA	B/GM-0379		2024-10-01		Airfield Battle HQ - Wigtown	UKBOTA		IO74SU	0	0	1		279
R	WWBOTA	B/GM-0380		2024-10-01		Airfield Battle HQ - Annan	UKBOTA		IO85JA	0	0	1		279
R	WWBOTA	B/GM-0381		2024-10-01		Airfield Battle HQ - Ayr	UKBOTA		IO75QL	0	0	1		279
R	WWBOTA	B/GM-0382		2024-10-01		Airfield Battle HQ - Castle Kennedy	UKBOTA		IO74MV	0	0	1		279
R	WWBOTA	B/GM-0383		2024-10-01		Airfield Battle HQ - Castletown	UKBOTA		IO88HN	0	0	1		279
R	WWBOTA	B/GM-0384		2024-10-01		Airfield Battle HQ - Dalcross	UKBOTA		IO77XM	0	0	1		279
R	WWBOTA	B/GM-0385		2024-10-01		Airfield Battle HQ - Drem	UKBOTA		IO86OA	0	0	1		279
R	WWBOTA	B/GM-0386		2024-10-01		Airfield Battle HQ - Dumfries	UKBOTA		IO85EC	0	0	1		279
R	WWBOTA	B/GM-0387		2024-10-01		Airfield Battle HQ - East Fortune	UKBOTA		IO85PX	0	0	1		279
R	WWBOTA	B/GM-0388		2024-10-01		Airfield Battle HQ - Fearn	UKBOTA		IO87AS	0	0	1		279
R	WWBOTA	B/GM-0389		2024-10-01		Airfield Battle HQ - Findo Gask	UKBOTA		IO86EI	0	0	1		279
R	WWBOTA	B/GM-0390		2024-10-01		Airfield Battle HQ - Fraserburgh	UKBOTA		IO97AQ	0	0	1		279
R	WWBOTA	B/GM-0391		2024-10-01		Airfield Battle HQ - Inverness	UKBOTA		IO77VL	0	0	1		279
R	WWBOTA	B/GM-0392		2024-10-01		Airfield Battle HQ - Kinloss	UKBOTA		IO87FP	0	0	1		279
R	WWBOTA	B/GM-0393		2024-10-01		Airfield Battle HQ - Kinnel	UKBOTA		IO86QP	0	0	1		279
R	WWBOTA	B/GM-0394		2024-10-01		Airfield Battle HQ - Lossiemouth	UKBOTA		IO87IR	0	0	1		279
R	WWBOTA	B/GM-0395		2024-10-01		Airfield Battle HQ - Milltown	UKBOTA		IO87JP	0	0	1		279
R	WWBOTA	B/GM-0396		2024-10-01		Airfield Battle HQ - Montrose(1)	UKBOTA		IO86SR	0	0	1		279
R	WWBOTA	B/GM-0397		2024-10-01		Airfield Battle HQ - Montrose(2)	UKBOTA		IO86SR	0	0	1		279
R	WWBOTA	B/GM-0398		2024-10-01		Airfield Battle HQ - Perth	UKBOTA		IO86HK	0	0	1		279
R	WWBOTA	B/GM-0399		2024-10-01		Airfield Battle HQ - Peterhead(1)	UKBOTA		IO97BM	0	0	1		279
R	WWBOTA	B/GM-0400		2024-10-01		Airfield Battle HQ - Peterhead(2)	UKBOTA		IO97BM	0	0	1		279
R	WWBOTA	B/GM-0401		2024-10-01		Airfield Battle HQ - Port Ellen	UKBOTA		IO65VQ	0	0	1		279
R	WWBOTA	B/GM-0402		2024-10-01		Airfield Battle HQ - Scatsta	UKBOTA		IP90IK	0	0	1		279
R	WWBOTA	B/GM-0403		2024-10-01		Airfield Battle HQ - Skeabrae	UKBOTA		IO89IB	0	0	1		279
R	WWBOTA	B/GM-0404		2024-10-01		Airfield Battle HQ - Sumburgh	UKBOTA		IO99IV	0	0	1		279
R	WWBOTA	B/GM-0405		2024-10-01		Airfield Battle HQ - Tain	UKBOTA		IO87AT	0	0	1		279
R	WWBOTA	B/GM-0406		2024-10-01		Airfield Battle HQ - Tealing	UKBOTA		IO86MM	0	0	1		279
R	WWBOTA	B/GM-0407		2024-10-01		Airfield Battle HQ - Wick	UKBOTA		IO88KL	0	0	1		279
R	WWBOTA	B/GM-0408		2024-10-01		Airfield Battle HQ - Winfield	UKBOTA		IO85VR	0	0	1		279
R	WWBOTA	B/GM-0409		2024-10-01		BBC Bunker - Westerglen	UKBOTA		IO85CX	0	0	1		279
R	WWBOTA	B/GM-0410		2024-10-01		WW2 Starfish Bunker - Auchenreoch Muir	UKBOTA		IO75RW	0	0	1		279
R	WWBOTA	B/GM-0411		2024-10-01		WW2 Starfish Bunker - Jaw Reservoir	UKBOTA		IO75TW	0	0	1		279
R	WWBOTA	B/GM-0412		2024-10-01		Falkirk Civil Defence Headquarters	UKBOTA		IO86CA	0	0	1		279
R	WWBOTA	B/GM-0413		2024-10-01		Stirling Civil Defence Control	UKBOTA		IO76TB	0	0	1		279
R	WWBOTA	B/GM-0414		2024-10-01		Dumbarton Emergency Headquarters - Garshake	UKBOTA		IO75RW	0	0	1		279
R	WWBOTA	B/GM-0415		2024-10-01		Pitreavie Castle Combined Forces HQ Bunker, Fife	UKBOTA		IO86GB	0	0	1		279
R	WWBOTA	B/GM-0416		2024-10-01		Aberdeen Civil Defence Control	UKBOTA		IO87OK	0	0	1		279
R	WWBOTA	B/GM-0417		2024-10-01		Carnbee Auxiliary Unit Operational Base (OB)	UKBOTA		IO86PF	0	0	1		279
R	WWBOTA	B/GM-0418		2024-10-01		Kingsbarns Auxiliary Unit Operational Base (OB)	UKBOTA		IO86PH	0	0	1		279
R	WWBOTA	B/GM-0419		2024-10-01		St. Andrews and St. Leonard Auxiliary Unit Operational Base (OB)	UKBOTA		IO86NH	0	0	1		279
R	WWBOTA	B/GM-0420		2024-10-01		RAF Edzell bunker	UKBOTA		IO86QT	0	0	1		279
R	WWBOTA	B/GM-0421		2024-10-01		WW2 Air-Raid Shelter Culter House	UKBOTA		IO87UC	0	0	1		279
R	WWBOTA	B/GM-0422		2024-10-01		WW2 Coastal Observation Bunker, Newhaven	UKBOTA		IO87AQ	0	0	1		279
R	WWBOTA	B/GM-0423		2024-10-01		Waterside WW2 Air Raid Shelter	UKBOTA		IO75WW	0	0	1		279
R	WWBOTA	B/GM-0424		2024-10-01		WW2 Ammunition Bunker	UKBOTA		IO77VR	0	0	1		279
R	WWBOTA	B/GM-0425		2024-10-01		WW2 Coastal Observation Bunker, Ardshealach	UKBOTA		IO76CR	0	0	1		279
R	WWBOTA	B/GM-0426		2024-10-01		WW2 Coastal Observation Bunker, Loch Ewe	UKBOTA		IO77DU	0	0	1		279
R	WWBOTA	B/GM-0427		2024-10-01		WW2 Coastal Observation Bunker, Ness of Sound	UKBOTA		IP90	0	0	1		279
R	WWBOTA	B/GM-0428		2024-10-01		WW2 Coastal Observation Bunker, Scad Head	UKBOTA		IO88JV	0	0	1		279
R	WWBOTA	B/GM-0429		2024-10-01		WW2 Coastal Observation Bunker, Tain	UKBOTA		IO87AQ	0	0	1		279
R	WWBOTA	B/GM-0430		2024-10-01		WW2 Coastal Observation Post Bunker, Kincraig (1)	UKBOTA		IO86NE	0	0	1		279
R	WWBOTA	B/GM-0431		2024-10-01		WW2 Coastal Observation Post Bunker, Kincraig (2)	UKBOTA		IO86NE	0	0	1		279
R	WWBOTA	B/GM-0433		2024-10-01		WW2 Observation Post Bunker, Smallholm	UKBOTA		IO85RO	0	0	1		279
R	WWBOTA	B/GM-0434		2024-10-01		WW2 Observation Post Bunker, Finnarts Bay	UKBOTA		IO75LA	0	0	1		279
R	WWBOTA	B/GM-0435		2024-10-01		RAF West Freugh, WW2 ground defence bunker cluster	UKBOTA		IO74MU	0	0	1		279
R	WWBOTA	B/GM-0436		2024-10-01		RAF Wig Bay, WW2 ground defence bunkers cluster	UKBOTA		IO74LX	0	0	1		279
R	WWBOTA	B/GM-0437		2024-10-01		RAF Drem,  WW2 ground defence bunker cluster	UKBOTA		IO86OA	0	0	1		279
R	WWBOTA	B/GM-0438		2024-10-01		RAF MacMerry, WW2 ground defence bunker cluster	UKBOTA		IO85NW	0	0	1		279
R	WWBOTA	B/GM-0439		2024-10-01		RAF Leuchars, WW2 ground defence bunker cluster	UKBOTA		IO86NI	0	0	1		279
R	WWBOTA	B/GM-0440		2024-10-01		RAF Castletown, WW2 ground defence bunker cluster	UKBOTA		IO88HO	0	0	1		279
R	WWBOTA	B/GM-0441		2024-10-01		RAF Skitten, WW2 ground defence bunker cluster	UKBOTA		IO88JL	0	0	1		279
R	WWBOTA	B/GM-0442		2024-10-01		RNAS Evanton, WW2 ground defence bunker cluster	UKBOTA		IO77UQ	0	0	1		279
R	WWBOTA	B/GM-0443		2024-10-01		RAF Benbecula, WW2 ground defence bunker	UKBOTA		IO67HL	0	0	1		279
R	WWBOTA	B/GM-0444		2024-10-01		RAF Kirkwall, WW2 ground defence bunker cluster	UKBOTA		IO88MX	0	0	1		279
R	WWBOTA	B/GM-0445		2024-10-01		RAF Errol,  WW2 ground defence bunker cluster	UKBOTA		IO86JJ	0	0	1		279
R	WWBOTA	B/GM-0446		2024-10-01		Grind, WW2 Decoy Control Bunker	UKBOTA		IO99IU	0	0	1		279
R	WWBOTA	B/GM-0447		2024-10-01		Deasbreck, WW2 Decoy Control Bunker	UKBOTA		IO89JC	0	0	1		279
R	WWBOTA	B/GM-0448		2024-10-01		Dounby, WW2 Decoy Control Bunker	UKBOTA		IO89JB	0	0	1		279
R	WWBOTA	B/GM-0449		2024-10-01		Grit Ness, WW2 Decoy Control Bunker	UKBOTA		IO89KC	0	0	1		279
R	WWBOTA	B/GM-0450		2024-10-01		Isbister, WW2 Decoy Control Bunker	UKBOTA		IO89LA	0	0	1		279
R	WWBOTA	B/GM-0451		2024-10-01		Shapinsay, WW2 Decoy Control Bunker	UKBOTA		IO89NA	0	0	1		279
R	WWBOTA	B/GM-0452		2024-10-01		Sanday, WW2 Decoy Control Bunker	UKBOTA		IO89RG	0	0	1		279
R	WWBOTA	B/GM-0453		2024-10-01		Lewis Battery, HQ Bunker	UKBOTA		IO68TF	0	0	1		279
R	WWBOTA	B/GM-0454		2024-10-01		Greenland, WW2 Decoy Control Bunker	UKBOTA		IO88IO	0	0	1		279
R	WWBOTA	B/GM-0455		2024-10-01		Thrumster, WW2 Decoy Control Bunker	UKBOTA		IO88KJ	0	0	1		279
R	WWBOTA	B/GM-0456		2024-10-01		Easter Craigie, WW2 Decoy Control Bunker	UKBOTA		IO87WG	0	0	1		279
R	WWBOTA	B/GM-0457		2024-10-01		Bridgefield House, WW2 Decoy Control Bunker	UKBOTA		IO97BN	0	0	1		279
R	WWBOTA	B/GM-0458		2024-10-01		Fort William, WW2 Decoy Control Bunker	UKBOTA		IO76LU	0	0	1		279
R	WWBOTA	B/GM-0459		2024-10-01		Lundin Links, WW2 Coastal Defence Bunkers	UKBOTA		IO86MF	0	0	1		279
R	WWBOTA	B/GM-0460		2024-10-01		Balcormo Mill, WW2 Auxiliary OB Bunker	UKBOTA		IO86OF	0	0	1		279
R	WWBOTA	B/GM-0461		2024-10-01		Boghall, WW2 Naval Airfield Decoy Control Bunker	UKBOTA		IO86PH	0	0	1		279
R	WWBOTA	B/GM-0462		2024-10-01		High Ballevain Cottage,WW2 Decoy Control Bunker	UKBOTA		IO75DL	0	0	1		279
R	WWBOTA	B/GM-0463		2024-10-01		Gourock, WW2 Naval Decoy	UKBOTA		IO75OW	0	0	1		279
R	WWBOTA	B/GM-0464		2024-10-01		Whitelees, WW2 Naval Decoy Bunker	UKBOTA		IO75OW	0	0	1		279
R	WWBOTA	B/GM-0465		2024-10-01		Newark Hill, WW2 Decoy Control Bunker	UKBOTA		IO75PJ	0	0	1		279
R	WWBOTA	B/GM-0466		2024-10-01		Old Kipproch, WW2 Decoy Control Bunker	UKBOTA		IO75QX	0	0	1		279
R	WWBOTA	B/GM-0467		2024-10-01		Gleniffer Braes, WW2 Decoy Control Bunker	UKBOTA		IO75ST	0	0	1		279
R	WWBOTA	B/GM-0468		2024-10-01		Peathill Wood, WW2 Decoy Control Bunker	UKBOTA		IO75VW	0	0	1		279
R	WWBOTA	B/GM-0469		2024-10-01		Lodgehill, WW2 Decoy Control Bunker	UKBOTA		IO75WS	0	0	1		279
R	WWBOTA	B/GM-0470		2024-10-01		Banton, WW2 Decoy Control Bunker	UKBOTA		IO76XA	0	0	1		279
R	WWBOTA	B/GM-0471		2024-10-01		Preston Island, Naval Decoy Control Bunker	UKBOTA		IO86EB	0	0	1		279
R	WWBOTA	B/GM-0472		2024-10-01		Craigielands, WW2 Decoy Control Bunker	UKBOTA		IO85GH	0	0	1		279
R	WWBOTA	B/GM-0473		2024-10-01		Edinburgh, WW2 Decoy Control Bunker	UKBOTA		IO85IX	0	0	1		279
R	WWBOTA	B/GM-0474		2024-10-01		Newton House, WW2 Starfish Decoy Bunker	UKBOTA		IO85LV	0	0	1		279
R	WWBOTA	B/GM-0475		2024-10-01		Elie, Coastal Defence Bunkers	UKBOTA		IO86OE	0	0	1		279
R	WWBOTA	B/GM-0476		2024-10-01		Georgefield,  WW2 Decoy Control Bunker	UKBOTA		IO85QP	0	0	1		279
R	WWBOTA	B/GM-0477		2024-10-01		Spruce Cleugh,  WW2 Decoy Control Bunker	UKBOTA		IO85RW	0	0	1		279
R	WWBOTA	B/GM-0478		2024-10-01		Innermessan Battery, HQ Control Bunker	UKBOTA		IO74MW	0	0	1		279
R	WWBOTA	B/GM-0479		2024-10-01		Stranraer coastal observation post	UKBOTA		IO75LA	0	0	1		279
R	WWBOTA	B/GM-0480		2024-10-01		Alness Bay, coastal defence bunker	UKBOTA		IO77UQ	0	0	1		279
R	WWBOTA	B/GM-0481		2024-10-01		Nigg Ferry, coastal defence bunker	UKBOTA		IO77XQ	0	0	1		279
R	WWBOTA	B/GM-0482		2024-10-01		Lummerlaws, coastal defence bunker	UKBOTA		IO86JB	0	0	1		279
R	WWBOTA	B/GM-0483		2024-10-01		Peffer Sands, coastal defence bunker	UKBOTA		IO86QA	0	0	1		279
R	WWBOTA	B/GM-0484		2024-10-01		Lunan Bay, coastal defence bunker	UKBOTA		IO86RP	0	0	1		279
R	WWBOTA	B/GM-0485		2024-10-01		Bervie Bay, coastal defence bunker	UKBOTA		IO86UU	0	0	1		279
R	WWBOTA	B/GM-0486		2024-10-01		Lossiemouth.coastal defence bunkers (cluster)	UKBOTA		IO87HR	0	0	1		279
R	WWBOTA	B/GM-0487		2024-10-01		Sandend Bay, coastal defence bunker	UKBOTA		IO87PQ	0	0	1		279
R	WWBOTA	B/GM-0488		2024-10-01		Banff Harbour, coastal defence bunker	UKBOTA		IO87RQ	0	0	1		279
R	WWBOTA	B/GM-0489		2024-10-01		Aberdeen, coastal defence bunker	UKBOTA		IO87XE	0	0	1		279
R	WWBOTA	B/GM-0490		2024-10-01		Fraserburgh , coastal defence bunker (cluster)	UKBOTA		IO87XQ	0	0	1		279
R	WWBOTA	B/GM-0491		2024-10-01		Fraserburgh, coastal defence bunker	UKBOTA		IO87XQ	0	0	1		279
R	WWBOTA	B/GM-0492		2024-10-01		Black Point, coastal defence bunker	UKBOTA		IO88KL	0	0	1		279
R	WWBOTA	B/GM-0493		2024-10-01		Tang Head, coastal defence bunker	UKBOTA		IO88KM	0	0	1		279
R	WWBOTA	B/GM-0494		2024-10-01		Fraserburgh Bay, coastal defence bunker	UKBOTA		IO97AQ	0	0	1		279
R	WWBOTA	B/GM-0495		2024-10-01		Cairnbulg, coastal defence bunker	UKBOTA		IO97AQ	0	0	1		279
R	WWBOTA	B/GM-0496		2024-10-01		Lunderton Bay, coastal defence bunkers (cluster)	UKBOTA		IO97CM	0	0	1		279
R	WWBOTA	B/GM-0497		2024-10-01		Rattray Head, coastal defence bunkers (cluster)	UKBOTA		IO97CO	0	0	1		279
R	WWBOTA	B/GM-0498		2024-10-01		Coastal Defence Bunker Cluster, Kilgcreggan	UKBOTA		IO75OX	0	0	1		279
R	WWBOTA	B/GM-0499		2024-10-01		WW2 AA Battery Bunker, Flatterton	UKBOTA		IO75NW	0	0	1		279
R	WWBOTA	B/GM-0500		2024-10-01		WW2 AA Battery Bunker, Larkfield	UKBOTA		IO75OW	0	0	1		279
R	WWBOTA	B/GM-0501		2024-10-01		WW2 AA Battery, Whinhill	UKBOTA		IO75OW	0	0	1		279
R	WWBOTA	B/GM-0502		2024-10-01		WW2 AA Gun Battery Bunker, High Mathernock	UKBOTA		IO75PV	0	0	1		279
R	WWBOTA	B/GM-0503		2024-10-01		WW2 AA Gun Battery Bunker, Houston	UKBOTA		IO75RU	0	0	1		279
R	WWBOTA	B/GM-0504		2024-10-01		WW2 Pillbox cluster, Isle of Arran (Holy Island)	UKBOTA		IO75KM	0	0	1		279
R	WWBOTA	B/GM-0505		2024-10-01		WW2 AA Gun Battery Bunker, Bogside	UKBOTA		IO75QV	0	0	1		279
R	WWBOTA	B/GU-0001		2024-10-01		Guernsey Civil Defence HQ	UKBOTA		IN89RK	0	0	1		106
R	WWBOTA	B/GU-0002		2024-10-01		St Martin Monitoring Post	UKBOTA		IN89RK	0	0	1		106
R	WWBOTA	B/GU-0003		2024-10-01		Torteval Monitoring Post	UKBOTA		IN89QK	0	0	1		106
R	WWBOTA	B/GU-0004		2024-10-01		Vale Monitoring Post	UKBOTA		IN89RL	0	0	1		106
R	WWBOTA	B/GU-0005		2024-10-01		Alderney Civil Defence HQ & Monitoring Post	UKBOTA		IN89VR	0	0	1		106
R	WWBOTA	B/GU-0006		2024-10-01		East Coast Command Bunker, Beau Sejour, Guernsey	UKBOTA		IN89RL	0	0	1		106
R	WWBOTA	B/GW-0001		2024-10-01		ROC Post Llanfaethlu Master Post	UKBOTA		IO73RI	0	0	1		294
R	WWBOTA	B/GW-0002		2024-10-01		ROC Post Rhosneigr	UKBOTA		IO73RF	0	0	1		294
R	WWBOTA	B/GW-0003		2024-10-01		ROC Post Newborough	UKBOTA		IO73TD	0	0	1		294
R	WWBOTA	B/GW-0004		2024-10-01		ROC Post Amlwch	UKBOTA		IO73TJ	0	0	1		294
R	WWBOTA	B/GW-0005		2024-10-01		ROC Post Llangefni	UKBOTA		IO73UG	0	0	1		294
R	WWBOTA	B/GW-0006		2024-10-01		ROC Post Marianglas Master Post	UKBOTA		IO73UH	0	0	1		294
R	WWBOTA	B/GW-0007		2024-10-01		ROC Post Abercrave	UKBOTA		IO81DT	0	0	1		294
R	WWBOTA	B/GW-0008		2024-10-01		ROC Post Abergwesyn	UKBOTA		IO82DD	0	0	1		294
R	WWBOTA	B/GW-0009		2024-10-01		ROC Post Sennybridge	UKBOTA		IO81FW	0	0	1		294
R	WWBOTA	B/GW-0010		2024-10-01		ROC Post Llangammarch Wells	UKBOTA		IO82FC	0	0	1		294
R	WWBOTA	B/GW-0011		2024-10-01		ROC Post Brecon	UKBOTA		IO81HW	0	0	1		294
R	WWBOTA	B/GW-0012		2024-10-01		ROC Post Builth Wells	UKBOTA		IO82HD	0	0	1		294
R	WWBOTA	B/GW-0013		2024-10-01		ROC Post Erwood	UKBOTA		IO82IB	0	0	1		294
R	WWBOTA	B/GW-0014		2024-10-01		ROC Post Talybont-on-Usk	UKBOTA		IO81IV	0	0	1		294
R	WWBOTA	B/GW-0015		2024-10-01		ROC Post Talgarth	UKBOTA		IO81JX	0	0	1		294
R	WWBOTA	B/GW-0016		2024-10-01		ROC Post Brynmawr	UKBOTA		IO81JT	0	0	1		294
R	WWBOTA	B/GW-0017		2024-10-01		ROC Post Hay-on-Wye	UKBOTA		IO82KB	0	0	1		294
R	WWBOTA	B/GW-0018		2024-10-01		ROC Post Aberdaron	UKBOTA		IO72PT	0	0	1		294
R	WWBOTA	B/GW-0019		2024-10-01		ROC Post Nefyn	UKBOTA		IO72RW	0	0	1		294
R	WWBOTA	B/GW-0020		2024-10-01		ROC Post Abersoch	UKBOTA		IO72RT	0	0	1		294
R	WWBOTA	B/GW-0021		2024-10-01		ROC Post Trefor	UKBOTA		IO72SX	0	0	1		294
R	WWBOTA	B/GW-0022		2024-10-01		ROC Post Chwilog	UKBOTA		IO72UW	0	0	1		294
R	WWBOTA	B/GW-0023		2024-10-01		ROC Post Pen-y-Groes	UKBOTA		IO73UB	0	0	1		294
R	WWBOTA	B/GW-0024		2024-10-01		ROC Post Ceunant	UKBOTA		IO73VC	0	0	1		294
R	WWBOTA	B/GW-0025		2024-10-01		ROC Post Portmadoc	UKBOTA		IO72WV	0	0	1		294
R	WWBOTA	B/GW-0026		2024-10-01		ROC Post Bangor	UKBOTA		IO73WF	0	0	1		294
R	WWBOTA	B/GW-0027		2024-10-01		ROC Post Beddgelert	UKBOTA		IO73WA	0	0	1		294
R	WWBOTA	B/GW-0028		2024-10-01		ROC Post Llanfairfechan	UKBOTA		IO83AF	0	0	1		294
R	WWBOTA	B/GW-0029		2024-10-01		ROC Post Capel Curig	UKBOTA		IO83BC	0	0	1		294
R	WWBOTA	B/GW-0030		2024-10-01		ROC Post Tyn-y-Groes	UKBOTA		IO83BF	0	0	1		294
R	WWBOTA	B/GW-0031		2024-10-01		ROC Post Llandudno	UKBOTA		IO83BH	0	0	1		294
R	WWBOTA	B/GW-0032		2024-10-01		ROC Post Penmachno	UKBOTA		IO83CA	0	0	1		294
R	WWBOTA	B/GW-0033		2024-10-01		ROC Post Cardigan	UKBOTA		IO72PB	0	0	1		294
R	WWBOTA	B/GW-0034		2024-10-01		ROC Post Aberporth	UKBOTA		IO72QC	0	0	1		294
R	WWBOTA	B/GW-0035		2024-10-01		ROC Post Newcastle Emlyn Master Post	UKBOTA		IO72SB	0	0	1		294
R	WWBOTA	B/GW-0036		2024-10-01		ROC Post New Quay	UKBOTA		IO72TF	0	0	1		294
R	WWBOTA	B/GW-0037		2024-10-01		ROC Post Llandysul	UKBOTA		IO72TB	0	0	1		294
R	WWBOTA	B/GW-0038		2024-10-01		ROC Post Llanon	UKBOTA		IO72VG	0	0	1		294
R	WWBOTA	B/GW-0039		2024-10-01		ROC Post Lampeter Master Post	UKBOTA		IO72XC	0	0	1		294
R	WWBOTA	B/GW-0040		2024-10-01		ROC Post Aberystwyth	UKBOTA		IO72XK	0	0	1		294
R	WWBOTA	B/GW-0041		2024-10-01		ROC Post Eglwysfach	UKBOTA		IO82AM	0	0	1		294
R	WWBOTA	B/GW-0042		2024-10-01		ROC Post Tregaron	UKBOTA		IO82AF	0	0	1		294
R	WWBOTA	B/GW-0043		2024-10-01		ROC Post Trawsgoed Master Post	UKBOTA		IO82AH	0	0	1		294
R	WWBOTA	B/GW-0044		2024-10-01		ROC Post Ponterwyd	UKBOTA		IO82BK	0	0	1		294
R	WWBOTA	B/GW-0045		2024-10-01		ROC Post Llanboidy	UKBOTA		IO71QV	0	0	1		294
R	WWBOTA	B/GW-0046		2024-10-01		ROC Post Laugharne	UKBOTA		IO71SS	0	0	1		294
R	WWBOTA	B/GW-0047		2024-10-01		ROC Post Cynwyl Elfed - Convill	UKBOTA		IO71TW	0	0	1		294
R	WWBOTA	B/GW-0048		2024-10-01		ROC Post Carmarthen	UKBOTA		IO71UU	0	0	1		294
R	WWBOTA	B/GW-0049		2024-10-01		ROC Post Kidwelly Master Post	UKBOTA		IO71UR	0	0	1		294
R	WWBOTA	B/GW-0050		2024-10-01		ROC Post Pencader	UKBOTA		IO72UA	0	0	1		294
R	WWBOTA	B/GW-0051		2024-10-01		ROC Post Dryslwyn Master Post	UKBOTA		IO71WU	0	0	1		294
R	WWBOTA	B/GW-0052		2024-10-01		ROC Post Talley	UKBOTA		IO81AX	0	0	1		294
R	WWBOTA	B/GW-0053		2024-10-01		ROC Post Llandovery	UKBOTA		IO82CA	0	0	1		294
R	WWBOTA	B/GW-0054		2024-10-01		ROC Post Llanrwst	UKBOTA		IO83CD	0	0	1		294
R	WWBOTA	B/GW-0055		2024-10-01		ROC Post Pentrefoelas	UKBOTA		IO83DB	0	0	1		294
R	WWBOTA	B/GW-0056		2024-10-01		ROC Post Llysfaen	UKBOTA		IO83DG	0	0	1		294
R	WWBOTA	B/GW-0057		2024-10-01		ROC Post Llanfair Talhaiarn	UKBOTA		IO83EF	0	0	1		294
R	WWBOTA	B/GW-0058		2024-10-01		ROC Post Cerrigydrudion	UKBOTA		IO83FA	0	0	1		294
R	WWBOTA	B/GW-0059		2024-10-01		ROC Post Nantglyn	UKBOTA		IO83GD	0	0	1		294
R	WWBOTA	B/GW-0060		2024-10-01		ROC Post Ruthin	UKBOTA		IO83ID	0	0	1		294
R	WWBOTA	B/GW-0061		2024-10-01		ROC Post Llanrhaeadr-yng-Nghinmeirch	UKBOTA		IO82IT	0	0	1		294
R	WWBOTA	B/GW-0062		2024-10-01		ROC Post Llangollen Master Post	UKBOTA		IO82JX	0	0	1		294
R	WWBOTA	B/GW-0063		2024-10-01		ROC Post Brymbo	UKBOTA		IO83LB	0	0	1		294
R	WWBOTA	B/GW-0064		2024-10-01		ROC Post St. Asaph	UKBOTA		IO83GG	0	0	1		294
R	WWBOTA	B/GW-0065		2024-10-01		ROC Post Prestatyn	UKBOTA		IO83HH	0	0	1		294
R	WWBOTA	B/GW-0066		2024-10-01		ROC Post Bodfari	UKBOTA		IO83HF	0	0	1		294
R	WWBOTA	B/GW-0067		2024-10-01		ROC Post Holywell	UKBOTA		IO83JG	0	0	1		294
R	WWBOTA	B/GW-0068		2024-10-01		ROC Post Mold	UKBOTA		IO83KD	0	0	1		294
R	WWBOTA	B/GW-0069		2024-10-01		ROC Post Penyffordd	UKBOTA		IO83LD	0	0	1		294
R	WWBOTA	B/GW-0070		2024-10-01		ROC Post Overton - Flintshire	UKBOTA		IO82MX	0	0	1		294
R	WWBOTA	B/GW-0071		2024-10-01		ROC Post Pontardulais	UKBOTA		IO71XR	0	0	1		294
R	WWBOTA	B/GW-0072		2024-10-01		ROC Post Clydach	UKBOTA		IO81BQ	0	0	1		294
R	WWBOTA	B/GW-0073		2024-10-01		ROC Post River Amman	UKBOTA		IO81BT	0	0	1		294
R	WWBOTA	B/GW-0074		2024-10-01		ROC Post Resolven	UKBOTA		IO81DR	0	0	1		294
R	WWBOTA	B/GW-0075		2024-10-01		ROC Post Hirwaun	UKBOTA		IO81FR	0	0	1		294
R	WWBOTA	B/GW-0076		2024-10-01		ROC Post Merthyr Tydfil	UKBOTA		IO81HS	0	0	1		294
R	WWBOTA	B/GW-0077		2024-10-01		ROC Post Rhossilli	UKBOTA		IO71UN	0	0	1		294
R	WWBOTA	B/GW-0078		2024-10-01		ROC Post Penmaen	UKBOTA		IO71WN	0	0	1		294
R	WWBOTA	B/GW-0079		2024-10-01		ROC Post Penclawdd	UKBOTA		IO71WP	0	0	1		294
R	WWBOTA	B/GW-0080		2024-10-01		ROC Post Fforest Fach	UKBOTA		IO81AP	0	0	1		294
R	WWBOTA	B/GW-0081		2024-10-01		ROC Post Briton Ferry	UKBOTA		IO81CP	0	0	1		294
R	WWBOTA	B/GW-0082		2024-10-01		ROC Post Porthcawl	UKBOTA		IO81DL	0	0	1		294
R	WWBOTA	B/GW-0083		2024-10-01		ROC Post Maesteg	UKBOTA		IO81DO	0	0	1		294
R	WWBOTA	B/GW-0084		2024-10-01		ROC Post Pencoed	UKBOTA		IO81GM	0	0	1		294
R	WWBOTA	B/GW-0085		2024-10-01		ROC Post Llantwit Major	UKBOTA		IO81GJ	0	0	1		294
R	WWBOTA	B/GW-0086		2024-10-01		ROC Post Mountain Ash	UKBOTA		IO81HP	0	0	1		294
R	WWBOTA	B/GW-0087		2024-10-01		ROC Post Rhoose	UKBOTA		IO81HJ	0	0	1		294
R	WWBOTA	B/GW-0088		2024-10-01		ROC Post Pontypridd	UKBOTA		IO81HO	0	0	1		294
R	WWBOTA	B/GW-0089		2024-10-01		ROC Post Pentyrch	UKBOTA		IO81IM	0	0	1		294
R	WWBOTA	B/GW-0090		2024-10-01		ROC Post Bargoed	UKBOTA		IO81JQ	0	0	1		294
R	WWBOTA	B/GW-0091		2024-10-01		ROC Post Penarth	UKBOTA		IO81JJ	0	0	1		294
R	WWBOTA	B/GW-0092		2024-10-01		ROC Post Llanishen	UKBOTA		IO81JN	0	0	1		294
R	WWBOTA	B/GW-0093		2024-10-01		ROC Post Llanbedr	UKBOTA		IO72WT	0	0	1		294
R	WWBOTA	B/GW-0094		2024-10-01		ROC Post Tywyn	UKBOTA		IO72XO	0	0	1		294
R	WWBOTA	B/GW-0095		2024-10-01		ROC Post Barmouth	UKBOTA		IO72XR	0	0	1		294
R	WWBOTA	B/GW-0096		2024-10-01		ROC Post Blaenau Ffestiniog	UKBOTA		IO82AX	0	0	1		294
R	WWBOTA	B/GW-0097		2024-10-01		ROC Post Trawsfynydd	UKBOTA		IO82BV	0	0	1		294
R	WWBOTA	B/GW-0098		2024-10-01		ROC Post Dolgellau	UKBOTA		IO82BR	0	0	1		294
R	WWBOTA	B/GW-0099		2024-10-01		ROC Post Llanuwchllyn	UKBOTA		IO82DU	0	0	1		294
R	WWBOTA	B/GW-0100		2024-10-01		ROC Post Bala	UKBOTA		IO82EV	0	0	1		294
R	WWBOTA	B/GW-0101		2024-10-01		ROC Post Corwen	UKBOTA		IO82HX	0	0	1		294
R	WWBOTA	B/GW-0102		2024-10-01		ROC Post Aberdovey	UKBOTA		IO72XN	0	0	1		294
R	WWBOTA	B/GW-0103		2024-10-01		ROC Post Pontypool	UKBOTA		IO81LQ	0	0	1		294
R	WWBOTA	B/GW-0104		2024-10-01		ROC Post Abergavenny	UKBOTA		IO81MT	0	0	1		294
R	WWBOTA	B/GW-0105		2024-10-01		ROC Post Llantilio Crossenny	UKBOTA		IO81NT	0	0	1		294
R	WWBOTA	B/GW-0106		2024-10-01		ROC Post Ynysddu	UKBOTA		IO81KP	0	0	1		294
R	WWBOTA	B/GW-0107		2024-10-01		ROC Post Newport	UKBOTA		IO81LO	0	0	1		294
R	WWBOTA	B/GW-0108		2024-10-01		ROC Post Usk	UKBOTA		IO81NQ	0	0	1		294
R	WWBOTA	B/GW-0109		2024-10-01		ROC Post Penhow	UKBOTA		IO81NO	0	0	1		294
R	WWBOTA	B/GW-0110		2024-10-01		ROC Post Chepstow	UKBOTA		IO81PO	0	0	1		294
R	WWBOTA	B/GW-0111		2024-10-01		ROC Post Machynlleth	UKBOTA		IO82BO	0	0	1		294
R	WWBOTA	B/GW-0112		2024-10-01		ROC Post Aberangell	UKBOTA		IO82DQ	0	0	1		294
R	WWBOTA	B/GW-0113		2024-10-01		ROC Post Llanbrynmair	UKBOTA		IO82EO	0	0	1		294
R	WWBOTA	B/GW-0114		2024-10-01		ROC Post Llangadfan	UKBOTA		IO82GQ	0	0	1		294
R	WWBOTA	B/GW-0115		2024-10-01		ROC Post Llanwyddyn	UKBOTA		IO82GS	0	0	1		294
R	WWBOTA	B/GW-0116		2024-10-01		ROC Post Llanfair Caereinion	UKBOTA		IO82IP	0	0	1		294
R	WWBOTA	B/GW-0117		2024-10-01		ROC Post Llanfyllin	UKBOTA		IO82IS	0	0	1		294
R	WWBOTA	B/GW-0118		2024-10-01		ROC Post Welshpool	UKBOTA		IO82KQ	0	0	1		294
R	WWBOTA	B/GW-0119		2024-10-01		ROC Post Llanymynech	UKBOTA		IO82KS	0	0	1		294
R	WWBOTA	B/GW-0120		2024-10-01		ROC Post Staylittle	UKBOTA		IO82EM	0	0	1		294
R	WWBOTA	B/GW-0121		2024-10-01		ROC Post Llanidloes	UKBOTA		IO82FL	0	0	1		294
R	WWBOTA	B/GW-0122		2024-10-01		ROC Post Carno	UKBOTA		IO82FG	0	0	1		294
R	WWBOTA	B/GW-0123		2024-10-01		ROC Post Newtown	UKBOTA		IO82IM	0	0	1		294
R	WWBOTA	B/GW-0124		2024-10-01		ROC Post Montgomery	UKBOTA		IO82KN	0	0	1		294
R	WWBOTA	B/GW-0125		2024-10-01		ROC Dale	UKBOTA		IO71JQ	0	0	1		294
R	WWBOTA	B/GW-0126		2024-10-01		ROC Post Croes-goch	UKBOTA		IO71JW	0	0	1		294
R	WWBOTA	B/GW-0127		2024-10-01		ROC Post Broad Haven	UKBOTA		IO71KS	0	0	1		294
R	WWBOTA	B/GW-0128		2024-10-01		ROC Post Letterston	UKBOTA		IO71MW	0	0	1		294
R	WWBOTA	B/GW-0129		2024-10-01		ROC Post Fishguard	UKBOTA		IO71MX	0	0	1		294
R	WWBOTA	B/GW-0130		2024-10-01		ROC Post Haverfordwest	UKBOTA		IO71NT	0	0	1		294
R	WWBOTA	B/GW-0131		2024-10-01		ROC Post Lamphey	UKBOTA		IO71NQ	0	0	1		294
R	WWBOTA	B/GW-0132		2024-10-01		ROC Post Newport - Pembrokeshire	UKBOTA		IO72NA	0	0	1		294
R	WWBOTA	B/GW-0133		2024-10-01		ROC Post Maenclochog	UKBOTA		IO71OV	0	0	1		294
R	WWBOTA	B/GW-0134		2024-10-01		ROC Post Narberth	UKBOTA		IO71PS	0	0	1		294
R	WWBOTA	B/GW-0135		2024-10-01		ROC Post Saundersfoot	UKBOTA		IO71PQ	0	0	1		294
R	WWBOTA	B/GW-0136		2024-10-01		ROC Post Crymmych	UKBOTA		IO71QX	0	0	1		294
R	WWBOTA	B/GW-0137		2024-10-01		ROC Post St. Twynnells	UKBOTA		IO71MP	0	0	1		294
R	WWBOTA	B/GW-0138		2024-10-01		ROC Post Rhayader	UKBOTA		IO82FH	0	0	1		294
R	WWBOTA	B/GW-0139		2024-10-01		ROC Post Llandrindod Wells	UKBOTA		IO82HF	0	0	1		294
R	WWBOTA	B/GW-0140		2024-10-01		ROC Post Llananno	UKBOTA		IO82II	0	0	1		294
R	WWBOTA	B/GW-0141		2024-10-01		ROC Post New Radnor	UKBOTA		IO82KF	0	0	1		294
R	WWBOTA	B/GW-0142		2024-10-01		ROC Post Knighton	UKBOTA		IO82LI	0	0	1		294
R	WWBOTA	B/GW-0143		2024-10-01		ROC Group No 13 - South Wales (Carmarthen)	UKBOTA		IO71UU	0	0	1		294
R	WWBOTA	B/GW-0144		2024-10-01		ROC Group No 17 - North Wales (Borras)	UKBOTA		IO83MB	0	0	1		294
R	WWBOTA	B/GW-0145		2024-10-01		AAOR Llanion Barracks	UKBOTA		IO71MQ	0	0	1		294
R	WWBOTA	B/GW-0146		2024-10-01		AAOR Wenallt	UKBOTA		IO81JN	0	0	1		294
R	WWBOTA	B/GW-0147		2024-10-01		AAOR West Cross	UKBOTA		IO71XO	0	0	1		294
R	WWBOTA	B/GW-0148		2024-10-01		Chain Home - Castell Mawr	UKBOTA		IO72WH	0	0	1		294
R	WWBOTA	B/GW-0149		2024-10-01		Chain Home - Folly	UKBOTA		IO71KT	0	0	1		294
R	WWBOTA	B/GW-0150		2024-10-01		Chain Home - Hayscastle Cross	UKBOTA		IO71LV	0	0	1		294
R	WWBOTA	B/GW-0151		2024-10-01		Chain Home - Nefyn	UKBOTA		IO72RV	0	0	1		294
R	WWBOTA	B/GW-0152		2024-10-01		Chain Home - Rhuddlan	UKBOTA		IO83GG	0	0	1		294
R	WWBOTA	B/GW-0153		2024-10-01		Chain Home - Wylfa	UKBOTA		IO73SJ	0	0	1		294
R	WWBOTA	B/GW-0154		2024-10-01		1950s War Room Cardiff (Croyton) - Region 8	UKBOTA		IO81JM	0	0	1		294
R	WWBOTA	B/GW-0155		2024-10-01		1960s SRHQ Wales - Region 8 - Bridgend (Brackla)	UKBOTA		IO81FM	0	0	1		294
R	WWBOTA	B/GW-0156		2024-10-01		ROTOR Radar - Prestatyn (SYP)	UKBOTA		IO83HH	0	0	1		294
R	WWBOTA	B/GW-0157		2024-10-01		ROTOR Radar - Trewan Sands (TES)	UKBOTA		IO73RF	0	0	1		294
R	WWBOTA	B/GW-0158		2024-10-01		Airfield Battle HQ - Angle	UKBOTA		IO71KQ	0	0	1		294
R	WWBOTA	B/GW-0159		2024-10-01		Airfield Battle HQ - Dale	UKBOTA		IO71JR	0	0	1		294
R	WWBOTA	B/GW-0160		2024-10-01		Airfield Battle HQ - Llanbedr(1)	UKBOTA		IO72WT	0	0	1		294
R	WWBOTA	B/GW-0161		2024-10-01		Airfield Battle HQ - Llandow	UKBOTA		IO81FK	0	0	1		294
R	WWBOTA	B/GW-0162		2024-10-01		Airfield Battle HQ - Valley	UKBOTA		IO73RG	0	0	1		294
R	WWBOTA	B/GW-0163		2024-10-01		Airfield Battle HQ - Carew Cheriton	UKBOTA		IO71OQ	0	0	1		294
R	WWBOTA	B/GW-0164		2024-10-01		Airfield Battle HQ - Llanbedr(2)	UKBOTA		IO72WT	0	0	1		294
R	WWBOTA	B/GW-0165		2024-10-01		Airfield Battle HQ - Llandwrog	UKBOTA		IO73UC	0	0	1		294
R	WWBOTA	B/GW-0166		2024-10-01		Airfield Battle HQ - Pembrey	UKBOTA		IO71UQ	0	0	1		294
R	WWBOTA	B/GW-0167		2024-10-01		Airfield Battle HQ - Penrhos	UKBOTA		IO72SV	0	0	1		294
R	WWBOTA	B/GW-0168		2024-10-01		Airfield Battle HQ - Sealand	UKBOTA		IO83LF	0	0	1		294
R	WWBOTA	B/GW-0169		2024-10-01		Airfield Battle HQ - St Athan	UKBOTA		IO81GJ	0	0	1		294
R	WWBOTA	B/GW-0170		2024-10-01		Airfield Battle HQ - Templeton	UKBOTA		IO71OS	0	0	1		294
R	WWBOTA	B/GW-0171		2024-10-01		Airfield Battle HQ - Tywyn	UKBOTA		IO72WO	0	0	1		294
R	WWBOTA	B/GW-0172		2024-10-01		Airfield Battle HQ - Wrexham	UKBOTA		IO83MB	0	0	1		294
R	WWBOTA	B/GW-0173		2024-10-01		ROTOR Radar - St Twynnells (TWY)	UKBOTA		IO71MP	0	0	1		294
R	WWBOTA	B/GW-0174		2024-10-01		Mold Clwyd County Standby Emergency Centre	UKBOTA		IO83KE	0	0	1		294
R	WWBOTA	B/GW-0175		2024-10-01		Aberconwy Emergency Control Centre	UKBOTA		IO83CG	0	0	1		294
R	WWBOTA	B/GW-0176		2024-10-01		RAF WW2 Bomb Storage Bunker, Llandberis	UKBOTA		IO73WD	0	0	1		294
R	WWBOTA	B/GW-0177		2024-10-01		Cardiff Landaff Sub Control	UKBOTA		IO81JL	0	0	1		294
R	WWBOTA	B/GW-0178		2024-10-01		Cilybebyll Auxiliary Unit Operational Base (OB)	UKBOTA		IO81CR	0	0	1		294
R	WWBOTA	B/GW-0179		2024-10-01		WW2 Command Post Bunker (The Mumbles)	UKBOTA		IO81AN	0	0	1		294
R	WWBOTA	B/GW-0180		2024-10-01		WW2 Command Bunker (Airfield Decoy), Wrexham	UKBOTA		IO83KA	0	0	1		294
R	WWBOTA	B/GW-0181		2024-10-01		WW2 Coastal Observation Bunker, Dinas Cross	UKBOTA		IO72MA	0	0	1		294
R	WWBOTA	B/GW-0182		2024-10-01		RAF Fairwood Common - HQ Sector HQ bunker	UKBOTA		IO71XO	0	0	1		294
R	WWBOTA	B/GW-0183		2024-10-01		Airfield BHQ - RAF Fairwood Common	UKBOTA		IO71XO	0	0	1		294
R	WWBOTA	B/GW-0184		2024-10-01		RAF Manorbierr, WW2 ground defence bunker cluster	UKBOTA		IO71OP	0	0	1		294
R	WWBOTA	B/GW-0185		2024-10-01		RAF Pembrey,  WW2 ground defence bunker cluster	UKBOTA		IO71UR	0	0	1		294
R	WWBOTA	B/GW-0186		2024-10-01		RAF Pembroke Dock, WW2 Coastal Command HQ Bunker	UKBOTA		IO71MQ	0	0	1		294
R	WWBOTA	B/GW-0187		2024-10-01		RAF St Davids, WW2 ground defence bunker cluster	UKBOTA		IO71JV	0	0	1		294
R	WWBOTA	B/GW-0188		2024-10-01		RAF Mona, WW2 ground defence bunker cluster	UKBOTA		IO73TG	0	0	1		294
R	WWBOTA	B/GW-0189		2024-10-01		RAF Llandow, WW2 ground defence bunker cluster	UKBOTA		IO81GK	0	0	1		294
R	WWBOTA	B/GW-0190		2024-10-01		RAF St Athan, WW2 ground defence bunker cluster	UKBOTA		IO81GJ	0	0	1		294
R	WWBOTA	B/GW-0191		2024-10-01		Airfield Battle HQ - RAF Hawarden	UKBOTA		IO83ME	0	0	1		294
R	WWBOTA	B/GW-0192		2024-10-01		Swansea Docks, WW2 Coastal Defence Bunker x 4 (cluster, in wall)	UKBOTA		IO81BO	0	0	1		294
R	WWBOTA	B/GW-0193		2024-10-01		St Ishmael's Scar, Beach defence gun house bunker	UKBOTA		IO71TR	0	0	1		294
R	WWBOTA	B/GW-0194		2024-10-01		WW2 Air raid shelter cluster (x5), Fairwood	UKBOTA		IO71XO	0	0	1		294
R	WWBOTA	B/GW-0195		2024-10-01		Cardigan Bridge, coastal defence bunker	UKBOTA		IO72QB	0	0	1		294
R	WWBOTA	B/GW-0196		2024-10-01		Aberystwyth Harbour, coastal defence bunker	UKBOTA		IO72WJ	0	0	1		294
R	WWBOTA	B/GW-0197		2024-10-01		Tywyn, coastal defence bunkers (cluster)	UKBOTA		IO72WO	0	0	1		294
R	WWBOTA	B/GW-0198		2024-10-01		Aberdovey beach, coastal defence bunkers (cluster)	UKBOTA		IO72XN	0	0	1		294
R	WWBOTA	B/GW-0199		2024-10-01		Fairbourne Beach, coastal defence bunker	UKBOTA		IO72XQ	0	0	1		294
R	WWBOTA	B/GW-0200		2024-10-01		Holyhead #1, coastal defence bunkers (cluster)	UKBOTA		IO73QG	0	0	1		294
R	WWBOTA	B/GW-0201		2024-10-01		Holyhead #3, coastal defence bunkers (cluster)	UKBOTA		IO73QH	0	0	1		294
R	WWBOTA	B/GW-0202		2024-10-01		Holyhead #2, coastal defence bunker	UKBOTA		IO73QH	0	0	1		294
R	WWBOTA	B/GW-0203		2024-10-01		Bonc Twni, coastal defence bunker	UKBOTA		IO73SE	0	0	1		294
R	WWBOTA	B/GW-0204		2024-10-01		WW2 Air raid shelter cluster (x11) #1, St Athan	UKBOTA		IO81GJ	0	0	1		294
R	WWBOTA	B/GW-0205		2024-10-01		West Aberthaw, coastal defence bunkers (cluster)	UKBOTA		IO81GJ	0	0	1		294
R	WWBOTA	B/GW-0206		2024-10-01		WW2 Air raid shelter cluster (x6) #2, St Athan	UKBOTA		IO81HJ	0	0	1		294
R	WWBOTA	B/GW-0207		2024-10-01		WW2 Air raid shelter cluster #1, Caerwent	UKBOTA		IO81OO	0	0	1		294
R	WWBOTA	B/GW-0208		2024-10-01		Beachley Point, coastal defence bunkers (cluster)	UKBOTA		IO81QO	0	0	1		294
R	WWBOTA	B/GW-0209		2024-10-01		ROC Carno	UKBOTA		IO82FN	0	0	1		294
R	WWBOTA	B/GW-0210		2024-10-01		Talacre Beach, coastal defence bunker	UKBOTA		IO83II	0	0	1		294
R	WWBOTA	B/GW-0211		2024-10-01		WW2 Air raid shelter cluster #2, Caerwent	UKBOTA		IO81OO	0	0	1		223
R	WWBOTA	B/GW-0212		2024-10-01		Coastal Defence Bunker (cluster), Tresilian Bay	UKBOTA		IO81FJ	0	0	1		294
R	WWBOTA	B/IT-0001		2024-10-01		BUNKER	ITABOTA		JN63JU	0	0	1		248
R	WWBOTA	B/IT-0002		2024-10-01		BUNKER	ITABOTA		JN63JU	0	0	1		248
R	WWBOTA	B/IT-0003		2024-10-01		BUNKER	ITABOTA		JN63JU	0	0	1		248
R	WWBOTA	B/IT-0004		2024-10-01		BUNKER	ITABOTA		JN63JV	0	0	1		248
R	WWBOTA	B/IT-0005		2024-10-01		BUNKER	ITABOTA		JN63KV	0	0	1		248
R	WWBOTA	B/IT-0006		2024-10-01		BUNKER	ITABOTA		JN63KV	0	0	1		248
R	WWBOTA	B/IT-0007		2024-10-01		BUNKER	ITABOTA		JN64GB	0	0	1		248
R	WWBOTA	B/IT-0008		2024-10-01		BUNKER	ITABOTA		JN64CU	0	0	1		248
R	WWBOTA	B/IT-0009		2024-10-01		BUNKER	ITABOTA		JN64EG	0	0	1		248
R	WWBOTA	B/IT-0010		2024-10-01		BUNKER	ITABOTA		JN64EG	0	0	1		248
R	WWBOTA	B/IT-0011		2024-10-01		BUNKER	ITABOTA		JN64EG	0	0	1		248
R	WWBOTA	B/IT-0012		2024-10-01		BUNKER	ITABOTA		JN64EE	0	0	1		248
R	WWBOTA	B/IT-0013		2024-10-01		BUNKER TOBRUK	ITABOTA		JN64DN	0	0	1		248
R	WWBOTA	B/IT-0014		2024-10-01		BUNKER REGELBAU	ITABOTA		JN64DN	0	0	1		248
R	WWBOTA	B/IT-0015		2024-10-01		BUNKER	ITABOTA		JN64DN	0	0	1		248
R	WWBOTA	B/IT-0016		2024-10-01		TOBRUK E FLAK	ITABOTA		JN64DN	0	0	1		248
R	WWBOTA	B/IT-0017		2024-10-01		TOBRUK	ITABOTA		JN64CI	0	0	1		248
R	WWBOTA	B/IT-0018		2024-10-01		TOBRUK	ITABOTA		JN64CI	0	0	1		248
R	WWBOTA	B/IT-0019		2024-10-01		REGELBAU	ITABOTA		JN64DL	0	0	1		248
R	WWBOTA	B/IT-0020		2024-10-01		REGELBAU	ITABOTA		JN64DL	0	0	1		248
R	WWBOTA	B/IT-0021		2024-10-01		Antiaereo	ITABOTA		JN54GQ	0	0	1		248
R	WWBOTA	B/IT-0022		2024-10-01		Antiaereo	ITABOTA		JN64DB	0	0	1		248
R	WWBOTA	B/IT-0023		2024-10-01		TOBRUK	ITABOTA		JN64DN	0	0	1		248
R	WWBOTA	B/IT-0024		2024-10-01		Regelbau	ITABOTA		JN64CV	0	0	1		248
R	WWBOTA	B/IT-0025		2024-10-01		Regelbau	ITABOTA		JN64CW	0	0	1		248
R	WWBOTA	B/IT-0026		2024-10-01		Regelbau	ITABOTA		JN64CW	0	0	1		248
R	WWBOTA	B/IT-0027		2024-10-01		BUNKER	ITABOTA		JN65CB	0	0	1		248
R	WWBOTA	B/IT-0028		2024-10-01		BUNKER	ITABOTA		JN71XL	0	0	1		248
R	WWBOTA	B/IT-0029		2024-10-01		BUNKER	ITABOTA		JN80PW	0	0	1		248
R	WWBOTA	B/IT-0030		2024-10-01		BUNKER pcm	ITABOTA		JN80ST	0	0	1		248
R	WWBOTA	B/IT-0031		2024-10-01		BUNKER	ITABOTA		JN80ST	0	0	1		248
R	WWBOTA	B/IT-0032		2024-10-01		BUNKER	ITABOTA		JN80WR	0	0	1		248
R	WWBOTA	B/IT-0033		2024-10-01		BUNKER	ITABOTA		JN90FG	0	0	1		248
R	WWBOTA	B/IT-0034		2024-10-01		BUNKER pcm	ITABOTA		JN90GD	0	0	1		248
R	WWBOTA	B/IT-0035		2024-10-01		BUNKER pcm	ITABOTA		JN99ET	0	0	1		248
R	WWBOTA	B/IT-0036		2024-10-01		BUNKER	ITABOTA		JM99CU	0	0	1		248
R	WWBOTA	B/IT-0037		2024-10-01		BUNKER	ITABOTA		JN90AC	0	0	1		248
R	WWBOTA	B/IT-0038		2024-10-01		BUNKER	ITABOTA		JN80XD	0	0	1		248
R	WWBOTA	B/IT-0039		2024-10-01		BUNKER	ITABOTA		JN80WF	0	0	1		248
R	WWBOTA	B/IT-0040		2024-10-01		BUNKER	ITABOTA		JN80WG	0	0	1		248
R	WWBOTA	B/IT-0041		2024-10-01		BUNKER	ITABOTA		JN80SH	0	0	1		248
R	WWBOTA	B/IT-0042		2024-10-01		BUNKER	ITABOTA		JM79VU	0	0	1		248
R	WWBOTA	B/IT-0043		2024-10-01		BUNKER	ITABOTA		JM79VU	0	0	1		248
R	WWBOTA	B/IT-0044		2024-10-01		BUNKER	ITABOTA		JM78SG	0	0	1		248
R	WWBOTA	B/IT-0045		2024-10-01		BUNKER	ITABOTA		JM78SG	0	0	1		248
R	WWBOTA	B/IT-0046		2024-10-01		BUNKER	ITABOTA		JM78SG	0	0	1		248
R	WWBOTA	B/IT-0047		2024-10-01		BUNKER	ITABOTA		JM78RB	0	0	1		248
R	WWBOTA	B/IT-0048		2024-10-01		BUNKER	ITABOTA		JM78OF	0	0	1		248
R	WWBOTA	B/IT-0049		2024-10-01		BUNKER	ITABOTA		JM77NM	0	0	1		248
R	WWBOTA	B/IT-0050		2024-10-01		BUNKER	ITABOTA		JN76NT	0	0	1		248
R	WWBOTA	B/IT-0051		2024-10-01		BUNKER	ITABOTA		JN76NR	0	0	1		248
R	WWBOTA	B/IT-0052		2024-10-01		BUNKER	ITABOTA		JM76LS	0	0	1		248
R	WWBOTA	B/IT-0053		2024-10-01		BUNKER	ITABOTA		JM76JS	0	0	1		248
R	WWBOTA	B/IT-0054		2024-10-01		BUNKER	ITABOTA		JM76IT	0	0	1		248
R	WWBOTA	B/IT-0055		2024-10-01		BUNKER	ITABOTA		JM76GT	0	0	1		248
R	WWBOTA	B/IT-0056		2024-10-01		BUNKER	ITABOTA		JM76UD	0	0	1		248
R	WWBOTA	B/IT-0057		2024-10-01		BUNKER	ITABOTA		JM67TF	0	0	1		248
R	WWBOTA	B/IT-0058		2024-10-01		BUNKER	ITABOTA		JM67TG	0	0	1		248
R	WWBOTA	B/IT-0059		2024-10-01		BUNKER	ITABOTA		JM67TG	0	0	1		248
R	WWBOTA	B/IT-0060		2024-10-01		BUNKER	ITABOTA		JM67NL	0	0	1		248
R	WWBOTA	B/IT-0061		2024-10-01		BUNKER	ITABOTA		JM67LN	0	0	1		248
R	WWBOTA	B/IT-0062		2024-10-01		BUNKER	ITABOTA		JM67FT	0	0	1		248
R	WWBOTA	B/IT-0063		2024-10-01		BUNKER	ITABOTA		JM67FT	0	0	1		248
R	WWBOTA	B/IT-0064		2024-10-01		BUNKER	ITABOTA		JM68HB	0	0	1		248
R	WWBOTA	B/IT-0065		2024-10-01		BUNKER	ITABOTA		JM68JC	0	0	1		248
R	WWBOTA	B/IT-0066		2024-10-01		BUNKER	ITABOTA		JM68QE	0	0	1		248
R	WWBOTA	B/IT-0067		2024-10-01		BUNKER	ITABOTA		JM68QE	0	0	1		248
R	WWBOTA	B/IT-0068		2024-10-01		BUNKER	ITABOTA		JN61ET	0	0	1		248
R	WWBOTA	B/IT-0069		2024-10-01		BUNKER	ITABOTA		JN61FS	0	0	1		248
R	WWBOTA	B/IT-0070		2024-10-01		BUNKER	ITABOTA		JN61FS	0	0	1		248
R	WWBOTA	B/IT-0071		2024-10-01		BUNKER	ITABOTA		JN61FR	0	0	1		248
R	WWBOTA	B/IT-0072		2024-10-01		BUNKER	ITABOTA		JN61ET	0	0	1		248
R	WWBOTA	B/IT-0073		2024-10-01		BUNKER	ITABOTA		JN61ET	0	0	1		248
R	WWBOTA	B/IT-0074		2024-10-01		BUNKER	ITABOTA		JN61ET	0	0	1		248
R	WWBOTA	B/IT-0075		2024-10-01		BUNKER pac	ITABOTA		JN61DV	0	0	1		248
R	WWBOTA	B/IT-0076		2024-10-01		BUNKER	ITABOTA		JN61DV	0	0	1		248
R	WWBOTA	B/IT-0077		2024-10-01		BUNKER	ITABOTA		JN61GW	0	0	1		248
R	WWBOTA	B/IT-0078		2024-10-01		BUNKER	ITABOTA		JN61GV	0	0	1		248
R	WWBOTA	B/IT-0079		2024-10-01		BUNKER	ITABOTA		JN62GF	0	0	1		248
R	WWBOTA	B/IT-0080		2024-10-01		TOBRUK	ITABOTA		JN52UF	0	0	1		248
R	WWBOTA	B/IT-0081		2024-10-01		BUNKER	ITABOTA		JN52DT	0	0	1		248
R	WWBOTA	B/IT-0082		2024-10-01		BUNKER	ITABOTA		JN52DT	0	0	1		248
R	WWBOTA	B/IT-0083		2024-10-01		BUNKER	ITABOTA		JN53FI	0	0	1		248
R	WWBOTA	B/IT-0084		2024-10-01		BUNKER pcm	ITABOTA		JN53FI	0	0	1		248
R	WWBOTA	B/IT-0085		2024-10-01		BUNKER	ITABOTA		JN53DL	0	0	1		248
R	WWBOTA	B/IT-0086		2024-10-01		BUNKER	ITABOTA		JN53EO	0	0	1		248
R	WWBOTA	B/IT-0087		2024-10-01		BUNKER	ITABOTA		JN53GQ	0	0	1		248
R	WWBOTA	B/IT-0088		2024-10-01		BUNKER	ITABOTA		JN53HQ	0	0	1		248
R	WWBOTA	B/IT-0089		2024-10-01		BUNKER	ITABOTA		JN53HQ	0	0	1		248
R	WWBOTA	B/IT-0090		2024-10-01		BUNKER	ITABOTA		JN53HQ	0	0	1		248
R	WWBOTA	B/IT-0091		2024-10-01		BUNKER	ITABOTA		JN53FS	0	0	1		248
R	WWBOTA	B/IT-0092		2024-10-01		BUNKER	ITABOTA		JN53EV	0	0	1		248
R	WWBOTA	B/IT-0093		2024-10-01		BUNKER	ITABOTA		JN54KA	0	0	1		248
R	WWBOTA	B/IT-0094		2024-10-01		BUNKER	ITABOTA		JN44XA	0	0	1		248
R	WWBOTA	B/IT-0095		2024-10-01		BUNKER	ITABOTA		JN44TD	0	0	1		248
R	WWBOTA	B/IT-0096		2024-10-01		BUNKER	ITABOTA		JN44TE	0	0	1		248
R	WWBOTA	B/IT-0097		2024-10-01		BUNKER	ITABOTA		JN44ES	0	0	1		248
R	WWBOTA	B/IT-0098		2024-10-01		BUNKER	ITABOTA		JN44QG	0	0	1		248
R	WWBOTA	B/IT-0100		2024-10-01		BUNKER	ITABOTA		JN44QG	0	0	1		248
R	WWBOTA	B/IT-0101		2024-10-01		BUNKER	ITABOTA		JN44PH	0	0	1		248
R	WWBOTA	B/IT-0102		2024-10-01		BUNKER	ITABOTA		JN44OH	0	0	1		248
R	WWBOTA	B/IT-0103		2024-10-01		BUNKER	ITABOTA		JN44NH	0	0	1		248
R	WWBOTA	B/IT-0104		2024-10-01		BUNKER	ITABOTA		JN44NH	0	0	1		248
R	WWBOTA	B/IT-0105		2024-10-01		BUNKER	ITABOTA		JN44MJ	0	0	1		248
R	WWBOTA	B/IT-0106		2024-10-01		BUNKER	ITABOTA		JN44MJ	0	0	1		248
R	WWBOTA	B/IT-0107		2024-10-01		BUNKER	ITABOTA		JN44MJ	0	0	1		248
R	WWBOTA	B/IT-0108		2024-10-01		BUNKER	ITABOTA		JN44KK	0	0	1		248
R	WWBOTA	B/IT-0109		2024-10-01		BUNKER	ITABOTA		JN44KK	0	0	1		248
R	WWBOTA	B/IT-0110		2024-10-01		BUNKER	ITABOTA		JN44HI	0	0	1		248
R	WWBOTA	B/IT-0111		2024-10-01		BUNKER	ITABOTA		JN44FH	0	0	1		248
R	WWBOTA	B/IT-0112		2024-10-01		BUNKER	ITABOTA		JN44FE	0	0	1		248
R	WWBOTA	B/IT-0113		2024-10-01		BUNKER	ITABOTA		JN44CB	0	0	1		248
R	WWBOTA	B/IT-0114		2024-10-01		BUNKER	ITABOTA		JN43AV	0	0	1		248
R	WWBOTA	B/IT-0115		2024-10-01		BUNKER	ITABOTA		JN33UT	0	0	1		248
R	WWBOTA	B/IT-0116		2024-10-01		BUNKER	ITABOTA		JN45JQ	0	0	1		248
R	WWBOTA	B/IT-0117		2024-10-01		BUNKER	ITABOTA		JN55LJ	0	0	1		248
R	WWBOTA	B/IT-0118		2024-10-01		BUNKER	ITABOTA		JN55LJ	0	0	1		248
R	WWBOTA	B/IT-0119		2024-10-01		BUNKER	ITABOTA		JN55WK	0	0	1		248
R	WWBOTA	B/IT-0120		2024-10-01		BUNKER	ITABOTA		JN65DK	0	0	1		248
R	WWBOTA	B/IT-0121		2024-10-01		BUNKER	ITABOTA		JN65DF	0	0	1		248
R	WWBOTA	B/IT-0122		2024-10-01		BUNKER	ITABOTA		JN65DE	0	0	1		248
R	WWBOTA	B/IT-0123		2024-10-01		BUNKER	ITABOTA		JN65DF	0	0	1		248
R	WWBOTA	B/IT-0124		2024-10-01		BUNKER	ITABOTA		JN65EJ	0	0	1		248
R	WWBOTA	B/IT-0125		2024-10-01		BUNKER	ITABOTA		JN65EJ	0	0	1		248
R	WWBOTA	B/IT-0127		2024-10-01		BUNKER	ITABOTA		JN70JQ	0	0	1		248
R	WWBOTA	B/IT-0128		2024-10-01		BUNKER	ITABOTA		JN61XF	0	0	1		248
R	WWBOTA	B/IT-0129		2024-10-01		BUNKER	ITABOTA		JN70AU	0	0	1		248
R	WWBOTA	B/IT-0130		2024-10-01		BUNKER	ITABOTA		JN70BS	0	0	1		248
R	WWBOTA	B/IT-0131		2024-10-01		BUNKER	ITABOTA		JN65VQ	0	0	1		248
R	WWBOTA	B/IT-0132		2024-10-01		BUNKER	ITABOTA		JN65UQ	0	0	1		248
R	WWBOTA	B/IT-0133		2024-10-01		BUNKER	ITABOTA		JN65QQ	0	0	1		248
R	WWBOTA	B/IT-0134		2024-10-01		BUNKER	ITABOTA		JN65NQ	0	0	1		248
R	WWBOTA	B/IT-0135		2024-10-01		BUNKER	ITABOTA		JN65MP	0	0	1		248
R	WWBOTA	B/IT-0136		2024-10-01		BUNKER	ITABOTA		JN65KO	0	0	1		248
R	WWBOTA	B/IT-0137		2024-10-01		BUNKER	ITABOTA		JN65IM	0	0	1		248
R	WWBOTA	B/IT-0138		2024-10-01		BUNKER	ITABOTA		JN65IM	0	0	1		248
R	WWBOTA	B/IT-0139		2024-10-01		BUNKER	ITABOTA		JN65HM	0	0	1		248
R	WWBOTA	B/IT-0140		2024-10-01		BUNKER	ITABOTA		JN65GL	0	0	1		248
R	WWBOTA	B/IT-0141		2024-10-01		BUNKER	ITABOTA		JN65FK	0	0	1		248
R	WWBOTA	B/IT-0142		2024-10-01		BUNKER	ITABOTA		JN65FK	0	0	1		248
R	WWBOTA	B/IT-0143		2024-10-01		BUNKER	ITABOTA		JN65FK	0	0	1		248
R	WWBOTA	B/IT-0144		2024-10-01		BUNKER	ITABOTA		JN65KV	0	0	1		248
R	WWBOTA	B/IT-0145		2024-10-01		BUNKER	ITABOTA		JN55KV	0	0	1		248
R	WWBOTA	B/IT-0146		2024-10-01		BUNKER	ITABOTA		JN55KV	0	0	1		248
R	WWBOTA	B/IT-0147		2024-10-01		BUNKER	ITABOTA		JN55DK	0	0	1		248
R	WWBOTA	B/IT-0148		2024-10-01		BUNKER	ITABOTA		JN55DK	0	0	1		248
R	WWBOTA	B/IT-0149		2024-10-01		BUNKER	ITABOTA		JN45TP	0	0	1		248
R	WWBOTA	B/IT-0150		2024-10-01		BUNKER	ITABOTA			0	0	1		248
R	WWBOTA	B/IT-0151		2024-10-01		BUNKER	ITABOTA		JN65LS	0	0	1		248
R	WWBOTA	B/IT-0152		2024-10-01		BUNKER	ITABOTA		JN65LS	0	0	1		248
R	WWBOTA	B/IT-0153		2024-10-01		BUNKER	ITABOTA		JN65LS	0	0	1		248
R	WWBOTA	B/IT-0154		2024-10-01		BUNKER	ITABOTA		JN65LS	0	0	1		248
R	WWBOTA	B/IT-0155		2024-10-01		BUNKER	ITABOTA		JN65LU	0	0	1		248
R	WWBOTA	B/IT-0156		2024-10-01		BUNKER	ITABOTA		JN65LV	0	0	1		248
R	WWBOTA	B/IT-0157		2024-10-01		BUNKER	ITABOTA		JN65LV	0	0	1		248
R	WWBOTA	B/IT-0158		2024-10-01		BUNKER	ITABOTA		JN65LV	0	0	1		248
R	WWBOTA	B/IT-0159		2024-10-01		BUNKER	ITABOTA		JN66LE	0	0	1		248
R	WWBOTA	B/IT-0160		2024-10-01		BUNKER	ITABOTA		JN66LE	0	0	1		248
R	WWBOTA	B/IT-0161		2024-10-01		BUNKER	ITABOTA		JN66QH	0	0	1		248
R	WWBOTA	B/IT-0162		2024-10-01		BUNKER	ITABOTA		JN66QF	0	0	1		248
R	WWBOTA	B/IT-0163		2024-10-01		BUNKER	ITABOTA		JN66QE	0	0	1		248
R	WWBOTA	B/IT-0164		2024-10-01		BUNKER	ITABOTA		JN65SV	0	0	1		248
R	WWBOTA	B/IT-0165		2024-10-01		BUNKER	ITABOTA		JN65SU	0	0	1		248
R	WWBOTA	B/IT-0166		2024-10-01		BUNKER	ITABOTA		JN66RM	0	0	1		248
R	WWBOTA	B/IT-0167		2024-10-01		BUNKER	ITABOTA		JN66LJ	0	0	1		248
R	WWBOTA	B/IT-0168		2024-10-01		BUNKER	ITABOTA		JN66LO	0	0	1		248
R	WWBOTA	B/IT-0169		2024-10-01		BUNKER	ITABOTA		JN65ST	0	0	1		248
R	WWBOTA	B/IT-0170		2024-10-01		BUNKER	ITABOTA		JN66NI	0	0	1		248
R	WWBOTA	B/IT-0171		2024-10-01		BUNKER	ITABOTA		JN66SL	0	0	1		248
R	WWBOTA	B/LA-0001		2024-10-01		Bunker i Vestre reversgalleri	LABOTA		JO59HQ	0	0	1		266
R	WWBOTA	B/LA-0002		2024-10-01		Bunker R634	LABOTA		JO28TV	0	0	1		266
R	WWBOTA	B/LA-0003		2024-10-01		Bunker Sola Strand Hotel	LABOTA		JO28TV	0	0	1		266
R	WWBOTA	B/LA-0004		2024-10-01		Bunker Solastranden sÃ¸r 1	LABOTA		JO28TV	0	0	1		266
R	WWBOTA	B/LA-0005		2024-10-01		Bunker Solastranden sÃ¸r 2	LABOTA		JO28TV	0	0	1		266
R	WWBOTA	B/LA-0006		2024-10-01		Octagon bunker	LABOTA		JO28TV	0	0	1		266
R	WWBOTA	B/LA-0007		2024-10-01		Ã˜lberg bunker	LABOTA		JO28SU	0	0	1		266
R	WWBOTA	B/LA-0008		2024-10-01		Hjelmkollen	LABOTA		JO59PC	0	0	1		266
R	WWBOTA	B/LA-0009		2024-10-01		Granlia skytterstilling	LABOTA		JO59NE	0	0	1		266
R	WWBOTA	B/LA-0010		2024-10-01		Tuft Karljohansvern 1	LABOTA		JO59FK	0	0	1		266
R	WWBOTA	B/LA-0011		2024-10-01		Tuft Karljohansvern 2	LABOTA		JO59FK	0	0	1		266
R	WWBOTA	B/LA-0012		2024-10-01		Bokn K332 1	LABOTA		JO29QD	0	0	1		266
R	WWBOTA	B/LA-0013		2024-10-01		Bokn K332 2	LABOTA		JO29QD	0	0	1		266
R	WWBOTA	B/LA-0014		2024-10-01		Bokn K332 3	LABOTA		JO29QD	0	0	1		266
R	WWBOTA	B/LA-0015		2024-10-01		Bokn K332 4	LABOTA		JO29QD	0	0	1		266
R	WWBOTA	B/LA-0016		2024-10-01		Bokn command bunker	LABOTA		JO29QD	0	0	1		266
R	WWBOTA	B/LA-0017		2024-10-01		Syreneset command bunker	LABOTA		JO29OD	0	0	1		266
R	WWBOTA	B/LA-0018		2024-10-01		HKB Vikene 66/977 command bunker	LABOTA		JO29OH	0	0	1		266
R	WWBOTA	B/LA-0019		2024-10-01		HKB Vikene 66/977 battery 1	LABOTA		JO29OH	0	0	1		266
R	WWBOTA	B/LA-0020		2024-10-01		HKB Vikene 66/977 battery 2	LABOTA		JO29OH	0	0	1		266
R	WWBOTA	B/LA-0021		2024-10-01		Rakke fort command bunker	LABOTA		JO58AX	0	0	1		266
R	WWBOTA	B/LA-0022		2024-10-01		Rakke fort battery 1	LABOTA		JO58AX	0	0	1		266
R	WWBOTA	B/LA-0023		2024-10-01		Rakke fort battery 2	LABOTA		JO58AX	0	0	1		266
R	WWBOTA	B/LA-0024		2024-10-01		Nordheim bunker	LABOTA		JO49UA	0	0	1		266
R	WWBOTA	B/LA-0025		2024-10-01		Bjerkeseth bunker	LABOTA		JO48TX	0	0	1		266
R	WWBOTA	B/OK-0001		2024-10-01		MO-S 2 U školy	OKBOTA		JN99EW	0	0	1		503
R	WWBOTA	B/OK-0002		2024-10-01		MO-S 3 U mlýna	OKBOTA		JN99EW	0	0	1		503
R	WWBOTA	B/OK-0003		2024-10-01		MO-S 4 U šedé vily	OKBOTA		JN99EV	0	0	1		503
R	WWBOTA	B/OK-0004		2024-10-01		MO-S 5 Na Trati	OKBOTA		JN99DV	0	0	1		503
R	WWBOTA	B/OK-0005		2024-10-01		MO-S 6 Odra	OKBOTA		JN99DV	0	0	1		503
R	WWBOTA	B/OK-0006		2024-10-01		MO-S 7 Antošovice	OKBOTA		JN99DV	0	0	1		503
R	WWBOTA	B/OK-0007		2024-10-01		MO-S 8 Dvůr Paseky	OKBOTA		JN99DV	0	0	1		503
R	WWBOTA	B/OK-0008		2024-10-01		MO-S 9 V bažantnici	OKBOTA		JN99DV	0	0	1		503
R	WWBOTA	B/OK-0009		2024-10-01		MO-S 10 U pískovny	OKBOTA		JN99DV	0	0	1		503
R	WWBOTA	B/OK-0010		2024-10-01		MO-S 11 U posedu	OKBOTA		JN99DV	0	0	1		503
R	WWBOTA	B/OK-0011		2024-10-01		MO-S 12 U pramene	OKBOTA		JN99DV	0	0	1		503
R	WWBOTA	B/OK-0012		2024-10-01		MO-S 13 Černý les	OKBOTA		JN99DV	0	0	1		503
R	WWBOTA	B/OK-0013		2024-10-01		MO-S 14 Juliánka	OKBOTA		JN99DV	0	0	1		503
R	WWBOTA	B/OK-0014		2024-10-01		MO-S 15 Na Výhledech	OKBOTA		JN99CV	0	0	1		503
R	WWBOTA	B/OK-0015		2024-10-01		MO-S 16 Na rozcestí	OKBOTA		JN99CW	0	0	1		503
R	WWBOTA	B/OK-0016		2024-10-01		MO-S 17 U Štípek	OKBOTA		JN99CW	0	0	1		503
R	WWBOTA	B/OK-0017		2024-10-01		MO-S 18 V Oboře	OKBOTA		JN99CW	0	0	1		503
R	WWBOTA	B/OK-0018		2024-10-01		MO-S 19 V Aleji	OKBOTA		JN99CW	0	0	1		503
R	WWBOTA	B/OK-0019		2024-10-01		MO-Or-S 20 U Orla	OKBOTA		JN99CW	0	0	1		503
R	WWBOTA	B/OK-0020		2024-10-01		MO-S 21 U Jaroše	OKBOTA		JN99CW	0	0	1		503
R	WWBOTA	B/OK-0021		2024-10-01		MO-S 22 U Františka	OKBOTA		JN99CW	0	0	1		503
R	WWBOTA	B/OK-0022		2024-10-01		MO-S 23 Na Chlupáči	OKBOTA		JN99CW	0	0	1		503
R	WWBOTA	B/OK-0023		2024-10-01		MO-S 24 U Signálu	OKBOTA		JN99CW	0	0	1		503
R	WWBOTA	B/OK-0024		2024-10-01		MO-S 25 Ve vysokém lese	OKBOTA		JN99CW	0	0	1		503
R	WWBOTA	B/OK-0025		2024-10-01		MO-S 26 U obrazku	OKBOTA		JN99CW	0	0	1		503
R	WWBOTA	B/OK-0026		2024-10-01		MO-S 27 Bor	OKBOTA		JN99CW	0	0	1		503
R	WWBOTA	B/OK-0027		2024-10-01		MO-S 28 Barbora	OKBOTA		JN99BW	0	0	1		503
R	WWBOTA	B/OK-0028		2024-10-01		MO-S 29 Dvoják horní	OKBOTA		JN99BW	0	0	1		503
R	WWBOTA	B/OK-0029		2024-10-01		MO-S 30 Dvoják dolní	OKBOTA		JN99BW	0	0	1		503
R	WWBOTA	B/OK-0030		2024-10-01		MO-S 31 U myslivny	OKBOTA		JN99BW	0	0	1		503
R	WWBOTA	B/OK-0031		2024-10-01		MO-S 32 Bártovo pole	OKBOTA		JN99BW	0	0	1		503
R	WWBOTA	B/OK-0032		2024-10-01		MO-S 33 Kozmice	OKBOTA		JN99BW	0	0	1		503
R	WWBOTA	B/OK-0033		2024-10-01		MO-S 34 Štěrkovna	OKBOTA		JN99BV	0	0	1		503
R	WWBOTA	B/OK-0034		2024-10-01		MO-S 36 U Opavice	OKBOTA		JN99BV	0	0	1		503
R	WWBOTA	B/OK-0035		2024-10-01		MO-S 37 Cukrovar	OKBOTA		JN99BV	0	0	1		503
R	WWBOTA	B/OK-0036		2024-10-01		MO-Sm-S 38 V lese	OKBOTA		JN99AV	0	0	1		503
R	WWBOTA	B/OK-0037		2024-10-01		MO-Sm-S 39 U trigonometru	OKBOTA		JN99AV	0	0	1		503
R	WWBOTA	B/OK-0038		2024-10-01		MO-Sm-S 40 Nad silnicí	OKBOTA		JN99AV	0	0	1		503
R	WWBOTA	B/OK-0039		2024-10-01		MO-Sm-S 41 Nad Valchou	OKBOTA		JN99AV	0	0	1		503
R	WWBOTA	B/OK-0040		2024-10-01		MO-Sm-S 42 Nad Hájem	OKBOTA		JN99AV	0	0	1		503
R	WWBOTA	B/OK-0041		2024-10-01		OP-S 6 Na Zbytkovém	OKBOTA		JN99AW	0	0	1		503
R	WWBOTA	B/OK-0042		2024-10-01		OP-S 9 Na Lukách	OKBOTA		JN89XW	0	0	1		503
R	WWBOTA	B/OK-0043		2024-10-01		OP-S 10 Na křižovatce	OKBOTA		JN89XW	0	0	1		503
R	WWBOTA	B/OK-0044		2024-10-01		OP-S 11 U cihelny	OKBOTA		JN89XW	0	0	1		503
R	WWBOTA	B/OK-0045		2024-10-01		OP-S 12 Na rytířském	OKBOTA		JN89XW	0	0	1		503
R	WWBOTA	B/OK-0046		2024-10-01		OP-S 13 U pískovny	OKBOTA		JN89XW	0	0	1		503
R	WWBOTA	B/OK-0047		2024-10-01		OP-S 14 U obrázku	OKBOTA		JN89XW	0	0	1		503
R	WWBOTA	B/OK-0048		2024-10-01		OP-S 15 U kruhovky	OKBOTA		JN89XW	0	0	1		503
R	WWBOTA	B/OK-0049		2024-10-01		OP-S 16 Na středním poli	OKBOTA		JN89WW	0	0	1		503
R	WWBOTA	B/OK-0050		2024-10-01		OP-S 17 Nad silnicí	OKBOTA		JN89WW	0	0	1		503
R	WWBOTA	B/OK-0051		2024-10-01		OP-S 18 U sádrovce	OKBOTA		JN89WW	0	0	1		503
R	WWBOTA	B/OK-0052		2024-10-01		OP-S 19 U finanční budky	OKBOTA		JN89WX	0	0	1		503
R	WWBOTA	B/OK-0053		2024-10-01		OP-S 20 Na střelnici	OKBOTA		JN89WX	0	0	1		503
R	WWBOTA	B/OK-0054		2024-10-01		OP-S 21 Na cvičišti	OKBOTA		JN89WW	0	0	1		503
R	WWBOTA	B/OK-0055		2024-10-01		OP-S 22 Nad úvozem	OKBOTA		JN89WW	0	0	1		503
R	WWBOTA	B/OK-0056		2024-10-01		OP-S 23 Nad potokem	OKBOTA		JN89WW	0	0	1		503
R	WWBOTA	B/OK-0057		2024-10-01		OP-S 24 Na Gelově poli	OKBOTA		JN89WW	0	0	1		503
R	WWBOTA	B/OK-0058		2024-10-01		OP-S 25 U trigonometru	OKBOTA		JN89WW	0	0	1		503
R	WWBOTA	B/OK-0059		2024-10-01		OP-S 26 Za humny	OKBOTA		JN89VW	0	0	1		503
R	WWBOTA	B/OK-0060		2024-10-01		OP-S 27 Paletovo pole	OKBOTA		JN89VW	0	0	1		503
R	WWBOTA	B/OK-0061		2024-10-01		OP-S 28 Mezicestí	OKBOTA		JN89VW	0	0	1		503
R	WWBOTA	B/OK-0062		2024-10-01		OP-S 29 U kudlu	OKBOTA		JN89VW	0	0	1		503
R	WWBOTA	B/OK-0063		2024-10-01		OP-S 36a Dvoják horní	OKBOTA		JN89VX	0	0	1		503
R	WWBOTA	B/OK-0064		2024-10-01		OP-S 36b Dvoják dolní	OKBOTA		JN89VX	0	0	1		503
R	WWBOTA	B/OK-0065		2024-10-01		OP-S 37 U olší	OKBOTA		JN89VX	0	0	1		503
R	WWBOTA	B/OK-0066		2024-10-01		OP-S 38 U pomníku	OKBOTA		JN89UX	0	0	1		503
R	WWBOTA	B/OK-0067		2024-10-01		StM-S 52 Obora	OKBOTA		JO80ME	0	0	1		503
R	WWBOTA	B/OK-0068		2024-10-01		StM-S 50 U trati	OKBOTA		JO80MD	0	0	1		503
R	WWBOTA	B/OK-0069		2024-10-01		StM-S 34 Svah	OKBOTA		JO80LE	0	0	1		503
R	WWBOTA	B/OK-0070		2024-10-01		StM-S 33 Lesík	OKBOTA		JO80LE	0	0	1		503
R	WWBOTA	B/OK-0071		2024-10-01		StM-S 32 Krajní	OKBOTA		JO80LE	0	0	1		503
R	WWBOTA	B/OK-0072		2024-10-01		StM-S 31b Ozdravovna	OKBOTA		JO80LE	0	0	1		503
R	WWBOTA	B/OK-0073		2024-10-01		StM-S 31a Borek	OKBOTA		JO80LE	0	0	1		503
R	WWBOTA	B/OK-0074		2024-10-01		StM-S 30 Potok	OKBOTA		JO80LE	0	0	1		503
R	WWBOTA	B/OK-0075		2024-10-01		K-S 2 Na kótě	OKBOTA		JO80JC	0	0	1		503
R	WWBOTA	B/OK-0076		2024-10-01		K-S 3 U lesa	OKBOTA		JO80JC	0	0	1		503
R	WWBOTA	B/OK-0077		2024-10-01		K-S 4 U cesty	OKBOTA		JO80JC	0	0	1		503
R	WWBOTA	B/OK-0078		2024-10-01		K-S 5 U potoka	OKBOTA		JO80JC	0	0	1		503
R	WWBOTA	B/OK-0079		2024-10-01		K-S 6 U kapličky	OKBOTA		JO80JC	0	0	1		503
R	WWBOTA	B/OK-0080		2024-10-01		K-S 7 U vesnice	OKBOTA		JO80JC	0	0	1		503
R	WWBOTA	B/OK-0081		2024-10-01		K-S 8 U nádraží	OKBOTA		JO80JC	0	0	1		503
R	WWBOTA	B/OK-0082		2024-10-01		K-S 9 Mezi lesíky	OKBOTA		JO80JC	0	0	1		503
R	WWBOTA	B/OK-0083		2024-10-01		K-Bg-S 10 U boží muky	OKBOTA		JO80JC	0	0	1		503
R	WWBOTA	B/OK-0084		2024-10-01		K-Bg-S 11 Na svahu	OKBOTA		JO80JC	0	0	1		503
R	WWBOTA	B/OK-0085		2024-10-01		K-Bg-S 12 Utržený	OKBOTA		JO80JC	0	0	1		503
R	WWBOTA	B/OK-0086		2024-10-01		K-Bg-S 12a,b U rybníčka	OKBOTA		JO80JC	0	0	1		503
R	WWBOTA	B/OK-0087		2024-10-01		K-Bg-S 13 U lomu	OKBOTA		JO80JC	0	0	1		503
R	WWBOTA	B/OK-0088		2024-10-01		K-S 14 U cihelny	OKBOTA		JO80JC	0	0	1		503
R	WWBOTA	B/OK-0089		2024-10-01		K-S 15 U lípy	OKBOTA		JO80IC	0	0	1		503
R	WWBOTA	B/OK-0090		2024-10-01		K-S 16 U dráhy	OKBOTA		JO80IC	0	0	1		503
R	WWBOTA	B/OK-0091		2024-10-01		K-S 17 U továrny	OKBOTA		JO80IB	0	0	1		503
R	WWBOTA	B/OK-0092		2024-10-01		K-S 18 U kostela	OKBOTA		JO80IB	0	0	1		503
R	WWBOTA	B/OK-0093		2024-10-01		K-S 19 Pod lesem	OKBOTA		JO80IB	0	0	1		503
R	WWBOTA	B/OK-0094		2024-10-01		K-S 20 Na pupku	OKBOTA		JO80IB	0	0	1		503
R	WWBOTA	B/OK-0095		2024-10-01		K-Ba-S Dělostřelecká tvrz Bouda	OKBOTA		JO80IB	0	0	1		503
R	WWBOTA	B/OK-0096		2024-10-01		K-S 25 Na sedle	OKBOTA		JO80IB	0	0	1		503
R	WWBOTA	B/OK-0097		2024-10-01		K-S 26 Na mýtině	OKBOTA		JO80HB	0	0	1		503
R	WWBOTA	B/OK-0098		2024-10-01		K-S 27 Na průseku	OKBOTA		JO80HB	0	0	1		503
R	WWBOTA	B/OK-0099		2024-10-01		K-S 28 Na panském	OKBOTA		JO80HC	0	0	1		503
R	WWBOTA	B/OK-0100		2024-10-01		K-S 29 V selském	OKBOTA		JO80HC	0	0	1		503
R	WWBOTA	B/OK-0101		2024-10-01		K-S 30 V lesíčku	OKBOTA		JO80HC	0	0	1		503
R	WWBOTA	B/OK-0102		2024-10-01		K-S 31 U besídky	OKBOTA		JO80HC	0	0	1		503
R	WWBOTA	B/OK-0103		2024-10-01		K-S 32 Na růžku	OKBOTA		JO80HC	0	0	1		503
R	WWBOTA	B/OK-0104		2024-10-01		K-S 33 U ovčárny	OKBOTA		JO80HC	0	0	1		503
R	WWBOTA	B/OK-0105		2024-10-01		K-S 34 U kapličky	OKBOTA		JO80HC	0	0	1		503
R	WWBOTA	B/OK-0106		2024-10-01		K-S 35 Nad lesem	OKBOTA		JO80HC	0	0	1		503
R	WWBOTA	B/OK-0107		2024-10-01		K-S 36 Pod Adamem	OKBOTA		JO80HC	0	0	1		503
R	WWBOTA	B/OK-0108		2024-10-01		K-S 37 Na rozhledně	OKBOTA		JO80HC	0	0	1		503
R	WWBOTA	B/OK-0109		2024-10-01		K-S 38 U křížku	OKBOTA		JO80HC	0	0	1		503
R	WWBOTA	B/OK-0110		2024-10-01		K-Am-S Dělostřelecká tvrz Adam	OKBOTA		JO80HC	0	0	1		503
R	WWBOTA	B/OK-0111		2024-10-01		K-S 46 V zátiší	OKBOTA		JO80HC	0	0	1		503
R	WWBOTA	B/OK-0112		2024-10-01		K-S 47 V dolině	OKBOTA		JO80HC	0	0	1		503
R	WWBOTA	B/OK-0113		2024-10-01		K-S 48 Nad silnicí	OKBOTA		JO80HC	0	0	1		503
R	WWBOTA	B/OK-0114		2024-10-01		K-S 49 Petrovice	OKBOTA		JO80HC	0	0	1		503
R	WWBOTA	B/OK-0115		2024-10-01		K-S 50 Na Jedlině	OKBOTA		JO80HD	0	0	1		503
R	WWBOTA	B/OK-0116		2024-10-01		K-S 51 Kraj lesa	OKBOTA		JO80HD	0	0	1		503
R	WWBOTA	B/OK-0117		2024-10-01		K-S 52 Pod skalou	OKBOTA		JO80GD	0	0	1		503
R	WWBOTA	B/OK-0118		2024-10-01		K-S 53a	OKBOTA		JO80GD	0	0	1		503
R	WWBOTA	B/OK-0119		2024-10-01		K-S 53b	OKBOTA		JO80GD	0	0	1		503
R	WWBOTA	B/OK-0120		2024-10-01		R-S 54 Na potoku	OKBOTA		JO80GD	0	0	1		503
R	WWBOTA	B/OK-0121		2024-10-01		R-S 55 Na palouku	OKBOTA		JO80GD	0	0	1		503
R	WWBOTA	B/OK-0122		2024-10-01		R-S 56 Na křižovatce	OKBOTA		JO80GD	0	0	1		503
R	WWBOTA	B/OK-0123		2024-10-01		R-S 57 U studánky	OKBOTA		JO80GD	0	0	1		503
R	WWBOTA	B/OK-0124		2024-10-01		R-S 58 Na svahu	OKBOTA		JO80GD	0	0	1		503
R	WWBOTA	B/OK-0125		2024-10-01		R-S 59 V polomu	OKBOTA		JO80GD	0	0	1		503
R	WWBOTA	B/OK-0126		2024-10-01		R-S 60 Na cestě	OKBOTA		JO80GD	0	0	1		503
R	WWBOTA	B/OK-0127		2024-10-01		R-S 61 Na kopečku	OKBOTA		JO80GD	0	0	1		503
R	WWBOTA	B/OK-0128		2024-10-01		R-S 62 Na stráni	OKBOTA		JO80GD	0	0	1		503
R	WWBOTA	B/OK-0129		2024-10-01		R-S 63 Centrála	OKBOTA		JO80GD	0	0	1		503
R	WWBOTA	B/OK-0130		2024-10-01		R-S 64 V oboře	OKBOTA		JO80GD	0	0	1		503
R	WWBOTA	B/OK-0131		2024-10-01		R-S 65 Modřín	OKBOTA		JO80GD	0	0	1		503
R	WWBOTA	B/OK-0132		2024-10-01		R-S 66 Křivá	OKBOTA		JO80GD	0	0	1		503
R	WWBOTA	B/OK-0133		2024-10-01		R-S 67 Ohrada	OKBOTA		JO80GD	0	0	1		503
R	WWBOTA	B/OK-0134		2024-10-01		R-S 68 Smrk	OKBOTA		JO80GE	0	0	1		503
R	WWBOTA	B/OK-0135		2024-10-01		R-S 69 Kaplička	OKBOTA		JO80GE	0	0	1		503
R	WWBOTA	B/OK-0136		2024-10-01		R-S 70 Mýtina	OKBOTA		JO80GE	0	0	1		503
R	WWBOTA	B/OK-0137		2024-10-01		R-S 71 Vysoká	OKBOTA		JO80GE	0	0	1		503
R	WWBOTA	B/OK-0138		2024-10-01		R-S 72 Nízká	OKBOTA		JO80GE	0	0	1		503
R	WWBOTA	B/OK-0139		2024-10-01		R-S 73 Na okraji	OKBOTA		JO80GE	0	0	1		503
R	WWBOTA	B/OK-0140		2024-10-01		R-S 74 Na holém	OKBOTA		JO80GE	0	0	1		503
R	WWBOTA	B/OK-0141		2024-10-01		R-S 75 U křížku	OKBOTA		JO80GE	0	0	1		503
R	WWBOTA	B/OK-0142		2024-10-01		R-H-S 78 Tvrz Hanička	OKBOTA		JO80GE	0	0	1		503
R	WWBOTA	B/OK-0143		2024-10-01		R-S 81 U obrázku	OKBOTA		JO80GE	0	0	1		503
R	WWBOTA	B/OK-0144		2024-10-01		R-S 82 Poslední	OKBOTA		JO80GE	0	0	1		503
R	WWBOTA	B/OK-0145		2024-10-01		R-S 83 Chata	OKBOTA		JO80GF	0	0	1		503
R	WWBOTA	B/OK-0146		2024-10-01		R-S 84 Arnošt	OKBOTA		JO80GF	0	0	1		503
R	WWBOTA	B/OK-0147		2024-10-01		R-S 85 Anna	OKBOTA		JO80GF	0	0	1		503
R	WWBOTA	B/OK-0148		2024-10-01		R-S 86 U paseky	OKBOTA		JO80GF	0	0	1		503
R	WWBOTA	B/OK-0149		2024-10-01		R-S 87 Průsek	OKBOTA		JO80GF	0	0	1		503
R	WWBOTA	B/OK-0150		2024-10-01		R-S 88 Mlází	OKBOTA		JO80FF	0	0	1		503
R	WWBOTA	B/OK-0151		2024-10-01		R-S 89 U silnice	OKBOTA		JO80FF	0	0	1		503
R	WWBOTA	B/OK-0152		2024-10-01		R-S 90/I Pravý	OKBOTA		JO80FF	0	0	1		503
R	WWBOTA	B/OK-0153		2024-10-01		R-S 90/II Levý	OKBOTA		JO80FF	0	0	1		503
R	WWBOTA	B/OK-0154		2024-10-01		R-S 91 Vrchol	OKBOTA		JO80FF	0	0	1		503
R	WWBOTA	B/OK-0155		2024-10-01		N-S 43	OKBOTA		JO80DI	0	0	1		503
R	WWBOTA	B/OK-0156		2024-10-01		N-S 44	OKBOTA		JO80DI	0	0	1		503
R	WWBOTA	B/OK-0157		2024-10-01		N-S 45 Polom	OKBOTA		JO80DI	0	0	1		503
R	WWBOTA	B/OK-0158		2024-10-01		N-S 46	OKBOTA		JO80DI	0	0	1		503
R	WWBOTA	B/OK-0159		2024-10-01		N-S 47 Jaroslav	OKBOTA		JO80DI	0	0	1		503
R	WWBOTA	B/OK-0160		2024-10-01		N-Sk-S 48 U Stodol	OKBOTA		JO80DI	0	0	1		503
R	WWBOTA	B/OK-0161		2024-10-01		N-Sk-S 49 Pod lesem	OKBOTA		JO80DI	0	0	1		503
R	WWBOTA	B/OK-0162		2024-10-01		N-S 53 U chalupy	OKBOTA		JO80DI	0	0	1		503
R	WWBOTA	B/OK-0163		2024-10-01		N-S 60 Soused	OKBOTA		JO80DI	0	0	1		503
R	WWBOTA	B/OK-0164		2024-10-01		N-S 61 Chata	OKBOTA		JO80DJ	0	0	1		503
R	WWBOTA	B/OK-0165		2024-10-01		N-S 62a Cesta	OKBOTA		JO80DJ	0	0	1		503
R	WWBOTA	B/OK-0166		2024-10-01		N-S 62b Studna	OKBOTA		JO80CJ	0	0	1		503
R	WWBOTA	B/OK-0167		2024-10-01		N-S 63 Louka	OKBOTA		JO80CJ	0	0	1		503
R	WWBOTA	B/OK-0168		2024-10-01		N-S 64 Osada	OKBOTA		JO80CJ	0	0	1		503
R	WWBOTA	B/OK-0169		2024-10-01		N-S 70a Na kopečku	OKBOTA		JO80CJ	0	0	1		503
R	WWBOTA	B/OK-0170		2024-10-01		N-S 70b Na kopečku II	OKBOTA		JO80CJ	0	0	1		503
R	WWBOTA	B/OK-0171		2024-10-01		N-S 71 Kahan III	OKBOTA		JO80CJ	0	0	1		503
R	WWBOTA	B/OK-0172		2024-10-01		N-D-S 73 Tvrz Dobrošov	OKBOTA		JO80CJ	0	0	1		503
R	WWBOTA	B/OK-0173		2024-10-01		N-S 78 Polsko	OKBOTA		JO80CJ	0	0	1		503
R	WWBOTA	B/OK-0174		2024-10-01		N-S 79 Hrobka	OKBOTA		JO80CJ	0	0	1		503
R	WWBOTA	B/OK-0175		2024-10-01		N-S 80 Jirásek	OKBOTA		JO80CJ	0	0	1		503
R	WWBOTA	B/OK-0176		2024-10-01		N-S 81 Lom	OKBOTA		JO80CJ	0	0	1		503
R	WWBOTA	B/OK-0177		2024-10-01		N-S 82 Březinka	OKBOTA		JO80CJ	0	0	1		503
R	WWBOTA	B/OK-0178		2024-10-01		N-S 83 Lázně	OKBOTA		JO80CK	0	0	1		503
R	WWBOTA	B/OK-0179		2024-10-01		N-S 84 Voda	OKBOTA		JO80CK	0	0	1		503
R	WWBOTA	B/OK-0180		2024-10-01		N-S 85 Montace	OKBOTA		JO80CJ	0	0	1		503
R	WWBOTA	B/OK-0181		2024-10-01		N-S 86 Havlíček	OKBOTA		JO80CK	0	0	1		503
R	WWBOTA	B/OK-0182		2024-10-01		N-S 87 Les	OKBOTA		JO80CK	0	0	1		503
R	WWBOTA	B/OK-0183		2024-10-01		N-S 88 Transformátor	OKBOTA		JO80CK	0	0	1		503
R	WWBOTA	B/OK-0184		2024-10-01		N-S 89 Dvoják	OKBOTA		JO80CK	0	0	1		503
R	WWBOTA	B/OK-0185		2024-10-01		N-S 90 Vodojem	OKBOTA		JO80CK	0	0	1		503
R	WWBOTA	B/OK-0186		2024-10-01		N-S 91 Rozhledna	OKBOTA		JO80CK	0	0	1		503
R	WWBOTA	B/OK-0187		2024-10-01		N-S 92 Bílá	OKBOTA		JO80CK	0	0	1		503
R	WWBOTA	B/OK-0188		2024-10-01		N-S 93a Vrcha I	OKBOTA		JO80CK	0	0	1		503
R	WWBOTA	B/OK-0189		2024-10-01		N-S 93b Vrcha II	OKBOTA		JO80CK	0	0	1		503
R	WWBOTA	B/OK-0190		2024-10-01		T-S 1a Kota A	OKBOTA		JO80BL	0	0	1		503
R	WWBOTA	B/OK-0191		2024-10-01		T-S 1b Kota B	OKBOTA		JO80BL	0	0	1		503
R	WWBOTA	B/OK-0192		2024-10-01		T-S 2 Studénka	OKBOTA		JO80BL	0	0	1		503
R	WWBOTA	B/OK-0193		2024-10-01		T-S 4 Na hřbetu	OKBOTA		JO80BL	0	0	1		503
R	WWBOTA	B/OK-0194		2024-10-01		T-S 5 U křížku	OKBOTA		JO80BL	0	0	1		503
R	WWBOTA	B/OK-0195		2024-10-01		T-S 6 Písník	OKBOTA		JO80CL	0	0	1		503
R	WWBOTA	B/OK-0196		2024-10-01		T-S 7 Lom	OKBOTA		JO80BL	0	0	1		503
R	WWBOTA	B/OK-0197		2024-10-01		T-S 19 Turov	OKBOTA		JO80BM	0	0	1		503
R	WWBOTA	B/OK-0198		2024-10-01		T-S 20 Pláň	OKBOTA		JO80BL	0	0	1		503
R	WWBOTA	B/OK-0199		2024-10-01		T-S 24	OKBOTA		JO80BM	0	0	1		503
R	WWBOTA	B/OK-0200		2024-10-01		T-S 25 U cesty	OKBOTA		JO80BM	0	0	1		503
R	WWBOTA	B/OK-0201		2024-10-01		T-S 26	OKBOTA		JO80BM	0	0	1		503
R	WWBOTA	B/OK-0202		2024-10-01		T-S 27 vojenské muzeum	OKBOTA		JO80BM	0	0	1		503
R	WWBOTA	B/OK-0203		2024-10-01		T-S 28	OKBOTA		JO80BM	0	0	1		503
R	WWBOTA	B/OK-0204		2024-10-01		T-S 43 Pod lesem	OKBOTA		JO80AN	0	0	1		503
R	WWBOTA	B/OK-0205		2024-10-01		T-S 44 Na Pahorku	OKBOTA		JO80AN	0	0	1		503
R	WWBOTA	B/OK-0206		2024-10-01		T-S 52b Na skále	OKBOTA		JO70XO	0	0	1		503
R	WWBOTA	B/OK-0207		2024-10-01		T-S 53 Na Výhledech	OKBOTA		JO70XO	0	0	1		503
R	WWBOTA	B/OK-0208		2024-10-01		T-S 54 Nad dráhou	OKBOTA		JO70XO	0	0	1		503
R	WWBOTA	B/OK-0209		2024-10-01		T-S 55 Na stráni	OKBOTA		JO70XO	0	0	1		503
R	WWBOTA	B/OK-0210		2024-10-01		T-S 56 U strže	OKBOTA		JO70XO	0	0	1		503
R	WWBOTA	B/OK-0211		2024-10-01		T-S 57 U smrku	OKBOTA		JO70XO	0	0	1		503
R	WWBOTA	B/OK-0212		2024-10-01		T-S 58 Velký les	OKBOTA		JO70XO	0	0	1		503
R	WWBOTA	B/OK-0213		2024-10-01		T-S 59 U břízy	OKBOTA		JO70XO	0	0	1		503
R	WWBOTA	B/OK-0214		2024-10-01		T-S 60 U statku	OKBOTA		JO70XO	0	0	1		503
R	WWBOTA	B/OK-0215		2024-10-01		T-S 61 Hranice	OKBOTA		JO70XO	0	0	1		503
R	WWBOTA	B/OK-0216		2024-10-01		T-S 63	OKBOTA		JO70XO	0	0	1		503
R	WWBOTA	B/OK-0217		2024-10-01		T-S 64 Na kopci	OKBOTA		JO70XO	0	0	1		503
R	WWBOTA	B/OK-0218		2024-10-01		T-S 65 U buku	OKBOTA		JO70XO	0	0	1		503
R	WWBOTA	B/OK-0219		2024-10-01		T-S 66a Na rozcestí	OKBOTA		JO70XO	0	0	1		503
R	WWBOTA	B/OK-0220		2024-10-01		T-S 66b V poli	OKBOTA		JO70XO	0	0	1		503
R	WWBOTA	B/OK-0221		2024-10-01		T-S 67 Nad Lomem	OKBOTA		JO70XO	0	0	1		503
R	WWBOTA	B/OK-0222		2024-10-01		T-S 68 Na propustku	OKBOTA		JO70XO	0	0	1		503
R	WWBOTA	B/OK-0223		2024-10-01		T-S 70 U kříže	OKBOTA		JO70WO	0	0	1		503
R	WWBOTA	B/OK-0224		2024-10-01		T-St-S 73 Polom (Stachelberg)	OKBOTA		JO70WP	0	0	1		503
R	WWBOTA	B/OK-0225		2024-10-01		T-S 81a Na hřebeni	OKBOTA		JO70WP	0	0	1		503
R	WWBOTA	B/OK-0226		2024-10-01		T-S 81b Vrchy	OKBOTA		JO70WP	0	0	1		503
R	WWBOTA	B/OK-0227		2024-10-01		T-S 82 V končinách	OKBOTA		JO70WP	0	0	1		503
R	WWBOTA	B/OK-0228		2024-10-01		MJ-S 2 Úvoz	OKBOTA		JN88AT	0	0	1		503
R	WWBOTA	B/OK-0229		2024-10-01		MJ-S 3 Zahrada	OKBOTA		JN88AS	0	0	1		503
R	WWBOTA	B/OK-0230		2024-10-01		MJ-S 4 Zatáčka	OKBOTA		JN88AS	0	0	1		503
R	WWBOTA	B/OK-0231		2024-10-01		MJ-S 15 Závora	OKBOTA		JN88DR	0	0	1		503
R	WWBOTA	B/OK-0232		2024-10-01		MJ-S 16 Výběžek	OKBOTA		JN88ER	0	0	1		503
R	WWBOTA	B/OK-0233		2024-10-01		MJ-S 29 Svah	OKBOTA		JN88HT	0	0	1		503
R	WWBOTA	B/OK-0234		2024-10-01		112/13/D2Z Slaný	OKBOTA		JO70AC	0	0	1		503
R	WWBOTA	B/OK-0235		2024-10-01		114/47/A-140Z Labe	OKBOTA		JO70CK	0	0	1		503
R	WWBOTA	B/OK-0236		2024-10-01		116/109/A-140Z Berounka	OKBOTA		JN79BW	0	0	1		503
R	WWBOTA	B/OK-0237		2024-10-01		116/122/A-180Z Berounka	OKBOTA		JN79BX	0	0	1		503
R	WWBOTA	B/OK-0238		2024-10-01		116/126/A-120Z Berounka	OKBOTA		JN79BX	0	0	1		503
R	WWBOTA	B/OK-0239		2024-10-01		116/128/A-160Z Berounka	OKBOTA		JN79AX	0	0	1		503
R	WWBOTA	B/OK-0240		2024-10-01		116/134/A-160Z Berounka	OKBOTA		JN79AX	0	0	1		503
R	WWBOTA	B/OK-0241		2024-10-01		122/20/A-120Z Moráň	OKBOTA		JN79FS	0	0	1		503
R	WWBOTA	B/OK-0242		2024-10-01		126/10/A-180Z Kamýk nad Vltavou	OKBOTA		JN79DP	0	0	1		503
R	WWBOTA	B/OK-0243		2024-10-01		126/11/A-180Z Kamýk nad Vltavou	OKBOTA		JN79DP	0	0	1		503
R	WWBOTA	B/OK-0244		2024-10-01		126/6/A-140Z Kamýk nad Vltavou	OKBOTA		JN79DP	0	0	1		503
R	WWBOTA	B/OK-0245		2024-10-01		126/7/A-160Z Kamýk nad Vltavou	OKBOTA		JN79DP	0	0	1		503
R	WWBOTA	B/OK-0246		2024-10-01		131/15/A-120Z Těchnice	OKBOTA		JN79CO	0	0	1		503
R	WWBOTA	B/OK-0247		2024-10-01		131/20/A-160Z Těchnice	OKBOTA		JN79CO	0	0	1		503
R	WWBOTA	B/OK-0248		2024-10-01		139/28/A-180Z Pašovice	OKBOTA		JN79EG	0	0	1		503
R	WWBOTA	B/OK-0249		2024-10-01		139/37/A-180Z Pašovice	OKBOTA		JN79EF	0	0	1		503
R	WWBOTA	B/OK-0250		2024-10-01		144/67/B2-80Z Týn nad Vltavou	OKBOTA		JN79FD	0	0	1		503
R	WWBOTA	B/OK-0251		2024-10-01		146/43/A-140 Vitín	OKBOTA		JN79GC	0	0	1		503
R	WWBOTA	B/OK-0252		2024-10-01		148/41/D2Z Velechvín	OKBOTA		JN79IB	0	0	1		503
R	WWBOTA	B/OK-0253		2024-10-01		159/12a/A-140 Lubenec	OKBOTA		JO60RD	0	0	1		503
R	WWBOTA	B/OK-0254		2024-10-01		159/22a/A-180 Lubenec	OKBOTA		JO60PC	0	0	1		503
R	WWBOTA	B/OK-0255		2024-10-01		159/24a/E Lubenec	OKBOTA		JO60QD	0	0	1		503
R	WWBOTA	B/OK-0256		2024-10-01		159/24b/E Lubenec	OKBOTA		JO60QD	0	0	1		503
R	WWBOTA	B/OK-0257		2024-10-01		159/25a/E Lubenec	OKBOTA		JO60QD	0	0	1		503
R	WWBOTA	B/OK-0258		2024-10-01		159/29a/E Lubenec	OKBOTA		JO60PC	0	0	1		503
R	WWBOTA	B/OK-0259		2024-10-01		159/31a/A-180 Lubenec	OKBOTA		JO60PC	0	0	1		503
R	WWBOTA	B/OK-0260		2024-10-01		159/40a/A-200Z Lubenec	OKBOTA		JO60PB	0	0	1		503
R	WWBOTA	B/OK-0261		2024-10-01		159/44a/A-160 Lubenec	OKBOTA		JO60QD	0	0	1		503
R	WWBOTA	B/OK-0262		2024-10-01		159/46a/A-180 Lubenec	OKBOTA		JO60QC	0	0	1		503
R	WWBOTA	B/OK-0263		2024-10-01		159/49a/A-160Z Lubenec	OKBOTA		JO60PB	0	0	1		503
R	WWBOTA	B/OK-0264		2024-10-01		159/51a/A-220 Lubenec	OKBOTA		JO60RD	0	0	1		503
R	WWBOTA	B/OK-0265		2024-10-01		159/51b/A-160 Lubenec	OKBOTA		JO60RD	0	0	1		503
R	WWBOTA	B/OK-0266		2024-10-01		159/51c/A-120 Lubenec	OKBOTA		JO60RD	0	0	1		503
R	WWBOTA	B/OK-0267		2024-10-01		159/52a/A-180Z Lubenec	OKBOTA		JO60PB	0	0	1		503
R	WWBOTA	B/OK-0268		2024-10-01		159/56a/B2-90 Lubenec	OKBOTA		JO60PB	0	0	1		503
R	WWBOTA	B/OK-0269		2024-10-01		159/59b/E Lubenec	OKBOTA		JO60PB	0	0	1		503
R	WWBOTA	B/OK-0270		2024-10-01		159/59c/A-160 Lubenec	OKBOTA		JO60PB	0	0	1		503
R	WWBOTA	B/OK-0271		2024-10-01		159/5a/E Lubenec	OKBOTA		JO60QC	0	0	1		503
R	WWBOTA	B/OK-0272		2024-10-01		159/68a/A-160 Lubenec	OKBOTA		JO60PC	0	0	1		503
R	WWBOTA	B/OK-0273		2024-10-01		159/70a/A-160 Lubenec	OKBOTA		JO60PC	0	0	1		503
R	WWBOTA	B/OK-0274		2024-10-01		159/71a/A-160 Lubenec	OKBOTA		JO60PC	0	0	1		503
R	WWBOTA	B/OK-0275		2024-10-01		159/71b/A-120 Lubenec	OKBOTA		JO60PC	0	0	1		503
R	WWBOTA	B/OK-0276		2024-10-01		159/73a/A-160Z Lubenec	OKBOTA		JO60PC	0	0	1		503
R	WWBOTA	B/OK-0277		2024-10-01		159/74a/A-160 Lubenec	OKBOTA		JO60PC	0	0	1		503
R	WWBOTA	B/OK-0278		2024-10-01		159/7a/A-140 Lubenec	OKBOTA		JO60RE	0	0	1		503
R	WWBOTA	B/OK-0279		2024-10-01		171/45/A-180 Úterský potok	OKBOTA		JN69MU	0	0	1		503
R	WWBOTA	B/OK-0280		2024-10-01		171/47/D2Z Úterský potok	OKBOTA		JN69MV	0	0	1		503
R	WWBOTA	B/OK-0281		2024-10-01		171/48/D1Z Úterský potok	OKBOTA		JN69MV	0	0	1		503
R	WWBOTA	B/OK-0282		2024-10-01		171/49/A-160Z Úterský potok	OKBOTA		JN69MV	0	0	1		503
R	WWBOTA	B/OK-0283		2024-10-01		171/50/A-140 Úterský potok	OKBOTA		JN69MV	0	0	1		503
R	WWBOTA	B/OK-0284		2024-10-01		171/51/A-140 Úterský potok	OKBOTA		JN69MV	0	0	1		503
R	WWBOTA	B/OK-0285		2024-10-01		171/52/A-160 Úterský potok	OKBOTA		JN69MV	0	0	1		503
R	WWBOTA	B/OK-0286		2024-10-01		171/53/A-160 Úterský potok	OKBOTA		JN69MV	0	0	1		503
R	WWBOTA	B/OK-0287		2024-10-01		171/54/A-140 Úterský potok	OKBOTA		JN69MV	0	0	1		503
R	WWBOTA	B/OK-0288		2024-10-01		171/55/A-140 Úterský potok	OKBOTA		JN69MV	0	0	1		503
R	WWBOTA	B/OK-0289		2024-10-01		171/56/A-180 Úterský potok	OKBOTA		JN69MV	0	0	1		503
R	WWBOTA	B/OK-0290		2024-10-01		171/57/A-180 Úterský potok	OKBOTA		JN69MV	0	0	1		503
R	WWBOTA	B/OK-0291		2024-10-01		171/58/E Úterský potok	OKBOTA		JN69MV	0	0	1		503
R	WWBOTA	B/OK-0292		2024-10-01		171/59/A-160 Úterský potok	OKBOTA		JN69MV	0	0	1		503
R	WWBOTA	B/OK-0293		2024-10-01		171/60/A-160 Úterský potok	OKBOTA		JN69MV	0	0	1		503
R	WWBOTA	B/OK-0294		2024-10-01		172/1/B2-100 Stříbro	OKBOTA		JN69LQ	0	0	1		503
R	WWBOTA	B/OK-0295		2024-10-01		172/2/A-140 Stříbro	OKBOTA		JN69LQ	0	0	1		503
R	WWBOTA	B/OK-0296		2024-10-01		172/3/A-220Z Stříbro	OKBOTA		JN69LQ	0	0	1		503
R	WWBOTA	B/OK-0297		2024-10-01		172/38/A-160 Stříbro	OKBOTA		JN69LQ	0	0	1		503
R	WWBOTA	B/OK-0298		2024-10-01		172/39/A-140 Stříbro	OKBOTA		JN69LQ	0	0	1		503
R	WWBOTA	B/OK-0299		2024-10-01		172/4/A-160 Stříbro	OKBOTA		JN69LQ	0	0	1		503
R	WWBOTA	B/OK-0300		2024-10-01		172/40/A-120 Stříbro	OKBOTA		JN69LQ	0	0	1		503
R	WWBOTA	B/OK-0301		2024-10-01		172/41/A-140 Stříbro	OKBOTA		JN69LR	0	0	1		503
R	WWBOTA	B/OK-0302		2024-10-01		172/42/B2-80 Stříbro	OKBOTA		JN69MR	0	0	1		503
R	WWBOTA	B/OK-0303		2024-10-01		172/43/B2-90 Stříbro	OKBOTA		JN69MR	0	0	1		503
R	WWBOTA	B/OK-0304		2024-10-01		172/44/A-140 Stříbro	OKBOTA		JN69MR	0	0	1		503
R	WWBOTA	B/OK-0305		2024-10-01		172/45/A-120 Stříbro	OKBOTA		JN69MR	0	0	1		503
R	WWBOTA	B/OK-0306		2024-10-01		172/46/B2-100 Stříbro	OKBOTA		JN69MR	0	0	1		503
R	WWBOTA	B/OK-0307		2024-10-01		172/47/B2-80 Stříbro	OKBOTA		JN69MR	0	0	1		503
R	WWBOTA	B/OK-0308		2024-10-01		172/5/A-200 Stříbro	OKBOTA		JN69LQ	0	0	1		503
R	WWBOTA	B/OK-0309		2024-10-01		172/6/A-200 Stříbro	OKBOTA		JN69LQ	0	0	1		503
R	WWBOTA	B/OK-0310		2024-10-01		172/7/B1-90 Stříbro	OKBOTA		JN69LQ	0	0	1		503
R	WWBOTA	B/OK-0311		2024-10-01		172/8/A-220 Stříbro	OKBOTA		JN69LQ	0	0	1		503
R	WWBOTA	B/OK-0312		2024-10-01		172/9/A-160 Stříbro	OKBOTA		JN69LQ	0	0	1		503
R	WWBOTA	B/OK-0313		2024-10-01		173/15/B2-100Z Jivjany	OKBOTA		JN69LQ	0	0	1		503
R	WWBOTA	B/OK-0314		2024-10-01		173/20/B2-90 Jivjany	OKBOTA		JN69LP	0	0	1		503
R	WWBOTA	B/OK-0315		2024-10-01		173/21/A-160 Jivjany	OKBOTA		JN69LP	0	0	1		503
R	WWBOTA	B/OK-0316		2024-10-01		173/22/B2-80 Jivjany	OKBOTA		JN69LP	0	0	1		503
R	WWBOTA	B/OK-0317		2024-10-01		173/23/A-200 Jivjany	OKBOTA		JN69LP	0	0	1		503
R	WWBOTA	B/OK-0318		2024-10-01		173/24/A-200 Jivjany	OKBOTA		JN69LP	0	0	1		503
R	WWBOTA	B/OK-0319		2024-10-01		173/25/A-180 Jivjany	OKBOTA		JN69LP	0	0	1		503
R	WWBOTA	B/OK-0320		2024-10-01		173/26/A-160 Jivjany	OKBOTA		JN69LP	0	0	1		503
R	WWBOTA	B/OK-0321		2024-10-01		173/27/B2-80 Jivjany	OKBOTA		JN69LP	0	0	1		503
R	WWBOTA	B/OK-0322		2024-10-01		173/28/A-140 Jivjany	OKBOTA		JN69LP	0	0	1		503
R	WWBOTA	B/OK-0323		2024-10-01		173/31/A-120 Jivjany	OKBOTA		JN69LP	0	0	1		503
R	WWBOTA	B/OK-0324		2024-10-01		173/32/A-160 Jivjany	OKBOTA		JN69LP	0	0	1		503
R	WWBOTA	B/OK-0325		2024-10-01		173/34/A-140 Jivjany	OKBOTA		JN69LP	0	0	1		503
R	WWBOTA	B/OK-0326		2024-10-01		173/36/A-160 Jivjany	OKBOTA		JN69LP	0	0	1		503
R	WWBOTA	B/OK-0327		2024-10-01		173/37/A-180 Jivjany	OKBOTA		JN69LP	0	0	1		503
R	WWBOTA	B/OK-0328		2024-10-01		173/38/B1-80 Jivjany	OKBOTA		JN69MP	0	0	1		503
R	WWBOTA	B/OK-0329		2024-10-01		173/39/A-120Z Jivjany	OKBOTA		JN69MP	0	0	1		503
R	WWBOTA	B/OK-0330		2024-10-01		173/40/A-160 Jivjany	OKBOTA		JN69MP	0	0	1		503
R	WWBOTA	B/OK-0331		2024-10-01		173/41/B2-80 Jivjany	OKBOTA		JN69MP	0	0	1		503
R	WWBOTA	B/OK-0332		2024-10-01		173/42/A-200 Jivjany	OKBOTA		JN69MP	0	0	1		503
R	WWBOTA	B/OK-0333		2024-10-01		173/43/B2-80 Jivjany	OKBOTA		JN69MP	0	0	1		503
R	WWBOTA	B/OK-0334		2024-10-01		173/45/B2-80 Jivjany	OKBOTA		JN69MP	0	0	1		503
R	WWBOTA	B/OK-0335		2024-10-01		173/47/A-140 Jivjany	OKBOTA		JN69MO	0	0	1		503
R	WWBOTA	B/OK-0336		2024-10-01		173/48/A-160 Jivjany	OKBOTA		JN69MO	0	0	1		503
R	WWBOTA	B/OK-0337		2024-10-01		173/49/A-140 Jivjany	OKBOTA		JN69MO	0	0	1		503
R	WWBOTA	B/OK-0338		2024-10-01		173/50/B1-80 Jivjany	OKBOTA		JN69MO	0	0	1		503
R	WWBOTA	B/OK-0339		2024-10-01		173/51/A-180 Jivjany	OKBOTA		JN69MO	0	0	1		503
R	WWBOTA	B/OK-0340		2024-10-01		173/52/E Jivjany	OKBOTA		JN69MO	0	0	1		503
R	WWBOTA	B/OK-0341		2024-10-01		173/53/B1-80 Jivjany	OKBOTA		JN69MO	0	0	1		503
R	WWBOTA	B/OK-0342		2024-10-01		173/54/A-220 Jivjany	OKBOTA		JN69MO	0	0	1		503
R	WWBOTA	B/OK-0343		2024-10-01		173/56/A-160 Jivjany	OKBOTA		JN69MO	0	0	1		503
R	WWBOTA	B/OK-0344		2024-10-01		173/57/A-160 Jivjany	OKBOTA		JN69MO	0	0	1		503
R	WWBOTA	B/OK-0345		2024-10-01		173/58/A-140 Jivjany	OKBOTA		JN69MO	0	0	1		503
R	WWBOTA	B/OK-0346		2024-10-01		174/49/B2-100 Holýšov	OKBOTA		JN69NO	0	0	1		503
R	WWBOTA	B/OK-0347		2024-10-01		174/50/A-180 Holýšov	OKBOTA		JN69NO	0	0	1		503
R	WWBOTA	B/OK-0348		2024-10-01		174/52/B2-80 Holýšov	OKBOTA		JN69NO	0	0	1		503
R	WWBOTA	B/OK-0349		2024-10-01		174/53/A-160 Holýšov	OKBOTA		JN69NO	0	0	1		503
R	WWBOTA	B/OK-0350		2024-10-01		174/54/B2-80 Holýšov	OKBOTA		JN69NO	0	0	1		503
R	WWBOTA	B/OK-0351		2024-10-01		174/55/A-160 Holýšov	OKBOTA		JN69NO	0	0	1		503
R	WWBOTA	B/OK-0352		2024-10-01		174/56/B2-100 Holýšov	OKBOTA		JN69NO	0	0	1		503
R	WWBOTA	B/OK-0353		2024-10-01		174/57/A-160 Holýšov	OKBOTA		JN69MO	0	0	1		503
R	WWBOTA	B/OK-0354		2024-10-01		174/59/B1-80 Holýšov	OKBOTA		JN69MO	0	0	1		503
R	WWBOTA	B/OK-0355		2024-10-01		174/60/A-160 Holýšov	OKBOTA		JN69MO	0	0	1		503
R	WWBOTA	B/OK-0356		2024-10-01		174/61/A-180 Holýšov	OKBOTA		JN69MO	0	0	1		503
R	WWBOTA	B/OK-0357		2024-10-01		174/62/A-180 Holýšov	OKBOTA		JN69MO	0	0	1		503
R	WWBOTA	B/OK-0358		2024-10-01		174/63/A-180 Holýšov	OKBOTA		JN69MO	0	0	1		503
R	WWBOTA	B/OK-0359		2024-10-01		174/64/A-120 Holýšov	OKBOTA		JN69MO	0	0	1		503
R	WWBOTA	B/OK-0360		2024-10-01		174/65/A-140 Holýšov	OKBOTA		JN69MO	0	0	1		503
R	WWBOTA	B/OK-0361		2024-10-01		174/66/B1-100 Holýšov	OKBOTA		JN69MO	0	0	1		503
R	WWBOTA	B/OK-0362		2024-10-01		174/67/A-160 Holýšov	OKBOTA		JN69MO	0	0	1		503
R	WWBOTA	B/OK-0363		2024-10-01		174/68/A-160 Holýšov	OKBOTA		JN69MO	0	0	1		503
R	WWBOTA	B/OK-0364		2024-10-01		174/81/A-180 Holýšov	OKBOTA		JN69MO	0	0	1		503
R	WWBOTA	B/OK-0365		2024-10-01		174/82/A-180 Holýšov	OKBOTA		JN69MO	0	0	1		503
R	WWBOTA	B/OK-0366		2024-10-01		174/83/A-160 Holýšov	OKBOTA		JN69MO	0	0	1		503
R	WWBOTA	B/OK-0367		2024-10-01		174/84/A-200 Holýšov	OKBOTA		JN69MO	0	0	1		503
R	WWBOTA	B/OK-0368		2024-10-01		174/85/B1-80 Holýšov	OKBOTA		JN69MO	0	0	1		503
R	WWBOTA	B/OK-0369		2024-10-01		174/86/A-140 Holýšov	OKBOTA		JN69MO	0	0	1		503
R	WWBOTA	B/OK-0370		2024-10-01		174/87/B1-80 Holýšov	OKBOTA		JN69MO	0	0	1		503
R	WWBOTA	B/OK-0371		2024-10-01		174/88/A-180 Holýšov	OKBOTA		JN69MO	0	0	1		503
R	WWBOTA	B/OK-0372		2024-10-01		174/89/A-160 Holýšov	OKBOTA		JN69MO	0	0	1		503
R	WWBOTA	B/OK-0373		2024-10-01		174/90/A-160 Holýšov	OKBOTA		JN69MO	0	0	1		503
R	WWBOTA	B/OK-0374		2024-10-01		175/60/A-200Z Ježovy	OKBOTA		JN69OL	0	0	1		503
R	WWBOTA	B/OK-0375		2024-10-01		182/33/A-140Z Újezd Ostrolov (Ostrolovský Új.)	OKBOTA		JN78HV	0	0	1		503
R	WWBOTA	B/OK-0376		2024-10-01		184/112/A-160Z Staňkovský rybník	OKBOTA		JN78LX	0	0	1		503
R	WWBOTA	B/OK-0377		2024-10-01		184/65/A-180Z Staňkovský rybník	OKBOTA		JN78KW	0	0	1		503
R	WWBOTA	B/OK-0378		2024-10-01		184/91/A-160 Staňkovský rybník	OKBOTA		JN78LW	0	0	1		503
R	WWBOTA	B/OK-0379		2024-10-01		185/201/A-160 Číměř	OKBOTA		JN79NA	0	0	1		503
R	WWBOTA	B/OK-0380		2024-10-01		185/203/A-200 Číměř	OKBOTA		JN79NA	0	0	1		503
R	WWBOTA	B/OK-0381		2024-10-01		185/206/A-160 Číměř	OKBOTA		JN79NA	0	0	1		503
R	WWBOTA	B/OK-0382		2024-10-01		185/210/B1-100 Číměř	OKBOTA		JN79NA	0	0	1		503
R	WWBOTA	B/OK-0383		2024-10-01		185/213/B2-100 Číměř	OKBOTA		JN79NB	0	0	1		503
R	WWBOTA	B/OK-0384		2024-10-01		185/216/A-180Z Číměř	OKBOTA		JN79NA	0	0	1		503
R	WWBOTA	B/OK-0385		2024-10-01		185/217/A-120Z Číměř	OKBOTA		JN79NB	0	0	1		503
R	WWBOTA	B/OK-0386		2024-10-01		185/221/A-140Z Číměř	OKBOTA		JN79NA	0	0	1		503
R	WWBOTA	B/OK-0387		2024-10-01		185/224/A-140Z Číměř	OKBOTA		JN79NA	0	0	1		503
R	WWBOTA	B/OK-0388		2024-10-01		185/227/A-180 Číměř	OKBOTA		JN79NA	0	0	1		503
R	WWBOTA	B/OK-0389		2024-10-01		185/228/A-160Z Číměř	OKBOTA		JN79NA	0	0	1		503
R	WWBOTA	B/OK-0390		2024-10-01		185/229/A-140Z Číměř	OKBOTA		JN79NA	0	0	1		503
R	WWBOTA	B/OK-0391		2024-10-01		185/232/A-180Z Číměř	OKBOTA		JN79NA	0	0	1		503
R	WWBOTA	B/OK-0392		2024-10-01		185/234/A-160Z Číměř	OKBOTA		JN79NA	0	0	1		503
R	WWBOTA	B/OK-0393		2024-10-01		185/235/A-180Z Číměř	OKBOTA		JN79NA	0	0	1		503
R	WWBOTA	B/OK-0394		2024-10-01		185/237/A-140 Číměř	OKBOTA		JN79NA	0	0	1		503
R	WWBOTA	B/OK-0395		2024-10-01		185/238/A-200Z Číměř	OKBOTA		JN79NA	0	0	1		503
R	WWBOTA	B/OK-0396		2024-10-01		185/241/A-200Z Číměř	OKBOTA		JN79NA	0	0	1		503
R	WWBOTA	B/OK-0397		2024-10-01		185/242/A-160 Číměř	OKBOTA		JN79NA	0	0	1		503
R	WWBOTA	B/OK-0398		2024-10-01		185/243/A-160Z Číměř	OKBOTA		JN79NA	0	0	1		503
R	WWBOTA	B/OK-0399		2024-10-01		185/244/A-160Z Číměř	OKBOTA		JN79NA	0	0	1		503
R	WWBOTA	B/OK-0400		2024-10-01		185/246/A-220Z Číměř	OKBOTA		JN79MA	0	0	1		503
R	WWBOTA	B/OK-0401		2024-10-01		185/248/A-140 Číměř	OKBOTA		JN79MA	0	0	1		503
R	WWBOTA	B/OK-0402		2024-10-01		185/250/A-180 Číměř	OKBOTA		JN79MA	0	0	1		503
R	WWBOTA	B/OK-0403		2024-10-01		185/253/A-200 Číměř	OKBOTA		JN79MA	0	0	1		503
R	WWBOTA	B/OK-0404		2024-10-01		185/255/A-180 Číměř	OKBOTA		JN79MA	0	0	1		503
R	WWBOTA	B/OK-0405		2024-10-01		185/257/B1-80 Číměř	OKBOTA		JN79MA	0	0	1		503
R	WWBOTA	B/OK-0406		2024-10-01		185/260/A-160 Číměř	OKBOTA		JN79MA	0	0	1		503
R	WWBOTA	B/OK-0407		2024-10-01		185/262/A-140 Číměř	OKBOTA		JN79MA	0	0	1		503
R	WWBOTA	B/OK-0408		2024-10-01		185/265/A-160 Číměř	OKBOTA		JN79MA	0	0	1		503
R	WWBOTA	B/OK-0409		2024-10-01		185/266/A-160 Číměř	OKBOTA		JN79MA	0	0	1		503
R	WWBOTA	B/OK-0410		2024-10-01		185/269/A-120 Číměř	OKBOTA		JN79MA	0	0	1		503
R	WWBOTA	B/OK-0411		2024-10-01		185/279/A-120 Číměř	OKBOTA		JN79MA	0	0	1		503
R	WWBOTA	B/OK-0412		2024-10-01		185/349/A-160Z Číměř	OKBOTA		JN79NA	0	0	1		503
R	WWBOTA	B/OK-0413		2024-10-01		186/123/A-180 Staré Město [pod Landštejnem]	OKBOTA		JN79OA	0	0	1		503
R	WWBOTA	B/OK-0414		2024-10-01		186/124/A-140 Staré Město [pod Landštejnem]	OKBOTA		JN79OA	0	0	1		503
R	WWBOTA	B/OK-0415		2024-10-01		186/125/A-120 Staré Město [pod Landštejnem]	OKBOTA		JN79OA	0	0	1		503
R	WWBOTA	B/OK-0416		2024-10-01		186/126/A-140 Staré Město [pod Landštejnem]	OKBOTA		JN79OA	0	0	1		503
R	WWBOTA	B/OK-0417		2024-10-01		186/127/E Staré Město [pod Landštejnem]	OKBOTA		JN79OA	0	0	1		503
R	WWBOTA	B/OK-0418		2024-10-01		186/128/A-180 Staré Město [pod Landštejnem]	OKBOTA		JN79OA	0	0	1		503
R	WWBOTA	B/OK-0419		2024-10-01		186/129/A-120 Staré Město [pod Landštejnem]	OKBOTA		JN79OA	0	0	1		503
R	WWBOTA	B/OK-0420		2024-10-01		186/130/B2-100 Staré Město [pod Landštejnem]	OKBOTA		JN79OA	0	0	1		503
R	WWBOTA	B/OK-0421		2024-10-01		186/131/A-200 Staré Město [pod Landštejnem]	OKBOTA		JN79OA	0	0	1		503
R	WWBOTA	B/OK-0422		2024-10-01		186/132/A-200Z Staré Město [pod Landštejnem]	OKBOTA		JN79OA	0	0	1		503
R	WWBOTA	B/OK-0423		2024-10-01		186/133/B1-100Z Staré Město [pod Landštejnem]	OKBOTA		JN79OA	0	0	1		503
R	WWBOTA	B/OK-0424		2024-10-01		186/134/A-140 Staré Město [pod Landštejnem]	OKBOTA		JN79OA	0	0	1		503
R	WWBOTA	B/OK-0425		2024-10-01		186/135/A-160 Staré Město [pod Landštejnem]	OKBOTA		JN79OA	0	0	1		503
R	WWBOTA	B/OK-0426		2024-10-01		186/136/A-140 Staré Město [pod Landštejnem]	OKBOTA		JN79OA	0	0	1		503
R	WWBOTA	B/OK-0427		2024-10-01		186/137/A-160 Staré Město [pod Landštejnem]	OKBOTA		JN79OA	0	0	1		503
R	WWBOTA	B/OK-0428		2024-10-01		186/138/B1-100 Staré Město [pod Landštejnem]	OKBOTA		JN79OA	0	0	1		503
R	WWBOTA	B/OK-0429		2024-10-01		186/139/A-120 Staré Město [pod Landštejnem]	OKBOTA		JN79OA	0	0	1		503
R	WWBOTA	B/OK-0430		2024-10-01		186/140/A-120 Staré Město [pod Landštejnem]	OKBOTA		JN79OA	0	0	1		503
R	WWBOTA	B/OK-0431		2024-10-01		186/141/A-120 Staré Město [pod Landštejnem]	OKBOTA		JN79OA	0	0	1		503
R	WWBOTA	B/OK-0432		2024-10-01		186/142/A-140 Staré Město [pod Landštejnem]	OKBOTA		JN79OA	0	0	1		503
R	WWBOTA	B/OK-0433		2024-10-01		186/143/A-160 Staré Město [pod Landštejnem]	OKBOTA		JN79OA	0	0	1		503
R	WWBOTA	B/OK-0434		2024-10-01		186/144/A-120 Staré Město [pod Landštejnem]	OKBOTA		JN79OA	0	0	1		503
R	WWBOTA	B/OK-0435		2024-10-01		186/146/A-160 Staré Město [pod Landštejnem]	OKBOTA		JN79OA	0	0	1		503
R	WWBOTA	B/OK-0436		2024-10-01		186/147/A-140 Staré Město [pod Landštejnem]	OKBOTA		JN79OA	0	0	1		503
R	WWBOTA	B/OK-0437		2024-10-01		186/148/B1-80 Staré Město [pod Landštejnem]	OKBOTA		JN79OA	0	0	1		503
R	WWBOTA	B/OK-0438		2024-10-01		186/149/B1-100 Staré Město [pod Landštejnem]	OKBOTA		JN79OA	0	0	1		503
R	WWBOTA	B/OK-0439		2024-10-01		186/151/A-140 Staré Město [pod Landštejnem]	OKBOTA		JN79OA	0	0	1		503
R	WWBOTA	B/OK-0440		2024-10-01		186/151/A-180 Staré Město [pod Landštejnem]	OKBOTA		JN79OA	0	0	1		503
R	WWBOTA	B/OK-0441		2024-10-01		186/152/A-160 Staré Město [pod Landštejnem]	OKBOTA		JN79OA	0	0	1		503
R	WWBOTA	B/OK-0442		2024-10-01		186/153/A-180 Staré Město [pod Landštejnem]	OKBOTA		JN79OA	0	0	1		503
R	WWBOTA	B/OK-0443		2024-10-01		186/154/A-180 Staré Město [pod Landštejnem]	OKBOTA		JN79OA	0	0	1		503
R	WWBOTA	B/OK-0444		2024-10-01		186/155/B1-90 Staré Město [pod Landštejnem]	OKBOTA		JN79OA	0	0	1		503
R	WWBOTA	B/OK-0445		2024-10-01		186/156/A-160 Staré Město [pod Landštejnem]	OKBOTA		JN79OA	0	0	1		503
R	WWBOTA	B/OK-0446		2024-10-01		186/157/A-140 Staré Město [pod Landštejnem]	OKBOTA		JN79OA	0	0	1		503
R	WWBOTA	B/OK-0447		2024-10-01		186/158/B2-80 Staré Město [pod Landštejnem]	OKBOTA		JN79OA	0	0	1		503
R	WWBOTA	B/OK-0448		2024-10-01		186/159/B2-100 Staré Město [pod Landštejnem]	OKBOTA		JN79OA	0	0	1		503
R	WWBOTA	B/OK-0449		2024-10-01		186/160/B2-90 Staré Město [pod Landštejnem]	OKBOTA		JN79OA	0	0	1		503
R	WWBOTA	B/OK-0450		2024-10-01		186/161/A-160 Staré Město [pod Landštejnem]	OKBOTA		JN79OA	0	0	1		503
R	WWBOTA	B/OK-0451		2024-10-01		186/162/A-160 Staré Město [pod Landštejnem]	OKBOTA		JN79OA	0	0	1		503
R	WWBOTA	B/OK-0452		2024-10-01		186/163/A-120 Staré Město [pod Landštejnem]	OKBOTA		JN79OA	0	0	1		503
R	WWBOTA	B/OK-0453		2024-10-01		186/164/A-140 Staré Město [pod Landštejnem]	OKBOTA		JN79OA	0	0	1		503
R	WWBOTA	B/OK-0454		2024-10-01		186/165/A-140Z Staré Město [pod Landštejnem]	OKBOTA		JN79OA	0	0	1		503
R	WWBOTA	B/OK-0455		2024-10-01		186/166/A-120 Staré Město [pod Landštejnem]	OKBOTA		JN79OA	0	0	1		503
R	WWBOTA	B/OK-0456		2024-10-01		186/167/A-160Z Staré Město [pod Landštejnem]	OKBOTA		JN79OA	0	0	1		503
R	WWBOTA	B/OK-0457		2024-10-01		186/168/A-140Z Staré Město [pod Landštejnem]	OKBOTA		JN79OA	0	0	1		503
R	WWBOTA	B/OK-0458		2024-10-01		186/169/B2-90Z Staré Město [pod Landštejnem]	OKBOTA		JN79OA	0	0	1		503
R	WWBOTA	B/OK-0459		2024-10-01		186/170/E Staré Město [pod Landštejnem]	OKBOTA		JN79OA	0	0	1		503
R	WWBOTA	B/OK-0460		2024-10-01		186/171/A-160Z Staré Město [pod Landštejnem]	OKBOTA		JN79OA	0	0	1		503
R	WWBOTA	B/OK-0461		2024-10-01		186/172/A-140Z Staré Město [pod Landštejnem]	OKBOTA		JN79OA	0	0	1		503
R	WWBOTA	B/OK-0462		2024-10-01		186/173/A-140Z Staré Město [pod Landštejnem]	OKBOTA		JN79OA	0	0	1		503
R	WWBOTA	B/OK-0463		2024-10-01		186/174/A-160Z Staré Město [pod Landštejnem]	OKBOTA		JN79OA	0	0	1		503
R	WWBOTA	B/OK-0464		2024-10-01		186/175/A-160Z Staré Město [pod Landštejnem]	OKBOTA		JN79NA	0	0	1		503
R	WWBOTA	B/OK-0465		2024-10-01		186/176/B2-80Z Staré Město [pod Landštejnem]	OKBOTA		JN79NA	0	0	1		503
R	WWBOTA	B/OK-0466		2024-10-01		191/1/A-120Z Lenora	OKBOTA		JN68VW	0	0	1		503
R	WWBOTA	B/OK-0467		2024-10-01		191/10/A-160 Lenora	OKBOTA		JN68VW	0	0	1		503
R	WWBOTA	B/OK-0468		2024-10-01		191/11/A-200Z Lenora	OKBOTA		JN68VW	0	0	1		503
R	WWBOTA	B/OK-0469		2024-10-01		191/13/A-140Z Lenora	OKBOTA		JN68VW	0	0	1		503
R	WWBOTA	B/OK-0470		2024-10-01		191/14/D2 Lenora	OKBOTA		JN68VW	0	0	1		503
R	WWBOTA	B/OK-0471		2024-10-01		191/15/A-160Z Lenora	OKBOTA		JN68VW	0	0	1		503
R	WWBOTA	B/OK-0472		2024-10-01		191/16/A-180Z Lenora	OKBOTA		JN68VW	0	0	1		503
R	WWBOTA	B/OK-0473		2024-10-01		191/17/A-200Z Lenora	OKBOTA		JN68VW	0	0	1		503
R	WWBOTA	B/OK-0474		2024-10-01		191/18/A-120Z Lenora	OKBOTA		JN68VW	0	0	1		503
R	WWBOTA	B/OK-0475		2024-10-01		191/19/B2-80 Lenora	OKBOTA		JN68VW	0	0	1		503
R	WWBOTA	B/OK-0476		2024-10-01		191/20/B2-80 Lenora	OKBOTA		JN68VW	0	0	1		503
R	WWBOTA	B/OK-0477		2024-10-01		191/21/B2-90 Lenora	OKBOTA		JN68VW	0	0	1		503
R	WWBOTA	B/OK-0478		2024-10-01		191/22/A-120Z Lenora	OKBOTA		JN68VW	0	0	1		503
R	WWBOTA	B/OK-0479		2024-10-01		191/23/A-140Z Lenora	OKBOTA		JN68VW	0	0	1		503
R	WWBOTA	B/OK-0480		2024-10-01		191/24/B1-80 Lenora	OKBOTA		JN68VW	0	0	1		503
R	WWBOTA	B/OK-0481		2024-10-01		191/25/A-140Z Lenora	OKBOTA		JN68VW	0	0	1		503
R	WWBOTA	B/OK-0482		2024-10-01		191/26/A-140Z Lenora	OKBOTA		JN68VW	0	0	1		503
R	WWBOTA	B/OK-0483		2024-10-01		191/27/A-160 Lenora	OKBOTA		JN68VW	0	0	1		503
R	WWBOTA	B/OK-0484		2024-10-01		191/28/A-140Z Lenora	OKBOTA		JN68VW	0	0	1		503
R	WWBOTA	B/OK-0485		2024-10-01		191/29/A-120Z Lenora	OKBOTA		JN68VW	0	0	1		503
R	WWBOTA	B/OK-0486		2024-10-01		191/3/A-160Z Lenora	OKBOTA		JN68VW	0	0	1		503
R	WWBOTA	B/OK-0487		2024-10-01		191/30/A-140Z Lenora	OKBOTA		JN68VW	0	0	1		503
R	WWBOTA	B/OK-0488		2024-10-01		191/31/A-160Z Lenora	OKBOTA		JN68VW	0	0	1		503
R	WWBOTA	B/OK-0489		2024-10-01		191/32/A-160Z Lenora	OKBOTA		JN68VW	0	0	1		503
R	WWBOTA	B/OK-0490		2024-10-01		191/33/A-140Z Lenora	OKBOTA		JN68VX	0	0	1		503
R	WWBOTA	B/OK-0491		2024-10-01		191/34/A-140 Lenora	OKBOTA		JN68VX	0	0	1		503
R	WWBOTA	B/OK-0492		2024-10-01		191/35/A-160 Lenora	OKBOTA		JN68VX	0	0	1		503
R	WWBOTA	B/OK-0493		2024-10-01		191/36/A-140 Lenora	OKBOTA		JN68VX	0	0	1		503
R	WWBOTA	B/OK-0494		2024-10-01		191/37/A-160 Lenora	OKBOTA		JN68VX	0	0	1		503
R	WWBOTA	B/OK-0495		2024-10-01		191/38/A-140 Lenora	OKBOTA		JN68VX	0	0	1		503
R	WWBOTA	B/OK-0496		2024-10-01		191/39/A-180 Lenora	OKBOTA		JN68VX	0	0	1		503
R	WWBOTA	B/OK-0497		2024-10-01		191/4/A-120 Lenora	OKBOTA		JN68VW	0	0	1		503
R	WWBOTA	B/OK-0498		2024-10-01		191/41/A-140 Lenora	OKBOTA		JN68VX	0	0	1		503
R	WWBOTA	B/OK-0499		2024-10-01		191/42/A-200 Lenora	OKBOTA		JN68VX	0	0	1		503
R	WWBOTA	B/OK-0500		2024-10-01		191/44/A-140 Lenora	OKBOTA		JN68VX	0	0	1		503
R	WWBOTA	B/OK-0501		2024-10-01		191/45/A-140 Lenora	OKBOTA		JN68VX	0	0	1		503
R	WWBOTA	B/OK-0502		2024-10-01		191/46/A-140 Lenora	OKBOTA		JN68VX	0	0	1		503
R	WWBOTA	B/OK-0503		2024-10-01		191/47/A-120 Lenora	OKBOTA		JN68VX	0	0	1		503
R	WWBOTA	B/OK-0504		2024-10-01		191/48/A-140Z Lenora	OKBOTA		JN68VX	0	0	1		503
R	WWBOTA	B/OK-0505		2024-10-01		191/49/A-160 Lenora	OKBOTA		JN68VX	0	0	1		503
R	WWBOTA	B/OK-0506		2024-10-01		191/5/A-140 Lenora	OKBOTA		JN68VW	0	0	1		503
R	WWBOTA	B/OK-0507		2024-10-01		191/50/A-120 Lenora	OKBOTA		JN68VX	0	0	1		503
R	WWBOTA	B/OK-0508		2024-10-01		191/6/A-140Z Lenora	OKBOTA		JN68VW	0	0	1		503
R	WWBOTA	B/OK-0509		2024-10-01		191/7/B2-90 Lenora	OKBOTA		JN68VW	0	0	1		503
R	WWBOTA	B/OK-0510		2024-10-01		191/8/A-140 Lenora	OKBOTA		JN68VW	0	0	1		503
R	WWBOTA	B/OK-0511		2024-10-01		191/9/A-200Z Lenora	OKBOTA		JN68VW	0	0	1		503
R	WWBOTA	B/OK-0512		2024-10-01		194/10/A-140 Stachy	OKBOTA		JN69UB	0	0	1		503
R	WWBOTA	B/OK-0513		2024-10-01		194/11/A-200 Stachy	OKBOTA		JN69UA	0	0	1		503
R	WWBOTA	B/OK-0514		2024-10-01		194/12/A-160 Stachy	OKBOTA		JN69UB	0	0	1		503
R	WWBOTA	B/OK-0515		2024-10-01		194/13/A-140 Stachy	OKBOTA		JN69UB	0	0	1		503
R	WWBOTA	B/OK-0516		2024-10-01		194/15/A-140 Stachy	OKBOTA		JN69UB	0	0	1		503
R	WWBOTA	B/OK-0517		2024-10-01		194/5/A-160 Stachy	OKBOTA		JN69UA	0	0	1		503
R	WWBOTA	B/OK-0518		2024-10-01		194/6/A-140 Stachy	OKBOTA		JN69UA	0	0	1		503
R	WWBOTA	B/OK-0519		2024-10-01		194/7/A-180 Stachy	OKBOTA		JN69UA	0	0	1		503
R	WWBOTA	B/OK-0520		2024-10-01		194/8/A-140 Stachy	OKBOTA		JN69UA	0	0	1		503
R	WWBOTA	B/OK-0521		2024-10-01		194/9/A-140 Stachy	OKBOTA		JN69UB	0	0	1		503
R	WWBOTA	B/OK-0522		2024-10-01		194a/84/B2-80Z Stachy	OKBOTA		JN69TD	0	0	1		503
R	WWBOTA	B/OK-0523		2024-10-01		194a/85/A-140Z Stachy	OKBOTA		JN69TD	0	0	1		503
R	WWBOTA	B/OK-0524		2024-10-01		194a/86/B1-80Z Stachy	OKBOTA		JN69TD	0	0	1		503
R	WWBOTA	B/OK-0525		2024-10-01		194a/87/A-180Z Stachy	OKBOTA		JN69TD	0	0	1		503
R	WWBOTA	B/OK-0526		2024-10-01		194a/88/A-180Z Stachy	OKBOTA		JN69TD	0	0	1		503
R	WWBOTA	B/OK-0527		2024-10-01		194a/89/A-140Z Stachy	OKBOTA		JN69TD	0	0	1		503
R	WWBOTA	B/OK-0528		2024-10-01		194a/90/A-140Z Stachy	OKBOTA		JN69TD	0	0	1		503
R	WWBOTA	B/OK-0529		2024-10-01		194a/91/A-140Z Stachy	OKBOTA		JN69TD	0	0	1		503
R	WWBOTA	B/OK-0530		2024-10-01		195/11/A-160Z Volary	OKBOTA		JN68XT	0	0	1		503
R	WWBOTA	B/OK-0531		2024-10-01		195/12/B1-80 Volary	OKBOTA		JN68XU	0	0	1		503
R	WWBOTA	B/OK-0532		2024-10-01		195/13/B1-80 Volary	OKBOTA		JN68XU	0	0	1		503
R	WWBOTA	B/OK-0533		2024-10-01		195/15/A-140Z Volary	OKBOTA		JN68XT	0	0	1		503
R	WWBOTA	B/OK-0534		2024-10-01		195/16/A-180Z Volary	OKBOTA		JN68XT	0	0	1		503
R	WWBOTA	B/OK-0535		2024-10-01		195/17/A-180 Volary	OKBOTA		JN68XT	0	0	1		503
R	WWBOTA	B/OK-0536		2024-10-01		195/2/A-160 Volary	OKBOTA		JN68XT	0	0	1		503
R	WWBOTA	B/OK-0537		2024-10-01		195/20/A-140 Volary	OKBOTA		JN68XU	0	0	1		503
R	WWBOTA	B/OK-0538		2024-10-01		195/21/A-160 Volary	OKBOTA		JN68XU	0	0	1		503
R	WWBOTA	B/OK-0539		2024-10-01		195/22/A-160 Volary	OKBOTA		JN68XU	0	0	1		503
R	WWBOTA	B/OK-0540		2024-10-01		195/23/A-120 Volary	OKBOTA		JN68XU	0	0	1		503
R	WWBOTA	B/OK-0541		2024-10-01		195/24/A-160 Volary	OKBOTA		JN68XU	0	0	1		503
R	WWBOTA	B/OK-0542		2024-10-01		195/25/A-160 Volary	OKBOTA		JN68XU	0	0	1		503
R	WWBOTA	B/OK-0543		2024-10-01		195/26/A-160Z Volary	OKBOTA		JN68XU	0	0	1		503
R	WWBOTA	B/OK-0544		2024-10-01		195/27/A-140Z Volary	OKBOTA		JN68XU	0	0	1		503
R	WWBOTA	B/OK-0545		2024-10-01		195/28/B1-80 Volary	OKBOTA		JN68XU	0	0	1		503
R	WWBOTA	B/OK-0546		2024-10-01		195/29/A-140 Volary	OKBOTA		JN68WU	0	0	1		503
R	WWBOTA	B/OK-0547		2024-10-01		195/30/A-160 Volary	OKBOTA		JN68WU	0	0	1		503
R	WWBOTA	B/OK-0548		2024-10-01		195/31/A-140 Volary	OKBOTA		JN68WU	0	0	1		503
R	WWBOTA	B/OK-0549		2024-10-01		195/32/A-120 Volary	OKBOTA		JN68WU	0	0	1		503
R	WWBOTA	B/OK-0550		2024-10-01		195/33/A-140Z Volary	OKBOTA		JN68WU	0	0	1		503
R	WWBOTA	B/OK-0551		2024-10-01		195/34/A-140Z Volary	OKBOTA		JN68WU	0	0	1		503
R	WWBOTA	B/OK-0552		2024-10-01		195/35/A-180Z Volary	OKBOTA		JN68WU	0	0	1		503
R	WWBOTA	B/OK-0553		2024-10-01		195/36/B2-80 Volary	OKBOTA		JN68WU	0	0	1		503
R	WWBOTA	B/OK-0554		2024-10-01		195/37/A-140 Volary	OKBOTA		JN68WU	0	0	1		503
R	WWBOTA	B/OK-0555		2024-10-01		195/38/A-160 Volary	OKBOTA		JN68WU	0	0	1		503
R	WWBOTA	B/OK-0556		2024-10-01		195/39/A-120 Volary	OKBOTA		JN68WU	0	0	1		503
R	WWBOTA	B/OK-0557		2024-10-01		195/40/E Volary	OKBOTA		JN68WV	0	0	1		503
R	WWBOTA	B/OK-0558		2024-10-01		195/41/A-140 Volary	OKBOTA		JN68WV	0	0	1		503
R	WWBOTA	B/OK-0559		2024-10-01		195/42/A-140 Volary	OKBOTA		JN68WV	0	0	1		503
R	WWBOTA	B/OK-0560		2024-10-01		195/43/A-140 Volary	OKBOTA		JN68WV	0	0	1		503
R	WWBOTA	B/OK-0561		2024-10-01		195/44/A-160 Volary	OKBOTA		JN68WV	0	0	1		503
R	WWBOTA	B/OK-0562		2024-10-01		195/45/A-120Z Volary	OKBOTA		JN68WV	0	0	1		503
R	WWBOTA	B/OK-0563		2024-10-01		195/46/D2Z Volary	OKBOTA		JN68WV	0	0	1		503
R	WWBOTA	B/OK-0564		2024-10-01		195/47/EZ Volary	OKBOTA		JN68WV	0	0	1		503
R	WWBOTA	B/OK-0565		2024-10-01		195/48/EZ Volary	OKBOTA		JN68WV	0	0	1		503
R	WWBOTA	B/OK-0566		2024-10-01		195/49/D1Z Volary	OKBOTA		JN68WV	0	0	1		503
R	WWBOTA	B/OK-0567		2024-10-01		195/50/A-120Z Volary	OKBOTA		JN68WV	0	0	1		503
R	WWBOTA	B/OK-0568		2024-10-01		195/51/A-140 Volary	OKBOTA		JN68WV	0	0	1		503
R	WWBOTA	B/OK-0569		2024-10-01		195/52/A-160 Volary	OKBOTA		JN68WV	0	0	1		503
R	WWBOTA	B/OK-0570		2024-10-01		195/53/A-160 Volary	OKBOTA		JN68WV	0	0	1		503
R	WWBOTA	B/OK-0571		2024-10-01		195/54/A-160 Volary	OKBOTA		JN68WV	0	0	1		503
R	WWBOTA	B/OK-0572		2024-10-01		195/55/A-120 Volary	OKBOTA		JN68WV	0	0	1		503
R	WWBOTA	B/OK-0573		2024-10-01		195/56/A-120 Volary	OKBOTA		JN68WV	0	0	1		503
R	WWBOTA	B/OK-0574		2024-10-01		195/57/A-140 Volary	OKBOTA		JN68WV	0	0	1		503
R	WWBOTA	B/OK-0575		2024-10-01		195/58/A-140 Volary	OKBOTA		JN68VV	0	0	1		503
R	WWBOTA	B/OK-0576		2024-10-01		195/59/A-160 Volary	OKBOTA		JN68VV	0	0	1		503
R	WWBOTA	B/OK-0577		2024-10-01		195/60/A-180 Volary	OKBOTA		JN68VV	0	0	1		503
R	WWBOTA	B/OK-0578		2024-10-01		195/61/A-180Z Volary	OKBOTA		JN68VV	0	0	1		503
R	WWBOTA	B/OK-0579		2024-10-01		195/62/A-140Z Volary	OKBOTA		JN68VV	0	0	1		503
R	WWBOTA	B/OK-0580		2024-10-01		195/63/A-140Z Volary	OKBOTA		JN68VV	0	0	1		503
R	WWBOTA	B/OK-0581		2024-10-01		195/64/A-160Z Volary	OKBOTA		JN68VV	0	0	1		503
R	WWBOTA	B/OK-0582		2024-10-01		195/65/A-180Z Volary	OKBOTA		JN68VV	0	0	1		503
R	WWBOTA	B/OK-0583		2024-10-01		195/66/A-180Z Volary	OKBOTA		JN68VV	0	0	1		503
R	WWBOTA	B/OK-0584		2024-10-01		195/67/A-180Z Volary	OKBOTA		JN68VV	0	0	1		503
R	WWBOTA	B/OK-0585		2024-10-01		195/68/A-160Z Volary	OKBOTA		JN68VV	0	0	1		503
R	WWBOTA	B/OK-0586		2024-10-01		195/69/A-140 Volary	OKBOTA		JN68VV	0	0	1		503
R	WWBOTA	B/OK-0587		2024-10-01		195/7/A-140 Volary	OKBOTA		JN68XT	0	0	1		503
R	WWBOTA	B/OK-0588		2024-10-01		195/70/A-140 Volary	OKBOTA		JN68VW	0	0	1		503
R	WWBOTA	B/OK-0589		2024-10-01		196/11/A-140 Jablonec	OKBOTA		JN78BU	0	0	1		503
R	WWBOTA	B/OK-0590		2024-10-01		196/12/A-160 Jablonec	OKBOTA		JN78BU	0	0	1		503
R	WWBOTA	B/OK-0591		2024-10-01		196/14/A-200 Jablonec	OKBOTA		JN78BU	0	0	1		503
R	WWBOTA	B/OK-0592		2024-10-01		196/15/A-180Z Jablonec	OKBOTA		JN78BU	0	0	1		503
R	WWBOTA	B/OK-0593		2024-10-01		196/16/A-120 Jablonec	OKBOTA		JN78BU	0	0	1		503
R	WWBOTA	B/OK-0594		2024-10-01		196/17/A-160Z Jablonec	OKBOTA		JN78BU	0	0	1		503
R	WWBOTA	B/OK-0595		2024-10-01		196/18/B1-80Z Jablonec	OKBOTA		JN78BU	0	0	1		503
R	WWBOTA	B/OK-0596		2024-10-01		196/19/A-160 Jablonec	OKBOTA		JN78BU	0	0	1		503
R	WWBOTA	B/OK-0597		2024-10-01		196/2/B2-80 Jablonec	OKBOTA		JN78CU	0	0	1		503
R	WWBOTA	B/OK-0598		2024-10-01		196/20/A-160 Jablonec	OKBOTA		JN78BU	0	0	1		503
R	WWBOTA	B/OK-0599		2024-10-01		196/21/A-140 Jablonec	OKBOTA		JN78BU	0	0	1		503
R	WWBOTA	B/OK-0600		2024-10-01		196/22/EZ Jablonec	OKBOTA		JN78BU	0	0	1		503
R	WWBOTA	B/OK-0601		2024-10-01		196/23/A-180Z Jablonec	OKBOTA		JN78BU	0	0	1		503
R	WWBOTA	B/OK-0602		2024-10-01		196/24/A-140Z Jablonec	OKBOTA		JN78BU	0	0	1		503
R	WWBOTA	B/OK-0603		2024-10-01		196/25/A-160Z Jablonec	OKBOTA		JN78BU	0	0	1		503
R	WWBOTA	B/OK-0604		2024-10-01		196/27/A-180 Jablonec	OKBOTA		JN78BU	0	0	1		503
R	WWBOTA	B/OK-0605		2024-10-01		196/28/A-160 Jablonec	OKBOTA		JN78BU	0	0	1		503
R	WWBOTA	B/OK-0606		2024-10-01		196/31/A-160 Jablonec	OKBOTA		JN78BU	0	0	1		503
R	WWBOTA	B/OK-0607		2024-10-01		196/7/A-160 Jablonec	OKBOTA		JN78CU	0	0	1		503
R	WWBOTA	B/OK-0608		2024-10-01		196/8/A-120 Jablonec	OKBOTA		JN78CU	0	0	1		503
R	WWBOTA	B/OK-0609		2024-10-01		197/64/A-160 Křenov	OKBOTA		JN78DU	0	0	1		503
R	WWBOTA	B/OK-0610		2024-10-01		197/65/A-120 Křenov	OKBOTA		JN78CU	0	0	1		503
R	WWBOTA	B/OK-0611		2024-10-01		197/66/A-160 Křenov	OKBOTA		JN78CT	0	0	1		503
R	WWBOTA	B/OK-0612		2024-10-01		197/67/A-180 Křenov	OKBOTA		JN78CT	0	0	1		503
R	WWBOTA	B/OK-0613		2024-10-01		197/68/E Křenov	OKBOTA		JN78CU	0	0	1		503
R	WWBOTA	B/OK-0614		2024-10-01		197/69/A-180Z Křenov	OKBOTA		JN78CT	0	0	1		503
R	WWBOTA	B/OK-0615		2024-10-01		197/70/A-140Z Křenov	OKBOTA		JN78CT	0	0	1		503
R	WWBOTA	B/OK-0616		2024-10-01		197/71/A-180Z Křenov	OKBOTA		JN78CT	0	0	1		503
R	WWBOTA	B/OK-0617		2024-10-01		197/73/A-180Z Křenov	OKBOTA		JN78CT	0	0	1		503
R	WWBOTA	B/OK-0618		2024-10-01		197/76/A-160Z Křenov	OKBOTA		JN78CU	0	0	1		503
R	WWBOTA	B/OK-0619		2024-10-01		197/77/A-180Z Křenov	OKBOTA		JN78CU	0	0	1		503
R	WWBOTA	B/OK-0620		2024-10-01		197/78/A-160Z Křenov	OKBOTA		JN78CU	0	0	1		503
R	WWBOTA	B/OK-0621		2024-10-01		197/79/A-140Z Křenov	OKBOTA		JN78CU	0	0	1		503
R	WWBOTA	B/OK-0622		2024-10-01		197/80/A-140Z Křenov	OKBOTA		JN78CU	0	0	1		503
R	WWBOTA	B/OK-0623		2024-10-01		197/81/A-180Z Křenov	OKBOTA		JN78CU	0	0	1		503
R	WWBOTA	B/OK-0624		2024-10-01		197/82/A-160Z Křenov	OKBOTA		JN78CU	0	0	1		503
R	WWBOTA	B/OK-0625		2024-10-01		197/83/A-120Z Křenov	OKBOTA		JN78CU	0	0	1		503
R	WWBOTA	B/OK-0626		2024-10-01		197/84/A-160Z Křenov	OKBOTA		JN78CU	0	0	1		503
R	WWBOTA	B/OK-0627		2024-10-01		197/85/A-160Z Křenov	OKBOTA		JN78CU	0	0	1		503
R	WWBOTA	B/OK-0628		2024-10-01		197/86/A-180Z Křenov	OKBOTA		JN78CU	0	0	1		503
R	WWBOTA	B/OK-0629		2024-10-01		197/87/A-140Z Křenov	OKBOTA		JN78CU	0	0	1		503
R	WWBOTA	B/OK-0630		2024-10-01		197/88/A-140Z Křenov	OKBOTA		JN78CU	0	0	1		503
R	WWBOTA	B/OK-0631		2024-10-01		197/89/A-160Z Křenov	OKBOTA		JN78CU	0	0	1		503
R	WWBOTA	B/OK-0632		2024-10-01		A-1/25a/Z2 Velvary	OKBOTA		JO70DH	0	0	1		503
R	WWBOTA	B/OK-0633		2024-10-01		A-1/24a/Z1 ? Velvary	OKBOTA		JO70DH	0	0	1		503
R	WWBOTA	B/OK-0634		2024-10-01		A-1/48/A-140Z Velvary	OKBOTA		JO70CG	0	0	1		503
R	WWBOTA	B/OK-0635		2024-10-01		A-2/74/B2-80Z Slaný	OKBOTA		JO70AF	0	0	1		503
R	WWBOTA	B/OK-0636		2024-10-01		A-2/75/A-200Z Slaný	OKBOTA		JO70AF	0	0	1		503
R	WWBOTA	B/OK-0637		2024-10-01		A-3/10/A-200Z Smečno	OKBOTA		JO70AF	0	0	1		503
R	WWBOTA	B/OK-0638		2024-10-01		A-3/41/B2-80Z Smečno	OKBOTA		JO70AE	0	0	1		503
R	WWBOTA	B/OK-0639		2024-10-01		A-3/9/A-200Z Smečno	OKBOTA		JO70AF	0	0	1		503
R	WWBOTA	B/OK-0640		2024-10-01		A-4/17/A-180 Družec	OKBOTA		JO70AC	0	0	1		503
R	WWBOTA	B/OK-0641		2024-10-01		A-4/51/A-200Y Družec	OKBOTA		JO70AB	0	0	1		503
R	WWBOTA	B/OK-0642		2024-10-01		A-9/22/A-120Z Vítov	OKBOTA		JO70BF	0	0	1		503
R	WWBOTA	B/OK-0643		2024-10-01		B-6/12/A-200Z Beroun	OKBOTA		JN79AX	0	0	1		503
R	WWBOTA	B/OK-0644		2024-10-01		B-6/28/A-160Z Beroun	OKBOTA		JN79AX	0	0	1		503
R	WWBOTA	B/OK-0645		2024-10-01		B-6/31/D1 Beroun	OKBOTA		JN79AX	0	0	1		503
R	WWBOTA	B/OK-0646		2024-10-01		B-6/42/A-200Z Beroun	OKBOTA		JN79AX	0	0	1		503
R	WWBOTA	B/OK-0647		2024-10-01		B-6/49/D1 Beroun	OKBOTA		JN79AX	0	0	1		503
R	WWBOTA	B/OK-0648		2024-10-01		B-6/50/D2 Beroun	OKBOTA		JN79AX	0	0	1		503
R	WWBOTA	B/OK-0649		2024-10-01		B-6/51/E Beroun	OKBOTA		JN79BX	0	0	1		503
R	WWBOTA	B/OK-0650		2024-10-01		B-6/54/A-200Z Beroun	OKBOTA		JN79AX	0	0	1		503
R	WWBOTA	B/OK-0651		2024-10-01		B-6/59/A-180Z Beroun	OKBOTA		JN79BX	0	0	1		503
R	WWBOTA	B/OK-0652		2024-10-01		B-6/61/A-220Z Beroun	OKBOTA		JN79BW	0	0	1		503
R	WWBOTA	B/OK-0653		2024-10-01		B-6/7/A-160 Beroun	OKBOTA		JO70AA	0	0	1		503
R	WWBOTA	B/OK-0654		2024-10-01		B-7/12/A-160Z Budňany (Karlštejn)	OKBOTA		JN79CW	0	0	1		503
R	WWBOTA	B/OK-0655		2024-10-01		B-7/13/D2 Budňany (Karlštejn)	OKBOTA		JN79CW	0	0	1		503
R	WWBOTA	B/OK-0656		2024-10-01		B-7/16/A-220Z Budňany (Karlštejn)	OKBOTA		JN79CW	0	0	1		503
R	WWBOTA	B/OK-0657		2024-10-01		B-7/17/A-220Z Budňany (Karlštejn)	OKBOTA		JN79CW	0	0	1		503
R	WWBOTA	B/OK-0658		2024-10-01		B-7/5/A-200Z Budňany (Karlštejn)	OKBOTA		JN79BW	0	0	1		503
R	WWBOTA	B/OK-0659		2024-10-01		B-7/6/A-200Z Budňany (Karlštejn)	OKBOTA		JN79BW	0	0	1		503
R	WWBOTA	B/OK-0660		2024-10-01		B-7/9/A-200Z Budňany (Karlštejn)	OKBOTA		JN79BW	0	0	1		503
R	WWBOTA	B/OK-0661		2024-10-01		C-10/16/A-160 Roudnice nad Labem	OKBOTA		JO70CK	0	0	1		503
R	WWBOTA	B/OK-0662		2024-10-01		C-10/17/A-140 Roudnice nad Labem	OKBOTA		JO70CK	0	0	1		503
R	WWBOTA	B/OK-0663		2024-10-01		C-10/63/E Roudnice nad Labem	OKBOTA		JO70BJ	0	0	1		503
R	WWBOTA	B/OK-0664		2024-10-01		C-11/15/D2 Libochovice	OKBOTA		JO70AJ	0	0	1		503
R	WWBOTA	B/OK-0665		2024-10-01		C-11/44a/A-180Z Libochovice	OKBOTA		JO60XJ	0	0	1		503
R	WWBOTA	B/OK-0666		2024-10-01		C-11/73/A-120 Libochovice	OKBOTA		JO60XJ	0	0	1		503
R	WWBOTA	B/OK-0667		2024-10-01		C-12/3/A-140Z Louny	OKBOTA		JO60XJ	0	0	1		503
R	WWBOTA	B/OK-0668		2024-10-01		C-12/40/B1-80 Louny	OKBOTA		JO60WI	0	0	1		503
R	WWBOTA	B/OK-0669		2024-10-01		C-12/40a/A-160 Louny	OKBOTA		JO60WI	0	0	1		503
R	WWBOTA	B/OK-0670		2024-10-01		C-12/41/D1 Louny	OKBOTA		JO60WI	0	0	1		503
R	WWBOTA	B/OK-0671		2024-10-01		C-12/42/D2 Louny	OKBOTA		JO60WI	0	0	1		503
R	WWBOTA	B/OK-0672		2024-10-01		C-12/46/A-160Z Louny	OKBOTA		JO60VI	0	0	1		503
R	WWBOTA	B/OK-0673		2024-10-01		C-12/49/A-160 Louny	OKBOTA		JO60VI	0	0	1		503
R	WWBOTA	B/OK-0674		2024-10-01		C-12/55/A-120 Louny	OKBOTA		JO60VI	0	0	1		503
R	WWBOTA	B/OK-0675		2024-10-01		C-12/57/A-120 Louny	OKBOTA		JO60VI	0	0	1		503
R	WWBOTA	B/OK-0676		2024-10-01		C-12/58/A-120 Louny	OKBOTA		JO60VI	0	0	1		503
R	WWBOTA	B/OK-0677		2024-10-01		C-12/59/A-220Z Louny	OKBOTA		JO60VI	0	0	1		503
R	WWBOTA	B/OK-0678		2024-10-01		C-13/15a/A-160 Postoloprty	OKBOTA		JO60UI	0	0	1		503
R	WWBOTA	B/OK-0679		2024-10-01		C-13/17a/A-160Z Postoloprty	OKBOTA		JO60UI	0	0	1		503
R	WWBOTA	B/OK-0680		2024-10-01		C-13/18/A-140 Postoloprty	OKBOTA		JO60UI	0	0	1		503
R	WWBOTA	B/OK-0681		2024-10-01		C-13/20/A-140Z Postoloprty	OKBOTA		JO60UI	0	0	1		503
R	WWBOTA	B/OK-0682		2024-10-01		C-13/20a/A-120Z Postoloprty	OKBOTA		JO60UI	0	0	1		503
R	WWBOTA	B/OK-0683		2024-10-01		C-13/21/A-220 Postoloprty	OKBOTA		JO60UI	0	0	1		503
R	WWBOTA	B/OK-0684		2024-10-01		C-13/22/A-140 Postoloprty	OKBOTA		JO60UI	0	0	1		503
R	WWBOTA	B/OK-0685		2024-10-01		C-13/22a/A-160 Postoloprty	OKBOTA		JO60UI	0	0	1		503
R	WWBOTA	B/OK-0686		2024-10-01		C-13/23/A-140 Postoloprty	OKBOTA		JO60UI	0	0	1		503
R	WWBOTA	B/OK-0687		2024-10-01		C-13/23a/D1 Postoloprty	OKBOTA		JO60UI	0	0	1		503
R	WWBOTA	B/OK-0688		2024-10-01		C-13/23b/D2 Postoloprty	OKBOTA		JO60UI	0	0	1		503
R	WWBOTA	B/OK-0689		2024-10-01		C-13/24/A-200Z Postoloprty	OKBOTA		JO60UI	0	0	1		503
R	WWBOTA	B/OK-0690		2024-10-01		C-13/25/A-140 Postoloprty	OKBOTA		JO60UI	0	0	1		503
R	WWBOTA	B/OK-0691		2024-10-01		C-13/26/A-120Z Postoloprty	OKBOTA		JO60UI	0	0	1		503
R	WWBOTA	B/OK-0692		2024-10-01		C-13/27/A-160 Postoloprty	OKBOTA		JO60UI	0	0	1		503
R	WWBOTA	B/OK-0693		2024-10-01		C-13/27a/A-220Z Postoloprty	OKBOTA		JO60UI	0	0	1		503
R	WWBOTA	B/OK-0694		2024-10-01		C-13/28/A-200Z Postoloprty	OKBOTA		JO60UI	0	0	1		503
R	WWBOTA	B/OK-0695		2024-10-01		C-13/28a/A-180Z Postoloprty	OKBOTA		JO60UI	0	0	1		503
R	WWBOTA	B/OK-0696		2024-10-01		C-13/31a/A-120 Postoloprty	OKBOTA		JO60UI	0	0	1		503
R	WWBOTA	B/OK-0697		2024-10-01		C-13/33/B1-100 Postoloprty	OKBOTA		JO60UI	0	0	1		503
R	WWBOTA	B/OK-0698		2024-10-01		C-13/33a/A-220 Postoloprty	OKBOTA		JO60UI	0	0	1		503
R	WWBOTA	B/OK-0699		2024-10-01		C-13/34/A-140 Postoloprty	OKBOTA		JO60UI	0	0	1		503
R	WWBOTA	B/OK-0700		2024-10-01		C-13/35/A-120 Postoloprty	OKBOTA		JO60UI	0	0	1		503
R	WWBOTA	B/OK-0701		2024-10-01		C-14/1/A-200 Měcholupy	OKBOTA		JO60SG	0	0	1		503
R	WWBOTA	B/OK-0702		2024-10-01		C-14/10/A-120 Měcholupy	OKBOTA		JO60SG	0	0	1		503
R	WWBOTA	B/OK-0703		2024-10-01		C-14/11/A-180 Měcholupy	OKBOTA		JO60SG	0	0	1		503
R	WWBOTA	B/OK-0704		2024-10-01		C-14/11a/A-200 Měcholupy	OKBOTA		JO60SG	0	0	1		503
R	WWBOTA	B/OK-0705		2024-10-01		C-14/12/A-180Z Měcholupy	OKBOTA		JO60SG	0	0	1		503
R	WWBOTA	B/OK-0706		2024-10-01		C-14/13/A-180Z Měcholupy	OKBOTA		JO60SG	0	0	1		503
R	WWBOTA	B/OK-0707		2024-10-01		C-14/13a/A-140Z Měcholupy	OKBOTA		JO60SG	0	0	1		503
R	WWBOTA	B/OK-0708		2024-10-01		C-14/14/A-160Z Měcholupy	OKBOTA		JO60SG	0	0	1		503
R	WWBOTA	B/OK-0709		2024-10-01		C-14/15/A-160Z Měcholupy	OKBOTA		JO60SG	0	0	1		503
R	WWBOTA	B/OK-0710		2024-10-01		C-14/16/A-200 Měcholupy	OKBOTA		JO60SG	0	0	1		503
R	WWBOTA	B/OK-0711		2024-10-01		C-14/17/A-180 Měcholupy	OKBOTA		JO60SG	0	0	1		503
R	WWBOTA	B/OK-0712		2024-10-01		C-14/17a/A-200 Měcholupy	OKBOTA		JO60SG	0	0	1		503
R	WWBOTA	B/OK-0713		2024-10-01		C-14/18/A-160 Měcholupy	OKBOTA		JO60SG	0	0	1		503
R	WWBOTA	B/OK-0714		2024-10-01		C-14/19/A-160 Měcholupy	OKBOTA		JO60SG	0	0	1		503
R	WWBOTA	B/OK-0715		2024-10-01		C-14/2/A-220 Měcholupy	OKBOTA		JO60SG	0	0	1		503
R	WWBOTA	B/OK-0716		2024-10-01		C-14/20/A-180 Měcholupy	OKBOTA		JO60SG	0	0	1		503
R	WWBOTA	B/OK-0717		2024-10-01		C-14/21/B2-100 Měcholupy	OKBOTA		JO60SG	0	0	1		503
R	WWBOTA	B/OK-0718		2024-10-01		C-14/22/B2-80 Měcholupy	OKBOTA		JO60SG	0	0	1		503
R	WWBOTA	B/OK-0719		2024-10-01		C-14/23/A-160 Měcholupy	OKBOTA		JO60SG	0	0	1		503
R	WWBOTA	B/OK-0720		2024-10-01		C-14/24/A-160 Měcholupy	OKBOTA		JO60SG	0	0	1		503
R	WWBOTA	B/OK-0721		2024-10-01		C-14/25/A-140 Měcholupy	OKBOTA		JO60SG	0	0	1		503
R	WWBOTA	B/OK-0722		2024-10-01		C-14/26/A-140 Měcholupy	OKBOTA		JO60SG	0	0	1		503
R	WWBOTA	B/OK-0723		2024-10-01		C-14/28/A-160 Měcholupy	OKBOTA		JO60SG	0	0	1		503
R	WWBOTA	B/OK-0724		2024-10-01		C-14/29/C2 Měcholupy	OKBOTA		JO60SG	0	0	1		503
R	WWBOTA	B/OK-0725		2024-10-01		C-14/3/A-200 Měcholupy	OKBOTA		JO60SG	0	0	1		503
R	WWBOTA	B/OK-0726		2024-10-01		C-14/30/A-140 Měcholupy	OKBOTA		JO60SG	0	0	1		503
R	WWBOTA	B/OK-0727		2024-10-01		C-14/31/A-120 Měcholupy	OKBOTA		JO60SG	0	0	1		503
R	WWBOTA	B/OK-0728		2024-10-01		C-14/32/B2-100 Měcholupy	OKBOTA		JO60SG	0	0	1		503
R	WWBOTA	B/OK-0729		2024-10-01		C-14/34/A-180 Měcholupy	OKBOTA		JO60SG	0	0	1		503
R	WWBOTA	B/OK-0730		2024-10-01		C-14/34a/A-160 Měcholupy	OKBOTA		JO60SH	0	0	1		503
R	WWBOTA	B/OK-0731		2024-10-01		C-14/35/A-160 Měcholupy	OKBOTA		JO60SH	0	0	1		503
R	WWBOTA	B/OK-0732		2024-10-01		C-14/36/A-200Z Měcholupy	OKBOTA		JO60SH	0	0	1		503
R	WWBOTA	B/OK-0733		2024-10-01		C-14/37/A-200 Měcholupy	OKBOTA		JO60SH	0	0	1		503
R	WWBOTA	B/OK-0734		2024-10-01		C-14/38/A-200 Měcholupy	OKBOTA		JO60SH	0	0	1		503
R	WWBOTA	B/OK-0735		2024-10-01		C-14/39/A-200 Měcholupy	OKBOTA		JO60SH	0	0	1		503
R	WWBOTA	B/OK-0736		2024-10-01		C-14/4/A-180 Měcholupy	OKBOTA		JO60SG	0	0	1		503
R	WWBOTA	B/OK-0737		2024-10-01		C-14/40/A-220 Měcholupy	OKBOTA		JO60TH	0	0	1		503
R	WWBOTA	B/OK-0738		2024-10-01		C-14/41/A-180 Měcholupy	OKBOTA		JO60TH	0	0	1		503
R	WWBOTA	B/OK-0739		2024-10-01		C-14/42/A-140 Měcholupy	OKBOTA		JO60SG	0	0	1		503
R	WWBOTA	B/OK-0740		2024-10-01		C-14/42a/A-200 Měcholupy	OKBOTA		JO60SG	0	0	1		503
R	WWBOTA	B/OK-0741		2024-10-01		C-14/43/A-180 Měcholupy	OKBOTA		JO60SG	0	0	1		503
R	WWBOTA	B/OK-0742		2024-10-01		C-14/44/A-160 Měcholupy	OKBOTA		JO60SG	0	0	1		503
R	WWBOTA	B/OK-0743		2024-10-01		C-14/45/B1-80 Měcholupy	OKBOTA		JO60SG	0	0	1		503
R	WWBOTA	B/OK-0744		2024-10-01		C-14/45a/A-140 Měcholupy	OKBOTA		JO60SH	0	0	1		503
R	WWBOTA	B/OK-0745		2024-10-01		C-14/46/A-140 Měcholupy	OKBOTA		JO60SH	0	0	1		503
R	WWBOTA	B/OK-0746		2024-10-01		C-14/47/A-160 Měcholupy	OKBOTA		JO60SH	0	0	1		503
R	WWBOTA	B/OK-0747		2024-10-01		C-14/48/A-160 Měcholupy	OKBOTA		JO60TH	0	0	1		503
R	WWBOTA	B/OK-0748		2024-10-01		C-14/49/A-140 Měcholupy	OKBOTA		JO60TH	0	0	1		503
R	WWBOTA	B/OK-0749		2024-10-01		C-14/5/A-180 Měcholupy	OKBOTA		JO60SG	0	0	1		503
R	WWBOTA	B/OK-0750		2024-10-01		C-14/50/A-140 Měcholupy	OKBOTA		JO60TH	0	0	1		503
R	WWBOTA	B/OK-0751		2024-10-01		C-14/51/A-200 Měcholupy	OKBOTA		JO60TH	0	0	1		503
R	WWBOTA	B/OK-0752		2024-10-01		C-14/52/A-160Z Měcholupy	OKBOTA		JO60TH	0	0	1		503
R	WWBOTA	B/OK-0753		2024-10-01		C-14/53/A-180Z Měcholupy	OKBOTA		JO60TH	0	0	1		503
R	WWBOTA	B/OK-0754		2024-10-01		C-14/53a/A-160Z Měcholupy	OKBOTA		JO60TH	0	0	1		503
R	WWBOTA	B/OK-0755		2024-10-01		C-14/54/A-160Z Měcholupy	OKBOTA		JO60TH	0	0	1		503
R	WWBOTA	B/OK-0756		2024-10-01		C-14/55/A-160Z Měcholupy	OKBOTA		JO60TH	0	0	1		503
R	WWBOTA	B/OK-0757		2024-10-01		C-14/56/A-120Z Měcholupy	OKBOTA		JO60TH	0	0	1		503
R	WWBOTA	B/OK-0758		2024-10-01		C-14/57/A-160Z Měcholupy	OKBOTA		JO60TH	0	0	1		503
R	WWBOTA	B/OK-0759		2024-10-01		C-14/58/A-180 Měcholupy	OKBOTA		JO60TH	0	0	1		503
R	WWBOTA	B/OK-0760		2024-10-01		C-14/59/A-200Z Měcholupy	OKBOTA		JO60TH	0	0	1		503
R	WWBOTA	B/OK-0761		2024-10-01		C-14/59a/A-180 Měcholupy	OKBOTA		JO60TH	0	0	1		503
R	WWBOTA	B/OK-0762		2024-10-01		C-14/6/A-180Z Měcholupy	OKBOTA		JO60SG	0	0	1		503
R	WWBOTA	B/OK-0763		2024-10-01		C-14/60/A-160Z Měcholupy	OKBOTA		JO60TH	0	0	1		503
R	WWBOTA	B/OK-0764		2024-10-01		C-14/61/A-220Z Měcholupy	OKBOTA		JO60TH	0	0	1		503
R	WWBOTA	B/OK-0765		2024-10-01		C-14/63/A-120Z Měcholupy	OKBOTA		JO60TH	0	0	1		503
R	WWBOTA	B/OK-0766		2024-10-01		C-14/64/A-160 Měcholupy	OKBOTA		JO60TH	0	0	1		503
R	WWBOTA	B/OK-0767		2024-10-01		C-14/64a/A-160 Měcholupy	OKBOTA		JO60TH	0	0	1		503
R	WWBOTA	B/OK-0768		2024-10-01		C-14/65/A-120 Měcholupy	OKBOTA		JO60TH	0	0	1		503
R	WWBOTA	B/OK-0769		2024-10-01		C-14/66/A-120 Měcholupy	OKBOTA		JO60TH	0	0	1		503
R	WWBOTA	B/OK-0770		2024-10-01		C-14/67/A-120 Měcholupy	OKBOTA		JO60TH	0	0	1		503
R	WWBOTA	B/OK-0771		2024-10-01		C-14/68/B1-100 Měcholupy	OKBOTA		JO60TH	0	0	1		503
R	WWBOTA	B/OK-0772		2024-10-01		C-14/69/A-200 Měcholupy	OKBOTA		JO60TH	0	0	1		503
R	WWBOTA	B/OK-0773		2024-10-01		C-14/7/A-160Z Měcholupy	OKBOTA		JO60SG	0	0	1		503
R	WWBOTA	B/OK-0774		2024-10-01		C-14/70/A-180Z Měcholupy	OKBOTA		JO60TH	0	0	1		503
R	WWBOTA	B/OK-0775		2024-10-01		C-14/71/A-140 Měcholupy	OKBOTA		JO60TH	0	0	1		503
R	WWBOTA	B/OK-0776		2024-10-01		C-14/71a/A-160 Měcholupy	OKBOTA		JO60TH	0	0	1		503
R	WWBOTA	B/OK-0777		2024-10-01		C-14/72/A-120 Měcholupy	OKBOTA		JO60TH	0	0	1		503
R	WWBOTA	B/OK-0778		2024-10-01		C-14/7a/A-140 Měcholupy	OKBOTA		JO60SG	0	0	1		503
R	WWBOTA	B/OK-0779		2024-10-01		C-14/8/A-200Z Měcholupy	OKBOTA		JO60SG	0	0	1		503
R	WWBOTA	B/OK-0780		2024-10-01		C-14/9/A-120 Měcholupy	OKBOTA		JO60SG	0	0	1		503
R	WWBOTA	B/OK-0781		2024-10-01		C-27/32/A-140 Lišany	OKBOTA		JO60UI	0	0	1		503
R	WWBOTA	B/OK-0782		2024-10-01		C-27/36/A-140 Lišany	OKBOTA		JO60UI	0	0	1		503
R	WWBOTA	B/OK-0783		2024-10-01		C-27/36a/A-140 Lišany	OKBOTA		JO60UI	0	0	1		503
R	WWBOTA	B/OK-0784		2024-10-01		C-27/37/A-140 Lišany	OKBOTA		JO60UI	0	0	1		503
R	WWBOTA	B/OK-0785		2024-10-01		C-27/37a/A-180 Lišany	OKBOTA		JO60UI	0	0	1		503
R	WWBOTA	B/OK-0786		2024-10-01		C-27/38/A-140 Lišany	OKBOTA		JO60UI	0	0	1		503
R	WWBOTA	B/OK-0787		2024-10-01		C-27/38a/A-180 Lišany	OKBOTA		JO60UI	0	0	1		503
R	WWBOTA	B/OK-0788		2024-10-01		C-27/39/A-220Z Lišany	OKBOTA		JO60UI	0	0	1		503
R	WWBOTA	B/OK-0789		2024-10-01		C-27/40/A-160Z Lišany	OKBOTA		JO60UI	0	0	1		503
R	WWBOTA	B/OK-0790		2024-10-01		C-27/41/A-220Z Lišany	OKBOTA		JO60UI	0	0	1		503
R	WWBOTA	B/OK-0791		2024-10-01		C-27/42/A-180Z Lišany	OKBOTA		JO60UI	0	0	1		503
R	WWBOTA	B/OK-0792		2024-10-01		C-27/43/A-220Z Lišany	OKBOTA		JO60UI	0	0	1		503
R	WWBOTA	B/OK-0793		2024-10-01		C-27/45/A-140 Lišany	OKBOTA		JO60UI	0	0	1		503
R	WWBOTA	B/OK-0794		2024-10-01		C-27/46/A-140Z Lišany	OKBOTA		JO60UI	0	0	1		503
R	WWBOTA	B/OK-0795		2024-10-01		C-27/47/A-120 Lišany	OKBOTA		JO60UI	0	0	1		503
R	WWBOTA	B/OK-0796		2024-10-01		C-27/48/A-180Z Lišany	OKBOTA		JO60UI	0	0	1		503
R	WWBOTA	B/OK-0797		2024-10-01		C-27/49/A-160Z Lišany	OKBOTA		JO60UI	0	0	1		503
R	WWBOTA	B/OK-0798		2024-10-01		C-27/49a/A-120 Lišany	OKBOTA		JO60UI	0	0	1		503
R	WWBOTA	B/OK-0799		2024-10-01		C-27/50/A-160 Lišany	OKBOTA		JO60UI	0	0	1		503
R	WWBOTA	B/OK-0800		2024-10-01		C-27/51/A-160 Lišany	OKBOTA		JO60UI	0	0	1		503
R	WWBOTA	B/OK-0801		2024-10-01		C-27/52/A-160Z Lišany	OKBOTA		JO60UI	0	0	1		503
R	WWBOTA	B/OK-0802		2024-10-01		C-27/52a/A-140Z Lišany	OKBOTA		JO60UI	0	0	1		503
R	WWBOTA	B/OK-0803		2024-10-01		C-27/53/A-180Z Lišany	OKBOTA		JO60UI	0	0	1		503
R	WWBOTA	B/OK-0804		2024-10-01		C-27/54/A-200 Lišany	OKBOTA		JO60UH	0	0	1		503
R	WWBOTA	B/OK-0805		2024-10-01		C-27/55/A-120Z Lišany	OKBOTA		JO60TH	0	0	1		503
R	WWBOTA	B/OK-0806		2024-10-01		C-27/56/A-120 Lišany	OKBOTA		JO60UI	0	0	1		503
R	WWBOTA	B/OK-0807		2024-10-01		C-27/56a/A-140 Lišany	OKBOTA		JO60UH	0	0	1		503
R	WWBOTA	B/OK-0808		2024-10-01		C-27/57/A-180 Lišany	OKBOTA		JO60UH	0	0	1		503
R	WWBOTA	B/OK-0809		2024-10-01		C-27/58/A-120 Lišany	OKBOTA		JO60TH	0	0	1		503
R	WWBOTA	B/OK-0810		2024-10-01		C-27/59/A-160 Lišany	OKBOTA		JO60TI	0	0	1		503
R	WWBOTA	B/OK-0811		2024-10-01		C-27/59a/A-180Z Lišany	OKBOTA		JO60TI	0	0	1		503
R	WWBOTA	B/OK-0812		2024-10-01		C-27/60/A-200Z Lišany	OKBOTA		JO60TI	0	0	1		503
R	WWBOTA	B/OK-0813		2024-10-01		C-27/60a/A-220Z Lišany	OKBOTA		JO60TI	0	0	1		503
R	WWBOTA	B/OK-0814		2024-10-01		C-27/61/A-180Z Lišany	OKBOTA		JO60TI	0	0	1		503
R	WWBOTA	B/OK-0815		2024-10-01		C-27/62/A-180 Lišany	OKBOTA		JO60TI	0	0	1		503
R	WWBOTA	B/OK-0816		2024-10-01		C-27/62a/A-160 Lišany	OKBOTA		JO60TI	0	0	1		503
R	WWBOTA	B/OK-0817		2024-10-01		C-27/63/A-160Z Lišany	OKBOTA		JO60TI	0	0	1		503
R	WWBOTA	B/OK-0818		2024-10-01		C-27/63a/A-180 Lišany	OKBOTA		JO60TI	0	0	1		503
R	WWBOTA	B/OK-0819		2024-10-01		C-27/64/A-200Z Lišany	OKBOTA		JO60TI	0	0	1		503
R	WWBOTA	B/OK-0820		2024-10-01		C-27/65/A-180Z Lišany	OKBOTA		JO60TI	0	0	1		503
R	WWBOTA	B/OK-0821		2024-10-01		C-27/66/A-120 Lišany	OKBOTA		JO60UH	0	0	1		503
R	WWBOTA	B/OK-0822		2024-10-01		C-27/67/A-140 Lišany	OKBOTA		JO60TH	0	0	1		503
R	WWBOTA	B/OK-0823		2024-10-01		C-27/67a/A-160 Lišany	OKBOTA		JO60TH	0	0	1		503
R	WWBOTA	B/OK-0824		2024-10-01		C-27/68/A-180 Lišany	OKBOTA		JO60TH	0	0	1		503
R	WWBOTA	B/OK-0825		2024-10-01		C-27/69/A-180 Lišany	OKBOTA		JO60TH	0	0	1		503
R	WWBOTA	B/OK-0826		2024-10-01		C-27/70/A-140 Lišany	OKBOTA		JO60TH	0	0	1		503
R	WWBOTA	B/OK-0827		2024-10-01		D-15/1/A-140 Blšany	OKBOTA		JO60SG	0	0	1		503
R	WWBOTA	B/OK-0828		2024-10-01		D-15/10/A-220 Blšany	OKBOTA		JO60SF	0	0	1		503
R	WWBOTA	B/OK-0829		2024-10-01		D-15/11/E Blšany	OKBOTA		JO60SF	0	0	1		503
R	WWBOTA	B/OK-0830		2024-10-01		D-15/12/A-140 Blšany	OKBOTA		JO60SF	0	0	1		503
R	WWBOTA	B/OK-0831		2024-10-01		D-15/13/A-160 Blšany	OKBOTA		JO60SF	0	0	1		503
R	WWBOTA	B/OK-0832		2024-10-01		D-15/14/A-180 Blšany	OKBOTA		JO60SF	0	0	1		503
R	WWBOTA	B/OK-0833		2024-10-01		D-15/15/A-180 Blšany	OKBOTA		JO60RF	0	0	1		503
R	WWBOTA	B/OK-0834		2024-10-01		D-15/16/A-180 Blšany	OKBOTA		JO60SF	0	0	1		503
R	WWBOTA	B/OK-0835		2024-10-01		D-15/17/A-120 Blšany	OKBOTA		JO60SF	0	0	1		503
R	WWBOTA	B/OK-0836		2024-10-01		D-15/18/A-120 Blšany	OKBOTA		JO60RF	0	0	1		503
R	WWBOTA	B/OK-0837		2024-10-01		D-15/19/A-140 Blšany	OKBOTA		JO60RF	0	0	1		503
R	WWBOTA	B/OK-0838		2024-10-01		D-15/20/A-160 Blšany	OKBOTA		JO60RF	0	0	1		503
R	WWBOTA	B/OK-0839		2024-10-01		D-15/21/A-160 Blšany	OKBOTA		JO60RF	0	0	1		503
R	WWBOTA	B/OK-0840		2024-10-01		D-15/22/D1 Blšany	OKBOTA		JO60RF	0	0	1		503
R	WWBOTA	B/OK-0841		2024-10-01		D-15/23/A-220 Blšany	OKBOTA		JO60RF	0	0	1		503
R	WWBOTA	B/OK-0842		2024-10-01		D-15/24/A-220 Blšany	OKBOTA		JO60RF	0	0	1		503
R	WWBOTA	B/OK-0843		2024-10-01		D-15/25/A-140Z Blšany	OKBOTA		JO60RF	0	0	1		503
R	WWBOTA	B/OK-0844		2024-10-01		D-15/26/A-180 Blšany	OKBOTA		JO60RF	0	0	1		503
R	WWBOTA	B/OK-0845		2024-10-01		D-15/27/A-180 Blšany	OKBOTA		JO60RF	0	0	1		503
R	WWBOTA	B/OK-0846		2024-10-01		D-15/28/A-160 Blšany	OKBOTA		JO60RF	0	0	1		503
R	WWBOTA	B/OK-0847		2024-10-01		D-15/29/A-160 Blšany	OKBOTA		JO60RF	0	0	1		503
R	WWBOTA	B/OK-0848		2024-10-01		D-15/3/D2 Blšany	OKBOTA		JO60SG	0	0	1		503
R	WWBOTA	B/OK-0849		2024-10-01		D-15/30/A-160 Blšany	OKBOTA		JO60RF	0	0	1		503
R	WWBOTA	B/OK-0850		2024-10-01		D-15/31/A-200Z Blšany	OKBOTA		JO60RF	0	0	1		503
R	WWBOTA	B/OK-0851		2024-10-01		D-15/32/A-200 Blšany	OKBOTA		JO60RF	0	0	1		503
R	WWBOTA	B/OK-0852		2024-10-01		D-15/33/A-140 Blšany	OKBOTA		JO60RF	0	0	1		503
R	WWBOTA	B/OK-0853		2024-10-01		D-15/34/A-160 Blšany	OKBOTA		JO60RF	0	0	1		503
R	WWBOTA	B/OK-0854		2024-10-01		D-15/35/A-120 Blšany	OKBOTA		JO60RE	0	0	1		503
R	WWBOTA	B/OK-0855		2024-10-01		D-15/36/A-140 Blšany	OKBOTA		JO60RE	0	0	1		503
R	WWBOTA	B/OK-0856		2024-10-01		D-15/37/A-160 Blšany	OKBOTA		JO60RE	0	0	1		503
R	WWBOTA	B/OK-0857		2024-10-01		D-15/38/A-180 Blšany	OKBOTA		JO60RE	0	0	1		503
R	WWBOTA	B/OK-0858		2024-10-01		D-15/39/A-200 Blšany	OKBOTA		JO60RE	0	0	1		503
R	WWBOTA	B/OK-0859		2024-10-01		D-15/4/A-160 Blšany	OKBOTA		JO60SG	0	0	1		503
R	WWBOTA	B/OK-0860		2024-10-01		D-15/40/A-120 Blšany	OKBOTA		JO60RE	0	0	1		503
R	WWBOTA	B/OK-0861		2024-10-01		D-15/41/A-120 Blšany	OKBOTA		JO60RE	0	0	1		503
R	WWBOTA	B/OK-0862		2024-10-01		D-15/42/A-140 Blšany	OKBOTA		JO60RE	0	0	1		503
R	WWBOTA	B/OK-0863		2024-10-01		D-15/43/A-120 Blšany	OKBOTA		JO60RE	0	0	1		503
R	WWBOTA	B/OK-0864		2024-10-01		D-15/44/A-120 Blšany	OKBOTA		JO60RE	0	0	1		503
R	WWBOTA	B/OK-0865		2024-10-01		D-15/45/A-160 Blšany	OKBOTA		JO60RE	0	0	1		503
R	WWBOTA	B/OK-0866		2024-10-01		D-15/46/A-220 Blšany	OKBOTA		JO60RE	0	0	1		503
R	WWBOTA	B/OK-0867		2024-10-01		D-15/47/A-160 Blšany	OKBOTA		JO60SG	0	0	1		503
R	WWBOTA	B/OK-0868		2024-10-01		D-15/47a/E Blšany	OKBOTA		JO60SG	0	0	1		503
R	WWBOTA	B/OK-0869		2024-10-01		D-15/48/B1-90 Blšany	OKBOTA		JO60SG	0	0	1		503
R	WWBOTA	B/OK-0870		2024-10-01		D-15/49/A-120 Blšany	OKBOTA		JO60SG	0	0	1		503
R	WWBOTA	B/OK-0871		2024-10-01		D-15/5/A-160 Blšany	OKBOTA		JO60SG	0	0	1		503
R	WWBOTA	B/OK-0872		2024-10-01		D-15/50/A-120 Blšany	OKBOTA		JO60SF	0	0	1		503
R	WWBOTA	B/OK-0873		2024-10-01		D-15/51/A-120 Blšany	OKBOTA		JO60SF	0	0	1		503
R	WWBOTA	B/OK-0874		2024-10-01		D-15/52/A-180 Blšany	OKBOTA		JO60SF	0	0	1		503
R	WWBOTA	B/OK-0875		2024-10-01		D-15/53/A-160 Blšany	OKBOTA		JO60SF	0	0	1		503
R	WWBOTA	B/OK-0876		2024-10-01		D-15/54/E Blšany	OKBOTA		JO60SF	0	0	1		503
R	WWBOTA	B/OK-0877		2024-10-01		D-15/55/A-140 Blšany	OKBOTA		JO60SF	0	0	1		503
R	WWBOTA	B/OK-0878		2024-10-01		D-15/56/A-120 Blšany	OKBOTA		JO60SF	0	0	1		503
R	WWBOTA	B/OK-0879		2024-10-01		D-15/57/B1-90 Blšany	OKBOTA		JO60SF	0	0	1		503
R	WWBOTA	B/OK-0880		2024-10-01		D-15/59/A-120 Blšany	OKBOTA		JO60SF	0	0	1		503
R	WWBOTA	B/OK-0881		2024-10-01		D-15/6/A-180 Blšany	OKBOTA		JO60SG	0	0	1		503
R	WWBOTA	B/OK-0882		2024-10-01		D-15/60/C Blšany	OKBOTA		JO60SF	0	0	1		503
R	WWBOTA	B/OK-0883		2024-10-01		D-15/61/B1-90 Blšany	OKBOTA		JO60SF	0	0	1		503
R	WWBOTA	B/OK-0884		2024-10-01		D-15/62/A-140 Blšany	OKBOTA		JO60RF	0	0	1		503
R	WWBOTA	B/OK-0885		2024-10-01		D-15/63/A-180 Blšany	OKBOTA		JO60RF	0	0	1		503
R	WWBOTA	B/OK-0886		2024-10-01		D-15/64/A-160 Blšany	OKBOTA		JO60RF	0	0	1		503
R	WWBOTA	B/OK-0887		2024-10-01		D-15/65/A-200 Blšany	OKBOTA		JO60RF	0	0	1		503
R	WWBOTA	B/OK-0888		2024-10-01		D-15/66/A-140 Blšany	OKBOTA		JO60RF	0	0	1		503
R	WWBOTA	B/OK-0889		2024-10-01		D-15/67/A-120 Blšany	OKBOTA		JO60RF	0	0	1		503
R	WWBOTA	B/OK-0890		2024-10-01		D-15/69/A-140 Blšany	OKBOTA		JO60RF	0	0	1		503
R	WWBOTA	B/OK-0891		2024-10-01		D-15/6a/E Blšany	OKBOTA		JO60SG	0	0	1		503
R	WWBOTA	B/OK-0892		2024-10-01		D-15/7/A-140 Blšany	OKBOTA		JO60SG	0	0	1		503
R	WWBOTA	B/OK-0893		2024-10-01		D-15/70/D1 Blšany	OKBOTA		JO60RF	0	0	1		503
R	WWBOTA	B/OK-0894		2024-10-01		D-15/71/A-140 Blšany	OKBOTA		JO60RF	0	0	1		503
R	WWBOTA	B/OK-0895		2024-10-01		D-15/72/A-160 Blšany	OKBOTA		JO60RF	0	0	1		503
R	WWBOTA	B/OK-0896		2024-10-01		D-15/73/A-120 Blšany	OKBOTA		JO60RE	0	0	1		503
R	WWBOTA	B/OK-0897		2024-10-01		D-15/75/A-160 Blšany	OKBOTA		JO60RE	0	0	1		503
R	WWBOTA	B/OK-0898		2024-10-01		D-15/76/A-160 Blšany	OKBOTA		JO60RE	0	0	1		503
R	WWBOTA	B/OK-0899		2024-10-01		D-15/77/A-180 Blšany	OKBOTA		JO60RE	0	0	1		503
R	WWBOTA	B/OK-0900		2024-10-01		D-15/78/B1-90 Blšany	OKBOTA		JO60RE	0	0	1		503
R	WWBOTA	B/OK-0901		2024-10-01		D-15/79/A-120 Blšany	OKBOTA		JO60RE	0	0	1		503
R	WWBOTA	B/OK-0902		2024-10-01		D-15/8/A-180 Blšany	OKBOTA		JO60SG	0	0	1		503
R	WWBOTA	B/OK-0903		2024-10-01		D-15/80/C1 Blšany	OKBOTA		JO60RE	0	0	1		503
R	WWBOTA	B/OK-0904		2024-10-01		D-15/81/A-120 Blšany	OKBOTA		JO60RE	0	0	1		503
R	WWBOTA	B/OK-0905		2024-10-01		D-15/82/A-140 Blšany	OKBOTA		JO60RE	0	0	1		503
R	WWBOTA	B/OK-0906		2024-10-01		D-15/9/A-200 Blšany	OKBOTA		JO60SG	0	0	1		503
R	WWBOTA	B/OK-0907		2024-10-01		D-16/1/A-140 Kryry	OKBOTA		JO60RE	0	0	1		503
R	WWBOTA	B/OK-0908		2024-10-01		D-16/10/A-120 Kryry	OKBOTA		JO60RE	0	0	1		503
R	WWBOTA	B/OK-0909		2024-10-01		D-16/11/A-160 Kryry	OKBOTA		JO60RD	0	0	1		503
R	WWBOTA	B/OK-0910		2024-10-01		D-16/12/A-180 Kryry	OKBOTA		JO60RD	0	0	1		503
R	WWBOTA	B/OK-0911		2024-10-01		D-16/13/A-120 Kryry	OKBOTA		JO60RD	0	0	1		503
R	WWBOTA	B/OK-0912		2024-10-01		D-16/14/D1 Kryry	OKBOTA		JO60RD	0	0	1		503
R	WWBOTA	B/OK-0913		2024-10-01		D-16/14a/D2 Kryry	OKBOTA		JO60RD	0	0	1		503
R	WWBOTA	B/OK-0914		2024-10-01		D-16/15/A-140 Kryry	OKBOTA		JO60RD	0	0	1		503
R	WWBOTA	B/OK-0915		2024-10-01		D-16/16/A-140 Kryry	OKBOTA		JO60RD	0	0	1		503
R	WWBOTA	B/OK-0916		2024-10-01		D-16/17/A-180 Kryry	OKBOTA		JO60RD	0	0	1		503
R	WWBOTA	B/OK-0917		2024-10-01		D-16/18/A-160 Kryry	OKBOTA		JO60RD	0	0	1		503
R	WWBOTA	B/OK-0918		2024-10-01		D-16/19/A-160 Kryry	OKBOTA		JO60RD	0	0	1		503
R	WWBOTA	B/OK-0919		2024-10-01		D-16/2/A-180 Kryry	OKBOTA		JO60RE	0	0	1		503
R	WWBOTA	B/OK-0920		2024-10-01		D-16/20/A-160 Kryry	OKBOTA		JO60RD	0	0	1		503
R	WWBOTA	B/OK-0921		2024-10-01		D-16/21/A-180 Kryry	OKBOTA		JO60RD	0	0	1		503
R	WWBOTA	B/OK-0922		2024-10-01		D-16/22/A-140 Kryry	OKBOTA		JO60RD	0	0	1		503
R	WWBOTA	B/OK-0923		2024-10-01		D-16/24/A-140 Kryry	OKBOTA		JO60QD	0	0	1		503
R	WWBOTA	B/OK-0924		2024-10-01		D-16/25/A-160 Kryry	OKBOTA		JO60QD	0	0	1		503
R	WWBOTA	B/OK-0925		2024-10-01		D-16/26/D1 Kryry	OKBOTA		JO60QD	0	0	1		503
R	WWBOTA	B/OK-0926		2024-10-01		D-16/27/B2-100 Kryry	OKBOTA		JO60QD	0	0	1		503
R	WWBOTA	B/OK-0927		2024-10-01		D-16/28/A-140Z Kryry	OKBOTA		JO60QD	0	0	1		503
R	WWBOTA	B/OK-0928		2024-10-01		D-16/29/A-200Z Kryry	OKBOTA		JO60QD	0	0	1		503
R	WWBOTA	B/OK-0929		2024-10-01		D-16/3/A-220Z Kryry	OKBOTA		JO60RE	0	0	1		503
R	WWBOTA	B/OK-0930		2024-10-01		D-16/30/A-160 Kryry	OKBOTA		JO60QD	0	0	1		503
R	WWBOTA	B/OK-0931		2024-10-01		D-16/31/A-140 Kryry	OKBOTA		JO60QD	0	0	1		503
R	WWBOTA	B/OK-0932		2024-10-01		D-16/32/A-180Z Kryry	OKBOTA		JO60QD	0	0	1		503
R	WWBOTA	B/OK-0933		2024-10-01		D-16/33/A-140 Kryry	OKBOTA		JO60QD	0	0	1		503
R	WWBOTA	B/OK-0934		2024-10-01		D-16/34/A-180 Kryry	OKBOTA		JO60QD	0	0	1		503
R	WWBOTA	B/OK-0935		2024-10-01		D-16/35/E Kryry	OKBOTA		JO60QD	0	0	1		503
R	WWBOTA	B/OK-0936		2024-10-01		D-16/36/A-120 Kryry	OKBOTA		JO60QD	0	0	1		503
R	WWBOTA	B/OK-0937		2024-10-01		D-16/4/A-140Z Kryry	OKBOTA		JO60RE	0	0	1		503
R	WWBOTA	B/OK-0938		2024-10-01		D-16/47/A-160 Kryry	OKBOTA		JO60RE	0	0	1		503
R	WWBOTA	B/OK-0939		2024-10-01		D-16/48/A-160 Kryry	OKBOTA		JO60RE	0	0	1		503
R	WWBOTA	B/OK-0940		2024-10-01		D-16/49/A-120 Kryry	OKBOTA		JO60RE	0	0	1		503
R	WWBOTA	B/OK-0941		2024-10-01		D-16/5/A-180Z Kryry	OKBOTA		JO60RE	0	0	1		503
R	WWBOTA	B/OK-0942		2024-10-01		D-16/50/A-180 Kryry	OKBOTA		JO60RE	0	0	1		503
R	WWBOTA	B/OK-0943		2024-10-01		D-16/51/A-140 Kryry	OKBOTA		JO60RE	0	0	1		503
R	WWBOTA	B/OK-0944		2024-10-01		D-16/52/B1-80 Kryry	OKBOTA		JO60RD	0	0	1		503
R	WWBOTA	B/OK-0945		2024-10-01		D-16/53/E Kryry	OKBOTA		JO60RD	0	0	1		503
R	WWBOTA	B/OK-0946		2024-10-01		D-16/54/B2-80 Kryry	OKBOTA		JO60RD	0	0	1		503
R	WWBOTA	B/OK-0947		2024-10-01		D-16/55/A-140 Kryry	OKBOTA		JO60RD	0	0	1		503
R	WWBOTA	B/OK-0948		2024-10-01		D-16/56/B1-80 Kryry	OKBOTA		JO60RD	0	0	1		503
R	WWBOTA	B/OK-0949		2024-10-01		D-16/57/A-140 Kryry	OKBOTA		JO60RD	0	0	1		503
R	WWBOTA	B/OK-0950		2024-10-01		D-16/58/A-120 Kryry	OKBOTA		JO60RD	0	0	1		503
R	WWBOTA	B/OK-0951		2024-10-01		D-16/59/A-180 Kryry	OKBOTA		JO60RD	0	0	1		503
R	WWBOTA	B/OK-0952		2024-10-01		D-16/6/A-120Z Kryry	OKBOTA		JO60RE	0	0	1		503
R	WWBOTA	B/OK-0953		2024-10-01		D-16/60/A-180 Kryry	OKBOTA		JO60RD	0	0	1		503
R	WWBOTA	B/OK-0954		2024-10-01		D-16/61/E Kryry	OKBOTA		JO60RD	0	0	1		503
R	WWBOTA	B/OK-0955		2024-10-01		D-16/62/A-120 Kryry	OKBOTA		JO60RD	0	0	1		503
R	WWBOTA	B/OK-0956		2024-10-01		D-16/63/A-140 Kryry	OKBOTA		JO60RD	0	0	1		503
R	WWBOTA	B/OK-0957		2024-10-01		D-16/64/A-160 Kryry	OKBOTA		JO60QD	0	0	1		503
R	WWBOTA	B/OK-0958		2024-10-01		D-16/65/A-160 Kryry	OKBOTA		JO60QD	0	0	1		503
R	WWBOTA	B/OK-0959		2024-10-01		D-16/66/A-140 Kryry	OKBOTA		JO60QD	0	0	1		503
R	WWBOTA	B/OK-0960		2024-10-01		D-16/67/A-160 Kryry	OKBOTA		JO60QD	0	0	1		503
R	WWBOTA	B/OK-0961		2024-10-01		D-16/68/A-180 Kryry	OKBOTA		JO60QD	0	0	1		503
R	WWBOTA	B/OK-0962		2024-10-01		D-16/69/A-120 Kryry	OKBOTA		JO60QD	0	0	1		503
R	WWBOTA	B/OK-0963		2024-10-01		D-16/7/A-200 Kryry	OKBOTA		JO60RE	0	0	1		503
R	WWBOTA	B/OK-0964		2024-10-01		D-16/78/A-140 Kryry	OKBOTA		JO60QD	0	0	1		503
R	WWBOTA	B/OK-0965		2024-10-01		D-16/8/A-180 Kryry	OKBOTA		JO60RE	0	0	1		503
R	WWBOTA	B/OK-0966		2024-10-01		D-16/9/A-160 Kryry	OKBOTA		JO60RE	0	0	1		503
R	WWBOTA	B/OK-0967		2024-10-01		D-17/1/A-120Z Tis u Blatna	OKBOTA		JO60QC	0	0	1		503
R	WWBOTA	B/OK-0968		2024-10-01		D-17/10/A-180 Tis u Blatna	OKBOTA		JO60PC	0	0	1		503
R	WWBOTA	B/OK-0969		2024-10-01		D-17/11/A-140 Tis u Blatna	OKBOTA		JO60PC	0	0	1		503
R	WWBOTA	B/OK-0970		2024-10-01		D-17/12/A-160 Tis u Blatna	OKBOTA		JO60PC	0	0	1		503
R	WWBOTA	B/OK-0971		2024-10-01		D-17/13/C2 Tis u Blatna	OKBOTA		JO60PC	0	0	1		503
R	WWBOTA	B/OK-0972		2024-10-01		D-17/14/A-140 Tis u Blatna	OKBOTA		JO60PC	0	0	1		503
R	WWBOTA	B/OK-0973		2024-10-01		D-17/15/A-120 Tis u Blatna	OKBOTA		JO60PC	0	0	1		503
R	WWBOTA	B/OK-0974		2024-10-01		D-17/16/A-120 Tis u Blatna	OKBOTA		JO60PC	0	0	1		503
R	WWBOTA	B/OK-0975		2024-10-01		D-17/17/A-140 Tis u Blatna	OKBOTA		JO60PC	0	0	1		503
R	WWBOTA	B/OK-0976		2024-10-01		D-17/18/A-160 Tis u Blatna	OKBOTA		JO60PC	0	0	1		503
R	WWBOTA	B/OK-0977		2024-10-01		D-17/19/A-160 Tis u Blatna	OKBOTA		JO60PC	0	0	1		503
R	WWBOTA	B/OK-0978		2024-10-01		D-17/2/A-120Z Tis u Blatna	OKBOTA		JO60QC	0	0	1		503
R	WWBOTA	B/OK-0979		2024-10-01		D-17/20/A-120 Tis u Blatna	OKBOTA		JO60PC	0	0	1		503
R	WWBOTA	B/OK-0980		2024-10-01		D-17/21/E Tis u Blatna	OKBOTA		JO60PC	0	0	1		503
R	WWBOTA	B/OK-0981		2024-10-01		D-17/22/A-180Z Tis u Blatna	OKBOTA		JO60PC	0	0	1		503
R	WWBOTA	B/OK-0982		2024-10-01		D-17/23/A-140 Tis u Blatna	OKBOTA		JO60PC	0	0	1		503
R	WWBOTA	B/OK-0983		2024-10-01		D-17/24/E Tis u Blatna	OKBOTA		JO60PC	0	0	1		503
R	WWBOTA	B/OK-0984		2024-10-01		D-17/25/A-120 Tis u Blatna	OKBOTA		JO60PC	0	0	1		503
R	WWBOTA	B/OK-0985		2024-10-01		D-17/26/A-160Z Tis u Blatna	OKBOTA		JO60PC	0	0	1		503
R	WWBOTA	B/OK-0986		2024-10-01		D-17/27/A-160 Tis u Blatna	OKBOTA		JO60PC	0	0	1		503
R	WWBOTA	B/OK-0987		2024-10-01		D-17/28/E Tis u Blatna	OKBOTA		JO60PC	0	0	1		503
R	WWBOTA	B/OK-0988		2024-10-01		D-17/29/A-160 Tis u Blatna	OKBOTA		JO60PC	0	0	1		503
R	WWBOTA	B/OK-0989		2024-10-01		D-17/3/A-140 Tis u Blatna	OKBOTA		JO60QC	0	0	1		503
R	WWBOTA	B/OK-0990		2024-10-01		D-17/30/A-180 Tis u Blatna	OKBOTA		JO60PC	0	0	1		503
R	WWBOTA	B/OK-0991		2024-10-01		D-17/31/A-120 Tis u Blatna	OKBOTA		JO60PC	0	0	1		503
R	WWBOTA	B/OK-0992		2024-10-01		D-17/32/A-160 Tis u Blatna	OKBOTA		JO60PC	0	0	1		503
R	WWBOTA	B/OK-0993		2024-10-01		D-17/33/A-140 Tis u Blatna	OKBOTA		JO60PC	0	0	1		503
R	WWBOTA	B/OK-0994		2024-10-01		D-17/34/A-160 Tis u Blatna	OKBOTA		JO60PC	0	0	1		503
R	WWBOTA	B/OK-0995		2024-10-01		D-17/35/A-160 Tis u Blatna	OKBOTA		JO60PC	0	0	1		503
R	WWBOTA	B/OK-0996		2024-10-01		D-17/36/A-160 Tis u Blatna	OKBOTA		JO60PC	0	0	1		503
R	WWBOTA	B/OK-0997		2024-10-01		D-17/37/A-200Z Tis u Blatna	OKBOTA		JO60PC	0	0	1		503
R	WWBOTA	B/OK-0998		2024-10-01		D-17/38/A-180Z Tis u Blatna	OKBOTA		JO60PC	0	0	1		503
R	WWBOTA	B/OK-0999		2024-10-01		D-17/39/A-160Z Tis u Blatna	OKBOTA		JO60PB	0	0	1		503
R	WWBOTA	B/OK-1000		2024-10-01		D-17/4/A-140 Tis u Blatna	OKBOTA		JO60QC	0	0	1		503
R	WWBOTA	B/OK-1001		2024-10-01		D-17/40/A-220Z Tis u Blatna	OKBOTA		JO60PB	0	0	1		503
R	WWBOTA	B/OK-1002		2024-10-01		D-17/41/A-220Z Tis u Blatna	OKBOTA		JO60PB	0	0	1		503
R	WWBOTA	B/OK-1003		2024-10-01		D-17/42/D2 Tis u Blatna	OKBOTA		JO60PB	0	0	1		503
R	WWBOTA	B/OK-1004		2024-10-01		D-17/43/A-120Z Tis u Blatna	OKBOTA		JO60PB	0	0	1		503
R	WWBOTA	B/OK-1005		2024-10-01		D-17/44/D2 Tis u Blatna	OKBOTA		JO60PB	0	0	1		503
R	WWBOTA	B/OK-1006		2024-10-01		D-17/45/D1 Tis u Blatna	OKBOTA		JO60PB	0	0	1		503
R	WWBOTA	B/OK-1007		2024-10-01		D-17/46/A-140 Tis u Blatna	OKBOTA		JO60PB	0	0	1		503
R	WWBOTA	B/OK-1008		2024-10-01		D-17/5/A-180 Tis u Blatna	OKBOTA		JO60QC	0	0	1		503
R	WWBOTA	B/OK-1009		2024-10-01		D-17/6/A-140 Tis u Blatna	OKBOTA		JO60QC	0	0	1		503
R	WWBOTA	B/OK-1010		2024-10-01		D-17/68/A-120 Tis u Blatna	OKBOTA		JO60QC	0	0	1		503
R	WWBOTA	B/OK-1011		2024-10-01		D-17/69/A-220 Tis u Blatna	OKBOTA		JO60PC	0	0	1		503
R	WWBOTA	B/OK-1012		2024-10-01		D-17/7/A-160 Tis u Blatna	OKBOTA		JO60QC	0	0	1		503
R	WWBOTA	B/OK-1013		2024-10-01		D-17/70/B1-80 Tis u Blatna	OKBOTA		JO60PC	0	0	1		503
R	WWBOTA	B/OK-1014		2024-10-01		D-17/71/A-120 Tis u Blatna	OKBOTA		JO60PC	0	0	1		503
R	WWBOTA	B/OK-1015		2024-10-01		D-17/72/A-180 Tis u Blatna	OKBOTA		JO60PC	0	0	1		503
R	WWBOTA	B/OK-1016		2024-10-01		D-17/73/B2-90 Tis u Blatna	OKBOTA		JO60PC	0	0	1		503
R	WWBOTA	B/OK-1017		2024-10-01		D-17/74/A-160 Tis u Blatna	OKBOTA		JO60PC	0	0	1		503
R	WWBOTA	B/OK-1018		2024-10-01		D-17/75/A-180 Tis u Blatna	OKBOTA		JO60PC	0	0	1		503
R	WWBOTA	B/OK-1019		2024-10-01		D-17/76/A-140 Tis u Blatna	OKBOTA		JO60PC	0	0	1		503
R	WWBOTA	B/OK-1020		2024-10-01		D-17/77/E Tis u Blatna	OKBOTA		JO60PC	0	0	1		503
R	WWBOTA	B/OK-1021		2024-10-01		D-17/78/C2 Tis u Blatna	OKBOTA		JO60PB	0	0	1		503
R	WWBOTA	B/OK-1022		2024-10-01		D-17/8/A-180 Tis u Blatna	OKBOTA		JO60PC	0	0	1		503
R	WWBOTA	B/OK-1023		2024-10-01		D-17/9/A-160 Tis u Blatna	OKBOTA		JO60PC	0	0	1		503
R	WWBOTA	B/OK-1024		2024-10-01		D-19/21/A-160 Nové Městečko	OKBOTA		JN69OW	0	0	1		503
R	WWBOTA	B/OK-1025		2024-10-01		D-19/22/A-160 Nové Městečko	OKBOTA		JN69NW	0	0	1		503
R	WWBOTA	B/OK-1026		2024-10-01		D-19/25/E Nové Městečko	OKBOTA		JN69NW	0	0	1		503
R	WWBOTA	B/OK-1027		2024-10-01		D-19/31/A-160 Nové Městečko	OKBOTA		JN69NW	0	0	1		503
R	WWBOTA	B/OK-1028		2024-10-01		D-19/46/A-140 Nové Městečko	OKBOTA		JN69OW	0	0	1		503
R	WWBOTA	B/OK-1029		2024-10-01		D-19/47/A-160 Nové Městečko	OKBOTA		JN69NW	0	0	1		503
R	WWBOTA	B/OK-1030		2024-10-01		D-19/51/A-140 Nové Městečko	OKBOTA		JN69NW	0	0	1		503
R	WWBOTA	B/OK-1031		2024-10-01		D-20/1/A-140 Blažim	OKBOTA		JN69MV	0	0	1		503
R	WWBOTA	B/OK-1032		2024-10-01		D-20/10/A-160Z Blažim	OKBOTA		JN69MV	0	0	1		503
R	WWBOTA	B/OK-1033		2024-10-01		D-20/11/A-120 Blažim	OKBOTA		JN69MV	0	0	1		503
R	WWBOTA	B/OK-1034		2024-10-01		D-20/12/A-160Z Blažim	OKBOTA		JN69MV	0	0	1		503
R	WWBOTA	B/OK-1035		2024-10-01		D-20/13/A-120 Blažim	OKBOTA		JN69MV	0	0	1		503
R	WWBOTA	B/OK-1036		2024-10-01		D-20/14/A-160 Blažim	OKBOTA		JN69MV	0	0	1		503
R	WWBOTA	B/OK-1037		2024-10-01		D-20/15/A-140Z Blažim	OKBOTA		JN69MV	0	0	1		503
R	WWBOTA	B/OK-1038		2024-10-01		D-20/16/A-180Z Blažim	OKBOTA		JN69MV	0	0	1		503
R	WWBOTA	B/OK-1039		2024-10-01		D-20/17/A-160Z Blažim	OKBOTA		JN69MV	0	0	1		503
R	WWBOTA	B/OK-1040		2024-10-01		D-20/18/A-140 Blažim	OKBOTA		JN69MV	0	0	1		503
R	WWBOTA	B/OK-1041		2024-10-01		D-20/19/A-160 Blažim	OKBOTA		JN69NV	0	0	1		503
R	WWBOTA	B/OK-1042		2024-10-01		D-20/2/A-160 Blažim	OKBOTA		JN69MV	0	0	1		503
R	WWBOTA	B/OK-1043		2024-10-01		D-20/20/A-140 Blažim	OKBOTA		JN69NV	0	0	1		503
R	WWBOTA	B/OK-1044		2024-10-01		D-20/21/A-120Z Blažim	OKBOTA		JN69NV	0	0	1		503
R	WWBOTA	B/OK-1045		2024-10-01		D-20/22/A-120 Blažim	OKBOTA		JN69NW	0	0	1		503
R	WWBOTA	B/OK-1046		2024-10-01		D-20/23/A-160 Blažim	OKBOTA		JN69NW	0	0	1		503
R	WWBOTA	B/OK-1047		2024-10-01		D-20/3/A-160 Blažim	OKBOTA		JN69MV	0	0	1		503
R	WWBOTA	B/OK-1048		2024-10-01		D-20/30/A-180 Blažim	OKBOTA		JN69MV	0	0	1		503
R	WWBOTA	B/OK-1049		2024-10-01		D-20/31/A-120 Blažim	OKBOTA		JN69MV	0	0	1		503
R	WWBOTA	B/OK-1050		2024-10-01		D-20/32/A-140 Blažim	OKBOTA		JN69MV	0	0	1		503
R	WWBOTA	B/OK-1051		2024-10-01		D-20/33/A-120 Blažim	OKBOTA		JN69MV	0	0	1		503
R	WWBOTA	B/OK-1052		2024-10-01		D-20/34/A-140 Blažim	OKBOTA		JN69MV	0	0	1		503
R	WWBOTA	B/OK-1053		2024-10-01		D-20/35/A-120 Blažim	OKBOTA		JN69MV	0	0	1		503
R	WWBOTA	B/OK-1054		2024-10-01		D-20/36/A-140Z Blažim	OKBOTA		JN69NV	0	0	1		503
R	WWBOTA	B/OK-1055		2024-10-01		D-20/37/A-140 Blažim	OKBOTA		JN69NV	0	0	1		503
R	WWBOTA	B/OK-1056		2024-10-01		D-20/38/A-120 Blažim	OKBOTA		JN69NV	0	0	1		503
R	WWBOTA	B/OK-1057		2024-10-01		D-20/39/A-140 Blažim	OKBOTA		JN69NV	0	0	1		503
R	WWBOTA	B/OK-1058		2024-10-01		D-20/4/A-160 Blažim	OKBOTA		JN69MV	0	0	1		503
R	WWBOTA	B/OK-1059		2024-10-01		D-20/41/A-120 Blažim	OKBOTA		JN69NV	0	0	1		503
R	WWBOTA	B/OK-1060		2024-10-01		D-20/42/A-140 Blažim	OKBOTA		JN69NW	0	0	1		503
R	WWBOTA	B/OK-1061		2024-10-01		D-20/5/A-200 Blažim	OKBOTA		JN69MV	0	0	1		503
R	WWBOTA	B/OK-1062		2024-10-01		D-20/6/A-160 Blažim	OKBOTA		JN69MV	0	0	1		503
R	WWBOTA	B/OK-1063		2024-10-01		D-20/7/A-180 Blažim	OKBOTA		JN69MV	0	0	1		503
R	WWBOTA	B/OK-1064		2024-10-01		D-20/8/A-120Z Blažim	OKBOTA		JN69MV	0	0	1		503
R	WWBOTA	B/OK-1065		2024-10-01		D-20/9/D2 Blažim	OKBOTA		JN69MV	0	0	1		503
R	WWBOTA	B/OK-1066		2024-10-01		D-30/37/A-180 Stebno	OKBOTA		JO60QD	0	0	1		503
R	WWBOTA	B/OK-1067		2024-10-01		D-30/38/A-140 Stebno	OKBOTA		JO60QD	0	0	1		503
R	WWBOTA	B/OK-1068		2024-10-01		D-30/39/A-220 Stebno	OKBOTA		JO60QD	0	0	1		503
R	WWBOTA	B/OK-1069		2024-10-01		D-30/40/A-120 Stebno	OKBOTA		JO60QD	0	0	1		503
R	WWBOTA	B/OK-1070		2024-10-01		D-30/41/E Stebno	OKBOTA		JO60QD	0	0	1		503
R	WWBOTA	B/OK-1071		2024-10-01		D-30/42/A-180 Stebno	OKBOTA		JO60QD	0	0	1		503
R	WWBOTA	B/OK-1072		2024-10-01		D-30/43/A-120 Stebno	OKBOTA		JO60QD	0	0	1		503
R	WWBOTA	B/OK-1073		2024-10-01		D-30/44/B2-100 Stebno	OKBOTA		JO60QD	0	0	1		503
R	WWBOTA	B/OK-1074		2024-10-01		D-30/45/A-160 Stebno	OKBOTA		JO60QD	0	0	1		503
R	WWBOTA	B/OK-1075		2024-10-01		D-30/46/A-220 Stebno	OKBOTA		JO60QD	0	0	1		503
R	WWBOTA	B/OK-1076		2024-10-01		D-30/70/A-180 Stebno	OKBOTA		JO60QD	0	0	1		503
R	WWBOTA	B/OK-1077		2024-10-01		D-30/71/A-200 Stebno	OKBOTA		JO60QD	0	0	1		503
R	WWBOTA	B/OK-1078		2024-10-01		D-30/72/A-120 Stebno	OKBOTA		JO60QD	0	0	1		503
R	WWBOTA	B/OK-1079		2024-10-01		D-30/73/E Stebno	OKBOTA		JO60QD	0	0	1		503
R	WWBOTA	B/OK-1080		2024-10-01		D-30/74/A-140 Stebno	OKBOTA		JO60QD	0	0	1		503
R	WWBOTA	B/OK-1081		2024-10-01		D-30/75/A-120 Stebno	OKBOTA		JO60QD	0	0	1		503
R	WWBOTA	B/OK-1082		2024-10-01		D-30/76/D2 Stebno	OKBOTA		JO60QC	0	0	1		503
R	WWBOTA	B/OK-1083		2024-10-01		D-30/77/B2-100 Stebno	OKBOTA		JO60QC	0	0	1		503
R	WWBOTA	B/OK-1084		2024-10-01		D-30/79/A-160 Stebno	OKBOTA		JO60QD	0	0	1		503
R	WWBOTA	B/OK-1085		2024-10-01		D-30/80/A-140 Stebno	OKBOTA		JO60QC	0	0	1		503
R	WWBOTA	B/OK-1086		2024-10-01		D-30/81/A-220 Stebno	OKBOTA		JO60QC	0	0	1		503
R	WWBOTA	B/OK-1087		2024-10-01		D-31/47/A-160 Rabštejn nad Střelou	OKBOTA		JO60PB	0	0	1		503
R	WWBOTA	B/OK-1088		2024-10-01		D-31/48/E Rabštejn nad Střelou	OKBOTA		JO60PB	0	0	1		503
R	WWBOTA	B/OK-1089		2024-10-01		D-31/49/A-160 Rabštejn nad Střelou	OKBOTA		JO60PB	0	0	1		503
R	WWBOTA	B/OK-1090		2024-10-01		D-31/50/A-160 Rabštejn nad Střelou	OKBOTA		JO60PB	0	0	1		503
R	WWBOTA	B/OK-1091		2024-10-01		D-31/51/A-200Z Rabštejn nad Střelou	OKBOTA		JO60PB	0	0	1		503
R	WWBOTA	B/OK-1092		2024-10-01		D-31/52/A-180Z Rabštejn nad Střelou	OKBOTA		JO60PB	0	0	1		503
R	WWBOTA	B/OK-1093		2024-10-01		D-31/53/D2 Rabštejn nad Střelou	OKBOTA		JO60PB	0	0	1		503
R	WWBOTA	B/OK-1094		2024-10-01		D-31/54/E Rabštejn nad Střelou	OKBOTA		JO60PB	0	0	1		503
R	WWBOTA	B/OK-1095		2024-10-01		D-31/55/A-160 Rabštejn nad Střelou	OKBOTA		JO60PB	0	0	1		503
R	WWBOTA	B/OK-1096		2024-10-01		D-31/56/E Rabštejn nad Střelou	OKBOTA		JO60PB	0	0	1		503
R	WWBOTA	B/OK-1097		2024-10-01		D-31/57/A-220Z Rabštejn nad Střelou	OKBOTA		JO60PB	0	0	1		503
R	WWBOTA	B/OK-1098		2024-10-01		D-31/58/A-160Z Rabštejn nad Střelou	OKBOTA		JO60PB	0	0	1		503
R	WWBOTA	B/OK-1099		2024-10-01		D-31/59/A-220 Rabštejn nad Střelou	OKBOTA		JO60PA	0	0	1		503
R	WWBOTA	B/OK-1100		2024-10-01		D-31/59a/E Rabštejn nad Střelou	OKBOTA		JO60PB	0	0	1		503
R	WWBOTA	B/OK-1101		2024-10-01		D-31/60/A-140 Rabštejn nad Střelou	OKBOTA		JO60PA	0	0	1		503
R	WWBOTA	B/OK-1102		2024-10-01		D-31/61/A-200Z Rabštejn nad Střelou	OKBOTA		JO60PA	0	0	1		503
R	WWBOTA	B/OK-1103		2024-10-01		D-31/62/A-220Z Rabštejn nad Střelou	OKBOTA		JO60PA	0	0	1		503
R	WWBOTA	B/OK-1104		2024-10-01		D-31/63/A-200 Rabštejn nad Střelou	OKBOTA		JO60PA	0	0	1		503
R	WWBOTA	B/OK-1105		2024-10-01		D-31/64/A-140 Rabštejn nad Střelou	OKBOTA		JO60PA	0	0	1		503
R	WWBOTA	B/OK-1106		2024-10-01		D-31/79/A-120 Rabštejn nad Střelou	OKBOTA		JO60PA	0	0	1		503
R	WWBOTA	B/OK-1107		2024-10-01		D-31/80/A-160 Rabštejn nad Střelou	OKBOTA		JO60PA	0	0	1		503
R	WWBOTA	B/OK-1108		2024-10-01		E-21/1/A-180Z Čerňovice	OKBOTA		JN69MU	0	0	1		503
R	WWBOTA	B/OK-1109		2024-10-01		E-21/10/A-160Z Čerňovice	OKBOTA		JN69MU	0	0	1		503
R	WWBOTA	B/OK-1110		2024-10-01		E-21/11/A-180Z Čerňovice	OKBOTA		JN69MU	0	0	1		503
R	WWBOTA	B/OK-1111		2024-10-01		E-21/12/A-120Z Čerňovice	OKBOTA		JN69MU	0	0	1		503
R	WWBOTA	B/OK-1112		2024-10-01		E-21/13/A-140Z Čerňovice	OKBOTA		JN69MU	0	0	1		503
R	WWBOTA	B/OK-1113		2024-10-01		E-21/14/A-160Z Čerňovice	OKBOTA		JN69MU	0	0	1		503
R	WWBOTA	B/OK-1114		2024-10-01		E-21/16/A-160Z Čerňovice	OKBOTA		JN69MT	0	0	1		503
R	WWBOTA	B/OK-1115		2024-10-01		E-21/17/D1Z Čerňovice	OKBOTA		JN69MT	0	0	1		503
R	WWBOTA	B/OK-1116		2024-10-01		E-21/18/D2Z Čerňovice	OKBOTA		JN69MT	0	0	1		503
R	WWBOTA	B/OK-1117		2024-10-01		E-21/2/D1Z Čerňovice	OKBOTA		JN69MU	0	0	1		503
R	WWBOTA	B/OK-1118		2024-10-01		E-21/3/D2Z Čerňovice	OKBOTA		JN69MU	0	0	1		503
R	WWBOTA	B/OK-1119		2024-10-01		E-21/4/EZ Čerňovice	OKBOTA		JN69MU	0	0	1		503
R	WWBOTA	B/OK-1120		2024-10-01		E-21/5/A-140Z Čerňovice	OKBOTA		JN69MU	0	0	1		503
R	WWBOTA	B/OK-1121		2024-10-01		E-21/7/D1Z Čerňovice	OKBOTA		JN69MU	0	0	1		503
R	WWBOTA	B/OK-1122		2024-10-01		E-21/8/D2Z Čerňovice	OKBOTA		JN69MU	0	0	1		503
R	WWBOTA	B/OK-1123		2024-10-01		E-21/9/A-160Z Čerňovice	OKBOTA		JN69MU	0	0	1		503
R	WWBOTA	B/OK-1124		2024-10-01		E-22/1/A-120 Stříbro	OKBOTA		JN69MS	0	0	1		503
R	WWBOTA	B/OK-1125		2024-10-01		E-22/10/A-180 Stříbro	OKBOTA		JN69MS	0	0	1		503
R	WWBOTA	B/OK-1126		2024-10-01		E-22/11/A-120 Stříbro	OKBOTA		JN69MS	0	0	1		503
R	WWBOTA	B/OK-1127		2024-10-01		E-22/12/A-160 Stříbro	OKBOTA		JN69MS	0	0	1		503
R	WWBOTA	B/OK-1128		2024-10-01		E-22/13/A-160Z Stříbro	OKBOTA		JN69MS	0	0	1		503
R	WWBOTA	B/OK-1129		2024-10-01		E-22/14/A-160 Stříbro	OKBOTA		JN69MS	0	0	1		503
R	WWBOTA	B/OK-1130		2024-10-01		E-22/15/B2-80Z Stříbro	OKBOTA		JN69MS	0	0	1		503
R	WWBOTA	B/OK-1131		2024-10-01		E-22/17/D1 Stříbro	OKBOTA		JN69MS	0	0	1		503
R	WWBOTA	B/OK-1132		2024-10-01		E-22/18/D2 Stříbro	OKBOTA		JN69MS	0	0	1		503
R	WWBOTA	B/OK-1133		2024-10-01		E-22/19/A-120 Stříbro	OKBOTA		JN69MS	0	0	1		503
R	WWBOTA	B/OK-1134		2024-10-01		E-22/2/A-120 Stříbro	OKBOTA		JN69MS	0	0	1		503
R	WWBOTA	B/OK-1135		2024-10-01		E-22/20/A-140Z Stříbro	OKBOTA		JN69MR	0	0	1		503
R	WWBOTA	B/OK-1136		2024-10-01		E-22/21/A-160Z Stříbro	OKBOTA		JN69MR	0	0	1		503
R	WWBOTA	B/OK-1137		2024-10-01		E-22/22/C2 Stříbro	OKBOTA		JN69MS	0	0	1		503
R	WWBOTA	B/OK-1138		2024-10-01		E-22/23/A-140Z Stříbro	OKBOTA		JN69LR	0	0	1		503
R	WWBOTA	B/OK-1139		2024-10-01		E-22/24/A-180Z Stříbro	OKBOTA		JN69LR	0	0	1		503
R	WWBOTA	B/OK-1140		2024-10-01		E-22/25/A-180Z Stříbro	OKBOTA		JN69LR	0	0	1		503
R	WWBOTA	B/OK-1141		2024-10-01		E-22/26/A-200Z Stříbro	OKBOTA		JN69LR	0	0	1		503
R	WWBOTA	B/OK-1142		2024-10-01		E-22/27/A-140 Stříbro	OKBOTA		JN69LR	0	0	1		503
R	WWBOTA	B/OK-1143		2024-10-01		E-22/28/E Stříbro	OKBOTA		JN69LR	0	0	1		503
R	WWBOTA	B/OK-1144		2024-10-01		E-22/29/A-120 Stříbro	OKBOTA		JN69LR	0	0	1		503
R	WWBOTA	B/OK-1145		2024-10-01		E-22/3/A-180 Stříbro	OKBOTA		JN69MS	0	0	1		503
R	WWBOTA	B/OK-1146		2024-10-01		E-22/30/E Stříbro	OKBOTA		JN69LR	0	0	1		503
R	WWBOTA	B/OK-1147		2024-10-01		E-22/31/D2 Stříbro	OKBOTA		JN69LR	0	0	1		503
R	WWBOTA	B/OK-1148		2024-10-01		E-22/35/A-160 Stříbro	OKBOTA		JN69LR	0	0	1		503
R	WWBOTA	B/OK-1149		2024-10-01		E-22/36/A-140Z Stříbro	OKBOTA		JN69LR	0	0	1		503
R	WWBOTA	B/OK-1150		2024-10-01		E-22/37/A-160 Stříbro	OKBOTA		JN69LR	0	0	1		503
R	WWBOTA	B/OK-1151		2024-10-01		E-22/38/A-140 Stříbro	OKBOTA		JN69LR	0	0	1		503
R	WWBOTA	B/OK-1152		2024-10-01		E-22/39/A-140 Stříbro	OKBOTA		JN69LR	0	0	1		503
R	WWBOTA	B/OK-1153		2024-10-01		E-22/4/A-140 Stříbro	OKBOTA		JN69MS	0	0	1		503
R	WWBOTA	B/OK-1154		2024-10-01		E-22/40/A-160 Stříbro	OKBOTA		JN69LR	0	0	1		503
R	WWBOTA	B/OK-1155		2024-10-01		E-22/41/A-180 Stříbro	OKBOTA		JN69LR	0	0	1		503
R	WWBOTA	B/OK-1156		2024-10-01		E-22/42/A-160 Stříbro	OKBOTA		JN69LR	0	0	1		503
R	WWBOTA	B/OK-1157		2024-10-01		E-22/43/A-140 Stříbro	OKBOTA		JN69LQ	0	0	1		503
R	WWBOTA	B/OK-1158		2024-10-01		E-22/44/A-160Z Stříbro	OKBOTA		JN69LQ	0	0	1		503
R	WWBOTA	B/OK-1159		2024-10-01		E-22/45/B1-80 Stříbro	OKBOTA		JN69LQ	0	0	1		503
R	WWBOTA	B/OK-1160		2024-10-01		E-22/46/A-160 Stříbro	OKBOTA		JN69LQ	0	0	1		503
R	WWBOTA	B/OK-1161		2024-10-01		E-22/47/A-160 Stříbro	OKBOTA		JN69LQ	0	0	1		503
R	WWBOTA	B/OK-1162		2024-10-01		E-22/48/A-160Z Stříbro	OKBOTA		JN69MS	0	0	1		503
R	WWBOTA	B/OK-1163		2024-10-01		E-22/49/A-160Z Stříbro	OKBOTA		JN69MR	0	0	1		503
R	WWBOTA	B/OK-1164		2024-10-01		E-22/5/A-160 Stříbro	OKBOTA		JN69MS	0	0	1		503
R	WWBOTA	B/OK-1165		2024-10-01		E-22/50/E Stříbro	OKBOTA		JN69MR	0	0	1		503
R	WWBOTA	B/OK-1166		2024-10-01		E-22/51/A-180Z Stříbro	OKBOTA		JN69MR	0	0	1		503
R	WWBOTA	B/OK-1167		2024-10-01		E-22/52/A-140Z Stříbro	OKBOTA		JN69MR	0	0	1		503
R	WWBOTA	B/OK-1168		2024-10-01		E-22/53/A-180 Stříbro	OKBOTA		JN69MS	0	0	1		503
R	WWBOTA	B/OK-1169		2024-10-01		E-22/54/A-180 Stříbro	OKBOTA		JN69MS	0	0	1		503
R	WWBOTA	B/OK-1170		2024-10-01		E-22/55/A-160 Stříbro	OKBOTA		JN69LR	0	0	1		503
R	WWBOTA	B/OK-1171		2024-10-01		E-22/56/A-160 Stříbro	OKBOTA		JN69LR	0	0	1		503
R	WWBOTA	B/OK-1172		2024-10-01		E-22/57/A-220 Stříbro	OKBOTA		JN69LR	0	0	1		503
R	WWBOTA	B/OK-1173		2024-10-01		E-22/6/A-160 Stříbro	OKBOTA		JN69MS	0	0	1		503
R	WWBOTA	B/OK-1174		2024-10-01		E-22/7/A-160 Stříbro	OKBOTA		JN69MS	0	0	1		503
R	WWBOTA	B/OK-1175		2024-10-01		E-22/8/A-180 Stříbro	OKBOTA		JN69MS	0	0	1		503
R	WWBOTA	B/OK-1176		2024-10-01		E-22/9/A-160 Stříbro	OKBOTA		JN69MS	0	0	1		503
R	WWBOTA	B/OK-1177		2024-10-01		E-23/1/A-180 Krtín	OKBOTA		JN69LQ	0	0	1		503
R	WWBOTA	B/OK-1178		2024-10-01		E-23/11/A-120 Krtín	OKBOTA		JN69LQ	0	0	1		503
R	WWBOTA	B/OK-1179		2024-10-01		E-23/14/A-140 Krtín	OKBOTA		JN69LP	0	0	1		503
R	WWBOTA	B/OK-1180		2024-10-01		E-23/15/A-120 Krtín	OKBOTA		JN69LP	0	0	1		503
R	WWBOTA	B/OK-1181		2024-10-01		E-23/16/A-140 Krtín	OKBOTA		JN69LP	0	0	1		503
R	WWBOTA	B/OK-1182		2024-10-01		E-23/2/A-140 Krtín	OKBOTA		JN69LQ	0	0	1		503
R	WWBOTA	B/OK-1183		2024-10-01		E-23/7/A-160 Krtín	OKBOTA		JN69LP	0	0	1		503
R	WWBOTA	B/OK-1184		2024-10-01		E-24/1/A-140 Holýšov	OKBOTA		JN69NO	0	0	1		503
R	WWBOTA	B/OK-1185		2024-10-01		E-24/10/A-120 Holýšov	OKBOTA		JN69NO	0	0	1		503
R	WWBOTA	B/OK-1186		2024-10-01		E-24/11/B1-90Z Holýšov	OKBOTA		JN69NO	0	0	1		503
R	WWBOTA	B/OK-1187		2024-10-01		E-24/15/B2-80 Holýšov	OKBOTA		JN69NO	0	0	1		503
R	WWBOTA	B/OK-1188		2024-10-01		E-24/16/A-140 Holýšov	OKBOTA		JN69NO	0	0	1		503
R	WWBOTA	B/OK-1189		2024-10-01		E-24/20/D1 Holýšov	OKBOTA		JN69NO	0	0	1		503
R	WWBOTA	B/OK-1190		2024-10-01		E-24/21/D2 Holýšov	OKBOTA		JN69NO	0	0	1		503
R	WWBOTA	B/OK-1191		2024-10-01		E-24/3/A-120 Holýšov	OKBOTA		JN69NO	0	0	1		503
R	WWBOTA	B/OK-1192		2024-10-01		E-24/4/A-160Z Holýšov	OKBOTA		JN69NO	0	0	1		503
R	WWBOTA	B/OK-1193		2024-10-01		E-24/5/D1 Holýšov	OKBOTA		JN69NO	0	0	1		503
R	WWBOTA	B/OK-1194		2024-10-01		E-24/6/D2 Holýšov	OKBOTA		JN69NO	0	0	1		503
R	WWBOTA	B/OK-1195		2024-10-01		E-24/7/A-120 Holýšov	OKBOTA		JN69NO	0	0	1		503
R	WWBOTA	B/OK-1196		2024-10-01		E-24/8/A-160Z Holýšov	OKBOTA		JN69NO	0	0	1		503
R	WWBOTA	B/OK-1197		2024-10-01		H-33/10/A-140 Prachatice	OKBOTA		JN78AX	0	0	1		503
R	WWBOTA	B/OK-1198		2024-10-01		H-33/11/A-120Z Prachatice	OKBOTA		JN78AX	0	0	1		503
R	WWBOTA	B/OK-1199		2024-10-01		H-33/12/A-140 Prachatice	OKBOTA		JN78AX	0	0	1		503
R	WWBOTA	B/OK-1200		2024-10-01		H-33/13/D2 Prachatice	OKBOTA		JN78AX	0	0	1		503
R	WWBOTA	B/OK-1201		2024-10-01		H-33/14/B2-100 Prachatice	OKBOTA		JN78AX	0	0	1		503
R	WWBOTA	B/OK-1202		2024-10-01		H-33/15/B1-100 Prachatice	OKBOTA		JN68XX	0	0	1		503
R	WWBOTA	B/OK-1203		2024-10-01		H-33/16/B2-80 Prachatice	OKBOTA		JN68XX	0	0	1		503
R	WWBOTA	B/OK-1204		2024-10-01		H-33/17/A-220 Prachatice	OKBOTA		JN68XX	0	0	1		503
R	WWBOTA	B/OK-1205		2024-10-01		H-33/18/B2-80 Prachatice	OKBOTA		JN68XX	0	0	1		503
R	WWBOTA	B/OK-1206		2024-10-01		H-33/19/E Prachatice	OKBOTA		JN68XX	0	0	1		503
R	WWBOTA	B/OK-1207		2024-10-01		H-33/20/D1Z Prachatice	OKBOTA		JN68XX	0	0	1		503
R	WWBOTA	B/OK-1208		2024-10-01		H-33/21/B2-100 Prachatice	OKBOTA		JN68XX	0	0	1		503
R	WWBOTA	B/OK-1209		2024-10-01		H-33/21a/D2Z Prachatice	OKBOTA		JN68XX	0	0	1		503
R	WWBOTA	B/OK-1210		2024-10-01		H-33/22/A-220 Prachatice	OKBOTA		JN68XX	0	0	1		503
R	WWBOTA	B/OK-1211		2024-10-01		H-33/23/A-180 Prachatice	OKBOTA		JN68XX	0	0	1		503
R	WWBOTA	B/OK-1212		2024-10-01		H-40/1/A-140 Sušice	OKBOTA		JN69TD	0	0	1		503
R	WWBOTA	B/OK-1213		2024-10-01		H-40/10/A-140 Sušice	OKBOTA		JN69SD	0	0	1		503
R	WWBOTA	B/OK-1214		2024-10-01		H-40/11/D2 Sušice	OKBOTA		JN69SD	0	0	1		503
R	WWBOTA	B/OK-1215		2024-10-01		H-40/12/A-220 Sušice	OKBOTA		JN69SD	0	0	1		503
R	WWBOTA	B/OK-1216		2024-10-01		H-40/16/A-120 Sušice	OKBOTA		JN69SE	0	0	1		503
R	WWBOTA	B/OK-1217		2024-10-01		H-40/17/D1 Sušice	OKBOTA		JN69SE	0	0	1		503
R	WWBOTA	B/OK-1218		2024-10-01		H-40/18/D2 Sušice	OKBOTA		JN69SE	0	0	1		503
R	WWBOTA	B/OK-1219		2024-10-01		H-40/2/A-160 Sušice	OKBOTA		JN69TD	0	0	1		503
R	WWBOTA	B/OK-1220		2024-10-01		H-40/20/D2 Sušice	OKBOTA		JN69SE	0	0	1		503
R	WWBOTA	B/OK-1221		2024-10-01		H-40/24/A-160 Sušice	OKBOTA		JN69RE	0	0	1		503
R	WWBOTA	B/OK-1222		2024-10-01		H-40/25/D1 Sušice	OKBOTA		JN69RE	0	0	1		503
R	WWBOTA	B/OK-1223		2024-10-01		H-40/26/D2 Sušice	OKBOTA		JN69RE	0	0	1		503
R	WWBOTA	B/OK-1224		2024-10-01		H-40/28/D2 Sušice	OKBOTA		JN69RE	0	0	1		503
R	WWBOTA	B/OK-1225		2024-10-01		H-40/29/D2 Sušice	OKBOTA		JN69RE	0	0	1		503
R	WWBOTA	B/OK-1226		2024-10-01		H-40/3/B1-100 Sušice	OKBOTA		JN69TD	0	0	1		503
R	WWBOTA	B/OK-1227		2024-10-01		H-40/31/D1 Sušice	OKBOTA		JN69RE	0	0	1		503
R	WWBOTA	B/OK-1228		2024-10-01		H-40/35/B1-90 Sušice	OKBOTA		JN69RE	0	0	1		503
R	WWBOTA	B/OK-1229		2024-10-01		H-40/4/A-220 Sušice	OKBOTA		JN69SD	0	0	1		503
R	WWBOTA	B/OK-1230		2024-10-01		H-40/5/A-160 Sušice	OKBOTA		JN69SD	0	0	1		503
R	WWBOTA	B/OK-1231		2024-10-01		H-40/6/A-140 Sušice	OKBOTA		JN69SD	0	0	1		503
R	WWBOTA	B/OK-1232		2024-10-01		H-40/7/A-140 Sušice	OKBOTA		JN69SD	0	0	1		503
R	WWBOTA	B/OK-1233		2024-10-01		H-40/8/A-140 Sušice	OKBOTA		JN69SD	0	0	1		503
R	WWBOTA	B/OK-1234		2024-10-01		H-40/9/B2-100 Sušice	OKBOTA		JN69SD	0	0	1		503
R	WWBOTA	B/OK-1235		2024-10-01		H-41/1/A-160 Vimperk	OKBOTA		JN69TB	0	0	1		503
R	WWBOTA	B/OK-1236		2024-10-01		H-41/10/A-140 Vimperk	OKBOTA		JN69UA	0	0	1		503
R	WWBOTA	B/OK-1237		2024-10-01		H-41/11/A-180 Vimperk	OKBOTA		JN69UA	0	0	1		503
R	WWBOTA	B/OK-1238		2024-10-01		H-41/12/C1 Vimperk	OKBOTA		JN69UA	0	0	1		503
R	WWBOTA	B/OK-1239		2024-10-01		H-41/12a/A-180 Vimperk	OKBOTA		JN69UA	0	0	1		503
R	WWBOTA	B/OK-1240		2024-10-01		H-41/13/A-180 Vimperk	OKBOTA		JN69UA	0	0	1		503
R	WWBOTA	B/OK-1241		2024-10-01		H-41/14/D1 Vimperk	OKBOTA		JN69UA	0	0	1		503
R	WWBOTA	B/OK-1242		2024-10-01		H-41/15/D2 Vimperk	OKBOTA		JN69UA	0	0	1		503
R	WWBOTA	B/OK-1243		2024-10-01		H-41/16/A-140 Vimperk	OKBOTA		JN69UA	0	0	1		503
R	WWBOTA	B/OK-1244		2024-10-01		H-41/17/B1-80 Vimperk	OKBOTA		JN69UA	0	0	1		503
R	WWBOTA	B/OK-1245		2024-10-01		H-41/18/B2-80 Vimperk	OKBOTA		JN69UA	0	0	1		503
R	WWBOTA	B/OK-1246		2024-10-01		H-41/19/D2 Vimperk	OKBOTA		JN68VX	0	0	1		503
R	WWBOTA	B/OK-1247		2024-10-01		H-41/2/A-220 Vimperk	OKBOTA		JN69TB	0	0	1		503
R	WWBOTA	B/OK-1248		2024-10-01		H-41/20/D2 Vimperk	OKBOTA		JN68VX	0	0	1		503
R	WWBOTA	B/OK-1249		2024-10-01		H-41/21/A-140 Vimperk	OKBOTA		JN68VX	0	0	1		503
R	WWBOTA	B/OK-1250		2024-10-01		H-41/22/A-160 Vimperk	OKBOTA		JN68VX	0	0	1		503
R	WWBOTA	B/OK-1251		2024-10-01		H-41/23/C1 Vimperk	OKBOTA		JN68VX	0	0	1		503
R	WWBOTA	B/OK-1252		2024-10-01		H-41/24/A-120 Vimperk	OKBOTA		JN68VX	0	0	1		503
R	WWBOTA	B/OK-1253		2024-10-01		H-41/25/B2-90 Vimperk	OKBOTA		JN68VX	0	0	1		503
R	WWBOTA	B/OK-1254		2024-10-01		H-41/26/C1 Vimperk	OKBOTA		JN68VX	0	0	1		503
R	WWBOTA	B/OK-1255		2024-10-01		H-41/27/A-120 Vimperk	OKBOTA		JN68VX	0	0	1		503
R	WWBOTA	B/OK-1256		2024-10-01		H-41/3/A-200 Vimperk	OKBOTA		JN69UB	0	0	1		503
R	WWBOTA	B/OK-1257		2024-10-01		H-41/4/A-160 Vimperk	OKBOTA		JN69UB	0	0	1		503
R	WWBOTA	B/OK-1258		2024-10-01		H-41/5/A-160 Vimperk	OKBOTA		JN69UB	0	0	1		503
R	WWBOTA	B/OK-1259		2024-10-01		H-41/6/D2 Vimperk	OKBOTA		JN69UA	0	0	1		503
R	WWBOTA	B/OK-1260		2024-10-01		H-41/7/A-120 Vimperk	OKBOTA		JN69UA	0	0	1		503
R	WWBOTA	B/OK-1261		2024-10-01		H-41/8/D2 Vimperk	OKBOTA		JN69UA	0	0	1		503
R	WWBOTA	B/OK-1262		2024-10-01		H-41/9/A-120 Vimperk	OKBOTA		JN69UA	0	0	1		503
R	WWBOTA	B/OK-1263		2024-10-01		H-42/24/B1-100 Prachatice	OKBOTA		JN68XX	0	0	1		503
R	WWBOTA	B/OK-1264		2024-10-01		H-42/25/A-160Z Prachatice	OKBOTA		JN68XX	0	0	1		503
R	WWBOTA	B/OK-1265		2024-10-01		H-42/26/A-160Z Prachatice	OKBOTA		JN68XX	0	0	1		503
R	WWBOTA	B/OK-1266		2024-10-01		H-42/27/D2 Prachatice	OKBOTA		JN68XX	0	0	1		503
R	WWBOTA	B/OK-1267		2024-10-01		H-42/28/A-160 Prachatice	OKBOTA		JN68XX	0	0	1		503
R	WWBOTA	B/OK-1268		2024-10-01		H-42/29/D2 Prachatice	OKBOTA		JN68XX	0	0	1		503
R	WWBOTA	B/OK-1269		2024-10-01		H-42/30/A-180 Prachatice	OKBOTA		JN68XX	0	0	1		503
R	WWBOTA	B/OK-1270		2024-10-01		H-42/31/A-140 Prachatice	OKBOTA		JN68XX	0	0	1		503
R	WWBOTA	B/OK-1271		2024-10-01		H-42/32/A-160 Prachatice	OKBOTA		JN68XX	0	0	1		503
R	WWBOTA	B/OK-1272		2024-10-01		H-42/33/A-180 Prachatice	OKBOTA		JN68XX	0	0	1		503
R	WWBOTA	B/OK-1273		2024-10-01		H-42/34/A-180 Prachatice	OKBOTA		JN68XX	0	0	1		503
R	WWBOTA	B/OK-1274		2024-10-01		H-42/35/C2 Prachatice	OKBOTA		JN68XX	0	0	1		503
R	WWBOTA	B/OK-1275		2024-10-01		H-42/36/A-160 Prachatice	OKBOTA		JN68XX	0	0	1		503
R	WWBOTA	B/OK-1276		2024-10-01		H-42/37/A-120Z Prachatice	OKBOTA		JN68XX	0	0	1		503
R	WWBOTA	B/OK-1277		2024-10-01		H-42/38/A-160 Prachatice	OKBOTA		JN68XX	0	0	1		503
R	WWBOTA	B/OK-1278		2024-10-01		H-42/39/A-180 Prachatice	OKBOTA		JN68XX	0	0	1		503
R	WWBOTA	B/OK-1279		2024-10-01		H-43/1/A-160 Staré Město [pod Landštejnem]	OKBOTA		JN79PA	0	0	1		503
R	WWBOTA	B/OK-1280		2024-10-01		H-43/10/C1 Staré Město [pod Landštejnem]	OKBOTA		JN79PA	0	0	1		503
R	WWBOTA	B/OK-1281		2024-10-01		H-43/11/A-160 Staré Město [pod Landštejnem]	OKBOTA		JN79PA	0	0	1		503
R	WWBOTA	B/OK-1282		2024-10-01		H-43/12/A-180 Staré Město [pod Landštejnem]	OKBOTA		JN79PA	0	0	1		503
R	WWBOTA	B/OK-1283		2024-10-01		H-43/13/A-120 Staré Město [pod Landštejnem]	OKBOTA		JN79PA	0	0	1		503
R	WWBOTA	B/OK-1284		2024-10-01		H-43/14/A-120 Staré Město [pod Landštejnem]	OKBOTA		JN79PA	0	0	1		503
R	WWBOTA	B/OK-1285		2024-10-01		H-43/15/A-160 Staré Město [pod Landštejnem]	OKBOTA		JN79PA	0	0	1		503
R	WWBOTA	B/OK-1286		2024-10-01		H-43/16/B2-90 Staré Město [pod Landštejnem]	OKBOTA		JN79PA	0	0	1		503
R	WWBOTA	B/OK-1287		2024-10-01		H-43/17/C2 Staré Město [pod Landštejnem]	OKBOTA		JN79PA	0	0	1		503
R	WWBOTA	B/OK-1288		2024-10-01		H-43/18/A-120 Staré Město [pod Landštejnem]	OKBOTA		JN79PA	0	0	1		503
R	WWBOTA	B/OK-1289		2024-10-01		H-43/19/A-180 Staré Město [pod Landštejnem]	OKBOTA		JN79PA	0	0	1		503
R	WWBOTA	B/OK-1290		2024-10-01		H-43/2/A-140 Staré Město [pod Landštejnem]	OKBOTA		JN79PA	0	0	1		503
R	WWBOTA	B/OK-1291		2024-10-01		H-43/21/E Staré Město [pod Landštejnem]	OKBOTA		JN79OA	0	0	1		503
R	WWBOTA	B/OK-1292		2024-10-01		H-43/22/A-120 Staré Město [pod Landštejnem]	OKBOTA		JN79OA	0	0	1		503
R	WWBOTA	B/OK-1293		2024-10-01		H-43/23/B2-80 Staré Město [pod Landštejnem]	OKBOTA		JN79OA	0	0	1		503
R	WWBOTA	B/OK-1294		2024-10-01		H-43/24/A-220 Staré Město [pod Landštejnem]	OKBOTA		JN79OA	0	0	1		503
R	WWBOTA	B/OK-1295		2024-10-01		H-43/25/B2-90 Staré Město [pod Landštejnem]	OKBOTA		JN79OA	0	0	1		503
R	WWBOTA	B/OK-1296		2024-10-01		H-43/26/B2-80 Staré Město [pod Landštejnem]	OKBOTA		JN79OA	0	0	1		503
R	WWBOTA	B/OK-1297		2024-10-01		H-43/3/A-180 Staré Město [pod Landštejnem]	OKBOTA		JN79PA	0	0	1		503
R	WWBOTA	B/OK-1298		2024-10-01		H-43/4/A-160 Staré Město [pod Landštejnem]	OKBOTA		JN79PA	0	0	1		503
R	WWBOTA	B/OK-1299		2024-10-01		H-43/5/A-180 Staré Město [pod Landštejnem]	OKBOTA		JN79PA	0	0	1		503
R	WWBOTA	B/OK-1300		2024-10-01		H-43/6/A-160 Staré Město [pod Landštejnem]	OKBOTA		JN79PA	0	0	1		503
R	WWBOTA	B/OK-1301		2024-10-01		H-43/7/A-140 Staré Město [pod Landštejnem]	OKBOTA		JN79PA	0	0	1		503
R	WWBOTA	B/OK-1302		2024-10-01		H-43/8/A-140 Staré Město [pod Landštejnem]	OKBOTA		JN79PA	0	0	1		503
R	WWBOTA	B/OK-1303		2024-10-01		H-43/9/A-180 Staré Město [pod Landštejnem]	OKBOTA		JN79PA	0	0	1		503
R	WWBOTA	B/OK-1304		2024-10-01		K-50/1/D1 Kadaň	OKBOTA		JO60OJ	0	0	1		503
R	WWBOTA	B/OK-1305		2024-10-01		K-50/10/A-220Z Kadaň	OKBOTA		JO60PJ	0	0	1		503
R	WWBOTA	B/OK-1306		2024-10-01		K-50/11/A-180Z Kadaň	OKBOTA		JO60PJ	0	0	1		503
R	WWBOTA	B/OK-1307		2024-10-01		K-50/2/A-160 Kadaň	OKBOTA		JO60OJ	0	0	1		503
R	WWBOTA	B/OK-1308		2024-10-01		K-50/5/A-180 Kadaň	OKBOTA		JO60OJ	0	0	1		503
R	WWBOTA	B/OK-1309		2024-10-01		K-50/6/D2 Kadaň	OKBOTA		JO60OJ	0	0	1		503
R	WWBOTA	B/OK-1310		2024-10-01		K-50/6a/A-180Z Kadaň	OKBOTA		JO60OJ	0	0	1		503
R	WWBOTA	B/OK-1311		2024-10-01		K-50/7/A-220 Kadaň	OKBOTA		JO60PJ	0	0	1		503
R	WWBOTA	B/OK-1312		2024-10-01		K-50/7a/A-180Z Kadaň	OKBOTA		JO60PJ	0	0	1		503
R	WWBOTA	B/OK-1313		2024-10-01		K-50/8/A-180Z Kadaň	OKBOTA		JO60PJ	0	0	1		503
R	WWBOTA	B/OK-1314		2024-10-01		K-50/9/A-200Z Kadaň	OKBOTA		JO60PJ	0	0	1		503
R	WWBOTA	B/OK-1315		2024-10-01		K-51/1/A-180Z Chomutov	OKBOTA		JO60QK	0	0	1		503
R	WWBOTA	B/OK-1316		2024-10-01		K-51/10/A-160 Chomutov	OKBOTA		JO60QL	0	0	1		503
R	WWBOTA	B/OK-1317		2024-10-01		K-51/12/A-160 Chomutov	OKBOTA		JO60QL	0	0	1		503
R	WWBOTA	B/OK-1318		2024-10-01		K-51/13/A-160 Chomutov	OKBOTA		JO60RL	0	0	1		503
R	WWBOTA	B/OK-1319		2024-10-01		K-51/14/A-160 Chomutov	OKBOTA		JO60RL	0	0	1		503
R	WWBOTA	B/OK-1320		2024-10-01		K-51/15/A-160Z Chomutov	OKBOTA		JO60RL	0	0	1		503
R	WWBOTA	B/OK-1321		2024-10-01		K-51/18/A-200 Chomutov	OKBOTA		JO60RL	0	0	1		503
R	WWBOTA	B/OK-1322		2024-10-01		K-51/19/A-180 Chomutov	OKBOTA		JO60RL	0	0	1		503
R	WWBOTA	B/OK-1323		2024-10-01		K-51/1a/A-200 Chomutov	OKBOTA		JO60QK	0	0	1		503
R	WWBOTA	B/OK-1324		2024-10-01		K-51/1b/A-180 Chomutov	OKBOTA		JO60QK	0	0	1		503
R	WWBOTA	B/OK-1325		2024-10-01		K-51/2/A-200 Chomutov	OKBOTA		JO60QK	0	0	1		503
R	WWBOTA	B/OK-1326		2024-10-01		K-51/20/A-140 Chomutov	OKBOTA		JO60RL	0	0	1		503
R	WWBOTA	B/OK-1327		2024-10-01		K-51/21/A-160Z Chomutov	OKBOTA		JO60RL	0	0	1		503
R	WWBOTA	B/OK-1328		2024-10-01		K-51/22/A-160Z Chomutov	OKBOTA		JO60RL	0	0	1		503
R	WWBOTA	B/OK-1329		2024-10-01		K-51/23/A-180Z Chomutov	OKBOTA		JO60RL	0	0	1		503
R	WWBOTA	B/OK-1330		2024-10-01		K-51/3/A-180 Chomutov	OKBOTA		JO60QK	0	0	1		503
R	WWBOTA	B/OK-1331		2024-10-01		K-51/4/A-180 Chomutov	OKBOTA		JO60QL	0	0	1		503
R	WWBOTA	B/OK-1332		2024-10-01		K-51/5/A-200 Chomutov	OKBOTA		JO60QL	0	0	1		503
R	WWBOTA	B/OK-1333		2024-10-01		K-51/7/A-220 Chomutov	OKBOTA		JO60QL	0	0	1		503
R	WWBOTA	B/OK-1334		2024-10-01		K-51/9/A-220Z Chomutov	OKBOTA		JO60QL	0	0	1		503
R	WWBOTA	B/OK-1335		2024-10-01		K-52/10/A-180Z Most	OKBOTA		JO60TN	0	0	1		503
R	WWBOTA	B/OK-1336		2024-10-01		K-52/13/A-160Z Most	OKBOTA		JO60UN	0	0	1		503
R	WWBOTA	B/OK-1337		2024-10-01		K-52/14/A-160Z Most	OKBOTA		JO60UN	0	0	1		503
R	WWBOTA	B/OK-1338		2024-10-01		K-52/4/A-160 Most	OKBOTA		JO60TM	0	0	1		503
R	WWBOTA	B/OK-1339		2024-10-01		K-52/9c/A-200 Most	OKBOTA		JO60TN	0	0	1		503
R	WWBOTA	B/OK-1340		2024-10-01		K-52/9e/A-180Z Most	OKBOTA		JO60TN	0	0	1		503
R	WWBOTA	B/OK-1341		2024-10-01		K-52/9g/A-180 Most	OKBOTA		JO60TN	0	0	1		503
R	WWBOTA	B/OK-1342		2024-10-01		A/1/A-140 Mladkov	OKBOTA		JO80GD	0	0	1		503
R	WWBOTA	B/OK-1343		2024-10-01		A/10/D1 Mladkov	OKBOTA		JO80GD	0	0	1		503
R	WWBOTA	B/OK-1344		2024-10-01		A/11/A-180 Mladkov	OKBOTA		JO80GD	0	0	1		503
R	WWBOTA	B/OK-1345		2024-10-01		A/12/A-140 Mladkov	OKBOTA		JO80GD	0	0	1		503
R	WWBOTA	B/OK-1346		2024-10-01		A/13/A-140 Mladkov	OKBOTA		JO80GD	0	0	1		503
R	WWBOTA	B/OK-1347		2024-10-01		A/14/A-200 Mladkov	OKBOTA		JO80GD	0	0	1		503
R	WWBOTA	B/OK-1348		2024-10-01		A/15/B2-80 Mladkov	OKBOTA		JO80GD	0	0	1		503
R	WWBOTA	B/OK-1349		2024-10-01		A/16/A-160 Mladkov	OKBOTA		JO80GD	0	0	1		503
R	WWBOTA	B/OK-1350		2024-10-01		A/17/A-160 Mladkov	OKBOTA		JO80GD	0	0	1		503
R	WWBOTA	B/OK-1351		2024-10-01		A/18/A-180 Mladkov	OKBOTA		JO80GD	0	0	1		503
R	WWBOTA	B/OK-1352		2024-10-01		A/19/A-180 Mladkov	OKBOTA		JO80GD	0	0	1		503
R	WWBOTA	B/OK-1353		2024-10-01		A/2/A-160 Mladkov	OKBOTA		JO80GD	0	0	1		503
R	WWBOTA	B/OK-1354		2024-10-01		A/201/A-120 Mladkov	OKBOTA		JO80GD	0	0	1		503
R	WWBOTA	B/OK-1355		2024-10-01		A/202/A-140 Mladkov	OKBOTA		JO80GD	0	0	1		503
R	WWBOTA	B/OK-1356		2024-10-01		A/203/A-160 Mladkov	OKBOTA		JO80GD	0	0	1		503
R	WWBOTA	B/OK-1357		2024-10-01		A/204/A-160 Mladkov	OKBOTA		JO80GD	0	0	1		503
R	WWBOTA	B/OK-1358		2024-10-01		A/205/A-200 Mladkov	OKBOTA		JO80GD	0	0	1		503
R	WWBOTA	B/OK-1359		2024-10-01		A/206/B2-90 Mladkov	OKBOTA		JO80GD	0	0	1		503
R	WWBOTA	B/OK-1360		2024-10-01		A/207/A-140 Mladkov	OKBOTA		JO80GD	0	0	1		503
R	WWBOTA	B/OK-1361		2024-10-01		A/208/A-140 Mladkov	OKBOTA		JO80GD	0	0	1		503
R	WWBOTA	B/OK-1362		2024-10-01		A/21/A-180 Mladkov	OKBOTA		JO80HC	0	0	1		503
R	WWBOTA	B/OK-1363		2024-10-01		A/210/B2-80Z Mladkov	OKBOTA		JO80GD	0	0	1		503
R	WWBOTA	B/OK-1364		2024-10-01		A/211/A-160 Mladkov	OKBOTA		JO80GD	0	0	1		503
R	WWBOTA	B/OK-1365		2024-10-01		A/212/A-180 Mladkov	OKBOTA		JO80GD	0	0	1		503
R	WWBOTA	B/OK-1366		2024-10-01		A/213/E Mladkov	OKBOTA		JO80GD	0	0	1		503
R	WWBOTA	B/OK-1367		2024-10-01		A/214/A-140 Mladkov	OKBOTA		JO80GD	0	0	1		503
R	WWBOTA	B/OK-1368		2024-10-01		A/215/D2 Mladkov	OKBOTA		JO80GD	0	0	1		503
R	WWBOTA	B/OK-1369		2024-10-01		A/216/B1-80 Mladkov	OKBOTA		JO80GD	0	0	1		503
R	WWBOTA	B/OK-1370		2024-10-01		A/217/A-140 Mladkov	OKBOTA		JO80GD	0	0	1		503
R	WWBOTA	B/OK-1371		2024-10-01		A/218/A-120 Mladkov	OKBOTA		JO80GD	0	0	1		503
R	WWBOTA	B/OK-1372		2024-10-01		A/219/A-120 Mladkov	OKBOTA		JO80GD	0	0	1		503
R	WWBOTA	B/OK-1373		2024-10-01		A/220/A-140 Mladkov	OKBOTA		JO80GC	0	0	1		503
R	WWBOTA	B/OK-1374		2024-10-01		A/228/A-160 Mladkov	OKBOTA		JO80HC	0	0	1		503
R	WWBOTA	B/OK-1375		2024-10-01		A/229/A-120 Mladkov	OKBOTA		JO80HC	0	0	1		503
R	WWBOTA	B/OK-1376		2024-10-01		A/230/A-160 Mladkov	OKBOTA		JO80HC	0	0	1		503
R	WWBOTA	B/OK-1377		2024-10-01		A/231/A-180 Mladkov	OKBOTA		JO80HC	0	0	1		503
R	WWBOTA	B/OK-1378		2024-10-01		A/232/B1-100 Mladkov	OKBOTA		JO80HC	0	0	1		503
R	WWBOTA	B/OK-1379		2024-10-01		A/233/A-140 Mladkov	OKBOTA		JO80HC	0	0	1		503
R	WWBOTA	B/OK-1380		2024-10-01		A/234/A-140 Mladkov	OKBOTA		JO80HC	0	0	1		503
R	WWBOTA	B/OK-1381		2024-10-01		A/235/A-120 Mladkov	OKBOTA		JO80HC	0	0	1		503
R	WWBOTA	B/OK-1382		2024-10-01		A/236/E Mladkov	OKBOTA		JO80HC	0	0	1		503
R	WWBOTA	B/OK-1383		2024-10-01		A/237/A-140 Mladkov	OKBOTA		JO80HC	0	0	1		503
R	WWBOTA	B/OK-1384		2024-10-01		A/238/B1-100 Mladkov	OKBOTA		JO80HC	0	0	1		503
R	WWBOTA	B/OK-1385		2024-10-01		A/239/A-180 Mladkov	OKBOTA		JO80HC	0	0	1		503
R	WWBOTA	B/OK-1386		2024-10-01		A/240/A-140 Mladkov	OKBOTA		JO80HC	0	0	1		503
R	WWBOTA	B/OK-1387		2024-10-01		A/243/A-140Z Mladkov	OKBOTA		JO80HC	0	0	1		503
R	WWBOTA	B/OK-1388		2024-10-01		A/244/A-180 Mladkov	OKBOTA		JO80HC	0	0	1		503
R	WWBOTA	B/OK-1389		2024-10-01		A/245/A-160 Mladkov	OKBOTA		JO80HC	0	0	1		503
R	WWBOTA	B/OK-1390		2024-10-01		A/246/A-180 Mladkov	OKBOTA		JO80HC	0	0	1		503
R	WWBOTA	B/OK-1391		2024-10-01		A/247/A-160 Mladkov	OKBOTA		JO80HC	0	0	1		503
R	WWBOTA	B/OK-1392		2024-10-01		A/248/A-120 Mladkov	OKBOTA		JO80HC	0	0	1		503
R	WWBOTA	B/OK-1393		2024-10-01		A/249/A-160 Mladkov	OKBOTA		JO80HC	0	0	1		503
R	WWBOTA	B/OK-1394		2024-10-01		A/250/A-140 Mladkov	OKBOTA		JO80HC	0	0	1		503
R	WWBOTA	B/OK-1395		2024-10-01		A/251/A-120 Mladkov	OKBOTA		JO80HC	0	0	1		503
R	WWBOTA	B/OK-1396		2024-10-01		A/252/A-140 Mladkov	OKBOTA		JO80HC	0	0	1		503
R	WWBOTA	B/OK-1397		2024-10-01		A/253/A-160 Mladkov	OKBOTA		JO80HC	0	0	1		503
R	WWBOTA	B/OK-1398		2024-10-01		A/254/A-140 Mladkov	OKBOTA		JO80HC	0	0	1		503
R	WWBOTA	B/OK-1399		2024-10-01		A/255/A-160 Mladkov	OKBOTA		JO80HC	0	0	1		503
R	WWBOTA	B/OK-1400		2024-10-01		A/256/A-160 Mladkov	OKBOTA		JO80HB	0	0	1		503
R	WWBOTA	B/OK-1401		2024-10-01		A/257/A-160 Mladkov	OKBOTA		JO80HB	0	0	1		503
R	WWBOTA	B/OK-1402		2024-10-01		A/258/A-160 Mladkov	OKBOTA		JO80HB	0	0	1		503
R	WWBOTA	B/OK-1403		2024-10-01		A/259/D2 Mladkov	OKBOTA		JO80HB	0	0	1		503
R	WWBOTA	B/OK-1404		2024-10-01		A/26/A-180Z Mladkov	OKBOTA		JO80HC	0	0	1		503
R	WWBOTA	B/OK-1405		2024-10-01		A/260/D1 Mladkov	OKBOTA		JO80HB	0	0	1		503
R	WWBOTA	B/OK-1406		2024-10-01		A/261/A-120 Mladkov	OKBOTA		JO80HB	0	0	1		503
R	WWBOTA	B/OK-1407		2024-10-01		A/262/A-140 Mladkov	OKBOTA		JO80HB	0	0	1		503
R	WWBOTA	B/OK-1408		2024-10-01		A/265/A-120 Mladkov	OKBOTA		JO80HB	0	0	1		503
R	WWBOTA	B/OK-1409		2024-10-01		A/266/A-140 Mladkov	OKBOTA		JO80IB	0	0	1		503
R	WWBOTA	B/OK-1410		2024-10-01		A/27/A-160Z Mladkov	OKBOTA		JO80HC	0	0	1		503
R	WWBOTA	B/OK-1411		2024-10-01		A/28/A-140Z Mladkov	OKBOTA		JO80HC	0	0	1		503
R	WWBOTA	B/OK-1412		2024-10-01		A/29/D1 Mladkov	OKBOTA		JO80HC	0	0	1		503
R	WWBOTA	B/OK-1413		2024-10-01		A/3/A-140 Mladkov	OKBOTA		JO80GD	0	0	1		503
R	WWBOTA	B/OK-1414		2024-10-01		A/30/A-140 Mladkov	OKBOTA		JO80HC	0	0	1		503
R	WWBOTA	B/OK-1415		2024-10-01		A/31/B1-100 Mladkov	OKBOTA		JO80HC	0	0	1		503
R	WWBOTA	B/OK-1416		2024-10-01		A/32/A-120 Mladkov	OKBOTA		JO80HC	0	0	1		503
R	WWBOTA	B/OK-1417		2024-10-01		A/33/A-120 Mladkov	OKBOTA		JO80HC	0	0	1		503
R	WWBOTA	B/OK-1418		2024-10-01		A/34/A-180 Mladkov	OKBOTA		JO80HC	0	0	1		503
R	WWBOTA	B/OK-1419		2024-10-01		A/35/A-160 Mladkov	OKBOTA		JO80HC	0	0	1		503
R	WWBOTA	B/OK-1420		2024-10-01		A/36/B1-80 Mladkov	OKBOTA		JO80HC	0	0	1		503
R	WWBOTA	B/OK-1421		2024-10-01		A/37/A-200 Mladkov	OKBOTA		JO80HC	0	0	1		503
R	WWBOTA	B/OK-1422		2024-10-01		A/38/A-140 Mladkov	OKBOTA		JO80HC	0	0	1		503
R	WWBOTA	B/OK-1423		2024-10-01		A/39/A-120 Mladkov	OKBOTA		JO80HC	0	0	1		503
R	WWBOTA	B/OK-1424		2024-10-01		A/4/A-140 Mladkov	OKBOTA		JO80GD	0	0	1		503
R	WWBOTA	B/OK-1425		2024-10-01		A/40/A-160Z Mladkov	OKBOTA		JO80HC	0	0	1		503
R	WWBOTA	B/OK-1426		2024-10-01		A/42/D2 Mladkov	OKBOTA		JO80HC	0	0	1		503
R	WWBOTA	B/OK-1427		2024-10-01		A/43/A-180Z Mladkov	OKBOTA		JO80HC	0	0	1		503
R	WWBOTA	B/OK-1428		2024-10-01		A/44/E Mladkov	OKBOTA		JO80HC	0	0	1		503
R	WWBOTA	B/OK-1429		2024-10-01		A/45/A-120 Mladkov	OKBOTA		JO80HC	0	0	1		503
R	WWBOTA	B/OK-1430		2024-10-01		A/46/A-140 Mladkov	OKBOTA		JO80HC	0	0	1		503
R	WWBOTA	B/OK-1431		2024-10-01		A/47/A-160 Mladkov	OKBOTA		JO80HC	0	0	1		503
R	WWBOTA	B/OK-1432		2024-10-01		A/48/A-160 Mladkov	OKBOTA		JO80HC	0	0	1		503
R	WWBOTA	B/OK-1433		2024-10-01		A/49/A-160 Mladkov	OKBOTA		JO80HC	0	0	1		503
R	WWBOTA	B/OK-1434		2024-10-01		A/5/A-180 Mladkov	OKBOTA		JO80GD	0	0	1		503
R	WWBOTA	B/OK-1435		2024-10-01		A/50/A-180 Mladkov	OKBOTA		JO80HC	0	0	1		503
R	WWBOTA	B/OK-1436		2024-10-01		A/51/A-160 Mladkov	OKBOTA		JO80HC	0	0	1		503
R	WWBOTA	B/OK-1437		2024-10-01		A/52/A-180 Mladkov	OKBOTA		JO80HC	0	0	1		503
R	WWBOTA	B/OK-1438		2024-10-01		A/53/A-140 Mladkov	OKBOTA		JO80HC	0	0	1		503
R	WWBOTA	B/OK-1439		2024-10-01		A/55/A-160 Mladkov	OKBOTA		JO80HC	0	0	1		503
R	WWBOTA	B/OK-1440		2024-10-01		A/56/A-160 Mladkov	OKBOTA		JO80HB	0	0	1		503
R	WWBOTA	B/OK-1441		2024-10-01		A/57/A-140 Mladkov	OKBOTA		JO80HB	0	0	1		503
R	WWBOTA	B/OK-1442		2024-10-01		A/58/A-140 Mladkov	OKBOTA		JO80HB	0	0	1		503
R	WWBOTA	B/OK-1443		2024-10-01		A/6/A-140 Mladkov	OKBOTA		JO80GD	0	0	1		503
R	WWBOTA	B/OK-1444		2024-10-01		A/60/A-160 Mladkov	OKBOTA		JO80HB	0	0	1		503
R	WWBOTA	B/OK-1445		2024-10-01		A/61/A-140 Mladkov	OKBOTA		JO80HB	0	0	1		503
R	WWBOTA	B/OK-1446		2024-10-01		A/7/A-140 Mladkov	OKBOTA		JO80GD	0	0	1		503
R	WWBOTA	B/OK-1447		2024-10-01		A/8/A-140 Mladkov	OKBOTA		JO80GD	0	0	1		503
R	WWBOTA	B/OK-1448		2024-10-01		A/9/A-120 Mladkov	OKBOTA		JO80GD	0	0	1		503
R	WWBOTA	B/OK-1449		2024-10-01		B/1/A-160 Rokytnice v Orlických horách	OKBOTA		JO80GF	0	0	1		503
R	WWBOTA	B/OK-1450		2024-10-01		B/10/A-160 Rokytnice v Orlických horách	OKBOTA		JO80GE	0	0	1		503
R	WWBOTA	B/OK-1451		2024-10-01		B/11/A-140 Rokytnice v Orlických horách	OKBOTA		JO80GE	0	0	1		503
R	WWBOTA	B/OK-1452		2024-10-01		B/12/A-140 Rokytnice v Orlických horách	OKBOTA		JO80GE	0	0	1		503
R	WWBOTA	B/OK-1453		2024-10-01		B/13/A-120 Rokytnice v Orlických horách	OKBOTA		JO80GE	0	0	1		503
R	WWBOTA	B/OK-1454		2024-10-01		B/15/A-160 Rokytnice v Orlických horách	OKBOTA		JO80GE	0	0	1		503
R	WWBOTA	B/OK-1455		2024-10-01		B/17/A-140Z Rokytnice v Orlických horách	OKBOTA		JO80GE	0	0	1		503
R	WWBOTA	B/OK-1456		2024-10-01		B/18/A-180 Rokytnice v Orlických horách	OKBOTA		JO80GE	0	0	1		503
R	WWBOTA	B/OK-1457		2024-10-01		B/19/A-140 Rokytnice v Orlických horách	OKBOTA		JO80GE	0	0	1		503
R	WWBOTA	B/OK-1458		2024-10-01		B/2/A-200 Rokytnice v Orlických horách	OKBOTA		JO80GF	0	0	1		503
R	WWBOTA	B/OK-1459		2024-10-01		B/21/A-140 Rokytnice v Orlických horách	OKBOTA		JO80GE	0	0	1		503
R	WWBOTA	B/OK-1460		2024-10-01		B/214/A-140 Rokytnice v Orlických horách	OKBOTA		JO80GE	0	0	1		503
R	WWBOTA	B/OK-1461		2024-10-01		B/215/A-160 Rokytnice v Orlických horách	OKBOTA		JO80GE	0	0	1		503
R	WWBOTA	B/OK-1462		2024-10-01		B/216/A-140 Rokytnice v Orlických horách	OKBOTA		JO80GE	0	0	1		503
R	WWBOTA	B/OK-1463		2024-10-01		B/218/A-160Z Rokytnice v Orlických horách	OKBOTA		JO80GE	0	0	1		503
R	WWBOTA	B/OK-1464		2024-10-01		B/219/A-140Z Rokytnice v Orlických horách	OKBOTA		JO80GE	0	0	1		503
R	WWBOTA	B/OK-1465		2024-10-01		B/22/A-140 Rokytnice v Orlických horách	OKBOTA		JO80GE	0	0	1		503
R	WWBOTA	B/OK-1466		2024-10-01		B/220/A-120Z Rokytnice v Orlických horách	OKBOTA		JO80GE	0	0	1		503
R	WWBOTA	B/OK-1467		2024-10-01		B/221/A-120 Rokytnice v Orlických horách	OKBOTA		JO80GE	0	0	1		503
R	WWBOTA	B/OK-1468		2024-10-01		B/222/A-160 Rokytnice v Orlických horách	OKBOTA		JO80GE	0	0	1		503
R	WWBOTA	B/OK-1469		2024-10-01		B/223/A-200 Rokytnice v Orlických horách	OKBOTA		JO80GE	0	0	1		503
R	WWBOTA	B/OK-1470		2024-10-01		B/224/A-140 Rokytnice v Orlických horách	OKBOTA		JO80GE	0	0	1		503
R	WWBOTA	B/OK-1471		2024-10-01		B/225/A-120Z Rokytnice v Orlických horách	OKBOTA		JO80GE	0	0	1		503
R	WWBOTA	B/OK-1472		2024-10-01		B/226/E Rokytnice v Orlických horách	OKBOTA		JO80GE	0	0	1		503
R	WWBOTA	B/OK-1473		2024-10-01		B/227/A-140 Rokytnice v Orlických horách	OKBOTA		JO80GE	0	0	1		503
R	WWBOTA	B/OK-1474		2024-10-01		B/228/A-140 Rokytnice v Orlických horách	OKBOTA		JO80GE	0	0	1		503
R	WWBOTA	B/OK-1475		2024-10-01		B/23/A-180 Rokytnice v Orlických horách	OKBOTA		JO80GE	0	0	1		503
R	WWBOTA	B/OK-1476		2024-10-01		B/24/A-140 Rokytnice v Orlických horách	OKBOTA		JO80GE	0	0	1		503
R	WWBOTA	B/OK-1477		2024-10-01		B/25/A-140 Rokytnice v Orlických horách	OKBOTA		JO80GE	0	0	1		503
R	WWBOTA	B/OK-1478		2024-10-01		B/26/A-120 Rokytnice v Orlických horách	OKBOTA		JO80GE	0	0	1		503
R	WWBOTA	B/OK-1479		2024-10-01		B/27/A-220Z Rokytnice v Orlických horách	OKBOTA		JO80GE	0	0	1		503
R	WWBOTA	B/OK-1480		2024-10-01		B/28/A-140 Rokytnice v Orlických horách	OKBOTA		JO80GE	0	0	1		503
R	WWBOTA	B/OK-1481		2024-10-01		B/29/A-140 Rokytnice v Orlických horách	OKBOTA		JO80GD	0	0	1		503
R	WWBOTA	B/OK-1482		2024-10-01		B/3/A-160 Rokytnice v Orlických horách	OKBOTA		JO80GF	0	0	1		503
R	WWBOTA	B/OK-1483		2024-10-01		B/30/A-160 Rokytnice v Orlických horách	OKBOTA		JO80GD	0	0	1		503
R	WWBOTA	B/OK-1484		2024-10-01		B/31/A-160 Rokytnice v Orlických horách	OKBOTA		JO80GD	0	0	1		503
R	WWBOTA	B/OK-1485		2024-10-01		B/32/A-140 Rokytnice v Orlických horách	OKBOTA		JO80GD	0	0	1		503
R	WWBOTA	B/OK-1486		2024-10-01		B/33/A-160 Rokytnice v Orlických horách	OKBOTA		JO80GD	0	0	1		503
R	WWBOTA	B/OK-1487		2024-10-01		B/34/A-140 Rokytnice v Orlických horách	OKBOTA		JO80GD	0	0	1		503
R	WWBOTA	B/OK-1488		2024-10-01		B/35/A-120 Rokytnice v Orlických horách	OKBOTA		JO80GD	0	0	1		503
R	WWBOTA	B/OK-1489		2024-10-01		B/36/A-120 Rokytnice v Orlických horách	OKBOTA		JO80GD	0	0	1		503
R	WWBOTA	B/OK-1490		2024-10-01		B/37/A-180 Rokytnice v Orlických horách	OKBOTA		JO80GD	0	0	1		503
R	WWBOTA	B/OK-1491		2024-10-01		B/38/A-140Z Rokytnice v Orlických horách	OKBOTA		JO80GD	0	0	1		503
R	WWBOTA	B/OK-1492		2024-10-01		B/39/A-120Z Rokytnice v Orlických horách	OKBOTA		JO80GD	0	0	1		503
R	WWBOTA	B/OK-1493		2024-10-01		B/4/A-140 Rokytnice v Orlických horách	OKBOTA		JO80GF	0	0	1		503
R	WWBOTA	B/OK-1494		2024-10-01		B/40/E Rokytnice v Orlických horách	OKBOTA		JO80GD	0	0	1		503
R	WWBOTA	B/OK-1495		2024-10-01		B/41/A-140 Rokytnice v Orlických horách	OKBOTA		JO80GD	0	0	1		503
R	WWBOTA	B/OK-1496		2024-10-01		B/42/A-140 Rokytnice v Orlických horách	OKBOTA		JO80GD	0	0	1		503
R	WWBOTA	B/OK-1497		2024-10-01		B/43/A-160 Rokytnice v Orlických horách	OKBOTA		JO80GD	0	0	1		503
R	WWBOTA	B/OK-1498		2024-10-01		B/44/A-180 Rokytnice v Orlických horách	OKBOTA		JO80GD	0	0	1		503
R	WWBOTA	B/OK-1499		2024-10-01		B/45/A-120 Rokytnice v Orlických horách	OKBOTA		JO80GD	0	0	1		503
R	WWBOTA	B/OK-1500		2024-10-01		B/5/A-160 Rokytnice v Orlických horách	OKBOTA		JO80GE	0	0	1		503
R	WWBOTA	B/OK-1501		2024-10-01		B/6/A-160 Rokytnice v Orlických horách	OKBOTA		JO80GE	0	0	1		503
R	WWBOTA	B/OK-1502		2024-10-01		B/8/A-160 Rokytnice v Orlických horách	OKBOTA		JO80GE	0	0	1		503
R	WWBOTA	B/OK-1503		2024-10-01		B/9/A-160 Rokytnice v Orlických horách	OKBOTA		JO80GE	0	0	1		503
R	WWBOTA	B/OK-1504		2024-10-01		C/100/A-140 Lotzen (Jelenka)	OKBOTA		JO80FF	0	0	1		503
R	WWBOTA	B/OK-1505		2024-10-01		C/259/A-140 Lotzen (Jelenka)	OKBOTA		JO80FG	0	0	1		503
R	WWBOTA	B/OK-1506		2024-10-01		C/293/A-160 Lotzen (Jelenka)	OKBOTA		JO80FF	0	0	1		503
R	WWBOTA	B/OK-1507		2024-10-01		C/294/A-140 Lotzen (Jelenka)	OKBOTA		JO80FF	0	0	1		503
R	WWBOTA	B/OK-1508		2024-10-01		C/295/A-120 Lotzen (Jelenka)	OKBOTA		JO80FF	0	0	1		503
R	WWBOTA	B/OK-1509		2024-10-01		C/296/B1-100 Lotzen (Jelenka)	OKBOTA		JO80FF	0	0	1		503
R	WWBOTA	B/OK-1510		2024-10-01		C/55/A-160 Lotzen (Jelenka)	OKBOTA		JO80FG	0	0	1		503
R	WWBOTA	B/OK-1511		2024-10-01		C/56/A-180 Lotzen (Jelenka)	OKBOTA		JO80FG	0	0	1		503
R	WWBOTA	B/OK-1512		2024-10-01		C/57/A-160 Lotzen (Jelenka)	OKBOTA		JO80FG	0	0	1		503
R	WWBOTA	B/OK-1513		2024-10-01		C/58/A-160 Lotzen (Jelenka)	OKBOTA		JO80FG	0	0	1		503
R	WWBOTA	B/OK-1514		2024-10-01		C/59/A-120 Lotzen (Jelenka)	OKBOTA		JO80FG	0	0	1		503
R	WWBOTA	B/OK-1515		2024-10-01		C/60/A-140 Lotzen (Jelenka)	OKBOTA		JO80FG	0	0	1		503
R	WWBOTA	B/OK-1516		2024-10-01		C/61/A-140 Lotzen (Jelenka)	OKBOTA		JO80FG	0	0	1		503
R	WWBOTA	B/OK-1517		2024-10-01		C/62/A-180 Lotzen (Jelenka)	OKBOTA		JO80FG	0	0	1		503
R	WWBOTA	B/OK-1518		2024-10-01		C/63/A-180 Lotzen (Jelenka)	OKBOTA		JO80FG	0	0	1		503
R	WWBOTA	B/OK-1519		2024-10-01		C/64/A-160Z Lotzen (Jelenka)	OKBOTA		JO80FG	0	0	1		503
R	WWBOTA	B/OK-1520		2024-10-01		C/65/A-160 Lotzen (Jelenka)	OKBOTA		JO80FG	0	0	1		503
R	WWBOTA	B/OK-1521		2024-10-01		C/66/E Lotzen (Jelenka)	OKBOTA		JO80FG	0	0	1		503
R	WWBOTA	B/OK-1522		2024-10-01		C/67/E Lotzen (Jelenka)	OKBOTA		JO80FG	0	0	1		503
R	WWBOTA	B/OK-1523		2024-10-01		C/68/A-140 Lotzen (Jelenka)	OKBOTA		JO80FG	0	0	1		503
R	WWBOTA	B/OK-1524		2024-10-01		C/69/A-180 Lotzen (Jelenka)	OKBOTA		JO80FG	0	0	1		503
R	WWBOTA	B/OK-1525		2024-10-01		C/70/A-180 Lotzen (Jelenka)	OKBOTA		JO80FG	0	0	1		503
R	WWBOTA	B/OK-1526		2024-10-01		C/71/A-160 Lotzen (Jelenka)	OKBOTA		JO80FG	0	0	1		503
R	WWBOTA	B/OK-1527		2024-10-01		C/72/A-140 Lotzen (Jelenka)	OKBOTA		JO80FG	0	0	1		503
R	WWBOTA	B/OK-1528		2024-10-01		C/73/A-140 Lotzen (Jelenka)	OKBOTA		JO80FG	0	0	1		503
R	WWBOTA	B/OK-1529		2024-10-01		C/74/A-180 Lotzen (Jelenka)	OKBOTA		JO80FG	0	0	1		503
R	WWBOTA	B/OK-1530		2024-10-01		C/75/A-160 Lotzen (Jelenka)	OKBOTA		JO80FG	0	0	1		503
R	WWBOTA	B/OK-1531		2024-10-01		C/76/A-120 Lotzen (Jelenka)	OKBOTA		JO80FG	0	0	1		503
R	WWBOTA	B/OK-1532		2024-10-01		C/77/A-180 Lotzen (Jelenka)	OKBOTA		JO80FG	0	0	1		503
R	WWBOTA	B/OK-1533		2024-10-01		C/78/A-160 Lotzen (Jelenka)	OKBOTA		JO80FG	0	0	1		503
R	WWBOTA	B/OK-1534		2024-10-01		C/79/A-160 Lotzen (Jelenka)	OKBOTA		JO80FG	0	0	1		503
R	WWBOTA	B/OK-1535		2024-10-01		C/80/A-140 Lotzen (Jelenka)	OKBOTA		JO80FG	0	0	1		503
R	WWBOTA	B/OK-1536		2024-10-01		C/81/A-160 Lotzen (Jelenka)	OKBOTA		JO80FG	0	0	1		503
R	WWBOTA	B/OK-1537		2024-10-01		C/82/A-140 Lotzen (Jelenka)	OKBOTA		JO80FG	0	0	1		503
R	WWBOTA	B/OK-1538		2024-10-01		C/83/A-120 Lotzen (Jelenka)	OKBOTA		JO80FG	0	0	1		503
R	WWBOTA	B/OK-1539		2024-10-01		C/84/A-180 Lotzen (Jelenka)	OKBOTA		JO80FG	0	0	1		503
R	WWBOTA	B/OK-1540		2024-10-01		C/85/A-140 Lotzen (Jelenka)	OKBOTA		JO80FG	0	0	1		503
R	WWBOTA	B/OK-1541		2024-10-01		C/86/A-160 Lotzen (Jelenka)	OKBOTA		JO80FG	0	0	1		503
R	WWBOTA	B/OK-1542		2024-10-01		C/87/A-160 Lotzen (Jelenka)	OKBOTA		JO80FF	0	0	1		503
R	WWBOTA	B/OK-1543		2024-10-01		C/88/A-180 Lotzen (Jelenka)	OKBOTA		JO80FF	0	0	1		503
R	WWBOTA	B/OK-1544		2024-10-01		C/89/A-140 Lotzen (Jelenka)	OKBOTA		JO80FF	0	0	1		503
R	WWBOTA	B/OK-1545		2024-10-01		C/90/A-160 Lotzen (Jelenka)	OKBOTA		JO80FF	0	0	1		503
R	WWBOTA	B/OK-1546		2024-10-01		C/91/A-140 Lotzen (Jelenka)	OKBOTA		JO80FF	0	0	1		503
R	WWBOTA	B/OK-1547		2024-10-01		C/92/A-160 Lotzen (Jelenka)	OKBOTA		JO80FF	0	0	1		503
R	WWBOTA	B/OK-1548		2024-10-01		C/93/A-180 Lotzen (Jelenka)	OKBOTA		JO80FF	0	0	1		503
R	WWBOTA	B/OK-1549		2024-10-01		C/94/A-140 Lotzen (Jelenka)	OKBOTA		JO80FF	0	0	1		503
R	WWBOTA	B/OK-1550		2024-10-01		C/95/A-160 Lotzen (Jelenka)	OKBOTA		JO80FF	0	0	1		503
R	WWBOTA	B/OK-1551		2024-10-01		C/96/A-120 Lotzen (Jelenka)	OKBOTA		JO80FF	0	0	1		503
R	WWBOTA	B/OK-1552		2024-10-01		C/97/A-160 Lotzen (Jelenka)	OKBOTA		JO80FF	0	0	1		503
R	WWBOTA	B/OK-1553		2024-10-01		C/98/A-180 Lotzen (Jelenka)	OKBOTA		JO80FF	0	0	1		503
R	WWBOTA	B/OK-1554		2024-10-01		C/99/A-120 Lotzen (Jelenka)	OKBOTA		JO80FF	0	0	1		503
R	WWBOTA	B/OK-1555		2024-10-01		D1a/250/A-180 Olešnice	OKBOTA		JO80DI	0	0	1		503
R	WWBOTA	B/OK-1556		2024-10-01		D1a/68/A-140Z Olešnice	OKBOTA		JO80DI	0	0	1		503
R	WWBOTA	B/OK-1557		2024-10-01		D1a/69/A-140Z Olešnice	OKBOTA		JO80EI	0	0	1		503
R	WWBOTA	B/OK-1558		2024-10-01		D1a/70/A-160Z Olešnice	OKBOTA		JO80EI	0	0	1		503
R	WWBOTA	B/OK-1559		2024-10-01		D1a/71/A-160Z Olešnice	OKBOTA		JO80EI	0	0	1		503
R	WWBOTA	B/OK-1560		2024-10-01		D1a/72/A-160Z Olešnice	OKBOTA		JO80EI	0	0	1		503
R	WWBOTA	B/OK-1561		2024-10-01		D1a/73/A-160Z Olešnice	OKBOTA		JO80EI	0	0	1		503
R	WWBOTA	B/OK-1562		2024-10-01		D1a/74/A-160Z Olešnice	OKBOTA		JO80EI	0	0	1		503
R	WWBOTA	B/OK-1563		2024-10-01		D1a/75/A-160 Olešnice	OKBOTA		JO80DI	0	0	1		503
R	WWBOTA	B/OK-1564		2024-10-01		D1a/76/A-160 Olešnice	OKBOTA		JO80DI	0	0	1		503
R	WWBOTA	B/OK-1565		2024-10-01		D1a/77/D2 Olešnice	OKBOTA		JO80EI	0	0	1		503
R	WWBOTA	B/OK-1566		2024-10-01		D1a/78/A-160 Olešnice	OKBOTA		JO80EI	0	0	1		503
R	WWBOTA	B/OK-1567		2024-10-01		D1a/79/A-180 Olešnice	OKBOTA		JO80EI	0	0	1		503
R	WWBOTA	B/OK-1568		2024-10-01		D1a/80/A-120Z Olešnice	OKBOTA		JO80EI	0	0	1		503
R	WWBOTA	B/OK-1569		2024-10-01		D1a/81/A-160 Olešnice	OKBOTA		JO80EI	0	0	1		503
R	WWBOTA	B/OK-1570		2024-10-01		D1a/82/A-160 Olešnice	OKBOTA		JO80EI	0	0	1		503
R	WWBOTA	B/OK-1571		2024-10-01		D1a/83/A-160 Olešnice	OKBOTA		JO80EI	0	0	1		503
R	WWBOTA	B/OK-1572		2024-10-01		D1a/84/A-160 Olešnice	OKBOTA		JO80EI	0	0	1		503
R	WWBOTA	B/OK-1573		2024-10-01		D1a/85/A-180 Olešnice	OKBOTA		JO80EI	0	0	1		503
R	WWBOTA	B/OK-1574		2024-10-01		D1a/86/A-160 Olešnice	OKBOTA		JO80EI	0	0	1		503
R	WWBOTA	B/OK-1575		2024-10-01		D1b/232/A-160 Nový Hrádek	OKBOTA		JO80DI	0	0	1		503
R	WWBOTA	B/OK-1576		2024-10-01		D1b/242/A-160 Nový Hrádek	OKBOTA		JO80DI	0	0	1		503
R	WWBOTA	B/OK-1577		2024-10-01		D1b/243/A-160Z Nový Hrádek	OKBOTA		JO80DI	0	0	1		503
R	WWBOTA	B/OK-1578		2024-10-01		D1b/244/B2-90Z Nový Hrádek	OKBOTA		JO80DI	0	0	1		503
R	WWBOTA	B/OK-1579		2024-10-01		D1b/245/A-160 Nový Hrádek	OKBOTA		JO80DI	0	0	1		503
R	WWBOTA	B/OK-1580		2024-10-01		D1b/246/B2-80Z Nový Hrádek	OKBOTA		JO80DI	0	0	1		503
R	WWBOTA	B/OK-1581		2024-10-01		D1b/247/A-120 Nový Hrádek	OKBOTA		JO80DI	0	0	1		503
R	WWBOTA	B/OK-1582		2024-10-01		D1b/248/A-160 Nový Hrádek	OKBOTA		JO80DI	0	0	1		503
R	WWBOTA	B/OK-1583		2024-10-01		D1b/249/A-120 Nový Hrádek	OKBOTA		JO80DI	0	0	1		503
R	WWBOTA	B/OK-1584		2024-10-01		D1b/42/D1 Nový Hrádek	OKBOTA		JO80DI	0	0	1		503
R	WWBOTA	B/OK-1585		2024-10-01		D1b/43/A-220 Nový Hrádek	OKBOTA		JO80DI	0	0	1		503
R	WWBOTA	B/OK-1586		2024-10-01		D1b/45/A-200 Nový Hrádek	OKBOTA		JO80DI	0	0	1		503
R	WWBOTA	B/OK-1587		2024-10-01		D1b/46/A-180 Nový Hrádek	OKBOTA		JO80DI	0	0	1		503
R	WWBOTA	B/OK-1588		2024-10-01		D1b/47/A-200Z Nový Hrádek	OKBOTA		JO80DI	0	0	1		503
R	WWBOTA	B/OK-1589		2024-10-01		D1b/48/A-180Z Nový Hrádek	OKBOTA		JO80DI	0	0	1		503
R	WWBOTA	B/OK-1590		2024-10-01		D1b/49/A-180Z Nový Hrádek	OKBOTA		JO80DI	0	0	1		503
R	WWBOTA	B/OK-1591		2024-10-01		D1b/56/A-140 Nový Hrádek	OKBOTA		JO80DI	0	0	1		503
R	WWBOTA	B/OK-1592		2024-10-01		D1b/58/D2 Nový Hrádek	OKBOTA		JO80DI	0	0	1		503
R	WWBOTA	B/OK-1593		2024-10-01		D1b/59/A-160Z Nový Hrádek	OKBOTA		JO80DI	0	0	1		503
R	WWBOTA	B/OK-1594		2024-10-01		D1b/60/A-140Z Nový Hrádek	OKBOTA		JO80DI	0	0	1		503
R	WWBOTA	B/OK-1595		2024-10-01		D1b/61/A-140 Nový Hrádek	OKBOTA		JO80DI	0	0	1		503
R	WWBOTA	B/OK-1596		2024-10-01		D1b/62/E Nový Hrádek	OKBOTA		JO80DI	0	0	1		503
R	WWBOTA	B/OK-1597		2024-10-01		D1b/63/D2 Nový Hrádek	OKBOTA		JO80DI	0	0	1		503
R	WWBOTA	B/OK-1598		2024-10-01		D1b/64/B2-100Z Nový Hrádek	OKBOTA		JO80DI	0	0	1		503
R	WWBOTA	B/OK-1599		2024-10-01		D1b/65/A-180 Nový Hrádek	OKBOTA		JO80DI	0	0	1		503
R	WWBOTA	B/OK-1600		2024-10-01		D1b/66/A-140Z Nový Hrádek	OKBOTA		JO80DI	0	0	1		503
R	WWBOTA	B/OK-1601		2024-10-01		D1b/67/A-180 Nový Hrádek	OKBOTA		JO80DI	0	0	1		503
R	WWBOTA	B/OK-1602		2024-10-01		E1/240/A-160 Náchod - jih	OKBOTA		JO80CK	0	0	1		503
R	WWBOTA	B/OK-1603		2024-10-01		E1/40/A-180 Náchod - jih	OKBOTA		JO80CK	0	0	1		503
R	WWBOTA	B/OK-1604		2024-10-01		E2/22/A-180Z Náchod - sever	OKBOTA		JO80CK	0	0	1		503
R	WWBOTA	B/OK-1605		2024-10-01		E2/23/A-160 Náchod - sever	OKBOTA		JO80CK	0	0	1		503
R	WWBOTA	B/OK-1606		2024-10-01		E2/239/A-160 Náchod - sever	OKBOTA		JO80CK	0	0	1		503
R	WWBOTA	B/OK-1607		2024-10-01		E2/31/D1 Náchod - sever	OKBOTA		JO80CK	0	0	1		503
R	WWBOTA	B/OK-1608		2024-10-01		E2/32/D2 Náchod - sever	OKBOTA		JO80CK	0	0	1		503
R	WWBOTA	B/OK-1609		2024-10-01		E2/33/A-140Z Náchod - sever	OKBOTA		JO80CK	0	0	1		503
R	WWBOTA	B/OK-1610		2024-10-01		E2/34/E Náchod - sever	OKBOTA		JO80CK	0	0	1		503
R	WWBOTA	B/OK-1611		2024-10-01		E2/39/A-160Z Náchod - sever	OKBOTA		JO80CK	0	0	1		503
R	WWBOTA	B/OK-1612		2024-10-01		F1/16/A-180 Zbečník	OKBOTA		JO80CK	0	0	1		503
R	WWBOTA	B/OK-1613		2024-10-01		F1/20/A-180 Zbečník	OKBOTA		JO80CK	0	0	1		503
R	WWBOTA	B/OK-1614		2024-10-01		F1/21/A-120Z Zbečník	OKBOTA		JO80CK	0	0	1		503
R	WWBOTA	B/OK-1615		2024-10-01		F1/3/A-180 Zbečník	OKBOTA		JO80BL	0	0	1		503
R	WWBOTA	B/OK-1616		2024-10-01		F1/4/A-160 Zbečník	OKBOTA		JO80BL	0	0	1		503
R	WWBOTA	B/OK-1617		2024-10-01		F2/228/A-120 Bohdašín	OKBOTA		JO80BM	0	0	1		503
R	WWBOTA	B/OK-1618		2024-10-01		F2/230/A-140 Bohdašín	OKBOTA		JO80BM	0	0	1		503
R	WWBOTA	B/OK-1619		2024-10-01		F2/231/A-140Z Bohdašín	OKBOTA		JO80BM	0	0	1		503
R	WWBOTA	B/OK-1620		2024-10-01		F2/232/A-140Z Bohdašín	OKBOTA		JO80BM	0	0	1		503
R	WWBOTA	B/OK-1621		2024-10-01		F2/233/C1 Bohdašín	OKBOTA		JO80BM	0	0	1		503
R	WWBOTA	B/OK-1622		2024-10-01		F2/234/A-160 Bohdašín	OKBOTA		JO80BM	0	0	1		503
R	WWBOTA	B/OK-1623		2024-10-01		F2/235/A-180 Bohdašín	OKBOTA		JO80BM	0	0	1		503
R	WWBOTA	B/OK-1624		2024-10-01		F2/236/A-160 Bohdašín	OKBOTA		JO80BM	0	0	1		503
R	WWBOTA	B/OK-1625		2024-10-01		F2/237/A-120 Bohdašín	OKBOTA		JO80BM	0	0	1		503
R	WWBOTA	B/OK-1626		2024-10-01		F2/238/A-140 Bohdašín	OKBOTA		JO80BM	0	0	1		503
R	WWBOTA	B/OK-1627		2024-10-01		F2/239/A-120 Bohdašín	OKBOTA		JO80BM	0	0	1		503
R	WWBOTA	B/OK-1628		2024-10-01		F2/240/C1 Bohdašín	OKBOTA		JO80BM	0	0	1		503
R	WWBOTA	B/OK-1629		2024-10-01		F2/246/A-140 Bohdašín	OKBOTA		JO80BM	0	0	1		503
R	WWBOTA	B/OK-1630		2024-10-01		F2/247/A-140 Bohdašín	OKBOTA		JO80BM	0	0	1		503
R	WWBOTA	B/OK-1631		2024-10-01		F2/248/A-140 Bohdašín	OKBOTA		JO80BM	0	0	1		503
R	WWBOTA	B/OK-1632		2024-10-01		F2/249/A-160Z Bohdašín	OKBOTA		JO80BM	0	0	1		503
R	WWBOTA	B/OK-1633		2024-10-01		F2/250/A-140 Bohdašín	OKBOTA		JO80BM	0	0	1		503
R	WWBOTA	B/OK-1634		2024-10-01		F2/53/A-140 Bohdašín	OKBOTA		JO80BM	0	0	1		503
R	WWBOTA	B/OK-1635		2024-10-01		F2/54/A-140 Bohdašín	OKBOTA		JO80BM	0	0	1		503
R	WWBOTA	B/OK-1636		2024-10-01		F2/55/A-160 Bohdašín	OKBOTA		JO80BM	0	0	1		503
R	WWBOTA	B/OK-1637		2024-10-01		F2/56/A-180 Bohdašín	OKBOTA		JO80BM	0	0	1		503
R	WWBOTA	B/OK-1638		2024-10-01		F2/57/A-160 Bohdašín	OKBOTA		JO80BM	0	0	1		503
R	WWBOTA	B/OK-1639		2024-10-01		F2/59/A-160 Bohdašín	OKBOTA		JO80BM	0	0	1		503
R	WWBOTA	B/OK-1640		2024-10-01		F2/60/A-140 Bohdašín	OKBOTA		JO80BM	0	0	1		503
R	WWBOTA	B/OK-1641		2024-10-01		F2/61/A-140 Bohdašín	OKBOTA		JO80BM	0	0	1		503
R	WWBOTA	B/OK-1642		2024-10-01		F2/62/A-160 Bohdašín	OKBOTA		JO80BM	0	0	1		503
R	WWBOTA	B/OK-1643		2024-10-01		F2/63/A-140 Bohdašín	OKBOTA		JO80BM	0	0	1		503
R	WWBOTA	B/OK-1644		2024-10-01		F2/64/D2 Bohdašín	OKBOTA		JO80BM	0	0	1		503
R	WWBOTA	B/OK-1645		2024-10-01		F2/65/D1 Bohdašín	OKBOTA		JO80BM	0	0	1		503
R	WWBOTA	B/OK-1646		2024-10-01		F2/66/A-140 Bohdašín	OKBOTA		JO80BM	0	0	1		503
R	WWBOTA	B/OK-1647		2024-10-01		F2/67/A-160 Bohdašín	OKBOTA		JO80BM	0	0	1		503
R	WWBOTA	B/OK-1648		2024-10-01		F2/68/A-160Z Bohdašín	OKBOTA		JO80BM	0	0	1		503
R	WWBOTA	B/OK-1649		2024-10-01		F2/69/A-160Z Bohdašín	OKBOTA		JO80BM	0	0	1		503
R	WWBOTA	B/OK-1650		2024-10-01		F2/70/A-180Z Bohdašín	OKBOTA		JO80BM	0	0	1		503
R	WWBOTA	B/OK-1651		2024-10-01		F2/72/A-160Z Bohdašín	OKBOTA		JO80BM	0	0	1		503
R	WWBOTA	B/OK-1652		2024-10-01		F2/73/A-160Z Bohdašín	OKBOTA		JO80BM	0	0	1		503
R	WWBOTA	B/OK-1653		2024-10-01		F3/10/A-180Z Žaltman	OKBOTA		JO80AN	0	0	1		503
R	WWBOTA	B/OK-1654		2024-10-01		F3/11/A-140Z Žaltman	OKBOTA		JO80AN	0	0	1		503
R	WWBOTA	B/OK-1655		2024-10-01		F3/12/A-160Z Žaltman	OKBOTA		JO80AN	0	0	1		503
R	WWBOTA	B/OK-1656		2024-10-01		F3/13/A-180Z Žaltman	OKBOTA		JO80AN	0	0	1		503
R	WWBOTA	B/OK-1657		2024-10-01		F3/14/A-160 Žaltman	OKBOTA		JO80AN	0	0	1		503
R	WWBOTA	B/OK-1658		2024-10-01		F3/15/A-140 Žaltman	OKBOTA		JO80AN	0	0	1		503
R	WWBOTA	B/OK-1659		2024-10-01		F3/16/A-160 Žaltman	OKBOTA		JO80AN	0	0	1		503
R	WWBOTA	B/OK-1660		2024-10-01		F3/17/A-140 Žaltman	OKBOTA		JO80AN	0	0	1		503
R	WWBOTA	B/OK-1661		2024-10-01		F3/18/A-160 Žaltman	OKBOTA		JO80AN	0	0	1		503
R	WWBOTA	B/OK-1662		2024-10-01		F3/19/A-180 Žaltman	OKBOTA		JO80AN	0	0	1		503
R	WWBOTA	B/OK-1663		2024-10-01		F3/2/D2 Žaltman	OKBOTA		JO80AN	0	0	1		503
R	WWBOTA	B/OK-1664		2024-10-01		F3/20/A-140 Žaltman	OKBOTA		JO80AN	0	0	1		503
R	WWBOTA	B/OK-1665		2024-10-01		F3/201/A-160 Žaltman	OKBOTA		JO80AN	0	0	1		503
R	WWBOTA	B/OK-1666		2024-10-01		F3/202/A-160 Žaltman	OKBOTA		JO80AN	0	0	1		503
R	WWBOTA	B/OK-1667		2024-10-01		F3/203/A-160 Žaltman	OKBOTA		JO80AN	0	0	1		503
R	WWBOTA	B/OK-1668		2024-10-01		F3/204/A-140 Žaltman	OKBOTA		JO80AN	0	0	1		503
R	WWBOTA	B/OK-1669		2024-10-01		F3/205/A-160 Žaltman	OKBOTA		JO80AN	0	0	1		503
R	WWBOTA	B/OK-1670		2024-10-01		F3/21/A-140 Žaltman	OKBOTA		JO80AN	0	0	1		503
R	WWBOTA	B/OK-1671		2024-10-01		F3/218/D2 Žaltman	OKBOTA		JO80AM	0	0	1		503
R	WWBOTA	B/OK-1672		2024-10-01		F3/219/D1 Žaltman	OKBOTA		JO80AM	0	0	1		503
R	WWBOTA	B/OK-1673		2024-10-01		F3/22/A-140 Žaltman	OKBOTA		JO80AN	0	0	1		503
R	WWBOTA	B/OK-1674		2024-10-01		F3/220/A-180 Žaltman	OKBOTA		JO80AM	0	0	1		503
R	WWBOTA	B/OK-1675		2024-10-01		F3/221/A-140 Žaltman	OKBOTA		JO80AM	0	0	1		503
R	WWBOTA	B/OK-1676		2024-10-01		F3/223/A-160 Žaltman	OKBOTA		JO80AM	0	0	1		503
R	WWBOTA	B/OK-1677		2024-10-01		F3/224/A-160 Žaltman	OKBOTA		JO80AM	0	0	1		503
R	WWBOTA	B/OK-1678		2024-10-01		F3/225/A-140 Žaltman	OKBOTA		JO80BM	0	0	1		503
R	WWBOTA	B/OK-1679		2024-10-01		F3/23/A-180 Žaltman	OKBOTA		JO80AN	0	0	1		503
R	WWBOTA	B/OK-1680		2024-10-01		F3/24/A-140 Žaltman	OKBOTA		JO80AN	0	0	1		503
R	WWBOTA	B/OK-1681		2024-10-01		F3/25/D1 Žaltman	OKBOTA		JO80AN	0	0	1		503
R	WWBOTA	B/OK-1682		2024-10-01		F3/26/A-140 Žaltman	OKBOTA		JO80AN	0	0	1		503
R	WWBOTA	B/OK-1683		2024-10-01		F3/27/A-160 Žaltman	OKBOTA		JO80AN	0	0	1		503
R	WWBOTA	B/OK-1684		2024-10-01		F3/28/D1 Žaltman	OKBOTA		JO80AN	0	0	1		503
R	WWBOTA	B/OK-1685		2024-10-01		F3/29/A-160 Žaltman	OKBOTA		JO80AN	0	0	1		503
R	WWBOTA	B/OK-1686		2024-10-01		F3/3/D1 Žaltman	OKBOTA		JO80AN	0	0	1		503
R	WWBOTA	B/OK-1687		2024-10-01		F3/30/A-180 Žaltman	OKBOTA		JO80AN	0	0	1		503
R	WWBOTA	B/OK-1688		2024-10-01		F3/31/A-140 Žaltman	OKBOTA		JO80AN	0	0	1		503
R	WWBOTA	B/OK-1689		2024-10-01		F3/32/A-140 Žaltman	OKBOTA		JO80AN	0	0	1		503
R	WWBOTA	B/OK-1690		2024-10-01		F3/33/A-160 Žaltman	OKBOTA		JO80AN	0	0	1		503
R	WWBOTA	B/OK-1691		2024-10-01		F3/34/A-140 Žaltman	OKBOTA		JO80AN	0	0	1		503
R	WWBOTA	B/OK-1692		2024-10-01		F3/35/A-140 Žaltman	OKBOTA		JO80AN	0	0	1		503
R	WWBOTA	B/OK-1693		2024-10-01		F3/36/A-160 Žaltman	OKBOTA		JO80AN	0	0	1		503
R	WWBOTA	B/OK-1694		2024-10-01		F3/37/A-140 Žaltman	OKBOTA		JO80AN	0	0	1		503
R	WWBOTA	B/OK-1695		2024-10-01		F3/38/A-160 Žaltman	OKBOTA		JO80AN	0	0	1		503
R	WWBOTA	B/OK-1696		2024-10-01		F3/39/A-180 Žaltman	OKBOTA		JO80AN	0	0	1		503
R	WWBOTA	B/OK-1697		2024-10-01		F3/4/A-160Z Žaltman	OKBOTA		JO80AN	0	0	1		503
R	WWBOTA	B/OK-1698		2024-10-01		F3/40/A-140 Žaltman	OKBOTA		JO80AM	0	0	1		503
R	WWBOTA	B/OK-1699		2024-10-01		F3/41/A-140 Žaltman	OKBOTA		JO80AM	0	0	1		503
R	WWBOTA	B/OK-1700		2024-10-01		F3/42/A-140 Žaltman	OKBOTA		JO80AM	0	0	1		503
R	WWBOTA	B/OK-1701		2024-10-01		F3/43/A-140 Žaltman	OKBOTA		JO80AM	0	0	1		503
R	WWBOTA	B/OK-1702		2024-10-01		F3/44/A-140Z Žaltman	OKBOTA		JO80AM	0	0	1		503
R	WWBOTA	B/OK-1703		2024-10-01		F3/45/A-140Z Žaltman	OKBOTA		JO80AM	0	0	1		503
R	WWBOTA	B/OK-1704		2024-10-01		F3/46/A-160Z Žaltman	OKBOTA		JO80AM	0	0	1		503
R	WWBOTA	B/OK-1705		2024-10-01		F3/47/A-160 Žaltman	OKBOTA		JO80AM	0	0	1		503
R	WWBOTA	B/OK-1706		2024-10-01		F3/48/A-180 Žaltman	OKBOTA		JO80AM	0	0	1		503
R	WWBOTA	B/OK-1707		2024-10-01		F3/49/A-140 Žaltman	OKBOTA		JO80BM	0	0	1		503
R	WWBOTA	B/OK-1708		2024-10-01		F3/5/A-180Z Žaltman	OKBOTA		JO80AN	0	0	1		503
R	WWBOTA	B/OK-1709		2024-10-01		F3/50/A-140 Žaltman	OKBOTA		JO80BM	0	0	1		503
R	WWBOTA	B/OK-1710		2024-10-01		F3/52/A-160 Žaltman	OKBOTA		JO80BM	0	0	1		503
R	WWBOTA	B/OK-1711		2024-10-01		F3/6/A-160Z Žaltman	OKBOTA		JO80AN	0	0	1		503
R	WWBOTA	B/OK-1712		2024-10-01		F3/7/A-160Z Žaltman	OKBOTA		JO80AN	0	0	1		503
R	WWBOTA	B/OK-1713		2024-10-01		F3/8/A-160Z Žaltman	OKBOTA		JO80AN	0	0	1		503
R	WWBOTA	B/OK-1714		2024-10-01		F3/9/A-180Z Žaltman	OKBOTA		JO80AN	0	0	1		503
R	WWBOTA	B/OK-1715		2024-10-01		G1/100/A-140 Petříkovice	OKBOTA		JO70XO	0	0	1		503
R	WWBOTA	B/OK-1716		2024-10-01		G1/101/A-180 Petříkovice	OKBOTA		JO70XO	0	0	1		503
R	WWBOTA	B/OK-1717		2024-10-01		G1/102/A-120 Petříkovice	OKBOTA		JO70XO	0	0	1		503
R	WWBOTA	B/OK-1718		2024-10-01		G1/103/A-180 Petříkovice	OKBOTA		JO70XO	0	0	1		503
R	WWBOTA	B/OK-1719		2024-10-01		G1/104/A-160Z Petříkovice	OKBOTA		JO70XO	0	0	1		503
R	WWBOTA	B/OK-1720		2024-10-01		G1/105/E1 Petříkovice	OKBOTA		JO70XO	0	0	1		503
R	WWBOTA	B/OK-1721		2024-10-01		G1/106/A-160Z Petříkovice	OKBOTA		JO70XO	0	0	1		503
R	WWBOTA	B/OK-1722		2024-10-01		G1/107/A-140 Petříkovice	OKBOTA		JO70XO	0	0	1		503
R	WWBOTA	B/OK-1723		2024-10-01		G1/108/A-180 Petříkovice	OKBOTA		JO70XO	0	0	1		503
R	WWBOTA	B/OK-1724		2024-10-01		G1/109/A-160Z Petříkovice	OKBOTA		JO70XO	0	0	1		503
R	WWBOTA	B/OK-1725		2024-10-01		G1/110/A-140 Petříkovice	OKBOTA		JO70XO	0	0	1		503
R	WWBOTA	B/OK-1726		2024-10-01		G1/111/A-140 Petříkovice	OKBOTA		JO70XO	0	0	1		503
R	WWBOTA	B/OK-1727		2024-10-01		G1/112/A-120 Petříkovice	OKBOTA		JO70XO	0	0	1		503
R	WWBOTA	B/OK-1728		2024-10-01		G1/113/A-160 Petříkovice	OKBOTA		JO70XO	0	0	1		503
R	WWBOTA	B/OK-1729		2024-10-01		G1/114/A-180 Petříkovice	OKBOTA		JO70XO	0	0	1		503
R	WWBOTA	B/OK-1730		2024-10-01		G1/115/A-180Z Petříkovice	OKBOTA		JO70XO	0	0	1		503
R	WWBOTA	B/OK-1731		2024-10-01		G1/116/C2 Petříkovice	OKBOTA		JO70XO	0	0	1		503
R	WWBOTA	B/OK-1732		2024-10-01		G1/117/A-200 Petříkovice	OKBOTA		JO70XO	0	0	1		503
R	WWBOTA	B/OK-1733		2024-10-01		G1/118/A-140 Petříkovice	OKBOTA		JO70XO	0	0	1		503
R	WWBOTA	B/OK-1734		2024-10-01		G1/119/A-140 Petříkovice	OKBOTA		JO70XO	0	0	1		503
R	WWBOTA	B/OK-1735		2024-10-01		G1/120/D2Z Petříkovice	OKBOTA		JO70XO	0	0	1		503
R	WWBOTA	B/OK-1736		2024-10-01		G1/121/D1 Petříkovice	OKBOTA		JO70XO	0	0	1		503
R	WWBOTA	B/OK-1737		2024-10-01		G1/122/B1-80 Petříkovice	OKBOTA		JO70XO	0	0	1		503
R	WWBOTA	B/OK-1738		2024-10-01		G1/123/A-140Z Petříkovice	OKBOTA		JO70XO	0	0	1		503
R	WWBOTA	B/OK-1739		2024-10-01		G1/124/D1Z Petříkovice	OKBOTA		JO70XO	0	0	1		503
R	WWBOTA	B/OK-1740		2024-10-01		G1/125/A-140Z Petříkovice	OKBOTA		JO70XO	0	0	1		503
R	WWBOTA	B/OK-1741		2024-10-01		G1/126/A-140Z Petříkovice	OKBOTA		JO70XO	0	0	1		503
R	WWBOTA	B/OK-1742		2024-10-01		G1/127/D1 Petříkovice	OKBOTA		JO70XO	0	0	1		503
R	WWBOTA	B/OK-1743		2024-10-01		G1/128/D2 Petříkovice	OKBOTA		JO70XO	0	0	1		503
R	WWBOTA	B/OK-1744		2024-10-01		G1/129/D1 Petříkovice	OKBOTA		JO70XO	0	0	1		503
R	WWBOTA	B/OK-1745		2024-10-01		G1/130/C2 Petříkovice	OKBOTA		JO80AN	0	0	1		503
R	WWBOTA	B/OK-1746		2024-10-01		G1/131/A-200 Petříkovice	OKBOTA		JO80AO	0	0	1		503
R	WWBOTA	B/OK-1747		2024-10-01		G1/132/A-160Z Petříkovice	OKBOTA		JO80AN	0	0	1		503
R	WWBOTA	B/OK-1748		2024-10-01		G1/133/A-160 Petříkovice	OKBOTA		JO80AN	0	0	1		503
R	WWBOTA	B/OK-1749		2024-10-01		G1/134/A-140 Petříkovice	OKBOTA		JO80AN	0	0	1		503
R	WWBOTA	B/OK-1750		2024-10-01		G1/135/A-220Z Petříkovice	OKBOTA		JO80AN	0	0	1		503
R	WWBOTA	B/OK-1751		2024-10-01		G1/284/A-140 Petříkovice	OKBOTA		JO70XO	0	0	1		503
R	WWBOTA	B/OK-1752		2024-10-01		G1/285/A-220 Petříkovice	OKBOTA		JO70XO	0	0	1		503
R	WWBOTA	B/OK-1753		2024-10-01		G1/286/E1 Petříkovice	OKBOTA		JO70XO	0	0	1		503
R	WWBOTA	B/OK-1754		2024-10-01		G1/287/A-120 Petříkovice	OKBOTA		JO70XO	0	0	1		503
R	WWBOTA	B/OK-1755		2024-10-01		G1/288/B1-100 Petříkovice	OKBOTA		JO70XO	0	0	1		503
R	WWBOTA	B/OK-1756		2024-10-01		G1/290/A-140 Petříkovice	OKBOTA		JO70XO	0	0	1		503
R	WWBOTA	B/OK-1757		2024-10-01		G1/291/A-200 Petříkovice	OKBOTA		JO70XO	0	0	1		503
R	WWBOTA	B/OK-1758		2024-10-01		G1/292/A-140 Petříkovice	OKBOTA		JO70XO	0	0	1		503
R	WWBOTA	B/OK-1759		2024-10-01		G1/293/A-160 Petříkovice	OKBOTA		JO70XO	0	0	1		503
R	WWBOTA	B/OK-1760		2024-10-01		G1/294/A-140 Petříkovice	OKBOTA		JO70XO	0	0	1		503
R	WWBOTA	B/OK-1761		2024-10-01		G1/295/B2-80 Petříkovice	OKBOTA		JO70XO	0	0	1		503
R	WWBOTA	B/OK-1762		2024-10-01		G1/296/A-180 Petříkovice	OKBOTA		JO70XO	0	0	1		503
R	WWBOTA	B/OK-1763		2024-10-01		G1/297/A-140 Petříkovice	OKBOTA		JO70XO	0	0	1		503
R	WWBOTA	B/OK-1764		2024-10-01		G1/298/A-140 Petříkovice	OKBOTA		JO70XO	0	0	1		503
R	WWBOTA	B/OK-1765		2024-10-01		G1/299/A-160 Petříkovice	OKBOTA		JO70XO	0	0	1		503
R	WWBOTA	B/OK-1766		2024-10-01		G1/300/A-140 Petříkovice	OKBOTA		JO70XO	0	0	1		503
R	WWBOTA	B/OK-1767		2024-10-01		G1/301/A-140 Petříkovice	OKBOTA		JO70XO	0	0	1		503
R	WWBOTA	B/OK-1768		2024-10-01		G1/302/A-160 Petříkovice	OKBOTA		JO70XO	0	0	1		503
R	WWBOTA	B/OK-1769		2024-10-01		G1/303/A-120 Petříkovice	OKBOTA		JO70XO	0	0	1		503
R	WWBOTA	B/OK-1770		2024-10-01		G1/304/A-140 Petříkovice	OKBOTA		JO70XO	0	0	1		503
R	WWBOTA	B/OK-1771		2024-10-01		G1/305/A-180 Petříkovice	OKBOTA		JO70XO	0	0	1		503
R	WWBOTA	B/OK-1772		2024-10-01		G1/306/E1 Petříkovice	OKBOTA		JO70XO	0	0	1		503
R	WWBOTA	B/OK-1773		2024-10-01		G1/307/B2-90 Petříkovice	OKBOTA		JO70XO	0	0	1		503
R	WWBOTA	B/OK-1774		2024-10-01		G1/308/E1 Petříkovice	OKBOTA		JO70XO	0	0	1		503
R	WWBOTA	B/OK-1775		2024-10-01		G1/309/A-140 Petříkovice	OKBOTA		JO70XO	0	0	1		503
R	WWBOTA	B/OK-1776		2024-10-01		G1/310/E2 Petříkovice	OKBOTA		JO70XO	0	0	1		503
R	WWBOTA	B/OK-1777		2024-10-01		G1/311/A-120Z Petříkovice	OKBOTA		JO70XO	0	0	1		503
R	WWBOTA	B/OK-1778		2024-10-01		G1/312/E1 Petříkovice	OKBOTA		JO70XN	0	0	1		503
R	WWBOTA	B/OK-1779		2024-10-01		G1/313/A-120Z Petříkovice	OKBOTA		JO70XN	0	0	1		503
R	WWBOTA	B/OK-1780		2024-10-01		G1/314/B2-100 Petříkovice	OKBOTA		JO70XN	0	0	1		503
R	WWBOTA	B/OK-1781		2024-10-01		G1/315/A-120 Petříkovice	OKBOTA		JO80AN	0	0	1		503
R	WWBOTA	B/OK-1782		2024-10-01		G1/316/B2-80 Petříkovice	OKBOTA		JO80AN	0	0	1		503
R	WWBOTA	B/OK-1783		2024-10-01		G1/317/A-140 Petříkovice	OKBOTA		JO80AN	0	0	1		503
R	WWBOTA	B/OK-1784		2024-10-01		G1/318/A-160 Petříkovice	OKBOTA		JO80AN	0	0	1		503
R	WWBOTA	B/OK-1785		2024-10-01		G1/319/A-140 Petříkovice	OKBOTA		JO80AN	0	0	1		503
R	WWBOTA	B/OK-1786		2024-10-01		G1/99/A-120 Petříkovice	OKBOTA		JO70XO	0	0	1		503
R	WWBOTA	B/OK-1787		2024-10-01		G2/273/A-140 Zlatá Olešnice	OKBOTA		JO70XO	0	0	1		503
R	WWBOTA	B/OK-1788		2024-10-01		G2/274/A-160 Zlatá Olešnice	OKBOTA		JO70XO	0	0	1		503
R	WWBOTA	B/OK-1789		2024-10-01		G2/275/A-140 Zlatá Olešnice	OKBOTA		JO70XO	0	0	1		503
R	WWBOTA	B/OK-1790		2024-10-01		G2/276/A-160Z Zlatá Olešnice	OKBOTA		JO70XO	0	0	1		503
R	WWBOTA	B/OK-1791		2024-10-01		G2/277/A-160 Zlatá Olešnice	OKBOTA		JO70XO	0	0	1		503
R	WWBOTA	B/OK-1792		2024-10-01		G2/278/A-160 Zlatá Olešnice	OKBOTA		JO70XO	0	0	1		503
R	WWBOTA	B/OK-1793		2024-10-01		G2/279/B1-100 Zlatá Olešnice	OKBOTA		JO70XO	0	0	1		503
R	WWBOTA	B/OK-1794		2024-10-01		G2/281/E1 Zlatá Olešnice	OKBOTA		JO70XO	0	0	1		503
R	WWBOTA	B/OK-1795		2024-10-01		G2/282/A-180 Zlatá Olešnice	OKBOTA		JO70XO	0	0	1		503
R	WWBOTA	B/OK-1796		2024-10-01		G2/283/A-120 Zlatá Olešnice	OKBOTA		JO70XO	0	0	1		503
R	WWBOTA	B/OK-1797		2024-10-01		G2/79/B1-90 Zlatá Olešnice	OKBOTA		JO70XO	0	0	1		503
R	WWBOTA	B/OK-1798		2024-10-01		G2/80/A-180 Zlatá Olešnice	OKBOTA		JO70XO	0	0	1		503
R	WWBOTA	B/OK-1799		2024-10-01		G2/81/A-120 Zlatá Olešnice	OKBOTA		JO70XO	0	0	1		503
R	WWBOTA	B/OK-1800		2024-10-01		G2/82/A-140 Zlatá Olešnice	OKBOTA		JO70XO	0	0	1		503
R	WWBOTA	B/OK-1801		2024-10-01		G2/83/A-220 Zlatá Olešnice	OKBOTA		JO70XO	0	0	1		503
R	WWBOTA	B/OK-1802		2024-10-01		G2/84/A-120 Zlatá Olešnice	OKBOTA		JO70XO	0	0	1		503
R	WWBOTA	B/OK-1803		2024-10-01		G2/85/D2Z Zlatá Olešnice	OKBOTA		JO70XO	0	0	1		503
R	WWBOTA	B/OK-1804		2024-10-01		G2/86/D1Z Zlatá Olešnice	OKBOTA		JO70XO	0	0	1		503
R	WWBOTA	B/OK-1805		2024-10-01		G2/87/A-140Z Zlatá Olešnice	OKBOTA		JO70XO	0	0	1		503
R	WWBOTA	B/OK-1806		2024-10-01		G2/88/A-160Z Zlatá Olešnice	OKBOTA		JO70XO	0	0	1		503
R	WWBOTA	B/OK-1807		2024-10-01		G2/89/A-220 Zlatá Olešnice	OKBOTA		JO70XO	0	0	1		503
R	WWBOTA	B/OK-1808		2024-10-01		G2/90/D1 Zlatá Olešnice	OKBOTA		JO70XO	0	0	1		503
R	WWBOTA	B/OK-1809		2024-10-01		G2/91/A-140Z Zlatá Olešnice	OKBOTA		JO70XO	0	0	1		503
R	WWBOTA	B/OK-1810		2024-10-01		G2/92/A-140 Zlatá Olešnice	OKBOTA		JO70XO	0	0	1		503
R	WWBOTA	B/OK-1811		2024-10-01		G2/93/A-140 Zlatá Olešnice	OKBOTA		JO70XO	0	0	1		503
R	WWBOTA	B/OK-1812		2024-10-01		G2/94/A-140Z Zlatá Olešnice	OKBOTA		JO70XO	0	0	1		503
R	WWBOTA	B/OK-1813		2024-10-01		G2/95/A-120 Zlatá Olešnice	OKBOTA		JO70XO	0	0	1		503
R	WWBOTA	B/OK-1814		2024-10-01		G2/96/A-180 Zlatá Olešnice	OKBOTA		JO70XO	0	0	1		503
R	WWBOTA	B/OK-1815		2024-10-01		G2/97/A-140Z Zlatá Olešnice	OKBOTA		JO70XO	0	0	1		503
R	WWBOTA	B/OK-1816		2024-10-01		G2/98/A-180 Zlatá Olešnice	OKBOTA		JO70XO	0	0	1		503
R	WWBOTA	B/OK-1817		2024-10-01		G3/253/A-160 Babí	OKBOTA		JO70WP	0	0	1		503
R	WWBOTA	B/OK-1818		2024-10-01		G3/254/A-120 Babí	OKBOTA		JO70WP	0	0	1		503
R	WWBOTA	B/OK-1819		2024-10-01		G3/255/A-120 Babí	OKBOTA		JO70WP	0	0	1		503
R	WWBOTA	B/OK-1820		2024-10-01		G3/256/A-140 Babí	OKBOTA		JO70WP	0	0	1		503
R	WWBOTA	B/OK-1821		2024-10-01		G3/257/A-140 Babí	OKBOTA		JO70WP	0	0	1		503
R	WWBOTA	B/OK-1822		2024-10-01		G3/258/A-120Z Babí	OKBOTA		JO70WO	0	0	1		503
R	WWBOTA	B/OK-1823		2024-10-01		G3/259/E1 Babí	OKBOTA		JO70WO	0	0	1		503
R	WWBOTA	B/OK-1824		2024-10-01		G3/260/A-200 Babí	OKBOTA		JO70WO	0	0	1		503
R	WWBOTA	B/OK-1825		2024-10-01		G3/261/B2-90 Babí	OKBOTA		JO70WO	0	0	1		503
R	WWBOTA	B/OK-1826		2024-10-01		G3/262/A-120 Babí	OKBOTA		JO70WO	0	0	1		503
R	WWBOTA	B/OK-1827		2024-10-01		G3/263/A-120 Babí	OKBOTA		JO70WO	0	0	1		503
R	WWBOTA	B/OK-1828		2024-10-01		G3/264/A-160 Babí	OKBOTA		JO70XO	0	0	1		503
R	WWBOTA	B/OK-1829		2024-10-01		G3/265/A-180 Babí	OKBOTA		JO70XO	0	0	1		503
R	WWBOTA	B/OK-1830		2024-10-01		G3/266/A-120 Babí	OKBOTA		JO70XO	0	0	1		503
R	WWBOTA	B/OK-1831		2024-10-01		G3/267/A-120 Babí	OKBOTA		JO70XO	0	0	1		503
R	WWBOTA	B/OK-1832		2024-10-01		G3/268/B1-80 Babí	OKBOTA		JO70XO	0	0	1		503
R	WWBOTA	B/OK-1833		2024-10-01		G3/269/A-160 Babí	OKBOTA		JO70XO	0	0	1		503
R	WWBOTA	B/OK-1834		2024-10-01		G3/270/A-140 Babí	OKBOTA		JO70XO	0	0	1		503
R	WWBOTA	B/OK-1835		2024-10-01		G3/271/E Babí	OKBOTA		JO70XO	0	0	1		503
R	WWBOTA	B/OK-1836		2024-10-01		G3/272/E Babí	OKBOTA		JO70XO	0	0	1		503
R	WWBOTA	B/OK-1837		2024-10-01		G3/48/A-140Z Babí	OKBOTA		JO70WP	0	0	1		503
R	WWBOTA	B/OK-1838		2024-10-01		G3/50/A-120 Babí	OKBOTA		JO70WP	0	0	1		503
R	WWBOTA	B/OK-1839		2024-10-01		G3/51/A-160 Babí	OKBOTA		JO70WP	0	0	1		503
R	WWBOTA	B/OK-1840		2024-10-01		G3/52/D2 Babí	OKBOTA		JO70WP	0	0	1		503
R	WWBOTA	B/OK-1841		2024-10-01		G3/53/A-180Z Babí	OKBOTA		JO70WP	0	0	1		503
R	WWBOTA	B/OK-1842		2024-10-01		G3/54/A-140Z Babí	OKBOTA		JO70WP	0	0	1		503
R	WWBOTA	B/OK-1843		2024-10-01		G3/55/A-120 Babí	OKBOTA		JO70WP	0	0	1		503
R	WWBOTA	B/OK-1844		2024-10-01		G3/56/A-180 Babí	OKBOTA		JO70WP	0	0	1		503
R	WWBOTA	B/OK-1845		2024-10-01		G3/57/A-120 Babí	OKBOTA		JO70WP	0	0	1		503
R	WWBOTA	B/OK-1846		2024-10-01		G3/58/A-120 Babí	OKBOTA		JO70WP	0	0	1		503
R	WWBOTA	B/OK-1847		2024-10-01		G3/59/D1 Babí	OKBOTA		JO70WP	0	0	1		503
R	WWBOTA	B/OK-1848		2024-10-01		G3/60/A-200 Babí	OKBOTA		JO70WP	0	0	1		503
R	WWBOTA	B/OK-1849		2024-10-01		G3/61/A-140Z Babí	OKBOTA		JO70WP	0	0	1		503
R	WWBOTA	B/OK-1850		2024-10-01		G3/62/A-220Z Babí	OKBOTA		JO70WP	0	0	1		503
R	WWBOTA	B/OK-1851		2024-10-01		G3/63/A-160Z Babí	OKBOTA		JO70WP	0	0	1		503
R	WWBOTA	B/OK-1852		2024-10-01		G3/64/A-180Z Babí	OKBOTA		JO70XO	0	0	1		503
R	WWBOTA	B/OK-1853		2024-10-01		G3/65/A-160Z Babí	OKBOTA		JO70XO	0	0	1		503
R	WWBOTA	B/OK-1854		2024-10-01		G3/66/A-140Z Babí	OKBOTA		JO70WO	0	0	1		503
R	WWBOTA	B/OK-1855		2024-10-01		G3/67/A-160Z Babí	OKBOTA		JO70WO	0	0	1		503
R	WWBOTA	B/OK-1856		2024-10-01		G3/68/A-120 Babí	OKBOTA		JO70WO	0	0	1		503
R	WWBOTA	B/OK-1857		2024-10-01		G3/69/A-140 Babí	OKBOTA		JO70WO	0	0	1		503
R	WWBOTA	B/OK-1858		2024-10-01		G3/70/A-140 Babí	OKBOTA		JO70XO	0	0	1		503
R	WWBOTA	B/OK-1859		2024-10-01		G3/71/E Babí	OKBOTA		JO70XO	0	0	1		503
R	WWBOTA	B/OK-1860		2024-10-01		G3/72/A-160 Babí	OKBOTA		JO70XO	0	0	1		503
R	WWBOTA	B/OK-1861		2024-10-01		G3/73/A-160Z Babí	OKBOTA		JO70XO	0	0	1		503
R	WWBOTA	B/OK-1862		2024-10-01		G3/74/A-160Z Babí	OKBOTA		JO70XO	0	0	1		503
R	WWBOTA	B/OK-1863		2024-10-01		G3/75/A-160Z Babí	OKBOTA		JO70XO	0	0	1		503
R	WWBOTA	B/OK-1864		2024-10-01		G3/76/B1-100 Babí	OKBOTA		JO70XO	0	0	1		503
R	WWBOTA	B/OK-1865		2024-10-01		G3/77/E1 Babí	OKBOTA		JO70XO	0	0	1		503
R	WWBOTA	B/OK-1866		2024-10-01		G3/78/E1 Babí	OKBOTA		JO70XO	0	0	1		503
R	WWBOTA	B/OK-1867		2024-10-01		H1/256/D1 Luční hora	OKBOTA		JO70UR	0	0	1		503
R	WWBOTA	B/OK-1868		2024-10-01		H1/257/A-140 Luční hora	OKBOTA		JO70UR	0	0	1		503
R	WWBOTA	B/OK-1869		2024-10-01		H1/258/A-160 Luční hora	OKBOTA		JO70UR	0	0	1		503
R	WWBOTA	B/OK-1870		2024-10-01		H1/259/A-140 Luční hora	OKBOTA		JO70UR	0	0	1		503
R	WWBOTA	B/OK-1871		2024-10-01		H1/260/D2 Luční hora	OKBOTA		JO70UR	0	0	1		503
R	WWBOTA	B/OK-1872		2024-10-01		H2/246/D1 Špindlerův Mlýn	OKBOTA		JO70TR	0	0	1		503
R	WWBOTA	B/OK-1873		2024-10-01		H2/66b/D1 Špindlerův Mlýn	OKBOTA		JO70TR	0	0	1		503
R	WWBOTA	B/OK-1874		2024-10-01		H2/67/A-180 Špindlerův Mlýn	OKBOTA		JO70TR	0	0	1		503
R	WWBOTA	B/OK-1875		2024-10-01		H2/68/A-140Z Špindlerův Mlýn	OKBOTA		JO70TR	0	0	1		503
R	WWBOTA	B/OK-1876		2024-10-01		H3/211/A-140 Kotel	OKBOTA		JO70SS	0	0	1		503
R	WWBOTA	B/OK-1877		2024-10-01		H3/212/A-140 Kotel	OKBOTA		JO70SS	0	0	1		503
R	WWBOTA	B/OK-1878		2024-10-01		H3/213/A-140 Kotel	OKBOTA		JO70SS	0	0	1		503
R	WWBOTA	B/OK-1879		2024-10-01		H3/214/A-160 Kotel	OKBOTA		JO70SS	0	0	1		503
R	WWBOTA	B/OK-1880		2024-10-01		H3/215/A-120 Kotel	OKBOTA		JO70SS	0	0	1		503
R	WWBOTA	B/OK-1881		2024-10-01		H3/216/A-160 Kotel	OKBOTA		JO70SS	0	0	1		503
R	WWBOTA	B/OK-1882		2024-10-01		H3/217/A-160 Kotel	OKBOTA		JO70SS	0	0	1		503
R	WWBOTA	B/OK-1883		2024-10-01		H3/218/A-160 Kotel	OKBOTA		JO70SS	0	0	1		503
R	WWBOTA	B/OK-1884		2024-10-01		H3/219/A-160Z Kotel	OKBOTA		JO70SS	0	0	1		503
R	WWBOTA	B/OK-1885		2024-10-01		H3/220/A-180 Kotel	OKBOTA		JO70SS	0	0	1		503
R	WWBOTA	B/OK-1886		2024-10-01		H3/221/A-180 Kotel	OKBOTA		JO70SS	0	0	1		503
R	WWBOTA	B/OK-1887		2024-10-01		H3/222/A-140Z Kotel	OKBOTA		JO70SS	0	0	1		503
R	WWBOTA	B/OK-1888		2024-10-01		H3/223/A-180Z Kotel	OKBOTA		JO70SS	0	0	1		503
R	WWBOTA	B/OK-1889		2024-10-01		H3/33/A-120 Kotel	OKBOTA		JO70SS	0	0	1		503
R	WWBOTA	B/OK-1890		2024-10-01		H3/34/A-160 Kotel	OKBOTA		JO70SS	0	0	1		503
R	WWBOTA	B/OK-1891		2024-10-01		H3/35/A-160Z Kotel	OKBOTA		JO70SS	0	0	1		503
R	WWBOTA	B/OK-1892		2024-10-01		H3/36/A-140 Kotel	OKBOTA		JO70SS	0	0	1		503
R	WWBOTA	B/OK-1893		2024-10-01		H3/37/A-180 Kotel	OKBOTA		JO70SS	0	0	1		503
R	WWBOTA	B/OK-1894		2024-10-01		H3/38/A-180 Kotel	OKBOTA		JO70SS	0	0	1		503
R	WWBOTA	B/OK-1895		2024-10-01		H3/39/A-180Z Kotel	OKBOTA		JO70SS	0	0	1		503
R	WWBOTA	B/OK-1896		2024-10-01		H3/40/A-160Z Kotel	OKBOTA		JO70SS	0	0	1		503
R	WWBOTA	B/OK-1897		2024-10-01		CH1/106/A-140 Čertův vrch (Čertova hora)	OKBOTA		JO70RS	0	0	1		503
R	WWBOTA	B/OK-1898		2024-10-01		CH1/107/A-180 Čertův vrch (Čertova hora)	OKBOTA		JO70RS	0	0	1		503
R	WWBOTA	B/OK-1899		2024-10-01		CH1/108/A-180 Čertův vrch (Čertova hora)	OKBOTA		JO70RS	0	0	1		503
R	WWBOTA	B/OK-1900		2024-10-01		CH1/109/A-140 Čertův vrch (Čertova hora)	OKBOTA		JO70RS	0	0	1		503
R	WWBOTA	B/OK-1901		2024-10-01		CH1/269/A-120 Čertův vrch (Čertova hora)	OKBOTA		JO70QS	0	0	1		503
R	WWBOTA	B/OK-1902		2024-10-01		CH1/282/A-140 Čertův vrch (Čertova hora)	OKBOTA		JO70RS	0	0	1		503
R	WWBOTA	B/OK-1903		2024-10-01		CH1/80a/D2 Čertův vrch (Čertova hora)	OKBOTA		JO70QS	0	0	1		503
R	WWBOTA	B/OK-1904		2024-10-01		CH1/80b/D1 Čertův vrch (Čertova hora)	OKBOTA		JO70QS	0	0	1		503
R	WWBOTA	B/OK-1905		2024-10-01		CH1/81/E Čertův vrch (Čertova hora)	OKBOTA		JO70QS	0	0	1		503
R	WWBOTA	B/OK-1906		2024-10-01		CH1/82/A-160 Čertův vrch (Čertova hora)	OKBOTA		JO70QS	0	0	1		503
R	WWBOTA	B/OK-1907		2024-10-01		CH2/227/B2-90 Polubný	OKBOTA		JO70QS	0	0	1		503
R	WWBOTA	B/OK-1908		2024-10-01		CH2/228/B1-80 Polubný	OKBOTA		JO70QS	0	0	1		503
R	WWBOTA	B/OK-1909		2024-10-01		CH2/229/A-160 Polubný	OKBOTA		JO70QS	0	0	1		503
R	WWBOTA	B/OK-1910		2024-10-01		CH2/230/A-120 Polubný	OKBOTA		JO70QS	0	0	1		503
R	WWBOTA	B/OK-1911		2024-10-01		CH2/231/A-160 Polubný	OKBOTA		JO70QS	0	0	1		503
R	WWBOTA	B/OK-1912		2024-10-01		CH2/232/A-140 Polubný	OKBOTA		JO70QS	0	0	1		503
R	WWBOTA	B/OK-1913		2024-10-01		CH2/233/E Polubný	OKBOTA		JO70QS	0	0	1		503
R	WWBOTA	B/OK-1914		2024-10-01		CH2/234/A-180 Polubný	OKBOTA		JO70QS	0	0	1		503
R	WWBOTA	B/OK-1915		2024-10-01		CH2/235/E Polubný	OKBOTA		JO70QS	0	0	1		503
R	WWBOTA	B/OK-1916		2024-10-01		CH2/236/A-120Z Polubný	OKBOTA		JO70QS	0	0	1		503
R	WWBOTA	B/OK-1917		2024-10-01		CH2/237/E Polubný	OKBOTA		JO70QS	0	0	1		503
R	WWBOTA	B/OK-1918		2024-10-01		CH2/238/A-120 Polubný	OKBOTA		JO70QS	0	0	1		503
R	WWBOTA	B/OK-1919		2024-10-01		CH2/239/D2 Polubný	OKBOTA		JO70QS	0	0	1		503
R	WWBOTA	B/OK-1920		2024-10-01		CH2/240/A-160 Polubný	OKBOTA		JO70QS	0	0	1		503
R	WWBOTA	B/OK-1921		2024-10-01		CH2/241/A-200 Polubný	OKBOTA		JO70QS	0	0	1		503
R	WWBOTA	B/OK-1922		2024-10-01		CH2/242/A-140 Polubný	OKBOTA		JO70QS	0	0	1		503
R	WWBOTA	B/OK-1923		2024-10-01		CH2/243/A-140 Polubný	OKBOTA		JO70QS	0	0	1		503
R	WWBOTA	B/OK-1924		2024-10-01		CH2/244/A-180 Polubný	OKBOTA		JO70QS	0	0	1		503
R	WWBOTA	B/OK-1925		2024-10-01		CH2/245/E Polubný	OKBOTA		JO70QS	0	0	1		503
R	WWBOTA	B/OK-1926		2024-10-01		CH2/246/A-120Z Polubný	OKBOTA		JO70QS	0	0	1		503
R	WWBOTA	B/OK-1927		2024-10-01		CH2/247/A-160 Polubný	OKBOTA		JO70QS	0	0	1		503
R	WWBOTA	B/OK-1928		2024-10-01		CH2/248/A-120Z Polubný	OKBOTA		JO70QR	0	0	1		503
R	WWBOTA	B/OK-1929		2024-10-01		CH2/249/A-180 Polubný	OKBOTA		JO70QR	0	0	1		503
R	WWBOTA	B/OK-1930		2024-10-01		CH2/250/C2 Polubný	OKBOTA		JO70QR	0	0	1		503
R	WWBOTA	B/OK-1931		2024-10-01		CH2/33/A-140 Polubný	OKBOTA		JO70QS	0	0	1		503
R	WWBOTA	B/OK-1932		2024-10-01		CH2/34/A-140 Polubný	OKBOTA		JO70QS	0	0	1		503
R	WWBOTA	B/OK-1933		2024-10-01		CH2/35/A-180 Polubný	OKBOTA		JO70QS	0	0	1		503
R	WWBOTA	B/OK-1934		2024-10-01		CH2/36/A-160 Polubný	OKBOTA		JO70QS	0	0	1		503
R	WWBOTA	B/OK-1935		2024-10-01		CH2/37/A-140 Polubný	OKBOTA		JO70QS	0	0	1		503
R	WWBOTA	B/OK-1936		2024-10-01		CH2/38/A-200 Polubný	OKBOTA		JO70QS	0	0	1		503
R	WWBOTA	B/OK-1937		2024-10-01		CH2/39/A-120 Polubný	OKBOTA		JO70QS	0	0	1		503
R	WWBOTA	B/OK-1938		2024-10-01		CH2/40/A-140 Polubný	OKBOTA		JO70QS	0	0	1		503
R	WWBOTA	B/OK-1939		2024-10-01		CH2/41/A-140 Polubný	OKBOTA		JO70QS	0	0	1		503
R	WWBOTA	B/OK-1940		2024-10-01		CH2/42/D2 Polubný	OKBOTA		JO70QS	0	0	1		503
R	WWBOTA	B/OK-1941		2024-10-01		CH2/43/D1 Polubný	OKBOTA		JO70QS	0	0	1		503
R	WWBOTA	B/OK-1942		2024-10-01		CH2/44/A-140Z Polubný	OKBOTA		JO70QS	0	0	1		503
R	WWBOTA	B/OK-1943		2024-10-01		CH2/45/A-160 Polubný	OKBOTA		JO70QS	0	0	1		503
R	WWBOTA	B/OK-1944		2024-10-01		CH2/46/A-200Z Polubný	OKBOTA		JO70QS	0	0	1		503
R	WWBOTA	B/OK-1945		2024-10-01		CH2/47/A-180 Polubný	OKBOTA		JO70QS	0	0	1		503
R	WWBOTA	B/OK-1946		2024-10-01		CH2/48/A-160 Polubný	OKBOTA		JO70QS	0	0	1		503
R	WWBOTA	B/OK-1947		2024-10-01		CH2/49/A-120 Polubný	OKBOTA		JO70QS	0	0	1		503
R	WWBOTA	B/OK-1948		2024-10-01		CH2/50/B1-100 Polubný	OKBOTA		JO70QS	0	0	1		503
R	WWBOTA	B/OK-1949		2024-10-01		CH2/51/A-140 Polubný	OKBOTA		JO70QS	0	0	1		503
R	WWBOTA	B/OK-1950		2024-10-01		CH2/52/A-160Z Polubný	OKBOTA		JO70QS	0	0	1		503
R	WWBOTA	B/OK-1951		2024-10-01		CH2/53/A-160 Polubný	OKBOTA		JO70QS	0	0	1		503
R	WWBOTA	B/OK-1952		2024-10-01		CH2/54/A-140Z Polubný	OKBOTA		JO70QS	0	0	1		503
R	WWBOTA	B/OK-1953		2024-10-01		CH2/55/D2 Polubný	OKBOTA		JO70QS	0	0	1		503
R	WWBOTA	B/OK-1954		2024-10-01		CH2/56/D1 Polubný	OKBOTA		JO70QS	0	0	1		503
R	WWBOTA	B/OK-1955		2024-10-01		CH2/57/E Polubný	OKBOTA		JO70QS	0	0	1		503
R	WWBOTA	B/OK-1956		2024-10-01		CH2/58/A-180 Polubný	OKBOTA		JO70QS	0	0	1		503
R	WWBOTA	B/OK-1957		2024-10-01		CH3/10/A-160 Jizerka	OKBOTA		JO70QT	0	0	1		503
R	WWBOTA	B/OK-1958		2024-10-01		CH3/11/A-160 Jizerka	OKBOTA		JO70QT	0	0	1		503
R	WWBOTA	B/OK-1959		2024-10-01		CH3/12/A-160 Jizerka	OKBOTA		JO70QT	0	0	1		503
R	WWBOTA	B/OK-1960		2024-10-01		CH3/13/A-160 Jizerka	OKBOTA		JO70QT	0	0	1		503
R	WWBOTA	B/OK-1961		2024-10-01		CH3/15/A-160 Jizerka	OKBOTA		JO70QT	0	0	1		503
R	WWBOTA	B/OK-1962		2024-10-01		J1/105/A-140 Jizerské hory	OKBOTA		JO70PU	0	0	1		503
R	WWBOTA	B/OK-1963		2024-10-01		J1/106/A-160 Jizerské hory	OKBOTA		JO70PU	0	0	1		503
R	WWBOTA	B/OK-1964		2024-10-01		J1/107/A-140 Jizerské hory	OKBOTA		JO70PU	0	0	1		503
R	WWBOTA	B/OK-1965		2024-10-01		J1/108/A-160 Jizerské hory	OKBOTA		JO70PU	0	0	1		503
R	WWBOTA	B/OK-1966		2024-10-01		J1/109/A-160 Jizerské hory	OKBOTA		JO70PU	0	0	1		503
R	WWBOTA	B/OK-1967		2024-10-01		J1/110/A-160 Jizerské hory	OKBOTA		JO70PU	0	0	1		503
R	WWBOTA	B/OK-1968		2024-10-01		J1/111/A-140 Jizerské hory	OKBOTA		JO70PU	0	0	1		503
R	WWBOTA	B/OK-1969		2024-10-01		J1/112/A-160 Jizerské hory	OKBOTA		JO70PU	0	0	1		503
R	WWBOTA	B/OK-1970		2024-10-01		J1/113/A-160 Jizerské hory	OKBOTA		JO70PU	0	0	1		503
R	WWBOTA	B/OK-1971		2024-10-01		J1/114/A-140 Jizerské hory	OKBOTA		JO70PU	0	0	1		503
R	WWBOTA	B/OK-1972		2024-10-01		J1/115/A-160 Jizerské hory	OKBOTA		JO70PU	0	0	1		503
R	WWBOTA	B/OK-1973		2024-10-01		J1/116/A-140 Jizerské hory	OKBOTA		JO70PU	0	0	1		503
R	WWBOTA	B/OK-1974		2024-10-01		J1/117/A-140 Jizerské hory	OKBOTA		JO70PU	0	0	1		503
R	WWBOTA	B/OK-1975		2024-10-01		J1/118/A-160 Jizerské hory	OKBOTA		JO70PU	0	0	1		503
R	WWBOTA	B/OK-1976		2024-10-01		J1/119/A-140 Jizerské hory	OKBOTA		JO70PU	0	0	1		503
R	WWBOTA	B/OK-1977		2024-10-01		J1/120/A-160 Jizerské hory	OKBOTA		JO70PU	0	0	1		503
R	WWBOTA	B/OK-1978		2024-10-01		J1/121/A-160 Jizerské hory	OKBOTA		JO70PU	0	0	1		503
R	WWBOTA	B/OK-1979		2024-10-01		J1/122/A-160 Jizerské hory	OKBOTA		JO70PU	0	0	1		503
R	WWBOTA	B/OK-1980		2024-10-01		J1/123/A-140 Jizerské hory	OKBOTA		JO70PU	0	0	1		503
R	WWBOTA	B/OK-1981		2024-10-01		J1/124/A-160 Jizerské hory	OKBOTA		JO70PU	0	0	1		503
R	WWBOTA	B/OK-1982		2024-10-01		J1/125/A-160 Jizerské hory	OKBOTA		JO70PU	0	0	1		503
R	WWBOTA	B/OK-1983		2024-10-01		J1/126/A-140 Jizerské hory	OKBOTA		JO70PU	0	0	1		503
R	WWBOTA	B/OK-1984		2024-10-01		J1/127/A-160 Jizerské hory	OKBOTA		JO70PU	0	0	1		503
R	WWBOTA	B/OK-1985		2024-10-01		J1/128/A-160 Jizerské hory	OKBOTA		JO70PU	0	0	1		503
R	WWBOTA	B/OK-1986		2024-10-01		J1/129/A-160 Jizerské hory	OKBOTA		JO70PU	0	0	1		503
R	WWBOTA	B/OK-1987		2024-10-01		J1/130/A-160 Jizerské hory	OKBOTA		JO70PU	0	0	1		503
R	WWBOTA	B/OK-1988		2024-10-01		J1/131/A-160 Jizerské hory	OKBOTA		JO70PU	0	0	1		503
R	WWBOTA	B/OK-1989		2024-10-01		J1/132/A-160 Jizerské hory	OKBOTA		JO70PT	0	0	1		503
R	WWBOTA	B/OK-1990		2024-10-01		J2/239/D1 Jizerské hory	OKBOTA		JO70NU	0	0	1		503
R	WWBOTA	B/OK-1991		2024-10-01		J2/240/A-140 Jizerské hory	OKBOTA		JO70NU	0	0	1		503
R	WWBOTA	B/OK-1992		2024-10-01		J2/57/A-140 Jizerské hory	OKBOTA		JO70NU	0	0	1		503
R	WWBOTA	B/OK-1993		2024-10-01		J2/58/A-140 Jizerské hory	OKBOTA		JO70NU	0	0	1		503
R	WWBOTA	B/OK-1994		2024-10-01		J2/59/A-180 Jizerské hory	OKBOTA		JO70NU	0	0	1		503
R	WWBOTA	B/OK-1995		2024-10-01		J2/1/A-160Z Raspenava (Oldřichov)	OKBOTA		JO70MU	0	0	1		503
R	WWBOTA	B/OK-1996		2024-10-01		J2/10/A-160 Raspenava (Oldřichov)	OKBOTA		JO70MU	0	0	1		503
R	WWBOTA	B/OK-1997		2024-10-01		J2/11/A-180 Raspenava (Oldřichov)	OKBOTA		JO70MU	0	0	1		503
R	WWBOTA	B/OK-1998		2024-10-01		J2/12/A-140 Raspenava (Oldřichov)	OKBOTA		JO70MU	0	0	1		503
R	WWBOTA	B/OK-1999		2024-10-01		J2/13/A-160 Raspenava (Oldřichov)	OKBOTA		JO70MU	0	0	1		503
R	WWBOTA	B/OK-2000		2024-10-01		J2/14/A-160 Raspenava (Oldřichov)	OKBOTA		JO70MU	0	0	1		503
R	WWBOTA	B/OK-2001		2024-10-01		J2/15/A-160 Raspenava (Oldřichov)	OKBOTA		JO70NU	0	0	1		503
R	WWBOTA	B/OK-2002		2024-10-01		J2/16/A-180 Raspenava (Oldřichov)	OKBOTA		JO70NU	0	0	1		503
R	WWBOTA	B/OK-2003		2024-10-01		J2/17/A-180 Raspenava (Oldřichov)	OKBOTA		JO70NV	0	0	1		503
R	WWBOTA	B/OK-2004		2024-10-01		J2/18/A-140 Raspenava (Oldřichov)	OKBOTA		JO70NU	0	0	1		503
R	WWBOTA	B/OK-2005		2024-10-01		J2/19/A-160 Raspenava (Oldřichov)	OKBOTA		JO70NU	0	0	1		503
R	WWBOTA	B/OK-2006		2024-10-01		J2/2/A-160Z Raspenava (Oldřichov)	OKBOTA		JO70MU	0	0	1		503
R	WWBOTA	B/OK-2007		2024-10-01		J2/20/A-140 Raspenava (Oldřichov)	OKBOTA		JO70NU	0	0	1		503
R	WWBOTA	B/OK-2008		2024-10-01		J2/201/A-160 Raspenava (Oldřichov)	OKBOTA		JO70MU	0	0	1		503
R	WWBOTA	B/OK-2009		2024-10-01		J2/202/A-160 Raspenava (Oldřichov)	OKBOTA		JO70MU	0	0	1		503
R	WWBOTA	B/OK-2010		2024-10-01		J2/203/A-140 Raspenava (Oldřichov)	OKBOTA		JO70MU	0	0	1		503
R	WWBOTA	B/OK-2011		2024-10-01		J2/204/A-140 Raspenava (Oldřichov)	OKBOTA		JO70MU	0	0	1		503
R	WWBOTA	B/OK-2012		2024-10-01		J2/205/A-160 Raspenava (Oldřichov)	OKBOTA		JO70MU	0	0	1		503
R	WWBOTA	B/OK-2013		2024-10-01		J2/206a/D2 Raspenava (Oldřichov)	OKBOTA		JO70MU	0	0	1		503
R	WWBOTA	B/OK-2014		2024-10-01		J2/206b/D1 Raspenava (Oldřichov)	OKBOTA		JO70MU	0	0	1		503
R	WWBOTA	B/OK-2015		2024-10-01		J2/207/A-140 Raspenava (Oldřichov)	OKBOTA		JO70MU	0	0	1		503
R	WWBOTA	B/OK-2016		2024-10-01		J2/208/A-160 Raspenava (Oldřichov)	OKBOTA		JO70MU	0	0	1		503
R	WWBOTA	B/OK-2017		2024-10-01		J2/209/A-120 Raspenava (Oldřichov)	OKBOTA		JO70MU	0	0	1		503
R	WWBOTA	B/OK-2018		2024-10-01		J2/21/A-180 Raspenava (Oldřichov)	OKBOTA		JO70NU	0	0	1		503
R	WWBOTA	B/OK-2019		2024-10-01		J2/22/A-140 Raspenava (Oldřichov)	OKBOTA		JO70NU	0	0	1		503
R	WWBOTA	B/OK-2020		2024-10-01		J2/220/D1 Raspenava (Oldřichov)	OKBOTA		JO70NU	0	0	1		503
R	WWBOTA	B/OK-2021		2024-10-01		J2/221/A-120 Raspenava (Oldřichov)	OKBOTA		JO70NU	0	0	1		503
R	WWBOTA	B/OK-2022		2024-10-01		J2/222/D2 Raspenava (Oldřichov)	OKBOTA		JO70NU	0	0	1		503
R	WWBOTA	B/OK-2023		2024-10-01		J2/223/D1 Raspenava (Oldřichov)	OKBOTA		JO70NU	0	0	1		503
R	WWBOTA	B/OK-2024		2024-10-01		J2/224/A-120 Raspenava (Oldřichov)	OKBOTA		JO70NU	0	0	1		503
R	WWBOTA	B/OK-2025		2024-10-01		J2/225/A-120 Raspenava (Oldřichov)	OKBOTA		JO70NU	0	0	1		503
R	WWBOTA	B/OK-2026		2024-10-01		J2/226/A-140 Raspenava (Oldřichov)	OKBOTA		JO70NU	0	0	1		503
R	WWBOTA	B/OK-2027		2024-10-01		J2/227/A-140 Raspenava (Oldřichov)	OKBOTA		JO70NU	0	0	1		503
R	WWBOTA	B/OK-2028		2024-10-01		J2/228/A-140 Raspenava (Oldřichov)	OKBOTA		JO70NU	0	0	1		503
R	WWBOTA	B/OK-2029		2024-10-01		J2/229/A-140 Raspenava (Oldřichov)	OKBOTA		JO70NU	0	0	1		503
R	WWBOTA	B/OK-2030		2024-10-01		J2/23/A-160 Raspenava (Oldřichov)	OKBOTA		JO70NU	0	0	1		503
R	WWBOTA	B/OK-2031		2024-10-01		J2/230/D2 Raspenava (Oldřichov)	OKBOTA		JO70NU	0	0	1		503
R	WWBOTA	B/OK-2032		2024-10-01		J2/24/A-140 Raspenava (Oldřichov)	OKBOTA		JO70NU	0	0	1		503
R	WWBOTA	B/OK-2033		2024-10-01		J2/25/A-200 Raspenava (Oldřichov)	OKBOTA		JO70NU	0	0	1		503
R	WWBOTA	B/OK-2034		2024-10-01		J2/26/A-160 Raspenava (Oldřichov)	OKBOTA		JO70NU	0	0	1		503
R	WWBOTA	B/OK-2035		2024-10-01		J2/27/A-140 Raspenava (Oldřichov)	OKBOTA		JO70NU	0	0	1		503
R	WWBOTA	B/OK-2036		2024-10-01		J2/28/D2 Raspenava (Oldřichov)	OKBOTA		JO70NU	0	0	1		503
R	WWBOTA	B/OK-2037		2024-10-01		J2/29/D1 Raspenava (Oldřichov)	OKBOTA		JO70NU	0	0	1		503
R	WWBOTA	B/OK-2038		2024-10-01		J2/3/A-160Z Raspenava (Oldřichov)	OKBOTA		JO70MU	0	0	1		503
R	WWBOTA	B/OK-2039		2024-10-01		J2/30/D1 Raspenava (Oldřichov)	OKBOTA		JO70NU	0	0	1		503
R	WWBOTA	B/OK-2040		2024-10-01		J2/31/D2 Raspenava (Oldřichov)	OKBOTA		JO70NU	0	0	1		503
R	WWBOTA	B/OK-2041		2024-10-01		J2/32/A-160 Raspenava (Oldřichov)	OKBOTA		JO70NU	0	0	1		503
R	WWBOTA	B/OK-2042		2024-10-01		J2/33/A-160 Raspenava (Oldřichov)	OKBOTA		JO70NU	0	0	1		503
R	WWBOTA	B/OK-2043		2024-10-01		J2/34a/D2 Raspenava (Oldřichov)	OKBOTA		JO70NU	0	0	1		503
R	WWBOTA	B/OK-2044		2024-10-01		J2/34b/D1 Raspenava (Oldřichov)	OKBOTA		JO70NU	0	0	1		503
R	WWBOTA	B/OK-2045		2024-10-01		J2/35a/D2 Raspenava (Oldřichov)	OKBOTA		JO70NU	0	0	1		503
R	WWBOTA	B/OK-2046		2024-10-01		J2/35b/D1 Raspenava (Oldřichov)	OKBOTA		JO70NU	0	0	1		503
R	WWBOTA	B/OK-2047		2024-10-01		J2/36/A-180 Raspenava (Oldřichov)	OKBOTA		JO70NU	0	0	1		503
R	WWBOTA	B/OK-2048		2024-10-01		J2/37/A-160 Raspenava (Oldřichov)	OKBOTA		JO70NU	0	0	1		503
R	WWBOTA	B/OK-2049		2024-10-01		J2/38/A-180 Raspenava (Oldřichov)	OKBOTA		JO70NU	0	0	1		503
R	WWBOTA	B/OK-2050		2024-10-01		J2/39/A-140 Raspenava (Oldřichov)	OKBOTA		JO70NU	0	0	1		503
R	WWBOTA	B/OK-2051		2024-10-01		J2/4/A-160 Raspenava (Oldřichov)	OKBOTA		JO70MU	0	0	1		503
R	WWBOTA	B/OK-2052		2024-10-01		J2/40/C1 Raspenava (Oldřichov)	OKBOTA		JO70NU	0	0	1		503
R	WWBOTA	B/OK-2053		2024-10-01		J2/41a/E Raspenava (Oldřichov)	OKBOTA		JO70NU	0	0	1		503
R	WWBOTA	B/OK-2054		2024-10-01		J2/41b/D1 Raspenava (Oldřichov)	OKBOTA		JO70NU	0	0	1		503
R	WWBOTA	B/OK-2055		2024-10-01		J2/42/A-140 Raspenava (Oldřichov)	OKBOTA		JO70NU	0	0	1		503
R	WWBOTA	B/OK-2056		2024-10-01		J2/43/A-140 Raspenava (Oldřichov)	OKBOTA		JO70NU	0	0	1		503
R	WWBOTA	B/OK-2057		2024-10-01		J2/44/A-140 Raspenava (Oldřichov)	OKBOTA		JO70NU	0	0	1		503
R	WWBOTA	B/OK-2058		2024-10-01		J2/5/A-160Z Raspenava (Oldřichov)	OKBOTA		JO70MU	0	0	1		503
R	WWBOTA	B/OK-2059		2024-10-01		J2/6/A-200 Raspenava (Oldřichov)	OKBOTA		JO70MU	0	0	1		503
R	WWBOTA	B/OK-2060		2024-10-01		J2/7/A-160 Raspenava (Oldřichov)	OKBOTA		JO70MU	0	0	1		503
R	WWBOTA	B/OK-2061		2024-10-01		J2/8/A-180 Raspenava (Oldřichov)	OKBOTA		JO70MU	0	0	1		503
R	WWBOTA	B/OK-2062		2024-10-01		J2/9/A-160 Raspenava (Oldřichov)	OKBOTA		JO70MU	0	0	1		503
R	WWBOTA	B/OK-2063		2024-10-01		K1/100/A-160Z Mníšek	OKBOTA		JO70MU	0	0	1		503
R	WWBOTA	B/OK-2064		2024-10-01		K1/101/A-160 Mníšek	OKBOTA		JO70MU	0	0	1		503
R	WWBOTA	B/OK-2065		2024-10-01		K1/105/A-180 Mníšek	OKBOTA		JO70MU	0	0	1		503
R	WWBOTA	B/OK-2066		2024-10-01		K1/106/A-180 Mníšek	OKBOTA		JO70MU	0	0	1		503
R	WWBOTA	B/OK-2067		2024-10-01		K1/107/A-160 Mníšek	OKBOTA		JO70MU	0	0	1		503
R	WWBOTA	B/OK-2068		2024-10-01		K1/108/A-160 Mníšek	OKBOTA		JO70MU	0	0	1		503
R	WWBOTA	B/OK-2069		2024-10-01		K1/109/A-160 Mníšek	OKBOTA		JO70MU	0	0	1		503
R	WWBOTA	B/OK-2070		2024-10-01		K1/110/A-160Z Mníšek	OKBOTA		JO70MU	0	0	1		503
R	WWBOTA	B/OK-2071		2024-10-01		K1/111/A-160 Mníšek	OKBOTA		JO70MU	0	0	1		503
R	WWBOTA	B/OK-2072		2024-10-01		K1/112/A-160 Mníšek	OKBOTA		JO70MU	0	0	1		503
R	WWBOTA	B/OK-2073		2024-10-01		K1/113/A-180 Mníšek	OKBOTA		JO70MU	0	0	1		503
R	WWBOTA	B/OK-2074		2024-10-01		K1/274/A-160 Mníšek	OKBOTA		JO70MT	0	0	1		503
R	WWBOTA	B/OK-2075		2024-10-01		K1/275/A-160 Mníšek	OKBOTA		JO70MT	0	0	1		503
R	WWBOTA	B/OK-2076		2024-10-01		K1/276/A-160Z Mníšek	OKBOTA		JO70MT	0	0	1		503
R	WWBOTA	B/OK-2077		2024-10-01		K1/277/A-160Z Mníšek	OKBOTA		JO70MT	0	0	1		503
R	WWBOTA	B/OK-2078		2024-10-01		K1/278/A-140Z Mníšek	OKBOTA		JO70MT	0	0	1		503
R	WWBOTA	B/OK-2079		2024-10-01		K1/279/E Mníšek	OKBOTA		JO70MT	0	0	1		503
R	WWBOTA	B/OK-2080		2024-10-01		K1/280/A-160Z Mníšek	OKBOTA		JO70MU	0	0	1		503
R	WWBOTA	B/OK-2081		2024-10-01		K1/281/A-120Z Mníšek	OKBOTA		JO70MU	0	0	1		503
R	WWBOTA	B/OK-2082		2024-10-01		K1/282/E Mníšek	OKBOTA		JO70MU	0	0	1		503
R	WWBOTA	B/OK-2083		2024-10-01		K1/283/A-140 Mníšek	OKBOTA		JO70MU	0	0	1		503
R	WWBOTA	B/OK-2084		2024-10-01		K1/284/A-200 Mníšek	OKBOTA		JO70MU	0	0	1		503
R	WWBOTA	B/OK-2085		2024-10-01		K1/285/A-140Z Mníšek	OKBOTA		JO70MU	0	0	1		503
R	WWBOTA	B/OK-2086		2024-10-01		K1/286/A-160 Mníšek	OKBOTA		JO70MU	0	0	1		503
R	WWBOTA	B/OK-2087		2024-10-01		K1/287/D2 Mníšek	OKBOTA		JO70MU	0	0	1		503
R	WWBOTA	B/OK-2088		2024-10-01		K1/288/D1 Mníšek	OKBOTA		JO70MU	0	0	1		503
R	WWBOTA	B/OK-2089		2024-10-01		K1/289/A-120 Mníšek	OKBOTA		JO70MU	0	0	1		503
R	WWBOTA	B/OK-2090		2024-10-01		K1/290/A-140 Mníšek	OKBOTA		JO70MU	0	0	1		503
R	WWBOTA	B/OK-2091		2024-10-01		K1/291/A-160 Mníšek	OKBOTA		JO70MU	0	0	1		503
R	WWBOTA	B/OK-2092		2024-10-01		K1/292/A-160 Mníšek	OKBOTA		JO70MU	0	0	1		503
R	WWBOTA	B/OK-2093		2024-10-01		K1/293/A-140 Mníšek	OKBOTA		JO70MU	0	0	1		503
R	WWBOTA	B/OK-2094		2024-10-01		K1/294/A-160 Mníšek	OKBOTA		JO70MU	0	0	1		503
R	WWBOTA	B/OK-2095		2024-10-01		K1/295/A-160 Mníšek	OKBOTA		JO70MU	0	0	1		503
R	WWBOTA	B/OK-2096		2024-10-01		K1/296/A-140 Mníšek	OKBOTA		JO70MU	0	0	1		503
R	WWBOTA	B/OK-2097		2024-10-01		K1/297/A-160 Mníšek	OKBOTA		JO70MU	0	0	1		503
R	WWBOTA	B/OK-2098		2024-10-01		K1/298/A-160 Mníšek	OKBOTA		JO70MU	0	0	1		503
R	WWBOTA	B/OK-2099		2024-10-01		K1/299/A-140 Mníšek	OKBOTA		JO70MU	0	0	1		503
R	WWBOTA	B/OK-2100		2024-10-01		K1/300/A-160 Mníšek	OKBOTA		JO70MU	0	0	1		503
R	WWBOTA	B/OK-2101		2024-10-01		K1/301/A-140 Mníšek	OKBOTA		JO70MU	0	0	1		503
R	WWBOTA	B/OK-2102		2024-10-01		K1/302/A-140 Mníšek	OKBOTA		JO70MU	0	0	1		503
R	WWBOTA	B/OK-2103		2024-10-01		K1/303/A-140 Mníšek	OKBOTA		JO70MU	0	0	1		503
R	WWBOTA	B/OK-2104		2024-10-01		K1/87/A-180 Mníšek	OKBOTA		JO70MT	0	0	1		503
R	WWBOTA	B/OK-2105		2024-10-01		K1/88/A-180 Mníšek	OKBOTA		JO70MT	0	0	1		503
R	WWBOTA	B/OK-2106		2024-10-01		K1/89/A-180Z Mníšek	OKBOTA		JO70MT	0	0	1		503
R	WWBOTA	B/OK-2107		2024-10-01		K1/90/A-140Z Mníšek	OKBOTA		JO70MT	0	0	1		503
R	WWBOTA	B/OK-2108		2024-10-01		K1/91/A-140Z Mníšek	OKBOTA		JO70MU	0	0	1		503
R	WWBOTA	B/OK-2109		2024-10-01		K1/92/A-120 Mníšek	OKBOTA		JO70MU	0	0	1		503
R	WWBOTA	B/OK-2110		2024-10-01		K1/93/A-180 Mníšek	OKBOTA		JO70MU	0	0	1		503
R	WWBOTA	B/OK-2111		2024-10-01		K1/94/A-140Z Mníšek	OKBOTA		JO70MU	0	0	1		503
R	WWBOTA	B/OK-2112		2024-10-01		K1/95/A-180Z Mníšek	OKBOTA		JO70MU	0	0	1		503
R	WWBOTA	B/OK-2113		2024-10-01		K1/96/A-140Z Mníšek	OKBOTA		JO70MU	0	0	1		503
R	WWBOTA	B/OK-2114		2024-10-01		K1/97/A-180Z Mníšek	OKBOTA		JO70MU	0	0	1		503
R	WWBOTA	B/OK-2115		2024-10-01		K1/98/A-140Z Mníšek	OKBOTA		JO70MU	0	0	1		503
R	WWBOTA	B/OK-2116		2024-10-01		K1/99/A-160 Mníšek	OKBOTA		JO70MU	0	0	1		503
R	WWBOTA	B/OK-2117		2024-10-01		K2/244/A-160 Chrastava	OKBOTA		JO70LT	0	0	1		503
R	WWBOTA	B/OK-2118		2024-10-01		K2/245/A-160 Chrastava	OKBOTA		JO70LT	0	0	1		503
R	WWBOTA	B/OK-2119		2024-10-01		K2/246/A-140 Chrastava	OKBOTA		JO70LT	0	0	1		503
R	WWBOTA	B/OK-2120		2024-10-01		K2/247/A-140Z Chrastava	OKBOTA		JO70LT	0	0	1		503
R	WWBOTA	B/OK-2121		2024-10-01		K2/248/A-140Z Chrastava	OKBOTA		JO70LT	0	0	1		503
R	WWBOTA	B/OK-2122		2024-10-01		K2/249/A-140Z Chrastava	OKBOTA		JO70LT	0	0	1		503
R	WWBOTA	B/OK-2123		2024-10-01		K2/250/A-140Z Chrastava	OKBOTA		JO70LT	0	0	1		503
R	WWBOTA	B/OK-2124		2024-10-01		K2/251/A-140Z Chrastava	OKBOTA		JO70LT	0	0	1		503
R	WWBOTA	B/OK-2125		2024-10-01		K2/252/A-140 Chrastava	OKBOTA		JO70LT	0	0	1		503
R	WWBOTA	B/OK-2126		2024-10-01		K2/253/A-160 Chrastava	OKBOTA		JO70LT	0	0	1		503
R	WWBOTA	B/OK-2127		2024-10-01		K2/254/A-160 Chrastava	OKBOTA		JO70LT	0	0	1		503
R	WWBOTA	B/OK-2128		2024-10-01		K2/255/A-140 Chrastava	OKBOTA		JO70LT	0	0	1		503
R	WWBOTA	B/OK-2129		2024-10-01		K2/256/A-120 Chrastava	OKBOTA		JO70MT	0	0	1		503
R	WWBOTA	B/OK-2130		2024-10-01		K2/257/A-160 Chrastava	OKBOTA		JO70MT	0	0	1		503
R	WWBOTA	B/OK-2131		2024-10-01		K2/258/A-160 Chrastava	OKBOTA		JO70MT	0	0	1		503
R	WWBOTA	B/OK-2132		2024-10-01		K2/259/A-120 Chrastava	OKBOTA		JO70MT	0	0	1		503
R	WWBOTA	B/OK-2133		2024-10-01		K2/260/A-160 Chrastava	OKBOTA		JO70MT	0	0	1		503
R	WWBOTA	B/OK-2134		2024-10-01		K2/261/A-140 Chrastava	OKBOTA		JO70MT	0	0	1		503
R	WWBOTA	B/OK-2135		2024-10-01		K2/262/A-120 Chrastava	OKBOTA		JO70MT	0	0	1		503
R	WWBOTA	B/OK-2136		2024-10-01		K2/263/A-120 Chrastava	OKBOTA		JO70MT	0	0	1		503
R	WWBOTA	B/OK-2137		2024-10-01		K2/264/A-160 Chrastava	OKBOTA		JO70MT	0	0	1		503
R	WWBOTA	B/OK-2138		2024-10-01		K2/265/A-140 Chrastava	OKBOTA		JO70MT	0	0	1		503
R	WWBOTA	B/OK-2139		2024-10-01		K2/266/A-140 Chrastava	OKBOTA		JO70MT	0	0	1		503
R	WWBOTA	B/OK-2140		2024-10-01		K2/267/A-140 Chrastava	OKBOTA		JO70MT	0	0	1		503
R	WWBOTA	B/OK-2141		2024-10-01		K2/268/A-140 Chrastava	OKBOTA		JO70MT	0	0	1		503
R	WWBOTA	B/OK-2142		2024-10-01		K2/269/A-160 Chrastava	OKBOTA		JO70MT	0	0	1		503
R	WWBOTA	B/OK-2143		2024-10-01		K2/270/B1-80Z Chrastava	OKBOTA		JO70MT	0	0	1		503
R	WWBOTA	B/OK-2144		2024-10-01		K2/271/A-140 Chrastava	OKBOTA		JO70MT	0	0	1		503
R	WWBOTA	B/OK-2145		2024-10-01		K2/272/A-140 Chrastava	OKBOTA		JO70MT	0	0	1		503
R	WWBOTA	B/OK-2146		2024-10-01		K2/273/A-140 Chrastava	OKBOTA		JO70MT	0	0	1		503
R	WWBOTA	B/OK-2147		2024-10-01		K2/48/A-140 Chrastava	OKBOTA		JO70LT	0	0	1		503
R	WWBOTA	B/OK-2148		2024-10-01		K2/49/A-180 Chrastava	OKBOTA		JO70LT	0	0	1		503
R	WWBOTA	B/OK-2149		2024-10-01		K2/50/A-180Z Chrastava	OKBOTA		JO70LT	0	0	1		503
R	WWBOTA	B/OK-2150		2024-10-01		K2/51/A-160 Chrastava	OKBOTA		JO70LT	0	0	1		503
R	WWBOTA	B/OK-2151		2024-10-01		K2/52/A-160Z Chrastava	OKBOTA		JO70LT	0	0	1		503
R	WWBOTA	B/OK-2152		2024-10-01		K2/53/A-160Z Chrastava	OKBOTA		JO70LT	0	0	1		503
R	WWBOTA	B/OK-2153		2024-10-01		K2/54/A-160Z Chrastava	OKBOTA		JO70LT	0	0	1		503
R	WWBOTA	B/OK-2154		2024-10-01		K2/55/A-180Z Chrastava	OKBOTA		JO70LT	0	0	1		503
R	WWBOTA	B/OK-2155		2024-10-01		K2/56/A-140Z Chrastava	OKBOTA		JO70LT	0	0	1		503
R	WWBOTA	B/OK-2156		2024-10-01		K2/57/A-140Z Chrastava	OKBOTA		JO70LT	0	0	1		503
R	WWBOTA	B/OK-2157		2024-10-01		K2/58/A-200 Chrastava	OKBOTA		JO70LT	0	0	1		503
R	WWBOTA	B/OK-2158		2024-10-01		K2/59/A-180 Chrastava	OKBOTA		JO70LT	0	0	1		503
R	WWBOTA	B/OK-2159		2024-10-01		K2/60/A-120 Chrastava	OKBOTA		JO70LT	0	0	1		503
R	WWBOTA	B/OK-2160		2024-10-01		K2/61/A-160 Chrastava	OKBOTA		JO70MT	0	0	1		503
R	WWBOTA	B/OK-2161		2024-10-01		K2/62/A-160 Chrastava	OKBOTA		JO70MT	0	0	1		503
R	WWBOTA	B/OK-2162		2024-10-01		K2/63/A-180 Chrastava	OKBOTA		JO70MT	0	0	1		503
R	WWBOTA	B/OK-2163		2024-10-01		K2/64/A-160 Chrastava	OKBOTA		JO70MT	0	0	1		503
R	WWBOTA	B/OK-2164		2024-10-01		K2/65/A-140 Chrastava	OKBOTA		JO70MT	0	0	1		503
R	WWBOTA	B/OK-2165		2024-10-01		K2/66/A-160 Chrastava	OKBOTA		JO70MT	0	0	1		503
R	WWBOTA	B/OK-2166		2024-10-01		K2/67/A-140 Chrastava	OKBOTA		JO70MT	0	0	1		503
R	WWBOTA	B/OK-2167		2024-10-01		K2/68/A-160 Chrastava	OKBOTA		JO70MT	0	0	1		503
R	WWBOTA	B/OK-2168		2024-10-01		K2/69/A-160 Chrastava	OKBOTA		JO70MT	0	0	1		503
R	WWBOTA	B/OK-2169		2024-10-01		K2/70/A-160 Chrastava	OKBOTA		JO70MT	0	0	1		503
R	WWBOTA	B/OK-2170		2024-10-01		K2/71/A-180 Chrastava	OKBOTA		JO70MT	0	0	1		503
R	WWBOTA	B/OK-2171		2024-10-01		K2/72/A-180 Chrastava	OKBOTA		JO70MT	0	0	1		503
R	WWBOTA	B/OK-2172		2024-10-01		K2/73/A-160 Chrastava	OKBOTA		JO70MT	0	0	1		503
R	WWBOTA	B/OK-2173		2024-10-01		K2/74/A-160 Chrastava	OKBOTA		JO70MT	0	0	1		503
R	WWBOTA	B/OK-2174		2024-10-01		K2/75/A-160 Chrastava	OKBOTA		JO70MT	0	0	1		503
R	WWBOTA	B/OK-2175		2024-10-01		K2/76/A-160 Chrastava	OKBOTA		JO70MT	0	0	1		503
R	WWBOTA	B/OK-2176		2024-10-01		K2/77/A-160 Chrastava	OKBOTA		JO70MT	0	0	1		503
R	WWBOTA	B/OK-2177		2024-10-01		K2/78/A-140Z Chrastava	OKBOTA		JO70MT	0	0	1		503
R	WWBOTA	B/OK-2178		2024-10-01		K2/79/A-160 Chrastava	OKBOTA		JO70MT	0	0	1		503
R	WWBOTA	B/OK-2179		2024-10-01		K2/80/A-160 Chrastava	OKBOTA		JO70MT	0	0	1		503
R	WWBOTA	B/OK-2180		2024-10-01		K1/81/A-160 Chrastava	OKBOTA		JO70MT	0	0	1		503
R	WWBOTA	B/OK-2181		2024-10-01		K1/82/A-160 Chrastava	OKBOTA		JO70MT	0	0	1		503
R	WWBOTA	B/OK-2182		2024-10-01		K1/83/A-120 Chrastava	OKBOTA		JO70MT	0	0	1		503
R	WWBOTA	B/OK-2183		2024-10-01		K1/84/A-160 Chrastava	OKBOTA		JO70MT	0	0	1		503
R	WWBOTA	B/OK-2184		2024-10-01		K1/85/A-160 Chrastava	OKBOTA		JO70MT	0	0	1		503
R	WWBOTA	B/OK-2185		2024-10-01		K1/86/A-160 Chrastava	OKBOTA		JO70MT	0	0	1		503
R	WWBOTA	B/OK-2186		2024-10-01		K3/13/A-140 Dlouhá hora	OKBOTA		JO70KT	0	0	1		503
R	WWBOTA	B/OK-2187		2024-10-01		K3/14/A-140 Dlouhá hora	OKBOTA		JO70KT	0	0	1		503
R	WWBOTA	B/OK-2188		2024-10-01		K3/15/A-140 Dlouhá hora	OKBOTA		JO70KT	0	0	1		503
R	WWBOTA	B/OK-2189		2024-10-01		K3/16/A-160 Dlouhá hora	OKBOTA		JO70KT	0	0	1		503
R	WWBOTA	B/OK-2190		2024-10-01		K3/17/A-160 Dlouhá hora	OKBOTA		JO70KT	0	0	1		503
R	WWBOTA	B/OK-2191		2024-10-01		K3/18/A-140 Dlouhá hora	OKBOTA		JO70KT	0	0	1		503
R	WWBOTA	B/OK-2192		2024-10-01		K3/19/A-140 Dlouhá hora	OKBOTA		JO70KT	0	0	1		503
R	WWBOTA	B/OK-2193		2024-10-01		K3/213/A-140 Dlouhá hora	OKBOTA		JO70KT	0	0	1		503
R	WWBOTA	B/OK-2194		2024-10-01		K3/214/A-140 Dlouhá hora	OKBOTA		JO70KT	0	0	1		503
R	WWBOTA	B/OK-2195		2024-10-01		K3/215/A-140 Dlouhá hora	OKBOTA		JO70KT	0	0	1		503
R	WWBOTA	B/OK-2196		2024-10-01		K3/216/A-160Z Dlouhá hora	OKBOTA		JO70KT	0	0	1		503
R	WWBOTA	B/OK-2197		2024-10-01		K3/217/A-140Z Dlouhá hora	OKBOTA		JO70KT	0	0	1		503
R	WWBOTA	B/OK-2198		2024-10-01		K3/218/A-120 Dlouhá hora	OKBOTA		JO70KT	0	0	1		503
R	WWBOTA	B/OK-2199		2024-10-01		K3/232/A-140 Dlouhá hora	OKBOTA		JO70LT	0	0	1		503
R	WWBOTA	B/OK-2200		2024-10-01		K3/234/A-140 Dlouhá hora	OKBOTA		JO70LT	0	0	1		503
R	WWBOTA	B/OK-2201		2024-10-01		K3/235/A-160 Dlouhá hora	OKBOTA		JO70LT	0	0	1		503
R	WWBOTA	B/OK-2202		2024-10-01		K3/236/A-140 Dlouhá hora	OKBOTA		JO70LT	0	0	1		503
R	WWBOTA	B/OK-2203		2024-10-01		K3/239/A-140 Dlouhá hora	OKBOTA		JO70LT	0	0	1		503
R	WWBOTA	B/OK-2204		2024-10-01		K3/240/A-140 Dlouhá hora	OKBOTA		JO70LT	0	0	1		503
R	WWBOTA	B/OK-2205		2024-10-01		K3/241/A-140Z Dlouhá hora	OKBOTA		JO70LT	0	0	1		503
R	WWBOTA	B/OK-2206		2024-10-01		K3/242/A-140 Dlouhá hora	OKBOTA		JO70LT	0	0	1		503
R	WWBOTA	B/OK-2207		2024-10-01		K3/243/A-140 Dlouhá hora	OKBOTA		JO70LT	0	0	1		503
R	WWBOTA	B/OK-2208		2024-10-01		K3/29/A-140 Dlouhá hora	OKBOTA		JO70LT	0	0	1		503
R	WWBOTA	B/OK-2209		2024-10-01		K3/30/A-160 Dlouhá hora	OKBOTA		JO70LT	0	0	1		503
R	WWBOTA	B/OK-2210		2024-10-01		K3/31/D1 Dlouhá hora	OKBOTA		JO70LT	0	0	1		503
R	WWBOTA	B/OK-2211		2024-10-01		K3/32/D2 Dlouhá hora	OKBOTA		JO70LT	0	0	1		503
R	WWBOTA	B/OK-2212		2024-10-01		K3/33/A-160 Dlouhá hora	OKBOTA		JO70LT	0	0	1		503
R	WWBOTA	B/OK-2213		2024-10-01		K3/34/A-160 Dlouhá hora	OKBOTA		JO70LT	0	0	1		503
R	WWBOTA	B/OK-2214		2024-10-01		K3/35/A-160 Dlouhá hora	OKBOTA		JO70LT	0	0	1		503
R	WWBOTA	B/OK-2215		2024-10-01		K3/36/A-160 Dlouhá hora	OKBOTA		JO70LT	0	0	1		503
R	WWBOTA	B/OK-2216		2024-10-01		K3/37/A-180 Dlouhá hora	OKBOTA		JO70LT	0	0	1		503
R	WWBOTA	B/OK-2217		2024-10-01		K3/38/A-140 Dlouhá hora	OKBOTA		JO70LT	0	0	1		503
R	WWBOTA	B/OK-2218		2024-10-01		K3/39/A-160 Dlouhá hora	OKBOTA		JO70LT	0	0	1		503
R	WWBOTA	B/OK-2219		2024-10-01		K3/40/A-160 Dlouhá hora	OKBOTA		JO70LT	0	0	1		503
R	WWBOTA	B/OK-2220		2024-10-01		K3/41/A-140Z Dlouhá hora	OKBOTA		JO70LT	0	0	1		503
R	WWBOTA	B/OK-2221		2024-10-01		K3/42/A-160Z Dlouhá hora	OKBOTA		JO70LT	0	0	1		503
R	WWBOTA	B/OK-2222		2024-10-01		K3/43/A-140 Dlouhá hora	OKBOTA		JO70LT	0	0	1		503
R	WWBOTA	B/OK-2223		2024-10-01		K3/44/A-140 Dlouhá hora	OKBOTA		JO70LT	0	0	1		503
R	WWBOTA	B/OK-2224		2024-10-01		K3/45/A-140 Dlouhá hora	OKBOTA		JO70LT	0	0	1		503
R	WWBOTA	B/OK-2225		2024-10-01		K3/46/A-120 Dlouhá hora	OKBOTA		JO70LT	0	0	1		503
R	WWBOTA	B/OK-2226		2024-10-01		K3/47/A-160 Dlouhá hora	OKBOTA		JO70LT	0	0	1		503
R	WWBOTA	B/OK-2227		2024-10-01		L1/252/A-200 Jítrava	OKBOTA		JO70KT	0	0	1		503
R	WWBOTA	B/OK-2228		2024-10-01		L1/253/A-160 Jítrava	OKBOTA		JO70KT	0	0	1		503
R	WWBOTA	B/OK-2229		2024-10-01		L1/254/A-160 Jítrava	OKBOTA		JO70KT	0	0	1		503
R	WWBOTA	B/OK-2230		2024-10-01		L1/255/A-140 Jítrava	OKBOTA		JO70KT	0	0	1		503
R	WWBOTA	B/OK-2231		2024-10-01		L1/256/A-120 Jítrava	OKBOTA		JO70KT	0	0	1		503
R	WWBOTA	B/OK-2232		2024-10-01		L1/257/A-120 Jítrava	OKBOTA		JO70KT	0	0	1		503
R	WWBOTA	B/OK-2233		2024-10-01		L1/258/A-180 Jítrava	OKBOTA		JO70KT	0	0	1		503
R	WWBOTA	B/OK-2234		2024-10-01		L1/259/A-140 Jítrava	OKBOTA		JO70KT	0	0	1		503
R	WWBOTA	B/OK-2235		2024-10-01		L1/260/A-140 Jítrava	OKBOTA		JO70KT	0	0	1		503
R	WWBOTA	B/OK-2236		2024-10-01		L1/261/A-140 Jítrava	OKBOTA		JO70KT	0	0	1		503
R	WWBOTA	B/OK-2237		2024-10-01		L1/262/A-160 Jítrava	OKBOTA		JO70KT	0	0	1		503
R	WWBOTA	B/OK-2238		2024-10-01		L1/263/A-160 Jítrava	OKBOTA		JO70KT	0	0	1		503
R	WWBOTA	B/OK-2239		2024-10-01		L1/264/A-140 Jítrava	OKBOTA		JO70KT	0	0	1		503
R	WWBOTA	B/OK-2240		2024-10-01		L1/265/A-160 Jítrava	OKBOTA		JO70KT	0	0	1		503
R	WWBOTA	B/OK-2241		2024-10-01		L1/266/A-120 Jítrava	OKBOTA		JO70KT	0	0	1		503
R	WWBOTA	B/OK-2242		2024-10-01		L1/267/A-160 Jítrava	OKBOTA		JO70KT	0	0	1		503
R	WWBOTA	B/OK-2243		2024-10-01		L1/268/A-140 Jítrava	OKBOTA		JO70KT	0	0	1		503
R	WWBOTA	B/OK-2244		2024-10-01		L1/269/A-200 Jítrava	OKBOTA		JO70KT	0	0	1		503
R	WWBOTA	B/OK-2245		2024-10-01		L1/270/A-120 Jítrava	OKBOTA		JO70KT	0	0	1		503
R	WWBOTA	B/OK-2246		2024-10-01		L1/271/A-120Z Jítrava	OKBOTA		JO70KT	0	0	1		503
R	WWBOTA	B/OK-2247		2024-10-01		L1/272/A-120 Jítrava	OKBOTA		JO70KT	0	0	1		503
R	WWBOTA	B/OK-2248		2024-10-01		L1/47/A-160 Jítrava	OKBOTA		JO70JT	0	0	1		503
R	WWBOTA	B/OK-2249		2024-10-01		L1/48/A-160 Jítrava	OKBOTA		JO70JT	0	0	1		503
R	WWBOTA	B/OK-2250		2024-10-01		L1/49/A-200 Jítrava	OKBOTA		JO70JT	0	0	1		503
R	WWBOTA	B/OK-2251		2024-10-01		L1/50/A-180Z Jítrava	OKBOTA		JO70KT	0	0	1		503
R	WWBOTA	B/OK-2252		2024-10-01		L1/51/A-160Z Jítrava	OKBOTA		JO70KT	0	0	1		503
R	WWBOTA	B/OK-2253		2024-10-01		L1/52/A-160Z Jítrava	OKBOTA		JO70KT	0	0	1		503
R	WWBOTA	B/OK-2254		2024-10-01		L1/53/A-160 Jítrava	OKBOTA		JO70KT	0	0	1		503
R	WWBOTA	B/OK-2255		2024-10-01		L1/54/D2 Jítrava	OKBOTA		JO70KT	0	0	1		503
R	WWBOTA	B/OK-2256		2024-10-01		L1/55/A-160 Jítrava	OKBOTA		JO70KT	0	0	1		503
R	WWBOTA	B/OK-2257		2024-10-01		L1/56/A-160 Jítrava	OKBOTA		JO70KT	0	0	1		503
R	WWBOTA	B/OK-2258		2024-10-01		L1/57/A-140 Jítrava	OKBOTA		JO70KT	0	0	1		503
R	WWBOTA	B/OK-2259		2024-10-01		L1/58/A-160 Jítrava	OKBOTA		JO70KT	0	0	1		503
R	WWBOTA	B/OK-2260		2024-10-01		L1/59/A-160 Jítrava	OKBOTA		JO70KT	0	0	1		503
R	WWBOTA	B/OK-2261		2024-10-01		L1/60/A-160 Jítrava	OKBOTA		JO70KT	0	0	1		503
R	WWBOTA	B/OK-2262		2024-10-01		L1/61/A-140 Jítrava	OKBOTA		JO70KT	0	0	1		503
R	WWBOTA	B/OK-2263		2024-10-01		L1/62/A-180 Jítrava	OKBOTA		JO70KT	0	0	1		503
R	WWBOTA	B/OK-2264		2024-10-01		L1/63/A-160 Jítrava	OKBOTA		JO70KT	0	0	1		503
R	WWBOTA	B/OK-2265		2024-10-01		L1/64/A-160 Jítrava	OKBOTA		JO70KT	0	0	1		503
R	WWBOTA	B/OK-2266		2024-10-01		L1/65/A-180 Jítrava	OKBOTA		JO70KT	0	0	1		503
R	WWBOTA	B/OK-2267		2024-10-01		L1/66/A-160 Jítrava	OKBOTA		JO70KT	0	0	1		503
R	WWBOTA	B/OK-2268		2024-10-01		L1/67/A-140 Jítrava	OKBOTA		JO70KT	0	0	1		503
R	WWBOTA	B/OK-2269		2024-10-01		L1/68/A-140Z Jítrava	OKBOTA		JO70KT	0	0	1		503
R	WWBOTA	B/OK-2270		2024-10-01		L1/69/A-180 Jítrava	OKBOTA		JO70KT	0	0	1		503
R	WWBOTA	B/OK-2271		2024-10-01		L1/70/A-160 Jítrava	OKBOTA		JO70KT	0	0	1		503
R	WWBOTA	B/OK-2272		2024-10-01		L2/18a/A-160 Petrovice	OKBOTA		JO70JT	0	0	1		503
R	WWBOTA	B/OK-2273		2024-10-01		L2/19/A-180 Petrovice	OKBOTA		JO70JT	0	0	1		503
R	WWBOTA	B/OK-2274		2024-10-01		L2/20/A-200Z Petrovice	OKBOTA		JO70JT	0	0	1		503
R	WWBOTA	B/OK-2275		2024-10-01		L2/21/A-160 Petrovice	OKBOTA		JO70JT	0	0	1		503
R	WWBOTA	B/OK-2276		2024-10-01		L2/22/A-160Z Petrovice	OKBOTA		JO70JT	0	0	1		503
R	WWBOTA	B/OK-2277		2024-10-01		L2/221/A-180 Petrovice	OKBOTA		JO70JT	0	0	1		503
R	WWBOTA	B/OK-2278		2024-10-01		L2/222/A-140Z Petrovice	OKBOTA		JO70JT	0	0	1		503
R	WWBOTA	B/OK-2279		2024-10-01		L2/223/A-160Z Petrovice	OKBOTA		JO70JT	0	0	1		503
R	WWBOTA	B/OK-2280		2024-10-01		L2/224/A-140Z Petrovice	OKBOTA		JO70JT	0	0	1		503
R	WWBOTA	B/OK-2281		2024-10-01		L2/225/A-120 Petrovice	OKBOTA		JO70JT	0	0	1		503
R	WWBOTA	B/OK-2282		2024-10-01		L2/226/D2 Petrovice	OKBOTA		JO70JT	0	0	1		503
R	WWBOTA	B/OK-2283		2024-10-01		L2/227/D1 Petrovice	OKBOTA		JO70JT	0	0	1		503
R	WWBOTA	B/OK-2284		2024-10-01		L2/228/D2 Petrovice	OKBOTA		JO70JT	0	0	1		503
R	WWBOTA	B/OK-2285		2024-10-01		L2/229/A-120 Petrovice	OKBOTA		JO70JT	0	0	1		503
R	WWBOTA	B/OK-2286		2024-10-01		L2/23/A-160Z Petrovice	OKBOTA		JO70JT	0	0	1		503
R	WWBOTA	B/OK-2287		2024-10-01		L2/230/A-160 Petrovice	OKBOTA		JO70JT	0	0	1		503
R	WWBOTA	B/OK-2288		2024-10-01		L2/231/A-120 Petrovice	OKBOTA		JO70JT	0	0	1		503
R	WWBOTA	B/OK-2289		2024-10-01		L2/232/A-160 Petrovice	OKBOTA		JO70JT	0	0	1		503
R	WWBOTA	B/OK-2290		2024-10-01		L2/233/A-120 Petrovice	OKBOTA		JO70JT	0	0	1		503
R	WWBOTA	B/OK-2291		2024-10-01		L2/234/A-180 Petrovice	OKBOTA		JO70JT	0	0	1		503
R	WWBOTA	B/OK-2292		2024-10-01		L2/235/A-160 Petrovice	OKBOTA		JO70JT	0	0	1		503
R	WWBOTA	B/OK-2293		2024-10-01		L2/236/A-160 Petrovice	OKBOTA		JO70JT	0	0	1		503
R	WWBOTA	B/OK-2294		2024-10-01		L2/237/A-120 Petrovice	OKBOTA		JO70JT	0	0	1		503
R	WWBOTA	B/OK-2295		2024-10-01		L2/238/A-140 Petrovice	OKBOTA		JO70JT	0	0	1		503
R	WWBOTA	B/OK-2296		2024-10-01		L2/239/A-120 Petrovice	OKBOTA		JO70JT	0	0	1		503
R	WWBOTA	B/OK-2297		2024-10-01		L2/24/A-160 Petrovice	OKBOTA		JO70JT	0	0	1		503
R	WWBOTA	B/OK-2298		2024-10-01		L2/240/A-160 Petrovice	OKBOTA		JO70JT	0	0	1		503
R	WWBOTA	B/OK-2299		2024-10-01		L2/241/A-160 Petrovice	OKBOTA		JO70JT	0	0	1		503
R	WWBOTA	B/OK-2300		2024-10-01		L2/242/A-140 Petrovice	OKBOTA		JO70JT	0	0	1		503
R	WWBOTA	B/OK-2301		2024-10-01		L2/243/A-120 Petrovice	OKBOTA		JO70JT	0	0	1		503
R	WWBOTA	B/OK-2302		2024-10-01		L2/244/A-160 Petrovice	OKBOTA		JO70JT	0	0	1		503
R	WWBOTA	B/OK-2303		2024-10-01		L2/245/A-120 Petrovice	OKBOTA		JO70JT	0	0	1		503
R	WWBOTA	B/OK-2304		2024-10-01		L2/246/A-160 Petrovice	OKBOTA		JO70JT	0	0	1		503
R	WWBOTA	B/OK-2305		2024-10-01		L2/247/A-140 Petrovice	OKBOTA		JO70JT	0	0	1		503
R	WWBOTA	B/OK-2306		2024-10-01		L2/248/A-140 Petrovice	OKBOTA		JO70JT	0	0	1		503
R	WWBOTA	B/OK-2307		2024-10-01		L2/249/A-140Z Petrovice	OKBOTA		JO70JT	0	0	1		503
R	WWBOTA	B/OK-2308		2024-10-01		L2/25/A-120 Petrovice	OKBOTA		JO70JT	0	0	1		503
R	WWBOTA	B/OK-2309		2024-10-01		L2/250/A-160 Petrovice	OKBOTA		JO70JT	0	0	1		503
R	WWBOTA	B/OK-2310		2024-10-01		L2/251/A-140 Petrovice	OKBOTA		JO70JT	0	0	1		503
R	WWBOTA	B/OK-2311		2024-10-01		L2/26/A-160 Petrovice	OKBOTA		JO70JT	0	0	1		503
R	WWBOTA	B/OK-2312		2024-10-01		L2/27/A-140 Petrovice	OKBOTA		JO70JT	0	0	1		503
R	WWBOTA	B/OK-2313		2024-10-01		L2/28/A-140 Petrovice	OKBOTA		JO70JT	0	0	1		503
R	WWBOTA	B/OK-2314		2024-10-01		L2/29/A-160 Petrovice	OKBOTA		JO70JT	0	0	1		503
R	WWBOTA	B/OK-2315		2024-10-01		L2/30/A-180 Petrovice	OKBOTA		JO70JT	0	0	1		503
R	WWBOTA	B/OK-2316		2024-10-01		L2/31/A-180 Petrovice	OKBOTA		JO70JT	0	0	1		503
R	WWBOTA	B/OK-2317		2024-10-01		L2/32/A-120 Petrovice	OKBOTA		JO70JT	0	0	1		503
R	WWBOTA	B/OK-2318		2024-10-01		L2/33/A-160 Petrovice	OKBOTA		JO70JT	0	0	1		503
R	WWBOTA	B/OK-2319		2024-10-01		L2/34/A-160 Petrovice	OKBOTA		JO70JT	0	0	1		503
R	WWBOTA	B/OK-2320		2024-10-01		L2/35/A-160 Petrovice	OKBOTA		JO70JT	0	0	1		503
R	WWBOTA	B/OK-2321		2024-10-01		L2/36/A-160 Petrovice	OKBOTA		JO70JT	0	0	1		503
R	WWBOTA	B/OK-2322		2024-10-01		L2/37/A-160 Petrovice	OKBOTA		JO70JT	0	0	1		503
R	WWBOTA	B/OK-2323		2024-10-01		L2/38/A-160 Petrovice	OKBOTA		JO70JT	0	0	1		503
R	WWBOTA	B/OK-2324		2024-10-01		L2/39/A-160 Petrovice	OKBOTA		JO70JT	0	0	1		503
R	WWBOTA	B/OK-2325		2024-10-01		L2/40/A-180 Petrovice	OKBOTA		JO70JT	0	0	1		503
R	WWBOTA	B/OK-2326		2024-10-01		L2/41/A-160 Petrovice	OKBOTA		JO70JT	0	0	1		503
R	WWBOTA	B/OK-2327		2024-10-01		L2/42/A-140 Petrovice	OKBOTA		JO70JT	0	0	1		503
R	WWBOTA	B/OK-2328		2024-10-01		L2/43/A-160 Petrovice	OKBOTA		JO70JT	0	0	1		503
R	WWBOTA	B/OK-2329		2024-10-01		L2/44/A-140 Petrovice	OKBOTA		JO70JT	0	0	1		503
R	WWBOTA	B/OK-2330		2024-10-01		L2/45/A-160 Petrovice	OKBOTA		JO70JT	0	0	1		503
R	WWBOTA	B/OK-2331		2024-10-01		L2/46/A-140 Petrovice	OKBOTA		JO70JT	0	0	1		503
R	WWBOTA	B/OK-2332		2024-10-01		L3/1/A-180 Heřmanice [v Podještědí]	OKBOTA		JO70IT	0	0	1		503
R	WWBOTA	B/OK-2333		2024-10-01		L3/10/A-160 Heřmanice [v Podještědí]	OKBOTA		JO70IT	0	0	1		503
R	WWBOTA	B/OK-2334		2024-10-01		L3/11/A-140 Heřmanice [v Podještědí]	OKBOTA		JO70IT	0	0	1		503
R	WWBOTA	B/OK-2335		2024-10-01		L3/12/A-120 Heřmanice [v Podještědí]	OKBOTA		JO70IT	0	0	1		503
R	WWBOTA	B/OK-2336		2024-10-01		L3/13/A-180 Heřmanice [v Podještědí]	OKBOTA		JO70IT	0	0	1		503
R	WWBOTA	B/OK-2337		2024-10-01		L3/14/A-160 Heřmanice [v Podještědí]	OKBOTA		JO70IT	0	0	1		503
R	WWBOTA	B/OK-2338		2024-10-01		L3/15/A-120 Heřmanice [v Podještědí]	OKBOTA		JO70IT	0	0	1		503
R	WWBOTA	B/OK-2339		2024-10-01		L3/16/A-220 Heřmanice [v Podještědí]	OKBOTA		JO70IT	0	0	1		503
R	WWBOTA	B/OK-2340		2024-10-01		L3/17/A-120 Heřmanice [v Podještědí]	OKBOTA		JO70JT	0	0	1		503
R	WWBOTA	B/OK-2341		2024-10-01		L3/18/A-140 Heřmanice [v Podještědí]	OKBOTA		JO70JT	0	0	1		503
R	WWBOTA	B/OK-2342		2024-10-01		L3/2/A-120 Heřmanice [v Podještědí]	OKBOTA		JO70IT	0	0	1		503
R	WWBOTA	B/OK-2343		2024-10-01		L3/201/A-140 Heřmanice [v Podještědí]	OKBOTA		JO70IT	0	0	1		503
R	WWBOTA	B/OK-2344		2024-10-01		L3/202/A-160 Heřmanice [v Podještědí]	OKBOTA		JO70IT	0	0	1		503
R	WWBOTA	B/OK-2345		2024-10-01		L3/203/A-120 Heřmanice [v Podještědí]	OKBOTA		JO70IT	0	0	1		503
R	WWBOTA	B/OK-2346		2024-10-01		L3/204/A-180 Heřmanice [v Podještědí]	OKBOTA		JO70IT	0	0	1		503
R	WWBOTA	B/OK-2347		2024-10-01		L3/205/A-140 Heřmanice [v Podještědí]	OKBOTA		JO70IT	0	0	1		503
R	WWBOTA	B/OK-2348		2024-10-01		L3/206/A-120 Heřmanice [v Podještědí]	OKBOTA		JO70IT	0	0	1		503
R	WWBOTA	B/OK-2349		2024-10-01		L3/207/A-140 Heřmanice [v Podještědí]	OKBOTA		JO70IT	0	0	1		503
R	WWBOTA	B/OK-2350		2024-10-01		L3/208/A-120 Heřmanice [v Podještědí]	OKBOTA		JO70IT	0	0	1		503
R	WWBOTA	B/OK-2351		2024-10-01		L3/209/A-140 Heřmanice [v Podještědí]	OKBOTA		JO70IT	0	0	1		503
R	WWBOTA	B/OK-2352		2024-10-01		L3/210/A-120 Heřmanice [v Podještědí]	OKBOTA		JO70IT	0	0	1		503
R	WWBOTA	B/OK-2353		2024-10-01		L3/211/A-140 Heřmanice [v Podještědí]	OKBOTA		JO70IT	0	0	1		503
R	WWBOTA	B/OK-2354		2024-10-01		L3/212/A-160 Heřmanice [v Podještědí]	OKBOTA		JO70IT	0	0	1		503
R	WWBOTA	B/OK-2355		2024-10-01		L3/213/A-160 Heřmanice [v Podještědí]	OKBOTA		JO70IT	0	0	1		503
R	WWBOTA	B/OK-2356		2024-10-01		L3/214/A-160 Heřmanice [v Podještědí]	OKBOTA		JO70IT	0	0	1		503
R	WWBOTA	B/OK-2357		2024-10-01		L3/215/A-140Z Heřmanice [v Podještědí]	OKBOTA		JO70IT	0	0	1		503
R	WWBOTA	B/OK-2358		2024-10-01		L3/216/A-180 Heřmanice [v Podještědí]	OKBOTA		JO70IT	0	0	1		503
R	WWBOTA	B/OK-2359		2024-10-01		L3/217/A-140 Heřmanice [v Podještědí]	OKBOTA		JO70IT	0	0	1		503
R	WWBOTA	B/OK-2360		2024-10-01		L3/218/A-160 Heřmanice [v Podještědí]	OKBOTA		JO70JT	0	0	1		503
R	WWBOTA	B/OK-2361		2024-10-01		L3/219/A-140 Heřmanice [v Podještědí]	OKBOTA		JO70JT	0	0	1		503
R	WWBOTA	B/OK-2362		2024-10-01		L3/220/A-120 Heřmanice [v Podještědí]	OKBOTA		JO70JT	0	0	1		503
R	WWBOTA	B/OK-2363		2024-10-01		L3/3/A-160 Heřmanice [v Podještědí]	OKBOTA		JO70IT	0	0	1		503
R	WWBOTA	B/OK-2364		2024-10-01		L3/4/A-200 Heřmanice [v Podještědí]	OKBOTA		JO70IT	0	0	1		503
R	WWBOTA	B/OK-2365		2024-10-01		L3/5/A-140 Heřmanice [v Podještědí]	OKBOTA		JO70IT	0	0	1		503
R	WWBOTA	B/OK-2366		2024-10-01		L3/6/D2 Heřmanice [v Podještědí]	OKBOTA		JO70IT	0	0	1		503
R	WWBOTA	B/OK-2367		2024-10-01		L3/7/D1 Heřmanice [v Podještědí]	OKBOTA		JO70IT	0	0	1		503
R	WWBOTA	B/OK-2368		2024-10-01		L3/8/A-140 Heřmanice [v Podještědí]	OKBOTA		JO70IT	0	0	1		503
R	WWBOTA	B/OK-2369		2024-10-01		L3/9/A-120 Heřmanice [v Podještědí]	OKBOTA		JO70IT	0	0	1		503
R	WWBOTA	B/OK-2370		2024-10-01		M1/229/A-120 Mařenice	OKBOTA		JO70HT	0	0	1		503
R	WWBOTA	B/OK-2371		2024-10-01		M1/230/A-140 Mařenice	OKBOTA		JO70HT	0	0	1		503
R	WWBOTA	B/OK-2372		2024-10-01		M1/231/A-120 Mařenice	OKBOTA		JO70HT	0	0	1		503
R	WWBOTA	B/OK-2373		2024-10-01		M1/232/A-140 Mařenice	OKBOTA		JO70HT	0	0	1		503
R	WWBOTA	B/OK-2374		2024-10-01		M1/233/A-140 Mařenice	OKBOTA		JO70IT	0	0	1		503
R	WWBOTA	B/OK-2375		2024-10-01		M1/234/A-180 Mařenice	OKBOTA		JO70IT	0	0	1		503
R	WWBOTA	B/OK-2376		2024-10-01		M1/235/A-120 Mařenice	OKBOTA		JO70IT	0	0	1		503
R	WWBOTA	B/OK-2377		2024-10-01		M1/235a/B2-100 Mařenice	OKBOTA		JO70IT	0	0	1		503
R	WWBOTA	B/OK-2378		2024-10-01		M1/236/A-160 Mařenice	OKBOTA		JO70IT	0	0	1		503
R	WWBOTA	B/OK-2379		2024-10-01		M1/237/A-140 Mařenice	OKBOTA		JO70IT	0	0	1		503
R	WWBOTA	B/OK-2380		2024-10-01		M1/238/A-180 Mařenice	OKBOTA		JO70IT	0	0	1		503
R	WWBOTA	B/OK-2381		2024-10-01		M1/239/A-160 Mařenice	OKBOTA		JO70IT	0	0	1		503
R	WWBOTA	B/OK-2382		2024-10-01		M1/240/A-120 Mařenice	OKBOTA		JO70IT	0	0	1		503
R	WWBOTA	B/OK-2383		2024-10-01		M1/241/A-120 Mařenice	OKBOTA		JO70IT	0	0	1		503
R	WWBOTA	B/OK-2384		2024-10-01		M1/242/A-120 Mařenice	OKBOTA		JO70IT	0	0	1		503
R	WWBOTA	B/OK-2385		2024-10-01		M1/243/A-180 Mařenice	OKBOTA		JO70IT	0	0	1		503
R	WWBOTA	B/OK-2386		2024-10-01		M1/244/A-160 Mařenice	OKBOTA		JO70IT	0	0	1		503
R	WWBOTA	B/OK-2387		2024-10-01		M1/245/B2-100 Mařenice	OKBOTA		JO70IT	0	0	1		503
R	WWBOTA	B/OK-2388		2024-10-01		M1/246/A-140 Mařenice	OKBOTA		JO70IT	0	0	1		503
R	WWBOTA	B/OK-2389		2024-10-01		M1/247/A-140 Mařenice	OKBOTA		JO70IT	0	0	1		503
R	WWBOTA	B/OK-2390		2024-10-01		M1/248/A-180 Mařenice	OKBOTA		JO70IT	0	0	1		503
R	WWBOTA	B/OK-2391		2024-10-01		M1/249/A-120 Mařenice	OKBOTA		JO70IT	0	0	1		503
R	WWBOTA	B/OK-2392		2024-10-01		M1/250/A-140 Mařenice	OKBOTA		JO70IT	0	0	1		503
R	WWBOTA	B/OK-2393		2024-10-01		M1/251/A-120 Mařenice	OKBOTA		JO70IT	0	0	1		503
R	WWBOTA	B/OK-2394		2024-10-01		M1/252/A-140 Mařenice	OKBOTA		JO70IT	0	0	1		503
R	WWBOTA	B/OK-2395		2024-10-01		M1/29/A-160 Mařenice	OKBOTA		JO70HT	0	0	1		503
R	WWBOTA	B/OK-2396		2024-10-01		M1/30/A-140 Mařenice	OKBOTA		JO70HT	0	0	1		503
R	WWBOTA	B/OK-2397		2024-10-01		M1/31/A-140 Mařenice	OKBOTA		JO70HT	0	0	1		503
R	WWBOTA	B/OK-2398		2024-10-01		M1/32/A-200 Mařenice	OKBOTA		JO70HT	0	0	1		503
R	WWBOTA	B/OK-2399		2024-10-01		M1/33/A-140Z Mařenice	OKBOTA		JO70IT	0	0	1		503
R	WWBOTA	B/OK-2400		2024-10-01		M1/34/A-140Z Mařenice	OKBOTA		JO70IT	0	0	1		503
R	WWBOTA	B/OK-2401		2024-10-01		M1/35/A-180 Mařenice	OKBOTA		JO70IT	0	0	1		503
R	WWBOTA	B/OK-2402		2024-10-01		M1/36/A-160 Mařenice	OKBOTA		JO70IT	0	0	1		503
R	WWBOTA	B/OK-2403		2024-10-01		M1/37/A-140 Mařenice	OKBOTA		JO70IT	0	0	1		503
R	WWBOTA	B/OK-2404		2024-10-01		M1/38/A-160 Mařenice	OKBOTA		JO70IT	0	0	1		503
R	WWBOTA	B/OK-2405		2024-10-01		M1/39/A-160Z Mařenice	OKBOTA		JO70IT	0	0	1		503
R	WWBOTA	B/OK-2406		2024-10-01		M1/40/A-140 Mařenice	OKBOTA		JO70IT	0	0	1		503
R	WWBOTA	B/OK-2407		2024-10-01		M1/41/A-120 Mařenice	OKBOTA		JO70IT	0	0	1		503
R	WWBOTA	B/OK-2408		2024-10-01		M1/42/A-180 Mařenice	OKBOTA		JO70IT	0	0	1		503
R	WWBOTA	B/OK-2409		2024-10-01		M1/43/A-140 Mařenice	OKBOTA		JO70IT	0	0	1		503
R	WWBOTA	B/OK-2410		2024-10-01		M1/44/A-140 Mařenice	OKBOTA		JO70IT	0	0	1		503
R	WWBOTA	B/OK-2411		2024-10-01		M1/45/A-200 Mařenice	OKBOTA		JO70IT	0	0	1		503
R	WWBOTA	B/OK-2412		2024-10-01		M1/46/A-140 Mařenice	OKBOTA		JO70IT	0	0	1		503
R	WWBOTA	B/OK-2413		2024-10-01		M1/47/A-160 Mařenice	OKBOTA		JO70IT	0	0	1		503
R	WWBOTA	B/OK-2414		2024-10-01		M1/48/A-140 Mařenice	OKBOTA		JO70IT	0	0	1		503
R	WWBOTA	B/OK-2415		2024-10-01		M2/1/A-180 Rousínov	OKBOTA		JO70HU	0	0	1		503
R	WWBOTA	B/OK-2416		2024-10-01		M2/10/A-140 Rousínov	OKBOTA		JO70HT	0	0	1		503
R	WWBOTA	B/OK-2417		2024-10-01		M2/11/A-160 Rousínov	OKBOTA		JO70HT	0	0	1		503
R	WWBOTA	B/OK-2418		2024-10-01		M2/12/A-160 Rousínov	OKBOTA		JO70HT	0	0	1		503
R	WWBOTA	B/OK-2419		2024-10-01		M2/13/A-160 Rousínov	OKBOTA		JO70HT	0	0	1		503
R	WWBOTA	B/OK-2420		2024-10-01		M2/14/A-160 Rousínov	OKBOTA		JO70HT	0	0	1		503
R	WWBOTA	B/OK-2421		2024-10-01		M2/15/A-120 Rousínov	OKBOTA		JO70HT	0	0	1		503
R	WWBOTA	B/OK-2422		2024-10-01		M2/16/A-180 Rousínov	OKBOTA		JO70HT	0	0	1		503
R	WWBOTA	B/OK-2423		2024-10-01		M2/17/A-180 Rousínov	OKBOTA		JO70HT	0	0	1		503
R	WWBOTA	B/OK-2424		2024-10-01		M2/18/A-120Z Rousínov	OKBOTA		JO70HT	0	0	1		503
R	WWBOTA	B/OK-2425		2024-10-01		M2/19/A-160 Rousínov	OKBOTA		JO70HT	0	0	1		503
R	WWBOTA	B/OK-2426		2024-10-01		M2/2/A-140 Rousínov	OKBOTA		JO70HU	0	0	1		503
R	WWBOTA	B/OK-2427		2024-10-01		M2/20/A-140 Rousínov	OKBOTA		JO70HT	0	0	1		503
R	WWBOTA	B/OK-2428		2024-10-01		M2/201/A-120 Rousínov	OKBOTA		JO70HU	0	0	1		503
R	WWBOTA	B/OK-2429		2024-10-01		M2/202/A-160 Rousínov	OKBOTA		JO70HU	0	0	1		503
R	WWBOTA	B/OK-2430		2024-10-01		M2/203/A-160 Rousínov	OKBOTA		JO70HU	0	0	1		503
R	WWBOTA	B/OK-2431		2024-10-01		M2/204/A-120 Rousínov	OKBOTA		JO70HT	0	0	1		503
R	WWBOTA	B/OK-2432		2024-10-01		M2/205/A-160 Rousínov	OKBOTA		JO70HU	0	0	1		503
R	WWBOTA	B/OK-2433		2024-10-01		M2/206/A-140 Rousínov	OKBOTA		JO70HU	0	0	1		503
R	WWBOTA	B/OK-2434		2024-10-01		M2/207/A-160 Rousínov	OKBOTA		JO70HT	0	0	1		503
R	WWBOTA	B/OK-2435		2024-10-01		M2/208/A-160 Rousínov	OKBOTA		JO70HT	0	0	1		503
R	WWBOTA	B/OK-2436		2024-10-01		M2/209/A-140 Rousínov	OKBOTA		JO70HT	0	0	1		503
R	WWBOTA	B/OK-2437		2024-10-01		M2/21/A-140 Rousínov	OKBOTA		JO70HT	0	0	1		503
R	WWBOTA	B/OK-2438		2024-10-01		M2/210/A-140 Rousínov	OKBOTA		JO70HT	0	0	1		503
R	WWBOTA	B/OK-2439		2024-10-01		M2/211/A-140 Rousínov	OKBOTA		JO70HT	0	0	1		503
R	WWBOTA	B/OK-2440		2024-10-01		M2/212/A-140 Rousínov	OKBOTA		JO70HT	0	0	1		503
R	WWBOTA	B/OK-2441		2024-10-01		M2/213/A-160 Rousínov	OKBOTA		JO70HT	0	0	1		503
R	WWBOTA	B/OK-2442		2024-10-01		M2/214/A-140 Rousínov	OKBOTA		JO70HT	0	0	1		503
R	WWBOTA	B/OK-2443		2024-10-01		M2/215/A-140 Rousínov	OKBOTA		JO70HT	0	0	1		503
R	WWBOTA	B/OK-2444		2024-10-01		M2/216/A-120 Rousínov	OKBOTA		JO70HT	0	0	1		503
R	WWBOTA	B/OK-2445		2024-10-01		M2/217/A-160 Rousínov	OKBOTA		JO70HT	0	0	1		503
R	WWBOTA	B/OK-2446		2024-10-01		M2/218/A-120 Rousínov	OKBOTA		JO70HT	0	0	1		503
R	WWBOTA	B/OK-2447		2024-10-01		M2/219/A-120 Rousínov	OKBOTA		JO70HT	0	0	1		503
R	WWBOTA	B/OK-2448		2024-10-01		M2/22/A-140 Rousínov	OKBOTA		JO70HT	0	0	1		503
R	WWBOTA	B/OK-2449		2024-10-01		M2/220/A-140 Rousínov	OKBOTA		JO70HT	0	0	1		503
R	WWBOTA	B/OK-2450		2024-10-01		M2/221/A-120 Rousínov	OKBOTA		JO70HT	0	0	1		503
R	WWBOTA	B/OK-2451		2024-10-01		M2/222/A-120 Rousínov	OKBOTA		JO70HT	0	0	1		503
R	WWBOTA	B/OK-2452		2024-10-01		M2/223/A-200 Rousínov	OKBOTA		JO70HT	0	0	1		503
R	WWBOTA	B/OK-2453		2024-10-01		M2/224/A-160 Rousínov	OKBOTA		JO70HT	0	0	1		503
R	WWBOTA	B/OK-2454		2024-10-01		M2/225/A-160 Rousínov	OKBOTA		JO70HT	0	0	1		503
R	WWBOTA	B/OK-2455		2024-10-01		M2/226/A-120 Rousínov	OKBOTA		JO70HT	0	0	1		503
R	WWBOTA	B/OK-2456		2024-10-01		M2/227/A-120 Rousínov	OKBOTA		JO70HT	0	0	1		503
R	WWBOTA	B/OK-2457		2024-10-01		M2/228/A-140 Rousínov	OKBOTA		JO70HT	0	0	1		503
R	WWBOTA	B/OK-2458		2024-10-01		M2/23/A-180 Rousínov	OKBOTA		JO70HT	0	0	1		503
R	WWBOTA	B/OK-2459		2024-10-01		M2/24/A-160 Rousínov	OKBOTA		JO70HT	0	0	1		503
R	WWBOTA	B/OK-2460		2024-10-01		M2/25/A-180Z Rousínov	OKBOTA		JO70HT	0	0	1		503
R	WWBOTA	B/OK-2461		2024-10-01		M2/26/A-160 Rousínov	OKBOTA		JO70HT	0	0	1		503
R	WWBOTA	B/OK-2462		2024-10-01		M2/27/A-160 Rousínov	OKBOTA		JO70HT	0	0	1		503
R	WWBOTA	B/OK-2463		2024-10-01		M2/28/A-140 Rousínov	OKBOTA		JO70HT	0	0	1		503
R	WWBOTA	B/OK-2464		2024-10-01		M2/3/A-120 Rousínov	OKBOTA		JO70HU	0	0	1		503
R	WWBOTA	B/OK-2465		2024-10-01		M2/4/A-180 Rousínov	OKBOTA		JO70HU	0	0	1		503
R	WWBOTA	B/OK-2466		2024-10-01		M2/5/A-160 Rousínov	OKBOTA		JO70HU	0	0	1		503
R	WWBOTA	B/OK-2467		2024-10-01		M2/6/A-160 Rousínov	OKBOTA		JO70HU	0	0	1		503
R	WWBOTA	B/OK-2468		2024-10-01		M2/7/A-160 Rousínov	OKBOTA		JO70HU	0	0	1		503
R	WWBOTA	B/OK-2469		2024-10-01		M2/8/A-160 Rousínov	OKBOTA		JO70HU	0	0	1		503
R	WWBOTA	B/OK-2470		2024-10-01		M2/9/A-180 Rousínov	OKBOTA		JO70HU	0	0	1		503
R	WWBOTA	B/OK-2471		2024-10-01		N1/1/A-140 Kaltenbach (Studený)	OKBOTA		JO70FU	0	0	1		503
R	WWBOTA	B/OK-2472		2024-10-01		N1/10/A-180Z Kaltenbach (Studený)	OKBOTA		JO70FU	0	0	1		503
R	WWBOTA	B/OK-2473		2024-10-01		N1/11/A-180 Kaltenbach (Studený)	OKBOTA		JO70FU	0	0	1		503
R	WWBOTA	B/OK-2474		2024-10-01		N1/12/A-160 Kaltenbach (Studený)	OKBOTA		JO70FU	0	0	1		503
R	WWBOTA	B/OK-2475		2024-10-01		N1/2/A-160 Kaltenbach (Studený)	OKBOTA		JO70FU	0	0	1		503
R	WWBOTA	B/OK-2476		2024-10-01		N1/206/E Kaltenbach (Studený)	OKBOTA		JO70FU	0	0	1		503
R	WWBOTA	B/OK-2477		2024-10-01		N1/231a/A-120 Kaltenbach (Studený)	OKBOTA		JO70FU	0	0	1		503
R	WWBOTA	B/OK-2478		2024-10-01		N1/232/A-140 Kaltenbach (Studený)	OKBOTA		JO70FT	0	0	1		503
R	WWBOTA	B/OK-2479		2024-10-01		N1/233/A-160 Kaltenbach (Studený)	OKBOTA		JO70FT	0	0	1		503
R	WWBOTA	B/OK-2480		2024-10-01		N1/234/A-120 Kaltenbach (Studený)	OKBOTA		JO70FT	0	0	1		503
R	WWBOTA	B/OK-2481		2024-10-01		N1/24/A-180 Kaltenbach (Studený)	OKBOTA		JO70FU	0	0	1		503
R	WWBOTA	B/OK-2482		2024-10-01		N1/241/A-140 Kaltenbach (Studený)	OKBOTA		JO70GU	0	0	1		503
R	WWBOTA	B/OK-2483		2024-10-01		N1/242/A-140 Kaltenbach (Studený)	OKBOTA		JO70GU	0	0	1		503
R	WWBOTA	B/OK-2484		2024-10-01		N1/243/A-160 Kaltenbach (Studený)	OKBOTA		JO70GU	0	0	1		503
R	WWBOTA	B/OK-2485		2024-10-01		N1/244/A-180 Kaltenbach (Studený)	OKBOTA		JO70GU	0	0	1		503
R	WWBOTA	B/OK-2486		2024-10-01		N1/245/A-120 Kaltenbach (Studený)	OKBOTA		JO70GU	0	0	1		503
R	WWBOTA	B/OK-2487		2024-10-01		N1/246/A-180 Kaltenbach (Studený)	OKBOTA		JO70GU	0	0	1		503
R	WWBOTA	B/OK-2488		2024-10-01		N1/247/A-140 Kaltenbach (Studený)	OKBOTA		JO70GU	0	0	1		503
R	WWBOTA	B/OK-2489		2024-10-01		N1/248/A-160 Kaltenbach (Studený)	OKBOTA		JO70GU	0	0	1		503
R	WWBOTA	B/OK-2490		2024-10-01		N1/25/A-160 Kaltenbach (Studený)	OKBOTA		JO70FU	0	0	1		503
R	WWBOTA	B/OK-2491		2024-10-01		N1/26/A-160 Kaltenbach (Studený)	OKBOTA		JO70FU	0	0	1		503
R	WWBOTA	B/OK-2492		2024-10-01		N1/260/A-120 Kaltenbach (Studený)	OKBOTA		JO70GU	0	0	1		503
R	WWBOTA	B/OK-2493		2024-10-01		N1/261/A-120 Kaltenbach (Studený)	OKBOTA		JO70GU	0	0	1		503
R	WWBOTA	B/OK-2494		2024-10-01		N1/262/A-160 Kaltenbach (Studený)	OKBOTA		JO70GU	0	0	1		503
R	WWBOTA	B/OK-2495		2024-10-01		N1/263/A-140 Kaltenbach (Studený)	OKBOTA		JO70GU	0	0	1		503
R	WWBOTA	B/OK-2496		2024-10-01		N1/264/A-140 Kaltenbach (Studený)	OKBOTA		JO70GU	0	0	1		503
R	WWBOTA	B/OK-2497		2024-10-01		N1/265/A-140 Kaltenbach (Studený)	OKBOTA		JO70GU	0	0	1		503
R	WWBOTA	B/OK-2498		2024-10-01		N1/266/A-140 Kaltenbach (Studený)	OKBOTA		JO70GU	0	0	1		503
R	WWBOTA	B/OK-2499		2024-10-01		N1/27/A-160 Kaltenbach (Studený)	OKBOTA		JO70FU	0	0	1		503
R	WWBOTA	B/OK-2500		2024-10-01		N1/28/A-140 Kaltenbach (Studený)	OKBOTA		JO70FU	0	0	1		503
R	WWBOTA	B/OK-2501		2024-10-01		N1/29/A-140 Kaltenbach (Studený)	OKBOTA		JO70FU	0	0	1		503
R	WWBOTA	B/OK-2502		2024-10-01		N1/3/A-140 Kaltenbach (Studený)	OKBOTA		JO70FU	0	0	1		503
R	WWBOTA	B/OK-2503		2024-10-01		N1/30/A-180 Kaltenbach (Studený)	OKBOTA		JO70FU	0	0	1		503
R	WWBOTA	B/OK-2504		2024-10-01		N1/31/A-160 Kaltenbach (Studený)	OKBOTA		JO70FU	0	0	1		503
R	WWBOTA	B/OK-2505		2024-10-01		N1/32/A-140 Kaltenbach (Studený)	OKBOTA		JO70FU	0	0	1		503
R	WWBOTA	B/OK-2506		2024-10-01		N1/33/A-140 Kaltenbach (Studený)	OKBOTA		JO70FU	0	0	1		503
R	WWBOTA	B/OK-2507		2024-10-01		N1/34/A-180 Kaltenbach (Studený)	OKBOTA		JO70GU	0	0	1		503
R	WWBOTA	B/OK-2508		2024-10-01		N1/35/A-140 Kaltenbach (Studený)	OKBOTA		JO70GU	0	0	1		503
R	WWBOTA	B/OK-2509		2024-10-01		N1/36/A-200 Kaltenbach (Studený)	OKBOTA		JO70GU	0	0	1		503
R	WWBOTA	B/OK-2510		2024-10-01		N1/37/A-120 Kaltenbach (Studený)	OKBOTA		JO70GU	0	0	1		503
R	WWBOTA	B/OK-2511		2024-10-01		N1/38/A-180 Kaltenbach (Studený)	OKBOTA		JO70GU	0	0	1		503
R	WWBOTA	B/OK-2512		2024-10-01		N1/39/A-140 Kaltenbach (Studený)	OKBOTA		JO70GU	0	0	1		503
R	WWBOTA	B/OK-2513		2024-10-01		N1/4/A-180 Kaltenbach (Studený)	OKBOTA		JO70FU	0	0	1		503
R	WWBOTA	B/OK-2514		2024-10-01		N1/40/A-180 Kaltenbach (Studený)	OKBOTA		JO70GU	0	0	1		503
R	WWBOTA	B/OK-2515		2024-10-01		N1/40a/A-160 Kaltenbach (Studený)	OKBOTA		JO70GU	0	0	1		503
R	WWBOTA	B/OK-2516		2024-10-01		N1/41/A-140 Kaltenbach (Studený)	OKBOTA		JO70GU	0	0	1		503
R	WWBOTA	B/OK-2517		2024-10-01		N1/41a/A-160 Kaltenbach (Studený)	OKBOTA		JO70GU	0	0	1		503
R	WWBOTA	B/OK-2518		2024-10-01		N1/42/A-200 Kaltenbach (Studený)	OKBOTA		JO70GU	0	0	1		503
R	WWBOTA	B/OK-2519		2024-10-01		N1/43/A-120 Kaltenbach (Studený)	OKBOTA		JO70GU	0	0	1		503
R	WWBOTA	B/OK-2520		2024-10-01		N1/44/A-160 Kaltenbach (Studený)	OKBOTA		JO70GU	0	0	1		503
R	WWBOTA	B/OK-2521		2024-10-01		N1/45/A-160 Kaltenbach (Studený)	OKBOTA		JO70GU	0	0	1		503
R	WWBOTA	B/OK-2522		2024-10-01		N1/46/A-160 Kaltenbach (Studený)	OKBOTA		JO70GU	0	0	1		503
R	WWBOTA	B/OK-2523		2024-10-01		N1/47/A-180 Kaltenbach (Studený)	OKBOTA		JO70GU	0	0	1		503
R	WWBOTA	B/OK-2524		2024-10-01		N1/48/A-180 Kaltenbach (Studený)	OKBOTA		JO70GU	0	0	1		503
R	WWBOTA	B/OK-2525		2024-10-01		N1/49/A-140 Kaltenbach (Studený)	OKBOTA		JO70GU	0	0	1		503
R	WWBOTA	B/OK-2526		2024-10-01		N1/5/A-140 Kaltenbach (Studený)	OKBOTA		JO70FU	0	0	1		503
R	WWBOTA	B/OK-2527		2024-10-01		N1/50/A-180 Kaltenbach (Studený)	OKBOTA		JO70GU	0	0	1		503
R	WWBOTA	B/OK-2528		2024-10-01		N1/51/A-120 Kaltenbach (Studený)	OKBOTA		JO70GU	0	0	1		503
R	WWBOTA	B/OK-2529		2024-10-01		N1/52/A-180 Kaltenbach (Studený)	OKBOTA		JO70GU	0	0	1		503
R	WWBOTA	B/OK-2530		2024-10-01		N1/53/A-200 Kaltenbach (Studený)	OKBOTA		JO70GU	0	0	1		503
R	WWBOTA	B/OK-2531		2024-10-01		N1/54/A-120 Kaltenbach (Studený)	OKBOTA		JO70GU	0	0	1		503
R	WWBOTA	B/OK-2532		2024-10-01		N1/55/A-160 Kaltenbach (Studený)	OKBOTA		JO70GU	0	0	1		503
R	WWBOTA	B/OK-2533		2024-10-01		N1/56/A-160 Kaltenbach (Studený)	OKBOTA		JO70GU	0	0	1		503
R	WWBOTA	B/OK-2534		2024-10-01		N1/57/A-140 Kaltenbach (Studený)	OKBOTA		JO70GU	0	0	1		503
R	WWBOTA	B/OK-2535		2024-10-01		N1/58/A-200 Kaltenbach (Studený)	OKBOTA		JO70GU	0	0	1		503
R	WWBOTA	B/OK-2536		2024-10-01		N1/59/A-160 Kaltenbach (Studený)	OKBOTA		JO70GU	0	0	1		503
R	WWBOTA	B/OK-2537		2024-10-01		N1/6/A-180 Kaltenbach (Studený)	OKBOTA		JO70FU	0	0	1		503
R	WWBOTA	B/OK-2538		2024-10-01		N1/60/A-120 Kaltenbach (Studený)	OKBOTA		JO70GU	0	0	1		503
R	WWBOTA	B/OK-2539		2024-10-01		N1/61/A-160 Kaltenbach (Studený)	OKBOTA		JO70GU	0	0	1		503
R	WWBOTA	B/OK-2540		2024-10-01		N1/62/A-140 Kaltenbach (Studený)	OKBOTA		JO70GU	0	0	1		503
R	WWBOTA	B/OK-2541		2024-10-01		N1/63/A-200 Kaltenbach (Studený)	OKBOTA		JO70GU	0	0	1		503
R	WWBOTA	B/OK-2542		2024-10-01		N1/64/A-160 Kaltenbach (Studený)	OKBOTA		JO70GU	0	0	1		503
R	WWBOTA	B/OK-2543		2024-10-01		N1/65/A-180 Kaltenbach (Studený)	OKBOTA		JO70HU	0	0	1		503
R	WWBOTA	B/OK-2544		2024-10-01		N1/66/A-140 Kaltenbach (Studený)	OKBOTA		JO70HU	0	0	1		503
R	WWBOTA	B/OK-2545		2024-10-01		N1/67/A-160 Kaltenbach (Studený)	OKBOTA		JO70HU	0	0	1		503
R	WWBOTA	B/OK-2546		2024-10-01		N1/7/A-180Z Kaltenbach (Studený)	OKBOTA		JO70FU	0	0	1		503
R	WWBOTA	B/OK-2547		2024-10-01		N1/8/A-160Z Kaltenbach (Studený)	OKBOTA		JO70FU	0	0	1		503
R	WWBOTA	B/OK-2548		2024-10-01		N1/9/A-140Z Kaltenbach (Studený)	OKBOTA		JO70FU	0	0	1		503
R	WWBOTA	B/OK-2549		2024-10-01		N2/18/D1 Všemily	OKBOTA		JO70EU	0	0	1		503
R	WWBOTA	B/OK-2550		2024-10-01		N2/19/D2 Všemily	OKBOTA		JO70EU	0	0	1		503
R	WWBOTA	B/OK-2551		2024-10-01		N2/20/A-120 Všemily	OKBOTA		JO70EU	0	0	1		503
R	WWBOTA	B/OK-2552		2024-10-01		N2/203/A-160 Všemily	OKBOTA		JO70EU	0	0	1		503
R	WWBOTA	B/OK-2553		2024-10-01		N2/204/A-120Z Všemily	OKBOTA		JO70EU	0	0	1		503
R	WWBOTA	B/OK-2554		2024-10-01		N2/205/A-120Z Všemily	OKBOTA		JO70ET	0	0	1		503
R	WWBOTA	B/OK-2555		2024-10-01		N2/206/A-140Z Všemily	OKBOTA		JO70ET	0	0	1		503
R	WWBOTA	B/OK-2556		2024-10-01		N2/207/A-120 Všemily	OKBOTA		JO70ET	0	0	1		503
R	WWBOTA	B/OK-2557		2024-10-01		N2/208/A-180 Všemily	OKBOTA		JO70ET	0	0	1		503
R	WWBOTA	B/OK-2558		2024-10-01		N2/209/A-120 Všemily	OKBOTA		JO70ET	0	0	1		503
R	WWBOTA	B/OK-2559		2024-10-01		N2/21/A-200 Všemily	OKBOTA		JO70EU	0	0	1		503
R	WWBOTA	B/OK-2560		2024-10-01		N2/22/A-120 Všemily	OKBOTA		JO70EU	0	0	1		503
R	WWBOTA	B/OK-2561		2024-10-01		N2/23/A-140 Všemily	OKBOTA		JO70EU	0	0	1		503
R	WWBOTA	B/OK-2562		2024-10-01		N2/24/A-140 Všemily	OKBOTA		JO70EU	0	0	1		503
R	WWBOTA	B/OK-2563		2024-10-01		N2/25/A-160 Všemily	OKBOTA		JO70EU	0	0	1		503
R	WWBOTA	B/OK-2564		2024-10-01		N2/26/E Všemily	OKBOTA		JO70EU	0	0	1		503
R	WWBOTA	B/OK-2565		2024-10-01		N2/27/A-160Z Všemily	OKBOTA		JO70EU	0	0	1		503
R	WWBOTA	B/OK-2566		2024-10-01		N2/28/A-120Z Všemily	OKBOTA		JO70EU	0	0	1		503
R	WWBOTA	B/OK-2567		2024-10-01		N2/29/A-160Z Všemily	OKBOTA		JO70EU	0	0	1		503
R	WWBOTA	B/OK-2568		2024-10-01		N2/30/A-140Z Všemily	OKBOTA		JO70EU	0	0	1		503
R	WWBOTA	B/OK-2569		2024-10-01		N2/31/A-140 Všemily	OKBOTA		JO70EU	0	0	1		503
R	WWBOTA	B/OK-2570		2024-10-01		N2/32/A-180 Všemily	OKBOTA		JO70EU	0	0	1		503
R	WWBOTA	B/OK-2571		2024-10-01		N2/33/A-180 Všemily	OKBOTA		JO70EU	0	0	1		503
R	WWBOTA	B/OK-2572		2024-10-01		N2/34/A-220 Všemily	OKBOTA		JO70EU	0	0	1		503
R	WWBOTA	B/OK-2573		2024-10-01		N2/35/B1-80 Všemily	OKBOTA		JO70ET	0	0	1		503
R	WWBOTA	B/OK-2574		2024-10-01		N2/36/A-180 Všemily	OKBOTA		JO70ET	0	0	1		503
R	WWBOTA	B/OK-2575		2024-10-01		N2/37/A-160Z Všemily	OKBOTA		JO70ET	0	0	1		503
R	WWBOTA	B/OK-2576		2024-10-01		N2/38/A-120 Všemily	OKBOTA		JO70ET	0	0	1		503
R	WWBOTA	B/OK-2577		2024-10-01		N2/39/A-120 Všemily	OKBOTA		JO70ET	0	0	1		503
R	WWBOTA	B/OK-2578		2024-10-01		N2/40/E Všemily	OKBOTA		JO70ET	0	0	1		503
R	WWBOTA	B/OK-2579		2024-10-01		N2/41/A-160 Všemily	OKBOTA		JO70EU	0	0	1		503
R	WWBOTA	B/OK-2580		2024-10-01		N2/42/A-120 Všemily	OKBOTA		JO70EU	0	0	1		503
R	WWBOTA	B/OK-2581		2024-10-01		N2/43/A-200 Všemily	OKBOTA		JO70EU	0	0	1		503
R	WWBOTA	B/OK-2582		2024-10-01		N2/44/E Všemily	OKBOTA		JO70EU	0	0	1		503
R	WWBOTA	B/OK-2583		2024-10-01		N2/45/E Všemily	OKBOTA		JO70EU	0	0	1		503
R	WWBOTA	B/OK-2584		2024-10-01		N2/46/D2 Všemily	OKBOTA		JO70EU	0	0	1		503
R	WWBOTA	B/OK-2585		2024-10-01		N2/47/D1 Všemily	OKBOTA		JO70EU	0	0	1		503
R	WWBOTA	B/OK-2586		2024-10-01		N2/48/A-160 Všemily	OKBOTA		JO70EU	0	0	1		503
R	WWBOTA	B/OK-2587		2024-10-01		N2/49/A-160 Všemily	OKBOTA		JO70EU	0	0	1		503
R	WWBOTA	B/OK-2588		2024-10-01		N2/50/A-160 Všemily	OKBOTA		JO70EU	0	0	1		503
R	WWBOTA	B/OK-2589		2024-10-01		N2/51/E Všemily	OKBOTA		JO70EU	0	0	1		503
R	WWBOTA	B/OK-2590		2024-10-01		N2/52/A-160 Všemily	OKBOTA		JO70EU	0	0	1		503
R	WWBOTA	B/OK-2591		2024-10-01		N2/53/A-160 Všemily	OKBOTA		JO70EU	0	0	1		503
R	WWBOTA	B/OK-2592		2024-10-01		N2/54/A-200 Všemily	OKBOTA		JO70EU	0	0	1		503
R	WWBOTA	B/OK-2593		2024-10-01		N2/55/A-120 Všemily	OKBOTA		JO70EU	0	0	1		503
R	WWBOTA	B/OK-2594		2024-10-01		N2/56/A-140 Všemily	OKBOTA		JO70EU	0	0	1		503
R	WWBOTA	B/OK-2595		2024-10-01		N2/57/A-120 Všemily	OKBOTA		JO70EU	0	0	1		503
R	WWBOTA	B/OK-2596		2024-10-01		N2/58/A-160Z Všemily	OKBOTA		JO70EU	0	0	1		503
R	WWBOTA	B/OK-2597		2024-10-01		N2/59/A-120Z Všemily	OKBOTA		JO70EU	0	0	1		503
R	WWBOTA	B/OK-2598		2024-10-01		N2/60/A-140 Všemily	OKBOTA		JO70EU	0	0	1		503
R	WWBOTA	B/OK-2599		2024-10-01		O1/1/A-160 Hřensko	OKBOTA		JO70CU	0	0	1		503
R	WWBOTA	B/OK-2600		2024-10-01		O1/10/A-180 Hřensko	OKBOTA		JO70CU	0	0	1		503
R	WWBOTA	B/OK-2601		2024-10-01		O1/11/A-160 Hřensko	OKBOTA		JO70CU	0	0	1		503
R	WWBOTA	B/OK-2602		2024-10-01		O1/12/A-160 Hřensko	OKBOTA		JO70CU	0	0	1		503
R	WWBOTA	B/OK-2603		2024-10-01		O1/13/A-160 Hřensko	OKBOTA		JO70CU	0	0	1		503
R	WWBOTA	B/OK-2604		2024-10-01		O1/14/E Hřensko	OKBOTA		JO70DU	0	0	1		503
R	WWBOTA	B/OK-2605		2024-10-01		O1/15/A-180 Hřensko	OKBOTA		JO70DU	0	0	1		503
R	WWBOTA	B/OK-2606		2024-10-01		O1/16/A-160 Hřensko	OKBOTA		JO70DU	0	0	1		503
R	WWBOTA	B/OK-2607		2024-10-01		O1/17/A-120 Hřensko	OKBOTA		JO70DU	0	0	1		503
R	WWBOTA	B/OK-2608		2024-10-01		O1/2/A-180 Hřensko	OKBOTA		JO70CU	0	0	1		503
R	WWBOTA	B/OK-2609		2024-10-01		O1/201/D1 Hřensko	OKBOTA		JO70CU	0	0	1		503
R	WWBOTA	B/OK-2610		2024-10-01		O1/202/D2 Hřensko	OKBOTA		JO70DU	0	0	1		503
R	WWBOTA	B/OK-2611		2024-10-01		O1/3/A-160 Hřensko	OKBOTA		JO70CU	0	0	1		503
R	WWBOTA	B/OK-2612		2024-10-01		O1/4/E Hřensko	OKBOTA		JO70CU	0	0	1		503
R	WWBOTA	B/OK-2613		2024-10-01		O1/5/A-140 Hřensko	OKBOTA		JO70CU	0	0	1		503
R	WWBOTA	B/OK-2614		2024-10-01		O1/6/A-200 Hřensko	OKBOTA		JO70CU	0	0	1		503
R	WWBOTA	B/OK-2615		2024-10-01		O1/7/A-140 Hřensko	OKBOTA		JO70CU	0	0	1		503
R	WWBOTA	B/OK-2616		2024-10-01		O1/8/A-140 Hřensko	OKBOTA		JO70CU	0	0	1		503
R	WWBOTA	B/OK-2617		2024-10-01		O1/9/A-180 Hřensko	OKBOTA		JO70CU	0	0	1		503
R	WWBOTA	B/OK-2618		2024-10-01		O2/61/A-140Z Děčín	OKBOTA		JO70CS	0	0	1		503
R	WWBOTA	B/OK-2619		2024-10-01		O2/63/A-160Z Děčín	OKBOTA		JO70CS	0	0	1		503
R	WWBOTA	B/OK-2620		2024-10-01		O2/64/A-200Z Děčín	OKBOTA		JO70CS	0	0	1		503
R	WWBOTA	B/OK-2621		2024-10-01		O2/65a/D2Z Děčín	OKBOTA		JO70CS	0	0	1		503
R	WWBOTA	B/OK-2622		2024-10-01		O2/65b/D1Z Děčín	OKBOTA		JO70CS	0	0	1		503
R	WWBOTA	B/OK-2623		2024-10-01		O2/68/A-180Z Děčín	OKBOTA		JO70CS	0	0	1		503
R	WWBOTA	B/OK-2624		2024-10-01		O2/70/A-140Z Děčín	OKBOTA		JO70CT	0	0	1		503
R	WWBOTA	B/OK-2625		2024-10-01		O2/72/A-160Z Děčín	OKBOTA		JO70CT	0	0	1		503
R	WWBOTA	B/OK-2626		2024-10-01		O3/10/A-180 Ústí nad Labem	OKBOTA		JO70BP	0	0	1		503
R	WWBOTA	B/OK-2627		2024-10-01		O3/11/A-160Z Ústí nad Labem	OKBOTA		JO70BP	0	0	1		503
R	WWBOTA	B/OK-2628		2024-10-01		O3/12/A-160Z Ústí nad Labem	OKBOTA		JO70BP	0	0	1		503
R	WWBOTA	B/OK-2629		2024-10-01		O3/13a/D1Z Ústí nad Labem	OKBOTA		JO70BP	0	0	1		503
R	WWBOTA	B/OK-2630		2024-10-01		O3/14/A-160Z Ústí nad Labem	OKBOTA		JO70BP	0	0	1		503
R	WWBOTA	B/OK-2631		2024-10-01		O3/15/A-160Z Ústí nad Labem	OKBOTA		JO70BQ	0	0	1		503
R	WWBOTA	B/OK-2632		2024-10-01		O3/16/A-160 Ústí nad Labem	OKBOTA		JO70BQ	0	0	1		503
R	WWBOTA	B/OK-2633		2024-10-01		O3/17/A-200 Ústí nad Labem	OKBOTA		JO70BQ	0	0	1		503
R	WWBOTA	B/OK-2634		2024-10-01		O3/18/A-220 Ústí nad Labem	OKBOTA		JO70BQ	0	0	1		503
R	WWBOTA	B/OK-2635		2024-10-01		O3/19/A-220 Ústí nad Labem	OKBOTA		JO70BQ	0	0	1		503
R	WWBOTA	B/OK-2636		2024-10-01		O3/20/A-200 Ústí nad Labem	OKBOTA		JO70BQ	0	0	1		503
R	WWBOTA	B/OK-2637		2024-10-01		O3/201/A-120 Ústí nad Labem	OKBOTA		JO70BQ	0	0	1		503
R	WWBOTA	B/OK-2638		2024-10-01		O3/202/A-140 Ústí nad Labem	OKBOTA		JO70BP	0	0	1		503
R	WWBOTA	B/OK-2639		2024-10-01		O3/203/A-160 Ústí nad Labem	OKBOTA		JO70BP	0	0	1		503
R	WWBOTA	B/OK-2640		2024-10-01		O3/204/A-160 Ústí nad Labem	OKBOTA		JO70BP	0	0	1		503
R	WWBOTA	B/OK-2641		2024-10-01		O3/205/A-140 Ústí nad Labem	OKBOTA		JO70CQ	0	0	1		503
R	WWBOTA	B/OK-2642		2024-10-01		O3/206/E Ústí nad Labem	OKBOTA		JO70CQ	0	0	1		503
R	WWBOTA	B/OK-2643		2024-10-01		O3/207/A-120 Ústí nad Labem	OKBOTA		JO70CQ	0	0	1		503
R	WWBOTA	B/OK-2644		2024-10-01		O3/21/A-160 Ústí nad Labem	OKBOTA		JO70BQ	0	0	1		503
R	WWBOTA	B/OK-2645		2024-10-01		O3/22/A-140Z Ústí nad Labem	OKBOTA		JO70BQ	0	0	1		503
R	WWBOTA	B/OK-2646		2024-10-01		O3/23/A-160Z Ústí nad Labem	OKBOTA		JO70BQ	0	0	1		503
R	WWBOTA	B/OK-2647		2024-10-01		O3/24/A-160Z Ústí nad Labem	OKBOTA		JO70BP	0	0	1		503
R	WWBOTA	B/OK-2648		2024-10-01		O3/25/A-140 Ústí nad Labem	OKBOTA		JO70BP	0	0	1		503
R	WWBOTA	B/OK-2649		2024-10-01		O3/26/A-140 Ústí nad Labem	OKBOTA		JO70BQ	0	0	1		503
R	WWBOTA	B/OK-2650		2024-10-01		O3/27/A-160Z Ústí nad Labem	OKBOTA		JO70BQ	0	0	1		503
R	WWBOTA	B/OK-2651		2024-10-01		O3/28/A-160Z Ústí nad Labem	OKBOTA		JO70CQ	0	0	1		503
R	WWBOTA	B/OK-2652		2024-10-01		P1/216/A-140 Mlazice	OKBOTA		JO70FJ	0	0	1		503
R	WWBOTA	B/OK-2653		2024-10-01		P1/221/A-180 Mlazice	OKBOTA		JO70FJ	0	0	1		503
R	WWBOTA	B/OK-2654		2024-10-01		P1/25/A-200Z Mlazice	OKBOTA		JO70FJ	0	0	1		503
R	WWBOTA	B/OK-2655		2024-10-01		P2/228/A-140 Tupadly	OKBOTA		JO70FK	0	0	1		503
R	WWBOTA	B/OK-2656		2024-10-01		P2/248/E1 Tupadly	OKBOTA		JO70FK	0	0	1		503
R	WWBOTA	B/OK-2657		2024-10-01		P2/64/A-160 Tupadly	OKBOTA		JO70FL	0	0	1		503
R	WWBOTA	B/OK-2658		2024-10-01		P2/65/A-160 Tupadly	OKBOTA		JO70FL	0	0	1		503
R	WWBOTA	B/OK-2659		2024-10-01		P2/66/A-160 Tupadly	OKBOTA		JO70FL	0	0	1		503
R	WWBOTA	B/OK-2660		2024-10-01		P2/67/A-160 Tupadly	OKBOTA		JO70FL	0	0	1		503
R	WWBOTA	B/OK-2661		2024-10-01		P2/68/A-160 Tupadly	OKBOTA		JO70FL	0	0	1		503
R	WWBOTA	B/OK-2662		2024-10-01		P2/69/A-140 Tupadly	OKBOTA		JO70FL	0	0	1		503
R	WWBOTA	B/OK-2663		2024-10-01		P2/70/A-160 Tupadly	OKBOTA		JO70FL	0	0	1		503
R	WWBOTA	B/OK-2664		2024-10-01		P3/249/A-140 Medonosy	OKBOTA		JO70FL	0	0	1		503
R	WWBOTA	B/OK-2665		2024-10-01		P3/250/A-120 Medonosy	OKBOTA		JO70FL	0	0	1		503
R	WWBOTA	B/OK-2666		2024-10-01		P3/251/A-160 Medonosy	OKBOTA		JO70FL	0	0	1		503
R	WWBOTA	B/OK-2667		2024-10-01		P3/71/A-160 Medonosy	OKBOTA		JO70FL	0	0	1		503
R	WWBOTA	B/OK-2668		2024-10-01		P3/72/A-160 Medonosy	OKBOTA		JO70FL	0	0	1		503
R	WWBOTA	B/OK-2669		2024-10-01		P3/73/A-180 Medonosy	OKBOTA		JO70FL	0	0	1		503
R	WWBOTA	B/OK-2670		2024-10-01		P3/74/A-140 Medonosy	OKBOTA		JO70FL	0	0	1		503
R	WWBOTA	B/OK-2671		2024-10-01		P3/75/A-160 Medonosy	OKBOTA		JO70FL	0	0	1		503
R	WWBOTA	B/OK-2672		2024-10-01		P3/76/A-140 Medonosy	OKBOTA		JO70FL	0	0	1		503
R	WWBOTA	B/OK-2673		2024-10-01		P3/77/A-140 Medonosy	OKBOTA		JO70FL	0	0	1		503
R	WWBOTA	B/OK-2674		2024-10-01		P3/78/D1 Medonosy	OKBOTA		JO70FL	0	0	1		503
R	WWBOTA	B/OK-2675		2024-10-01		P3/79/D2 Medonosy	OKBOTA		JO70FL	0	0	1		503
R	WWBOTA	B/OK-2676		2024-10-01		P3/81/A-120 Medonosy	OKBOTA		JO70FL	0	0	1		503
R	WWBOTA	B/OK-2677		2024-10-01		P3/82/B2-100 Medonosy	OKBOTA		JO70FL	0	0	1		503
R	WWBOTA	B/OK-2678		2024-10-01		P3/83/B1-100 Medonosy	OKBOTA		JO70FL	0	0	1		503
R	WWBOTA	B/OK-2679		2024-10-01		P3/84/A-140 Medonosy	OKBOTA		JO70GL	0	0	1		503
R	WWBOTA	B/OK-2680		2024-10-01		P3/85/A-160 Medonosy	OKBOTA		JO70GL	0	0	1		503
R	WWBOTA	B/OK-2681		2024-10-01		P3/86/A-160 Medonosy	OKBOTA		JO70GL	0	0	1		503
R	WWBOTA	B/OK-2682		2024-10-01		P3/87/E Medonosy	OKBOTA		JO70GL	0	0	1		503
R	WWBOTA	B/OK-2683		2024-10-01		P3/88/A-160 Medonosy	OKBOTA		JO70GL	0	0	1		503
R	WWBOTA	B/OK-2684		2024-10-01		Q1/1/D2 Vrchovany	OKBOTA		JO70GM	0	0	1		503
R	WWBOTA	B/OK-2685		2024-10-01		Q1/10/A-140Z Vrchovany	OKBOTA		JO70GM	0	0	1		503
R	WWBOTA	B/OK-2686		2024-10-01		Q1/11/A-180 Vrchovany	OKBOTA		JO70GM	0	0	1		503
R	WWBOTA	B/OK-2687		2024-10-01		Q1/12/A-160 Vrchovany	OKBOTA		JO70GN	0	0	1		503
R	WWBOTA	B/OK-2688		2024-10-01		Q1/13/A-140 Vrchovany	OKBOTA		JO70GN	0	0	1		503
R	WWBOTA	B/OK-2689		2024-10-01		Q1/14/A-160 Vrchovany	OKBOTA		JO70GN	0	0	1		503
R	WWBOTA	B/OK-2690		2024-10-01		Q1/15/A-140 Vrchovany	OKBOTA		JO70GN	0	0	1		503
R	WWBOTA	B/OK-2691		2024-10-01		Q1/16/A-180 Vrchovany	OKBOTA		JO70GN	0	0	1		503
R	WWBOTA	B/OK-2692		2024-10-01		Q1/17/A-180 Vrchovany	OKBOTA		JO70GN	0	0	1		503
R	WWBOTA	B/OK-2693		2024-10-01		Q1/18/A-160 Vrchovany	OKBOTA		JO70GN	0	0	1		503
R	WWBOTA	B/OK-2694		2024-10-01		Q1/2/D1 Vrchovany	OKBOTA		JO70GM	0	0	1		503
R	WWBOTA	B/OK-2695		2024-10-01		Q1/201/E Vrchovany	OKBOTA		JO70GM	0	0	1		503
R	WWBOTA	B/OK-2696		2024-10-01		Q1/202/A-140Z Vrchovany	OKBOTA		JO70GM	0	0	1		503
R	WWBOTA	B/OK-2697		2024-10-01		Q1/203/E Vrchovany	OKBOTA		JO70GM	0	0	1		503
R	WWBOTA	B/OK-2698		2024-10-01		Q1/204/A-140 Vrchovany	OKBOTA		JO70GM	0	0	1		503
R	WWBOTA	B/OK-2699		2024-10-01		Q1/205/A-140 Vrchovany	OKBOTA		JO70GM	0	0	1		503
R	WWBOTA	B/OK-2700		2024-10-01		Q1/206/E Vrchovany	OKBOTA		JO70GM	0	0	1		503
R	WWBOTA	B/OK-2701		2024-10-01		Q1/207/E1 Vrchovany	OKBOTA		JO70GM	0	0	1		503
R	WWBOTA	B/OK-2702		2024-10-01		Q1/208/A-140Z Vrchovany	OKBOTA		JO70GM	0	0	1		503
R	WWBOTA	B/OK-2703		2024-10-01		Q1/209/A-140 Vrchovany	OKBOTA		JO70GM	0	0	1		503
R	WWBOTA	B/OK-2704		2024-10-01		Q1/210/A-160 Vrchovany	OKBOTA		JO70GM	0	0	1		503
R	WWBOTA	B/OK-2705		2024-10-01		Q1/211/A-180 Vrchovany	OKBOTA		JO70GM	0	0	1		503
R	WWBOTA	B/OK-2706		2024-10-01		Q1/212/A-180 Vrchovany	OKBOTA		JO70GN	0	0	1		503
R	WWBOTA	B/OK-2707		2024-10-01		Q1/213/A-140 Vrchovany	OKBOTA		JO70GN	0	0	1		503
R	WWBOTA	B/OK-2708		2024-10-01		Q1/214/A-160 Vrchovany	OKBOTA		JO70GN	0	0	1		503
R	WWBOTA	B/OK-2709		2024-10-01		Q1/215/A-140 Vrchovany	OKBOTA		JO70GN	0	0	1		503
R	WWBOTA	B/OK-2710		2024-10-01		Q1/3/A-140Z Vrchovany	OKBOTA		JO70GM	0	0	1		503
R	WWBOTA	B/OK-2711		2024-10-01		Q1/4/D1 Vrchovany	OKBOTA		JO70GM	0	0	1		503
R	WWBOTA	B/OK-2712		2024-10-01		Q1/5/A-180 Vrchovany	OKBOTA		JO70GM	0	0	1		503
R	WWBOTA	B/OK-2713		2024-10-01		Q1/6/A-140Z Vrchovany	OKBOTA		JO70GM	0	0	1		503
R	WWBOTA	B/OK-2714		2024-10-01		Q1/7/A-160Z Vrchovany	OKBOTA		JO70GM	0	0	1		503
R	WWBOTA	B/OK-2715		2024-10-01		Q1/8/A-160Z Vrchovany	OKBOTA		JO70GM	0	0	1		503
R	WWBOTA	B/OK-2716		2024-10-01		Q1/9/A-160Z Vrchovany	OKBOTA		JO70GM	0	0	1		503
R	WWBOTA	B/OK-2717		2024-10-01		Q2/235/A-160 Jestřebí	OKBOTA		JO70GO	0	0	1		503
R	WWBOTA	B/OK-2718		2024-10-01		Q2/236/A-160 Jestřebí	OKBOTA		JO70GO	0	0	1		503
R	WWBOTA	B/OK-2719		2024-10-01		Q2/237/A-160 Jestřebí	OKBOTA		JO70GO	0	0	1		503
R	WWBOTA	B/OK-2720		2024-10-01		Q2/238/A-160Z Jestřebí	OKBOTA		JO70HO	0	0	1		503
R	WWBOTA	B/OK-2721		2024-10-01		Q2/240/A-140 Jestřebí	OKBOTA		JO70HO	0	0	1		503
R	WWBOTA	B/OK-2722		2024-10-01		Q2/242/A-160 Jestřebí	OKBOTA		JO70HO	0	0	1		503
R	WWBOTA	B/OK-2723		2024-10-01		Q2/243/A-140 Jestřebí	OKBOTA		JO70HO	0	0	1		503
R	WWBOTA	B/OK-2724		2024-10-01		Q2/37/A-160 Jestřebí	OKBOTA		JO70GO	0	0	1		503
R	WWBOTA	B/OK-2725		2024-10-01		Q2/38/A-120Z Jestřebí	OKBOTA		JO70GO	0	0	1		503
R	WWBOTA	B/OK-2726		2024-10-01		Q2/39/A-180 Jestřebí	OKBOTA		JO70GO	0	0	1		503
R	WWBOTA	B/OK-2727		2024-10-01		Q2/40/A-160 Jestřebí	OKBOTA		JO70GO	0	0	1		503
R	WWBOTA	B/OK-2728		2024-10-01		Q2/41/A-160 Jestřebí	OKBOTA		JO70GO	0	0	1		503
R	WWBOTA	B/OK-2729		2024-10-01		Q2/42/A-140 Jestřebí	OKBOTA		JO70GO	0	0	1		503
R	WWBOTA	B/OK-2730		2024-10-01		Q2/43/A-160Z Jestřebí	OKBOTA		JO70GO	0	0	1		503
R	WWBOTA	B/OK-2731		2024-10-01		Q2/44/A-160Z Jestřebí	OKBOTA		JO70HO	0	0	1		503
R	WWBOTA	B/OK-2732		2024-10-01		Q2/45/A-140Z Jestřebí	OKBOTA		JO70HO	0	0	1		503
R	WWBOTA	B/OK-2733		2024-10-01		Q2/46/A-160Z Jestřebí	OKBOTA		JO70HO	0	0	1		503
R	WWBOTA	B/OK-2734		2024-10-01		Q2/47/A-140 Jestřebí	OKBOTA		JO70HO	0	0	1		503
R	WWBOTA	B/OK-2735		2024-10-01		Q2/48/A-140Z Jestřebí	OKBOTA		JO70HO	0	0	1		503
R	WWBOTA	B/OK-2736		2024-10-01		Q2/49/A-160Z Jestřebí	OKBOTA		JO70HO	0	0	1		503
R	WWBOTA	B/OK-2737		2024-10-01		R1/10/A-140 Mimoň	OKBOTA		JO70IP	0	0	1		503
R	WWBOTA	B/OK-2738		2024-10-01		R1/11/A-140 Mimoň	OKBOTA		JO70IP	0	0	1		503
R	WWBOTA	B/OK-2739		2024-10-01		R1/12/A-180 Mimoň	OKBOTA		JO70IP	0	0	1		503
R	WWBOTA	B/OK-2740		2024-10-01		R1/13/A-140 Mimoň	OKBOTA		JO70IP	0	0	1		503
R	WWBOTA	B/OK-2741		2024-10-01		R1/14/A-140 Mimoň	OKBOTA		JO70IP	0	0	1		503
R	WWBOTA	B/OK-2742		2024-10-01		R1/15/A-160 Mimoň	OKBOTA		JO70IP	0	0	1		503
R	WWBOTA	B/OK-2743		2024-10-01		R1/16/A-160 Mimoň	OKBOTA		JO70IP	0	0	1		503
R	WWBOTA	B/OK-2744		2024-10-01		R1/17/A-160Z Mimoň	OKBOTA		JO70IP	0	0	1		503
R	WWBOTA	B/OK-2745		2024-10-01		R1/18/A-140Z Mimoň	OKBOTA		JO70IP	0	0	1		503
R	WWBOTA	B/OK-2746		2024-10-01		R1/19/A-180Z Mimoň	OKBOTA		JO70IP	0	0	1		503
R	WWBOTA	B/OK-2747		2024-10-01		R1/20/A-160Z Mimoň	OKBOTA		JO70IQ	0	0	1		503
R	WWBOTA	B/OK-2748		2024-10-01		R1/21/A-160Z Mimoň	OKBOTA		JO70IQ	0	0	1		503
R	WWBOTA	B/OK-2749		2024-10-01		R1/214/A-180 Mimoň	OKBOTA		JO70IP	0	0	1		503
R	WWBOTA	B/OK-2750		2024-10-01		R1/215/A-160 Mimoň	OKBOTA		JO70IP	0	0	1		503
R	WWBOTA	B/OK-2751		2024-10-01		R1/216/A-120 Mimoň	OKBOTA		JO70IP	0	0	1		503
R	WWBOTA	B/OK-2752		2024-10-01		R1/217/A-160 Mimoň	OKBOTA		JO70IP	0	0	1		503
R	WWBOTA	B/OK-2753		2024-10-01		R1/218/A-160 Mimoň	OKBOTA		JO70IP	0	0	1		503
R	WWBOTA	B/OK-2754		2024-10-01		R1/219/A-140 Mimoň	OKBOTA		JO70IP	0	0	1		503
R	WWBOTA	B/OK-2755		2024-10-01		R1/22/A-180Z Mimoň	OKBOTA		JO70IQ	0	0	1		503
R	WWBOTA	B/OK-2756		2024-10-01		R1/220/A-140 Mimoň	OKBOTA		JO70IP	0	0	1		503
R	WWBOTA	B/OK-2757		2024-10-01		R1/221/A-140 Mimoň	OKBOTA		JO70IP	0	0	1		503
R	WWBOTA	B/OK-2758		2024-10-01		R1/222/A-160Z Mimoň	OKBOTA		JO70IP	0	0	1		503
R	WWBOTA	B/OK-2759		2024-10-01		R1/223/A-140Z Mimoň	OKBOTA		JO70IQ	0	0	1		503
R	WWBOTA	B/OK-2760		2024-10-01		R1/224/A-180 Mimoň	OKBOTA		JO70IQ	0	0	1		503
R	WWBOTA	B/OK-2761		2024-10-01		R1/225/A-140Z Mimoň	OKBOTA		JO70IQ	0	0	1		503
R	WWBOTA	B/OK-2762		2024-10-01		R1/226/A-180 Mimoň	OKBOTA		JO70IQ	0	0	1		503
R	WWBOTA	B/OK-2763		2024-10-01		R1/227/A-160 Mimoň	OKBOTA		JO70IQ	0	0	1		503
R	WWBOTA	B/OK-2764		2024-10-01		R1/228/A-140 Mimoň	OKBOTA		JO70IQ	0	0	1		503
R	WWBOTA	B/OK-2765		2024-10-01		R1/229/A-160Z Mimoň	OKBOTA		JO70IQ	0	0	1		503
R	WWBOTA	B/OK-2766		2024-10-01		R1/23/A-160 Mimoň	OKBOTA		JO70IQ	0	0	1		503
R	WWBOTA	B/OK-2767		2024-10-01		R1/230/A-140Z Mimoň	OKBOTA		JO70IQ	0	0	1		503
R	WWBOTA	B/OK-2768		2024-10-01		R1/231/A-140Z Mimoň	OKBOTA		JO70IQ	0	0	1		503
R	WWBOTA	B/OK-2769		2024-10-01		R1/24/A-160Z Mimoň	OKBOTA		JO70IQ	0	0	1		503
R	WWBOTA	B/OK-2770		2024-10-01		R1/25/A-160Z Mimoň	OKBOTA		JO70IQ	0	0	1		503
R	WWBOTA	B/OK-2771		2024-10-01		R1/26/A-180 Mimoň	OKBOTA		JO70IQ	0	0	1		503
R	WWBOTA	B/OK-2772		2024-10-01		R1/27/A-160Z Mimoň	OKBOTA		JO70IQ	0	0	1		503
R	WWBOTA	B/OK-2773		2024-10-01		R1/28/A-160Z Mimoň	OKBOTA		JO70IQ	0	0	1		503
R	WWBOTA	B/OK-2774		2024-10-01		R1/29/A-160Z Mimoň	OKBOTA		JO70IQ	0	0	1		503
R	WWBOTA	B/OK-2775		2024-10-01		R1/30/A-160Z Mimoň	OKBOTA		JO70IQ	0	0	1		503
R	WWBOTA	B/OK-2776		2024-10-01		R1/8/A-160 Mimoň	OKBOTA		JO70IP	0	0	1		503
R	WWBOTA	B/OK-2777		2024-10-01		R1/9/A-160 Mimoň	OKBOTA		JO70IP	0	0	1		503
R	WWBOTA	B/OK-2778		2024-10-01		R2/232/E Ralsko	OKBOTA		JO70IQ	0	0	1		503
R	WWBOTA	B/OK-2779		2024-10-01		R2/233/A-140 Ralsko	OKBOTA		JO70IQ	0	0	1		503
R	WWBOTA	B/OK-2780		2024-10-01		R2/234/B2-90 Ralsko	OKBOTA		JO70IQ	0	0	1		503
R	WWBOTA	B/OK-2781		2024-10-01		R2/235/E Ralsko	OKBOTA		JO70IQ	0	0	1		503
R	WWBOTA	B/OK-2782		2024-10-01		R2/236/A-140 Ralsko	OKBOTA		JO70IQ	0	0	1		503
R	WWBOTA	B/OK-2783		2024-10-01		R2/237/A-160 Ralsko	OKBOTA		JO70IQ	0	0	1		503
R	WWBOTA	B/OK-2784		2024-10-01		R2/238/A-140 Ralsko	OKBOTA		JO70IQ	0	0	1		503
R	WWBOTA	B/OK-2785		2024-10-01		R2/239/A-160 Ralsko	OKBOTA		JO70IQ	0	0	1		503
R	WWBOTA	B/OK-2786		2024-10-01		R2/240/A-160 Ralsko	OKBOTA		JO70IQ	0	0	1		503
R	WWBOTA	B/OK-2787		2024-10-01		R2/241/A-180 Ralsko	OKBOTA		JO70JQ	0	0	1		503
R	WWBOTA	B/OK-2788		2024-10-01		R2/244/A-120 Ralsko	OKBOTA		JO70JQ	0	0	1		503
R	WWBOTA	B/OK-2789		2024-10-01		R2/245/A-120 Ralsko	OKBOTA		JO70JQ	0	0	1		503
R	WWBOTA	B/OK-2790		2024-10-01		R2/246/A-120 Ralsko	OKBOTA		JO70JQ	0	0	1		503
R	WWBOTA	B/OK-2791		2024-10-01		R2/31/A-120Z Ralsko	OKBOTA		JO70IQ	0	0	1		503
R	WWBOTA	B/OK-2792		2024-10-01		R2/32/A-180Z Ralsko	OKBOTA		JO70IQ	0	0	1		503
R	WWBOTA	B/OK-2793		2024-10-01		R2/33/A-160Z Ralsko	OKBOTA		JO70IQ	0	0	1		503
R	WWBOTA	B/OK-2794		2024-10-01		R2/34/A-180 Ralsko	OKBOTA		JO70IQ	0	0	1		503
R	WWBOTA	B/OK-2795		2024-10-01		R2/35/A-160 Ralsko	OKBOTA		JO70IQ	0	0	1		503
R	WWBOTA	B/OK-2796		2024-10-01		R2/36/A-180 Ralsko	OKBOTA		JO70IQ	0	0	1		503
R	WWBOTA	B/OK-2797		2024-10-01		R2/37/A-160 Ralsko	OKBOTA		JO70JQ	0	0	1		503
R	WWBOTA	B/OK-2798		2024-10-01		R2/38/A-140 Ralsko	OKBOTA		JO70JQ	0	0	1		503
R	WWBOTA	B/OK-2799		2024-10-01		R2/50/A-180 Ralsko	OKBOTA		JO70JQ	0	0	1		503
R	WWBOTA	B/OK-2800		2024-10-01		R2/51/A-160 Ralsko	OKBOTA		JO70JQ	0	0	1		503
R	WWBOTA	B/OK-2801		2024-10-01		R2/52/A-160 Ralsko	OKBOTA		JO70JQ	0	0	1		503
R	WWBOTA	B/OK-2802		2024-10-01		R2/53/A-120 Ralsko	OKBOTA		JO70JQ	0	0	1		503
R	WWBOTA	B/OK-2803		2024-10-01		R2/54/A-160 Ralsko	OKBOTA		JO70JQ	0	0	1		503
R	WWBOTA	B/OK-2804		2024-10-01		S1/1/A-180Z Stráž pod Ralskem	OKBOTA		JO70JQ	0	0	1		503
R	WWBOTA	B/OK-2805		2024-10-01		S1/10/A-160Z Stráž pod Ralskem	OKBOTA		JO70JR	0	0	1		503
R	WWBOTA	B/OK-2806		2024-10-01		S1/2/A-160Z Stráž pod Ralskem	OKBOTA		JO70JQ	0	0	1		503
R	WWBOTA	B/OK-2807		2024-10-01		S1/201/A-160Z Stráž pod Ralskem	OKBOTA		JO70JQ	0	0	1		503
R	WWBOTA	B/OK-2808		2024-10-01		S1/202/A-160 Stráž pod Ralskem	OKBOTA		JO70JQ	0	0	1		503
R	WWBOTA	B/OK-2809		2024-10-01		S1/203/A-160 Stráž pod Ralskem	OKBOTA		JO70JQ	0	0	1		503
R	WWBOTA	B/OK-2810		2024-10-01		S1/204/A-160Z Stráž pod Ralskem	OKBOTA		JO70JR	0	0	1		503
R	WWBOTA	B/OK-2811		2024-10-01		S1/205/A-140Z Stráž pod Ralskem	OKBOTA		JO70JR	0	0	1		503
R	WWBOTA	B/OK-2812		2024-10-01		S1/206/A-120 Stráž pod Ralskem	OKBOTA		JO70JR	0	0	1		503
R	WWBOTA	B/OK-2813		2024-10-01		S1/207/A-160 Stráž pod Ralskem	OKBOTA		JO70JR	0	0	1		503
R	WWBOTA	B/OK-2814		2024-10-01		S1/208/A-160Z Stráž pod Ralskem	OKBOTA		JO70JR	0	0	1		503
R	WWBOTA	B/OK-2815		2024-10-01		S1/209/E Stráž pod Ralskem	OKBOTA		JO70JR	0	0	1		503
R	WWBOTA	B/OK-2816		2024-10-01		S1/210/A-160Z Stráž pod Ralskem	OKBOTA		JO70JR	0	0	1		503
R	WWBOTA	B/OK-2817		2024-10-01		S1/211/A-180 Stráž pod Ralskem	OKBOTA		JO70JR	0	0	1		503
R	WWBOTA	B/OK-2818		2024-10-01		S1/212/D2 Stráž pod Ralskem	OKBOTA		JO70JR	0	0	1		503
R	WWBOTA	B/OK-2819		2024-10-01		S1/3/A-160Z Stráž pod Ralskem	OKBOTA		JO70JQ	0	0	1		503
R	WWBOTA	B/OK-2820		2024-10-01		S1/4/A-160Z Stráž pod Ralskem	OKBOTA		JO70JR	0	0	1		503
R	WWBOTA	B/OK-2821		2024-10-01		S1/5/A-160 Stráž pod Ralskem	OKBOTA		JO70JR	0	0	1		503
R	WWBOTA	B/OK-2822		2024-10-01		S1/6/A-140Z Stráž pod Ralskem	OKBOTA		JO70JR	0	0	1		503
R	WWBOTA	B/OK-2823		2024-10-01		S1/7/A-180Z Stráž pod Ralskem	OKBOTA		JO70JR	0	0	1		503
R	WWBOTA	B/OK-2824		2024-10-01		S1/8/A-160Z Stráž pod Ralskem	OKBOTA		JO70JR	0	0	1		503
R	WWBOTA	B/OK-2825		2024-10-01		S1/9/A-180Z Stráž pod Ralskem	OKBOTA		JO70JR	0	0	1		503
R	WWBOTA	B/OK-2826		2024-10-01		S2/241/A-140 Žibřidice	OKBOTA		JO70KS	0	0	1		503
R	WWBOTA	B/OK-2827		2024-10-01		S2/242/A-180 Žibřidice	OKBOTA		JO70KS	0	0	1		503
R	WWBOTA	B/OK-2828		2024-10-01		S2/243/A-120Z Žibřidice	OKBOTA		JO70KS	0	0	1		503
R	WWBOTA	B/OK-2829		2024-10-01		S2/47/A-160Z Žibřidice	OKBOTA		JO70KS	0	0	1		503
R	WWBOTA	B/OK-2830		2024-10-01		S2/48/A-140Z Žibřidice	OKBOTA		JO70KS	0	0	1		503
R	WWBOTA	B/OK-2831		2024-10-01		S2/49/A-160Z Žibřidice	OKBOTA		JO70KS	0	0	1		503
R	WWBOTA	B/OK-2832		2024-10-01		S2/50/B2-100Z Žibřidice	OKBOTA		JO70KS	0	0	1		503
R	WWBOTA	B/OK-2833		2024-10-01		S2/56/A-140 Žibřidice	OKBOTA		JO70KS	0	0	1		503
R	WWBOTA	B/OK-2834		2024-10-01		S2/57/A-160 Žibřidice	OKBOTA		JO70KS	0	0	1		503
R	WWBOTA	B/OK-2835		2024-10-01		S2/58/A-120 Žibřidice	OKBOTA		JO70KS	0	0	1		503
R	WWBOTA	B/OK-2836		2024-10-01		S2/59/A-180 Žibřidice	OKBOTA		JO70KS	0	0	1		503
R	WWBOTA	B/OK-2837		2024-10-01		S2/60/A-140 Žibřidice	OKBOTA		JO70KS	0	0	1		503
R	WWBOTA	B/OK-2838		2024-10-01		S2/61/B2-80 Žibřidice	OKBOTA		JO70KS	0	0	1		503
R	WWBOTA	B/OK-2839		2024-10-01		S2/62/B1-90 Žibřidice	OKBOTA		JO70KS	0	0	1		503
R	WWBOTA	B/OK-2840		2024-10-01		S2/64/A-140 Žibřidice	OKBOTA		JO70KT	0	0	1		503
R	WWBOTA	B/OK-2841		2024-10-01		S2/65/A-180 Žibřidice	OKBOTA		JO70KT	0	0	1		503
R	WWBOTA	B/OK-2842		2024-10-01		X/1/A-160 Sedloňov	OKBOTA		JO80EI	0	0	1		503
R	WWBOTA	B/OK-2843		2024-10-01		X/10/A-140 Sedloňov	OKBOTA		JO80EH	0	0	1		503
R	WWBOTA	B/OK-2844		2024-10-01		X/11/A-180 Sedloňov	OKBOTA		JO80EH	0	0	1		503
R	WWBOTA	B/OK-2845		2024-10-01		X/12/A-180 Sedloňov	OKBOTA		JO80EH	0	0	1		503
R	WWBOTA	B/OK-2846		2024-10-01		X/13/A-140 Sedloňov	OKBOTA		JO80EH	0	0	1		503
R	WWBOTA	B/OK-2847		2024-10-01		X/14/A-160 Sedloňov	OKBOTA		JO80EH	0	0	1		503
R	WWBOTA	B/OK-2848		2024-10-01		X/15/A-160 Sedloňov	OKBOTA		JO80EH	0	0	1		503
R	WWBOTA	B/OK-2849		2024-10-01		X/16/A-140 Sedloňov	OKBOTA		JO80EH	0	0	1		503
R	WWBOTA	B/OK-2850		2024-10-01		X/17/A-160 Sedloňov	OKBOTA		JO80EH	0	0	1		503
R	WWBOTA	B/OK-2851		2024-10-01		X/18/A-140 Sedloňov	OKBOTA		JO80EH	0	0	1		503
R	WWBOTA	B/OK-2852		2024-10-01		X/19/A-140Z Sedloňov	OKBOTA		JO80EH	0	0	1		503
R	WWBOTA	B/OK-2853		2024-10-01		X/2/A-160 Sedloňov	OKBOTA		JO80EI	0	0	1		503
R	WWBOTA	B/OK-2854		2024-10-01		X/20/A-160Z Sedloňov	OKBOTA		JO80EH	0	0	1		503
R	WWBOTA	B/OK-2855		2024-10-01		X/21/A-160Z Sedloňov	OKBOTA		JO80EH	0	0	1		503
R	WWBOTA	B/OK-2856		2024-10-01		X/219/A-140Z Sedloňov	OKBOTA		JO80EH	0	0	1		503
R	WWBOTA	B/OK-2857		2024-10-01		X/22/A-140Z Sedloňov	OKBOTA		JO80EH	0	0	1		503
R	WWBOTA	B/OK-2858		2024-10-01		X/220/E Sedloňov	OKBOTA		JO80EH	0	0	1		503
R	WWBOTA	B/OK-2859		2024-10-01		X/221/D1 Sedloňov	OKBOTA		JO80EH	0	0	1		503
R	WWBOTA	B/OK-2860		2024-10-01		X/222/A-160 Sedloňov	OKBOTA		JO80EH	0	0	1		503
R	WWBOTA	B/OK-2861		2024-10-01		X/223/EZ Sedloňov	OKBOTA		JO80EH	0	0	1		503
R	WWBOTA	B/OK-2862		2024-10-01		X/224/A-140Z Sedloňov	OKBOTA		JO80EH	0	0	1		503
R	WWBOTA	B/OK-2863		2024-10-01		X/23/A-160 Sedloňov	OKBOTA		JO80EH	0	0	1		503
R	WWBOTA	B/OK-2864		2024-10-01		X/24/D1Z Sedloňov	OKBOTA		JO80EH	0	0	1		503
R	WWBOTA	B/OK-2865		2024-10-01		X/25/D2Z Sedloňov	OKBOTA		JO80EH	0	0	1		503
R	WWBOTA	B/OK-2866		2024-10-01		X/26/B2-90Z Sedloňov	OKBOTA		JO80EH	0	0	1		503
R	WWBOTA	B/OK-2867		2024-10-01		X/27/A-140Z Sedloňov	OKBOTA		JO80EH	0	0	1		503
R	WWBOTA	B/OK-2868		2024-10-01		X/28/A-180 Sedloňov	OKBOTA		JO80EH	0	0	1		503
R	WWBOTA	B/OK-2869		2024-10-01		X/29/A-160 Sedloňov	OKBOTA		JO80EH	0	0	1		503
R	WWBOTA	B/OK-2870		2024-10-01		X/3/A-160 Sedloňov	OKBOTA		JO80EI	0	0	1		503
R	WWBOTA	B/OK-2871		2024-10-01		X/30/A-160 Sedloňov	OKBOTA		JO80EH	0	0	1		503
R	WWBOTA	B/OK-2872		2024-10-01		X/31/A-160 Sedloňov	OKBOTA		JO80EH	0	0	1		503
R	WWBOTA	B/OK-2873		2024-10-01		X/32/D1 Sedloňov	OKBOTA		JO80EH	0	0	1		503
R	WWBOTA	B/OK-2874		2024-10-01		X/33/A-140 Sedloňov	OKBOTA		JO80EH	0	0	1		503
R	WWBOTA	B/OK-2875		2024-10-01		X/34/A-180 Sedloňov	OKBOTA		JO80EH	0	0	1		503
R	WWBOTA	B/OK-2876		2024-10-01		X/4/A-180 Sedloňov	OKBOTA		JO80EI	0	0	1		503
R	WWBOTA	B/OK-2877		2024-10-01		X/41/A-140 Sedloňov	OKBOTA		JO80EH	0	0	1		503
R	WWBOTA	B/OK-2878		2024-10-01		X/5/A-160 Sedloňov	OKBOTA		JO80EI	0	0	1		503
R	WWBOTA	B/OK-2879		2024-10-01		X/6/A-120 Sedloňov	OKBOTA		JO80EI	0	0	1		503
R	WWBOTA	B/OK-2880		2024-10-01		X/7/A-140Z Sedloňov	OKBOTA		JO80EH	0	0	1		503
R	WWBOTA	B/OK-2881		2024-10-01		X/8/A-160 Sedloňov	OKBOTA		JO80EH	0	0	1		503
R	WWBOTA	B/OK-2882		2024-10-01		X/9/A-160 Sedloňov	OKBOTA		JO80EH	0	0	1		503
R	WWBOTA	B/OK-2883		2024-10-01		Z1/26/A-140 Rýchory	OKBOTA		JO70WP	0	0	1		503
R	WWBOTA	B/OK-2884		2024-10-01		Z1/27/A-120Z Rýchory	OKBOTA		JO70WP	0	0	1		503
R	WWBOTA	B/OK-2885		2024-10-01		Z1/28/A-180 Rýchory	OKBOTA		JO70WP	0	0	1		503
R	WWBOTA	B/OK-2886		2024-10-01		Z1/29/A-180 Rýchory	OKBOTA		JO70WP	0	0	1		503
R	WWBOTA	B/OK-2887		2024-10-01		Z1/30/A-180 Rýchory	OKBOTA		JO70WP	0	0	1		503
R	WWBOTA	B/OK-2888		2024-10-01		Z1/31/A-160 Rýchory	OKBOTA		JO70WP	0	0	1		503
R	WWBOTA	B/OK-2889		2024-10-01		Z1/32/A-140 Rýchory	OKBOTA		JO70WP	0	0	1		503
R	WWBOTA	B/OK-2890		2024-10-01		Z1/33/A-140 Rýchory	OKBOTA		JO70WP	0	0	1		503
R	WWBOTA	B/OK-2891		2024-10-01		Z1/34/A-140 Rýchory	OKBOTA		JO70WP	0	0	1		503
R	WWBOTA	B/OK-2892		2024-10-01		Z1/35/A-160 Rýchory	OKBOTA		JO70WP	0	0	1		503
R	WWBOTA	B/OK-2893		2024-10-01		Z1/36/A-160 Rýchory	OKBOTA		JO70WP	0	0	1		503
R	WWBOTA	B/OK-2894		2024-10-01		Z2/1/A-160 Dolní Lysečiny	OKBOTA		JO70VQ	0	0	1		503
R	WWBOTA	B/OK-2895		2024-10-01		Z2/10a/D2 Dolní Lysečiny	OKBOTA		JO70VQ	0	0	1		503
R	WWBOTA	B/OK-2896		2024-10-01		Z2/10b/D1 Dolní Lysečiny	OKBOTA		JO70VQ	0	0	1		503
R	WWBOTA	B/OK-2897		2024-10-01		Z2/11/A-180Z Dolní Lysečiny	OKBOTA		JO70VQ	0	0	1		503
R	WWBOTA	B/OK-2898		2024-10-01		Z2/12/A-140Z Dolní Lysečiny	OKBOTA		JO70VQ	0	0	1		503
R	WWBOTA	B/OK-2899		2024-10-01		Z2/13/A-160Z Dolní Lysečiny	OKBOTA		JO70VQ	0	0	1		503
R	WWBOTA	B/OK-2900		2024-10-01		Z2/14/A-140 Dolní Lysečiny	OKBOTA		JO70WQ	0	0	1		503
R	WWBOTA	B/OK-2901		2024-10-01		Z2/15/A-180 Dolní Lysečiny	OKBOTA		JO70WQ	0	0	1		503
R	WWBOTA	B/OK-2902		2024-10-01		Z2/2/A-160 Dolní Lysečiny	OKBOTA		JO70VQ	0	0	1		503
R	WWBOTA	B/OK-2903		2024-10-01		Z2/210a/D2 Dolní Lysečiny	OKBOTA		JO70VQ	0	0	1		503
R	WWBOTA	B/OK-2904		2024-10-01		Z2/210b/D1 Dolní Lysečiny	OKBOTA		JO70VQ	0	0	1		503
R	WWBOTA	B/OK-2905		2024-10-01		Z2/211/A-140 Dolní Lysečiny	OKBOTA		JO70VQ	0	0	1		503
R	WWBOTA	B/OK-2906		2024-10-01		Z2/212/D2 Dolní Lysečiny	OKBOTA		JO70VQ	0	0	1		503
R	WWBOTA	B/OK-2907		2024-10-01		Z2/213/B1-90 Dolní Lysečiny	OKBOTA		JO70VQ	0	0	1		503
R	WWBOTA	B/OK-2908		2024-10-01		Z2/214/A-140Z Dolní Lysečiny	OKBOTA		JO70VQ	0	0	1		503
R	WWBOTA	B/OK-2909		2024-10-01		Z2/3/A-140 Dolní Lysečiny	OKBOTA		JO70VQ	0	0	1		503
R	WWBOTA	B/OK-2910		2024-10-01		Z2/4/A-160 Dolní Lysečiny	OKBOTA		JO70VQ	0	0	1		503
R	WWBOTA	B/OK-2911		2024-10-01		Z2/5/A-160 Dolní Lysečiny	OKBOTA		JO70VQ	0	0	1		503
R	WWBOTA	B/OK-2912		2024-10-01		Z2/6/A-160 Dolní Lysečiny	OKBOTA		JO70VQ	0	0	1		503
R	WWBOTA	B/OK-2913		2024-10-01		Z2/7/A-140 Dolní Lysečiny	OKBOTA		JO70VQ	0	0	1		503
R	WWBOTA	B/OK-2914		2024-10-01		Z2/8/A-160 Dolní Lysečiny	OKBOTA		JO70VQ	0	0	1		503
R	WWBOTA	B/OK-2915		2024-10-01		Z2/9/A-140 Dolní Lysečiny	OKBOTA		JO70VQ	0	0	1		503
R	WWBOTA	B/OK-2916		2024-10-01		Z3/102/A-160 Velká Úpa	OKBOTA		JO70UR	0	0	1		503
R	WWBOTA	B/OK-2917		2024-10-01		Z3/103/E Velká Úpa	OKBOTA		JO70UR	0	0	1		503
R	WWBOTA	B/OK-2918		2024-10-01		Z3/104/A-120 Velká Úpa	OKBOTA		JO70UR	0	0	1		503
R	WWBOTA	B/OK-2919		2024-10-01		Z3/148/A-140Z Velká Úpa	OKBOTA		JO70VQ	0	0	1		503
R	WWBOTA	B/OK-2920		2024-10-01		Z3/293/E Velká Úpa	OKBOTA		JO70VQ	0	0	1		503
R	WWBOTA	B/OK-2921		2024-10-01		Z3/294/E Velká Úpa	OKBOTA		JO70VQ	0	0	1		503
R	WWBOTA	B/OK-2922		2024-10-01		1/1037/A-160 Slavonice	OKBOTA		JN79PA	0	0	1		503
R	WWBOTA	B/OK-2923		2024-10-01		1/1038/A-180 Slavonice	OKBOTA		JN79PA	0	0	1		503
R	WWBOTA	B/OK-2924		2024-10-01		1/1039/A-120 Slavonice	OKBOTA		JN79PA	0	0	1		503
R	WWBOTA	B/OK-2925		2024-10-01		1/1040/A-120 Slavonice	OKBOTA		JN79PA	0	0	1		503
R	WWBOTA	B/OK-2926		2024-10-01		1/1041/A-160 Slavonice	OKBOTA		JN79PA	0	0	1		503
R	WWBOTA	B/OK-2927		2024-10-01		1/1042/A-160 Slavonice	OKBOTA		JN79PA	0	0	1		503
R	WWBOTA	B/OK-2928		2024-10-01		1/1043/A-120 Slavonice	OKBOTA		JN79PA	0	0	1		503
R	WWBOTA	B/OK-2929		2024-10-01		1/1044/A-120 Slavonice	OKBOTA		JN79PA	0	0	1		503
R	WWBOTA	B/OK-2930		2024-10-01		1/1045/A-120 Slavonice	OKBOTA		JN79PA	0	0	1		503
R	WWBOTA	B/OK-2931		2024-10-01		1/1046/A-120 Slavonice	OKBOTA		JN79PA	0	0	1		503
R	WWBOTA	B/OK-2932		2024-10-01		1/1047/C1 Slavonice	OKBOTA		JN79PA	0	0	1		503
R	WWBOTA	B/OK-2933		2024-10-01		1/1048/A-140 Slavonice	OKBOTA		JN79PA	0	0	1		503
R	WWBOTA	B/OK-2934		2024-10-01		1/1049/A-120 Slavonice	OKBOTA		JN79PA	0	0	1		503
R	WWBOTA	B/OK-2935		2024-10-01		1/1050/A-160Z Slavonice	OKBOTA		JN79PA	0	0	1		503
R	WWBOTA	B/OK-2936		2024-10-01		1/1051/B1-100 Slavonice	OKBOTA		JN79PA	0	0	1		503
R	WWBOTA	B/OK-2937		2024-10-01		1/1052/A-140 Slavonice	OKBOTA		JN79PA	0	0	1		503
R	WWBOTA	B/OK-2938		2024-10-01		1/1053/A-160 Slavonice	OKBOTA		JN79QA	0	0	1		503
R	WWBOTA	B/OK-2939		2024-10-01		1/1054/A-120 Slavonice	OKBOTA		JN79QA	0	0	1		503
R	WWBOTA	B/OK-2940		2024-10-01		1/1055/A-160 Slavonice	OKBOTA		JN78PX	0	0	1		503
R	WWBOTA	B/OK-2941		2024-10-01		1/1056/A-180 Slavonice	OKBOTA		JN78QX	0	0	1		503
R	WWBOTA	B/OK-2942		2024-10-01		1/1057/A-160Z Slavonice	OKBOTA		JN78PX	0	0	1		503
R	WWBOTA	B/OK-2943		2024-10-01		1/1059/A-180 Slavonice	OKBOTA		JN78QX	0	0	1		503
R	WWBOTA	B/OK-2944		2024-10-01		1/1060/A-160S Slavonice	OKBOTA		JN78QX	0	0	1		503
R	WWBOTA	B/OK-2945		2024-10-01		1/1061/A-180 Slavonice	OKBOTA		JN78QX	0	0	1		503
R	WWBOTA	B/OK-2946		2024-10-01		1/1063/A-160S Slavonice	OKBOTA		JN78QX	0	0	1		503
R	WWBOTA	B/OK-2947		2024-10-01		1/1064/A-180S Slavonice	OKBOTA		JN78QX	0	0	1		503
R	WWBOTA	B/OK-2948		2024-10-01		1/1066/A-140 Slavonice	OKBOTA		JN78QX	0	0	1		503
R	WWBOTA	B/OK-2949		2024-10-01		1/1067/A-180 Slavonice	OKBOTA		JN78QX	0	0	1		503
R	WWBOTA	B/OK-2950		2024-10-01		1/1068/C1 Slavonice	OKBOTA		JN78QX	0	0	1		503
R	WWBOTA	B/OK-2951		2024-10-01		1/1070/E Slavonice	OKBOTA		JN78QX	0	0	1		503
R	WWBOTA	B/OK-2952		2024-10-01		1/1071/A-160 Slavonice	OKBOTA		JN78QX	0	0	1		503
R	WWBOTA	B/OK-2953		2024-10-01		1/1072/E Slavonice	OKBOTA		JN78QX	0	0	1		503
R	WWBOTA	B/OK-2954		2024-10-01		1/1073/A-180S Slavonice	OKBOTA		JN78QX	0	0	1		503
R	WWBOTA	B/OK-2955		2024-10-01		1/1074/A-140 Slavonice	OKBOTA		JN78QX	0	0	1		503
R	WWBOTA	B/OK-2956		2024-10-01		1/1075/A-120 Slavonice	OKBOTA		JN78QX	0	0	1		503
R	WWBOTA	B/OK-2957		2024-10-01		1/1076/A-160 Slavonice	OKBOTA		JN78QX	0	0	1		503
R	WWBOTA	B/OK-2958		2024-10-01		1/1077/A-140 Slavonice	OKBOTA		JN78QX	0	0	1		503
R	WWBOTA	B/OK-2959		2024-10-01		1/1078/A-140 Slavonice	OKBOTA		JN78QX	0	0	1		503
R	WWBOTA	B/OK-2960		2024-10-01		1/1079/A-160 Slavonice	OKBOTA		JN78QX	0	0	1		503
R	WWBOTA	B/OK-2961		2024-10-01		1/1080/E1 Slavonice	OKBOTA		JN78QX	0	0	1		503
R	WWBOTA	B/OK-2962		2024-10-01		1/1081/A-140Z Slavonice	OKBOTA		JN78QX	0	0	1		503
R	WWBOTA	B/OK-2963		2024-10-01		1/1082/A-120 Slavonice	OKBOTA		JN78QX	0	0	1		503
R	WWBOTA	B/OK-2964		2024-10-01		1/1083/D1 Slavonice	OKBOTA		JN78RX	0	0	1		503
R	WWBOTA	B/OK-2965		2024-10-01		1/1084/A-140 Slavonice	OKBOTA		JN78QX	0	0	1		503
R	WWBOTA	B/OK-2966		2024-10-01		1/1085/A-120 Slavonice	OKBOTA		JN78QX	0	0	1		503
R	WWBOTA	B/OK-2967		2024-10-01		1/1086/A-140 Slavonice	OKBOTA		JN78QX	0	0	1		503
R	WWBOTA	B/OK-2968		2024-10-01		1/1087/A-140 Slavonice	OKBOTA		JN78QX	0	0	1		503
R	WWBOTA	B/OK-2969		2024-10-01		1/1088/A-160 Slavonice	OKBOTA		JN78QX	0	0	1		503
R	WWBOTA	B/OK-2970		2024-10-01		1/1089/A-140 Slavonice	OKBOTA		JN78QX	0	0	1		503
R	WWBOTA	B/OK-2971		2024-10-01		1/1090/A-120 Slavonice	OKBOTA		JN78QX	0	0	1		503
R	WWBOTA	B/OK-2972		2024-10-01		1/1091/A-160 Slavonice	OKBOTA		JN78RX	0	0	1		503
R	WWBOTA	B/OK-2973		2024-10-01		1/1092/A-180 Slavonice	OKBOTA		JN78RX	0	0	1		503
R	WWBOTA	B/OK-2974		2024-10-01		1/1093/A-160 Slavonice	OKBOTA		JN78RX	0	0	1		503
R	WWBOTA	B/OK-2975		2024-10-01		1/1094/A-160 Slavonice	OKBOTA		JN78RX	0	0	1		503
R	WWBOTA	B/OK-2976		2024-10-01		1/1095/A-140 Slavonice	OKBOTA		JN78RX	0	0	1		503
R	WWBOTA	B/OK-2977		2024-10-01		1/1096/C2 Slavonice	OKBOTA		JN78RX	0	0	1		503
R	WWBOTA	B/OK-2978		2024-10-01		1/1097/A-140 Slavonice	OKBOTA		JN78RX	0	0	1		503
R	WWBOTA	B/OK-2979		2024-10-01		1/1098/A-160Z Slavonice	OKBOTA		JN78RX	0	0	1		503
R	WWBOTA	B/OK-2980		2024-10-01		1/1099/C1 Slavonice	OKBOTA		JN78RX	0	0	1		503
R	WWBOTA	B/OK-2981		2024-10-01		1/1100/A-160 Slavonice	OKBOTA		JN78RW	0	0	1		503
R	WWBOTA	B/OK-2982		2024-10-01		1/1101/A-160Z Slavonice	OKBOTA		JN78RX	0	0	1		503
R	WWBOTA	B/OK-2983		2024-10-01		1/1102/E Slavonice	OKBOTA		JN78RX	0	0	1		503
R	WWBOTA	B/OK-2984		2024-10-01		1/1103/A-160Z Slavonice	OKBOTA		JN78RX	0	0	1		503
R	WWBOTA	B/OK-2985		2024-10-01		1/1104/E Slavonice	OKBOTA		JN78RX	0	0	1		503
R	WWBOTA	B/OK-2986		2024-10-01		1/1105/A-120Z Slavonice	OKBOTA		JN78RX	0	0	1		503
R	WWBOTA	B/OK-2987		2024-10-01		1/1106/A-160Z Slavonice	OKBOTA		JN78RX	0	0	1		503
R	WWBOTA	B/OK-2988		2024-10-01		1/1107/D1 Slavonice	OKBOTA		JN78RX	0	0	1		503
R	WWBOTA	B/OK-2989		2024-10-01		1/1108/A-120Z Slavonice	OKBOTA		JN78RX	0	0	1		503
R	WWBOTA	B/OK-2990		2024-10-01		1/1109/A-160Z Slavonice	OKBOTA		JN78RX	0	0	1		503
R	WWBOTA	B/OK-2991		2024-10-01		1/1110/A-180 Slavonice	OKBOTA		JN78RX	0	0	1		503
R	WWBOTA	B/OK-2992		2024-10-01		1/1111/A-140Z Slavonice	OKBOTA		JN78RX	0	0	1		503
R	WWBOTA	B/OK-2993		2024-10-01		1/1112/E Slavonice	OKBOTA		JN78RX	0	0	1		503
R	WWBOTA	B/OK-2994		2024-10-01		1/1113/A-120 Slavonice	OKBOTA		JN78RX	0	0	1		503
R	WWBOTA	B/OK-2995		2024-10-01		1/1114/C2 Slavonice	OKBOTA		JN78RX	0	0	1		503
R	WWBOTA	B/OK-2996		2024-10-01		1/1116/A-140 Slavonice	OKBOTA		JN78RX	0	0	1		503
R	WWBOTA	B/OK-2997		2024-10-01		1/1117/A-220 Slavonice	OKBOTA		JN78RX	0	0	1		503
R	WWBOTA	B/OK-2998		2024-10-01		1/1118/A-120Z Slavonice	OKBOTA		JN78RX	0	0	1		503
R	WWBOTA	B/OK-2999		2024-10-01		1/1119/A-140 Slavonice	OKBOTA		JN78RX	0	0	1		503
R	WWBOTA	B/OK-3000		2024-10-01		1/1121/A-180Z Slavonice	OKBOTA		JN78RX	0	0	1		503
R	WWBOTA	B/OK-3001		2024-10-01		1/1122/B1-90Z Slavonice	OKBOTA		JN78RW	0	0	1		503
R	WWBOTA	B/OK-3002		2024-10-01		1/1124/C1 Slavonice	OKBOTA		JN78RW	0	0	1		503
R	WWBOTA	B/OK-3003		2024-10-01		1/1125/A-160 Slavonice	OKBOTA		JN78RW	0	0	1		503
R	WWBOTA	B/OK-3004		2024-10-01		1/1126/A-220 Slavonice	OKBOTA		JN78RW	0	0	1		503
R	WWBOTA	B/OK-3005		2024-10-01		1/1127/A-120 Slavonice	OKBOTA		JN78RW	0	0	1		503
R	WWBOTA	B/OK-3006		2024-10-01		1/1128/A-160 Slavonice	OKBOTA		JN78RW	0	0	1		503
R	WWBOTA	B/OK-3007		2024-10-01		1/1129/A-160 Slavonice	OKBOTA		JN78RW	0	0	1		503
R	WWBOTA	B/OK-3008		2024-10-01		1/1130/A-140 Slavonice	OKBOTA		JN78RW	0	0	1		503
R	WWBOTA	B/OK-3009		2024-10-01		1/1131/A-140 Slavonice	OKBOTA		JN78RW	0	0	1		503
R	WWBOTA	B/OK-3010		2024-10-01		1/1132/A-140 Slavonice	OKBOTA		JN78RW	0	0	1		503
R	WWBOTA	B/OK-3011		2024-10-01		1/1133/A-120 Slavonice	OKBOTA		JN78RW	0	0	1		503
R	WWBOTA	B/OK-3012		2024-10-01		1/1134/A-140 Slavonice	OKBOTA		JN78SW	0	0	1		503
R	WWBOTA	B/OK-3013		2024-10-01		1/1135/A-120 Slavonice	OKBOTA		JN78SW	0	0	1		503
R	WWBOTA	B/OK-3014		2024-10-01		1/1136/A-120 Slavonice	OKBOTA		JN78SW	0	0	1		503
R	WWBOTA	B/OK-3015		2024-10-01		1/1137/A-140Z Slavonice	OKBOTA		JN78RW	0	0	1		503
R	WWBOTA	B/OK-3016		2024-10-01		1/1138/A-160 Slavonice	OKBOTA		JN78RW	0	0	1		503
R	WWBOTA	B/OK-3017		2024-10-01		1/1139/A-140 Slavonice	OKBOTA		JN78SW	0	0	1		503
R	WWBOTA	B/OK-3018		2024-10-01		1/1140/A-120 Slavonice	OKBOTA		JN78SW	0	0	1		503
R	WWBOTA	B/OK-3019		2024-10-01		1/1141/A-120 Slavonice	OKBOTA		JN78SW	0	0	1		503
R	WWBOTA	B/OK-3020		2024-10-01		1/1245/A-120S Slavonice	OKBOTA		JN78QX	0	0	1		503
R	WWBOTA	B/OK-3021		2024-10-01		1/1246/A-120 Slavonice	OKBOTA		JN78QX	0	0	1		503
R	WWBOTA	B/OK-3022		2024-10-01		10/3111/A-160Z Prátlsbrun (Březí)	OKBOTA		JN88GT	0	0	1		503
R	WWBOTA	B/OK-3023		2024-10-01		10/3112/A-140Z Prátlsbrun (Březí)	OKBOTA		JN88GT	0	0	1		503
R	WWBOTA	B/OK-3024		2024-10-01		10/3113/A-160Z Prátlsbrun (Březí)	OKBOTA		JN88GT	0	0	1		503
R	WWBOTA	B/OK-3025		2024-10-01		10/3114/A-160Z Prátlsbrun (Březí)	OKBOTA		JN88GT	0	0	1		503
R	WWBOTA	B/OK-3026		2024-10-01		10/3116/A-160Z Prátlsbrun (Březí)	OKBOTA		JN88GT	0	0	1		503
R	WWBOTA	B/OK-3027		2024-10-01		10/3117/A-140Z Prátlsbrun (Březí)	OKBOTA		JN88GT	0	0	1		503
R	WWBOTA	B/OK-3028		2024-10-01		10/3118/A-160Z Prátlsbrun (Březí)	OKBOTA		JN88GT	0	0	1		503
R	WWBOTA	B/OK-3029		2024-10-01		10/3119/D1 Prátlsbrun (Březí)	OKBOTA		JN88GT	0	0	1		503
R	WWBOTA	B/OK-3030		2024-10-01		10/3120/A-160Z Prátlsbrun (Březí)	OKBOTA		JN88GT	0	0	1		503
R	WWBOTA	B/OK-3031		2024-10-01		10/3121/A-160Z Prátlsbrun (Březí)	OKBOTA		JN88GT	0	0	1		503
R	WWBOTA	B/OK-3032		2024-10-01		10/3122/A-140Z Prátlsbrun (Březí)	OKBOTA		JN88GT	0	0	1		503
R	WWBOTA	B/OK-3033		2024-10-01		10/3123/A-160Z Prátlsbrun (Březí)	OKBOTA		JN88GT	0	0	1		503
R	WWBOTA	B/OK-3034		2024-10-01		10/3124/A-140 Prátlsbrun (Březí)	OKBOTA		JN88HT	0	0	1		503
R	WWBOTA	B/OK-3035		2024-10-01		10/3125/A-160Z Prátlsbrun (Březí)	OKBOTA		JN88HT	0	0	1		503
R	WWBOTA	B/OK-3036		2024-10-01		10/3126/A-160Z Prátlsbrun (Březí)	OKBOTA		JN88HT	0	0	1		503
R	WWBOTA	B/OK-3037		2024-10-01		10/3127/A-160Z Prátlsbrun (Březí)	OKBOTA		JN88HT	0	0	1		503
R	WWBOTA	B/OK-3038		2024-10-01		10/4182/A-160 Prátlsbrun (Březí)	OKBOTA		JN88KR	0	0	1		503
R	WWBOTA	B/OK-3039		2024-10-01		10/4183/A-160 Prátlsbrun (Březí)	OKBOTA		JN88KR	0	0	1		503
R	WWBOTA	B/OK-3040		2024-10-01		15/7037/A-160 Pohořelice	OKBOTA		JN89EA	0	0	1		503
R	WWBOTA	B/OK-3041		2024-10-01		15/7038/A-140 Pohořelice	OKBOTA		JN89EA	0	0	1		503
R	WWBOTA	B/OK-3042		2024-10-01		15/7040/A-160S Pohořelice	OKBOTA		JN88EX	0	0	1		503
R	WWBOTA	B/OK-3043		2024-10-01		15/7077/A-140 Pohořelice	OKBOTA		JN89EA	0	0	1		503
R	WWBOTA	B/OK-3044		2024-10-01		15/7078/A-120 Pohořelice	OKBOTA		JN89EA	0	0	1		503
R	WWBOTA	B/OK-3045		2024-10-01		15/7079/A-140 Pohořelice	OKBOTA		JN89EA	0	0	1		503
R	WWBOTA	B/OK-3046		2024-10-01		15/7089/A-140 Pohořelice	OKBOTA		JN89EA	0	0	1		503
R	WWBOTA	B/OK-3047		2024-10-01		15/7501/A-180S Pohořelice	OKBOTA		JN88EX	0	0	1		503
R	WWBOTA	B/OK-3048		2024-10-01		15/7502/A-160S Pohořelice	OKBOTA		JN88FX	0	0	1		503
R	WWBOTA	B/OK-3049		2024-10-01		15/7503/A-160S Pohořelice	OKBOTA		JN88FX	0	0	1		503
R	WWBOTA	B/OK-3050		2024-10-01		15/7504/A-160S Pohořelice	OKBOTA		JN88FX	0	0	1		503
R	WWBOTA	B/OK-3051		2024-10-01		15/7505/A-160S Pohořelice	OKBOTA		JN88FX	0	0	1		503
R	WWBOTA	B/OK-3052		2024-10-01		15/7508/A-180Z Pohořelice	OKBOTA		JN88FX	0	0	1		503
R	WWBOTA	B/OK-3053		2024-10-01		15/7509/A-160Z Pohořelice	OKBOTA		JN88FX	0	0	1		503
R	WWBOTA	B/OK-3054		2024-10-01		15/7511/A-140S Pohořelice	OKBOTA		JN88FX	0	0	1		503
R	WWBOTA	B/OK-3055		2024-10-01		15/7512/A-160Z Pohořelice	OKBOTA		JN88FX	0	0	1		503
R	WWBOTA	B/OK-3056		2024-10-01		15/7513/A-160Z Pohořelice	OKBOTA		JN88GX	0	0	1		503
R	WWBOTA	B/OK-3057		2024-10-01		15/7514/A-160Z Pohořelice	OKBOTA		JN88GX	0	0	1		503
R	WWBOTA	B/OK-3058		2024-10-01		15/7515/A-140Z Pohořelice	OKBOTA		JN88GX	0	0	1		503
R	WWBOTA	B/OK-3059		2024-10-01		15/7516/A-160 Pohořelice	OKBOTA		JN88GX	0	0	1		503
R	WWBOTA	B/OK-3060		2024-10-01		15/7517/A-140Z Pohořelice	OKBOTA		JN88GX	0	0	1		503
R	WWBOTA	B/OK-3061		2024-10-01		15/7518/A-120Z Pohořelice	OKBOTA		JN88GX	0	0	1		503
R	WWBOTA	B/OK-3062		2024-10-01		15/7519/A-160 Pohořelice	OKBOTA		JN88EX	0	0	1		503
R	WWBOTA	B/OK-3063		2024-10-01		15/7520/A-140 Pohořelice	OKBOTA		JN88EX	0	0	1		503
R	WWBOTA	B/OK-3064		2024-10-01		15/7521/A-140 Pohořelice	OKBOTA		JN88FX	0	0	1		503
R	WWBOTA	B/OK-3065		2024-10-01		15/7522/A-120 Pohořelice	OKBOTA		JN88FX	0	0	1		503
R	WWBOTA	B/OK-3066		2024-10-01		15/7523/D1 Pohořelice	OKBOTA		JN88FX	0	0	1		503
R	WWBOTA	B/OK-3067		2024-10-01		15/7524/A-140 Pohořelice	OKBOTA		JN88FX	0	0	1		503
R	WWBOTA	B/OK-3068		2024-10-01		15/7526/A-140 Pohořelice	OKBOTA		JN88FX	0	0	1		503
R	WWBOTA	B/OK-3069		2024-10-01		15/7527/A-160 Pohořelice	OKBOTA		JN88FX	0	0	1		503
R	WWBOTA	B/OK-3070		2024-10-01		15/7528/A-140 Pohořelice	OKBOTA		JN88FX	0	0	1		503
R	WWBOTA	B/OK-3071		2024-10-01		15/7529/A-140 Pohořelice	OKBOTA		JN88FX	0	0	1		503
R	WWBOTA	B/OK-3072		2024-10-01		15/7530/A-140Z Pohořelice	OKBOTA		JN88FX	0	0	1		503
R	WWBOTA	B/OK-3073		2024-10-01		15/7531/A-140 Pohořelice	OKBOTA		JN88FX	0	0	1		503
R	WWBOTA	B/OK-3074		2024-10-01		15/7532/A-120Z Pohořelice	OKBOTA		JN88FX	0	0	1		503
R	WWBOTA	B/OK-3075		2024-10-01		15/7533/A-120 Pohořelice	OKBOTA		JN88GX	0	0	1		503
R	WWBOTA	B/OK-3076		2024-10-01		15/7534/A-140 Pohořelice	OKBOTA		JN88GX	0	0	1		503
R	WWBOTA	B/OK-3077		2024-10-01		15/7536/A-160 Pohořelice	OKBOTA		JN88GX	0	0	1		503
R	WWBOTA	B/OK-3078		2024-10-01		15/7538/A-120 Pohořelice	OKBOTA		JN88GX	0	0	1		503
R	WWBOTA	B/OK-3079		2024-10-01		15/7563/D2 Pohořelice	OKBOTA		JN88GX	0	0	1		503
R	WWBOTA	B/OK-3080		2024-10-01		15/7564/A-200Z Pohořelice	OKBOTA		JN88GX	0	0	1		503
R	WWBOTA	B/OK-3081		2024-10-01		15/7565/A-120Z Pohořelice	OKBOTA		JN88GX	0	0	1		503
R	WWBOTA	B/OK-3082		2024-10-01		15/7566/A-180 Pohořelice	OKBOTA		JN88GX	0	0	1		503
R	WWBOTA	B/OK-3083		2024-10-01		15/7568/B1-80 Pohořelice	OKBOTA		JN88GX	0	0	1		503
R	WWBOTA	B/OK-3084		2024-10-01		15/7701/A-180S Pohořelice	OKBOTA		JN88FX	0	0	1		503
R	WWBOTA	B/OK-3085		2024-10-01		15/7702/A-160 Pohořelice	OKBOTA		JN88FX	0	0	1		503
R	WWBOTA	B/OK-3086		2024-10-01		15/7704/A-160Z Pohořelice	OKBOTA		JN88FX	0	0	1		503
R	WWBOTA	B/OK-3087		2024-10-01		15/7705/A-160 Pohořelice	OKBOTA		JN88FX	0	0	1		503
R	WWBOTA	B/OK-3088		2024-10-01		15/7706/A-160Z Pohořelice	OKBOTA		JN88GX	0	0	1		503
R	WWBOTA	B/OK-3089		2024-10-01		15/7707A/A-180Z Pohořelice	OKBOTA		JN88GX	0	0	1		503
R	WWBOTA	B/OK-3090		2024-10-01		15/7707B/A-160 Pohořelice	OKBOTA		JN88FX	0	0	1		503
R	WWBOTA	B/OK-3091		2024-10-01		15/7708/E Pohořelice	OKBOTA		JN88GX	0	0	1		503
R	WWBOTA	B/OK-3092		2024-10-01		15/7709/B1-90Z Pohořelice	OKBOTA		JN88GX	0	0	1		503
R	WWBOTA	B/OK-3093		2024-10-01		15/7711/A-180 Pohořelice	OKBOTA		JN88GX	0	0	1		503
R	WWBOTA	B/OK-3094		2024-10-01		15/7712/A-140 Pohořelice	OKBOTA		JN88FX	0	0	1		503
R	WWBOTA	B/OK-3095		2024-10-01		15/7713/A-140 Pohořelice	OKBOTA		JN88FX	0	0	1		503
R	WWBOTA	B/OK-3096		2024-10-01		15/7714/D2 Pohořelice	OKBOTA		JN88FX	0	0	1		503
R	WWBOTA	B/OK-3097		2024-10-01		16/6083/A-120 Moravský Krumlov	OKBOTA		JN89EA	0	0	1		503
R	WWBOTA	B/OK-3098		2024-10-01		16/6084/A-140 Moravský Krumlov	OKBOTA		JN89EA	0	0	1		503
R	WWBOTA	B/OK-3099		2024-10-01		16/6086/A-140Z Moravský Krumlov	OKBOTA		JN89EA	0	0	1		503
R	WWBOTA	B/OK-3100		2024-10-01		16/6087/A-140Z Moravský Krumlov	OKBOTA		JN88EX	0	0	1		503
R	WWBOTA	B/OK-3101		2024-10-01		16/6088/A-160 Moravský Krumlov	OKBOTA		JN89EA	0	0	1		503
R	WWBOTA	B/OK-3102		2024-10-01		16/6089/A-160 Moravský Krumlov	OKBOTA		JN89EA	0	0	1		503
R	WWBOTA	B/OK-3103		2024-10-01		16/6090/D2 Moravský Krumlov	OKBOTA		JN89EA	0	0	1		503
R	WWBOTA	B/OK-3104		2024-10-01		16/14/A-180 Moravský Krumlov	OKBOTA		JN89EA	0	0	1		503
R	WWBOTA	B/OK-3105		2024-10-01		16/12/D2 Moravský Krumlov	OKBOTA		JN89EA	0	0	1		503
R	WWBOTA	B/OK-3106		2024-10-01		16/6093/A-120 Moravský Krumlov	OKBOTA		JN88EX	0	0	1		503
R	WWBOTA	B/OK-3107		2024-10-01		16/6094/A-180Z Moravský Krumlov	OKBOTA		JN88EX	0	0	1		503
R	WWBOTA	B/OK-3108		2024-10-01		16/7/A-160Z Moravský Krumlov	OKBOTA		JN88EX	0	0	1		503
R	WWBOTA	B/OK-3109		2024-10-01		16/10/A-140 Moravský Krumlov	OKBOTA		JN89EA	0	0	1		503
R	WWBOTA	B/OK-3110		2024-10-01		16/8/A-160 Moravský Krumlov	OKBOTA		JN89EA	0	0	1		503
R	WWBOTA	B/OK-3111		2024-10-01		16/5/A-160Z Moravský Krumlov	OKBOTA		JN88EX	0	0	1		503
R	WWBOTA	B/OK-3112		2024-10-01		16/3/A-180Z Moravský Krumlov	OKBOTA		JN88EX	0	0	1		503
R	WWBOTA	B/OK-3113		2024-10-01		16/4/A-160 Moravský Krumlov	OKBOTA		JN89EA	0	0	1		503
R	WWBOTA	B/OK-3114		2024-10-01		16/1/A-140 Moravský Krumlov	OKBOTA		JN89EA	0	0	1		503
R	WWBOTA	B/OK-3115		2024-10-01		16/6/A-120 Moravský Krumlov	OKBOTA		JN89EA	0	0	1		503
R	WWBOTA	B/OK-3116		2024-10-01		16/2/A-160 Moravský Krumlov	OKBOTA		JN89EA	0	0	1		503
R	WWBOTA	B/OK-3117		2024-10-01		2/1/A-160 Hrádek	OKBOTA		JN88ER	0	0	1		503
R	WWBOTA	B/OK-3118		2024-10-01		2/10/A-140Z Hrádek	OKBOTA		JN88ES	0	0	1		503
R	WWBOTA	B/OK-3119		2024-10-01		2/11/A-140 Hrádek	OKBOTA		JN88ES	0	0	1		503
R	WWBOTA	B/OK-3120		2024-10-01		2/12/A-120Z Hrádek	OKBOTA		JN88ES	0	0	1		503
R	WWBOTA	B/OK-3121		2024-10-01		2/13/A-160Z Hrádek	OKBOTA		JN88ES	0	0	1		503
R	WWBOTA	B/OK-3122		2024-10-01		2/14/A-120 Hrádek	OKBOTA		JN88ES	0	0	1		503
R	WWBOTA	B/OK-3123		2024-10-01		2/15/A-120 Hrádek	OKBOTA		JN88ES	0	0	1		503
R	WWBOTA	B/OK-3124		2024-10-01		2/16/C2 Hrádek	OKBOTA		JN88ES	0	0	1		503
R	WWBOTA	B/OK-3125		2024-10-01		2/17/A-180Z Hrádek	OKBOTA		JN88FS	0	0	1		503
R	WWBOTA	B/OK-3126		2024-10-01		2/18/A-120S Hrádek	OKBOTA		JN88ES	0	0	1		503
R	WWBOTA	B/OK-3127		2024-10-01		2/19/A-120 Hrádek	OKBOTA		JN88ES	0	0	1		503
R	WWBOTA	B/OK-3128		2024-10-01		2/2/A-140 Hrádek	OKBOTA		JN88ER	0	0	1		503
R	WWBOTA	B/OK-3129		2024-10-01		2/20/A-180S Hrádek	OKBOTA		JN88FS	0	0	1		503
R	WWBOTA	B/OK-3130		2024-10-01		2/21/A-120 Hrádek	OKBOTA		JN88ES	0	0	1		503
R	WWBOTA	B/OK-3131		2024-10-01		2/22/A-160Z Hrádek	OKBOTA		JN88FS	0	0	1		503
R	WWBOTA	B/OK-3132		2024-10-01		2/23/A-140 Hrádek	OKBOTA		JN88FS	0	0	1		503
R	WWBOTA	B/OK-3133		2024-10-01		2/24/A-160 Hrádek	OKBOTA		JN88ER	0	0	1		503
R	WWBOTA	B/OK-3134		2024-10-01		2/25/A-160 Hrádek	OKBOTA		JN88ES	0	0	1		503
R	WWBOTA	B/OK-3135		2024-10-01		2/26/A-160 Hrádek	OKBOTA		JN88ER	0	0	1		503
R	WWBOTA	B/OK-3136		2024-10-01		2/27/A-120 Hrádek	OKBOTA		JN88ES	0	0	1		503
R	WWBOTA	B/OK-3137		2024-10-01		2/28/B2-80 Hrádek	OKBOTA		JN88ES	0	0	1		503
R	WWBOTA	B/OK-3138		2024-10-01		2/29/A-140 Hrádek	OKBOTA		JN88ES	0	0	1		503
R	WWBOTA	B/OK-3139		2024-10-01		2/3/A-180S Hrádek	OKBOTA		JN88ES	0	0	1		503
R	WWBOTA	B/OK-3140		2024-10-01		2/30/A-160 Hrádek	OKBOTA		JN88ER	0	0	1		503
R	WWBOTA	B/OK-3141		2024-10-01		2/31/A-180S Hrádek	OKBOTA		JN88DR	0	0	1		503
R	WWBOTA	B/OK-3142		2024-10-01		2/32/A-180 Hrádek	OKBOTA		JN88DR	0	0	1		503
R	WWBOTA	B/OK-3143		2024-10-01		2/33/A-180Z Hrádek	OKBOTA		JN88DR	0	0	1		503
R	WWBOTA	B/OK-3144		2024-10-01		2/34/A-140Z Hrádek	OKBOTA		JN88ER	0	0	1		503
R	WWBOTA	B/OK-3145		2024-10-01		2/35/A-120Z Hrádek	OKBOTA		JN88ER	0	0	1		503
R	WWBOTA	B/OK-3146		2024-10-01		2/36/A-120Z Hrádek	OKBOTA		JN88ER	0	0	1		503
R	WWBOTA	B/OK-3147		2024-10-01		2/37/A-140S Hrádek	OKBOTA		JN88ES	0	0	1		503
R	WWBOTA	B/OK-3148		2024-10-01		2/38/A-160 Hrádek	OKBOTA		JN88ES	0	0	1		503
R	WWBOTA	B/OK-3149		2024-10-01		2/39/A-160 Hrádek	OKBOTA		JN88ES	0	0	1		503
R	WWBOTA	B/OK-3150		2024-10-01		2/4/A-160 Hrádek	OKBOTA		JN88ER	0	0	1		503
R	WWBOTA	B/OK-3151		2024-10-01		2/40/A-120S Hrádek	OKBOTA		JN88ES	0	0	1		503
R	WWBOTA	B/OK-3152		2024-10-01		2/41/A-120 Hrádek	OKBOTA		JN88DS	0	0	1		503
R	WWBOTA	B/OK-3153		2024-10-01		2/42/A-180 Hrádek	OKBOTA		JN88DS	0	0	1		503
R	WWBOTA	B/OK-3154		2024-10-01		2/43/E1 Hrádek	OKBOTA		JN88ER	0	0	1		503
R	WWBOTA	B/OK-3155		2024-10-01		2/44/A-200Z Hrádek	OKBOTA		JN88ER	0	0	1		503
R	WWBOTA	B/OK-3156		2024-10-01		2/45/A-180Z Hrádek	OKBOTA		JN88DR	0	0	1		503
R	WWBOTA	B/OK-3157		2024-10-01		2/46/A-160Z Hrádek	OKBOTA		JN88DR	0	0	1		503
R	WWBOTA	B/OK-3158		2024-10-01		2/47/A-160Z Hrádek	OKBOTA		JN88DR	0	0	1		503
R	WWBOTA	B/OK-3159		2024-10-01		2/48/D2 Hrádek	OKBOTA		JN88ER	0	0	1		503
R	WWBOTA	B/OK-3160		2024-10-01		2/49/D1 Hrádek	OKBOTA		JN88ER	0	0	1		503
R	WWBOTA	B/OK-3161		2024-10-01		2/5/C1 Hrádek	OKBOTA		JN88ES	0	0	1		503
R	WWBOTA	B/OK-3162		2024-10-01		2/50/A-140 Hrádek	OKBOTA		JN88DS	0	0	1		503
R	WWBOTA	B/OK-3163		2024-10-01		2/51/A-140 Hrádek	OKBOTA		JN88DS	0	0	1		503
R	WWBOTA	B/OK-3164		2024-10-01		2/52/A-140S Hrádek	OKBOTA		JN88DS	0	0	1		503
R	WWBOTA	B/OK-3165		2024-10-01		2/53/B1-100 Hrádek	OKBOTA		JN88DS	0	0	1		503
R	WWBOTA	B/OK-3166		2024-10-01		2/54/A-140S Hrádek	OKBOTA		JN88DS	0	0	1		503
R	WWBOTA	B/OK-3167		2024-10-01		2/55/B2-80 Hrádek	OKBOTA		JN88DS	0	0	1		503
R	WWBOTA	B/OK-3168		2024-10-01		2/56/A-140S Hrádek	OKBOTA		JN88DS	0	0	1		503
R	WWBOTA	B/OK-3169		2024-10-01		2/57/A-160Z Hrádek	OKBOTA		JN88DR	0	0	1		503
R	WWBOTA	B/OK-3170		2024-10-01		2/58/A-140Z Hrádek	OKBOTA		JN88DS	0	0	1		503
R	WWBOTA	B/OK-3171		2024-10-01		2/59/A-120Z Hrádek	OKBOTA		JN88DS	0	0	1		503
R	WWBOTA	B/OK-3172		2024-10-01		2/6/C2 Hrádek	OKBOTA		JN88ES	0	0	1		503
R	WWBOTA	B/OK-3173		2024-10-01		2/60/A-120 Hrádek	OKBOTA		JN88DS	0	0	1		503
R	WWBOTA	B/OK-3174		2024-10-01		2/61/A-160 Hrádek	OKBOTA		JN88DS	0	0	1		503
R	WWBOTA	B/OK-3175		2024-10-01		2/62/A-160 Hrádek	OKBOTA		JN88DS	0	0	1		503
R	WWBOTA	B/OK-3176		2024-10-01		2/63/A-200Z Hrádek	OKBOTA		JN88DS	0	0	1		503
R	WWBOTA	B/OK-3177		2024-10-01		2/64/A-140Z Hrádek	OKBOTA		JN88DS	0	0	1		503
R	WWBOTA	B/OK-3178		2024-10-01		2/65/A-120Z Hrádek	OKBOTA		JN88DS	0	0	1		503
R	WWBOTA	B/OK-3179		2024-10-01		2/66/A-160 Hrádek	OKBOTA		JN88DS	0	0	1		503
R	WWBOTA	B/OK-3180		2024-10-01		2/67/A-160Z Hrádek	OKBOTA		JN88DS	0	0	1		503
R	WWBOTA	B/OK-3181		2024-10-01		2/68/A-160Z Hrádek	OKBOTA		JN88CS	0	0	1		503
R	WWBOTA	B/OK-3182		2024-10-01		2/69/A-160Z Hrádek	OKBOTA		JN88CS	0	0	1		503
R	WWBOTA	B/OK-3183		2024-10-01		2/7/A-160 Hrádek	OKBOTA		JN88ES	0	0	1		503
R	WWBOTA	B/OK-3184		2024-10-01		2/70/A-120Z Hrádek	OKBOTA		JN88CS	0	0	1		503
R	WWBOTA	B/OK-3185		2024-10-01		2/71/A-140S Hrádek	OKBOTA		JN88CS	0	0	1		503
R	WWBOTA	B/OK-3186		2024-10-01		2/72/A-120S Hrádek	OKBOTA		JN88CS	0	0	1		503
R	WWBOTA	B/OK-3187		2024-10-01		2/73/A-160S Hrádek	OKBOTA		JN88CS	0	0	1		503
R	WWBOTA	B/OK-3188		2024-10-01		2/74/A-140Z Hrádek	OKBOTA		JN88CS	0	0	1		503
R	WWBOTA	B/OK-3189		2024-10-01		2/75/A-140 Hrádek	OKBOTA		JN88CS	0	0	1		503
R	WWBOTA	B/OK-3190		2024-10-01		2/76/A-180 Hrádek	OKBOTA		JN88CS	0	0	1		503
R	WWBOTA	B/OK-3191		2024-10-01		2/77/A-140 Hrádek	OKBOTA		JN88DS	0	0	1		503
R	WWBOTA	B/OK-3192		2024-10-01		2/78/A-140 Hrádek	OKBOTA		JN88DS	0	0	1		503
R	WWBOTA	B/OK-3193		2024-10-01		2/79/A-140 Hrádek	OKBOTA		JN88DS	0	0	1		503
R	WWBOTA	B/OK-3194		2024-10-01		2/8/B2-100 Hrádek	OKBOTA		JN88ES	0	0	1		503
R	WWBOTA	B/OK-3195		2024-10-01		2/80/A-120 Hrádek	OKBOTA		JN88DS	0	0	1		503
R	WWBOTA	B/OK-3196		2024-10-01		2/81/A-180 Hrádek	OKBOTA		JN88DS	0	0	1		503
R	WWBOTA	B/OK-3197		2024-10-01		2/82/A-140 Hrádek	OKBOTA		JN88DS	0	0	1		503
R	WWBOTA	B/OK-3198		2024-10-01		2/9/A-180S Hrádek	OKBOTA		JN88ES	0	0	1		503
R	WWBOTA	B/OK-3199		2024-10-01		3/1142/A-120 Jemnice	OKBOTA		JN78SW	0	0	1		503
R	WWBOTA	B/OK-3200		2024-10-01		3/1143/A-140S Jemnice	OKBOTA		JN78SW	0	0	1		503
R	WWBOTA	B/OK-3201		2024-10-01		3/1144/A-120 Jemnice	OKBOTA		JN78SW	0	0	1		503
R	WWBOTA	B/OK-3202		2024-10-01		3/1145/A-160 Jemnice	OKBOTA		JN78SW	0	0	1		503
R	WWBOTA	B/OK-3203		2024-10-01		3/1146/A-140Z Jemnice	OKBOTA		JN78SW	0	0	1		503
R	WWBOTA	B/OK-3204		2024-10-01		3/1147/A-120 Jemnice	OKBOTA		JN78SW	0	0	1		503
R	WWBOTA	B/OK-3205		2024-10-01		3/1148/A-160 Jemnice	OKBOTA		JN78SW	0	0	1		503
R	WWBOTA	B/OK-3206		2024-10-01		3/1149/A-180 Jemnice	OKBOTA		JN78SW	0	0	1		503
R	WWBOTA	B/OK-3207		2024-10-01		3/1150/A-160 Jemnice	OKBOTA		JN78SW	0	0	1		503
R	WWBOTA	B/OK-3208		2024-10-01		3/1151/A-120 Jemnice	OKBOTA		JN78SW	0	0	1		503
R	WWBOTA	B/OK-3209		2024-10-01		3/1152/A-120S Jemnice	OKBOTA		JN78SW	0	0	1		503
R	WWBOTA	B/OK-3210		2024-10-01		3/1153/A-140Z Jemnice	OKBOTA		JN78SW	0	0	1		503
R	WWBOTA	B/OK-3211		2024-10-01		3/1154/A-160 Jemnice	OKBOTA		JN78SW	0	0	1		503
R	WWBOTA	B/OK-3212		2024-10-01		3/1155/C1 Jemnice	OKBOTA		JN78SW	0	0	1		503
R	WWBOTA	B/OK-3213		2024-10-01		3/1156/C1 Jemnice	OKBOTA		JN78SW	0	0	1		503
R	WWBOTA	B/OK-3214		2024-10-01		3/1157/A-120 Jemnice	OKBOTA		JN78SW	0	0	1		503
R	WWBOTA	B/OK-3215		2024-10-01		3/1158/A-120Z Jemnice	OKBOTA		JN78SW	0	0	1		503
R	WWBOTA	B/OK-3216		2024-10-01		3/1159/D1 Jemnice	OKBOTA		JN78SW	0	0	1		503
R	WWBOTA	B/OK-3217		2024-10-01		3/1160/A-160Z Jemnice	OKBOTA		JN78SW	0	0	1		503
R	WWBOTA	B/OK-3218		2024-10-01		3/1162/A-140 Jemnice	OKBOTA		JN78SW	0	0	1		503
R	WWBOTA	B/OK-3219		2024-10-01		3/1163/A-140S Jemnice	OKBOTA		JN78SW	0	0	1		503
R	WWBOTA	B/OK-3220		2024-10-01		3/1165/A-180Z Jemnice	OKBOTA		JN78SV	0	0	1		503
R	WWBOTA	B/OK-3221		2024-10-01		3/1166/A-140Z Jemnice	OKBOTA		JN78TV	0	0	1		503
R	WWBOTA	B/OK-3222		2024-10-01		3/1167/A-140Z Jemnice	OKBOTA		JN78SV	0	0	1		503
R	WWBOTA	B/OK-3223		2024-10-01		3/1168/A-140S Jemnice	OKBOTA		JN78SV	0	0	1		503
R	WWBOTA	B/OK-3224		2024-10-01		3/1169/A-120S Jemnice	OKBOTA		JN78TV	0	0	1		503
R	WWBOTA	B/OK-3225		2024-10-01		3/1170/A-180 Jemnice	OKBOTA		JN78TV	0	0	1		503
R	WWBOTA	B/OK-3226		2024-10-01		3/1171/A-160 Jemnice	OKBOTA		JN78TV	0	0	1		503
R	WWBOTA	B/OK-3227		2024-10-01		3/1172/A-140 Jemnice	OKBOTA		JN78TV	0	0	1		503
R	WWBOTA	B/OK-3228		2024-10-01		3/1173/A-140 Jemnice	OKBOTA		JN78TV	0	0	1		503
R	WWBOTA	B/OK-3229		2024-10-01		3/1174/A-160S Jemnice	OKBOTA		JN78TV	0	0	1		503
R	WWBOTA	B/OK-3230		2024-10-01		3/1175/A-120S Jemnice	OKBOTA		JN78TV	0	0	1		503
R	WWBOTA	B/OK-3231		2024-10-01		3/1176/A-120Z Jemnice	OKBOTA		JN78TV	0	0	1		503
R	WWBOTA	B/OK-3232		2024-10-01		3/1177/A-120 Jemnice	OKBOTA		JN78TV	0	0	1		503
R	WWBOTA	B/OK-3233		2024-10-01		3/1178/A-140S Jemnice	OKBOTA		JN78TV	0	0	1		503
R	WWBOTA	B/OK-3234		2024-10-01		3/1179/C1 Jemnice	OKBOTA		JN78TV	0	0	1		503
R	WWBOTA	B/OK-3235		2024-10-01		3/1180/A-120 Jemnice	OKBOTA		JN78TV	0	0	1		503
R	WWBOTA	B/OK-3236		2024-10-01		3/1181/C1 Jemnice	OKBOTA		JN78UV	0	0	1		503
R	WWBOTA	B/OK-3237		2024-10-01		3/1182/A-120 Jemnice	OKBOTA		JN78TV	0	0	1		503
R	WWBOTA	B/OK-3238		2024-10-01		3/1183/A-160 Jemnice	OKBOTA		JN78TV	0	0	1		503
R	WWBOTA	B/OK-3239		2024-10-01		3/1184/A-140 Jemnice	OKBOTA		JN78TV	0	0	1		503
R	WWBOTA	B/OK-3240		2024-10-01		3/1185/A-140 Jemnice	OKBOTA		JN78TV	0	0	1		503
R	WWBOTA	B/OK-3241		2024-10-01		3/1186/A-120 Jemnice	OKBOTA		JN78TV	0	0	1		503
R	WWBOTA	B/OK-3242		2024-10-01		3/1187/A-140 Jemnice	OKBOTA		JN78TV	0	0	1		503
R	WWBOTA	B/OK-3243		2024-10-01		3/1188/A-160 Jemnice	OKBOTA		JN78TV	0	0	1		503
R	WWBOTA	B/OK-3244		2024-10-01		3/1189/A-180 Jemnice	OKBOTA		JN78TV	0	0	1		503
R	WWBOTA	B/OK-3245		2024-10-01		3/1190/C2 Jemnice	OKBOTA		JN78TV	0	0	1		503
R	WWBOTA	B/OK-3246		2024-10-01		3/1191/A-140 Jemnice	OKBOTA		JN78TV	0	0	1		503
R	WWBOTA	B/OK-3247		2024-10-01		3/1192/C1 Jemnice	OKBOTA		JN78TV	0	0	1		503
R	WWBOTA	B/OK-3248		2024-10-01		3/1193/A-140 Jemnice	OKBOTA		JN78TV	0	0	1		503
R	WWBOTA	B/OK-3249		2024-10-01		3/1194/A-120 Jemnice	OKBOTA		JN78TV	0	0	1		503
R	WWBOTA	B/OK-3250		2024-10-01		3/1195/A-140 Jemnice	OKBOTA		JN78TV	0	0	1		503
R	WWBOTA	B/OK-3251		2024-10-01		3/1196/C2 Jemnice	OKBOTA		JN78TV	0	0	1		503
R	WWBOTA	B/OK-3252		2024-10-01		3/1197/A-120 Jemnice	OKBOTA		JN78UV	0	0	1		503
R	WWBOTA	B/OK-3253		2024-10-01		3/1198/C1 Jemnice	OKBOTA		JN78UV	0	0	1		503
R	WWBOTA	B/OK-3254		2024-10-01		4/2279/A-120 Novosedly	OKBOTA		JN88FT	0	0	1		503
R	WWBOTA	B/OK-3255		2024-10-01		4/2280/A-180 Novosedly	OKBOTA		JN88FS	0	0	1		503
R	WWBOTA	B/OK-3256		2024-10-01		4/2281/A-160Z Novosedly	OKBOTA		JN88FT	0	0	1		503
R	WWBOTA	B/OK-3257		2024-10-01		4/2282/A-160 Novosedly	OKBOTA		JN88FT	0	0	1		503
R	WWBOTA	B/OK-3258		2024-10-01		4/2283/A-180 Novosedly	OKBOTA		JN88FT	0	0	1		503
R	WWBOTA	B/OK-3259		2024-10-01		4/2284/A-140 Novosedly	OKBOTA		JN88FT	0	0	1		503
R	WWBOTA	B/OK-3260		2024-10-01		4/2285/A-180Z Novosedly	OKBOTA		JN88FT	0	0	1		503
R	WWBOTA	B/OK-3261		2024-10-01		4/2286/A-160 Novosedly	OKBOTA		JN88FT	0	0	1		503
R	WWBOTA	B/OK-3262		2024-10-01		4/2287/A-140 Novosedly	OKBOTA		JN88FT	0	0	1		503
R	WWBOTA	B/OK-3263		2024-10-01		4/2288/A-120 Novosedly	OKBOTA		JN88FT	0	0	1		503
R	WWBOTA	B/OK-3264		2024-10-01		4/2289/A-140 Novosedly	OKBOTA		JN88FT	0	0	1		503
R	WWBOTA	B/OK-3265		2024-10-01		4/2290/A-160 Novosedly	OKBOTA		JN88FT	0	0	1		503
R	WWBOTA	B/OK-3266		2024-10-01		4/2291/A-180S Novosedly	OKBOTA		JN88FT	0	0	1		503
R	WWBOTA	B/OK-3267		2024-10-01		4/2292/A-160 Novosedly	OKBOTA		JN88FT	0	0	1		503
R	WWBOTA	B/OK-3268		2024-10-01		4/2293/A-160 Novosedly	OKBOTA		JN88FT	0	0	1		503
R	WWBOTA	B/OK-3269		2024-10-01		4/2294/D1 Novosedly	OKBOTA		JN88FT	0	0	1		503
R	WWBOTA	B/OK-3270		2024-10-01		4/2295/D2 Novosedly	OKBOTA		JN88FT	0	0	1		503
R	WWBOTA	B/OK-3271		2024-10-01		4/3042/D1 Novosedly	OKBOTA		JN88GT	0	0	1		503
R	WWBOTA	B/OK-3272		2024-10-01		4/3043/A-120 Novosedly	OKBOTA		JN88FT	0	0	1		503
R	WWBOTA	B/OK-3273		2024-10-01		4/3044/A-120 Novosedly	OKBOTA		JN88FT	0	0	1		503
R	WWBOTA	B/OK-3274		2024-10-01		4/3045/A-160 Novosedly	OKBOTA		JN88FT	0	0	1		503
R	WWBOTA	B/OK-3275		2024-10-01		4/3046/A-160 Novosedly	OKBOTA		JN88FT	0	0	1		503
R	WWBOTA	B/OK-3276		2024-10-01		4/3047/A-160 Novosedly	OKBOTA		JN88FT	0	0	1		503
R	WWBOTA	B/OK-3277		2024-10-01		4/3048/A-140 Novosedly	OKBOTA		JN88GT	0	0	1		503
R	WWBOTA	B/OK-3278		2024-10-01		4/3049/E Novosedly	OKBOTA		JN88GU	0	0	1		503
R	WWBOTA	B/OK-3279		2024-10-01		4/3050/A-140S Novosedly	OKBOTA		JN88GU	0	0	1		503
R	WWBOTA	B/OK-3280		2024-10-01		4/3051/D1 Novosedly	OKBOTA		JN88GT	0	0	1		503
R	WWBOTA	B/OK-3281		2024-10-01		4/3052/A-140S Novosedly	OKBOTA		JN88GT	0	0	1		503
R	WWBOTA	B/OK-3282		2024-10-01		4/3053/B1-100 Novosedly	OKBOTA		JN88GU	0	0	1		503
R	WWBOTA	B/OK-3283		2024-10-01		4/3054/A-140 Novosedly	OKBOTA		JN88GU	0	0	1		503
R	WWBOTA	B/OK-3284		2024-10-01		4/3055/A-160 Novosedly	OKBOTA		JN88GU	0	0	1		503
R	WWBOTA	B/OK-3285		2024-10-01		4/3056/A-160 Novosedly	OKBOTA		JN88GU	0	0	1		503
R	WWBOTA	B/OK-3286		2024-10-01		4/3057/A-140 Novosedly	OKBOTA		JN88GU	0	0	1		503
R	WWBOTA	B/OK-3287		2024-10-01		4/3058/A-140S Novosedly	OKBOTA		JN88GT	0	0	1		503
R	WWBOTA	B/OK-3288		2024-10-01		4/3059/A-140 Novosedly	OKBOTA		JN88GU	0	0	1		503
R	WWBOTA	B/OK-3289		2024-10-01		4/3060/A-140S Novosedly	OKBOTA		JN88GU	0	0	1		503
R	WWBOTA	B/OK-3290		2024-10-01		4/3061/A-140S Novosedly	OKBOTA		JN88GT	0	0	1		503
R	WWBOTA	B/OK-3291		2024-10-01		4/3062/C1 Novosedly	OKBOTA		JN88GU	0	0	1		503
R	WWBOTA	B/OK-3292		2024-10-01		4/3063/A-140S Novosedly	OKBOTA		JN88GT	0	0	1		503
R	WWBOTA	B/OK-3293		2024-10-01		4/3064/A-120 Novosedly	OKBOTA		JN88GT	0	0	1		503
R	WWBOTA	B/OK-3294		2024-10-01		4/3065/A-140Z Novosedly	OKBOTA		JN88GT	0	0	1		503
R	WWBOTA	B/OK-3295		2024-10-01		4/3066/D2 Novosedly	OKBOTA		JN88GT	0	0	1		503
R	WWBOTA	B/OK-3296		2024-10-01		4/3067/D1 Novosedly	OKBOTA		JN88GT	0	0	1		503
R	WWBOTA	B/OK-3297		2024-10-01		4/3068/A-140S Novosedly	OKBOTA		JN88GT	0	0	1		503
R	WWBOTA	B/OK-3298		2024-10-01		4/3069/A-200 Novosedly	OKBOTA		JN88GT	0	0	1		503
R	WWBOTA	B/OK-3299		2024-10-01		4/3070/A-140S Novosedly	OKBOTA		JN88GT	0	0	1		503
R	WWBOTA	B/OK-3300		2024-10-01		4/3071/A-120 Novosedly	OKBOTA		JN88HT	0	0	1		503
R	WWBOTA	B/OK-3301		2024-10-01		4/3072/A-160S Novosedly	OKBOTA		JN88GT	0	0	1		503
R	WWBOTA	B/OK-3302		2024-10-01		4/3073/A-120 Novosedly	OKBOTA		JN88HT	0	0	1		503
R	WWBOTA	B/OK-3303		2024-10-01		4/3074/A-140Z Novosedly	OKBOTA		JN88HT	0	0	1		503
R	WWBOTA	B/OK-3304		2024-10-01		4/3075/A-140 Novosedly	OKBOTA		JN88HT	0	0	1		503
R	WWBOTA	B/OK-3305		2024-10-01		4/3076/A-160 Novosedly	OKBOTA		JN88HT	0	0	1		503
R	WWBOTA	B/OK-3306		2024-10-01		4/3077/D1 Novosedly	OKBOTA		JN88HT	0	0	1		503
R	WWBOTA	B/OK-3307		2024-10-01		4/3110/E Novosedly	OKBOTA		JN88GT	0	0	1		503
R	WWBOTA	B/OK-3308		2024-10-01		5/1199/C1 Vranov [nad Dyjí]	OKBOTA		JN78UV	0	0	1		503
R	WWBOTA	B/OK-3309		2024-10-01		5/1200/A-120 Vranov [nad Dyjí]	OKBOTA		JN78UV	0	0	1		503
R	WWBOTA	B/OK-3310		2024-10-01		5/1201/C-180 Vranov [nad Dyjí]	OKBOTA		JN78UV	0	0	1		503
R	WWBOTA	B/OK-3311		2024-10-01		5/1202/C2 Vranov [nad Dyjí]	OKBOTA		JN78UW	0	0	1		503
R	WWBOTA	B/OK-3312		2024-10-01		5/1203/C2 Vranov [nad Dyjí]	OKBOTA		JN78UV	0	0	1		503
R	WWBOTA	B/OK-3313		2024-10-01		5/1204/C2 Vranov [nad Dyjí]	OKBOTA		JN78UV	0	0	1		503
R	WWBOTA	B/OK-3314		2024-10-01		5/1205/C2 Vranov [nad Dyjí]	OKBOTA		JN78UW	0	0	1		503
R	WWBOTA	B/OK-3315		2024-10-01		5/1206/C1 Vranov [nad Dyjí]	OKBOTA		JN78UW	0	0	1		503
R	WWBOTA	B/OK-3316		2024-10-01		5/1207/C2 Vranov [nad Dyjí]	OKBOTA		JN78UW	0	0	1		503
R	WWBOTA	B/OK-3317		2024-10-01		5/1208/C2 Vranov [nad Dyjí]	OKBOTA		JN78UW	0	0	1		503
R	WWBOTA	B/OK-3318		2024-10-01		5/1209/C1 Vranov [nad Dyjí]	OKBOTA		JN78UW	0	0	1		503
R	WWBOTA	B/OK-3319		2024-10-01		5/1210/C2 Vranov [nad Dyjí]	OKBOTA		JN78UW	0	0	1		503
R	WWBOTA	B/OK-3320		2024-10-01		5/1211/D2 Vranov [nad Dyjí]	OKBOTA		JN78UW	0	0	1		503
R	WWBOTA	B/OK-3321		2024-10-01		5/1212/A-120 Vranov [nad Dyjí]	OKBOTA		JN78UW	0	0	1		503
R	WWBOTA	B/OK-3322		2024-10-01		5/1213/E Vranov [nad Dyjí]	OKBOTA		JN78UW	0	0	1		503
R	WWBOTA	B/OK-3323		2024-10-01		5/1214/C-180 Vranov [nad Dyjí]	OKBOTA		JN78UW	0	0	1		503
R	WWBOTA	B/OK-3324		2024-10-01		5/1215/C1 Vranov [nad Dyjí]	OKBOTA		JN78UW	0	0	1		503
R	WWBOTA	B/OK-3325		2024-10-01		5/1216/C-180 Vranov [nad Dyjí]	OKBOTA		JN78VW	0	0	1		503
R	WWBOTA	B/OK-3326		2024-10-01		5/1218/C2 Vranov [nad Dyjí]	OKBOTA		JN78VW	0	0	1		503
R	WWBOTA	B/OK-3327		2024-10-01		5/1219/C1 Vranov [nad Dyjí]	OKBOTA		JN78VW	0	0	1		503
R	WWBOTA	B/OK-3328		2024-10-01		5/1220/C2 Vranov [nad Dyjí]	OKBOTA		JN78UV	0	0	1		503
R	WWBOTA	B/OK-3329		2024-10-01		5/1223/C2 Vranov [nad Dyjí]	OKBOTA		JN78VW	0	0	1		503
R	WWBOTA	B/OK-3330		2024-10-01		5/1224/C1 Vranov [nad Dyjí]	OKBOTA		JN78VW	0	0	1		503
R	WWBOTA	B/OK-3331		2024-10-01		5/1225/A-120 Vranov [nad Dyjí]	OKBOTA		JN78VV	0	0	1		503
R	WWBOTA	B/OK-3332		2024-10-01		5/1226/A-120 Vranov [nad Dyjí]	OKBOTA		JN78VV	0	0	1		503
R	WWBOTA	B/OK-3333		2024-10-01		5/1227/B2-80 Vranov [nad Dyjí]	OKBOTA		JN78VV	0	0	1		503
R	WWBOTA	B/OK-3334		2024-10-01		5/1228/C1 Vranov [nad Dyjí]	OKBOTA		JN78VV	0	0	1		503
R	WWBOTA	B/OK-3335		2024-10-01		5/1229/A-160S Vranov [nad Dyjí]	OKBOTA		JN78VV	0	0	1		503
R	WWBOTA	B/OK-3336		2024-10-01		5/1230/C2 Vranov [nad Dyjí]	OKBOTA		JN78VV	0	0	1		503
R	WWBOTA	B/OK-3337		2024-10-01		5/1231/B1-90 Vranov [nad Dyjí]	OKBOTA		JN78VV	0	0	1		503
R	WWBOTA	B/OK-3338		2024-10-01		5/1232/A-120S Vranov [nad Dyjí]	OKBOTA		JN78VV	0	0	1		503
R	WWBOTA	B/OK-3339		2024-10-01		5/1233/C2 Vranov [nad Dyjí]	OKBOTA		JN78VV	0	0	1		503
R	WWBOTA	B/OK-3340		2024-10-01		5/1234/A-120 Vranov [nad Dyjí]	OKBOTA		JN78VV	0	0	1		503
R	WWBOTA	B/OK-3341		2024-10-01		5/1235/A-160 Vranov [nad Dyjí]	OKBOTA		JN78VV	0	0	1		503
R	WWBOTA	B/OK-3342		2024-10-01		5/1237/B1-80 Vranov [nad Dyjí]	OKBOTA		JN78VV	0	0	1		503
R	WWBOTA	B/OK-3343		2024-10-01		5/1238/E Vranov [nad Dyjí]	OKBOTA		JN78VV	0	0	1		503
R	WWBOTA	B/OK-3344		2024-10-01		5/1239/E Vranov [nad Dyjí]	OKBOTA		JN78VV	0	0	1		503
R	WWBOTA	B/OK-3345		2024-10-01		5/1240/A-120 Vranov [nad Dyjí]	OKBOTA		JN78VV	0	0	1		503
R	WWBOTA	B/OK-3346		2024-10-01		5/1241/A-220 Vranov [nad Dyjí]	OKBOTA		JN78VV	0	0	1		503
R	WWBOTA	B/OK-3347		2024-10-01		5/1242/A-160X Vranov [nad Dyjí]	OKBOTA		JN78VV	0	0	1		503
R	WWBOTA	B/OK-3348		2024-10-01		5/1243/C1 Vranov [nad Dyjí]	OKBOTA		JN78VV	0	0	1		503
R	WWBOTA	B/OK-3349		2024-10-01		5/1244/C2 Vranov [nad Dyjí]	OKBOTA		JN78VV	0	0	1		503
R	WWBOTA	B/OK-3350		2024-10-01		5/2057/A-140X Vranov [nad Dyjí]	OKBOTA		JN78WU	0	0	1		503
R	WWBOTA	B/OK-3351		2024-10-01		5/2058/A-160 Vranov [nad Dyjí]	OKBOTA		JN78WV	0	0	1		503
R	WWBOTA	B/OK-3352		2024-10-01		5/2059/A-120Y Vranov [nad Dyjí]	OKBOTA		JN78WU	0	0	1		503
R	WWBOTA	B/OK-3353		2024-10-01		5/2060/A-120S Vranov [nad Dyjí]	OKBOTA		JN78WV	0	0	1		503
R	WWBOTA	B/OK-3354		2024-10-01		5/2061/A-140S Vranov [nad Dyjí]	OKBOTA		JN78WV	0	0	1		503
R	WWBOTA	B/OK-3355		2024-10-01		5/2062/A-140Y Vranov [nad Dyjí]	OKBOTA		JN78WU	0	0	1		503
R	WWBOTA	B/OK-3356		2024-10-01		5/2063/A-140X Vranov [nad Dyjí]	OKBOTA		JN78WU	0	0	1		503
R	WWBOTA	B/OK-3357		2024-10-01		5/2064/C-180 Vranov [nad Dyjí]	OKBOTA		JN78WU	0	0	1		503
R	WWBOTA	B/OK-3358		2024-10-01		5/2065/A-120 Vranov [nad Dyjí]	OKBOTA		JN78WV	0	0	1		503
R	WWBOTA	B/OK-3359		2024-10-01		5/2066/C1 Vranov [nad Dyjí]	OKBOTA		JN78WU	0	0	1		503
R	WWBOTA	B/OK-3360		2024-10-01		5/2067/C1 Vranov [nad Dyjí]	OKBOTA		JN78WU	0	0	1		503
R	WWBOTA	B/OK-3361		2024-10-01		5/2067a/C2 Vranov [nad Dyjí]	OKBOTA		JN78WU	0	0	1		503
R	WWBOTA	B/OK-3362		2024-10-01		5/2068/C-180 Vranov [nad Dyjí]	OKBOTA		JN78WU	0	0	1		503
R	WWBOTA	B/OK-3363		2024-10-01		5/2069/A-120 Vranov [nad Dyjí]	OKBOTA		JN78WU	0	0	1		503
R	WWBOTA	B/OK-3364		2024-10-01		5/2070/A-120 Vranov [nad Dyjí]	OKBOTA		JN78WU	0	0	1		503
R	WWBOTA	B/OK-3365		2024-10-01		5/2070/A-160S Vranov [nad Dyjí]	OKBOTA		JN78WU	0	0	1		503
R	WWBOTA	B/OK-3366		2024-10-01		5/2071/A-140S Vranov [nad Dyjí]	OKBOTA		JN78WU	0	0	1		503
R	WWBOTA	B/OK-3367		2024-10-01		5/2072/C2S Vranov [nad Dyjí]	OKBOTA		JN78WU	0	0	1		503
R	WWBOTA	B/OK-3368		2024-10-01		5/2073/A-120 Vranov [nad Dyjí]	OKBOTA		JN78WU	0	0	1		503
R	WWBOTA	B/OK-3369		2024-10-01		5/2075/C1 Vranov [nad Dyjí]	OKBOTA		JN78WU	0	0	1		503
R	WWBOTA	B/OK-3370		2024-10-01		5/2076/A-120S Vranov [nad Dyjí]	OKBOTA		JN78XU	0	0	1		503
R	WWBOTA	B/OK-3371		2024-10-01		5/2077/A-140 Vranov [nad Dyjí]	OKBOTA		JN78XU	0	0	1		503
R	WWBOTA	B/OK-3372		2024-10-01		5/2078/A-180 Vranov [nad Dyjí]	OKBOTA		JN78XU	0	0	1		503
R	WWBOTA	B/OK-3373		2024-10-01		5/2080/D1 Vranov [nad Dyjí]	OKBOTA		JN78XU	0	0	1		503
R	WWBOTA	B/OK-3374		2024-10-01		5/2081/A-120X Vranov [nad Dyjí]	OKBOTA		JN78XU	0	0	1		503
R	WWBOTA	B/OK-3375		2024-10-01		5/2082/A-140 Vranov [nad Dyjí]	OKBOTA		JN78XU	0	0	1		503
R	WWBOTA	B/OK-3376		2024-10-01		5/2083/D2 Vranov [nad Dyjí]	OKBOTA		JN78XU	0	0	1		503
R	WWBOTA	B/OK-3377		2024-10-01		5/2084/D2 Vranov [nad Dyjí]	OKBOTA		JN78XU	0	0	1		503
R	WWBOTA	B/OK-3378		2024-10-01		5/2086/A-160 Vranov [nad Dyjí]	OKBOTA		JN78XU	0	0	1		503
R	WWBOTA	B/OK-3379		2024-10-01		5/2087/A-140 Vranov [nad Dyjí]	OKBOTA		JN78XU	0	0	1		503
R	WWBOTA	B/OK-3380		2024-10-01		5/2088/A-140 Vranov [nad Dyjí]	OKBOTA		JN78XU	0	0	1		503
R	WWBOTA	B/OK-3381		2024-10-01		5/2089/A-160 Vranov [nad Dyjí]	OKBOTA		JN78XU	0	0	1		503
R	WWBOTA	B/OK-3382		2024-10-01		5/2091/A-120 Vranov [nad Dyjí]	OKBOTA		JN78XU	0	0	1		503
R	WWBOTA	B/OK-3383		2024-10-01		5/2092/C2 Vranov [nad Dyjí]	OKBOTA		JN78XT	0	0	1		503
R	WWBOTA	B/OK-3384		2024-10-01		5/2093/C1 Vranov [nad Dyjí]	OKBOTA		JN78XT	0	0	1		503
R	WWBOTA	B/OK-3385		2024-10-01		5/2094/A-120Z Vranov [nad Dyjí]	OKBOTA		JN78XT	0	0	1		503
R	WWBOTA	B/OK-3386		2024-10-01		5/2095/A-160 Vranov [nad Dyjí]	OKBOTA		JN78XU	0	0	1		503
R	WWBOTA	B/OK-3387		2024-10-01		5/2298/C2 Vranov [nad Dyjí]	OKBOTA		JN78WU	0	0	1		503
R	WWBOTA	B/OK-3388		2024-10-01		5/2299/C2 Vranov [nad Dyjí]	OKBOTA		JN78XT	0	0	1		503
R	WWBOTA	B/OK-3389		2024-10-01		5/2300/C1 Vranov [nad Dyjí]	OKBOTA		JN78XT	0	0	1		503
R	WWBOTA	B/OK-3390		2024-10-01		5/2310/A-120 Vranov [nad Dyjí]	OKBOTA		JN78XU	0	0	1		503
R	WWBOTA	B/OK-3391		2024-10-01		5/2311/D1 Vranov [nad Dyjí]	OKBOTA		JN78XU	0	0	1		503
R	WWBOTA	B/OK-3392		2024-10-01		6/1/A-140 Mikulov	OKBOTA		JN88HT	0	0	1		503
R	WWBOTA	B/OK-3393		2024-10-01		6/10/A-120 Mikulov	OKBOTA		JN88HT	0	0	1		503
R	WWBOTA	B/OK-3394		2024-10-01		6/11/A-120 Mikulov	OKBOTA		JN88HT	0	0	1		503
R	WWBOTA	B/OK-3395		2024-10-01		6/12/A-140Z Mikulov	OKBOTA		JN88HT	0	0	1		503
R	WWBOTA	B/OK-3396		2024-10-01		6/14/A-160 Mikulov	OKBOTA		JN88HT	0	0	1		503
R	WWBOTA	B/OK-3397		2024-10-01		6/15/B2-90 Mikulov	OKBOTA		JN88HT	0	0	1		503
R	WWBOTA	B/OK-3398		2024-10-01		6/16/A-140Z Mikulov	OKBOTA		JN88HT	0	0	1		503
R	WWBOTA	B/OK-3399		2024-10-01		6/17/A-140Z Mikulov	OKBOTA		JN88HS	0	0	1		503
R	WWBOTA	B/OK-3400		2024-10-01		6/18/A-140 Mikulov	OKBOTA		JN88IT	0	0	1		503
R	WWBOTA	B/OK-3401		2024-10-01		6/19/B2-100 Mikulov	OKBOTA		JN88IT	0	0	1		503
R	WWBOTA	B/OK-3402		2024-10-01		6/2/A-180S Mikulov	OKBOTA		JN88HT	0	0	1		503
R	WWBOTA	B/OK-3403		2024-10-01		6/20/A-120S Mikulov	OKBOTA		JN88IT	0	0	1		503
R	WWBOTA	B/OK-3404		2024-10-01		6/21/A-120Z Mikulov	OKBOTA		JN88IS	0	0	1		503
R	WWBOTA	B/OK-3405		2024-10-01		6/22/A-180 Mikulov	OKBOTA		JN88IS	0	0	1		503
R	WWBOTA	B/OK-3406		2024-10-01		6/23/A-160S Mikulov	OKBOTA		JN88IS	0	0	1		503
R	WWBOTA	B/OK-3407		2024-10-01		6/24/A-140Z Mikulov	OKBOTA		JN88IS	0	0	1		503
R	WWBOTA	B/OK-3408		2024-10-01		6/25/A-160Z Mikulov	OKBOTA		JN88IS	0	0	1		503
R	WWBOTA	B/OK-3409		2024-10-01		6/26/A-140 Mikulov	OKBOTA		JN88IS	0	0	1		503
R	WWBOTA	B/OK-3410		2024-10-01		6/27/A-120 Mikulov	OKBOTA		JN88IS	0	0	1		503
R	WWBOTA	B/OK-3411		2024-10-01		6/28/A-140 Mikulov	OKBOTA		JN88IS	0	0	1		503
R	WWBOTA	B/OK-3412		2024-10-01		6/29/A-120 Mikulov	OKBOTA		JN88IS	0	0	1		503
R	WWBOTA	B/OK-3413		2024-10-01		6/3/A-140Z Mikulov	OKBOTA		JN88HT	0	0	1		503
R	WWBOTA	B/OK-3414		2024-10-01		6/30/E Mikulov	OKBOTA		JN88HT	0	0	1		503
R	WWBOTA	B/OK-3415		2024-10-01		6/31/A-160S Mikulov	OKBOTA		JN88IS	0	0	1		503
R	WWBOTA	B/OK-3416		2024-10-01		6/32/A-160 Mikulov	OKBOTA		JN88IS	0	0	1		503
R	WWBOTA	B/OK-3417		2024-10-01		6/34/A-120 Mikulov	OKBOTA		JN88IS	0	0	1		503
R	WWBOTA	B/OK-3418		2024-10-01		6/35/A-140 Mikulov	OKBOTA		JN88IS	0	0	1		503
R	WWBOTA	B/OK-3419		2024-10-01		6/36/C2 Mikulov	OKBOTA		JN88IS	0	0	1		503
R	WWBOTA	B/OK-3420		2024-10-01		6/37/A-120S Mikulov	OKBOTA		JN88IS	0	0	1		503
R	WWBOTA	B/OK-3421		2024-10-01		6/38/D2 Mikulov	OKBOTA		JN88IS	0	0	1		503
R	WWBOTA	B/OK-3422		2024-10-01		6/39/B2-90S Mikulov	OKBOTA		JN88IS	0	0	1		503
R	WWBOTA	B/OK-3423		2024-10-01		6/4/D1 Mikulov	OKBOTA		JN88HT	0	0	1		503
R	WWBOTA	B/OK-3424		2024-10-01		6/40/B2-80 Mikulov	OKBOTA		JN88IS	0	0	1		503
R	WWBOTA	B/OK-3425		2024-10-01		6/41/A-140 Mikulov	OKBOTA		JN88IS	0	0	1		503
R	WWBOTA	B/OK-3426		2024-10-01		6/42/A-140 Mikulov	OKBOTA		JN88IS	0	0	1		503
R	WWBOTA	B/OK-3427		2024-10-01		6/43/C2S Mikulov	OKBOTA		JN88IS	0	0	1		503
R	WWBOTA	B/OK-3428		2024-10-01		6/44/A-160Z Mikulov	OKBOTA		JN88IS	0	0	1		503
R	WWBOTA	B/OK-3429		2024-10-01		6/45/A-160 Mikulov	OKBOTA		JN88IS	0	0	1		503
R	WWBOTA	B/OK-3430		2024-10-01		6/47/C2 Mikulov	OKBOTA		JN88JS	0	0	1		503
R	WWBOTA	B/OK-3431		2024-10-01		6/48/A-120 Mikulov	OKBOTA		JN88JS	0	0	1		503
R	WWBOTA	B/OK-3432		2024-10-01		6/49/A-140 Mikulov	OKBOTA		JN88JS	0	0	1		503
R	WWBOTA	B/OK-3433		2024-10-01		6/5/A-160Z Mikulov	OKBOTA		JN88HT	0	0	1		503
R	WWBOTA	B/OK-3434		2024-10-01		6/50/D2 Mikulov	OKBOTA		JN88JS	0	0	1		503
R	WWBOTA	B/OK-3435		2024-10-01		6/51/A-120S Mikulov	OKBOTA		JN88JS	0	0	1		503
R	WWBOTA	B/OK-3436		2024-10-01		6/52/A-160S Mikulov	OKBOTA		JN88JS	0	0	1		503
R	WWBOTA	B/OK-3437		2024-10-01		6/53/A-120S Mikulov	OKBOTA		JN88JS	0	0	1		503
R	WWBOTA	B/OK-3438		2024-10-01		6/54/A-180 Mikulov	OKBOTA		JN88JS	0	0	1		503
R	WWBOTA	B/OK-3439		2024-10-01		6/59/B1-80 Mikulov	OKBOTA		JN88JS	0	0	1		503
R	WWBOTA	B/OK-3440		2024-10-01		6/6/A-140Z Mikulov	OKBOTA		JN88HT	0	0	1		503
R	WWBOTA	B/OK-3441		2024-10-01		6/60/B1-90 Mikulov	OKBOTA		JN88JS	0	0	1		503
R	WWBOTA	B/OK-3442		2024-10-01		6/61/A-140 Mikulov	OKBOTA		JN88JS	0	0	1		503
R	WWBOTA	B/OK-3443		2024-10-01		6/64/A-140 Mikulov	OKBOTA		JN88JS	0	0	1		503
R	WWBOTA	B/OK-3444		2024-10-01		6/65/A-140 Mikulov	OKBOTA		JN88JS	0	0	1		503
R	WWBOTA	B/OK-3445		2024-10-01		6/66/A-140S Mikulov	OKBOTA		JN88JR	0	0	1		503
R	WWBOTA	B/OK-3446		2024-10-01		6/67/A-120Z Mikulov	OKBOTA		JN88JR	0	0	1		503
R	WWBOTA	B/OK-3447		2024-10-01		6/68/A-160S Mikulov	OKBOTA		JN88JR	0	0	1		503
R	WWBOTA	B/OK-3448		2024-10-01		6/7/A-160Z Mikulov	OKBOTA		JN88HS	0	0	1		503
R	WWBOTA	B/OK-3449		2024-10-01		6/8/A-160S Mikulov	OKBOTA		JN88HT	0	0	1		503
R	WWBOTA	B/OK-3450		2024-10-01		6/9/A-140 Mikulov	OKBOTA		JN88HT	0	0	1		503
R	WWBOTA	B/OK-3451		2024-10-01		7/II/100/A-140 Znojmo I	OKBOTA		JN88AT	0	0	1		503
R	WWBOTA	B/OK-3452		2024-10-01		7/II/101/A-140Z Znojmo I	OKBOTA		JN78XT	0	0	1		503
R	WWBOTA	B/OK-3453		2024-10-01		7/II/102/A-140Z Znojmo I	OKBOTA		JN78XT	0	0	1		503
R	WWBOTA	B/OK-3454		2024-10-01		7/II/103/A-160Z Znojmo I	OKBOTA		JN78XT	0	0	1		503
R	WWBOTA	B/OK-3455		2024-10-01		7/II/104/D2 Znojmo I	OKBOTA		JN78XT	0	0	1		503
R	WWBOTA	B/OK-3456		2024-10-01		7/II/105/D2S Znojmo I	OKBOTA		JN78XT	0	0	1		503
R	WWBOTA	B/OK-3457		2024-10-01		7/I/106/D1 Znojmo I	OKBOTA		JN78XT	0	0	1		503
R	WWBOTA	B/OK-3458		2024-10-01		7/II/107/C1 Znojmo I	OKBOTA		JN78XT	0	0	1		503
R	WWBOTA	B/OK-3459		2024-10-01		7/II/108/A-120Z Znojmo I	OKBOTA		JN78XT	0	0	1		503
R	WWBOTA	B/OK-3460		2024-10-01		7/I/60/A-160 Znojmo I	OKBOTA		JN88CS	0	0	1		503
R	WWBOTA	B/OK-3461		2024-10-01		7/I/61/A-140 Znojmo I	OKBOTA		JN88BS	0	0	1		503
R	WWBOTA	B/OK-3462		2024-10-01		7/I/62/A-140S Znojmo I	OKBOTA		JN88BS	0	0	1		503
R	WWBOTA	B/OK-3463		2024-10-01		7/I/63/A-140S Znojmo I	OKBOTA		JN88BS	0	0	1		503
R	WWBOTA	B/OK-3464		2024-10-01		7/I/64/A-140 Znojmo I	OKBOTA		JN88BS	0	0	1		503
R	WWBOTA	B/OK-3465		2024-10-01		7/I/65/A-120S Znojmo I	OKBOTA		JN88BT	0	0	1		503
R	WWBOTA	B/OK-3466		2024-10-01		7/I/66/A-120 Znojmo I	OKBOTA		JN88BT	0	0	1		503
R	WWBOTA	B/OK-3467		2024-10-01		7/I/67/A-160S Znojmo I	OKBOTA		JN88BS	0	0	1		503
R	WWBOTA	B/OK-3468		2024-10-01		7/I/68/A-160S Znojmo I	OKBOTA		JN88BS	0	0	1		503
R	WWBOTA	B/OK-3469		2024-10-01		7/II/71/A-120 Znojmo I	OKBOTA		JN88BT	0	0	1		503
R	WWBOTA	B/OK-3470		2024-10-01		7/I/72/A-120 Znojmo I	OKBOTA		JN88BT	0	0	1		503
R	WWBOTA	B/OK-3471		2024-10-01		7/I/73/A-140 Znojmo I	OKBOTA		JN88BT	0	0	1		503
R	WWBOTA	B/OK-3472		2024-10-01		7/II/74/A-120 Znojmo I	OKBOTA		JN88BT	0	0	1		503
R	WWBOTA	B/OK-3473		2024-10-01		7/II/75/A-120Z Znojmo I	OKBOTA		JN88BT	0	0	1		503
R	WWBOTA	B/OK-3474		2024-10-01		7/II/76/A-140Z Znojmo I	OKBOTA		JN88BT	0	0	1		503
R	WWBOTA	B/OK-3475		2024-10-01		7/II/77/A-120Z Znojmo I	OKBOTA		JN88AT	0	0	1		503
R	WWBOTA	B/OK-3476		2024-10-01		7/II/78/A-160 Znojmo I	OKBOTA		JN88AS	0	0	1		503
R	WWBOTA	B/OK-3477		2024-10-01		7/II/79/A-160 Znojmo I	OKBOTA		JN88AS	0	0	1		503
R	WWBOTA	B/OK-3478		2024-10-01		7/II/80/A-140S Znojmo I	OKBOTA		JN88AT	0	0	1		503
R	WWBOTA	B/OK-3479		2024-10-01		7/II/81/A-120 Znojmo I	OKBOTA		JN88AT	0	0	1		503
R	WWBOTA	B/OK-3480		2024-10-01		7/II/82/A-140 Znojmo I	OKBOTA		JN88AT	0	0	1		503
R	WWBOTA	B/OK-3481		2024-10-01		7/II/83/A-120Z Znojmo I	OKBOTA		JN88AT	0	0	1		503
R	WWBOTA	B/OK-3482		2024-10-01		7/II/84/A-120 Znojmo I	OKBOTA		JN88AT	0	0	1		503
R	WWBOTA	B/OK-3483		2024-10-01		7/II/85/A-120S Znojmo I	OKBOTA		JN88AT	0	0	1		503
R	WWBOTA	B/OK-3484		2024-10-01		7/II/86/A-120 Znojmo I	OKBOTA		JN88AT	0	0	1		503
R	WWBOTA	B/OK-3485		2024-10-01		7/II/87/A-160 Znojmo I	OKBOTA		JN88AT	0	0	1		503
R	WWBOTA	B/OK-3486		2024-10-01		7/II/88/A-120S Znojmo I	OKBOTA		JN88AT	0	0	1		503
R	WWBOTA	B/OK-3487		2024-10-01		7/II/89/A-120S Znojmo I	OKBOTA		JN88AT	0	0	1		503
R	WWBOTA	B/OK-3488		2024-10-01		7/II/90/D1 Znojmo I	OKBOTA		JN88AS	0	0	1		503
R	WWBOTA	B/OK-3489		2024-10-01		7/II/91/D2 Znojmo I	OKBOTA		JN88AS	0	0	1		503
R	WWBOTA	B/OK-3490		2024-10-01		7/II/92/A-140Z Znojmo I	OKBOTA		JN88AT	0	0	1		503
R	WWBOTA	B/OK-3491		2024-10-01		7/II/93/A-140Z Znojmo I	OKBOTA		JN88AT	0	0	1		503
R	WWBOTA	B/OK-3492		2024-10-01		7/II/94/A-120 Znojmo I	OKBOTA		JN88AT	0	0	1		503
R	WWBOTA	B/OK-3493		2024-10-01		7/II/95/E Znojmo I	OKBOTA		JN88AT	0	0	1		503
R	WWBOTA	B/OK-3494		2024-10-01		7/II/96/E Znojmo I	OKBOTA		JN88AT	0	0	1		503
R	WWBOTA	B/OK-3495		2024-10-01		7/II/97/A-160Z Znojmo I	OKBOTA		JN88AS	0	0	1		503
R	WWBOTA	B/OK-3496		2024-10-01		7/II/98/A-160Z Znojmo I	OKBOTA		JN88AS	0	0	1		503
R	WWBOTA	B/OK-3497		2024-10-01		7/II/99/A-160 Znojmo I	OKBOTA		JN88AS	0	0	1		503
R	WWBOTA	B/OK-3498		2024-10-01		7/I/1/C2 Znojmo II	OKBOTA		JN78XU	0	0	1		503
R	WWBOTA	B/OK-3499		2024-10-01		7/I/10/A-120 Znojmo II	OKBOTA		JN88AU	0	0	1		503
R	WWBOTA	B/OK-3500		2024-10-01		7/I/11/A-140Z Znojmo II	OKBOTA		JN88AU	0	0	1		503
R	WWBOTA	B/OK-3501		2024-10-01		7/I/12/A-220 Znojmo II	OKBOTA		JN88AU	0	0	1		503
R	WWBOTA	B/OK-3502		2024-10-01		7/I/13/A-180 Znojmo II	OKBOTA		JN88AU	0	0	1		503
R	WWBOTA	B/OK-3503		2024-10-01		7/I/14/A-160 Znojmo II	OKBOTA		JN88AU	0	0	1		503
R	WWBOTA	B/OK-3504		2024-10-01		7/I/15/A-160 Znojmo II	OKBOTA		JN88AU	0	0	1		503
R	WWBOTA	B/OK-3505		2024-10-01		7/I/16/A-120 Znojmo II	OKBOTA		JN88AU	0	0	1		503
R	WWBOTA	B/OK-3506		2024-10-01		7/I/17/A-120 Znojmo II	OKBOTA		JN88AU	0	0	1		503
R	WWBOTA	B/OK-3507		2024-10-01		7/I/18/A-120 Znojmo II	OKBOTA		JN88AU	0	0	1		503
R	WWBOTA	B/OK-3508		2024-10-01		7-II/2/A-120X Znojmo II	OKBOTA		JN88AU	0	0	1		503
R	WWBOTA	B/OK-3509		2024-10-01		7/I/20/E Znojmo II	OKBOTA		JN88BU	0	0	1		503
R	WWBOTA	B/OK-3510		2024-10-01		7/I/21/E1 Znojmo II	OKBOTA		JN88BU	0	0	1		503
R	WWBOTA	B/OK-3511		2024-10-01		7/I/22/E Znojmo II	OKBOTA		JN88BU	0	0	1		503
R	WWBOTA	B/OK-3512		2024-10-01		7/II/23/D2 Znojmo II	OKBOTA		JN88BU	0	0	1		503
R	WWBOTA	B/OK-3513		2024-10-01		7-II/24/C2 Znojmo II	OKBOTA		JN88BU	0	0	1		503
R	WWBOTA	B/OK-3514		2024-10-01		7/II/25/A-140 Znojmo II	OKBOTA		JN88BU	0	0	1		503
R	WWBOTA	B/OK-3515		2024-10-01		7/II/26/C1 Znojmo II	OKBOTA		JN88BU	0	0	1		503
R	WWBOTA	B/OK-3516		2024-10-01		7/II/27/E Znojmo II	OKBOTA		JN88BU	0	0	1		503
R	WWBOTA	B/OK-3517		2024-10-01		7/II/28/A-120 Znojmo II	OKBOTA		JN88BU	0	0	1		503
R	WWBOTA	B/OK-3518		2024-10-01		7/II/29/A-160 Znojmo II	OKBOTA		JN88BU	0	0	1		503
R	WWBOTA	B/OK-3519		2024-10-01		7/I/3/A-120X Znojmo II	OKBOTA		JN88AU	0	0	1		503
R	WWBOTA	B/OK-3520		2024-10-01		7/II/30/A-140 Znojmo II	OKBOTA		JN88BU	0	0	1		503
R	WWBOTA	B/OK-3521		2024-10-01		7/II/31/A-160 Znojmo II	OKBOTA		JN88BT	0	0	1		503
R	WWBOTA	B/OK-3522		2024-10-01		7/II/32/A-140 Znojmo II	OKBOTA		JN88BT	0	0	1		503
R	WWBOTA	B/OK-3523		2024-10-01		7/II/33/A-140 Znojmo II	OKBOTA		JN88BT	0	0	1		503
R	WWBOTA	B/OK-3524		2024-10-01		7/II/34/A-120 Znojmo II	OKBOTA		JN88BT	0	0	1		503
R	WWBOTA	B/OK-3525		2024-10-01		7/II/36/A-140 Znojmo II	OKBOTA		JN88CT	0	0	1		503
R	WWBOTA	B/OK-3526		2024-10-01		7-II/37/A-140 Znojmo II	OKBOTA		JN88CT	0	0	1		503
R	WWBOTA	B/OK-3527		2024-10-01		7-II/38/A-200 Znojmo II	OKBOTA		JN88CT	0	0	1		503
R	WWBOTA	B/OK-3528		2024-10-01		7-II/39/A-140 Znojmo II	OKBOTA		JN88CT	0	0	1		503
R	WWBOTA	B/OK-3529		2024-10-01		7/I/4/E Znojmo II	OKBOTA		JN88AU	0	0	1		503
R	WWBOTA	B/OK-3530		2024-10-01		7-II/40/A-120 Znojmo II	OKBOTA		JN88CT	0	0	1		503
R	WWBOTA	B/OK-3531		2024-10-01		7-II/41/A-120 Znojmo II	OKBOTA		JN88CT	0	0	1		503
R	WWBOTA	B/OK-3532		2024-10-01		7-II/42/A-120 Znojmo II	OKBOTA		JN88CT	0	0	1		503
R	WWBOTA	B/OK-3533		2024-10-01		7-II/43/A-120 Znojmo II	OKBOTA		JN88CT	0	0	1		503
R	WWBOTA	B/OK-3534		2024-10-01		7-II/44/A-120 Znojmo II	OKBOTA		JN88CT	0	0	1		503
R	WWBOTA	B/OK-3535		2024-10-01		7-II/45/A-160 Znojmo II	OKBOTA		JN88CT	0	0	1		503
R	WWBOTA	B/OK-3536		2024-10-01		7-II/46/A-120 Znojmo II	OKBOTA		JN88CS	0	0	1		503
R	WWBOTA	B/OK-3537		2024-10-01		7-II/47/A-120 Znojmo II	OKBOTA		JN88CS	0	0	1		503
R	WWBOTA	B/OK-3538		2024-10-01		7-II/48/A-140 Znojmo II	OKBOTA		JN88CS	0	0	1		503
R	WWBOTA	B/OK-3539		2024-10-01		7-II/49/E Znojmo II	OKBOTA		JN88CS	0	0	1		503
R	WWBOTA	B/OK-3540		2024-10-01		7/I/5/A-180 Znojmo II	OKBOTA		JN88AU	0	0	1		503
R	WWBOTA	B/OK-3541		2024-10-01		7-II/50/A-140 Znojmo II	OKBOTA		JN88CS	0	0	1		503
R	WWBOTA	B/OK-3542		2024-10-01		7/I/51/A-140S Znojmo II	OKBOTA		JN88CS	0	0	1		503
R	WWBOTA	B/OK-3543		2024-10-01		7/I/52/A-160S Znojmo II	OKBOTA		JN88CS	0	0	1		503
R	WWBOTA	B/OK-3544		2024-10-01		7/I/53/A-160Z Znojmo II	OKBOTA		JN88CS	0	0	1		503
R	WWBOTA	B/OK-3545		2024-10-01		7/I/54/A-120 Znojmo II	OKBOTA		JN88CS	0	0	1		503
R	WWBOTA	B/OK-3546		2024-10-01		7/I/55/A-140 Znojmo II	OKBOTA		JN88CS	0	0	1		503
R	WWBOTA	B/OK-3547		2024-10-01		7/I/56/A-160 Znojmo II	OKBOTA		JN88CS	0	0	1		503
R	WWBOTA	B/OK-3548		2024-10-01		7/I/57/A-120 Znojmo II	OKBOTA		JN88CS	0	0	1		503
R	WWBOTA	B/OK-3549		2024-10-01		7/II/58/A-140 Znojmo II	OKBOTA		JN88BS	0	0	1		503
R	WWBOTA	B/OK-3550		2024-10-01		7/I/59/A-120 Znojmo II	OKBOTA		JN88CS	0	0	1		503
R	WWBOTA	B/OK-3551		2024-10-01		7/I/6/A-120 Znojmo II	OKBOTA		JN88AU	0	0	1		503
R	WWBOTA	B/OK-3552		2024-10-01		7/I/8/E Znojmo II	OKBOTA		JN88AU	0	0	1		503
R	WWBOTA	B/OK-3553		2024-10-01		7/I/9/E Znojmo II	OKBOTA		JN88AU	0	0	1		503
R	WWBOTA	B/OK-3554		2024-10-01		7/III/110/A-160Z Znojmo III	OKBOTA		JN88CS	0	0	1		503
R	WWBOTA	B/OK-3555		2024-10-01		7/III/111/A-160 Znojmo III	OKBOTA		JN88CS	0	0	1		503
R	WWBOTA	B/OK-3556		2024-10-01		7/III/112/A-160Z Znojmo III	OKBOTA		JN88BS	0	0	1		503
R	WWBOTA	B/OK-3557		2024-10-01		7/III/113/A-140Z Znojmo III	OKBOTA		JN88BS	0	0	1		503
R	WWBOTA	B/OK-3558		2024-10-01		7/III/114/A-160 Znojmo III	OKBOTA		JN88BT	0	0	1		503
R	WWBOTA	B/OK-3559		2024-10-01		7/III/115/A-120 Znojmo III	OKBOTA		JN88BT	0	0	1		503
R	WWBOTA	B/OK-3560		2024-10-01		7/III/116/A-140Z Znojmo III	OKBOTA		JN88BT	0	0	1		503
R	WWBOTA	B/OK-3561		2024-10-01		7/III/117/A-180Z Znojmo III	OKBOTA		JN88AS	0	0	1		503
R	WWBOTA	B/OK-3562		2024-10-01		7/III/118/A-180 Znojmo III	OKBOTA		JN78XT	0	0	1		503
R	WWBOTA	B/OK-3563		2024-10-01		7/III/119/A-160Z Znojmo III	OKBOTA		JN78XT	0	0	1		503
R	WWBOTA	B/OK-3564		2024-10-01		7/III/120/A-180 Znojmo III	OKBOTA		JN78XT	0	0	1		503
R	WWBOTA	B/OK-3565		2024-10-01		7/III/121/A-160Z Znojmo III	OKBOTA		JN78XT	0	0	1		503
R	WWBOTA	B/OK-3566		2024-10-01		8/1/B2-80 Břeclav	OKBOTA		JN88KR	0	0	1		503
R	WWBOTA	B/OK-3567		2024-10-01		8/1a/A-140 Břeclav	OKBOTA		JN88KS	0	0	1		503
R	WWBOTA	B/OK-3568		2024-10-01		8/11/B1-80 Břeclav	OKBOTA		JN88KR	0	0	1		503
R	WWBOTA	B/OK-3569		2024-10-01		8/12/A-120S Břeclav	OKBOTA		JN88KR	0	0	1		503
R	WWBOTA	B/OK-3570		2024-10-01		8/13/A-160S Břeclav	OKBOTA		JN88JR	0	0	1		503
R	WWBOTA	B/OK-3571		2024-10-01		8/13a/C1 Břeclav	OKBOTA		JN88JS	0	0	1		503
R	WWBOTA	B/OK-3572		2024-10-01		8/14a/B2-80 Břeclav	OKBOTA		JN88JS	0	0	1		503
R	WWBOTA	B/OK-3573		2024-10-01		8/15/A-140Z Břeclav	OKBOTA		JN88KS	0	0	1		503
R	WWBOTA	B/OK-3574		2024-10-01		8/16/A-160 Břeclav	OKBOTA		JN88KR	0	0	1		503
R	WWBOTA	B/OK-3575		2024-10-01		8/2/B1-90 Břeclav	OKBOTA		JN88KR	0	0	1		503
R	WWBOTA	B/OK-3576		2024-10-01		8/24/E Břeclav	OKBOTA		JN88KS	0	0	1		503
R	WWBOTA	B/OK-3577		2024-10-01		8/3/A-140 Břeclav	OKBOTA		JN88KR	0	0	1		503
R	WWBOTA	B/OK-3578		2024-10-01		8/4/A-140 Břeclav	OKBOTA		JN88KR	0	0	1		503
R	WWBOTA	B/OK-3579		2024-10-01		8/7/A-140 Břeclav	OKBOTA		JN88KR	0	0	1		503
R	WWBOTA	B/OK-3580		2024-10-01		8/5/A-140 Břeclav	OKBOTA		JN88KR	0	0	1		503
R	WWBOTA	B/OK-3581		2024-10-01		8/b1/A-120Z Břeclav	OKBOTA		JN88LO	0	0	1		503
R	WWBOTA	B/OK-3582		2024-10-01		8/b10/A-140Z Břeclav	OKBOTA		JN88LP	0	0	1		503
R	WWBOTA	B/OK-3583		2024-10-01		8/10a/D2 Břeclav	OKBOTA		JN88KR	0	0	1		503
R	WWBOTA	B/OK-3584		2024-10-01		8/b11/A-120Z Břeclav	OKBOTA		JN88LP	0	0	1		503
R	WWBOTA	B/OK-3585		2024-10-01		8/11a/A-120 Břeclav	OKBOTA		JN88KR	0	0	1		503
R	WWBOTA	B/OK-3586		2024-10-01		8/b12/A-120 Břeclav	OKBOTA		JN88LP	0	0	1		503
R	WWBOTA	B/OK-3587		2024-10-01		8/12a/A-140 Břeclav	OKBOTA		JN88KR	0	0	1		503
R	WWBOTA	B/OK-3588		2024-10-01		8/b13/A-180Z Břeclav	OKBOTA		JN88LP	0	0	1		503
R	WWBOTA	B/OK-3589		2024-10-01		8/13a/A-140 Břeclav	OKBOTA		JN88KR	0	0	1		503
R	WWBOTA	B/OK-3590		2024-10-01		8/b14/A-140 Břeclav	OKBOTA		JN88LP	0	0	1		503
R	WWBOTA	B/OK-3591		2024-10-01		8/b15/A-120Z Břeclav	OKBOTA		JN88LP	0	0	1		503
R	WWBOTA	B/OK-3592		2024-10-01		8/15a/A-140 Břeclav	OKBOTA		JN88KR	0	0	1		503
R	WWBOTA	B/OK-3593		2024-10-01		8/b16/A-160Z Břeclav	OKBOTA		JN88LP	0	0	1		503
R	WWBOTA	B/OK-3594		2024-10-01		8/16a/A-120 Břeclav	OKBOTA		JN88KR	0	0	1		503
R	WWBOTA	B/OK-3595		2024-10-01		8/b17/A-180 Břeclav	OKBOTA		JN88LP	0	0	1		503
R	WWBOTA	B/OK-3596		2024-10-01		8/17a/A-120 Břeclav	OKBOTA		JN88KR	0	0	1		503
R	WWBOTA	B/OK-3597		2024-10-01		8/b18/A-120 Břeclav	OKBOTA		JN88LQ	0	0	1		503
R	WWBOTA	B/OK-3598		2024-10-01		8/18a/A-120 Břeclav	OKBOTA		JN88KR	0	0	1		503
R	WWBOTA	B/OK-3599		2024-10-01		8/19a/A-160 Břeclav	OKBOTA		JN88KR	0	0	1		503
R	WWBOTA	B/OK-3600		2024-10-01		8/b2/A-180 Břeclav	OKBOTA		JN88LO	0	0	1		503
R	WWBOTA	B/OK-3601		2024-10-01		8/b20/A-200 Břeclav	OKBOTA		JN88KQ	0	0	1		503
R	WWBOTA	B/OK-3602		2024-10-01		8/b21/A-120 Břeclav	OKBOTA		JN88LQ	0	0	1		503
R	WWBOTA	B/OK-3603		2024-10-01		8/21a/A-120 Břeclav	OKBOTA		JN88KR	0	0	1		503
R	WWBOTA	B/OK-3604		2024-10-01		8/b22/A-120 Břeclav	OKBOTA		JN88LQ	0	0	1		503
R	WWBOTA	B/OK-3605		2024-10-01		8/b23/A-180 Břeclav	OKBOTA		JN88LQ	0	0	1		503
R	WWBOTA	B/OK-3606		2024-10-01		8/b25/A-160 Břeclav	OKBOTA		JN88LQ	0	0	1		503
R	WWBOTA	B/OK-3607		2024-10-01		8/b26/A-120 Břeclav	OKBOTA		JN88LQ	0	0	1		503
R	WWBOTA	B/OK-3608		2024-10-01		8/b27/A-120 Břeclav	OKBOTA		JN88LQ	0	0	1		503
R	WWBOTA	B/OK-3609		2024-10-01		8/b28/A-120 Břeclav	OKBOTA		JN88LQ	0	0	1		503
R	WWBOTA	B/OK-3610		2024-10-01		8/b3/A-200S Břeclav	OKBOTA		JN88LO	0	0	1		503
R	WWBOTA	B/OK-3611		2024-10-01		8/b3+/A-160 Břeclav	OKBOTA		JN88LQ	0	0	1		503
R	WWBOTA	B/OK-3612		2024-10-01		8/b30/A-120 Břeclav	OKBOTA		JN88LQ	0	0	1		503
R	WWBOTA	B/OK-3613		2024-10-01		8/b4+/A-120 Břeclav	OKBOTA		JN88LQ	0	0	1		503
R	WWBOTA	B/OK-3614		2024-10-01		8/b5/A-140 Břeclav	OKBOTA		JN88LO	0	0	1		503
R	WWBOTA	B/OK-3615		2024-10-01		8/5a/A-140 Břeclav	OKBOTA		JN88LR	0	0	1		503
R	WWBOTA	B/OK-3616		2024-10-01		8/b6/A-120 Břeclav	OKBOTA		JN88LP	0	0	1		503
R	WWBOTA	B/OK-3617		2024-10-01		8/b6+/A-180 Břeclav	OKBOTA		JN88KR	0	0	1		503
R	WWBOTA	B/OK-3618		2024-10-01		8/b7/A-140 Břeclav	OKBOTA		JN88LP	0	0	1		503
R	WWBOTA	B/OK-3619		2024-10-01		8/7a/A-120S Břeclav	OKBOTA		JN88LR	0	0	1		503
R	WWBOTA	B/OK-3620		2024-10-01		8/8a/A-120 Břeclav	OKBOTA		JN88LR	0	0	1		503
R	WWBOTA	B/OK-3621		2024-10-01		8/9a/A-120 Břeclav	OKBOTA		JN88KR	0	0	1		503
R	WWBOTA	B/OK-3622		2024-10-01		9/1250/A-160 Jemnice II	OKBOTA		JN78TV	0	0	1		503
R	WWBOTA	B/OK-3623		2024-10-01		9/1251/A-140 Jemnice II	OKBOTA		JN78TV	0	0	1		503
R	WWBOTA	B/OK-3624		2024-10-01		9/1252/A-140 Jemnice II	OKBOTA		JN78TV	0	0	1		503
R	WWBOTA	B/OK-3625		2024-10-01		9/1253/A-160 Jemnice II	OKBOTA		JN78UV	0	0	1		503
R	WWBOTA	B/OK-3626		2024-10-01		9/1254/A-140Z Jemnice II	OKBOTA		JN78VV	0	0	1		503
R	WWBOTA	B/OK-3627		2024-10-01		9/1255/A-160Z Jemnice II	OKBOTA		JN78VV	0	0	1		503
R	WWBOTA	B/OK-3628		2024-10-01		9/1256/D2 Jemnice II	OKBOTA		JN78UV	0	0	1		503
R	WWBOTA	B/OK-3629		2024-10-01		9/1257/A-200 Jemnice II	OKBOTA		JN78TV	0	0	1		503
R	WWBOTA	B/OK-3630		2024-10-01		9/1258/A-120 Jemnice II	OKBOTA		JN78UV	0	0	1		503
R	WWBOTA	B/OK-3631		2024-10-01		9/1259/A-200 Jemnice II	OKBOTA		JN78UV	0	0	1		503
R	WWBOTA	B/OK-3632		2024-10-01		9/1260/A-160 Jemnice II	OKBOTA		JN78TV	0	0	1		503
R	WWBOTA	B/OK-3633		2024-10-01		9/1261/A-160 Jemnice II	OKBOTA		JN78TV	0	0	1		503
R	WWBOTA	B/OK-3634		2024-10-01		9/1262/A-160S Jemnice II	OKBOTA		JN78QX	0	0	1		503
R	WWBOTA	B/OK-3635		2024-10-01		9/1263/A-140S Jemnice II	OKBOTA		JN78TV	0	0	1		503
R	WWBOTA	B/OK-3636		2024-10-01		9/1264/A-160Z Jemnice II	OKBOTA		JN78TV	0	0	1		503
R	WWBOTA	B/OK-3637		2024-10-01		9/1265/A-120Z Jemnice II	OKBOTA		JN78SV	0	0	1		503
R	WWBOTA	B/OK-3638		2024-10-01		9/1266/A-200 Jemnice II	OKBOTA		JN78TV	0	0	1		503
R	WWBOTA	B/OK-3639		2024-10-01		9/1267/A-160 Jemnice II	OKBOTA		JN78SV	0	0	1		503
R	WWBOTA	B/OK-3640		2024-10-01		9/1268/A-140S Jemnice II	OKBOTA		JN78SW	0	0	1		503
R	WWBOTA	B/OK-3641		2024-10-01		9/1269/A-160 Jemnice II	OKBOTA		JN78SW	0	0	1		503
R	WWBOTA	B/OK-3642		2024-10-01		9/1270/A-160 Jemnice II	OKBOTA		JN78SW	0	0	1		503
R	WWBOTA	B/OK-3643		2024-10-01		9/1271/A-180 Jemnice II	OKBOTA		JN78UV	0	0	1		503
R	WWBOTA	B/OK-3644		2024-10-01		9/1272/E Jemnice II	OKBOTA		JN78UV	0	0	1		503
R	WWBOTA	B/OK-3645		2024-10-01		9/1273/A-180S Jemnice II	OKBOTA		JN78SV	0	0	1		503
R	WWBOTA	B/OK-3646		2024-10-01		9/1274/B2-80 Jemnice II	OKBOTA		JN78UV	0	0	1		503
R	WWBOTA	B/OK-3647		2024-10-01		9/1275/E1 Jemnice II	OKBOTA		JN78UV	0	0	1		503
R	WWBOTA	B/OK-3648		2024-10-01		9/1276/E Jemnice II	OKBOTA		JN78UV	0	0	1		503
R	WWBOTA	B/OK-3649		2024-10-01		9/1277/A-180S Jemnice II	OKBOTA		JN78UV	0	0	1		503
R	WWBOTA	B/OK-3650		2024-10-01		9/1278/A-120S Jemnice II	OKBOTA		JN78UV	0	0	1		503
R	WWBOTA	B/OK-3651		2024-10-01		9/1279/B1-80 Jemnice II	OKBOTA		JN78UV	0	0	1		503
R	WWBOTA	B/OK-3652		2024-10-01		9/1280/E Jemnice II	OKBOTA		JN78UV	0	0	1		503
R	WWBOTA	B/OK-3653		2024-10-01		9/1281/A-140Z Jemnice II	OKBOTA		JN78SW	0	0	1		503
R	WWBOTA	B/OK-3654		2024-10-01		9/1282/A-160Z Jemnice II	OKBOTA		JN78SW	0	0	1		503
R	WWBOTA	B/OK-3655		2024-10-01		9/1283/A-160 Jemnice II	OKBOTA		JN78TV	0	0	1		503
R	WWBOTA	B/OK-3656		2024-10-01		9/1284/A-120S Jemnice II	OKBOTA		JN78SW	0	0	1		503
R	WWBOTA	B/OK-3657		2024-10-01		9/1285/A-160 Jemnice II	OKBOTA		JN78SW	0	0	1		503
R	WWBOTA	B/OK-3658		2024-10-01		9/1286/A-140 Jemnice II	OKBOTA		JN78SW	0	0	1		503
R	WWBOTA	B/OK-3659		2024-10-01		9/1287/A-140S Jemnice II	OKBOTA		JN78UV	0	0	1		503
R	WWBOTA	B/OK-3660		2024-10-01		9/1288/A-140 Jemnice II	OKBOTA		JN78UV	0	0	1		503
R	WWBOTA	B/OK-3661		2024-10-01		9/1289/E Jemnice II	OKBOTA		JN78WU	0	0	1		503
R	WWBOTA	B/OK-3662		2024-10-01		9/1290/A-140Z Jemnice II	OKBOTA		JN78SV	0	0	1		503
R	WWBOTA	B/OK-3663		2024-10-01		9/1293/A-160 Jemnice II	OKBOTA		JN78RX	0	0	1		503
R	WWBOTA	B/OK-3664		2024-10-01		9/1294/E Jemnice II	OKBOTA		JN78RX	0	0	1		503
R	WWBOTA	B/OK-3665		2024-10-01		9/1295/A-120 Jemnice II	OKBOTA		JN78RX	0	0	1		503
R	WWBOTA	B/OK-3666		2024-10-01		9/1296/C1 Jemnice II	OKBOTA		JN78RX	0	0	1		503
R	WWBOTA	B/OK-3667		2024-10-01		9/1297/A-120 Jemnice II	OKBOTA		JN78RX	0	0	1		503
R	WWBOTA	B/OK-3668		2024-10-01		9/1298/A-180 Jemnice II	OKBOTA		JN78RX	0	0	1		503
R	WWBOTA	B/OK-3669		2024-10-01		9/1299/E Jemnice II	OKBOTA		JN78RX	0	0	1		503
R	WWBOTA	B/OK-3670		2024-10-01		9/1300/A-160S Jemnice II	OKBOTA		JN78RW	0	0	1		503
R	WWBOTA	B/OK-3671		2024-10-01		9/1301/A-160 Jemnice II	OKBOTA		JN78RX	0	0	1		503
R	WWBOTA	B/OK-3672		2024-10-01		9/1302/C1 Jemnice II	OKBOTA		JN78RX	0	0	1		503
R	WWBOTA	B/OK-3673		2024-10-01		9/1303/A-160 Jemnice II	OKBOTA		JN78RX	0	0	1		503
R	WWBOTA	B/OK-3674		2024-10-01		9/1304/A-120 Jemnice II	OKBOTA		JN78RX	0	0	1		503
R	WWBOTA	B/OK-3675		2024-10-01		9/1305/A-140 Jemnice II	OKBOTA		JN78RX	0	0	1		503
R	WWBOTA	B/OK-3676		2024-10-01		9/1306/A-180 Jemnice II	OKBOTA		JN78RX	0	0	1		503
R	WWBOTA	B/OK-3677		2024-10-01		9/1307/E Jemnice II	OKBOTA		JN78RX	0	0	1		503
R	WWBOTA	B/OK-3678		2024-10-01		9/1308/A-140 Jemnice II	OKBOTA		JN78QX	0	0	1		503
R	WWBOTA	B/OK-3679		2024-10-01		9/1310/A-180Z Jemnice II	OKBOTA		JN78QX	0	0	1		503
R	WWBOTA	B/OK-3680		2024-10-01		9/1311/A-120 Jemnice II	OKBOTA		JN78QX	0	0	1		503
R	WWBOTA	B/OK-3681		2024-10-01		9/1312/A-140 Jemnice II	OKBOTA		JN78QX	0	0	1		503
R	WWBOTA	B/OK-3682		2024-10-01		9/1313/A-120 Jemnice II	OKBOTA		JN78QX	0	0	1		503
R	WWBOTA	B/OK-3683		2024-10-01		9/1314/A-120 Jemnice II	OKBOTA		JN79QA	0	0	1		503
R	WWBOTA	B/OK-3684		2024-10-01		9/1315/A-140 Jemnice II	OKBOTA		JN79PA	0	0	1		503
R	WWBOTA	B/OK-3685		2024-10-01		9/1316/A-160 Jemnice II	OKBOTA		JN79PA	0	0	1		503
R	WWBOTA	B/OK-3686		2024-10-01		9/1317/D1 Jemnice II	OKBOTA		JN79PA	0	0	1		503
R	WWBOTA	B/OK-3687		2024-10-01		9/1318/A-140 Jemnice II	OKBOTA		JN79PA	0	0	1		503
R	WWBOTA	B/OK-3688		2024-10-01		9/1319/A-180 Jemnice II	OKBOTA		JN79PA	0	0	1		503
R	WWBOTA	B/OK-3689		2024-10-01		9/1320/A-120 Jemnice II	OKBOTA		JN79PA	0	0	1		503
R	WWBOTA	B/OK-3690		2024-10-01		9/1321/A-120 Jemnice II	OKBOTA		JN79PA	0	0	1		503
R	WWBOTA	B/OK-3691		2024-10-01		9/1322/A-120 Jemnice II	OKBOTA		JN79PA	0	0	1		503
R	WWBOTA	B/OK-3692		2024-10-01		9/1323/A-140 Jemnice II	OKBOTA		JN79PA	0	0	1		503
R	WWBOTA	B/OK-3693		2024-10-01		9/1324/A-180 Jemnice II	OKBOTA		JN79PA	0	0	1		503
R	WWBOTA	B/OK-3694		2024-10-01		9/1325/B1-100 Jemnice II	OKBOTA		JN79PA	0	0	1		503
R	WWBOTA	B/OK-3695		2024-10-01		9/1326/A-120 Jemnice II	OKBOTA		JN79PA	0	0	1		503
R	WWBOTA	B/OK-3696		2024-10-01		9/1327/A-140 Jemnice II	OKBOTA		JN79PA	0	0	1		503
R	WWBOTA	B/OK-3697		2024-10-01		9/1328/A-180S Jemnice II	OKBOTA		JN78TV	0	0	1		503
R	WWBOTA	B/OK-3698		2024-10-01		9/1329/A-160 Jemnice II	OKBOTA		JN78RX	0	0	1		503
R	WWBOTA	B/OK-3699		2024-10-01		9/1330/C1 Jemnice II	OKBOTA		JN78RX	0	0	1		503
R	WWBOTA	B/OK-3700		2024-10-01		9/1332/D2 Jemnice II	OKBOTA		JN78QX	0	0	1		503
R	WWBOTA	B/OK-3701		2024-10-01		9/1333/A-140 Jemnice II	OKBOTA		JN78QX	0	0	1		503
R	WWBOTA	B/OK-3702		2024-10-01		9/1334/A-160Z Jemnice II	OKBOTA		JN78QX	0	0	1		503
R	WWBOTA	B/OK-3703		2024-10-01		I/22/A-140Z Smolkov	OKBOTA		JN99BV	0	0	1		503
R	WWBOTA	B/OK-3704		2024-10-01		I/23/A-180 Smolkov	OKBOTA		JN99AV	0	0	1		503
R	WWBOTA	B/OK-3705		2024-10-01		I/27/A-200Z Smolkov	OKBOTA		JN99AV	0	0	1		503
R	WWBOTA	B/OK-3706		2024-10-01		I/28/A-120 Smolkov	OKBOTA		JN99AV	0	0	1		503
R	WWBOTA	B/OK-3707		2024-10-01		I/29/A-140 Smolkov	OKBOTA		JN99AV	0	0	1		503
R	WWBOTA	B/OK-3708		2024-10-01		I/30/A-160 Smolkov	OKBOTA		JN99AV	0	0	1		503
R	WWBOTA	B/OK-3709		2024-10-01		I/31/A-140 Smolkov	OKBOTA		JN99AV	0	0	1		503
R	WWBOTA	B/OK-3710		2024-10-01		I/32/A-180Z Smolkov	OKBOTA		JN99AV	0	0	1		503
R	WWBOTA	B/OK-3711		2024-10-01		I/34/A-120 Smolkov	OKBOTA		JN99AV	0	0	1		503
R	WWBOTA	B/OK-3712		2024-10-01		I/36/A-120 Smolkov	OKBOTA		JN99AV	0	0	1		503
R	WWBOTA	B/OK-3713		2024-10-01		I/42/A-120 Smolkov	OKBOTA		JN99AV	0	0	1		503
R	WWBOTA	B/OK-3714		2024-10-01		I/49/A-140 Smolkov	OKBOTA		JN99AV	0	0	1		503
R	WWBOTA	B/OK-3715		2024-10-01		I/57/A-160Z Smolkov	OKBOTA		JN99AV	0	0	1		503
R	WWBOTA	B/OK-3716		2024-10-01		II/10/A-120 Komárov	OKBOTA		JN89XV	0	0	1		503
R	WWBOTA	B/OK-3717		2024-10-01		II/12/A-140 Komárov	OKBOTA		JN89XV	0	0	1		503
R	WWBOTA	B/OK-3718		2024-10-01		II/15/A-180 Komárov	OKBOTA		JN89XW	0	0	1		503
R	WWBOTA	B/OK-3719		2024-10-01		II/16/A-120 Komárov	OKBOTA		JN89XV	0	0	1		503
R	WWBOTA	B/OK-3720		2024-10-01		II/2/A-120 Komárov	OKBOTA		JN89XW	0	0	1		503
R	WWBOTA	B/OK-3721		2024-10-01		II/20/A-180 Komárov	OKBOTA		JN99AW	0	0	1		503
R	WWBOTA	B/OK-3722		2024-10-01		II/4/A-160 Komárov	OKBOTA		JN89XW	0	0	1		503
R	WWBOTA	B/OK-3723		2024-10-01		II/5/A-140 Komárov	OKBOTA		JN89XW	0	0	1		503
R	WWBOTA	B/OK-3724		2024-10-01		II/52/A-180 Komárov	OKBOTA		JN89XW	0	0	1		503
R	WWBOTA	B/OK-3725		2024-10-01		II/53/A-140 Komárov	OKBOTA		JN89XW	0	0	1		503
R	WWBOTA	B/OK-3726		2024-10-01		II/54/A-160 Komárov	OKBOTA		JN89XW	0	0	1		503
R	WWBOTA	B/OK-3727		2024-10-01		II/55/A-160 Komárov	OKBOTA		JN89XW	0	0	1		503
R	WWBOTA	B/OK-3728		2024-10-01		II/7/A-120 Komárov	OKBOTA		JN89XV	0	0	1		503
R	WWBOTA	B/OK-3729		2024-10-01		III/314/A-160 Jaktař	OKBOTA		JN89WW	0	0	1		503
R	WWBOTA	B/OK-3730		2024-10-01		III/347/A-140Z Jaktař	OKBOTA		JN89WW	0	0	1		503
R	WWBOTA	B/OK-3731		2024-10-01		III/305/A-120Z Jaktař	OKBOTA		JN89WW	0	0	1		503
R	WWBOTA	B/OK-3732		2024-10-01		III/306/A-140 Jaktař	OKBOTA		JN89WW	0	0	1		503
R	WWBOTA	B/OK-3733		2024-10-01		III/307/A-140 Jaktař	OKBOTA		JN89WW	0	0	1		503
R	WWBOTA	B/OK-3734		2024-10-01		III/308/B1-80 Jaktař	OKBOTA		JN89WW	0	0	1		503
R	WWBOTA	B/OK-3735		2024-10-01		III/310/B2-90 Jaktař	OKBOTA		JN89VW	0	0	1		503
R	WWBOTA	B/OK-3736		2024-10-01		III/311/B1-90 Jaktař	OKBOTA		JN89VW	0	0	1		503
R	WWBOTA	B/OK-3737		2024-10-01		III/316/A-120 Jaktař	OKBOTA		JN89WW	0	0	1		503
R	WWBOTA	B/OK-3738		2024-10-01		III/317/B1-100 Jaktař	OKBOTA		JN89WW	0	0	1		503
R	WWBOTA	B/OK-3739		2024-10-01		III/310/A-140Z Jaktař	OKBOTA		JN89WW	0	0	1		503
R	WWBOTA	B/OK-3740		2024-10-01		III/319/A-140 Jaktař	OKBOTA		JN89WW	0	0	1		503
R	WWBOTA	B/OK-3741		2024-10-01		III/320/A-140Z Jaktař	OKBOTA		JN89WW	0	0	1		503
R	WWBOTA	B/OK-3742		2024-10-01		III/321/A-120 Jaktař	OKBOTA		JN89WW	0	0	1		503
R	WWBOTA	B/OK-3743		2024-10-01		III/322/A-120 Jaktař	OKBOTA		JN89WW	0	0	1		503
R	WWBOTA	B/OK-3744		2024-10-01		III/323/A-160 Jaktař	OKBOTA		JN89VW	0	0	1		503
R	WWBOTA	B/OK-3745		2024-10-01		III/324/A-160Z Jaktař	OKBOTA		JN89VW	0	0	1		503
R	WWBOTA	B/OK-3746		2024-10-01		III/325/A-200 Jaktař	OKBOTA		JN89WW	0	0	1		503
R	WWBOTA	B/OK-3747		2024-10-01		III/326/A-180 Jaktař	OKBOTA		JN89VW	0	0	1		503
R	WWBOTA	B/OK-3748		2024-10-01		III/327/B2-100Z Jaktař	OKBOTA		JN89WW	0	0	1		503
R	WWBOTA	B/OK-3749		2024-10-01		III/328/A-140 Jaktař	OKBOTA		JN89WW	0	0	1		503
R	WWBOTA	B/OK-3750		2024-10-01		III/329/A-120Z Jaktař	OKBOTA		JN89WW	0	0	1		503
R	WWBOTA	B/OK-3751		2024-10-01		III/350/A-120Z Jaktař	OKBOTA		JN89WW	0	0	1		503
R	WWBOTA	B/OK-3752		2024-10-01		III/348/A-120 Jaktař	OKBOTA		JN89WW	0	0	1		503
R	WWBOTA	B/OK-3753		2024-10-01		III/333/B2-100 Jaktař	OKBOTA		JN89WW	0	0	1		503
R	WWBOTA	B/OK-3754		2024-10-01		III/334/A-140Z Jaktař	OKBOTA		JN89WW	0	0	1		503
R	WWBOTA	B/OK-3755		2024-10-01		III/335/A-160 Jaktař	OKBOTA		JN89VW	0	0	1		503
R	WWBOTA	B/OK-3756		2024-10-01		III/336/A-180 Jaktař	OKBOTA		JN89WW	0	0	1		503
R	WWBOTA	B/OK-3757		2024-10-01		III/337/A-180 Jaktař	OKBOTA		JN89VW	0	0	1		503
R	WWBOTA	B/OK-3758		2024-10-01		III/338/D2 Jaktař	OKBOTA		JN89WW	0	0	1		503
R	WWBOTA	B/OK-3759		2024-10-01		III/343/A-140Z Jaktař	OKBOTA		JN89WW	0	0	1		503
R	WWBOTA	B/OK-3760		2024-10-01		III/344/A-160 Jaktař	OKBOTA		JN89WW	0	0	1		503
R	WWBOTA	B/OK-3761		2024-10-01		III/345/A-120 Jaktař	OKBOTA		JN89WW	0	0	1		503
R	WWBOTA	B/OK-3762		2024-10-01		III/346/A-120 Jaktař	OKBOTA		JN89WW	0	0	1		503
R	WWBOTA	B/OK-3763		2024-10-01		III/348/B2-80 Jaktař	OKBOTA		JN89WW	0	0	1		503
R	WWBOTA	B/OK-3764		2024-10-01		III/349/B2-80 Jaktař	OKBOTA		JN89WW	0	0	1		503
R	WWBOTA	B/OK-3765		2024-10-01		III/350/B2-100 Jaktař	OKBOTA		JN89WW	0	0	1		503
R	WWBOTA	B/OK-3766		2024-10-01		IV/1001/A-180 Milostovice	OKBOTA		JN89VW	0	0	1		503
R	WWBOTA	B/OK-3767		2024-10-01		IV/1002/A-180 Milostovice	OKBOTA		JN89VW	0	0	1		503
R	WWBOTA	B/OK-3768		2024-10-01		IV/1003/A-160Z Milostovice	OKBOTA		JN89VW	0	0	1		503
R	WWBOTA	B/OK-3769		2024-10-01		IV/1005/A-140Z Milostovice	OKBOTA		JN89VW	0	0	1		503
R	WWBOTA	B/OK-3770		2024-10-01		IV/1008/B2-90 Milostovice	OKBOTA		JN89VW	0	0	1		503
R	WWBOTA	B/OK-3771		2024-10-01		IV/1010/A-120 Milostovice	OKBOTA		JN89VW	0	0	1		503
R	WWBOTA	B/OK-3772		2024-10-01		IV/1011/B1-100 Milostovice	OKBOTA		JN89VW	0	0	1		503
R	WWBOTA	B/OK-3773		2024-10-01		IV/1012/A-180 Milostovice	OKBOTA		JN89VW	0	0	1		503
R	WWBOTA	B/OK-3774		2024-10-01		IV/1013/A-180 Milostovice	OKBOTA		JN89VW	0	0	1		503
R	WWBOTA	B/OK-3775		2024-10-01		IV/900/A-160 Milostovice	OKBOTA		JN89VW	0	0	1		503
R	WWBOTA	B/OK-3776		2024-10-01		IV/901/A-120 Milostovice	OKBOTA		JN89VW	0	0	1		503
R	WWBOTA	B/OK-3777		2024-10-01		IV/902/B2-100 Milostovice	OKBOTA		JN89VW	0	0	1		503
R	WWBOTA	B/OK-3778		2024-10-01		IV/903/A-180Z Milostovice	OKBOTA		JN89VW	0	0	1		503
R	WWBOTA	B/OK-3779		2024-10-01		IV/904/A-160 Milostovice	OKBOTA		JN89VW	0	0	1		503
R	WWBOTA	B/OK-3780		2024-10-01		IV/905/A-120Z Milostovice	OKBOTA		JN89VW	0	0	1		503
R	WWBOTA	B/OK-3781		2024-10-01		IV/906/A-120 Milostovice	OKBOTA		JN89VW	0	0	1		503
R	WWBOTA	B/OK-3782		2024-10-01		IV/907/A-140 Milostovice	OKBOTA		JN89VW	0	0	1		503
R	WWBOTA	B/OK-3783		2024-10-01		IV/908/A-160Z Milostovice	OKBOTA		JN89VW	0	0	1		503
R	WWBOTA	B/OK-3784		2024-10-01		IV/909/A-120Z Milostovice	OKBOTA		JN89VW	0	0	1		503
R	WWBOTA	B/OK-3785		2024-10-01		IV/910/B2-100 Milostovice	OKBOTA		JN89VW	0	0	1		503
R	WWBOTA	B/OK-3786		2024-10-01		IV/911/A-160Z Milostovice	OKBOTA		JN89VW	0	0	1		503
R	WWBOTA	B/OK-3787		2024-10-01		IV/912/A-120 Milostovice	OKBOTA		JN89VW	0	0	1		503
R	WWBOTA	B/OK-3788		2024-10-01		IV/913/A-160 Milostovice	OKBOTA		JN89VW	0	0	1		503
R	WWBOTA	B/OK-3789		2024-10-01		IV/915/A-120Z Milostovice	OKBOTA		JN89VW	0	0	1		503
R	WWBOTA	B/OK-3790		2024-10-01		IV/916/A-140 Milostovice	OKBOTA		JN89VW	0	0	1		503
R	WWBOTA	B/OK-3791		2024-10-01		IV/919/A-160Z Milostovice	OKBOTA		JN89VW	0	0	1		503
R	WWBOTA	B/OK-3792		2024-10-01		IV/920/A-120Z Milostovice	OKBOTA		JN89VW	0	0	1		503
R	WWBOTA	B/OK-3793		2024-10-01		IV/921/A-140 Milostovice	OKBOTA		JN89VW	0	0	1		503
R	WWBOTA	B/OK-3794		2024-10-01		IV/922/A-180Z Milostovice	OKBOTA		JN89VW	0	0	1		503
R	WWBOTA	B/OK-3795		2024-10-01		IV/924/A-140 Milostovice	OKBOTA		JN89VW	0	0	1		503
R	WWBOTA	B/OK-3796		2024-10-01		IV/925/B1-100 Milostovice	OKBOTA		JN89VW	0	0	1		503
R	WWBOTA	B/OK-3797		2024-10-01		IV/927/A-180Z Milostovice	OKBOTA		JN89VW	0	0	1		503
R	WWBOTA	B/OK-3798		2024-10-01		IV/928/A-120Z Milostovice	OKBOTA		JN89VW	0	0	1		503
R	WWBOTA	B/OK-3799		2024-10-01		IV/929/B2-100 Milostovice	OKBOTA		JN89VW	0	0	1		503
R	WWBOTA	B/OK-3800		2024-10-01		IV/930/A-120 Milostovice	OKBOTA		JN89VW	0	0	1		503
R	WWBOTA	B/OK-3801		2024-10-01		IV/931/A-160 Milostovice	OKBOTA		JN89VX	0	0	1		503
R	WWBOTA	B/OK-3802		2024-10-01		IV/932/A-120 Milostovice	OKBOTA		JN89VW	0	0	1		503
R	WWBOTA	B/OK-3803		2024-10-01		IV/933/B2-90 Milostovice	OKBOTA		JN89VW	0	0	1		503
R	WWBOTA	B/OK-3804		2024-10-01		IV/934/D1 Milostovice	OKBOTA		JN89VW	0	0	1		503
R	WWBOTA	B/OK-3805		2024-10-01		IV/935/A-120 Milostovice	OKBOTA		JN89VW	0	0	1		503
R	WWBOTA	B/OK-3806		2024-10-01		IV/936/A-120 Milostovice	OKBOTA		JN89VW	0	0	1		503
R	WWBOTA	B/OK-3807		2024-10-01		IV/937/A-140 Milostovice	OKBOTA		JN89VW	0	0	1		503
R	WWBOTA	B/OK-3808		2024-10-01		IV/938/A-140Z Milostovice	OKBOTA		JN89VW	0	0	1		503
R	WWBOTA	B/OK-3809		2024-10-01		IX/1/A-160 Kolštejn (Branná)	OKBOTA		JO80ME	0	0	1		503
R	WWBOTA	B/OK-3810		2024-10-01		IX/101/A-120Z Kolštejn (Branná)	OKBOTA		JO80ME	0	0	1		503
R	WWBOTA	B/OK-3811		2024-10-01		IX/102/A-120Z Kolštejn (Branná)	OKBOTA		JO80ME	0	0	1		503
R	WWBOTA	B/OK-3812		2024-10-01		IX/103/A-180Z Kolštejn (Branná)	OKBOTA		JO80ME	0	0	1		503
R	WWBOTA	B/OK-3813		2024-10-01		IX/104/A-160 Kolštejn (Branná)	OKBOTA		JO80LE	0	0	1		503
R	WWBOTA	B/OK-3814		2024-10-01		IX/105/A-120 Kolštejn (Branná)	OKBOTA		JO80LE	0	0	1		503
R	WWBOTA	B/OK-3815		2024-10-01		IX/106/A-140Z Kolštejn (Branná)	OKBOTA		JO80LE	0	0	1		503
R	WWBOTA	B/OK-3816		2024-10-01		IX/107/A-160Z Kolštejn (Branná)	OKBOTA		JO80LE	0	0	1		503
R	WWBOTA	B/OK-3817		2024-10-01		IX/108/A-160Z Kolštejn (Branná)	OKBOTA		JO80ME	0	0	1		503
R	WWBOTA	B/OK-3818		2024-10-01		IX/109/D2 Kolštejn (Branná)	OKBOTA		JO80ME	0	0	1		503
R	WWBOTA	B/OK-3819		2024-10-01		IX/110/A-160Z Kolštejn (Branná)	OKBOTA		JO80ME	0	0	1		503
R	WWBOTA	B/OK-3820		2024-10-01		IX/111/A-120Z Kolštejn (Branná)	OKBOTA		JO80ME	0	0	1		503
R	WWBOTA	B/OK-3821		2024-10-01		IX/112/B2-80 Kolštejn (Branná)	OKBOTA		JO80ME	0	0	1		503
R	WWBOTA	B/OK-3822		2024-10-01		IX/113/D1 Kolštejn (Branná)	OKBOTA		JO80ME	0	0	1		503
R	WWBOTA	B/OK-3823		2024-10-01		IX/117/B2-100 Kolštejn (Branná)	OKBOTA		JO80LE	0	0	1		503
R	WWBOTA	B/OK-3824		2024-10-01		IX/118/A-120Z Kolštejn (Branná)	OKBOTA		JO80LE	0	0	1		503
R	WWBOTA	B/OK-3825		2024-10-01		IX/119/B2-80 Kolštejn (Branná)	OKBOTA		JO80LE	0	0	1		503
R	WWBOTA	B/OK-3826		2024-10-01		IX/123/A-120Z Kolštejn (Branná)	OKBOTA		JO80LE	0	0	1		503
R	WWBOTA	B/OK-3827		2024-10-01		IX/124/B1-80Z Kolštejn (Branná)	OKBOTA		JO80LE	0	0	1		503
R	WWBOTA	B/OK-3828		2024-10-01		IX/127/B1-80 Kolštejn (Branná)	OKBOTA		JO80ME	0	0	1		503
R	WWBOTA	B/OK-3829		2024-10-01		IX/128/E Kolštejn (Branná)	OKBOTA		JO80ME	0	0	1		503
R	WWBOTA	B/OK-3830		2024-10-01		IX/129/B2-90 Kolštejn (Branná)	OKBOTA		JO80ME	0	0	1		503
R	WWBOTA	B/OK-3831		2024-10-01		IX/130/B2-80 Kolštejn (Branná)	OKBOTA		JO80ME	0	0	1		503
R	WWBOTA	B/OK-3832		2024-10-01		IX/131/B1-90 Kolštejn (Branná)	OKBOTA		JO80MD	0	0	1		503
R	WWBOTA	B/OK-3833		2024-10-01		IX/132/D2 Kolštejn (Branná)	OKBOTA		JO80ME	0	0	1		503
R	WWBOTA	B/OK-3834		2024-10-01		IX/133/D1 Kolštejn (Branná)	OKBOTA		JO80ME	0	0	1		503
R	WWBOTA	B/OK-3835		2024-10-01		IX/134/A-160Z Kolštejn (Branná)	OKBOTA		JO80LE	0	0	1		503
R	WWBOTA	B/OK-3836		2024-10-01		IX/135/A-120Z Kolštejn (Branná)	OKBOTA		JO80LD	0	0	1		503
R	WWBOTA	B/OK-3837		2024-10-01		IX/136/D2 Kolštejn (Branná)	OKBOTA		JO80LE	0	0	1		503
R	WWBOTA	B/OK-3838		2024-10-01		IX/137/A-180Z Kolštejn (Branná)	OKBOTA		JO80ME	0	0	1		503
R	WWBOTA	B/OK-3839		2024-10-01		IX/138/B1-80 Kolštejn (Branná)	OKBOTA		JO80ME	0	0	1		503
R	WWBOTA	B/OK-3840		2024-10-01		IX/139/B1-90 Kolštejn (Branná)	OKBOTA		JO80ME	0	0	1		503
R	WWBOTA	B/OK-3841		2024-10-01		IX/140/D1 Kolštejn (Branná)	OKBOTA		JO80MD	0	0	1		503
R	WWBOTA	B/OK-3842		2024-10-01		IX/141/B2-80 Kolštejn (Branná)	OKBOTA		JO80LE	0	0	1		503
R	WWBOTA	B/OK-3843		2024-10-01		IX/142/A-180Z Kolštejn (Branná)	OKBOTA		JO80LE	0	0	1		503
R	WWBOTA	B/OK-3844		2024-10-01		IX/143/A-120Z Kolštejn (Branná)	OKBOTA		JO80LE	0	0	1		503
R	WWBOTA	B/OK-3845		2024-10-01		IX/144/A-120 Kolštejn (Branná)	OKBOTA		JO80ME	0	0	1		503
R	WWBOTA	B/OK-3846		2024-10-01		IX/145/A-160Z Kolštejn (Branná)	OKBOTA		JO80ME	0	0	1		503
R	WWBOTA	B/OK-3847		2024-10-01		IX/146/D1 Kolštejn (Branná)	OKBOTA		JO80ME	0	0	1		503
R	WWBOTA	B/OK-3848		2024-10-01		IX/147/A-180 Kolštejn (Branná)	OKBOTA		JO80ME	0	0	1		503
R	WWBOTA	B/OK-3849		2024-10-01		IX/149/E Kolštejn (Branná)	OKBOTA		JO80MD	0	0	1		503
R	WWBOTA	B/OK-3850		2024-10-01		IX/150/A-120 Kolštejn (Branná)	OKBOTA		JO80ME	0	0	1		503
R	WWBOTA	B/OK-3851		2024-10-01		IX/151/B2-100 Kolštejn (Branná)	OKBOTA		JO80ME	0	0	1		503
R	WWBOTA	B/OK-3852		2024-10-01		IX/152/B2-80 Kolštejn (Branná)	OKBOTA		JO80MD	0	0	1		503
R	WWBOTA	B/OK-3853		2024-10-01		IX/153/A-140Z Kolštejn (Branná)	OKBOTA		JO80ME	0	0	1		503
R	WWBOTA	B/OK-3854		2024-10-01		IX/155/A-120Z Kolštejn (Branná)	OKBOTA		JO80ME	0	0	1		503
R	WWBOTA	B/OK-3855		2024-10-01		IX/156/E Kolštejn (Branná)	OKBOTA		JO80LE	0	0	1		503
R	WWBOTA	B/OK-3856		2024-10-01		IX/157/B2-80 Kolštejn (Branná)	OKBOTA		JO80LD	0	0	1		503
R	WWBOTA	B/OK-3857		2024-10-01		IX/158/D1 Kolštejn (Branná)	OKBOTA		JO80LE	0	0	1		503
R	WWBOTA	B/OK-3858		2024-10-01		IX/159/D1 Kolštejn (Branná)	OKBOTA		JO80ME	0	0	1		503
R	WWBOTA	B/OK-3859		2024-10-01		IX/160/E Kolštejn (Branná)	OKBOTA		JO80ME	0	0	1		503
R	WWBOTA	B/OK-3860		2024-10-01		IX/161/A-160 Kolštejn (Branná)	OKBOTA		JO80ME	0	0	1		503
R	WWBOTA	B/OK-3861		2024-10-01		IX/2/A-140 Kolštejn (Branná)	OKBOTA		JO80ME	0	0	1		503
R	WWBOTA	B/OK-3862		2024-10-01		IX/3/A-120 Kolštejn (Branná)	OKBOTA		JO80ME	0	0	1		503
R	WWBOTA	B/OK-3863		2024-10-01		IX/4/A-140 Kolštejn (Branná)	OKBOTA		JO80ME	0	0	1		503
R	WWBOTA	B/OK-3864		2024-10-01		IX/5/A-140 Kolštejn (Branná)	OKBOTA		JO80ME	0	0	1		503
R	WWBOTA	B/OK-3865		2024-10-01		IX/6/A-140Z Kolštejn (Branná)	OKBOTA		JO80ME	0	0	1		503
R	WWBOTA	B/OK-3866		2024-10-01		V/1007/A-160 Sádek	OKBOTA		JN89VX	0	0	1		503
R	WWBOTA	B/OK-3867		2024-10-01		V/1047/B2-80Z Sádek	OKBOTA		JN89VW	0	0	1		503
R	WWBOTA	B/OK-3868		2024-10-01		V/1048/A-160 Sádek	OKBOTA		JN89UX	0	0	1		503
R	WWBOTA	B/OK-3869		2024-10-01		V/939/B1-90 Sádek	OKBOTA		JN89VW	0	0	1		503
R	WWBOTA	B/OK-3870		2024-10-01		V/940/A-140Z Sádek	OKBOTA		JN89VX	0	0	1		503
R	WWBOTA	B/OK-3871		2024-10-01		V/941/B2-100 Sádek	OKBOTA		JN89VW	0	0	1		503
R	WWBOTA	B/OK-3872		2024-10-01		V/942/A-140 Sádek	OKBOTA		JN89VX	0	0	1		503
R	WWBOTA	B/OK-3873		2024-10-01		V/943/A-140Z Sádek	OKBOTA		JN89VX	0	0	1		503
R	WWBOTA	B/OK-3874		2024-10-01		V/944/D2 Sádek	OKBOTA		JN89VW	0	0	1		503
R	WWBOTA	B/OK-3875		2024-10-01		V/945/A-180Z Sádek	OKBOTA		JN89UX	0	0	1		503
R	WWBOTA	B/OK-3876		2024-10-01		V/946/B2-80 Sádek	OKBOTA		JN89VW	0	0	1		503
R	WWBOTA	B/OK-3877		2024-10-01		V/947/A-160 Sádek	OKBOTA		JN89UX	0	0	1		503
R	WWBOTA	B/OK-3878		2024-10-01		V/948/B2-100 Sádek	OKBOTA		JN89UW	0	0	1		503
R	WWBOTA	B/OK-3879		2024-10-01		V/949/A-160Z Sádek	OKBOTA		JN89UX	0	0	1		503
R	WWBOTA	B/OK-3880		2024-10-01		V/950/A-120 Sádek	OKBOTA		JN89UW	0	0	1		503
R	WWBOTA	B/OK-3881		2024-10-01		V/951/A-140 Sádek	OKBOTA		JN89UX	0	0	1		503
R	WWBOTA	B/OK-3882		2024-10-01		V/952/B1-80 Sádek	OKBOTA		JN89UW	0	0	1		503
R	WWBOTA	B/OK-3883		2024-10-01		V/953/A-140Z Sádek	OKBOTA		JN89UX	0	0	1		503
R	WWBOTA	B/OK-3884		2024-10-01		V/954/A-140Z Sádek	OKBOTA		JN89UX	0	0	1		503
R	WWBOTA	B/OK-3885		2024-10-01		V/955/D2 Sádek	OKBOTA		JN89UX	0	0	1		503
R	WWBOTA	B/OK-3886		2024-10-01		V/956/A-120 Sádek	OKBOTA		JN89VX	0	0	1		503
R	WWBOTA	B/OK-3887		2024-10-01		V/957/B2-90Z Sádek	OKBOTA		JN89UW	0	0	1		503
R	WWBOTA	B/OK-3888		2024-10-01		V/958/A-140 Sádek	OKBOTA		JN89UX	0	0	1		503
R	WWBOTA	B/OK-3889		2024-10-01		V/959/A-120 Sádek	OKBOTA		JN89UX	0	0	1		503
R	WWBOTA	B/OK-3890		2024-10-01		V/960/A-120 Sádek	OKBOTA		JN89UX	0	0	1		503
R	WWBOTA	B/OK-3891		2024-10-01		V/961/B1-80 Sádek	OKBOTA		JN89UX	0	0	1		503
R	WWBOTA	B/OK-3892		2024-10-01		V/962/A-160 Sádek	OKBOTA		JN89UX	0	0	1		503
R	WWBOTA	B/OK-3893		2024-10-01		V/963/B1-100 Sádek	OKBOTA		JN89UX	0	0	1		503
R	WWBOTA	B/OK-3894		2024-10-01		V/964/A-180Z Sádek	OKBOTA		JN89UX	0	0	1		503
R	WWBOTA	B/OK-3895		2024-10-01		V/965/A-120 Sádek	OKBOTA		JN89UX	0	0	1		503
R	WWBOTA	B/OK-3896		2024-10-01		V/966/E Sádek	OKBOTA		JN89UX	0	0	1		503
R	WWBOTA	B/OK-3897		2024-10-01		V/967/A-120Z Sádek	OKBOTA		JN89UX	0	0	1		503
R	WWBOTA	B/OK-3898		2024-10-01		V/968/A-140 Sádek	OKBOTA		JN89UX	0	0	1		503
R	WWBOTA	B/OK-3899		2024-10-01		V/969/A-160Z Sádek	OKBOTA		JN89UX	0	0	1		503
R	WWBOTA	B/OK-3900		2024-10-01		V/970/A-180Z Sádek	OKBOTA		JN89UX	0	0	1		503
R	WWBOTA	B/OK-3901		2024-10-01		V/971/A-160 Sádek	OKBOTA		JN89UX	0	0	1		503
R	WWBOTA	B/OK-3902		2024-10-01		V/972/A-140 Sádek	OKBOTA		JN89UX	0	0	1		503
R	WWBOTA	B/OK-3903		2024-10-01		V/973/B1-90 Sádek	OKBOTA		JN89UX	0	0	1		503
R	WWBOTA	B/OK-3904		2024-10-01		V/974/B1-100 Sádek	OKBOTA		JN89UX	0	0	1		503
R	WWBOTA	B/OK-3905		2024-10-01		V/977/B1-80 Sádek	OKBOTA		JN89UX	0	0	1		503
R	WWBOTA	B/OK-3906		2024-10-01		V/978/A-160 Sádek	OKBOTA		JN89UX	0	0	1		503
R	WWBOTA	B/OK-3907		2024-10-01		V-3/1024b/A-160 Sádek, 3. sled	OKBOTA		JN89UW	0	0	1		503
R	WWBOTA	B/OK-3908		2024-10-01		V-3/1025b/A-160 Sádek, 3. sled	OKBOTA		JN89UX	0	0	1		503
R	WWBOTA	B/OK-3909		2024-10-01		V-3/1026b/A-160 Sádek, 3. sled	OKBOTA		JN89UW	0	0	1		503
R	WWBOTA	B/OK-3910		2024-10-01		V-3/1027b/A-160 Sádek, 3. sled	OKBOTA		JN89UW	0	0	1		503
R	WWBOTA	B/OK-3911		2024-10-01		V-3/1028b/A-120 Sádek, 3. sled	OKBOTA		JN89UW	0	0	1		503
R	WWBOTA	B/OK-3912		2024-10-01		V-3/1029b/A-140 Sádek, 3. sled	OKBOTA		JN89UX	0	0	1		503
R	WWBOTA	B/OK-3913		2024-10-01		V-3/1031b/A-120 Sádek, 3. sled	OKBOTA		JN89UX	0	0	1		503
R	WWBOTA	B/OK-3914		2024-10-01		V-3/1051a/B1-90 Sádek, 3. sled	OKBOTA		JN89UX	0	0	1		503
R	WWBOTA	B/OK-3915		2024-10-01		V-3/1061/E Sádek, 3. sled	OKBOTA		JN89UW	0	0	1		503
R	WWBOTA	B/OK-3916		2024-10-01		V-3/590/A-120Z Sádek, 3. sled	OKBOTA		JN89VW	0	0	1		503
R	WWBOTA	B/OK-3917		2024-10-01		V-3/597/E Sádek, 3. sled	OKBOTA		JN89VW	0	0	1		503
R	WWBOTA	B/OK-3918		2024-10-01		V-3/598/A-180 Sádek, 3. sled	OKBOTA		JN89VW	0	0	1		503
R	WWBOTA	B/OK-3919		2024-10-01		V-3/600/A-120 Sádek, 3. sled	OKBOTA		JN89VW	0	0	1		503
R	WWBOTA	B/OK-3920		2024-10-01		V-3/601/A-140Z Sádek, 3. sled	OKBOTA		JN89VW	0	0	1		503
R	WWBOTA	B/OK-3921		2024-10-01		V-3/602/A-120 Sádek, 3. sled	OKBOTA		JN89VW	0	0	1		503
R	WWBOTA	B/OK-3922		2024-10-01		V-3/603/A-160Z Sádek, 3. sled	OKBOTA		JN89VW	0	0	1		503
R	WWBOTA	B/OK-3923		2024-10-01		V-3/604/A-140 Sádek, 3. sled	OKBOTA		JN89VW	0	0	1		503
R	WWBOTA	B/OK-3924		2024-10-01		V-3/605/A-120 Sádek, 3. sled	OKBOTA		JN89VW	0	0	1		503
R	WWBOTA	B/OK-3925		2024-10-01		V-3/606/A-140Z Sádek, 3. sled	OKBOTA		JN89UW	0	0	1		503
R	WWBOTA	B/OK-3926		2024-10-01		V-3/607/A-140 Sádek, 3. sled	OKBOTA		JN89UW	0	0	1		503
R	WWBOTA	B/OK-3927		2024-10-01		V-3/608/A-140Z Sádek, 3. sled	OKBOTA		JN89UW	0	0	1		503
R	WWBOTA	B/OK-3928		2024-10-01		V-3/609/A-140 Sádek, 3. sled	OKBOTA		JN89UW	0	0	1		503
R	WWBOTA	B/OK-3929		2024-10-01		V-3/610a/B1-100Z Sádek, 3. sled	OKBOTA		JN89UW	0	0	1		503
R	WWBOTA	B/OK-3930		2024-10-01		V-3/611a/A-120 Sádek, 3. sled	OKBOTA		JN89UW	0	0	1		503
R	WWBOTA	B/OK-3931		2024-10-01		V-3/612a/A-160 Sádek, 3. sled	OKBOTA		JN89UW	0	0	1		503
R	WWBOTA	B/OK-3932		2024-10-01		V-3/613a/A-120 Sádek, 3. sled	OKBOTA		JN89UW	0	0	1		503
R	WWBOTA	B/OK-3933		2024-10-01		V-3/614/B2-100Z Sádek, 3. sled	OKBOTA		JN89UW	0	0	1		503
R	WWBOTA	B/OK-3934		2024-10-01		V-3/615/A-140 Sádek, 3. sled	OKBOTA		JN89UW	0	0	1		503
R	WWBOTA	B/OK-3935		2024-10-01		V-3/670b/A-140Z Sádek, 3. sled	OKBOTA		JN89UX	0	0	1		503
R	WWBOTA	B/OK-3936		2024-10-01		V-3/671b/A-160 Sádek, 3. sled	OKBOTA		JN89UX	0	0	1		503
R	WWBOTA	B/OK-3937		2024-10-01		V-3/672/A-120Z Sádek, 3. sled	OKBOTA		JN89UX	0	0	1		503
R	WWBOTA	B/OK-3938		2024-10-01		V-3/673a/A-120 Sádek, 3. sled	OKBOTA		JN89UX	0	0	1		503
R	WWBOTA	B/OK-3939		2024-10-01		V-3/674a/A-140Z Sádek, 3. sled	OKBOTA		JN89UX	0	0	1		503
R	WWBOTA	B/OK-3940		2024-10-01		V-3/675a/A-160 Sádek, 3. sled	OKBOTA		JN89UX	0	0	1		503
R	WWBOTA	B/OK-3941		2024-10-01		V-3/677/A-140Z Sádek, 3. sled	OKBOTA		JN89UX	0	0	1		503
R	WWBOTA	B/OK-3942		2024-10-01		V-3/678/A-120 Sádek, 3. sled	OKBOTA		JN89TX	0	0	1		503
R	WWBOTA	B/OK-3943		2024-10-01		V-3/994a/A-140Z Sádek, 3. sled	OKBOTA		JN89UX	0	0	1		503
R	WWBOTA	B/OK-3944		2024-10-01		V-3/996a/A-160 Sádek, 3. sled	OKBOTA		JN89UX	0	0	1		503
R	WWBOTA	B/OK-3945		2024-10-01		VI/1000/A-120Z Horní Benešov	OKBOTA		JN89TX	0	0	1		503
R	WWBOTA	B/OK-3946		2024-10-01		VI/1021/B2-90 Horní Benešov	OKBOTA		JN89TX	0	0	1		503
R	WWBOTA	B/OK-3947		2024-10-01		VI/401/A-140Z Horní Benešov	OKBOTA		JN89TX	0	0	1		503
R	WWBOTA	B/OK-3948		2024-10-01		VI/402/A-160Z Horní Benešov	OKBOTA		JN89TX	0	0	1		503
R	WWBOTA	B/OK-3949		2024-10-01		VI/403/A-120 Horní Benešov	OKBOTA		JN89TX	0	0	1		503
R	WWBOTA	B/OK-3950		2024-10-01		VI/404/A-160Z Horní Benešov	OKBOTA		JN89TX	0	0	1		503
R	WWBOTA	B/OK-3951		2024-10-01		VI/405/A-140 Horní Benešov	OKBOTA		JN89TX	0	0	1		503
R	WWBOTA	B/OK-3952		2024-10-01		VI/406/A-120 Horní Benešov	OKBOTA		JN89TX	0	0	1		503
R	WWBOTA	B/OK-3953		2024-10-01		VI/407/A-180 Horní Benešov	OKBOTA		JN89TX	0	0	1		503
R	WWBOTA	B/OK-3954		2024-10-01		VI/408/A-160Z Horní Benešov	OKBOTA		JN89TX	0	0	1		503
R	WWBOTA	B/OK-3955		2024-10-01		VI/409/A-120Z Horní Benešov	OKBOTA		JN89TX	0	0	1		503
R	WWBOTA	B/OK-3956		2024-10-01		VI/411/A-160 Horní Benešov	OKBOTA		JN89TX	0	0	1		503
R	WWBOTA	B/OK-3957		2024-10-01		VI/413/B1-80Z Horní Benešov	OKBOTA		JN89TX	0	0	1		503
R	WWBOTA	B/OK-3958		2024-10-01		VI/414/A-180 Horní Benešov	OKBOTA		JN89TX	0	0	1		503
R	WWBOTA	B/OK-3959		2024-10-01		VI/503/A-140Z Horní Benešov	OKBOTA		JN89TX	0	0	1		503
R	WWBOTA	B/OK-3960		2024-10-01		VI/551/B1-100 Horní Benešov	OKBOTA		JN89TX	0	0	1		503
R	WWBOTA	B/OK-3961		2024-10-01		VI/552/A-140X Horní Benešov	OKBOTA		JN89TX	0	0	1		503
R	WWBOTA	B/OK-3962		2024-10-01		VI/553/B2-100 Horní Benešov	OKBOTA		JN89TX	0	0	1		503
R	WWBOTA	B/OK-3963		2024-10-01		VI/554/B2-100 Horní Benešov	OKBOTA		JN89TX	0	0	1		503
R	WWBOTA	B/OK-3964		2024-10-01		VI/555/B1-100 Horní Benešov	OKBOTA		JN89TX	0	0	1		503
R	WWBOTA	B/OK-3965		2024-10-01		VI/556/B2-100X Horní Benešov	OKBOTA		JN89TX	0	0	1		503
R	WWBOTA	B/OK-3966		2024-10-01		VI/557/B1-100 Horní Benešov	OKBOTA		JN89TX	0	0	1		503
R	WWBOTA	B/OK-3967		2024-10-01		VI/558/B2-90 Horní Benešov	OKBOTA		JN89TX	0	0	1		503
R	WWBOTA	B/OK-3968		2024-10-01		VI/559/B1-90 Horní Benešov	OKBOTA		JN89TX	0	0	1		503
R	WWBOTA	B/OK-3969		2024-10-01		VI/560/B2-80 Horní Benešov	OKBOTA		JN89TX	0	0	1		503
R	WWBOTA	B/OK-3970		2024-10-01		VI/593/B2-100 Horní Benešov	OKBOTA		JN89TX	0	0	1		503
R	WWBOTA	B/OK-3971		2024-10-01		VI/613/A-140 Horní Benešov	OKBOTA		JN89TX	0	0	1		503
R	WWBOTA	B/OK-3972		2024-10-01		VI/614/A-140X Horní Benešov	OKBOTA		JN89TX	0	0	1		503
R	WWBOTA	B/OK-3973		2024-10-01		VI/615/B2-90 Horní Benešov	OKBOTA		JN89TX	0	0	1		503
R	WWBOTA	B/OK-3974		2024-10-01		VI/800/A-160 Horní Benešov	OKBOTA		JN89TX	0	0	1		503
R	WWBOTA	B/OK-3975		2024-10-01		VI/801/B1-90 Horní Benešov	OKBOTA		JN89TX	0	0	1		503
R	WWBOTA	B/OK-3976		2024-10-01		VI/802/A-160 Horní Benešov	OKBOTA		JN89TX	0	0	1		503
R	WWBOTA	B/OK-3977		2024-10-01		VI/803/A-160Z Horní Benešov	OKBOTA		JN89TX	0	0	1		503
R	WWBOTA	B/OK-3978		2024-10-01		VI/804/A-200 Horní Benešov	OKBOTA		JN89TX	0	0	1		503
R	WWBOTA	B/OK-3979		2024-10-01		VI/975/A-140 Horní Benešov	OKBOTA		JN89UX	0	0	1		503
R	WWBOTA	B/OK-3980		2024-10-01		VI/979/A-160Z Horní Benešov	OKBOTA		JN89UX	0	0	1		503
R	WWBOTA	B/OK-3981		2024-10-01		VI/981/A-140 Horní Benešov	OKBOTA		JN89UX	0	0	1		503
R	WWBOTA	B/OK-3982		2024-10-01		VI/982/B1-100Z Horní Benešov	OKBOTA		JN89UX	0	0	1		503
R	WWBOTA	B/OK-3983		2024-10-01		VI/983/A-140 Horní Benešov	OKBOTA		JN89UX	0	0	1		503
R	WWBOTA	B/OK-3984		2024-10-01		VI/984/A-140Z Horní Benešov	OKBOTA		JN89UX	0	0	1		503
R	WWBOTA	B/OK-3985		2024-10-01		VI/985/A-120 Horní Benešov	OKBOTA		JN89UX	0	0	1		503
R	WWBOTA	B/OK-3986		2024-10-01		VI/986/A-120 Horní Benešov	OKBOTA		JN89UX	0	0	1		503
R	WWBOTA	B/OK-3987		2024-10-01		VI/987/B1-80Z Horní Benešov	OKBOTA		JN89UX	0	0	1		503
R	WWBOTA	B/OK-3988		2024-10-01		VI/988a/A-120Z Horní Benešov	OKBOTA		JN89UX	0	0	1		503
R	WWBOTA	B/OK-3989		2024-10-01		VI/988b/A-120 Horní Benešov	OKBOTA		JN89TX	0	0	1		503
R	WWBOTA	B/OK-3990		2024-10-01		VI/989/A-160Z Horní Benešov	OKBOTA		JN89TX	0	0	1		503
R	WWBOTA	B/OK-3991		2024-10-01		VI/990/A-140 Horní Benešov	OKBOTA		JN89UX	0	0	1		503
R	WWBOTA	B/OK-3992		2024-10-01		VI/991/A-160 Horní Benešov	OKBOTA		JN89TX	0	0	1		503
R	WWBOTA	B/OK-3993		2024-10-01		VI/992/A-120Z Horní Benešov	OKBOTA		JN89TX	0	0	1		503
R	WWBOTA	B/OK-3994		2024-10-01		VI/995/A-120 Horní Benešov	OKBOTA		JN89TX	0	0	1		503
R	WWBOTA	B/OK-3995		2024-10-01		VI/993/A-140 Horní Benešov	OKBOTA		JN89TX	0	0	1		503
R	WWBOTA	B/OK-3996		2024-10-01		VI/999/B2-80 Horní Benešov	OKBOTA		JN89TX	0	0	1		503
R	WWBOTA	B/OK-3997		2024-10-01		VI-3/1/B1-100Z Horní Benešov, 3. sled	OKBOTA		JN89TX	0	0	1		503
R	WWBOTA	B/OK-3998		2024-10-01		VI-3/1033/B2-100 Horní Benešov, 3. sled	OKBOTA		JN89TX	0	0	1		503
R	WWBOTA	B/OK-3999		2024-10-01		VI-3/1064/A-140 Horní Benešov, 3. sled	OKBOTA		JN89TX	0	0	1		503
R	WWBOTA	B/OK-4000		2024-10-01		VI-3/1037/A-160 Horní Benešov, 3. sled	OKBOTA		JN89TX	0	0	1		503
R	WWBOTA	B/OK-4001		2024-10-01		VI-3/1039/B1-90 Horní Benešov, 3. sled	OKBOTA		JN89TX	0	0	1		503
R	WWBOTA	B/OK-4002		2024-10-01		VI-3/1040/A-120 Horní Benešov, 3. sled	OKBOTA		JN89TX	0	0	1		503
R	WWBOTA	B/OK-4003		2024-10-01		VI-3/3/A-120 Horní Benešov, 3. sled	OKBOTA		JN89TX	0	0	1		503
R	WWBOTA	B/OK-4004		2024-10-01		VI-3/4/A-120 Horní Benešov, 3. sled	OKBOTA		JN89TX	0	0	1		503
R	WWBOTA	B/OK-4005		2024-10-01		VI-3/650/A-140 Horní Benešov, 3. sled	OKBOTA		JN89TX	0	0	1		503
R	WWBOTA	B/OK-4006		2024-10-01		VI-3/651/A-180 Horní Benešov, 3. sled	OKBOTA		JN89TX	0	0	1		503
R	WWBOTA	B/OK-4007		2024-10-01		VI-3/652/A-160 Horní Benešov, 3. sled	OKBOTA		JN89TX	0	0	1		503
R	WWBOTA	B/OK-4008		2024-10-01		VI-3/653/A-140 Horní Benešov, 3. sled	OKBOTA		JN89TX	0	0	1		503
R	WWBOTA	B/OK-4009		2024-10-01		VI-3/654/A-140 Horní Benešov, 3. sled	OKBOTA		JN89TX	0	0	1		503
R	WWBOTA	B/OK-4010		2024-10-01		VI-3/655/A-140 Horní Benešov, 3. sled	OKBOTA		JN89TX	0	0	1		503
R	WWBOTA	B/OK-4011		2024-10-01		VI-3/656/A-160 Horní Benešov, 3. sled	OKBOTA		JN89TX	0	0	1		503
R	WWBOTA	B/OK-4012		2024-10-01		VI-3/657/A-120Z Horní Benešov, 3. sled	OKBOTA		JN89TX	0	0	1		503
R	WWBOTA	B/OK-4013		2024-10-01		VI-3/659/A-140 Horní Benešov, 3. sled	OKBOTA		JN89TX	0	0	1		503
R	WWBOTA	B/OK-4014		2024-10-01		VI-3/660/D2 Horní Benešov, 3. sled	OKBOTA		JN89TX	0	0	1		503
R	WWBOTA	B/OK-4015		2024-10-01		VII/415/A-120Z Hohnberg (Velký Tetřev)	OKBOTA		JN89TX	0	0	1		503
R	WWBOTA	B/OK-4016		2024-10-01		VII/416/A-140Z Hohnberg (Velký Tetřev)	OKBOTA		JN89TX	0	0	1		503
R	WWBOTA	B/OK-4017		2024-10-01		VII/417/A-140 Hohnberg (Velký Tetřev)	OKBOTA		JN89TX	0	0	1		503
R	WWBOTA	B/OK-4018		2024-10-01		VII/418/A-160Z Hohnberg (Velký Tetřev)	OKBOTA		JN89TX	0	0	1		503
R	WWBOTA	B/OK-4019		2024-10-01		VII/419/A-120 Hohnberg (Velký Tetřev)	OKBOTA		JN89TX	0	0	1		503
R	WWBOTA	B/OK-4020		2024-10-01		VII/420/A-160Z Hohnberg (Velký Tetřev)	OKBOTA		JN89TX	0	0	1		503
R	WWBOTA	B/OK-4021		2024-10-01		VII/421/A-120 Hohnberg (Velký Tetřev)	OKBOTA		JN89SX	0	0	1		503
R	WWBOTA	B/OK-4022		2024-10-01		VII/422/A-160 Hohnberg (Velký Tetřev)	OKBOTA		JN89SX	0	0	1		503
R	WWBOTA	B/OK-4023		2024-10-01		VII/423/A-120 Hohnberg (Velký Tetřev)	OKBOTA		JN89SX	0	0	1		503
R	WWBOTA	B/OK-4024		2024-10-01		VII/425/A-140Z Hohnberg (Velký Tetřev)	OKBOTA		JN89SX	0	0	1		503
R	WWBOTA	B/OK-4025		2024-10-01		VII/426/A-160 Hohnberg (Velký Tetřev)	OKBOTA		JN89SX	0	0	1		503
R	WWBOTA	B/OK-4026		2024-10-01		VII/427/A-120Z Hohnberg (Velký Tetřev)	OKBOTA		JN89SX	0	0	1		503
R	WWBOTA	B/OK-4027		2024-10-01		VII/428/A-120 Hohnberg (Velký Tetřev)	OKBOTA		JO80SA	0	0	1		503
R	WWBOTA	B/OK-4028		2024-10-01		VII/429/A-160 Hohnberg (Velký Tetřev)	OKBOTA		JO80SA	0	0	1		503
R	WWBOTA	B/OK-4029		2024-10-01		VII/430/A-160Z Hohnberg (Velký Tetřev)	OKBOTA		JO80SA	0	0	1		503
R	WWBOTA	B/OK-4030		2024-10-01		VII/431/A-120 Hohnberg (Velký Tetřev)	OKBOTA		JO80SA	0	0	1		503
R	WWBOTA	B/OK-4031		2024-10-01		VII/432/A-120 Hohnberg (Velký Tetřev)	OKBOTA		JO80SA	0	0	1		503
R	WWBOTA	B/OK-4032		2024-10-01		VII/433/A-160Z Hohnberg (Velký Tetřev)	OKBOTA		JO80SA	0	0	1		503
R	WWBOTA	B/OK-4033		2024-10-01		VII/434/A-160 Hohnberg (Velký Tetřev)	OKBOTA		JO80SA	0	0	1		503
R	WWBOTA	B/OK-4034		2024-10-01		VII/435/A-120Z Hohnberg (Velký Tetřev)	OKBOTA		JO80SA	0	0	1		503
R	WWBOTA	B/OK-4035		2024-10-01		VII/436/A-160 Hohnberg (Velký Tetřev)	OKBOTA		JO80SA	0	0	1		503
R	WWBOTA	B/OK-4036		2024-10-01		VII/562/A-120 Hohnberg (Velký Tetřev)	OKBOTA		JN89TX	0	0	1		503
R	WWBOTA	B/OK-4037		2024-10-01		VII/563/B1-90 Hohnberg (Velký Tetřev)	OKBOTA		JN89TX	0	0	1		503
R	WWBOTA	B/OK-4038		2024-10-01		VII/565/A-140 Hohnberg (Velký Tetřev)	OKBOTA		JN89TX	0	0	1		503
R	WWBOTA	B/OK-4039		2024-10-01		VII/566/B2-90 Hohnberg (Velký Tetřev)	OKBOTA		JN89TX	0	0	1		503
R	WWBOTA	B/OK-4040		2024-10-01		VII/567/A-120 Hohnberg (Velký Tetřev)	OKBOTA		JN89SX	0	0	1		503
R	WWBOTA	B/OK-4041		2024-10-01		VII/568/B1-100Z Hohnberg (Velký Tetřev)	OKBOTA		JN89SX	0	0	1		503
R	WWBOTA	B/OK-4042		2024-10-01		VII/569/A-140X Hohnberg (Velký Tetřev)	OKBOTA		JN89SX	0	0	1		503
R	WWBOTA	B/OK-4043		2024-10-01		VII/570/A-140 Hohnberg (Velký Tetřev)	OKBOTA		JN89SX	0	0	1		503
R	WWBOTA	B/OK-4044		2024-10-01		VII/571/A-120 Hohnberg (Velký Tetřev)	OKBOTA		JN89SX	0	0	1		503
R	WWBOTA	B/OK-4045		2024-10-01		VII/572/A-140 Hohnberg (Velký Tetřev)	OKBOTA		JN89SX	0	0	1		503
R	WWBOTA	B/OK-4046		2024-10-01		VII/573/B2-100X Hohnberg (Velký Tetřev)	OKBOTA		JN89SX	0	0	1		503
R	WWBOTA	B/OK-4047		2024-10-01		VII/574/B1-100 Hohnberg (Velký Tetřev)	OKBOTA		JO80SA	0	0	1		503
R	WWBOTA	B/OK-4048		2024-10-01		VII/575/A-140 Hohnberg (Velký Tetřev)	OKBOTA		JO80SA	0	0	1		503
R	WWBOTA	B/OK-4049		2024-10-01		VII/576/B1-100 Hohnberg (Velký Tetřev)	OKBOTA		JO80SA	0	0	1		503
R	WWBOTA	B/OK-4050		2024-10-01		VII/577/B2-100 Hohnberg (Velký Tetřev)	OKBOTA		JO80SA	0	0	1		503
R	WWBOTA	B/OK-4051		2024-10-01		VII/578/B1-100 Hohnberg (Velký Tetřev)	OKBOTA		JO80SA	0	0	1		503
R	WWBOTA	B/OK-4052		2024-10-01		VII/579/E Hohnberg (Velký Tetřev)	OKBOTA		JO80SA	0	0	1		503
R	WWBOTA	B/OK-4053		2024-10-01		VII/580/B2-100Z Hohnberg (Velký Tetřev)	OKBOTA		JO80SA	0	0	1		503
R	WWBOTA	B/OK-4054		2024-10-01		VII/610/A-120 Hohnberg (Velký Tetřev)	OKBOTA		JO80SA	0	0	1		503
R	WWBOTA	B/OK-4055		2024-10-01		VII/611/B1-80 Hohnberg (Velký Tetřev)	OKBOTA		JO80SA	0	0	1		503
R	WWBOTA	B/OK-4056		2024-10-01		VII/629/B2-100 Hohnberg (Velký Tetřev)	OKBOTA		JO80SA	0	0	1		503
R	WWBOTA	B/OK-4057		2024-10-01		VII-3/10/A-140 Hohnberg (Velký Tetřev), 3. sled	OKBOTA		JN89TX	0	0	1		503
R	WWBOTA	B/OK-4058		2024-10-01		VII-3/11/A-120 Hohnberg (Velký Tetřev), 3. sled	OKBOTA		JN89TX	0	0	1		503
R	WWBOTA	B/OK-4059		2024-10-01		VII-3/12/B1-100 Hohnberg (Velký Tetřev), 3. sled	OKBOTA		JN89SX	0	0	1		503
R	WWBOTA	B/OK-4060		2024-10-01		VII-3/13/A-120 Hohnberg (Velký Tetřev), 3. sled	OKBOTA		JN89SX	0	0	1		503
R	WWBOTA	B/OK-4061		2024-10-01		VII-3/14/A-120 Hohnberg (Velký Tetřev), 3. sled	OKBOTA		JN89SX	0	0	1		503
R	WWBOTA	B/OK-4062		2024-10-01		VII-3/6/A-140 Hohnberg (Velký Tetřev), 3. sled	OKBOTA		JN89TX	0	0	1		503
R	WWBOTA	B/OK-4063		2024-10-01		VII-3/630/B2-80 Hohnberg (Velký Tetřev), 3. sled	OKBOTA		JO80SA	0	0	1		503
R	WWBOTA	B/OK-4064		2024-10-01		VII-3/631/A-180 Hohnberg (Velký Tetřev), 3. sled	OKBOTA		JO80SA	0	0	1		503
R	WWBOTA	B/OK-4065		2024-10-01		VII-3/632/A-140 Hohnberg (Velký Tetřev), 3. sled	OKBOTA		JO80SA	0	0	1		503
R	WWBOTA	B/OK-4066		2024-10-01		VII-3/633/B2-100 Hohnberg (Velký Tetřev), 3. sled	OKBOTA		JO80SA	0	0	1		503
R	WWBOTA	B/OK-4067		2024-10-01		VII-3/669/A-120 Hohnberg (Velký Tetřev), 3. sled	OKBOTA		JN89SX	0	0	1		503
R	WWBOTA	B/OK-4068		2024-10-01		VII-3/670/A-140 Hohnberg (Velký Tetřev), 3. sled	OKBOTA		JN89SX	0	0	1		503
R	WWBOTA	B/OK-4069		2024-10-01		VII-3/671/A-120 Hohnberg (Velký Tetřev), 3. sled	OKBOTA		JN89SX	0	0	1		503
R	WWBOTA	B/OK-4070		2024-10-01		VII-3/672/A-140 Hohnberg (Velký Tetřev), 3. sled	OKBOTA		JN89SX	0	0	1		503
R	WWBOTA	B/OK-4071		2024-10-01		VII-3/673/A-140 Hohnberg (Velký Tetřev), 3. sled	OKBOTA		JN89SX	0	0	1		503
R	WWBOTA	B/OK-4072		2024-10-01		VII-3/674/A-160 Hohnberg (Velký Tetřev), 3. sled	OKBOTA		JN89SX	0	0	1		503
R	WWBOTA	B/OK-4073		2024-10-01		VII-3/675/A-120 Hohnberg (Velký Tetřev), 3. sled	OKBOTA		JN89SX	0	0	1		503
R	WWBOTA	B/OK-4074		2024-10-01		VII-3/676/A-120 Hohnberg (Velký Tetřev), 3. sled	OKBOTA		JN89SX	0	0	1		503
R	WWBOTA	B/OK-4075		2024-10-01		VII-3/7/A-140 Hohnberg (Velký Tetřev), 3. sled	OKBOTA		JN89TX	0	0	1		503
R	WWBOTA	B/OK-4076		2024-10-01		VII-3/8/A-180 Hohnberg (Velký Tetřev), 3. sled	OKBOTA		JN89TX	0	0	1		503
R	WWBOTA	B/OK-4077		2024-10-01		VII-3/9/A-160 Hohnberg (Velký Tetřev), 3. sled	OKBOTA		JN89TX	0	0	1		503
R	WWBOTA	B/OK-4078		2024-10-01		VIII/1/A-180Z Staré Město	OKBOTA		JO80LE	0	0	1		503
R	WWBOTA	B/OK-4079		2024-10-01		VIII/10/A-140Z Staré Město	OKBOTA		JO80LE	0	0	1		503
R	WWBOTA	B/OK-4080		2024-10-01		VIII/11/D1 Staré Město	OKBOTA		JO80LE	0	0	1		503
R	WWBOTA	B/OK-4081		2024-10-01		VIII/12/B2-90 Staré Město	OKBOTA		JO80LD	0	0	1		503
R	WWBOTA	B/OK-4082		2024-10-01		VIII/13/B1-100 Staré Město	OKBOTA		JO80LE	0	0	1		503
R	WWBOTA	B/OK-4083		2024-10-01		VIII/15/B1-100 Staré Město	OKBOTA		JO80LE	0	0	1		503
R	WWBOTA	B/OK-4084		2024-10-01		VIII/16/B1-80 Staré Město	OKBOTA		JO80LE	0	0	1		503
R	WWBOTA	B/OK-4085		2024-10-01		VIII/17/A-200Z Staré Město	OKBOTA		JO80LE	0	0	1		503
R	WWBOTA	B/OK-4086		2024-10-01		VIII/18/B2-90 Staré Město	OKBOTA		JO80LE	0	0	1		503
R	WWBOTA	B/OK-4087		2024-10-01		VIII/19/D1 Staré Město	OKBOTA		JO80LE	0	0	1		503
R	WWBOTA	B/OK-4088		2024-10-01		VIII/2/A-140Z Staré Město	OKBOTA		JO80LE	0	0	1		503
R	WWBOTA	B/OK-4089		2024-10-01		VIII/20/A-160Z Staré Město	OKBOTA		JO80KE	0	0	1		503
R	WWBOTA	B/OK-4090		2024-10-01		VIII/21/B2-100 Staré Město	OKBOTA		JO80LE	0	0	1		503
R	WWBOTA	B/OK-4091		2024-10-01		VIII/23/A-120 Staré Město	OKBOTA		JO80KD	0	0	1		503
R	WWBOTA	B/OK-4092		2024-10-01		VIII/25/B1-100 Staré Město	OKBOTA		JO80KD	0	0	1		503
R	WWBOTA	B/OK-4093		2024-10-01		VIII/26/B1-90 Staré Město	OKBOTA		JO80KD	0	0	1		503
R	WWBOTA	B/OK-4094		2024-10-01		VIII/27/B2-80 Staré Město	OKBOTA		JO80KD	0	0	1		503
R	WWBOTA	B/OK-4095		2024-10-01		VIII/29/A-180Z Staré Město	OKBOTA		JO80KE	0	0	1		503
R	WWBOTA	B/OK-4096		2024-10-01		VIII/3/A-120Z Staré Město	OKBOTA		JO80LE	0	0	1		503
R	WWBOTA	B/OK-4097		2024-10-01		VIII/30/A-180Z Staré Město	OKBOTA		JO80LE	0	0	1		503
R	WWBOTA	B/OK-4098		2024-10-01		VIII/31/B2-80 Staré Město	OKBOTA		JO80KD	0	0	1		503
R	WWBOTA	B/OK-4099		2024-10-01		VIII/32/A-120 Staré Město	OKBOTA		JO80LE	0	0	1		503
R	WWBOTA	B/OK-4100		2024-10-01		VIII/33/A-180Z Staré Město	OKBOTA		JO80LE	0	0	1		503
R	WWBOTA	B/OK-4101		2024-10-01		VIII/35/A-140 Staré Město	OKBOTA		JO80LE	0	0	1		503
R	WWBOTA	B/OK-4102		2024-10-01		VIII/36/A-160Z Staré Město	OKBOTA		JO80KE	0	0	1		503
R	WWBOTA	B/OK-4103		2024-10-01		VIII/37/A-120 Staré Město	OKBOTA		JO80KE	0	0	1		503
R	WWBOTA	B/OK-4104		2024-10-01		VIII/38/A-120Z Staré Město	OKBOTA		JO80KE	0	0	1		503
R	WWBOTA	B/OK-4105		2024-10-01		VIII/39/E Staré Město	OKBOTA		JO80KE	0	0	1		503
R	WWBOTA	B/OK-4106		2024-10-01		VIII/4/E Staré Město	OKBOTA		JO80LD	0	0	1		503
R	WWBOTA	B/OK-4107		2024-10-01		VIII/41/A-180 Staré Město	OKBOTA		JO80LE	0	0	1		503
R	WWBOTA	B/OK-4108		2024-10-01		VIII/42/D2 Staré Město	OKBOTA		JO80LE	0	0	1		503
R	WWBOTA	B/OK-4109		2024-10-01		VIII/43/A-120Z Staré Město	OKBOTA		JO80LE	0	0	1		503
R	WWBOTA	B/OK-4110		2024-10-01		VIII/44/B2-80 Staré Město	OKBOTA		JO80LE	0	0	1		503
R	WWBOTA	B/OK-4111		2024-10-01		VIII/45/A-140Z Staré Město	OKBOTA		JO80LE	0	0	1		503
R	WWBOTA	B/OK-4112		2024-10-01		VIII/48/A-140 Staré Město	OKBOTA		JO80KE	0	0	1		503
R	WWBOTA	B/OK-4113		2024-10-01		VIII/5/A-120Z Staré Město	OKBOTA		JO80KE	0	0	1		503
R	WWBOTA	B/OK-4114		2024-10-01		VIII/53/A-120Z Staré Město	OKBOTA		JO80LE	0	0	1		503
R	WWBOTA	B/OK-4115		2024-10-01		VIII/54/B1-100 Staré Město	OKBOTA		JO80LE	0	0	1		503
R	WWBOTA	B/OK-4116		2024-10-01		VIII/55/A-180 Staré Město	OKBOTA		JO80KE	0	0	1		503
R	WWBOTA	B/OK-4117		2024-10-01		VIII/56/E Staré Město	OKBOTA		JO80LD	0	0	1		503
R	WWBOTA	B/OK-4118		2024-10-01		VIII/57/B2-80 Staré Město	OKBOTA		JO80LE	0	0	1		503
R	WWBOTA	B/OK-4119		2024-10-01		VIII/6/E Staré Město	OKBOTA		JO80LE	0	0	1		503
R	WWBOTA	B/OK-4120		2024-10-01		VIII/7/E Staré Město	OKBOTA		JO80LE	0	0	1		503
R	WWBOTA	B/OK-4121		2024-10-01		VIII/9/A-140 Staré Město	OKBOTA		JO80LE	0	0	1		503
R	WWBOTA	B/OK-4122		2024-10-01		X/437/A-140Z Nové Heřminovy	OKBOTA		JO80SA	0	0	1		503
R	WWBOTA	B/OK-4123		2024-10-01		X/438/A-120 Nové Heřminovy	OKBOTA		JO80SA	0	0	1		503
R	WWBOTA	B/OK-4124		2024-10-01		X/439/A-140 Nové Heřminovy	OKBOTA		JO80SA	0	0	1		503
R	WWBOTA	B/OK-4125		2024-10-01		X/440/A-120Z Nové Heřminovy	OKBOTA		JO80SA	0	0	1		503
R	WWBOTA	B/OK-4126		2024-10-01		X/441/A-120Z Nové Heřminovy	OKBOTA		JO80SA	0	0	1		503
R	WWBOTA	B/OK-4127		2024-10-01		X/442/A-160 Nové Heřminovy	OKBOTA		JO80SA	0	0	1		503
R	WWBOTA	B/OK-4128		2024-10-01		X/443/A-120 Nové Heřminovy	OKBOTA		JO80SA	0	0	1		503
R	WWBOTA	B/OK-4129		2024-10-01		X/444/A-160Z Nové Heřminovy	OKBOTA		JO80SA	0	0	1		503
R	WWBOTA	B/OK-4130		2024-10-01		X/445/A-140 Nové Heřminovy	OKBOTA		JO80SA	0	0	1		503
R	WWBOTA	B/OK-4131		2024-10-01		X/446/A-140Z Nové Heřminovy	OKBOTA		JO80SA	0	0	1		503
R	WWBOTA	B/OK-4132		2024-10-01		X/447/A-140Z Nové Heřminovy	OKBOTA		JO80SA	0	0	1		503
R	WWBOTA	B/OK-4133		2024-10-01		X/448/A-180 Nové Heřminovy	OKBOTA		JO80SB	0	0	1		503
R	WWBOTA	B/OK-4134		2024-10-01		X/449/A-140Z Nové Heřminovy	OKBOTA		JO80SB	0	0	1		503
R	WWBOTA	B/OK-4135		2024-10-01		X/450/A-160 Nové Heřminovy	OKBOTA		JO80SB	0	0	1		503
R	WWBOTA	B/OK-4136		2024-10-01		X/451/A-120 Nové Heřminovy	OKBOTA		JO80RB	0	0	1		503
R	WWBOTA	B/OK-4137		2024-10-01		X/452/A-160Z Nové Heřminovy	OKBOTA		JO80RB	0	0	1		503
R	WWBOTA	B/OK-4138		2024-10-01		X/459/B1-100 Nové Heřminovy	OKBOTA		JO80SA	0	0	1		503
R	WWBOTA	B/OK-4139		2024-10-01		X/460/A-160 Nové Heřminovy	OKBOTA		JO80RB	0	0	1		503
R	WWBOTA	B/OK-4140		2024-10-01		X/505/A-140Z Nové Heřminovy	OKBOTA		JO80SA	0	0	1		503
R	WWBOTA	B/OK-4141		2024-10-01		X/506/A-140 Nové Heřminovy	OKBOTA		JO80SA	0	0	1		503
R	WWBOTA	B/OK-4142		2024-10-01		X/507/A-160Z Nové Heřminovy	OKBOTA		JO80SA	0	0	1		503
R	WWBOTA	B/OK-4143		2024-10-01		X/564/A-140 Nové Heřminovy	OKBOTA		JO80SA	0	0	1		503
R	WWBOTA	B/OK-4144		2024-10-01		X/581/B1-100 Nové Heřminovy	OKBOTA		JO80SA	0	0	1		503
R	WWBOTA	B/OK-4145		2024-10-01		X/582/A-120Z Nové Heřminovy	OKBOTA		JO80RB	0	0	1		503
R	WWBOTA	B/OK-4146		2024-10-01		X/583/B1-100 Nové Heřminovy	OKBOTA		JO80SA	0	0	1		503
R	WWBOTA	B/OK-4147		2024-10-01		X/584/E Nové Heřminovy	OKBOTA		JO80SA	0	0	1		503
R	WWBOTA	B/OK-4148		2024-10-01		X/587/B2-100 Nové Heřminovy	OKBOTA		JO80SA	0	0	1		503
R	WWBOTA	B/OK-4149		2024-10-01		X/588/A-140 Nové Heřminovy	OKBOTA		JO80SA	0	0	1		503
R	WWBOTA	B/OK-4150		2024-10-01		X/589/A-120 Nové Heřminovy	OKBOTA		JO80SA	0	0	1		503
R	WWBOTA	B/OK-4151		2024-10-01		X/590/E Nové Heřminovy	OKBOTA		JO80SA	0	0	1		503
R	WWBOTA	B/OK-4152		2024-10-01		X/591/B1-90 Nové Heřminovy	OKBOTA		JO80RB	0	0	1		503
R	WWBOTA	B/OK-4153		2024-10-01		X/592/B1-100 Nové Heřminovy	OKBOTA		JO80RB	0	0	1		503
R	WWBOTA	B/OK-4154		2024-10-01		X/595/B1-80 Nové Heřminovy	OKBOTA		JO80RB	0	0	1		503
R	WWBOTA	B/OK-4155		2024-10-01		X/612/B2-100 Nové Heřminovy	OKBOTA		JO80SA	0	0	1		503
R	WWBOTA	B/OK-4156		2024-10-01		X/616/B2-80 Nové Heřminovy	OKBOTA		JO80RB	0	0	1		503
R	WWBOTA	B/OK-4157		2024-10-01		X/617/B2-100 Nové Heřminovy	OKBOTA		JO80SA	0	0	1		503
R	WWBOTA	B/OK-4158		2024-10-01		X/618/B2-90 Nové Heřminovy	OKBOTA		JO80SB	0	0	1		503
R	WWBOTA	B/OK-4159		2024-10-01		X/620/A-120 Nové Heřminovy	OKBOTA		JO80SA	0	0	1		503
R	WWBOTA	B/OK-4160		2024-10-01		X/621/A-120 Nové Heřminovy	OKBOTA		JO80SA	0	0	1		503
R	WWBOTA	B/OK-4161		2024-10-01		X/622/A-140 Nové Heřminovy	OKBOTA		JO80SA	0	0	1		503
R	WWBOTA	B/OK-4162		2024-10-01		X/623/B1-100X Nové Heřminovy	OKBOTA		JO80SA	0	0	1		503
R	WWBOTA	B/OK-4163		2024-10-01		X/624/A-160X Nové Heřminovy	OKBOTA		JO80SA	0	0	1		503
R	WWBOTA	B/OK-4164		2024-10-01		X/625/A-160 Nové Heřminovy	OKBOTA		JO80SA	0	0	1		503
R	WWBOTA	B/OK-4165		2024-10-01		X/626/A-120 Nové Heřminovy	OKBOTA		JO80SA	0	0	1		503
R	WWBOTA	B/OK-4166		2024-10-01		X/627/A-120 Nové Heřminovy	OKBOTA		JO80SB	0	0	1		503
R	WWBOTA	B/OK-4167		2024-10-01		X/840/A-120Z Nové Heřminovy	OKBOTA		JO80RB	0	0	1		503
R	WWBOTA	B/OK-4168		2024-10-01		XI/461/B2-90 Bretnov (Široká Niva)	OKBOTA		JO80RB	0	0	1		503
R	WWBOTA	B/OK-4169		2024-10-01		XI/462/B2-90 Bretnov (Široká Niva)	OKBOTA		JO80RB	0	0	1		503
R	WWBOTA	B/OK-4170		2024-10-01		XI/463/A-140Z Bretnov (Široká Niva)	OKBOTA		JO80RB	0	0	1		503
R	WWBOTA	B/OK-4171		2024-10-01		XI/464/A-180Z Bretnov (Široká Niva)	OKBOTA		JO80RB	0	0	1		503
R	WWBOTA	B/OK-4172		2024-10-01		XI/465/A-120 Bretnov (Široká Niva)	OKBOTA		JO80RB	0	0	1		503
R	WWBOTA	B/OK-4173		2024-10-01		XI/469/A-140 Bretnov (Široká Niva)	OKBOTA		JO80RB	0	0	1		503
R	WWBOTA	B/OK-4174		2024-10-01		XI/471/A-120 Bretnov (Široká Niva)	OKBOTA		JO80RB	0	0	1		503
R	WWBOTA	B/OK-4175		2024-10-01		XI/472/A-120 Bretnov (Široká Niva)	OKBOTA		JO80RB	0	0	1		503
R	WWBOTA	B/OK-4176		2024-10-01		XI/473/A-120 ? Bretnov (Široká Niva)	OKBOTA		JO80RC	0	0	1		503
R	WWBOTA	B/OK-4177		2024-10-01		XI/474/A-140Z Bretnov (Široká Niva)	OKBOTA		JO80RC	0	0	1		503
R	WWBOTA	B/OK-4178		2024-10-01		XI/475/A-120 Bretnov (Široká Niva)	OKBOTA		JO80RC	0	0	1		503
R	WWBOTA	B/OK-4179		2024-10-01		XI/594/B1-80 Bretnov (Široká Niva)	OKBOTA		JO80RB	0	0	1		503
R	WWBOTA	B/OK-4180		2024-10-01		XI/596/B1-90 Bretnov (Široká Niva)	OKBOTA		JO80RB	0	0	1		503
R	WWBOTA	B/OK-4181		2024-10-01		XI/619/E Bretnov (Široká Niva)	OKBOTA		JO80RB	0	0	1		503
R	WWBOTA	B/OK-4182		2024-10-01		XI/841/A-160Z Bretnov (Široká Niva)	OKBOTA		JO80RB	0	0	1		503
R	WWBOTA	B/OK-4183		2024-10-01		XI/842/A-180 Bretnov (Široká Niva)	OKBOTA		JO80RB	0	0	1		503
R	WWBOTA	B/OK-4184		2024-10-01		XI/843/A-120Z Bretnov (Široká Niva)	OKBOTA		JO80RB	0	0	1		503
R	WWBOTA	B/OK-4185		2024-10-01		XI/844/A-160 Bretnov (Široká Niva)	OKBOTA		JO80RC	0	0	1		503
R	WWBOTA	B/OK-4186		2024-10-01		XI/846/A-180Z Bretnov (Široká Niva)	OKBOTA		JO80RC	0	0	1		503
R	WWBOTA	B/OK-4187		2024-10-01		XI/847/A-140 Bretnov (Široká Niva)	OKBOTA		JO80RB	0	0	1		503
R	WWBOTA	B/OK-4188		2024-10-01		XI/849/A-160 Bretnov (Široká Niva)	OKBOTA		JO80RB	0	0	1		503
R	WWBOTA	B/OK-4189		2024-10-01		XI/850/A-120 Bretnov (Široká Niva)	OKBOTA		JO80RB	0	0	1		503
R	WWBOTA	B/OK-4190		2024-10-01		XI/851/A-140 Bretnov (Široká Niva)	OKBOTA		JO80RB	0	0	1		503
R	WWBOTA	B/OK-4191		2024-10-01		XI/852/A-120 Bretnov (Široká Niva)	OKBOTA		JO80RB	0	0	1		503
R	WWBOTA	B/OK-4192		2024-10-01		XI/853/A-120 Bretnov (Široká Niva)	OKBOTA		JO80RB	0	0	1		503
R	WWBOTA	B/OK-4193		2024-10-01		XI/854/A-120 Bretnov (Široká Niva)	OKBOTA		JO80RB	0	0	1		503
R	WWBOTA	B/OK-4194		2024-10-01		XI/855/A-140 Bretnov (Široká Niva)	OKBOTA		JO80RB	0	0	1		503
R	WWBOTA	B/OK-4195		2024-10-01		XI/856/A-160 Bretnov (Široká Niva)	OKBOTA		JO80RC	0	0	1		503
R	WWBOTA	B/OK-4196		2024-10-01		XI/857/A-140 Bretnov (Široká Niva)	OKBOTA		JO80RC	0	0	1		503
R	WWBOTA	B/OK-4197		2024-10-01		XI/859/A-160 Bretnov (Široká Niva)	OKBOTA		JO80RC	0	0	1		503
R	WWBOTA	B/OK-4198		2024-10-01		XI/882/A-140Z Bretnov (Široká Niva)	OKBOTA		JO80RB	0	0	1		503
R	WWBOTA	B/OK-4199		2024-10-01		XI/883/B2-100Z Bretnov (Široká Niva)	OKBOTA		JO80RB	0	0	1		503
R	WWBOTA	B/OK-4200		2024-10-01		XI/884/A-120Z Bretnov (Široká Niva)	OKBOTA		JO80RB	0	0	1		503
R	WWBOTA	B/OK-4201		2024-10-01		XI/885/A-180Z Bretnov (Široká Niva)	OKBOTA		JO80RB	0	0	1		503
R	WWBOTA	B/OK-4202		2024-10-01		XI/886/B1-90 Bretnov (Široká Niva)	OKBOTA		JO80RB	0	0	1		503
R	WWBOTA	B/OK-4203		2024-10-01		XI/887/A-120 Bretnov (Široká Niva)	OKBOTA		JO80RB	0	0	1		503
R	WWBOTA	B/OK-4204		2024-10-01		XI/905/A-140 Bretnov (Široká Niva)	OKBOTA		JO80RB	0	0	1		503
R	WWBOTA	B/OK-4205		2024-10-01		XI/906/A-120 Bretnov (Široká Niva)	OKBOTA		JO80RB	0	0	1		503
R	WWBOTA	B/OK-4206		2024-10-01		XI/908/A-160 Bretnov (Široká Niva)	OKBOTA		JO80RB	0	0	1		503
R	WWBOTA	B/OK-4207		2024-10-01		XIIa/501/A-200 Karlovice	OKBOTA		JO80RC	0	0	1		503
R	WWBOTA	B/OK-4208		2024-10-01		XIIa/502/A-120 Karlovice	OKBOTA		JO80RC	0	0	1		503
R	WWBOTA	B/OK-4209		2024-10-01		XIIa/503/A-160 Karlovice	OKBOTA		JO80RC	0	0	1		503
R	WWBOTA	B/OK-4210		2024-10-01		XIIa/504/A-140 Karlovice	OKBOTA		JO80RC	0	0	1		503
R	WWBOTA	B/OK-4211		2024-10-01		XIIa/505/A-120 Karlovice	OKBOTA		JO80RC	0	0	1		503
R	WWBOTA	B/OK-4212		2024-10-01		XIIa/506/A-160 Karlovice	OKBOTA		JO80RC	0	0	1		503
R	WWBOTA	B/OK-4213		2024-10-01		XIIa/507/A-180 Karlovice	OKBOTA		JO80RC	0	0	1		503
R	WWBOTA	B/OK-4214		2024-10-01		XIIa/509/A-140Z Karlovice	OKBOTA		JO80RC	0	0	1		503
R	WWBOTA	B/OK-4215		2024-10-01		XIIa/510/A-160Z Karlovice	OKBOTA		JO80RC	0	0	1		503
R	WWBOTA	B/OK-4216		2024-10-01		XIIa/511/A-140 Karlovice	OKBOTA		JO80RC	0	0	1		503
R	WWBOTA	B/OK-4217		2024-10-01		XIIa/512/A-120 Karlovice	OKBOTA		JO80RC	0	0	1		503
R	WWBOTA	B/OK-4218		2024-10-01		XIIa/513/A-120Z Karlovice	OKBOTA		JO80RC	0	0	1		503
R	WWBOTA	B/OK-4219		2024-10-01		XIIa/514/A-180 Karlovice	OKBOTA		JO80RC	0	0	1		503
R	WWBOTA	B/OK-4220		2024-10-01		XIIa/515/A-120Z Karlovice	OKBOTA		JO80RC	0	0	1		503
R	WWBOTA	B/OK-4221		2024-10-01		XIIa/516/A-180 Karlovice	OKBOTA		JO80RC	0	0	1		503
R	WWBOTA	B/OK-4222		2024-10-01		XIIa/517/A-160 Karlovice	OKBOTA		JO80RC	0	0	1		503
R	WWBOTA	B/OK-4223		2024-10-01		XIIa/524/A-120 Karlovice	OKBOTA		JO80RC	0	0	1		503
R	WWBOTA	B/OK-4224		2024-10-01		XIIa/523/A-180Z Karlovice	OKBOTA		JO80RC	0	0	1		503
R	WWBOTA	B/OK-4225		2024-10-01		XIIa/522/A-140 Karlovice	OKBOTA		JO80RC	0	0	1		503
R	WWBOTA	B/OK-4226		2024-10-01		XIIa/525/A-200Z Karlovice	OKBOTA		JO80RC	0	0	1		503
R	WWBOTA	B/OK-4227		2024-10-01		XIIa/526/A-140 Karlovice	OKBOTA		JO80RC	0	0	1		503
R	WWBOTA	B/OK-4228		2024-10-01		XIIa/527/A-120 Karlovice	OKBOTA		JO80RC	0	0	1		503
R	WWBOTA	B/OK-4229		2024-10-01		XIIa/528/A-160Z Karlovice	OKBOTA		JO80RC	0	0	1		503
R	WWBOTA	B/OK-4230		2024-10-01		XIIa/529/A-120 Karlovice	OKBOTA		JO80RC	0	0	1		503
R	WWBOTA	B/OK-4231		2024-10-01		XIIa/530/A-160Z Karlovice	OKBOTA		JO80RC	0	0	1		503
R	WWBOTA	B/OK-4232		2024-10-01		XIIa/531/B2-90 Karlovice	OKBOTA		JO80RC	0	0	1		503
R	WWBOTA	B/OK-4233		2024-10-01		XIIa/532/E Karlovice	OKBOTA		JO80RC	0	0	1		503
R	WWBOTA	B/OK-4234		2024-10-01		XIIa/533/A-120 Karlovice	OKBOTA		JO80RC	0	0	1		503
R	WWBOTA	B/OK-4235		2024-10-01		XIIa/534/A-120 Karlovice	OKBOTA		JO80RC	0	0	1		503
R	WWBOTA	B/OK-4236		2024-10-01		XIIa/535/A-120 Karlovice	OKBOTA		JO80RC	0	0	1		503
R	WWBOTA	B/OK-4237		2024-10-01		XIIa/560/A-120Z Karlovice	OKBOTA		JO80RC	0	0	1		503
R	WWBOTA	B/OK-4238		2024-10-01		XIIa/597/A-120 Karlovice	OKBOTA		JO80RC	0	0	1		503
R	WWBOTA	B/OK-4239		2024-10-01		XIIa/598/B1-90Z Karlovice	OKBOTA		JO80RC	0	0	1		503
R	WWBOTA	B/OK-4240		2024-10-01		XIIa/604/A-120 Karlovice	OKBOTA		JO80RC	0	0	1		503
R	WWBOTA	B/OK-4241		2024-10-01		XIIa/605/A-120 Karlovice	OKBOTA		JO80RC	0	0	1		503
R	WWBOTA	B/OK-4242		2024-10-01		XIIa/606/A-160 Karlovice	OKBOTA		JO80RC	0	0	1		503
R	WWBOTA	B/OK-4243		2024-10-01		XIIb/17/A-140 Mnichov (Jelení vrch)	OKBOTA		JO80QD	0	0	1		503
R	WWBOTA	B/OK-4244		2024-10-01		XIIb/553/A-180Z Mnichov (Jelení vrch)	OKBOTA		JO80QD	0	0	1		503
R	WWBOTA	B/OK-4245		2024-10-01		XIIb/554/A-160 Mnichov (Jelení vrch)	OKBOTA		JO80QD	0	0	1		503
R	WWBOTA	B/OK-4246		2024-10-01		XIIb/555/A-140Z Mnichov (Jelení vrch)	OKBOTA		JO80QD	0	0	1		503
R	WWBOTA	B/OK-4247		2024-10-01		XIIb/556/B1-100 Mnichov (Jelení vrch)	OKBOTA		JO80QD	0	0	1		503
R	WWBOTA	B/OK-4248		2024-10-01		XIIb/557/A-120Z Mnichov (Jelení vrch)	OKBOTA		JO80QD	0	0	1		503
R	WWBOTA	B/OK-4249		2024-10-01		XIIb/558/A-140 Mnichov (Jelení vrch)	OKBOTA		JO80QD	0	0	1		503
R	WWBOTA	B/OK-4250		2024-10-01		XIIb/559/A-160 Mnichov (Jelení vrch)	OKBOTA		JO80QD	0	0	1		503
R	WWBOTA	B/OK-4251		2024-10-01		XIIb/563/A-180 Mnichov (Jelení vrch)	OKBOTA		JO80RC	0	0	1		503
R	WWBOTA	B/OK-4252		2024-10-01		XIIb/564/A-160 Mnichov (Jelení vrch)	OKBOTA		JO80RD	0	0	1		503
R	WWBOTA	B/OK-4253		2024-10-01		XIIb/565/A-160 Mnichov (Jelení vrch)	OKBOTA		JO80QD	0	0	1		503
R	WWBOTA	B/OK-4254		2024-10-01		XIIb/566/A-140Z Mnichov (Jelení vrch)	OKBOTA		JO80QD	0	0	1		503
R	WWBOTA	B/OK-4255		2024-10-01		XIIb/568/A-140 Mnichov (Jelení vrch)	OKBOTA		JO80QD	0	0	1		503
R	WWBOTA	B/OK-4256		2024-10-01		XIIb/571/A-180 Mnichov (Jelení vrch)	OKBOTA		JO80QD	0	0	1		503
R	WWBOTA	B/OK-4257		2024-10-01		XIIb/573/A-180Z Mnichov (Jelení vrch)	OKBOTA		JO80QD	0	0	1		503
R	WWBOTA	B/OK-4258		2024-10-01		XIIb/575/A-180 Mnichov (Jelení vrch)	OKBOTA		JO80QD	0	0	1		503
R	WWBOTA	B/OK-4259		2024-10-01		XIIb/576/A-120Z Mnichov (Jelení vrch)	OKBOTA		JO80QD	0	0	1		503
R	WWBOTA	B/OK-4260		2024-10-01		XIIb/577/A-160 Mnichov (Jelení vrch)	OKBOTA		JO80QD	0	0	1		503
R	WWBOTA	B/OK-4261		2024-10-01		XIIb/578/B2-90Z Mnichov (Jelení vrch)	OKBOTA		JO80QD	0	0	1		503
R	WWBOTA	B/OK-4262		2024-10-01		XIIb/579/A-140Z Mnichov (Jelení vrch)	OKBOTA		JO80QD	0	0	1		503
R	WWBOTA	B/OK-4263		2024-10-01		XIIb/580/A-140 Mnichov (Jelení vrch)	OKBOTA		JO80QD	0	0	1		503
R	WWBOTA	B/OK-4264		2024-10-01		XIIb/581/A-120 Mnichov (Jelení vrch)	OKBOTA		JO80QD	0	0	1		503
R	WWBOTA	B/OK-4265		2024-10-01		XIIb/582/B1-100 Mnichov (Jelení vrch)	OKBOTA		JO80QD	0	0	1		503
R	WWBOTA	B/OK-4266		2024-10-01		XIIb/583/A-160 Mnichov (Jelení vrch)	OKBOTA		JO80QD	0	0	1		503
R	WWBOTA	B/OK-4267		2024-10-01		XIIb/584/A-160Z Mnichov (Jelení vrch)	OKBOTA		JO80QD	0	0	1		503
R	WWBOTA	B/OK-4268		2024-10-01		XIIb/585/D2 Mnichov (Jelení vrch)	OKBOTA		JO80QD	0	0	1		503
R	WWBOTA	B/OK-4269		2024-10-01		XIIb/586/D1 Mnichov (Jelení vrch)	OKBOTA		JO80QD	0	0	1		503
R	WWBOTA	B/OK-4270		2024-10-01		XIIb/587/A-120 Mnichov (Jelení vrch)	OKBOTA		JO80QD	0	0	1		503
R	WWBOTA	B/OK-4271		2024-10-01		XIIb/588/A-140Z Mnichov (Jelení vrch)	OKBOTA		JO80QD	0	0	1		503
R	WWBOTA	B/OK-4272		2024-10-01		XIIb/589/B1-100 Mnichov (Jelení vrch)	OKBOTA		JO80QD	0	0	1		503
R	WWBOTA	B/OK-4273		2024-10-01		XIIb/590/D2 Mnichov (Jelení vrch)	OKBOTA		JO80QD	0	0	1		503
R	WWBOTA	B/OK-4274		2024-10-01		XIIb/591/D1 Mnichov (Jelení vrch)	OKBOTA		JO80QD	0	0	1		503
R	WWBOTA	B/OK-4275		2024-10-01		XIIb/592/A-140Z Mnichov (Jelení vrch)	OKBOTA		JO80RC	0	0	1		503
R	WWBOTA	B/OK-4276		2024-10-01		XIIb/596/A-160 Mnichov (Jelení vrch)	OKBOTA		JO80RC	0	0	1		503
R	WWBOTA	B/OK-4277		2024-10-01		XIIb/599/A-120 Mnichov (Jelení vrch)	OKBOTA		JO80QD	0	0	1		503
R	WWBOTA	B/OK-4278		2024-10-01		XIIb/613/A-140Z Mnichov (Jelení vrch)	OKBOTA		JO80QD	0	0	1		503
R	WWBOTA	B/OK-4279		2024-10-01		XIIb/614/B1-100Z Mnichov (Jelení vrch)	OKBOTA		JO80QD	0	0	1		503
R	WWBOTA	B/OK-4280		2024-10-01		XIII/232/A-120 Sušina	OKBOTA		JO80KD	0	0	1		503
R	WWBOTA	B/OK-4281		2024-10-01		XIII/233/A-120 Sušina	OKBOTA		JO80KD	0	0	1		503
R	WWBOTA	B/OK-4282		2024-10-01		XIII/234/A-160 Sušina	OKBOTA		JO80KD	0	0	1		503
R	WWBOTA	B/OK-4283		2024-10-01		XIII/235/A-140 Sušina	OKBOTA		JO80KE	0	0	1		503
R	WWBOTA	B/OK-4284		2024-10-01		XIII/236/A-160 Sušina	OKBOTA		JO80KE	0	0	1		503
R	WWBOTA	B/OK-4285		2024-10-01		XIII/237/A-140 Sušina	OKBOTA		JO80KE	0	0	1		503
R	WWBOTA	B/OK-4286		2024-10-01		XIII/238/A-180 Sušina	OKBOTA		JO80KE	0	0	1		503
R	WWBOTA	B/OK-4287		2024-10-01		XIII/239/A-120 Sušina	OKBOTA		JO80KE	0	0	1		503
R	WWBOTA	B/OK-4288		2024-10-01		XIII/240/A-200 Sušina	OKBOTA		JO80KE	0	0	1		503
R	WWBOTA	B/OK-4289		2024-10-01		XIII/241/A-160 Sušina	OKBOTA		JO80KE	0	0	1		503
R	WWBOTA	B/OK-4290		2024-10-01		XIII/242/A-140 Sušina	OKBOTA		JO80KE	0	0	1		503
R	WWBOTA	B/OK-4291		2024-10-01		XIII/243/A-120 Sušina	OKBOTA		JO80KD	0	0	1		503
R	WWBOTA	B/OK-4292		2024-10-01		XIII/244/A-120 Sušina	OKBOTA		JO80KD	0	0	1		503
R	WWBOTA	B/OK-4293		2024-10-01		XIII/245/A-160 Sušina	OKBOTA		JO80KD	0	0	1		503
R	WWBOTA	B/OK-4294		2024-10-01		XIII/246/A-180 Sušina	OKBOTA		JO80KD	0	0	1		503
R	WWBOTA	B/OK-4295		2024-10-01		XIII/276/A-120 Sušina	OKBOTA		JO80KD	0	0	1		503
R	WWBOTA	B/OK-4296		2024-10-01		XIII/277/A-140 Sušina	OKBOTA		JO80KD	0	0	1		503
R	WWBOTA	B/OK-4297		2024-10-01		XIII/278/A-140 Sušina	OKBOTA		JO80KD	0	0	1		503
R	WWBOTA	B/OK-4298		2024-10-01		XIII/279/A-140 Sušina	OKBOTA		JO80KD	0	0	1		503
R	WWBOTA	B/OK-4299		2024-10-01		XIII/280/A-140 Sušina	OKBOTA		JO80KD	0	0	1		503
R	WWBOTA	B/OK-4300		2024-10-01		XIII/281/A-140 Sušina	OKBOTA		JO80KE	0	0	1		503
R	WWBOTA	B/OK-4301		2024-10-01		XIII/282/A-160 Sušina	OKBOTA		JO80KE	0	0	1		503
R	WWBOTA	B/OK-4302		2024-10-01		XIII/283/B2-80 Sušina	OKBOTA		JO80KE	0	0	1		503
R	WWBOTA	B/OK-4303		2024-10-01		XIII/284/A-140 Sušina	OKBOTA		JO80KE	0	0	1		503
R	WWBOTA	B/OK-4304		2024-10-01		XIII/285/A-160 Sušina	OKBOTA		JO80KE	0	0	1		503
R	WWBOTA	B/OK-4305		2024-10-01		XIII/286/B1-80 Sušina	OKBOTA		JO80KE	0	0	1		503
R	WWBOTA	B/OK-4306		2024-10-01		XIII/287/A-160 Sušina	OKBOTA		JO80KE	0	0	1		503
R	WWBOTA	B/OK-4307		2024-10-01		XIII/288/A-140 Sušina	OKBOTA		JO80KE	0	0	1		503
R	WWBOTA	B/OK-4308		2024-10-01		XIII/289/B1-100 Sušina	OKBOTA		JO80KD	0	0	1		503
R	WWBOTA	B/OK-4309		2024-10-01		XIII/290/B1-100 Sušina	OKBOTA		JO80KD	0	0	1		503
R	WWBOTA	B/OK-4310		2024-10-01		XIV/1/A-160 Domašov	OKBOTA		JO80OE	0	0	1		503
R	WWBOTA	B/OK-4311		2024-10-01		XIV/10/B2-90 Domašov	OKBOTA		JO80OE	0	0	1		503
R	WWBOTA	B/OK-4312		2024-10-01		XIV/11/A-180Z Domašov	OKBOTA		JO80NE	0	0	1		503
R	WWBOTA	B/OK-4313		2024-10-01		XIV/12/B2-100 Domašov	OKBOTA		JO80NE	0	0	1		503
R	WWBOTA	B/OK-4314		2024-10-01		XIV/13/A-120 Domašov	OKBOTA		JO80NE	0	0	1		503
R	WWBOTA	B/OK-4315		2024-10-01		XIV/14/A-140 Domašov	OKBOTA		JO80NE	0	0	1		503
R	WWBOTA	B/OK-4316		2024-10-01		XIV/15/B2-90 Domašov	OKBOTA		JO80NE	0	0	1		503
R	WWBOTA	B/OK-4317		2024-10-01		XIV/16/A-120 Domašov	OKBOTA		JO80NE	0	0	1		503
R	WWBOTA	B/OK-4318		2024-10-01		XIV/17/A-120 Domašov	OKBOTA		JO80NE	0	0	1		503
R	WWBOTA	B/OK-4319		2024-10-01		XIV/18/A-160 Domašov	OKBOTA		JO80NE	0	0	1		503
R	WWBOTA	B/OK-4320		2024-10-01		XIV/19/A-120 Domašov	OKBOTA		JO80NE	0	0	1		503
R	WWBOTA	B/OK-4321		2024-10-01		XIV/2/A-140 Domašov	OKBOTA		JO80OE	0	0	1		503
R	WWBOTA	B/OK-4322		2024-10-01		XIV/20/A-160 Domašov	OKBOTA		JO80OE	0	0	1		503
R	WWBOTA	B/OK-4323		2024-10-01		XIV/21/A-160Z Domašov	OKBOTA		JO80NE	0	0	1		503
R	WWBOTA	B/OK-4324		2024-10-01		XIV/22/A-140Z Domašov	OKBOTA		JO80OE	0	0	1		503
R	WWBOTA	B/OK-4325		2024-10-01		XIV/24/A-140 Domašov	OKBOTA		JO80OE	0	0	1		503
R	WWBOTA	B/OK-4326		2024-10-01		XIV/25/A-120 Domašov	OKBOTA		JO80OE	0	0	1		503
R	WWBOTA	B/OK-4327		2024-10-01		XIV/26/A-160Z Domašov	OKBOTA		JO80OE	0	0	1		503
R	WWBOTA	B/OK-4328		2024-10-01		XIV/28/A-180Z Domašov	OKBOTA		JO80OE	0	0	1		503
R	WWBOTA	B/OK-4329		2024-10-01		XIV/3/A-140 Domašov	OKBOTA		JO80OE	0	0	1		503
R	WWBOTA	B/OK-4330		2024-10-01		XIV/30/A-160 Domašov	OKBOTA		JO80OE	0	0	1		503
R	WWBOTA	B/OK-4331		2024-10-01		XIV/33/A-120 Domašov	OKBOTA		JO80NE	0	0	1		503
R	WWBOTA	B/OK-4332		2024-10-01		XIV/34/B2-90Z Domašov	OKBOTA		JO80OE	0	0	1		503
R	WWBOTA	B/OK-4333		2024-10-01		XIV/36/B2-90 Domašov	OKBOTA		JO80OE	0	0	1		503
R	WWBOTA	B/OK-4334		2024-10-01		XIV/37/B2-100Z Domašov	OKBOTA		JO80OE	0	0	1		503
R	WWBOTA	B/OK-4335		2024-10-01		XIV/39/A-120 Domašov	OKBOTA		JO80OE	0	0	1		503
R	WWBOTA	B/OK-4336		2024-10-01		XIV/4/A-140 Domašov	OKBOTA		JO80OE	0	0	1		503
R	WWBOTA	B/OK-4337		2024-10-01		XIV/40/B1-90Z Domašov	OKBOTA		JO80OE	0	0	1		503
R	WWBOTA	B/OK-4338		2024-10-01		XIV/41/B1-80 Domašov	OKBOTA		JO80OE	0	0	1		503
R	WWBOTA	B/OK-4339		2024-10-01		XIV/42/B1-80 Domašov	OKBOTA		JO80OE	0	0	1		503
R	WWBOTA	B/OK-4340		2024-10-01		XIV/5/A-160 Domašov	OKBOTA		JO80OE	0	0	1		503
R	WWBOTA	B/OK-4341		2024-10-01		XIV/50/A-120 Domašov	OKBOTA		JO80OE	0	0	1		503
R	WWBOTA	B/OK-4342		2024-10-01		XIV/51/A-140 Domašov	OKBOTA		JO80NE	0	0	1		503
R	WWBOTA	B/OK-4343		2024-10-01		XIV/52/A-120 Domašov	OKBOTA		JO80OE	0	0	1		503
R	WWBOTA	B/OK-4344		2024-10-01		XIV/54/B2-100 Domašov	OKBOTA		JO80OE	0	0	1		503
R	WWBOTA	B/OK-4345		2024-10-01		XIV/56/B2-90Z Domašov	OKBOTA		JO80OE	0	0	1		503
R	WWBOTA	B/OK-4346		2024-10-01		XIV/57/A-120Z Domašov	OKBOTA		JO80OE	0	0	1		503
R	WWBOTA	B/OK-4347		2024-10-01		XIV/59/A-120Z Domašov	OKBOTA		JO80OE	0	0	1		503
R	WWBOTA	B/OK-4348		2024-10-01		XIV/6/A-120 Domašov	OKBOTA		JO80OE	0	0	1		503
R	WWBOTA	B/OK-4349		2024-10-01		XIV/61/A-140 Domašov	OKBOTA		JO80OE	0	0	1		503
R	WWBOTA	B/OK-4350		2024-10-01		XIV/63/A-180 Domašov	OKBOTA		JO80OE	0	0	1		503
R	WWBOTA	B/OK-4351		2024-10-01		XIV/65/A-120Z Domašov	OKBOTA		JO80OE	0	0	1		503
R	WWBOTA	B/OK-4352		2024-10-01		XIV/7/A-140 Domašov	OKBOTA		JO80OE	0	0	1		503
R	WWBOTA	B/OK-4353		2024-10-01		XIV/71/E Domašov	OKBOTA		JO80OE	0	0	1		503
R	WWBOTA	B/OK-4354		2024-10-01		XIV/76/A-160Z Domašov	OKBOTA		JO80OE	0	0	1		503
R	WWBOTA	B/OK-4355		2024-10-01		XIV/78/A-120 Domašov	OKBOTA		JO80OE	0	0	1		503
R	WWBOTA	B/OK-4356		2024-10-01		XIV/8/A-180 Domašov	OKBOTA		JO80OE	0	0	1		503
R	WWBOTA	B/OK-4357		2024-10-01		XIV/80/A-180 Domašov	OKBOTA		JO80OE	0	0	1		503
R	WWBOTA	B/OK-4358		2024-10-01		XIV/82/A-120Z Domašov	OKBOTA		JO80OE	0	0	1		503
R	WWBOTA	B/OK-4359		2024-10-01		XIV/84/A-140 Domašov	OKBOTA		JO80OE	0	0	1		503
R	WWBOTA	B/OK-4360		2024-10-01		XIV/86/A-160 Domašov	OKBOTA		JO80OE	0	0	1		503
R	WWBOTA	B/OK-4361		2024-10-01		XIV/88/A-140 Domašov	OKBOTA		JO80OE	0	0	1		503
R	WWBOTA	B/OK-4362		2024-10-01		XIV/9/B1-90 Domašov	OKBOTA		JO80OE	0	0	1		503
R	WWBOTA	B/OK-4363		2024-10-01		XIX/401/A-140Z Louky	OKBOTA		JN99GT	0	0	1		503
R	WWBOTA	B/OK-4364		2024-10-01		XIX/425/D2 Louky	OKBOTA		JN99HS	0	0	1		503
R	WWBOTA	B/OK-4365		2024-10-01		XIX/428/A-160Z Louky	OKBOTA		JN99HS	0	0	1		503
R	WWBOTA	B/OK-4366		2024-10-01		XIX/429/A-160 Louky	OKBOTA		JN99HS	0	0	1		503
R	WWBOTA	B/OK-4367		2024-10-01		XIX/431/A-180Z Louky	OKBOTA		JN99HS	0	0	1		503
R	WWBOTA	B/OK-4368		2024-10-01		XIX/432/A-140Z Louky	OKBOTA		JN99HS	0	0	1		503
R	WWBOTA	B/OK-4369		2024-10-01		XIX/600/B2-80 Louky	OKBOTA		JN99HS	0	0	1		503
R	WWBOTA	B/OK-4370		2024-10-01		XIX/602/A-140 Louky	OKBOTA		JN99HS	0	0	1		503
R	WWBOTA	B/OK-4371		2024-10-01		XIX/656/E Louky	OKBOTA		JN99HS	0	0	1		503
R	WWBOTA	B/OK-4372		2024-10-01		XIX/658/A-140 Louky	OKBOTA		JN99HS	0	0	1		503
R	WWBOTA	B/OK-4373		2024-10-01		XIX/659/B1-80 Louky	OKBOTA		JN99HS	0	0	1		503
R	WWBOTA	B/OK-4374		2024-10-01		XV/1/A-140 Červená Voda	OKBOTA		JO80JB	0	0	1		503
R	WWBOTA	B/OK-4375		2024-10-01		XV/12/A-120 Červená Voda	OKBOTA		JO80IB	0	0	1		503
R	WWBOTA	B/OK-4376		2024-10-01		XV/14/A-120Z Červená Voda	OKBOTA		JO80IB	0	0	1		503
R	WWBOTA	B/OK-4377		2024-10-01		XV/15/A-120 Červená Voda	OKBOTA		JO80IB	0	0	1		503
R	WWBOTA	B/OK-4378		2024-10-01		XV/16/A-120 Červená Voda	OKBOTA		JO80IB	0	0	1		503
R	WWBOTA	B/OK-4379		2024-10-01		XV/17/B1-80 Červená Voda	OKBOTA		JO80IB	0	0	1		503
R	WWBOTA	B/OK-4380		2024-10-01		XV/18/A-120 Červená Voda	OKBOTA		JO80IB	0	0	1		503
R	WWBOTA	B/OK-4381		2024-10-01		XV/19/B1-100 Červená Voda	OKBOTA		JO80IB	0	0	1		503
R	WWBOTA	B/OK-4382		2024-10-01		XV/2/A-140 Červená Voda	OKBOTA		JO80JB	0	0	1		503
R	WWBOTA	B/OK-4383		2024-10-01		XV/20/A-120 Červená Voda	OKBOTA		JO80IB	0	0	1		503
R	WWBOTA	B/OK-4384		2024-10-01		XV/21/A-120 Červená Voda	OKBOTA		JO80IB	0	0	1		503
R	WWBOTA	B/OK-4385		2024-10-01		XV/22/A-120 Červená Voda	OKBOTA		JO80IB	0	0	1		503
R	WWBOTA	B/OK-4386		2024-10-01		XV/23/A-120 Červená Voda	OKBOTA		JO80IB	0	0	1		503
R	WWBOTA	B/OK-4387		2024-10-01		XV/24/E1 Červená Voda	OKBOTA		JO80IB	0	0	1		503
R	WWBOTA	B/OK-4388		2024-10-01		XV/25/B2-80 Červená Voda	OKBOTA		JO80IB	0	0	1		503
R	WWBOTA	B/OK-4389		2024-10-01		XV/27/A-120 Červená Voda	OKBOTA		JO80JB	0	0	1		503
R	WWBOTA	B/OK-4390		2024-10-01		XV/28/B2-100 Červená Voda	OKBOTA		JO80JB	0	0	1		503
R	WWBOTA	B/OK-4391		2024-10-01		XV/29/B2-80 Červená Voda	OKBOTA		JO80JB	0	0	1		503
R	WWBOTA	B/OK-4392		2024-10-01		XV/3/A-140 Červená Voda	OKBOTA		JO80JB	0	0	1		503
R	WWBOTA	B/OK-4393		2024-10-01		XV/30/A-140 Červená Voda	OKBOTA		JO80JB	0	0	1		503
R	WWBOTA	B/OK-4394		2024-10-01		XV/31/A-140 Červená Voda	OKBOTA		JO80JB	0	0	1		503
R	WWBOTA	B/OK-4395		2024-10-01		XV/32/A-120 Červená Voda	OKBOTA		JO80JB	0	0	1		503
R	WWBOTA	B/OK-4396		2024-10-01		XV/33/B1-100 Červená Voda	OKBOTA		JO80JB	0	0	1		503
R	WWBOTA	B/OK-4397		2024-10-01		XV/34/A-120 Červená Voda	OKBOTA		JO80JB	0	0	1		503
R	WWBOTA	B/OK-4398		2024-10-01		XV/4/A-160 Červená Voda	OKBOTA		JO80JB	0	0	1		503
R	WWBOTA	B/OK-4399		2024-10-01		XV/5/A-120 Červená Voda	OKBOTA		JO80JB	0	0	1		503
R	WWBOTA	B/OK-4400		2024-10-01		XV/7/A-140 Červená Voda	OKBOTA		JO80JB	0	0	1		503
R	WWBOTA	B/OK-4401		2024-10-01		XV/9/A-120Z Červená Voda	OKBOTA		JO80IB	0	0	1		503
R	WWBOTA	B/OK-4402		2024-10-01		XVI/1/A-160Z Nový Bohumín (Šunychl)	OKBOTA		JN99EW	0	0	1		503
R	WWBOTA	B/OK-4403		2024-10-01		XVI/10/A-120Z Nový Bohumín (Šunychl)	OKBOTA		JN99EV	0	0	1		503
R	WWBOTA	B/OK-4404		2024-10-01		XVI/11/A-140Z Nový Bohumín (Šunychl)	OKBOTA		JN99FV	0	0	1		503
R	WWBOTA	B/OK-4405		2024-10-01		XVI/12/A-140 Nový Bohumín (Šunychl)	OKBOTA		JN99FV	0	0	1		503
R	WWBOTA	B/OK-4406		2024-10-01		XVI/13/A-160 Nový Bohumín (Šunychl)	OKBOTA		JN99FV	0	0	1		503
R	WWBOTA	B/OK-4407		2024-10-01		XVI/14/D2Z Nový Bohumín (Šunychl)	OKBOTA		JN99FV	0	0	1		503
R	WWBOTA	B/OK-4408		2024-10-01		XVI/15/A-140Z Nový Bohumín (Šunychl)	OKBOTA		JN99FV	0	0	1		503
R	WWBOTA	B/OK-4409		2024-10-01		XVI/199/A-160 Nový Bohumín (Šunychl)	OKBOTA		JN99EW	0	0	1		503
R	WWBOTA	B/OK-4410		2024-10-01		XVI/2/A-160 Nový Bohumín (Šunychl)	OKBOTA		JN99EW	0	0	1		503
R	WWBOTA	B/OK-4411		2024-10-01		XVI/20/A-180Z Nový Bohumín (Šunychl)	OKBOTA		JN99FV	0	0	1		503
R	WWBOTA	B/OK-4412		2024-10-01		XVI/200/A-160Z Nový Bohumín (Šunychl)	OKBOTA		JN99EW	0	0	1		503
R	WWBOTA	B/OK-4413		2024-10-01		XVI/201/A-220 Nový Bohumín (Šunychl)	OKBOTA		JN99EW	0	0	1		503
R	WWBOTA	B/OK-4414		2024-10-01		XVI/203/A-140 Nový Bohumín (Šunychl)	OKBOTA		JN99EW	0	0	1		503
R	WWBOTA	B/OK-4415		2024-10-01		XVI/204/A-140 Nový Bohumín (Šunychl)	OKBOTA		JN99EW	0	0	1		503
R	WWBOTA	B/OK-4416		2024-10-01		XVI/205/A-140 Nový Bohumín (Šunychl)	OKBOTA		JN99EW	0	0	1		503
R	WWBOTA	B/OK-4417		2024-10-01		XVI/206/A-140 Nový Bohumín (Šunychl)	OKBOTA		JN99EW	0	0	1		503
R	WWBOTA	B/OK-4418		2024-10-01		XVI/207/A-140 Nový Bohumín (Šunychl)	OKBOTA		JN99EV	0	0	1		503
R	WWBOTA	B/OK-4419		2024-10-01		XVI/208/A-140 Nový Bohumín (Šunychl)	OKBOTA		JN99EV	0	0	1		503
R	WWBOTA	B/OK-4420		2024-10-01		XVI/209/A-120 Nový Bohumín (Šunychl)	OKBOTA		JN99FV	0	0	1		503
R	WWBOTA	B/OK-4421		2024-10-01		XVI/211/A-160 Nový Bohumín (Šunychl)	OKBOTA		JN99FV	0	0	1		503
R	WWBOTA	B/OK-4422		2024-10-01		XVI/212/A-140 Nový Bohumín (Šunychl)	OKBOTA		JN99FV	0	0	1		503
R	WWBOTA	B/OK-4423		2024-10-01		XVI/213/A-140 Nový Bohumín (Šunychl)	OKBOTA		JN99FV	0	0	1		503
R	WWBOTA	B/OK-4424		2024-10-01		XVI/3/A-140Z Nový Bohumín (Šunychl)	OKBOTA		JN99EW	0	0	1		503
R	WWBOTA	B/OK-4425		2024-10-01		XVI/4/A-140 Nový Bohumín (Šunychl)	OKBOTA		JN99EW	0	0	1		503
R	WWBOTA	B/OK-4426		2024-10-01		XVI/5/A-120 Nový Bohumín (Šunychl)	OKBOTA		JN99EW	0	0	1		503
R	WWBOTA	B/OK-4427		2024-10-01		XVI/51/D1Z Nový Bohumín (Šunychl)	OKBOTA		JN99FV	0	0	1		503
R	WWBOTA	B/OK-4428		2024-10-01		XVI/6/A-140Z Nový Bohumín (Šunychl)	OKBOTA		JN99EW	0	0	1		503
R	WWBOTA	B/OK-4429		2024-10-01		XVI/7/A-120 Nový Bohumín (Šunychl)	OKBOTA		JN99EW	0	0	1		503
R	WWBOTA	B/OK-4430		2024-10-01		XVI/8/A-140Z Nový Bohumín (Šunychl)	OKBOTA		JN99EW	0	0	1		503
R	WWBOTA	B/OK-4431		2024-10-01		XVI/9/A-160 Nový Bohumín (Šunychl)	OKBOTA		JN99EW	0	0	1		503
R	WWBOTA	B/OK-4432		2024-10-01		XXI/1/A-120Z Mnichov	OKBOTA		JO80QD	0	0	1		503
R	WWBOTA	B/OK-4433		2024-10-01		XXI/10/D2 Mnichov	OKBOTA		JO80QD	0	0	1		503
R	WWBOTA	B/OK-4434		2024-10-01		XXI/11/B2-100Z Mnichov	OKBOTA		JO80QD	0	0	1		503
R	WWBOTA	B/OK-4435		2024-10-01		XXI/12/A-160 Mnichov	OKBOTA		JO80QD	0	0	1		503
R	WWBOTA	B/OK-4436		2024-10-01		XXI/15/A-180 Mnichov	OKBOTA		JO80QD	0	0	1		503
R	WWBOTA	B/OK-4437		2024-10-01		XXI/16/A-140 Mnichov	OKBOTA		JO80QD	0	0	1		503
R	WWBOTA	B/OK-4438		2024-10-01		XXI/13/A-120 Mnichov	OKBOTA		JO80QD	0	0	1		503
R	WWBOTA	B/OK-4439		2024-10-01		XXI/14/A-120 Mnichov	OKBOTA		JO80QD	0	0	1		503
R	WWBOTA	B/OK-4440		2024-10-01		XXI/18/B2-90 Mnichov	OKBOTA		JO80QD	0	0	1		503
R	WWBOTA	B/OK-4441		2024-10-01		XXI/19/E Mnichov	OKBOTA		JO80QD	0	0	1		503
R	WWBOTA	B/OK-4442		2024-10-01		XXI/2/A-180Z Mnichov	OKBOTA		JO80QD	0	0	1		503
R	WWBOTA	B/OK-4443		2024-10-01		XXI/20/B2-100 Mnichov	OKBOTA		JO80QD	0	0	1		503
R	WWBOTA	B/OK-4444		2024-10-01		XXI/3/B2-80Z Mnichov	OKBOTA		JO80QD	0	0	1		503
R	WWBOTA	B/OK-4445		2024-10-01		XXI/4/A-120Z Mnichov	OKBOTA		JO80QD	0	0	1		503
R	WWBOTA	B/OK-4446		2024-10-01		XXI/5/A-140 Mnichov	OKBOTA		JO80QD	0	0	1		503
R	WWBOTA	B/OK-4447		2024-10-01		XIIa/518/A-120Z Mnichov	OKBOTA		JO80RC	0	0	1		503
R	WWBOTA	B/OK-4448		2024-10-01		XIIa/519/A-180 Mnichov	OKBOTA		JO80RC	0	0	1		503
R	WWBOTA	B/OK-4449		2024-10-01		XIIa/520/A-160Z Mnichov	OKBOTA		JO80RC	0	0	1		503
R	WWBOTA	B/OK-4450		2024-10-01		XIIa/521/B1-90Z Mnichov	OKBOTA		JO80RC	0	0	1		503
R	WWBOTA	B/OK-4451		2024-10-01		XXI/548/A-140 Mnichov	OKBOTA		JO80RC	0	0	1		503
R	WWBOTA	B/OK-4452		2024-10-01		XXI/6/E Mnichov	OKBOTA		JO80QD	0	0	1		503
R	WWBOTA	B/OK-4453		2024-10-01		XXI/7/A-180 Mnichov	OKBOTA		JO80QD	0	0	1		503
R	WWBOTA	B/OK-4454		2024-10-01		XXI/722/A-140Z Mnichov	OKBOTA		JO80RC	0	0	1		503
R	WWBOTA	B/OK-4455		2024-10-01		XXI/723/D2 Mnichov	OKBOTA		JO80RC	0	0	1		503
R	WWBOTA	B/OK-4456		2024-10-01		XXI/724/A-200Z Mnichov	OKBOTA		JO80RC	0	0	1		503
R	WWBOTA	B/OK-4457		2024-10-01		XXI/725/A-200Z Mnichov	OKBOTA		JO80RC	0	0	1		503
R	WWBOTA	B/OK-4458		2024-10-01		XXI/726/D1 Mnichov	OKBOTA		JO80RC	0	0	1		503
R	WWBOTA	B/OK-4459		2024-10-01		XXI/8/B2-80 Mnichov	OKBOTA		JO80QD	0	0	1		503
R	WWBOTA	B/OK-4460		2024-10-01		XXI/9/D2 Mnichov	OKBOTA		JO80QD	0	0	1		503
R	WWBOTA	B/OK-4461		2024-10-01		XXII/201/A-160Z Bodenkoppe (Chlum)	OKBOTA		JO80JD	0	0	1		503
R	WWBOTA	B/OK-4462		2024-10-01		XXII/202/A-140 Bodenkoppe (Chlum)	OKBOTA		JO80JD	0	0	1		503
R	WWBOTA	B/OK-4463		2024-10-01		XXII/203/A-120Z Bodenkoppe (Chlum)	OKBOTA		JO80JD	0	0	1		503
R	WWBOTA	B/OK-4464		2024-10-01		XXII/207/A-160Z Bodenkoppe (Chlum)	OKBOTA		JO80KD	0	0	1		503
R	WWBOTA	B/OK-4465		2024-10-01		XXII/208/A-140 Bodenkoppe (Chlum)	OKBOTA		JO80KD	0	0	1		503
R	WWBOTA	B/OK-4466		2024-10-01		XXII/209/B2-100 Bodenkoppe (Chlum)	OKBOTA		JO80KD	0	0	1		503
R	WWBOTA	B/OK-4467		2024-10-01		XXII/210/A-140Z Bodenkoppe (Chlum)	OKBOTA		JO80KD	0	0	1		503
R	WWBOTA	B/OK-4468		2024-10-01		XXII/213/A-140Z Bodenkoppe (Chlum)	OKBOTA		JO80KD	0	0	1		503
R	WWBOTA	B/OK-4469		2024-10-01		XXII/214/A-140Z Bodenkoppe (Chlum)	OKBOTA		JO80KD	0	0	1		503
R	WWBOTA	B/OK-4470		2024-10-01		XXII/215/A-140Z Bodenkoppe (Chlum)	OKBOTA		JO80KD	0	0	1		503
R	WWBOTA	B/OK-4471		2024-10-01		XXII/216/A-140Z Bodenkoppe (Chlum)	OKBOTA		JO80KD	0	0	1		503
R	WWBOTA	B/OK-4472		2024-10-01		XXII/217/A-120 Bodenkoppe (Chlum)	OKBOTA		JO80KD	0	0	1		503
R	WWBOTA	B/OK-4473		2024-10-01		XXII/218/A-120 Bodenkoppe (Chlum)	OKBOTA		JO80KD	0	0	1		503
R	WWBOTA	B/OK-4474		2024-10-01		XXII/220/A-140Z Bodenkoppe (Chlum)	OKBOTA		JO80KD	0	0	1		503
R	WWBOTA	B/OK-4475		2024-10-01		XXII/221/A-140Z Bodenkoppe (Chlum)	OKBOTA		JO80KD	0	0	1		503
R	WWBOTA	B/OK-4476		2024-10-01		XXII/231/A-200 Bodenkoppe (Chlum)	OKBOTA		JO80KD	0	0	1		503
R	WWBOTA	B/OK-4477		2024-10-01		XXII/259/A-160 Bodenkoppe (Chlum)	OKBOTA		JO80JD	0	0	1		503
R	WWBOTA	B/OK-4478		2024-10-01		XXII/260/A-140 Bodenkoppe (Chlum)	OKBOTA		JO80JD	0	0	1		503
R	WWBOTA	B/OK-4479		2024-10-01		XXII/261/A-140 Bodenkoppe (Chlum)	OKBOTA		JO80JD	0	0	1		503
R	WWBOTA	B/OK-4480		2024-10-01		XXII/262/A-140Z Bodenkoppe (Chlum)	OKBOTA		JO80KD	0	0	1		503
R	WWBOTA	B/OK-4481		2024-10-01		XXII/264/A-120Z Bodenkoppe (Chlum)	OKBOTA		JO80KD	0	0	1		503
R	WWBOTA	B/OK-4482		2024-10-01		XXII/265/A-160Z Bodenkoppe (Chlum)	OKBOTA		JO80JD	0	0	1		503
R	WWBOTA	B/OK-4483		2024-10-01		XXII/266/A-140 Bodenkoppe (Chlum)	OKBOTA		JO80JD	0	0	1		503
R	WWBOTA	B/OK-4484		2024-10-01		XXII/267/B2-100 Bodenkoppe (Chlum)	OKBOTA		JO80JD	0	0	1		503
R	WWBOTA	B/OK-4485		2024-10-01		XXII/268/A-120 Bodenkoppe (Chlum)	OKBOTA		JO80JD	0	0	1		503
R	WWBOTA	B/OK-4486		2024-10-01		XXII/269/B2-100 Bodenkoppe (Chlum)	OKBOTA		JO80JD	0	0	1		503
R	WWBOTA	B/OK-4487		2024-10-01		XXII/296/A-160 Bodenkoppe (Chlum)	OKBOTA		JO80KD	0	0	1		503
R	WWBOTA	B/OK-4488		2024-10-01		XXVII/23/A-160 Geiersberg (Zadní Jestřábí)	OKBOTA		JO80OE	0	0	1		503
R	WWBOTA	B/OK-4489		2024-10-01		XXVII/43/A-180 Geiersberg (Zadní Jestřábí)	OKBOTA		JO80OE	0	0	1		503
R	WWBOTA	B/OK-4490		2024-10-01		XXVII/53/A-140 Geiersberg (Zadní Jestřábí)	OKBOTA		JO80OE	0	0	1		503
R	WWBOTA	B/OK-4491		2024-10-01		XXVII/57/A-120 Geiersberg (Zadní Jestřábí)	OKBOTA		JO80OE	0	0	1		503
R	WWBOTA	B/OK-4492		2024-10-01		XXXV/10/A-140 Dolní Lipka	OKBOTA		JO80IB	0	0	1		503
R	WWBOTA	B/OK-4493		2024-10-01		XXXV/111/A-160Z Dolní Lipka	OKBOTA		JO80JC	0	0	1		503
R	WWBOTA	B/OK-4494		2024-10-01		XXXV/112/A-180Z Dolní Lipka	OKBOTA		JO80JC	0	0	1		503
R	WWBOTA	B/OK-4495		2024-10-01		XXXV/113/A-180Z Dolní Lipka	OKBOTA		JO80JC	0	0	1		503
R	WWBOTA	B/OK-4496		2024-10-01		XXXV/114/A-160Z Dolní Lipka	OKBOTA		JO80IC	0	0	1		503
R	WWBOTA	B/OK-4497		2024-10-01		XXXV/115/A-140Z Dolní Lipka	OKBOTA		JO80IC	0	0	1		503
R	WWBOTA	B/OK-4498		2024-10-01		XXXV/116/A-180Z Dolní Lipka	OKBOTA		JO80IC	0	0	1		503
R	WWBOTA	B/OK-4499		2024-10-01		XXXV/117/A-160Z Dolní Lipka	OKBOTA		JO80IC	0	0	1		503
R	WWBOTA	B/OK-4500		2024-10-01		XXXV/20/A-140 Dolní Lipka	OKBOTA		JO80IC	0	0	1		503
R	WWBOTA	B/OK-4501		2024-10-01		XXXV/21/A-140 Dolní Lipka	OKBOTA		JO80IC	0	0	1		503
R	WWBOTA	B/OK-4502		2024-10-01		XXXV/22/A-140 Dolní Lipka	OKBOTA		JO80IC	0	0	1		503
R	WWBOTA	B/OK-4503		2024-10-01		XXXV/23/A-160 Dolní Lipka	OKBOTA		JO80IC	0	0	1		503
R	WWBOTA	B/OK-4504		2024-10-01		XXXV/24/A-120Z Dolní Lipka	OKBOTA		JO80JC	0	0	1		503
R	WWBOTA	B/OK-4505		2024-10-01		XXXV/25/A-180Z Dolní Lipka	OKBOTA		JO80JC	0	0	1		503
R	WWBOTA	B/OK-4506		2024-10-01		XXXV/27/A-140 Dolní Lipka	OKBOTA		JO80JC	0	0	1		503
R	WWBOTA	B/OK-4507		2024-10-01		XXXV/28/B2-100 Dolní Lipka	OKBOTA		JO80JC	0	0	1		503
R	WWBOTA	B/OK-4508		2024-10-01		XXXVI/101/A-200Z Červený Potok	OKBOTA		JO80JD	0	0	1		503
R	WWBOTA	B/OK-4509		2024-10-01		XXXVI/29/B2-90Z Červený Potok	OKBOTA		JO80JC	0	0	1		503
R	WWBOTA	B/OK-4510		2024-10-01		XXXVI/30/A-140Z Červený Potok	OKBOTA		JO80JC	0	0	1		503
R	WWBOTA	B/OK-4511		2024-10-01		XXXVI/31/A-180Z Červený Potok	OKBOTA		JO80JC	0	0	1		503
R	WWBOTA	B/OK-4512		2024-10-01		XXXVI/32/B2-100Z Červený Potok	OKBOTA		JO80JC	0	0	1		503
R	WWBOTA	B/OK-4513		2024-10-01		XXXVI/33/A-120Z Červený Potok	OKBOTA		JO80JC	0	0	1		503
R	WWBOTA	B/OK-4514		2024-10-01		XXXVI/41/A-160Z Červený Potok	OKBOTA		JO80JC	0	0	1		503
R	WWBOTA	B/OK-4515		2024-10-01		XXXVI/43/A-160 Červený Potok	OKBOTA		JO80JC	0	0	1		503
R	WWBOTA	B/OK-4516		2024-10-01		XXXVI/48a/A-140Z Červený Potok	OKBOTA		JO80JC	0	0	1		503
R	WWBOTA	B/OK-4517		2024-10-01		XXXVI/49/A-120 Červený Potok	OKBOTA		JO80JC	0	0	1		503
R	WWBOTA	B/OK-4518		2024-10-01		XXXVI/50/A-120Z Červený Potok	OKBOTA		JO80JC	0	0	1		503
R	WWBOTA	B/OK-4519		2024-10-01		XXXVI/51/A-180Z Červený Potok	OKBOTA		JO80JC	0	0	1		503
R	WWBOTA	B/OK-4520		2024-10-01		XXXVI/52/A-120Z Červený Potok	OKBOTA		JO80JC	0	0	1		503
R	WWBOTA	B/OK-4521		2024-10-01		XXXVI/53/A-120Z Červený Potok	OKBOTA		JO80JC	0	0	1		503
R	WWBOTA	B/OK-4522		2024-10-01		XXXVI/54/A-160 Červený Potok	OKBOTA		JO80JC	0	0	1		503
R	WWBOTA	B/OK-4523		2024-10-01		XXXVI/55/A-120 Červený Potok	OKBOTA		JO80JC	0	0	1		503
R	WWBOTA	B/OK-4524		2024-10-01		XXXVI/56/A-120 Červený Potok	OKBOTA		JO80JC	0	0	1		503
R	WWBOTA	B/OK-4525		2024-10-01		XXXVI/57/A-140 Červený Potok	OKBOTA		JO80JC	0	0	1		503
R	WWBOTA	B/OK-4526		2024-10-01		1/1/1 Jemnice	OKBOTA		JN79PA	0	0	1		503
R	WWBOTA	B/OK-4527		2024-10-01		1/10/1 Jemnice	OKBOTA		JN78RX	0	0	1		503
R	WWBOTA	B/OK-4528		2024-10-01		1/11/1 Jemnice	OKBOTA		JN78RX	0	0	1		503
R	WWBOTA	B/OK-4529		2024-10-01		1/12/2 Jemnice	OKBOTA		JN78RX	0	0	1		503
R	WWBOTA	B/OK-4530		2024-10-01		1/13/1 Jemnice	OKBOTA		JN78RX	0	0	1		503
R	WWBOTA	B/OK-4531		2024-10-01		1/14/1 Jemnice	OKBOTA		JN78RX	0	0	1		503
R	WWBOTA	B/OK-4532		2024-10-01		1/15/1 Jemnice	OKBOTA		JN78RW	0	0	1		503
R	WWBOTA	B/OK-4533		2024-10-01		1/16/1 Jemnice	OKBOTA		JN78RW	0	0	1		503
R	WWBOTA	B/OK-4534		2024-10-01		1/18/1 Jemnice	OKBOTA		JN78SW	0	0	1		503
R	WWBOTA	B/OK-4535		2024-10-01		1/19/1 Jemnice	OKBOTA		JN78SW	0	0	1		503
R	WWBOTA	B/OK-4536		2024-10-01		1/2/1 Jemnice	OKBOTA		JN78PX	0	0	1		503
R	WWBOTA	B/OK-4537		2024-10-01		1/20/1 Jemnice	OKBOTA		JN78SW	0	0	1		503
R	WWBOTA	B/OK-4538		2024-10-01		1/21/1 Jemnice	OKBOTA		JN78SW	0	0	1		503
R	WWBOTA	B/OK-4539		2024-10-01		1/22/1 Jemnice	OKBOTA		JN78SV	0	0	1		503
R	WWBOTA	B/OK-4540		2024-10-01		1/23/2 Jemnice	OKBOTA		JN78SV	0	0	1		503
R	WWBOTA	B/OK-4541		2024-10-01		1/24/1 Jemnice	OKBOTA		JN78TV	0	0	1		503
R	WWBOTA	B/OK-4542		2024-10-01		1/25/1 Jemnice	OKBOTA		JN78TV	0	0	1		503
R	WWBOTA	B/OK-4543		2024-10-01		1/26/1 Jemnice	OKBOTA		JN78TW	0	0	1		503
R	WWBOTA	B/OK-4544		2024-10-01		1/27/2 Jemnice	OKBOTA		JN78TV	0	0	1		503
R	WWBOTA	B/OK-4545		2024-10-01		1/28/1 Jemnice	OKBOTA		JN78TV	0	0	1		503
R	WWBOTA	B/OK-4546		2024-10-01		1/29/1 Jemnice	OKBOTA		JN78UV	0	0	1		503
R	WWBOTA	B/OK-4547		2024-10-01		1/3/1 Jemnice	OKBOTA		JN79QA	0	0	1		503
R	WWBOTA	B/OK-4548		2024-10-01		1/30/1 Jemnice	OKBOTA		JN78UW	0	0	1		503
R	WWBOTA	B/OK-4549		2024-10-01		1/31/ - Jemnice	OKBOTA		JN78UW	0	0	1		503
R	WWBOTA	B/OK-4550		2024-10-01		1/32/1 Jemnice	OKBOTA		JN78VV	0	0	1		503
R	WWBOTA	B/OK-4551		2024-10-01		1/33/1 Jemnice	OKBOTA		JN78VV	0	0	1		503
R	WWBOTA	B/OK-4552		2024-10-01		1/34/1 Jemnice	OKBOTA		JN78VV	0	0	1		503
R	WWBOTA	B/OK-4553		2024-10-01		1/35/1 Jemnice	OKBOTA		JN78VV	0	0	1		503
R	WWBOTA	B/OK-4554		2024-10-01		1/4/1 Jemnice	OKBOTA		JN78QX	0	0	1		503
R	WWBOTA	B/OK-4555		2024-10-01		1/5/1 Jemnice	OKBOTA		JN78QX	0	0	1		503
R	WWBOTA	B/OK-4556		2024-10-01		1/6/1 Jemnice	OKBOTA		JN78QX	0	0	1		503
R	WWBOTA	B/OK-4557		2024-10-01		1/7/1 Jemnice	OKBOTA		JN78QX	0	0	1		503
R	WWBOTA	B/OK-4558		2024-10-01		1/8/1 Jemnice	OKBOTA		JN78QX	0	0	1		503
R	WWBOTA	B/OK-4559		2024-10-01		1/9/1 Jemnice	OKBOTA		JN78QX	0	0	1		503
R	WWBOTA	B/OK-4560		2024-10-01		2/36/1 Znojmo	OKBOTA		JN78WV	0	0	1		503
R	WWBOTA	B/OK-4561		2024-10-01		2/37/1 Znojmo	OKBOTA		JN78WU	0	0	1		503
R	WWBOTA	B/OK-4562		2024-10-01		2/38/1 Znojmo	OKBOTA		JN78WU	0	0	1		503
R	WWBOTA	B/OK-4563		2024-10-01		2/39/1 Znojmo	OKBOTA		JN78XU	0	0	1		503
R	WWBOTA	B/OK-4564		2024-10-01		2/40/1 Znojmo	OKBOTA		JN78XU	0	0	1		503
R	WWBOTA	B/OK-4565		2024-10-01		2/41/1 Znojmo	OKBOTA		JN78XU	0	0	1		503
R	WWBOTA	B/OK-4566		2024-10-01		2/42/1 Znojmo	OKBOTA		JN78XU	0	0	1		503
R	WWBOTA	B/OK-4567		2024-10-01		2/43/1 Znojmo	OKBOTA		JN78XT	0	0	1		503
R	WWBOTA	B/OK-4568		2024-10-01		2/44/1 Znojmo	OKBOTA		JN88AT	0	0	1		503
R	WWBOTA	B/OK-4569		2024-10-01		2/45/1 Znojmo	OKBOTA		JN78XT	0	0	1		503
R	WWBOTA	B/OK-4570		2024-10-01		2/46/1 Znojmo	OKBOTA		JN78XT	0	0	1		503
R	WWBOTA	B/OK-4571		2024-10-01		2/47/1 Znojmo	OKBOTA		JN88AT	0	0	1		503
R	WWBOTA	B/OK-4572		2024-10-01		2/48/1 Znojmo	OKBOTA		JN88AT	0	0	1		503
R	WWBOTA	B/OK-4573		2024-10-01		2/49/1 Znojmo	OKBOTA		JN88AT	0	0	1		503
R	WWBOTA	B/OK-4574		2024-10-01		2/50/1 Znojmo	OKBOTA		JN88AT	0	0	1		503
R	WWBOTA	B/OK-4575		2024-10-01		2/51/1 Znojmo	OKBOTA		JN88AT	0	0	1		503
R	WWBOTA	B/OK-4576		2024-10-01		2/52/1 Znojmo	OKBOTA		JN88AT	0	0	1		503
R	WWBOTA	B/OK-4577		2024-10-01		2/53/1 Znojmo	OKBOTA		JN88AT	0	0	1		503
R	WWBOTA	B/OK-4578		2024-10-01		2/54/1 Znojmo	OKBOTA		JN88BT	0	0	1		503
R	WWBOTA	B/OK-4579		2024-10-01		2/55/1 Znojmo	OKBOTA		JN88BT	0	0	1		503
R	WWBOTA	B/OK-4580		2024-10-01		2/56/1 Znojmo	OKBOTA		JN88BS	0	0	1		503
R	WWBOTA	B/OK-4581		2024-10-01		2/57/1 Znojmo	OKBOTA		JN88BS	0	0	1		503
R	WWBOTA	B/OK-4582		2024-10-01		2/58/1 Znojmo	OKBOTA		JN88BT	0	0	1		503
R	WWBOTA	B/OK-4583		2024-10-01		2/59/1 Znojmo	OKBOTA		JN88BS	0	0	1		503
R	WWBOTA	B/OK-4584		2024-10-01		2/60/1 Znojmo	OKBOTA		JN88CS	0	0	1		503
R	WWBOTA	B/OK-4585		2024-10-01		2/61/1 Znojmo	OKBOTA		JN88CS	0	0	1		503
R	WWBOTA	B/OK-4586		2024-10-01		2/62/1 Znojmo	OKBOTA		JN88CS	0	0	1		503
R	WWBOTA	B/OK-4587		2024-10-01		2/63/1 Znojmo	OKBOTA		JN88CS	0	0	1		503
R	WWBOTA	B/OK-4588		2024-10-01		2/64/1 Znojmo	OKBOTA		JN88CS	0	0	1		503
R	WWBOTA	B/OK-4589		2024-10-01		2/65/1 Znojmo	OKBOTA		JN88CS	0	0	1		503
R	WWBOTA	B/OK-4590		2024-10-01		2/66/2 Znojmo	OKBOTA		JN88DS	0	0	1		503
R	WWBOTA	B/OK-4591		2024-10-01		2/67/1 Znojmo	OKBOTA		JN88DS	0	0	1		503
R	WWBOTA	B/OK-4592		2024-10-01		2/68/1 Znojmo	OKBOTA		JN88DT	0	0	1		503
R	WWBOTA	B/OK-4593		2024-10-01		2/69/1 Znojmo	OKBOTA		JN88DT	0	0	1		503
R	WWBOTA	B/OK-4594		2024-10-01		2/70/1 Znojmo	OKBOTA		JN88DS	0	0	1		503
R	WWBOTA	B/OK-4595		2024-10-01		3/71/1 Hrušovany nad Jevišovkou	OKBOTA		JN88DS	0	0	1		503
R	WWBOTA	B/OK-4596		2024-10-01		3/72/1 Hrušovany nad Jevišovkou	OKBOTA		JN88DS	0	0	1		503
R	WWBOTA	B/OK-4597		2024-10-01		3/73/1 Hrušovany nad Jevišovkou	OKBOTA		JN88ES	0	0	1		503
R	WWBOTA	B/OK-4598		2024-10-01		3/74/1 Hrušovany nad Jevišovkou	OKBOTA		JN88ES	0	0	1		503
R	WWBOTA	B/OK-4599		2024-10-01		3/75/1 Hrušovany nad Jevišovkou	OKBOTA		JN88ES	0	0	1		503
R	WWBOTA	B/OK-4600		2024-10-01		3/76/1 Hrušovany nad Jevišovkou	OKBOTA		JN88ES	0	0	1		503
R	WWBOTA	B/OK-4601		2024-10-01		3/77/1 Hrušovany nad Jevišovkou	OKBOTA		JN88ES	0	0	1		503
R	WWBOTA	B/OK-4602		2024-10-01		3/78/1 Hrušovany nad Jevišovkou	OKBOTA		JN88ES	0	0	1		503
R	WWBOTA	B/OK-4603		2024-10-01		3/79/1 Hrušovany nad Jevišovkou	OKBOTA		JN88ES	0	0	1		503
R	WWBOTA	B/OK-4604		2024-10-01		3/80/1 Hrušovany nad Jevišovkou	OKBOTA		JN88ES	0	0	1		503
R	WWBOTA	B/OK-4605		2024-10-01		3/81/1 Hrušovany nad Jevišovkou	OKBOTA		JN88ER	0	0	1		503
R	WWBOTA	B/OK-4606		2024-10-01		3/81a/1 Hrušovany nad Jevišovkou	OKBOTA		JN88ER	0	0	1		503
R	WWBOTA	B/OK-4607		2024-10-01		3/82/1 Hrušovany nad Jevišovkou	OKBOTA		JN88ES	0	0	1		503
R	WWBOTA	B/OK-4608		2024-10-01		3/83/2 Hrušovany nad Jevišovkou	OKBOTA		JN88FS	0	0	1		503
R	WWBOTA	B/OK-4609		2024-10-01		3/84/1 Hrušovany nad Jevišovkou	OKBOTA		JN88ET	0	0	1		503
R	WWBOTA	B/OK-4610		2024-10-01		3/85/1 Hrušovany nad Jevišovkou	OKBOTA		JN88ET	0	0	1		503
R	WWBOTA	B/OK-4611		2024-10-01		3/86/1 Hrušovany nad Jevišovkou	OKBOTA		JN88FS	0	0	1		503
R	WWBOTA	B/OK-4612		2024-10-01		3/88/1 Hrušovany nad Jevišovkou	OKBOTA		JN88FT	0	0	1		503
R	WWBOTA	B/OK-4613		2024-10-01		3/89/1 Hrušovany nad Jevišovkou	OKBOTA		JN88FT	0	0	1		503
R	WWBOTA	B/OK-4614		2024-10-01		3/90/1 Hrušovany nad Jevišovkou	OKBOTA		JN88FT	0	0	1		503
R	WWBOTA	B/OK-4615		2024-10-01		3/91/1 Hrušovany nad Jevišovkou	OKBOTA		JN88FT	0	0	1		503
R	WWBOTA	B/OK-4616		2024-10-01		4/100/1 Mikulov	OKBOTA		JN88GU	0	0	1		503
R	WWBOTA	B/OK-4617		2024-10-01		4/101/1 Mikulov	OKBOTA		JN88GT	0	0	1		503
R	WWBOTA	B/OK-4618		2024-10-01		4/102/1 Mikulov	OKBOTA		JN88GT	0	0	1		503
R	WWBOTA	B/OK-4619		2024-10-01		4/103/1 Mikulov	OKBOTA		JN88GU	0	0	1		503
R	WWBOTA	B/OK-4620		2024-10-01		4/104/1 Mikulov	OKBOTA		JN88GU	0	0	1		503
R	WWBOTA	B/OK-4621		2024-10-01		4/105/1 Mikulov	OKBOTA		JN88GU	0	0	1		503
R	WWBOTA	B/OK-4622		2024-10-01		4/106/1 Mikulov	OKBOTA		JN88GU	0	0	1		503
R	WWBOTA	B/OK-4623		2024-10-01		4/107/1 Mikulov	OKBOTA		JN88GT	0	0	1		503
R	WWBOTA	B/OK-4624		2024-10-01		4/108/1 Mikulov	OKBOTA		JN88GT	0	0	1		503
R	WWBOTA	B/OK-4625		2024-10-01		4/109/1 Mikulov	OKBOTA		JN88GT	0	0	1		503
R	WWBOTA	B/OK-4626		2024-10-01		4/110/1 Mikulov	OKBOTA		JN88HT	0	0	1		503
R	WWBOTA	B/OK-4627		2024-10-01		4/111/1 Mikulov	OKBOTA		JN88HT	0	0	1		503
R	WWBOTA	B/OK-4628		2024-10-01		4/112/2 Mikulov	OKBOTA		JN88HT	0	0	1		503
R	WWBOTA	B/OK-4629		2024-10-01		4/113/1 Mikulov	OKBOTA		JN88HT	0	0	1		503
R	WWBOTA	B/OK-4630		2024-10-01		4/114/1 Mikulov	OKBOTA		JN88HT	0	0	1		503
R	WWBOTA	B/OK-4631		2024-10-01		4/115/1 Mikulov	OKBOTA		JN88HT	0	0	1		503
R	WWBOTA	B/OK-4632		2024-10-01		4/116/2 Mikulov	OKBOTA		JN88HS	0	0	1		503
R	WWBOTA	B/OK-4633		2024-10-01		4/117/1 Mikulov	OKBOTA		JN88HT	0	0	1		503
R	WWBOTA	B/OK-4634		2024-10-01		4/118/1 Mikulov	OKBOTA		JN88HT	0	0	1		503
R	WWBOTA	B/OK-4635		2024-10-01		4/119/1 Mikulov	OKBOTA		JN88HT	0	0	1		503
R	WWBOTA	B/OK-4636		2024-10-01		4/120/1 Mikulov	OKBOTA		JN88HT	0	0	1		503
R	WWBOTA	B/OK-4637		2024-10-01		4/121/1 Mikulov	OKBOTA		JN88HT	0	0	1		503
R	WWBOTA	B/OK-4638		2024-10-01		4/122/1 Mikulov	OKBOTA		JN88HT	0	0	1		503
R	WWBOTA	B/OK-4639		2024-10-01		4/123/1 Mikulov	OKBOTA		JN88IT	0	0	1		503
R	WWBOTA	B/OK-4640		2024-10-01		4/124/1 Mikulov	OKBOTA		JN88IT	0	0	1		503
R	WWBOTA	B/OK-4641		2024-10-01		4/125/1 - Mikulov	OKBOTA		JN88IS	0	0	1		503
R	WWBOTA	B/OK-4642		2024-10-01		4/126/1 Mikulov	OKBOTA		JN88IS	0	0	1		503
R	WWBOTA	B/OK-4643		2024-10-01		4/127/1 Mikulov	OKBOTA		JN88IS	0	0	1		503
R	WWBOTA	B/OK-4644		2024-10-01		4/128/1 Mikulov	OKBOTA		JN88IS	0	0	1		503
R	WWBOTA	B/OK-4645		2024-10-01		4/129/1 - Mikulov	OKBOTA		JN88IS	0	0	1		503
R	WWBOTA	B/OK-4646		2024-10-01		4/130/1 - Mikulov	OKBOTA		JN88IS	0	0	1		503
R	WWBOTA	B/OK-4647		2024-10-01		4/131/1 - Mikulov	OKBOTA		JN88IS	0	0	1		503
R	WWBOTA	B/OK-4648		2024-10-01		4/92/2 Mikulov	OKBOTA		JN88FT	0	0	1		503
R	WWBOTA	B/OK-4649		2024-10-01		4/93/1 Mikulov	OKBOTA		JN88FT	0	0	1		503
R	WWBOTA	B/OK-4650		2024-10-01		4/94/1 Mikulov	OKBOTA		JN88FT	0	0	1		503
R	WWBOTA	B/OK-4651		2024-10-01		4/95/2 Mikulov	OKBOTA		JN88FT	0	0	1		503
R	WWBOTA	B/OK-4652		2024-10-01		4/96/1 Mikulov	OKBOTA		JN88FT	0	0	1		503
R	WWBOTA	B/OK-4653		2024-10-01		4/97/1 Mikulov	OKBOTA		JN88GT	0	0	1		503
R	WWBOTA	B/OK-4654		2024-10-01		4/98/1 Mikulov	OKBOTA		JN88GU	0	0	1		503
R	WWBOTA	B/OK-4655		2024-10-01		4/99/1 Mikulov	OKBOTA		JN88GU	0	0	1		503
R	WWBOTA	B/OK-4656		2024-10-01		5/133/1 Břeclav	OKBOTA		JN88IS	0	0	1		503
R	WWBOTA	B/OK-4657		2024-10-01		5/134/1 Břeclav	OKBOTA		JN88IS	0	0	1		503
R	WWBOTA	B/OK-4658		2024-10-01		5/135/1 Břeclav	OKBOTA		JN88IS	0	0	1		503
R	WWBOTA	B/OK-4659		2024-10-01		5/136/1 Břeclav	OKBOTA		JN88JS	0	0	1		503
R	WWBOTA	B/OK-4660		2024-10-01		5/137/1 Břeclav	OKBOTA		JN88JS	0	0	1		503
R	WWBOTA	B/OK-4661		2024-10-01		5/138/1 Břeclav	OKBOTA		JN88JS	0	0	1		503
R	WWBOTA	B/OK-4662		2024-10-01		5/139/1 Břeclav	OKBOTA		JN88JS	0	0	1		503
R	WWBOTA	B/OK-4663		2024-10-01		5/140/1 Břeclav	OKBOTA		JN88JR	0	0	1		503
R	WWBOTA	B/OK-4664		2024-10-01		5/141/1 Břeclav	OKBOTA		JN88JR	0	0	1		503
R	WWBOTA	B/OK-4665		2024-10-01		5/142/1 Břeclav	OKBOTA		JN88JR	0	0	1		503
R	WWBOTA	B/OK-4666		2024-10-01		5/143/1 Břeclav	OKBOTA		JN88JR	0	0	1		503
R	WWBOTA	B/OK-4667		2024-10-01		5/145/1 Břeclav	OKBOTA		JN88JS	0	0	1		503
R	WWBOTA	B/OK-4668		2024-10-01		5/146/1 Břeclav	OKBOTA		JN88JS	0	0	1		503
R	WWBOTA	B/OK-4669		2024-10-01		5/147/1 Břeclav	OKBOTA		JN88JS	0	0	1		503
R	WWBOTA	B/OK-4670		2024-10-01		5/148/1 Břeclav	OKBOTA		JN88JS	0	0	1		503
R	WWBOTA	B/OK-4671		2024-10-01		5/149/1 Břeclav	OKBOTA		JN88JS	0	0	1		503
R	WWBOTA	B/OK-4672		2024-10-01		5/150/1 Břeclav	OKBOTA		JN88JS	0	0	1		503
R	WWBOTA	B/OK-4673		2024-10-01		5/151/1 Břeclav	OKBOTA		JN88KS	0	0	1		503
R	WWBOTA	B/OK-4674		2024-10-01		5/152/2 Břeclav	OKBOTA		JN88KS	0	0	1		503
R	WWBOTA	B/OK-4675		2024-10-01		5/153/1 Břeclav	OKBOTA		JN88KS	0	0	1		503
R	WWBOTA	B/OK-4676		2024-10-01		5/154/1 Břeclav	OKBOTA		JN88KS	0	0	1		503
R	WWBOTA	B/OK-4677		2024-10-01		5/155/1 Břeclav	OKBOTA		JN88KS	0	0	1		503
R	WWBOTA	B/OK-4678		2024-10-01		5/156/1 Břeclav	OKBOTA		JN88KS	0	0	1		503
R	WWBOTA	B/OK-4679		2024-10-01		5/157/1 Břeclav	OKBOTA		JN88KS	0	0	1		503
R	WWBOTA	B/OK-4680		2024-10-01		5/158/1 Břeclav	OKBOTA		JN88KS	0	0	1		503
R	WWBOTA	B/OK-4681		2024-10-01		5/159/1 Břeclav	OKBOTA		JN88KR	0	0	1		503
R	WWBOTA	B/OK-4682		2024-10-01		5/161/? Břeclav	OKBOTA		JN88KR	0	0	1		503
R	WWBOTA	B/OK-4683		2024-10-01		5/163/1 Břeclav	OKBOTA		JN88KR	0	0	1		503
R	WWBOTA	B/OK-4684		2024-10-01		5/164/1 Břeclav	OKBOTA		JN88KR	0	0	1		503
R	WWBOTA	B/OK-4685		2024-10-01		5/165/1 Břeclav	OKBOTA		JN88JR	0	0	1		503
R	WWBOTA	B/OK-4686		2024-10-01		5/166/1 Břeclav	OKBOTA		JN88KR	0	0	1		503
R	WWBOTA	B/OK-4687		2024-10-01		5/167/1 Břeclav	OKBOTA		JN88KR	0	0	1		503
R	WWBOTA	B/OK-4688		2024-10-01		5/168/1 Břeclav	OKBOTA		JN88KR	0	0	1		503
R	WWBOTA	B/OK-4689		2024-10-01		5/169/1 Břeclav	OKBOTA		JN88KR	0	0	1		503
R	WWBOTA	B/OK-4690		2024-10-01		5/170/1 Břeclav	OKBOTA		JN88KR	0	0	1		503
R	WWBOTA	B/OK-4691		2024-10-01		5/171/1 Břeclav	OKBOTA		JN88KR	0	0	1		503
R	WWBOTA	B/OK-4692		2024-10-01		5/172/1 Břeclav	OKBOTA		JN88KR	0	0	1		503
R	WWBOTA	B/OK-4693		2024-10-01		5/174/1 Břeclav	OKBOTA		JN88LQ	0	0	1		503
R	WWBOTA	B/OK-4694		2024-10-01		5/175/1 Břeclav	OKBOTA		JN88LQ	0	0	1		503
R	WWBOTA	B/OK-4695		2024-10-01		5/176/2 Břeclav	OKBOTA		JN88LQ	0	0	1		503
R	WWBOTA	B/OK-4696		2024-10-01		5/177/1 Břeclav	OKBOTA		JN88LQ	0	0	1		503
R	WWBOTA	B/OK-4697		2024-10-01		5/178/1 Břeclav	OKBOTA		JN88LQ	0	0	1		503
R	WWBOTA	B/OK-4698		2024-10-01		I.a/1/B - Bartošovice [v Orlických horách]	OKBOTA		JO80HD	0	0	1		503
R	WWBOTA	B/OK-4699		2024-10-01		I.a/10/A - Bartošovice [v Orlických horách]	OKBOTA		JO80GD	0	0	1		503
R	WWBOTA	B/OK-4700		2024-10-01		I.a/11/B - Bartošovice [v Orlických horách]	OKBOTA		JO80GE	0	0	1		503
R	WWBOTA	B/OK-4701		2024-10-01		I.a/12a/A - Bartošovice [v Orlických horách]	OKBOTA		JO80GE	0	0	1		503
R	WWBOTA	B/OK-4702		2024-10-01		I.a/13a/B - Bartošovice [v Orlických horách]	OKBOTA		JO80GE	0	0	1		503
R	WWBOTA	B/OK-4703		2024-10-01		I.a/14/B - Bartošovice [v Orlických horách]	OKBOTA		JO80GE	0	0	1		503
R	WWBOTA	B/OK-4704		2024-10-01		I.a/14a/A - Bartošovice [v Orlických horách]	OKBOTA		JO80GE	0	0	1		503
R	WWBOTA	B/OK-4705		2024-10-01		I.a/15/B - Bartošovice [v Orlických horách]	OKBOTA		JO80GE	0	0	1		503
R	WWBOTA	B/OK-4706		2024-10-01		I.a/15a/A - Bartošovice [v Orlických horách]	OKBOTA		JO80GE	0	0	1		503
R	WWBOTA	B/OK-4707		2024-10-01		I.a/16/A - Bartošovice [v Orlických horách]	OKBOTA		JO80GE	0	0	1		503
R	WWBOTA	B/OK-4708		2024-10-01		I.a/2/B - Bartošovice [v Orlických horách]	OKBOTA		JO80HD	0	0	1		503
R	WWBOTA	B/OK-4709		2024-10-01		I.a/3/C - Bartošovice [v Orlických horách]	OKBOTA		JO80HD	0	0	1		503
R	WWBOTA	B/OK-4710		2024-10-01		I.a/3a/A - Bartošovice [v Orlických horách]	OKBOTA		JO80HD	0	0	1		503
R	WWBOTA	B/OK-4711		2024-10-01		I.a/4/A - Bartošovice [v Orlických horách]	OKBOTA		JO80GD	0	0	1		503
R	WWBOTA	B/OK-4712		2024-10-01		I.a/5/B - Bartošovice [v Orlických horách]	OKBOTA		JO80GD	0	0	1		503
R	WWBOTA	B/OK-4713		2024-10-01		I.a/7/A - Bartošovice [v Orlických horách]	OKBOTA		JO80GD	0	0	1		503
R	WWBOTA	B/OK-4714		2024-10-01		I.a/7a/B - Bartošovice [v Orlických horách]	OKBOTA		JO80GD	0	0	1		503
R	WWBOTA	B/OK-4715		2024-10-01		I.a/8/B - Bartošovice [v Orlických horách]	OKBOTA		JO80GD	0	0	1		503
R	WWBOTA	B/OK-4716		2024-10-01		I.a/9/B Bartošovice [v Orlických horách]	OKBOTA		JO80GD	0	0	1		503
R	WWBOTA	B/OK-4717		2024-10-01		I.b/17/A Neratov	OKBOTA		JO80GE	0	0	1		503
R	WWBOTA	B/OK-4718		2024-10-01		I.b/18/B Neratov	OKBOTA		JO80GE	0	0	1		503
R	WWBOTA	B/OK-4719		2024-10-01		I.b/19/A Neratov	OKBOTA		JO80GE	0	0	1		503
R	WWBOTA	B/OK-4720		2024-10-01		I.b/20/A Neratov	OKBOTA		JO80GF	0	0	1		503
R	WWBOTA	B/OK-4721		2024-10-01		I.b/21/B Neratov	OKBOTA		JO80GF	0	0	1		503
R	WWBOTA	B/OK-4722		2024-10-01		I.b/22/A Neratov	OKBOTA		JO80GF	0	0	1		503
R	WWBOTA	B/OK-4723		2024-10-01		I.b/23/A Neratov	OKBOTA		JO80GF	0	0	1		503
R	WWBOTA	B/OK-4724		2024-10-01		I.b/24/A Neratov	OKBOTA		JO80GF	0	0	1		503
R	WWBOTA	B/OK-4725		2024-10-01		I.b/26/B Neratov	OKBOTA		JO80FF	0	0	1		503
R	WWBOTA	B/OK-4726		2024-10-01		I.b/27/B Neratov	OKBOTA		JO80FF	0	0	1		503
R	WWBOTA	B/OK-4727		2024-10-01		I.b/28/A Neratov	OKBOTA		JO80FG	0	0	1		503
R	WWBOTA	B/OK-4728		2024-10-01		I.b/29/B Neratov	OKBOTA		JO80FG	0	0	1		503
R	WWBOTA	B/OK-4729		2024-10-01		I.b/30/B Neratov	OKBOTA		JO80FG	0	0	1		503
R	WWBOTA	B/OK-4730		2024-10-01		I.b/31/B Neratov	OKBOTA		JO80FH	0	0	1		503
R	WWBOTA	B/OK-4731		2024-10-01		I.b/32/B - Neratov	OKBOTA		JO80FH	0	0	1		503
R	WWBOTA	B/OK-4732		2024-10-01		I.c/33/A Velká Deštná	OKBOTA		JO80EH	0	0	1		503
R	WWBOTA	B/OK-4733		2024-10-01		I.c/34/A Velká Deštná	OKBOTA		JO80EH	0	0	1		503
R	WWBOTA	B/OK-4734		2024-10-01		I.d/35/B Náchod	OKBOTA		JO80DI	0	0	1		503
R	WWBOTA	B/OK-4735		2024-10-01		I.d/36/B Náchod	OKBOTA		JO80DI	0	0	1		503
R	WWBOTA	B/OK-4736		2024-10-01		I.d/36a/B - Náchod	OKBOTA		JO80DI	0	0	1		503
R	WWBOTA	B/OK-4737		2024-10-01		I.d/37/A Náchod	OKBOTA		JO80DI	0	0	1		503
R	WWBOTA	B/OK-4738		2024-10-01		I.d/38/B Náchod	OKBOTA		JO80DI	0	0	1		503
R	WWBOTA	B/OK-4739		2024-10-01		I.d/39/C Náchod	OKBOTA		JO80DI	0	0	1		503
R	WWBOTA	B/OK-4740		2024-10-01		I.d/53/A Náchod	OKBOTA		JO80CK	0	0	1		503
R	WWBOTA	B/OK-4741		2024-10-01		II.b/101/B - Adršpach	OKBOTA		JO70XO	0	0	1		503
R	WWBOTA	B/OK-4742		2024-10-01		II.b/101a/B - Adršpach	OKBOTA		JO70XO	0	0	1		503
R	WWBOTA	B/OK-4743		2024-10-01		II.b/102/B - Adršpach	OKBOTA		JO80AO	0	0	1		503
R	WWBOTA	B/OK-4744		2024-10-01		II.b/103/A - Adršpach	OKBOTA		JO80AO	0	0	1		503
R	WWBOTA	B/OK-4745		2024-10-01		II.b/103a/A - Adršpach	OKBOTA		JO80AO	0	0	1		503
R	WWBOTA	B/OK-4746		2024-10-01		II.b/104/B - Adršpach	OKBOTA		JO80AO	0	0	1		503
R	WWBOTA	B/OK-4747		2024-10-01		II.b/105/B - Adršpach	OKBOTA		JO80AO	0	0	1		503
R	WWBOTA	B/OK-4748		2024-10-01		II.b/106/B - Adršpach	OKBOTA		JO80AO	0	0	1		503
R	WWBOTA	B/OK-4749		2024-10-01		II.b/106a/B - Adršpach	OKBOTA		JO80AO	0	0	1		503
R	WWBOTA	B/OK-4750		2024-10-01		II.b/107/A - Adršpach	OKBOTA		JO80AO	0	0	1		503
R	WWBOTA	B/OK-4751		2024-10-01		II.b/108/A - Adršpach	OKBOTA		JO80AO	0	0	1		503
R	WWBOTA	B/OK-4752		2024-10-01		II.b/109/B - Adršpach	OKBOTA		JO80AO	0	0	1		503
R	WWBOTA	B/OK-4753		2024-10-01		II.b/110/B - Adršpach	OKBOTA		JO80AO	0	0	1		503
R	WWBOTA	B/OK-4754		2024-10-01		II.b/111/A Adršpach	OKBOTA		JO80BO	0	0	1		503
R	WWBOTA	B/OK-4755		2024-10-01		II.b/112/A Adršpach	OKBOTA		JO80BO	0	0	1		503
R	WWBOTA	B/OK-4756		2024-10-01		II.b/113/C Adršpach	OKBOTA		JO80BO	0	0	1		503
R	WWBOTA	B/OK-4757		2024-10-01		II.b/114/A Adršpach	OKBOTA		JO80BO	0	0	1		503
R	WWBOTA	B/OK-4758		2024-10-01		II.b/115/A Adršpach	OKBOTA		JO80CO	0	0	1		503
R	WWBOTA	B/OK-4759		2024-10-01		II.b/116/B Adršpach	OKBOTA		JO80CO	0	0	1		503
R	WWBOTA	B/OK-4760		2024-10-01		II.b/117/B Adršpach	OKBOTA		JO80CO	0	0	1		503
R	WWBOTA	B/OK-4761		2024-10-01		II.b/118/C Adršpach	OKBOTA		JO80CO	0	0	1		503
R	WWBOTA	B/OK-4762		2024-10-01		II.b/119/B Adršpach	OKBOTA		JO80CO	0	0	1		503
R	WWBOTA	B/OK-4763		2024-10-01		II.b/120/A Adršpach	OKBOTA		JO80CO	0	0	1		503
R	WWBOTA	B/OK-4764		2024-10-01		II.b/121/B Adršpach	OKBOTA		JO80CO	0	0	1		503
R	WWBOTA	B/OK-4765		2024-10-01		II.b/122/A Adršpach	OKBOTA		JO80DO	0	0	1		503
R	WWBOTA	B/OK-4766		2024-10-01		II.b/123/A Adršpach	OKBOTA		JO80DO	0	0	1		503
R	WWBOTA	B/OK-4767		2024-10-01		III/151/B - Trutnov	OKBOTA		JO70XO	0	0	1		503
R	WWBOTA	B/OK-4768		2024-10-01		III/152/C - Trutnov	OKBOTA		JO70XO	0	0	1		503
R	WWBOTA	B/OK-4769		2024-10-01		III/153/B - Trutnov	OKBOTA		JO70XO	0	0	1		503
R	WWBOTA	B/OK-4770		2024-10-01		III/154/B - Trutnov	OKBOTA		JO70XO	0	0	1		503
R	WWBOTA	B/OK-4771		2024-10-01		III/154a/B - Trutnov	OKBOTA		JO70XO	0	0	1		503
R	WWBOTA	B/OK-4772		2024-10-01		III/155/B - Trutnov	OKBOTA		JO70XO	0	0	1		503
R	WWBOTA	B/OK-4773		2024-10-01		III/155a/B - Trutnov	OKBOTA		JO70XO	0	0	1		503
R	WWBOTA	B/OK-4774		2024-10-01		III/155b/B - Trutnov	OKBOTA		JO70XO	0	0	1		503
R	WWBOTA	B/OK-4775		2024-10-01		III/156/A - Trutnov	OKBOTA		JO70XP	0	0	1		503
R	WWBOTA	B/OK-4776		2024-10-01		III/156a/B - Trutnov	OKBOTA		JO70XP	0	0	1		503
R	WWBOTA	B/OK-4777		2024-10-01		III/157/A - Trutnov	OKBOTA		JO70XP	0	0	1		503
R	WWBOTA	B/OK-4778		2024-10-01		III/157a/B - Trutnov	OKBOTA		JO70XP	0	0	1		503
R	WWBOTA	B/OK-4779		2024-10-01		III/158/A - Trutnov	OKBOTA		JO70XP	0	0	1		503
R	WWBOTA	B/OK-4780		2024-10-01		III/158a/B - Trutnov	OKBOTA		JO70XP	0	0	1		503
R	WWBOTA	B/OK-4781		2024-10-01		III/159/A - Trutnov	OKBOTA		JO70XP	0	0	1		503
R	WWBOTA	B/OK-4782		2024-10-01		III/160/C Trutnov	OKBOTA		JO70XP	0	0	1		503
R	WWBOTA	B/OK-4783		2024-10-01		III/161/A Trutnov	OKBOTA		JO70XP	0	0	1		503
R	WWBOTA	B/OK-4784		2024-10-01		III/161a/B Trutnov	OKBOTA		JO70XP	0	0	1		503
R	WWBOTA	B/OK-4785		2024-10-01		III/161b/B - Trutnov	OKBOTA		JO70XP	0	0	1		503
R	WWBOTA	B/OK-4786		2024-10-01		III/162/A - Trutnov	OKBOTA		JO70XP	0	0	1		503
R	WWBOTA	B/OK-4787		2024-10-01		III/162a/A - Trutnov	OKBOTA		JO70XP	0	0	1		503
R	WWBOTA	B/OK-4788		2024-10-01		III/163/B Trutnov	OKBOTA		JO70XQ	0	0	1		503
R	WWBOTA	B/OK-4789		2024-10-01		III/163a/C Trutnov	OKBOTA		JO70WQ	0	0	1		503
R	WWBOTA	B/OK-4790		2024-10-01		III/164/B Trutnov	OKBOTA		JO70WP	0	0	1		503
R	WWBOTA	B/OK-4791		2024-10-01		III/165/B Trutnov	OKBOTA		JO70WP	0	0	1		503
R	WWBOTA	B/OK-4792		2024-10-01		III/166/B Trutnov	OKBOTA		JO70WP	0	0	1		503
R	WWBOTA	B/OK-4793		2024-10-01		III/167/A Trutnov	OKBOTA		JO70WQ	0	0	1		503
R	WWBOTA	B/OK-4794		2024-10-01		III/168/A Trutnov	OKBOTA		JO70VQ	0	0	1		503
R	WWBOTA	B/OK-4795		2024-10-01		III/169/A Trutnov	OKBOTA		JO70VQ	0	0	1		503
R	WWBOTA	B/OK-4796		2024-10-01		III/170/A Trutnov	OKBOTA		JO70VQ	0	0	1		503
R	WWBOTA	B/OK-4797		2024-10-01		IV.a/301/C Jindřichův Hradec - východ	OKBOTA		JN79MA	0	0	1		503
R	WWBOTA	B/OK-4798		2024-10-01		IV.a/303/B Jindřichův Hradec - východ	OKBOTA		JN79MA	0	0	1		503
R	WWBOTA	B/OK-4799		2024-10-01		IV.a/304/C Jindřichův Hradec - východ	OKBOTA		JN79MA	0	0	1		503
R	WWBOTA	B/OK-4800		2024-10-01		IV.a/305/C - Jindřichův Hradec - východ	OKBOTA		JN79NA	0	0	1		503
R	WWBOTA	B/OK-4801		2024-10-01		IV.a/306/B Jindřichův Hradec - východ	OKBOTA		JN79NA	0	0	1		503
R	WWBOTA	B/OK-4802		2024-10-01		IV.a/310/C Jindřichův Hradec - východ	OKBOTA		JN79NA	0	0	1		503
R	WWBOTA	B/OK-4803		2024-10-01		IV.a/311/B - Jindřichův Hradec - východ	OKBOTA		JN79NA	0	0	1		503
R	WWBOTA	B/OK-4804		2024-10-01		IV.a/312/A Jindřichův Hradec - východ	OKBOTA		JN79NA	0	0	1		503
R	WWBOTA	B/OK-4805		2024-10-01		IV.a/313/B - Jindřichův Hradec - východ	OKBOTA		JN79OA	0	0	1		503
R	WWBOTA	B/OK-4806		2024-10-01		IV.a/314/B - Jindřichův Hradec - východ	OKBOTA		JN79OA	0	0	1		503
R	WWBOTA	B/OK-4807		2024-10-01		IV.a/315/C - Jindřichův Hradec - východ	OKBOTA		JN79OA	0	0	1		503
R	WWBOTA	B/OK-4808		2024-10-01		IV.a/316/E - Jindřichův Hradec - východ	OKBOTA		JN79OA	0	0	1		503
R	WWBOTA	B/OK-4809		2024-10-01		IV.a/317/B - Jindřichův Hradec - východ	OKBOTA		JN79OA	0	0	1		503
R	WWBOTA	B/OK-4810		2024-10-01		IV.a/318/C - Jindřichův Hradec - východ	OKBOTA		JN79OA	0	0	1		503
R	WWBOTA	B/OK-4811		2024-10-01		IV.a/319/B - Jindřichův Hradec - východ	OKBOTA		JN79OA	0	0	1		503
R	WWBOTA	B/OK-4812		2024-10-01		IV.a/320/B - Jindřichův Hradec - východ	OKBOTA		JN79OA	0	0	1		503
R	WWBOTA	B/OK-4813		2024-10-01		IV.a/321/C - Jindřichův Hradec - východ	OKBOTA		JN79PA	0	0	1		503
R	WWBOTA	B/OK-4814		2024-10-01		IX.b/43/A Kladno - sever	OKBOTA		JO70BF	0	0	1		503
R	WWBOTA	B/OK-4815		2024-10-01		V.a/1/A Kadaň	OKBOTA		JO60OI	0	0	1		503
R	WWBOTA	B/OK-4816		2024-10-01		V.a/10/C Kadaň	OKBOTA		JO60OI	0	0	1		503
R	WWBOTA	B/OK-4817		2024-10-01		V.a/11/C Kadaň	OKBOTA		JO60NI	0	0	1		503
R	WWBOTA	B/OK-4818		2024-10-01		V.a/12/B Kadaň	OKBOTA		JO60NI	0	0	1		503
R	WWBOTA	B/OK-4819		2024-10-01		V.a/13/B Kadaň	OKBOTA		JO60NI	0	0	1		503
R	WWBOTA	B/OK-4820		2024-10-01		V.a/14/C Kadaň	OKBOTA		JO60NI	0	0	1		503
R	WWBOTA	B/OK-4821		2024-10-01		V.a/15/B Kadaň	OKBOTA		JO60NI	0	0	1		503
R	WWBOTA	B/OK-4822		2024-10-01		V.a/16/B Kadaň	OKBOTA		JO60NI	0	0	1		503
R	WWBOTA	B/OK-4823		2024-10-01		V.a/17/C Kadaň	OKBOTA		JO60OI	0	0	1		503
R	WWBOTA	B/OK-4824		2024-10-01		V.a/18/B Kadaň	OKBOTA		JO60OJ	0	0	1		503
R	WWBOTA	B/OK-4825		2024-10-01		V.a/19/B Kadaň	OKBOTA		JO60OJ	0	0	1		503
R	WWBOTA	B/OK-4826		2024-10-01		V.a/20/A Kadaň	OKBOTA		JO60OJ	0	0	1		503
R	WWBOTA	B/OK-4827		2024-10-01		V.a/21/A Kadaň	OKBOTA		JO60OJ	0	0	1		503
R	WWBOTA	B/OK-4828		2024-10-01		V.a/22/C Kadaň	OKBOTA		JO60OJ	0	0	1		503
R	WWBOTA	B/OK-4829		2024-10-01		V.a/23/B Kadaň	OKBOTA		JO60OJ	0	0	1		503
R	WWBOTA	B/OK-4830		2024-10-01		V.a/24/B Kadaň	OKBOTA		JO60OJ	0	0	1		503
R	WWBOTA	B/OK-4831		2024-10-01		V.a/25/B Kadaň	OKBOTA		JO60OJ	0	0	1		503
R	WWBOTA	B/OK-4832		2024-10-01		V.a/26/A Kadaň	OKBOTA		JO60OJ	0	0	1		503
R	WWBOTA	B/OK-4833		2024-10-01		V.a/27/A Kadaň	OKBOTA		JO60OJ	0	0	1		503
R	WWBOTA	B/OK-4834		2024-10-01		V.a/29/B Kadaň	OKBOTA		JO60OJ	0	0	1		503
R	WWBOTA	B/OK-4835		2024-10-01		V.a/3/B Kadaň	OKBOTA		JO60OI	0	0	1		503
R	WWBOTA	B/OK-4836		2024-10-01		V.a/31/B Kadaň	OKBOTA		JO60OJ	0	0	1		503
R	WWBOTA	B/OK-4837		2024-10-01		V.a/32/B Kadaň	OKBOTA		JO60OJ	0	0	1		503
R	WWBOTA	B/OK-4838		2024-10-01		V.a/33/A Kadaň	OKBOTA		JO60OJ	0	0	1		503
R	WWBOTA	B/OK-4839		2024-10-01		V.a/34/B Kadaň	OKBOTA		JO60OJ	0	0	1		503
R	WWBOTA	B/OK-4840		2024-10-01		V.a/35/B Kadaň	OKBOTA		JO60OJ	0	0	1		503
R	WWBOTA	B/OK-4841		2024-10-01		V.a/37/A Kadaň	OKBOTA		JO60PJ	0	0	1		503
R	WWBOTA	B/OK-4842		2024-10-01		V.a/38/B Kadaň	OKBOTA		JO60PJ	0	0	1		503
R	WWBOTA	B/OK-4843		2024-10-01		V.a/39/B Kadaň	OKBOTA		JO60PJ	0	0	1		503
R	WWBOTA	B/OK-4844		2024-10-01		V.a/4/C Kadaň	OKBOTA		JO60NI	0	0	1		503
R	WWBOTA	B/OK-4845		2024-10-01		V.a/40/B Kadaň	OKBOTA		JO60PJ	0	0	1		503
R	WWBOTA	B/OK-4846		2024-10-01		V.a/41/B Kadaň	OKBOTA		JO60PJ	0	0	1		503
R	WWBOTA	B/OK-4847		2024-10-01		V.a/42/B Kadaň	OKBOTA		JO60PJ	0	0	1		503
R	WWBOTA	B/OK-4848		2024-10-01		V.a/6/B Kadaň	OKBOTA		JO60NI	0	0	1		503
R	WWBOTA	B/OK-4849		2024-10-01		V.a/7/B Kadaň	OKBOTA		JO60NI	0	0	1		503
R	WWBOTA	B/OK-4850		2024-10-01		V.a/8/B Kadaň	OKBOTA		JO60NI	0	0	1		503
R	WWBOTA	B/OK-4851		2024-10-01		V.b/100/B Chomutov	OKBOTA		JO60RL	0	0	1		503
R	WWBOTA	B/OK-4852		2024-10-01		V.b/102/C Chomutov	OKBOTA		JO60RL	0	0	1		503
R	WWBOTA	B/OK-4853		2024-10-01		V.b/103/B Chomutov	OKBOTA		JO60RL	0	0	1		503
R	WWBOTA	B/OK-4854		2024-10-01		V.b/105/C Chomutov	OKBOTA		JO60RL	0	0	1		503
R	WWBOTA	B/OK-4855		2024-10-01		V.b/106/C Chomutov	OKBOTA		JO60RL	0	0	1		503
R	WWBOTA	B/OK-4856		2024-10-01		V.b/58/C Chomutov	OKBOTA		JO60QK	0	0	1		503
R	WWBOTA	B/OK-4857		2024-10-01		V.b/59/C Chomutov	OKBOTA		JO60QK	0	0	1		503
R	WWBOTA	B/OK-4858		2024-10-01		V.b/60/B Chomutov	OKBOTA		JO60QK	0	0	1		503
R	WWBOTA	B/OK-4859		2024-10-01		V.b/62/C Chomutov	OKBOTA		JO60QK	0	0	1		503
R	WWBOTA	B/OK-4860		2024-10-01		V.b/63/C Chomutov	OKBOTA		JO60QK	0	0	1		503
R	WWBOTA	B/OK-4861		2024-10-01		V.b/64/C Chomutov	OKBOTA		JO60QK	0	0	1		503
R	WWBOTA	B/OK-4862		2024-10-01		V.b/65/C Chomutov	OKBOTA		JO60QL	0	0	1		503
R	WWBOTA	B/OK-4863		2024-10-01		V.b/68/B Chomutov	OKBOTA		JO60QL	0	0	1		503
R	WWBOTA	B/OK-4864		2024-10-01		V.b/69/B Chomutov	OKBOTA		JO60QL	0	0	1		503
R	WWBOTA	B/OK-4865		2024-10-01		V.b/70/B Chomutov	OKBOTA		JO60QL	0	0	1		503
R	WWBOTA	B/OK-4866		2024-10-01		V.b/71a/B Chomutov	OKBOTA		JO60QL	0	0	1		503
R	WWBOTA	B/OK-4867		2024-10-01		V.b/73/B Chomutov	OKBOTA		JO60QL	0	0	1		503
R	WWBOTA	B/OK-4868		2024-10-01		V.b/73a/B Chomutov	OKBOTA		JO60QL	0	0	1		503
R	WWBOTA	B/OK-4869		2024-10-01		V.b/74/B Chomutov	OKBOTA		JO60QL	0	0	1		503
R	WWBOTA	B/OK-4870		2024-10-01		V.b/77/B Chomutov	OKBOTA		JO60QL	0	0	1		503
R	WWBOTA	B/OK-4871		2024-10-01		V.b/78/B Chomutov	OKBOTA		JO60QL	0	0	1		503
R	WWBOTA	B/OK-4872		2024-10-01		V.b/79/C Chomutov	OKBOTA		JO60QL	0	0	1		503
R	WWBOTA	B/OK-4873		2024-10-01		V.b/80/C Chomutov	OKBOTA		JO60QL	0	0	1		503
R	WWBOTA	B/OK-4874		2024-10-01		V.b/81/B Chomutov	OKBOTA		JO60QL	0	0	1		503
R	WWBOTA	B/OK-4875		2024-10-01		V.b/82/A Chomutov	OKBOTA		JO60QL	0	0	1		503
R	WWBOTA	B/OK-4876		2024-10-01		V.b/83/B Chomutov	OKBOTA		JO60QL	0	0	1		503
R	WWBOTA	B/OK-4877		2024-10-01		V.b/84/B Chomutov	OKBOTA		JO60QL	0	0	1		503
R	WWBOTA	B/OK-4878		2024-10-01		V.b/85/C Chomutov	OKBOTA		JO60QL	0	0	1		503
R	WWBOTA	B/OK-4879		2024-10-01		V.b/86/A Chomutov	OKBOTA		JO60QL	0	0	1		503
R	WWBOTA	B/OK-4880		2024-10-01		V.b/87/C Chomutov	OKBOTA		JO60QL	0	0	1		503
R	WWBOTA	B/OK-4881		2024-10-01		V.b/88/B Chomutov	OKBOTA		JO60QL	0	0	1		503
R	WWBOTA	B/OK-4882		2024-10-01		V.b/89/C Chomutov	OKBOTA		JO60QL	0	0	1		503
R	WWBOTA	B/OK-4883		2024-10-01		V.b/90/A Chomutov	OKBOTA		JO60QL	0	0	1		503
R	WWBOTA	B/OK-4884		2024-10-01		V.b/91/B Chomutov	OKBOTA		JO60QL	0	0	1		503
R	WWBOTA	B/OK-4885		2024-10-01		V.b/92/A Chomutov	OKBOTA		JO60QL	0	0	1		503
R	WWBOTA	B/OK-4886		2024-10-01		V.b/93/B Chomutov	OKBOTA		JO60QL	0	0	1		503
R	WWBOTA	B/OK-4887		2024-10-01		V.b/94/C Chomutov	OKBOTA		JO60QL	0	0	1		503
R	WWBOTA	B/OK-4888		2024-10-01		V.b/95/B Chomutov	OKBOTA		JO60QL	0	0	1		503
R	WWBOTA	B/OK-4889		2024-10-01		V.b/96/B Chomutov	OKBOTA		JO60QL	0	0	1		503
R	WWBOTA	B/OK-4890		2024-10-01		V.b/97/A Chomutov	OKBOTA		JO60QL	0	0	1		503
R	WWBOTA	B/OK-4891		2024-10-01		V.b/98/C Chomutov	OKBOTA		JO60RL	0	0	1		503
R	WWBOTA	B/OK-4892		2024-10-01		V.b/99/B Chomutov	OKBOTA		JO60RL	0	0	1		503
R	WWBOTA	B/OK-4893		2024-10-01		VI./107/C Most	OKBOTA		JO60RL	0	0	1		503
R	WWBOTA	B/OK-4894		2024-10-01		VI./108/B Most	OKBOTA		JO60RL	0	0	1		503
R	WWBOTA	B/OK-4895		2024-10-01		VI./109/C Most	OKBOTA		JO60RL	0	0	1		503
R	WWBOTA	B/OK-4896		2024-10-01		VI./110/B Most	OKBOTA		JO60RL	0	0	1		503
R	WWBOTA	B/OK-4897		2024-10-01		VI./115a/A Most	OKBOTA		JO60WG	0	0	1		503
R	WWBOTA	B/OK-4898		2024-10-01		VI./118/C Most	OKBOTA		JO60SM	0	0	1		503
R	WWBOTA	B/OK-4899		2024-10-01		VI./128/B Most	OKBOTA		JO60TN	0	0	1		503
R	WWBOTA	B/OK-4900		2024-10-01		VI./131/C Most	OKBOTA		JO60TN	0	0	1		503
R	WWBOTA	B/OK-4901		2024-10-01		VI./136/B Most	OKBOTA		JO60UN	0	0	1		503
R	WWBOTA	B/OK-4902		2024-10-01		VI./137/B Most	OKBOTA		JO60UN	0	0	1		503
R	WWBOTA	B/OK-4903		2024-10-01		VI./142/B Most	OKBOTA		JO60UN	0	0	1		503
R	WWBOTA	B/OK-4904		2024-10-01		VI./143/B Most	OKBOTA		JO60UN	0	0	1		503
R	WWBOTA	B/OK-4905		2024-10-01		VI./144/B Most	OKBOTA		JO60UN	0	0	1		503
R	WWBOTA	B/OK-4906		2024-10-01		VI./146/C Most	OKBOTA		JO60VN	0	0	1		503
R	WWBOTA	B/OK-4907		2024-10-01		VI./147/B Most	OKBOTA		JO60VN	0	0	1		503
R	WWBOTA	B/OK-4908		2024-10-01		VII.a/1/B Stříbro - jih	OKBOTA		JN69NT	0	0	1		503
R	WWBOTA	B/OK-4909		2024-10-01		VII.a/10/B Stříbro - jih	OKBOTA		JN69MS	0	0	1		503
R	WWBOTA	B/OK-4910		2024-10-01		VII.a/11/B Stříbro - jih	OKBOTA		JN69MS	0	0	1		503
R	WWBOTA	B/OK-4911		2024-10-01		VII.a/12/B Stříbro - jih	OKBOTA		JN69MS	0	0	1		503
R	WWBOTA	B/OK-4912		2024-10-01		VII.a/13/C - Stříbro - jih	OKBOTA		JN69MR	0	0	1		503
R	WWBOTA	B/OK-4913		2024-10-01		VII.a/13a/C Stříbro - jih	OKBOTA		JN69MR	0	0	1		503
R	WWBOTA	B/OK-4914		2024-10-01		VII.a/14/C Stříbro - jih	OKBOTA		JN69MS	0	0	1		503
R	WWBOTA	B/OK-4915		2024-10-01		VII.a/14a/C Stříbro - jih	OKBOTA		JN69MR	0	0	1		503
R	WWBOTA	B/OK-4916		2024-10-01		VII.a/15/B Stříbro - jih	OKBOTA		JN69MR	0	0	1		503
R	WWBOTA	B/OK-4917		2024-10-01		VII.a/16/A - Stříbro - jih	OKBOTA		JN69MR	0	0	1		503
R	WWBOTA	B/OK-4918		2024-10-01		VII.a/17/B - Stříbro - jih	OKBOTA		JN69MR	0	0	1		503
R	WWBOTA	B/OK-4919		2024-10-01		VII.a/18/B - Stříbro - jih	OKBOTA		JN69LR	0	0	1		503
R	WWBOTA	B/OK-4920		2024-10-01		VII.a/19/B - Stříbro - jih	OKBOTA		JN69LR	0	0	1		503
R	WWBOTA	B/OK-4921		2024-10-01		VII.a/2/A Stříbro - jih	OKBOTA		JN69NT	0	0	1		503
R	WWBOTA	B/OK-4922		2024-10-01		VII.a/20/B - Stříbro - jih	OKBOTA		JN69LR	0	0	1		503
R	WWBOTA	B/OK-4923		2024-10-01		VII.a/21/C Stříbro - jih	OKBOTA		JN69LR	0	0	1		503
R	WWBOTA	B/OK-4924		2024-10-01		VII.a/22/A - Stříbro - jih	OKBOTA		JN69MR	0	0	1		503
R	WWBOTA	B/OK-4925		2024-10-01		VII.a/23/B Stříbro - jih	OKBOTA		JN69LR	0	0	1		503
R	WWBOTA	B/OK-4926		2024-10-01		VII.a/24/C - Stříbro - jih	OKBOTA		JN69LQ	0	0	1		503
R	WWBOTA	B/OK-4927		2024-10-01		VII.a/25/B - Stříbro - jih	OKBOTA		JN69LQ	0	0	1		503
R	WWBOTA	B/OK-4928		2024-10-01		VII.a/27a/C Stříbro - jih	OKBOTA		JN69LQ	0	0	1		503
R	WWBOTA	B/OK-4929		2024-10-01		VII.a/27/A Stříbro - jih	OKBOTA		JN69LQ	0	0	1		503
R	WWBOTA	B/OK-4930		2024-10-01		VII.a/28/C Stříbro - jih	OKBOTA		JN69LQ	0	0	1		503
R	WWBOTA	B/OK-4931		2024-10-01		VII.a/29/C Stříbro - jih	OKBOTA		JN69LQ	0	0	1		503
R	WWBOTA	B/OK-4932		2024-10-01		VII.a/3/B Stříbro - jih	OKBOTA		JN69NT	0	0	1		503
R	WWBOTA	B/OK-4933		2024-10-01		VII.a/30/C Stříbro - jih	OKBOTA		JN69LQ	0	0	1		503
R	WWBOTA	B/OK-4934		2024-10-01		VII.a/31/C Stříbro - jih	OKBOTA		JN69LQ	0	0	1		503
R	WWBOTA	B/OK-4935		2024-10-01		VII.a/32/C Stříbro - jih	OKBOTA		JN69LQ	0	0	1		503
R	WWBOTA	B/OK-4936		2024-10-01		VII.a/4/A - Stříbro - jih	OKBOTA		JN69MS	0	0	1		503
R	WWBOTA	B/OK-4937		2024-10-01		VII.a/5/A Stříbro - jih	OKBOTA		JN69MS	0	0	1		503
R	WWBOTA	B/OK-4938		2024-10-01		VII.a/6/C Stříbro - jih	OKBOTA		JN69MS	0	0	1		503
R	WWBOTA	B/OK-4939		2024-10-01		VII.a/7/C Stříbro - jih	OKBOTA		JN69MS	0	0	1		503
R	WWBOTA	B/OK-4940		2024-10-01		VII.a/9/C Stříbro - jih	OKBOTA		JN69MS	0	0	1		503
R	WWBOTA	B/OK-4941		2024-10-01		VII.b/100/B Stříbro - sever	OKBOTA		JN69NT	0	0	1		503
R	WWBOTA	B/OK-4942		2024-10-01		VII.b/102/C Stříbro - sever	OKBOTA		JN69NT	0	0	1		503
R	WWBOTA	B/OK-4943		2024-10-01		VII.b/103/A Stříbro - sever	OKBOTA		JN69MT	0	0	1		503
R	WWBOTA	B/OK-4944		2024-10-01		VII.b/104/C Stříbro - sever	OKBOTA		JN69MT	0	0	1		503
R	WWBOTA	B/OK-4945		2024-10-01		VII.b/104a/A Stříbro - sever	OKBOTA		JN69MT	0	0	1		503
R	WWBOTA	B/OK-4946		2024-10-01		VII.b/105/C Stříbro - sever	OKBOTA		JN69MT	0	0	1		503
R	WWBOTA	B/OK-4947		2024-10-01		VII.b/106/A Stříbro - sever	OKBOTA		JN69MU	0	0	1		503
R	WWBOTA	B/OK-4948		2024-10-01		VII.b/107/C Stříbro - sever	OKBOTA		JN69MU	0	0	1		503
R	WWBOTA	B/OK-4949		2024-10-01		VII.b/108/C Stříbro - sever	OKBOTA		JN69MU	0	0	1		503
R	WWBOTA	B/OK-4950		2024-10-01		VII.b/109/B Stříbro - sever	OKBOTA		JN69MU	0	0	1		503
R	WWBOTA	B/OK-4951		2024-10-01		VII.b/110/B Stříbro - sever	OKBOTA		JN69MU	0	0	1		503
R	WWBOTA	B/OK-4952		2024-10-01		VII.b/111/B Stříbro - sever	OKBOTA		JN69MU	0	0	1		503
R	WWBOTA	B/OK-4953		2024-10-01		VII.b/112/B Stříbro - sever	OKBOTA		JN69MU	0	0	1		503
R	WWBOTA	B/OK-4954		2024-10-01		VII.b/112a/B Stříbro - sever	OKBOTA		JN69MU	0	0	1		503
R	WWBOTA	B/OK-4955		2024-10-01		VII.b/112b/C Stříbro - sever	OKBOTA		JN69MV	0	0	1		503
R	WWBOTA	B/OK-4956		2024-10-01		VII.b/113/C Stříbro - sever	OKBOTA		JN69MV	0	0	1		503
R	WWBOTA	B/OK-4957		2024-10-01		VII.b/113a/A Stříbro - sever	OKBOTA		JN69MV	0	0	1		503
R	WWBOTA	B/OK-4958		2024-10-01		VII.b/114/C Stříbro - sever	OKBOTA		JN69MV	0	0	1		503
R	WWBOTA	B/OK-4959		2024-10-01		VII.b/114a/C Stříbro - sever	OKBOTA		JN69MV	0	0	1		503
R	WWBOTA	B/OK-4960		2024-10-01		VII.b/131/C Stříbro - sever	OKBOTA		JN69MU	0	0	1		503
R	WWBOTA	B/OK-4961		2024-10-01		VII.b/132/C Stříbro - sever	OKBOTA		JN69MV	0	0	1		503
R	WWBOTA	B/OK-4962		2024-10-01		VII.b/133/B Stříbro - sever	OKBOTA		JN69MV	0	0	1		503
R	WWBOTA	B/OK-4963		2024-10-01		VIII.a/33/A Staňkov - sever	OKBOTA		JN69LQ	0	0	1		503
R	WWBOTA	B/OK-4964		2024-10-01		VIII.a/34/A Staňkov - sever	OKBOTA		JN69LP	0	0	1		503
R	WWBOTA	B/OK-4965		2024-10-01		VIII.a/35/A Staňkov - sever	OKBOTA		JN69LP	0	0	1		503
R	WWBOTA	B/OK-4966		2024-10-01		VIII.a/36/A Staňkov - sever	OKBOTA		JN69LP	0	0	1		503
R	WWBOTA	B/OK-4967		2024-10-01		VIII.a/37/A Staňkov - sever	OKBOTA		JN69LP	0	0	1		503
R	WWBOTA	B/OK-4968		2024-10-01		VIII.a/38/A Staňkov - sever	OKBOTA		JN69LP	0	0	1		503
R	WWBOTA	B/OK-4969		2024-10-01		VIII.a/39/A Staňkov - sever	OKBOTA		JN69LP	0	0	1		503
R	WWBOTA	B/OK-4970		2024-10-01		VIII.a/40/C Staňkov - sever	OKBOTA		JN69MO	0	0	1		503
R	WWBOTA	B/OK-4971		2024-10-01		VIII.a/41/C Staňkov - sever	OKBOTA		JN69MO	0	0	1		503
R	WWBOTA	B/OK-4972		2024-10-01		VIII.a/44/C Staňkov - sever	OKBOTA		JN69MO	0	0	1		503
R	WWBOTA	B/OK-4973		2024-10-01		VIII.a/48/C Staňkov - sever	OKBOTA		JN69MO	0	0	1		503
R	WWBOTA	B/OK-4974		2024-10-01		X.a/15/C České Budějovice - východ	OKBOTA		JN78HV	0	0	1		503
R	WWBOTA	B/OK-4975		2024-10-01		XI./150/C - Trmice	OKBOTA		JO60VO	0	0	1		503
R	WWBOTA	B/OK-4976		2024-10-01		XI./150a/B - Trmice	OKBOTA		JO60VN	0	0	1		503
R	WWBOTA	B/OK-4977		2024-10-01		XI./151/C - Trmice	OKBOTA		JO60VO	0	0	1		503
R	WWBOTA	B/OK-4978		2024-10-01		XI./152/B - Trmice	OKBOTA		JO60VO	0	0	1		503
R	WWBOTA	B/OK-4979		2024-10-01		XI./153/C - Trmice	OKBOTA		JO60VO	0	0	1		503
R	WWBOTA	B/OK-4980		2024-10-01		XI./154/C - Trmice	OKBOTA		JO60WO	0	0	1		503
R	WWBOTA	B/OK-4981		2024-10-01		XI./155/A - Trmice	OKBOTA		JO60WO	0	0	1		503
R	WWBOTA	B/OK-4982		2024-10-01		XI./156/C - Trmice	OKBOTA		JO60WO	0	0	1		503
R	WWBOTA	B/OK-4983		2024-10-01		XI./157/B - Trmice	OKBOTA		JO60WO	0	0	1		503
R	WWBOTA	B/OK-4984		2024-10-01		XI./158/B - Trmice	OKBOTA		JO60WN	0	0	1		503
R	WWBOTA	B/OK-4985		2024-10-01		XI./159/B - Trmice	OKBOTA		JO60WO	0	0	1		503
R	WWBOTA	B/OK-4986		2024-10-01		XI./160/C - Trmice	OKBOTA		JO60WO	0	0	1		503
R	WWBOTA	B/OK-4987		2024-10-01		XI./161/A - Trmice	OKBOTA		JO60WO	0	0	1		503
R	WWBOTA	B/OK-4988		2024-10-01		XI./162/C - Trmice	OKBOTA		JO60WO	0	0	1		503
R	WWBOTA	B/OK-4989		2024-10-01		XI./163/A - Trmice	OKBOTA		JO60WO	0	0	1		503
R	WWBOTA	B/OK-4990		2024-10-01		XI./164/B - Trmice	OKBOTA		JO60WO	0	0	1		503
R	WWBOTA	B/OK-4991		2024-10-01		XI./165/C - Trmice	OKBOTA		JO60WO	0	0	1		503
R	WWBOTA	B/OK-4992		2024-10-01		XI./166/C - Trmice	OKBOTA		JO60WO	0	0	1		503
R	WWBOTA	B/OK-4993		2024-10-01		XI./166a/C - Trmice	OKBOTA		JO60WO	0	0	1		503
R	WWBOTA	B/OK-4994		2024-10-01		XI./167/B - Trmice	OKBOTA		JO60XO	0	0	1		503
R	WWBOTA	B/OK-4995		2024-10-01		XI./169/B - Trmice	OKBOTA		JO60XO	0	0	1		503
R	WWBOTA	B/OK-4996		2024-10-01		XI./170/B - Trmice	OKBOTA		JO60XO	0	0	1		503
R	WWBOTA	B/OK-4997		2024-10-01		XI./171/C - Trmice	OKBOTA		JO60XO	0	0	1		503
R	WWBOTA	B/OK-4998		2024-10-01		XI./172/B - Trmice	OKBOTA		JO60XO	0	0	1		503
R	WWBOTA	B/OK-4999		2024-10-01		XI./173/C - Trmice	OKBOTA		JO60XO	0	0	1		503
R	WWBOTA	B/OK-5000		2024-10-01		XI./175/B - Trmice	OKBOTA		JO60XO	0	0	1		503
R	WWBOTA	B/OK-5001		2024-10-01		XI./176/B - Trmice	OKBOTA		JO60XO	0	0	1		503
R	WWBOTA	B/OK-5002		2024-10-01		XI./177/B - Trmice	OKBOTA		JO60XO	0	0	1		503
R	WWBOTA	B/OK-5003		2024-10-01		XI./178/A - Trmice	OKBOTA		JO60XO	0	0	1		503
R	WWBOTA	B/OK-5004		2024-10-01		XI./179/A - Trmice	OKBOTA		JO60XO	0	0	1		503
R	WWBOTA	B/OK-5005		2024-10-01		XI./180/A - Trmice	OKBOTA		JO60XO	0	0	1		503
R	WWBOTA	B/OK-5006		2024-10-01		XI./181/C - Trmice	OKBOTA		JO60XP	0	0	1		503
R	WWBOTA	B/OK-5007		2024-10-01		XI./182/B - Trmice	OKBOTA		JO70AP	0	0	1		503
R	WWBOTA	B/OK-5008		2024-10-01		XI./184/C - Trmice	OKBOTA		JO70AP	0	0	1		503
R	WWBOTA	B/OK-5009		2024-10-01		XI./185/B - Trmice	OKBOTA		JO70AP	0	0	1		503
R	WWBOTA	B/OK-5010		2024-10-01		XI./186/C - Trmice	OKBOTA		JO70AP	0	0	1		503
R	WWBOTA	B/OK-5011		2024-10-01		XI./187/B - Trmice	OKBOTA		JO70AP	0	0	1		503
R	WWBOTA	B/OK-5012		2024-10-01		XI./187a/A - Trmice	OKBOTA		JO70AP	0	0	1		503
R	WWBOTA	B/OK-5013		2024-10-01		XI./188/B - Trmice	OKBOTA		JO70AP	0	0	1		503
R	WWBOTA	B/OK-5014		2024-10-01		XI./189/B - Trmice	OKBOTA		JO70AP	0	0	1		503
R	WWBOTA	B/OK-5015		2024-10-01		Kozlov	OKBOTA		JN89SO	0	0	1		503
R	WWBOTA	B/OK-5016		2024-10-01		Kozlov	OKBOTA		JN89SO	0	0	1		503
R	WWBOTA	B/OK-5017		2024-10-01		Kozlov	OKBOTA		JN89SO	0	0	1		503
R	WWBOTA	B/OK-5018		2024-10-01		Kozlov	OKBOTA		JN89SO	0	0	1		503
R	WWBOTA	B/OK-5019		2024-10-01		Kozlov	OKBOTA		JN89SO	0	0	1		503
R	WWBOTA	B/OK-5020		2024-10-01		Kozlov	OKBOTA		JN89SO	0	0	1		503
R	WWBOTA	B/OK-5021		2024-10-01		Mrsklesy	OKBOTA		JN89QO	0	0	1		503
R	WWBOTA	B/OK-5022		2024-10-01		Ruprechtov	OKBOTA		JN89KI	0	0	1		503
R	WWBOTA	B/OK-5023		2024-10-01		Ruprechtov	OKBOTA		JN89JI	0	0	1		503
R	WWBOTA	B/OK-5024		2024-10-01		Ruprechtov	OKBOTA		JN89KI	0	0	1		503
R	WWBOTA	B/OK-5025		2024-10-01		Ruprechtov	OKBOTA		JN89JH	0	0	1		503
R	WWBOTA	B/OK-5026		2024-10-01		Ruprechtov	OKBOTA		JN89KH	0	0	1		503
R	WWBOTA	B/OK-5027		2024-10-01		UZ-6A - Milostovice	OKBOTA		JN89VW	0	0	1		503
R	WWBOTA	B/ON-0001		2024-10-01		OLEN 1	ONBOTA		JO21KD	0	0	1		209
R	WWBOTA	B/ON-0002		2024-10-01		Haasdonk 1	ONBOTA		JO21CD	0	0	1		209
R	WWBOTA	B/ON-0003		2024-10-01		Vrasene 1	ONBOTA		JO21CF	0	0	1		209
R	WWBOTA	B/ON-0004		2024-10-01		Brasschaat  1	ONBOTA		JO21GG	0	0	1		209
R	WWBOTA	B/ON-0005		2024-10-01		EL L09 Manschappenbunker	ONBOTA		JO11XD	0	0	1		209
R	WWBOTA	B/ON-0006		2024-10-01		Letterberg Bunkers	ONBOTA		JO21CF	0	0	1		209
R	WWBOTA	B/ON-0007		2024-10-01		Willebroek	ONBOTA		JO21EB	0	0	1		209
R	WWBOTA	B/ON-0008		2024-10-01		Boezinge British Command	ONBOTA		JO21CF	0	0	1		209
R	WWBOTA	B/ON-0009		2024-10-01		Bunker Bonheiden	ONBOTA		JO21HA	0	0	1		209
R	WWBOTA	B/ON-0010		2024-10-01		Wijgmaal	ONBOTA		JO20IW	0	0	1		209
R	WWBOTA	B/ON-0011		2024-10-01		Rijmenan 1	ONBOTA		JO21HA	0	0	1		209
R	WWBOTA	B/ON-0012		2024-10-01		Peulis 1	ONBOTA		JO21HB	0	0	1		209
R	WWBOTA	B/ON-0013		2024-10-01		Haasdonk 2	ONBOTA		JO21CE	0	0	1		209
R	WWBOTA	B/ON-0014		2024-10-01		Haasdonk 3	ONBOTA		JO21CD	0	0	1		209
R	WWBOTA	B/ON-0015		2024-10-01		Olen 2	ONBOTA		JO21KD	0	0	1		209
R	WWBOTA	B/ON-0016		2024-10-01		Beveren-Waas 2	ONBOTA		JO21CF	0	0	1		209
R	WWBOTA	B/ON-0017		2024-10-01		Steendorp 1	ONBOTA		JO21CD	0	0	1		209
R	WWBOTA	B/ON-0018		2024-10-01		Vrasene 3	ONBOTA		JO21CF	0	0	1		209
R	WWBOTA	B/ON-0019		2024-10-01		Duitse Bunker Veldstraat Menen	ONBOTA		JO10NT	0	0	1		209
R	WWBOTA	B/ON-0020		2024-10-01		Vrasene 4	ONBOTA		JO21CF	0	0	1		209
R	WWBOTA	B/ON-0021		2024-10-01		Haacht 1	ONBOTA		JO20HX	0	0	1		209
R	WWBOTA	B/ON-0022		2024-10-01		Haasdonk 4	ONBOTA		JO21CE	0	0	1		209
R	WWBOTA	B/ON-0023		2024-10-01		Vrasene 5	ONBOTA		JO21CF	0	0	1		209
R	WWBOTA	B/ON-0024		2024-10-01		Putte 1	ONBOTA		JO21EI	0	0	1		209
R	WWBOTA	B/ON-0025		2024-10-01		Lixhe	ONBOTA		JO20US	0	0	1		209
R	WWBOTA	B/ON-0026		2024-10-01		Vrasene 6	ONBOTA		JO21CF	0	0	1		209
R	WWBOTA	B/ON-0027		2024-10-01		Beveren 1	ONBOTA		JO21CE	0	0	1		209
R	WWBOTA	B/ON-0028		2024-10-01		Bunker Mesen	ONBOTA		JO10KS	0	0	1		209
R	WWBOTA	B/ON-0029		2024-10-01		Puurs 1	ONBOTA		JO21DB	0	0	1		209
R	WWBOTA	B/ON-0030		2024-10-01		Vrasene 8	ONBOTA		JO21CF	0	0	1		209
R	WWBOTA	B/ON-0031		2024-10-01		Bocholt	ONBOTA		JO21SE	0	0	1		209
R	WWBOTA	B/ON-0032		2024-10-01		Vrasene 9	ONBOTA		JO21CF	0	0	1		209
R	WWBOTA	B/ON-0033		2024-10-01		Landskouter 1	ONBOTA		JO10VX	0	0	1		209
R	WWBOTA	B/ON-0034		2024-10-01		Vrasene 10	ONBOTA		JO21CF	0	0	1		209
R	WWBOTA	B/ON-0035		2024-10-01		Steendorp 2	ONBOTA		JO21DD	0	0	1		209
R	WWBOTA	B/ON-0036		2024-10-01		Bastogne 1	ONBOTA		JN29UX	0	0	1		209
R	WWBOTA	B/ON-0037		2024-10-01		Vrasene 11	ONBOTA		JO21CF	0	0	1		209
R	WWBOTA	B/ON-0038		2024-10-01		Steendorp 3	ONBOTA		JO21CD	0	0	1		209
R	WWBOTA	B/ON-0039		2024-10-01		Haasdonk 5	ONBOTA		JO21CE	0	0	1		209
R	WWBOTA	B/ON-0040		2024-10-01		Puurs 2	ONBOTA		JO21DB	0	0	1		209
R	WWBOTA	B/ON-0041		2024-10-01		Bunker Ploegsteert	ONBOTA		JO21CF	0	0	1		209
R	WWBOTA	B/ON-0042		2024-10-01		Lommel	ONBOTA		JO21OF	0	0	1		209
R	WWBOTA	B/ON-0043		2024-10-01		Bunker B - Position Avancée Beusdael	ONBOTA		JO20WR	0	0	1		209
R	WWBOTA	B/ON-0044		2024-10-01		Bunker Langemark	ONBOTA		JO21CF	0	0	1		209
R	WWBOTA	B/ON-0045		2024-10-01		Coo	ONBOTA		JO20WJ	0	0	1		209
R	WWBOTA	B/ON-0046		2024-10-01		Bastogne 2	ONBOTA		JO20UA	0	0	1		209
R	WWBOTA	B/ON-0047		2024-10-01		Vrasene 14	ONBOTA		JO21CF	0	0	1		209
R	WWBOTA	B/ON-0048		2024-10-01		Bruly-De-Pesche	ONBOTA		JO20FA	0	0	1		209
R	WWBOTA	B/ON-0049		2024-10-01		Hooge	ONBOTA		JO10LU	0	0	1		209
R	WWBOTA	B/ON-0050		2024-10-01		Groenendijk	ONBOTA		JO11ID	0	0	1		209
R	WWBOTA	B/ON-0051		2024-10-01		Nazareth 1	ONBOTA		JO10TX	0	0	1		209
R	WWBOTA	B/ON-0052		2024-10-01		Astene	ONBOTA		JO10TX	0	0	1		209
R	WWBOTA	B/ON-0053		2024-10-01		Nazareth 2	ONBOTA		JO10TX	0	0	1		209
R	WWBOTA	B/ON-0054		2024-10-01		Baaigem 1	ONBOTA		JO10UW	0	0	1		209
R	WWBOTA	B/ON-0055		2024-10-01		Vrasene 15	ONBOTA		JO21CF	0	0	1		209
R	WWBOTA	B/ON-0056		2024-10-01		Lemberge	ONBOTA		JO10VX	0	0	1		209
R	WWBOTA	B/ON-0057		2024-10-01		Melsen 1	ONBOTA		JO10UW	0	0	1		209
R	WWBOTA	B/ON-0058		2024-10-01		Stene-Dorp	ONBOTA		JO11LE	0	0	1		209
R	WWBOTA	B/ON-0059		2024-10-01		Putte 2	ONBOTA		JO21FI	0	0	1		209
R	WWBOTA	B/ON-0060		2024-10-01		Steendorp 4	ONBOTA		JO21CD	0	0	1		209
R	WWBOTA	B/ON-0061		2024-10-01		Putte 3	ONBOTA		JO21EI	0	0	1		209
R	WWBOTA	B/ON-0062		2024-10-01		Brasschaat 2	ONBOTA		JO21GH	0	0	1		209
R	WWBOTA	B/ON-0063		2024-10-01		Puurs 3	ONBOTA		JO21DB	0	0	1		209
R	WWBOTA	B/ON-0064		2024-10-01		Kapellen 1	ONBOTA		JO21EI	0	0	1		209
R	WWBOTA	B/ON-0065		2024-10-01		Putte 4	ONBOTA		JO21EI	0	0	1		209
R	WWBOTA	B/ON-0066		2024-10-01		Oud-Turnhout	ONBOTA		JO21LH	0	0	1		209
R	WWBOTA	B/ON-0067		2024-10-01		Stabroek 1	ONBOTA		JO21EI	0	0	1		209
R	WWBOTA	B/ON-0068		2024-10-01		Kapellen 2	ONBOTA		JO21FI	0	0	1		209
R	WWBOTA	B/ON-0069		2024-10-01		Peulis 2	ONBOTA		JO21HB	0	0	1		209
R	WWBOTA	B/ON-0070		2024-10-01		Stabroek 2	ONBOTA		JO21EI	0	0	1		209
R	WWBOTA	B/ON-0071		2024-10-01		Vrasene 16	ONBOTA		JO21CF	0	0	1		209
R	WWBOTA	B/ON-0072		2024-10-01		Beveren 2	ONBOTA		JO21CE	0	0	1		209
R	WWBOTA	B/ON-0073		2024-10-01		Haasdonk 6	ONBOTA		JO21CE	0	0	1		209
R	WWBOTA	B/ON-0074		2024-10-01		Rijmenan 2	ONBOTA		JO20HX	0	0	1		209
R	WWBOTA	B/ON-0075		2024-10-01		Putte 5	ONBOTA		JO21EI	0	0	1		209
R	WWBOTA	B/ON-0076		2024-10-01		Sint-Jan	ONBOTA		JO10KU	0	0	1		209
R	WWBOTA	B/ON-0077		2024-10-01		Mol-Rauw 1	ONBOTA		JO21OF	0	0	1		209
R	WWBOTA	B/ON-0078		2024-10-01		Mesen 3	ONBOTA		JO10KS	0	0	1		209
R	WWBOTA	B/ON-0079		2024-10-01		Witgoor	ONBOTA		JO21NF	0	0	1		209
R	WWBOTA	B/ON-0080		2024-10-01		Putte 6	ONBOTA		JO21EI	0	0	1		209
R	WWBOTA	B/ON-0081		2024-10-01		Haasdonk 7	ONBOTA		JO21CE	0	0	1		209
R	WWBOTA	B/ON-0082		2024-10-01		Rijmenan 3	ONBOTA		JO20HX	0	0	1		209
R	WWBOTA	B/ON-0083		2024-10-01		Stabroek 3	ONBOTA		JO21EI	0	0	1		209
R	WWBOTA	B/ON-0084		2024-10-01		Duitse Bunker Wilgenlaan	ONBOTA		JO10NT	0	0	1		209
R	WWBOTA	B/ON-0085		2024-10-01		Olen 3	ONBOTA		JO21KD	0	0	1		209
R	WWBOTA	B/ON-0086		2024-10-01		Beveren 4	ONBOTA		JO21CF	0	0	1		209
R	WWBOTA	B/ON-0087		2024-10-01		Schilde	ONBOTA		JO21HF	0	0	1		209
R	WWBOTA	B/ON-0088		2024-10-01		Voormezele	ONBOTA		JO10KT	0	0	1		209
R	WWBOTA	B/ON-0089		2024-10-01		Ieper	ONBOTA		JO10KT	0	0	1		209
R	WWBOTA	B/ON-0090		2024-10-01		Haasdonk 8	ONBOTA		JO21CE	0	0	1		209
R	WWBOTA	B/ON-0091		2024-10-01		TyneCot Zonnebeke	ONBOTA		JO10LV	0	0	1		209
R	WWBOTA	B/ON-0092		2024-10-01		Kaaskerke	ONBOTA		JO11KB	0	0	1		209
R	WWBOTA	B/ON-0093		2024-10-01		Bierges	ONBOTA		JO20GR	0	0	1		209
R	WWBOTA	B/ON-0094		2024-10-01		Peulis 3	ONBOTA		JO21GA	0	0	1		209
R	WWBOTA	B/ON-0095		2024-10-01		Wijtschate 1	ONBOTA		JO10KT	0	0	1		209
R	WWBOTA	B/ON-0096		2024-10-01		Hollebeke	ONBOTA		JO10LT	0	0	1		209
R	WWBOTA	B/ON-0097		2024-10-01		O-L-Vr-Waver 1	ONBOTA		JO21GB	0	0	1		209
R	WWBOTA	B/ON-0098		2024-10-01		Haasdonk 9	ONBOTA		JO21CD	0	0	1		209
R	WWBOTA	B/ON-0099		2024-10-01		Duitse bunkers Hoogpoortweg	ONBOTA		JO10MT	0	0	1		209
R	WWBOTA	B/ON-0100		2024-10-01		Haasdonk 10	ONBOTA		JO21CE	0	0	1		209
R	WWBOTA	B/ON-0101		2024-10-01		DuitseVerdedigings Toren Poperinge	ONBOTA		JO10IU	0	0	1		209
R	WWBOTA	B/ON-0102		2024-10-01		Bunker 8 Grensstelling Bocholt	ONBOTA		JO21PG	0	0	1		209
R	WWBOTA	B/ON-0103		2024-10-01		Hemiksem	ONBOTA		JO21ED	0	0	1		209
R	WWBOTA	B/ON-0104		2024-10-01		Keerbergen	ONBOTA		JO20HX	0	0	1		209
R	WWBOTA	B/ON-0105		2024-10-01		Bunker  Scott Post	ONBOTA		JO10LU	0	0	1		209
R	WWBOTA	B/ON-0106		2024-10-01		Putte 7	ONBOTA		JO21FI	0	0	1		209
R	WWBOTA	B/ON-0107		2024-10-01		Schorvoort	ONBOTA		JO21LH	0	0	1		209
R	WWBOTA	B/ON-0108		2024-10-01		Baby Elephant	ONBOTA		JO10LU	0	0	1		209
R	WWBOTA	B/ON-0109		2024-10-01		Mol	ONBOTA		JO21OF	0	0	1		209
R	WWBOTA	B/ON-0110		2024-10-01		Haasdonk 11	ONBOTA		JO21CE	0	0	1		209
R	WWBOTA	B/ON-0111		2024-10-01		Mol-Rauw 2	ONBOTA		JO21OF	0	0	1		209
R	WWBOTA	B/ON-0112		2024-10-01		Witgoor	ONBOTA		JO21NF	0	0	1		209
R	WWBOTA	B/ON-0113		2024-10-01		Vrasene 17	ONBOTA		JO21CF	0	0	1		209
R	WWBOTA	B/ON-0114		2024-10-01		Haasdonk 12	ONBOTA		JO21CE	0	0	1		209
R	WWBOTA	B/ON-0115		2024-10-01		Putte 8	ONBOTA		JO21EI	0	0	1		209
R	WWBOTA	B/ON-0116		2024-10-01		Peulis 5	ONBOTA		JO21GB	0	0	1		209
R	WWBOTA	B/ON-0117		2024-10-01		Ertvelde 1	ONBOTA		JO11UD	0	0	1		209
R	WWBOTA	B/ON-0118		2024-10-01		Ertvelde 2	ONBOTA		JO11UD	0	0	1		209
R	WWBOTA	B/ON-0119		2024-10-01		Kwatrecht 1	ONBOTA		JO10VX	0	0	1		209
R	WWBOTA	B/ON-0120		2024-10-01		Heedwijk 1	ONBOTA		JO10UW	0	0	1		209
R	WWBOTA	B/ON-0121		2024-10-01		Landskouter 2	ONBOTA		JO10VX	0	0	1		209
R	WWBOTA	B/ON-0122		2024-10-01		Duitse Bunker Airfield Gontrode	ONBOTA		JO10VX	0	0	1		209
R	WWBOTA	B/ON-0123		2024-10-01		Baaigem 2	ONBOTA		JO10UW	0	0	1		209
R	WWBOTA	B/ON-0124		2024-10-01		Baaigem 3	ONBOTA		JO10UW	0	0	1		209
R	WWBOTA	B/ON-0125		2024-10-01		Kluizen	ONBOTA		JO11UD	0	0	1		209
R	WWBOTA	B/ON-0126		2024-10-01		Heedwijk 2	ONBOTA		JO10UW	0	0	1		209
R	WWBOTA	B/ON-0127		2024-10-01		Munte 1	ONBOTA		JO10UW	0	0	1		209
R	WWBOTA	B/ON-0128		2024-10-01		Heedwijk 3	ONBOTA		JO10UW	0	0	1		209
R	WWBOTA	B/ON-0129		2024-10-01		Tervenen 1	ONBOTA		JO11UE	0	0	1		209
R	WWBOTA	B/ON-0130		2024-10-01		Gijzenzele 1	ONBOTA		JO10VX	0	0	1		209
R	WWBOTA	B/ON-0131		2024-10-01		Gontrode 2	ONBOTA		JO10VX	0	0	1		209
R	WWBOTA	B/ON-0132		2024-10-01		Heedwijk 4	ONBOTA		JO10UW	0	0	1		209
R	WWBOTA	B/ON-0133		2024-10-01		Oosterzele 1	ONBOTA		JO10VW	0	0	1		209
R	WWBOTA	B/ON-0134		2024-10-01		Heet	ONBOTA		JO10VW	0	0	1		209
R	WWBOTA	B/ON-0135		2024-10-01		Epernonbunker Merkem	ONBOTA		JO10KW	0	0	1		209
R	WWBOTA	B/ON-0136		2024-10-01		Moortsele 1	ONBOTA		JO10VW	0	0	1		209
R	WWBOTA	B/ON-0137		2024-10-01		Oosterzele 3	ONBOTA		JO10VW	0	0	1		209
R	WWBOTA	B/ON-0138		2024-10-01		Steenberge 1	ONBOTA		JO10UW	0	0	1		209
R	WWBOTA	B/ON-0139		2024-10-01		Gijzenzele 2	ONBOTA		JO10VX	0	0	1		209
R	WWBOTA	B/ON-0140		2024-10-01		Munte 2	ONBOTA		JO10UW	0	0	1		209
R	WWBOTA	B/ON-0141		2024-10-01		Oosterzele 4	ONBOTA		JO10VX	0	0	1		209
R	WWBOTA	B/ON-0142		2024-10-01		Gijzenzele 3	ONBOTA		JO10VX	0	0	1		209
R	WWBOTA	B/ON-0143		2024-10-01		Steenberge 2	ONBOTA		JO10UW	0	0	1		209
R	WWBOTA	B/ON-0144		2024-10-01		Oosterzele 5	ONBOTA		JO10VX	0	0	1		209
R	WWBOTA	B/ON-0145		2024-10-01		Sas	ONBOTA		JO10KV	0	0	1		209
R	WWBOTA	B/ON-0146		2024-10-01		Landskouter 3	ONBOTA		JO10VX	0	0	1		209
R	WWBOTA	B/ON-0147		2024-10-01		Oosterzele 6	ONBOTA		JO10VW	0	0	1		209
R	WWBOTA	B/ON-0148		2024-10-01		Observatiebunkers Atlantikwall	ONBOTA		JO10VW	0	0	1		209
R	WWBOTA	B/ON-0149		2024-10-01		Steenberge 3	ONBOTA		JO10UW	0	0	1		209
R	WWBOTA	B/ON-0150		2024-10-01		Heedwijk 5	ONBOTA		JO10UW	0	0	1		209
R	WWBOTA	B/ON-0151		2024-10-01		Melsen 2	ONBOTA		JO10UW	0	0	1		209
R	WWBOTA	B/ON-0152		2024-10-01		Leffinge	ONBOTA		JO11KE	0	0	1		209
R	WWBOTA	B/ON-0153		2024-10-01		Steenberge 4	ONBOTA		JO10UW	0	0	1		209
R	WWBOTA	B/ON-0154		2024-10-01		Bunker Grote Beverdijk Oudekapelle	ONBOTA		JO11JA	0	0	1		209
R	WWBOTA	B/ON-0155		2024-10-01		Haacht 3	ONBOTA		JO20HX	0	0	1		209
R	WWBOTA	B/ON-0156		2024-10-01		Heedwijk 6	ONBOTA		JO10UW	0	0	1		209
R	WWBOTA	B/ON-0157		2024-10-01		Munte 3	ONBOTA		JO10UW	0	0	1		209
R	WWBOTA	B/ON-0158		2024-10-01		O-L-Vr-Waver 2	ONBOTA		JO21GB	0	0	1		209
R	WWBOTA	B/ON-0159		2024-10-01		Landskouter 4	ONBOTA		JO10VX	0	0	1		209
R	WWBOTA	B/ON-0160		2024-10-01		Steenberge 5	ONBOTA		JO10VW	0	0	1		209
R	WWBOTA	B/ON-0161		2024-10-01		Oosterzele 8	ONBOTA		JO10VW	0	0	1		209
R	WWBOTA	B/ON-0162		2024-10-01		Landskouter 5	ONBOTA		JO10VX	0	0	1		209
R	WWBOTA	B/ON-0163		2024-10-01		Bunker Hollandstellung	ONBOTA		JO11QI	0	0	1		209
R	WWBOTA	B/ON-0164		2024-10-01		Landskouter 6	ONBOTA		JO10VW	0	0	1		209
R	WWBOTA	B/ON-0165		2024-10-01		Moortsele 2	ONBOTA		JO10VW	0	0	1		209
R	WWBOTA	B/ON-0166		2024-10-01		Munte 5	ONBOTA		JO10UW	0	0	1		209
R	WWBOTA	B/ON-0167		2024-10-01		Heedwijk 7	ONBOTA		JO10UW	0	0	1		209
R	WWBOTA	B/ON-0168		2024-10-01		Munte 6	ONBOTA		JO10UW	0	0	1		209
R	WWBOTA	B/ON-0169		2024-10-01		Munte 7	ONBOTA		JO10UW	0	0	1		209
R	WWBOTA	B/ON-0170		2024-10-01		Munte 8	ONBOTA		JO10UW	0	0	1		209
R	WWBOTA	B/ON-0171		2024-10-01		Munte 9	ONBOTA		JO10UW	0	0	1		209
R	WWBOTA	B/ON-0172		2024-10-01		Gontrode 3	ONBOTA		JO10VX	0	0	1		209
R	WWBOTA	B/ON-0173		2024-10-01		Westende	ONBOTA		JO11JD	0	0	1		209
R	WWBOTA	B/ON-0174		2024-10-01		Ertvelde 3	ONBOTA		JO11UD	0	0	1		209
R	WWBOTA	B/ON-0175		2024-10-01		Duitse Bunker Airfield Gontrode	ONBOTA		JO10VX	0	0	1		209
R	WWBOTA	B/ON-0176		2024-10-01		Heedwijk 8	ONBOTA		JO10UW	0	0	1		209
R	WWBOTA	B/ON-0177		2024-10-01		Heedwijk 9	ONBOTA		JO10UW	0	0	1		209
R	WWBOTA	B/ON-0178		2024-10-01		Ertvelde 4	ONBOTA		JO11UE	0	0	1		209
R	WWBOTA	B/ON-0179		2024-10-01		Tervenen 2	ONBOTA		JO11UE	0	0	1		209
R	WWBOTA	B/ON-0180		2024-10-01		Baaigem 4	ONBOTA		JO10UW	0	0	1		209
R	WWBOTA	B/ON-0181		2024-10-01		Gontrode 5	ONBOTA		JO10VX	0	0	1		209
R	WWBOTA	B/ON-0182		2024-10-01		Bottelare	ONBOTA		JO10VX	0	0	1		209
R	WWBOTA	B/ON-0183		2024-10-01		Kwatrecht 2	ONBOTA		JO10WX	0	0	1		209
R	WWBOTA	B/ON-0184		2024-10-01		Gijzenzele 4	ONBOTA		JO10VX	0	0	1		209
R	WWBOTA	B/ON-0185		2024-10-01		Kwatrecht 3	ONBOTA		JO10WX	0	0	1		209
R	WWBOTA	B/ON-0186		2024-10-01		Kwatrecht 4	ONBOTA		JO10VX	0	0	1		209
R	WWBOTA	B/ON-0187		2024-10-01		Heedwijk 10	ONBOTA		JO10UW	0	0	1		209
R	WWBOTA	B/ON-0188		2024-10-01		Kwatrecht	ONBOTA		JO10VX	0	0	1		209
R	WWBOTA	B/ON-0189		2024-10-01		Baaigem 5	ONBOTA		JO10UW	0	0	1		209
R	WWBOTA	B/ON-0190		2024-10-01		Baaigem 6	ONBOTA		JO10UW	0	0	1		209
R	WWBOTA	B/ON-0191		2024-10-01		Baaigem 7	ONBOTA		JO10UW	0	0	1		209
R	WWBOTA	B/ON-0192		2024-10-01		Antwerpen	ONBOTA		JO21EE	0	0	1		209
R	WWBOTA	B/ON-0193		2024-10-01		Antwerpen	ONBOTA		JO21EE	0	0	1		209
R	WWBOTA	B/ON-0194		2024-10-01		Haacht 4	ONBOTA		JO20HX	0	0	1		209
R	WWBOTA	B/ON-0195		2024-10-01		Puttekomheide	ONBOTA		JO20HX	0	0	1		209
R	WWBOTA	B/ON-0196		2024-10-01		Haacht 5	ONBOTA		JO20HX	0	0	1		209
R	WWBOTA	B/ON-0197		2024-10-01		Herkenroot	ONBOTA		JO20HW	0	0	1		209
R	WWBOTA	B/ON-0198		2024-10-01		Tildonk 3	ONBOTA		JO20HW	0	0	1		209
R	WWBOTA	B/ON-0199		2024-10-01		Bunker KW Line LW12 Florival	ONBOTA		JO20HS	0	0	1		209
R	WWBOTA	B/ON-0200		2024-10-01		Rozieren	ONBOTA		JO20GR	0	0	1		209
R	WWBOTA	B/ON-0201		2024-10-01		Menen	ONBOTA		JO10NT	0	0	1		209
R	WWBOTA	B/ON-0202		2024-10-01		Observatiebunker Atlantikwall Leffinge	ONBOTA		JO11KE	0	0	1		209
R	WWBOTA	B/ON-0203		2024-10-01		Hill 60 Britisch Bunker	ONBOTA		JO10LT	0	0	1		209
R	WWBOTA	B/ON-0204		2024-10-01		Dendermonde Arsenaal	ONBOTA		JO21BA	0	0	1		209
R	WWBOTA	B/ON-0205		2024-10-01		Dendermonde Bastion V + Bunker	ONBOTA		JO21BA	0	0	1		209
R	WWBOTA	B/ON-0206		2024-10-01		Dendermonde Bastion IX	ONBOTA		JO21BA	0	0	1		209
R	WWBOTA	B/ON-0207		2024-10-01		Dendermonde Bastion VIII	ONBOTA		JO21BA	0	0	1		209
R	WWBOTA	B/ON-0208		2024-10-01		Monitor Bunker Oostende	ONBOTA		JO11LF	0	0	1		209
R	WWBOTA	B/ON-0209		2024-10-01		Duitse Observatiebunker Knokke Heist	ONBOTA		JO11QI	0	0	1		209
R	WWBOTA	B/ON-0210		2024-10-01		Stützpunkt Hundius Oostende	ONBOTA		JO11LF	0	0	1		209
R	WWBOTA	B/ON-0211		2024-10-01		Manschappenbunker Hollandstellung	ONBOTA		JO11QI	0	0	1		209
R	WWBOTA	B/ON-0212		2024-10-01		Manschappenbunker Hollandstellung	ONBOTA		JO11QI	0	0	1		209
R	WWBOTA	B/ON-0213		2024-10-01		Britse Bunker vaart Ieper-Komen	ONBOTA		JO10KU	0	0	1		209
R	WWBOTA	B/ON-0214		2024-10-01		Hollandse Kazerne	ONBOTA		JO21BA	0	0	1		209
R	WWBOTA	B/ON-0215		2024-10-01		Advanced Dressing Station	ONBOTA		JO10KU	0	0	1		209
R	WWBOTA	B/ON-0216		2024-10-01		Duitse bunker	ONBOTA		JO10NT	0	0	1		209
R	WWBOTA	B/ON-0217		2024-10-01		Bunker 30 Grensstelling Bocholt Kanaal	ONBOTA		JO21TD	0	0	1		209
R	WWBOTA	B/ON-0218		2024-10-01		Bunker 19 Grensstelling Bocholt Kanaal	ONBOTA		JO21SF	0	0	1		209
R	WWBOTA	B/ON-0219		2024-10-01		Bunker 20 Grensstelling Bocholt Kanaal	ONBOTA		JO21SE	0	0	1		209
R	WWBOTA	B/ON-0220		2024-10-01		Bunker 21 Grensstelling Bocholt Kanaal	ONBOTA		JO21SE	0	0	1		209
R	WWBOTA	B/ON-0221		2024-10-01		Bunker 10 Grensstelling Bocholt Kanaal	ONBOTA		JO21QF	0	0	1		209
R	WWBOTA	B/ON-0222		2024-10-01		Bunker 11 Grensstelling Bocholt Kanaal	ONBOTA		JO21QF	0	0	1		209
R	WWBOTA	B/ON-0223		2024-10-01		Bunker 12 Grensstelling Bocholt Kanaal	ONBOTA		JO21QF	0	0	1		209
R	WWBOTA	B/ON-0224		2024-10-01		Bunker 4f Grensstelling Bocholt Kanaal	ONBOTA		JO21OF	0	0	1		209
R	WWBOTA	B/ON-0225		2024-10-01		Bunker 6f Grensstelling Bocholt Kanaal	ONBOTA		JO21PG	0	0	1		209
R	WWBOTA	B/ON-0226		2024-10-01		Bunker 9 Grensstelling Bocholt Kanaal	ONBOTA		JO21PF	0	0	1		209
R	WWBOTA	B/ON-0227		2024-10-01		Bunker 2f Grensstelling Bocholt Kanaal	ONBOTA		JO21OF	0	0	1		209
R	WWBOTA	B/ON-0228		2024-10-01		Bunker 14 Grensstelling Bocholt Kanaal	ONBOTA		JO21RF	0	0	1		209
R	WWBOTA	B/ON-0229		2024-10-01		Bunker 13 Grensstelling Bocholt Kanaal	ONBOTA		JO21QF	0	0	1		209
R	WWBOTA	B/ON-0230		2024-10-01		Bunker 16 Grensstelling Bocholt Kanaal	ONBOTA		JO21RF	0	0	1		209
R	WWBOTA	B/ON-0231		2024-10-01		Bunker 17 Grensstelling Bocholt Kanaal	ONBOTA		JO21RF	0	0	1		209
R	WWBOTA	B/ON-0232		2024-10-01		Bunker 18 Grensstelling Bocholt Kanaal	ONBOTA		JO21RF	0	0	1		209
R	WWBOTA	B/ON-0233		2024-10-01		Hollandstellung - Commandobunker	ONBOTA		JO11QI	0	0	1		209
R	WWBOTA	B/ON-0234		2024-10-01		Duitse Manschappenbunker	ONBOTA		JO11QH	0	0	1		209
R	WWBOTA	B/ON-0235		2024-10-01		Hollandstellung Manschappenbunker	ONBOTA		JO11QI	0	0	1		209
R	WWBOTA	B/ON-0236		2024-10-01		Publieke schuilkelder Oudenaarde	ONBOTA		JO10TU	0	0	1		209
R	WWBOTA	B/ON-0237		2024-10-01		Bunker Ni9 KW-linie Pamel	ONBOTA		JO20AU	0	0	1		209
R	WWBOTA	B/ON-0238		2024-10-01		KW-Linie - Bunker C14	ONBOTA		JO21FE	0	0	1		209
R	WWBOTA	B/ON-0239		2024-10-01		KW-Linie - Bunker VC7	ONBOTA		JO21GD	0	0	1		209
R	WWBOTA	B/ON-0240		2024-10-01		KW-Linie - Bunker PE5	ONBOTA		JO21GA	0	0	1		209
R	WWBOTA	B/ON-0241		2024-10-01		KW-Linie - Bunker PS6	ONBOTA		JO21HA	0	0	1		209
R	WWBOTA	B/ON-0242		2024-10-01		KW-Linie - Bunker PS8	ONBOTA		JO21GA	0	0	1		209
R	WWBOTA	B/ON-0243		2024-10-01		KW-Linie - Bunker PS9	ONBOTA		JO21GA	0	0	1		209
R	WWBOTA	B/ON-0244		2024-10-01		KW-Linie - Bunker RY4	ONBOTA		JO21HA	0	0	1		209
R	WWBOTA	B/ON-0245		2024-10-01		KW-Linie - Bunker VA31	ONBOTA		JO21GA	0	0	1		209
R	WWBOTA	B/ON-0246		2024-10-01		KW-Linie - Bunker VA33 I	ONBOTA		JO20HX	0	0	1		209
R	WWBOTA	B/ON-0247		2024-10-01		KW-Linie - PS3-Kazemat Bonheiden	ONBOTA		JO21HA	0	0	1		209
R	WWBOTA	B/ON-0248		2024-10-01		KW-Linie - Bunker VB43	ONBOTA		JO20GX	0	0	1		209
R	WWBOTA	B/ON-0249		2024-10-01		KW-Linie - Bunker VC21	ONBOTA		JO20GX	0	0	1		209
R	WWBOTA	B/ON-0250		2024-10-01		KW-Linie - Bunker VC23	ONBOTA		JO20GX	0	0	1		209
R	WWBOTA	B/ON-0251		2024-10-01		KW-Linie - Bunker ML7	ONBOTA		JO21HE	0	0	1		209
R	WWBOTA	B/ON-0252		2024-10-01		KW-Linie - Bunker ML2	ONBOTA		JO21HE	0	0	1		209
R	WWBOTA	B/ON-0253		2024-10-01		KW-Linie - Bunker ML6	ONBOTA		JO21HE	0	0	1		209
R	WWBOTA	B/ON-0254		2024-10-01		KW-Linie - Bunker ML8	ONBOTA		JO21HE	0	0	1		209
R	WWBOTA	B/ON-0255		2024-10-01		Duitse Bunker Ua1	ONBOTA		JO11LE	0	0	1		209
R	WWBOTA	B/ON-0256		2024-10-01		Duitse Bunker Ua2	ONBOTA		JO11LE	0	0	1		209
R	WWBOTA	B/ON-0257		2024-10-01		Duitse Bunker Ua3	ONBOTA		JO11LE	0	0	1		209
R	WWBOTA	B/ON-0258		2024-10-01		Bunker Koolkerke	ONBOTA		JO11OF	0	0	1		209
R	WWBOTA	B/ON-0259		2024-10-01		KW-Linie - Bunker IB2	ONBOTA		JO21GC	0	0	1		209
R	WWBOTA	B/ON-0260		2024-10-01		KW-Linie - Bunker IB3	ONBOTA		JO21GC	0	0	1		209
R	WWBOTA	B/ON-0261		2024-10-01		KW-Linie - Bunker IB4	ONBOTA		JO21GC	0	0	1		209
R	WWBOTA	B/ON-0262		2024-10-01		KW-Linie - Bunker IB5	ONBOTA		JO21GC	0	0	1		209
R	WWBOTA	B/ON-0263		2024-10-01		KW-Linie - Bunker IB6	ONBOTA		JO21GC	0	0	1		209
R	WWBOTA	B/ON-0264		2024-10-01		KW-Linie - Bunker IB9	ONBOTA		JO21GC	0	0	1		209
R	WWBOTA	B/ON-0265		2024-10-01		KW-Linie - Bunker KO1	ONBOTA		JO21GC	0	0	1		209
R	WWBOTA	B/ON-0266		2024-10-01		KW-Linie - Bunker P6	ONBOTA		JO21GC	0	0	1		209
R	WWBOTA	B/ON-0267		2024-10-01		KW-Linie - Bunker VA25	ONBOTA		JO21GB	0	0	1		209
R	WWBOTA	B/ON-0268		2024-10-01		KW-Linie - Bunker VB25	ONBOTA		JO21GC	0	0	1		209
R	WWBOTA	B/ON-0269		2024-10-01		KW-Linie - Bunker VC13	ONBOTA		JO21GC	0	0	1		209
R	WWBOTA	B/ON-0270		2024-10-01		KW-Linie - Bunker TPM7	ONBOTA		JO21FB	0	0	1		209
R	WWBOTA	B/ON-0271		2024-10-01		KW-Linie - Bunker ML10	ONBOTA		JO21HD	0	0	1		209
R	WWBOTA	B/ON-0272		2024-10-01		KW-Linie - Bunker ML14	ONBOTA		JO21HD	0	0	1		209
R	WWBOTA	B/ON-0273		2024-10-01		KW-Linie - Bunker C27	ONBOTA		JO20HX	0	0	1		209
R	WWBOTA	B/ON-0274		2024-10-01		KW-Linie - Bunker H1	ONBOTA		JO20HX	0	0	1		209
R	WWBOTA	B/ON-0275		2024-10-01		KW-Linie - Bunker H3	ONBOTA		JO20HX	0	0	1		209
R	WWBOTA	B/ON-0276		2024-10-01		KW-Linie - Bunker H3 bis	ONBOTA		JO20HX	0	0	1		209
R	WWBOTA	B/ON-0277		2024-10-01		KW-Linie - Bunker H7	ONBOTA		JO20HX	0	0	1		209
R	WWBOTA	B/ON-0278		2024-10-01		KW-Linie - Bunker HA1	ONBOTA		JO20HX	0	0	1		209
R	WWBOTA	B/ON-0279		2024-10-01		KW-Linie - Bunker HA4	ONBOTA		JO20HX	0	0	1		209
R	WWBOTA	B/ON-0280		2024-10-01		KW-Linie - Bunker HA5	ONBOTA		JO20HX	0	0	1		209
R	WWBOTA	B/ON-0281		2024-10-01		KW-Linie - Bunker HA6	ONBOTA		JO20HX	0	0	1		209
R	WWBOTA	B/ON-0282		2024-10-01		KW-Linie - Bunker P36	ONBOTA		JO20HX	0	0	1		209
R	WWBOTA	B/ON-0283		2024-10-01		KW-Linie - Bunker P39	ONBOTA		JO20HX	0	0	1		209
R	WWBOTA	B/ON-0284		2024-10-01		KW-Linie - Bunker VA38	ONBOTA		JO20HX	0	0	1		209
R	WWBOTA	B/ON-0285		2024-10-01		KW-Linie - Bunker VC27	ONBOTA		JO20HX	0	0	1		209
R	WWBOTA	B/ON-0286		2024-10-01		KW-Linie - Spoorwegbunker F7 Heverlee	ONBOTA		JO20IU	0	0	1		209
R	WWBOTA	B/ON-0287		2024-10-01		KW-Linie - Spoorwegbunker F8 Heverlee	ONBOTA		JO20IU	0	0	1		209
R	WWBOTA	B/ON-0288		2024-10-01		KW-Linie - Bunker VB17	ONBOTA		JO21FD	0	0	1		209
R	WWBOTA	B/ON-0289		2024-10-01		KW-Linie - Bunker L34	ONBOTA		JO20HX	0	0	1		209
R	WWBOTA	B/ON-0290		2024-10-01		KW-Linie - Bunker P32	ONBOTA		JO21HA	0	0	1		209
R	WWBOTA	B/ON-0291		2024-10-01		KW-Linie - Bunker L5	ONBOTA		JO21HC	0	0	1		209
R	WWBOTA	B/ON-0292		2024-10-01		KW-Linie - Bunker L7	ONBOTA		JO21GC	0	0	1		209
R	WWBOTA	B/ON-0293		2024-10-01		KW-Linie - Bunker L8	ONBOTA		JO21GC	0	0	1		209
R	WWBOTA	B/ON-0294		2024-10-01		KW-Linie - Bunker L9	ONBOTA		JO21GC	0	0	1		209
R	WWBOTA	B/ON-0295		2024-10-01		KW-Linie - Bunker P3	ONBOTA		JO21GC	0	0	1		209
R	WWBOTA	B/ON-0296		2024-10-01		W-Linie - Bunker P5	ONBOTA		JO21GC	0	0	1		209
R	WWBOTA	B/ON-0297		2024-10-01		KW-Linie - Bunker P8	ONBOTA		JO21GB	0	0	1		209
R	WWBOTA	B/ON-0298		2024-10-01		KW-Linie - Bunker P9	ONBOTA		JO21GB	0	0	1		209
R	WWBOTA	B/ON-0299		2024-10-01		KW-Linie - Bunker VD11	ONBOTA		JO21FD	0	0	1		209
R	WWBOTA	B/ON-0300		2024-10-01		KW-Linie - Bunker VD13	ONBOTA		JO21FD	0	0	1		209
R	WWBOTA	B/ON-0301		2024-10-01		KW-Linie - Bunker C13	ONBOTA		JO21GD	0	0	1		209
R	WWBOTA	B/ON-0302		2024-10-01		KW-Linie - Bunker L2	ONBOTA		JO21HC	0	0	1		209
R	WWBOTA	B/ON-0303		2024-10-01		KW-Linie - Bunker L3	ONBOTA		JO21HC	0	0	1		209
R	WWBOTA	B/ON-0304		2024-10-01		KW-Linie - Bunker L4	ONBOTA		JO21HC	0	0	1		209
R	WWBOTA	B/ON-0305		2024-10-01		KW-Linie - Bunker ML16	ONBOTA		JO21GD	0	0	1		209
R	WWBOTA	B/ON-0306		2024-10-01		KW-Linie - Bunker ML17	ONBOTA		JO21GD	0	0	1		209
R	WWBOTA	B/ON-0307		2024-10-01		KW-Linie - Bunker VA15	ONBOTA		JO21GD	0	0	1		209
R	WWBOTA	B/ON-0308		2024-10-01		KW-Linie - Bunker VA19	ONBOTA		JO21GC	0	0	1		209
R	WWBOTA	B/ON-0309		2024-10-01		KW-Linie - Bunker VA21	ONBOTA		JO21GC	0	0	1		209
R	WWBOTA	B/ON-0310		2024-10-01		KW-Linie - Bunker VB2	ONBOTA		JO21GC	0	0	1		209
R	WWBOTA	B/ON-0311		2024-10-01		KW-Linie - MG-bunker Lier	ONBOTA		JO21GC	0	0	1		209
R	WWBOTA	B/ON-0312		2024-10-01		KW-Linie - Bunker C16	ONBOTA		JO21GD	0	0	1		209
R	WWBOTA	B/ON-0313		2024-10-01		Bunker Swinnenwijer Genk	ONBOTA		JO20RW	0	0	1		209
R	WWBOTA	B/ON-0314		2024-10-01		KW-Linie - Bunker TPM14	ONBOTA		JO21FA	0	0	1		209
R	WWBOTA	B/ON-0315		2024-10-01		KW-Linie - Bunker C24	ONBOTA		JO21GA	0	0	1		209
R	WWBOTA	B/ON-0316		2024-10-01		KW-Linie - Bunker TPM19	ONBOTA		JO21GA	0	0	1		209
R	WWBOTA	B/ON-0317		2024-10-01		KW-Linie - Bunker TPM20	ONBOTA		JO21GA	0	0	1		209
R	WWBOTA	B/ON-0318		2024-10-01		KW-Linie - Bunker TPM22	ONBOTA		JO21GA	0	0	1		209
R	WWBOTA	B/ON-0319		2024-10-01		KW-Linie - Bunker L11	ONBOTA		JO21GB	0	0	1		209
R	WWBOTA	B/ON-0320		2024-10-01		KW-Linie - Bunker L17	ONBOTA		JO21HB	0	0	1		209
R	WWBOTA	B/ON-0321		2024-10-01		KW-Linie - Bunker P16	ONBOTA		JO21GB	0	0	1		209
R	WWBOTA	B/ON-0322		2024-10-01		KW-Linie - Bunker P17	ONBOTA		JO21GB	0	0	1		209
R	WWBOTA	B/ON-0323		2024-10-01		KW-Linie - Bunker Sint-Ursula-Instituut	ONBOTA		JO21GB	0	0	1		209
R	WWBOTA	B/ON-0324		2024-10-01		Bunker Ni6 KW-linie Pamel	ONBOTA		JO20AU	0	0	1		209
R	WWBOTA	B/ON-0325		2024-10-01		Bunker Ni7 KW-linie Pamel	ONBOTA		JO20AU	0	0	1		209
R	WWBOTA	B/ON-0326		2024-10-01		Bunker Ni8 KW-linie Pamel	ONBOTA		JO20AU	0	0	1		209
R	WWBOTA	B/ON-0327		2024-10-01		KW-Linie - Bunker P19	ONBOTA		JO21GB	0	0	1		209
R	WWBOTA	B/ON-0328		2024-10-01		KW-Linie - Bunker P21	ONBOTA		JO21GA	0	0	1		209
R	WWBOTA	B/ON-0329		2024-10-01		KW-Linie - Bunker P22	ONBOTA		JO21HA	0	0	1		209
R	WWBOTA	B/ON-0330		2024-10-01		KW-Linie - Bunker PE7	ONBOTA		JO21GA	0	0	1		209
R	WWBOTA	B/ON-0331		2024-10-01		KW-Linie - Bunker C19	ONBOTA		JO21GB	0	0	1		209
R	WWBOTA	B/ON-0332		2024-10-01		KW-Linie - Bunker C20	ONBOTA		JO21GB	0	0	1		209
R	WWBOTA	B/ON-0333		2024-10-01		KW-Linie - Bunker GH1	ONBOTA		JO21GB	0	0	1		209
R	WWBOTA	B/ON-0334		2024-10-01		KW-Linie - Bunker GH8	ONBOTA		JO21GB	0	0	1		209
R	WWBOTA	B/ON-0335		2024-10-01		KW-Linie - Bunker L13	ONBOTA		JO21GB	0	0	1		209
R	WWBOTA	B/ON-0336		2024-10-01		KW-Linie - Bunker L15	ONBOTA		JO21GB	0	0	1		209
R	WWBOTA	B/ON-0337		2024-10-01		KW-Linie - Bunker P10	ONBOTA		JO21GB	0	0	1		209
R	WWBOTA	B/ON-0338		2024-10-01		KW-Linie - Bunker Sint-Katelijne-Waver	ONBOTA		JO21GB	0	0	1		209
R	WWBOTA	B/ON-0339		2024-10-01		KW-Linie - Bunker TPM1	ONBOTA		JO21FB	0	0	1		209
R	WWBOTA	B/ON-0340		2024-10-01		KW-Linie - Bunker TPM15	ONBOTA		JO21GA	0	0	1		209
R	WWBOTA	B/ON-0341		2024-10-01		KW-Linie - Bunker TPM16	ONBOTA		JO21GA	0	0	1		209
R	WWBOTA	B/ON-0342		2024-10-01		KW-Linie - Bunker TPM5	ONBOTA		JO21FB	0	0	1		209
R	WWBOTA	B/ON-0343		2024-10-01		KW-Linie - Bunker TPM6	ONBOTA		JO21FB	0	0	1		209
R	WWBOTA	B/ON-0344		2024-10-01		KW-Linie - Bunker VB27	ONBOTA		JO21GB	0	0	1		209
R	WWBOTA	B/ON-0345		2024-10-01		KW-Linie - Bunker VB29	ONBOTA		JO21GB	0	0	1		209
R	WWBOTA	B/ON-0346		2024-10-01		KW-Linie - L15 Kazemat Sint-Katelijne-Waver	ONBOTA		JO21GB	0	0	1		209
R	WWBOTA	B/ON-0347		2024-10-01		KW-Linie - Bunker A2	ONBOTA		JO20IW	0	0	1		209
R	WWBOTA	B/ON-0348		2024-10-01		KW-Linie - Bunker TH1	ONBOTA		JO20HW	0	0	1		209
R	WWBOTA	B/ON-0349		2024-10-01		KW-Linie - Bunker TH2	ONBOTA		JO20HW	0	0	1		209
R	WWBOTA	B/ON-0350		2024-10-01		KW-Linie - Bunker TH3	ONBOTA		JO20HW	0	0	1		209
R	WWBOTA	B/ON-0351		2024-10-01		KW-Linie - Bunker VA45	ONBOTA		JO20HW	0	0	1		209
R	WWBOTA	B/ON-0352		2024-10-01		KW-Linie - Bunker A1	ONBOTA		JO20HW	0	0	1		209
R	WWBOTA	B/ON-0353		2024-10-01		KW-Linie - Bunker H14	ONBOTA		JO20HW	0	0	1		209
R	WWBOTA	B/ON-0354		2024-10-01		KW-Linie - Bunker P42	ONBOTA		JO20HW	0	0	1		209
R	WWBOTA	B/ON-0355		2024-10-01		KW-Linie - Bunker P43	ONBOTA		JO20HW	0	0	1		209
R	WWBOTA	B/ON-0356		2024-10-01		KW-Linie - Bunker P46	ONBOTA		JO20HW	0	0	1		209
R	WWBOTA	B/ON-0357		2024-10-01		KW-Linie - Bunker WE1	ONBOTA		JO20HX	0	0	1		209
R	WWBOTA	B/ON-0358		2024-10-01		KW-Linie - Bunker WE4	ONBOTA		JO20HW	0	0	1		209
R	WWBOTA	B/ON-0359		2024-10-01		KW-Linie - Bunker VB11	ONBOTA		JO21GE	0	0	1		209
R	WWBOTA	B/ON-0360		2024-10-01		Duitse Bunker Beveren	ONBOTA		JO21CF	0	0	1		209
R	WWBOTA	B/ON-0361		2024-10-01		Hospital Bunker FAS Luchtvaartmuseum Wevelgem	ONBOTA		JO10OT	0	0	1		209
R	WWBOTA	B/ON-0362		2024-10-01		Britse Kazemat Vlamertinge	ONBOTA		JO10JU	0	0	1		209
R	WWBOTA	B/ON-0363		2024-10-01		Britse Kazemat Ieper	ONBOTA		JO10KU	0	0	1		209
R	WWBOTA	B/ON-0364		2024-10-01		Duitse Bunker Harelbeke N36	ONBOTA		JO10PU	0	0	1		209
R	WWBOTA	B/ON-0365		2024-10-01		Duitse Kazemat Kokzijde - Bad	ONBOTA		JO11HC	0	0	1		209
R	WWBOTA	B/ON-0366		2024-10-01		Heinrich-basis - FA-schuilplaats	ONBOTA		JO11QH	0	0	1		209
R	WWBOTA	B/ON-0367		2024-10-01		Regelbau 667 Kazemat Zandvoorde	ONBOTA		JO11LE	0	0	1		209
R	WWBOTA	B/ON-0368		2024-10-01		Duitse Observatiepost Zandvoorde	ONBOTA		JO11LE	0	0	1		209
R	WWBOTA	B/ON-0369		2024-10-01		WN Wolf - Regelbau 630 Bunker	ONBOTA		JO11LE	0	0	1		209
R	WWBOTA	B/ON-0370		2024-10-01		Rivierkazemat Vroenhoven	ONBOTA		JO20TT	0	0	1		209
R	WWBOTA	B/ON-0371		2024-10-01		Atlantikwall - HKB Groenendijk	ONBOTA		JO11ID	0	0	1		209
R	WWBOTA	B/ON-0372		2024-10-01		Duitse Bunker FA HWB schuilplaats	ONBOTA		JO11KE	0	0	1		209
R	WWBOTA	B/ON-0373		2024-10-01		Bunker Lienne 10 Chevron	ONBOTA		JO20UJ	0	0	1		209
R	WWBOTA	B/ON-0374		2024-10-01		Bunkers LI 11 Chevron	ONBOTA		JO20UJ	0	0	1		209
R	WWBOTA	B/ON-0375		2024-10-01		Bunker Cheneux	ONBOTA		JO20VJ	0	0	1		209
R	WWBOTA	B/ON-0376		2024-10-01		Bunker Trois-Ponts	ONBOTA		JO20WI	0	0	1		209
R	WWBOTA	B/ON-0377		2024-10-01		Bunker B - Position Avancée Stavelot	ONBOTA		JO20XJ	0	0	1		209
R	WWBOTA	B/ON-0378		2024-10-01		Bunker C - Position Avancée Stavelot	ONBOTA		JO20XJ	0	0	1		209
R	WWBOTA	B/ON-0379		2024-10-01		Bunker G - Position Avancée Stavelot	ONBOTA		JO20XJ	0	0	1		209
R	WWBOTA	B/ON-0380		2024-10-01		Bunker D - Position Avancée Malmedy	ONBOTA		JO20XK	0	0	1		209
R	WWBOTA	B/ON-0381		2024-10-01		Bunker CS A5 bis Remouchamps	ONBOTA		JO20UL	0	0	1		209
R	WWBOTA	B/ON-0382		2024-10-01		Bunker CS 24 Sougné	ONBOTA		JO20UL	0	0	1		209
R	WWBOTA	B/ON-0383		2024-10-01		Bunker CS 20 Remouchamps	ONBOTA		JO20UL	0	0	1		209
R	WWBOTA	B/ON-0384		2024-10-01		Bunker CS 25 Remouchamps	ONBOTA		JO20UL	0	0	1		209
R	WWBOTA	B/ON-0385		2024-10-01		Bunker CS Remouchamps	ONBOTA		JO20UL	0	0	1		209
R	WWBOTA	B/ON-0386		2024-10-01		Bunker CTF 20 Hotchamps	ONBOTA		JO20UM	0	0	1		209
R	WWBOTA	B/ON-0387		2024-10-01		Bunker CSY Sougné-Remouchamps	ONBOTA		JO20UL	0	0	1		209
R	WWBOTA	B/ON-0388		2024-10-01		Bunker SB 1 Hautregard	ONBOTA		JO20VL	0	0	1		209
R	WWBOTA	B/ON-0389		2024-10-01		Bunker SB 2 Hautregard	ONBOTA		JO20VL	0	0	1		209
R	WWBOTA	B/ON-0390		2024-10-01		Bunker SB 3 Hautregard	ONBOTA		JO20VL	0	0	1		209
R	WWBOTA	B/ON-0391		2024-10-01		Bunker SB 5 Hautregard	ONBOTA		JO20VL	0	0	1		209
R	WWBOTA	B/ON-0392		2024-10-01		Bunker SB 4 Ménobu	ONBOTA		JO20VL	0	0	1		209
R	WWBOTA	B/ON-0393		2024-10-01		Bunker SB A Ménobu	ONBOTA		JO20VL	0	0	1		209
R	WWBOTA	B/ON-0394		2024-10-01		Bunker SB B Ménobu	ONBOTA		JO20VL	0	0	1		209
R	WWBOTA	B/ON-0395		2024-10-01		Bunker SB 6 La Reid	ONBOTA		JO20VL	0	0	1		209
R	WWBOTA	B/ON-0396		2024-10-01		Bunker SB 7 La Reid	ONBOTA		JO20VL	0	0	1		209
R	WWBOTA	B/ON-0397		2024-10-01		Bunker SB 8 La Reid	ONBOTA		JO20VL	0	0	1		209
R	WWBOTA	B/ON-0398		2024-10-01		Bunker SB 9 La Reid	ONBOTA		JO20VL	0	0	1		209
R	WWBOTA	B/ON-0399		2024-10-01		Bunker SB 10 La Reid	ONBOTA		JO20VL	0	0	1		209
R	WWBOTA	B/ON-0400		2024-10-01		Bunker SB C Becco	ONBOTA		JO20VM	0	0	1		209
R	WWBOTA	B/ON-0401		2024-10-01		Bunker SB D Becco	ONBOTA		JO20VM	0	0	1		209
R	WWBOTA	B/ON-0402		2024-10-01		Bunker SB E Becco	ONBOTA		JO20VM	0	0	1		209
R	WWBOTA	B/ON-0403		2024-10-01		Bunker SB F Becco	ONBOTA		JO20VM	0	0	1		209
R	WWBOTA	B/ON-0404		2024-10-01		Bunker SB G Becco	ONBOTA		JO20VM	0	0	1		209
R	WWBOTA	B/ON-0405		2024-10-01		Bunker BV 1 Jevoumont	ONBOTA		JO20VM	0	0	1		209
R	WWBOTA	B/ON-0406		2024-10-01		Bunker SB 11 Spixhe	ONBOTA		JO20VM	0	0	1		209
R	WWBOTA	B/ON-0407		2024-10-01		Bunker BV 2 Spixhe	ONBOTA		JO20VM	0	0	1		209
R	WWBOTA	B/ON-0408		2024-10-01		Bunker BV 3 Spixhe	ONBOTA		JO20VM	0	0	1		209
R	WWBOTA	B/ON-0409		2024-10-01		Bunker BV 4 Spixhe	ONBOTA		JO20VM	0	0	1		209
R	WWBOTA	B/ON-0410		2024-10-01		Bunker BV 5 Jevoumont	ONBOTA		JO20VM	0	0	1		209
R	WWBOTA	B/ON-0411		2024-10-01		Bunker BV 6 Jevoumont	ONBOTA		JO20VM	0	0	1		209
R	WWBOTA	B/ON-0412		2024-10-01		Bunker BV 8 Theux	ONBOTA		JO20VM	0	0	1		209
R	WWBOTA	B/ON-0413		2024-10-01		Bunker BV 9 Jevoumont	ONBOTA		JO20VM	0	0	1		209
R	WWBOTA	B/ON-0414		2024-10-01		Bunker BV 10 Jevoumont	ONBOTA		JO20VM	0	0	1		209
R	WWBOTA	B/ON-0415		2024-10-01		Bunker BV 11 Jevoumont	ONBOTA		JO20VM	0	0	1		209
R	WWBOTA	B/ON-0416		2024-10-01		Bunker BV 11-2 Jevoumont	ONBOTA		JO20VM	0	0	1		209
R	WWBOTA	B/ON-0417		2024-10-01		Bunker BV Mont	ONBOTA		JO20VM	0	0	1		209
R	WWBOTA	B/ON-0418		2024-10-01		Bunker BV 17-2 Juslenville	ONBOTA		JO20VN	0	0	1		209
R	WWBOTA	B/ON-0419		2024-10-01		Bunker BV 17 Juslenville	ONBOTA		JO20VN	0	0	1		209
R	WWBOTA	B/ON-0420		2024-10-01		Bunker CTF 27 Tancrémont	ONBOTA		JO20VN	0	0	1		209
R	WWBOTA	B/ON-0421		2024-10-01		Voorpost Bloc P Fort Tancrémont	ONBOTA		JO20VN	0	0	1		209
R	WWBOTA	B/ON-0422		2024-10-01		Voorpost Bloc O Fort Tancrémont	ONBOTA		JO20VN	0	0	1		209
R	WWBOTA	B/ON-0423		2024-10-01		Bunker BV 20-1 Pepinster	ONBOTA		JO20VN	0	0	1		209
R	WWBOTA	B/ON-0424		2024-10-01		Bunker BV 20-2 Pepinster	ONBOTA		JO20VN	0	0	1		209
R	WWBOTA	B/ON-0425		2024-10-01		Bunker BV 23 Pepinster	ONBOTA		JO20VN	0	0	1		209
R	WWBOTA	B/ON-0426		2024-10-01		Verdedigingsbunker VM1ter	ONBOTA		JO20VN	0	0	1		209
R	WWBOTA	B/ON-0427		2024-10-01		Verdedigingsbunker VM 1	ONBOTA		JO20VN	0	0	1		209
R	WWBOTA	B/ON-0428		2024-10-01		Duitse Bunker Polygoonbos	ONBOTA		JO10LU	0	0	1		209
R	WWBOTA	B/ON-0429		2024-10-01		Verdedigingsbunker VM2	ONBOTA		JO20VN	0	0	1		209
R	WWBOTA	B/ON-0430		2024-10-01		Observatiebunker VM3	ONBOTA		JO20VN	0	0	1		209
R	WWBOTA	B/ON-0431		2024-10-01		Verdedigingsbunker VM6	ONBOTA		JO20VN	0	0	1		209
R	WWBOTA	B/ON-0432		2024-10-01		Verdedigingsbunker VM7	ONBOTA		JO20VN	0	0	1		209
R	WWBOTA	B/ON-0433		2024-10-01		Observatiebunker VM29ter	ONBOTA		JO20VO	0	0	1		209
R	WWBOTA	B/ON-0434		2024-10-01		Verdedigingsbunker VM12	ONBOTA		JO20VO	0	0	1		209
R	WWBOTA	B/ON-0435		2024-10-01		Verdedigingsbunker VM13	ONBOTA		JO20VO	0	0	1		209
R	WWBOTA	B/ON-0436		2024-10-01		Verdedigingsbunker VM14	ONBOTA		JO20VO	0	0	1		209
R	WWBOTA	B/ON-0437		2024-10-01		Verdedigingsbunker VM15	ONBOTA		JO20VO	0	0	1		209
R	WWBOTA	B/ON-0438		2024-10-01		Verdedigingsbunker VM16	ONBOTA		JO20VO	0	0	1		209
R	WWBOTA	B/ON-0439		2024-10-01		Verdedigingsbunker VM17	ONBOTA		JO20VO	0	0	1		209
R	WWBOTA	B/ON-0440		2024-10-01		Verdedigingsbunker VM19	ONBOTA		JO20VO	0	0	1		209
R	WWBOTA	B/ON-0441		2024-10-01		Verdedigingsbunker VM20	ONBOTA		JO20VO	0	0	1		209
R	WWBOTA	B/ON-0442		2024-10-01		Verdedigingsbunker VM22	ONBOTA		JO20VO	0	0	1		209
R	WWBOTA	B/ON-0443		2024-10-01		Observatiebunker VM23	ONBOTA		JO20VO	0	0	1		209
R	WWBOTA	B/ON-0444		2024-10-01		Verdedigingsbunker VM24bis	ONBOTA		JO20VO	0	0	1		209
R	WWBOTA	B/ON-0445		2024-10-01		Verdedigingsbunker VM25	ONBOTA		JO20VO	0	0	1		209
R	WWBOTA	B/ON-0446		2024-10-01		Verdedigingsbunker VM32	ONBOTA		JO20VO	0	0	1		209
R	WWBOTA	B/ON-0447		2024-10-01		Verdedigingsbunker VM33	ONBOTA		JO20VO	0	0	1		209
R	WWBOTA	B/ON-0448		2024-10-01		Verdedigingsbunker MM2	ONBOTA		JO20VP	0	0	1		209
R	WWBOTA	B/ON-0449		2024-10-01		Bunker MM 1 Battice	ONBOTA		JO20VP	0	0	1		209
R	WWBOTA	B/ON-0450		2024-10-01		Verdedigingsbunker MM5	ONBOTA		JO20VP	0	0	1		209
R	WWBOTA	B/ON-0451		2024-10-01		Verdedigingsbunker MM5bis	ONBOTA		JO20VP	0	0	1		209
R	WWBOTA	B/ON-0452		2024-10-01		Bunker CTF 25 Bruyères (Herve)	ONBOTA		JO20VO	0	0	1		209
R	WWBOTA	B/ON-0453		2024-10-01		Bloc Waucomont Battice	ONBOTA		JO20VP	0	0	1		209
R	WWBOTA	B/ON-0454		2024-10-01		Bunker CTF 10 Retinne	ONBOTA		JO20UP	0	0	1		209
R	WWBOTA	B/ON-0455		2024-10-01		Bunker CTF 8 Bellaire	ONBOTA		JO20UP	0	0	1		209
R	WWBOTA	B/ON-0456		2024-10-01		Bunker FE 2 ter Queue-du-Bois	ONBOTA		JO20UP	0	0	1		209
R	WWBOTA	B/ON-0457		2024-10-01		Bunker FE 3 ter Queue-du-Bois	ONBOTA		JO20UP	0	0	1		209
R	WWBOTA	B/ON-0458		2024-10-01		Burgerschuilplaats Schieferstollen Recht	ONBOTA		JO30AH	0	0	1		209
R	WWBOTA	B/ON-0459		2024-10-01		Schuilplaats Schieferstollen	ONBOTA		JO30AH	0	0	1		209
R	WWBOTA	B/ON-0460		2024-10-01		Duitse Artillerie-observatiebunker Genk	ONBOTA		JO20QX	0	0	1		209
R	WWBOTA	B/ON-0461		2024-10-01		Sluisbunker Stabroek	ONBOTA		JO21EI	0	0	1		209
R	WWBOTA	B/ON-0462		2024-10-01		Sluisbunker Kapellen	ONBOTA		JO21FI	0	0	1		209
R	WWBOTA	B/ON-0463		2024-10-01		Stellung Antwerpen - Bunkers	ONBOTA		JO21FI	0	0	1		209
R	WWBOTA	B/ON-0464		2024-10-01		Bunker Ekeren 1	ONBOTA		JO21EH	0	0	1		209
R	WWBOTA	B/ON-0465		2024-10-01		Bunker Ekeren 2	ONBOTA		JO21EH	0	0	1		209
R	WWBOTA	B/ON-0466		2024-10-01		Bunker Ekeren 3	ONBOTA		JO21EG	0	0	1		209
R	WWBOTA	B/ON-0467		2024-10-01		Bunker Ekeren 4	ONBOTA		JO21EH	0	0	1		209
R	WWBOTA	B/ON-0468		2024-10-01		Bunker Ekeren 5	ONBOTA		JO21EH	0	0	1		209
R	WWBOTA	B/ON-0469		2024-10-01		Duitse Bunker Vrasene	ONBOTA		JO21CF	0	0	1		209
R	WWBOTA	B/ON-0470		2024-10-01		Duitse Artillerie Observatiepost Tijskenshoek	ONBOTA		JO21CF	0	0	1		209
R	WWBOTA	B/ON-0471		2024-10-01		Duitse Commandobunker Vrasene	ONBOTA		JO21CF	0	0	1		209
R	WWBOTA	B/ON-0472		2024-10-01		Duitse Personeelsbunker Vrasene	ONBOTA		JO21CF	0	0	1		209
R	WWBOTA	B/ON-0473		2024-10-01		Duitse Personeelsbunker Tijskenshoek	ONBOTA		JO21CF	0	0	1		209
R	WWBOTA	B/ON-0474		2024-10-01		Schans 16	ONBOTA		JO21ED	0	0	1		209
R	WWBOTA	B/ON-0475		2024-10-01		Bunker A - Position Avancée Beusdael	ONBOTA		JO20WR	0	0	1		209
R	WWBOTA	B/ON-0476		2024-10-01		Bunker C - Position Avancée Beusdael	ONBOTA		JO20WS	0	0	1		209
R	WWBOTA	B/ON-0477		2024-10-01		Vooruitgeschoven Positie Hombourg Abri G	ONBOTA		JO20XR	0	0	1		209
R	WWBOTA	B/ON-0478		2024-10-01		Bunker N - Position Avancée Hombourg	ONBOTA		JO20WR	0	0	1		209
R	WWBOTA	B/ON-0479		2024-10-01		Vooruitgeschoven positie Hombourg Abri B	ONBOTA		JO20XR	0	0	1		209
R	WWBOTA	B/ON-0480		2024-10-01		Bunker A - Position Avancée Hombourg	ONBOTA		JO20WR	0	0	1		209
R	WWBOTA	B/ON-0481		2024-10-01		Bunker M - Position Avancée Hombourg	ONBOTA		JO20WR	0	0	1		209
R	WWBOTA	B/ON-0482		2024-10-01		Voorgeschoven Positie Henri-Chapelle Bunker K	ONBOTA		JO20WQ	0	0	1		209
R	WWBOTA	B/ON-0483		2024-10-01		Bunker - J - Position Avancée Henri-Chapelle	ONBOTA		JO20XQ	0	0	1		209
R	WWBOTA	B/ON-0484		2024-10-01		Bunker I - Position Avancée Henri-Chapelle	ONBOTA		JO20XQ	0	0	1		209
R	WWBOTA	B/ON-0485		2024-10-01		Bunker - H - Position Avancée Henri-Chapelle	ONBOTA		JO20XQ	0	0	1		209
R	WWBOTA	B/ON-0486		2024-10-01		Bunker B - Position Avancée Henri-Chapelle	ONBOTA		JO20XQ	0	0	1		209
R	WWBOTA	B/ON-0487		2024-10-01		Bunker E - Position Avancée Henri-Chapelle	ONBOTA		JO20XQ	0	0	1		209
R	WWBOTA	B/ON-0488		2024-10-01		Bunker D - Position Avancée Henri-Chapelle	ONBOTA		JO20XQ	0	0	1		209
R	WWBOTA	B/ON-0489		2024-10-01		Bunker C Position Avancée Henri-Chapelle	ONBOTA		JO20XP	0	0	1		209
R	WWBOTA	B/ON-0490		2024-10-01		Bunker D - Position Avancée Grunhaut	ONBOTA		JO20XP	0	0	1		209
R	WWBOTA	B/ON-0491		2024-10-01		Bunker C - Position Avancée Grunhaut	ONBOTA		JO20XP	0	0	1		209
R	WWBOTA	B/ON-0492		2024-10-01		Bunker B - Position Avancée Grunhaut	ONBOTA		JO20XP	0	0	1		209
R	WWBOTA	B/ON-0493		2024-10-01		Bunker N - Position Avancée Dolhain (Limbourg)	ONBOTA		JO20XO	0	0	1		209
R	WWBOTA	B/ON-0494		2024-10-01		Bunker C - Position Avancée Dolhain (Limbourg)	ONBOTA		JO20XO	0	0	1		209
R	WWBOTA	B/ON-0495		2024-10-01		Bunker F - Position Avancée Dolhain (Limbourg)	ONBOTA		JO20XO	0	0	1		209
R	WWBOTA	B/ON-0496		2024-10-01		Bunker M - Position Avancée Dolhain (Limbourg)	ONBOTA		JO20XO	0	0	1		209
R	WWBOTA	B/ON-0497		2024-10-01		Bunker A - Position Avancée Dolhain (Limbourg)	ONBOTA		JO20XO	0	0	1		209
R	WWBOTA	B/ON-0498		2024-10-01		Verdedigingsbunker MN10	ONBOTA		JO20VQ	0	0	1		209
R	WWBOTA	B/ON-0499		2024-10-01		Verdedigingsbunker MN8	ONBOTA		JO20VQ	0	0	1		209
R	WWBOTA	B/ON-0500		2024-10-01		Verdedigingsbunker MN9	ONBOTA		JO20VQ	0	0	1		209
R	WWBOTA	B/ON-0501		2024-10-01		Abri de Bombardement - Schans van Schilde	ONBOTA		JO21HF	0	0	1		209
R	WWBOTA	B/ON-0502		2024-10-01		Bunker M2a Oelegem	ONBOTA		JO21HE	0	0	1		209
R	WWBOTA	B/ON-0503		2024-10-01		Bunker A22 Oelegem	ONBOTA		JO21HF	0	0	1		209
R	WWBOTA	B/ON-0504		2024-10-01		Bunker A22 Bis Oelegem	ONBOTA		JO21HF	0	0	1		209
R	WWBOTA	B/ON-0505		2024-10-01		Duitse Bunkers Stellung Antwerpen-Turnhout Wieltjes Turnhout	ONBOTA		JO21KH	0	0	1		209
R	WWBOTA	B/ON-0506		2024-10-01		Duitse Bunker 131 Stellung Antwerpen-Oud-Turnhout	ONBOTA		JO21LH	0	0	1		209
R	WWBOTA	B/ON-0507		2024-10-01		Bunker Houffalize	ONBOTA		JO20VC	0	0	1		209
R	WWBOTA	B/ON-0508		2024-10-01		Bunker 44 Grensstelling Zuid-Willemsvaart	ONBOTA		JO21UA	0	0	1		209
R	WWBOTA	B/ON-0509		2024-10-01		Bunker 43 Grensstelling Zuid-Willemsvaart	ONBOTA		JO21UA	0	0	1		209
R	WWBOTA	B/ON-0510		2024-10-01		Bunker 42 Grensstelling Zuid-Willemsvaart	ONBOTA		JO21UB	0	0	1		209
R	WWBOTA	B/ON-0511		2024-10-01		Bunker 41 Grensstelling Zuid-Willemsvaart	ONBOTA		JO21UB	0	0	1		209
R	WWBOTA	B/ON-0512		2024-10-01		Bunker 37 Grensstelling Zuid-Willemsvaart	ONBOTA		JO21UB	0	0	1		209
R	WWBOTA	B/ON-0513		2024-10-01		Bunker 36 Grensstelling Zuid-Willemsvaart	ONBOTA		JO21UC	0	0	1		209
R	WWBOTA	B/ON-0514		2024-10-01		Bunker 34 Grensstelling Zuid-Willemsvaart	ONBOTA		JO21UC	0	0	1		209
R	WWBOTA	B/ON-0515		2024-10-01		Bunker 33 Grensstelling Zuid-Willemsvaart	ONBOTA		JO21UC	0	0	1		209
R	WWBOTA	B/ON-0516		2024-10-01		Bunker 32 Grensstelling Zuid-Willemsvaart	ONBOTA		JO21TC	0	0	1		209
R	WWBOTA	B/ON-0517		2024-10-01		Bunker 31 Grensstelling Zuid-Willemsvaart	ONBOTA		JO21TD	0	0	1		209
R	WWBOTA	B/ON-0518		2024-10-01		Bunker K-16 Grensstelling Zuid-Willemsvaart	ONBOTA		JO21UC	0	0	1		209
R	WWBOTA	B/ON-0519		2024-10-01		Bunker 48 Grensstelling Zuid-Willemsvaart	ONBOTA		JO20UX	0	0	1		209
R	WWBOTA	B/ON-0520		2024-10-01		Bunker 49 Grensstelling Zuid-Willemsvaart	ONBOTA		JO20UX	0	0	1		209
R	WWBOTA	B/ON-0521		2024-10-01		Bunker 50 Grensstelling Zuid-Willemsvaart	ONBOTA		JO20UW	0	0	1		209
R	WWBOTA	B/ON-0522		2024-10-01		Bunker 51 Grensstelling Zuid-Willemsvaart	ONBOTA		JO20UW	0	0	1		209
R	WWBOTA	B/ON-0523		2024-10-01		Bunker 52 Grensstelling Zuid-Willemsvaart	ONBOTA		JO20UW	0	0	1		209
R	WWBOTA	B/ON-0524		2024-10-01		Bunker 53 Grensstelling Zuid-Willemsvaart	ONBOTA		JO20UW	0	0	1		209
R	WWBOTA	B/ON-0525		2024-10-01		Bunker 54 Grensstelling Zuid-Willemsvaart	ONBOTA		JO20UW	0	0	1		209
R	WWBOTA	B/ON-0526		2024-10-01		Bunker BN7 Grensstelling Lanaken	ONBOTA		JO20UV	0	0	1		209
R	WWBOTA	B/ON-0527		2024-10-01		Bunker BN9 Grensstelling Lanaken	ONBOTA		JO20UV	0	0	1		209
R	WWBOTA	B/ON-0528		2024-10-01		Bunker BN9bis Grensstelling Lanaken	ONBOTA		JO20UV	0	0	1		209
R	WWBOTA	B/ON-0529		2024-10-01		Bunker BN10 Grensstelling Lanaken	ONBOTA		JO20UV	0	0	1		209
R	WWBOTA	B/ON-0530		2024-10-01		Bunker BN11 Grensstelling Lanaken	ONBOTA		JO20UV	0	0	1		209
R	WWBOTA	B/ON-0531		2024-10-01		Bunker BN4 Grensstelling Lanaken	ONBOTA		JO20TV	0	0	1		209
R	WWBOTA	B/ON-0532		2024-10-01		Bunker BN3 Grensstelling Lanaken	ONBOTA		JO20TV	0	0	1		209
R	WWBOTA	B/ON-0533		2024-10-01		Bunker BN2 Grensstelling Lanaken	ONBOTA		JO20TV	0	0	1		209
R	WWBOTA	B/ON-0534		2024-10-01		Bunker 2 Dekkingstelling Eigenbilzen-Briegden	ONBOTA		JO20TV	0	0	1		209
R	WWBOTA	B/ON-0535		2024-10-01		Bunker 4 Dekkingstelling Eigenbilzen-Briegden	ONBOTA		JO20TV	0	0	1		209
R	WWBOTA	B/ON-0536		2024-10-01		Mitrailleurbunker C Dekkingstelling Eigenbilzen-Briegden	ONBOTA		JO20TV	0	0	1		209
R	WWBOTA	B/ON-0537		2024-10-01		Mitrailleurbunker D Dekkingstelling Eigenbilzen-Briegden	ONBOTA		JO20TV	0	0	1		209
R	WWBOTA	B/ON-0538		2024-10-01		Bunker 5bis Dekkingstelling Eigenbilzen-Briegden	ONBOTA		JO20SV	0	0	1		209
R	WWBOTA	B/ON-0539		2024-10-01		Bunker Albertkanaal Eigenbilzen	ONBOTA		JO20SV	0	0	1		209
R	WWBOTA	B/ON-0540		2024-10-01		Bunker Albertkanaal Eigenbilzen B	ONBOTA		JO20SV	0	0	1		209
R	WWBOTA	B/ON-0541		2024-10-01		Sluisbunker Diepenbeek D1	ONBOTA		JO20RW	0	0	1		209
R	WWBOTA	B/ON-0542		2024-10-01		Sluisbunker Diepenbeek D2	ONBOTA		JO20RW	0	0	1		209
R	WWBOTA	B/ON-0543		2024-10-01		Sluisbunker Diepenbeek D3	ONBOTA		JO20RW	0	0	1		209
R	WWBOTA	B/ON-0544		2024-10-01		Bunker AV10 Oosterzele	ONBOTA		JO10VX	0	0	1		209
R	WWBOTA	B/ON-0545		2024-10-01		Duitse Bunker E 690	ONBOTA		JO11LF	0	0	1		209
R	WWBOTA	B/ON-0546		2024-10-01		Stutzpunkte (Stp) Blankenberghe Mole	ONBOTA		JO11NH	0	0	1		209
R	WWBOTA	B/ON-0547		2024-10-01		Duits Weerstandsnest Pier Blankenberge	ONBOTA		JO11NH	0	0	1		209
R	WWBOTA	B/ON-0548		2024-10-01		WN Fliegerhorst Knokke - KSS Bunker	ONBOTA		JO11QI	0	0	1		209
R	WWBOTA	B/ON-0549		2024-10-01		Duitse Communicatiebunker	ONBOTA		JO11IB	0	0	1		209
R	WWBOTA	B/ON-0550		2024-10-01		Westertoren voor Sint Walburgakerk Veurne	ONBOTA		JO11HB	0	0	1		209
R	WWBOTA	B/ON-0551		2024-10-01		Atlantikwall - WN Karthäuserdüne	ONBOTA		JO11ID	0	0	1		209
R	WWBOTA	B/ON-0552		2024-10-01		Bunker Nieuwpoort	ONBOTA		JO11ID	0	0	1		209
R	WWBOTA	B/ON-0553		2024-10-01		Bunker B36 Moerhof Sud Adinkerke - De Panne	ONBOTA		JO11GB	0	0	1		209
R	WWBOTA	B/ON-0554		2024-10-01		Atlantikwall - FeldbatterieStützpunkt 049 Adinkerke	ONBOTA		JO11GB	0	0	1		209
R	WWBOTA	B/ON-0555		2024-10-01		Belgische Bunker Oudekapelle	ONBOTA		JO11JA	0	0	1		209
R	WWBOTA	B/ON-0556		2024-10-01		Duitse Communicatiebunker	ONBOTA		JO10NW	0	0	1		209
R	WWBOTA	B/ON-0557		2024-10-01		Flandern I Stellung - Bunker Roeselaarsestraat	ONBOTA		JO10MW	0	0	1		209
R	WWBOTA	B/ON-0558		2024-10-01		Duitse Bunker Dadizele	ONBOTA		JO10NU	0	0	1		209
R	WWBOTA	B/ON-0559		2024-10-01		Duitse Bunker Ieperstraat	ONBOTA		JO10NT	0	0	1		209
R	WWBOTA	B/ON-0560		2024-10-01		Duitse MG-Bunker Moorselestraat	ONBOTA		JO10NT	0	0	1		209
R	WWBOTA	B/ON-0561		2024-10-01		Duitse Bunker Flandern I Stellung Zonnebeke	ONBOTA		JO10LV	0	0	1		209
R	WWBOTA	B/ON-0562		2024-10-01		Duitse Bunker Polygoonbos	ONBOTA		JO10LU	0	0	1		209
R	WWBOTA	B/ON-0563		2024-10-01		Duitse Bunker Reutelbos	ONBOTA		JO10LU	0	0	1		209
R	WWBOTA	B/ON-0564		2024-10-01		Britse Bunker Zonnebeekseweg	ONBOTA		JO10KU	0	0	1		209
R	WWBOTA	B/ON-0565		2024-10-01		Britse Bunker Kruiskalsijdestraat	ONBOTA		JO10KU	0	0	1		209
R	WWBOTA	B/ON-0566		2024-10-01		Britse Bunker Zuiderring	ONBOTA		JO10KU	0	0	1		209
R	WWBOTA	B/ON-0567		2024-10-01		Britse Schuilplaats bij Hellfire Corner	ONBOTA		JO10KU	0	0	1		209
R	WWBOTA	B/ON-0568		2024-10-01		Britse Bunker Meenseweg	ONBOTA		JO10KU	0	0	1		209
R	WWBOTA	B/ON-0569		2024-10-01		Rave- en Schuilbunker Kortermarkstraat te Hooglede	ONBOTA		JO10MX	0	0	1		209
R	WWBOTA	B/ON-0570		2024-10-01		Bunker CTF 1 Grivegnée	ONBOTA		JO20TP	0	0	1		209
R	WWBOTA	B/ON-0571		2024-10-01		Bunker Geheime Ondergrondse Telefooncel 'L1' Chênée	ONBOTA		JO20TO	0	0	1		209
R	WWBOTA	B/ON-0572		2024-10-01		Bunker CTF 4 Chênée	ONBOTA		JO20TO	0	0	1		209
R	WWBOTA	B/ON-0573		2024-10-01		Bunker Geheime Ondergrondse Telefooncel 'Z' Liège	ONBOTA		JO20TO	0	0	1		209
R	WWBOTA	B/ON-0574		2024-10-01		Bunker IR 9 Chênée	ONBOTA		JO20TO	0	0	1		209
R	WWBOTA	B/ON-0575		2024-10-01		Bunker PP 9 A Chiênée	ONBOTA		JO20TO	0	0	1		209
R	WWBOTA	B/ON-0576		2024-10-01		Bunker PP 9 B Chênée	ONBOTA		JO20TO	0	0	1		209
R	WWBOTA	B/ON-0577		2024-10-01		Bunker IR-10 Liège	ONBOTA		JO20TO	0	0	1		209
R	WWBOTA	B/ON-0578		2024-10-01		Bunker Geheime Ondergrondse telefooncel 'T' Vaux-sous-Chèvremont	ONBOTA		JO20TO	0	0	1		209
R	WWBOTA	B/ON-0579		2024-10-01		Bunker CTF 11 Embourg	ONBOTA		JO20TO	0	0	1		209
R	WWBOTA	B/ON-0580		2024-10-01		Bunker EC 1 Chaudfontaine	ONBOTA		JO20TO	0	0	1		209
R	WWBOTA	B/ON-0581		2024-10-01		Bunker EC 2 Chaudfontaine	ONBOTA		JO20TO	0	0	1		209
R	WWBOTA	B/ON-0582		2024-10-01		Bunker EC 3 Chaudfontaine	ONBOTA		JO20TO	0	0	1		209
R	WWBOTA	B/ON-0583		2024-10-01		Bunker EC 4 Chaudfontaine	ONBOTA		JO20TO	0	0	1		209
R	WWBOTA	B/ON-0584		2024-10-01		Bunker CF 1 Chaudfontaine	ONBOTA		JO20TO	0	0	1		209
R	WWBOTA	B/ON-0585		2024-10-01		Bunker CF 2 Chaudfontaine	ONBOTA		JO20TO	0	0	1		209
R	WWBOTA	B/ON-0586		2024-10-01		Bunker CF 4 Romsée	ONBOTA		JO20UO	0	0	1		209
R	WWBOTA	B/ON-0587		2024-10-01		Bunker CF 5 Fléron	ONBOTA		JO20SO	0	0	1		209
R	WWBOTA	B/ON-0588		2024-10-01		Bunker CF 6 Fléron	ONBOTA		JO20UO	0	0	1		209
R	WWBOTA	B/ON-0589		2024-10-01		Bunker Mg 1 Magnée	ONBOTA		JO20UO	0	0	1		209
R	WWBOTA	B/ON-0590		2024-10-01		Bunker Mg 3 Magnée	ONBOTA		JO20UO	0	0	1		209
R	WWBOTA	B/ON-0591		2024-10-01		Bunker Mg 4 Magnée	ONBOTA		JO20UO	0	0	1		209
R	WWBOTA	B/ON-0592		2024-10-01		Bunker CTF 14 Wégimont	ONBOTA		JO20UO	0	0	1		209
R	WWBOTA	B/ON-0593		2024-10-01		Bunker Mi1 Micheroux	ONBOTA		JO20UO	0	0	1		209
R	WWBOTA	B/ON-0594		2024-10-01		Bunker Mi 2 Micheroux	ONBOTA		JO20UO	0	0	1		209
R	WWBOTA	B/ON-0595		2024-10-01		Bunker Mi 3 Micheroux	ONBOTA		JO20UP	0	0	1		209
R	WWBOTA	B/ON-0596		2024-10-01		Bunker FE 1 Retinne	ONBOTA		JO20UP	0	0	1		209
R	WWBOTA	B/ON-0597		2024-10-01		Bunker FE 3 Retinne	ONBOTA		JO20UP	0	0	1		209
R	WWBOTA	B/ON-0598		2024-10-01		Bunker FE 4 Retinne	ONBOTA		JO20UP	0	0	1		209
R	WWBOTA	B/ON-0599		2024-10-01		Bunker FE 6 Retinne	ONBOTA		JO20UP	0	0	1		209
R	WWBOTA	B/ON-0600		2024-10-01		Bunker EB 1 Evegnée	ONBOTA		JO20UP	0	0	1		209
R	WWBOTA	B/ON-0601		2024-10-01		Bunker CF 10-2 Beyne-Heusay	ONBOTA		JO20UO	0	0	1		209
R	WWBOTA	B/ON-0602		2024-10-01		Bunker CTF 9 Neufcour	ONBOTA		JO20TO	0	0	1		209
R	WWBOTA	B/ON-0603		2024-10-01		Bunker CF 4-2 Neufcour	ONBOTA		JO20TO	0	0	1		209
R	WWBOTA	B/ON-0604		2024-10-01		Bunker CF 5-2 Neufcour	ONBOTA		JO20TO	0	0	1		209
R	WWBOTA	B/ON-0605		2024-10-01		Bunker CTF 3 Bois-de-Breux	ONBOTA		JO20TP	0	0	1		209
R	WWBOTA	B/ON-0606		2024-10-01		Bunker IR 6 Jupille	ONBOTA		JO20TP	0	0	1		209
R	WWBOTA	B/ON-0607		2024-10-01		Bunker IR 7 Jupille	ONBOTA		JO20TP	0	0	1		209
R	WWBOTA	B/ON-0608		2024-10-01		Bunker CTF 2 Jupille	ONBOTA		JO20TP	0	0	1		209
R	WWBOTA	B/ON-0609		2024-10-01		Bunker CTF 6 Rabosée	ONBOTA		JO20TP	0	0	1		209
R	WWBOTA	B/ON-0610		2024-10-01		Bunker CTF 7 Saive	ONBOTA		JO20UP	0	0	1		209
R	WWBOTA	B/ON-0611		2024-10-01		Bunker BM 2-2 Saive	ONBOTA		JO20UP	0	0	1		209
R	WWBOTA	B/ON-0612		2024-10-01		Duitse Bunker Haacht	ONBOTA		JO20HX	0	0	1		209
R	WWBOTA	B/ON-0613		2024-10-01		Bunker B8 Nazareth spoorwegbunker	ONBOTA		JO10TX	0	0	1		209
R	WWBOTA	B/ON-0614		2024-10-01		Bunker A32 Hoek Ter Hulst	ONBOTA		JO10VW	0	0	1		209
R	WWBOTA	B/ON-0615		2024-10-01		Bunker Maaseik	ONBOTA		JO21VC	0	0	1		209
R	WWBOTA	B/ON-0616		2024-10-01		Observatiebunker MN11	ONBOTA		JO20VQ	0	0	1		209
R	WWBOTA	B/ON-0617		2024-10-01		Observatiebunker MN12	ONBOTA		JO20VQ	0	0	1		209
R	WWBOTA	B/ON-0618		2024-10-01		Bunker CTF 22 Julémont	ONBOTA		JO20VQ	0	0	1		209
R	WWBOTA	B/ON-0619		2024-10-01		Bunker CTF 21 St-André	ONBOTA		JO20VQ	0	0	1		209
R	WWBOTA	B/ON-0620		2024-10-01		Verdedigingsbunker NV17 van de PFL1	ONBOTA		JO20VR	0	0	1		209
R	WWBOTA	B/ON-0621		2024-10-01		Verdedigingsbunker NV18 van de PFL1	ONBOTA		JO20VR	0	0	1		209
R	WWBOTA	B/ON-0622		2024-10-01		Verdedigingsbunker NV16 van de PFL1	ONBOTA		JO20VR	0	0	1		209
R	WWBOTA	B/ON-0623		2024-10-01		Verdedigingsbunker NV19	ONBOTA		JO20UR	0	0	1		209
R	WWBOTA	B/ON-0624		2024-10-01		Observatiebunker NV6 van de PFL1	ONBOTA		JO20VR	0	0	1		209
R	WWBOTA	B/ON-0625		2024-10-01		Observatiebunker MN25 Labois	ONBOTA		JO20VR	0	0	1		209
R	WWBOTA	B/ON-0626		2024-10-01		Observatiebunker MN24	ONBOTA		JO20VR	0	0	1		209
R	WWBOTA	B/ON-0627		2024-10-01		Observatiebunker MN23	ONBOTA		JO20VR	0	0	1		209
R	WWBOTA	B/ON-0628		2024-10-01		Observatiebunker MN22	ONBOTA		JO20VR	0	0	1		209
R	WWBOTA	B/ON-0629		2024-10-01		Observatiebunker MN18	ONBOTA		JO20VR	0	0	1		209
R	WWBOTA	B/ON-0630		2024-10-01		Observatiebunker MN19	ONBOTA		JO20VR	0	0	1		209
R	WWBOTA	B/ON-0631		2024-10-01		Verdedigingsbunker MN17	ONBOTA		JO20VQ	0	0	1		209
R	WWBOTA	B/ON-0632		2024-10-01		Observatiebunker MN20	ONBOTA		JO20VR	0	0	1		209
R	WWBOTA	B/ON-0633		2024-10-01		Observatiebunker MN28	ONBOTA		JO20VQ	0	0	1		209
R	WWBOTA	B/ON-0634		2024-10-01		Observatiebunker MN29	ONBOTA		JO20VQ	0	0	1		209
R	WWBOTA	B/ON-0635		2024-10-01		Verdedigingsbunker MN6	ONBOTA		JO20VQ	0	0	1		209
R	WWBOTA	B/ON-0636		2024-10-01		Verdedigingsbunker MN7	ONBOTA		JO20VQ	0	0	1		209
R	WWBOTA	B/ON-0637		2024-10-01		Verdedigingsbunker MN31	ONBOTA		JO20VQ	0	0	1		209
R	WWBOTA	B/ON-0638		2024-10-01		Vliegtuigbunker  Flieger Abteilung 6	ONBOTA		JO10OU	0	0	1		209
R	WWBOTA	B/ON-0639		2024-10-01		Kazemat Bunker	ONBOTA		JO10KU	0	0	1		209
R	WWBOTA	B/ON-0640		2024-10-01		Commandobunker Kemmel	ONBOTA		JO10JS	0	0	1		209
R	WWBOTA	B/ON-0641		2024-10-01		Sint-Juliaan Duistebunker	ONBOTA		JO10LV	0	0	1		209
R	WWBOTA	B/ON-0642		2024-10-01		Bunker Vault De Tomtom	ONBOTA		JO10KV	0	0	1		209
R	WWBOTA	B/ON-0643		2024-10-01		Duitse Bunker Lobeek	ONBOTA		JO10KV	0	0	1		209
R	WWBOTA	B/ON-0644		2024-10-01		Bunker Vault Du Sdod	ONBOTA		JO10LS	0	0	1		209
R	WWBOTA	B/ON-0645		2024-10-01		Duitse Bunker Skip Point	ONBOTA		JO10KS	0	0	1		209
R	WWBOTA	B/ON-0646		2024-10-01		Duitse Commandobunker Zandvoorde	ONBOTA		JO10LT	0	0	1		209
R	WWBOTA	B/ON-0647		2024-10-01		Duitse Bunker Zonnebeke	ONBOTA		JO10LU	0	0	1		209
R	WWBOTA	B/ON-0648		2024-10-01		Duitse Bunker Ieper	ONBOTA		JO10LU	0	0	1		209
R	WWBOTA	B/ON-0649		2024-10-01		Britse Bunker Machine Gun Farm	ONBOTA		JO10KU	0	0	1		209
R	WWBOTA	B/ON-0650		2024-10-01		Bunker Oude Heirweg Nazareth	ONBOTA		JO10TX	0	0	1		209
R	WWBOTA	B/ON-0651		2024-10-01		Bunker WW II Brugge	ONBOTA		JO11OE	0	0	1		209
R	WWBOTA	B/ON-0652		2024-10-01		Commandobunker Citadelpark Gent	ONBOTA		JO11UA	0	0	1		209
R	WWBOTA	B/ON-0653		2024-10-01		Bunker A36	ONBOTA		JO10VX	0	0	1		209
R	WWBOTA	B/ON-0654		2024-10-01		Bunker Vault de Elia et Luis Assenede	ONBOTA		JO11UE	0	0	1		209
R	WWBOTA	B/ON-0655		2024-10-01		Duitse Militaire Bunker Assenede	ONBOTA		JO11VF	0	0	1		209
R	WWBOTA	B/ON-0656		2024-10-01		Duitse Militaire Bunker Zedelgem	ONBOTA		JO11OD	0	0	1		209
R	WWBOTA	B/ON-0657		2024-10-01		Munitie Bunker Stekene	ONBOTA		JO21AF	0	0	1		209
R	WWBOTA	B/ON-0658		2024-10-01		Bunker KW-Line Leuven	ONBOTA		JO20IV	0	0	1		209
R	WWBOTA	B/ON-0659		2024-10-01		Bunker Te5-H Leuven	ONBOTA		JO20HU	0	0	1		209
R	WWBOTA	B/ON-0660		2024-10-01		Frontzate Belgische Medische Post Ramskapelle	ONBOTA		JO11JC	0	0	1		209
R	WWBOTA	B/ON-0661		2024-10-01		Tobruk Ringstand Bunker Spoorwegbedding Frontzate	ONBOTA		JO11JC	0	0	1		209
R	WWBOTA	B/ON-0662		2024-10-01		Belgische MG-bunker Frontzate	ONBOTA		JO11JC	0	0	1		209
R	WWBOTA	B/ON-0663		2024-10-01		Mitrailleurs- en observatiepost Station Ramskapelle	ONBOTA		JO11JC	0	0	1		209
R	WWBOTA	B/ON-0664		2024-10-01		Belgische Mitrailleurpost A Diksmuide	ONBOTA		JO11JB	0	0	1		209
R	WWBOTA	B/ON-0665		2024-10-01		Belgische Mitrailleurpost B Diksmuide	ONBOTA		JO11JB	0	0	1		209
R	WWBOTA	B/ON-0666		2024-10-01		Duitse militaire post voormalige spoorlijn 62	ONBOTA		JO11MC	0	0	1		209
R	WWBOTA	B/ON-0667		2024-10-01		Observatiebunker MM12 van de PFL1	ONBOTA		JO20WP	0	0	1		209
R	WWBOTA	B/ON-0668		2024-10-01		Kleine eenmans Bunker Londerzeel	ONBOTA		JO21DA	0	0	1		209
R	WWBOTA	B/ON-0669		2024-10-01		Sudabschnitt 29 en 30	ONBOTA		JO21DB	0	0	1		209
R	WWBOTA	B/ON-0670		2024-10-01		Bunker PA-CR1	ONBOTA		JO20XH	0	0	1		209
R	WWBOTA	B/ON-0671		2024-10-01		Bunker PA-CR2	ONBOTA		JO20XH	0	0	1		209
R	WWBOTA	B/ON-0672		2024-10-01		Bunker PA-CR3	ONBOTA		JO20XH	0	0	1		209
R	WWBOTA	B/ON-0673		2024-10-01		Bunker CR4	ONBOTA		JO20XH	0	0	1		209
R	WWBOTA	B/ON-0674		2024-10-01		Bunker CR5	ONBOTA		JO20XH	0	0	1		209
R	WWBOTA	B/ON-0675		2024-10-01		Bunker PA-CR2 Vielsalm	ONBOTA		JO20XG	0	0	1		209
R	WWBOTA	B/ON-0676		2024-10-01		Bunker PA-CR3 Vielsalm	ONBOTA		JO20XG	0	0	1		209
R	WWBOTA	B/ON-0677		2024-10-01		Bunker PA-CR4 Vielsalm	ONBOTA		JO20XG	0	0	1		209
R	WWBOTA	B/ON-0678		2024-10-01		Bunker PA-CR6 Vielsalm	ONBOTA		JO20XG	0	0	1		209
R	WWBOTA	B/ON-0679		2024-10-01		Bunker PA-CR8 Vielsalm	ONBOTA		JO20XG	0	0	1		209
R	WWBOTA	B/ON-0680		2024-10-01		Bunker PA-1 Fortifiee de Liege I	ONBOTA		JO20WG	0	0	1		209
R	WWBOTA	B/ON-0681		2024-10-01		Bunker PA-4 Fortifiee de Liege I	ONBOTA		JO20XF	0	0	1		209
R	WWBOTA	B/ON-0682		2024-10-01		Bunker PA-5 Fortifiee de Liege I	ONBOTA		JO20XF	0	0	1		209
R	WWBOTA	B/ON-0683		2024-10-01		Bunker PA-7 Fortifiee de Liege I	ONBOTA		JO20XF	0	0	1		209
R	WWBOTA	B/ON-0684		2024-10-01		Bunker PA-8 Fortifiee de Liege I	ONBOTA		JO20XF	0	0	1		209
R	WWBOTA	B/ON-0685		2024-10-01		Bunker PA-9 Fortifiee de Liege I	ONBOTA		JO20XF	0	0	1		209
R	WWBOTA	B/ON-0686		2024-10-01		Bunker 32	ONBOTA		JO21EB	0	0	1		209
R	WWBOTA	B/ON-0687		2024-10-01		Bunkers Willebroek Blaasveld	ONBOTA		JO21EB	0	0	1		209
R	WWBOTA	B/ON-0688		2024-10-01		Bunker Willebroek Blaasveld	ONBOTA		JO21EB	0	0	1		209
R	WWBOTA	B/ON-0689		2024-10-01		Duitse observatiebunker Oude baan Beveren-Waas	ONBOTA		JO21CE	0	0	1		209
R	WWBOTA	B/ON-0690		2024-10-01		Bunker Oude baan Beveren-Waas	ONBOTA		JO21CE	0	0	1		209
R	WWBOTA	B/ON-0691		2024-10-01		Bunker Oude baan Beveren-Waas	ONBOTA		JO21CE	0	0	1		209
R	WWBOTA	B/ON-0692		2024-10-01		Bunker Oude baan Beveren-Waas	ONBOTA		JO21CE	0	0	1		209
R	WWBOTA	B/ON-0693		2024-10-01		Duitse Commandobunker 622  Stadspark Antwerpen	ONBOTA		JO21EF	0	0	1		209
R	WWBOTA	B/ON-0694		2024-10-01		Duitse ST608-A Bunker Stadspark Antwerpen	ONBOTA		JO21EF	0	0	1		209
R	WWBOTA	B/ON-0695		2024-10-01		Duitse ST608-B Bunker Stadspark Antwerpen	ONBOTA		JO21EF	0	0	1		209
R	WWBOTA	B/ON-0696		2024-10-01		Duitse Manschappenbunker	ONBOTA		JO11QH	0	0	1		209
R	WWBOTA	B/ON-0697		2024-10-01		Linie Bunker Bruggenhoofd Gent	ONBOTA		JO10SX	0	0	1		209
R	WWBOTA	B/ON-0698		2024-10-01		Duitse Bunker Menen-Riegel Lageweg	ONBOTA		JO10NS	0	0	1		209
R	WWBOTA	B/ON-0699		2024-10-01		Duitse Bunker Menen Lageweg	ONBOTA		JO10NS	0	0	1		209
R	WWBOTA	B/ON-0700		2024-10-01		Duitse Bunker Ch. Cappellestraat	ONBOTA		JO10NT	0	0	1		209
R	WWBOTA	B/ON-0701		2024-10-01		Duitse Bunker Veldstraat	ONBOTA		JO10NT	0	0	1		209
R	WWBOTA	B/ON-0702		2024-10-01		Duitse Bunker Menenstraat	ONBOTA		JO10NT	0	0	1		209
R	WWBOTA	B/ON-0703		2024-10-01		Duitse Bunker Kardinaal Cardijnlaan	ONBOTA		JO10NT	0	0	1		209
R	WWBOTA	B/ON-0704		2024-10-01		Duitse Bunker Poststraat	ONBOTA		JO10NT	0	0	1		209
R	WWBOTA	B/ON-0705		2024-10-01		Bunker Doorniksewijk	ONBOTA		JO10PT	0	0	1		209
R	WWBOTA	B/ON-0706		2024-10-01		Duitse Bunker Dadizelestraat	ONBOTA		JO10NT	0	0	1		209
R	WWBOTA	B/ON-0707		2024-10-01		Duitse Bunker Geluwestraat	ONBOTA		JO10NU	0	0	1		209
R	WWBOTA	B/ON-0708		2024-10-01		Duitse MG Bunker Geluwestraat	ONBOTA		JO10NU	0	0	1		209
R	WWBOTA	B/ON-0709		2024-10-01		Duitse Bunkers (2) Oliekotstraat	ONBOTA		JO10NU	0	0	1		209
R	WWBOTA	B/ON-0710		2024-10-01		Duitse Bunker Dadizeele Bakkerhoekstraat	ONBOTA		JO10NU	0	0	1		209
R	WWBOTA	B/ON-0711		2024-10-01		Duitse Bunker Kasteelstraat	ONBOTA		JO10NU	0	0	1		209
R	WWBOTA	B/ON-0712		2024-10-01		Duitse Bunker Kasteelstraat	ONBOTA		JO10NU	0	0	1		209
R	WWBOTA	B/ON-0713		2024-10-01		Duitse Bunker Kortrijksestraat	ONBOTA		JO10NU	0	0	1		209
R	WWBOTA	B/ON-0714		2024-10-01		Duitse Bunker Kezelbergroute Moorslede	ONBOTA		JO10NU	0	0	1		209
R	WWBOTA	B/ON-0715		2024-10-01		Duitse MG Bunker Kezelbergroute Ledegem	ONBOTA		JO10NU	0	0	1		209
R	WWBOTA	B/ON-0716		2024-10-01		Duitse Bunker A Moorsele Airfield	ONBOTA		JO10NU	0	0	1		209
R	WWBOTA	B/ON-0717		2024-10-01		Duitse Bunker B Moorsele Airfield	ONBOTA		JO10NU	0	0	1		209
R	WWBOTA	B/ON-0718		2024-10-01		Duitse Commando Bunker	ONBOTA		JO10NU	0	0	1		209
R	WWBOTA	B/ON-0719		2024-10-01		Hollandstellung Duitse Bunker Nr.5	ONBOTA		JO11QF	0	0	1		209
R	WWBOTA	B/ON-0720		2024-10-01		Hollandstellung Duitse Bunker Nr.4	ONBOTA		JO11QG	0	0	1		209
R	WWBOTA	B/ON-0721		2024-10-01		Hollandstellung Duitse Bunker	ONBOTA		JO11QG	0	0	1		209
R	WWBOTA	B/ON-0722		2024-10-01		Hollandstellung Duitse Bunker	ONBOTA		JO11QG	0	0	1		209
R	WWBOTA	B/ON-0723		2024-10-01		Duitse Bunker Polderken	ONBOTA		JO11QF	0	0	1		209
R	WWBOTA	B/ON-0724		2024-10-01		Hollandstellung Duitse Bunker Schipdonk Canal	ONBOTA		JO11QF	0	0	1		209
R	WWBOTA	B/ON-0725		2024-10-01		Hollandstellung Duitse Bunker Schipdonk Canal	ONBOTA		JO11QF	0	0	1		209
R	WWBOTA	B/ON-0726		2024-10-01		Hollandstellung Duitse Bunker Dijkstraat	ONBOTA		JO11RF	0	0	1		209
R	WWBOTA	B/ON-0727		2024-10-01		Hollandstellung Paddepoelewatergang	ONBOTA		JO11RF	0	0	1		209
R	WWBOTA	B/ON-0728		2024-10-01		Hollandstellung Duitse Bunker Dijkstraat	ONBOTA		JO11RF	0	0	1		209
R	WWBOTA	B/ON-0729		2024-10-01		Hollandstellung Duitse Bunker Dijkstraat	ONBOTA		JO11RF	0	0	1		209
R	WWBOTA	B/ON-0730		2024-10-01		Hollandstellung Duitse Bunker Maldegem - Stroobrugge	ONBOTA		JO11RF	0	0	1		209
R	WWBOTA	B/ON-0731		2024-10-01		Hollandstellung Duitse MG Bunker	ONBOTA		JO11RF	0	0	1		209
R	WWBOTA	B/ON-0732		2024-10-01		Hollandstellung Duiste Bunker Strobrugge	ONBOTA		JO11RF	0	0	1		209
R	WWBOTA	B/ON-0733		2024-10-01		Hollandstellung Duiste Bunker Strobrugge	ONBOTA		JO11RF	0	0	1		209
R	WWBOTA	B/ON-0734		2024-10-01		Hollandstellung Duitse Bunker Celieplasbeke	ONBOTA		JO11RF	0	0	1		209
R	WWBOTA	B/ON-0735		2024-10-01		Zoeklicht Bunker + Type L14 Maldegem	ONBOTA		JO11RE	0	0	1		209
R	WWBOTA	B/ON-0736		2024-10-01		Duitse Bunkers 1-4 Fliegerhorst Maldegem	ONBOTA		JO11RE	0	0	1		209
R	WWBOTA	B/ON-0737		2024-10-01		Duitse Bunker Manschappen Schipdonk Canal L02	ONBOTA		JO11SF	0	0	1		209
R	WWBOTA	B/ON-0738		2024-10-01		Duitse Bunker Manschappen Schipdonk Canal L03	ONBOTA		JO11SF	0	0	1		209
R	WWBOTA	B/ON-0739		2024-10-01		Duitse Bunker Manschappen Schipdonk Canal L05	ONBOTA		JO11SF	0	0	1		209
R	WWBOTA	B/ON-0740		2024-10-01		Duitse Bunker Manschappen Schipdonk Canal L06	ONBOTA		JO11SF	0	0	1		209
R	WWBOTA	B/ON-0741		2024-10-01		Duitse Bunker Manschappen Schipdonk Canal L04	ONBOTA		JO11SF	0	0	1		209
R	WWBOTA	B/ON-0742		2024-10-01		Duitse Hollandstellung Boterhoek L01 Eeklo	ONBOTA		JO11SF	0	0	1		209
R	WWBOTA	B/ON-0743		2024-10-01		Duitse Hollandstellung L10 Eeklo	ONBOTA		JO11SF	0	0	1		209
R	WWBOTA	B/ON-0744		2024-10-01		Duitse Bunker A-B	ONBOTA		JO11TG	0	0	1		209
R	WWBOTA	B/ON-0745		2024-10-01		Duitse MG Bunker	ONBOTA		JO11TG	0	0	1		209
R	WWBOTA	B/ON-0746		2024-10-01		Observatie Bunker SL W2 06	ONBOTA		JO11TG	0	0	1		209
R	WWBOTA	B/ON-0747		2024-10-01		Kleine MG Bunker SL W2 04	ONBOTA		JO11TG	0	0	1		209
R	WWBOTA	B/ON-0748		2024-10-01		Duitse Bunker Hollandstellung Ee L02	ONBOTA		JO11SE	0	0	1		209
R	WWBOTA	B/ON-0749		2024-10-01		Duitse Bunker Balgerhoeke Eeklo	ONBOTA		JO11SE	0	0	1		209
R	WWBOTA	B/ON-0750		2024-10-01		Duitse Bunker Hollandstellung Ee L04	ONBOTA		JO11SE	0	0	1		209
R	WWBOTA	B/ON-0751		2024-10-01		Duitse Bunker Hollandstellung Ee L05	ONBOTA		JO11SE	0	0	1		209
R	WWBOTA	B/ON-0752		2024-10-01		Duitse Wachtpost Bunker Spoorlijn Eeklo	ONBOTA		JO11SE	0	0	1		209
R	WWBOTA	B/ON-0753		2024-10-01		Duitse Bunker Hollandstellung Ee L08	ONBOTA		JO11SE	0	0	1		209
R	WWBOTA	B/ON-0754		2024-10-01		Duitse Bunker Hollandstellung Ee L09	ONBOTA		JO11SE	0	0	1		209
R	WWBOTA	B/ON-0755		2024-10-01		Duitse Bunker Hollandstellung Ee L07	ONBOTA		JO11SE	0	0	1		209
R	WWBOTA	B/ON-0756		2024-10-01		Duitse Bunker Hollandstellung Ee L11	ONBOTA		JO11TE	0	0	1		209
R	WWBOTA	B/ON-0757		2024-10-01		Duitse Bunker Hollandstellung Ee L13	ONBOTA		JO11TE	0	0	1		209
R	WWBOTA	B/ON-0758		2024-10-01		Duitse Bunker Hollandstellung Ee L14 MG	ONBOTA		JO11TE	0	0	1		209
R	WWBOTA	B/ON-0759		2024-10-01		Duitse Bunker Hollandstellung Ee L16 MG	ONBOTA		JO11TE	0	0	1		209
R	WWBOTA	B/ON-0760		2024-10-01		Duitse Bunker Hollandstellung Le L02	ONBOTA		JO11TE	0	0	1		209
R	WWBOTA	B/ON-0761		2024-10-01		Duitse Bunker Hollandstellung Le L03 MG	ONBOTA		JO11TE	0	0	1		209
R	WWBOTA	B/ON-0762		2024-10-01		Duitse Bunker Hollandstellung Le L05	ONBOTA		JO11TE	0	0	1		209
R	WWBOTA	B/ON-0763		2024-10-01		Duitse Bunker Hollandstellung Le L23	ONBOTA		JO11TE	0	0	1		209
R	WWBOTA	B/ON-0764		2024-10-01		Duitse Bunker Hollandstellung Le L10 MG	ONBOTA		JO11TE	0	0	1		209
R	WWBOTA	B/ON-0765		2024-10-01		Duitse Bunker Hollandstellung Le L06	ONBOTA		JO11TE	0	0	1		209
R	WWBOTA	B/ON-0766		2024-10-01		Duitse Bunker Hollandstellung Le	ONBOTA		JO11TE	0	0	1		209
R	WWBOTA	B/ON-0767		2024-10-01		Duitse Observatie Bunker Le L11	ONBOTA		JO11TE	0	0	1		209
R	WWBOTA	B/ON-0768		2024-10-01		Duitse Bunker Hollandstellung Le L12	ONBOTA		JO11TE	0	0	1		209
R	WWBOTA	B/ON-0769		2024-10-01		Duitse Bunker Hollandstellung Le L13 MG	ONBOTA		JO11TE	0	0	1		209
R	WWBOTA	B/ON-0770		2024-10-01		Duitse Bunker Hollandstellung Le L17	ONBOTA		JO11TE	0	0	1		209
R	WWBOTA	B/ON-0771		2024-10-01		Duitse Bunker Hollandstellung Le L15 MG	ONBOTA		JO11TE	0	0	1		209
R	WWBOTA	B/ON-0772		2024-10-01		Duitse Bunker Hollandstellung Le L16	ONBOTA		JO11TE	0	0	1		209
R	WWBOTA	B/ON-0773		2024-10-01		Duitse Bunker Hollandstellung Oe L06 MG	ONBOTA		JO11TE	0	0	1		209
R	WWBOTA	B/ON-0774		2024-10-01		Duitse Bunker Hollandstellung Oe L11	ONBOTA		JO11TE	0	0	1		209
R	WWBOTA	B/ON-0775		2024-10-01		Duitse Bunker Hollandstellung Oe L07	ONBOTA		JO11TE	0	0	1		209
R	WWBOTA	B/ON-0776		2024-10-01		Duitse Observatie Bunker Oe L10	ONBOTA		JO11TE	0	0	1		209
R	WWBOTA	B/ON-0777		2024-10-01		Duitse Observatie Bunker Oe L09	ONBOTA		JO11UE	0	0	1		209
R	WWBOTA	B/ON-0778		2024-10-01		Duitse Bunker Hollandstellung Oe L08	ONBOTA		JO11UE	0	0	1		209
R	WWBOTA	B/ON-0779		2024-10-01		Duitse Bunker Hollandstellung Oe L24	ONBOTA		JO11UE	0	0	1		209
R	WWBOTA	B/ON-0780		2024-10-01		Duitse Bunker Hollandstellung Oe L12	ONBOTA		JO11UE	0	0	1		209
R	WWBOTA	B/ON-0781		2024-10-01		Duitse Bunker Hollandstellung Oe L13	ONBOTA		JO11UE	0	0	1		209
R	WWBOTA	B/ON-0782		2024-10-01		Duitse Observatie Bunker Oe L16 + Oe L15 MG	ONBOTA		JO11UE	0	0	1		209
R	WWBOTA	B/ON-0783		2024-10-01		Duitse Observatie Bunker Oe L19	ONBOTA		JO11UE	0	0	1		209
R	WWBOTA	B/ON-0784		2024-10-01		Duitse Bunker Hollandstellung Oe L18 MG	ONBOTA		JO11UE	0	0	1		209
R	WWBOTA	B/ON-0785		2024-10-01		Duitse Bunker Hollandstellung Ev L08	ONBOTA		JO11UE	0	0	1		209
R	WWBOTA	B/ON-0786		2024-10-01		Duitse Bunker Hollandstellung Ev L09	ONBOTA		JO11UE	0	0	1		209
R	WWBOTA	B/ON-0787		2024-10-01		Duitse Bunker Hollandstellung Ev L11	ONBOTA		JO11UE	0	0	1		209
R	WWBOTA	B/ON-0788		2024-10-01		Duitse Bunker Hollandstellung Ev L12 MG	ONBOTA		JO11UE	0	0	1		209
R	WWBOTA	B/ON-0789		2024-10-01		Duitse Bunker Hollandstellung Ev L13 MG	ONBOTA		JO11UE	0	0	1		209
R	WWBOTA	B/ON-0790		2024-10-01		Duitse Bunker Hollandstellung Ev L15	ONBOTA		JO11UE	0	0	1		209
R	WWBOTA	B/ON-0791		2024-10-01		Duitse Bunker Hollandstellung Ev L19 MG	ONBOTA		JO11UE	0	0	1		209
R	WWBOTA	B/ON-0792		2024-10-01		Duitse Bunker Hollandstellung Ev L22	ONBOTA		JO11UE	0	0	1		209
R	WWBOTA	B/ON-0793		2024-10-01		Duitse Bunker Hollandstellung Ev L23 MG	ONBOTA		JO11UE	0	0	1		209
R	WWBOTA	B/ON-0794		2024-10-01		Duitse Bunker Hollandstellung Ev L24	ONBOTA		JO11UE	0	0	1		209
R	WWBOTA	B/ON-0795		2024-10-01		Duitse Bunker Hollandstellung Ev L37	ONBOTA		JO11UD	0	0	1		209
R	WWBOTA	B/ON-0796		2024-10-01		Duitse Bunker Hollandstellung Kl L04	ONBOTA		JO11UD	0	0	1		209
R	WWBOTA	B/ON-0797		2024-10-01		Duitse Bunker Hollandstellung Ev L07	ONBOTA		JO11VE	0	0	1		209
R	WWBOTA	B/ON-0798		2024-10-01		Duitse Bunker Hollandstellung Ev L06	ONBOTA		JO11VE	0	0	1		209
R	WWBOTA	B/ON-0799		2024-10-01		Duitse Bunker Hollandstellung Ev L05	ONBOTA		JO11VE	0	0	1		209
R	WWBOTA	B/ON-0800		2024-10-01		Duitse Bunker Hollandstellung Ev L05	ONBOTA		JO11VE	0	0	1		209
R	WWBOTA	B/ON-0801		2024-10-01		CPRA Menen	ONBOTA		JO10NT	0	0	1		209
R	WWBOTA	B/ON-0802		2024-10-01		Duitse Bunker Menen	ONBOTA		JO10NT	0	0	1		209
R	WWBOTA	B/ON-0803		2024-10-01		Duitse Bunker Air Field Bissegem	ONBOTA		JO10OT	0	0	1		209
R	WWBOTA	B/ON-0804		2024-10-01		Bunker KW Line BL9 Rixensaert	ONBOTA		JO20GR	0	0	1		209
R	WWBOTA	B/ON-0805		2024-10-01		Bunker KW Line BL8 Rixensaert	ONBOTA		JO20GR	0	0	1		209
R	WWBOTA	B/ON-0806		2024-10-01		Bunker KW Line BL7 Rixensaert	ONBOTA		JO20GR	0	0	1		209
R	WWBOTA	B/ON-0807		2024-10-01		Bunker KW Line BL6 Rixensaert	ONBOTA		JO20GR	0	0	1		209
R	WWBOTA	B/ON-0808		2024-10-01		Bunker KW Line BL5 Rixensaert	ONBOTA		JO20GR	0	0	1		209
R	WWBOTA	B/ON-0809		2024-10-01		Bunker KW Line BL4 Rixensaert	ONBOTA		JO20GR	0	0	1		209
R	WWBOTA	B/ON-0810		2024-10-01		Bunker KW Line BL3 Rixensaert	ONBOTA		JO20GR	0	0	1		209
R	WWBOTA	B/ON-0811		2024-10-01		Bunker KW Line BL1 Rixensaert	ONBOTA		JO20GR	0	0	1		209
R	WWBOTA	B/ON-0812		2024-10-01		Bunker KW Line BB1 Wavre	ONBOTA		JO20HR	0	0	1		209
R	WWBOTA	B/ON-0813		2024-10-01		Bunker KW Line BB2 Wavre	ONBOTA		JO20HR	0	0	1		209
R	WWBOTA	B/ON-0814		2024-10-01		Bunker KW Line BB3 Wavre	ONBOTA		JO20HR	0	0	1		209
R	WWBOTA	B/ON-0815		2024-10-01		Bunker KW Line BB4 Wavre	ONBOTA		JO20HR	0	0	1		209
R	WWBOTA	B/ON-0816		2024-10-01		Bunker KW Line BB5 Wavre	ONBOTA		JO20HR	0	0	1		209
R	WWBOTA	B/ON-0817		2024-10-01		Bunker KW Line BB6 Wavre	ONBOTA		JO20HR	0	0	1		209
R	WWBOTA	B/ON-0818		2024-10-01		Bunker KW Line BB7 Wavre	ONBOTA		JO20HR	0	0	1		209
R	WWBOTA	B/ON-0819		2024-10-01		Bunker KW Line BB8 Wavre	ONBOTA		JO20HR	0	0	1		209
R	WWBOTA	B/ON-0820		2024-10-01		Bunker KW Line SB1 Wavre	ONBOTA		JO20HR	0	0	1		209
R	WWBOTA	B/ON-0821		2024-10-01		Bunker KW Line SB2 Wavre	ONBOTA		JO20HR	0	0	1		209
R	WWBOTA	B/ON-0822		2024-10-01		Bunker KW Line LW1 Leuven	ONBOTA		JO20IU	0	0	1		209
R	WWBOTA	B/ON-0823		2024-10-01		Bunker KW Line LW2 Korbeek Dijle	ONBOTA		JO20HU	0	0	1		209
R	WWBOTA	B/ON-0824		2024-10-01		Bunker KW Line LW3 Korbeek Dijle	ONBOTA		JO20HU	0	0	1		209
R	WWBOTA	B/ON-0825		2024-10-01		Bunker KW Line LW4 Korbeek Dijle	ONBOTA		JO20HU	0	0	1		209
R	WWBOTA	B/ON-0826		2024-10-01		Bunker KW Line LW5 Korbeek Dijle	ONBOTA		JO20HT	0	0	1		209
R	WWBOTA	B/ON-0827		2024-10-01		Bunker KW Line LW6 Sint Agatha Rode	ONBOTA		JO20HT	0	0	1		209
R	WWBOTA	B/ON-0828		2024-10-01		Bunker KW Line LW7 Sint Agatha Rode	ONBOTA		JO20HT	0	0	1		209
R	WWBOTA	B/ON-0829		2024-10-01		Bunker KW Line LW8 Sint Agatha Rode	ONBOTA		JO20HT	0	0	1		209
R	WWBOTA	B/ON-0830		2024-10-01		Bunker KW Line LW9 Sint Agatha Rode	ONBOTA		JO20HS	0	0	1		209
R	WWBOTA	B/ON-0831		2024-10-01		Bunker KW Line LW10 Sint Agatha Rode	ONBOTA		JO20HS	0	0	1		209
R	WWBOTA	B/ON-0832		2024-10-01		Bunker KW Line LW11 Veeweidestraat	ONBOTA		JO20HS	0	0	1		209
R	WWBOTA	B/ON-0833		2024-10-01		Bunker KW Line LW13 Klabbeekstraat	ONBOTA		JO20HS	0	0	1		209
R	WWBOTA	B/ON-0834		2024-10-01		Bunker KW Line LW14 Bouly	ONBOTA		JO20HS	0	0	1		209
R	WWBOTA	B/ON-0835		2024-10-01		Bunker KW Line LW15 Monts	ONBOTA		JO20HR	0	0	1		209
R	WWBOTA	B/ON-0836		2024-10-01		Bunker KW Line LW16 Gastuche	ONBOTA		JO20HR	0	0	1		209
R	WWBOTA	B/ON-0837		2024-10-01		Bunker KW Line LW17 Chaussee de Wavre	ONBOTA		JO20HR	0	0	1		209
R	WWBOTA	B/ON-0838		2024-10-01		Bunker KW Line LW18 Chaussee de Wavre	ONBOTA		JO20HR	0	0	1		209
R	WWBOTA	B/ON-0839		2024-10-01		Bunker KW Line LW19 Warlandes Wavre	ONBOTA		JO20HR	0	0	1		209
R	WWBOTA	B/ON-0840		2024-10-01		Bunker KW Line LW20 Avenue de la Belle Voie Wavre	ONBOTA		JO20HR	0	0	1		209
R	WWBOTA	B/ON-0841		2024-10-01		Bunker KW Line LW21 Leuven - Wavre	ONBOTA		JO20HR	0	0	1		209
R	WWBOTA	B/ON-0842		2024-10-01		Bunker KW Line C50 Wavre	ONBOTA		JO20GR	0	0	1		209
R	WWBOTA	B/ON-0843		2024-10-01		Bunker KW Line C49 Wavre Bawette	ONBOTA		JO20HR	0	0	1		209
R	WWBOTA	B/ON-0844		2024-10-01		Bunker KW Line C48	ONBOTA		JO20GR	0	0	1		209
R	WWBOTA	B/ON-0845		2024-10-01		Bunker KW Line C47 Ottenburg	ONBOTA		JO20HR	0	0	1		209
R	WWBOTA	B/ON-0846		2024-10-01		Bunker Schuilkelder Overijse	ONBOTA		JO20GS	0	0	1		209
R	WWBOTA	B/ON-0847		2024-10-01		Bunker KW Line C46 Mommaertstraat	ONBOTA		JO20GS	0	0	1		209
R	WWBOTA	B/ON-0848		2024-10-01		Bunker KW Line C45 Bollestraat Overijse	ONBOTA		JO20HS	0	0	1		209
R	WWBOTA	B/ON-0849		2024-10-01		Bunker KW Line VB45 Kampelaar	ONBOTA		JO20GW	0	0	1		209
R	WWBOTA	B/ON-0850		2024-10-01		Bunker KW Line C30 Relst	ONBOTA		JO20HW	0	0	1		209
R	WWBOTA	B/ON-0851		2024-10-01		Bunker KW Line VB47 Wilder	ONBOTA		JO20HW	0	0	1		209
R	WWBOTA	B/ON-0852		2024-10-01		Bunker KW Line C32 Wilder	ONBOTA		JO20HW	0	0	1		209
R	WWBOTA	B/ON-0853		2024-10-01		Bunker KW Line VB49 Zonnewoud	ONBOTA		JO20HV	0	0	1		209
R	WWBOTA	B/ON-0854		2024-10-01		Bunker KW Line VB51 Beisem	ONBOTA		JO20HV	0	0	1		209
R	WWBOTA	B/ON-0855		2024-10-01		Bunker KW Line C34	ONBOTA		JO20HV	0	0	1		209
R	WWBOTA	B/ON-0856		2024-10-01		Bunker KW Line VB53	ONBOTA		JO20HV	0	0	1		209
R	WWBOTA	B/ON-0857		2024-10-01		Bunker KW Line C36  Hoogveldbaan Bertem	ONBOTA		JO20HU	0	0	1		209
R	WWBOTA	B/ON-0858		2024-10-01		Bunker KW Line TE1 Terbank	ONBOTA		JO20IU	0	0	1		209
R	WWBOTA	B/ON-0859		2024-10-01		Bunker KW Line TE2 Terbank	ONBOTA		JO20IU	0	0	1		209
R	WWBOTA	B/ON-0860		2024-10-01		Bunker KW Line TE3 Terbank	ONBOTA		JO20IU	0	0	1		209
R	WWBOTA	B/ON-0861		2024-10-01		Bunker KW Line TE4 Terbank	ONBOTA		JO20IU	0	0	1		209
R	WWBOTA	B/ON-0862		2024-10-01		Bunker KW Line TE6 Terbank	ONBOTA		JO20HU	0	0	1		209
R	WWBOTA	B/ON-0863		2024-10-01		Bunker KW Line TE8 Terbank	ONBOTA		JO20HU	0	0	1		209
R	WWBOTA	B/ON-0864		2024-10-01		Bunker KW Line TE9 Terbank	ONBOTA		JO20IU	0	0	1		209
R	WWBOTA	B/ON-0865		2024-10-01		Bunker KW Line MS1 Terbank	ONBOTA		JO20IV	0	0	1		209
R	WWBOTA	B/ON-0866		2024-10-01		Bunker KW Line MS3 Mechelsevest	ONBOTA		JO20IV	0	0	1		209
R	WWBOTA	B/ON-0867		2024-10-01		Bunker KW Line MS7 Mechelsevest	ONBOTA		JO20IV	0	0	1		209
R	WWBOTA	B/ON-0868		2024-10-01		Bunker KW Line MS8 Mechelsevest	ONBOTA		JO20IV	0	0	1		209
R	WWBOTA	B/ON-0869		2024-10-01		Bunker KW Line RO3 Roeselberg	ONBOTA		JO20IV	0	0	1		209
R	WWBOTA	B/ON-0870		2024-10-01		Bunker KW Line HE3 Herent	ONBOTA		JO20IV	0	0	1		209
R	WWBOTA	B/ON-0871		2024-10-01		Bunker KW Line HE6 Herent	ONBOTA		JO20IV	0	0	1		209
R	WWBOTA	B/ON-0872		2024-10-01		Bunker KW Line HE7 Herent	ONBOTA		JO20IV	0	0	1		209
R	WWBOTA	B/ON-0873		2024-10-01		Bunker KW Line HE8 Herent	ONBOTA		JO20HV	0	0	1		209
R	WWBOTA	B/ON-0874		2024-10-01		Bunker KW Line HE9 Herent	ONBOTA		JO20HV	0	0	1		209
R	WWBOTA	B/ON-0875		2024-10-01		Bunker KW Line DO3 Doren	ONBOTA		JO20HV	0	0	1		209
R	WWBOTA	B/ON-0876		2024-10-01		Bunker KW Line C4 Herent	ONBOTA		JO20IW	0	0	1		209
R	WWBOTA	B/ON-0877		2024-10-01		Bunker KW Line C9 Wilsele	ONBOTA		JO20IW	0	0	1		209
R	WWBOTA	B/ON-0878		2024-10-01		Bunker KW Line C8 Wilsele	ONBOTA		JO20IW	0	0	1		209
R	WWBOTA	B/ON-0879		2024-10-01		Bunker KW Line A13 Herent Vaartdijk	ONBOTA		JO20IW	0	0	1		209
R	WWBOTA	B/ON-0880		2024-10-01		Bunker KW Line A12 Herent Vaartdijk	ONBOTA		JO20IW	0	0	1		209
R	WWBOTA	B/ON-0881		2024-10-01		Bunker KW Line A11 Herent Vaartdijk	ONBOTA		JO20IW	0	0	1		209
R	WWBOTA	B/ON-0882		2024-10-01		Bunker KW Line A10 Herent Vaartdijk	ONBOTA		JO20IW	0	0	1		209
R	WWBOTA	B/ON-0883		2024-10-01		Bunker KW Line C6 Herent	ONBOTA		JO20IW	0	0	1		209
R	WWBOTA	B/ON-0884		2024-10-01		Bunker KW Line C5 Herent	ONBOTA		JO20IW	0	0	1		209
R	WWBOTA	B/ON-0885		2024-10-01		Bunker KW Line A8 Herent Vaartdijk	ONBOTA		JO20IW	0	0	1		209
R	WWBOTA	B/ON-0886		2024-10-01		Bunker KW Line A7 Herent Vaartdijk	ONBOTA		JO20IW	0	0	1		209
R	WWBOTA	B/ON-0887		2024-10-01		Bunker KW Line A6 Herent Vaartdijk	ONBOTA		JO20IW	0	0	1		209
R	WWBOTA	B/ON-0888		2024-10-01		Bunker KW Line A5 Herent Vaartdijk	ONBOTA		JO20IW	0	0	1		209
R	WWBOTA	B/ON-0889		2024-10-01		Bunker KW Line A3 Herent Vaartdijk	ONBOTA		JO20IW	0	0	1		209
R	WWBOTA	B/ON-0890		2024-10-01		Bunker KW Line A2 Herent Vaartdijk	ONBOTA		JO20IW	0	0	1		209
R	WWBOTA	B/ON-0891		2024-10-01		Bunker KW Line H13 Haacht	ONBOTA		JO20HW	0	0	1		209
R	WWBOTA	B/ON-0892		2024-10-01		Bunker KW Line H12 Haacht	ONBOTA		JO20HW	0	0	1		209
R	WWBOTA	B/ON-0893		2024-10-01		Bunker KW Line H11 Haacht	ONBOTA		JO20HW	0	0	1		209
R	WWBOTA	B/ON-0894		2024-10-01		Bunker KW Line H10 Haacht	ONBOTA		JO20HX	0	0	1		209
R	WWBOTA	B/ON-0895		2024-10-01		Bunker KW Line H9 Haacht	ONBOTA		JO20HX	0	0	1		209
R	WWBOTA	B/ON-0896		2024-10-01		Bunker KW Line H8 Haacht	ONBOTA		JO20HX	0	0	1		209
R	WWBOTA	B/ON-0897		2024-10-01		Bunker KW Line H5 Haacht	ONBOTA		JO20HX	0	0	1		209
R	WWBOTA	B/ON-0898		2024-10-01		Bunker Turnhout Kanalstellung	ONBOTA		JO21LH	0	0	1		209
R	WWBOTA	B/ON-0899		2024-10-01		Bunker ATS 108	ONBOTA		JO21LI	0	0	1		209
R	WWBOTA	B/ON-0900		2024-10-01		Belgische Bunker Bels lijntje	ONBOTA		JO21LH	0	0	1		209
R	WWBOTA	B/ON-0901		2024-10-01		Bunker Turnhout kanalstellung MG20 Beerse	ONBOTA		JO21JH	0	0	1		209
R	WWBOTA	B/ON-0902		2024-10-01		Bunker Turnhout kanalstellung U37 Beerse	ONBOTA		JO21JH	0	0	1		209
R	WWBOTA	B/ON-0903		2024-10-01		Bunker Turnhout kanalstellung MG22 Beerse	ONBOTA		JO21JH	0	0	1		209
R	WWBOTA	B/ON-0904		2024-10-01		Bunker Bruggenhoofd Rijkevorsel MG24	ONBOTA		JO21JH	0	0	1		209
R	WWBOTA	B/ON-0905		2024-10-01		Bunker Bruggenhoofd Rijkevorsel U39	ONBOTA		JO21JH	0	0	1		209
R	WWBOTA	B/ON-0906		2024-10-01		Bunker Bruggenhoofd Rijkevorsel U25	ONBOTA		JO21JH	0	0	1		209
R	WWBOTA	B/ON-0907		2024-10-01		Bunker ATS 61	ONBOTA		JO21JH	0	0	1		209
R	WWBOTA	B/ON-0908		2024-10-01		Bunker Bruggenhoofd Rijkevorsel MG29	ONBOTA		JO21IH	0	0	1		209
R	WWBOTA	B/ON-0909		2024-10-01		Bunker kanalstellung M1 Brecht	ONBOTA		JO21II	0	0	1		209
R	WWBOTA	B/ON-0910		2024-10-01		Bunker kanalstellung MG27 Sint-Lenaarts	ONBOTA		JO21II	0	0	1		209
R	WWBOTA	B/ON-0911		2024-10-01		Bunker kanalstellung U20 Sint-Lenaarts	ONBOTA		JO21II	0	0	1		209
R	WWBOTA	B/ON-0912		2024-10-01		Bunker kanalstellung MG24 Brecht	ONBOTA		JO21HI	0	0	1		209
R	WWBOTA	B/ON-0913		2024-10-01		Bunker ATS 42	ONBOTA		JO21HI	0	0	1		209
R	WWBOTA	B/ON-0914		2024-10-01		Bunker kanalstellung MG22 Brecht	ONBOTA		JO21HI	0	0	1		209
R	WWBOTA	B/ON-0915		2024-10-01		Bunker kanalstellung MG20 Brecht	ONBOTA		JO21HH	0	0	1		209
R	WWBOTA	B/ON-0916		2024-10-01		Bunker kanalstellung MG19 Brecht	ONBOTA		JO21HH	0	0	1		209
R	WWBOTA	B/ON-0917		2024-10-01		Bunker kanalstellung U14 Brecht	ONBOTA		JO21HH	0	0	1		209
R	WWBOTA	B/ON-0918		2024-10-01		Bunker kanalstellung U13 Brecht	ONBOTA		JO21HH	0	0	1		209
R	WWBOTA	B/ON-0919		2024-10-01		Bunker kanalstellung MG11 Brecht	ONBOTA		JO21HH	0	0	1		209
R	WWBOTA	B/ON-0920		2024-10-01		Bunker kanalstellung MG18 Brecht	ONBOTA		JO21HH	0	0	1		209
R	WWBOTA	B/ON-0921		2024-10-01		Bunker kanalstellung MG16 Brecht	ONBOTA		JO21HH	0	0	1		209
R	WWBOTA	B/ON-0922		2024-10-01		Bunker kanalstellung MG15 Brecht	ONBOTA		JO21HH	0	0	1		209
R	WWBOTA	B/ON-0923		2024-10-01		Bunker kanalstellung MG14 Brecht	ONBOTA		JO21HH	0	0	1		209
R	WWBOTA	B/ON-0924		2024-10-01		Bunker kanalstellung MG13 Brecht	ONBOTA		JO21GH	0	0	1		209
R	WWBOTA	B/ON-0925		2024-10-01		Bunker kanalstellung Brecht	ONBOTA		JO21GH	0	0	1		209
R	WWBOTA	B/ON-0926		2024-10-01		Bunker kanalstellung MG12 Brecht	ONBOTA		JO21GH	0	0	1		209
R	WWBOTA	B/ON-0927		2024-10-01		Bunker kanalstellung U5 Brecht	ONBOTA		JO21GH	0	0	1		209
R	WWBOTA	B/ON-0928		2024-10-01		Bunker kanalstellung MG10 Antwerpen	ONBOTA		JO21GH	0	0	1		209
R	WWBOTA	B/ON-0929		2024-10-01		Bunker kanalstellung MG8 Antwerpen	ONBOTA		JO21GH	0	0	1		209
R	WWBOTA	B/ON-0930		2024-10-01		Bunker Versterkte stelling B3 Antwerpen	ONBOTA		JO21GH	0	0	1		209
R	WWBOTA	B/ON-0931		2024-10-01		Bunker Versterkte stelling B4 Antwerpen	ONBOTA		JO21GH	0	0	1		209
R	WWBOTA	B/ON-0932		2024-10-01		Bunker kanalstellung MG4 Antwerpen	ONBOTA		JO21GH	0	0	1		209
R	WWBOTA	B/ON-0933		2024-10-01		Bunker kanalstellung MG1 Antwerpen	ONBOTA		JO21GG	0	0	1		209
R	WWBOTA	B/ON-0934		2024-10-01		Bunker Versterkte stelling A17 bis Antwerpen	ONBOTA		JO21GH	0	0	1		209
R	WWBOTA	B/ON-0935		2024-10-01		Bunker Versterkte stelling A18 bis Antwerpen	ONBOTA		JO21GG	0	0	1		209
R	WWBOTA	B/ON-0936		2024-10-01		Bunker Versterkte stelling A19 ter Antwerpen	ONBOTA		JO21GG	0	0	1		209
R	WWBOTA	B/ON-0937		2024-10-01		Bunker Versterkte stelling Sluisbunker XII Antwerpen	ONBOTA		JO21GG	0	0	1		209
R	WWBOTA	B/ON-0938		2024-10-01		Bunker Versterkte stelling Y22 Antwerpen	ONBOTA		JO21GG	0	0	1		209
R	WWBOTA	B/ON-0939		2024-10-01		Bunker Versterkte stelling Y23 Antwerpen	ONBOTA		JO21GG	0	0	1		209
R	WWBOTA	B/ON-0940		2024-10-01		Bunker Versterkte stelling Y24 Antwerpen	ONBOTA		JO21GH	0	0	1		209
R	WWBOTA	B/ON-0941		2024-10-01		Bunker Versterkte stelling Y25 Antwerpen	ONBOTA		JO21GH	0	0	1		209
R	WWBOTA	B/ON-0942		2024-10-01		Bunker Versterkte stelling Y26 Antwerpen	ONBOTA		JO21GH	0	0	1		209
R	WWBOTA	B/ON-0943		2024-10-01		Bunker Versterkte stelling Y27 Antwerpen	ONBOTA		JO21GH	0	0	1		209
R	WWBOTA	B/ON-0944		2024-10-01		Bunker Versterkte stelling Y28 Antwerpen	ONBOTA		JO21GH	0	0	1		209
R	WWBOTA	B/ON-0945		2024-10-01		Bunker Versterkte stelling Y29 Antwerpen	ONBOTA		JO21GH	0	0	1		209
R	WWBOTA	B/ON-0946		2024-10-01		Bunker Versterkte stelling Y30 Antwerpen	ONBOTA		JO21GH	0	0	1		209
R	WWBOTA	B/ON-0947		2024-10-01		Bunker Versterkte stelling A16 bis Antwerpen	ONBOTA		JO21GH	0	0	1		209
R	WWBOTA	B/ON-0948		2024-10-01		Bunker Versterkte stelling A16 Antwerpen	ONBOTA		JO21GH	0	0	1		209
R	WWBOTA	B/ON-0949		2024-10-01		Bunker Versterkte stelling RD11 Antwerpen	ONBOTA		JO21GH	0	0	1		209
R	WWBOTA	B/ON-0950		2024-10-01		Bunker Versterkte stelling A15 ter Antwerpen	ONBOTA		JO21GH	0	0	1		209
R	WWBOTA	B/ON-0951		2024-10-01		Bunker Versterkte stelling A15 bis Antwerpen	ONBOTA		JO21GH	0	0	1		209
R	WWBOTA	B/ON-0952		2024-10-01		Bunker Versterkte stelling A15 Antwerpen	ONBOTA		JO21GH	0	0	1		209
R	WWBOTA	B/ON-0953		2024-10-01		Bunker Versterkte stelling Y32 Antwerpen	ONBOTA		JO21GH	0	0	1		209
R	WWBOTA	B/ON-0954		2024-10-01		Bunker Versterkte stelling Y31 Antwerpen	ONBOTA		JO21GH	0	0	1		209
R	WWBOTA	B/ON-0955		2024-10-01		Bunker MG II 1a	ONBOTA		JO21GH	0	0	1		209
R	WWBOTA	B/ON-0956		2024-10-01		Bunker U37 Antwerpen	ONBOTA		JO21GH	0	0	1		209
R	WWBOTA	B/ON-0957		2024-10-01		Bunker Versterkte stelling B2 Antwerpen	ONBOTA		JO21GH	0	0	1		209
R	WWBOTA	B/ON-0958		2024-10-01		Duitse Bunker WW I	ONBOTA		JO21FH	0	0	1		209
R	WWBOTA	B/ON-0959		2024-10-01		Bunker U II 1 Antwerpen	ONBOTA		JO21FH	0	0	1		209
R	WWBOTA	B/ON-0960		2024-10-01		Bunker UTr2 Antwerpen	ONBOTA		JO21FH	0	0	1		209
R	WWBOTA	B/ON-0961		2024-10-01		Bunker JB 4 Antwerpen	ONBOTA		JO21FH	0	0	1		209
R	WWBOTA	B/ON-0962		2024-10-01		Bunker U12 Antwerpen	ONBOTA		JO21FH	0	0	1		209
R	WWBOTA	B/ON-0963		2024-10-01		Bunker A12 bis Antwerpen	ONBOTA		JO21FH	0	0	1		209
R	WWBOTA	B/ON-0964		2024-10-01		Bunker A12 Antwerpen	ONBOTA		JO21FH	0	0	1		209
R	WWBOTA	B/ON-0965		2024-10-01		Bunker BB 1914	ONBOTA		JO21FH	0	0	1		209
R	WWBOTA	B/ON-0966		2024-10-01		Bunker JB10 MG	ONBOTA		JO21FH	0	0	1		209
R	WWBOTA	B/ON-0967		2024-10-01		Bunker A11 bis Antwerpen	ONBOTA		JO21FI	0	0	1		209
R	WWBOTA	B/ON-0968		2024-10-01		Bunker A11 Antwerpen	ONBOTA		JO21FI	0	0	1		209
R	WWBOTA	B/ON-0969		2024-10-01		Bunker A10 bis Antwerpen	ONBOTA		JO21FI	0	0	1		209
R	WWBOTA	B/ON-0970		2024-10-01		Bunker A10 Antwerpen	ONBOTA		JO21FI	0	0	1		209
R	WWBOTA	B/ON-0971		2024-10-01		Bunker WW I Antwerpen	ONBOTA		JO21EI	0	0	1		209
R	WWBOTA	B/ON-0972		2024-10-01		Bunker WW I Antwerpen	ONBOTA		JO21EI	0	0	1		209
R	WWBOTA	B/ON-0973		2024-10-01		Bunker WW I Antwerpen	ONBOTA		JO21EI	0	0	1		209
R	WWBOTA	B/ON-0974		2024-10-01		Duitse Bunker WW I Antwerpen	ONBOTA		JO21EI	0	0	1		209
R	WWBOTA	B/ON-0975		2024-10-01		Bunker WW I Antwerpen	ONBOTA		JO21EI	0	0	1		209
R	WWBOTA	B/ON-0976		2024-10-01		Bunker MI17 MG	ONBOTA		JO21EI	0	0	1		209
R	WWBOTA	B/ON-0977		2024-10-01		Bunker MI16 MG	ONBOTA		JO21EH	0	0	1		209
R	WWBOTA	B/ON-0978		2024-10-01		Bunker MII10 MG	ONBOTA		JO21EH	0	0	1		209
R	WWBOTA	B/ON-0979		2024-10-01		Sluisbunker A3BA2	ONBOTA		JO21EI	0	0	1		209
R	WWBOTA	B/ON-0980		2024-10-01		Duitse Bunker U13	ONBOTA		JO21EI	0	0	1		209
R	WWBOTA	B/ON-0981		2024-10-01		Duitse Bunker U12	ONBOTA		JO21EI	0	0	1		209
R	WWBOTA	B/ON-0982		2024-10-01		Duitse Bunker U11	ONBOTA		JO21EI	0	0	1		209
R	WWBOTA	B/ON-0983		2024-10-01		Duitse Bunker U9	ONBOTA		JO21EI	0	0	1		209
R	WWBOTA	B/ON-0984		2024-10-01		Duitse Bunker U8	ONBOTA		JO21EI	0	0	1		209
R	WWBOTA	B/ON-0985		2024-10-01		Bunker A4 bis	ONBOTA		JO21EI	0	0	1		209
R	WWBOTA	B/ON-0986		2024-10-01		Tankgracht Sluisbunker BA4	ONBOTA		JO21EI	0	0	1		209
R	WWBOTA	B/ON-0987		2024-10-01		Bunker Schans Smoutakker	ONBOTA		JO21EI	0	0	1		209
R	WWBOTA	B/ON-0988		2024-10-01		Duitse Bunker U1	ONBOTA		JO21EI	0	0	1		209
R	WWBOTA	B/ON-0989		2024-10-01		Bunker ZF4	ONBOTA		JO21EI	0	0	1		209
R	WWBOTA	B/ON-0990		2024-10-01		Duitse Bunker U25	ONBOTA		JO21EI	0	0	1		209
R	WWBOTA	B/ON-0991		2024-10-01		Bunker UTr7	ONBOTA		JO21EI	0	0	1		209
R	WWBOTA	B/ON-0992		2024-10-01		Bunker ZF3	ONBOTA		JO21EI	0	0	1		209
R	WWBOTA	B/ON-0993		2024-10-01		Bunker U19	ONBOTA		JO21EI	0	0	1		209
R	WWBOTA	B/ON-0994		2024-10-01		Tankgracht Sluisbunker VI	ONBOTA		JO21EI	0	0	1		209
R	WWBOTA	B/ON-0995		2024-10-01		Bunker A7 bis Antwerpen	ONBOTA		JO21EI	0	0	1		209
R	WWBOTA	B/ON-0996		2024-10-01		Bunker UTr2	ONBOTA		JO21EI	0	0	1		209
R	WWBOTA	B/ON-0997		2024-10-01		Bunker UII3	ONBOTA		JO21EI	0	0	1		209
R	WWBOTA	B/ON-0998		2024-10-01		Bunker UII4	ONBOTA		JO21EI	0	0	1		209
R	WWBOTA	B/ON-0999		2024-10-01		Bunker U2	ONBOTA		JO21FI	0	0	1		209
R	WWBOTA	B/ON-1000		2024-10-01		Sluisbunker VIII	ONBOTA		JO21FI	0	0	1		209
R	WWBOTA	B/ON-1001		2024-10-01		Bunker JB11	ONBOTA		JO21FI	0	0	1		209
R	WWBOTA	B/ON-1002		2024-10-01		Voorliniebunker Bruggenhoofd Gent  Semmerzake	ONBOTA		JO10TW	0	0	1		209
R	WWBOTA	B/ON-1003		2024-10-01		Voorliniebunker Bruggenhoofd Gent  Semmerzake	ONBOTA		JO10TW	0	0	1		209
R	WWBOTA	B/ON-1004		2024-10-01		Voorliniebunker Bruggenhoofd Gent  Semmerzake	ONBOTA		JO10TW	0	0	1		209
R	WWBOTA	B/ON-1005		2024-10-01		Voorliniebunker Bruggenhoofd Gent  Semmerzake	ONBOTA		JO10TW	0	0	1		209
R	WWBOTA	B/ON-1006		2024-10-01		Voorliniebunker Bruggenhoofd Gent  Semmerzake	ONBOTA		JO10TW	0	0	1		209
R	WWBOTA	B/ON-1007		2024-10-01		Voorliniebunker Bruggenhoofd Gent  Semmerzake	ONBOTA		JO10TW	0	0	1		209
R	WWBOTA	B/ON-1008		2024-10-01		Voorliniebunker Bruggenhoofd Gent  Semmerzake	ONBOTA		JO10TW	0	0	1		209
R	WWBOTA	B/ON-1009		2024-10-01		Voorliniebunker Bruggenhoofd Gent  Semmerzake	ONBOTA		JO10TW	0	0	1		209
R	WWBOTA	B/ON-1010		2024-10-01		Voorliniebunker Bruggenhoofd Gent  Semmerzake	ONBOTA		JO10TW	0	0	1		209
R	WWBOTA	B/ON-1011		2024-10-01		Voorliniebunker Bruggenhoofd Gent  Semmerzake	ONBOTA		JO10TW	0	0	1		209
R	WWBOTA	B/ON-1012		2024-10-01		Belgische Bunker Bruggenhoofd Gent	ONBOTA		JO10UW	0	0	1		209
R	WWBOTA	B/ON-1013		2024-10-01		Belgische Bunker Bruggenhoofd Gent	ONBOTA		JO10UW	0	0	1		209
R	WWBOTA	B/ON-1014		2024-10-01		Belgische Bunker Bruggenhoofd Gent	ONBOTA		JO10UW	0	0	1		209
R	WWBOTA	B/ON-1015		2024-10-01		Belgische Bunker Bruggenhoofd Gent	ONBOTA		JO10UW	0	0	1		209
R	WWBOTA	B/ON-1016		2024-10-01		Belgische Bunker Bruggenhoofd Gent	ONBOTA		JO10UW	0	0	1		209
R	WWBOTA	B/ON-1017		2024-10-01		Belgische Bunker Bruggenhoofd Gent	ONBOTA		JO10UW	0	0	1		209
R	WWBOTA	B/ON-1018		2024-10-01		Bunker gordel Gent Steunliniebunker Vurste	ONBOTA		JO10UW	0	0	1		209
R	WWBOTA	B/ON-1019		2024-10-01		Belgische Bunker Bruggenhoofd Gent	ONBOTA		JO10UW	0	0	1		209
R	WWBOTA	B/ON-1020		2024-10-01		Bunker gordel Gent Steunliniebunker Vurste	ONBOTA		JO10UW	0	0	1		209
R	WWBOTA	B/ON-1021		2024-10-01		Bunker gordel Gent Steunliniebunker Vurste	ONBOTA		JO10UW	0	0	1		209
R	WWBOTA	B/ON-1022		2024-10-01		Bunker gordel Gent Steunliniebunker Vurste	ONBOTA		JO10UW	0	0	1		209
R	WWBOTA	B/ON-1023		2024-10-01		Bunker gordel Gent Steunliniebunker Vurste	ONBOTA		JO10UW	0	0	1		209
R	WWBOTA	B/ON-1024		2024-10-01		Achterliniebunker Bruggenhoofd Gent Melsen	ONBOTA		JO10UW	0	0	1		209
R	WWBOTA	B/ON-1025		2024-10-01		Achterliniebunker Bruggenhoofd Gent Melsen	ONBOTA		JO10UW	0	0	1		209
R	WWBOTA	B/ON-1026		2024-10-01		Achterliniebunker Bruggenhoofd Gent Melsen	ONBOTA		JO10UW	0	0	1		209
R	WWBOTA	B/ON-1027		2024-10-01		Achterliniebunker Bruggenhoofd Gent Melsen	ONBOTA		JO10UW	0	0	1		209
R	WWBOTA	B/ON-1028		2024-10-01		Belgische Bunker Bruggenhoofd Gent Nazareth	ONBOTA		JO10TW	0	0	1		209
R	WWBOTA	B/ON-1029		2024-10-01		Belgische Bunker Bruggenhoofd Gent Nazareth	ONBOTA		JO10TW	0	0	1		209
R	WWBOTA	B/ON-1030		2024-10-01		Belgische Bunker Bruggenhoofd Gent Nazareth	ONBOTA		JO10TW	0	0	1		209
R	WWBOTA	B/ON-1031		2024-10-01		Belgische Bunker Bruggenhoofd Gent Nazareth	ONBOTA		JO10TX	0	0	1		209
R	WWBOTA	B/ON-1032		2024-10-01		Achterliniebunker Bruggenhoofd Gent Nazareth	ONBOTA		JO10TX	0	0	1		209
R	WWBOTA	B/ON-1033		2024-10-01		Achterliniebunker Bruggenhoofd Gent Nazareth	ONBOTA		JO10TX	0	0	1		209
R	WWBOTA	B/ON-1034		2024-10-01		Achterliniebunker Bruggenhoofd Gent Eke	ONBOTA		JO10TX	0	0	1		209
R	WWBOTA	B/ON-1035		2024-10-01		Achterliniebunker Bruggenhoofd Gent Eke	ONBOTA		JO10TX	0	0	1		209
R	WWBOTA	B/ON-1036		2024-10-01		Achterliniebunker Bruggenhoofd Gent Eke	ONBOTA		JO10TX	0	0	1		209
R	WWBOTA	B/ON-1037		2024-10-01		Belgische Bunker Bruggenhoofd Gent Nazareth	ONBOTA		JO10TW	0	0	1		209
R	WWBOTA	B/ON-1038		2024-10-01		Belgische Bunker Bruggenhoofd Gent Nazareth	ONBOTA		JO10TX	0	0	1		209
R	WWBOTA	B/ON-1039		2024-10-01		Belgische Bunker Bruggenhoofd Gent Nazareth	ONBOTA		JO10TX	0	0	1		209
R	WWBOTA	B/ON-1040		2024-10-01		Commado Bunker Bruggenhoofd Gent Nazareth	ONBOTA		JO10TX	0	0	1		209
R	WWBOTA	B/ON-1041		2024-10-01		Belgische Bunker Bruggenhoofd Gent Nazareth	ONBOTA		JO10TX	0	0	1		209
R	WWBOTA	B/ON-1042		2024-10-01		Steunlinie Bunker Bruggenhoofd Gent Nazareth	ONBOTA		JO10TX	0	0	1		209
R	WWBOTA	B/ON-1043		2024-10-01		Steunlinie Bunker Bruggenhoofd Gent Nazareth	ONBOTA		JO10TX	0	0	1		209
R	WWBOTA	B/ON-1044		2024-10-01		Steunlinie Bunker Bruggenhoofd Gent Nazareth	ONBOTA		JO10TX	0	0	1		209
R	WWBOTA	B/ON-1045		2024-10-01		Achterliniebunker Bruggenhoofd Gent Nazareth	ONBOTA		JO10TX	0	0	1		209
R	WWBOTA	B/ON-1046		2024-10-01		Steunlinie Bunker Bruggenhoofd Gent Nazareth	ONBOTA		JO10TX	0	0	1		209
R	WWBOTA	B/ON-1047		2024-10-01		Steunlinie Bunker Bruggenhoofd Gent Deinze	ONBOTA		JO10TX	0	0	1		209
R	WWBOTA	B/ON-1048		2024-10-01		Steunlinie Bunker Bruggenhoofd Gent Deinze	ONBOTA		JO10TX	0	0	1		209
R	WWBOTA	B/ON-1049		2024-10-01		Steunlinie Bunker Bruggenhoofd Gent Deinze	ONBOTA		JO10TX	0	0	1		209
R	WWBOTA	B/ON-1050		2024-10-01		Achterliniebunker Bruggenhoofd Gent Deinze	ONBOTA		JO10TX	0	0	1		209
R	WWBOTA	B/ON-1051		2024-10-01		Achterliniebunker Bruggenhoofd Gent Deinze	ONBOTA		JO10TX	0	0	1		209
R	WWBOTA	B/ON-1052		2024-10-01		Achterliniebunker Bruggenhoofd Gent Deinze	ONBOTA		JO10SX	0	0	1		209
R	WWBOTA	B/ON-1053		2024-10-01		Steunlinie Bunker Bruggenhoofd Gent Deinze	ONBOTA		JO10SX	0	0	1		209
R	WWBOTA	B/ON-1054		2024-10-01		Achterliniebunker Bruggenhoofd Gent Deinze	ONBOTA		JO10SX	0	0	1		209
R	WWBOTA	B/ON-1055		2024-10-01		Steunlinie Bunker Bruggenhoofd Gent Deinze	ONBOTA		JO10SX	0	0	1		209
R	WWBOTA	B/ON-1056		2024-10-01		Achterliniebunker Bruggenhoofd Gent Bottelare	ONBOTA		JO10VX	0	0	1		209
R	WWBOTA	B/ON-1057		2024-10-01		Duitse Bunker Airfield Gontrode	ONBOTA		JO10VX	0	0	1		209
R	WWBOTA	B/ON-1058		2024-10-01		Geschutspositie Bunker Station Wetteren Kwatrecht	ONBOTA		JO10VX	0	0	1		209
R	WWBOTA	B/ON-1059		2024-10-01		Belgische Bunker Bruggenhoofd Gent Wetteren	ONBOTA		JO10WX	0	0	1		209
R	WWBOTA	B/ON-1060		2024-10-01		Belgische Bunker Bruggenhoofd Gent Wetteren	ONBOTA		JO10WX	0	0	1		209
R	WWBOTA	B/ON-1061		2024-10-01		Belgische Bunker Bruggenhoofd Gent Wetteren	ONBOTA		JO10WX	0	0	1		209
R	WWBOTA	B/ON-1062		2024-10-01		Duitse HWB Bunker Groenendijk Nieuwpoort	ONBOTA		JO11ID	0	0	1		209
R	WWBOTA	B/ON-1063		2024-10-01		MG Nest 1HKB Groenendijk Nieuwpoort	ONBOTA		JO11ID	0	0	1		209
R	WWBOTA	B/ON-1064		2024-10-01		Bunker Nieuwpoortsteenweg / Canadalaan	ONBOTA		JO11ID	0	0	1		209
R	WWBOTA	B/ON-1065		2024-10-01		Bunker Nieuwpoortsteenweg / Canadalaan	ONBOTA		JO11ID	0	0	1		209
R	WWBOTA	B/ON-1066		2024-10-01		Bunker Kinderlaan Nieuwpoort	ONBOTA		JO11ID	0	0	1		209
R	WWBOTA	B/ON-1067		2024-10-01		Bunker Kinderlaan Nieuwpoort	ONBOTA		JO11ID	0	0	1		209
R	WWBOTA	B/ON-1068		2024-10-01		Bunker HKB 2CM Nieuwpoort	ONBOTA		JO11ID	0	0	1		209
R	WWBOTA	B/ON-1069		2024-10-01		Bunker HKB 2CM Nieuwpoort	ONBOTA		JO11ID	0	0	1		209
R	WWBOTA	B/ON-1070		2024-10-01		Geallieerde Bunker Oostduinkerke	ONBOTA		JO11ID	0	0	1		209
R	WWBOTA	B/ON-1071		2024-10-01		Bunker Karthuizerstraat	ONBOTA		JO11ID	0	0	1		209
R	WWBOTA	B/ON-1072		2024-10-01		Duitse Bunker Nieuwpoortsteenweg	ONBOTA		JO11ID	0	0	1		209
R	WWBOTA	B/ON-1073		2024-10-01		Duitse Bunker Nieuwpoortsteenweg	ONBOTA		JO11IC	0	0	1		209
R	WWBOTA	B/ON-1074		2024-10-01		Bunker Karthauserdunen 1	ONBOTA		JO11IC	0	0	1		209
R	WWBOTA	B/ON-1075		2024-10-01		Bunker Karthauserdunen 2	ONBOTA		JO11IC	0	0	1		209
R	WWBOTA	B/ON-1076		2024-10-01		Bunker Karthauserdunen 3	ONBOTA		JO11IC	0	0	1		209
R	WWBOTA	B/ON-1077		2024-10-01		Bunker WN Udet Nieuwpoort	ONBOTA		JO11IC	0	0	1		209
R	WWBOTA	B/ON-1078		2024-10-01		Bunker WN Udet Nieuwpoort	ONBOTA		JO11IC	0	0	1		209
R	WWBOTA	B/ON-1079		2024-10-01		Bunker Ramskapelle	ONBOTA		JO11JC	0	0	1		209
R	WWBOTA	B/ON-1080		2024-10-01		Belgische Observatiepost Steenbakkerij	ONBOTA		JO11IC	0	0	1		209
R	WWBOTA	B/ON-1081		2024-10-01		Bunker Stelling AR 6/139	ONBOTA		JO11JC	0	0	1		209
R	WWBOTA	B/ON-1082		2024-10-01		Bunker Stelling AR 6/139	ONBOTA		JO11JC	0	0	1		209
R	WWBOTA	B/ON-1083		2024-10-01		Bunker Stelling AR 6/139 VF Tobroek	ONBOTA		JO11JC	0	0	1		209
R	WWBOTA	B/ON-1084		2024-10-01		Bunker Ramskapelle	ONBOTA		JO11JC	0	0	1		209
R	WWBOTA	B/ON-1085		2024-10-01		Bunker Ramskapelle	ONBOTA		JO11JC	0	0	1		209
R	WWBOTA	B/ON-1086		2024-10-01		Spoorweg Bunker lijn Pervijze	ONBOTA		JO11JC	0	0	1		209
R	WWBOTA	B/ON-1087		2024-10-01		Publieke schuilkelder	ONBOTA		JO11JC	0	0	1		209
R	WWBOTA	B/ON-1088		2024-10-01		Belgische Observatiepost Pervijze	ONBOTA		JO11JB	0	0	1		209
R	WWBOTA	B/ON-1089		2024-10-01		Belgische MG Bunker	ONBOTA		JO11JB	0	0	1		209
R	WWBOTA	B/ON-1090		2024-10-01		MG Bunker Oostkerke	ONBOTA		JO11JB	0	0	1		209
R	WWBOTA	B/ON-1091		2024-10-01		MG Bunker Oostkerke	ONBOTA		JO11JB	0	0	1		209
R	WWBOTA	B/ON-1092		2024-10-01		Schuilkelder WW I Stuivekenskerke	ONBOTA		JO11JB	0	0	1		209
R	WWBOTA	B/ON-1093		2024-10-01		Belgische MG Bunker Oostkerke	ONBOTA		JO11JB	0	0	1		209
R	WWBOTA	B/ON-1094		2024-10-01		Belgische Bunker Lampernisse	ONBOTA		JO11JA	0	0	1		209
R	WWBOTA	B/ON-1095		2024-10-01		Duitse Bunker S.T.Type 117a Diksmuide	ONBOTA		JO11KA	0	0	1		209
R	WWBOTA	B/ON-1096		2024-10-01		Duitse Bunker S.T.Type 618 Diksmuide	ONBOTA		JO11KA	0	0	1		209
R	WWBOTA	B/ON-1097		2024-10-01		Duitse Bunker S.T.Type 134 Diksmuide	ONBOTA		JO11KA	0	0	1		209
R	WWBOTA	B/ON-1098		2024-10-01		MG Bunker Diksmuide	ONBOTA		JO11KA	0	0	1		209
R	WWBOTA	B/ON-1099		2024-10-01		Duitse Bunker Dodengang Diksmuide	ONBOTA		JO11KB	0	0	1		209
R	WWBOTA	B/ON-1100		2024-10-01		WW I Bunker Diksmuide	ONBOTA		JO11KB	0	0	1		209
R	WWBOTA	B/ON-1101		2024-10-01		Duitse Bunker Klerken	ONBOTA		JO11LA	0	0	1		209
R	WWBOTA	B/ON-1102		2024-10-01		Duitse Bunker Houthulst	ONBOTA		JO10KX	0	0	1		209
R	WWBOTA	B/ON-1103		2024-10-01		Duitse Bunker Houthulst	ONBOTA		JO10KX	0	0	1		209
R	WWBOTA	B/ON-1104		2024-10-01		Duitse Bunker Houthulst	ONBOTA		JO10LX	0	0	1		209
R	WWBOTA	B/ON-1105		2024-10-01		Duitse Bunker Houthulst	ONBOTA		JO10LX	0	0	1		209
R	WWBOTA	B/ON-1106		2024-10-01		Duitse Bunker Observatiepost Staden	ONBOTA		JO10LX	0	0	1		209
R	WWBOTA	B/ON-1107		2024-10-01		Duitse Bunker Staden	ONBOTA		JO10LX	0	0	1		209
R	WWBOTA	B/ON-1108		2024-10-01		Duitse Bunker Staden	ONBOTA		JO10LX	0	0	1		209
R	WWBOTA	B/ON-1109		2024-10-01		Duitse Bunker Staden	ONBOTA		JO10LX	0	0	1		209
R	WWBOTA	B/ON-1110		2024-10-01		Duitse Bunker Staden	ONBOTA		JO10LX	0	0	1		209
R	WWBOTA	B/ON-1111		2024-10-01		Duitse Bunker Staden	ONBOTA		JO10LX	0	0	1		209
R	WWBOTA	B/ON-1112		2024-10-01		Duitse Bunker Vijwegen	ONBOTA		JO10LW	0	0	1		209
R	WWBOTA	B/ON-1113		2024-10-01		Duitse Bunkers (2)	ONBOTA		JO10LW	0	0	1		209
R	WWBOTA	B/ON-1114		2024-10-01		Duitse Bunker	ONBOTA		JO10LW	0	0	1		209
R	WWBOTA	B/ON-1115		2024-10-01		Duitse Bunker	ONBOTA		JO10LW	0	0	1		209
R	WWBOTA	B/ON-1116		2024-10-01		Duitse Bunker Wilhelmstellung	ONBOTA		JO10KW	0	0	1		209
R	WWBOTA	B/ON-1117		2024-10-01		Duitse Bunker	ONBOTA		JO10KW	0	0	1		209
R	WWBOTA	B/ON-1118		2024-10-01		Duitse Bunker	ONBOTA		JO10KV	0	0	1		209
R	WWBOTA	B/ON-1119		2024-10-01		Duitse Bunker Langemark	ONBOTA		JO10KV	0	0	1		209
R	WWBOTA	B/ON-1120		2024-10-01		Duitse Bunker Langemark	ONBOTA		JO10LV	0	0	1		209
R	WWBOTA	B/ON-1121		2024-10-01		Duitse Bunker Langemark	ONBOTA		JO10LV	0	0	1		209
R	WWBOTA	B/ON-1122		2024-10-01		Duitse Bunker De Pond farm	ONBOTA		JO10LV	0	0	1		209
R	WWBOTA	B/ON-1123		2024-10-01		Duitse Bunker and 3 Unterstands	ONBOTA		JO10LV	0	0	1		209
R	WWBOTA	B/ON-1124		2024-10-01		Duitse Artillerie Bunker Cheddar Villa	ONBOTA		JO10LV	0	0	1		209
R	WWBOTA	B/ON-1125		2024-10-01		Duitse Bunker	ONBOTA		JO10LU	0	0	1		209
R	WWBOTA	B/ON-1126		2024-10-01		Duitse Bunker	ONBOTA		JO10LU	0	0	1		209
R	WWBOTA	B/ON-1127		2024-10-01		Bunker Passendaele Zonnebeke	ONBOTA		JO10LU	0	0	1		209
R	WWBOTA	B/ON-1128		2024-10-01		Duitse Bunker	ONBOTA		JO10KU	0	0	1		209
R	WWBOTA	B/ON-1129		2024-10-01		British Bunker Ieper	ONBOTA		JO10KU	0	0	1		209
R	WWBOTA	B/ON-1130		2024-10-01		Geallieerde Bunker	ONBOTA		JO10KU	0	0	1		209
R	WWBOTA	B/ON-1131		2024-10-01		Geallieerde Bunker	ONBOTA		JO10JV	0	0	1		209
R	WWBOTA	B/ON-1132		2024-10-01		Bunker Oostvleteren	ONBOTA		JO10JV	0	0	1		209
R	WWBOTA	B/ON-1133		2024-10-01		Commandopost Bunker Wippe Vleteren	ONBOTA		JO10JV	0	0	1		209
R	WWBOTA	B/ON-1134		2024-10-01		Duitse Bunker Woesten	ONBOTA		JO10JV	0	0	1		209
R	WWBOTA	B/ON-1135		2024-10-01		Duitse Bunker Woesten	ONBOTA		JO10JW	0	0	1		209
R	WWBOTA	B/ON-1136		2024-10-01		Geallieerde Bunker	ONBOTA		JO10KV	0	0	1		209
R	WWBOTA	B/ON-1137		2024-10-01		Geallieerde Mitrailleurpost Withof Zuidschote	ONBOTA		JO10KW	0	0	1		209
R	WWBOTA	B/ON-1138		2024-10-01		Duitse Bunker	ONBOTA		JO10KV	0	0	1		209
R	WWBOTA	B/ON-1139		2024-10-01		Duitse Bunker	ONBOTA		JO10KW	0	0	1		209
R	WWBOTA	B/ON-1140		2024-10-01		Belgische MG Bunker	ONBOTA		JO10JW	0	0	1		209
R	WWBOTA	B/ON-1141		2024-10-01		Belgische MG Bunker	ONBOTA		JO10IW	0	0	1		209
R	WWBOTA	B/ON-1142		2024-10-01		Duitse Bunker Lo-Reninge	ONBOTA		JO10JX	0	0	1		209
R	WWBOTA	B/ON-1143		2024-10-01		Duitse Bunker Lo-Reninge	ONBOTA		JO10JX	0	0	1		209
R	WWBOTA	B/ON-1144		2024-10-01		Duitse Bunker Lo-Reninge	ONBOTA		JO10JX	0	0	1		209
R	WWBOTA	B/ON-1145		2024-10-01		Duitse Bunker Nieuwkapelle	ONBOTA		JO10JX	0	0	1		209
R	WWBOTA	B/ON-1146		2024-10-01		Commando Bunker De Panne	ONBOTA		JO11HC	0	0	1		209
R	WWBOTA	B/ON-1147		2024-10-01		Duitse Bunker L14 Veurne	ONBOTA		JO11HC	0	0	1		209
R	WWBOTA	B/ON-1148		2024-10-01		Duitse Bunker L13 Koksijde	ONBOTA		JO11HC	0	0	1		209
R	WWBOTA	B/ON-1149		2024-10-01		Duitse Bunker L14 Koksijde	ONBOTA		JO11HC	0	0	1		209
R	WWBOTA	B/ON-1150		2024-10-01		Machine Bunker	ONBOTA		JO11HC	0	0	1		209
R	WWBOTA	B/ON-1151		2024-10-01		Schuilkelder Koksijde	ONBOTA		JO11HC	0	0	1		209
R	WWBOTA	B/ON-1152		2024-10-01		Duitse Bunker ST 117a	ONBOTA		JO11HC	0	0	1		209
R	WWBOTA	B/ON-1153		2024-10-01		Duitse Bunker Tobroek Oostduinkerke	ONBOTA		JO11ID	0	0	1		209
R	WWBOTA	B/ON-1154		2024-10-01		Duitse Bunker Nieuwpoort	ONBOTA		JO11ID	0	0	1		209
R	WWBOTA	B/ON-1155		2024-10-01		Duitse Bunker ST 645 Nieuwpoort	ONBOTA		JO11ID	0	0	1		209
R	WWBOTA	B/ON-1156		2024-10-01		Duitse Munitie Bunker Nieuwpoort	ONBOTA		JO11ID	0	0	1		209
R	WWBOTA	B/ON-1157		2024-10-01		Duitse Bunker	ONBOTA		JO11ID	0	0	1		209
R	WWBOTA	B/ON-1158		2024-10-01		Duitse Bunker	ONBOTA		JO11ID	0	0	1		209
R	WWBOTA	B/ON-1159		2024-10-01		Duitse Munitie Bunker VF 7a	ONBOTA		JO11JD	0	0	1		209
R	WWBOTA	B/ON-1160		2024-10-01		Duitse Bunker	ONBOTA		JO11JD	0	0	1		209
R	WWBOTA	B/ON-1161		2024-10-01		Duitse Bunker	ONBOTA		JO11JD	0	0	1		209
R	WWBOTA	B/ON-1162		2024-10-01		Duitse Munitie Bunker	ONBOTA		JO11JD	0	0	1		209
R	WWBOTA	B/ON-1163		2024-10-01		Duitse Bunker	ONBOTA		JO11JD	0	0	1		209
R	WWBOTA	B/ON-1164		2024-10-01		Duitse Bunker Tobroek 58d	ONBOTA		JO11JD	0	0	1		209
R	WWBOTA	B/ON-1165		2024-10-01		Duitse Bunker	ONBOTA		JO11JD	0	0	1		209
R	WWBOTA	B/ON-1166		2024-10-01		Duitse Bunker	ONBOTA		JO11JD	0	0	1		209
R	WWBOTA	B/ON-1167		2024-10-01		Duitse Bunker VF 7a	ONBOTA		JO11JD	0	0	1		209
R	WWBOTA	B/ON-1168		2024-10-01		Duitse Bunker Tobroek	ONBOTA		JO11JD	0	0	1		209
R	WWBOTA	B/ON-1169		2024-10-01		Duitse Bunker	ONBOTA		JO11JD	0	0	1		209
R	WWBOTA	B/ON-1170		2024-10-01		Duitse Bunker	ONBOTA		JO11JD	0	0	1		209
R	WWBOTA	B/ON-1171		2024-10-01		Duitse Bunker ST 669	ONBOTA		JO11JD	0	0	1		209
R	WWBOTA	B/ON-1172		2024-10-01		Duitse Bunker ST 502	ONBOTA		JO11JD	0	0	1		209
R	WWBOTA	B/ON-1173		2024-10-01		Duitse Bunker	ONBOTA		JO11JD	0	0	1		209
R	WWBOTA	B/ON-1174		2024-10-01		Duitse Bunker	ONBOTA		JO11JD	0	0	1		209
R	WWBOTA	B/ON-1175		2024-10-01		Duitse Bunker ST 117a Middelkerke	ONBOTA		JO11JE	0	0	1		209
R	WWBOTA	B/ON-1176		2024-10-01		Duitse Bunker Middelkerke	ONBOTA		JO11JE	0	0	1		209
R	WWBOTA	B/ON-1177		2024-10-01		Duitse Bunker VF 2a Nr1 Middelkerke	ONBOTA		JO11JE	0	0	1		209
R	WWBOTA	B/ON-1178		2024-10-01		Duitse Bunker Tobroek Middelkerke	ONBOTA		JO11JE	0	0	1		209
R	WWBOTA	B/ON-1179		2024-10-01		Duitse Bunker Middelkerke	ONBOTA		JO11KE	0	0	1		209
R	WWBOTA	B/ON-1180		2024-10-01		Duitse Bunker Middelkerke	ONBOTA		JO11KE	0	0	1		209
R	WWBOTA	B/ON-1181		2024-10-01		Duitse Bunker Hoeve Middelkerke	ONBOTA		JO11KE	0	0	1		209
R	WWBOTA	B/ON-1182		2024-10-01		Duitse Bunker Leffinge	ONBOTA		JO11KE	0	0	1		209
R	WWBOTA	B/ON-1183		2024-10-01		Duitse Observatie Bunker Atlantikwall	ONBOTA		JO11KE	0	0	1		209
R	WWBOTA	B/ON-1184		2024-10-01		Duitse Bunker	ONBOTA		JO11KE	0	0	1		209
R	WWBOTA	B/ON-1185		2024-10-01		Duitse Artillerie Bunker	ONBOTA		JO11KE	0	0	1		209
R	WWBOTA	B/ON-1186		2024-10-01		Duitse Bunker	ONBOTA		JO11KE	0	0	1		209
R	WWBOTA	B/ON-1187		2024-10-01		Duitse Bunker	ONBOTA		JO11KF	0	0	1		209
R	WWBOTA	B/ON-1188		2024-10-01		Duitse Bunker Oostende	ONBOTA		JO11KE	0	0	1		209
R	WWBOTA	B/ON-1189		2024-10-01		Duitse Bunker Tobroek Oostende	ONBOTA		JO11KE	0	0	1		209
R	WWBOTA	B/ON-1190		2024-10-01		Duitse MG Bunker ST 630 Nr 2	ONBOTA		JO11LE	0	0	1		209
R	WWBOTA	B/ON-1191		2024-10-01		Duitse Bunker Oostende	ONBOTA		JO11LE	0	0	1		209
R	WWBOTA	B/ON-1192		2024-10-01		Duitse Bunker Oostende	ONBOTA		JO11KE	0	0	1		209
R	WWBOTA	B/ON-1193		2024-10-01		Duitse Bunker Oostende	ONBOTA		JO11KE	0	0	1		209
R	WWBOTA	B/ON-1194		2024-10-01		Duitse Bunker Oostende	ONBOTA		JO11KE	0	0	1		209
R	WWBOTA	B/ON-1195		2024-10-01		Duitse Bunker Oostende	ONBOTA		JO11LE	0	0	1		209
R	WWBOTA	B/ON-1196		2024-10-01		Duitse Munitie Bunker Zandvoorde	ONBOTA		JO11LE	0	0	1		209
R	WWBOTA	B/ON-1197		2024-10-01		Duitse Munitie Bunker Zandvoorde	ONBOTA		JO11LE	0	0	1		209
R	WWBOTA	B/ON-1198		2024-10-01		Belgische APX Tankkoepel	ONBOTA		JO11KF	0	0	1		209
R	WWBOTA	B/ON-1199		2024-10-01		Duitse Transformator Bunker Oostende	ONBOTA		JO11LF	0	0	1		209
R	WWBOTA	B/ON-1200		2024-10-01		Duitse Haven Bunker Oostende	ONBOTA		JO11LF	0	0	1		209
R	WWBOTA	B/ON-1201		2024-10-01		Duitse Transformator Bunker Oostende	ONBOTA		JO11LF	0	0	1		209
R	WWBOTA	B/ON-1202		2024-10-01		Bunker Luchtafweergeschut Oostende	ONBOTA		JO11LF	0	0	1		209
R	WWBOTA	B/ON-1203		2024-10-01		Bunker Luchtafweergeschut Oostende	ONBOTA		JO11LF	0	0	1		209
R	WWBOTA	B/ON-1204		2024-10-01		Bunker Luchtafweergeschut Oostende	ONBOTA		JO11LF	0	0	1		209
R	WWBOTA	B/ON-1205		2024-10-01		Duitse Bunker U.4 Bornem	ONBOTA		JO21CB	0	0	1		209
R	WWBOTA	B/ON-1206		2024-10-01		Duitse Bunker U.5 Bornem	ONBOTA		JO21DB	0	0	1		209
R	WWBOTA	B/ON-1207		2024-10-01		Duitse Bunker JB2 Bornem	ONBOTA		JO21DB	0	0	1		209
R	WWBOTA	B/ON-1208		2024-10-01		Duitse Bunker U.3 Bornem	ONBOTA		JO21CB	0	0	1		209
R	WWBOTA	B/ON-1209		2024-10-01		Duitse Bunker U.1 Bornem	ONBOTA		JO21CC	0	0	1		209
R	WWBOTA	B/ON-1210		2024-10-01		Duitse Bunker MG 1 Puurs	ONBOTA		JO21DB	0	0	1		209
R	WWBOTA	B/ON-1211		2024-10-01		Duitse Bunker MG 5 Puurs	ONBOTA		JO21DB	0	0	1		209
R	WWBOTA	B/ON-1212		2024-10-01		Kazemat Deveze linie Viville	ONBOTA		JN29VQ	0	0	1		209
R	WWBOTA	B/ON-1213		2024-10-01		Bunker E Hombourg	ONBOTA		JO20XR	0	0	1		209
R	WWBOTA	B/ON-1214		2024-10-01		Bunker O Hombourg	ONBOTA		JO20XR	0	0	1		209
R	WWBOTA	B/ON-1215		2024-10-01		Bunker J Hombourg	ONBOTA		JO20WR	0	0	1		209
R	WWBOTA	B/ON-1216		2024-10-01		Bunker H Hombourg	ONBOTA		JO20XR	0	0	1		209
R	WWBOTA	B/ON-1217		2024-10-01		Bunker A Henri-Chappelle	ONBOTA		JO20WQ	0	0	1		209
R	WWBOTA	B/ON-1218		2024-10-01		Bunker D Henri-Chappelle	ONBOTA		JO20XQ	0	0	1		209
R	WWBOTA	B/ON-1219		2024-10-01		Bunker F Henri-Chappelle	ONBOTA		JO20XQ	0	0	1		209
R	WWBOTA	B/ON-1220		2024-10-01		Bunker L Henri-Chappelle	ONBOTA		JO20XQ	0	0	1		209
R	WWBOTA	B/ON-1221		2024-10-01		Bunker M Henri-Chappelle	ONBOTA		JO20XQ	0	0	1		209
R	WWBOTA	B/ON-1222		2024-10-01		Bunker J Dolhain	ONBOTA		JO20XO	0	0	1		209
R	WWBOTA	B/ON-1223		2024-10-01		Bunker K Dolhain	ONBOTA		JO20XO	0	0	1		209
R	WWBOTA	B/ON-1224		2024-10-01		Bunker L Dolhain	ONBOTA		JO20WO	0	0	1		209
R	WWBOTA	B/ON-1225		2024-10-01		Bunker B Jalhay	ONBOTA		JO20XN	0	0	1		209
R	WWBOTA	B/ON-1226		2024-10-01		Bunker C Jalhay	ONBOTA		JO20XN	0	0	1		209
R	WWBOTA	B/ON-1227		2024-10-01		Bunker D Jalhay	ONBOTA		JO20XN	0	0	1		209
R	WWBOTA	B/ON-1228		2024-10-01		Bunker E Jalhay	ONBOTA		JO20XN	0	0	1		209
R	WWBOTA	B/ON-1229		2024-10-01		Bunker F Jalhay	ONBOTA		JO20XN	0	0	1		209
R	WWBOTA	B/ON-1230		2024-10-01		Bunker C Hockai	ONBOTA		JO20XL	0	0	1		209
R	WWBOTA	B/ON-1231		2024-10-01		Bunker A Hockai	ONBOTA		JO20XL	0	0	1		209
R	WWBOTA	B/ON-1232		2024-10-01		Bunker E Stavelot	ONBOTA		JO20XJ	0	0	1		209
R	WWBOTA	B/ON-1233		2024-10-01		Bunker F Stavelot	ONBOTA		JO20XJ	0	0	1		209
R	WWBOTA	B/ON-1234		2024-10-01		Kleine Bunker A Trois-Ponts	ONBOTA		JO20WI	0	0	1		209
R	WWBOTA	B/ON-1235		2024-10-01		Kleine Bunker B Trois-Ponts	ONBOTA		JO20WI	0	0	1		209
R	WWBOTA	B/ON-1236		2024-10-01		Kleine Bunker C Trois-Ponts	ONBOTA		JO20WI	0	0	1		209
R	WWBOTA	B/ON-1237		2024-10-01		Kleine Bunker D Trois-Ponts	ONBOTA		JO20WJ	0	0	1		209
R	WWBOTA	B/ON-1238		2024-10-01		Bunker S7 Trois-Ponts	ONBOTA		JO20WI	0	0	1		209
R	WWBOTA	B/ON-1239		2024-10-01		Bunker S6 Trois-Ponts	ONBOTA		JO20WI	0	0	1		209
R	WWBOTA	B/ON-1240		2024-10-01		Bunker 16 Targnon	ONBOTA		JO20VJ	0	0	1		209
R	WWBOTA	B/ON-1241		2024-10-01		Bunker 15 Targnon	ONBOTA		JO20VJ	0	0	1		209
R	WWBOTA	B/ON-1242		2024-10-01		Bunker 14 Targnon	ONBOTA		JO20VJ	0	0	1		209
R	WWBOTA	B/ON-1243		2024-10-01		Bunker 13 Targnon	ONBOTA		JO20VJ	0	0	1		209
R	WWBOTA	B/ON-1244		2024-10-01		Bunker 11 Les Forges	ONBOTA		JO20UJ	0	0	1		209
R	WWBOTA	B/ON-1245		2024-10-01		Bunker 9 Neufmoulin	ONBOTA		JO20UI	0	0	1		209
R	WWBOTA	B/ON-1246		2024-10-01		Bunker 8 Neufmoulin	ONBOTA		JO20UI	0	0	1		209
R	WWBOTA	B/ON-1247		2024-10-01		Bunker 7 Neufmoulin	ONBOTA		JO20UI	0	0	1		209
R	WWBOTA	B/ON-1248		2024-10-01		Bunker 6 Trou de Bra	ONBOTA		JO20UI	0	0	1		209
R	WWBOTA	B/ON-1249		2024-10-01		Bunker 2 Lansival	ONBOTA		JO20VH	0	0	1		209
R	WWBOTA	B/ON-1250		2024-10-01		Bunker 1 Lansival	ONBOTA		JO20VH	0	0	1		209
R	WWBOTA	B/ON-1251		2024-10-01		Bunker LB Lansival	ONBOTA		JO20VH	0	0	1		209
R	WWBOTA	B/ON-1252		2024-10-01		Bunker LA Lansival	ONBOTA		JO20VH	0	0	1		209
R	WWBOTA	B/ON-1253		2024-10-01		Bunker 1 Baneux	ONBOTA		JO20VG	0	0	1		209
R	WWBOTA	B/ON-1254		2024-10-01		Bunker 2 Baneux	ONBOTA		JO20VG	0	0	1		209
R	WWBOTA	B/ON-1255		2024-10-01		Bunker 3 Baneux	ONBOTA		JO20VG	0	0	1		209
R	WWBOTA	B/ON-1256		2024-10-01		Bunker 4 Baneux	ONBOTA		JO20VG	0	0	1		209
R	WWBOTA	B/ON-1257		2024-10-01		Bunker 5 Baneux	ONBOTA		JO20VG	0	0	1		209
R	WWBOTA	B/ON-1258		2024-10-01		Bunker S1 Vielsalm	ONBOTA		JO20WH	0	0	1		209
R	WWBOTA	B/ON-1259		2024-10-01		Bunker 7 Vielsalm	ONBOTA		JO20XG	0	0	1		209
R	WWBOTA	B/ON-1260		2024-10-01		Bunker 5 Vielsalm	ONBOTA		JO20XG	0	0	1		209
R	WWBOTA	B/ON-1261		2024-10-01		Bunker 1 Vielsalm	ONBOTA		JO20WG	0	0	1		209
R	WWBOTA	B/ON-1262		2024-10-01		Bunker 2 Salmchateau	ONBOTA		JO20WG	0	0	1		209
R	WWBOTA	B/ON-1263		2024-10-01		Bunker 3 Salmchateau	ONBOTA		JO20WG	0	0	1		209
R	WWBOTA	B/ON-1264		2024-10-01		Bunker 5 De Baraque de Fraiture	ONBOTA		JO20VG	0	0	1		209
R	WWBOTA	B/ON-1265		2024-10-01		Bunker 4 De Baraque de Fraiture	ONBOTA		JO20VF	0	0	1		209
R	WWBOTA	B/ON-1266		2024-10-01		Bunker 6 De Baraque de Fraiture	ONBOTA		JO20VG	0	0	1		209
R	WWBOTA	B/ON-1267		2024-10-01		Bunker 3 De Baraque de Fraiture	ONBOTA		JO20VF	0	0	1		209
R	WWBOTA	B/ON-1268		2024-10-01		Bunker Poteau	ONBOTA		JO30AH	0	0	1		209
R	WWBOTA	B/ON-1269		2024-10-01		Bunker Gouvy	ONBOTA		JO20WD	0	0	1		209
R	WWBOTA	B/ON-1270		2024-10-01		Bunker 2 De Beho - Gouvy	ONBOTA		JO20XF	0	0	1		209
R	WWBOTA	B/ON-1271		2024-10-01		Bunker 5 De Beho - Gouvy	ONBOTA		JO20XF	0	0	1		209
R	WWBOTA	B/ON-1272		2024-10-01		Bunker 7 De Beho - Gouvy	ONBOTA		JO30AF	0	0	1		209
R	WWBOTA	B/ON-1273		2024-10-01		Bunker 8 De Beho - Gouvy	ONBOTA		JO20XF	0	0	1		209
R	WWBOTA	B/ON-1274		2024-10-01		Bunker 9 De Beho - Gouvy	ONBOTA		JO20XF	0	0	1		209
R	WWBOTA	B/ON-1275		2024-10-01		Bunker Gouvy	ONBOTA		JO20XE	0	0	1		209
R	WWBOTA	B/ON-1276		2024-10-01		Bunker Gouvy	ONBOTA		JO20XE	0	0	1		209
R	WWBOTA	B/ON-1277		2024-10-01		Bunker Gouvy	ONBOTA		JO20XE	0	0	1		209
R	WWBOTA	B/ON-1278		2024-10-01		Bunker Gouvy	ONBOTA		JO20XE	0	0	1		209
R	WWBOTA	B/ON-1279		2024-10-01		Bunker Gouvy	ONBOTA		JO20VE	0	0	1		209
R	WWBOTA	B/ON-1280		2024-10-01		Bunker Gouvy	ONBOTA		JO20VE	0	0	1		209
R	WWBOTA	B/ON-1281		2024-10-01		Bunker De Chabrehez	ONBOTA		JO20UF	0	0	1		209
R	WWBOTA	B/ON-1282		2024-10-01		Bunker Tailles	ONBOTA		JO20UF	0	0	1		209
R	WWBOTA	B/ON-1283		2024-10-01		Bunker 1 CR Houffalize	ONBOTA		JO20VC	0	0	1		209
R	WWBOTA	B/ON-1284		2024-10-01		Bunker 3 CR Houffalize	ONBOTA		JO20VD	0	0	1		209
R	WWBOTA	B/ON-1285		2024-10-01		Bunker 4 CR Houffalize	ONBOTA		JO20VD	0	0	1		209
R	WWBOTA	B/ON-1286		2024-10-01		Bunker 6 CR Houffalize	ONBOTA		JO20VD	0	0	1		209
R	WWBOTA	B/ON-1287		2024-10-01		Bunker 7 CR Houffalize	ONBOTA		JO20VD	0	0	1		209
R	WWBOTA	B/ON-1288		2024-10-01		Bunker Achouffe	ONBOTA		JO20UD	0	0	1		209
R	WWBOTA	B/ON-1289		2024-10-01		Bunker achouffe	ONBOTA		JO20UD	0	0	1		209
R	WWBOTA	B/ON-1290		2024-10-01		Bunker Wibrin	ONBOTA		JO20VE	0	0	1		209
R	WWBOTA	B/ON-1291		2024-10-01		Bunker Rensiwez	ONBOTA		JO20UD	0	0	1		209
R	WWBOTA	B/ON-1292		2024-10-01		Bunker Rensiwez	ONBOTA		JO20UD	0	0	1		209
R	WWBOTA	B/ON-1293		2024-10-01		Bunker Rensiwez	ONBOTA		JO20UD	0	0	1		209
R	WWBOTA	B/ON-1294		2024-10-01		Bunker Bertogne	ONBOTA		JO20UC	0	0	1		209
R	WWBOTA	B/ON-1295		2024-10-01		Bunker Givoulle	ONBOTA		JO20TB	0	0	1		209
R	WWBOTA	B/ON-1296		2024-10-01		Bunker Givoulle	ONBOTA		JO20TB	0	0	1		209
R	WWBOTA	B/ON-1297		2024-10-01		Bunker Wembay	ONBOTA		JO20SC	0	0	1		209
R	WWBOTA	B/ON-1298		2024-10-01		Bunker Tenneville	ONBOTA		JO20SB	0	0	1		209
R	WWBOTA	B/ON-1299		2024-10-01		Bunker Tenneville	ONBOTA		JO20SB	0	0	1		209
R	WWBOTA	B/ON-1300		2024-10-01		Bunker Tenneville	ONBOTA		JO20SB	0	0	1		209
R	WWBOTA	B/ON-1301		2024-10-01		Bunker Tenneville	ONBOTA		JO20SB	0	0	1		209
R	WWBOTA	B/ON-1302		2024-10-01		Bunker Tenneville	ONBOTA		JO20SB	0	0	1		209
R	WWBOTA	B/ON-1303		2024-10-01		Bunker Wyompont	ONBOTA		JO20SB	0	0	1		209
R	WWBOTA	B/ON-1304		2024-10-01		Bunker Wyompont	ONBOTA		JO20SC	0	0	1		209
R	WWBOTA	B/ON-1305		2024-10-01		Bunker Wyompont	ONBOTA		JO20SC	0	0	1		209
R	WWBOTA	B/ON-1306		2024-10-01		Bunker Tresfontaine	ONBOTA		JO20SC	0	0	1		209
R	WWBOTA	B/ON-1307		2024-10-01		Bunker Herbaimont	ONBOTA		JO20SB	0	0	1		209
R	WWBOTA	B/ON-1308		2024-10-01		Bunker Herbaimont	ONBOTA		JO20SB	0	0	1		209
R	WWBOTA	B/ON-1309		2024-10-01		Bunker Lavacherie	ONBOTA		JO20SB	0	0	1		209
R	WWBOTA	B/ON-1310		2024-10-01		Bunker Lavacherie	ONBOTA		JO20SB	0	0	1		209
R	WWBOTA	B/ON-1311		2024-10-01		Bunker Hemroulle	ONBOTA		JO20UA	0	0	1		209
R	WWBOTA	B/ON-1312		2024-10-01		Bunker Hemroulle	ONBOTA		JO20UA	0	0	1		209
R	WWBOTA	B/ON-1313		2024-10-01		Bunker Foy	ONBOTA		JO20UA	0	0	1		209
R	WWBOTA	B/ON-1314		2024-10-01		Bunker Foy	ONBOTA		JO20VB	0	0	1		209
R	WWBOTA	B/ON-1315		2024-10-01		Bunker 1 Bourcy	ONBOTA		JO20VB	0	0	1		209
R	WWBOTA	B/ON-1316		2024-10-01		Bunker 2 Bourcy	ONBOTA		JO20VB	0	0	1		209
R	WWBOTA	B/ON-1317		2024-10-01		Bunker 3 Bourcy	ONBOTA		JO20VB	0	0	1		209
R	WWBOTA	B/ON-1318		2024-10-01		Bunker 4 Bourcy	ONBOTA		JO20VB	0	0	1		209
R	WWBOTA	B/ON-1319		2024-10-01		Bunker 1 Noville	ONBOTA		JO20VB	0	0	1		209
R	WWBOTA	B/ON-1320		2024-10-01		Bunker 1 Noville	ONBOTA		JO20VB	0	0	1		209
R	WWBOTA	B/ON-1321		2024-10-01		Bunker 1 Noville	ONBOTA		JO20VB	0	0	1		209
R	WWBOTA	B/ON-1322		2024-10-01		Bunker 1 Bastogne	ONBOTA		JO20UA	0	0	1		209
R	WWBOTA	B/ON-1323		2024-10-01		Bunker 2 Bastogne	ONBOTA		JO20UA	0	0	1		209
R	WWBOTA	B/ON-1324		2024-10-01		Bunker 3 Bastogne	ONBOTA		JO20UA	0	0	1		209
R	WWBOTA	B/ON-1325		2024-10-01		Bunker 4 Bastogne	ONBOTA		JN29UX	0	0	1		209
R	WWBOTA	B/ON-1326		2024-10-01		Bunker 5 Bastogne	ONBOTA		JN29UX	0	0	1		209
R	WWBOTA	B/ON-1327		2024-10-01		Bunker 6 Bastogne	ONBOTA		JN29UX	0	0	1		209
R	WWBOTA	B/ON-1328		2024-10-01		Bunker 7 Bastogne	ONBOTA		JN29UX	0	0	1		209
R	WWBOTA	B/ON-1329		2024-10-01		Bunker 8 Bastogne	ONBOTA		JN29UX	0	0	1		209
R	WWBOTA	B/ON-1330		2024-10-01		Bunker 9 Bastogne	ONBOTA		JN29UX	0	0	1		209
R	WWBOTA	B/ON-1331		2024-10-01		Bunker 10 Bastogne	ONBOTA		JO20UA	0	0	1		209
R	WWBOTA	B/ON-1332		2024-10-01		Bunker 11 Bastogne	ONBOTA		JN29UX	0	0	1		209
R	WWBOTA	B/ON-1333		2024-10-01		Bunker 12 Bastogne	ONBOTA		JN29UX	0	0	1		209
R	WWBOTA	B/ON-1334		2024-10-01		Bunker 13 Bastogne	ONBOTA		JN29UX	0	0	1		209
R	WWBOTA	B/ON-1335		2024-10-01		Bunker 14 Bastogne	ONBOTA		JN29UX	0	0	1		209
R	WWBOTA	B/ON-1336		2024-10-01		Bunker 15 Bastogne	ONBOTA		JN29UX	0	0	1		209
R	WWBOTA	B/ON-1337		2024-10-01		Bunker 16 Bastogne	ONBOTA		JO20UA	0	0	1		209
R	WWBOTA	B/ON-1338		2024-10-01		Bunker 17 Bastogne	ONBOTA		JN29UX	0	0	1		209
R	WWBOTA	B/ON-1339		2024-10-01		Bunker 1 Sibret	ONBOTA		JN29TX	0	0	1		209
R	WWBOTA	B/ON-1340		2024-10-01		Bunker 2 Sibret	ONBOTA		JN29TX	0	0	1		209
R	WWBOTA	B/ON-1341		2024-10-01		Bunker 3 Sibret	ONBOTA		JN29TX	0	0	1		209
R	WWBOTA	B/ON-1342		2024-10-01		Bunker 4 Sibret	ONBOTA		JN29TX	0	0	1		209
R	WWBOTA	B/ON-1343		2024-10-01		Bunker 5 Sibret	ONBOTA		JN29TX	0	0	1		209
R	WWBOTA	B/ON-1344		2024-10-01		Bunker 1 Lutremange	ONBOTA		JN29VW	0	0	1		209
R	WWBOTA	B/ON-1345		2024-10-01		Bunker 2 Lutremange	ONBOTA		JN29VW	0	0	1		209
R	WWBOTA	B/ON-1346		2024-10-01		Bunker 1 Villers-La-Bonne- Eau	ONBOTA		JN29UW	0	0	1		209
R	WWBOTA	B/ON-1347		2024-10-01		Bunker 2 Villers-La-Bonne- Eau	ONBOTA		JN29VW	0	0	1		209
R	WWBOTA	B/ON-1348		2024-10-01		Bunker 1 Saint-Hubert	ONBOTA		JO20QA	0	0	1		209
R	WWBOTA	B/ON-1349		2024-10-01		Bunker 2 Saint-Hubert	ONBOTA		JO20QA	0	0	1		209
R	WWBOTA	B/ON-1350		2024-10-01		Bunker 3 Saint-Hubert	ONBOTA		JO20QA	0	0	1		209
R	WWBOTA	B/ON-1351		2024-10-01		Bunker 4 Saint-Hubert	ONBOTA		JO20QA	0	0	1		209
R	WWBOTA	B/ON-1352		2024-10-01		Bunker 5 Saint-Hubert	ONBOTA		JO20QA	0	0	1		209
R	WWBOTA	B/ON-1353		2024-10-01		Bunker 6 Saint-Hubert	ONBOTA		JO20QA	0	0	1		209
R	WWBOTA	B/ON-1354		2024-10-01		Bunker 7 Saint-Hubert	ONBOTA		JO20QA	0	0	1		209
R	WWBOTA	B/ON-1355		2024-10-01		Bunker 8 Saint-Hubert	ONBOTA		JO20QA	0	0	1		209
R	WWBOTA	B/ON-1356		2024-10-01		Bunker 9 Saint-Hubert	ONBOTA		JO20QA	0	0	1		209
R	WWBOTA	B/ON-1357		2024-10-01		Bunker 1 Poix-Saint-Hubert	ONBOTA		JO20PA	0	0	1		209
R	WWBOTA	B/ON-1358		2024-10-01		Bunker 2 Poix-Saint-Hubert	ONBOTA		JO20PA	0	0	1		209
R	WWBOTA	B/ON-1359		2024-10-01		Bunker Recogne	ONBOTA		JN29QV	0	0	1		209
R	WWBOTA	B/ON-1360		2024-10-01		Bunker 1 Respelt	ONBOTA		JN29RV	0	0	1		209
R	WWBOTA	B/ON-1361		2024-10-01		Bunker 2 Respelt	ONBOTA		JN29RV	0	0	1		209
R	WWBOTA	B/ON-1362		2024-10-01		Bunker Verlaine	ONBOTA		JN29QU	0	0	1		209
R	WWBOTA	B/ON-1363		2024-10-01		Bunker 1 Tournay	ONBOTA		JN29QU	0	0	1		209
R	WWBOTA	B/ON-1364		2024-10-01		Bunker 2 Tournay	ONBOTA		JN29RU	0	0	1		209
R	WWBOTA	B/ON-1365		2024-10-01		Bunker 1 Semel	ONBOTA		JN29RU	0	0	1		209
R	WWBOTA	B/ON-1366		2024-10-01		Bunker 2 Semel	ONBOTA		JN29RU	0	0	1		209
R	WWBOTA	B/ON-1367		2024-10-01		Bunker 1 Neufchateau	ONBOTA		JN29RU	0	0	1		209
R	WWBOTA	B/ON-1368		2024-10-01		Bunker 2 Neufchateau	ONBOTA		JN29QU	0	0	1		209
R	WWBOTA	B/ON-1369		2024-10-01		Bunker 3 Neufchateau	ONBOTA		JN29QU	0	0	1		209
R	WWBOTA	B/ON-1370		2024-10-01		Bunker 1 Longlier	ONBOTA		JN29RU	0	0	1		209
R	WWBOTA	B/ON-1371		2024-10-01		Bunker Zandhovensebaan Schilde	ONBOTA		JO21HF	0	0	1		209
R	WWBOTA	B/ON-1372		2024-10-01		Bunker Leeuwkensweg Schilde	ONBOTA		JO21HF	0	0	1		209
R	WWBOTA	B/ON-1373		2024-10-01		Bunker Breeveldpad Schilde	ONBOTA		JO21HF	0	0	1		209
R	WWBOTA	B/ON-1374		2024-10-01		Bunker Prins Boudewijnlaan Schilde	ONBOTA		JO21HG	0	0	1		209
R	WWBOTA	B/ON-1375		2024-10-01		Bunker Jantoomesdreef Schilde	ONBOTA		JO21HG	0	0	1		209
R	WWBOTA	B/ON-1376		2024-10-01		Bunker Schilde	ONBOTA		JO21GG	0	0	1		209
R	WWBOTA	B/ON-1377		2024-10-01		Bunker 2 Longlier	ONBOTA		JN29RU	0	0	1		209
R	WWBOTA	B/ON-1378		2024-10-01		Bunker 3 Longlier	ONBOTA		JN29RU	0	0	1		209
R	WWBOTA	B/ON-1379		2024-10-01		Bunker 4 Longlier	ONBOTA		JN29RU	0	0	1		209
R	WWBOTA	B/ON-1380		2024-10-01		Bunker 5 Longlier	ONBOTA		JN29RU	0	0	1		209
R	WWBOTA	B/ON-1381		2024-10-01		Bunker 1 Offaing	ONBOTA		JN29RU	0	0	1		209
R	WWBOTA	B/ON-1382		2024-10-01		Bunker 2 Offaing	ONBOTA		JN29RT	0	0	1		209
R	WWBOTA	B/ON-1383		2024-10-01		Bunker 3 Offaing	ONBOTA		JN29RU	0	0	1		209
R	WWBOTA	B/ON-1384		2024-10-01		Bunker 4 Offaing	ONBOTA		JN29RU	0	0	1		209
R	WWBOTA	B/ON-1385		2024-10-01		Bunker 1 Hamipré	ONBOTA		JN29RT	0	0	1		209
R	WWBOTA	B/ON-1386		2024-10-01		Bunker 2 Hamipré	ONBOTA		JN29RU	0	0	1		209
R	WWBOTA	B/ON-1387		2024-10-01		Bunker 3 Hamipré	ONBOTA		JN29RT	0	0	1		209
R	WWBOTA	B/ON-1388		2024-10-01		Bunker 4 Hamipré	ONBOTA		JN29RU	0	0	1		209
R	WWBOTA	B/ON-1389		2024-10-01		Bunker 1 Montplainchamps	ONBOTA		JN29RT	0	0	1		209
R	WWBOTA	B/ON-1390		2024-10-01		Bunker 2 Montplainchamps	ONBOTA		JN29RT	0	0	1		209
R	WWBOTA	B/ON-1391		2024-10-01		Bunker 1 Grandvoir	ONBOTA		JN29QU	0	0	1		209
R	WWBOTA	B/ON-1392		2024-10-01		Bunker 2 Grandvoir	ONBOTA		JN29QU	0	0	1		209
R	WWBOTA	B/ON-1393		2024-10-01		Bunker 1 Bercheux	ONBOTA		JN29SV	0	0	1		209
R	WWBOTA	B/ON-1394		2024-10-01		Bunker 2 Bercheux	ONBOTA		JN29SV	0	0	1		209
R	WWBOTA	B/ON-1395		2024-10-01		Bunker 1 Vaux-sur-Sûre	ONBOTA		JN29SW	0	0	1		209
R	WWBOTA	B/ON-1396		2024-10-01		Bunker 2 Vaux-sur-Sûre	ONBOTA		JN29TW	0	0	1		209
R	WWBOTA	B/ON-1397		2024-10-01		Bunker 3 Vaux-sur-Sûre	ONBOTA		JN29SV	0	0	1		209
R	WWBOTA	B/ON-1398		2024-10-01		Bunker Warnach	ONBOTA		JN29UU	0	0	1		209
R	WWBOTA	B/ON-1399		2024-10-01		Bunker 1 Tintange	ONBOTA		JN29VV	0	0	1		209
R	WWBOTA	B/ON-1400		2024-10-01		Bunker 2 Tintange	ONBOTA		JN29UV	0	0	1		209
R	WWBOTA	B/ON-1401		2024-10-01		Bunker Bodange	ONBOTA		JN29UU	0	0	1		209
R	WWBOTA	B/ON-1402		2024-10-01		Bunker 1 Martelange	ONBOTA		JN29UU	0	0	1		209
R	WWBOTA	B/ON-1403		2024-10-01		Bunker 2 Martelange	ONBOTA		JN29UU	0	0	1		209
R	WWBOTA	B/ON-1404		2024-10-01		Bunker 3 Martelange	ONBOTA		JN29UU	0	0	1		209
R	WWBOTA	B/ON-1405		2024-10-01		Bunker 1 Neuperlé	ONBOTA		JN29UT	0	0	1		209
R	WWBOTA	B/ON-1406		2024-10-01		Bunker 2 Neuperlé	ONBOTA		JN29UT	0	0	1		209
R	WWBOTA	B/ON-1407		2024-10-01		Bunker 1 Habay-La-Neuve	ONBOTA		JN29TR	0	0	1		209
R	WWBOTA	B/ON-1408		2024-10-01		Bunker 2 Habay-La-Neuve	ONBOTA		JN29TR	0	0	1		209
R	WWBOTA	B/ON-1409		2024-10-01		Bunker 3 Habay-La-Neuve	ONBOTA		JN29TR	0	0	1		209
R	WWBOTA	B/ON-1410		2024-10-01		Bunker 4 Habay-La-Neuve	ONBOTA		JN29TR	0	0	1		209
R	WWBOTA	B/ON-1411		2024-10-01		Bunker 1 Vance	ONBOTA		JN29TQ	0	0	1		209
R	WWBOTA	B/ON-1412		2024-10-01		Bunker 2 Vance	ONBOTA		JN29UQ	0	0	1		209
R	WWBOTA	B/ON-1413		2024-10-01		Bunker 3 Vance	ONBOTA		JN29UQ	0	0	1		209
R	WWBOTA	B/ON-1414		2024-10-01		Bunker 1 Attert	ONBOTA		JN29VS	0	0	1		209
R	WWBOTA	B/ON-1415		2024-10-01		Bunker 2 Attert	ONBOTA		JN29VS	0	0	1		209
R	WWBOTA	B/ON-1416		2024-10-01		Bunker 3 Attert	ONBOTA		JN29VS	0	0	1		209
R	WWBOTA	B/ON-1417		2024-10-01		Bunker 4 Attert	ONBOTA		JN29VS	0	0	1		209
R	WWBOTA	B/ON-1418		2024-10-01		Bunker 5 Attert	ONBOTA		JN29VS	0	0	1		209
R	WWBOTA	B/ON-1419		2024-10-01		Bunker 6 Attert	ONBOTA		JN29VR	0	0	1		209
R	WWBOTA	B/ON-1420		2024-10-01		Bunker 7 Attert	ONBOTA		JN29VS	0	0	1		209
R	WWBOTA	B/ON-1421		2024-10-01		Bunker 1 Toernich	ONBOTA		JN29VP	0	0	1		209
R	WWBOTA	B/ON-1422		2024-10-01		Bunker 2 Toernich	ONBOTA		JN29VP	0	0	1		209
R	WWBOTA	B/ON-1423		2024-10-01		Bunker Wolkrange	ONBOTA		JN29VP	0	0	1		209
R	WWBOTA	B/ON-1424		2024-10-01		Bunker Sesselich	ONBOTA		JN29VP	0	0	1		209
R	WWBOTA	B/ON-1425		2024-10-01		Bunker 1 Weyler	ONBOTA		JN29VP	0	0	1		209
R	WWBOTA	B/ON-1426		2024-10-01		Bunker 2 Weyler	ONBOTA		JN29VP	0	0	1		209
R	WWBOTA	B/ON-1427		2024-10-01		Bunker 1 Birel	ONBOTA		JN29VP	0	0	1		209
R	WWBOTA	B/ON-1428		2024-10-01		Bunker 2 Birel	ONBOTA		JN29VQ	0	0	1		209
R	WWBOTA	B/ON-1429		2024-10-01		Bunker 1 Arlon	ONBOTA		JN29VQ	0	0	1		209
R	WWBOTA	B/ON-1430		2024-10-01		Bunker 2 Arlon	ONBOTA		JN29VQ	0	0	1		209
R	WWBOTA	B/ON-1431		2024-10-01		Bunker 3 Arlon	ONBOTA		JN29VQ	0	0	1		209
R	WWBOTA	B/ON-1432		2024-10-01		Bunker 4 Arlon	ONBOTA		JN29VQ	0	0	1		209
R	WWBOTA	B/ON-1433		2024-10-01		Bunker 5 Arlon	ONBOTA		JN29VQ	0	0	1		209
R	WWBOTA	B/ON-1434		2024-10-01		Bunker 6 Arlon	ONBOTA		JN29VQ	0	0	1		209
R	WWBOTA	B/ON-1435		2024-10-01		Bunker 1 Bonnert	ONBOTA		JN29VQ	0	0	1		209
R	WWBOTA	B/ON-1436		2024-10-01		Bunker 2 Bonnert	ONBOTA		JN29VQ	0	0	1		209
R	WWBOTA	B/ON-1437		2024-10-01		Bunker 3 Bonnert	ONBOTA		JN29VR	0	0	1		209
R	WWBOTA	B/ON-1438		2024-10-01		Bunker 4 Bonnert	ONBOTA		JN29VR	0	0	1		209
R	WWBOTA	B/ON-1439		2024-10-01		Bunker Metzert	ONBOTA		JN29VR	0	0	1		209
R	WWBOTA	B/ON-1440		2024-10-01		Bunker 1 Viville	ONBOTA		JN29VR	0	0	1		209
R	WWBOTA	B/ON-1441		2024-10-01		Bunker 2 Viville	ONBOTA		JN29VQ	0	0	1		209
R	WWBOTA	B/ON-1442		2024-10-01		Bunker 3 Viville	ONBOTA		JN29VQ	0	0	1		209
R	WWBOTA	B/ON-1443		2024-10-01		Bunker 4 Viville	ONBOTA		JN29VQ	0	0	1		209
R	WWBOTA	B/ON-1444		2024-10-01		Bunker 25 Stockem Heinsch	ONBOTA		JN29VQ	0	0	1		209
R	WWBOTA	B/ON-1445		2024-10-01		Bunker 27 Schoppach Heinsch	ONBOTA		JN29VQ	0	0	1		209
R	WWBOTA	B/ON-1446		2024-10-01		Bunker 28 Arlon	ONBOTA		JN29VQ	0	0	1		209
R	WWBOTA	B/ON-1447		2024-10-01		Bunker 1 Airfield Uitkerke	ONBOTA		JO11NH	0	0	1		209
R	WWBOTA	B/ON-1448		2024-10-01		Bunker 2 Airfield Uitkerke	ONBOTA		JO11NH	0	0	1		209
R	WWBOTA	B/ON-1449		2024-10-01		Bunker 1 STP Muncheberg Lombardsijde	ONBOTA		JO11JD	0	0	1		209
R	WWBOTA	B/ON-1450		2024-10-01		Bunker 2 STP Muncheberg Lombardsijde	ONBOTA		JO11JD	0	0	1		209
R	WWBOTA	B/ON-1451		2024-10-01		Duitse Bunker Leffinge	ONBOTA		JO11KD	0	0	1		209
R	WWBOTA	B/ON-1452		2024-10-01		Duitse Bunker 1 Zevekote	ONBOTA		JO11KD	0	0	1		209
R	WWBOTA	B/ON-1453		2024-10-01		Duitse Bunker Spermalie-Riegel Slijpe	ONBOTA		JO11KD	0	0	1		209
R	WWBOTA	B/ON-1454		2024-10-01		Duitse Bunker 2 Zevekote	ONBOTA		JO11KD	0	0	1		209
R	WWBOTA	B/ON-1455		2024-10-01		Duitse Bunker 3 Zevekote	ONBOTA		JO11KD	0	0	1		209
R	WWBOTA	B/ON-1456		2024-10-01		Duitse Bunker 4 Zevekote	ONBOTA		JO11KD	0	0	1		209
R	WWBOTA	B/ON-1457		2024-10-01		Duitse Bunker 5 Zevekote	ONBOTA		JO11KD	0	0	1		209
R	WWBOTA	B/ON-1458		2024-10-01		Duitse Bunker 6 Zevekote	ONBOTA		JO11KD	0	0	1		209
R	WWBOTA	B/ON-1459		2024-10-01		Duitse Bunker 7 Zzvzkote	ONBOTA		JO11KD	0	0	1		209
R	WWBOTA	B/ON-1460		2024-10-01		Duitse Bunker 1 Sint-Pieters-Kapelle	ONBOTA		JO11KD	0	0	1		209
R	WWBOTA	B/ON-1461		2024-10-01		Duitse Bunker 2 Sint-Pieters-Kapelle	ONBOTA		JO11KC	0	0	1		209
R	WWBOTA	B/ON-1462		2024-10-01		Duitse Bunker 3 Sint-Pieters-Kapelle	ONBOTA		JO11JC	0	0	1		209
R	WWBOTA	B/ON-1463		2024-10-01		Duitse Bunker 1 Mannekensvere	ONBOTA		JO11JC	0	0	1		209
R	WWBOTA	B/ON-1464		2024-10-01		Duitse Bunker 2 Mannekensvere	ONBOTA		JO11JC	0	0	1		209
R	WWBOTA	B/ON-1465		2024-10-01		Hoeve met Bunker Schore	ONBOTA		JO11JC	0	0	1		209
R	WWBOTA	B/ON-1466		2024-10-01		Duitse Bunker Leke	ONBOTA		JO11KC	0	0	1		209
R	WWBOTA	B/ON-1467		2024-10-01		Duitse Bunker 1 Vladslo	ONBOTA		JO11LB	0	0	1		209
R	WWBOTA	B/ON-1468		2024-10-01		Duitse Bunkers (3) 2 Vladslo	ONBOTA		JO11LB	0	0	1		209
R	WWBOTA	B/ON-1469		2024-10-01		Duitse Bunker 3 Vladslo	ONBOTA		JO11LB	0	0	1		209
R	WWBOTA	B/ON-1470		2024-10-01		Duitse Bunker 4 Vladslo	ONBOTA		JO11LB	0	0	1		209
R	WWBOTA	B/ON-1471		2024-10-01		Duitse Bunker Werken Riegel	ONBOTA		JO11LA	0	0	1		209
R	WWBOTA	B/ON-1472		2024-10-01		Duitse Bunker 1 Zarren	ONBOTA		JO11LA	0	0	1		209
R	WWBOTA	B/ON-1473		2024-10-01		Duitse Bunker 2 Zarren	ONBOTA		JO11LA	0	0	1		209
R	WWBOTA	B/ON-1474		2024-10-01		Duitse Bunker 3 Zarren	ONBOTA		JO11LA	0	0	1		209
R	WWBOTA	B/ON-1475		2024-10-01		Duitse Bunker 4 Zarren	ONBOTA		JO11LA	0	0	1		209
R	WWBOTA	B/ON-1476		2024-10-01		Duitse Artillerie Bunker + Schuilkelder Hooglede	ONBOTA		JO10MX	0	0	1		209
R	WWBOTA	B/ON-1477		2024-10-01		Duitse Bunker Lichtervelde	ONBOTA		JO11NA	0	0	1		209
R	WWBOTA	B/ON-1478		2024-10-01		Luchtafweer Bunker Lichtervelde	ONBOTA		JO11NA	0	0	1		209
R	WWBOTA	B/ON-1479		2024-10-01		Duitse Bunker 1 Roeselaere	ONBOTA		JO10NW	0	0	1		209
R	WWBOTA	B/ON-1480		2024-10-01		Artillerie Bunker Roeselaere	ONBOTA		JO10NW	0	0	1		209
R	WWBOTA	B/ON-1481		2024-10-01		Duitse Bunker 2 Roeselaere	ONBOTA		JO10MW	0	0	1		209
R	WWBOTA	B/ON-1482		2024-10-01		Duitse Bunker 3 Roeselaere	ONBOTA		JO10MW	0	0	1		209
R	WWBOTA	B/ON-1483		2024-10-01		Duitse Bunker 4 Roeselaere	ONBOTA		JO10NW	0	0	1		209
R	WWBOTA	B/ON-1484		2024-10-01		Duitse Bunker 1 Moorslede	ONBOTA		JO10MV	0	0	1		209
R	WWBOTA	B/ON-1485		2024-10-01		Duitse Bunker 2a-2b Moorslede	ONBOTA		JO10MV	0	0	1		209
R	WWBOTA	B/ON-1486		2024-10-01		Duitse ondergrondse Bunker Moorslede	ONBOTA		JO10MV	0	0	1		209
R	WWBOTA	B/ON-1487		2024-10-01		Duitse Bunker 1 Tyne Cot Cementry	ONBOTA		JO10LV	0	0	1		209
R	WWBOTA	B/ON-1488		2024-10-01		Duitse Bunker 2 Tyne Cot Cementry	ONBOTA		JO10LV	0	0	1		209
R	WWBOTA	B/ON-1489		2024-10-01		Duitse Bunker Polygoonbos	ONBOTA		JO10LU	0	0	1		209
R	WWBOTA	B/ON-1490		2024-10-01		Duitse Bunker Wulvestraat	ONBOTA		JO10LU	0	0	1		209
R	WWBOTA	B/ON-1491		2024-10-01		Duitse ondergrondse Bunker	ONBOTA		JO10LU	0	0	1		209
R	WWBOTA	B/ON-1492		2024-10-01		Duitse Bunker Front Line Hooghe	ONBOTA		JO10LU	0	0	1		209
R	WWBOTA	B/ON-1493		2024-10-01		Bunker 2 Passendaele Zonnebeke	ONBOTA		JO10LU	0	0	1		209
R	WWBOTA	B/ON-1494		2024-10-01		Bunker Ondergronds Hospitaal	ONBOTA		JO10LU	0	0	1		209
R	WWBOTA	B/ON-1495		2024-10-01		Duitse Bunker 5 Roeselaere	ONBOTA		JO10NV	0	0	1		209
R	WWBOTA	B/ON-1496		2024-10-01		Duitse Bunker 1 Beitem	ONBOTA		JO10NV	0	0	1		209
R	WWBOTA	B/ON-1497		2024-10-01		Duitse Bunker 2 Beitem	ONBOTA		JO10NV	0	0	1		209
R	WWBOTA	B/ON-1498		2024-10-01		Duitse Bunker 3 Beitem	ONBOTA		JO10NV	0	0	1		209
R	WWBOTA	B/ON-1499		2024-10-01		Duitse Bunker Izegem	ONBOTA		JO10OW	0	0	1		209
R	WWBOTA	B/ON-1500		2024-10-01		Duitse Bunker 1 Koolskamp	ONBOTA		JO11OA	0	0	1		209
R	WWBOTA	B/ON-1501		2024-10-01		Duitse Bunker 2 Koolskamp	ONBOTA		JO11OA	0	0	1		209
R	WWBOTA	B/ON-1502		2024-10-01		Duitse Bunker Aartrijke	ONBOTA		JO11NC	0	0	1		209
R	WWBOTA	B/ON-1503		2024-10-01		Duitse Bunker Zerkegem	ONBOTA		JO11MD	0	0	1		209
R	WWBOTA	B/ON-1504		2024-10-01		Duitse Bunker Oudenburg	ONBOTA		JO11LE	0	0	1		209
R	WWBOTA	B/ON-1505		2024-10-01		Duitse bunker Oudenburg	ONBOTA		JO11ME	0	0	1		209
R	WWBOTA	B/ON-1506		2024-10-01		Duitse Bunker Oudenburg	ONBOTA		JO11LE	0	0	1		209
R	WWBOTA	B/ON-1507		2024-10-01		Versterkte geschuts Toren Oudenburg	ONBOTA		JO11ME	0	0	1		209
R	WWBOTA	B/ON-1508		2024-10-01		Duitse Bunker ST 505 Bredene	ONBOTA		JO11LF	0	0	1		209
R	WWBOTA	B/ON-1509		2024-10-01		Duitse Bunker ST 630 Bredene	ONBOTA		JO11LF	0	0	1		209
R	WWBOTA	B/ON-1510		2024-10-01		Duitse Bunker Plassendale	ONBOTA		JO11ME	0	0	1		209
R	WWBOTA	B/ON-1511		2024-10-01		Duitse Bunker Oostende	ONBOTA		JO11LF	0	0	1		209
R	WWBOTA	B/ON-1512		2024-10-01		Duitse Bunker Artillerie Oostende	ONBOTA		JO11LF	0	0	1		209
R	WWBOTA	B/ON-1513		2024-10-01		Duitse VF Bunker Bredene	ONBOTA		JO11LG	0	0	1		209
R	WWBOTA	B/ON-1514		2024-10-01		Duitse Geschuts Bunker	ONBOTA		JO11LF	0	0	1		209
R	WWBOTA	B/ON-1515		2024-10-01		Duitse Bunker Vlissegem	ONBOTA		JO11MF	0	0	1		209
R	WWBOTA	B/ON-1516		2024-10-01		Duitse Munitie Bunkers x 4 Vlissegem	ONBOTA		JO11MG	0	0	1		209
R	WWBOTA	B/ON-1517		2024-10-01		Duitse Bunker Vlissegem	ONBOTA		JO11MG	0	0	1		209
R	WWBOTA	B/ON-1518		2024-10-01		Duitse Bunker + 2 x Munitie Bunkers Vlissegem	ONBOTA		JO11MG	0	0	1		209
R	WWBOTA	B/ON-1519		2024-10-01		Duitse Bunker Vlissegem	ONBOTA		JO11MG	0	0	1		209
R	WWBOTA	B/ON-1520		2024-10-01		Duitse Luchtafweer Bunker Vlissegem	ONBOTA		JO11MG	0	0	1		209
R	WWBOTA	B/ON-1521		2024-10-01		Duitse Bunker 1 Klemskerke	ONBOTA		JO11MF	0	0	1		209
R	WWBOTA	B/ON-1522		2024-10-01		Duitse Bunker 2 Klemskerke	ONBOTA		JO11MF	0	0	1		209
R	WWBOTA	B/ON-1523		2024-10-01		Duitse Bunker 1 De Haan	ONBOTA		JO11MG	0	0	1		209
R	WWBOTA	B/ON-1524		2024-10-01		Duitse Bunker De Haan ST502	ONBOTA		JO11MG	0	0	1		209
R	WWBOTA	B/ON-1525		2024-10-01		Duitse Bunker De Haan ST198	ONBOTA		JO11MG	0	0	1		209
R	WWBOTA	B/ON-1526		2024-10-01		Duitse Bunker De Haan FuMG 40	ONBOTA		JO11MG	0	0	1		209
R	WWBOTA	B/ON-1527		2024-10-01		Duitse Bunker De Haan ST 195	ONBOTA		JO11MG	0	0	1		209
R	WWBOTA	B/ON-1528		2024-10-01		Duitse Luchtafweer Bunker De Haan	ONBOTA		JO11MG	0	0	1		209
R	WWBOTA	B/ON-1529		2024-10-01		Duitse Bunker 2 De Haan	ONBOTA		JO11MG	0	0	1		209
R	WWBOTA	B/ON-1530		2024-10-01		Duitse Bunker 3 De Haan	ONBOTA		JO11MG	0	0	1		209
R	WWBOTA	B/ON-1531		2024-10-01		Duitse Bunker 4 De Haan	ONBOTA		JO11MG	0	0	1		209
R	WWBOTA	B/ON-1532		2024-10-01		Duitse Bunker 5 De Haan	ONBOTA		JO11MG	0	0	1		209
R	WWBOTA	B/ON-1533		2024-10-01		Duitse Bunker De Haan ST502	ONBOTA		JO11MG	0	0	1		209
R	WWBOTA	B/ON-1534		2024-10-01		Duitse Bunker De Haan FuMO 3	ONBOTA		JO11MG	0	0	1		209
R	WWBOTA	B/ON-1535		2024-10-01		Duitse Bunker De Haan FuMO 2	ONBOTA		JO11MG	0	0	1		209
R	WWBOTA	B/ON-1536		2024-10-01		Duitse Bunker De Haan ST 622	ONBOTA		JO11MG	0	0	1		209
R	WWBOTA	B/ON-1537		2024-10-01		Duitse Bunker 6 De Haan	ONBOTA		JO11MG	0	0	1		209
R	WWBOTA	B/ON-1538		2024-10-01		Duitse MG Bunker De Haan	ONBOTA		JO11MG	0	0	1		209
R	WWBOTA	B/ON-1539		2024-10-01		Duitse Bunker De Haan ST 622	ONBOTA		JO11MG	0	0	1		209
R	WWBOTA	B/ON-1540		2024-10-01		Duitse Bunker APX 1 De Haan	ONBOTA		JO11MG	0	0	1		209
R	WWBOTA	B/ON-1541		2024-10-01		Duitse Bunker APX 2 De Haan	ONBOTA		JO11MG	0	0	1		209
R	WWBOTA	B/ON-1542		2024-10-01		Duitse Bunker De Haan VF 2a	ONBOTA		JO11MG	0	0	1		209
R	WWBOTA	B/ON-1543		2024-10-01		Duitse Bunker De Haan ST 622	ONBOTA		JO11MG	0	0	1		209
R	WWBOTA	B/ON-1544		2024-10-01		Duitse Bunker De Haan VF 7a	ONBOTA		JO11MG	0	0	1		209
R	WWBOTA	B/ON-1545		2024-10-01		Duitse MG Bunker De Haan	ONBOTA		JO11MG	0	0	1		209
R	WWBOTA	B/ON-1546		2024-10-01		Duitse MG Bunker De Haan	ONBOTA		JO11MG	0	0	1		209
R	WWBOTA	B/ON-1547		2024-10-01		Duitse Bunker De Haan FK	ONBOTA		JO11MG	0	0	1		209
R	WWBOTA	B/ON-1548		2024-10-01		Commando Communicatie Bunker	ONBOTA		JO11MG	0	0	1		209
R	WWBOTA	B/ON-1549		2024-10-01		Part Communicatie Bunker	ONBOTA		JO11MG	0	0	1		209
R	WWBOTA	B/ON-1550		2024-10-01		Commando Bunker Wenduine	ONBOTA		JO11MH	0	0	1		209
R	WWBOTA	B/ON-1551		2024-10-01		Bunker 1 Wenduine	ONBOTA		JO11MH	0	0	1		209
R	WWBOTA	B/ON-1552		2024-10-01		Bunker 2 Wenduine	ONBOTA		JO11MH	0	0	1		209
R	WWBOTA	B/ON-1553		2024-10-01		Bunker 3 Wenduine	ONBOTA		JO11MH	0	0	1		209
R	WWBOTA	B/ON-1554		2024-10-01		Duitse Bunker ST 680 Blankenberge	ONBOTA		JO11NH	0	0	1		209
R	WWBOTA	B/ON-1555		2024-10-01		Duitse Bunker VF 2a Blankenberge	ONBOTA		JO11NH	0	0	1		209
R	WWBOTA	B/ON-1556		2024-10-01		Bunker 1 Blankenberge	ONBOTA		JO11NH	0	0	1		209
R	WWBOTA	B/ON-1557		2024-10-01		Bunker 2 Blankenberge	ONBOTA		JO11NH	0	0	1		209
R	WWBOTA	B/ON-1558		2024-10-01		Duitse Bunker ST 688 Zeebrugge	ONBOTA		JO11OH	0	0	1		209
R	WWBOTA	B/ON-1559		2024-10-01		Duitse Bunker Zeebrugge	ONBOTA		JO11OH	0	0	1		209
R	WWBOTA	B/ON-1560		2024-10-01		Duitse Bunker 2 Zeebrugge	ONBOTA		JO11OH	0	0	1		209
R	WWBOTA	B/ON-1561		2024-10-01		Duitse Bunker 3 Zeebrugge	ONBOTA		JO11OH	0	0	1		209
R	WWBOTA	B/ON-1562		2024-10-01		Bunker Navo Brandstofdepot 1 Lissewege	ONBOTA		JO11OH	0	0	1		209
R	WWBOTA	B/ON-1563		2024-10-01		Bunker Navo Brandstofdepot 2 Lissewege	ONBOTA		JO11OH	0	0	1		209
R	WWBOTA	B/ON-1564		2024-10-01		Bunker Navo Brandstofdepot 3 Lissewege	ONBOTA		JO11OH	0	0	1		209
R	WWBOTA	B/ON-1565		2024-10-01		Duitse Bunker ST 502 Lissewege	ONBOTA		JO11OH	0	0	1		209
R	WWBOTA	B/ON-1566		2024-10-01		Duitse Bunker VF 2a x 3 Lissewege	ONBOTA		JO11OH	0	0	1		209
R	WWBOTA	B/ON-1567		2024-10-01		Duitse Bunker AA 1/652 Lissewege	ONBOTA		JO11OG	0	0	1		209
R	WWBOTA	B/ON-1568		2024-10-01		Duitse Bunker FA Lissewege	ONBOTA		JO11OG	0	0	1		209
R	WWBOTA	B/ON-1569		2024-10-01		Duitse Munitie Bunker 2x Lissewege	ONBOTA		JO11OG	0	0	1		209
R	WWBOTA	B/ON-1570		2024-10-01		Duitse Bunker AA 1/652 2x Lissewege	ONBOTA		JO11OG	0	0	1		209
R	WWBOTA	B/ON-1571		2024-10-01		Duitse Bunker ST 622 Lissewege	ONBOTA		JO11OG	0	0	1		209
R	WWBOTA	B/ON-1572		2024-10-01		Duitse Bunker E 687 2x Lissewege	ONBOTA		JO11OG	0	0	1		209
R	WWBOTA	B/ON-1573		2024-10-01		Duitse Bunker E 687 Lissewege	ONBOTA		JO11OG	0	0	1		209
R	WWBOTA	B/ON-1574		2024-10-01		Duitse Bunker ST 119 Lissewege	ONBOTA		JO11OG	0	0	1		209
R	WWBOTA	B/ON-1575		2024-10-01		Duitse Bunker ST 622 2x Lissewege	ONBOTA		JO11OG	0	0	1		209
R	WWBOTA	B/ON-1576		2024-10-01		Duitse Bunker E 687 Lissewege	ONBOTA		JO11OG	0	0	1		209
R	WWBOTA	B/ON-1577		2024-10-01		Duitse luchtafweer Bunker Lissewege	ONBOTA		JO11OG	0	0	1		209
R	WWBOTA	B/ON-1578		2024-10-01		Duitse Munitie Bunker Lissewege	ONBOTA		JO11OG	0	0	1		209
R	WWBOTA	B/ON-1579		2024-10-01		Duitse Bunker E 687 Lissewege	ONBOTA		JO11OG	0	0	1		209
R	WWBOTA	B/ON-1580		2024-10-01		Duitse Bunker E 687 Lissewege	ONBOTA		JO11OG	0	0	1		209
R	WWBOTA	B/ON-1581		2024-10-01		Duitse Bunker Ramskapelle	ONBOTA		JO11PH	0	0	1		209
R	WWBOTA	B/ON-1582		2024-10-01		Duitse Bunker Ramskapelle	ONBOTA		JO11PH	0	0	1		209
R	WWBOTA	B/ON-1583		2024-10-01		Schuilkelder Zeebrugge	ONBOTA		JO11OI	0	0	1		209
R	WWBOTA	B/ON-1584		2024-10-01		Duitse Bunker Westkapelle	ONBOTA		JO11PH	0	0	1		209
R	WWBOTA	B/ON-1585		2024-10-01		Duitse Bunker Knokke	ONBOTA		JO11PI	0	0	1		209
R	WWBOTA	B/ON-1586		2024-10-01		Duitse Bunker Knokke	ONBOTA		JO11PI	0	0	1		209
R	WWBOTA	B/ON-1587		2024-10-01		Duitse Bunker WN Fliegerhorst 2 Knokke	ONBOTA		JO11QI	0	0	1		209
R	WWBOTA	B/ON-1588		2024-10-01		Duitse Bunker WN Fliegerhorst 3 Knokke	ONBOTA		JO11QI	0	0	1		209
R	WWBOTA	B/ON-1589		2024-10-01		Duitse Bunker WN Fliegerhorst 4 Knokke	ONBOTA		JO11QI	0	0	1		209
R	WWBOTA	B/ON-1590		2024-10-01		Duitse Bunker WN Fliegerhorst 5 Knokke	ONBOTA		JO11QI	0	0	1		209
R	WWBOTA	B/ON-1591		2024-10-01		Duitse Bunker WN Fliegerhorst 6 Knokke	ONBOTA		JO11QI	0	0	1		209
R	WWBOTA	B/ON-1592		2024-10-01		Duitse Bunker WN Fliegerhorst 7 Knokke	ONBOTA		JO11QI	0	0	1		209
R	WWBOTA	B/ON-1593		2024-10-01		Duitse Bunker Knokke Heist	ONBOTA		JO11QH	0	0	1		209
R	WWBOTA	B/ON-1594		2024-10-01		Duitse Bunker Knokke Heist	ONBOTA		JO11QH	0	0	1		209
R	WWBOTA	B/ON-1595		2024-10-01		Duitse Bunker LA M 07 Sluis	ONBOTA		JO11QH	0	0	1		209
R	WWBOTA	B/ON-1596		2024-10-01		Duitse Bunker Zeedijk Sluis	ONBOTA		JO11QH	0	0	1		209
R	WWBOTA	B/ON-1597		2024-10-01		Duitse Bunker 1 Lapscheure	ONBOTA		JO11QG	0	0	1		209
R	WWBOTA	B/ON-1598		2024-10-01		Duitse Bunker 2 Lapscheure	ONBOTA		JO11QG	0	0	1		209
R	WWBOTA	B/ON-1599		2024-10-01		Duitse Bunker 3 Lapscheure	ONBOTA		JO11QG	0	0	1		209
R	WWBOTA	B/ON-1600		2024-10-01		Duitse Bunker 4 Lapscheure	ONBOTA		JO11QG	0	0	1		209
R	WWBOTA	B/ON-1601		2024-10-01		Bunker	ONBOTA		JO20KK	0	0	1		209
R	WWBOTA	B/ON-1602		2024-10-01		Bunker	ONBOTA		JO20JK	0	0	1		209
R	WWBOTA	B/ON-1603		2024-10-01		Bunker	ONBOTA		JO20KK	0	0	1		209
R	WWBOTA	B/ON-1604		2024-10-01		Bunker	ONBOTA		JO20KK	0	0	1		209
R	WWBOTA	B/ON-1605		2024-10-01		Bunker	ONBOTA		JO20LK	0	0	1		209
R	WWBOTA	B/ON-1606		2024-10-01		Bunker	ONBOTA		JO20KK	0	0	1		209
R	WWBOTA	B/ON-1607		2024-10-01		Bunker	ONBOTA		JO20JK	0	0	1		209
R	WWBOTA	B/ON-1608		2024-10-01		Bunker	ONBOTA		JO20JK	0	0	1		209
R	WWBOTA	B/ON-1609		2024-10-01		Bunker	ONBOTA		JO20LM	0	0	1		209
R	WWBOTA	B/ON-1610		2024-10-01		Bunker	ONBOTA		JO20LM	0	0	1		209
R	WWBOTA	B/ON-1611		2024-10-01		Bunker Geschutsopstelling	ONBOTA		JO20KM	0	0	1		209
R	WWBOTA	B/ON-1612		2024-10-01		Bunker Geschutsopstelling	ONBOTA		JO20KM	0	0	1		209
R	WWBOTA	B/ON-1613		2024-10-01		Bunker Geschutsopstelling	ONBOTA		JO20KM	0	0	1		209
R	WWBOTA	B/ON-1614		2024-10-01		Bunker Geschutsopstelling	ONBOTA		JO20KM	0	0	1		209
R	WWBOTA	B/ON-1615		2024-10-01		Bunker Geschutsopstelling	ONBOTA		JO20KM	0	0	1		209
R	WWBOTA	B/ON-1616		2024-10-01		Bunker Geschutsopstelling	ONBOTA		JO20KM	0	0	1		209
R	WWBOTA	B/ON-1617		2024-10-01		Bunker	ONBOTA		JO20LM	0	0	1		209
R	WWBOTA	B/ON-1618		2024-10-01		Bunker	ONBOTA		JO20JL	0	0	1		209
R	WWBOTA	B/ON-1619		2024-10-01		Bunker	ONBOTA		JO20LK	0	0	1		209
R	WWBOTA	B/ON-1620		2024-10-01		Bunker	ONBOTA		JO20LK	0	0	1		209
R	WWBOTA	B/ON-1621		2024-10-01		Bunker	ONBOTA		JO20JK	0	0	1		209
R	WWBOTA	B/ON-1622		2024-10-01		Bunker	ONBOTA		JO20LM	0	0	1		209
R	WWBOTA	B/ON-1623		2024-10-01		Kazemat	ONBOTA		JO20JL	0	0	1		209
R	WWBOTA	B/ON-1624		2024-10-01		Bunker	ONBOTA		JO20LM	0	0	1		209
R	WWBOTA	B/ON-1625		2024-10-01		Bunker	ONBOTA		JO20JK	0	0	1		209
R	WWBOTA	B/ON-1626		2024-10-01		Bunker	ONBOTA		JO20LM	0	0	1		209
R	WWBOTA	B/ON-1627		2024-10-01		Bunker	ONBOTA		JO20KM	0	0	1		209
R	WWBOTA	B/ON-1628		2024-10-01		Bunker	ONBOTA		JO20KK	0	0	1		209
R	WWBOTA	B/ON-1629		2024-10-01		Bunker	ONBOTA		JO20LK	0	0	1		209
R	WWBOTA	B/ON-1630		2024-10-01		Bunker	ONBOTA		JO20LM	0	0	1		209
R	WWBOTA	B/ON-1631		2024-10-01		Bunker	ONBOTA		JO20LL	0	0	1		209
R	WWBOTA	B/ON-1632		2024-10-01		Bunker	ONBOTA		JO20KL	0	0	1		209
R	WWBOTA	B/ON-1633		2024-10-01		Bunker	ONBOTA		JO20JK	0	0	1		209
R	WWBOTA	B/ON-1634		2024-10-01		Bunker	ONBOTA		JO20LM	0	0	1		209
R	WWBOTA	B/ON-1635		2024-10-01		Bunker	ONBOTA		JO20FA	0	0	1		209
R	WWBOTA	B/ON-1636		2024-10-01		Bunker	ONBOTA		JO20FA	0	0	1		209
R	WWBOTA	B/ON-1637		2024-10-01		Bunker	ONBOTA		JO20KH	0	0	1		209
R	WWBOTA	B/ON-1638		2024-10-01		Bunker	ONBOTA		JO20JK	0	0	1		209
R	WWBOTA	B/ON-1639		2024-10-01		Bunker	ONBOTA		JO20JK	0	0	1		209
R	WWBOTA	B/ON-1640		2024-10-01		Bunker	ONBOTA		JO20LM	0	0	1		209
R	WWBOTA	B/ON-1641		2024-10-01		Bunker	ONBOTA		JO20JL	0	0	1		209
R	WWBOTA	B/ON-1642		2024-10-01		Bunker	ONBOTA		JO20LL	0	0	1		209
R	WWBOTA	B/ON-1643		2024-10-01		Bunker	ONBOTA		JO20LM	0	0	1		209
R	WWBOTA	B/ON-1644		2024-10-01		Bunker	ONBOTA		JO20LM	0	0	1		209
R	WWBOTA	B/ON-1645		2024-10-01		Bunker	ONBOTA		JO20LM	0	0	1		209
R	WWBOTA	B/ON-1646		2024-10-01		Bunker	ONBOTA		JO20LM	0	0	1		209
R	WWBOTA	B/ON-1647		2024-10-01		Bunker	ONBOTA		JO20LM	0	0	1		209
R	WWBOTA	B/ON-1648		2024-10-01		Bunker	ONBOTA		JO20KM	0	0	1		209
R	WWBOTA	B/ON-1649		2024-10-01		Bunker	ONBOTA		JO20KM	0	0	1		209
R	WWBOTA	B/ON-1650		2024-10-01		Observation Bunker	ONBOTA		JO20JJ	0	0	1		209
R	WWBOTA	B/ON-1651		2024-10-01		Bunker Geschutsopstelling	ONBOTA		JO20JJ	0	0	1		209
R	WWBOTA	B/ON-1652		2024-10-01		Bunker	ONBOTA		JO20LM	0	0	1		209
R	WWBOTA	B/ON-1653		2024-10-01		Bunker	ONBOTA		JO20LM	0	0	1		209
R	WWBOTA	B/ON-1654		2024-10-01		Bunker	ONBOTA		JO20JL	0	0	1		209
R	WWBOTA	B/ON-1655		2024-10-01		Bunker	ONBOTA		JO20LM	0	0	1		209
R	WWBOTA	B/ON-1656		2024-10-01		Bunker	ONBOTA		JO20KM	0	0	1		209
R	WWBOTA	B/ON-1657		2024-10-01		Bunker	ONBOTA		JO20KK	0	0	1		209
R	WWBOTA	B/ON-1658		2024-10-01		Bunker	ONBOTA		JO20KK	0	0	1		209
R	WWBOTA	B/ON-1659		2024-10-01		Bunker	ONBOTA		JO20LM	0	0	1		209
R	WWBOTA	B/ON-1660		2024-10-01		Bunker	ONBOTA		JO20LM	0	0	1		209
R	WWBOTA	B/ON-1661		2024-10-01		Bunker	ONBOTA		JO20LM	0	0	1		209
R	WWBOTA	B/ON-1662		2024-10-01		Bunker	ONBOTA		JO20LM	0	0	1		209
R	WWBOTA	B/ON-1663		2024-10-01		Bunker	ONBOTA		JO20LL	0	0	1		209
R	WWBOTA	B/ON-1664		2024-10-01		Kazemat	ONBOTA		JO20LK	0	0	1		209
R	WWBOTA	B/ON-1665		2024-10-01		Bunker	ONBOTA		JO20KK	0	0	1		209
R	WWBOTA	B/ON-1666		2024-10-01		Bunker	ONBOTA		JO20LK	0	0	1		209
R	WWBOTA	B/ON-1667		2024-10-01		Bunker	ONBOTA		JO20LL	0	0	1		209
R	WWBOTA	B/ON-1668		2024-10-01		Bunker	ONBOTA		JO20LL	0	0	1		209
R	WWBOTA	B/ON-1669		2024-10-01		Commando Bunker	ONBOTA		JO20KM	0	0	1		209
R	WWBOTA	B/ON-1670		2024-10-01		Bunker	ONBOTA		JO20LK	0	0	1		209
R	WWBOTA	B/ON-1671		2024-10-01		Bunker	ONBOTA		JO20LL	0	0	1		209
R	WWBOTA	B/ON-1672		2024-10-01		Wolfsschluct 1 Bunker Hitler	ONBOTA		JO20FA	0	0	1		209
R	WWBOTA	B/ON-1673		2024-10-01		Bunker Riemen - Oostakker 1	ONBOTA		JO11VC	0	0	1		209
R	WWBOTA	B/ON-1674		2024-10-01		Bunker Riemen - Oostakker 2	ONBOTA		JO11VC	0	0	1		209
R	WWBOTA	B/ON-1675		2024-10-01		Bunker Riemen - Oostakker 3	ONBOTA		JO11VC	0	0	1		209
R	WWBOTA	B/ON-1676		2024-10-01		Bunker Riemen - Oostakker 4	ONBOTA		JO11VC	0	0	1		209
R	WWBOTA	B/ON-1677		2024-10-01		Bunker Riemen - Oostakker 5	ONBOTA		JO11VC	0	0	1		209
R	WWBOTA	B/ON-1678		2024-10-01		Bunker Riemen - Oostakker 6	ONBOTA		JO11VC	0	0	1		209
R	WWBOTA	B/ON-1679		2024-10-01		Bunker Riemen - Oostakker 7	ONBOTA		JO11VC	0	0	1		209
R	WWBOTA	B/ON-1680		2024-10-01		Bunker Riemen - Oostakker 8	ONBOTA		JO11VC	0	0	1		209
R	WWBOTA	B/ON-1681		2024-10-01		Bunker Riemen - Oostakker 9	ONBOTA		JO11VC	0	0	1		209
R	WWBOTA	B/ON-1682		2024-10-01		Bunker Mendonk 1	ONBOTA		JO11VD	0	0	1		209
R	WWBOTA	B/ON-1683		2024-10-01		Bunker Mendonk 2	ONBOTA		JO11VD	0	0	1		209
R	WWBOTA	B/ON-1684		2024-10-01		Bunker Mendonk 3	ONBOTA		JO11VD	0	0	1		209
R	WWBOTA	B/ON-1685		2024-10-01		Bunker Mendonk 4	ONBOTA		JO11VD	0	0	1		209
R	WWBOTA	B/ON-1686		2024-10-01		Bunker Mendonk 5	ONBOTA		JO11VD	0	0	1		209
R	WWBOTA	B/ON-1687		2024-10-01		Bunker Zaffelaere 1	ONBOTA		JO11WD	0	0	1		209
R	WWBOTA	B/ON-1688		2024-10-01		Bunker Zaffelaere 2	ONBOTA		JO11WD	0	0	1		209
R	WWBOTA	B/ON-1689		2024-10-01		Bunker Zaffelaere 3	ONBOTA		JO11WD	0	0	1		209
R	WWBOTA	B/ON-1690		2024-10-01		Bunker Zaffelaere 4	ONBOTA		JO11WD	0	0	1		209
R	WWBOTA	B/ON-1691		2024-10-01		Bunker Zaffelaere 5	ONBOTA		JO11WD	0	0	1		209
R	WWBOTA	B/ON-1692		2024-10-01		Bunker Zaffelaere 6	ONBOTA		JO11WD	0	0	1		209
R	WWBOTA	B/ON-1693		2024-10-01		Bunker Zaffelaere 7	ONBOTA		JO11WD	0	0	1		209
R	WWBOTA	B/ON-1694		2024-10-01		Bunker Zaffelaere 8	ONBOTA		JO11WD	0	0	1		209
R	WWBOTA	B/ON-1695		2024-10-01		Bunker Zaffelaere 9	ONBOTA		JO11WD	0	0	1		209
R	WWBOTA	B/ON-1696		2024-10-01		Bunker Scheepken 1	ONBOTA		JO11XD	0	0	1		209
R	WWBOTA	B/ON-1697		2024-10-01		Bunker Scheepken 2	ONBOTA		JO11WD	0	0	1		209
R	WWBOTA	B/ON-1698		2024-10-01		Bunker Scheepken 3	ONBOTA		JO11WD	0	0	1		209
R	WWBOTA	B/ON-1699		2024-10-01		Bunker Scheepken 4	ONBOTA		JO11WD	0	0	1		209
R	WWBOTA	B/ON-1700		2024-10-01		Bunker Briel 1	ONBOTA		JO11XD	0	0	1		209
R	WWBOTA	B/ON-1701		2024-10-01		Bunker Briel 2	ONBOTA		JO11XD	0	0	1		209
R	WWBOTA	B/ON-1702		2024-10-01		Bunker Eksaarde 1	ONBOTA		JO11XD	0	0	1		209
R	WWBOTA	B/ON-1703		2024-10-01		Bunker Eksaarde 2	ONBOTA		JO11XD	0	0	1		209
R	WWBOTA	B/ON-1704		2024-10-01		Bunker Eksaarde 3	ONBOTA		JO11XD	0	0	1		209
R	WWBOTA	B/ON-1705		2024-10-01		Bunker Eksaarde 4	ONBOTA		JO11XD	0	0	1		209
R	WWBOTA	B/ON-1706		2024-10-01		Bunker Zwaanaarde	ONBOTA		JO21AD	0	0	1		209
R	WWBOTA	B/ON-1707		2024-10-01		Bunker Sinaai 1	ONBOTA		JO21AD	0	0	1		209
R	WWBOTA	B/ON-1708		2024-10-01		Bunker Sinaai 2	ONBOTA		JO21AD	0	0	1		209
R	WWBOTA	B/ON-1709		2024-10-01		Bunker Stekene 1	ONBOTA		JO21AE	0	0	1		209
R	WWBOTA	B/ON-1710		2024-10-01		Bunker Stekene 2	ONBOTA		JO21AE	0	0	1		209
R	WWBOTA	B/ON-1711		2024-10-01		Bunker Stekene 3	ONBOTA		JO21AE	0	0	1		209
R	WWBOTA	B/ON-1712		2024-10-01		Bunker Stekene 4	ONBOTA		JO21AE	0	0	1		209
R	WWBOTA	B/ON-1713		2024-10-01		Bunker Stekene 5	ONBOTA		JO21AE	0	0	1		209
R	WWBOTA	B/ON-1714		2024-10-01		Bunker Sint-Gilles-Waas 1	ONBOTA		JO21BF	0	0	1		209
R	WWBOTA	B/ON-1715		2024-10-01		Bunker Sint-Gilles-Waas 2	ONBOTA		JO21BF	0	0	1		209
R	WWBOTA	B/ON-1716		2024-10-01		Bunker Sint-Gilles-Waas 3	ONBOTA		JO21BF	0	0	1		209
R	WWBOTA	B/ON-1717		2024-10-01		Bunker Sint-Gilles-Waas 4	ONBOTA		JO21BF	0	0	1		209
R	WWBOTA	B/ON-1718		2024-10-01		Bunker Sint-Gilles-Waas 5	ONBOTA		JO21CF	0	0	1		209
R	WWBOTA	B/ON-1719		2024-10-01		Bunker Vrasene 18	ONBOTA		JO21CF	0	0	1		209
R	WWBOTA	B/ON-1720		2024-10-01		Bunker Vrasene 19	ONBOTA		JO21CF	0	0	1		209
R	WWBOTA	B/ON-1721		2024-10-01		Bunker Vrasene 20	ONBOTA		JO21CF	0	0	1		209
R	WWBOTA	B/ON-1722		2024-10-01		Bunker Vrasene 21	ONBOTA		JO21CF	0	0	1		209
R	WWBOTA	B/ON-1723		2024-10-01		Bunker Vrasene 22	ONBOTA		JO21CF	0	0	1		209
R	WWBOTA	B/ON-1724		2024-10-01		Bunker Vrasene 23	ONBOTA		JO21CF	0	0	1		209
R	WWBOTA	B/ON-1725		2024-10-01		Bunker Vrasene 24	ONBOTA		JO21CF	0	0	1		209
R	WWBOTA	B/ON-1726		2024-10-01		Bunker Vrasene 25	ONBOTA		JO21CF	0	0	1		209
R	WWBOTA	B/ON-1727		2024-10-01		Bunker Vrasene 26	ONBOTA		JO21CF	0	0	1		209
R	WWBOTA	B/ON-1728		2024-10-01		Bunker Vrasene 27	ONBOTA		JO21CF	0	0	1		209
R	WWBOTA	B/ON-1729		2024-10-01		Bunker Vrasene 28	ONBOTA		JO21CF	0	0	1		209
R	WWBOTA	B/ON-1730		2024-10-01		Bunker Vrasene 29	ONBOTA		JO21CF	0	0	1		209
R	WWBOTA	B/ON-1731		2024-10-01		Bunker Vrasene 30	ONBOTA		JO21CF	0	0	1		209
R	WWBOTA	B/ON-1732		2024-10-01		Bunker Vrasene 31	ONBOTA		JO21CF	0	0	1		209
R	WWBOTA	B/ON-1733		2024-10-01		Bunker Vrasene 32	ONBOTA		JO21CF	0	0	1		209
R	WWBOTA	B/ON-1734		2024-10-01		Bunker Vrasene 33	ONBOTA		JO21CF	0	0	1		209
R	WWBOTA	B/ON-1735		2024-10-01		Bunker Vrasene 34	ONBOTA		JO21CF	0	0	1		209
R	WWBOTA	B/ON-1736		2024-10-01		Bunker Vrasene 35	ONBOTA		JO21CF	0	0	1		209
R	WWBOTA	B/ON-1737		2024-10-01		Bunker Vrasene 36	ONBOTA		JO21CF	0	0	1		209
R	WWBOTA	B/ON-1738		2024-10-01		Bunker Vrasene 37	ONBOTA		JO21CF	0	0	1		209
R	WWBOTA	B/ON-1739		2024-10-01		Bunker Vrasene 38	ONBOTA		JO21CF	0	0	1		209
R	WWBOTA	B/ON-1740		2024-10-01		Bunker Vrasene 39	ONBOTA		JO21CF	0	0	1		209
R	WWBOTA	B/ON-1741		2024-10-01		Bunker Vrasene 40	ONBOTA		JO21CF	0	0	1		209
R	WWBOTA	B/ON-1742		2024-10-01		Bunker Vrasene 41	ONBOTA		JO21CF	0	0	1		209
R	WWBOTA	B/ON-1743		2024-10-01		Bunker Vrasene 42	ONBOTA		JO21CF	0	0	1		209
R	WWBOTA	B/ON-1744		2024-10-01		Bunker Vrasene 43	ONBOTA		JO21CF	0	0	1		209
R	WWBOTA	B/ON-1745		2024-10-01		Bunker Vrasene 44	ONBOTA		JO21CF	0	0	1		209
R	WWBOTA	B/ON-1746		2024-10-01		Bunker Vrasene 45	ONBOTA		JO21CF	0	0	1		209
R	WWBOTA	B/ON-1747		2024-10-01		Bunker Vrasene 46	ONBOTA		JO21CF	0	0	1		209
R	WWBOTA	B/ON-1748		2024-10-01		Bunker Vrasene 47	ONBOTA		JO21CF	0	0	1		209
R	WWBOTA	B/ON-1749		2024-10-01		Bunker Vrasene 48	ONBOTA		JO21CF	0	0	1		209
R	WWBOTA	B/ON-1750		2024-10-01		Bunker Vrasene 49	ONBOTA		JO21CF	0	0	1		209
R	WWBOTA	B/ON-1751		2024-10-01		Bunker Vrasene 50	ONBOTA		JO21CF	0	0	1		209
R	WWBOTA	B/ON-1752		2024-10-01		Bunker Vrasene 51	ONBOTA		JO21CF	0	0	1		209
R	WWBOTA	B/ON-1753		2024-10-01		Bunker Vrasene 52	ONBOTA		JO21CF	0	0	1		209
R	WWBOTA	B/ON-1754		2024-10-01		Bunker Vrasene 53	ONBOTA		JO21CF	0	0	1		209
R	WWBOTA	B/ON-1755		2024-10-01		Bunker Vrasene 54	ONBOTA		JO21CF	0	0	1		209
R	WWBOTA	B/ON-1756		2024-10-01		Bunker Vrasene 55	ONBOTA		JO21CF	0	0	1		209
R	WWBOTA	B/ON-1757		2024-10-01		Bunker Beveren 6	ONBOTA		JO21CF	0	0	1		209
R	WWBOTA	B/ON-1758		2024-10-01		Bunker Beveren 7	ONBOTA		JO21CF	0	0	1		209
R	WWBOTA	B/ON-1759		2024-10-01		Bunker Beveren 8	ONBOTA		JO21CF	0	0	1		209
R	WWBOTA	B/ON-1760		2024-10-01		Bunker Beveren 9	ONBOTA		JO21CE	0	0	1		209
R	WWBOTA	B/ON-1761		2024-10-01		Bunker Beveren 10	ONBOTA		JO21CE	0	0	1		209
R	WWBOTA	B/ON-1762		2024-10-01		Bunker Beveren 11	ONBOTA		JO21CE	0	0	1		209
R	WWBOTA	B/ON-1763		2024-10-01		Bunker Beveren 12	ONBOTA		JO21CE	0	0	1		209
R	WWBOTA	B/ON-1764		2024-10-01		Bunker Beveren 13	ONBOTA		JO21CE	0	0	1		209
R	WWBOTA	B/ON-1765		2024-10-01		Bunker Beveren 14	ONBOTA		JO21CE	0	0	1		209
R	WWBOTA	B/ON-1766		2024-10-01		Bunker Haasdonk 13	ONBOTA		JO21CE	0	0	1		209
R	WWBOTA	B/ON-1767		2024-10-01		Bunker Haasdonk 14	ONBOTA		JO21CE	0	0	1		209
R	WWBOTA	B/ON-1768		2024-10-01		Bunker Haasdonk 15	ONBOTA		JO21CE	0	0	1		209
R	WWBOTA	B/ON-1769		2024-10-01		Bunker Haasdonk 16	ONBOTA		JO21CE	0	0	1		209
R	WWBOTA	B/ON-1770		2024-10-01		Bunker Haasdonk 17	ONBOTA		JO21CE	0	0	1		209
R	WWBOTA	B/ON-1771		2024-10-01		Bunker Haasdonk 18	ONBOTA		JO21CE	0	0	1		209
R	WWBOTA	B/ON-1772		2024-10-01		Bunker Haasdonk 19	ONBOTA		JO21CE	0	0	1		209
R	WWBOTA	B/ON-1773		2024-10-01		Bunker Haasdonk 20	ONBOTA		JO21CE	0	0	1		209
R	WWBOTA	B/ON-1774		2024-10-01		Bunker Haasdonk 21	ONBOTA		JO21CE	0	0	1		209
R	WWBOTA	B/ON-1775		2024-10-01		Bunker Haasdonk 22	ONBOTA		JO21CE	0	0	1		209
R	WWBOTA	B/ON-1776		2024-10-01		Bunker Haasdonk 23	ONBOTA		JO21CE	0	0	1		209
R	WWBOTA	B/ON-1777		2024-10-01		Bunker Haasdonk 24	ONBOTA		JO21CE	0	0	1		209
R	WWBOTA	B/ON-1778		2024-10-01		Bunker Haasdonk 25	ONBOTA		JO21CE	0	0	1		209
R	WWBOTA	B/ON-1779		2024-10-01		Bunker Haasdonk 26	ONBOTA		JO21CE	0	0	1		209
R	WWBOTA	B/ON-1780		2024-10-01		Bunker Haasdonk 27	ONBOTA		JO21CE	0	0	1		209
R	WWBOTA	B/ON-1781		2024-10-01		Bunker Haasdonk 28	ONBOTA		JO21CE	0	0	1		209
R	WWBOTA	B/ON-1782		2024-10-01		Bunker Haasdonk 29	ONBOTA		JO21CE	0	0	1		209
R	WWBOTA	B/ON-1783		2024-10-01		Bunker Haasdonk 30	ONBOTA		JO21CE	0	0	1		209
R	WWBOTA	B/ON-1784		2024-10-01		Bunker Haasdonk 31	ONBOTA		JO21CE	0	0	1		209
R	WWBOTA	B/ON-1785		2024-10-01		Bunker Haasdonk 32	ONBOTA		JO21CE	0	0	1		209
R	WWBOTA	B/ON-1786		2024-10-01		Bunker Haasdonk 33	ONBOTA		JO21CE	0	0	1		209
R	WWBOTA	B/ON-1787		2024-10-01		Bunker Haasdonk 34	ONBOTA		JO21CE	0	0	1		209
R	WWBOTA	B/ON-1788		2024-10-01		Bunker Haasdonk 35	ONBOTA		JO21CE	0	0	1		209
R	WWBOTA	B/ON-1789		2024-10-01		Bunker Haasdonk 36	ONBOTA		JO21CE	0	0	1		209
R	WWBOTA	B/ON-1790		2024-10-01		Bunker Haasdonk 37	ONBOTA		JO21CE	0	0	1		209
R	WWBOTA	B/ON-1791		2024-10-01		Bunker Haasdonk 38	ONBOTA		JO21CE	0	0	1		209
R	WWBOTA	B/ON-1792		2024-10-01		Bunker Haasdonk 39	ONBOTA		JO21CE	0	0	1		209
R	WWBOTA	B/ON-1793		2024-10-01		Bunker Haasdonk 40	ONBOTA		JO21CE	0	0	1		209
R	WWBOTA	B/ON-1794		2024-10-01		Bunker Haasdonk 41	ONBOTA		JO21CE	0	0	1		209
R	WWBOTA	B/ON-1795		2024-10-01		Bunker Haasdonk 42	ONBOTA		JO21CE	0	0	1		209
R	WWBOTA	B/ON-1796		2024-10-01		Bunker Haasdonk 43	ONBOTA		JO21CE	0	0	1		209
R	WWBOTA	B/ON-1797		2024-10-01		Bunker Haasdonk 44	ONBOTA		JO21CE	0	0	1		209
R	WWBOTA	B/ON-1798		2024-10-01		Bunker Haasdonk 45	ONBOTA		JO21CE	0	0	1		209
R	WWBOTA	B/ON-1799		2024-10-01		Bunker Haasdonk 46	ONBOTA		JO21CE	0	0	1		209
R	WWBOTA	B/ON-1800		2024-10-01		Bunker Haasdonk 47	ONBOTA		JO21CD	0	0	1		209
R	WWBOTA	B/ON-1801		2024-10-01		Bunker Steendorp 5	ONBOTA		JO21CD	0	0	1		209
R	WWBOTA	B/ON-1802		2024-10-01		Bunker Steendorp 6	ONBOTA		JO21DD	0	0	1		209
R	WWBOTA	B/ON-1803		2024-10-01		Bunker Puurs-Sint-Amands 1	ONBOTA		JO21DB	0	0	1		209
R	WWBOTA	B/ON-1804		2024-10-01		Bunker Puurs-Sint-Amands 2	ONBOTA		JO21DB	0	0	1		209
R	WWBOTA	B/ON-1805		2024-10-01		Bunker Puurs-Sint-Amands 3	ONBOTA		JO21DB	0	0	1		209
R	WWBOTA	B/ON-1806		2024-10-01		Bunker Puurs-Sint-Amands 4	ONBOTA		JO21DB	0	0	1		209
R	WWBOTA	B/ON-1807		2024-10-01		Bunker Puurs-Sint-Amands 5	ONBOTA		JO21DB	0	0	1		209
R	WWBOTA	B/ON-1808		2024-10-01		Bunker Puurs-Sint-Amands 6	ONBOTA		JO21DB	0	0	1		209
R	WWBOTA	B/ON-1809		2024-10-01		Bunker Puurs-Sint-Amands 7	ONBOTA		JO21DB	0	0	1		209
R	WWBOTA	B/ON-1810		2024-10-01		Bunker Puurs-Sint-Amands 8	ONBOTA		JO21DB	0	0	1		209
R	WWBOTA	B/ON-1811		2024-10-01		Bunker Puurs-Sint-Amands 9	ONBOTA		JO21DB	0	0	1		209
R	WWBOTA	B/ON-1812		2024-10-01		Bunker Liezele 1	ONBOTA		JO21DB	0	0	1		209
R	WWBOTA	B/ON-1813		2024-10-01		Bunker Liezele 2	ONBOTA		JO21DB	0	0	1		209
R	WWBOTA	B/ON-1814		2024-10-01		Bunker Liezele 3	ONBOTA		JO21DB	0	0	1		209
R	WWBOTA	B/ON-1815		2024-10-01		Bunker Liezele 4	ONBOTA		JO21DB	0	0	1		209
R	WWBOTA	B/ON-1816		2024-10-01		Bunker Liezele 5	ONBOTA		JO21DB	0	0	1		209
R	WWBOTA	B/ON-1817		2024-10-01		Bunker Liezele 6	ONBOTA		JO21DB	0	0	1		209
R	WWBOTA	B/ON-1818		2024-10-01		Bunker Liezele 7	ONBOTA		JO21DB	0	0	1		209
R	WWBOTA	B/ON-1819		2024-10-01		Bunker Liezele 8	ONBOTA		JO21DB	0	0	1		209
R	WWBOTA	B/ON-1820		2024-10-01		Bunker Liezele 9	ONBOTA		JO21DB	0	0	1		209
R	WWBOTA	B/ON-1821		2024-10-01		Bunker Liezele 10	ONBOTA		JO21DB	0	0	1		209
R	WWBOTA	B/ON-1822		2024-10-01		Bunker Liezele 11	ONBOTA		JO21DB	0	0	1		209
R	WWBOTA	B/ON-1823		2024-10-01		Bunker Liezele 12	ONBOTA		JO21DB	0	0	1		209
R	WWBOTA	B/ON-1824		2024-10-01		Bunker Puurs 10	ONBOTA		JO21DB	0	0	1		209
R	WWBOTA	B/ON-1825		2024-10-01		Bunker Puurs 11	ONBOTA		JO21DB	0	0	1		209
R	WWBOTA	B/ON-1826		2024-10-01		Bunker Puurs 12	ONBOTA		JO21DB	0	0	1		209
R	WWBOTA	B/ON-1827		2024-10-01		Bunker Puurs 13	ONBOTA		JO21DB	0	0	1		209
R	WWBOTA	B/ON-1828		2024-10-01		Bunker Puurs 14	ONBOTA		JO21DB	0	0	1		209
R	WWBOTA	B/ON-1829		2024-10-01		Bunker Puurs 15	ONBOTA		JO21DB	0	0	1		209
R	WWBOTA	B/ON-1830		2024-10-01		Bunker Puurs 16	ONBOTA		JO21DB	0	0	1		209
R	WWBOTA	B/ON-1831		2024-10-01		Bunker Bruggenhoofd Gent We 1	ONBOTA		JO10WX	0	0	1		209
R	WWBOTA	B/ON-1832		2024-10-01		Bunker Bruggenhoofd Gent We 2	ONBOTA		JO10WX	0	0	1		209
R	WWBOTA	B/ON-1833		2024-10-01		Bunker Bruggenhoofd Gent We 5	ONBOTA		JO10WX	0	0	1		209
R	WWBOTA	B/ON-1834		2024-10-01		Bunker Bruggenhoofd Gent We 7	ONBOTA		JO10WX	0	0	1		209
R	WWBOTA	B/ON-1835		2024-10-01		Bunker Bruggenhoofd Gent Me 10	ONBOTA		JO10VX	0	0	1		209
R	WWBOTA	B/ON-1836		2024-10-01		Bunker Bruggenhoofd Gent Me 11	ONBOTA		JO10VX	0	0	1		209
R	WWBOTA	B/ON-1837		2024-10-01		Bunker Bruggenhoofd Gent Me 12	ONBOTA		JO10VX	0	0	1		209
R	WWBOTA	B/ON-1838		2024-10-01		Bunker Bruggenhoofd Gent Me 14	ONBOTA		JO10VX	0	0	1		209
R	WWBOTA	B/ON-1839		2024-10-01		Bunker Bruggenhoofd Gent We8	ONBOTA		JO10WX	0	0	1		209
R	WWBOTA	B/ON-1840		2024-10-01		Bunker Bruggenhoofd Gent We 9	ONBOTA		JO10WX	0	0	1		209
R	WWBOTA	B/ON-1841		2024-10-01		Bunker Bruggenhoofd Gent Gij 1	ONBOTA		JO10VX	0	0	1		209
R	WWBOTA	B/ON-1842		2024-10-01		Bunker Bruggenhoofd Gent Gij 2	ONBOTA		JO10VX	0	0	1		209
R	WWBOTA	B/ON-1843		2024-10-01		Bunker Bruggenhoofd Gent Gij 3	ONBOTA		JO10VX	0	0	1		209
R	WWBOTA	B/ON-1844		2024-10-01		Bunker Bruggenhoofd Gent Me 15	ONBOTA		JO10VX	0	0	1		209
R	WWBOTA	B/ON-1845		2024-10-01		Bunker Bruggenhoofd Gent Lk 1	ONBOTA		JO10VX	0	0	1		209
R	WWBOTA	B/ON-1846		2024-10-01		Bunker Bruggenhoofd Gent Gij 4	ONBOTA		JO10VX	0	0	1		209
R	WWBOTA	B/ON-1847		2024-10-01		Bunker Bruggenhoofd Gent Oz 1	ONBOTA		JO10VX	0	0	1		209
R	WWBOTA	B/ON-1848		2024-10-01		Bunker Bruggenhoofd Gent Oz 2	ONBOTA		JO10VX	0	0	1		209
R	WWBOTA	B/ON-1849		2024-10-01		Bunker Bruggenhoofd Gent Oz 3	ONBOTA		JO10VW	0	0	1		209
R	WWBOTA	B/ON-1850		2024-10-01		Bunker Bruggenhoofd Gent Oz 4	ONBOTA		JO10VW	0	0	1		209
R	WWBOTA	B/ON-1851		2024-10-01		Bunker Bruggenhoofd Gent Oz 5	ONBOTA		JO10VW	0	0	1		209
R	WWBOTA	B/ON-1852		2024-10-01		Bunker Bruggenhoofd Gent Oz 6	ONBOTA		JO10VW	0	0	1		209
R	WWBOTA	B/ON-1853		2024-10-01		Bunker Bruggenhoofd Gent Mo 1	ONBOTA		JO10VX	0	0	1		209
R	WWBOTA	B/ON-1854		2024-10-01		Bunker Bruggenhoofd Gent Mo 2	ONBOTA		JO10VX	0	0	1		209
R	WWBOTA	B/ON-1855		2024-10-01		Bunker Bruggenhoofd Gent Mo 3	ONBOTA		JO10VX	0	0	1		209
R	WWBOTA	B/ON-1856		2024-10-01		Bunker Bruggenhoofd Gent Sw 1	ONBOTA		JO10VW	0	0	1		209
R	WWBOTA	B/ON-1857		2024-10-01		Bunker Bruggenhoofd Gent Sw2	ONBOTA		JO10VW	0	0	1		209
R	WWBOTA	B/ON-1858		2024-10-01		Bunker Bruggenhoofd Gent Mo 4	ONBOTA		JO10VW	0	0	1		209
R	WWBOTA	B/ON-1859		2024-10-01		Bunker Bruggenhoofd Gent Mo 5	ONBOTA		JO10VW	0	0	1		209
R	WWBOTA	B/ON-1860		2024-10-01		Bunker Bruggenhoofd Gent Mu 1	ONBOTA		JO10VW	0	0	1		209
R	WWBOTA	B/ON-1861		2024-10-01		Bunker Bruggenhoofd Gent Mu 2	ONBOTA		JO10VW	0	0	1		209
R	WWBOTA	B/ON-1862		2024-10-01		Bunker Bruggenhoofd Gent Mb 1	ONBOTA		JO10VW	0	0	1		209
R	WWBOTA	B/ON-1863		2024-10-01		Bunker Bruggenhoofd Gent Mo 5	ONBOTA		JO10VW	0	0	1		209
R	WWBOTA	B/ON-1864		2024-10-01		Bunker Bruggenhoofd Gent Mb 2	ONBOTA		JO10UW	0	0	1		209
R	WWBOTA	B/ON-1865		2024-10-01		Bunker Bruggenhoofd Gent Mb 3	ONBOTA		JO10VW	0	0	1		209
R	WWBOTA	B/ON-1866		2024-10-01		Bunker Bruggenhoofd Gent Mb 4	ONBOTA		JO10VX	0	0	1		209
R	WWBOTA	B/ON-1867		2024-10-01		Bunker Bruggenhoofd Gent Mo 6	ONBOTA		JO10VW	0	0	1		209
R	WWBOTA	B/ON-1868		2024-10-01		Bunker Bruggenhoofd Gent Mb 5	ONBOTA		JO10UW	0	0	1		209
R	WWBOTA	B/ON-1869		2024-10-01		Bunker Bruggenhoofd Gent Mb 6	ONBOTA		JO10VX	0	0	1		209
R	WWBOTA	B/ON-1870		2024-10-01		Bunker Bruggenhoofd Gent Mb 7	ONBOTA		JO10UW	0	0	1		209
R	WWBOTA	B/ON-1871		2024-10-01		Bunker Bruggenhoofd Gent Mb 8	ONBOTA		JO10UW	0	0	1		209
R	WWBOTA	B/ON-1872		2024-10-01		Bunker Bruggenhoofd Gent Sz 1	ONBOTA		JO10TW	0	0	1		209
R	WWBOTA	B/ON-1873		2024-10-01		Bunker Bruggenhoofd Gent Sz 2	ONBOTA		JO10TW	0	0	1		209
R	WWBOTA	B/ON-1874		2024-10-01		Bunker Bruggenhoofd Gent Sz 3	ONBOTA		JO10TW	0	0	1		209
R	WWBOTA	B/ON-1875		2024-10-01		Bunker Bruggenhoofd Gent Sz 4	ONBOTA		JO10TW	0	0	1		209
R	WWBOTA	B/ON-1876		2024-10-01		Bunker Bruggenhoofd Gent Mb 9	ONBOTA		JO10UW	0	0	1		209
R	WWBOTA	B/ON-1877		2024-10-01		Bunker Bruggenhoofd Gent Mb 10	ONBOTA		JO10UW	0	0	1		209
R	WWBOTA	B/ON-1878		2024-10-01		Bunker Bruggenhoofd Gent Mu 3	ONBOTA		JO10UW	0	0	1		209
R	WWBOTA	B/ON-1879		2024-10-01		Bunker Bruggenhoofd Gent Mb 11	ONBOTA		JO10UW	0	0	1		209
R	WWBOTA	B/ON-1880		2024-10-01		Bunker Bruggenhoofd Gent Mu 4	ONBOTA		JO10UW	0	0	1		209
R	WWBOTA	B/ON-1881		2024-10-01		Bunker Bruggenhoofd Gent Mb 12	ONBOTA		JO10UW	0	0	1		209
R	WWBOTA	B/ON-1882		2024-10-01		Bunker Bruggenhoofd Gent Mb 13	ONBOTA		JO10UW	0	0	1		209
R	WWBOTA	B/ON-1883		2024-10-01		Bunker Bruggenhoofd Gent Mb14	ONBOTA		JO10UW	0	0	1		209
R	WWBOTA	B/ON-1884		2024-10-01		Bunker Bruggenhoofd Gent Bg 1	ONBOTA		JO10UW	0	0	1		209
R	WWBOTA	B/ON-1885		2024-10-01		Bunker Aalter Al 1	ONBOTA		JO11QB	0	0	1		209
R	WWBOTA	B/ON-1886		2024-10-01		Bunker Radar Bunker Wp 1	ONBOTA		JO10SU	0	0	1		209
R	WWBOTA	B/ON-1887		2024-10-01		Bunker Meerbeke	ONBOTA		JO20AT	0	0	1		209
R	WWBOTA	B/ON-1888		2024-10-01		Bunker Assenede As 1	ONBOTA		JO11VF	0	0	1		209
R	WWBOTA	B/ON-1889		2024-10-01		Bunker Watervliet Wv 1	ONBOTA		JO11TG	0	0	1		209
R	WWBOTA	B/ON-1890		2024-10-01		Bunker Watervliet Wv  2	ONBOTA		JO11TG	0	0	1		209
R	WWBOTA	B/ON-1891		2024-10-01		Bunker Watervliet Wv 3	ONBOTA		JO11TG	0	0	1		209
R	WWBOTA	B/ON-1892		2024-10-01		Bunker Assenede As 2	ONBOTA		JO11UE	0	0	1		209
R	WWBOTA	B/ON-1893		2024-10-01		Bunker Assenede As 3	ONBOTA		JO11UE	0	0	1		209
R	WWBOTA	B/ON-1894		2024-10-01		Bunker Assenede As 4	ONBOTA		JO11UE	0	0	1		209
R	WWBOTA	B/ON-1895		2024-10-01		Bunker Assenede As 5	ONBOTA		JO11UE	0	0	1		209
R	WWBOTA	B/ON-1896		2024-10-01		Bunker Assenede As 6	ONBOTA		JO11UE	0	0	1		209
R	WWBOTA	B/ON-1897		2024-10-01		Bunker Evergem Eg 1	ONBOTA		JO11UE	0	0	1		209
R	WWBOTA	B/ON-1898		2024-10-01		Bunker Evergem Eg 2	ONBOTA		JO11UE	0	0	1		209
R	WWBOTA	B/ON-1899		2024-10-01		Bunker Evergem Eg 3	ONBOTA		JO11VE	0	0	1		209
R	WWBOTA	B/ON-1900		2024-10-01		Bunker Evergem Eg 4	ONBOTA		JO11UD	0	0	1		209
R	WWBOTA	B/ON-1901		2024-10-01		Bunker Evergem Eg 5	ONBOTA		JO11UD	0	0	1		209
R	WWBOTA	B/ON-1902		2024-10-01		Bunker Evergem Eg 6	ONBOTA		JO11UD	0	0	1		209
R	WWBOTA	B/ON-1903		2024-10-01		Bunker Evergem Eg 7	ONBOTA		JO11UD	0	0	1		209
R	WWBOTA	B/ON-1904		2024-10-01		Bunker Evergem Eg 8	ONBOTA		JO11UE	0	0	1		209
R	WWBOTA	B/ON-1905		2024-10-01		Bunker Evergem Eg 9	ONBOTA		JO11UD	0	0	1		209
R	WWBOTA	B/ON-1906		2024-10-01		Bunker Evergem Eg 10	ONBOTA		JO11UD	0	0	1		209
R	WWBOTA	B/ON-1907		2024-10-01		Bunker Kester Ks 1	ONBOTA		JO20BS	0	0	1		209
R	WWBOTA	B/ON-1908		2024-10-01		Bunker Kester Ks 2	ONBOTA		JO20BS	0	0	1		209
R	WWBOTA	B/ON-1909		2024-10-01		Bunker Kester Ks 3	ONBOTA		JO20BS	0	0	1		209
R	WWBOTA	B/ON-1910		2024-10-01		Bunker Kester Ks 4	ONBOTA		JO20BS	0	0	1		209
R	WWBOTA	B/ON-1911		2024-10-01		Bunker Kester Ks 5	ONBOTA		JO20BS	0	0	1		209
R	WWBOTA	B/ON-1912		2024-10-01		Bunker Kester Ks 6	ONBOTA		JO20BS	0	0	1		209
R	WWBOTA	B/ON-1913		2024-10-01		Bunker Kester Ks 7	ONBOTA		JO20BS	0	0	1		209
R	WWBOTA	B/ON-1914		2024-10-01		Bunker Kester Ks 8	ONBOTA		JO20BS	0	0	1		209
R	WWBOTA	B/ON-1915		2024-10-01		Bunker Halle Hl 1	ONBOTA		JO20CR	0	0	1		209
R	WWBOTA	B/ON-1916		2024-10-01		Bunker Halle Hl 2	ONBOTA		JO20CR	0	0	1		209
R	WWBOTA	B/ON-1917		2024-10-01		Bunker Halle Hl 3	ONBOTA		JO20CR	0	0	1		209
R	WWBOTA	B/ON-1918		2024-10-01		Bunker Halle Hl 4	ONBOTA		JO20CR	0	0	1		209
R	WWBOTA	B/ON-1919		2024-10-01		Bunker Halle Hl 5	ONBOTA		JO20CR	0	0	1		209
R	WWBOTA	B/ON-1920		2024-10-01		Bunker Halle Hl 6	ONBOTA		JO20CR	0	0	1		209
R	WWBOTA	B/ON-1921		2024-10-01		Bunker Dilbeel	ONBOTA		JO20CT	0	0	1		209
R	WWBOTA	B/ON-1922		2024-10-01		Bunker Brussel Br 1	ONBOTA		JO20EU	0	0	1		209
R	WWBOTA	B/ON-1923		2024-10-01		Bunker Brussel Br 2	ONBOTA		JO20EU	0	0	1		209
R	WWBOTA	B/ON-1924		2024-10-01		Bunker Haren	ONBOTA		JO20EV	0	0	1		209
R	WWBOTA	B/ON-1925		2024-10-01		Bunker Vilvoorde	ONBOTA		JO20FW	0	0	1		209
R	WWBOTA	B/ON-1926		2024-10-01		Bunker Loonbeek	ONBOTA		JO20HT	0	0	1		209
R	WWBOTA	B/ON-1927		2024-10-01		Bunker Meerbeek	ONBOTA		JO20HU	0	0	1		209
R	WWBOTA	B/ON-1928		2024-10-01		Bunker Leefdaal Ld 1	ONBOTA		JO20HT	0	0	1		209
R	WWBOTA	B/ON-1929		2024-10-01		Bunker Leuven	ONBOTA		JO20HU	0	0	1		209
R	WWBOTA	B/ON-1930		2024-10-01		Bunker Bertem	ONBOTA		JO20HU	0	0	1		209
R	WWBOTA	B/ON-1931		2024-10-01		Bunker Leefdaal Ld 2	ONBOTA		JO20GU	0	0	1		209
R	WWBOTA	B/ON-1932		2024-10-01		Bunker Leefdaal Ld 3	ONBOTA		JO20HU	0	0	1		209
R	WWBOTA	B/ON-1933		2024-10-01		Bunker Leefdaal Ld 4	ONBOTA		JO20HU	0	0	1		209
R	WWBOTA	B/ON-1934		2024-10-01		Bunker Tervuren	ONBOTA		JO20GU	0	0	1		209
R	WWBOTA	B/ON-1935		2024-10-01		Bunker Willebroek Wb 1	ONBOTA		JO21EB	0	0	1		209
R	WWBOTA	B/ON-1936		2024-10-01		Bunker Willebroek Wb 2	ONBOTA		JO21EB	0	0	1		209
R	WWBOTA	B/ON-1937		2024-10-01		Bunker Puurs-Sint-Amands 10	ONBOTA		JO21DB	0	0	1		209
R	WWBOTA	B/ON-1938		2024-10-01		Bunker Puurs-Sint-Amands 11	ONBOTA		JO21DB	0	0	1		209
R	WWBOTA	B/ON-1939		2024-10-01		Bunker Puurs-Sint-Amands 12	ONBOTA		JO21DB	0	0	1		209
R	WWBOTA	B/ON-1940		2024-10-01		Bunker Puurs-Sint-Amands 13	ONBOTA		JO21DB	0	0	1		209
R	WWBOTA	B/ON-1941		2024-10-01		Bunker Puurs-Sint-Amands 14	ONBOTA		JO21EB	0	0	1		209
R	WWBOTA	B/ON-1942		2024-10-01		Bunker Willebroek Wb 3	ONBOTA		JO21EB	0	0	1		209
R	WWBOTA	B/ON-1943		2024-10-01		Bunker Willebroek Wb 4	ONBOTA		JO21EB	0	0	1		209
R	WWBOTA	B/ON-1944		2024-10-01		Bunker Willebroek Wb 5	ONBOTA		JO21EB	0	0	1		209
R	WWBOTA	B/ON-1945		2024-10-01		Bunker Willebroek Wb 6	ONBOTA		JO21EB	0	0	1		209
R	WWBOTA	B/ON-1946		2024-10-01		Bunker Willebroek Wb 7	ONBOTA		JO21EB	0	0	1		209
R	WWBOTA	B/ON-1947		2024-10-01		Bunker Willebroek Wb 8	ONBOTA		JO21EB	0	0	1		209
R	WWBOTA	B/ON-1948		2024-10-01		Schuilbunker Mexicobruggen	ONBOTA		JO21EF	0	0	1		209
R	WWBOTA	B/ON-1949		2024-10-01		Atoomschuilkelder	ONBOTA		JO21EF	0	0	1		209
R	WWBOTA	B/ON-1950		2024-10-01		Schuilkelder Droogdok 1	ONBOTA		JO21EF	0	0	1		209
R	WWBOTA	B/ON-1951		2024-10-01		Schuilkelder Droogdok 2	ONBOTA		JO21EF	0	0	1		209
R	WWBOTA	B/ON-1952		2024-10-01		Bunker Droogdok 3	ONBOTA		JO21EF	0	0	1		209
R	WWBOTA	B/ON-1953		2024-10-01		Bunker Droogdok 4	ONBOTA		JO21EF	0	0	1		209
R	WWBOTA	B/ON-1954		2024-10-01		Bunker Bonapartedok	ONBOTA		JO21EF	0	0	1		209
R	WWBOTA	B/ON-1955		2024-10-01		Bunker Borgerhout	ONBOTA		JO21FF	0	0	1		209
R	WWBOTA	B/ON-1956		2024-10-01		Bunker Liefkenshoek Bv 1	ONBOTA		JO21DH	0	0	1		209
R	WWBOTA	B/ON-1957		2024-10-01		Bunker Liefkenshoek Bv 2	ONBOTA		JO21DH	0	0	1		209
R	WWBOTA	B/ON-1958		2024-10-01		Radar Bunker WP 2	ONBOTA		JO10SU	0	0	1		209
R	WWBOTA	B/ON-1959		2024-10-01		Radar Bunker WP 3	ONBOTA		JO10SU	0	0	1		209
R	WWBOTA	B/ON-1960		2024-10-01		Bunker Eigenbrakel Eb 1	ONBOTA		JO20EQ	0	0	1		209
R	WWBOTA	B/ON-1961		2024-10-01		Bunker Eigenbrakel Eb 2	ONBOTA		JO20EQ	0	0	1		209
R	WWBOTA	B/ON-1962		2024-10-01		Bunker Eigenbrakel Eb 3	ONBOTA		JO20EQ	0	0	1		209
R	WWBOTA	B/ON-1963		2024-10-01		Bunker Eigenbrakel Eb 4	ONBOTA		JO20EQ	0	0	1		209
R	WWBOTA	B/ON-1964		2024-10-01		Bunker Waterloo Wl 1	ONBOTA		JO20EQ	0	0	1		209
R	WWBOTA	B/ON-1965		2024-10-01		Bunker Waterloo Wl 2	ONBOTA		JO20EQ	0	0	1		209
R	WWBOTA	B/ON-1966		2024-10-01		Bunker Waterloo Wl 3	ONBOTA		JO20EQ	0	0	1		209
R	WWBOTA	B/ON-1967		2024-10-01		Bunker Sint-Genesius-Rode	ONBOTA		JO20ER	0	0	1		209
R	WWBOTA	B/ON-1968		2024-10-01		Bunker Eeklo	ONBOTA		JO11SF	0	0	1		209
R	WWBOTA	B/ON-1969		2024-10-01		Bunker Sint-Laureins Sl 1	ONBOTA		JO11SF	0	0	1		209
R	WWBOTA	B/ON-1970		2024-10-01		Bunker Sint-Laureins Sl 2	ONBOTA		JO11SF	0	0	1		209
R	WWBOTA	B/ON-1971		2024-10-01		Bunker Sint-Laureins Sl 3	ONBOTA		JO11SF	0	0	1		209
R	WWBOTA	B/ON-1972		2024-10-01		Bunker Maldegem Mg 1	ONBOTA		JO11RF	0	0	1		209
R	WWBOTA	B/ON-1973		2024-10-01		Bunker Maldegem Mg 2	ONBOTA		JO11RF	0	0	1		209
R	WWBOTA	B/ON-1974		2024-10-01		Bunker Maldegem Mg 3	ONBOTA		JO11RF	0	0	1		209
R	WWBOTA	B/ON-1975		2024-10-01		Bunker Maldegem Mg 4	ONBOTA		JO11RF	0	0	1		209
R	WWBOTA	B/ON-1976		2024-10-01		Bunker Maldegem Mg 5	ONBOTA		JO11RF	0	0	1		209
R	WWBOTA	B/ON-1977		2024-10-01		Bunker Maldegem Mg 6	ONBOTA		JO11RF	0	0	1		209
R	WWBOTA	B/ON-1978		2024-10-01		Bunker Maldegem Mg 7	ONBOTA		JO11RF	0	0	1		209
R	WWBOTA	B/ON-1979		2024-10-01		Bunker Maldegem Mg 8	ONBOTA		JO11RF	0	0	1		209
R	WWBOTA	B/ON-1980		2024-10-01		Bunker Maldegem Mg 9	ONBOTA		JO11RF	0	0	1		209
R	WWBOTA	B/ON-1981		2024-10-01		Bunker Maldegem Mg 10	ONBOTA		JO11RF	0	0	1		209
R	WWBOTA	B/ON-1982		2024-10-01		Bunker Maldegem Mg 11	ONBOTA		JO11RF	0	0	1		209
R	WWBOTA	B/ON-1983		2024-10-01		Bunker Maldegem Mg 12	ONBOTA		JO11RF	0	0	1		209
R	WWBOTA	B/ON-1984		2024-10-01		Bunker Damme Dm 1	ONBOTA		JO11QG	0	0	1		209
R	WWBOTA	B/ON-1985		2024-10-01		Bunker Damme Dm 2	ONBOTA		JO11QG	0	0	1		209
R	WWBOTA	B/ON-1986		2024-10-01		Bunker Damme Dm 3	ONBOTA		JO11QG	0	0	1		209
R	WWBOTA	B/ON-1987		2024-10-01		Bunker Damme Dm 4	ONBOTA		JO11QG	0	0	1		209
R	WWBOTA	B/ON-1988		2024-10-01		Bunker Damme Dm 5	ONBOTA		JO11QG	0	0	1		209
R	WWBOTA	B/ON-1989		2024-10-01		Bunker Damme Dm 6	ONBOTA		JO11QG	0	0	1		209
R	WWBOTA	B/ON-1990		2024-10-01		Bunker Damme Dm 7	ONBOTA		JO11QG	0	0	1		209
R	WWBOTA	B/ON-1991		2024-10-01		Bunker Damme Dm 8	ONBOTA		JO11QG	0	0	1		209
R	WWBOTA	B/ON-1992		2024-10-01		Bunker Knokke-Heist Kh 1	ONBOTA		JO11QH	0	0	1		209
R	WWBOTA	B/ON-1993		2024-10-01		Bunker Damme Dm 9	ONBOTA		JO11QH	0	0	1		209
R	WWBOTA	B/ON-1994		2024-10-01		Bunker Damme Dm 10	ONBOTA		JO11QH	0	0	1		209
R	WWBOTA	B/ON-1995		2024-10-01		Bunker Damme Dm 11	ONBOTA		JO11QH	0	0	1		209
R	WWBOTA	B/ON-1996		2024-10-01		Bunker Damme Dm 12	ONBOTA		JO11QH	0	0	1		209
R	WWBOTA	B/ON-1997		2024-10-01		Bunker Damme Dm 13	ONBOTA		JO11QH	0	0	1		209
R	WWBOTA	B/ON-1998		2024-10-01		Bunker Knokke-Heist Kh 2	ONBOTA		JO11QH	0	0	1		209
R	WWBOTA	B/ON-1999		2024-10-01		Bunker Knokke-Heist Kh 3	ONBOTA		JO11QH	0	0	1		209
R	WWBOTA	B/ON-2000		2024-10-01		Bunker Knokke-Heist Kh 4	ONBOTA		JO11QI	0	0	1		209
R	WWBOTA	B/ON-2001		2024-10-01		Bunker Knokke-Heist Kh 5	ONBOTA		JO11QI	0	0	1		209
R	WWBOTA	B/ON-2002		2024-10-01		Bunker Knokke-Heist Kh 6	ONBOTA		JO11QI	0	0	1		209
R	WWBOTA	B/ON-2003		2024-10-01		Bunker Knokke-Heist Kh 7	ONBOTA		JO11QI	0	0	1		209
R	WWBOTA	B/ON-2004		2024-10-01		Bunker Knokke-Heist Kh 8	ONBOTA		JO11QI	0	0	1		209
R	WWBOTA	B/ON-2005		2024-10-01		Bunker Knokke-Heist Kh 9	ONBOTA		JO11QI	0	0	1		209
R	WWBOTA	B/ON-2006		2024-10-01		Bunker Knokke-Heist Kh 10	ONBOTA		JO11QI	0	0	1		209
R	WWBOTA	B/ON-2007		2024-10-01		Bunker Knokke-Heist Kh 11	ONBOTA		JO11QI	0	0	1		209
R	WWBOTA	B/ON-2008		2024-10-01		Bunker Knokke-Heist Kh 12	ONBOTA		JO11QI	0	0	1		209
R	WWBOTA	B/ON-2009		2024-10-01		Bunker Knokke-Heist Kh 13	ONBOTA		JO11QI	0	0	1		209
R	WWBOTA	B/ON-2010		2024-10-01		Bunker Knokke-Heist Kh 14	ONBOTA		JO11QI	0	0	1		209
R	WWBOTA	B/ON-2011		2024-10-01		Bunker Knokke-Heist Kh 15	ONBOTA		JO11QI	0	0	1		209
R	WWBOTA	B/ON-2012		2024-10-01		Bunker Knokke-Heist Kh 16	ONBOTA		JO11QI	0	0	1		209
R	WWBOTA	B/ON-2013		2024-10-01		Bunker Knokke-Heist Kh 17	ONBOTA		JO11QI	0	0	1		209
R	WWBOTA	B/ON-2014		2024-10-01		Bunker Knokke-Heist Kh 18	ONBOTA		JO11QI	0	0	1		209
R	WWBOTA	B/ON-2015		2024-10-01		Bunker Knokke-Heist Kh 19	ONBOTA		JO11QI	0	0	1		209
R	WWBOTA	B/ON-2016		2024-10-01		Bunker Knokke-Heist Kh 20	ONBOTA		JO11QI	0	0	1		209
R	WWBOTA	B/ON-2017		2024-10-01		Bunker Knokke-Heist Kh 21	ONBOTA		JO11QI	0	0	1		209
R	WWBOTA	B/ON-2018		2024-10-01		Bunker Knokke-Heist Kh 22	ONBOTA		JO11QI	0	0	1		209
R	WWBOTA	B/ON-2019		2024-10-01		Bunker Knokke-Heist Kh 23	ONBOTA		JO11QI	0	0	1		209
R	WWBOTA	B/ON-2020		2024-10-01		Bunker Knokke-Heist Kh 24	ONBOTA		JO11QI	0	0	1		209
R	WWBOTA	B/ON-2021		2024-10-01		Bunker Knokke-Heist Kh 25	ONBOTA		JO11QI	0	0	1		209
R	WWBOTA	B/ON-2022		2024-10-01		Bunker Knokke-Heist Kh 26	ONBOTA		JO11QI	0	0	1		209
R	WWBOTA	B/ON-2023		2024-10-01		Bunker Knokke-Heist Kh 27	ONBOTA		JO11QI	0	0	1		209
R	WWBOTA	B/ON-2024		2024-10-01		Bunker Knokke-Heist Kh 28	ONBOTA		JO11QI	0	0	1		209
R	WWBOTA	B/ON-2025		2024-10-01		Bunker Knokke-Heist Kh 29	ONBOTA		JO11QI	0	0	1		209
R	WWBOTA	B/ON-2026		2024-10-01		Bunker Eeklo	ONBOTA		JO11TE	0	0	1		209
R	WWBOTA	B/ON-2027		2024-10-01		Bunker Lembeke Lk 1	ONBOTA		JO11TE	0	0	1		209
R	WWBOTA	B/ON-2028		2024-10-01		Bunker Lembeke Lk 2	ONBOTA		JO11TE	0	0	1		209
R	WWBOTA	B/ON-2029		2024-10-01		Bunker Lembeke Lk 3	ONBOTA		JO11TE	0	0	1		209
R	WWBOTA	B/ON-2030		2024-10-01		Bunker Lembeke Lk 4	ONBOTA		JO11TE	0	0	1		209
R	WWBOTA	B/ON-2031		2024-10-01		Bunker Lembeke Lk 5	ONBOTA		JO11TE	0	0	1		209
R	WWBOTA	B/ON-2032		2024-10-01		Bunker Lembeke Lk 6	ONBOTA		JO11TE	0	0	1		209
R	WWBOTA	B/ON-2033		2024-10-01		Bunker Lembeke Lk 7	ONBOTA		JO11TE	0	0	1		209
R	WWBOTA	B/ON-2034		2024-10-01		Bunker Assenede As 7	ONBOTA		JO11UE	0	0	1		209
R	WWBOTA	B/ON-2035		2024-10-01		Bunker Assenede As 8	ONBOTA		JO11UE	0	0	1		209
R	WWBOTA	B/ON-2036		2024-10-01		Bunker Evergem Eg 11	ONBOTA		JO11UE	0	0	1		209
R	WWBOTA	B/ON-2037		2024-10-01		Bunker Evergem Eg 12	ONBOTA		JO11UE	0	0	1		209
R	WWBOTA	B/ON-2038		2024-10-01		Bunker Evergem Eg 13	ONBOTA		JO11UE	0	0	1		209
R	WWBOTA	B/ON-2039		2024-10-01		Bunker Evergem Eg 14	ONBOTA		JO11UE	0	0	1		209
R	WWBOTA	B/ON-2040		2024-10-01		Bunker Evergem Eg 15	ONBOTA		JO11UE	0	0	1		209
R	WWBOTA	B/ON-2041		2024-10-01		Bunker Brugge Bg 1	ONBOTA		JO11OG	0	0	1		209
R	WWBOTA	B/ON-2042		2024-10-01		Bunker Brugge Bg 2	ONBOTA		JO11OG	0	0	1		209
R	WWBOTA	B/ON-2043		2024-10-01		Bunker Damme Dm 14	ONBOTA		JO11PF	0	0	1		209
R	WWBOTA	B/ON-2044		2024-10-01		Bunker Damme Dm 15	ONBOTA		JO11PF	0	0	1		209
R	WWBOTA	B/ON-2045		2024-10-01		Bunker Damme Dm 16	ONBOTA		JO11PG	0	0	1		209
R	WWBOTA	B/ON-2046		2024-10-01		Bunker Damme Dm 17	ONBOTA		JO11PG	0	0	1		209
R	WWBOTA	B/ON-2047		2024-10-01		Bunker Brugge Bg 3	ONBOTA		JO11OF	0	0	1		209
R	WWBOTA	B/ON-2048		2024-10-01		Bunker Brugge Bg 4	ONBOTA		JO11OF	0	0	1		209
R	WWBOTA	B/ON-2049		2024-10-01		Bunker Brugge Bg 5	ONBOTA		JO11OF	0	0	1		209
R	WWBOTA	B/ON-2050		2024-10-01		Bunker Brugge Bg 6	ONBOTA		JO11OE	0	0	1		209
R	WWBOTA	B/ON-2051		2024-10-01		Bunker Brugge Bg 7	ONBOTA		JO11OE	0	0	1		209
R	WWBOTA	B/ON-2052		2024-10-01		Bunker Oostkamp Ok 1	ONBOTA		JO11PE	0	0	1		209
R	WWBOTA	B/ON-2053		2024-10-01		Bunker Brugge Bg 8	ONBOTA		JO11OE	0	0	1		209
R	WWBOTA	B/ON-2054		2024-10-01		Bunker Oostkamp Ok 2	ONBOTA		JO11PD	0	0	1		209
R	WWBOTA	B/ON-2055		2024-10-01		Bunker Oostkamp Ok 3	ONBOTA		JO11PD	0	0	1		209
R	WWBOTA	B/ON-2056		2024-10-01		Bunker Oostkamp Ok 4	ONBOTA		JO11PE	0	0	1		209
R	WWBOTA	B/ON-2057		2024-10-01		Bunker Oostkamp Ok 5	ONBOTA		JO11OE	0	0	1		209
R	WWBOTA	B/ON-2058		2024-10-01		Bunker Oostkamp Ok 6	ONBOTA		JO11OE	0	0	1		209
R	WWBOTA	B/ON-2059		2024-10-01		Bunker Loppem Lp 1	ONBOTA		JO11ND	0	0	1		209
R	WWBOTA	B/ON-2060		2024-10-01		Bunker Loppem Lp 2	ONBOTA		JO11ND	0	0	1		209
R	WWBOTA	B/ON-2061		2024-10-01		Bunker Loppem Lp 3	ONBOTA		JO11ND	0	0	1		209
R	WWBOTA	B/ON-2062		2024-10-01		Bunker Loppem Lp 4	ONBOTA		JO11OD	0	0	1		209
R	WWBOTA	B/ON-2063		2024-10-01		Bunker De Haan Dh 1	ONBOTA		JO11MF	0	0	1		209
R	WWBOTA	B/ON-2064		2024-10-01		Bunker De Haan Dh 2	ONBOTA		JO11MG	0	0	1		209
R	WWBOTA	B/ON-2065		2024-10-01		Bunker De Haan Dh 3	ONBOTA		JO11MG	0	0	1		209
R	WWBOTA	B/ON-2066		2024-10-01		Bunker Oostende Ot 1	ONBOTA		JO11LF	0	0	1		209
R	WWBOTA	B/ON-2067		2024-10-01		Bunker Oostende Ot 2	ONBOTA		JO11LF	0	0	1		209
R	WWBOTA	B/ON-2068		2024-10-01		Bunker Oostende Ot 3	ONBOTA		JO11LF	0	0	1		209
R	WWBOTA	B/ON-2069		2024-10-01		Bunker Oostende Ot 4	ONBOTA		JO11LF	0	0	1		209
R	WWBOTA	B/ON-2070		2024-10-01		Bunker Oostende Ot 5	ONBOTA		JO11LF	0	0	1		209
R	WWBOTA	B/ON-2071		2024-10-01		Bunker Oostende Ot 6	ONBOTA		JO11LF	0	0	1		209
R	WWBOTA	B/ON-2072		2024-10-01		Bunker Oostende Ot 7	ONBOTA		JO11LF	0	0	1		209
R	WWBOTA	B/ON-2073		2024-10-01		Bunker Oostende Ot 8	ONBOTA		JO11LF	0	0	1		209
R	WWBOTA	B/ON-2074		2024-10-01		Bunker Oostende Ot 9	ONBOTA		JO11LF	0	0	1		209
R	WWBOTA	B/ON-2075		2024-10-01		Bunker Oostende Ot 10	ONBOTA		JO11LF	0	0	1		209
R	WWBOTA	B/ON-2076		2024-10-01		Bunker Oostende Ot 11	ONBOTA		JO11LF	0	0	1		209
R	WWBOTA	B/ON-2077		2024-10-01		Bunker Oostende Ot 12	ONBOTA		JO11LF	0	0	1		209
R	WWBOTA	B/ON-2078		2024-10-01		Bunker Oostende Ot 13	ONBOTA		JO11LF	0	0	1		209
R	WWBOTA	B/ON-2079		2024-10-01		Bunker Oostende Ot 14	ONBOTA		JO11LF	0	0	1		209
R	WWBOTA	B/ON-2080		2024-10-01		Bunker Oostende Ot 15	ONBOTA		JO11LF	0	0	1		209
R	WWBOTA	B/ON-2081		2024-10-01		Bunker Oostende Ot 16	ONBOTA		JO11LF	0	0	1		209
R	WWBOTA	B/ON-2082		2024-10-01		Bunker Oostende Ot 17	ONBOTA		JO11LF	0	0	1		209
R	WWBOTA	B/ON-2083		2024-10-01		Bunker Oostende Ot 18	ONBOTA		JO11LF	0	0	1		209
R	WWBOTA	B/ON-2084		2024-10-01		Bunker Oostende Ot 19	ONBOTA		JO11LF	0	0	1		209
R	WWBOTA	B/ON-2085		2024-10-01		Bunker Oostende Ot 20	ONBOTA		JO11LF	0	0	1		209
R	WWBOTA	B/ON-2086		2024-10-01		Bunker Oostende Ot 21	ONBOTA		JO11LF	0	0	1		209
R	WWBOTA	B/ON-2087		2024-10-01		Bunker Oostende Ot 22	ONBOTA		JO11LF	0	0	1		209
R	WWBOTA	B/ON-2088		2024-10-01		Bunker Oostende Ot 23	ONBOTA		JO11LF	0	0	1		209
R	WWBOTA	B/ON-2089		2024-10-01		Bunker Oostende Ot 24	ONBOTA		JO11LF	0	0	1		209
R	WWBOTA	B/ON-2090		2024-10-01		Bunker Oostende Ot 25	ONBOTA		JO11LF	0	0	1		209
R	WWBOTA	B/ON-2091		2024-10-01		Bunker Stene-Dorp Sd 2	ONBOTA		JO11LE	0	0	1		209
R	WWBOTA	B/ON-2092		2024-10-01		Bunker Stene-Dorp Sd 3	ONBOTA		JO11LE	0	0	1		209
R	WWBOTA	B/ON-2093		2024-10-01		Bunker Stene-Dorp Sd 4	ONBOTA		JO11LE	0	0	1		209
R	WWBOTA	B/ON-2094		2024-10-01		Bunker Stene-Dorp Sd 5	ONBOTA		JO11LE	0	0	1		209
R	WWBOTA	B/ON-2095		2024-10-01		Bunker Stene-Dorp Sd 6	ONBOTA		JO11LE	0	0	1		209
R	WWBOTA	B/ON-2096		2024-10-01		Bunker Atlantikwall Rs 1	ONBOTA		JO11KE	0	0	1		209
R	WWBOTA	B/ON-2097		2024-10-01		Bunker Atlantikwall Rs 2	ONBOTA		JO11KE	0	0	1		209
R	WWBOTA	B/ON-2098		2024-10-01		Bunker Atlantikwall Rs 3	ONBOTA		JO11KE	0	0	1		209
R	WWBOTA	B/ON-2099		2024-10-01		Bunker Atlantikwall Rs 4	ONBOTA		JO11KE	0	0	1		209
R	WWBOTA	B/ON-2100		2024-10-01		Bunker Atlantikwall Rs 5	ONBOTA		JO11KE	0	0	1		209
R	WWBOTA	B/ON-2101		2024-10-01		Bunker Atlantikwall Rs 6	ONBOTA		JO11KE	0	0	1		209
R	WWBOTA	B/ON-2102		2024-10-01		Bunker Atlantikwall Rs 7	ONBOTA		JO11KE	0	0	1		209
R	WWBOTA	B/ON-2103		2024-10-01		Bunker Atlantikwall Rs 8	ONBOTA		JO11KE	0	0	1		209
R	WWBOTA	B/ON-2104		2024-10-01		Bunker Atlantikwall Rs 9	ONBOTA		JO11KE	0	0	1		209
R	WWBOTA	B/ON-2105		2024-10-01		Bunker Atlantikwall Rs 10	ONBOTA		JO11KE	0	0	1		209
R	WWBOTA	B/ON-2106		2024-10-01		Bunker Atlantikwall Rs 11	ONBOTA		JO11KE	0	0	1		209
R	WWBOTA	B/ON-2107		2024-10-01		Bunker Atlantikwall Rs 12	ONBOTA		JO11KE	0	0	1		209
R	WWBOTA	B/ON-2108		2024-10-01		Bunker Atlantikwall Rs 13	ONBOTA		JO11KE	0	0	1		209
R	WWBOTA	B/ON-2109		2024-10-01		Bunker Atlantikwall Rs 14	ONBOTA		JO11KE	0	0	1		209
R	WWBOTA	B/ON-2110		2024-10-01		Bunker Atlantikwall Rs 15	ONBOTA		JO11KE	0	0	1		209
R	WWBOTA	B/ON-2111		2024-10-01		Bunker Atlantikwall Rs 16	ONBOTA		JO11KE	0	0	1		209
R	WWBOTA	B/ON-2112		2024-10-01		Bunker Atlantikwall Rs 17	ONBOTA		JO11KE	0	0	1		209
R	WWBOTA	B/ON-2113		2024-10-01		Bunker Atlantikwall Rs 18	ONBOTA		JO11KE	0	0	1		209
R	WWBOTA	B/ON-2114		2024-10-01		Bunker Atlantikwall Rs 19	ONBOTA		JO11KE	0	0	1		209
R	WWBOTA	B/ON-2115		2024-10-01		Bunker Atlantikwall Rs 20	ONBOTA		JO11KE	0	0	1		209
R	WWBOTA	B/ON-2116		2024-10-01		Bunker Atlantikwall Rs 21	ONBOTA		JO11KE	0	0	1		209
R	WWBOTA	B/ON-2117		2024-10-01		Bunker Atlantikwall Rs 22	ONBOTA		JO11KE	0	0	1		209
R	WWBOTA	B/ON-2118		2024-10-01		Bunker Atlantikwall Rs 21	ONBOTA		JO11KE	0	0	1		209
R	WWBOTA	B/ON-2119		2024-10-01		Bunker Atlantikwall Rs 22	ONBOTA		JO11KE	0	0	1		209
R	WWBOTA	B/ON-2120		2024-10-01		Bunker Atlantikwall Rs 23	ONBOTA		JO11KE	0	0	1		209
R	WWBOTA	B/ON-2121		2024-10-01		Bunker Atlantikwall Rs 24	ONBOTA		JO11KE	0	0	1		209
R	WWBOTA	B/ON-2122		2024-10-01		Bunker Atlantikwall Rs 25	ONBOTA		JO11KE	0	0	1		209
R	WWBOTA	B/ON-2123		2024-10-01		Bunker Gistel	ONBOTA		JO11LD	0	0	1		209
R	WWBOTA	B/ON-2124		2024-10-01		Bunker Lombardsijde Ls 1	ONBOTA		JO11JD	0	0	1		209
R	WWBOTA	B/ON-2125		2024-10-01		Bunker Lombardsijde Ls 2	ONBOTA		JO11JD	0	0	1		209
R	WWBOTA	B/ON-2126		2024-10-01		Bunker Lombardsijde Ls 3	ONBOTA		JO11JD	0	0	1		209
R	WWBOTA	B/ON-2127		2024-10-01		Bunker Lombardsijde Ls 4	ONBOTA		JO11JD	0	0	1		209
R	WWBOTA	B/ON-2128		2024-10-01		Bunker Lombardsijde Ls 5	ONBOTA		JO11JD	0	0	1		209
R	WWBOTA	B/ON-2129		2024-10-01		Bunker Lombardsijde Ls 6	ONBOTA		JO11JD	0	0	1		209
R	WWBOTA	B/ON-2130		2024-10-01		Bunker Lombardsijde Ls 7	ONBOTA		JO11JD	0	0	1		209
R	WWBOTA	B/ON-2131		2024-10-01		Bunker Lombardsijde Ls 8	ONBOTA		JO11JD	0	0	1		209
R	WWBOTA	B/ON-2132		2024-10-01		Bunker Lombardsijde Ls 9	ONBOTA		JO11JD	0	0	1		209
R	WWBOTA	B/ON-2133		2024-10-01		Bunker Lombardsijde Ls 10	ONBOTA		JO11JD	0	0	1		209
R	WWBOTA	B/ON-2134		2024-10-01		Bunker Westende We 3	ONBOTA		JO11JD	0	0	1		209
R	WWBOTA	B/ON-2135		2024-10-01		Bunker Westende We 4	ONBOTA		JO11JD	0	0	1		209
R	WWBOTA	B/ON-2136		2024-10-01		Bunker Westende We 5	ONBOTA		JO11JD	0	0	1		209
R	WWBOTA	B/ON-2137		2024-10-01		Bunker Westende We 6	ONBOTA		JO11JD	0	0	1		209
R	WWBOTA	B/ON-2138		2024-10-01		Bunker Westende We 7	ONBOTA		JO11JD	0	0	1		209
R	WWBOTA	B/ON-2139		2024-10-01		Bunker Mannekensvere Mv 1	ONBOTA		JO11JD	0	0	1		209
R	WWBOTA	B/ON-2140		2024-10-01		Bunker Mannekensvere Mv 2	ONBOTA		JO11JD	0	0	1		209
R	WWBOTA	B/ON-2141		2024-10-01		Bunker Mannekensvere Mv 3	ONBOTA		JO11JD	0	0	1		209
R	WWBOTA	B/ON-2142		2024-10-01		Bunker Nieuwpoort Np 1	ONBOTA		JO11JD	0	0	1		209
R	WWBOTA	B/ON-2143		2024-10-01		Bunker Nieuwpoort Np 2	ONBOTA		JO11JC	0	0	1		209
R	WWBOTA	B/ON-2144		2024-10-01		Bunker Nieuwpoort Np 3	ONBOTA		JO11JC	0	0	1		209
R	WWBOTA	B/ON-2145		2024-10-01		Bunker Nieuwpoort Np 4	ONBOTA		JO11JC	0	0	1		209
R	WWBOTA	B/ON-2146		2024-10-01		Bunker Nieuwpoort Np 5	ONBOTA		JO11JC	0	0	1		209
R	WWBOTA	B/ON-2147		2024-10-01		Bunker Nieuwpoort Np 6	ONBOTA		JO11JC	0	0	1		209
R	WWBOTA	B/ON-2148		2024-10-01		Bunker Adinkerke Ak 1	ONBOTA		JO11GB	0	0	1		209
R	WWBOTA	B/ON-2149		2024-10-01		Bunker Adinkerke Ak 2	ONBOTA		JO11GB	0	0	1		209
R	WWBOTA	B/ON-2150		2024-10-01		Bunker Adinkerke Ak 3	ONBOTA		JO11GB	0	0	1		209
R	WWBOTA	B/ON-2151		2024-10-01		Bunker Veurne Vn 1	ONBOTA		JO11HA	0	0	1		209
R	WWBOTA	B/ON-2152		2024-10-01		Bunker Veurne Vn 2	ONBOTA		JO11HA	0	0	1		209
R	WWBOTA	B/ON-2153		2024-10-01		Bunker Dodengang Diksmuide Dm 2	ONBOTA		JO11KB	0	0	1		209
R	WWBOTA	B/ON-2154		2024-10-01		Bunker Dodengang Diksmuide Dm 3	ONBOTA		JO11KB	0	0	1		209
R	WWBOTA	B/ON-2155		2024-10-01		Bunker Dodengang Diksmuide Dm 4	ONBOTA		JO11KB	0	0	1		209
R	WWBOTA	B/ON-2156		2024-10-01		Bunker Dodengang Diksmuide Dm 5	ONBOTA		JO11KB	0	0	1		209
R	WWBOTA	B/ON-2157		2024-10-01		Bunker Dodengang Diksmuide Dm 6	ONBOTA		JO11KB	0	0	1		209
R	WWBOTA	B/ON-2158		2024-10-01		Bunker Dodengang Diksmuide Dm 7	ONBOTA		JO11KB	0	0	1		209
R	WWBOTA	B/ON-2159		2024-10-01		Bunker Diksmuide Dm 8	ONBOTA		JO11KA	0	0	1		209
R	WWBOTA	B/ON-2160		2024-10-01		Bunker Langemark-Poelkappele Lpk 1	ONBOTA		JO10LW	0	0	1		209
R	WWBOTA	B/ON-2161		2024-10-01		Bunker Langemark-Poelkappele Lpk 2	ONBOTA		JO10LW	0	0	1		209
R	WWBOTA	B/ON-2162		2024-10-01		Bunker Langemark-Poelkappele Lpk 3	ONBOTA		JO10LW	0	0	1		209
R	WWBOTA	B/ON-2163		2024-10-01		Bunker Langemark-Poelkappele Lpk 4	ONBOTA		JO10LW	0	0	1		209
R	WWBOTA	B/ON-2164		2024-10-01		Bunker Langemark-Poelkappele Lpk 6	ONBOTA		JO10LV	0	0	1		209
R	WWBOTA	B/ON-2165		2024-10-01		Bunker Langemark-Poelkappele Lpk 7	ONBOTA		JO10LV	0	0	1		209
R	WWBOTA	B/ON-2166		2024-10-01		Bunker Langemark-Poelkappele Lpk 8	ONBOTA		JO10LV	0	0	1		209
R	WWBOTA	B/ON-2167		2024-10-01		Bunker Ieper Ir 1	ONBOTA		JO10JU	0	0	1		209
R	WWBOTA	B/ON-2168		2024-10-01		Bunker Ieper Ir 2	ONBOTA		JO10JU	0	0	1		209
R	WWBOTA	B/ON-2169		2024-10-01		Bunker Bergen Bn 1	ONBOTA		JO10XK	0	0	1		209
R	WWBOTA	B/ON-2170		2024-10-01		Bunker Bergen Bn 2	ONBOTA		JO10XM	0	0	1		209
R	WWBOTA	B/ON-2171		2024-10-01		Bunker Wanze Wz 1	ONBOTA		JO20NM	0	0	1		209
R	WWBOTA	B/ON-2172		2024-10-01		Bunker Wanze Wz 2	ONBOTA		JO20OM	0	0	1		209
R	WWBOTA	B/ON-2173		2024-10-01		Bunker Wanze Wz 3	ONBOTA		JO20OM	0	0	1		209
R	WWBOTA	B/ON-2174		2024-10-01		Bunker Wanze Wz 4	ONBOTA		JO20OM	0	0	1		209
R	WWBOTA	B/ON-2175		2024-10-01		Bunker Wanze Wz 5	ONBOTA		JO20OM	0	0	1		209
R	WWBOTA	B/ON-2176		2024-10-01		Bunker Wanze Wz 6	ONBOTA		JO20OM	0	0	1		209
R	WWBOTA	B/ON-2177		2024-10-01		Bunker Wanze Ay 1	ONBOTA		JO20PM	0	0	1		209
R	WWBOTA	B/ON-2178		2024-10-01		Bunker Wanze Wy 2	ONBOTA		JO20PN	0	0	1		209
R	WWBOTA	B/ON-2179		2024-10-01		Bunker Grâce-Hollogne Gh 1	ONBOTA		JO20RP	0	0	1		209
R	WWBOTA	B/ON-2180		2024-10-01		Bunker Grâce-Hollogne Gh 2	ONBOTA		JO20RP	0	0	1		209
R	WWBOTA	B/ON-2181		2024-10-01		Bunker Grâce-Hollogne Gh 3	ONBOTA		JO20RP	0	0	1		209
R	WWBOTA	B/ON-2182		2024-10-01		Bunker Grâce-Hollogne Gh 4	ONBOTA		JO20RP	0	0	1		209
R	WWBOTA	B/ON-2183		2024-10-01		Bunker Seraing Sa 1	ONBOTA		JO20SN	0	0	1		209
R	WWBOTA	B/ON-2184		2024-10-01		Bunker Seraing Sa 2	ONBOTA		JO20SN	0	0	1		209
R	WWBOTA	B/ON-2185		2024-10-01		Bunker Seraing Sa 3	ONBOTA		JO20SO	0	0	1		209
R	WWBOTA	B/ON-2186		2024-10-01		Bunker Seraing Sa 4	ONBOTA		JO20SN	0	0	1		209
R	WWBOTA	B/ON-2187		2024-10-01		Bunker Luik lk 1	ONBOTA		JO20SN	0	0	1		209
R	WWBOTA	B/ON-2188		2024-10-01		Bunker Luik lk 2	ONBOTA		JO20SN	0	0	1		209
R	WWBOTA	B/ON-2189		2024-10-01		Bunker Luik lk 3	ONBOTA		JO20SN	0	0	1		209
R	WWBOTA	B/ON-2190		2024-10-01		Bunker Seraing Sa 5	ONBOTA		JO20SN	0	0	1		209
R	WWBOTA	B/ON-2191		2024-10-01		Bunker Luik lk 4	ONBOTA		JO20SN	0	0	1		209
R	WWBOTA	B/ON-2192		2024-10-01		Bunker Luik lk 5	ONBOTA		JO20SN	0	0	1		209
R	WWBOTA	B/ON-2193		2024-10-01		Bunker Esneux en	ONBOTA		JO20TN	0	0	1		209
R	WWBOTA	B/ON-2194		2024-10-01		Bunker Chaudfontaine Cf 1	ONBOTA		JO20TN	0	0	1		209
R	WWBOTA	B/ON-2195		2024-10-01		Bunker Chaudfontaine Cf 2	ONBOTA		JO20TN	0	0	1		209
R	WWBOTA	B/ON-2196		2024-10-01		Bunker Chaudfontaine Cf 3	ONBOTA		JO20TO	0	0	1		209
R	WWBOTA	B/ON-2197		2024-10-01		Bunker Luik lk 6	ONBOTA		JO20TP	0	0	1		209
R	WWBOTA	B/ON-2198		2024-10-01		Bunker Luik lk 7	ONBOTA		JO20TP	0	0	1		209
R	WWBOTA	B/ON-2199		2024-10-01		Bunker Luik lk 8	ONBOTA		JO20TP	0	0	1		209
R	WWBOTA	B/ON-2200		2024-10-01		Bunker Luik lk 9	ONBOTA		JO20TP	0	0	1		209
R	WWBOTA	B/ON-2201		2024-10-01		Bunker Luik lk 10	ONBOTA		JO20SP	0	0	1		209
R	WWBOTA	B/ON-2202		2024-10-01		Bunker Luik lk 11	ONBOTA		JO20TP	0	0	1		209
R	WWBOTA	B/ON-2203		2024-10-01		Bunker Luik lk 12	ONBOTA		JO20TP	0	0	1		209
R	WWBOTA	B/ON-2204		2024-10-01		Bunker Luik lk 13	ONBOTA		JO20TP	0	0	1		209
R	WWBOTA	B/ON-2205		2024-10-01		Bunker Luik lk 14	ONBOTA		JO20TQ	0	0	1		209
R	WWBOTA	B/ON-2206		2024-10-01		Bunker Herstal Hs 1	ONBOTA		JO20TP	0	0	1		209
R	WWBOTA	B/ON-2207		2024-10-01		Bunker Herstal Hs 2	ONBOTA		JO20TQ	0	0	1		209
R	WWBOTA	B/ON-2208		2024-10-01		Bunker Luik lk 15	ONBOTA		JO20TP	0	0	1		209
R	WWBOTA	B/ON-2209		2024-10-01		Bunker Herstal Hs 3	ONBOTA		JO20TP	0	0	1		209
R	WWBOTA	B/ON-2210		2024-10-01		Bunker Herstal Hs 4	ONBOTA		JO20TQ	0	0	1		209
R	WWBOTA	B/ON-2211		2024-10-01		Bunker Herstal Hs 5	ONBOTA		JO20TQ	0	0	1		209
R	WWBOTA	B/ON-2212		2024-10-01		Bunker Herstal Hs 6	ONBOTA		JO20SQ	0	0	1		209
R	WWBOTA	B/ON-2213		2024-10-01		Bunker Luik lk 16	ONBOTA		JO20TP	0	0	1		209
R	WWBOTA	B/ON-2214		2024-10-01		Bunker Oupeye Op 1	ONBOTA		JO20TQ	0	0	1		209
R	WWBOTA	B/ON-2215		2024-10-01		Bunker Oupeye Op 2	ONBOTA		JO20TR	0	0	1		209
R	WWBOTA	B/ON-2216		2024-10-01		Bunker Oupeye Op 3	ONBOTA		JO20TR	0	0	1		209
R	WWBOTA	B/ON-2217		2024-10-01		Bunker Oupeye Op 4	ONBOTA		JO20TR	0	0	1		209
R	WWBOTA	B/ON-2218		2024-10-01		Bunker Oupeye Op 5	ONBOTA		JO20TR	0	0	1		209
R	WWBOTA	B/ON-2219		2024-10-01		Bunker Oupeye Op 6	ONBOTA		JO20TR	0	0	1		209
R	WWBOTA	B/ON-2220		2024-10-01		Bunker Oupeye Op 7	ONBOTA		JO20TR	0	0	1		209
R	WWBOTA	B/ON-2221		2024-10-01		Bunker Oupeye Op 8	ONBOTA		JO20TR	0	0	1		209
R	WWBOTA	B/ON-2222		2024-10-01		Bunker Oupeye Op 9	ONBOTA		JO20TR	0	0	1		209
R	WWBOTA	B/ON-2223		2024-10-01		Bunker Wezet Wz 1	ONBOTA		JO20US	0	0	1		209
R	WWBOTA	B/ON-2224		2024-10-01		Bunker Wezet Wz 2	ONBOTA		JO20US	0	0	1		209
R	WWBOTA	B/ON-2225		2024-10-01		Bunker Wezet Wz 3	ONBOTA		JO20US	0	0	1		209
R	WWBOTA	B/ON-2226		2024-10-01		Bunker Eben-Emael Eb 1	ONBOTA		JO20UT	0	0	1		209
R	WWBOTA	B/ON-2227		2024-10-01		Bunker Eben-Emael Eb 2	ONBOTA		JO20UT	0	0	1		209
R	WWBOTA	B/ON-2228		2024-10-01		Bunker Eben-Emael Eb 3	ONBOTA		JO20UT	0	0	1		209
R	WWBOTA	B/ON-2229		2024-10-01		Bunker Eben-Emael Eb 4	ONBOTA		JO20UT	0	0	1		209
R	WWBOTA	B/ON-2230		2024-10-01		Bunker Eben-Emael Eb 5	ONBOTA		JO20UT	0	0	1		209
R	WWBOTA	B/ON-2231		2024-10-01		Bunker Eben-Emael Eb 6	ONBOTA		JO20UT	0	0	1		209
R	WWBOTA	B/ON-2232		2024-10-01		Bunker Eben-Emael Eb 7	ONBOTA		JO20UT	0	0	1		209
R	WWBOTA	B/ON-2233		2024-10-01		Bunker Eben-Emael Eb 8	ONBOTA		JO20UT	0	0	1		209
R	WWBOTA	B/ON-2234		2024-10-01		Bunker Eben-Emael Eb 9	ONBOTA		JO20UT	0	0	1		209
R	WWBOTA	B/ON-2235		2024-10-01		Bunker Eben-Emael Eb 10	ONBOTA		JO20UT	0	0	1		209
R	WWBOTA	B/ON-2236		2024-10-01		Bunker Eben-Emael Eb 11	ONBOTA		JO20UT	0	0	1		209
R	WWBOTA	B/ON-2237		2024-10-01		Bunker Eben-Emael Eb 12	ONBOTA		JO20UT	0	0	1		209
R	WWBOTA	B/ON-2238		2024-10-01		Bunker Eben-Emael Eb 13	ONBOTA		JO20UT	0	0	1		209
R	WWBOTA	B/ON-2239		2024-10-01		Bunker Eben-Emael Eb 14	ONBOTA		JO20UT	0	0	1		209
R	WWBOTA	B/ON-2240		2024-10-01		Bunker Eben-Emael Eb 15	ONBOTA		JO20UT	0	0	1		209
R	WWBOTA	B/ON-2241		2024-10-01		Bunker Eben-Emael Eb 16	ONBOTA		JO20UT	0	0	1		209
R	WWBOTA	B/ON-2242		2024-10-01		Bunker Wezet Wz 4	ONBOTA		JO20UR	0	0	1		209
R	WWBOTA	B/ON-2243		2024-10-01		Bunker Wezet Wz 5	ONBOTA		JO20UR	0	0	1		209
R	WWBOTA	B/ON-2244		2024-10-01		Bunker Wezet Wz 6	ONBOTA		JO20UQ	0	0	1		209
R	WWBOTA	B/ON-2245		2024-10-01		Bunker Wezet Wz 7	ONBOTA		JO20UR	0	0	1		209
R	WWBOTA	B/ON-2246		2024-10-01		Bunker Wezet Wz 8	ONBOTA		JO20UR	0	0	1		209
R	WWBOTA	B/ON-2247		2024-10-01		Bunker Wezet Wz 9	ONBOTA		JO20UR	0	0	1		209
R	WWBOTA	B/ON-2248		2024-10-01		Bunker Wezet Wz 10	ONBOTA		JO20UR	0	0	1		209
R	WWBOTA	B/ON-2249		2024-10-01		Bunker Wezet Wz 11	ONBOTA		JO20UR	0	0	1		209
R	WWBOTA	B/ON-2250		2024-10-01		Bunker Wezet Wz 12	ONBOTA		JO20UQ	0	0	1		209
R	WWBOTA	B/ON-2251		2024-10-01		Bunker Wezet Wz 13	ONBOTA		JO20UR	0	0	1		209
R	WWBOTA	B/ON-2252		2024-10-01		Bunker Wezet Wz 14	ONBOTA		JO20UR	0	0	1		209
R	WWBOTA	B/ON-2253		2024-10-01		Bunker Wezet Wz 15	ONBOTA		JO20US	0	0	1		209
R	WWBOTA	B/ON-2254		2024-10-01		Bunker Wezet Wz 16	ONBOTA		JO20UT	0	0	1		209
R	WWBOTA	B/ON-2255		2024-10-01		Bunker Wezet Wz 17	ONBOTA		JO20US	0	0	1		209
R	WWBOTA	B/ON-2256		2024-10-01		Bunker Wezet Wz 18	ONBOTA		JO20UR	0	0	1		209
R	WWBOTA	B/ON-2257		2024-10-01		Bunker Wezet Wz 19	ONBOTA		JO20UR	0	0	1		209
R	WWBOTA	B/ON-2258		2024-10-01		Bunker Wezet Wz 20	ONBOTA		JO20UR	0	0	1		209
R	WWBOTA	B/ON-2259		2024-10-01		Bunker Wezet Wz 21	ONBOTA		JO20UR	0	0	1		209
R	WWBOTA	B/ON-2260		2024-10-01		Bunker Wezet Wz 22	ONBOTA		JO20UR	0	0	1		209
R	WWBOTA	B/ON-2261		2024-10-01		Bunker Wezet Wz 23	ONBOTA		JO20UR	0	0	1		209
R	WWBOTA	B/ON-2262		2024-10-01		Bunker Wezet Wz 24	ONBOTA		JO20UR	0	0	1		209
R	WWBOTA	B/ON-2263		2024-10-01		Bunker Wezet Wz 25	ONBOTA		JO20UR	0	0	1		209
R	WWBOTA	B/ON-2264		2024-10-01		Bunker Wezet Wz 26	ONBOTA		JO20UQ	0	0	1		209
R	WWBOTA	B/ON-2265		2024-10-01		Bunker Wezet Wz 27	ONBOTA		JO20UR	0	0	1		209
R	WWBOTA	B/ON-2266		2024-10-01		Bunker Wezet Wz 28	ONBOTA		JO20UR	0	0	1		209
R	WWBOTA	B/ON-2267		2024-10-01		Bunker Wezet Wz 29	ONBOTA		JO20UR	0	0	1		209
R	WWBOTA	B/ON-2268		2024-10-01		Bunker Wezet Wz 30	ONBOTA		JO20UQ	0	0	1		209
R	WWBOTA	B/ON-2269		2024-10-01		Bunker Wezet Wz 31	ONBOTA		JO20UQ	0	0	1		209
R	WWBOTA	B/ON-2270		2024-10-01		Bunker Wezet Wz 32	ONBOTA		JO20UQ	0	0	1		209
R	WWBOTA	B/ON-2271		2024-10-01		Bunker Wezet Wz 33	ONBOTA		JO20UR	0	0	1		209
R	WWBOTA	B/ON-2272		2024-10-01		Bunker Wezet Wz 34	ONBOTA		JO20UR	0	0	1		209
R	WWBOTA	B/ON-2273		2024-10-01		Bunker Wezet Wz 35	ONBOTA		JO20UR	0	0	1		209
R	WWBOTA	B/ON-2274		2024-10-01		Bunker Wezet Wz 36	ONBOTA		JO20UQ	0	0	1		209
R	WWBOTA	B/ON-2275		2024-10-01		Bunker Wezet Wz 37	ONBOTA		JO20UR	0	0	1		209
R	WWBOTA	B/ON-2276		2024-10-01		Bunker Wezet Wz 38	ONBOTA		JO20UR	0	0	1		209
R	WWBOTA	B/ON-2277		2024-10-01		Bunker Wezet Wz 39	ONBOTA		JO20UR	0	0	1		209
R	WWBOTA	B/ON-2278		2024-10-01		Bunker Wezet Wz 40	ONBOTA		JO20UQ	0	0	1		209
R	WWBOTA	B/ON-2279		2024-10-01		Bunker Wezet Wz 41	ONBOTA		JO20UR	0	0	1		209
R	WWBOTA	B/ON-2280		2024-10-01		Bunker Wezet Wz 42	ONBOTA		JO20UR	0	0	1		209
R	WWBOTA	B/ON-2281		2024-10-01		Bunker Wezet Wz 43	ONBOTA		JO20UR	0	0	1		209
R	WWBOTA	B/ON-2282		2024-10-01		Bunker Wezet Wz 44	ONBOTA		JO20UR	0	0	1		209
R	WWBOTA	B/ON-2283		2024-10-01		Bunker Wezet Wz 45	ONBOTA		JO20UQ	0	0	1		209
R	WWBOTA	B/ON-2284		2024-10-01		Bunker Berneau Bn 1	ONBOTA		JO20UR	0	0	1		209
R	WWBOTA	B/ON-2285		2024-10-01		Bunker Berneau Bn 2	ONBOTA		JO20UR	0	0	1		209
R	WWBOTA	B/ON-2286		2024-10-01		Bunker Berneau Bn 3	ONBOTA		JO20UR	0	0	1		209
R	WWBOTA	B/ON-2287		2024-10-01		Bunker Berneau Bn 4	ONBOTA		JO20UR	0	0	1		209
R	WWBOTA	B/ON-2288		2024-10-01		Bunker Fléron	ONBOTA		JO20UO	0	0	1		209
R	WWBOTA	B/ON-2289		2024-10-01		Bunker Warsage Ws 1	ONBOTA		JO20VR	0	0	1		209
R	WWBOTA	B/ON-2290		2024-10-01		Bunker Warsage Ws 2	ONBOTA		JO20VR	0	0	1		209
R	WWBOTA	B/ON-2291		2024-10-01		Bunker Neufchâteau Nc 1	ONBOTA		JO20VR	0	0	1		209
R	WWBOTA	B/ON-2292		2024-10-01		Bunker Neufchâteau Nc 2	ONBOTA		JO20VR	0	0	1		209
R	WWBOTA	B/ON-2293		2024-10-01		Bunker Warsage Ws 3	ONBOTA		JO20VR	0	0	1		209
R	WWBOTA	B/ON-2294		2024-10-01		Bunker Dalhem	ONBOTA		JO20VR	0	0	1		209
R	WWBOTA	B/ON-2295		2024-10-01		Bunker Sint Jansrade Jr 1	ONBOTA		JO20VR	0	0	1		209
R	WWBOTA	B/ON-2296		2024-10-01		Bunker Sint Jansrade Jr 2	ONBOTA		JO20VQ	0	0	1		209
R	WWBOTA	B/ON-2297		2024-10-01		Bunker Sint Jansrade Jr 3	ONBOTA		JO20VQ	0	0	1		209
R	WWBOTA	B/ON-2298		2024-10-01		Bunker Sint Jansrade Jr 4	ONBOTA		JO20VQ	0	0	1		209
R	WWBOTA	B/ON-2299		2024-10-01		Bunker Herve Hv 1	ONBOTA		JO20VQ	0	0	1		209
R	WWBOTA	B/ON-2300		2024-10-01		Bunker Herve Hv 2	ONBOTA		JO20VQ	0	0	1		209
R	WWBOTA	B/ON-2301		2024-10-01		Bunker Herve Hv 3	ONBOTA		JO20VQ	0	0	1		209
R	WWBOTA	B/ON-2302		2024-10-01		Bunker Herve Hv 4	ONBOTA		JO20VQ	0	0	1		209
R	WWBOTA	B/ON-2303		2024-10-01		Bunker Herve Hv 5	ONBOTA		JO20VQ	0	0	1		209
R	WWBOTA	B/ON-2304		2024-10-01		Bunker Herve Hv 6	ONBOTA		JO20VQ	0	0	1		209
R	WWBOTA	B/ON-2305		2024-10-01		Bunker Herve Hv 7	ONBOTA		JO20VQ	0	0	1		209
R	WWBOTA	B/ON-2306		2024-10-01		Bunker Lommel Lm 1	ONBOTA		JO21OF	0	0	1		209
R	WWBOTA	B/ON-2307		2024-10-01		Bunker Lommel Lm 2	ONBOTA		JO21PF	0	0	1		209
R	WWBOTA	B/ON-2308		2024-10-01		Bunker Lommel Lm 3	ONBOTA		JO21PF	0	0	1		209
R	WWBOTA	B/ON-2309		2024-10-01		Bunker Lommel Lm 4	ONBOTA		JO21PG	0	0	1		209
R	WWBOTA	B/ON-2310		2024-10-01		Bunker Bocholt Bc 1	ONBOTA		JO21RE	0	0	1		209
R	WWBOTA	B/ON-2311		2024-10-01		Bunker Bocholt Bc 2	ONBOTA		JO21RE	0	0	1		209
R	WWBOTA	B/ON-2312		2024-10-01		Bunker Bocholt Bc 3	ONBOTA		JO21RE	0	0	1		209
R	WWBOTA	B/ON-2313		2024-10-01		Bunker Pelt Pt 1	ONBOTA		JO21RE	0	0	1		209
R	WWBOTA	B/ON-2314		2024-10-01		Bunker Pelt Pt 2	ONBOTA		JO21RE	0	0	1		209
R	WWBOTA	B/ON-2315		2024-10-01		Bunker Pelt Pt 3	ONBOTA		JO21RE	0	0	1		209
R	WWBOTA	B/ON-2316		2024-10-01		Bunker Bocholt Bc 4	ONBOTA		JO21TE	0	0	1		209
R	WWBOTA	B/ON-2317		2024-10-01		Bunker Bocholt Bc 5	ONBOTA		JO21SE	0	0	1		209
R	WWBOTA	B/ON-2318		2024-10-01		Bunker Bree	ONBOTA		JO21TD	0	0	1		209
R	WWBOTA	B/ON-2319		2024-10-01		Bunker Oudsbergen Ob 1	ONBOTA		JO21SA	0	0	1		209
R	WWBOTA	B/ON-2320		2024-10-01		Bunker Bocholt Bc 6	ONBOTA		JO21SE	0	0	1		209
R	WWBOTA	B/ON-2321		2024-10-01		Bunker Oudsbergen Ob 2	ONBOTA		JO21RB	0	0	1		209
R	WWBOTA	B/ON-2322		2024-10-01		Bunker Maasmechelen	ONBOTA		JO20TX	0	0	1		209
R	WWBOTA	B/ON-2323		2024-10-01		Bunker Hasselt Hs 1	ONBOTA		JO20QW	0	0	1		209
R	WWBOTA	B/ON-2324		2024-10-01		Bunker Hasselt Hs 2	ONBOTA		JO20QW	0	0	1		209
R	WWBOTA	B/ON-2325		2024-10-01		Bunker Tongeren	ONBOTA		JO20SS	0	0	1		209
R	WWBOTA	B/ON-2326		2024-10-01		Bunker Riemst	ONBOTA		JO20UT	0	0	1		209
R	WWBOTA	B/ON-2327		2024-10-01		Bunker Sint-Truiden	ONBOTA		JO20NS	0	0	1		209
R	WWBOTA	B/ON-2328		2024-10-01		Bunker Beringen	ONBOTA		JO21PC	0	0	1		209
R	WWBOTA	B/ON-2329		2024-10-01		Bunker Houthalen-Helchteren Hh 1	ONBOTA		JO21QB	0	0	1		209
R	WWBOTA	B/ON-2330		2024-10-01		Bunker Houthalen-Helchteren Hh 2	ONBOTA		JO21QB	0	0	1		209
R	WWBOTA	B/ON-2331		2024-10-01		Bunker Aywaille Aw 1	ONBOTA		JO20UL	0	0	1		209
R	WWBOTA	B/ON-2332		2024-10-01		Bunker Aywaille Aw 2	ONBOTA		JO20UL	0	0	1		209
R	WWBOTA	B/ON-2333		2024-10-01		Bunker Aywaille Aw 3	ONBOTA		JO20UL	0	0	1		209
R	WWBOTA	B/ON-2334		2024-10-01		Bunker Aywaille Aw 4	ONBOTA		JO20UL	0	0	1		209
R	WWBOTA	B/ON-2335		2024-10-01		Bunker Aywaille Aw 5	ONBOTA		JO20UL	0	0	1		209
R	WWBOTA	B/ON-2336		2024-10-01		Bunker Aywaille Aw 6	ONBOTA		JO20UL	0	0	1		209
R	WWBOTA	B/ON-2337		2024-10-01		Bunker Aywaille Aw 7	ONBOTA		JO20UL	0	0	1		209
R	WWBOTA	B/ON-2338		2024-10-01		Bunker Aywaille Aw 8	ONBOTA		JO20TL	0	0	1		209
R	WWBOTA	B/ON-2339		2024-10-01		Bunker Aywaille Aw 9	ONBOTA		JO20TL	0	0	1		209
R	WWBOTA	B/ON-2340		2024-10-01		Bunker Aywaille Aw 10	ONBOTA		JO20TL	0	0	1		209
R	WWBOTA	B/ON-2341		2024-10-01		Bunker Aywaille Aw 11	ONBOTA		JO20UL	0	0	1		209
R	WWBOTA	B/ON-2342		2024-10-01		Bunker Aywaille Aw 12	ONBOTA		JO20UL	0	0	1		209
R	WWBOTA	B/ON-2343		2024-10-01		Bunker Aywaille Aw 13	ONBOTA		JO20TL	0	0	1		209
R	WWBOTA	B/ON-2344		2024-10-01		Bunker Aywaille Aw 14	ONBOTA		JO20TL	0	0	1		209
R	WWBOTA	B/ON-2345		2024-10-01		Bunker Oneux Ox 1	ONBOTA		JO20TL	0	0	1		209
R	WWBOTA	B/ON-2346		2024-10-01		Bunker Oneux Ox 2	ONBOTA		JO20SL	0	0	1		209
R	WWBOTA	B/ON-2347		2024-10-01		Bunker Spirmont St 1	ONBOTA		JO20TL	0	0	1		209
R	WWBOTA	B/ON-2348		2024-10-01		Bunker Oneux Ox 3	ONBOTA		JO20SL	0	0	1		209
R	WWBOTA	B/ON-2349		2024-10-01		Bunker Spirmont St 2	ONBOTA		JO20TL	0	0	1		209
R	WWBOTA	B/ON-2350		2024-10-01		Bunker Spirmont St 3	ONBOTA		JO20TL	0	0	1		209
R	WWBOTA	B/ON-2351		2024-10-01		Bunker Spirmont St 4	ONBOTA		JO20TL	0	0	1		209
R	WWBOTA	B/ON-2352		2024-10-01		Bunker Spirmont St 5	ONBOTA		JO20TL	0	0	1		209
R	WWBOTA	B/ON-2353		2024-10-01		Bunker Spirmont St 6	ONBOTA		JO20TL	0	0	1		209
R	WWBOTA	B/ON-2354		2024-10-01		Bunker Oneux Ox 4	ONBOTA		JO20TL	0	0	1		209
R	WWBOTA	B/ON-2355		2024-10-01		Bunker Spirmont St 7	ONBOTA		JO20TL	0	0	1		209
R	WWBOTA	B/ON-2356		2024-10-01		Bunker Spirmont St 8	ONBOTA		JO20TL	0	0	1		209
R	WWBOTA	B/ON-2357		2024-10-01		Bunker Spirmont St 9	ONBOTA		JO20TM	0	0	1		209
R	WWBOTA	B/ON-2358		2024-10-01		Bunker Aywaille Aw 15	ONBOTA		JO20TL	0	0	1		209
R	WWBOTA	B/ON-2359		2024-10-01		Bunker Theux Tx 1	ONBOTA		JO20VL	0	0	1		209
R	WWBOTA	B/ON-2360		2024-10-01		Bunker Theux Tx 2	ONBOTA		JO20VM	0	0	1		209
R	WWBOTA	B/ON-2361		2024-10-01		Bunker Theux Tx 3	ONBOTA		JO20VM	0	0	1		209
R	WWBOTA	B/ON-2362		2024-10-01		Bunker Theux Tx 4	ONBOTA		JO20VM	0	0	1		209
R	WWBOTA	B/ON-2363		2024-10-01		Bunker Theux Tx 5	ONBOTA		JO20VM	0	0	1		209
R	WWBOTA	B/ON-2364		2024-10-01		Bunker Theux Tx 6	ONBOTA		JO20VM	0	0	1		209
R	WWBOTA	B/ON-2365		2024-10-01		Bunker Theux Tx 7	ONBOTA		JO20VM	0	0	1		209
R	WWBOTA	B/ON-2366		2024-10-01		Bunker Theux Tx 8	ONBOTA		JO20VM	0	0	1		209
R	WWBOTA	B/ON-2367		2024-10-01		Bunker Theux Tx 9	ONBOTA		JO20VM	0	0	1		209
R	WWBOTA	B/ON-2368		2024-10-01		Bunker Theux Tx 10	ONBOTA		JO20VM	0	0	1		209
R	WWBOTA	B/ON-2369		2024-10-01		Bunker Theux Tx 11	ONBOTA		JO20VM	0	0	1		209
R	WWBOTA	B/ON-2370		2024-10-01		Bunker Theux Tx 12	ONBOTA		JO20VM	0	0	1		209
R	WWBOTA	B/ON-2371		2024-10-01		Bunker Theux Tx 13	ONBOTA		JO20VM	0	0	1		209
R	WWBOTA	B/ON-2372		2024-10-01		Bunker Theux Tx 14	ONBOTA		JO20VM	0	0	1		209
R	WWBOTA	B/ON-2373		2024-10-01		Bunker Theux Tx 15	ONBOTA		JO20VM	0	0	1		209
R	WWBOTA	B/ON-2374		2024-10-01		Bunker Theux Tx 16	ONBOTA		JO20VM	0	0	1		209
R	WWBOTA	B/ON-2375		2024-10-01		Bunker Theux Tx 17	ONBOTA		JO20VM	0	0	1		209
R	WWBOTA	B/ON-2376		2024-10-01		Bunker Theux Tx 18	ONBOTA		JO20VN	0	0	1		209
R	WWBOTA	B/ON-2377		2024-10-01		Bunker Theux Tx 19	ONBOTA		JO20VN	0	0	1		209
R	WWBOTA	B/ON-2378		2024-10-01		Bunker Pepinster Ps 1	ONBOTA		JO20VN	0	0	1		209
R	WWBOTA	B/ON-2379		2024-10-01		Bunker Pepinster Ps 2	ONBOTA		JO20VN	0	0	1		209
R	WWBOTA	B/ON-2380		2024-10-01		Bunker Pepinster Ps 3	ONBOTA		JO20VN	0	0	1		209
R	WWBOTA	B/ON-2381		2024-10-01		Bunker Pepinster Ps 4	ONBOTA		JO20VN	0	0	1		209
R	WWBOTA	B/ON-2382		2024-10-01		Bunker Pepinster Ps 5	ONBOTA		JO20VN	0	0	1		209
R	WWBOTA	B/ON-2383		2024-10-01		Bunker Pepinster Ps 6	ONBOTA		JO20VN	0	0	1		209
R	WWBOTA	B/ON-2384		2024-10-01		Bunker Pepinster Ps 7	ONBOTA		JO20VN	0	0	1		209
R	WWBOTA	B/ON-2385		2024-10-01		Bunker Theux Tx 20	ONBOTA		JO20VN	0	0	1		209
R	WWBOTA	B/ON-2386		2024-10-01		Bunker Pepinster Ps 8	ONBOTA		JO20VN	0	0	1		209
R	WWBOTA	B/ON-2387		2024-10-01		Bunker Pepinster Ps 9	ONBOTA		JO20VN	0	0	1		209
R	WWBOTA	B/ON-2388		2024-10-01		Bunker Pepinster Ps 10	ONBOTA		JO20VN	0	0	1		209
R	WWBOTA	B/ON-2389		2024-10-01		Bunker Cornesse Cn 1	ONBOTA		JO20VN	0	0	1		209
R	WWBOTA	B/ON-2390		2024-10-01		Bunker Cornesse Cn 2	ONBOTA		JO20VN	0	0	1		209
R	WWBOTA	B/ON-2391		2024-10-01		Bunker Cornesse Cn 3	ONBOTA		JO20VN	0	0	1		209
R	WWBOTA	B/ON-2392		2024-10-01		Bunker Soiron Sr 1	ONBOTA		JO20VN	0	0	1		209
R	WWBOTA	B/ON-2393		2024-10-01		Bunker Sprimont St 10	ONBOTA		JO20UM	0	0	1		209
R	WWBOTA	B/ON-2394		2024-10-01		Bunker Sprimont St 11	ONBOTA		JO20TN	0	0	1		209
R	WWBOTA	B/ON-2395		2024-10-01		Bunker Sprimont St 12	ONBOTA		JO20VN	0	0	1		209
R	WWBOTA	B/ON-2396		2024-10-01		Bunker Olne	ONBOTA		JO20VO	0	0	1		209
R	WWBOTA	B/ON-2397		2024-10-01		Bunker Soiron Sr 2	ONBOTA		JO20VO	0	0	1		209
R	WWBOTA	B/ON-2398		2024-10-01		Bunker Soiron Sr 3	ONBOTA		JO20VO	0	0	1		209
R	WWBOTA	B/ON-2399		2024-10-01		Bunker Soiron Sr 4	ONBOTA		JO20VO	0	0	1		209
R	WWBOTA	B/ON-2400		2024-10-01		Bunker Soiron Sr 5	ONBOTA		JO20VO	0	0	1		209
R	WWBOTA	B/ON-2401		2024-10-01		Bunker Pepinster Ps 11	ONBOTA		JO20VO	0	0	1		209
R	WWBOTA	B/ON-2402		2024-10-01		Bunker Herve Hv 1	ONBOTA		JO20VO	0	0	1		209
R	WWBOTA	B/ON-2403		2024-10-01		Bunker Herve Hv 2	ONBOTA		JO20VO	0	0	1		209
R	WWBOTA	B/ON-2404		2024-10-01		Bunker Verviers Vv 1	ONBOTA		JO20VO	0	0	1		209
R	WWBOTA	B/ON-2405		2024-10-01		Bunker Verviers Vv 2	ONBOTA		JO20VO	0	0	1		209
R	WWBOTA	B/ON-2406		2024-10-01		Bunker Verviers Vv 3	ONBOTA		JO20VO	0	0	1		209
R	WWBOTA	B/ON-2407		2024-10-01		Bunker Verviers Vv 4	ONBOTA		JO20VO	0	0	1		209
R	WWBOTA	B/ON-2408		2024-10-01		Bunker Herve Hv 3	ONBOTA		JO20VP	0	0	1		209
R	WWBOTA	B/ON-2409		2024-10-01		Bunker Herve Hv 4	ONBOTA		JO20VP	0	0	1		209
R	WWBOTA	B/ON-2410		2024-10-01		Bunker Herve Hv 5	ONBOTA		JO20VP	0	0	1		209
R	WWBOTA	B/ON-2411		2024-10-01		Bunker Herve Hv 6	ONBOTA		JO20VP	0	0	1		209
R	WWBOTA	B/ON-2412		2024-10-01		Bunker Herve Hv 7	ONBOTA		JO20VP	0	0	1		209
R	WWBOTA	B/ON-2413		2024-10-01		Bunker Herve Hv 8	ONBOTA		JO20VP	0	0	1		209
R	WWBOTA	B/ON-2414		2024-10-01		Bunker Herve Hv 9	ONBOTA		JO20VP	0	0	1		209
R	WWBOTA	B/ON-2415		2024-10-01		Bunker Herve Hv 10	ONBOTA		JO20VP	0	0	1		209
R	WWBOTA	B/ON-2416		2024-10-01		Bunker Herve Hv 11	ONBOTA		JO20VP	0	0	1		209
R	WWBOTA	B/ON-2417		2024-10-01		Bunker Herve Hv 12	ONBOTA		JO20VP	0	0	1		209
R	WWBOTA	B/ON-2418		2024-10-01		Bunker La Minerie Lm 1	ONBOTA		JO20WP	0	0	1		209
R	WWBOTA	B/ON-2419		2024-10-01		Bunker La Minerie Lm 2	ONBOTA		JO20WP	0	0	1		209
R	WWBOTA	B/ON-2420		2024-10-01		Bunker La Minerie Lm 3	ONBOTA		JO20VP	0	0	1		209
R	WWBOTA	B/ON-2421		2024-10-01		Bunker La Minerie Lm 4	ONBOTA		JO20VP	0	0	1		209
R	WWBOTA	B/ON-2422		2024-10-01		Bunker La Minerie Lm 5	ONBOTA		JO20VQ	0	0	1		209
R	WWBOTA	B/ON-2423		2024-10-01		Bunker La Minerie Lm 6	ONBOTA		JO20VQ	0	0	1		209
R	WWBOTA	B/ON-2424		2024-10-01		Bunker La Minerie Lm 7	ONBOTA		JO20VQ	0	0	1		209
R	WWBOTA	B/ON-2425		2024-10-01		Bunker Herve Hv 13	ONBOTA		JO20VQ	0	0	1		209
R	WWBOTA	B/ON-2426		2024-10-01		Bunker Herve Hv 14	ONBOTA		JO20VQ	0	0	1		209
R	WWBOTA	B/ON-2427		2024-10-01		Bunker Herve Hv 15	ONBOTA		JO20VQ	0	0	1		209
R	WWBOTA	B/ON-2428		2024-10-01		Bunker Warsage Ws 1	ONBOTA		JO20VR	0	0	1		209
R	WWBOTA	B/ON-2429		2024-10-01		Bunker Warsage Ws 2	ONBOTA		JO20VR	0	0	1		209
R	WWBOTA	B/ON-2430		2024-10-01		Bunker Oupeye	ONBOTA		JO20UQ	0	0	1		209
R	WWBOTA	B/ON-2431		2024-10-01		Bunker Blegny Bn 1	ONBOTA		JO20UQ	0	0	1		209
R	WWBOTA	B/ON-2432		2024-10-01		Bunker Blegny Bn 2	ONBOTA		JO20UQ	0	0	1		209
R	WWBOTA	B/ON-2433		2024-10-01		Bunker Blegny Bn 3	ONBOTA		JO20UQ	0	0	1		209
R	WWBOTA	B/ON-2434		2024-10-01		Bunker Blegny Bn 4	ONBOTA		JO20UQ	0	0	1		209
R	WWBOTA	B/ON-2435		2024-10-01		Bunker Blegny Bn 5	ONBOTA		JO20UQ	0	0	1		209
R	WWBOTA	B/ON-2436		2024-10-01		Bunker Blegny Bn 6	ONBOTA		JO20UQ	0	0	1		209
R	WWBOTA	B/ON-2437		2024-10-01		Bunker Blegny Bn 7	ONBOTA		JO20UQ	0	0	1		209
R	WWBOTA	B/ON-2438		2024-10-01		Bunker Blegny Bn 8	ONBOTA		JO20UQ	0	0	1		209
R	WWBOTA	B/ON-2439		2024-10-01		Bunker Blegny Bn 9	ONBOTA		JO20UQ	0	0	1		209
R	WWBOTA	B/ON-2440		2024-10-01		Bunker Blegny Bn 10	ONBOTA		JO20UQ	0	0	1		209
R	WWBOTA	B/ON-2441		2024-10-01		Bunker Blegny Bn 11	ONBOTA		JO20UQ	0	0	1		209
R	WWBOTA	B/ON-2442		2024-10-01		Bunker Blegny Bn 12	ONBOTA		JO20UQ	0	0	1		209
R	WWBOTA	B/ON-2443		2024-10-01		Bunker Blegny Bn 13	ONBOTA		JO20UQ	0	0	1		209
R	WWBOTA	B/ON-2444		2024-10-01		Bunker Blegny Bn 14	ONBOTA		JO20UP	0	0	1		209
R	WWBOTA	B/ON-2445		2024-10-01		Bunker Blegny Bn 15	ONBOTA		JO20UQ	0	0	1		209
R	WWBOTA	B/ON-2446		2024-10-01		Bunker Blegny Bn 16	ONBOTA		JO20UP	0	0	1		209
R	WWBOTA	B/ON-2447		2024-10-01		Bunker Blegny Bn 17	ONBOTA		JO20UP	0	0	1		209
R	WWBOTA	B/ON-2448		2024-10-01		Bunker Soumagne Sg 1	ONBOTA		JO20UP	0	0	1		209
R	WWBOTA	B/ON-2449		2024-10-01		Bunker Soumagne Sg 2	ONBOTA		JO20UP	0	0	1		209
R	WWBOTA	B/ON-2450		2024-10-01		Bunker Soumagne Sg 3	ONBOTA		JO20UP	0	0	1		209
R	WWBOTA	B/ON-2451		2024-10-01		Bunker Soumagne Sg 4	ONBOTA		JO20UP	0	0	1		209
R	WWBOTA	B/ON-2452		2024-10-01		Bunker Fléron Fr 1	ONBOTA		JO20UP	0	0	1		209
R	WWBOTA	B/ON-2453		2024-10-01		Bunker Soumagne Sg 5	ONBOTA		JO20UO	0	0	1		209
R	WWBOTA	B/ON-2454		2024-10-01		Bunker Fléron Fr 2	ONBOTA		JO20UO	0	0	1		209
R	WWBOTA	B/ON-2455		2024-10-01		Bunker Fléron Fr 3	ONBOTA		JO20UO	0	0	1		209
R	WWBOTA	B/ON-2456		2024-10-01		Bunker Fléron Fr 4	ONBOTA		JO20UO	0	0	1		209
R	WWBOTA	B/ON-2457		2024-10-01		Bunker Fléron Fr 5	ONBOTA		JO20UO	0	0	1		209
R	WWBOTA	B/ON-2458		2024-10-01		Bunker Fléron Fr 6	ONBOTA		JO20UO	0	0	1		209
R	WWBOTA	B/ON-2459		2024-10-01		Bunker Fléron Fr 7	ONBOTA		JO20UO	0	0	1		209
R	WWBOTA	B/ON-2460		2024-10-01		Bunker Fléron Fr 8	ONBOTA		JO20UO	0	0	1		209
R	WWBOTA	B/ON-2461		2024-10-01		Bunker Fléron Fr 9	ONBOTA		JO20TO	0	0	1		209
R	WWBOTA	B/ON-2462		2024-10-01		Bunker Fléron Fr 10	ONBOTA		JO20UO	0	0	1		209
R	WWBOTA	B/ON-2463		2024-10-01		Bunker Eben-Emael Eb 17	ONBOTA		JO20UT	0	0	1		209
R	WWBOTA	B/ON-2464		2024-10-01		Bunker Slins	ONBOTA		JO20SR	0	0	1		209
R	WWBOTA	B/ON-2465		2024-10-01		Bunker Lantin	ONBOTA		JO20SQ	0	0	1		209
R	WWBOTA	B/ON-2466		2024-10-01		Bunker Luik lk 17	ONBOTA		JO20SP	0	0	1		209
R	WWBOTA	B/ON-2467		2024-10-01		Bunker Luik lk 18	ONBOTA		JO20TP	0	0	1		209
R	WWBOTA	B/ON-2468		2024-10-01		Bunker Beyne-Heusay By 1	ONBOTA		JO20TP	0	0	1		209
R	WWBOTA	B/ON-2469		2024-10-01		Bunker Beyne-Heusay By 2	ONBOTA		JO20TP	0	0	1		209
R	WWBOTA	B/ON-2470		2024-10-01		Bunker Luik lk 19	ONBOTA		JO20TO	0	0	1		209
R	WWBOTA	B/ON-2471		2024-10-01		Bunker Luik lk 20	ONBOTA		JO20TO	0	0	1		209
R	WWBOTA	B/ON-2472		2024-10-01		Bunker Homburg Hb 1	ONBOTA		JO20WR	0	0	1		209
R	WWBOTA	B/ON-2473		2024-10-01		Bunker Homburg Hb 2	ONBOTA		JO20XR	0	0	1		209
R	WWBOTA	B/ON-2474		2024-10-01		Bunker Hendrik-Kapelle Hk 1	ONBOTA		JO20XQ	0	0	1		209
R	WWBOTA	B/ON-2475		2024-10-01		Bunker Kelmis	ONBOTA		JO30AR	0	0	1		209
R	WWBOTA	B/ON-2476		2024-10-01		Bunker Eupen	ONBOTA		JO30AO	0	0	1		209
R	WWBOTA	B/ON-2477		2024-10-01		Bunker Hendrik-Kapelle Hk 2	ONBOTA		JO20XQ	0	0	1		209
R	WWBOTA	B/ON-2478		2024-10-01		Bunker Les Villettes	ONBOTA		JO20UH	0	0	1		209
R	WWBOTA	B/ON-2479		2024-10-01		Bunker Saint Vith	ONBOTA		JO30AH	0	0	1		209
R	WWBOTA	B/ON-2480		2024-10-01		Bunker Vielsalm	ONBOTA		JO20WH	0	0	1		209
R	WWBOTA	B/ON-2481		2024-10-01		Bunker Bovigny	ONBOTA		JO20XE	0	0	1		209
R	WWBOTA	B/ON-2482		2024-10-01		Bunker Gouvy Gv 1	ONBOTA		JO20XE	0	0	1		209
R	WWBOTA	B/ON-2483		2024-10-01		Bunker Gouvy Gv 2	ONBOTA		JO20XE	0	0	1		209
R	WWBOTA	B/ON-2484		2024-10-01		Bunker Gouvy Gv 3	ONBOTA		JO20XE	0	0	1		209
R	WWBOTA	B/ON-2485		2024-10-01		Bunker Gouvy Gv 4	ONBOTA		JO20XF	0	0	1		209
R	WWBOTA	B/ON-2486		2024-10-01		Bunker Mont Mt 1	ONBOTA		JO20VD	0	0	1		209
R	WWBOTA	B/ON-2487		2024-10-01		Bunker Mont Mt 2	ONBOTA		JO20VD	0	0	1		209
R	WWBOTA	B/ON-2488		2024-10-01		Bunker Wibrin	ONBOTA		JO20UD	0	0	1		209
R	WWBOTA	B/ON-2489		2024-10-01		Bunker Arville	ONBOTA		JO20PA	0	0	1		209
R	WWBOTA	B/ON-2490		2024-10-01		Bunker Neuvillers	ONBOTA		JN29QV	0	0	1		209
R	WWBOTA	B/ON-2491		2024-10-01		Bunker Respelt	ONBOTA		JN29RV	0	0	1		209
R	WWBOTA	B/ON-2492		2024-10-01		Bunker Neufchâteau Nc 1	ONBOTA		JN29RU	0	0	1		209
R	WWBOTA	B/ON-2493		2024-10-01		Bunker Neufchâteau Nc 2	ONBOTA		JN29RU	0	0	1		209
R	WWBOTA	B/ON-2494		2024-10-01		Bunker Hamipre	ONBOTA		JN29RT	0	0	1		209
R	WWBOTA	B/ON-2495		2024-10-01		Bunker Attert	ONBOTA		JN29VS	0	0	1		209
R	WWBOTA	B/ON-2496		2024-10-01		Bunker Habay-la-Neuve Hn 1	ONBOTA		JN29TR	0	0	1		209
R	WWBOTA	B/ON-2497		2024-10-01		Bunker Habay-la-Neuve Hn 2	ONBOTA		JN29TR	0	0	1		209
R	WWBOTA	B/ON-2498		2024-10-01		Bunker Habay-la-Neuve Hn 3	ONBOTA		JN29TR	0	0	1		209
R	WWBOTA	B/ON-2499		2024-10-01		Bunker Habay-la-Neuve Hn 4	ONBOTA		JN29TR	0	0	1		209
R	WWBOTA	B/ON-2500		2024-10-01		Bunker Aarlen	ONBOTA		JN29WP	0	0	1		209
R	WWBOTA	B/ON-2501		2024-10-01		Bunker Sint-Jobsteenweg	ONBOTA		JO21GG	0	0	1		209
R	WWBOTA	B/ON-2502		2024-10-01		Bunker Geel	ONBOTA		JO21LD	0	0	1		209
R	WWBOTA	B/ON-2503		2024-10-01		Bunker Olen Ol 1	ONBOTA		JO21LE	0	0	1		209
R	WWBOTA	B/ON-2504		2024-10-01		Bunker Olen Ol 2	ONBOTA		JO21KD	0	0	1		209
R	WWBOTA	B/ON-2505		2024-10-01		Bunker Olen Ol 3	ONBOTA		JO21KD	0	0	1		209
R	WWBOTA	B/ON-2506		2024-10-01		Bunker Mol Ml 1	ONBOTA		JO21OF	0	0	1		209
R	WWBOTA	B/ON-2507		2024-10-01		Bunker Dessel	ONBOTA		JO21NG	0	0	1		209
R	WWBOTA	B/ON-2508		2024-10-01		Bunker Mol Ml 2	ONBOTA		JO21NH	0	0	1		209
R	WWBOTA	B/ON-2509		2024-10-01		Bunker Arendonk	ONBOTA		JO21NI	0	0	1		209
R	WWBOTA	B/ON-2510		2024-10-01		Bunker Turnhout	ONBOTA		JO21LI	0	0	1		209
R	WWBOTA	B/ON-2511		2024-10-01		Bunker Beerse	ONBOTA		JO21JH	0	0	1		209
R	WWBOTA	B/ON-2512		2024-10-01		Bunker Rijkevorsel	ONBOTA		JO21JH	0	0	1		209
R	WWBOTA	B/ON-2513		2024-10-01		Bunker Brecht Bt 1	ONBOTA		JO21HH	0	0	1		209
R	WWBOTA	B/ON-2514		2024-10-01		Bunker Brecht Bt 2	ONBOTA		JO21HH	0	0	1		209
R	WWBOTA	B/ON-2515		2024-10-01		Bunker Brecht Bt 3	ONBOTA		JO21GH	0	0	1		209
R	WWBOTA	B/ON-2516		2024-10-01		Bunker Schoten St 1	ONBOTA		JO21GH	0	0	1		209
R	WWBOTA	B/ON-2517		2024-10-01		Bunker Schoten St 2	ONBOTA		JO21GH	0	0	1		209
R	WWBOTA	B/ON-2518		2024-10-01		Bunker Schoten St 3	ONBOTA		JO21GH	0	0	1		209
R	WWBOTA	B/ON-2519		2024-10-01		Bunker Brecht Bt 4	ONBOTA		JO21GG	0	0	1		209
R	WWBOTA	B/ON-2520		2024-10-01		Bunker Schoten St 4	ONBOTA		JO21GG	0	0	1		209
R	WWBOTA	B/ON-2521		2024-10-01		Bunker Rue St Jacques	ONBOTA		JO10QO	0	0	1		209
R	WWBOTA	B/S5-0001		2024-10-01		Jama Pečinka -postojanka  utrdba zavettišče	S5BOTA		JN65TU	0	0	1		499
R	WWBOTA	B/S5-0002		2024-10-01		Krompirjeva jama -postojanka  utrrba zavetišče	S5BOTA		JN65UU	0	0	1		499
R	WWBOTA	B/S5-0003		2024-10-01		Valska jama (Jerihovca) -postojanka  utrdba zavettišče	S5BOTA		JN65UT	0	0	1		499
R	WWBOTA	B/S5-0004		2024-10-01		Ruska jama - postojanka  utrdba zavetišče	S5BOTA		JN65TU	0	0	1		499
R	WWBOTA	B/S5-0005		2024-10-01		Lojzova jama - postojanka  utrdba zavetišče	S5BOTA		JN65TU	0	0	1		499
R	WWBOTA	B/S5-0006		2024-10-01		Klobasja jama  - postojanka  utrdba zavetišče	S5BOTA		JN65TU	0	0	1		499
R	WWBOTA	B/S5-0007		2024-10-01		Godovič - Bunker in tunel	S5BOTA		JN75AW	0	0	1		499
R	WWBOTA	B/S5-0008		2024-10-01		Markov hrib -Telegraf-radio postaja ter bunker	S5BOTA		JN65TW	0	0	1		499
R	WWBOTA	B/S5-0009		2024-10-01		Sabotin - Sistem kavern in bunkerjev	S5BOTA		JN65TX	0	0	1		499
R	WWBOTA	B/S5-0010		2024-10-01		Sveta Gora -Predor in zavetišče pod Sveto Goro	S5BOTA		JN65TX	0	0	1		499
R	WWBOTA	B/S5-0011		2024-10-01		Vodice - Sistem predorov,bunkerjev in zavetišč	S5BOTA		JN66TA	0	0	1		499
R	WWBOTA	B/S5-0012		2024-10-01		Globočak -bunker,kaverne,jarki..utrjen vrh	S5BOTA		JN66TD	0	0	1		499
R	WWBOTA	B/S5-0013		2024-10-01		Ježa -Sistem utrdb,bunkerjev in zaklonišč	S5BOTA		JN66UE	0	0	1		499
R	WWBOTA	B/S5-0014		2024-10-01		Kolovrat - Sistem utrdb,bunkerjev,kavern,mitraljeških,strelskih položajev,jarkov	S5BOTA		JN66TE	0	0	1		499
R	WWBOTA	B/S5-0015		2024-10-01		Mengore - Sistem utrdb,bunkerjev,kavern,strelkih jarkov	S5BOTA		JN66UE	0	0	1		499
R	WWBOTA	B/S5-0016		2024-10-01		Cvetje - Sistem utrdb,bunkerjev,kavern,strelkih jarkov	S5BOTA		JN66UD	0	0	1		499
R	WWBOTA	B/S5-0017		2024-10-01		Senica - Utrjeni obambni položaji,bunkerji,kaverne,jarki	S5BOTA		JN66VD	0	0	1		499
R	WWBOTA	B/S5-0018		2024-10-01		Bučenica -  Utrjeni obambni položaji,bunkerji,kaverne,jarki	S5BOTA		JN66UE	0	0	1		499
R	WWBOTA	B/S5-0019		2024-10-01		Kozlov rob -Utrjeni obambni položaji,bunkerji,kaverne,jarki	S5BOTA		JN66UE	0	0	1		499
R	WWBOTA	B/S5-0020		2024-10-01		Ridottino - bivalna utrdba ,bunker	S5BOTA		JN66UE	0	0	1		499
R	WWBOTA	B/S5-0021		2024-10-01		Vodel - Utrjeni obambni položaji,bunkerji,kaverne,jarki	S5BOTA		JN66UE	0	0	1		499
R	WWBOTA	B/S5-0022		2024-10-01		Mrzli vrh - obsežen kompleks kavern,bunkerjev,utrdb,jarkov	S5BOTA		JN66UF	0	0	1		499
R	WWBOTA	B/S5-0023		2024-10-01		Jevšček -utrjeni položaji,klaverne,bunkerji,jarki	S5BOTA		JN66SE	0	0	1		499
R	WWBOTA	B/S5-0024		2024-10-01		Matajur - utrjeni položaji,klaverne,bunkerji,jarki	S5BOTA		JN66SF	0	0	1		499
R	WWBOTA	B/S5-0025		2024-10-01		Kobarid -Utrjeni položaji bunkerji,kaverne,jarki del 3 obrambne črte pri Kobaridu	S5BOTA		JN66TG	0	0	1		499
R	WWBOTA	B/S5-0026		2024-10-01		Krasji vrh - utrjeni položaji,klaverne,bunkerji,jarki	S5BOTA		JN66TG	0	0	1		499
R	WWBOTA	B/S5-0027		2024-10-01		Zaprikraj - obsežen kompleks kavern,bunkerjev,utrdb,jarkov	S5BOTA		JN66TH	0	0	1		499
R	WWBOTA	B/S5-0028		2024-10-01		Vršič 1897m - obsežen kompleks kavern,bunkerjev,utrdb,jarkov	S5BOTA		JN66TG	0	0	1		499
R	WWBOTA	B/S5-0029		2024-10-01		Vrata 1938m -obsežen kompleks kavern,bunkerjev,utrdb,jarkov	S5BOTA		JN66TG	0	0	1		499
R	WWBOTA	B/S5-0030		2024-10-01		Krn -obsežen kompleks kavern,bunkerjev,utrdb,jarkov	S5BOTA		JN66TG	0	0	1		499
R	WWBOTA	B/S5-0031		2024-10-01		Batognica obsežen kompleks kavern,bunkerjev,utrdb,jarkov	S5BOTA		JN66TG	0	0	1		499
R	WWBOTA	B/S5-0032		2024-10-01		Peski - obsežen kompleks kavern,bunkerjev,utrdb,jarkov	S5BOTA		JN66TG	0	0	1		499
R	WWBOTA	B/S5-0033		2024-10-01		Kal -obsežen kompleks kavern,bunkerjev,utrdb,jarkov	S5BOTA		JN66TH	0	0	1		499
R	WWBOTA	B/S5-0034		2024-10-01		Javoršček -obsežen kompleks kavern,bunkerjev,utrdb,jarkov	S5BOTA		JN66TH	0	0	1		499
R	WWBOTA	B/S5-0035		2024-10-01		Na Čelu -obsežen kompleks kavern,bunkerjev,utrdb,jarkov	S5BOTA		JN66TI	0	0	1		499
R	WWBOTA	B/S5-0036		2024-10-01		Čuklja -  utrjeni položaji,klaverne,bunkerji,jarki	S5BOTA		JN66SI	0	0	1		499
R	WWBOTA	B/S5-0037		2024-10-01		Kota 1313 -  utrjeni položaji,klaverne,bunkerji,jarki	S5BOTA		JN66SI	0	0	1		499
R	WWBOTA	B/S5-0038		2024-10-01		Vodice  - obsežen kompleks kavern,bunkerjev,utrdb,jarkov	S5BOTA		JN66TA	0	0	1		499
R	WWBOTA	B/S5-0039		2024-10-01		Kremenjak/Nova Vas - utrjeni položaji,klaverne,bunkerji,jarki	S5BOTA		JN65TT	0	0	1		499
R	WWBOTA	B/S5-0040		2024-10-01		Sabotin - skupina bunkerjev in zavetišč	S5BOTA		JN65TT	0	0	1		499
R	WWBOTA	B/S5-0041		2024-10-01		Rombon -obsežen kompleks kavern,bunkerjev,utrdb,jarkov	S5BOTA		JN66SI	0	0	1		499
R	WWBOTA	B/S5-0042		2024-10-01		Fort Hermann - utrdba bunker trdnjava	S5BOTA		JN66TI	0	0	1		499
R	WWBOTA	B/S5-0043		2024-10-01		Trdnjava Kluže -  utrdba bunker trdnjava	S5BOTA		JN66TI	0	0	1		499
R	WWBOTA	B/S5-0044		2024-10-01		Štoln - tunel, utrdba	S5BOTA		JN66TJ	0	0	1		499
R	WWBOTA	B/S5-0045		2024-10-01		Trdnjava Predel - trdnjava,bunker,utrdba,položaji	S5BOTA		JN66TK	0	0	1		499
R	WWBOTA	B/S5-0046		2024-10-01		Bunker pin tunel pod Kekcem	S5BOTA		JN65TX	0	0	1		499
R	WWBOTA	B/S5-0047		2024-10-01		Vinišče -kompleks bunkerji,kaverne,jarki,položaji	S5BOTA		JN65TU	0	0	1		499
R	WWBOTA	B/S5-0048		2024-10-01		Bunker “Pr' Barabonu” Vogrsko	S5BOTA		JN65UV	0	0	1		499
R	WWBOTA	B/S5-0049		2024-10-01		Vrh Sv. Treh Kraljev - RL 17 Topovske utrdbe,bunker	S5BOTA		JN76BA	0	0	1		499
R	WWBOTA	B/S5-0050		2024-10-01		Vrh Sv. Treh Kraljev - RL 16 Topovske utrdbe,bunker	S5BOTA		JN76BA	0	0	1		499
R	WWBOTA	B/S5-0051		2024-10-01		Vrh Sv. Treh Kraljev - RL 4 Podzemna utrdba.bunker	S5BOTA		JN76CA	0	0	1		499
R	WWBOTA	B/S5-0052		2024-10-01		Račeva - RL 21 Utrjene proti tankovske utrdbe ,bunker	S5BOTA		JN76BA	0	0	1		499
R	WWBOTA	B/S5-0053		2024-10-01		Godovič - kasarne in podzemni bunker	S5BOTA		JN65BW	0	0	1		499
R	WWBOTA	B/S5-0054		2024-10-01		Strmec-Črni Vrh -bunker Alpskega zidu	S5BOTA		JN75AV	0	0	1		499
R	WWBOTA	B/S5-0055		2024-10-01		Lavrovec  - RL 88 Utrjen položaj,bunker,utrdba	S5BOTA		JN76CA	0	0	1		499
R	WWBOTA	B/S5-0056		2024-10-01		Žirovski vrh - RL 87 Utrjen položaj,bunker,utrdba	S5BOTA		JN76CA	0	0	1		499
R	WWBOTA	B/S5-0057		2024-10-01		Žirovski vrh - RL 84 Utrjen položaj,bunker,utrdba	S5BOTA		JN76CA	0	0	1		499
R	WWBOTA	B/S5-0058		2024-10-01		Žirovski vrh - RL 83 Utrjen položaj,bunker,utrdba	S5BOTA		JN76CA	0	0	1		499
R	WWBOTA	B/S5-0059		2024-10-01		Goli vrh - RL 82 Utrjen položaj,bunker,utrdba	S5BOTA		JN76CA	0	0	1		499
R	WWBOTA	B/S5-0060		2024-10-01		Goli vrh - RL 81 Utrjen položaj,bunker,utrdba	S5BOTA		JN76CA	0	0	1		499
R	WWBOTA	B/S5-0061		2024-10-01		Goli vrh - RL 5 Podzemna utrdba.bunker	S5BOTA		JN76CB	0	0	1		499
R	WWBOTA	B/S5-0062		2024-10-01		Žirovski vrh - RL 78 Utrjen položaj,bunker,utrdba	S5BOTA		JN76BB	0	0	1		499
R	WWBOTA	B/S5-0063		2024-10-01		Žirovski vrh - RL 77 Utrjen položaj,bunker,utrdba	S5BOTA		JN76BB	0	0	1		499
R	WWBOTA	B/S5-0064		2024-10-01		Žirovski vrh - RL 76 Utrjen položaj,bunker,utrdba	S5BOTA		JN76BB	0	0	1		499
R	WWBOTA	B/S5-0065		2024-10-01		Žirovski vrh - RL 74 Utrjen položaj,bunker,utrdba	S5BOTA		JN76BB	0	0	1		499
R	WWBOTA	B/S5-0066		2024-10-01		Žirovski vrh - RL 73 Utrjen položaj,bunker,utrdba	S5BOTA		JN76BB	0	0	1		499
R	WWBOTA	B/S5-0067		2024-10-01		Žirovski vrh - RL 72 Utrjen položaj,bunker,utrdba	S5BOTA		JN76BB	0	0	1		499
R	WWBOTA	B/S5-0068		2024-10-01		Žirovski vrh - RL 75 Utrjen položaj,bunker,utrdba	S5BOTA		JN76BB	0	0	1		499
R	WWBOTA	B/S5-0069		2024-10-01		Žirovski vrh - RL 71 Utrjen položaj,bunker,utrdba	S5BOTA		JN76BB	0	0	1		499
R	WWBOTA	B/S5-0070		2024-10-01		Žirovski vrh - RL 70 Utrjen položaj,bunker,utrdba	S5BOTA		JN76BB	0	0	1		499
R	WWBOTA	B/S5-0071		2024-10-01		Žirovski vrh - RL 86 Utrjen položaj,bunker,utrdba	S5BOTA		JN76BB	0	0	1		499
R	WWBOTA	B/S5-0072		2024-10-01		Žirovski vrh - RL 26 Utrjen položaj,bunker,utrdba	S5BOTA		JN76BB	0	0	1		499
R	WWBOTA	B/S5-0073		2024-10-01		Žirovski vrh - RL 25 Utrjen položaj,bunker,utrdba	S5BOTA		JN76BB	0	0	1		499
R	WWBOTA	B/S5-0074		2024-10-01		Žirovski vrh - RL 68 Utrjen položaj,bunker,utrdba	S5BOTA		JN76BB	0	0	1		499
R	WWBOTA	B/S5-0075		2024-10-01		Žirovski vrh - RL 69 Utrjen položaj,bunker,utrdba	S5BOTA		JN76BB	0	0	1		499
R	WWBOTA	B/S5-0076		2024-10-01		Žirovski vrh - RL 24 Utrjen položaj,bunker,utrdba	S5BOTA		JN76BB	0	0	1		499
R	WWBOTA	B/S5-0077		2024-10-01		Žirovski vrh - RL 6 Topovske utrdbe,bunker	S5BOTA		JN76BB	0	0	1		499
R	WWBOTA	B/S5-0078		2024-10-01		Žirovski vrh - RL 5 Topovske utrdbe,bunker	S5BOTA		JN76BB	0	0	1		499
R	WWBOTA	B/S5-0079		2024-10-01		Žirovski vrh - RL 4 Topovske utrdbe,bunker	S5BOTA		JN76BB	0	0	1		499
R	WWBOTA	B/S5-0080		2024-10-01		Žirovski vrh - RL 1 Podzemna utrdba.bunker	S5BOTA		JN76BB	0	0	1		499
R	WWBOTA	B/S5-0081		2024-10-01		Žirovski vrh - RL 2 Podzemna utrdba.bunker	S5BOTA		JN76BB	0	0	1		499
R	WWBOTA	B/S5-0082		2024-10-01		Žirovski vrh - RL 21 Utrjen položaj,bunker,utrdba	S5BOTA		JN76BB	0	0	1		499
R	WWBOTA	B/S5-0083		2024-10-01		Žirovski vrh - RL 22 Utrjen položaj,bunker,utrdba	S5BOTA		JN76BB	0	0	1		499
R	WWBOTA	B/S5-0084		2024-10-01		Žirovski vrh - RL 20 Utrjen položaj,bunker,utrdba	S5BOTA		JN76BB	0	0	1		499
R	WWBOTA	B/S5-0085		2024-10-01		Žirovski vrh - RL 23 Utrjen položaj,bunker,utrdba	S5BOTA		JN76BC	0	0	1		499
R	WWBOTA	B/S5-0086		2024-10-01		Žirovski vrh - RL 66 Utrjen položaj,bunker,utrdba	S5BOTA		JN76BC	0	0	1		499
R	WWBOTA	B/S5-0087		2024-10-01		Logatec-Žiri - RL 89 Utrjen položaj,bunker,utrdba	S5BOTA		JN76BA	0	0	1		499
R	WWBOTA	B/S5-0088		2024-10-01		Žiri - RL 15 Utrjene proti tankovske ovire,bunker	S5BOTA		JN76BB	0	0	1		499
R	WWBOTA	B/S5-0089		2024-10-01		Rakluk - RL 14 Utrjene proti tankovske ovire,bunker	S5BOTA		JN76BB	0	0	1		499
R	WWBOTA	B/S5-0090		2024-10-01		Gorenja vas - RL 4 Utrjene proti tankovske ovire,bunker	S5BOTA		JN76BB	0	0	1		499
R	WWBOTA	B/S5-0091		2024-10-01		Žirovski Vrh Sv.Antona - RL 41 Utrjen položaj,bunker,utrdba	S5BOTA		JN76BB	0	0	1		499
R	WWBOTA	B/S5-0092		2024-10-01		Žirovski Vrh Sv.Antona - RL 40 Utrjen položaj,bunker,utrdba	S5BOTA		JN76BC	0	0	1		499
R	WWBOTA	B/S5-0093		2024-10-01		Gorenja Vas  - RL 19 Utrjen položaj,bunker,utrdba	S5BOTA		JN76BC	0	0	1		499
R	WWBOTA	B/S5-0094		2024-10-01		Gorenja Vas  - RL 16 Utrjen položaj,bunker,utrdba	S5BOTA		JN76BC	0	0	1		499
R	WWBOTA	B/S5-0095		2024-10-01		Gorenja Vas  - RL 18 Utrjen položaj,bunker,utrdba	S5BOTA		JN76BC	0	0	1		499
R	WWBOTA	B/S5-0096		2024-10-01		Gorenja vas  - RL 11 Utrjen položaj,bunker,utrdba	S5BOTA		JN76BC	0	0	1		499
R	WWBOTA	B/S5-0097		2024-10-01		Podgora  - RL 54 Utrjen položaj,bunker,utrdba	S5BOTA		JN76BC	0	0	1		499
R	WWBOTA	B/S5-0098		2024-10-01		Podgora - RL 8 Utrjena proti tankovska gnezda,bunker	S5BOTA		JN76BC	0	0	1		499
R	WWBOTA	B/S5-0099		2024-10-01		Kladje  - RL 9 Utrjena proti tankovska gnezda,bunker	S5BOTA		JN76BB	0	0	1		499
R	WWBOTA	B/S5-0100		2024-10-01		Hobovše pri Stari Oselnici - RL 13 Utrnjena proti tankovska gnezda,bunker	S5BOTA		JN76AB	0	0	1		499
R	WWBOTA	B/S5-0101		2024-10-01		Gorenja Vas - RL 67 Utrjen položaj,bunker,utrdba	S5BOTA		JN76BC	0	0	1		499
R	WWBOTA	B/S5-0102		2024-10-01		Žirovski Vrh Sv.urbana - RL 14 Utrjen položaj,bunker,utrdba	S5BOTA		JN76BC	0	0	1		499
R	WWBOTA	B/S5-0103		2024-10-01		Žirovski Vrh Sv.urbana - RL 15 Utrjen položaj,bunker,utrdba	S5BOTA		JN76BC	0	0	1		499
R	WWBOTA	B/S5-0104		2024-10-01		Podgora  - RL 85 Utrjen položaj,bunker,utrdba	S5BOTA		JN76BC	0	0	1		499
R	WWBOTA	B/S5-0105		2024-10-01		Žirovski Vrh Sv.Urbana - RL 10 Utrjen položaj,bunker,utrdba	S5BOTA		JN76BC	0	0	1		499
R	WWBOTA	B/S5-0106		2024-10-01		Gorenja vas  - RL 7 Utrjen položaj,bunker,utrdba	S5BOTA		JN76BC	0	0	1		499
R	WWBOTA	B/S5-0107		2024-10-01		Gorenja vas  - RL 8 Utrjen položaj,bunker,utrdba	S5BOTA		JN76BC	0	0	1		499
R	WWBOTA	B/S5-0108		2024-10-01		Gorenja vas  - RL 5 Utrjen položaj,bunker,utrdba	S5BOTA		JN76BC	0	0	1		499
R	WWBOTA	B/S5-0109		2024-10-01		Hotavlje  - RL 12 Utrjen položaj,bunker,utrdba	S5BOTA		JN76BC	0	0	1		499
R	WWBOTA	B/S5-0110		2024-10-01		Gorenja Vas - RL 3 Topovske utrdbe,bunker	S5BOTA		JN76BC	0	0	1		499
R	WWBOTA	B/S5-0111		2024-10-01		Gorenja Vas - RL 7 Utrjena proti tankovska gnezda,bunker	S5BOTA		JN76BC	0	0	1		499
R	WWBOTA	B/S5-0112		2024-10-01		Gorenja Vas - RL 6 Utrjena proti tankovska gnezda,bunker	S5BOTA		JN76BC	0	0	1		499
R	WWBOTA	B/S5-0113		2024-10-01		Hotavlje - RL 5 Utrjena proti tankovska gnezda,bunker	S5BOTA		JN76BC	0	0	1		499
R	WWBOTA	B/S5-0114		2024-10-01		Hotavlje - RL 79 Utrjen položaj,bunker,utrdba	S5BOTA		JN76BC	0	0	1		499
R	WWBOTA	B/S5-0115		2024-10-01		Vršanj-Gorenja Vas - RL 38 Utrjen položaj,bunker,utrdba	S5BOTA		JN76BC	0	0	1		499
R	WWBOTA	B/S5-0116		2024-10-01		Vršanj-Gorenja Vas - RL 37 Utrjen položaj,bunker,utrdba	S5BOTA		JN76BC	0	0	1		499
R	WWBOTA	B/S5-0117		2024-10-01		Gorenja Vas - RL 2 Topovske utrdbe,bunker	S5BOTA		JN76BC	0	0	1		499
R	WWBOTA	B/S5-0118		2024-10-01		Gorenja Vas - RL 4 Utrjen položaj,bunker,utrdba	S5BOTA		JN76BC	0	0	1		499
R	WWBOTA	B/S5-0119		2024-10-01		Hlavče Njive -Gorenja Vas - RL 3 Utrjen položaj,bunker,utrdba	S5BOTA		JN76BC	0	0	1		499
R	WWBOTA	B/S5-0120		2024-10-01		Hlavče Njive -Gorenja Vas - RL 1 Utrjen položaj,bunker,utrdba	S5BOTA		JN76BC	0	0	1		499
R	WWBOTA	B/S5-0121		2024-10-01		Hlavče Njive -Gorenja Vas - RL 35 Utrjen položaj,bunker,utrdba	S5BOTA		JN76BC	0	0	1		499
R	WWBOTA	B/S5-0122		2024-10-01		Hlevče Njive -Gorenja Vas - RL 9 Topovske utrdbe,bunker	S5BOTA		JN76BC	0	0	1		499
R	WWBOTA	B/S5-0123		2024-10-01		Hotavlje -  RL 1 Utrjena proti tankovska gnezda,bunker	S5BOTA		JN76BC	0	0	1		499
R	WWBOTA	B/S5-0124		2024-10-01		Hlavče Njive - RL 33 Utrjen položaj,bunker,utrdba	S5BOTA		JN76BC	0	0	1		499
R	WWBOTA	B/S5-0125		2024-10-01		Hlavče Njive - RL 32 Utrjen položaj,bunker,utrdba	S5BOTA		JN76BC	0	0	1		499
R	WWBOTA	B/S5-0126		2024-10-01		Hlavče Njive - RL 64 Utrjen položaj,bunker,utrdba	S5BOTA		JN76BC	0	0	1		499
R	WWBOTA	B/S5-0127		2024-10-01		Hlavče Njive - RL 30 Utrjen položaj,bunker,utrdba	S5BOTA		JN76BC	0	0	1		499
R	WWBOTA	B/S5-0128		2024-10-01		Hlavče Njive - RL 28 Utrjen položaj,bunker,utrdba	S5BOTA		JN76BC	0	0	1		499
R	WWBOTA	B/S5-0129		2024-10-01		Hotavlje - RL 62  Utrjen položaj,bunker,utrdba	S5BOTA		JN76BC	0	0	1		499
R	WWBOTA	B/S5-0130		2024-10-01		Srednje Brdo - RL 56 Utrjen položaj,bunker,utrdba	S5BOTA		JN76BC	0	0	1		499
R	WWBOTA	B/S5-0131		2024-10-01		Srednje Brdo - RL 4 Utrjena proti tankovska gnezda,bunker	S5BOTA		JN76BC	0	0	1		499
R	WWBOTA	B/S5-0132		2024-10-01		Gorenja Vas - RL 2 Utrjena proti tankovska gnezda,bunker	S5BOTA		JN76BC	0	0	1		499
R	WWBOTA	B/S5-0133		2024-10-01		Hlavče Njive - RL 60 Utrjen položaj,bunker,utrdba	S5BOTA		JN76BC	0	0	1		499
R	WWBOTA	B/S5-0134		2024-10-01		Gorenje Brdo - RL 65 Utrjen položaj,bunker,utrdba	S5BOTA		JN76BD	0	0	1		499
R	WWBOTA	B/S5-0135		2024-10-01		Čabarče - RL 61 Utrjen položaj,bunker,utrdba	S5BOTA		JN76BD	0	0	1		499
R	WWBOTA	B/S5-0136		2024-10-01		Čabrače - RL 53 Utrjen položaj,bunker,utrdba	S5BOTA		JN76BD	0	0	1		499
R	WWBOTA	B/S5-0137		2024-10-01		Čabrače - RL 59 Utrjen položaj,bunker,utrdba	S5BOTA		JN76BD	0	0	1		499
R	WWBOTA	B/S5-0138		2024-10-01		Čabrače - RL 63 Utrjen položaj,bunker,utrdba	S5BOTA		JN76BD	0	0	1		499
R	WWBOTA	B/S5-0139		2024-10-01		Leskovica - RL 2 Podzemni bunker,utrdba,zaklonišče	S5BOTA		JN76BD	0	0	1		499
R	WWBOTA	B/S5-0140		2024-10-01		Leskovica - RL 55 Utrjen položaj,bunker,utrdba	S5BOTA		JN76BD	0	0	1		499
R	WWBOTA	B/S5-0141		2024-10-01		Leskovica - RL 3 Podzemni bunker,utrdba,zaklonišče	S5BOTA		JN76BD	0	0	1		499
R	WWBOTA	B/S5-0142		2024-10-01		Dolenja Žetina - RL 1 Podzemni bunker,utrdba,zaklonišče	S5BOTA		JN76BD	0	0	1		499
R	WWBOTA	B/S5-0143		2024-10-01		Leskovica - RL 50 Utrjen položaj,bunker,utrdba	S5BOTA		JN76BD	0	0	1		499
R	WWBOTA	B/S5-0144		2024-10-01		Leskovica - RL 43 Utrjen položaj,bunker,utrdba	S5BOTA		JN76BD	0	0	1		499
R	WWBOTA	B/S5-0145		2024-10-01		Leskovica - RL 48 Utrjen položaj,bunker,utrdba	S5BOTA		JN76BD	0	0	1		499
R	WWBOTA	B/S5-0146		2024-10-01		Martinij Vrh  - RL 39 Utrjen položaj,bunker,utrdba	S5BOTA		JN76BE	0	0	1		499
R	WWBOTA	B/S5-0147		2024-10-01		Potok - RL 57 Utrjen položaj,bunker,utrdba	S5BOTA		JN76BE	0	0	1		499
R	WWBOTA	B/S5-0148		2024-10-01		Potok - RL 58 Utrjen položaj,bunker,utrdba	S5BOTA		JN76BE	0	0	1		499
R	WWBOTA	B/S5-0149		2024-10-01		Martinij Vrh - RL 80 Utrjen položaj,bunker,utrdba	S5BOTA		JN76BE	0	0	1		499
R	WWBOTA	B/S5-0150		2024-10-01		Zali Log - RL 17 Utrjena proti tankovska gnezda,bunker	S5BOTA		JN76BE	0	0	1		499
R	WWBOTA	B/S5-0151		2024-10-01		Zali Log - RL 16 Utrjena proti tankovska gnezda,bunker	S5BOTA		JN76BE	0	0	1		499
R	WWBOTA	B/S5-0152		2024-10-01		Ribno - RL 97  Utrjen položaj,bunker,utrdba	S5BOTA		JN76BI	0	0	1		499
R	WWBOTA	B/S5-0153		2024-10-01		Lancovo - RL 98  Utrjen položaj,bunker,utrdba	S5BOTA		JN76BI	0	0	1		499
R	WWBOTA	B/S5-0154		2024-10-01		Radovljica - RL 95  Utrjen položaj,bunker,utrdba	S5BOTA		JN76CI	0	0	1		499
R	WWBOTA	B/S5-0155		2024-10-01		Radovljica - RL 94  Utrjen položaj,bunker,utrdba	S5BOTA		JN76CI	0	0	1		499
R	WWBOTA	B/S5-0156		2024-10-01		Radovljica - RL 104  Utrjen položaj,bunker,utrdba	S5BOTA		JN76CI	0	0	1		499
R	WWBOTA	B/S5-0157		2024-10-01		Radovljica - RL 100  Utrjen položaj,bunker,utrdba	S5BOTA		JN76CI	0	0	1		499
R	WWBOTA	B/S5-0158		2024-10-01		Radovljica - RL 101  Utrjen položaj,bunker,utrdba	S5BOTA		JN76CI	0	0	1		499
R	WWBOTA	B/S5-0159		2024-10-01		Radovljica - RL 103  Utrjen položaj,bunker,utrdba	S5BOTA		JN76CI	0	0	1		499
R	WWBOTA	B/S5-0160		2024-10-01		Radovljica - RL 102  Utrjen položaj,bunker,utrdba	S5BOTA		JN76CI	0	0	1		499
R	WWBOTA	B/S5-0161		2024-10-01		Radovljica - RL 96  Utrjen položaj,bunker,utrdba	S5BOTA		JN76CI	0	0	1		499
R	WWBOTA	B/S5-0162		2024-10-01		Nova vas pri Lescah  - RL 99  Utrjen položaj,bunker,utrdba	S5BOTA		JN76CI	0	0	1		499
R	WWBOTA	B/S5-0163		2024-10-01		Begunje na Gorenjaskem  - RL 91  Utrjen položaj,bunker,utrdba	S5BOTA		JN76CI	0	0	1		499
R	WWBOTA	B/S5-0164		2024-10-01		Poljče  - RL 92 Utrjen položaj,bunker,utrdba	S5BOTA		JN76CJ	0	0	1		499
R	WWBOTA	B/S5-0165		2024-10-01		Begunje na Gorenjskem  - RL 90  Utrjen položaj,bunker,utrdba	S5BOTA		JN76CJ	0	0	1		499
R	WWBOTA	B/S5-0166		2024-10-01		Tržič - RL 19 Utrjena proti tankovska gnezda,bunker	S5BOTA		JN76DI	0	0	1		499
R	WWBOTA	B/S5-0167		2024-10-01		Moste - RL 105  Utrjen položaj,bunker,utrdba	S5BOTA		JN76BK	0	0	1		499
R	WWBOTA	B/S5-0168		2024-10-01		Moste - RL 20 Utrjena proti tankovska gnezda,bunker	S5BOTA		JN76BK	0	0	1		499
R	WWBOTA	B/S5-0169		2024-10-01		Krnica - RL 18 Utrjena proti tankovska gnezda,bunker	S5BOTA		JN76AJ	0	0	1		499
R	WWBOTA	B/S5-0170		2024-10-01		Visoko - RL 437 Utrjen položaj,bunker,utrdba	S5BOTA		JN76EG	0	0	1		499
R	WWBOTA	B/S5-0171		2024-10-01		Arnež  - RL 438 Utrjen položaj,bunker,utrdba	S5BOTA		JN76FH	0	0	1		499
R	WWBOTA	B/S5-0172		2024-10-01		Škofja Loka - RL 299 Skupina utrjenih položajev,bunkerjev,utrdb	S5BOTA		JN76DD	0	0	1		499
R	WWBOTA	B/S5-0173		2024-10-01		Železniki - RL 334 Skupina utrjenih položajev,bunkerjev,utrdb	S5BOTA		JN76BE	0	0	1		499
R	WWBOTA	B/S5-0174		2024-10-01		Ravne - RL 334 Skupina utrjenih položajev,bunkerjev,utrdb	S5BOTA		JN76BF	0	0	1		499
R	WWBOTA	B/S5-0175		2024-10-01		Zgornje Danje - RL 378 Skupina utrjenih položajev,bunkerjev,utrdb	S5BOTA		JN76AF	0	0	1		499
R	WWBOTA	B/S5-0176		2024-10-01		Torka-Sorica - RL 370 Skupina utrjenih položajev,bunkerjev,utrdb	S5BOTA		JN76BF	0	0	1		499
R	WWBOTA	B/S5-0177		2024-10-01		Nomenj - RL 370 Skupina utrjenih položajev,bunkerjev,utrdb	S5BOTA		JN76AG	0	0	1		499
R	WWBOTA	B/S5-0178		2024-10-01		Nomenj - RL 466 Skupina utrjenih položajev,bunkerjev,utrdb	S5BOTA		JN76AG	0	0	1		499
R	WWBOTA	B/S5-0179		2024-10-01		Kupljenik - RL 443 Skupina utrjenih položajev,bunkerjev,utrdb	S5BOTA		JN76AI	0	0	1		499
R	WWBOTA	B/S5-0180		2024-10-01		Zali Log - RL 340 Skupina utrjenih položajev,bunkerjev,utrdb	S5BOTA		JN76BE	0	0	1		499
R	WWBOTA	B/S5-0181		2024-10-01		Osojnik  - RL 322 Skupina utrjenih položajev,bunkerjev,utrdb	S5BOTA		JN76BE	0	0	1		499
R	WWBOTA	B/S5-0182		2024-10-01		Potok   - RL 127 Skupina utrjenih položajev,bunkerjev,utrdb	S5BOTA		JN76BE	0	0	1		499
R	WWBOTA	B/S5-0183		2024-10-01		Železniki  - RL 87 Skupina utrjenih položajev,bunkerjev,utrdb	S5BOTA		JN76BE	0	0	1		499
R	WWBOTA	B/S5-0184		2024-10-01		Železniki  - RL 87 Skupina utrjenih položajev,bunkerjev,utrdb	S5BOTA		JN76BD	0	0	1		499
R	WWBOTA	B/S5-0185		2024-10-01		Blegoš - RL 3 Skupina utrjenih položajev,bunkerjev,utrdb	S5BOTA		JN76BD	0	0	1		499
R	WWBOTA	B/S5-0186		2024-10-01		Blegoš - RL 68 Skupina utrjenih položajev,bunkerjev,utrdb	S5BOTA		JN76BD	0	0	1		499
R	WWBOTA	B/S5-0187		2024-10-01		Blegoš - RL 92 Skupina utrjenih položajev,bunkerjev,utrdb	S5BOTA		JN76BD	0	0	1		499
R	WWBOTA	B/S5-0188		2024-10-01		Volaka  - RL 211 Skupina utrjenih položajev,bunkerjev,utrdb	S5BOTA		JN76BD	0	0	1		499
R	WWBOTA	B/S5-0189		2024-10-01		Gorenja Dobrava  - RL 80 Skupina utrjenih položajev,bunkerjev,utrdb	S5BOTA		JB76BC	0	0	1		499
R	WWBOTA	B/S5-0190		2024-10-01		Žabja Vas  - RL 392 Skupina utrjenih položajev,bunkerjev,utrdb	S5BOTA		JB76BC	0	0	1		499
R	WWBOTA	B/S5-0191		2024-10-01		Dobje  - RL 249  Utrjen položaj,bunker,utrdba	S5BOTA		JB76BC	0	0	1		499
R	WWBOTA	B/S5-0192		2024-10-01		Brekovice - RL 400 Skupina utrjenih položajev,bunkerjev,utrdb	S5BOTA		JN76BA	0	0	1		499
R	WWBOTA	B/S5-0193		2024-10-01		Sovodenj - RL 243 Utrjen položaj,bunker,utrdba	S5BOTA		JN76AC	0	0	1		499
R	WWBOTA	B/S5-0194		2024-10-01		Stara Oselnica - RL 416 Skupina utrjenih položajev,bunkerjev,utrdb	S5BOTA		JN76AC	0	0	1		499
R	WWBOTA	B/S5-0195		2024-10-01		Stara Oselnica - RL 28 Skupina utrjenih položajev,bunkerjev,utrdb	S5BOTA		JN76AC	0	0	1		499
R	WWBOTA	B/S5-0196		2024-10-01		Martinjak - RL 478 Skupina utrjenih položajev,bunkerjev,utrdb	S5BOTA		JN75ES	0	0	1		499
R	WWBOTA	B/S5-0197		2024-10-01		Podljubelj - RL  462  Utrjen položaj,bunker,utrdba	S5BOTA		JN76DK	0	0	1		499
R	WWBOTA	B/S5-0198		2024-10-01		Lesce - RL  423  Utrjen položaj,bunker,utrdba	S5BOTA		JN76BI	0	0	1		499
R	WWBOTA	B/S5-0199		2024-10-01		Sveta Gora - Obsežen sistem kavern in bunkerjev	S5BOTA		JN65TX	0	0	1		499
R	WWBOTA	B/S5-0200		2024-10-01		Lajnar - T2-46 Utrjen položaj,bunker,utrdba	S5BOTA		JN76AF	0	0	1		499
R	WWBOTA	B/S5-0201		2024-10-01		Na Primožu-Pivka -  kompleks utrdb,bunkerjev,podzemnih objektov	S5BOTA		JN75CQ	0	0	1		499
R	WWBOTA	B/S5-0202		2024-10-01		Habjanijev hrib Pivka - kompleks utrdb,bunkerjev,podzemnih objektov	S5BOTA		JN75CQ	0	0	1		499
R	WWBOTA	B/S5-0203		2024-10-01		Šiška Ljubljanska cesta - Utrjen položaj,bunker,utrdba	S5BOTA		JN76FB	0	0	1		499
R	WWBOTA	B/S5-0204		2024-10-01		Črnuče železniški most - Utrjen položaj,bunker,utrdba	S5BOTA		JN76GC	0	0	1		499
R	WWBOTA	B/S5-0205		2024-10-01		Maroltova ul -Ljubljana - Utrjen položaj,bunker,utrdba	S5BOTA		JN76GB	0	0	1		499
R	WWBOTA	B/S5-0206		2024-10-01		Kokra 2 Fužina pri Jezerskem  - Utrjen položaj,bunker,utrdba	S5BOTA		JN76FI	0	0	1		499
R	WWBOTA	B/S5-0207		2024-10-01		Kokra 3  - Utrjen položaj,bunker,utrdba	S5BOTA		JN76FI	0	0	1		499
R	WWBOTA	B/S5-0208		2024-10-01		Kokra 1 Spodnje Jezersko   - Utrjen položaj,bunker,utrdba	S5BOTA		JN76FI	0	0	1		499
R	WWBOTA	B/S5-0209		2024-10-01		Kokra 4 Kranj   - Utrjen položaj,bunker,utrdba	S5BOTA		JN76FI	0	0	1		499
R	WWBOTA	B/S5-0210		2024-10-01		Kranj  -  Zaklonišče,Utrjen položaj,bunker,utrdba	S5BOTA		JN76EF	0	0	1		499
R	WWBOTA	B/S5-0211		2024-10-01		Ravni Laz - Bovec - Utrjen položaj,bunker,utrdba	S5BOTA		JN66TI	0	0	1		499
R	WWBOTA	B/S5-0212		2024-10-01		Italjanski bunker Porezen  - Utrjen položaj,bunker,utrdba	S5BOTA		JN66XE	0	0	1		499
R	WWBOTA	B/S5-0213		2024-10-01		Vršič - Utrjen položaj,bunker,utrdba	S5BOTA		JN66UK	0	0	1		499
R	WWBOTA	B/S5-0214		2024-10-01		Zakriž 2 - Utrjen položaj,bunker,utrdba,podzemna utrdba	S5BOTA		JN66XD	0	0	1		499
R	WWBOTA	B/S5-0215		2024-10-01		Zakriž 1 - Utrjen položaj,bunker,utrdba,podzemna utrdba	S5BOTA		JN66XD	0	0	1		499
R	WWBOTA	B/S5-0216		2024-10-01		Polog - Zatolmin - Utrjen položaj,bunker,utrdba	S5BOTA		JN66UF	0	0	1		499
R	WWBOTA	B/S5-0217		2024-10-01		Zgornja Sorica - Kompleks utrjenih položajev,bunkerjev,utrdb	S5BOTA		JN66XF	0	0	1		499
R	WWBOTA	B/S5-0218		2024-10-01		Divača Avstrijski bunker  -Utrjen položaj,bunker,utrdba	S5BOTA		JN65XO	0	0	1		499
R	WWBOTA	B/S5-0219		2024-10-01		Godovič-Kalce,Hotedrščica - Utrjen položaj,bunker,kontrolna točka	S5BOTA		JN76BW	0	0	1		499
R	WWBOTA	B/S5-0220		2024-10-01		Lepena   - Utrjen položaj,bunker,utrdba,kasarna	S5BOTA		JN66UH	0	0	1		499
R	WWBOTA	B/S5-0221		2024-10-01		Strane - Utrjen položaj,bunker,utrdba	S5BOTA		JN75BS	0	0	1		499
R	WWBOTA	B/S5-0222		2024-10-01		Vučja Vas - Utrjen položaj,bunker,utrdba	S5BOTA		JN86BO	0	0	1		499
R	WWBOTA	B/S5-0223		2024-10-01		Ljubljana-Ljubljanska c. - Utrjen položaj,bunker,utrdba	S5BOTA		JN76FB	0	0	1		499
R	WWBOTA	B/S5-0224		2024-10-01		Ljubljana-Opekarniška ul. - Utrjen položaj,bunker,utrdba	S5BOTA		JN76GA	0	0	1		499
R	WWBOTA	B/S5-0225		2024-10-01		Godovič - pozdemni bunker in kasarne	S5BOTA		JN75BW	0	0	1		499
R	WWBOTA	B/S5-0226		2024-10-01		Šempeter  ex CRMK -  podzemni bunker ,zaklonišče	S5BOTA		JN65TW	0	0	1		499
R	WWBOTA	B/S5-0227		2024-10-01		Šempeter OŠ Ivana Roba - podzemni bunker ,zaklonišče	S5BOTA		JN65TW	0	0	1		499
R	WWBOTA	B/S5-0228		2024-10-01		Volčja Draga 42 Mizar - podzemni bunker ,zaklonišče	S5BOTA		JN65UV	0	0	1		499
R	WWBOTA	B/S5-0229		2024-10-01		Bukovica 47 Šampijonka - podzemni bunker ,zaklonišče	S5BOTA		JN65UV	0	0	1		499
R	WWBOTA	B/S5-0230		2024-10-01		Dombrava 1 TT Okroglica - podzemni bunker ,zaklonišče	S5BOTA		JN65UV	0	0	1		499
R	WWBOTA	B/S5-0231		2024-10-01		Volčja Draga 42 Poligalant - podzemni bunker ,zaklonišče	S5BOTA		JN65UV	0	0	1		499
R	WWBOTA	B/S5-0232		2024-10-01		Renče OŠ L.B.Bratuža - podzemni bunker ,zaklonišče	S5BOTA		JN65UV	0	0	1		499
R	WWBOTA	B/S5-0233		2024-10-01		Vrtojba 173A  ex Merkator -  bunker ,zaklonišče	S5BOTA		JN65TV	0	0	1		499
R	WWBOTA	B/S5-0234		2024-10-01		Šemepter MAHLE - podzemni bunker ,zaklonišče	S5BOTA		JN65TW	0	0	1		499
R	WWBOTA	B/S5-0235		2024-10-01		Šempeter AGRO - podzemni bunker ,zaklonišče	S5BOTA		JN65TW	0	0	1		499
R	WWBOTA	B/S5-0236		2024-10-01		Šempeter Podmark - bunker ,zaklonišče	S5BOTA		JN65TW	0	0	1		499
R	WWBOTA	B/S5-0237		2024-10-01		Šempeter v Mlinu - podzemni bunker ,zaklonišče	S5BOTA		JN65TW	0	0	1		499
R	WWBOTA	B/S5-0238		2024-10-01		Divača OŠ Magajne - podzemni bunker ,zaklonišče	S5BOTA		JN65XQ	0	0	1		499
R	WWBOTA	B/S5-0239		2024-10-01		Nova Gorica Kidričeva 13 -  podzemni bunker ,zaklonišče	S5BOTA		JN65TW	0	0	1		499
R	WWBOTA	B/S5-0240		2024-10-01		Nova Gorica Tgr E.Kardelj 3 -  podzemni bunker ,zaklonišče	S5BOTA		JN65TW	0	0	1		499
R	WWBOTA	B/S5-0241		2024-10-01		Miren OŠ  - podzemni bunker ,zaklonišče	S5BOTA		JN65TV	0	0	1		499
R	WWBOTA	B/S5-0242		2024-10-01		Vipava CIRIUS center  - podzemni bunker ,zaklonišče	S5BOTA		JN65XU	0	0	1		499
R	WWBOTA	B/S5-0243		2024-10-01		Nova Gorica CB Radioklub Soča - podzemni bunker,zaklonišče	S5BOTA		JN65TX	0	0	1		499
R	WWBOTA	B/S5-0244		2024-10-01		Nova Gorica Cankarejva - Kare 5 -  bunkerja ,zaklonišči	S5BOTA		JN65TX	0	0	1		499
R	WWBOTA	B/S5-0245		2024-10-01		Solkan Za spomenikom - bunker,zaklonišče	S5BOTA		JN65TX	0	0	1		499
R	WWBOTA	B/S5-0246		2024-10-01		Nova Gorica Gradnikove 63 - bunker,zakloniče	S5BOTA		JN65TX	0	0	1		499
R	WWBOTA	B/S5-0247		2024-10-01		Rafut - bunker,zaklonišče	S5BOTA		JN65TW	0	0	1		499
R	WWBOTA	B/S5-0248		2024-10-01		Z.Voličina - Partizanska bolnišnica Cafa - bunker,bolnišnica	S5BOTA		JN76VN	0	0	1		499
R	WWBOTA	B/S5-0249		2024-10-01		Novo Mesto Drska - bunker	S5BOTA		JN75NT	0	0	1		499
R	WWBOTA	B/S5-0250		2024-10-01		Ozeljan Bunker v gradu -bunker,zavetišče,zaklonišče	S5BOTA		JN65UW	0	0	1		499
R	WWBOTA	B/S5-0251		2024-10-01		Radoviči Bunker v poljih -Utrdba,bunker	S5BOTA		JN75QP	0	0	1		499
R	WWBOTA	B/S5-0252		2024-10-01		Vrtojba -Opazovalni stolp utrdba,bunker	S5BOTA		JN65TV	0	0	1		499
R	WWBOTA	B/S5-0253		2024-10-01		Miren -Opazovalni stolp utrdba,bunker	S5BOTA		JN65TV	0	0	1		499
R	WWBOTA	B/S5-0254		2024-10-01		Kremenjak -Opazovalni stolp,utrdba ,bunker	S5BOTA		JN65TT	0	0	1		499
R	WWBOTA	B/S5-0255		2024-10-01		Krplivnik -Opazovalni stolp,utrdba ,bunker	S5BOTA		JN86ET	0	0	1		499
R	WWBOTA	B/S5-0256		2024-10-01		Korada  -Bunker,kaverna,utrjnen položaj	S5BOTA		JN66SB	0	0	1		499
R	WWBOTA	B/S5-0257		2024-10-01		Sv.Ot - Bazara -Bunker,utrdba,utrjeni položaji	S5BOTA		JN65TV	0	0	1		499
R	WWBOTA	B/Z3-0001		2024-10-01		Bunker Ljubanishta Ohrid	Z3BOTA		KN01EE	0	0	1		502
R	WWBOTA	B/Z3-0002		2024-10-01		Civil shelter Skopsko Kale	Z3BOTA		KN02RA	0	0	1		502
R	WWBOTA	B/Z3-0003		2024-10-01		Bunkers Vodno	Z3BOTA		KN01QX	0	0	1		502
R	WWBOTA	B/Z3-0004		2024-10-01		Bunkers Tumbe Kafe Bitola	Z3BOTA		KN01QA	0	0	1		502
R	WWBOTA	B/Z3-0005		2024-10-01		Civil shelter Rid Prilep	Z3BOTA		KN01SI	0	0	1		502
R	WWBOTA	B/Z3-0006		2024-10-01		Bunker Banjani Skopska Crna Gora	Z3BOTA		KN02QC	0	0	1		502
R	WWBOTA	B/Z3-0007		2024-10-01		Bunkers Gorno Lisiche Skopje	Z3BOTA		KN01RX	0	0	1		502
R	WWBOTA	B/Z3-0008		2024-10-01		Bunker Ohrid Barracks	Z3BOTA		KN01JD	0	0	1		502
R	WWBOTA	B/Z3-0009		2024-10-01		Bunker Demir Kapija	Z3BOTA		KN01DJ	0	0	1		502
R	WWBOTA	B/Z3-0010		2024-10-01		Bunker Jasen	Z3BOTA		KN01OU	0	0	1		502
R	WWBOTA	B/Z3-0012		2024-10-01		Bunkers Strumica	Z3BOTA		KN11HK	0	0	1		502
R	WWBOTA	B/Z3-0013		2024-10-01		Bunkers Gevgelija	Z3BOTA		KN11GD	0	0	1		502
R	WWBOTA	B/Z3-0014		2024-10-01		Bunkers Dojran front	Z3BOTA		KN11IE	0	0	1		502
R	WWBOTA	B/Z3-0015		2024-10-01		Bunker Kala Tepe Dojran	Z3BOTA		KN11IE	0	0	1		502
R	WWBOTA	B/Z3-0016		2024-10-01		Bunkers Kajmakchalan front	Z3BOTA		KN00VW	0	0	1		502
R	WWBOTA	B/Z3-0017		2024-10-01		Bunkers Staravina Mariovo	Z3BOTA		KN01UC	0	0	1		502
R	WWBOTA	B/Z3-0018		2024-10-01		Bunkers Zovich Mariovo	Z3BOTA		KN00TV	0	0	1		502
R	WWBOTA	B/Z3-0019		2024-10-01		Bunkers Pelister front	Z3BOTA		KN01OA	0	0	1		502
R	WWBOTA	B/Z3-0020		2024-10-01		Bunkers River Treska springs	Z3BOTA		KN01JL	0	0	1		502
R	WWBOTA	B/Z3-0021		2024-10-01		Bunkers Delchevo area	Z3BOTA		KN11JX	0	0	1		502
R	WWBOTA	B/Z3-0022		2024-10-01		Bunker Dunje Mariovo	Z3BOTA		KN01UG	0	0	1		502
R	WWBOTA	B/Z3-0023		2024-10-01		Bunker Summit of Sokol Nidze	Z3BOTA		KN00VX	0	0	1		502
R	WWBOTA	B/Z3-0024		2024-10-01		Bunkers Kota 1050 Mariovo	Z3BOTA		KN01TC	0	0	1		502
R	WWBOTA	B/Z3-0025		2024-10-01		Bunkers Dobro Pole Mariovo	Z3BOTA		KN01WB	0	0	1		502
R	WWBOTA	B/Z3-0026		2024-10-01		Bunker Trn Pelagonija	Z3BOTA		KN01QB	0	0	1		502
R	WWBOTA	B/Z3-0027		2024-10-01		Bunkeri Kuchkovo Skopje	Z3BOTA		KN02PB	0	0	1		502
R	WWBOTA	B/Z3-0028		2024-10-01		Bunkeri Crn Vrv Katlanovo	Z3BOTA		KN01UU	0	0	1		502
R	WWBOTA	B/Z3-0029		2024-10-01		Civil shelters Gazi Baba Skopje	Z3BOTA		KN02RA	0	0	1		502
R	WWBOTA	B/Z3-0030		2024-10-01		Civil shelters Centar Skopje	Z3BOTA		KN01RX	0	0	1		502
R	WWBOTA	B/Z3-0031		2024-10-01		Civil shelters Karposh Skopje	Z3BOTA		KN02QA	0	0	1		502
R	WWBOTA	B/Z3-0032		2024-10-01		Civil shelters Chair Skopje	Z3BOTA		KN02RA	0	0	1		502
R	WWBOTA	B/Z3-0033		2024-10-01		Civil shelters Kisela Voda Skopje	Z3BOTA		KN01RX	0	0	1		502
R	WWBOTA	B/Z3-0034		2024-10-01		Civil shelters Aerodrom Skopje	Z3BOTA		KN01RX	0	0	1		502
R	WWBOTA	B/Z3-0035		2024-10-01		Civil shelters Struga	Z3BOTA		KN01IE	0	0	1		502
R	WWBOTA	B/Z3-0036		2024-10-01		Civil shelters Ohrid	Z3BOTA		KN01JC	0	0	1		502
R	WWBOTA	B/Z3-0037		2024-10-01		Civil shelters Bitola	Z3BOTA		KN01QA	0	0	1		502
R	WWBOTA	B/Z3-0038		2024-10-01		Civil shelters Shtip	Z3BOTA		KN11CR	0	0	1		502
R	WWBOTA	B/Z3-0039		2024-10-01		Civil shelters Veles	Z3BOTA		KN01VR	0	0	1		502
R	WWBOTA	B/Z3-0040		2024-10-01		Bunkers Galichica front	Z3BOTA		KN01JX	0	0	1		502
R	WWBOTA	B/Z3-0041		2024-10-01		Bunkers Belasica front	Z3BOTA		KN11KI	0	0	1		502
R	WWBOTA	B/Z3-0042		2024-10-01		Civil shelters Gjorche Petrov Skopje	Z3BOTA		KN02QA	0	0	1		502
R	WWBOTA	B/ZA-0001		2024-10-01		Bunkers Belsh Municipality	ZABOTA		JN90WX	0	0	1		7
R	WWBOTA	B/ZA-0002		2024-10-01		Bunkers Berat Municipality	ZABOTA		JN90XQ	0	0	1		7
R	WWBOTA	B/ZA-0003		2024-10-01		Bunkers Bulqize Municipality	ZABOTA		KN01CL	0	0	1		7
R	WWBOTA	B/ZA-0004		2024-10-01		Bunkers Cerrik Municipality	ZABOTA		JN91XA	0	0	1		7
R	WWBOTA	B/ZA-0005		2024-10-01		Bunkers Delvine Municipality	ZABOTA		KM09BW	0	0	1		7
R	WWBOTA	B/ZA-0006		2024-10-01		Bunkers Devoll Municipality	ZABOTA		KN00LP	0	0	1		7
R	WWBOTA	B/ZA-0007		2024-10-01		Bunkers Diber Municipality	ZABOTA		KN01FQ	0	0	1		7
R	WWBOTA	B/ZA-0008		2024-10-01		Bunkers Dimal Municipality	ZABOTA		JN91XC	0	0	1		7
R	WWBOTA	B/ZA-0009		2024-10-01		Bunkers Divijake Municipality	ZABOTA		JN90SX	0	0	1		7
R	WWBOTA	B/ZA-0010		2024-10-01		Bunkers Dropull Municipality	ZABOTA		KM09CX	0	0	1		7
R	WWBOTA	B/ZA-0011		2024-10-01		Bunkers Durres Municipality	ZABOTA		JN91RH	0	0	1		7
R	WWBOTA	B/ZA-0012		2024-10-01		Bunkers Elbasan Municipality	ZABOTA		KN01AC	0	0	1		7
R	WWBOTA	B/ZA-0013		2024-10-01		Bunkers Fier Municipality	ZABOTA		JN90SR	0	0	1		7
R	WWBOTA	B/ZA-0014		2024-10-01		Bunkers Finiq Municipality	ZABOTA		KM09AV	0	0	1		7
R	WWBOTA	B/ZA-0015		2024-10-01		Bunkers Fushe-Arrez Municipality	ZABOTA		KN02AB	0	0	1		7
R	WWBOTA	B/ZA-0016		2024-10-01		Bunkers Gjirokaster  Municipality	ZABOTA		KN00BB	0	0	1		7
R	WWBOTA	B/ZA-0017		2024-10-01		Bunkers Gramsh Municipality	ZABOTA		KN00CU	0	0	1		7
R	WWBOTA	B/ZA-0018		2024-10-01		Bunkers Has Municipality	ZABOTA		KN02EE	0	0	1		7
R	WWBOTA	B/ZA-0019		2024-10-01		Bunkers Himare Municipality	ZABOTA		JN90UC	0	0	1		7
R	WWBOTA	B/ZA-0020		2024-10-01		Bunkers Kamez Municipality	ZABOTA		JN91VJ	0	0	1		7
R	WWBOTA	B/ZA-0021		2024-10-01		Bunkers Kavaje Municipality	ZABOTA		JN91SE	0	0	1		7
R	WWBOTA	B/ZA-0022		2024-10-01		Bunkers Kelcyre Municipality	ZABOTA		KN00CH	0	0	1		7
R	WWBOTA	B/ZA-0023		2024-10-01		Bunkers Klos Municipality	ZABOTA		JN90VM	0	0	1		7
R	WWBOTA	B/ZA-0024		2024-10-01		Bunkers Kolonje Municipality	ZABOTA		JN90TT	0	0	1		7
R	WWBOTA	B/ZA-0025		2024-10-01		Bunkers Konispol Municipality	ZABOTA		KM09CP	0	0	1		7
R	WWBOTA	B/ZA-0026		2024-10-01		Bunkers Korche Municipality	ZABOTA		KN00JO	0	0	1		7
R	WWBOTA	B/ZA-0027		2024-10-01		Bunkers Kruje Municipality	ZABOTA		JN91VM	0	0	1		7
R	WWBOTA	B/ZA-0028		2024-10-01		Bunkers Kuchove Municipality	ZABOTA		JN90UT	0	0	1		7
R	WWBOTA	B/ZA-0029		2024-10-01		Bunkers Kukes Municipality	ZABOTA		KN02FB	0	0	1		7
R	WWBOTA	B/ZA-0030		2024-10-01		Bunkers Kurbin Municipality	ZABOTA		JN91UP	0	0	1		7
R	WWBOTA	B/ZA-0031		2024-10-01		Bunkers Lezhe Municipality	ZABOTA		JN91TS	0	0	1		7
R	WWBOTA	B/ZA-0032		2024-10-01		Bunkers Libohove Municipality	ZABOTA		KN00DA	0	0	1		7
R	WWBOTA	B/ZA-0033		2024-10-01		Bunkers Librazhd Municipality	ZABOTA		KN01DE	0	0	1		7
R	WWBOTA	B/ZA-0034		2024-10-01		Bunkers Lushnje Municipality	ZABOTA		JN90UW	0	0	1		7
R	WWBOTA	B/ZA-0035		2024-10-01		Bunkers Malesi e Madhe  Municipality	ZABOTA		JN92RF	0	0	1		7
R	WWBOTA	B/ZA-0036		2024-10-01		Bunkers Maliq Municipality	ZABOTA		KN00IR	0	0	1		7
R	WWBOTA	B/ZA-0037		2024-10-01		Bunkers Mallakaster Municipality	ZABOTA		KN01PF	0	0	1		7
R	WWBOTA	B/ZA-0038		2024-10-01		Bunkers Mat Municipality	ZABOTA		KN01MS	0	0	1		7
R	WWBOTA	B/ZA-0039		2024-10-01		Bunkers Memaliaj Municipality	ZABOTA		JN90XI	0	0	1		7
R	WWBOTA	B/ZA-0040		2024-10-01		Bunkers Mirdite Municipality	ZABOTA		JN91WS	0	0	1		7
R	WWBOTA	B/ZA-0041		2024-10-01		Bunkers Patos Municipality	ZABOTA		JN90TQ	0	0	1		7
R	WWBOTA	B/ZA-0042		2024-10-01		Bunkers Peqin Municipality	ZABOTA		JN91VB	0	0	1		7
R	WWBOTA	B/ZA-0043		2024-10-01		Bunkers Permet Municipality	ZABOTA		KN00EF	0	0	1		7
R	WWBOTA	B/ZA-0044		2024-10-01		Bunkers Pogradec Municipality	ZABOTA		KN00HV	0	0	1		7
R	WWBOTA	B/ZA-0045		2024-10-01		Bunkers Polichan Municipality	ZABOTA		KN00BO	0	0	1		7
R	WWBOTA	B/ZA-0046		2024-10-01		Bunkers Prrenjas Municipality	ZABOTA		KN01GB	0	0	1		7
R	WWBOTA	B/ZA-0047		2024-10-01		Bunkers Puke Municipality	ZABOTA		JN92WB	0	0	1		7
R	WWBOTA	B/ZA-0048		2024-10-01		Bunkers Pustec Municipality	ZABOTA		KN00KS	0	0	1		7
R	WWBOTA	B/ZA-0049		2024-10-01		Bunkers Roskovec Municipality	ZABOTA		JN90UR	0	0	1		7
R	WWBOTA	B/ZA-0050		2024-10-01		Bunkers Rogozhine Municipality	ZABOTA		JN91TB	0	0	1		7
R	WWBOTA	B/ZA-0051		2024-10-01		Bunkers Sarande Municipality	ZABOTA		KM09AU	0	0	1		7
R	WWBOTA	B/ZA-0052		2024-10-01		Bunkers Selenice Municipality	ZABOTA		JN90TM	0	0	1		7
R	WWBOTA	B/ZA-0053		2024-10-01		Bunkers Shijak Municipality	ZABOTA		JN91SI	0	0	1		7
R	WWBOTA	B/ZA-0054		2024-10-01		Bunkers Shkoder Municipality	ZABOTA		JN92SB	0	0	1		7
R	WWBOTA	B/ZA-0055		2024-10-01		Bunkers Skrapar Municipality	ZABOTA		KN00CM	0	0	1		7
R	WWBOTA	B/ZA-0056		2024-10-01		Bunkers Tepelene Municipality	ZABOTA		KN00AH	0	0	1		7
R	WWBOTA	B/ZA-0057		2024-10-01		Bunkers Tirane Municipality	ZABOTA		JN91VH	0	0	1		7
R	WWBOTA	B/ZA-0058		2024-10-01		Bunkers Tropoje Municipality	ZABOTA		KN02CJ	0	0	1		7
R	WWBOTA	B/ZA-0059		2024-10-01		Bunkers Vau I Dejes Municipality	ZABOTA		JN92TA	0	0	1		7
R	WWBOTA	B/ZA-0060		2024-10-01		Bunkers Vlore Municipality	ZABOTA		JN90RL	0	0	1		7
R	WWBOTA	B/ZA-0061		2024-10-01		Bunkers Vore Municipality	ZABOTA		JN91TJ	0	0	1		7
R	WWBOTA	B/ZA-0062		2024-10-01		Museum Bunk Art 1 Tirane	ZABOTA		JN91WI	0	0	1		7
R	WWBOTA	B/ZA-0063		2024-10-01		Museum Bunker Art 2 Tirane	ZABOTA		JN91VH	0	0	1		7
R	WWBOTA	B/ZA-0064		2024-10-01		Bunker Gjader Air Force Base	ZABOTA		JN91TV	0	0	1		7
R	WWBOTA	B/ZA-0065		2024-10-01		Bunkers Marine Base Porto Palermo	ZABOTA		JN90VB	0	0	1		7
R	WWBOTA	B/ZA-0066		2024-10-01		Big Bunker Llogara Pass	ZABOTA		JN90TE	0	0	1		7
R	WWBOTA	B/ZA-0067		2024-10-01		Bunkers Cape Rodini	ZABOTA		JN91RO	0	0	1		7
R	WWBOTA	B/ZA-0068		2024-10-01		Bunkers Karaburun Peninsula	ZABOTA		JN90PK	0	0	1		7
R	WWBOTA	B/ZA-0069		2024-10-01		Bunkers Sazan Island	ZABOTA		JN90PL	0	0	1		7
R	WWBOTA	B/ZA-0070		2024-10-01		Bunker Lin Peninsula Pogradec	ZABOTA		KN01HB	0	0	1		7
R	WWBOTA	S/S5-0258		2024-10-01		Podkraj - Italjanski bunker utrdba	S5BOTA		JN75AU	0	0	1		499
R	WWBOTA	S/S5-0259		2024-10-01		Škabrijel - bunkerji,utrjeni položaji	S5BOTA		JN65UX	0	0	1		499
R	WWBOTA	S/S5-0260		2024-10-01		Nemški bunker 1 Biljenski griči	S5BOTA		JN65TV	0	0	1		499
R	WWBOTA	S/S5-0261		2024-10-01		Nemški bunker 2 Biljenski griči	S5BOTA		JN65TV	0	0	1		499
R	WWBOTA	S/S5-0262		2024-10-01		Nemški bunker 3 Biljenski griči	S5BOTA		JN65TV	0	0	1		499
R	WWBOTA	S/S5-0263		2024-10-01		Nad Logem - Miren - Sistem bunkerjev,kavern,utrdb,utrjeni položaji	S5BOTA		JN65TV	0	0	1		499
R	WWBOTA	S/S5-0264		2024-10-01		Bunker Podroteja 1	S5BOTA		JN75AX	0	0	1		499
R	WWBOTA	S/S5-0265		2024-10-01		Bunker tipa C  Podroteja  2	S5BOTA		JN75AX	0	0	1		499
R	WWBOTA	S/S5-0266		2024-10-01		Bunker tipa C Podroteja 3	S5BOTA		JN75AX	0	0	1		499
R	WWBOTA	S/S5-0267		2024-10-01		Podroteja  - utrjeni položaji,klaverne,bunkerji,jarki	S5BOTA		JN75AX	0	0	1		499
R	WWBOTA	S/S5-0268		2024-10-01		Bunkerji na hribu Bezljak/Markovščina - kompleks bunkerjev,utrdb	S5BOTA		JN75AN	0	0	1		499
R	WWBOTA	S/S5-0269		2024-10-01		Opazovalni stolp Grmada -utrjeni položaji,utrdba,bunker...	S5BOTA		JN65XM	0	0	1		499
R	WWBOTA	S/S5-0270		2024-10-01		Celje Trubarejva 53 -  bunker,zaklonišče	S5BOTA		JN76PF	0	0	1		499
